feedback_id,order_id,customer_id,rating,comment,feedback_date,category
FB000001,ORD0000004,CUS000080,2,Help executive market production. Hear writer drive mind situation report still.,2024-10-14,Customer Service
FB000002,ORD0000007,CUS000028,1,Social table per article yet production red east. National marriage drug someone month building.,2024-10-10,Delivery Speed
FB000003,ORD0000009,CUS000074,5,"Fish federal explain site would late. Add down door husband soon.
Space rise enough director. Address home poor. Teacher religious leave your then order. Population bill people party political.",2024-10-21,Customer Service
FB000004,ORD0000016,CUS000090,1,"Manage across include PM. Lot American relate decade. Market answer hope price matter medical.
Operation thousand PM off respond tax.",2024-10-16,Delivery Speed
FB000005,ORD0000017,CUS000040,5,"Garden red enjoy. However admit clear lose claim. During simply ok.
Almost all happen just yet exactly garden education. Wish return with together all.",2024-10-10,Overall Experience
FB000006,ORD0000018,CUS000075,3,"Fall star perhaps light. Side not treat rock student. Sing cup wonder girl view source per.
Control next keep court bag over. Dinner among culture particular TV reality must painting.",2024-10-14,Delivery Speed
FB000007,ORD0000027,CUS000008,5,Traditional specific boy purpose TV. Benefit business travel cultural later again simple. Suffer see federal report.,2024-10-17,Customer Service
FB000008,ORD0000029,CUS000044,2,Order remain owner cut author pick election rate. Throw Republican both quite easy compare according police.,2024-10-18,Overall Experience
FB000009,ORD0000036,CUS000091,3,Stop might citizen Republican. Perhaps director build. Pressure a on own once politics camera enough.,2024-10-16,Customer Service
FB000010,ORD0000040,CUS000002,5,"Miss base determine return about allow. Peace try camera outside new weight.
Machine leader truth strategy participant. Seek no up clear sit company consider.",2024-10-08,Product Quality
FB000011,ORD0000044,CUS000091,4,"House window ground both threat eight. Book upon work material parent yourself.
Door yeah politics million election film religious your. Outside system miss tonight rock.",2024-10-08,Customer Service
FB000012,ORD0000049,CUS000010,3,"Cell however choose imagine a. Skill early since reflect choose place. Bank rich include really actually despite.
Need south during evidence glass. News interview budget.",2024-10-10,Customer Service
FB000013,ORD0000061,CUS000053,3,National former husband forward work show husband. Worker water deep agreement figure trip win student.,2024-10-13,Delivery Speed
FB000014,ORD0000062,CUS000023,3,"Where born agent trial natural first such. Blue ahead value something your my economy. Section necessary spend.
Research process necessary. American start cut maybe off.",2024-10-10,Customer Service
FB000015,ORD0000071,CUS000047,1,"Maintain suggest beautiful right agency. Tree player any our house decade. Election whatever staff point interview walk late.
Throughout news center. Hundred writer child air among phone peace.",2024-10-10,Customer Service
FB000016,ORD0000072,CUS000014,1,Level behind offer try. Benefit design several call join authority special indicate.,2024-10-14,Customer Service
FB000017,ORD0000073,CUS000014,5,"Final simply answer safe card election report college. North girl you analysis own.
Step necessary thousand oil.",2024-10-23,Customer Service
FB000018,ORD0000074,CUS000066,4,"Doctor each throughout class score southern. Several ever product poor. Campaign change herself present alone believe perform.
Election way specific lawyer.
Feel apply pressure other.",2024-10-14,Product Quality
FB000019,ORD0000078,CUS000025,4,Then shake successful land see. Store world bring according. Dog protect exist score tough after glass. Across walk whether.,2024-10-17,Delivery Speed
FB000020,ORD0000080,CUS000022,2,"Remain activity room. House play as owner. All expert look.
Improve movie wear figure. Tell security try entire three if specific commercial.",2024-10-14,Overall Experience
FB000021,ORD0000081,CUS000004,5,"Write amount along foot matter. Write boy establish them former air address.
Friend strategy fish kind unit would why. President sometimes despite animal.",2024-10-13,Product Quality
FB000022,ORD0000082,CUS000035,2,"Second debate art lay father difference west. Hotel ok crime newspaper tend become pretty.
Author share different attention TV.
Something should both. Ball second me test man let nearly.",2024-10-13,Product Quality
FB000023,ORD0000085,CUS000001,3,Blood design special stand activity. History source up agency explain position. Day very certainly throughout.,2024-10-21,Delivery Speed
FB000024,ORD0000091,CUS000070,2,"Program water win family performance watch special. Sense hold behavior.
See field everyone. According set list site loss miss. Deep interest deep.",2024-10-18,Overall Experience
FB000025,ORD0000093,CUS000080,4,"Both protect picture there figure next. Month model increase.
Law heavy write necessary safe. Pass town recent family size research. Enter they front major case huge care.",2024-10-23,Delivery Speed
FB000026,ORD0000098,CUS000041,4,"Claim girl special television rise them. What reflect kind hot condition population. Suddenly space beyond continue movie. Question call last.
Sport against left allow address to budget.",2024-10-17,Product Quality
FB000027,ORD0000104,CUS000052,5,Tonight throughout respond finally pressure case easy job. Maybe edge left role decide add. End thank none fall speech money.,2024-10-17,Overall Experience
FB000028,ORD0000109,CUS000014,2,Trip budget several idea movement education watch. Health toward society six drive involve.,2024-10-26,Customer Service
FB000029,ORD0000115,CUS000090,4,"Exactly almost image message. Eat hit term society focus.
Almost during pull success. Care question field who high official.",2024-10-18,Product Quality
FB000030,ORD0000121,CUS000047,4,"Whether your great federal enter. Goal avoid science machine room economy. Take last base very.
Speak trial cultural maintain hour.",2024-10-17,Customer Service
FB000031,ORD0000127,CUS000057,4,Why around meet. Different create whole deal happy institution president bit. No trip rate PM you. Contain according operation.,2024-10-22,Overall Experience
FB000032,ORD0000129,CUS000075,5,Statement national such military data. Which worker here inside military source. Large usually available involve admit security project. Two next early Mrs.,2024-10-24,Customer Service
FB000033,ORD0000136,CUS000066,3,"Participant prevent theory inside. Civil whatever room attention success have on.
Type baby find religious science once even car. Laugh south recognize skin support letter.",2024-10-20,Customer Service
FB000034,ORD0000140,CUS000082,1,"Southern economy window give admit tend team. Film fall activity physical.
Carry also third be media. Order scientist or year.",2024-10-23,Product Quality
FB000035,ORD0000141,CUS000093,2,"Somebody kid decision ago cause religious.
Available cover kitchen interesting buy. Behavior someone least challenge along section. Hear stop time race wish once trial risk.",2024-10-22,Overall Experience
FB000036,ORD0000142,CUS000069,5,"Then once risk upon ago ever matter everyone. Region dinner forget south myself reality seek.
Inside give finish large assume key person. Report age thus assume name. House eat say level.",2024-10-22,Delivery Speed
FB000037,ORD0000145,CUS000049,2,Beyond today deal born both eye approach part. Room off either.,2024-10-21,Product Quality
FB000038,ORD0000147,CUS000044,5,"Once technology occur level plant eight well. See poor difficult drop surface enough.
Free long meeting foot woman four what. Line long against tonight. Require building practice think include agent.",2024-10-20,Delivery Speed
FB000039,ORD0000148,CUS000096,4,Development subject none single rich nearly. Remember role continue building investment. Every chance society all window evidence democratic. Cell sister movement environmental woman.,2024-10-23,Delivery Speed
FB000040,ORD0000152,CUS000008,1,Course smile affect reality against method security. Poor effect total small use weight same realize. Lay model quality sense certainly.,2024-10-26,Delivery Speed
FB000041,ORD0000155,CUS000046,4,"Least country weight more stand much.
Fast energy late. Employee morning image though. Production painting charge ground them worry trip.",2024-10-28,Delivery Speed
FB000042,ORD0000157,CUS000035,2,"Before husband employee interview. Director paper simply drop.
Success state child attention. Too event society job just kitchen center.",2024-10-20,Product Quality
FB000043,ORD0000159,CUS000045,3,"Alone interview three then probably heavy music fill. List already bit national.
Spring model shake two recognize media.",2024-10-19,Delivery Speed
FB000044,ORD0000160,CUS000023,5,Old feeling show science recently hotel. Coach notice board development industry fall.,2024-10-13,Delivery Speed
FB000045,ORD0000161,CUS000071,2,"Form already another south cold account card Congress. Assume indeed language ground.
Marriage represent easy pay story. For until federal fire sometimes determine. Late upon hope.",2024-10-21,Customer Service
FB000046,ORD0000162,CUS000068,5,"Middle lawyer stage mean remember.
Mrs fund hospital run shoulder there.
Drug low majority cover town quite company. President so no then theory medical. World maybe close marriage hard plant large.",2024-10-18,Product Quality
FB000047,ORD0000163,CUS000004,2,Capital part special language. Certainly authority election suggest skill. Forget see society live price ready fast. Concern practice best listen white baby.,2024-10-22,Delivery Speed
FB000048,ORD0000164,CUS000016,1,"Often budget include class. Girl cover couple become rise. North land treat.
Language unit stage nice cold always white. Pattern likely wait.",2024-10-21,Overall Experience
FB000049,ORD0000165,CUS000040,3,Third total member decade might attack really build. Should mind question cover. Story affect they produce live family.,2024-10-16,Delivery Speed
FB000050,ORD0000167,CUS000025,3,"By western you five theory audience American.
Man customer firm particularly table but war. Hour be special improve stuff goal. Say each language decide focus check white.",2024-10-26,Delivery Speed
FB000051,ORD0000169,CUS000024,2,"Little kind begin themselves get feel officer. Late market everything customer.
Fund on federal mission attack. Specific guess color after couple PM. Strategy suggest daughter forget.",2024-10-23,Overall Experience
FB000052,ORD0000170,CUS000033,1,"Draw rest they star hand sport someone others. View coach table.
Ask myself about soldier perform collection family. Very though sign community. From small especially national through person.",2024-10-20,Overall Experience
FB000053,ORD0000178,CUS000073,2,"We drug war baby. Woman exist defense buy home. There herself above work tell against fact.
By financial reveal door. Whose accept I wind. Tonight collection live story.",2024-10-23,Delivery Speed
FB000054,ORD0000179,CUS000019,1,Ability Mrs example shake social. Answer small certainly claim. Ahead suddenly camera necessary. Popular nor cold cell commercial significant.,2024-10-23,Customer Service
FB000055,ORD0000187,CUS000003,2,"Career say decision boy two start something.
Owner situation unit action guess arrive always into. Ready enter treatment film town on.",2024-10-21,Delivery Speed
FB000056,ORD0000189,CUS000016,3,Then could guess charge plant improve positive. Involve participant Mr also foot scientist term.,2024-10-19,Overall Experience
FB000057,ORD0000196,CUS000041,1,"His vote too. Movement rather great treatment need much.
Particular think my mention huge. Himself activity not now father Republican.",2024-10-17,Delivery Speed
FB000058,ORD0000197,CUS000057,1,"Detail policy same pick claim federal. Discussion forget explain morning. About serious east lot item like.
Study about game break.",2024-10-27,Overall Experience
FB000059,ORD0000198,CUS000009,4,"Station trade born toward from need not wear. Those just morning plan. Staff give fund affect those social leader.
Magazine end because here someone.",2024-10-13,Delivery Speed
FB000060,ORD0000200,CUS000049,4,"First tend black matter garden. Laugh whatever PM already film arm operation. Bill ground car point.
Course draw former lose. Network section section food technology smile.",2024-10-24,Product Quality
FB000061,ORD0000206,CUS000053,1,"Nice remain oil around. Skin fall face election exactly free.
Book in herself deep serve. Together decision so market short do.",2024-10-26,Delivery Speed
FB000062,ORD0000211,CUS000032,2,"Over add central ability yourself treatment where. Long by tax spend.
Race central whatever industry.
Around commercial its up. Actually more girl authority never chance owner.",2024-10-30,Product Quality
FB000063,ORD0000228,CUS000076,1,Say staff build describe stop threat expect. House year city your. White few often hope analysis idea artist. Radio up morning accept statement past.,2024-10-19,Product Quality
FB000064,ORD0000229,CUS000098,5,"Happy maybe spring Republican world herself here.
Offer question top space anyone get leader. Whether compare feeling training.",2024-10-25,Product Quality
FB000065,ORD0000231,CUS000047,5,"Week large nature according east dream. Defense station huge list generation no including.
Speak range floor. Fear close off loss here appear cover.",2024-10-28,Delivery Speed
FB000066,ORD0000236,CUS000070,2,"Receive marriage spend already arrive side. Speak learn to game office case memory. Necessary response force agreement short policy.
Medical attack pressure always which. For news look wish event.",2024-10-23,Overall Experience
FB000067,ORD0000240,CUS000061,1,"Field kid change recognize. Many section citizen pretty during card.
Only challenge already second quickly worry. Price growth help compare.",2024-10-31,Customer Service
FB000068,ORD0000243,CUS000017,2,Service share candidate tree provide much. Arm along community environment own anyone. Staff meeting standard hot. Forward fish various about many meeting six rich.,2024-10-30,Delivery Speed
FB000069,ORD0000245,CUS000079,5,"Choice suffer first. Bag hope design compare skin guess. Government score support win organization health experience.
Instead oil claim. Game set often imagine either low physical.",2024-10-27,Product Quality
FB000070,ORD0000246,CUS000087,4,Over sister prove eye through. Move American recent education away. Pass throw question talk five between.,2024-10-26,Customer Service
FB000071,ORD0000250,CUS000067,4,"Treatment report here finish keep key.
Attack have hear feeling door section. Until trouble scene civil according inside.",2024-11-01,Customer Service
FB000072,ORD0000251,CUS000100,2,"Leg glass attention partner.
Include because another listen store I song television. Candidate your old know.",2024-10-29,Product Quality
FB000073,ORD0000252,CUS000063,4,Doctor upon save keep interest practice car. Actually road require door performance hear easy.,2024-10-20,Product Quality
FB000074,ORD0000254,CUS000027,1,Figure international factor visit really notice kid. Same through ever. Field provide support national report late save.,2024-10-25,Overall Experience
FB000075,ORD0000260,CUS000094,1,"Increase lawyer player often understand day sell. Provide pass find total sure.
Animal none every fear lead administration. Dream conference employee agent.",2024-10-29,Delivery Speed
FB000076,ORD0000262,CUS000020,3,"Growth final of but science somebody catch. Theory type know. Fight discover huge exist.
Ability list easy hold. Piece whose hard teacher forward radio. Parent we small possible sell food Republican.",2024-10-28,Delivery Speed
FB000077,ORD0000266,CUS000006,2,Born coach sell throw. Outside lawyer direction ball line weight. Pull contain respond air now expert themselves. Section benefit find business.,2024-10-19,Delivery Speed
FB000078,ORD0000267,CUS000006,3,"Beyond pass run part chair stand find. Space hold tonight member. War right section interest near law political see.
Anything hand sister heart sort her share. Business war reason.",2024-10-18,Customer Service
FB000079,ORD0000272,CUS000079,2,"Fine standard month detail nor weight no. Explain baby than. Huge plan beat.
Interest show audience want. Anyone open condition human girl beautiful money.
Relationship outside green shake of.",2024-10-24,Product Quality
FB000080,ORD0000273,CUS000092,2,"Behind long accept floor American value first. Trip citizen certain.
Help group avoid how carry she. Many say pick defense home. Much laugh she PM exist.",2024-11-03,Product Quality
FB000081,ORD0000275,CUS000024,2,"Purpose establish huge power. Thing drop trip however already. Direction reveal animal focus cause move with.
When since summer build laugh. Way prevent away my. Door successful American.",2024-10-20,Overall Experience
FB000082,ORD0000282,CUS000078,3,"Win note enjoy fund popular religious. Skill fine clear social. Way west notice.
Throw world treat customer bank investment sound. Suggest other five little their especially.",2024-10-23,Customer Service
FB000083,ORD0000283,CUS000043,3,"Age pull strategy same. Through right support agree.
Painting memory his million recognize memory worry wear. Authority drop itself hear.",2024-11-04,Customer Service
FB000084,ORD0000284,CUS000021,1,Want popular husband its agree country policy. Behind act hear last feeling. Talk fear budget there now safe chance say.,2024-10-22,Customer Service
FB000085,ORD0000286,CUS000009,4,Research material open serve boy size heart. Professional world require medical in during director threat.,2024-10-29,Overall Experience
FB000086,ORD0000287,CUS000090,1,"Capital subject rest institution two little their.
Number already participant act. Within usually social scientist three loss throw city.",2024-10-20,Customer Service
FB000087,ORD0000291,CUS000045,2,"Create child operation about way win these home. Long lot lay they where country. Couple but difficult idea list if.
Mean outside less. Let poor or medical about soldier.",2024-10-28,Delivery Speed
FB000088,ORD0000293,CUS000081,2,"Manage political sign add military people. Management thought though marriage.
Democrat and few. Wife mention statement because. Young age where wish us economic.",2024-10-18,Product Quality
FB000089,ORD0000296,CUS000006,3,Black exist manage mention sometimes him. Leader during general certain technology party movie. Campaign wide never success one really itself.,2024-10-22,Overall Experience
FB000090,ORD0000302,CUS000006,4,Light early hundred necessary nothing. Vote especially quite specific grow. Baby after or throw rather.,2024-10-25,Customer Service
FB000091,ORD0000306,CUS000096,1,Occur conference down reality nothing win. On lay more imagine heavy. North organization until station vote property section.,2024-10-20,Customer Service
FB000092,ORD0000307,CUS000073,1,"Dream TV man speech significant real hear the. Eight story family doctor pattern.
Need night main environmental themselves week difficult artist. Phone war man a.",2024-10-29,Customer Service
FB000093,ORD0000311,CUS000027,3,Those happen bit down. Example enter third upon adult for find. Front lead notice draw stock health decade.,2024-10-25,Product Quality
FB000094,ORD0000312,CUS000052,1,Single herself thing. Hard whom one despite yeah young price reveal. Cause shoulder everything course left near course.,2024-10-21,Overall Experience
FB000095,ORD0000316,CUS000057,3,"Be professional daughter.
Note firm yet another after plant. Site answer expect middle. Already production left wish weight view report.",2024-10-30,Product Quality
FB000096,ORD0000317,CUS000001,4,"Work seat reach fear. Nice point need matter not box record nothing.
Enough then success local leader fear all increase. Serve population baby.",2024-11-04,Delivery Speed
FB000097,ORD0000320,CUS000020,1,"Difficult goal everybody professional next specific concern. Who team every thousand second trip difficult.
Lawyer safe network probably. Receive light carry present itself several.",2024-10-31,Product Quality
FB000098,ORD0000325,CUS000082,3,Debate time every me suddenly. Bit blood company short. Possible half crime still while account voice.,2024-11-01,Overall Experience
FB000099,ORD0000327,CUS000022,4,"Hundred tough single color remain technology station. Song paper final all add.
Together mean real daughter. Resource kitchen western course fly.
Example moment significant wish local.",2024-10-29,Overall Experience
FB000100,ORD0000329,CUS000039,2,"Responsibility other skill value interesting Republican. Those manager seat myself another.
What clearly indeed minute security author. Too group star drug guess develop think.",2024-11-08,Product Quality
FB000101,ORD0000333,CUS000040,4,"When yet world sound fear. Safe within around character southern east.
Hundred century cover. Check understand certainly foot these medical.",2024-10-24,Product Quality
FB000102,ORD0000340,CUS000045,3,"Must you not.
System price last site old already likely. Increase better dog surface picture. Enjoy available position allow method give.",2024-11-02,Customer Service
FB000103,ORD0000341,CUS000006,1,Him protect understand enter. Keep prepare fact ten man born. North understand tree material.,2024-10-29,Product Quality
FB000104,ORD0000345,CUS000044,2,"Certainly anyone lose TV. Back blue space business.
Price good unit with clearly standard. Time cold page theory technology.",2024-10-26,Overall Experience
FB000105,ORD0000347,CUS000008,3,"Attorney clearly push head high. Fight decide cultural. Friend operation woman summer wear run suddenly.
Into similar key its with run. Safe should travel trial himself.",2024-10-29,Customer Service
FB000106,ORD0000349,CUS000033,1,The realize where exactly teach specific. Operation country laugh traditional small. Article model free education consider represent tough.,2024-10-27,Product Quality
FB000107,ORD0000352,CUS000014,5,Building instead short your me hotel. Executive nothing eat lay particularly although yourself. Necessary cost interview price decade opportunity professor simple.,2024-11-06,Product Quality
FB000108,ORD0000353,CUS000078,3,First also we such choose population race sort. Democratic into behavior key call much from lawyer. Paper center statement season do our husband.,2024-11-04,Product Quality
FB000109,ORD0000358,CUS000004,3,"Five single our suddenly suddenly. Remember speech special society movement. Almost place ground blue street daughter.
Lose program customer cover.",2024-10-29,Overall Experience
FB000110,ORD0000361,CUS000055,4,"Never include what likely section. Per woman either Democrat.
Community image put. Single conference east message world audience. His bank situation medical responsibility itself though discover.",2024-11-03,Customer Service
FB000111,ORD0000362,CUS000030,5,"Cold high mission do door thank cost international.
Explain weight conference range. Expect church bar certain how guy.",2024-10-26,Customer Service
FB000112,ORD0000369,CUS000033,2,"Onto example lead just everybody. I idea suffer if marriage.
Perform sometimes simply plant gun player. Often position medical visit keep card mission. Example read statement effect.",2024-10-29,Product Quality
FB000113,ORD0000373,CUS000085,4,Recent affect paper outside air bit feeling. Open nice hour here various mind back. Argue role sing.,2024-11-01,Customer Service
FB000114,ORD0000375,CUS000068,3,Almost blue remember wonder change. Want investment spring everyone region trouble. Wish cell short seven list cause great.,2024-10-28,Delivery Speed
FB000115,ORD0000377,CUS000019,1,Others process culture policy performance. Up vote some enter major company discussion. Resource seem future discuss.,2024-11-01,Overall Experience
FB000116,ORD0000378,CUS000004,4,Kitchen grow police concern approach. Better fast car five under clear good. Politics small growth when two street school. Which card animal make if outside field nature.,2024-10-27,Product Quality
FB000117,ORD0000380,CUS000033,2,Least natural population fire trouble. Authority more leg. Usually improve and security.,2024-10-28,Customer Service
FB000118,ORD0000381,CUS000084,2,"Community floor site think. Approach project white task. For know professional article.
Discussion thousand deep.
Student sister article structure deal life she. School kind within indeed.",2024-10-25,Customer Service
FB000119,ORD0000383,CUS000054,1,"Mission total television process. Herself recently whose appear thousand indicate bank. Reflect recently our.
Over ahead someone cost ready budget. Blood six indicate child want finish.",2024-10-24,Overall Experience
FB000120,ORD0000387,CUS000057,4,"Out food responsibility song. Pick despite nature cell.
Share stop fill. More enough Mrs rather either tell smile.",2024-10-28,Customer Service
FB000121,ORD0000406,CUS000064,3,"Believe more morning. Forget decade guy can mean challenge. Far have site.
Including bag life. Story general star real attack. About former discussion share film person.",2024-11-11,Product Quality
FB000122,ORD0000407,CUS000019,3,"Four laugh agent together. Again someone light will claim. Music agent specific.
Herself fine top catch. Buy risk method attack claim out officer. Evening health quickly dream sort dark.",2024-11-05,Overall Experience
FB000123,ORD0000408,CUS000086,1,Newspaper sport style as go. On mouth indicate air take see occur church.,2024-11-05,Overall Experience
FB000124,ORD0000411,CUS000093,4,Among control want wife fund conference cultural. Husband everybody understand on. Half several week debate together step.,2024-11-12,Overall Experience
FB000125,ORD0000415,CUS000065,2,"Leg party wide general.
Day former talk suddenly. Look million create word ready international. Myself past strong process marriage message.",2024-10-30,Product Quality
FB000126,ORD0000416,CUS000100,3,"For past term move sea agreement may begin. Billion week score.
When authority woman difference. List financial program thus week project lay.",2024-11-09,Product Quality
FB000127,ORD0000421,CUS000090,1,Investment play find table. Seek kind program no national. Book exist ever that certain.,2024-11-03,Overall Experience
FB000128,ORD0000423,CUS000080,1,"Because different official.
Add director part article only way personal rich. Right western let window.
Newspaper add along none conference lose. Couple them among central.",2024-11-10,Product Quality
FB000129,ORD0000424,CUS000098,3,"Large black worker official. Lawyer view tend town produce practice. Capital maybe court trade staff seven.
Next single father interest. Rate color space garden interview bed adult leave.",2024-11-06,Overall Experience
FB000130,ORD0000427,CUS000030,5,Wonder build consumer full try. Share have for type economy later.,2024-11-06,Product Quality
FB000131,ORD0000428,CUS000098,3,"Our shake rule us property hospital. By responsibility good. Learn management personal to million even.
Field other upon today suffer pattern. Can help mouth surface heavy ask show sense.",2024-10-29,Overall Experience
FB000132,ORD0000429,CUS000030,2,"Drive third reach me team he allow. Night Mr so skin. Voice fly owner morning suffer.
Teach light since movement. Mention go have.",2024-10-27,Delivery Speed
FB000133,ORD0000435,CUS000073,5,Likely writer campaign happy artist agree act. Surface film interest single choice seat thing.,2024-10-30,Product Quality
FB000134,ORD0000440,CUS000025,2,"First arrive special remember throw pay. Step near think light.
Manager quickly southern though issue charge marriage. Save short avoid son.",2024-11-06,Delivery Speed
FB000135,ORD0000441,CUS000011,5,Special explain bit method material heavy stand. Group figure international the behavior throughout. Claim believe there what.,2024-11-06,Delivery Speed
FB000136,ORD0000447,CUS000100,2,Particularly Mrs will movement threat travel national. Suggest black project a. Several not the social carry.,2024-11-06,Product Quality
FB000137,ORD0000454,CUS000032,2,Piece go prevent kitchen report. Into ever catch public eye we hot. Easy physical too trip name go.,2024-11-09,Product Quality
FB000138,ORD0000455,CUS000004,5,"Price huge none floor painting purpose. Hold letter wide foot of reflect. Conference turn education participant notice clear.
Strong blue should call.",2024-10-31,Overall Experience
FB000139,ORD0000456,CUS000070,5,"Product agreement gas great pay.
Pass if guess along relate various station prove. Attorney group from more film. Five significant your nearly skill.",2024-11-03,Customer Service
FB000140,ORD0000459,CUS000072,4,"Nation college training side draw maybe. Water lay now.
After doctor ahead other serve special behind. Unit already leader arrive grow benefit. Treatment grow pay area trade trip.",2024-11-12,Customer Service
FB000141,ORD0000466,CUS000054,2,"Better no able myself quite write. Know ago network police keep take. Animal on think benefit nice improve different vote.
Which during enjoy political growth choose. Somebody such picture.",2024-10-30,Product Quality
FB000142,ORD0000467,CUS000045,3,"Future after house exactly understand western civil standard. Event series open child four officer red.
Experience policy address dream here now however. Begin people skill from evidence author.",2024-11-07,Delivery Speed
FB000143,ORD0000484,CUS000037,5,"Mother special can quickly authority look strategy. Effect down high ask enter. Low home assume media statement cold.
Family lot those pick red. Safe each talk give next especially at kitchen.",2024-11-14,Product Quality
FB000144,ORD0000492,CUS000067,2,"Let quite determine performance into. Single treatment purpose she culture break have out.
Election black car behind safe. Ever my only step. General work business agency should cause.",2024-11-14,Product Quality
FB000145,ORD0000493,CUS000015,4,"Listen person decide level strong recognize. Account fire most computer shake. Fish environmental type task.
Member ground offer sit air. Would game program team case ground.",2024-11-07,Delivery Speed
FB000146,ORD0000503,CUS000042,5,Door process itself stock development magazine. Like with along door national interest type. Imagine theory base away every see one. Wall relate national never manage partner.,2024-11-11,Customer Service
FB000147,ORD0000512,CUS000085,4,"Look skill decide most teacher board yeah. Off dream market tend art because authority budget.
Also important claim cultural when choice. Wait onto tell exactly media.",2024-11-11,Product Quality
FB000148,ORD0000523,CUS000090,5,"Religious ask worker one six place popular. Live meeting more ago bar.
Foreign beat public painting air those. Crime former bill player your there agency.",2024-11-03,Overall Experience
FB000149,ORD0000531,CUS000095,5,Yard himself both herself those pattern north shoulder. Whose pass car difference development behind thought low.,2024-11-08,Delivery Speed
FB000150,ORD0000537,CUS000002,5,"Visit edge decade fine. Affect mother note religious continue near four.
Wait middle beyond memory much very white. Mouth air position near create goal not focus. Agreement there play.",2024-11-15,Customer Service
FB000151,ORD0000554,CUS000100,1,"Institution song even rich. So both maybe new make carry system camera.
Nearly despite best after. Former agreement marriage whatever quality to reach. Suffer return four staff.",2024-11-04,Customer Service
FB000152,ORD0000560,CUS000020,4,Huge action unit phone morning really. Pretty according follow eye woman market according traditional. Student particular particular across rule first.,2024-11-13,Product Quality
FB000153,ORD0000562,CUS000050,2,"While heart dog subject. Suggest personal really religious blue.
Indicate part drive rock environment kid girl.",2024-11-08,Product Quality
FB000154,ORD0000566,CUS000034,3,"Child daughter various determine any. Ready month deep prove.
Public class and citizen far.
Ready sister note cell back edge. Protect carry give box.",2024-11-06,Delivery Speed
FB000155,ORD0000568,CUS000094,1,"Subject professional from hand. Run leader hospital hit north collection.
Box run until case brother discover push. Against carry size range song response.",2024-11-11,Overall Experience
FB000156,ORD0000569,CUS000071,5,"Yard spring subject drive. Born enjoy change always at.
Continue mind report it help base. Interview seek one concern commercial late.",2024-11-15,Product Quality
FB000157,ORD0000572,CUS000061,1,Control move recognize town special. Fly risk meet official grow street. Born camera wall happy people care.,2024-11-17,Overall Experience
FB000158,ORD0000573,CUS000033,4,"Matter whose measure physical off. Other help role increase remain.
Blood where seven expert cost authority exist plant.
Out move truth fear wear.",2024-11-17,Product Quality
FB000159,ORD0000579,CUS000062,4,"Choose follow hour maintain. Always town type audience. Carry picture head candidate chance.
College must bed unit career fund. Pull add when phone other peace. Democrat employee around.",2024-11-09,Delivery Speed
FB000160,ORD0000584,CUS000028,1,"Our idea positive activity. Pretty analysis be national. Others last maybe eye.
Back test have education. Institution source every during certain development receive.",2024-11-13,Product Quality
FB000161,ORD0000593,CUS000088,3,Send around girl war federal probably give. Student world gun enjoy impact during land head. Have music smile agree standard before all.,2024-11-16,Product Quality
FB000162,ORD0000598,CUS000049,2,"Network simple letter physical. Vote spring population language.
Offer by politics store free. Send many course well political window. Board movie statement fast official country money.",2024-11-11,Product Quality
FB000163,ORD0000602,CUS000097,4,Factor sort from responsibility bring movement student. Drive attorney ground edge or.,2024-11-16,Delivery Speed
FB000164,ORD0000603,CUS000096,3,Decade able same indicate program hour speech. Once along require staff central edge. Data course issue pay central produce environmental.,2024-11-09,Product Quality
FB000165,ORD0000604,CUS000080,5,"Current along feel left subject card. Training adult strong soldier technology.
Note unit join sit several. Modern rise arrive state window body morning.",2024-11-14,Overall Experience
FB000166,ORD0000606,CUS000094,5,"Kitchen indicate degree authority. Bad across throughout majority.
Instead choose two measure trade. Else way risk air age truth them seem.",2024-11-15,Delivery Speed
FB000167,ORD0000607,CUS000033,2,"Society common person. Professional prepare team event. Sister security next dream.
Set car agreement building. Now adult prevent stay first.",2024-11-17,Product Quality
FB000168,ORD0000615,CUS000088,2,Start speech relate subject himself professional. Seven truth music popular. Herself center address her home.,2024-11-13,Customer Service
FB000169,ORD0000619,CUS000055,4,"Or matter receive bar current anything page. Guy very worry here learn season candidate.
Unit test young once little collection. Animal need whatever person ready yourself give.",2024-11-16,Product Quality
FB000170,ORD0000625,CUS000094,4,"Month point top main. Finish his event career meeting she serious. Community usually who land group day.
Course half point exactly stuff prove. Feeling week question nothing.",2024-11-14,Product Quality
FB000171,ORD0000626,CUS000049,2,Year official smile myself friend star. Rock know education center role. Traditional discussion again community. Structure involve career political nation.,2024-11-10,Customer Service
FB000172,ORD0000627,CUS000091,4,Soldier more light once itself claim. Including choose check car environmental. Degree up much paper mother.,2024-11-21,Product Quality
FB000173,ORD0000631,CUS000077,4,Look cut goal leg own. Congress campaign one. For trade such international mouth hundred vote. Executive inside quite pretty policy relate sense sell.,2024-11-08,Customer Service
FB000174,ORD0000632,CUS000099,3,"Surface may state.
Get produce national source. Nation buy against. Sometimes call anything.
Thousand free them push travel group. Threat education process sign.",2024-11-09,Customer Service
FB000175,ORD0000633,CUS000099,5,"Collection pass might federal clearly become Republican image. Way certainly maintain.
These call throughout time enjoy school let. Whole strong enjoy.",2024-11-11,Customer Service
FB000176,ORD0000635,CUS000072,2,"Join head watch official TV strategy today. National industry own every whole per share book.
Glass clear oil red book share during. Protect environment popular standard.",2024-11-06,Customer Service
FB000177,ORD0000638,CUS000042,5,"Choice option which ago onto number over. Billion piece task worry least anything.
Hand with cup. Choose focus film left task attorney.",2024-11-11,Overall Experience
FB000178,ORD0000639,CUS000011,4,Professor particularly describe wrong know about quickly. Blue star development seem woman born free attorney. Enough ball western before paper prevent company.,2024-11-21,Product Quality
FB000179,ORD0000643,CUS000100,4,School most no space. Baby especially power method large book when past.,2024-11-13,Product Quality
FB000180,ORD0000645,CUS000003,2,Pm expect end law worry myself operation. Possible bar pretty human customer start culture. Social day seat mission change remember example.,2024-11-10,Delivery Speed
FB000181,ORD0000646,CUS000092,5,Still wear trial trade four police enter we. Minute act five draw fly thus coach. Health peace thus hotel particularly general hundred nothing. Already and tonight mean have hand reduce chair.,2024-11-09,Overall Experience
FB000182,ORD0000650,CUS000055,4,Indicate structure same put. International sea power question. Edge member doctor entire glass thing choice.,2024-11-07,Customer Service
FB000183,ORD0000655,CUS000041,4,Teacher statement production service rise somebody really field. Pm eye knowledge car buy successful increase. Performance sort nation however nearly brother.,2024-11-15,Product Quality
FB000184,ORD0000666,CUS000074,2,Road green power information shake. Soldier simple front them. Final month imagine state several whatever.,2024-11-20,Customer Service
FB000185,ORD0000667,CUS000083,5,Free dark theory first garden late level. Either night yet security rule short service. Occur cut study movement charge network.,2024-11-09,Overall Experience
FB000186,ORD0000670,CUS000023,1,"Television country your another science end bit body. Staff especially teach staff.
Husband just help middle knowledge financial. Investment respond stock. Must friend hear and machine reflect.",2024-11-10,Product Quality
FB000187,ORD0000671,CUS000008,1,"Just bit weight. Project politics fear wait.
Face marriage certainly appear I interest. Economic management run.
Any born thus cause. Lawyer care suffer spend child think. Everyone much bag family.",2024-11-17,Overall Experience
FB000188,ORD0000676,CUS000073,2,Economy career maintain change future law foot. Own price value enter people within traditional.,2024-11-12,Delivery Speed
FB000189,ORD0000677,CUS000100,4,Top himself by economy may trouble. Admit Congress prove situation religious fight worry notice. Write history service possible magazine guess.,2024-11-16,Delivery Speed
FB000190,ORD0000680,CUS000015,2,"Side house so Democrat. Son tend ready. Already mention second reflect debate any.
Others couple alone food. From born water hold nice type. Half Mrs standard pretty.",2024-11-21,Overall Experience
FB000191,ORD0000685,CUS000085,3,"Low the quickly key certainly treat above. Performance military budget maybe treat might.
Life camera last environmental. Most and study point.",2024-11-20,Overall Experience
FB000192,ORD0000686,CUS000017,5,"Against building north change interesting. Main service decide song town study. Three run sound fight another free agreement.
Quality respond turn central official machine hard.",2024-11-13,Customer Service
FB000193,ORD0000691,CUS000003,1,"Media risk risk down security.
Remember financial foot. Traditional garden expert crime.",2024-11-20,Customer Service
FB000194,ORD0000693,CUS000012,4,"Gun once indicate situation reason ahead fact. Movie begin attack company safe life of. Society hundred total open.
So decade value much laugh assume particularly. Break couple news across.",2024-11-19,Product Quality
FB000195,ORD0000705,CUS000003,5,"These member great. New dinner military agreement onto.
Authority job race big. Laugh media simply reality police paper. Conference however find few east.",2024-11-21,Overall Experience
FB000196,ORD0000706,CUS000086,3,Always statement central film fish soon. Discuss whose wonder he cut. Question market sit continue minute meeting interview when.,2024-11-12,Delivery Speed
FB000197,ORD0000708,CUS000015,1,Son rate listen issue. View authority hospital yes coach. Wear sit save sound development between. Door hour education great day final.,2024-11-16,Customer Service
FB000198,ORD0000709,CUS000058,3,Purpose cell current either nature should arm. Especially result marriage growth. Both name bag top.,2024-11-26,Overall Experience
FB000199,ORD0000710,CUS000074,5,Another ready knowledge bit political. Ahead usually choose north. Maybe chair phone ten security green race. Individual spring create realize age everything remember.,2024-11-13,Customer Service
FB000200,ORD0000711,CUS000061,4,"Audience air modern since. Yeah worry able seat song she benefit she. Rate project city order.
Throughout detail method health. True relate coach generation possible admit son plant.",2024-11-14,Delivery Speed
FB000201,ORD0000712,CUS000003,4,Shake raise bank agree short director choice record. Likely edge between even make. About nothing performance. Start question Mr seat popular half time wonder.,2024-11-20,Overall Experience
FB000202,ORD0000715,CUS000074,4,"No little military blue those wall beyond process.
Series water American east.
Leg senior seven least cost. Lose reduce charge. Fill someone talk treatment stay role role.",2024-11-16,Customer Service
FB000203,ORD0000717,CUS000031,1,Relationship care sing worker. To fish late somebody blood ready agree. Budget issue sense vote physical store probably. South throughout environment too third return week.,2024-11-24,Customer Service
FB000204,ORD0000721,CUS000067,1,These edge real sell. Step American maybe take. Republican available garden because next.,2024-11-16,Product Quality
FB000205,ORD0000731,CUS000054,2,Choose establish executive story. Energy religious whose manager. Chair support could space.,2024-11-09,Product Quality
FB000206,ORD0000733,CUS000061,1,"Someone special significant cold sister only. History probably lead other. Standard hundred read interview current owner.
Star country left road. Explain various man today office.",2024-11-14,Delivery Speed
FB000207,ORD0000738,CUS000037,3,"Per Mrs popular reveal contain his. More lay Mrs old let watch. Best finish large hold arrive people land.
Recognize with crime. Agree cause resource step.",2024-11-11,Overall Experience
FB000208,ORD0000739,CUS000031,2,"Happy four word center.
Property win size my girl. Whether mind where decision suffer include management. Floor song order case one job.",2024-11-08,Product Quality
FB000209,ORD0000743,CUS000058,2,"Effort bag federal treatment may huge employee. Most book lot director. Number itself president board instead image season.
Same base yourself. Crime interesting leave building main.",2024-11-13,Overall Experience
FB000210,ORD0000746,CUS000037,4,"Give specific forward see without. Another music case store happen religious reduce.
Source society speech together. Position campaign owner country fill physical picture.",2024-11-24,Overall Experience
FB000211,ORD0000748,CUS000096,2,"Here green window character type. Become participant after television.
Write agency rule daughter back gas term. South real let course. Father result next clear tough physical.
Guess social spend.",2024-11-24,Customer Service
FB000212,ORD0000752,CUS000074,1,Central model nation mention road. Cause all account act nation pay. Start environmental very start class something. Ready wide part debate around win.,2024-11-20,Product Quality
FB000213,ORD0000754,CUS000091,3,"Get draw better thousand. Somebody enter style television try.
Space miss ago eight bad water. Story first quality letter. Someone medical son prevent interesting.
Recognize large know senior me.",2024-11-19,Delivery Speed
FB000214,ORD0000759,CUS000063,4,Enter capital film themselves character small yes. Decision ready reason.,2024-11-15,Product Quality
FB000215,ORD0000761,CUS000075,4,"Call firm government follow. Local public near another future when.
Fish north health suffer ago personal well. Series bring process treatment soon mother. Ask course manager account morning call.",2024-11-23,Overall Experience
FB000216,ORD0000763,CUS000002,2,"Member her television scientist star Democrat teach. Born class after. Home go that will summer hot entire team.
Wife adult artist wind. Simple result plant memory. Tough debate loss safe case.",2024-11-16,Delivery Speed
FB000217,ORD0000764,CUS000077,3,"Mr tonight vote and could. Activity notice might more investment beyond.
Become create government local. Later military fill who. Day city for race weight occur.",2024-11-19,Overall Experience
FB000218,ORD0000772,CUS000071,4,Day leg anyone team happy add forward record. Window necessary want. Player land interest.,2024-11-14,Product Quality
FB000219,ORD0000775,CUS000008,1,"Large option like left. Think stage sell watch. Manage politics budget lay decade including.
Rich test family. Thus left hot authority.",2024-11-13,Product Quality
FB000220,ORD0000777,CUS000019,4,"Admit claim official health power evidence. Account important step cold election position. Little over mouth address still.
System race word ask.
According indicate amount own hear page light.",2024-11-17,Delivery Speed
FB000221,ORD0000781,CUS000011,1,"Share any second management appear professor. Use affect from season them.
Past sister win herself decision ready keep.
Wife positive with air way serious step. Leave special staff third reason part.",2024-11-21,Product Quality
FB000222,ORD0000782,CUS000056,1,Hour special decide whose describe bill instead. Decision say particular side century nearly wrong. Term character until performance throw themselves.,2024-11-24,Overall Experience
FB000223,ORD0000783,CUS000089,2,"Seat interview half my. Standard kitchen great room itself computer office join.
Order score catch.
Son there think kid often base.",2024-11-24,Product Quality
FB000224,ORD0000786,CUS000037,1,City student more doctor produce money trip. New reality start election stage. Education personal point father number.,2024-11-27,Customer Service
FB000225,ORD0000787,CUS000033,4,"Natural interview stage according. She phone southern truth leg.
More investment research reach. Party management name animal heavy. Look particularly lot cost change reflect draw.",2024-11-26,Overall Experience
FB000226,ORD0000795,CUS000057,4,"Support skin policy case leave. Down effort situation too floor final if.
Picture thank safe down add security. Matter its account last keep economic deep.",2024-11-20,Product Quality
FB000227,ORD0000800,CUS000006,1,Action interesting notice themselves. Third form paper end.,2024-11-15,Product Quality
FB000228,ORD0000812,CUS000037,5,"Also official prepare nor kind teacher. Also firm simple risk positive. Trip serve to share pretty group camera.
Government east ground we really special live. Indeed seem prepare student out.",2024-11-15,Product Quality
FB000229,ORD0000819,CUS000068,5,"Without eye factor various. Whom soldier near ground. Use town only blood event want future.
Appear walk last grow.",2024-11-19,Customer Service
FB000230,ORD0000820,CUS000045,1,"Eight peace yes a music just line. Evening impact decide risk leave. Perhaps small become class involve for recognize.
Past color current. Time reality growth push once perform hear.",2024-11-18,Delivery Speed
FB000231,ORD0000823,CUS000080,5,Six behavior by forward. Modern let sport so wait data bad already. Citizen number maintain cold save remain far.,2024-11-18,Product Quality
FB000232,ORD0000824,CUS000040,4,"Piece then economic level ten. Another thus standard. Third early treat appear water.
Wall foot PM he. Month television story us. Window type reason main door necessary.",2024-11-19,Customer Service
FB000233,ORD0000827,CUS000077,1,Order research unit front authority analysis crime. Stand central purpose argue think. None cell power imagine oil.,2024-11-27,Overall Experience
FB000234,ORD0000828,CUS000053,3,Late even seven decide friend admit top least. Provide director although represent entire nor staff teacher. No level question crime boy rather.,2024-11-19,Overall Experience
FB000235,ORD0000830,CUS000005,3,"Ever out employee.
Option relate truth operation continue truth smile item. White there seek avoid director example myself. Tell road change could. Require wear together hotel always maintain.",2024-11-19,Customer Service
FB000236,ORD0000833,CUS000091,1,View rest go. Entire huge avoid popular movement sure police customer.,2024-11-28,Delivery Speed
FB000237,ORD0000835,CUS000096,5,"Bank once free. Situation local for cultural new husband.
Father teacher southern respond country coach yet. Front major individual.",2024-11-22,Overall Experience
FB000238,ORD0000840,CUS000028,2,Writer effect indicate number begin. Be face ok movement likely size future.,2024-11-25,Delivery Speed
FB000239,ORD0000848,CUS000044,2,"Art strong history job sort. These kitchen art. Behavior four bar yard rather lead.
Picture offer financial like. Might machine part evening man daughter interview.",2024-11-18,Delivery Speed
FB000240,ORD0000849,CUS000045,2,Six body serve money kind. Quality station fill place child measure. Five campaign detail fire town perhaps agreement finish. Add herself rate trouble sell capital budget.,2024-11-23,Customer Service
FB000241,ORD0000850,CUS000020,4,"Experience significant defense young know. His sit task choice couple or fish technology. Tonight black song.
Offer prevent explain myself room. Day guess provide best information own.",2024-11-21,Overall Experience
FB000242,ORD0000851,CUS000094,1,"Painting scientist act experience far full build resource.
Mrs choice trial include value.
Push time seek loss. Policy surface west cell begin. Window country not offer relationship strategy.",2024-11-15,Product Quality
FB000243,ORD0000852,CUS000049,2,No recently answer benefit system central whom. Along technology deal the source through class. Surface number though either each.,2024-11-24,Product Quality
FB000244,ORD0000855,CUS000054,4,"Relationship technology himself. Onto month body ball away company open.
Vote song social follow teacher. Reflect safe partner special similar. Information us citizen bring pay.",2024-11-26,Delivery Speed
FB000245,ORD0000856,CUS000077,3,"Large ahead hot thing sort return. Law education close benefit.
Level agent decide physical but everyone indeed. Evidence beyond page task. She sort whose deep house.",2024-11-26,Product Quality
FB000246,ORD0000863,CUS000021,3,"Spring address lot window. Structure society explain can develop responsibility.
Heart avoid down receive clear conference huge. Floor parent next. Hold research money our soldier born north.",2024-11-24,Delivery Speed
FB000247,ORD0000867,CUS000099,3,"Senior carry establish claim so create help. Fast sound listen.
Hot top do which within dark. Billion job Mrs player. Mrs discuss drive long.",2024-11-28,Product Quality
FB000248,ORD0000874,CUS000084,4,Southern TV cut who drop shoulder issue. Clear picture exactly affect serve. Floor former property marriage back certain could leg. Seek fish dinner must whether tree.,2024-12-01,Overall Experience
FB000249,ORD0000876,CUS000060,1,Onto check without child president though alone. Rate our walk reveal serious four. Reveal condition head TV.,2024-11-20,Product Quality
FB000250,ORD0000877,CUS000043,1,"Impact decision edge control court. Sell fish discussion far adult choice size.
Test however for local blue send become. Away human machine herself individual industry.",2024-11-20,Customer Service
FB000251,ORD0000878,CUS000066,2,"Capital since money daughter. Spend unit eat receive. Check major reduce tonight Congress ability.
Then affect upon into onto TV. Current up why war itself operation recently.",2024-11-21,Customer Service
FB000252,ORD0000889,CUS000055,2,"Occur term scientist card moment care part. Serious unit national possible. Rather relate she simply summer.
Teacher live part movement evidence use. Responsibility American high again.",2024-11-29,Customer Service
FB000253,ORD0000890,CUS000015,5,Future herself act fire smile popular return. View movement future why already. Sing traditional central.,2024-11-22,Overall Experience
FB000254,ORD0000896,CUS000051,4,Animal old organization shoulder family couple military. Both fly grow age plan hundred laugh.,2024-11-18,Delivery Speed
FB000255,ORD0000901,CUS000060,5,Enter sort spend sure soldier leg. Administration ok character western. Act field shoulder price in store product. Student PM style who across thing network.,2024-11-29,Overall Experience
FB000256,ORD0000902,CUS000043,4,"Gun indeed production us. Bag where series animal point whole. Join probably give almost.
Not easy pretty several attention customer matter my. Front guess population always site hair now animal.",2024-11-20,Product Quality
FB000257,ORD0000911,CUS000015,4,Young night sometimes commercial start true share. Technology suggest adult worker others force eye. Capital born move.,2024-11-24,Overall Experience
FB000258,ORD0000923,CUS000015,4,"Think dinner drop recognize majority. Course simple agree firm bag significant understand.
Letter face area field behind successful.
Laugh cold blood make each born. Sure carry arrive skill.",2024-11-30,Customer Service
FB000259,ORD0000924,CUS000039,4,"Arrive smile together Democrat share minute use. Even fish ask. Tv foot actually. Create full baby reflect girl property.
Lot effort that. Community response real price will.",2024-11-20,Customer Service
FB000260,ORD0000926,CUS000004,5,"Sing onto draw full. Relationship into main structure. Deal interesting along. Seek dream north budget.
Build because never amount. Wind nearly some number investment night.",2024-11-29,Product Quality
FB000261,ORD0000935,CUS000084,3,Environmental general know whatever mouth lose party weight. Cultural term allow begin see. Similar skill own detail.,2024-11-27,Product Quality
FB000262,ORD0000939,CUS000029,1,Enter fast education matter put. Company third bill third better. Agreement yeah management throughout sure.,2024-11-29,Product Quality
FB000263,ORD0000944,CUS000085,2,Clearly itself blood interesting easy situation material. Than start vote.,2024-11-26,Delivery Speed
FB000264,ORD0000945,CUS000008,2,"Professor kid southern someone any year admit. Increase surface son choice phone.
It call similar cover pick. Technology manager partner policy list recent.",2024-11-30,Product Quality
FB000265,ORD0000946,CUS000056,4,"Among yet price under physical score. Develop well argue thus finally.
Letter even plant attorney experience. Thousand couple both man. Throw leg deal throw service necessary support.",2024-11-29,Overall Experience
FB000266,ORD0000950,CUS000023,1,Civil themselves senior pull interview wall road. Over imagine Democrat those start these change. Difficult first hotel prevent improve.,2024-11-29,Product Quality
FB000267,ORD0000953,CUS000040,4,"Red establish spend hard American. Enough chair teach successful hospital.
Laugh several once difference common include. What smile back use hundred. From so either compare less.",2024-11-26,Customer Service
FB000268,ORD0000956,CUS000086,1,Section nearly me officer huge cultural. Cell hair tonight work. Writer money artist friend American safe standard.,2024-12-02,Product Quality
FB000269,ORD0000963,CUS000078,5,"Institution value summer coach green mission. Nor federal Mrs from common say night. Person hair office ground how.
Someone result expect generation. Partner chance account charge a.",2024-12-05,Delivery Speed
FB000270,ORD0000964,CUS000068,2,Mouth street wife someone four. Main see so body. Heavy soon simply community important. Song practice method business majority.,2024-11-25,Customer Service
FB000271,ORD0000965,CUS000012,3,Career lawyer hour available fall business red. Either window player smile. Fact actually never contain art general participant.,2024-12-03,Customer Service
FB000272,ORD0000967,CUS000002,3,"Organization point agree in chair even. Road onto billion brother wife. Seem fight force return bring book skin.
Commercial political product just ball. Mrs size state.",2024-11-30,Customer Service
FB000273,ORD0000969,CUS000089,2,"Deep mention simple clear see support trade. More would increase sea. Star last present daughter he of.
Teach moment life attack say office need.",2024-11-24,Delivery Speed
FB000274,ORD0000970,CUS000077,1,"Which citizen service quite appear. Worry water between have college send hold. Purpose specific media program.
Bag himself east. Guy result add medical.",2024-11-27,Delivery Speed
FB000275,ORD0000971,CUS000013,2,Owner more find prevent national clearly player. Foreign level listen entire.,2024-11-27,Overall Experience
FB000276,ORD0000972,CUS000073,1,"Many not might speech film. Say save important church use. Pass rest movement.
Choice these source woman to point specific. Leg measure player suggest rise floor share.",2024-11-28,Customer Service
FB000277,ORD0000974,CUS000050,2,"Front accept course star available fight. Sell lay best board plant allow including.
Through prove until person. Debate agent project away personal. Strategy board small.",2024-12-03,Customer Service
FB000278,ORD0000976,CUS000088,3,"Wind once network piece church size travel. Expect ready under tend husband.
Ground air team write point past key. Yet window of professor.",2024-12-04,Customer Service
FB000279,ORD0000978,CUS000074,1,Of media moment sort simple. Page cold happy office window. Out away indicate relate soldier tell least.,2024-12-04,Overall Experience
FB000280,ORD0000979,CUS000030,4,"Simply line unit send media section. Whose ahead community western. Special music just.
Amount actually key soldier modern yeah. Whose Republican out she world first field this. Sea still front.",2024-12-01,Product Quality
FB000281,ORD0000980,CUS000100,4,Prepare white include sort. Relationship dog its any per opportunity fine finish. Once professional feeling gun it black add occur.,2024-12-05,Delivery Speed
FB000282,ORD0000982,CUS000025,3,"Hotel others newspaper break reason peace. Family process charge cause line least book. Type full than instead point establish.
Relate month per soldier term million growth.",2024-11-30,Delivery Speed
FB000283,ORD0000983,CUS000066,4,Community security friend movement choose catch. Hair moment as seem front somebody study. Economic its whom high prevent.,2024-12-04,Overall Experience
FB000284,ORD0000992,CUS000014,2,"Report receive thousand over rate. Several effect international perhaps arm wrong democratic particularly.
Gas make writer say heavy necessary blue only. With Mr crime never fund majority name.",2024-11-23,Customer Service
FB000285,ORD0000994,CUS000099,4,"Certain there show chance season design police wear. Mrs quickly positive yourself present memory event. Important company dark edge interest must.
Computer conference mention by these whether.",2024-12-04,Product Quality
FB000286,ORD0000997,CUS000081,3,"There case ago those. Rate maybe face federal same tough itself society. Also see shoulder particularly myself style.
Stand better mouth study. Rest live usually as. Heavy new method high myself.",2024-11-25,Overall Experience
FB000287,ORD0000999,CUS000077,5,Congress respond political different. Place actually system food politics college. Address his house data yet serious side. Agency the project.,2024-11-29,Customer Service
FB000288,ORD0001006,CUS000084,4,Serious page participant she. Alone firm and stop political movie charge. If significant need meet television dog. Yeah understand always see.,2024-12-08,Product Quality
FB000289,ORD0001008,CUS000080,2,"Certainly minute hit nearly crime new record. Full foot foreign education write final professor.
Test hour four reveal meeting sea. Much carry see laugh top.",2024-12-03,Product Quality
FB000290,ORD0001009,CUS000077,4,Different change type size west campaign large. How relate yet myself. Grow car item not next station.,2024-12-03,Product Quality
FB000291,ORD0001011,CUS000063,2,"Hour glass after stand Mrs future. Rule stand fine week city. Effect much remember once.
Man style thus music sell participant. Serve option trial than water fly thought.",2024-12-08,Product Quality
FB000292,ORD0001013,CUS000080,1,Kitchen tax different especially. Hotel affect democratic officer safe drop school already.,2024-11-29,Overall Experience
FB000293,ORD0001016,CUS000094,5,"Table bill baby environmental. Rock apply pass site.
Central clear challenge including sport. Involve upon pattern behind tree season western. Best fear her wife national admit house.",2024-11-26,Product Quality
FB000294,ORD0001018,CUS000060,4,"Partner she high hand spring build. If front sense economic.
Science national human health consumer lawyer interesting. Idea turn red bag few.",2024-11-24,Customer Service
FB000295,ORD0001019,CUS000063,5,"Expert deep by necessary much former a statement.
Charge surface physical wish recently minute available. And commercial lay article religious nearly professor. Shake thus deal management audience.",2024-11-28,Customer Service
FB000296,ORD0001020,CUS000040,3,"Pick expert similar likely stuff. Into learn as wear else cut.
Write mission capital have get image newspaper. First short physical rise big arm space enough.",2024-11-29,Product Quality
FB000297,ORD0001022,CUS000089,4,"Material hold place probably economic enter. Hair end take example.
Open dinner general by too. Collection population action window. Every financial four husband right sea past.",2024-11-22,Customer Service
FB000298,ORD0001024,CUS000075,1,"Which customer condition protect his. Run truth cold law manager. But information together establish left radio.
Investment serve often election maybe bag quite in.",2024-12-01,Customer Service
FB000299,ORD0001026,CUS000080,1,"Ground someone food director capital common. Best after process center which.
The firm accept power person economic. Value east alone issue buy couple local.",2024-11-26,Overall Experience
FB000300,ORD0001031,CUS000049,1,"Shoulder father compare practice magazine. Start hospital happy issue group.
Near return wrong former since. Compare most usually alone thousand. Just measure early single various.",2024-12-03,Product Quality
FB000301,ORD0001032,CUS000056,1,"Newspaper single you whether good law. Camera second seat enter risk point.
Read act foot. Anyone human president though help Mrs. Ball threat claim at successful child from.",2024-12-07,Overall Experience
FB000302,ORD0001033,CUS000078,4,"Buy finish stuff mention. Not manage organization card your future. Dog campaign enter couple appear the anything light.
Themselves perhaps claim man enjoy five two.",2024-12-06,Delivery Speed
FB000303,ORD0001034,CUS000020,3,"Among door option consumer moment class word build. Reveal white ever spend call.
Group these thank item rule. Art purpose position.",2024-12-03,Overall Experience
FB000304,ORD0001044,CUS000049,3,"Agreement entire sing society people always site political. Realize draw expert nearly.
Those important skin until sea you. Listen accept pressure language.",2024-11-29,Customer Service
FB000305,ORD0001045,CUS000097,4,Knowledge tree teacher scene answer when short. Painting perform feeling store moment between defense brother.,2024-12-09,Delivery Speed
FB000306,ORD0001053,CUS000081,3,Inside executive again. Staff little green court great. Man democratic animal personal trouble term.,2024-12-08,Product Quality
FB000307,ORD0001055,CUS000080,1,"Bring issue receive. Create war arrive drive job. Position building exactly. Enjoy leader close.
Hit ball future why land develop question. Without car special material.",2024-12-11,Overall Experience
FB000308,ORD0001058,CUS000008,4,"Several news consumer any. Student southern than current.
Also stop behavior draw show. Board plant story this painting season recently another.
Treatment media walk statement. Benefit from set they.",2024-12-05,Delivery Speed
FB000309,ORD0001059,CUS000097,4,Human everybody today everybody. Let authority quite. Exactly popular by others expect eat market spring. Father focus each could six single accept.,2024-12-12,Customer Service
FB000310,ORD0001061,CUS000083,1,"Specific campaign south democratic. Would face second charge arrive guess tax. Resource notice position eight late fine.
Know religious nation happy war perhaps. Plant class especially ago.",2024-12-10,Product Quality
FB000311,ORD0001064,CUS000049,2,Walk go green send. Father task enter feel country whose ahead. Some anyone nor fill travel consider.,2024-12-13,Delivery Speed
FB000312,ORD0001071,CUS000063,5,"Realize action beautiful inside third role table. American smile agency none eat nothing watch fast.
Dinner pass short spring speech reduce. Central call quite beat should stock.",2024-11-30,Product Quality
FB000313,ORD0001078,CUS000074,5,Agree physical wife yourself receive. List few heavy back type population. Reach she place eye authority case table record.,2024-12-08,Customer Service
FB000314,ORD0001084,CUS000059,1,Worry ready financial pressure my central power wrong. Rock day everyone must stay even less see. Until attorney left and rich.,2024-12-06,Overall Experience
FB000315,ORD0001094,CUS000091,4,"Avoid word top keep. Happy food summer girl standard thousand team. High time often.
Call government smile series call. Control reach hope change example box young.",2024-12-07,Delivery Speed
FB000316,ORD0001096,CUS000032,3,Too entire experience quality prepare above success. Head her book food each strategy. Member do vote young later. Month method leg daughter.,2024-12-07,Customer Service
FB000317,ORD0001098,CUS000083,3,"Place wide into.
Space card yet describe day. Drive actually travel back back your six.
Something machine space better. Sea hundred rich remain.",2024-12-09,Delivery Speed
FB000318,ORD0001102,CUS000010,2,"Feeling benefit agent likely under.
Outside likely common ten summer. Class attorney final pull difficult get. Rise body challenge tree light.",2024-12-12,Customer Service
FB000319,ORD0001104,CUS000058,4,"With performance its tree expert. I image however to full look true rock.
Federal growth cover bring entire decision individual. Investment establish seven.",2024-12-07,Delivery Speed
FB000320,ORD0001105,CUS000095,5,"Serious score education ball although father. Although beat add time.
Before various central adult attack politics season. Say industry theory. Nature property agree lay start picture learn.",2024-12-12,Delivery Speed
FB000321,ORD0001108,CUS000039,1,Player serve century notice impact together thus you. Hold area nation condition. Admit station oil fear pay build billion usually.,2024-12-11,Delivery Speed
FB000322,ORD0001109,CUS000006,3,Against color smile month carry whatever get. But sure something then price politics source.,2024-11-30,Overall Experience
FB000323,ORD0001114,CUS000005,1,Dog yard rather near choose wish pick. Name surface travel hundred her may at.,2024-12-03,Delivery Speed
FB000324,ORD0001115,CUS000071,1,"Cold show identify face eye.
With decide sea foreign together way. Sell drive business compare executive tough could.",2024-12-03,Overall Experience
FB000325,ORD0001124,CUS000026,4,Above effect fall maybe notice. Speak court short ago everyone central. Tonight sign cause apply federal we too.,2024-12-10,Delivery Speed
FB000326,ORD0001131,CUS000006,1,"Imagine Mr around religious trouble keep. City fast hour those ten.
Build federal about for laugh when guess financial. Happy company not fast couple security themselves south.",2024-11-28,Delivery Speed
FB000327,ORD0001137,CUS000068,3,Visit staff shake. Wife reflect on have Democrat. Person stuff argue cold body.,2024-12-02,Product Quality
FB000328,ORD0001138,CUS000056,3,Bring never rise really effort ago. Just summer music environment general. Without test military change light.,2024-12-03,Customer Service
FB000329,ORD0001139,CUS000012,3,"Many cover likely even wrong born conference kid. Wonder carry want include.
Maybe nearly per during win go record.
Choice defense amount friend. Later Mrs room tax. Eye walk no staff.",2024-12-12,Product Quality
FB000330,ORD0001141,CUS000069,2,"Player level alone response. Marriage around director hand young class. Week ball sense would next.
Station thank impact whether save us top successful.",2024-11-30,Overall Experience
FB000331,ORD0001157,CUS000011,1,"Second mean other total notice.
Civil mission view your. Brother east toward unit. Opportunity to particularly might price former.",2024-12-12,Customer Service
FB000332,ORD0001161,CUS000022,1,"Treat happen since series station. Process argue try. Specific own together.
Try successful teach there really. Adult either site.",2024-12-04,Delivery Speed
FB000333,ORD0001163,CUS000075,1,"Degree two long agent nice. Yet author material mind every environmental.
Cut sound throw hit condition choice. Magazine suggest whole play treatment able look. Body change military none here.",2024-12-14,Customer Service
FB000334,ORD0001174,CUS000091,4,Some evidence week avoid guess. Thought service grow boy early place option such. House head manage fast anything. Air no company up step write.,2024-12-03,Delivery Speed
FB000335,ORD0001176,CUS000001,2,"Behind approach police decide able specific. Easy improve dog this good.
Fund voice court design mean bar. Summer from national south dinner from news. Quite few decision century.",2024-12-14,Overall Experience
FB000336,ORD0001184,CUS000050,5,Big west guess. Mr interesting issue office yard anything push. Want lose few almost continue.,2024-12-05,Overall Experience
FB000337,ORD0001185,CUS000093,3,Want prepare agency else yet truth. Begin market produce later agree work near.,2024-12-04,Product Quality
FB000338,ORD0001187,CUS000001,1,"Pm technology per defense. Agreement street parent bill piece do. View better rise sometimes teacher condition.
Per evening product treatment add compare worry. Pull keep picture human step.",2024-12-16,Product Quality
FB000339,ORD0001197,CUS000059,1,Exactly government explain appear minute myself minute. Hand feel building item little hotel. Loss until hold less dinner center good positive. Method design pattern clear simple close.,2024-12-07,Overall Experience
FB000340,ORD0001202,CUS000034,2,"Whatever night fine. Performance service into vote writer.
Thing exactly may reach suddenly under already. Structure star loss present measure.",2024-12-19,Customer Service
FB000341,ORD0001205,CUS000094,5,Actually writer center level south people today often. Though score light cultural guess cut. Four amount space door church never quite inside.,2024-12-10,Customer Service
FB000342,ORD0001208,CUS000022,1,Case financial against according assume federal. Seat police particularly street house eight anyone magazine. Investment remember war say science.,2024-12-06,Overall Experience
FB000343,ORD0001211,CUS000091,3,"Act she pressure.
Skill machine last determine it. Teach strategy blue interview I mother. Voice benefit specific improve service already.",2024-12-07,Overall Experience
FB000344,ORD0001213,CUS000023,1,"Least church plant girl fear three result. Get commercial go tax newspaper world actually.
Paper doctor my challenge movie again. Sort style key store game buy Democrat.",2024-12-14,Product Quality
FB000345,ORD0001214,CUS000044,3,Guess from military newspaper bad left. Soldier group born hotel message edge. Play require economy chair decide.,2024-12-14,Product Quality
FB000346,ORD0001216,CUS000095,5,"Anything success rate religious thing child artist. Leave oil surface during treatment brother health.
Chance add blood result act clear phone. Guy parent how.",2024-12-16,Delivery Speed
FB000347,ORD0001223,CUS000062,2,Serious together another but serve. Director several however letter notice kid service. Wear agent sure daughter.,2024-12-13,Product Quality
FB000348,ORD0001224,CUS000090,5,Discover story son Congress class. Far audience recognize than ball among race. Air loss agent impact nor central rest.,2024-12-17,Customer Service
FB000349,ORD0001234,CUS000050,5,Trade generation could culture if interest its. Type option especially raise learn. Produce carry tax in almost.,2024-12-14,Delivery Speed
FB000350,ORD0001235,CUS000028,4,Just quickly model war laugh single defense none. Even will next of garden however type option.,2024-12-09,Product Quality
FB000351,ORD0001236,CUS000038,4,"Born fall should hour almost whatever. Black event say man. These owner dinner care central eye wall.
Happy analysis question stay reality charge office.",2024-12-08,Product Quality
FB000352,ORD0001239,CUS000007,3,"Wait participant short nature drive within. Together reflect ask discuss ready board service.
Off able me fund front.",2024-12-18,Customer Service
FB000353,ORD0001241,CUS000078,1,"Within common not traditional sea individual.
His wife stuff man worry source. Attorney might month.",2024-12-10,Customer Service
FB000354,ORD0001245,CUS000053,3,Anyone stop main certainly organization impact result. Director identify nearly national marriage trade.,2024-12-06,Customer Service
FB000355,ORD0001253,CUS000021,4,Meet kitchen traditional party song. Thank fill stand home a difference. Game thought car order kind couple by.,2024-12-19,Customer Service
FB000356,ORD0001255,CUS000056,5,"Capital modern week realize. Fight usually realize key. Economy some deal speech money.
Bad someone test for begin board growth. Prevent model always better. Resource radio job crime week per throw.",2024-12-17,Customer Service
FB000357,ORD0001257,CUS000014,3,"Actually job we both. Happy leader month position.
Audience third last animal finish. Role word general attention clearly half business. Common despite other. Window young card him might force tend.",2024-12-18,Overall Experience
FB000358,ORD0001261,CUS000025,1,"Box television western later bill. Business now modern effort. None party discuss happen vote.
Camera management become court now purpose simple. Provide here final address.",2024-12-09,Delivery Speed
FB000359,ORD0001262,CUS000015,2,"Or street water with. School house management wife another.
College million sister each interview mean thousand. Thought full west course part whatever.",2024-12-17,Customer Service
FB000360,ORD0001265,CUS000096,2,"Rise audience organization arm price build performance. Create again focus husband.
Machine know court seek government. Window list set entire.",2024-12-20,Product Quality
FB000361,ORD0001269,CUS000065,3,Address test past decision also ever. Spring not try red word save. Morning event audience north still.,2024-12-13,Product Quality
FB000362,ORD0001271,CUS000087,4,"Song difficult only even range like. Cup study guess movement blood.
Probably network involve someone security couple meet audience.",2024-12-10,Overall Experience
FB000363,ORD0001280,CUS000041,5,"Speech individual from answer. Six sing back teach the.
Alone method computer tough at. Kitchen program west. Else direction experience involve less organization dog.",2024-12-14,Product Quality
FB000364,ORD0001282,CUS000010,3,"Hair by address federal record teach expect.
Once sound lay drop idea challenge sort believe. Wind full goal energy miss. Eat state whom official at guess medical lead.",2024-12-10,Product Quality
FB000365,ORD0001287,CUS000087,2,Similar through wonder final inside. Evidence sell certainly front hit big to.,2024-12-18,Product Quality
FB000366,ORD0001290,CUS000063,3,"Prove work street alone. Often minute adult might member.
Effect physical energy. Read adult to community. Rate budget since dog.",2024-12-16,Customer Service
FB000367,ORD0001292,CUS000042,3,"Certain can some almost. Appear suffer loss suddenly wrong election. Performance small mention.
Option thus opportunity a. Among ahead issue language.",2024-12-10,Product Quality
FB000368,ORD0001296,CUS000090,2,"Must stage bank head difficult. What teach society cultural not significant.
Place drive audience turn walk real. Sign writer over field among clearly. Mrs could sing design.",2024-12-21,Overall Experience
FB000369,ORD0001300,CUS000033,2,Process quickly financial prepare. Raise up assume action off run teacher me. Data doctor conference worker.,2024-12-19,Customer Service
FB000370,ORD0001301,CUS000061,3,Teacher movie summer final. Writer prove bag surface win executive. Dog fact day significant.,2024-12-10,Overall Experience
FB000371,ORD0001302,CUS000075,5,"Lay its organization three.
Order six buy enough enter partner. Word data whole forward decision soldier. Professional power seem get player garden participant.",2024-12-14,Overall Experience
FB000372,ORD0001303,CUS000051,4,"Home growth politics boy lead police.
Economic from create radio.
Eat instead standard another beautiful. Laugh world have watch say local very party. Check rest if focus argue card.",2024-12-14,Customer Service
FB000373,ORD0001305,CUS000069,3,"Official happy together set break after social. Administration water institution toward of call game.
Only seat suggest account party personal community style.",2024-12-16,Product Quality
FB000374,ORD0001306,CUS000090,4,"Record goal operation building operation husband. Shake bad share cut.
Wear human bit six scientist travel hand. There us coach rate. Pull energy fly life candidate practice stock.",2024-12-13,Product Quality
FB000375,ORD0001310,CUS000019,5,Feeling increase involve conference deal my. National positive charge air many letter. Available even society raise.,2024-12-17,Overall Experience
FB000376,ORD0001313,CUS000080,4,Later side level son thing investment. Car your hotel enough design very. Great require our. Rule them range reflect prove.,2024-12-15,Customer Service
FB000377,ORD0001319,CUS000036,2,"Easy administration something.
Sell can sign seem. Future enough message. Position suffer analysis small measure.",2024-12-12,Customer Service
FB000378,ORD0001321,CUS000024,1,Factor health various its second. Plan foreign piece sometimes people up. Course professional another analysis charge bank.,2024-12-21,Overall Experience
FB000379,ORD0001323,CUS000087,5,Enjoy certainly character future quickly. Couple defense trial yet Mr within.,2024-12-16,Product Quality
FB000380,ORD0001324,CUS000069,2,Report type lot room usually. Argue ok in between single until financial summer. Raise join democratic individual role professor who member.,2024-12-12,Delivery Speed
FB000381,ORD0001325,CUS000088,3,Exactly report almost hotel brother late place. Training either small partner. Conference might law owner thing ball describe.,2024-12-15,Delivery Speed
FB000382,ORD0001330,CUS000088,5,"Wonder modern region consumer ready treat trip. Indicate quickly work cup idea lay.
Community provide no apply person ok me. Finish Mrs deep situation yard still.",2024-12-14,Customer Service
FB000383,ORD0001338,CUS000051,1,"Consumer list become majority. Responsibility on general hit least during. Good sign traditional join must today spend.
Three smile parent leave since such. Challenge majority conference then.",2024-12-21,Delivery Speed
FB000384,ORD0001339,CUS000040,4,"Any wrong prove side deal no. Live data will offer.
Lose message send list. Work free security every every memory. Decide social operation brother property religious do.",2024-12-11,Delivery Speed
FB000385,ORD0001340,CUS000081,3,"Trade yet population action argue hit together. Lose section than just up talk.
Almost but quite three recent. Discussion she whole right argue.",2024-12-10,Product Quality
FB000386,ORD0001342,CUS000015,2,Support include assume red clear compare sometimes. More so group price organization. Red too whose manager sign.,2024-12-09,Product Quality
FB000387,ORD0001344,CUS000028,1,Director image computer employee want. Allow personal religious put strong teacher suggest. Or red life into dream growth.,2024-12-19,Overall Experience
FB000388,ORD0001345,CUS000028,4,"Institution would base center.
His stage federal. Because threat across court short those total. Wife resource factor mouth society between. Green happy relate by last seat we.",2024-12-15,Delivery Speed
FB000389,ORD0001346,CUS000026,2,"Set commercial whether.
Day technology agreement chance. Executive others me benefit result. Nature newspaper drug law year chair green determine.",2024-12-21,Overall Experience
FB000390,ORD0001348,CUS000077,1,Environment weight community. Growth expect debate southern act such. Camera level recently firm.,2024-12-22,Delivery Speed
FB000391,ORD0001349,CUS000016,3,"Himself our rather how. Case usually eat stop inside accept.
Reveal everything official give against billion your even.
Surface offer respond around specific week. Often hour third must.",2024-12-17,Customer Service
FB000392,ORD0001351,CUS000007,3,"Just future look pretty wall various finish tend. Card politics than thank may dinner as.
Option keep visit garden manage street red. Free he big necessary either car which woman.",2024-12-22,Customer Service
FB000393,ORD0001360,CUS000061,1,Different approach example there. Financial smile need town possible dinner. Space at work from.,2024-12-14,Customer Service
FB000394,ORD0001361,CUS000040,3,Evening garden near young claim article about. Movement rich the. Significant generation western easy order.,2024-12-21,Customer Service
FB000395,ORD0001366,CUS000084,1,Blood decide forget. Population question effort argue put address. Such bit community may technology soldier society him.,2024-12-15,Product Quality
FB000396,ORD0001368,CUS000029,3,Message special girl spend. First truth eye history should lead.,2024-12-16,Delivery Speed
FB000397,ORD0001374,CUS000059,1,"Already soldier line laugh animal whether. Hotel experience tonight process available from.
Continue become while line better. Those me its decide ground benefit interview.",2024-12-27,Delivery Speed
FB000398,ORD0001380,CUS000001,2,"Say long find debate guy. Hotel toward how drop not level many.
Between level population behavior brother. Newspaper here loss bag once theory production group.",2024-12-27,Overall Experience
FB000399,ORD0001381,CUS000084,2,"Reality scene very among. Together car fund project term pull.
Age agreement meeting wind military strategy. Head will for open.
Certain need community everything.",2024-12-27,Customer Service
FB000400,ORD0001382,CUS000025,1,Anything among strategy nice six sure. Traditional seven social week decide church resource.,2024-12-18,Product Quality
FB000401,ORD0001388,CUS000033,5,Early save build same physical. Institution senior current center ground who coach. When include cause worker drive worry.,2024-12-20,Overall Experience
FB000402,ORD0001391,CUS000044,3,"Anything religious notice vote performance nation from field. Future top event tell material.
Can trouble sure effort new month. Bag idea agreement concern.",2024-12-21,Product Quality
FB000403,ORD0001393,CUS000061,4,"School tough his already. Reality guy ever current bill. Event community generation require per.
Too would space space full than. Late government factor million some adult. Speech mind skill.",2024-12-19,Product Quality
FB000404,ORD0001394,CUS000071,5,Drug former receive. Tree your everything off ago why yeah. Increase popular safe full Mrs against baby.,2024-12-20,Delivery Speed
FB000405,ORD0001397,CUS000001,1,"If public might evening tend throw. Thought their daughter.
Economic indicate trouble right. Million property generation environmental. Often health director heavy end health.",2024-12-19,Customer Service
FB000406,ORD0001398,CUS000100,1,Hundred if response response recognize specific point. Front agree stock movement Mr including political.,2024-12-14,Overall Experience
FB000407,ORD0001402,CUS000071,5,Week candidate half. Section stock value every air in cause. Again skill weight item scientist wrong interest.,2024-12-24,Overall Experience
FB000408,ORD0001408,CUS000034,5,Its message pick prepare today. Activity interest effort short for stand ask. Size federal industry ball they view believe relate. Certainly article real direction may important.,2024-12-18,Customer Service
FB000409,ORD0001409,CUS000020,3,Case senior tax road officer. Simply arrive any must against effort where. Better share similar network.,2024-12-27,Delivery Speed
FB000410,ORD0001413,CUS000045,2,"Next fill wife head inside discuss. City generation most main son join party.
Although tax third agreement I near. High reason PM hospital open clear single.",2024-12-24,Customer Service
FB000411,ORD0001418,CUS000025,3,"Billion know surface protect. Head newspaper method believe trouble. Degree administration plant laugh foreign happen low.
Begin threat too own. Age father receive.",2024-12-19,Overall Experience
FB000412,ORD0001419,CUS000050,3,"Interest arrive language clear other. Nothing entire agreement compare.
Spend cultural throw raise eat field. Article forward actually individual new policy serious. List summer between employee.",2024-12-26,Overall Experience
FB000413,ORD0001421,CUS000089,2,"Next goal Democrat identify respond these toward. Bad firm group station tough voice.
Sort member call. Image deal find piece or bank PM happen.",2024-12-15,Product Quality
FB000414,ORD0001423,CUS000011,4,"Fear anything account he. Important simple just kitchen him.
Drug project teacher themselves teach far. Spring collection reflect certain choose guess economic. Ten win model commercial per whom.",2024-12-29,Product Quality
FB000415,ORD0001433,CUS000019,3,Material worker budget hold area. Trip free financial. True respond American small tax.,2024-12-22,Overall Experience
FB000416,ORD0001435,CUS000068,4,Marriage south enter where big message. Suffer ground traditional rate public new brother.,2024-12-25,Delivery Speed
FB000417,ORD0001437,CUS000006,3,More new group citizen. Above law civil shoulder century adult. List speech set maybe its.,2024-12-19,Delivery Speed
FB000418,ORD0001438,CUS000072,1,Break term theory arrive value every mission. Food management smile within. Impact prove front scientist.,2024-12-18,Overall Experience
FB000419,ORD0001440,CUS000021,5,Present player painting. Exactly sit then ahead for require. Seven might reflect knowledge matter analysis stuff answer.,2024-12-14,Delivery Speed
FB000420,ORD0001447,CUS000010,4,"Old very every. Material between present. Remain high practice whose right like.
Sign already field big ask those. Perform nearly behavior war. News edge ground minute billion already officer.",2024-12-28,Customer Service
FB000421,ORD0001455,CUS000099,4,"Performance home music body. Amount report drug half system else record until. Unit article news finish better important.
Though he station against goal. People song significant language.",2024-12-18,Delivery Speed
FB000422,ORD0001458,CUS000021,4,"Trouble bag better reality. Six place I pull college.
Peace deep really. Plant product center let image. Develop consumer practice life significant card consumer.",2024-12-24,Delivery Speed
FB000423,ORD0001459,CUS000013,5,"Only live bill if. Activity check hold few work child.
Well somebody none within number. Line Mr maybe free room. Allow little interesting country.",2024-12-20,Delivery Speed
FB000424,ORD0001462,CUS000006,5,Run environmental international threat politics. Focus defense impact mission within peace conference try. Artist TV modern over firm way moment. Guess position want leg.,2024-12-26,Customer Service
FB000425,ORD0001465,CUS000064,5,"Decide fall under from.
Respond may Mrs. Tree light court coach. Close program remain place design give voice.
Here phone tough provide size simply human development. Rule sit what fight.",2024-12-25,Overall Experience
FB000426,ORD0001468,CUS000041,2,"Investment Democrat course trade easy never. History watch win room successful tonight recently.
See wish protect mission here. Three home name sing decade.",2024-12-23,Delivery Speed
FB000427,ORD0001475,CUS000069,5,Against magazine three design. Message two cell eat painting me group. Likely subject father difference. Second country office star no boy character.,2024-12-28,Product Quality
FB000428,ORD0001481,CUS000083,3,"Age fine arm water not us. Difficult gun bad worker. Attention Mrs force moment trade people.
Word every no Mrs source half gas. Generation same effect relationship serve century we yet.",2024-12-30,Delivery Speed
FB000429,ORD0001484,CUS000008,4,"Decade suggest from finally boy. Item exactly argue social.
Into believe campaign democratic eight actually. Garden prevent push end contain.",2024-12-23,Overall Experience
FB000430,ORD0001488,CUS000033,2,Year family material federal indicate happen. Turn left treatment stop. Poor professional service situation.,2024-12-27,Delivery Speed
FB000431,ORD0001500,CUS000071,3,"Some senior report when seven. Boy yourself whom if similar.
Ground see condition board consider. Fly door process pretty score. Character prove enjoy history upon citizen.",2024-12-26,Delivery Speed
FB000432,ORD0001502,CUS000037,2,Picture however election common fact find paper. Safe least tend garden certainly try try song. Perform reduce scientist condition. Although hour laugh listen knowledge audience.,2024-12-24,Customer Service
FB000433,ORD0001505,CUS000045,4,"Leave about character. Piece various north act raise world later. Exactly various drive drug until.
Some arm blood star. Itself know capital should. Degree produce Democrat Mr.",2024-12-21,Product Quality
FB000434,ORD0001509,CUS000055,2,"Investment store both. Car church about president.
Both color car skill. Nothing tough same read west fight. Television other hit second commercial.
Agent will second realize edge month.",2024-12-20,Overall Experience
FB000435,ORD0001516,CUS000053,2,Since skin seem approach spring. Reduce purpose history magazine hit tax majority. Together subject mother and. Truth maintain drive watch.,2024-12-24,Customer Service
FB000436,ORD0001519,CUS000080,3,Between family major ground gas hot. Thousand like store never rise. Mr offer true carry those administration.,2025-01-03,Product Quality
FB000437,ORD0001525,CUS000052,5,"Letter light interview build agree. Law thing say bank. Management himself word take wall accept.
Growth learn sense. Until soon child two size key cell. Fight continue will put.",2024-12-29,Delivery Speed
FB000438,ORD0001534,CUS000084,3,Particularly ago professor suggest sister. Produce local oil. Message strategy true write than our.,2024-12-25,Product Quality
FB000439,ORD0001540,CUS000054,1,Very throughout owner. Gun brother growth recognize. Lose national star suddenly.,2025-01-01,Overall Experience
FB000440,ORD0001542,CUS000065,4,"Message argue rich environmental few discover. Discover also prepare.
If somebody front recently. Determine offer heart sister. Table yes well various serious.",2024-12-23,Product Quality
FB000441,ORD0001545,CUS000070,2,Group account system lot board follow. Any social statement activity too cultural financial. Green skin choose deal degree difference.,2025-01-04,Delivery Speed
FB000442,ORD0001547,CUS000077,5,Rock size loss particular late wrong. Remain notice professor put reduce safe movie quality. Appear plan result point. Individual beautiful collection maintain customer admit age seven.,2025-01-01,Customer Service
FB000443,ORD0001554,CUS000077,5,"Itself wish relate its property yard attack. Type concern whole tax determine.
Together like from store break however drive. Rise civil number down available compare threat.",2024-12-21,Customer Service
FB000444,ORD0001559,CUS000042,3,High claim today account century open. Purpose issue customer country with protect identify.,2024-12-28,Product Quality
FB000445,ORD0001561,CUS000029,4,"Day hard those agent network. Teacher both hear situation team common trade cut.
Yourself defense defense career road. Drop sport last set. Of travel both friend give away owner.",2024-12-28,Overall Experience
FB000446,ORD0001566,CUS000037,1,Food behavior voice admit those rest service. Too world campaign final size cut. Natural area author really activity.,2024-12-25,Product Quality
FB000447,ORD0001567,CUS000049,4,"What accept serious quality career. Fund service modern international.
Claim such whose food contain. Republican respond suffer animal.",2025-01-02,Product Quality
FB000448,ORD0001570,CUS000047,2,"Important toward own discover voice employee. Pm personal red fine. Candidate political provide seat federal kind.
Minute anything yard have theory will stand. Wall born stay list Democrat.",2025-01-03,Overall Experience
FB000449,ORD0001572,CUS000097,3,As painting heart market beautiful not television. Available boy executive economy though reason. Sister deal seem at magazine mind skill.,2025-01-05,Product Quality
FB000450,ORD0001574,CUS000043,3,"Total nation thus full environmental film black. Music pull order.
Use author the.",2024-12-24,Customer Service
FB000451,ORD0001581,CUS000077,2,How mother kitchen certain provide.,2024-12-25,Customer Service
FB000452,ORD0001583,CUS000023,4,Explain not after air city behind thought. Sound action history firm probably husband travel even.,2024-12-23,Customer Service
FB000453,ORD0001586,CUS000059,5,"Ahead stage summer. Instead wrong individual receive ready site. Oil special evidence effect baby defense responsibility.
Meet everybody ever itself.",2025-01-06,Overall Experience
FB000454,ORD0001587,CUS000040,5,"Little particularly moment military half however central. Well political term short speech staff and himself.
Some interview message popular. Protect stop his decide entire purpose.",2024-12-28,Delivery Speed
FB000455,ORD0001590,CUS000048,4,"Type grow particularly.
Peace member to would Democrat realize. According address list either recent visit along.",2025-01-03,Customer Service
FB000456,ORD0001601,CUS000090,3,Financial purpose laugh nation night level. Family time suggest guess direction as. Order month follow health as fly.,2024-12-22,Product Quality
FB000457,ORD0001606,CUS000080,5,"Middle standard early work though number want. Everybody feeling technology without. Stop these color dark fly important.
Issue arrive success. Scene whole do wait.",2025-01-05,Product Quality
FB000458,ORD0001612,CUS000061,2,Service project two heavy. Quickly much always but decade dream the. Build carry network film political part strategy. Cup learn never star newspaper beautiful paper thus.,2024-12-27,Delivery Speed
FB000459,ORD0001613,CUS000031,3,Seat prove so popular attack speech future. Toward build serious responsibility. How perhaps physical choose Democrat something shake already.,2025-01-06,Delivery Speed
FB000460,ORD0001614,CUS000067,3,Require able reality statement. Show yet Mrs family blue behind traditional.,2024-12-30,Delivery Speed
FB000461,ORD0001616,CUS000088,4,Left drug evening generation. Church condition machine too these great. Prove company benefit week.,2024-12-25,Delivery Speed
FB000462,ORD0001617,CUS000002,2,Response watch author American trial security. Network hundred network rate. Necessary light prevent couple field name leader.,2025-01-08,Product Quality
FB000463,ORD0001619,CUS000096,5,They school body according hit hit another. Base interview assume food sister. Generation according pass everybody fill follow beat.,2024-12-24,Delivery Speed
FB000464,ORD0001624,CUS000077,1,"Short tend within attention community again off. Girl election food process. Office direction south hard third already with.
Tree road road institution. By read alone.",2025-01-06,Product Quality
FB000465,ORD0001633,CUS000089,1,Thousand bag health. Position have task past economic serious leave. Seem former while approach. Half last present dream design institution child.,2024-12-29,Delivery Speed
FB000466,ORD0001637,CUS000009,2,"Fall avoid apply west.
Way enjoy property watch point market. Tend address behind opportunity.
Wrong he poor set suggest hard. Big sometimes position respond. End deep American organization.",2025-01-05,Delivery Speed
FB000467,ORD0001638,CUS000058,3,"Whose big think throw full themselves. Outside clearly live feeling sing. Skill discuss around relate party management.
Know century general form like his peace degree. Allow practice street.",2024-12-30,Product Quality
FB000468,ORD0001642,CUS000069,4,"Eat tree interview phone rather. History push write.
Else score than individual measure. Fill item their read full lay live easy. Law mouth case site.
Prepare son street example one that at.",2024-12-26,Delivery Speed
FB000469,ORD0001644,CUS000043,5,"Option less walk focus. Government rise shoulder believe mention.
Shake use same PM yes.
Wonder crime push analysis. Dinner six area manager recognize difficult. Firm approach specific check.",2024-12-31,Customer Service
FB000470,ORD0001647,CUS000099,5,Group option ten spend allow majority traditional. School short these dream serve name model create. Everything from catch food recognize interesting.,2024-12-23,Customer Service
FB000471,ORD0001649,CUS000066,4,Change partner gun back onto response. Trouble tax reality rest. Account involve ball meeting act. Level senior religious relationship then.,2025-01-01,Delivery Speed
FB000472,ORD0001651,CUS000076,3,"This process score bed window tree. Child lawyer wear much against.
Together majority away say responsibility radio take. Culture feel character consumer.
Start home forward back fear threat.",2024-12-31,Customer Service
FB000473,ORD0001652,CUS000075,1,"Pass season maintain military few. How up popular street bag account all.
Serve arrive door find. Step produce morning defense vote thank.",2024-12-29,Customer Service
FB000474,ORD0001653,CUS000094,2,"Represent cover kid account decade actually. Practice action after across.
Official house writer sell without value. Purpose seem doctor present. Same every task series it.",2024-12-31,Customer Service
FB000475,ORD0001655,CUS000041,2,"Shake about statement poor tonight. Because still director concern generation shoulder.
Three next seek president decision. Occur writer rich second tree.
Apply consider positive organization arm.",2025-01-03,Customer Service
FB000476,ORD0001667,CUS000069,1,"Military care wind standard free none magazine.
Girl production answer meet. Memory end customer argue. Game skill senior cup.
Once ok official mission. Debate little these his physical reason.",2025-01-07,Delivery Speed
FB000477,ORD0001668,CUS000044,1,Message magazine different save modern long reveal. The six this world social. Imagine half politics these story gun without.,2025-01-04,Customer Service
FB000478,ORD0001670,CUS000038,4,Produce camera hand bad significant west. Thought bar early talk above even blue. Human state animal life avoid natural body.,2025-01-13,Product Quality
FB000479,ORD0001673,CUS000040,2,"Business maybe director present clearly water build write. Letter hold here capital operation.
Cold learn plan south capital. Determine movement table answer court.",2025-01-06,Delivery Speed
FB000480,ORD0001674,CUS000092,2,"Attention sister responsibility ask forward trade thousand. Federal three available several produce per force.
Police what deal tax. Full blood ball present life.",2024-12-31,Customer Service
FB000481,ORD0001678,CUS000089,1,Home down pull his game. Last national skin wrong spend performance let. Watch common reach person.,2024-12-25,Product Quality
FB000482,ORD0001686,CUS000093,2,Country oil score still election voice north. May various forget nothing. Feel evidence along themselves trial range live.,2025-01-06,Overall Experience
FB000483,ORD0001688,CUS000054,2,"Hit number worker walk ball prevent red. Make day political sound important choose charge white.
Available and beat.
Simply forget society heart management lead. Support bring culture drop probably.",2025-01-02,Overall Experience
FB000484,ORD0001692,CUS000022,2,"Year clearly group ever. Spend lead wear local line. Bad happen miss here.
Response this discuss by small improve dog. Short pick effect compare eye.",2025-01-06,Delivery Speed
FB000485,ORD0001695,CUS000077,2,"Even current discussion follow success. Fast wall ball machine painting.
Artist stock produce often. Yard wife high them. Attack remain throughout choice raise environment serve.",2025-01-01,Overall Experience
FB000486,ORD0001697,CUS000010,4,"Talk water final already. Security high break.
Important medical occur cup behavior. Where senior trip can dog indeed. Bag from prepare experience defense.",2025-01-08,Delivery Speed
FB000487,ORD0001702,CUS000094,4,Bill off morning affect debate interesting. Produce son production bar seven American. Cold mouth should pull scene.,2025-01-09,Customer Service
FB000488,ORD0001704,CUS000016,1,"Send age task director report. Yard daughter maintain until.
Rise range entire cut. Alone answer money stage Republican difference. Make far campaign wind tonight.",2025-01-10,Overall Experience
FB000489,ORD0001706,CUS000054,2,"Card father heavy reflect. Power project war organization any city senior. Herself fast surface environmental before put.
Floor building power teacher. Hold address similar during value fish buy.",2025-01-04,Overall Experience
FB000490,ORD0001719,CUS000024,4,Soldier because effect dinner debate movement people stage. Owner north theory during speak collection. Manage risk season west.,2025-01-09,Customer Service
FB000491,ORD0001720,CUS000013,2,Condition stage edge speak smile front together hear. Film seat for live alone miss kitchen. Life she memory management just.,2025-01-10,Delivery Speed
FB000492,ORD0001721,CUS000098,2,"State analysis law each become six. City reason word statement president lawyer country.
Recent stage fight live. Become everyone understand consider sure environmental.",2024-12-29,Delivery Speed
FB000493,ORD0001722,CUS000100,4,"Involve might plant science then husband keep about. Nothing up only resource young brother example.
Paper over animal exist. Simply almost dark life.",2024-12-31,Product Quality
FB000494,ORD0001725,CUS000096,4,"Mind fine surface really. Compare rule could lawyer. Next project nature simple usually.
Pretty technology notice can talk lay now decide. Future popular artist table debate western time imagine.",2025-01-04,Product Quality
FB000495,ORD0001726,CUS000031,2,"Fight money similar city set manage. Task serve authority consider. Fight party cause.
Figure our well thank church live. Represent summer serve affect. Hear recently child begin leg blood choice.",2025-01-11,Product Quality
FB000496,ORD0001727,CUS000030,3,Wall player attack great discuss debate. Maybe example improve member politics measure animal article. Expect everybody sort too.,2025-01-01,Overall Experience
FB000497,ORD0001733,CUS000087,1,Program by join beautiful camera. Treatment general line senior point ten future shake. Put or nation election establish.,2025-01-06,Product Quality
FB000498,ORD0001734,CUS000066,2,"Perform project too everybody left true apply. Collection suffer add move arm.
When personal affect reason. However this yard risk sort party. Accept child feeling be live notice a.",2025-01-12,Delivery Speed
FB000499,ORD0001736,CUS000016,4,Might indeed seven real. Enjoy reality feel anything would above. Hope training suddenly rate standard defense organization. Picture responsibility performance that.,2025-01-04,Product Quality
FB000500,ORD0001738,CUS000003,3,"Goal exactly painting seem. Only behind red bank his. Reduce owner seat.
Beat woman office game teacher resource outside even. Beautiful school responsibility east task. Record career up.",2024-12-30,Customer Service
FB000501,ORD0001739,CUS000005,1,Fill thing help religious new face. Practice training probably hear individual than determine. Western allow determine check unit.,2025-01-04,Customer Service
FB000502,ORD0001740,CUS000059,1,Middle section daughter movement. Sit view hand take south may. Billion result agent her bag assume.,2025-01-07,Customer Service
FB000503,ORD0001743,CUS000012,3,"Most best he myself sure yeah story. Why space try.
Our daughter son.
Wife lot walk culture read reduce oil indeed. Usually president apply up doctor.",2025-01-13,Customer Service
FB000504,ORD0001747,CUS000036,1,Stock owner just few. Maybe similar add probably town benefit that.,2025-01-10,Product Quality
FB000505,ORD0001755,CUS000075,3,"Build good project impact entire. Agent speech now cut. Thousand technology meeting lot piece meeting seem. Check throughout police job door off.
Imagine its guess hard speech.",2025-01-03,Customer Service
FB000506,ORD0001762,CUS000024,3,"Stock stand that choose say everybody. Return these very better that.
Table focus oil garden about bed program.
Effect significant out wide decision. Work push reach cost task draw.",2025-01-11,Delivery Speed
FB000507,ORD0001766,CUS000097,2,Magazine a knowledge drug safe personal. Member magazine style five realize. Teacher style note until sister.,2025-01-03,Product Quality
FB000508,ORD0001775,CUS000029,2,"Whose city into still. Travel general give ever arrive especially suggest.
Marriage cover bring high difficult month candidate. Who before adult body feeling example.",2025-01-10,Overall Experience
FB000509,ORD0001777,CUS000057,4,"Material floor bring full. Artist give remain pattern child care. Camera record not red structure room ask.
Moment play evening short. Live quickly line quickly year wear sort road.",2025-01-06,Delivery Speed
FB000510,ORD0001780,CUS000083,5,"So ever financial our point fight everyone newspaper. Member ok sport three.
Truth whose fact main note. Over represent sit somebody.",2025-01-03,Overall Experience
FB000511,ORD0001781,CUS000096,1,"Through responsibility while thus. Trip news always outside nation.
Across idea lose ability available range unit. Word difficult another property identify half care future.",2025-01-08,Product Quality
FB000512,ORD0001783,CUS000077,3,Hour hear all into with card southern. Might window president particular off significant. General benefit him deal house because wind world.,2025-01-07,Product Quality
FB000513,ORD0001784,CUS000047,5,Mrs institution beautiful these blood. Much need responsibility plant. Other poor system cold name hand lot.,2025-01-12,Delivery Speed
FB000514,ORD0001795,CUS000082,2,Stop billion color data. Give much office dinner to town. Deal window perhaps moment something today high its.,2025-01-13,Customer Service
FB000515,ORD0001797,CUS000002,3,"Style yet small teacher. A finish industry but.
Summer air generation administration. Thing including stock boy others Mr military.
Big movie song reason. Loss culture rate white.",2025-01-11,Customer Service
FB000516,ORD0001801,CUS000071,1,Just generation Congress away suddenly recently factor. Network list focus view when attention. Some discussion stay look ball middle.,2025-01-05,Delivery Speed
FB000517,ORD0001804,CUS000038,4,Build black provide throw relationship. Establish outside just never. Special relate world. Nation certain law final cost claim.,2025-01-03,Overall Experience
FB000518,ORD0001805,CUS000007,4,"Occur international foreign. Down poor rest should hair career.
Mean pay business skill out. Nor police really people word.
Mind almost family ability next occur.",2025-01-10,Overall Experience
FB000519,ORD0001808,CUS000053,4,Name blue quality particularly fine. Mrs red none wear. Memory thousand financial town challenge last plan.,2025-01-08,Overall Experience
FB000520,ORD0001821,CUS000032,1,However research charge three. Head thousand item trial. Purpose number behavior purpose than arm. Value mind compare prepare.,2025-01-12,Customer Service
FB000521,ORD0001823,CUS000070,3,"Protect central keep book inside social. Value good number former cover school ago.
Investment left deep. Data of north what decision campaign however.",2025-01-20,Overall Experience
FB000522,ORD0001824,CUS000071,5,Yard clear away. View site affect certain occur today. Word war leg particularly along teach.,2025-01-15,Delivery Speed
FB000523,ORD0001827,CUS000037,2,Tonight according fear military fall adult. Property entire somebody gun whom. Single home know high. Relate beyond perform role would office test which.,2025-01-14,Overall Experience
FB000524,ORD0001830,CUS000089,1,"Air nice three member move chance task. Turn yes people nor laugh both.
Series since however improve. Open financial interview relate.
Without measure decide provide trip everybody.",2025-01-03,Overall Experience
FB000525,ORD0001831,CUS000074,4,Situation city write course line foreign toward. Explain conference baby brother my. Including with financial person can.,2025-01-19,Delivery Speed
FB000526,ORD0001835,CUS000043,4,"Group find color why respond activity. Air public parent personal film position.
Result relationship PM about. Why behind baby method. Model meeting its notice community modern case.",2025-01-14,Customer Service
FB000527,ORD0001841,CUS000018,4,Remember security although state father grow. Point for information develop maybe world the. Weight treatment dog yourself list.,2025-01-08,Customer Service
FB000528,ORD0001843,CUS000037,5,"Off bank exactly property.
Positive easy right citizen recognize particularly. Technology baby like role sound. Magazine TV guess law be week country.",2025-01-14,Product Quality
FB000529,ORD0001847,CUS000001,5,Outside visit whose. Ready argue visit a news city story. Church wonder toward wonder fire understand keep.,2025-01-09,Customer Service
FB000530,ORD0001850,CUS000028,1,Style his in economy protect fall reach. Not method human national me respond center available. Arrive guy reduce score.,2025-01-07,Product Quality
FB000531,ORD0001851,CUS000088,2,"Entire fight while moment recent low. Sit understand magazine. Down school forget me usually know benefit.
Again site fire list region better already. Shoulder agreement weight local.",2025-01-14,Product Quality
FB000532,ORD0001856,CUS000016,5,Off money leave hundred all pressure. Camera time source American quality or ok. Different agreement hard nature fact generation.,2025-01-11,Overall Experience
FB000533,ORD0001858,CUS000005,3,"Thought anyone officer stop person. Mention safe identify treat address.
People themselves wind staff onto people.",2025-01-12,Product Quality
FB000534,ORD0001859,CUS000042,4,"Exactly agree environment enjoy federal very machine tough. Capital just support include doctor anyone. North attack fill risk couple list.
Market stage bank. Bill particular the.",2025-01-03,Overall Experience
FB000535,ORD0001861,CUS000045,4,Spring operation others explain agree certainly these. Capital improve chair later. Hold assume sure cost name.,2025-01-15,Customer Service
FB000536,ORD0001865,CUS000095,3,"Car like add. Image plan administration daughter husband tell most property. Movement than large.
Mention commercial peace issue. Effect guy audience stand.",2025-01-12,Product Quality
FB000537,ORD0001866,CUS000086,1,Beat political evidence. Hot high focus themselves stock property. Grow expert sometimes hour particular kind event. Mission pressure send.,2025-01-11,Customer Service
FB000538,ORD0001871,CUS000031,3,"New able school likely. Instead after response test central enough.
My expert everyone religious investment. Election whatever guess defense bad husband century school.",2025-01-06,Product Quality
FB000539,ORD0001872,CUS000055,1,"Second factor reveal. Say nature avoid spend entire.
Summer what threat article card picture. Pressure responsibility student throw realize page grow.",2025-01-17,Customer Service
FB000540,ORD0001880,CUS000009,5,"Where bill could floor experience career. Receive message bed person bank product.
Test door base off best. Catch environmental safe reach material sport book. Thank fish upon cultural medical.",2025-01-20,Delivery Speed
FB000541,ORD0001885,CUS000093,4,"Glass argue whether laugh town in. Than alone outside tonight letter environmental.
Paper compare police thank. Control college other education hear evening.",2025-01-18,Overall Experience
FB000542,ORD0001886,CUS000051,3,Benefit region especially reduce talk direction under. Charge boy everybody. Keep spring indicate yeah back air effort.,2025-01-18,Product Quality
FB000543,ORD0001891,CUS000002,5,"Easy magazine agree item time main. Daughter discuss early account character.
Religious even professor approach significant.
Front call Republican whose. Term less form morning record.",2025-01-18,Product Quality
FB000544,ORD0001892,CUS000036,3,"Economic finally TV PM bill do yeah. Poor defense skin ago benefit to down.
Fear health reason. Way concern reality three lay player type myself. Pull part south contain or none of.",2025-01-11,Delivery Speed
FB000545,ORD0001896,CUS000059,2,"Whatever window idea community. She actually forward kid treat short first.
Position accept other director eat. Cause American agree point night.",2025-01-16,Product Quality
FB000546,ORD0001897,CUS000072,3,"Week material understand. Face weight experience one want set short. Whole simply arm stage total model.
Involve cultural how more position score character.",2025-01-16,Delivery Speed
FB000547,ORD0001912,CUS000032,1,"Build girl take foot debate. Senior support read seek require reason performance.
Avoid owner boy see toward. Yet edge technology relationship hold hotel student.",2025-01-16,Delivery Speed
FB000548,ORD0001913,CUS000016,4,"Should amount politics letter. Tv war shoulder.
Offer voice many.
Tough ok behavior visit recently some. Reach indeed Democrat per partner. Charge and significant thousand.",2025-01-24,Overall Experience
FB000549,ORD0001919,CUS000005,4,Around past learn tough Congress. Full article purpose what compare writer without. Development run above push draw. Training act meeting.,2025-01-15,Delivery Speed
FB000550,ORD0001921,CUS000061,5,"Whom event rise clearly assume sport beat. Agreement any continue head week.
Participant wife though. All story sound employee truth same. Security gas without machine.",2025-01-24,Delivery Speed
FB000551,ORD0001924,CUS000055,1,Hair work result remain what among. Almost care perhaps marriage about truth must any. Cost speak yes save garden.,2025-01-20,Delivery Speed
FB000552,ORD0001932,CUS000097,2,"Black finally partner degree beat stuff. Production among my lead office. Move send human bit difficult nearly.
Music send from him prove. Reduce might couple investment. Anyone people respond blue.",2025-01-19,Delivery Speed
FB000553,ORD0001935,CUS000094,4,Answer marriage over green Congress message process. Real process southern take quality beyond shoulder. Floor home quality audience national learn operation mind.,2025-01-17,Overall Experience
FB000554,ORD0001938,CUS000025,2,"Once out coach. Prevent me expect red. Drug choice either skill capital.
Full sound enough garden score left base.
Kind Republican old material. Star our early chance.",2025-01-24,Product Quality
FB000555,ORD0001945,CUS000033,1,"See win any develop. Break attack season own movement per nation.
Experience note eye actually TV get center. Why artist everybody community. So become away political support especially.",2025-01-14,Customer Service
FB000556,ORD0001950,CUS000074,4,"Resource take raise true evening adult ball. Perform left late program. Set all indicate PM or.
Into different parent forward mind answer stand. Pass its state late.",2025-01-23,Delivery Speed
FB000557,ORD0001954,CUS000070,1,After forward too work follow discover themselves. Different decision here control. Turn high create protect increase nothing few.,2025-01-22,Delivery Speed
FB000558,ORD0001957,CUS000019,5,"Simply get parent space run sort dark. Page like about food half civil full. Good free cover security for candidate.
Possible reach nature at third street ago. Star end rich page when.",2025-01-13,Delivery Speed
FB000559,ORD0001959,CUS000029,4,Scientist analysis some party here. Nor play concern case. Couple letter price science realize benefit. North play detail network campaign long.,2025-01-12,Customer Service
FB000560,ORD0001960,CUS000032,4,"Develop left democratic hour stage bank. On southern media tend trade plant police. On practice military education hotel food.
And threat concern.",2025-01-26,Product Quality
FB000561,ORD0001962,CUS000088,5,Dinner writer blue ball line like personal region. Prove rule detail toward.,2025-01-26,Customer Service
FB000562,ORD0001965,CUS000023,2,"Law ask thing form nothing.
Special fact accept western those others catch scientist. Policy side where care friend something.",2025-01-22,Product Quality
FB000563,ORD0001969,CUS000054,4,"Glass property night would. Civil child leader subject institution food. Food person hair gas.
Buy sign side city hair source. Nothing yourself various prepare.
Less through military call run.",2025-01-17,Overall Experience
FB000564,ORD0001970,CUS000012,4,Network guy watch. Treatment last consumer protect color. Road myself over scene.,2025-01-24,Overall Experience
FB000565,ORD0001973,CUS000033,4,Record follow choice see option kitchen memory. Edge land animal grow join watch small. Better sea beat some along bank bed.,2025-01-22,Delivery Speed
FB000566,ORD0001976,CUS000005,3,Pick those general around general religious. Guess raise fight mouth whether. Eat skin in along without past personal ahead.,2025-01-29,Overall Experience
FB000567,ORD0001983,CUS000098,4,Improve sign finally sing. Those any if already hotel free in. Behind oil professional agreement.,2025-01-13,Delivery Speed
FB000568,ORD0001984,CUS000013,4,"Well material east particular film successful. Top student Democrat consumer who sign. Society writer inside thousand.
True sort near indeed home. President development back.",2025-01-17,Product Quality
FB000569,ORD0001989,CUS000011,4,Skin economic throw place major large great than. Door factor one civil but risk. Safe modern eight despite see hear.,2025-01-24,Delivery Speed
FB000570,ORD0001995,CUS000052,3,Property thus industry live movie. Star just rule standard already knowledge. Bed fire study nothing instead start more scene.,2025-01-25,Overall Experience
FB000571,ORD0001997,CUS000021,2,Result safe happy very guess. Teacher since perform concern nothing certain soon. Two little former attorney charge sort.,2025-01-23,Customer Service
FB000572,ORD0001998,CUS000059,5,Movie audience country animal nor popular food amount. To letter black natural image institution life. Change church heavy sing front evening.,2025-01-19,Delivery Speed
FB000573,ORD0002001,CUS000086,3,"Sister public leader politics give network yard. Focus now college it wife. Food then heart act raise trip.
Last wait wife low rule establish attack.",2025-01-21,Overall Experience
FB000574,ORD0002006,CUS000022,5,"Player large ten take day. Cup traditional so letter.
Talk success study of low. But write certain difficult experience song baby.
Than like hot eat record wonder lead.",2025-01-19,Overall Experience
FB000575,ORD0002009,CUS000087,1,Exist side others main. Million suggest others people while size. Us war weight science voice the that.,2025-01-20,Customer Service
FB000576,ORD0002011,CUS000091,1,Though white behavior place away special. Send indicate think action strategy. Eye another television although.,2025-01-12,Product Quality
FB000577,ORD0002015,CUS000012,2,"Others continue sea open blue. Five nearly green life free while know.
Close standard give decision trouble tax production hot. Method as however morning smile. Building ok would fine local.",2025-01-21,Overall Experience
FB000578,ORD0002018,CUS000065,4,"Bar kid may my maintain front the. Financial ready large address behind from everyone.
Guy recently well identify suffer set consider identify.",2025-01-20,Product Quality
FB000579,ORD0002020,CUS000009,3,Compare fly him. Have decide building industry region somebody quickly.,2025-01-17,Product Quality
FB000580,ORD0002024,CUS000055,3,"Identify short individual view trip. Far agent family. Town visit paper effect.
Later nature attack task. Life magazine meet hair news knowledge.",2025-01-19,Customer Service
FB000581,ORD0002028,CUS000051,2,"Down your sister least east sell a. These fall there.
Perform country soldier federal. Their any detail ask then while nature attention. Score push someone strategy.",2025-01-17,Overall Experience
FB000582,ORD0002030,CUS000047,2,"Out knowledge guess more forget him social. Point relationship impact hard girl long officer level. Throughout year together.
Range arm hospital party would total.",2025-01-31,Overall Experience
FB000583,ORD0002034,CUS000086,4,"Indeed particularly side between same. Fire too offer pass brother perform book.
Population pick act. Cost evening natural series. Game hot family yeah.",2025-01-19,Customer Service
FB000584,ORD0002039,CUS000095,5,Show somebody yet for finish walk maybe tree. Believe require themselves cell question.,2025-01-27,Overall Experience
FB000585,ORD0002046,CUS000014,4,"Drug whether here ago ability that. Win investment expert.
Suffer guy prove happy down. Sell each yes.
Attorney word grow. Sea remember throughout until actually. Strategy report yard.",2025-01-17,Delivery Speed
FB000586,ORD0002055,CUS000050,3,"Serve improve high receive evidence audience will. Story model not total. Thing change enter information.
Us like fast campaign anything past value. The thank democratic machine page.",2025-01-16,Delivery Speed
FB000587,ORD0002061,CUS000086,2,Kitchen whose ever risk. Quite else moment audience. Them interview later fly consider Democrat natural. Recent feeling member institution pass beat ten.,2025-01-22,Delivery Speed
FB000588,ORD0002068,CUS000002,1,"Visit should note. Treat tell everything west trip. Machine he short least source magazine.
Over fill support break stuff husband.
There study rich. Tell PM phone offer hundred out wind occur.",2025-01-18,Product Quality
FB000589,ORD0002069,CUS000049,2,Good card any take mouth. Direction then magazine which my. Modern market stand sound rule.,2025-01-25,Customer Service
FB000590,ORD0002075,CUS000012,2,"Attack city note unit. Weight they edge specific quality cup value identify.
Expect watch service. Image including figure source coach mind card.",2025-01-20,Product Quality
FB000591,ORD0002078,CUS000085,1,"Actually produce city situation for song thank. Machine reality democratic hold now control.
Else director cost artist. Action make store. Want admit style religious realize.",2025-01-29,Customer Service
FB000592,ORD0002079,CUS000004,3,"Arm late arm. Process whose common I.
Foreign design technology then seek. Environmental low sense relate ask state full.",2025-01-30,Product Quality
FB000593,ORD0002084,CUS000092,2,Probably artist city. Born relationship soldier behavior himself kind. Prevent science writer only.,2025-01-17,Delivery Speed
FB000594,ORD0002090,CUS000035,5,"Course husband itself kitchen evening simply affect. Drive all training per. Clearly most seat age perhaps issue education.
Might drug growth ever. According occur crime.",2025-01-25,Product Quality
FB000595,ORD0002091,CUS000013,3,Likely rise onto forward everything. Understand approach production piece what local door. Everyone million sing buy skill listen land. Or middle thousand doctor.,2025-01-25,Product Quality
FB000596,ORD0002093,CUS000050,3,"Like deal expect feeling lay much. Although safe side opportunity. Front man particular employee wait. Billion bar fact lay practice.
Own lawyer agent shake. Road example day condition college.",2025-02-01,Customer Service
FB000597,ORD0002094,CUS000008,2,"Choice write much beat visit buy within. Teach continue officer quickly. Skill mean past wear low.
Fund green thus center away painting create. Within how test avoid fine tax. Manage focus rock.",2025-01-26,Product Quality
FB000598,ORD0002095,CUS000062,1,"Organization rich risk determine.
Support throw baby. Likely for think detail owner work. Form media think factor.",2025-01-28,Overall Experience
FB000599,ORD0002100,CUS000032,3,"Edge must easy. Then chair conference third.
Military important ground drop never. Give audience person animal.
Threat anything wife safe matter up fall.",2025-01-24,Delivery Speed
FB000600,ORD0002109,CUS000078,2,"Computer even lose show check poor never. Whose race thus pick indicate.
Play line above picture most under. Positive specific because bag action remain role back. Stock billion sea.",2025-01-28,Product Quality
FB000601,ORD0002112,CUS000095,5,"Effect heavy industry. He toward foot within economic project book.
Hotel sort family against. Financial ago tell else above idea plant within.",2025-01-31,Customer Service
FB000602,ORD0002113,CUS000098,3,"Note thing information difference. Care with high question form.
Way technology amount prove technology week.",2025-01-30,Overall Experience
FB000603,ORD0002120,CUS000010,3,"Fear right else citizen anything among know increase. Risk reflect east many.
Ago his leave remain. This large southern civil eat me wish. Sort way heart ahead win work live.",2025-01-22,Product Quality
FB000604,ORD0002122,CUS000075,2,"Future beautiful reflect employee. Dog vote fear.
Family opportunity agency save group far. Officer time direction lay forward. Source economic year they take step attack.",2025-01-27,Overall Experience
FB000605,ORD0002126,CUS000067,1,Too party that discuss serious life. Heavy none surface exactly season agency century test.,2025-01-24,Delivery Speed
FB000606,ORD0002132,CUS000040,4,Magazine section rest tonight trip. Project note own choose.,2025-01-26,Overall Experience
FB000607,ORD0002134,CUS000054,1,Type responsibility artist talk position. Right firm home series rather travel great able.,2025-01-30,Product Quality
FB000608,ORD0002137,CUS000056,5,"Blood guy mean challenge. Executive suddenly person school.
Your day third run language.
Just center perhaps exist raise truth. Responsibility left expert.",2025-01-28,Customer Service
FB000609,ORD0002138,CUS000071,5,Decision site toward talk note. Threat score along organization meet relationship us. According election inside purpose.,2025-01-24,Customer Service
FB000610,ORD0002142,CUS000088,1,Mission program lay spend recently. Nation begin medical quite traditional school. Door guy rise able apply.,2025-01-25,Product Quality
FB000611,ORD0002145,CUS000075,3,"Less company friend many camera. Fish director affect work.
Many region during.
Subject me knowledge. North cover control low.
There either point technology.",2025-01-29,Product Quality
FB000612,ORD0002146,CUS000028,5,"Relate form theory fly.
Training without service number. Three with early under form. Item partner late car factor.",2025-01-25,Delivery Speed
FB000613,ORD0002147,CUS000075,2,"Skill scientist vote tell how yard. Start live unit.
Reach difficult their issue against. Land fear relate summer. Important professor open this industry quite.",2025-02-02,Overall Experience
FB000614,ORD0002152,CUS000036,5,Market hear reduce outside behavior mission professional. More let upon dream clearly plan.,2025-01-23,Customer Service
FB000615,ORD0002154,CUS000096,1,"Cup perform page door. Wish later indeed.
Each measure evening let minute.
Majority run nature herself. Similar position it hand.",2025-02-06,Customer Service
FB000616,ORD0002157,CUS000050,4,"Describe five turn. Boy important man.
Just dark civil so watch. Level effect push shake part manager expect.",2025-02-01,Overall Experience
FB000617,ORD0002158,CUS000100,2,However new major experience the school. Eat Congress region lay use. Us education adult without spend.,2025-01-23,Customer Service
FB000618,ORD0002160,CUS000087,5,Off remember court house show population off. Financial rock tax today. Participant itself development or point catch.,2025-01-25,Overall Experience
FB000619,ORD0002161,CUS000011,5,"Green shake early small accept. Check finally mother around place.
Season think he peace whatever make involve. Time arm others country food edge quickly town.",2025-01-24,Product Quality
FB000620,ORD0002165,CUS000027,5,"Picture can measure. Last personal score education vote million quality up. Power value figure possible.
Responsibility every discover far. Since off street question social until traditional.",2025-01-23,Delivery Speed
FB000621,ORD0002166,CUS000018,5,High money lay government movie once mouth structure. Still lay see significant seven ten his usually. Save either knowledge answer recently center.,2025-02-01,Overall Experience
FB000622,ORD0002167,CUS000097,1,"Artist into son form recently teacher visit. Any represent audience standard. Someone today skin.
Beautiful keep leave north actually business. Around stock baby human.",2025-01-27,Customer Service
FB000623,ORD0002173,CUS000057,4,Reveal down technology heart seem. Simply well author. Affect wear laugh large high between economy option. Current ahead economic federal fill along every.,2025-01-29,Customer Service
FB000624,ORD0002174,CUS000055,4,"Budget study same age. However from condition play politics bad professor.
Leave event arm son other magazine. Dog agreement purpose final catch rock town.",2025-01-25,Customer Service
FB000625,ORD0002175,CUS000002,3,"Another west budget kitchen budget American example. Class drop little professional.
Heart person international prepare official religious. Prepare capital return win carry.",2025-02-02,Delivery Speed
FB000626,ORD0002183,CUS000081,2,"Order chance technology factor player avoid. That soon year art.
Decade player world ask. Public last down.",2025-01-23,Product Quality
FB000627,ORD0002184,CUS000062,5,"Reveal manager edge along.
Want life almost feeling. Remember send ahead.
Six himself question knowledge prepare. Whatever policy student example. Sense doctor TV room degree.",2025-01-31,Overall Experience
FB000628,ORD0002186,CUS000073,2,"Job have state follow near star want. Anyone bar happen lay message hit ball small.
Serious bag for his nature news suddenly strong. Large social before speech.
Matter ask argue inside summer.",2025-01-31,Product Quality
FB000629,ORD0002190,CUS000048,5,"Hear act place enough probably what third gas. Speak meeting choose health party.
Worker word perhaps. Learn each knowledge include laugh source.",2025-01-26,Overall Experience
FB000630,ORD0002192,CUS000085,1,"Hundred view power reveal. Develop check standard end meeting. Minute better right trade hit development article.
Night own environment list. Collection impact those single.",2025-01-29,Product Quality
FB000631,ORD0002194,CUS000061,2,"Explain ability lawyer add. Cultural only money enjoy.
Her seem since determine start author. Important suffer explain suffer fly. End as every teacher.",2025-02-03,Delivery Speed
FB000632,ORD0002198,CUS000069,4,"Wide even or kind. Student medical cold.
Region get should fine. Response across though push former age represent. Son wrong Mr or.",2025-01-23,Delivery Speed
FB000633,ORD0002203,CUS000076,1,Too lot forget finish edge series. Authority indeed learn claim follow every above. Participant later financial election.,2025-02-06,Product Quality
FB000634,ORD0002204,CUS000082,3,"Low three perhaps not. Certainly message task. Win machine trial indeed interview.
Congress send financial. Seem site shake address that.",2025-01-26,Delivery Speed
FB000635,ORD0002210,CUS000097,3,"Plan understand pass. Part not air thought concern loss participant. Region move town change.
View month customer feeling. Vote society third far wear choice.",2025-02-03,Product Quality
FB000636,ORD0002222,CUS000095,1,"Cold other campaign. Throughout become room manage catch personal.
Sometimes majority gas play very environmental meeting. Last resource alone this couple per student.",2025-02-01,Product Quality
FB000637,ORD0002224,CUS000015,1,Just process study kitchen. Cause probably agent early foot around. Hear throughout authority TV region easy. Will democratic team enjoy single.,2025-02-01,Overall Experience
FB000638,ORD0002226,CUS000026,3,"Ok light finish. Write choice generation concern concern social. Even this study national word form.
Future whom now issue edge play future. Push way player all town growth past.",2025-01-23,Overall Experience
FB000639,ORD0002227,CUS000098,2,Degree court member the return leader life. Apply whom call. Themselves movement well right role blood.,2025-01-24,Customer Service
FB000640,ORD0002234,CUS000076,3,"Time shake use business final single move yes. Husband red site camera anything lead. Include south born establish may eight true.
Thus build best development. Lawyer few course give charge.",2025-02-04,Delivery Speed
FB000641,ORD0002236,CUS000070,3,"Send fire article sort maybe may case live. Institution tend left girl. Give young similar image time leave spend.
Half your per. Science over officer red point carry along.",2025-02-05,Overall Experience
FB000642,ORD0002243,CUS000077,1,"Describe mother set.
Place lay success stop let. State those them. Partner general nothing group.
Media tell never. Interview under involve hand statement deal source.",2025-01-28,Overall Experience
FB000643,ORD0002246,CUS000087,2,"Allow director perhaps purpose capital whatever. What oil much statement test power one.
Throw away whom.
Son central many accept. Church represent couple rest clearly.",2025-02-11,Product Quality
FB000644,ORD0002252,CUS000013,3,So imagine likely himself step or. Republican special trade develop she set. Believe general feel win. Where green TV yes environmental middle require.,2025-01-28,Delivery Speed
FB000645,ORD0002256,CUS000072,2,Young material west. Help identify nation impact since voice anything prove.,2025-02-03,Customer Service
FB000646,ORD0002258,CUS000016,1,Talk son could. Soon throughout surface test share theory couple. Top every finally finally. Moment sometimes arm culture person staff.,2025-01-25,Product Quality
FB000647,ORD0002260,CUS000044,2,Life money return floor sing skin girl skill. Produce growth population system establish technology.,2025-02-04,Product Quality
FB000648,ORD0002261,CUS000038,5,Small network according consumer agree. Player tell enjoy thank meet stage kind. Organization hour continue provide. Process argue success stage article.,2025-01-31,Customer Service
FB000649,ORD0002264,CUS000017,4,Quality whether material site girl off exist open. Leader baby store then forget. As memory series woman unit color.,2025-01-28,Overall Experience
FB000650,ORD0002266,CUS000099,3,"Huge image that this those protect and. Spring blood risk cold black. Professional natural fire power boy.
Certainly thank fact financial line you. Letter success this believe school decide.",2025-01-29,Overall Experience
FB000651,ORD0002272,CUS000036,5,"Economy her professor. Task happy white whatever might ten site.
Quickly role through central garden town deep. Treat old three total current worker. Chance possible use wrong military writer.",2025-02-03,Customer Service
FB000652,ORD0002287,CUS000085,2,American natural bit effort technology mother speech part. Detail exactly if plant voice travel exactly. Able create agency understand traditional sign.,2025-02-05,Product Quality
FB000653,ORD0002288,CUS000009,5,Buy east test officer condition anything. They environmental break clear husband maintain page shake. Discuss full too left create education adult.,2025-01-27,Delivery Speed
FB000654,ORD0002290,CUS000010,5,"Nothing thank more behavior sort something. Three size wind couple plant buy cover actually.
Note figure run production left some whom. Fact before what safe.",2025-01-27,Overall Experience
FB000655,ORD0002295,CUS000005,5,Analysis probably wrong dog education up nothing. Simply environment see east tend. Serious pull education determine discussion citizen movie.,2025-02-04,Customer Service
FB000656,ORD0002300,CUS000048,4,"Though notice billion name act few. Choice Congress develop soldier.
Oil example good law have bank leader. Find protect popular.",2025-01-27,Product Quality
FB000657,ORD0002302,CUS000069,4,"Somebody one west. People visit husband ready care today after media.
Bag tree talk beautiful pay. Interest back thousand population clearly.",2025-02-05,Overall Experience
FB000658,ORD0002308,CUS000084,4,"Imagine local movement nor affect education represent.
Trip grow voice base just. Office for wife brother fly cost run. Send hard herself family structure. Might ask give foot area.",2025-02-01,Customer Service
FB000659,ORD0002309,CUS000033,4,"Argue speak station. Agree enough upon executive above per want interesting.
Require six design hold much water truth. Man itself more involve west early.",2025-01-28,Overall Experience
FB000660,ORD0002310,CUS000004,4,"When goal speech then share.
During bag standard safe ten hair. Perhaps public image employee whether research front. Week suggest first red law.",2025-02-03,Customer Service
FB000661,ORD0002327,CUS000040,5,"Fear beat spend whether however speech economy. One item garden.
Wish billion amount order. Life physical the occur goal.",2025-02-06,Product Quality
FB000662,ORD0002328,CUS000030,5,"Figure wish any treat manager west every. Alone big other every down enjoy investment.
Prove significant no however Democrat sister. Scene each close make near local light.",2025-02-06,Delivery Speed
FB000663,ORD0002335,CUS000001,5,"Kitchen will example. We plant gun son form.
Believe yeah here perform across trouble. Yourself compare kid fire to. Modern large recently us name cell.",2025-02-08,Overall Experience
FB000664,ORD0002336,CUS000081,3,Various call everyone baby into real you. Peace send everyone clear. Clearly hope notice term might.,2025-02-03,Product Quality
FB000665,ORD0002340,CUS000011,4,"Design risk resource miss record together. Positive green first attack result practice star.
Course only commercial bill guy possible. Thought sell can. Much when industry hotel foot room.",2025-02-11,Delivery Speed
FB000666,ORD0002341,CUS000006,2,"Box tax possible right key follow view. Near history several area officer.
Check why result difference whatever control. Ok challenge success toward action share figure.",2025-01-29,Product Quality
FB000667,ORD0002345,CUS000072,3,"Gas people stuff discussion country. Mouth travel reveal social challenge wear language cell. Tell push suddenly old there.
Everyone form perhaps cup care action. But near system several inside.",2025-01-29,Product Quality
FB000668,ORD0002346,CUS000015,2,Public kind treatment capital room. Maybe reduce agree these. Indeed air blood let discussion range hold age.,2025-02-15,Customer Service
FB000669,ORD0002347,CUS000049,2,"House who too city change even. Dog might include have activity wife drop.
See since foreign ever. Change course that change check TV major.",2025-02-12,Overall Experience
FB000670,ORD0002355,CUS000078,4,Wife cover five any street personal. Including us hand item develop food anything.,2025-02-04,Delivery Speed
FB000671,ORD0002357,CUS000036,4,Avoid for notice morning by develop. Hand conference red task fear. Return assume grow when military structure letter.,2025-02-12,Customer Service
FB000672,ORD0002360,CUS000041,4,"Whole difference mean authority purpose drug. Various much adult choose throughout read. Kid industry factor child.
Find value behavior store lot result mind drug.",2025-02-06,Product Quality
FB000673,ORD0002368,CUS000055,1,Outside force cultural thank here improve. Situation media per Republican perform.,2025-02-04,Delivery Speed
FB000674,ORD0002373,CUS000001,4,Stand paper talk ask action beyond south we. Mind space agreement three.,2025-02-13,Overall Experience
FB000675,ORD0002378,CUS000029,3,"Person green still street necessary. Pressure person bill policy computer.
Actually by page blood people. Rich thank change enough.",2025-02-12,Product Quality
FB000676,ORD0002380,CUS000070,1,"Discover fire take might only. Ask ok north different official their trade.
Decade team involve we cell my heavy. Language improve pretty example technology land hotel audience.",2025-02-07,Customer Service
FB000677,ORD0002384,CUS000009,1,"Child probably operation place another politics politics. Sell recognize its when case order able.
Coach lay stay attorney send. For opportunity age now already level.",2025-02-02,Product Quality
FB000678,ORD0002385,CUS000006,1,"Theory notice Mrs nice. Can left how human among group.
Data culture themselves air food lose necessary. Particular experience along.",2025-01-31,Delivery Speed
FB000679,ORD0002388,CUS000088,1,"Phone important vote more material you. Control threat age.
Including defense eat. Response between national finally impact. Either green successful window nation hundred.",2025-02-04,Product Quality
FB000680,ORD0002393,CUS000037,4,"Discuss strategy eight various summer. Common add newspaper star key hope above. Pull skill economic structure goal father.
It country enter relate radio. Evidence drug church play man statement try.",2025-02-11,Overall Experience
FB000681,ORD0002399,CUS000059,1,"Health dark only role throughout. Behavior tax million history husband war.
Away begin side control. Strong service story certainly suffer table.",2025-02-08,Product Quality
FB000682,ORD0002401,CUS000099,4,"Ahead thus interest very radio send. Also subject employee any.
Will sing film decision remain development discover. Finally find size sing.",2025-02-14,Customer Service
FB000683,ORD0002403,CUS000097,1,Home part star join employee now. Bit little response memory animal student. Program why to respond.,2025-02-07,Product Quality
FB000684,ORD0002404,CUS000027,4,"Writer record seven young. Series section meet beautiful. Ball collection democratic fine thus.
Either second level war represent participant. Set cell baby good over.",2025-02-07,Customer Service
FB000685,ORD0002405,CUS000094,1,"Size before travel perform fall choose.
Fast boy manager any long.
Father only car suffer those play change. Loss store only admit. Woman truth very manager last.",2025-02-14,Delivery Speed
FB000686,ORD0002407,CUS000007,5,But alone head seek marriage girl society. Goal send until middle knowledge late quickly. Identify available simply source that purpose ever.,2025-02-12,Overall Experience
FB000687,ORD0002410,CUS000087,4,Anyone clear other painting authority usually. Represent cut black happy different catch. Article run time every there form general.,2025-02-04,Delivery Speed
FB000688,ORD0002413,CUS000070,2,"Lot national manage similar training fill teach. Office who study live. Suggest senior white.
Skin if low performance. Voice same source manager place.
Ready soon health.",2025-02-13,Delivery Speed
FB000689,ORD0002416,CUS000036,4,Couple turn affect company war. Region show local return big enter will near. Price case tend risk check option anyone water. Cause dream over smile.,2025-02-06,Customer Service
FB000690,ORD0002420,CUS000012,3,"Skill throw parent member network media force. Such dark ok test offer.
Easy federal almost walk forward score. Project world right ten. Ten write sure kind wide suddenly.",2025-02-19,Product Quality
FB000691,ORD0002421,CUS000030,2,Second report drive evidence church. Prevent call west loss view. Garden southern cold yard industry month involve.,2025-02-10,Overall Experience
FB000692,ORD0002423,CUS000023,1,"Fine artist scientist short pass deep wind.
Maybe apply win television you our. Scientist just eight drop meet other history. Data word rich agreement run enter actually.",2025-02-10,Customer Service
FB000693,ORD0002424,CUS000080,3,Read hospital act study any. Threat keep evidence just almost quickly. Describe future officer close. East keep situation huge who.,2025-02-07,Delivery Speed
FB000694,ORD0002425,CUS000051,3,"Lay institution past phone.
People study maintain big economic receive red. Part election article. Technology interview manager top mouth.",2025-02-16,Overall Experience
FB000695,ORD0002427,CUS000032,4,"Move source billion few response. Game act culture series. Center wife before case team she degree.
Report particular leg must institution response. Line compare financial now audience.",2025-02-04,Product Quality
FB000696,ORD0002430,CUS000085,2,"Safe accept traditional impact them order. Scene responsibility speech sport picture. Situation range cup.
Sit avoid might public. Owner still item maybe can hope southern.",2025-02-10,Customer Service
FB000697,ORD0002435,CUS000031,5,Need star key. In listen same too exist future young. Assume very night economy series.,2025-02-14,Overall Experience
FB000698,ORD0002436,CUS000044,5,"Statement general much five success writer. Travel discover behavior exactly crime. Lot law throw under style.
Increase job morning physical. Central upon lawyer do week.",2025-02-15,Overall Experience
FB000699,ORD0002438,CUS000084,2,Section concern produce report reason even. Past explain trouble explain memory girl pull. Its education action run new establish alone.,2025-02-13,Delivery Speed
FB000700,ORD0002443,CUS000043,3,"Main give peace society possible player board. Magazine American Mr effect science. Eye subject story change citizen use.
Pressure industry fill. Situation until common difficult fish list glass.",2025-02-07,Product Quality
FB000701,ORD0002446,CUS000005,5,"Either enjoy race teacher these course hear. Wall score way myself certain relationship do.
A still which economic. Environment represent budget guy pressure.",2025-02-08,Overall Experience
FB000702,ORD0002448,CUS000097,2,"Image leave prevent role west which letter. Note film teach interest.
Office sense western issue along early strong where. Long level probably month.
Reflect democratic opportunity road water your.",2025-02-10,Overall Experience
FB000703,ORD0002449,CUS000091,4,Air happy store. Report perform whether. Rise his financial guess.,2025-02-09,Customer Service
FB000704,ORD0002456,CUS000053,1,Politics bar image paper. Story sense top improve similar traditional Republican.,2025-02-10,Product Quality
FB000705,ORD0002458,CUS000072,2,"Discuss participant ahead resource thousand investment even. Early they high those.
Suffer policy instead best how that. There near treatment page.",2025-02-08,Customer Service
FB000706,ORD0002459,CUS000006,5,"Hope enjoy hope either provide here bill.
Work point then find alone drug baby. American area south theory at project recently better.",2025-02-16,Overall Experience
FB000707,ORD0002460,CUS000029,5,"Attack memory throw production. Rise assume decide yard all affect minute help.
Pick rule event civil. It air often clearly back.",2025-02-13,Product Quality
FB000708,ORD0002461,CUS000018,2,"Once reduce water beyond early. Tv offer investment suggest affect. Challenge despite away age.
Rather chair protect population hard. Herself risk director doctor. Her student shoulder lawyer.",2025-02-11,Delivery Speed
FB000709,ORD0002462,CUS000024,1,"Actually leave recently.
Economic we foreign friend history culture. Change bill around window information tough particularly.
Stay southern ahead must bit and hand. Not edge father usually.",2025-02-18,Product Quality
FB000710,ORD0002464,CUS000053,2,"Him part similar kitchen human well score. Fight direction easy image the issue best.
Stand Congress best just. Help the just dream.",2025-02-18,Overall Experience
FB000711,ORD0002470,CUS000060,1,Point eat method everyone benefit number. Sense start our security movie.,2025-02-16,Product Quality
FB000712,ORD0002471,CUS000060,4,Score often contain heavy resource seek. Billion everything send source wind she much.,2025-02-07,Customer Service
FB000713,ORD0002472,CUS000067,5,"Ok to learn local entire. Plan event ability cold sound already. Book size late protect.
Action of show impact surface yourself. Economy Mrs general quality believe different.",2025-02-12,Delivery Speed
FB000714,ORD0002473,CUS000049,2,"Serious rich matter offer. Indicate us idea reflect. Culture wonder power open bed far yeah.
Few receive rock other. Stage reduce young say such something. Have notice myself go grow interview.",2025-02-11,Delivery Speed
FB000715,ORD0002482,CUS000085,3,"Weight from entire recently administration. Technology special certainly business. Subject move realize down responsibility.
Check between ten above cold individual. Its as to her early employee.",2025-02-10,Customer Service
FB000716,ORD0002488,CUS000017,2,Sit keep office attorney fish. Food as serious arm yard. Than city main huge yourself.,2025-02-14,Product Quality
FB000717,ORD0002489,CUS000085,1,"Class couple toward receive election catch my. Parent investment contain machine. With shake doctor pick.
Live green something mouth threat resource. Attack red dream yeah good each media.",2025-02-05,Overall Experience
FB000718,ORD0002491,CUS000095,3,Around month require science. Unit rich film lot.,2025-02-11,Delivery Speed
FB000719,ORD0002495,CUS000051,4,Well serious discover player next. Benefit car remain suffer. Surface sport policy.,2025-02-10,Customer Service
FB000720,ORD0002501,CUS000093,1,"Fine analysis life brother. Sit girl work create TV anyone popular response.
Can region feel report tell matter free seek.",2025-02-13,Overall Experience
FB000721,ORD0002504,CUS000046,5,Prepare only talk away politics catch. Sometimes him condition myself.,2025-02-20,Customer Service
FB000722,ORD0002507,CUS000061,1,Wall sound across sister garden term federal. Easy source treat although develop store. Impact sing wide.,2025-02-17,Product Quality
FB000723,ORD0002509,CUS000062,2,Oil sea community spring song check. Election act audience whole degree minute lose. Style practice reduce scene yeah skin voice throughout.,2025-02-05,Product Quality
FB000724,ORD0002514,CUS000036,3,"Various wind indicate behavior.
Opportunity build begin later why. Produce east leave station. Through lead home billion.",2025-02-14,Delivery Speed
FB000725,ORD0002518,CUS000099,2,"Together present represent with true.
Least television leader information better series. Attack me could world easy. Throughout fine still step. Pretty state step box authority that old.",2025-02-20,Delivery Speed
FB000726,ORD0002521,CUS000075,4,"Be some network. Could production oil bit magazine.
For agree citizen measure. Enough artist role another writer light now senior. Avoid mention five room.",2025-02-22,Product Quality
FB000727,ORD0002529,CUS000065,2,"Conference much fire nearly. Western product yet several.
Light matter environmental serve coach. Live article reflect.
Oil could truth show together degree. Subject teach size focus position red.",2025-02-14,Product Quality
FB000728,ORD0002531,CUS000090,4,"Whom Mrs quite. Truth sometimes reality left trade already.
Do usually form dark item majority across agree. Newspaper half spend anything not. Nation hotel argue easy.",2025-02-13,Overall Experience
FB000729,ORD0002533,CUS000031,1,"Change writer call affect. A though evening follow imagine. List drop three wish doctor second.
Address wait wait couple really college range. Relate action class theory free military him her.",2025-02-22,Customer Service
FB000730,ORD0002534,CUS000033,4,"The and city civil. Idea relate election condition. Consider particularly along here.
Point cost author machine. Simply media million fall.",2025-02-18,Overall Experience
FB000731,ORD0002544,CUS000045,4,Energy system leg myself including down especially hour. Television throughout race. Ready career figure hope provide fight. Line those world.,2025-02-17,Overall Experience
FB000732,ORD0002545,CUS000025,4,Imagine approach understand mouth life too current. Let realize benefit list someone them them. Imagine political big concern share yourself story.,2025-02-23,Product Quality
FB000733,ORD0002546,CUS000063,3,Activity down chance perform leave. Impact finish election lawyer four anything. Including history which.,2025-02-22,Customer Service
FB000734,ORD0002551,CUS000032,1,Media hundred above capital board industry. Authority from degree health end with there list. Bar tax team letter international religious.,2025-02-25,Customer Service
FB000735,ORD0002553,CUS000063,5,Draw account art college paper significant attorney. Project daughter third TV participant tell. Must fire act staff team store.,2025-02-15,Customer Service
FB000736,ORD0002554,CUS000080,1,"Might or race which walk but.
Ago work east town. Very certain room because tend near.
Green true itself meet moment act rest. Present second deal.",2025-02-12,Delivery Speed
FB000737,ORD0002558,CUS000062,1,"Yeah once head lead gas. Power bill car detail run risk common.
West standard age we lawyer. Provide current full. Listen performance research store too.",2025-02-24,Delivery Speed
FB000738,ORD0002562,CUS000055,3,"Cut both a left shoulder result. Apply admit month.
Worry husband and line fill.
Blue cut shoulder stop white night church. Movie best break.",2025-02-18,Product Quality
FB000739,ORD0002564,CUS000081,5,"Ball structure suffer big garden.
Author thank talk economy all must especially. Million thus his senior finally character deal.",2025-02-14,Overall Experience
FB000740,ORD0002565,CUS000021,1,Character exist research safe medical people. Reflect around ground foot instead their.,2025-02-10,Delivery Speed
FB000741,ORD0002567,CUS000100,2,"Employee ten cover single. Tax world visit eight especially sometimes.
Must wind method draw throughout reach future play. Fill way conference agreement material among. Visit production join I.",2025-02-11,Product Quality
FB000742,ORD0002568,CUS000068,5,"Interest stand rise professor kid sense accept. Enter interest and role member.
Agency bag next why. Generation cover of religious theory process degree news. Article film Mrs across.",2025-02-15,Product Quality
FB000743,ORD0002574,CUS000073,1,"Place another end sister form concern. Argue sort pay heart social. Myself truth wear analysis market long do.
Field law apply say former. Tv get prepare series again. History teach almost born.",2025-02-23,Delivery Speed
FB000744,ORD0002576,CUS000070,4,Test attention night development indicate poor brother. Past huge east work both cold television. Trouble believe through second maintain.,2025-02-19,Customer Service
FB000745,ORD0002582,CUS000024,2,Oil industry on. Live tell entire behind conference great turn. Operation yeah partner other southern yard generation clear.,2025-02-21,Product Quality
FB000746,ORD0002583,CUS000005,5,"Book outside describe above type economic kid. Group yard lay agreement best including expect site.
Sense western it wear street team strategy. Bar forward second.",2025-02-18,Delivery Speed
FB000747,ORD0002584,CUS000053,2,"Act recently everyone result investment wear after. Make think coach.
Too kitchen world blood attack. Party particular return follow continue. Heavy put at there. Game from authority serious.",2025-02-23,Customer Service
FB000748,ORD0002586,CUS000042,3,"His little law federal front.
Consumer audience prove again impact trouble enough firm. Produce movement west time it PM.",2025-02-15,Overall Experience
FB000749,ORD0002589,CUS000011,4,Worry instead star address past support. Especially hope upon from various and see.,2025-02-19,Customer Service
FB000750,ORD0002593,CUS000018,3,Up voice second often throughout. Majority seven big fish Republican rule age. Difference wall member light family condition like.,2025-02-23,Delivery Speed
FB000751,ORD0002595,CUS000008,3,Later turn agent million ten. Door general near federal. Force focus player in development send beat.,2025-02-18,Customer Service
FB000752,ORD0002598,CUS000084,3,"Son top fund center adult hair owner. Leave black skill particular draw herself. Down paper under see worker stand he.
Peace raise executive early Mr information. Key admit place last write agent.",2025-02-18,Overall Experience
FB000753,ORD0002601,CUS000042,1,Growth claim war take detail provide writer series. Road painting else strategy gas. Choose my ask type century treatment.,2025-02-19,Overall Experience
FB000754,ORD0002602,CUS000065,2,"Enter material security. Grow big hundred key food bring baby. Point action process.
President physical full. Like article person.",2025-02-23,Product Quality
FB000755,ORD0002606,CUS000030,5,"Scientist table decision ahead unit term us. Read artist year.
Tv save animal couple. Job spend indicate consider age yes fish.",2025-02-19,Product Quality
FB000756,ORD0002612,CUS000100,4,"Hit program nice notice. Article field half blue send past.
Throughout cover day. Machine chair large discuss. Chair business rest air take she last.",2025-02-21,Delivery Speed
FB000757,ORD0002615,CUS000007,2,Skin water sit where media position. Cover receive artist radio whatever window. Cover someone rate leg. Majority source any special movement attention movement prepare.,2025-02-25,Customer Service
FB000758,ORD0002619,CUS000063,1,"Opportunity side finally current but little base. Air event choice dinner lawyer.
Really guess continue mission must Republican because.",2025-02-27,Delivery Speed
FB000759,ORD0002621,CUS000037,5,"Begin manager above wear we happen. Nor get cultural social number check.
Later personal shoulder. Level think act stuff listen smile conference. Stock represent firm investment.",2025-02-25,Overall Experience
FB000760,ORD0002623,CUS000015,5,"Official order billion and. Four why music federal fall Republican think event. Future audience animal common green assume.
Example seven truth Mrs. List fill watch during morning tree to.",2025-02-25,Overall Experience
FB000761,ORD0002630,CUS000009,3,"Behind bring player activity himself PM. Care audience imagine through.
Million somebody herself your successful. Figure newspaper participant finish where job. Interesting goal speak voice.",2025-02-27,Delivery Speed
FB000762,ORD0002631,CUS000067,1,Least appear seat party police production country. Easy their reason customer until dream structure.,2025-02-25,Customer Service
FB000763,ORD0002635,CUS000062,1,"Drug middle culture responsibility some. Benefit ready suggest pattern purpose cup.
Process recent travel. Bank name town low shoulder present. Also common list method.",2025-03-01,Customer Service
FB000764,ORD0002638,CUS000087,4,"Our look serious different modern close professor art. On establish group new spring play. Season chair along play former. Third understand edge important price.
Quickly consider why per.",2025-02-25,Customer Service
FB000765,ORD0002645,CUS000092,5,"Forget argue society decision answer describe. Head blood source figure east discussion wish.
Here outside current level never. Well TV community notice. Each but audience activity no.",2025-03-01,Customer Service
FB000766,ORD0002647,CUS000087,5,Series bar coach. Fill society manager audience yet charge. Wonder themselves music phone since large important prepare.,2025-02-15,Delivery Speed
FB000767,ORD0002657,CUS000038,2,Poor speak serious know rise network charge Mr. A civil woman lawyer however water pattern. At appear page issue put son job. Young interesting time at specific serious trouble party.,2025-02-22,Customer Service
FB000768,ORD0002658,CUS000091,5,Protect yard significant consider. Manage water guess character statement. Which financial machine health these begin. Office cold crime certain.,2025-02-17,Customer Service
FB000769,ORD0002661,CUS000026,2,"Data answer loss upon business want. Defense attack left answer. Ready message role science weight.
Cold easy fund up policy maybe sister. Research food today score tough interesting.",2025-02-19,Customer Service
FB000770,ORD0002664,CUS000086,2,Throughout mission hotel explain create vote look father. Respond little dream movement staff since assume. Necessary keep buy account successful.,2025-02-23,Overall Experience
FB000771,ORD0002666,CUS000022,3,"Control me claim air style box kind.
Enter clear no finally bar poor. Mrs audience despite Mrs Democrat left thousand western.",2025-02-27,Customer Service
FB000772,ORD0002670,CUS000035,2,Peace but civil energy. Save allow great next crime worker parent.,2025-02-16,Product Quality
FB000773,ORD0002674,CUS000027,1,Others step thing serve poor mind service. Change road consider office report well white alone. Personal ask billion national me open concern. Expect be there shoulder concern lose.,2025-03-01,Customer Service
FB000774,ORD0002675,CUS000041,5,"But fear ready thus mean.
Management floor occur defense. Factor blue hot hotel way parent building. Mention return writer after fish.",2025-03-01,Product Quality
FB000775,ORD0002679,CUS000090,2,"Today take suffer understand my too power draw. Away television play nothing nor crime. Truth walk gas common.
Bad scientist particular chance pass job. Production best few.",2025-02-19,Overall Experience
FB000776,ORD0002682,CUS000001,5,Participant history rock floor view contain. Across us significant black star about debate. Hear hair dog song season kid.,2025-02-18,Customer Service
FB000777,ORD0002684,CUS000019,4,"Term whom work someone dinner. Pick although himself respond record within.
Practice effort billion white evidence. Attack wall agency. Her media dinner difference chance.",2025-02-24,Customer Service
FB000778,ORD0002686,CUS000034,2,"Civil civil behavior teacher address moment. And husband customer cost final management measure.
Become store chance factor. Learn travel and reveal American must network. Church week party war.",2025-02-27,Customer Service
FB000779,ORD0002687,CUS000099,4,"Common Mr product color house court tough.
Boy pattern voice interesting quickly man. Degree case bill avoid find necessary third. Create pick shoulder.",2025-02-26,Overall Experience
FB000780,ORD0002691,CUS000064,3,"Tv that especially late. After read by bring once dog.
Girl girl good few me. Week build visit lose.",2025-03-03,Customer Service
FB000781,ORD0002693,CUS000023,2,"Peace life begin dark build standard top.
Building not me letter indicate throw. Fast realize hear responsibility.",2025-03-02,Delivery Speed
FB000782,ORD0002699,CUS000092,1,Very job high value pass lawyer society. Culture successful perhaps say forget everything. Cell about specific.,2025-02-18,Customer Service
FB000783,ORD0002703,CUS000023,3,"Night agency line hundred alone both. Ok ok something important compare may.
Cover effect everybody. Section above bed pull audience reach player. Yeah role hold ago PM poor.",2025-02-22,Overall Experience
FB000784,ORD0002706,CUS000090,3,"Executive thousand event trial himself. Adult nice word.
Realize black research similar ago head leg. Almost just lot forget choose suddenly seat here. East owner side trial.",2025-02-22,Customer Service
FB000785,ORD0002710,CUS000064,3,Yet simple responsibility science hundred purpose appear color. Break benefit pass look third finish sort again.,2025-02-19,Product Quality
FB000786,ORD0002712,CUS000071,2,"Training today suffer rest. Face world agency high.
Deal glass career brother after chance play without. Herself standard reality star effect.
Affect building radio already long somebody top.",2025-02-28,Delivery Speed
FB000787,ORD0002717,CUS000078,1,"Hotel between mean parent my travel only. Individual political teacher bring spring fill media maintain.
And risk well gas long opportunity.
Ground company plant. Three step eye agree.",2025-02-26,Customer Service
FB000788,ORD0002718,CUS000011,2,"Threat so debate it evening very. Have their dream future if.
Phone member political. Sell blue mind about stay nor ground social.
Indicate husband maybe explain. Hospital already town strong people.",2025-02-22,Customer Service
FB000789,ORD0002721,CUS000068,1,"Growth less own. Cut finish pick.
Six remember college notice international front.
Front network pass later scientist five national sign. Wife run throw listen yourself. Senior guy left mention.",2025-02-19,Customer Service
FB000790,ORD0002723,CUS000071,4,Speak we article fish friend never. Race pattern about enough college determine. Human early compare whose someone.,2025-02-24,Delivery Speed
FB000791,ORD0002726,CUS000084,2,"Beyond artist simple happen ask along wall. Up where parent raise.
Make history six respond foot check wait. Blood car save either break class respond.
National reduce conference every allow word.",2025-02-25,Delivery Speed
FB000792,ORD0002734,CUS000014,1,"Indicate manager discussion whole citizen it national. Son work information vote after go man.
Artist family start road what easy. Source follow offer pretty. Great large available.",2025-02-26,Product Quality
FB000793,ORD0002736,CUS000100,1,"Experience minute each car. Side keep author own maybe box feel.
Play thank ago between amount situation arm.",2025-02-19,Customer Service
FB000794,ORD0002742,CUS000042,5,Political get professional series force today. Accept laugh from low. Across hope throughout. Team food until among.,2025-02-27,Customer Service
FB000795,ORD0002753,CUS000042,3,"Result water leader term huge make environmental. Never risk them fish style.
Center administration apply want arm poor. Unit assume will run.",2025-02-27,Product Quality
FB000796,ORD0002754,CUS000035,1,"Culture certainly full range. Between group know international. Partner once ahead manage next when board.
Most behavior take lay. Technology gun real economy. Avoid size out certain again light.",2025-03-01,Customer Service
FB000797,ORD0002757,CUS000040,3,"Actually your election point. Brother various still themselves so current.
Environmental serve bill fish travel town. Work my learn everyone white.",2025-02-25,Overall Experience
FB000798,ORD0002760,CUS000068,1,"Try join billion former maybe movie. Baby goal physical thousand figure dinner movement list. Cause society bring will too yourself simply.
Last cost hope financial.",2025-02-21,Customer Service
FB000799,ORD0002761,CUS000064,4,Region price realize goal security. Church table both travel responsibility. Bag rock beat plan recent pull.,2025-03-07,Delivery Speed
FB000800,ORD0002762,CUS000060,1,Station claim opportunity event key road project. Possible candidate perform last particular firm writer. Scientist author run finally.,2025-03-07,Product Quality
FB000801,ORD0002768,CUS000047,2,"Step support soldier share scene present boy. High woman difference southern.
Pull them civil suddenly treat action.
Can what financial live. Fall film meet star action.",2025-02-23,Product Quality
FB000802,ORD0002770,CUS000026,2,"Keep star smile. Process page have hotel government change.
Conference central eight response everybody. Two call base guess memory.",2025-02-25,Product Quality
FB000803,ORD0002777,CUS000093,2,"Require may yeah low. Attorney less current evidence measure. Necessary draw score soldier area.
Ahead who evidence military skin these look. Young science keep bit. Short go she film.",2025-03-03,Overall Experience
FB000804,ORD0002787,CUS000015,4,"Once some these reason. Represent your look magazine send. Reveal nearly seek significant memory remain.
Simply food walk area law. Discussion do accept stay choose learn number.",2025-03-02,Delivery Speed
FB000805,ORD0002788,CUS000051,5,Difference no free vote option but case analysis. Mother size station section focus. Alone sort to build vote space stock.,2025-02-28,Customer Service
FB000806,ORD0002789,CUS000010,1,"Shoulder such impact camera table single response. Question yard none low box magazine kind management. Clear movement ago.
Energy so person too part entire phone. Job none despite south dinner.",2025-03-01,Product Quality
FB000807,ORD0002791,CUS000033,3,"Above be message certain glass. Push PM position military check water. Exactly western think.
Newspaper civil magazine maybe international.",2025-02-27,Overall Experience
FB000808,ORD0002793,CUS000006,2,"Couple north economic. Way present case score want the before. Describe assume laugh.
Road sport among star than.",2025-02-23,Delivery Speed
FB000809,ORD0002795,CUS000083,2,Environmental very none test ask represent. Easy science manager young everyone.,2025-02-21,Customer Service
FB000810,ORD0002797,CUS000087,5,Hair dark child business north several. Full together compare walk other two per. Message former item head evidence including.,2025-02-23,Product Quality
FB000811,ORD0002801,CUS000099,1,"Former else near term probably recently. Certainly cell everyone bit whatever story.
Oil before for they consider good. Effort in although blue even but style. Question north simply up.",2025-02-20,Customer Service
FB000812,ORD0002802,CUS000077,2,Sea level perhaps sing professional. Tough magazine kitchen final company Mrs. Western rate yet almost evening not. So great ready our serve talk.,2025-02-24,Delivery Speed
FB000813,ORD0002804,CUS000010,5,Floor base pay college avoid shoulder perform. None may there late know. Various parent interesting recent. Just population perform also with consumer thousand.,2025-02-21,Overall Experience
FB000814,ORD0002810,CUS000023,4,Me low establish have give. Almost argue owner throughout establish. Son test water throughout few artist.,2025-02-25,Delivery Speed
FB000815,ORD0002811,CUS000043,2,"Five our enough than poor before. Allow thousand scientist others painting deal break. Likely Mrs perhaps.
Here later just different magazine hand discuss civil. Go well six middle kitchen.",2025-03-03,Customer Service
FB000816,ORD0002812,CUS000030,1,Go hand contain partner government radio return. Add perhaps family much. Public serious poor need walk study recently himself.,2025-02-22,Product Quality
FB000817,ORD0002815,CUS000084,2,"Ready whom present stop single agent seek. Yes knowledge see among catch.
Relationship hold civil increase. Ever school situation pressure. Business ago parent thought.",2025-03-08,Product Quality
FB000818,ORD0002819,CUS000084,1,"Executive long history watch big rule believe. Issue become issue blood bar first.
Act cultural cause value. Ten space suddenly office specific think author some.",2025-02-28,Delivery Speed
FB000819,ORD0002821,CUS000014,2,"Suggest deal able end. Clearly personal southern. Southern big receive his more board within.
Hope society town she.
Central degree woman man nice whatever.",2025-03-05,Product Quality
FB000820,ORD0002825,CUS000015,3,"Marriage short wife ready them. Religious painting dark tree stay.
White news ready bar evening. Tax stage cell pay authority forget leg. Entire interesting before green nor.",2025-03-08,Product Quality
FB000821,ORD0002827,CUS000058,2,Personal sign help choose. Himself human single painting college executive up. Tree soldier election tax strategy.,2025-02-28,Product Quality
FB000822,ORD0002832,CUS000097,4,Music campaign worker staff real late. Thing past impact ask. Price heavy item rest traditional. Better stuff her play up.,2025-02-25,Overall Experience
FB000823,ORD0002834,CUS000047,4,"Particularly read rich on.
Sister reveal land around. Enjoy buy voice true blood expert meeting. Poor leader item rule.
World usually mouth care.",2025-02-27,Delivery Speed
FB000824,ORD0002835,CUS000095,2,Account yard every. Culture establish job try. Interview part like.,2025-03-03,Product Quality
FB000825,ORD0002836,CUS000077,3,Fish second hard meet concern. Education evidence chance feeling central coach both. Not team record under set especially anything quality. Feel police where event.,2025-03-03,Delivery Speed
FB000826,ORD0002844,CUS000060,1,Wife free join enjoy. Question call spring great would. Production adult capital firm doctor especially central.,2025-03-03,Product Quality
FB000827,ORD0002848,CUS000010,2,"Happen feeling relate detail cost show cover. Read agent what itself. Draw nearly to many fund price.
Near voice major design skill compare professional. Figure boy decision author life house.",2025-03-03,Delivery Speed
FB000828,ORD0002850,CUS000016,4,"Campaign room choice dinner serve. Carry religious somebody end sing perform.
Language first city feel low drug. Summer class research treatment.",2025-03-05,Customer Service
FB000829,ORD0002852,CUS000097,1,Whom common full natural collection maybe. East discover seek your star. Quite probably operation those reflect training. Report example ball least world mention mouth.,2025-02-23,Customer Service
FB000830,ORD0002855,CUS000021,1,"Candidate food keep will. Build major deep.
Skin election candidate sound drive. Institution so clear lawyer better hair.",2025-03-09,Customer Service
FB000831,ORD0002860,CUS000041,1,"Red blue treat themselves including throughout. Small ten wrong well firm serve.
Reveal society none late writer also least reality.",2025-02-24,Overall Experience
FB000832,ORD0002865,CUS000046,2,"Opportunity admit color. Speech option something adult medical country.
Step treat store start first his conference. Key subject push wife stop.",2025-03-12,Overall Experience
FB000833,ORD0002870,CUS000091,3,"It line a visit. Turn certain husband term allow.
Place us treatment face serve fast. Take will animal also newspaper remember. Wide prevent their carry.",2025-02-26,Overall Experience
FB000834,ORD0002871,CUS000068,5,"Something prevent nearly television table. Poor appear individual why shake.
Six huge need skill follow bag sign. Several item ball year value teach worker.",2025-03-05,Overall Experience
FB000835,ORD0002874,CUS000090,5,Create successful into herself region so. Foreign rule pick oil enter factor ready. Fact family sound guy response speech.,2025-02-28,Overall Experience
FB000836,ORD0002878,CUS000036,3,"High central star change. Agency term capital nation evening PM.
Amount hope serve little. College meet society commercial miss.",2025-03-03,Product Quality
FB000837,ORD0002879,CUS000016,1,Guy summer adult theory father safe feeling decision. Although artist finally campaign order phone lose. Popular sea whatever media radio.,2025-03-03,Customer Service
FB000838,ORD0002880,CUS000095,1,"Contain keep group chance themselves college food according. Budget cut start example accept truth seem air. Gun level feel blood.
Evening lead by rather join. Financial add miss as discover watch.",2025-02-26,Delivery Speed
FB000839,ORD0002886,CUS000048,2,"Offer above leg somebody. Newspaper laugh medical everyone how.
Development business argue dog surface protect degree exactly. Tough ok beyond test threat candidate language.",2025-02-26,Product Quality
FB000840,ORD0002888,CUS000001,5,"Choose against consider amount actually. Student thank back more. Pay its ask garden cup lead method.
Technology wife between. Citizen field product often simple between.",2025-03-08,Overall Experience
FB000841,ORD0002889,CUS000096,4,"Audience herself effect mean eight. Choice current on rest close during hand.
Skill case hope federal deep. Management best physical certainly career. Help fire happy three Mrs.",2025-03-11,Customer Service
FB000842,ORD0002890,CUS000090,3,"Unit matter hard significant picture. Story team visit party when. Along now almost executive.
Store perhaps enough audience bit. Upon order among together describe.",2025-03-10,Delivery Speed
FB000843,ORD0002892,CUS000085,3,"Art anyone big local own. Race race painting weight front see business. Community time likely audience parent all.
Six us me price social meet.",2025-02-27,Customer Service
FB000844,ORD0002900,CUS000081,3,"I middle still billion manager.
Such eye whom manager grow. Democrat same exactly nothing anyone simply.",2025-03-04,Customer Service
FB000845,ORD0002908,CUS000059,2,Present worry friend address gas affect. Field soon purpose soon body manage. Investment will alone them major admit record.,2025-03-07,Customer Service
FB000846,ORD0002910,CUS000052,5,"Boy nearly institution television firm.
Gun worry spring reach mission southern. Really window bar win region quite everybody follow.",2025-03-08,Product Quality
FB000847,ORD0002914,CUS000011,3,"Coach step fact knowledge down movie. Test white college last cover degree. Class news single build campaign respond.
Tend impact everyone. Participant effort meeting example eight technology party.",2025-03-05,Overall Experience
FB000848,ORD0002916,CUS000071,5,"Industry win same hope themselves by community sound. Must economy when another prevent.
True meet than general. Usually picture blue use yard air. Staff main experience relate agree room method.",2025-03-04,Product Quality
FB000849,ORD0002917,CUS000005,3,"Democrat activity drive. Sort common say open. Think star police since south where task.
Suggest such tree imagine floor according room always. Within few popular be dog positive manager.",2025-03-08,Customer Service
FB000850,ORD0002918,CUS000076,4,"Respond benefit behind process that. Quickly name news detail charge any. Try far follow program along free together.
Democrat lot common should. News movie continue guess.",2025-03-11,Customer Service
FB000851,ORD0002921,CUS000039,3,Degree father tree happy environmental statement daughter. Large debate institution street only Mrs make.,2025-03-03,Customer Service
FB000852,ORD0002924,CUS000074,5,"Evidence respond prove box product box. Style time maintain ten.
View center brother color voice mouth. Beyond responsibility hold customer after sell.",2025-03-05,Customer Service
FB000853,ORD0002927,CUS000067,2,"Fill within crime behind. Wall talk across look interest would.
Range example watch card clearly rule marriage. Son sign seat computer truth account. Sound bill quickly color claim simple.",2025-03-06,Customer Service
FB000854,ORD0002929,CUS000032,3,"Movement federal challenge get carry social.
History his agreement increase heavy prove new. Detail environmental success car collection moment. Kind project policy.",2025-03-11,Delivery Speed
FB000855,ORD0002936,CUS000005,5,"Model receive measure truth. Always leave process not near page.
Expect ahead matter situation. Choice environment keep. Clear around single any third process else. Through reality item body speech.",2025-03-06,Overall Experience
FB000856,ORD0002940,CUS000092,5,"Total product exactly team act.
Point day box sort against whole simple. Strong western whatever drug. Meeting mention capital lawyer human.",2025-03-04,Overall Experience
FB000857,ORD0002942,CUS000062,4,Can gas check ball everyone gun lawyer. Rate day short lay miss if address. My trouble describe day detail.,2025-03-09,Delivery Speed
FB000858,ORD0002945,CUS000026,3,"Second throughout field opportunity personal make. Blood none knowledge.
Under get subject machine address able. Poor report line life throw line.",2025-03-11,Delivery Speed
FB000859,ORD0002946,CUS000083,1,"Recognize degree issue add. Trip message card under kitchen. Fight shoulder minute speak.
Three get fire story. In artist arm rather economy list. Third forward visit identify.",2025-03-06,Product Quality
FB000860,ORD0002953,CUS000015,1,Child between stock. However military to shoulder outside standard. Poor administration receive network information three.,2025-03-16,Product Quality
FB000861,ORD0002954,CUS000001,3,Stuff find either land focus together time. Beyond probably eat read according.,2025-03-15,Product Quality
FB000862,ORD0002957,CUS000004,3,Anyone south specific increase line which. Rest something also sister believe brother. Strong develop very rock.,2025-03-08,Delivery Speed
FB000863,ORD0002961,CUS000047,2,"Rate air laugh special board. Picture citizen new behavior sister show affect.
Large however likely ahead itself serious page. Second rule blue end visit hit second. Question cover much.",2025-03-08,Delivery Speed
FB000864,ORD0002966,CUS000095,2,Course same believe another. Bed beyond agreement especially grow control then. Behind poor camera.,2025-03-06,Product Quality
FB000865,ORD0002968,CUS000100,1,"Side attorney even parent ago. Adult garden detail hair current phone message.
Visit season citizen need executive attention. As I physical gun.",2025-03-05,Product Quality
FB000866,ORD0002976,CUS000061,2,"Support rule huge protect economic else network. Song time keep nor tonight recent. Hear form north Congress stay read.
Create edge real not. Answer smile black be foot organization.",2025-03-12,Customer Service
FB000867,ORD0002977,CUS000062,1,Himself effect billion realize minute. Fear last item kind huge which. Take chair stand rich week expert information go.,2025-03-11,Product Quality
FB000868,ORD0002980,CUS000020,2,"Them consumer draw suddenly majority. Nearly side agree town charge.
Clearly factor information everything. Within stay expect window animal turn.",2025-03-10,Delivery Speed
FB000869,ORD0002982,CUS000063,1,"Work stand economy information somebody while. Share perhaps organization eight fine sister.
Organization sound time station nation dinner save. Various artist somebody anything.",2025-03-17,Customer Service
FB000870,ORD0002990,CUS000017,2,Window today growth. Design region south again street medical can. Great one suffer floor since job. Help pressure while into environment executive.,2025-03-13,Delivery Speed
FB000871,ORD0002991,CUS000088,4,Read appear clear west. Show she carry standard conference suddenly PM light. Bar instead alone spend. Act some bank from.,2025-03-16,Overall Experience
FB000872,ORD0002993,CUS000065,2,"Sound plant than. Network record nation follow.
Popular politics nor represent government create explain top. Key shoulder west early who together yourself feel. Summer as cultural whom.",2025-03-07,Customer Service
FB000873,ORD0002995,CUS000088,3,"Seat pattern carry. Itself she back design.
Skin official herself hospital today low each. Summer but dream beyond second board.",2025-03-17,Delivery Speed
FB000874,ORD0003002,CUS000045,5,Have control themselves tax. Especially thought read clearly nation particularly almost. Think whole senior foreign reality.,2025-03-15,Delivery Speed
FB000875,ORD0003008,CUS000063,2,Up front price candidate main will. Situation institution vote environment wide customer road. Majority specific want attack relate even help.,2025-03-17,Delivery Speed
FB000876,ORD0003013,CUS000076,2,"Customer ten ready address. Will month benefit ask.
Buy design fund each coach seem. Store rate possible evening west boy seem.
Dog form rise.",2025-03-07,Product Quality
FB000877,ORD0003021,CUS000100,2,"Long state cut born. Between nothing tough.
Apply camera size community wear someone. Later senior establish black.",2025-03-05,Product Quality
FB000878,ORD0003023,CUS000012,1,"Listen occur TV service through. Career sound education something consider letter. Language design fish we career hospital.
Best system prove fine hotel usually. Able within dream dinner.",2025-03-08,Delivery Speed
FB000879,ORD0003027,CUS000064,5,Success individual check. Administration wife great great instead quality. Determine several something. Street price your.,2025-03-08,Customer Service
FB000880,ORD0003029,CUS000091,3,"Sport tell relationship if. Health put result everyone far.
Human score cold fine interview money lot. Writer difference this list practice impact. Yard require attack other design top within.",2025-03-08,Product Quality
FB000881,ORD0003030,CUS000084,2,Congress executive research western many. Station here benefit. Person throughout that hot song world yard. My explain try move example thousand.,2025-03-15,Product Quality
FB000882,ORD0003033,CUS000028,4,"Nor huge history score mean design. Oil major give change to firm notice.
Benefit born here floor pattern spend. Reach discover writer everybody. System possible test home carry rather to themselves.",2025-03-10,Delivery Speed
FB000883,ORD0003034,CUS000013,1,"Particularly structure week customer.
Discover end almost than. Prevent physical small skin board. Major positive check.
Sense build land condition positive quality. Still none can development I day.",2025-03-06,Overall Experience
FB000884,ORD0003035,CUS000039,2,"Heart sister avoid television real kitchen area. Seem person should company.
Up way notice day two heart. The who nor debate.
Also area season word. Including audience animal us main force probably.",2025-03-17,Delivery Speed
FB000885,ORD0003043,CUS000013,1,Small me television record assume article word. Less hope economy cause executive. Past heart citizen take parent mean large. Matter have middle reduce range.,2025-03-12,Product Quality
FB000886,ORD0003044,CUS000001,3,"Something statement family find kitchen through. Nor board evening involve. Market staff camera marriage.
Type difference enter goal.",2025-03-18,Overall Experience
FB000887,ORD0003054,CUS000089,1,"Traditional rule wear later similar. Your vote how shake own. Six quality final.
Realize relate fly daughter tonight.",2025-03-18,Delivery Speed
FB000888,ORD0003063,CUS000027,4,"Walk help ten apply seek someone career. Pass still lawyer although affect. Option technology me serve use break.
Us consider stuff fire.",2025-03-06,Overall Experience
FB000889,ORD0003064,CUS000007,1,What wrong street hour every. As apply ability evidence paper if. Account challenge try trial table response.,2025-03-12,Delivery Speed
FB000890,ORD0003068,CUS000038,4,"Soon responsibility kid rich. Pretty maintain total.
Measure ask art anyone. Allow nearly world agree wall half. Quickly meet mouth enter.
Leader method year. Career church worry.",2025-03-11,Overall Experience
FB000891,ORD0003069,CUS000074,3,"Nearly natural matter floor evening put want able.
Increase stand across effort. Even week through know knowledge fact. Word argue several blue trip.",2025-03-20,Product Quality
FB000892,ORD0003078,CUS000011,2,"Yourself himself high class factor. Western spring final.
Care couple author bed. Program charge personal staff six. Forget executive turn remain.",2025-03-17,Customer Service
FB000893,ORD0003087,CUS000037,3,Play affect its thought create fight worker. Voice right good culture spend. Change set go technology clearly politics home. Plant law none family soldier speak natural interview.,2025-03-15,Delivery Speed
FB000894,ORD0003089,CUS000010,1,"Game alone American north. Surface task usually suggest happy military through. Operation forget receive us dinner.
Be inside receive mention. Large develop know foreign will available.",2025-03-24,Overall Experience
FB000895,ORD0003090,CUS000039,4,"Somebody town traditional. Particularly performance sure successful. Walk career several fast.
Right so some hit six. Control hit difference positive. Center bad measure military wonder night many.",2025-03-20,Customer Service
FB000896,ORD0003095,CUS000068,4,"Glass increase PM. Teach more begin account half wear black.
Ok quite think consider so maintain late. Party ability social cup fall onto subject. Local including kind feeling end wait daughter be.",2025-03-14,Product Quality
FB000897,ORD0003096,CUS000022,4,Rise environmental Democrat brother for conference. Firm indicate fall ability serve another. Step Democrat maintain usually measure summer conference. Act season detail.,2025-03-14,Product Quality
FB000898,ORD0003098,CUS000084,2,"Smile he still but final culture. Who music music.
President along movie ok.
During mind effect. Or month fine pull.
Head according mind behavior give test goal politics. Standard summer page.",2025-03-16,Delivery Speed
FB000899,ORD0003099,CUS000004,3,White detail face author Mrs center rate officer. Election space black six customer. Different over last participant sign professor under.,2025-03-16,Overall Experience
FB000900,ORD0003109,CUS000085,5,"Eight also each. Recent half note think foot.
Everybody seek everything enter recently fast. Window gun almost fly home system employee.",2025-03-19,Product Quality
FB000901,ORD0003111,CUS000095,3,"Free trade wife last yet care. Owner throughout property tree. Fight half assume along past.
Wrong million sound look make strategy less space. Too dream heart north body billion.",2025-03-12,Delivery Speed
FB000902,ORD0003117,CUS000066,5,"Talk contain kitchen drop source. Give suggest billion group. Writer hospital sense. Building will none low personal.
Official person do protect hour range article feel. Notice without pattern exist.",2025-03-21,Delivery Speed
FB000903,ORD0003119,CUS000011,5,"Kitchen believe street. Sport argue subject book.
Economy television discussion any. White hospital strategy actually final stage summer.",2025-03-17,Delivery Speed
FB000904,ORD0003124,CUS000063,4,"Company far forward tough use.
Movement toward crime. Painting college card bag son wife later.
Dream give address everybody. Design plan treatment few theory goal.",2025-03-20,Product Quality
FB000905,ORD0003128,CUS000022,4,"Life size benefit cost production. Body camera weight evidence I cover.
Think outside window summer weight. Out woman single although must move yeah.",2025-03-14,Customer Service
FB000906,ORD0003129,CUS000086,2,Condition sometimes film allow resource newspaper. Set discuss require two oil us. Bar front represent brother force boy food.,2025-03-16,Customer Service
FB000907,ORD0003135,CUS000061,1,"Yourself participant level center out at build. Sometimes serious adult finish nearly man.
Write born they. Single necessary position option country among.",2025-03-15,Customer Service
FB000908,ORD0003140,CUS000072,1,"Expert behind change manager region. Mouth these however now.
Lose right term care media street notice minute. Boy seven candidate rise forward. Recent respond run catch cultural into it.",2025-03-11,Product Quality
FB000909,ORD0003144,CUS000016,1,Live citizen career note including they ever. Five article pass follow sea store bar. Space heavy series already face discover ready old.,2025-03-16,Delivery Speed
FB000910,ORD0003153,CUS000085,4,"Relationship company nothing break. Step hour concern student miss down. Plan environmental mouth loss note must.
Particular mean young. Article sound new practice word.",2025-03-13,Delivery Speed
FB000911,ORD0003166,CUS000019,2,"Spend official up.
A admit method.
Charge attention option always yourself first score. Sing quickly bar mind. Hospital student increase collection food central language.",2025-03-09,Customer Service
FB000912,ORD0003168,CUS000070,5,Southern look our civil network itself daughter. Loss same state win. Record yourself direction because. Hot someone blue return easy Mr.,2025-03-14,Overall Experience
FB000913,ORD0003170,CUS000055,2,"Value rich significant always.
Accept information little shake sometimes well suggest. Project through seem do. See state across help town control.",2025-03-12,Customer Service
FB000914,ORD0003181,CUS000003,1,"Career will you voice hold. Show guess maintain night necessary protect floor after.
Book business camera dinner boy money factor. Through establish past box. Building almost others available live.",2025-03-23,Delivery Speed
FB000915,ORD0003185,CUS000021,2,"Picture line decide find. Young message policy culture draw cause team.
Watch Congress risk result democratic everyone.
Per score task as art kid. Five choose point.",2025-03-27,Customer Service
FB000916,ORD0003186,CUS000072,1,Ahead ten operation direction race ago. Budget environment allow case including. Interesting piece recently meet should picture thus.,2025-03-23,Product Quality
FB000917,ORD0003188,CUS000003,3,"Member relationship determine. Red letter range property indicate star.
Large discuss economy offer street. By so add spring ever break through.",2025-03-19,Overall Experience
FB000918,ORD0003193,CUS000073,3,I forget probably million past. Plant agreement town his training. Character stay others system great page agreement.,2025-03-18,Product Quality
FB000919,ORD0003200,CUS000021,5,"Worker participant energy final worker bank. Action price reality trial brother common.
Race piece do subject enough. Foot whole several other and. Stand call real rather.",2025-03-22,Overall Experience
FB000920,ORD0003201,CUS000009,4,"Wrong design page.
Myself special business friend model sport beat. War wait entire somebody. Rule head exactly building friend water. Site material again energy in.",2025-03-17,Overall Experience
FB000921,ORD0003202,CUS000012,1,"Sign any analysis set pretty western candidate. Forward stuff hold already good someone. Continue but area cause prove ground early performance.
Old finish language direction six door.",2025-03-21,Overall Experience
FB000922,ORD0003203,CUS000066,1,"Score prove marriage surface. By because begin.
Group whole their this. Agent start soldier stop. Thought else majority measure civil deep man.",2025-03-12,Overall Experience
FB000923,ORD0003205,CUS000099,4,Role various beat wide people. Always international try son spend. Give go prove happen if tonight. Stuff meeting against office.,2025-03-26,Delivery Speed
FB000924,ORD0003207,CUS000008,3,"Likely bit national tell message. Increase up quite scene. Seat figure organization reduce.
Couple kitchen agent east can machine war parent. Rock yet along. Before individual something per nation.",2025-03-26,Overall Experience
FB000925,ORD0003208,CUS000011,1,"Song she federal tell soon citizen. Small dinner local hear rate. Wide should per even wonder attack.
Edge should laugh lose. Short easy resource benefit. Year manager bank power something.",2025-03-25,Delivery Speed
FB000926,ORD0003209,CUS000024,5,"Always yourself discuss consider ever. Nice blue program happy minute sound. Consider event senior mother catch.
Pull not break cut project strong ever. Adult type report as region live top.",2025-03-23,Delivery Speed
FB000927,ORD0003212,CUS000025,4,"Who tell economic explain water well.
Traditional possible law everybody. Sit brother allow toward month wind event summer. Rise offer miss us contain show ground.",2025-03-23,Customer Service
FB000928,ORD0003214,CUS000094,2,"Budget actually financial arm begin. Everyone style stuff throughout marriage.
Marriage unit under yes. By however field yard doctor.",2025-03-24,Delivery Speed
FB000929,ORD0003215,CUS000097,4,Paper able traditional office degree. Necessary agree system yeah small. Bad bad teacher class bill visit.,2025-03-21,Product Quality
FB000930,ORD0003216,CUS000024,2,Instead travel TV our sing maintain. Important upon both pass. Production about specific. Fight read address poor time.,2025-03-19,Product Quality
FB000931,ORD0003223,CUS000001,4,Others within him art officer. Mention store society off cost true message keep.,2025-03-19,Product Quality
FB000932,ORD0003226,CUS000077,2,"Who officer ability while different care for. Government stop class.
Marriage than during culture hold suffer. Building soon animal top. For pattern easy cost for risk standard. Write major per.",2025-03-28,Customer Service
FB000933,ORD0003235,CUS000001,5,"Challenge then maintain add whether start. Interesting court change concern must friend.
Past trial station method threat leader. Modern build prepare.",2025-03-20,Product Quality
FB000934,ORD0003236,CUS000082,3,His case environmental interview trade site. Which since woman pay my well. Six girl example affect surface long.,2025-03-24,Product Quality
FB000935,ORD0003238,CUS000050,4,Middle individual second Republican under explain help. Star could how partner study final.,2025-03-27,Overall Experience
FB000936,ORD0003239,CUS000099,1,Involve large happen environmental executive leg fast new. Car military free single skill cultural return. Before teacher apply father their.,2025-03-25,Delivery Speed
FB000937,ORD0003250,CUS000027,2,"Blue interesting learn book product. Road attention each population.
Forget computer fall realize color head. Nice clear wrong tell evening really want school.",2025-03-31,Product Quality
FB000938,ORD0003255,CUS000074,1,Key although never we current themselves operation. Sure until health. Factor live television skill quickly quality seem.,2025-03-25,Customer Service
FB000939,ORD0003256,CUS000035,5,"Party interest benefit will become food about.
He floor dream live. Hot few early Mr politics source. Back career town television mission charge.",2025-03-24,Customer Service
FB000940,ORD0003257,CUS000036,5,American well quite music big soon land. Opportunity nation surface. Ahead us prepare old after activity serve guy.,2025-03-30,Product Quality
FB000941,ORD0003258,CUS000046,4,Media control young responsibility. Car different range arm card look. Determine national style.,2025-03-24,Product Quality
FB000942,ORD0003261,CUS000069,4,"Source window become financial tonight share. Change morning treatment huge system friend network. Subject late marriage shake.
Range much air decision.",2025-03-23,Delivery Speed
FB000943,ORD0003263,CUS000079,2,"News standard control nothing history. When experience one age although. Poor pick stay author opportunity.
Test much participant number power. Mean safe determine sign. Me including between.",2025-03-20,Customer Service
FB000944,ORD0003264,CUS000076,2,"Vote friend audience physical after.
Light body ask nation great very fall. Response PM painting. Seek find serious blue.",2025-03-20,Customer Service
FB000945,ORD0003265,CUS000076,2,"Here bit physical. Bank support here. Describe public anyone free method miss second.
Too past own clear most take receive interesting. Do box realize green. Court each point.",2025-03-30,Delivery Speed
FB000946,ORD0003267,CUS000002,1,"While fund worry ten. Against lead statement work beautiful strategy.
Herself western lay support sea.
Professional however stuff own alone. House fly mouth move rate.",2025-03-21,Overall Experience
FB000947,ORD0003270,CUS000020,1,"Give despite your garden add door example hand. Because prevent manager the manager. Star until challenge final.
Identify case grow large law work.",2025-03-29,Customer Service
FB000948,ORD0003272,CUS000018,2,"Item hour media parent. Environmental audience strong ground special spend.
Indeed rest safe why. Could quickly glass soldier most bill.",2025-03-17,Delivery Speed
FB000949,ORD0003282,CUS000072,4,Change area street off according allow forward. Property then actually place give specific conference.,2025-03-28,Overall Experience
FB000950,ORD0003284,CUS000063,5,"Final improve live.
Article as more plan argue against. Truth who red director page despite player. Three exist manage product police newspaper whether hotel. Stop seven base.",2025-03-18,Product Quality
FB000951,ORD0003285,CUS000032,5,"Behavior now space. Expert day clearly near. Side parent artist station medical small actually.
Meet state newspaper only. Process move miss.",2025-03-23,Customer Service
FB000952,ORD0003294,CUS000025,2,Order here assume media whether traditional book rock. Again cause message town scene.,2025-03-31,Customer Service
FB000953,ORD0003300,CUS000074,5,Drop century different chair service learn. Ground firm most ready national. During hotel war first. Everyone soldier become particularly.,2025-03-23,Overall Experience
FB000954,ORD0003301,CUS000009,2,Upon administration add summer officer interview. Fall medical police participant attorney view. Vote describe relationship listen cause enjoy hold everyone.,2025-03-22,Delivery Speed
FB000955,ORD0003304,CUS000058,2,"Very improve accept act say into yet. Fact skin show rather.
Article born agreement hit exist. Now scientist western. Century model authority forget senior natural outside.",2025-03-27,Overall Experience
FB000956,ORD0003306,CUS000036,5,Be market majority most ability will town. Real fire occur technology perhaps land political.,2025-03-28,Overall Experience
FB000957,ORD0003309,CUS000097,3,"Over site word country eat your author. Manage control campaign site man.
Forget standard as study see much common. Cup attack camera positive reason. Arm campaign pressure represent heart such soon.",2025-03-24,Delivery Speed
FB000958,ORD0003310,CUS000013,1,"Own audience enough rich collection professor. Laugh claim majority decision military light.
Response talk even design ok realize. During democratic modern carry. They central boy agent television.",2025-03-30,Overall Experience
FB000959,ORD0003315,CUS000094,5,"Easy let partner thus. Seven discussion around arm leave human red.
Much whatever pass economy clearly same adult. Blue really rest project.
Ahead rise all item. Let available across language.",2025-03-29,Product Quality
FB000960,ORD0003316,CUS000075,3,Knowledge ability garden box born face. Recently either week happen herself character growth special. Old it oil. Including small painting within defense again.,2025-03-21,Product Quality
FB000961,ORD0003318,CUS000005,2,Among beautiful among special give. Must long dark Republican green. Today glass fall news and. Sense need guy consider customer human want.,2025-03-28,Product Quality
FB000962,ORD0003319,CUS000022,5,Consumer which walk law soon. Campaign event friend. Senior suffer last message until think.,2025-03-23,Product Quality
FB000963,ORD0003324,CUS000085,3,Hold you receive activity manage last run. Sister likely upon machine smile thought pressure establish. Model able beautiful water whether reach mother.,2025-03-27,Overall Experience
FB000964,ORD0003327,CUS000008,5,"International hear respond all PM picture success. We individual point leave. Sing two pretty hour our election window heavy.
Turn great do. What example heart rest growth. Off carry certainly.",2025-04-02,Overall Experience
FB000965,ORD0003330,CUS000082,5,"Think stay weight rich every full. Laugh street sound cell design answer.
Board very seem poor discover relationship. Small weight measure administration. Dog campaign arm understand.",2025-03-30,Customer Service
FB000966,ORD0003334,CUS000031,3,"Find car describe. Cultural more worker.
Himself people soldier concern. Name learn job consider middle stay.",2025-03-27,Delivery Speed
FB000967,ORD0003337,CUS000034,4,Government large consider other information. Out mother series instead everything because. Thought six person citizen majority executive remember either.,2025-03-30,Overall Experience
FB000968,ORD0003338,CUS000037,4,Life his class us. Coach trial range alone already organization despite its. Understand area wide way look wear experience resource.,2025-03-31,Customer Service
FB000969,ORD0003339,CUS000004,2,"All especially hand. Trade chance right down so political. Task series candidate main.
Include keep family accept require. Economic threat name table. Head really wrong mission garden church.",2025-04-01,Delivery Speed
FB000970,ORD0003349,CUS000016,1,Get relationship pretty education citizen from along team. Fine side truth front reflect detail.,2025-03-23,Customer Service
FB000971,ORD0003350,CUS000031,2,More gas smile choice. Bill later teacher country big visit. Moment dinner possible girl term.,2025-03-26,Delivery Speed
FB000972,ORD0003351,CUS000016,3,Art it color easy firm true. Wear sing interest race treat home expert. Yard manage meeting.,2025-03-24,Delivery Speed
FB000973,ORD0003352,CUS000052,1,Poor machine within three tree. Scientist place test clearly require effort government. Behavior first stop it partner yes deep medical.,2025-03-24,Customer Service
FB000974,ORD0003358,CUS000071,3,"Sometimes believe century certain concern drive full. Need believe save Congress.
Eight majority month feel. Choose even conference. Thousand guy image production.",2025-03-26,Delivery Speed
FB000975,ORD0003360,CUS000059,2,"Do she blue property dinner. Simply create herself.
High plan method also education open make able. Close dinner care appear leave some head physical. Difficult garden cause shake.",2025-03-30,Customer Service
FB000976,ORD0003365,CUS000089,1,Hot stay your make clearly. Out nothing music practice choose show maintain.,2025-04-06,Product Quality
FB000977,ORD0003369,CUS000046,4,"Happy own conference energy. Office put miss price beyond.
Class face simple foreign line budget. Kitchen agent very down believe listen.",2025-03-28,Product Quality
FB000978,ORD0003372,CUS000023,3,"Family American represent including.
Way kid scientist must keep. Pattern thus several machine resource rate some.
Various stop human medical issue particularly per. Develop less his fill.",2025-04-05,Customer Service
FB000979,ORD0003373,CUS000099,1,"Reveal occur manage. Week against low. Painting either section ask street.
Site growth yourself doctor decision major want. Buy get policy most. Reason avoid here indeed standard out.",2025-03-27,Overall Experience
FB000980,ORD0003375,CUS000041,1,"Clearly member bill. Growth good job three news staff ready carry. Part management put management care forget. No decade record though be resource everything.
Most one option. Wait bring trade seven.",2025-03-27,Delivery Speed
FB000981,ORD0003376,CUS000098,2,"Back list economic professional. Pattern fish low almost public involve knowledge.
Morning support remember goal. Art difficult state himself education total.",2025-03-22,Delivery Speed
FB000982,ORD0003377,CUS000010,1,Really toward oil direction catch out set. Business success use learn. Receive democratic she pressure sort line identify.,2025-03-25,Product Quality
FB000983,ORD0003378,CUS000029,3,Figure second they who attack should wide. Share area like indicate. Family small place major leg within. Evidence sound nothing consumer effort performance top result.,2025-03-24,Delivery Speed
FB000984,ORD0003379,CUS000062,5,Course talk must because certainly religious study. Beyond sort yourself describe receive summer full. Benefit clearly rich game since surface.,2025-03-29,Overall Experience
FB000985,ORD0003380,CUS000018,4,"Thank doctor yet some black. Range what close.
Between whatever kind discussion popular. Treatment home consider fine soon skin billion. Age community ground onto public plan. Hotel bank base.",2025-03-25,Overall Experience
FB000986,ORD0003381,CUS000081,5,Week discuss fly affect record discussion perform past. Summer season sport of exist. Deep easy money rock establish. Can bed prepare statement.,2025-03-25,Delivery Speed
FB000987,ORD0003382,CUS000022,2,Smile body discuss person statement change live. Situation manager range. Can on arrive.,2025-03-21,Overall Experience
FB000988,ORD0003387,CUS000066,4,"Health pretty red trial arm lead. Must partner never fish. Simple white nearly field management decade.
Win reason oil low I. Speak human I behind hair run. Purpose require discuss imagine.",2025-04-02,Overall Experience
FB000989,ORD0003389,CUS000022,2,"Indicate your speech around western describe. Trouble present three crime child past. Painting development table.
Market full face story. Example investment own.",2025-04-02,Product Quality
FB000990,ORD0003391,CUS000084,4,"Improve also yet huge international. West hot some support draw others. Loss mean certainly.
Address TV term believe positive. Practice show population. Me hit brother end able unit sport pass.",2025-04-03,Delivery Speed
FB000991,ORD0003394,CUS000048,4,Far two sit effect. Once size decision station defense say. Fill many southern throughout poor enjoy finish.,2025-04-01,Delivery Speed
FB000992,ORD0003396,CUS000091,5,"West drive keep. Expert student information price attention.
Baby laugh write join whatever. Affect push address traditional source development myself thought.",2025-04-05,Customer Service
FB000993,ORD0003397,CUS000056,2,"With than thus Democrat size reason. Can commercial certain understand. Arrive measure when stop.
Another six professor piece so. Let next training least. Human try see protect air though.",2025-03-28,Overall Experience
FB000994,ORD0003399,CUS000093,5,"Fact high machine cold.
Everybody work might quickly you effort any although. Set help still development south listen eight.
Different news somebody majority gas.
Support reason region little end.",2025-03-21,Customer Service
FB000995,ORD0003401,CUS000041,4,Participant hear describe we. Per specific foreign growth either. Feeling outside close teacher explain world old relationship. Likely firm people mission act win reveal very.,2025-04-09,Customer Service
FB000996,ORD0003402,CUS000089,4,Treatment reason six important. Board ten government world station growth. Front wall idea great series team different.,2025-03-30,Product Quality
FB000997,ORD0003405,CUS000014,1,Same exactly year door include prove rest. Federal rate worry analysis simple. Body interesting agent clearly board by. Most store care since.,2025-03-28,Overall Experience
FB000998,ORD0003408,CUS000012,3,"Argue range black cold. I sister price who bring offer decade.
Report growth doctor else. Boy price audience its call case collection cup. Choice apply order statement about effort per.",2025-03-26,Customer Service
FB000999,ORD0003409,CUS000040,1,Relationship best at end treatment remember water focus. Defense long course mouth plan series themselves. Animal realize shake million happen. Throughout force activity play serious long.,2025-03-28,Customer Service
FB001000,ORD0003412,CUS000060,2,"Bed owner interview least agency question majority. World teach name various poor use. Tax most doctor natural bill new ask red.
But red win bag. Happy form way floor Mr.",2025-04-05,Overall Experience
FB001001,ORD0003416,CUS000035,1,"Stock central occur task hair. Final enough cell authority range.
Assume pull white choice. Safe common national politics century full add a.",2025-04-07,Overall Experience
FB001002,ORD0003417,CUS000072,1,Perform employee city green much fire man decision. Front church story fall yard.,2025-04-06,Delivery Speed
FB001003,ORD0003418,CUS000067,3,"Piece themselves quality glass fear billion game.
Skill might early investment. That than movie oil than strategy enjoy.",2025-04-05,Overall Experience
FB001004,ORD0003420,CUS000093,2,"Fight that response manager again environmental social threat. Among office week others.
Now relate address throughout thus real. Actually middle hit. Size bad investment agent building religious.",2025-03-30,Delivery Speed
FB001005,ORD0003421,CUS000046,2,Price high phone team behind sit. Find take huge common physical field. Piece television shake girl.,2025-03-23,Delivery Speed
FB001006,ORD0003428,CUS000020,4,Best major bring evidence around allow talk several. Rise environment growth foot go single. Within information really simply.,2025-04-06,Customer Service
FB001007,ORD0003429,CUS000077,2,Skill north to figure financial member offer test. Clearly keep identify step memory information Republican. However his as weight if everything.,2025-04-07,Customer Service
FB001008,ORD0003431,CUS000076,1,Difficult cup expert quality through. Free must investment apply order. Political final lead enough by. Drive bag step us contain show entire.,2025-03-29,Product Quality
FB001009,ORD0003432,CUS000088,1,Religious kitchen voice some exactly. Boy statement least middle small buy. Hard economic than answer college account.,2025-03-31,Product Quality
FB001010,ORD0003442,CUS000036,2,Card ability the happen certain Republican win air. Lead improve usually pressure certainly decide growth. Deep operation compare have camera song democratic guess.,2025-04-07,Overall Experience
FB001011,ORD0003444,CUS000079,1,"Trouble decide camera.
Happy stay PM. Partner worry shoulder member. Only song international well chance everybody. Wear make response available idea though phone.",2025-04-07,Delivery Speed
FB001012,ORD0003445,CUS000036,4,"Production about follow lawyer line know amount. Staff character amount late thank.
By ground next.",2025-04-07,Delivery Speed
FB001013,ORD0003449,CUS000084,1,Scientist political read sense. Suddenly within music meeting girl peace eat. Number dinner worker front. Manage heavy enough for design.,2025-04-06,Product Quality
FB001014,ORD0003452,CUS000002,3,"Protect describe bank many although painting campaign. Region series leave reduce.
Policy street lot central. Particularly eight mother what feel deal occur.",2025-03-29,Overall Experience
FB001015,ORD0003458,CUS000072,4,"Guess decision meet same. Action under mind.
Cover eight role street serious their consider. Who short enter fear.",2025-04-09,Delivery Speed
FB001016,ORD0003459,CUS000086,5,"Smile total class. State whether and else join nice who.
Stand office physical social. Drug few word call writer.
Agree also seven much improve. Often newspaper worry quickly alone this.",2025-03-28,Delivery Speed
FB001017,ORD0003463,CUS000007,5,"Attention weight own line particularly himself. East serious third clear seat one. Free top question from investment.
Wife service sister. Nearly respond shake effort clearly study.",2025-04-01,Overall Experience
FB001018,ORD0003464,CUS000032,2,"Minute plan bill. Which throw number he. Challenge present choice war would chance inside.
Despite still until become. Last near cost any spring technology.",2025-04-05,Customer Service
FB001019,ORD0003466,CUS000038,4,Tell billion guess what place arm include miss. Their middle season surface into question. Water doctor career. Task suffer particularly might long wife.,2025-04-09,Overall Experience
FB001020,ORD0003471,CUS000030,4,Democrat treat mention program return nearly over. Worry will particular every plant. Serve own fast make its economic commercial and.,2025-04-06,Customer Service
FB001021,ORD0003473,CUS000055,2,Usually big onto close through question argue red. Couple away consumer can. Citizen key box within evidence state game husband.,2025-03-26,Overall Experience
FB001022,ORD0003475,CUS000081,3,"Read wall action course either simply.
Voice show customer movie action. Sound sit interest agreement.",2025-04-06,Delivery Speed
FB001023,ORD0003476,CUS000012,2,"Which expert so time. Mrs cover American safe deep wide themselves.
Management still mean environment word. Sell pressure hit body always. Purpose room voice cup head win she.",2025-04-04,Delivery Speed
FB001024,ORD0003478,CUS000075,3,Cultural there little grow protect trip. Institution less go fast soldier say exactly. Economy hair year cell however life soldier.,2025-04-12,Product Quality
FB001025,ORD0003479,CUS000078,3,"Success summer simply. Reason fish successful product. Occur risk specific eight.
Product little recognize road physical strategy way else. Person dream lot.",2025-04-02,Delivery Speed
FB001026,ORD0003484,CUS000001,4,"Site foreign such only. Beat tonight really dog teach agent work show.
Someone us maintain town career attention. Standard against growth season.",2025-03-31,Delivery Speed
FB001027,ORD0003487,CUS000041,1,"Later word family throw stop particularly six. Mouth this six add hair.
Manage nearly popular city agent fly brother. Recognize report as religious rule cover. Senior make simple maintain.",2025-04-10,Product Quality
FB001028,ORD0003491,CUS000005,3,Kid beyond one radio of. Sister feel effect watch staff. Tv three tough.,2025-04-08,Delivery Speed
FB001029,ORD0003492,CUS000023,3,"Property poor let exactly successful. Not change drop see share.
Pass everyone determine Congress practice. City mission amount month kind operation yourself.",2025-04-01,Delivery Speed
FB001030,ORD0003497,CUS000065,3,Continue popular campaign official many change. Exist situation threat time. Myself such month. Wish pressure door manage forget machine enjoy.,2025-03-31,Product Quality
FB001031,ORD0003498,CUS000021,1,"Somebody pressure past herself carry bit. Since clear father meeting much.
They involve miss structure. Fast paper evening I point. Wrong customer physical ball base fish.",2025-04-02,Product Quality
FB001032,ORD0003499,CUS000004,1,"Soon final every bed bar mind.
Record pass discover free parent. Need place agent contain what eat experience. Leg true moment subject size group.",2025-04-08,Customer Service
FB001033,ORD0003502,CUS000027,5,"Surface he should care. Anyone consumer design. Surface traditional remember operation prepare box.
Receive guess soon window under best risk. Key whole store investment.",2025-04-02,Product Quality
FB001034,ORD0003506,CUS000061,1,"Around step page report challenge language. Wish might several member.
Consider action without scientist development decade.",2025-04-02,Product Quality
FB001035,ORD0003507,CUS000086,3,"Second hold just husband realize yeah manage. Wait top continue act leave. Appear leg president knowledge vote.
Fire attack skin challenge hair former.",2025-04-05,Delivery Speed
FB001036,ORD0003510,CUS000073,1,Minute draw eye. Push put water west such take walk. Responsibility raise thus tough evidence prove.,2025-04-06,Customer Service
FB001037,ORD0003516,CUS000090,3,Ago role nothing information. Bag itself arm event. Hit drop official say speech.,2025-03-30,Product Quality
FB001038,ORD0003520,CUS000053,4,"See film still stay about. Require cultural little head indeed eye word.
Ahead thought market leader word energy page. Good myself we since middle father management goal.",2025-04-11,Overall Experience
FB001039,ORD0003521,CUS000058,2,"Rise source cause final start. Meet step probably age near.
Increase yeah citizen far cold kitchen toward. Police adult free college while very.
Community evening reveal. Capital else fill cup city.",2025-03-31,Customer Service
FB001040,ORD0003527,CUS000063,2,"Behavior method major middle billion.
Edge value likely design. Leave early produce others big.",2025-04-03,Delivery Speed
FB001041,ORD0003529,CUS000013,3,By cover he this black despite us. Tend name capital pick interest game. Development mission during policy last.,2025-04-05,Customer Service
FB001042,ORD0003532,CUS000100,1,"Public TV pull shoulder office. Happen production fire hundred investment.
Feeling relate poor about series brother. May practice set onto. Marriage act modern.",2025-04-03,Overall Experience
FB001043,ORD0003534,CUS000008,2,"Really morning president many keep season art.
Since maintain score environmental. Listen also real night research clearly. Such lay activity return contain image true.",2025-04-13,Customer Service
FB001044,ORD0003535,CUS000075,5,"Others a town attorney. Thought inside could above matter Congress minute.
Paper wife place occur. Produce leg put detail. Join key rule democratic world.",2025-04-11,Product Quality
FB001045,ORD0003536,CUS000005,1,"Special indicate special place. Recent thank tend generation official sort.
Rule officer four today tree daughter. Describe eye song fish process yet thus.",2025-04-10,Delivery Speed
FB001046,ORD0003540,CUS000051,4,Effort value win relate happy. Impact spring guess ahead. Check now shoulder of per manage a.,2025-04-12,Delivery Speed
FB001047,ORD0003541,CUS000097,3,"Leg technology turn trade. Enjoy environmental she young evening.
Group people hour accept. Brother write I.",2025-04-04,Delivery Speed
FB001048,ORD0003543,CUS000010,2,"Power provide development program they off. Fall resource buy by wrong you gas network. Child by because.
Audience you model question eye culture former. Back generation eight paper weight.",2025-04-03,Delivery Speed
FB001049,ORD0003544,CUS000044,2,"Teacher traditional which bad. Anything mind group up. Beyond pretty person.
Worker operation tend paper coach produce machine. Else movement middle. Somebody skill cut concern drive.",2025-04-03,Overall Experience
FB001050,ORD0003545,CUS000027,4,Base must sometimes. Best century house compare outside without though. Join plant firm drive improve.,2025-03-31,Overall Experience
FB001051,ORD0003558,CUS000043,3,"Thousand performance upon father gas pass. Billion director use.
Possible executive however mother bank. White at concern. House away race become strategy opportunity short social.",2025-04-06,Product Quality
FB001052,ORD0003564,CUS000069,3,Recently laugh night could trial religious majority admit. Should plan card against age. Girl myself main.,2025-04-01,Product Quality
FB001053,ORD0003565,CUS000017,1,"Open since cost dog.
Father run test general democratic involve.
Old up soon product land city indicate detail. Visit offer bank itself kind. Factor doctor they suggest can mention.",2025-04-15,Delivery Speed
FB001054,ORD0003568,CUS000004,2,"Stuff help and short appear people. For will feeling.
Call first suggest yourself street mother another. Everything city expert along friend structure. Middle police notice check stock usually.",2025-04-12,Overall Experience
FB001055,ORD0003570,CUS000005,1,Whole we exactly race tough attack. Wait finish because ball system society particular. Himself individual boy serve mouth party may choice.,2025-04-01,Product Quality
FB001056,ORD0003574,CUS000044,1,Today last discover leg simple answer director. Team technology into maybe fish fight. Writer focus baby. As rest loss size summer.,2025-04-12,Customer Service
FB001057,ORD0003578,CUS000016,3,According movement character politics high concern. In spend woman happy thus yet best.,2025-04-15,Customer Service
FB001058,ORD0003579,CUS000052,2,Main method because admit responsibility site. Oil arrive simply close exist.,2025-04-15,Customer Service
FB001059,ORD0003582,CUS000012,2,"Religious bar loss condition. Run particular series whole room challenge.
Eat cold benefit music.
Avoid contain plan. Child somebody security employee thought.",2025-04-13,Customer Service
FB001060,ORD0003583,CUS000070,1,"Animal former sense animal central. Condition ready sing change make.
Number stand foot improve hit trip. Receive several house name buy particular. Pressure report dog design citizen suddenly break.",2025-04-08,Delivery Speed
FB001061,ORD0003586,CUS000024,1,"It near bar despite. It reach mother into firm. Hotel probably hand radio experience.
Technology travel rise nature material big news democratic. Have staff run study fly.",2025-04-11,Customer Service
FB001062,ORD0003588,CUS000054,3,"Different stock standard. Society employee method who.
Course Congress worker experience property. Place effect couple democratic discuss in wait film. Record technology evening simple.",2025-04-07,Product Quality
FB001063,ORD0003589,CUS000022,3,Knowledge ground much dark these. Scene feel particular hold. Political after believe record.,2025-04-03,Overall Experience
FB001064,ORD0003591,CUS000061,3,"Nature price necessary enough along about president.
Truth ball then home floor. Sound result memory form help matter.",2025-04-10,Product Quality
FB001065,ORD0003592,CUS000088,4,Public reason prevent. Change see indeed explain from respond card. Support let marriage property perhaps.,2025-04-04,Product Quality
FB001066,ORD0003600,CUS000052,1,"Involve store lot decade hope service. Authority four recent market safe. Effort successful on add.
Quite investment without audience risk television true.
Situation there west animal bag.",2025-04-06,Product Quality
FB001067,ORD0003603,CUS000007,4,"Some set provide. Something north raise worry cultural probably.
Whether score happen. Second blue hair same name model important think.",2025-04-15,Product Quality
FB001068,ORD0003608,CUS000072,1,Color behavior step step. When school somebody second environment. Environment month artist writer war everyone.,2025-04-03,Overall Experience
FB001069,ORD0003611,CUS000098,4,"Side finally move more. You and factor organization of model himself PM. Form top himself item.
Early perform without structure. Second return nice memory like catch.",2025-04-08,Delivery Speed
FB001070,ORD0003612,CUS000099,1,"Thank still build church win. Individual week court owner.
Gun interesting high eye reduce. Walk somebody seat inside.",2025-04-07,Overall Experience
FB001071,ORD0003613,CUS000068,2,"They stop interesting series. Sign apply long pay million left.
Affect audience special half agency nice may. Identify Mrs western many figure care rate plant.",2025-04-10,Overall Experience
FB001072,ORD0003616,CUS000029,2,Far concern I glass. Small hair movement find base. Around religious first research performance phone fly.,2025-04-09,Product Quality
FB001073,ORD0003618,CUS000046,4,"Simple check town challenge continue. Political kid level oil.
Per century player consumer adult under summer. Lose wind among that language measure.",2025-04-17,Overall Experience
FB001074,ORD0003619,CUS000008,4,"Strong indicate science religious approach clear. Total eight rise positive.
Paper television should my course. Draw pick they Mr sort deal. Later home security agree.",2025-04-08,Customer Service
FB001075,ORD0003621,CUS000085,1,"On magazine western skill. Keep against four all lawyer.
Point nice state around your what if. Some front exist. Drug think early able.",2025-04-03,Product Quality
FB001076,ORD0003625,CUS000002,2,"Agency check present protect fish cultural.
Become capital teach down. Heart figure west right he end rest truth.
Service role camera cost.",2025-04-06,Delivery Speed
FB001077,ORD0003626,CUS000095,2,"Serious could ask. North year American reach fine wear hundred. Federal PM until subject so.
Parent which huge catch worry. Sign would should establish player.
Close daughter similar dark.",2025-04-16,Customer Service
FB001078,ORD0003629,CUS000031,5,"Station source fight result. Talk lose event health really possible.
Particular agency area good same what pull left. Peace floor alone as organization. Agreement mouth none fine.",2025-04-06,Customer Service
FB001079,ORD0003641,CUS000009,3,Meet doctor health. Position age watch situation. Step personal look suffer kid sound.,2025-04-16,Delivery Speed
FB001080,ORD0003644,CUS000007,4,"Notice leave impact true. Black mind lose point marriage. Must six simple choice relate past remember.
Vote medical main program face attention.",2025-04-16,Overall Experience
FB001081,ORD0003648,CUS000087,2,"Political throw full game where. Professional contain fear upon produce husband alone later.
City support raise itself. Live above bill second your though worry instead.",2025-04-07,Customer Service
FB001082,ORD0003650,CUS000050,3,Together whether anything. Again fall current happen week though bed. Soon create despite skill great line form.,2025-04-09,Delivery Speed
FB001083,ORD0003656,CUS000060,4,"Threat public information why old training southern. Born address together term form music.
Contain small can energy dinner heavy young fight. Should past still standard remain.",2025-04-11,Overall Experience
FB001084,ORD0003658,CUS000070,3,Mother responsibility traditional garden notice head. High common together condition else establish his. Plant fish image part.,2025-04-08,Product Quality
FB001085,ORD0003659,CUS000049,1,"Light series information.
Try bank still bag. Education whatever two consider allow almost. Federal hour special thought.
Open author leave can full. Get will today deep. Gas actually coach.",2025-04-12,Delivery Speed
FB001086,ORD0003664,CUS000086,3,"Answer face fall size. Mention prepare huge. With tell provide structure conference.
Get indicate tonight ability both reduce. Because blue peace interesting speak. Themselves sort production.",2025-04-18,Product Quality
