order_id,product_id,quantity,unit_price,item_total
ORD0000001,P000080,1,425.06,425.06
ORD0000001,P000049,4,397.95,1591.8
ORD0000001,P000099,1,579.66,579.66
ORD0000001,P000095,2,544.11,1088.22
ORD0000002,P000079,2,565.57,1131.14
ORD0000002,P000081,4,834.21,3336.84
ORD0000002,P000093,2,475.81,951.62
ORD0000002,P000018,5,261.78,1308.8999999999999
ORD0000003,P000010,3,183.93,551.79
ORD0000003,P000025,5,985.57,4927.85
ORD0000003,P000013,2,877.54,1755.08
ORD0000004,P000031,1,91.66,91.66
ORD0000004,P000061,5,422.28,2111.3999999999996
ORD0000004,P000028,3,132.06,396.18
ORD0000004,P000011,2,600.73,1201.46
ORD0000004,P000025,4,985.57,3942.28
ORD0000005,P000014,4,928.24,3712.96
ORD0000006,P000053,3,53.27,159.81
ORD0000006,P000025,1,985.57,985.57
ORD0000006,P000078,3,475.26,1425.78
ORD0000007,P000012,3,770.03,2310.09
ORD0000007,P000090,2,890.09,1780.18
ORD0000008,P000010,4,183.93,735.72
ORD0000008,P000086,4,949.25,3797.0
ORD0000008,P000031,3,91.66,274.98
ORD0000008,P000043,1,232.18,232.18
ORD0000008,P000099,2,579.66,1159.32
ORD0000009,P000060,4,606.3,2425.2
ORD0000010,P000082,1,797.58,797.58
ORD0000010,P000040,1,852.32,852.32
ORD0000011,P000008,1,237.9,237.9
ORD0000012,P000014,4,928.24,3712.96
ORD0000013,P000065,2,392.5,785.0
ORD0000013,P000088,5,730.81,3654.0499999999997
ORD0000014,P000026,1,78.71,78.71
ORD0000014,P000065,5,392.5,1962.5
ORD0000014,P000085,1,591.78,591.78
ORD0000015,P000053,1,53.27,53.27
ORD0000015,P000007,2,20.07,40.14
ORD0000015,P000088,3,730.81,2192.43
ORD0000015,P000020,2,15.55,31.1
ORD0000016,P000023,2,670.32,1340.64
ORD0000016,P000071,3,59.2,177.60000000000002
ORD0000016,P000080,3,425.06,1275.18
ORD0000016,P000049,4,397.95,1591.8
ORD0000016,P000030,4,991.47,3965.88
ORD0000017,P000013,1,877.54,877.54
ORD0000017,P000032,3,837.84,2513.52
ORD0000017,P000075,4,438.9,1755.6
ORD0000017,P000015,1,803.01,803.01
ORD0000017,P000046,1,580.21,580.21
ORD0000018,P000067,3,296.04,888.1200000000001
ORD0000018,P000039,1,929.35,929.35
ORD0000018,P000016,5,108.84,544.2
ORD0000018,P000043,2,232.18,464.36
ORD0000018,P000021,4,482.67,1930.68
ORD0000019,P000008,4,237.9,951.6
ORD0000019,P000075,4,438.9,1755.6
ORD0000019,P000044,4,446.54,1786.16
ORD0000020,P000049,5,397.95,1989.75
ORD0000020,P000008,5,237.9,1189.5
ORD0000020,P000034,1,927.37,927.37
ORD0000020,P000004,2,709.94,1419.88
ORD0000020,P000032,4,837.84,3351.36
ORD0000021,P000068,3,453.04,1359.1200000000001
ORD0000021,P000080,4,425.06,1700.24
ORD0000021,P000036,3,225.58,676.74
ORD0000021,P000059,2,225.97,451.94
ORD0000021,P000095,4,544.11,2176.44
ORD0000022,P000003,1,924.38,924.38
ORD0000022,P000035,5,248.76,1243.8
ORD0000023,P000073,1,122.71,122.71
ORD0000024,P000067,5,296.04,1480.2
ORD0000024,P000051,4,250.57,1002.28
ORD0000025,P000031,5,91.66,458.29999999999995
ORD0000025,P000056,5,195.56,977.8
ORD0000025,P000012,2,770.03,1540.06
ORD0000026,P000035,5,248.76,1243.8
ORD0000027,P000100,2,776.96,1553.92
ORD0000027,P000046,5,580.21,2901.05
ORD0000027,P000035,4,248.76,995.04
ORD0000027,P000028,5,132.06,660.3
ORD0000027,P000033,4,644.39,2577.56
ORD0000028,P000053,1,53.27,53.27
ORD0000028,P000062,2,745.88,1491.76
ORD0000028,P000009,5,462.25,2311.25
ORD0000028,P000019,4,941.21,3764.84
ORD0000028,P000044,2,446.54,893.08
ORD0000029,P000080,3,425.06,1275.18
ORD0000029,P000010,2,183.93,367.86
ORD0000029,P000012,2,770.03,1540.06
ORD0000030,P000075,5,438.9,2194.5
ORD0000030,P000075,4,438.9,1755.6
ORD0000031,P000018,3,261.78,785.3399999999999
ORD0000031,P000022,5,294.77,1473.85
ORD0000031,P000035,2,248.76,497.52
ORD0000031,P000044,3,446.54,1339.6200000000001
ORD0000032,P000022,1,294.77,294.77
ORD0000033,P000071,4,59.2,236.8
ORD0000033,P000072,2,841.35,1682.7
ORD0000033,P000078,2,475.26,950.52
ORD0000033,P000095,1,544.11,544.11
ORD0000033,P000042,3,274.71,824.1299999999999
ORD0000034,P000067,1,296.04,296.04
ORD0000034,P000075,3,438.9,1316.6999999999998
ORD0000034,P000045,5,711.71,3558.55
ORD0000034,P000044,3,446.54,1339.6200000000001
ORD0000034,P000094,2,341.12,682.24
ORD0000035,P000064,2,135.37,270.74
ORD0000035,P000040,5,852.32,4261.6
ORD0000035,P000082,3,797.58,2392.7400000000002
ORD0000036,P000051,2,250.57,501.14
ORD0000036,P000063,2,73.02,146.04
ORD0000036,P000012,4,770.03,3080.12
ORD0000037,P000079,2,565.57,1131.14
ORD0000038,P000099,5,579.66,2898.2999999999997
ORD0000038,P000024,2,33.52,67.04
ORD0000038,P000069,2,822.37,1644.74
ORD0000039,P000009,1,462.25,462.25
ORD0000040,P000006,2,339.56,679.12
ORD0000040,P000098,4,647.23,2588.92
ORD0000041,P000061,2,422.28,844.56
ORD0000041,P000049,3,397.95,1193.85
ORD0000042,P000068,3,453.04,1359.1200000000001
ORD0000043,P000042,1,274.71,274.71
ORD0000043,P000016,1,108.84,108.84
ORD0000043,P000024,1,33.52,33.52
ORD0000043,P000095,4,544.11,2176.44
ORD0000043,P000029,2,96.26,192.52
ORD0000044,P000013,5,877.54,4387.7
ORD0000044,P000073,1,122.71,122.71
ORD0000044,P000046,4,580.21,2320.84
ORD0000045,P000058,1,473.76,473.76
ORD0000046,P000073,2,122.71,245.42
ORD0000046,P000080,5,425.06,2125.3
ORD0000046,P000002,5,665.5,3327.5
ORD0000046,P000013,1,877.54,877.54
ORD0000046,P000094,2,341.12,682.24
ORD0000047,P000058,2,473.76,947.52
ORD0000047,P000083,1,854.01,854.01
ORD0000048,P000049,3,397.95,1193.85
ORD0000048,P000024,3,33.52,100.56
ORD0000048,P000091,3,204.84,614.52
ORD0000048,P000090,5,890.09,4450.45
ORD0000048,P000066,3,382.36,1147.08
ORD0000049,P000076,2,171.21,342.42
ORD0000049,P000077,4,909.58,3638.32
ORD0000050,P000048,2,294.63,589.26
ORD0000050,P000016,5,108.84,544.2
ORD0000050,P000058,3,473.76,1421.28
ORD0000050,P000067,1,296.04,296.04
ORD0000050,P000069,2,822.37,1644.74
ORD0000051,P000021,5,482.67,2413.35
ORD0000051,P000053,3,53.27,159.81
ORD0000051,P000015,3,803.01,2409.0299999999997
ORD0000052,P000068,5,453.04,2265.2000000000003
ORD0000053,P000049,3,397.95,1193.85
ORD0000053,P000024,1,33.52,33.52
ORD0000053,P000073,1,122.71,122.71
ORD0000053,P000079,1,565.57,565.57
ORD0000054,P000022,1,294.77,294.77
ORD0000055,P000100,4,776.96,3107.84
ORD0000055,P000089,2,385.38,770.76
ORD0000055,P000065,1,392.5,392.5
ORD0000056,P000042,4,274.71,1098.84
ORD0000057,P000026,4,78.71,314.84
ORD0000057,P000043,5,232.18,1160.9
ORD0000057,P000015,2,803.01,1606.02
ORD0000058,P000029,3,96.26,288.78000000000003
ORD0000058,P000043,4,232.18,928.72
ORD0000058,P000016,1,108.84,108.84
ORD0000059,P000094,1,341.12,341.12
ORD0000059,P000072,3,841.35,2524.05
ORD0000059,P000035,3,248.76,746.28
ORD0000060,P000087,2,16.49,32.98
ORD0000060,P000049,5,397.95,1989.75
ORD0000061,P000020,3,15.55,46.650000000000006
ORD0000061,P000020,1,15.55,15.55
ORD0000061,P000039,5,929.35,4646.75
ORD0000061,P000067,5,296.04,1480.2
ORD0000062,P000009,1,462.25,462.25
ORD0000063,P000046,3,580.21,1740.63
ORD0000063,P000036,3,225.58,676.74
ORD0000063,P000029,2,96.26,192.52
ORD0000064,P000054,4,622.14,2488.56
ORD0000064,P000093,1,475.81,475.81
ORD0000064,P000046,3,580.21,1740.63
ORD0000065,P000038,4,237.03,948.12
ORD0000065,P000058,4,473.76,1895.04
ORD0000065,P000042,1,274.71,274.71
ORD0000066,P000011,5,600.73,3003.65
ORD0000066,P000086,3,949.25,2847.75
ORD0000067,P000060,4,606.3,2425.2
ORD0000067,P000023,3,670.32,2010.96
ORD0000067,P000014,1,928.24,928.24
ORD0000067,P000026,2,78.71,157.42
ORD0000068,P000082,1,797.58,797.58
ORD0000068,P000007,5,20.07,100.35
ORD0000068,P000082,2,797.58,1595.16
ORD0000069,P000047,1,142.41,142.41
ORD0000070,P000030,3,991.47,2974.41
ORD0000070,P000001,1,571.03,571.03
ORD0000070,P000017,5,525.47,2627.3500000000004
ORD0000070,P000029,5,96.26,481.3
ORD0000071,P000090,2,890.09,1780.18
ORD0000071,P000083,5,854.01,4270.05
ORD0000071,P000033,4,644.39,2577.56
ORD0000071,P000095,5,544.11,2720.55
ORD0000071,P000098,5,647.23,3236.15
ORD0000072,P000075,5,438.9,2194.5
ORD0000072,P000098,5,647.23,3236.15
ORD0000072,P000089,1,385.38,385.38
ORD0000072,P000061,1,422.28,422.28
ORD0000072,P000068,5,453.04,2265.2000000000003
ORD0000073,P000010,3,183.93,551.79
ORD0000073,P000025,5,985.57,4927.85
ORD0000074,P000092,3,162.46,487.38
ORD0000074,P000064,3,135.37,406.11
ORD0000074,P000003,1,924.38,924.38
ORD0000075,P000009,1,462.25,462.25
ORD0000075,P000003,3,924.38,2773.14
ORD0000075,P000025,2,985.57,1971.14
ORD0000075,P000066,2,382.36,764.72
ORD0000075,P000055,3,173.18,519.54
ORD0000076,P000093,1,475.81,475.81
ORD0000076,P000044,5,446.54,2232.7000000000003
ORD0000076,P000018,2,261.78,523.56
ORD0000077,P000072,4,841.35,3365.4
ORD0000077,P000020,5,15.55,77.75
ORD0000077,P000095,1,544.11,544.11
ORD0000077,P000057,3,124.11,372.33
ORD0000077,P000018,2,261.78,523.56
ORD0000078,P000099,1,579.66,579.66
ORD0000078,P000090,3,890.09,2670.27
ORD0000078,P000075,2,438.9,877.8
ORD0000078,P000043,5,232.18,1160.9
ORD0000079,P000007,3,20.07,60.21
ORD0000079,P000004,3,709.94,2129.82
ORD0000079,P000074,1,915.8,915.8
ORD0000079,P000079,1,565.57,565.57
ORD0000080,P000055,2,173.18,346.36
ORD0000080,P000051,4,250.57,1002.28
ORD0000080,P000053,1,53.27,53.27
ORD0000081,P000003,4,924.38,3697.52
ORD0000081,P000059,1,225.97,225.97
ORD0000081,P000013,3,877.54,2632.62
ORD0000081,P000093,4,475.81,1903.24
ORD0000082,P000020,5,15.55,77.75
ORD0000082,P000046,5,580.21,2901.05
ORD0000082,P000093,2,475.81,951.62
ORD0000082,P000054,1,622.14,622.14
ORD0000083,P000024,5,33.52,167.60000000000002
ORD0000083,P000050,1,149.61,149.61
ORD0000084,P000089,5,385.38,1926.9
ORD0000084,P000081,4,834.21,3336.84
ORD0000084,P000032,4,837.84,3351.36
ORD0000084,P000018,1,261.78,261.78
ORD0000084,P000030,1,991.47,991.47
ORD0000085,P000020,3,15.55,46.650000000000006
ORD0000085,P000079,5,565.57,2827.8500000000004
ORD0000085,P000046,5,580.21,2901.05
ORD0000085,P000059,3,225.97,677.91
ORD0000085,P000093,1,475.81,475.81
ORD0000086,P000009,5,462.25,2311.25
ORD0000086,P000028,3,132.06,396.18
ORD0000086,P000086,3,949.25,2847.75
ORD0000086,P000002,2,665.5,1331.0
ORD0000087,P000094,4,341.12,1364.48
ORD0000088,P000033,1,644.39,644.39
ORD0000088,P000097,2,812.5,1625.0
ORD0000088,P000087,2,16.49,32.98
ORD0000089,P000057,5,124.11,620.55
ORD0000090,P000004,4,709.94,2839.76
ORD0000090,P000074,5,915.8,4579.0
ORD0000090,P000073,4,122.71,490.84
ORD0000090,P000078,2,475.26,950.52
ORD0000090,P000009,4,462.25,1849.0
ORD0000091,P000054,5,622.14,3110.7
ORD0000092,P000059,4,225.97,903.88
ORD0000092,P000008,4,237.9,951.6
ORD0000092,P000073,4,122.71,490.84
ORD0000093,P000068,1,453.04,453.04
ORD0000093,P000077,1,909.58,909.58
ORD0000093,P000061,5,422.28,2111.3999999999996
ORD0000093,P000033,2,644.39,1288.78
ORD0000094,P000034,1,927.37,927.37
ORD0000094,P000081,1,834.21,834.21
ORD0000094,P000037,4,870.37,3481.48
ORD0000094,P000067,1,296.04,296.04
ORD0000095,P000094,5,341.12,1705.6
ORD0000096,P000037,2,870.37,1740.74
ORD0000096,P000055,2,173.18,346.36
ORD0000097,P000051,3,250.57,751.71
ORD0000098,P000011,4,600.73,2402.92
ORD0000098,P000004,5,709.94,3549.7000000000003
ORD0000098,P000049,5,397.95,1989.75
ORD0000098,P000083,5,854.01,4270.05
ORD0000099,P000064,5,135.37,676.85
ORD0000099,P000100,5,776.96,3884.8
ORD0000099,P000032,1,837.84,837.84
ORD0000100,P000094,1,341.12,341.12
ORD0000100,P000094,5,341.12,1705.6
ORD0000100,P000049,4,397.95,1591.8
ORD0000100,P000073,1,122.71,122.71
ORD0000101,P000098,1,647.23,647.23
ORD0000101,P000010,3,183.93,551.79
ORD0000101,P000022,3,294.77,884.31
ORD0000101,P000084,2,205.66,411.32
ORD0000101,P000061,2,422.28,844.56
ORD0000102,P000006,2,339.56,679.12
ORD0000103,P000056,5,195.56,977.8
ORD0000103,P000037,1,870.37,870.37
ORD0000103,P000059,2,225.97,451.94
ORD0000103,P000051,3,250.57,751.71
ORD0000104,P000094,2,341.12,682.24
ORD0000105,P000043,5,232.18,1160.9
ORD0000106,P000087,1,16.49,16.49
ORD0000106,P000051,1,250.57,250.57
ORD0000106,P000075,2,438.9,877.8
ORD0000107,P000099,1,579.66,579.66
ORD0000107,P000030,1,991.47,991.47
ORD0000107,P000077,1,909.58,909.58
ORD0000107,P000008,2,237.9,475.8
ORD0000108,P000063,4,73.02,292.08
ORD0000108,P000019,4,941.21,3764.84
ORD0000108,P000095,5,544.11,2720.55
ORD0000109,P000005,4,202.06,808.24
ORD0000109,P000016,5,108.84,544.2
ORD0000110,P000049,2,397.95,795.9
ORD0000110,P000046,4,580.21,2320.84
ORD0000111,P000050,5,149.61,748.0500000000001
ORD0000111,P000005,4,202.06,808.24
ORD0000111,P000083,4,854.01,3416.04
ORD0000112,P000051,5,250.57,1252.85
ORD0000112,P000086,5,949.25,4746.25
ORD0000112,P000099,2,579.66,1159.32
ORD0000113,P000095,5,544.11,2720.55
ORD0000114,P000005,5,202.06,1010.3
ORD0000114,P000018,3,261.78,785.3399999999999
ORD0000114,P000064,3,135.37,406.11
ORD0000115,P000097,1,812.5,812.5
ORD0000115,P000046,4,580.21,2320.84
ORD0000115,P000082,5,797.58,3987.9
ORD0000116,P000083,1,854.01,854.01
ORD0000116,P000095,1,544.11,544.11
ORD0000117,P000049,3,397.95,1193.85
ORD0000118,P000034,4,927.37,3709.48
ORD0000118,P000039,2,929.35,1858.7
ORD0000118,P000068,4,453.04,1812.16
ORD0000118,P000045,5,711.71,3558.55
ORD0000118,P000020,4,15.55,62.2
ORD0000119,P000058,4,473.76,1895.04
ORD0000119,P000034,1,927.37,927.37
ORD0000120,P000073,4,122.71,490.84
ORD0000120,P000020,3,15.55,46.650000000000006
ORD0000120,P000053,1,53.27,53.27
ORD0000120,P000032,5,837.84,4189.2
ORD0000121,P000032,1,837.84,837.84
ORD0000121,P000036,5,225.58,1127.9
ORD0000121,P000026,2,78.71,157.42
ORD0000121,P000024,2,33.52,67.04
ORD0000121,P000037,1,870.37,870.37
ORD0000122,P000100,3,776.96,2330.88
ORD0000122,P000073,2,122.71,245.42
ORD0000122,P000057,3,124.11,372.33
ORD0000123,P000047,4,142.41,569.64
ORD0000123,P000068,1,453.04,453.04
ORD0000123,P000057,3,124.11,372.33
ORD0000123,P000083,3,854.01,2562.0299999999997
ORD0000123,P000046,4,580.21,2320.84
ORD0000124,P000033,2,644.39,1288.78
ORD0000124,P000081,5,834.21,4171.05
ORD0000124,P000093,2,475.81,951.62
ORD0000125,P000011,3,600.73,1802.19
ORD0000125,P000053,4,53.27,213.08
ORD0000125,P000061,1,422.28,422.28
ORD0000126,P000008,5,237.9,1189.5
ORD0000126,P000015,2,803.01,1606.02
ORD0000127,P000054,5,622.14,3110.7
ORD0000127,P000037,3,870.37,2611.11
ORD0000127,P000076,5,171.21,856.0500000000001
ORD0000127,P000035,2,248.76,497.52
ORD0000128,P000067,1,296.04,296.04
ORD0000128,P000059,4,225.97,903.88
ORD0000128,P000027,3,945.04,2835.12
ORD0000129,P000018,2,261.78,523.56
ORD0000129,P000100,2,776.96,1553.92
ORD0000129,P000088,4,730.81,2923.24
ORD0000129,P000041,4,730.28,2921.12
ORD0000130,P000011,3,600.73,1802.19
ORD0000131,P000040,3,852.32,2556.96
ORD0000131,P000044,5,446.54,2232.7000000000003
ORD0000131,P000039,1,929.35,929.35
ORD0000131,P000006,2,339.56,679.12
ORD0000132,P000079,2,565.57,1131.14
ORD0000132,P000027,3,945.04,2835.12
ORD0000132,P000071,1,59.2,59.2
ORD0000132,P000028,3,132.06,396.18
ORD0000133,P000064,2,135.37,270.74
ORD0000133,P000022,1,294.77,294.77
ORD0000133,P000020,2,15.55,31.1
ORD0000134,P000012,5,770.03,3850.1499999999996
ORD0000134,P000050,1,149.61,149.61
ORD0000134,P000091,3,204.84,614.52
ORD0000134,P000013,5,877.54,4387.7
ORD0000135,P000004,1,709.94,709.94
ORD0000135,P000001,3,571.03,1713.09
ORD0000135,P000027,1,945.04,945.04
ORD0000135,P000061,5,422.28,2111.3999999999996
ORD0000136,P000072,3,841.35,2524.05
ORD0000136,P000046,1,580.21,580.21
ORD0000136,P000038,2,237.03,474.06
ORD0000137,P000041,5,730.28,3651.3999999999996
ORD0000137,P000001,3,571.03,1713.09
ORD0000138,P000063,5,73.02,365.09999999999997
ORD0000139,P000090,2,890.09,1780.18
ORD0000139,P000081,1,834.21,834.21
ORD0000139,P000018,3,261.78,785.3399999999999
ORD0000139,P000039,3,929.35,2788.05
ORD0000139,P000074,5,915.8,4579.0
ORD0000140,P000063,4,73.02,292.08
ORD0000141,P000089,1,385.38,385.38
ORD0000141,P000086,3,949.25,2847.75
ORD0000141,P000057,1,124.11,124.11
ORD0000141,P000083,5,854.01,4270.05
ORD0000142,P000007,5,20.07,100.35
ORD0000142,P000061,3,422.28,1266.84
ORD0000142,P000087,2,16.49,32.98
ORD0000143,P000014,4,928.24,3712.96
ORD0000144,P000045,5,711.71,3558.55
ORD0000144,P000015,1,803.01,803.01
ORD0000144,P000070,1,692.24,692.24
ORD0000144,P000079,1,565.57,565.57
ORD0000145,P000033,1,644.39,644.39
ORD0000145,P000055,1,173.18,173.18
ORD0000145,P000048,2,294.63,589.26
ORD0000146,P000008,4,237.9,951.6
ORD0000146,P000003,4,924.38,3697.52
ORD0000147,P000016,1,108.84,108.84
ORD0000148,P000099,4,579.66,2318.64
ORD0000148,P000014,3,928.24,2784.7200000000003
ORD0000148,P000037,4,870.37,3481.48
ORD0000149,P000048,1,294.63,294.63
ORD0000150,P000066,3,382.36,1147.08
ORD0000150,P000014,1,928.24,928.24
ORD0000150,P000060,4,606.3,2425.2
ORD0000150,P000095,4,544.11,2176.44
ORD0000150,P000014,2,928.24,1856.48
ORD0000151,P000014,4,928.24,3712.96
ORD0000151,P000068,3,453.04,1359.1200000000001
ORD0000151,P000003,3,924.38,2773.14
ORD0000152,P000043,2,232.18,464.36
ORD0000152,P000020,5,15.55,77.75
ORD0000152,P000033,1,644.39,644.39
ORD0000153,P000058,3,473.76,1421.28
ORD0000153,P000038,1,237.03,237.03
ORD0000153,P000004,5,709.94,3549.7000000000003
ORD0000154,P000039,5,929.35,4646.75
ORD0000154,P000058,2,473.76,947.52
ORD0000154,P000020,3,15.55,46.650000000000006
ORD0000154,P000092,2,162.46,324.92
ORD0000154,P000022,5,294.77,1473.85
ORD0000155,P000042,2,274.71,549.42
ORD0000156,P000096,5,118.09,590.45
ORD0000157,P000022,2,294.77,589.54
ORD0000158,P000087,1,16.49,16.49
ORD0000158,P000035,1,248.76,248.76
ORD0000159,P000073,2,122.71,245.42
ORD0000159,P000032,1,837.84,837.84
ORD0000159,P000045,3,711.71,2135.13
ORD0000160,P000067,2,296.04,592.08
ORD0000160,P000074,3,915.8,2747.3999999999996
ORD0000160,P000059,3,225.97,677.91
ORD0000160,P000059,5,225.97,1129.85
ORD0000161,P000076,2,171.21,342.42
ORD0000161,P000097,4,812.5,3250.0
ORD0000162,P000035,2,248.76,497.52
ORD0000162,P000018,2,261.78,523.56
ORD0000162,P000021,3,482.67,1448.01
ORD0000163,P000039,5,929.35,4646.75
ORD0000163,P000096,1,118.09,118.09
ORD0000163,P000027,3,945.04,2835.12
ORD0000163,P000067,5,296.04,1480.2
ORD0000163,P000044,2,446.54,893.08
ORD0000164,P000011,4,600.73,2402.92
ORD0000165,P000033,1,644.39,644.39
ORD0000165,P000095,1,544.11,544.11
ORD0000165,P000060,1,606.3,606.3
ORD0000165,P000072,1,841.35,841.35
ORD0000165,P000090,3,890.09,2670.27
ORD0000166,P000064,5,135.37,676.85
ORD0000166,P000057,4,124.11,496.44
ORD0000166,P000031,4,91.66,366.64
ORD0000166,P000059,3,225.97,677.91
ORD0000166,P000031,1,91.66,91.66
ORD0000167,P000059,3,225.97,677.91
ORD0000168,P000017,4,525.47,2101.88
ORD0000168,P000015,4,803.01,3212.04
ORD0000168,P000090,2,890.09,1780.18
ORD0000168,P000056,2,195.56,391.12
ORD0000168,P000080,1,425.06,425.06
ORD0000169,P000007,3,20.07,60.21
ORD0000169,P000009,2,462.25,924.5
ORD0000169,P000040,1,852.32,852.32
ORD0000170,P000091,5,204.84,1024.2
ORD0000170,P000079,2,565.57,1131.14
ORD0000170,P000023,2,670.32,1340.64
ORD0000171,P000084,3,205.66,616.98
ORD0000171,P000034,2,927.37,1854.74
ORD0000171,P000090,2,890.09,1780.18
ORD0000171,P000032,2,837.84,1675.68
ORD0000171,P000073,2,122.71,245.42
ORD0000172,P000093,1,475.81,475.81
ORD0000173,P000038,3,237.03,711.09
ORD0000173,P000046,2,580.21,1160.42
ORD0000174,P000053,2,53.27,106.54
ORD0000174,P000081,2,834.21,1668.42
ORD0000174,P000093,2,475.81,951.62
ORD0000174,P000028,5,132.06,660.3
ORD0000174,P000032,2,837.84,1675.68
ORD0000175,P000051,1,250.57,250.57
ORD0000175,P000053,5,53.27,266.35
ORD0000175,P000067,1,296.04,296.04
ORD0000175,P000077,5,909.58,4547.900000000001
ORD0000175,P000099,4,579.66,2318.64
ORD0000176,P000056,5,195.56,977.8
ORD0000176,P000031,2,91.66,183.32
ORD0000176,P000002,1,665.5,665.5
ORD0000177,P000041,3,730.28,2190.84
ORD0000177,P000091,3,204.84,614.52
ORD0000177,P000059,4,225.97,903.88
ORD0000177,P000058,4,473.76,1895.04
ORD0000177,P000077,3,909.58,2728.7400000000002
ORD0000178,P000043,5,232.18,1160.9
ORD0000178,P000019,1,941.21,941.21
ORD0000179,P000011,2,600.73,1201.46
ORD0000180,P000025,2,985.57,1971.14
ORD0000180,P000022,4,294.77,1179.08
ORD0000180,P000045,4,711.71,2846.84
ORD0000180,P000089,5,385.38,1926.9
ORD0000181,P000005,1,202.06,202.06
ORD0000182,P000095,2,544.11,1088.22
ORD0000182,P000001,2,571.03,1142.06
ORD0000182,P000092,4,162.46,649.84
ORD0000182,P000041,1,730.28,730.28
ORD0000183,P000056,3,195.56,586.6800000000001
ORD0000183,P000045,4,711.71,2846.84
ORD0000184,P000095,4,544.11,2176.44
ORD0000184,P000056,1,195.56,195.56
ORD0000184,P000046,3,580.21,1740.63
ORD0000184,P000041,4,730.28,2921.12
ORD0000184,P000093,3,475.81,1427.43
ORD0000185,P000006,5,339.56,1697.8
ORD0000185,P000075,2,438.9,877.8
ORD0000186,P000061,3,422.28,1266.84
ORD0000186,P000042,3,274.71,824.1299999999999
ORD0000186,P000070,1,692.24,692.24
ORD0000186,P000051,5,250.57,1252.85
ORD0000186,P000017,1,525.47,525.47
ORD0000187,P000096,1,118.09,118.09
ORD0000187,P000068,5,453.04,2265.2000000000003
ORD0000187,P000023,5,670.32,3351.6000000000004
ORD0000187,P000028,2,132.06,264.12
ORD0000188,P000036,5,225.58,1127.9
ORD0000188,P000070,4,692.24,2768.96
ORD0000188,P000009,1,462.25,462.25
ORD0000189,P000088,4,730.81,2923.24
ORD0000190,P000079,1,565.57,565.57
ORD0000191,P000046,2,580.21,1160.42
ORD0000192,P000021,1,482.67,482.67
ORD0000192,P000078,2,475.26,950.52
ORD0000193,P000040,1,852.32,852.32
ORD0000193,P000098,2,647.23,1294.46
ORD0000193,P000035,4,248.76,995.04
ORD0000193,P000048,2,294.63,589.26
ORD0000194,P000040,5,852.32,4261.6
ORD0000194,P000008,5,237.9,1189.5
ORD0000194,P000067,5,296.04,1480.2
ORD0000194,P000038,5,237.03,1185.15
ORD0000194,P000020,4,15.55,62.2
ORD0000195,P000028,3,132.06,396.18
ORD0000195,P000061,4,422.28,1689.12
ORD0000195,P000060,2,606.3,1212.6
ORD0000195,P000071,2,59.2,118.4
ORD0000196,P000088,5,730.81,3654.0499999999997
ORD0000196,P000017,1,525.47,525.47
ORD0000197,P000024,4,33.52,134.08
ORD0000197,P000015,5,803.01,4015.05
ORD0000197,P000013,3,877.54,2632.62
ORD0000197,P000026,3,78.71,236.13
ORD0000198,P000070,1,692.24,692.24
ORD0000198,P000095,4,544.11,2176.44
ORD0000198,P000035,5,248.76,1243.8
ORD0000198,P000096,3,118.09,354.27
ORD0000199,P000055,5,173.18,865.9000000000001
ORD0000199,P000063,1,73.02,73.02
ORD0000199,P000014,4,928.24,3712.96
ORD0000200,P000056,5,195.56,977.8
ORD0000201,P000050,2,149.61,299.22
ORD0000201,P000055,1,173.18,173.18
ORD0000201,P000091,5,204.84,1024.2
ORD0000202,P000010,3,183.93,551.79
ORD0000202,P000069,1,822.37,822.37
ORD0000202,P000026,2,78.71,157.42
ORD0000202,P000025,5,985.57,4927.85
ORD0000203,P000021,2,482.67,965.34
ORD0000203,P000038,4,237.03,948.12
ORD0000203,P000029,5,96.26,481.3
ORD0000204,P000030,3,991.47,2974.41
ORD0000204,P000082,5,797.58,3987.9
ORD0000204,P000018,5,261.78,1308.8999999999999
ORD0000204,P000077,4,909.58,3638.32
ORD0000205,P000001,4,571.03,2284.12
ORD0000205,P000053,4,53.27,213.08
ORD0000205,P000017,4,525.47,2101.88
ORD0000206,P000072,4,841.35,3365.4
ORD0000207,P000060,5,606.3,3031.5
ORD0000208,P000016,1,108.84,108.84
ORD0000209,P000091,1,204.84,204.84
ORD0000209,P000056,2,195.56,391.12
ORD0000209,P000053,1,53.27,53.27
ORD0000210,P000041,5,730.28,3651.3999999999996
ORD0000210,P000048,3,294.63,883.89
ORD0000210,P000012,1,770.03,770.03
ORD0000210,P000083,3,854.01,2562.0299999999997
ORD0000210,P000040,2,852.32,1704.64
ORD0000211,P000032,5,837.84,4189.2
ORD0000211,P000025,4,985.57,3942.28
ORD0000212,P000082,4,797.58,3190.32
ORD0000212,P000003,1,924.38,924.38
ORD0000212,P000017,1,525.47,525.47
ORD0000213,P000046,3,580.21,1740.63
ORD0000213,P000011,2,600.73,1201.46
ORD0000213,P000028,3,132.06,396.18
ORD0000214,P000062,1,745.88,745.88
ORD0000214,P000072,2,841.35,1682.7
ORD0000215,P000090,2,890.09,1780.18
ORD0000215,P000075,4,438.9,1755.6
ORD0000215,P000071,4,59.2,236.8
ORD0000215,P000051,3,250.57,751.71
ORD0000216,P000049,1,397.95,397.95
ORD0000216,P000023,5,670.32,3351.6000000000004
ORD0000216,P000099,5,579.66,2898.2999999999997
ORD0000216,P000063,4,73.02,292.08
ORD0000217,P000013,5,877.54,4387.7
ORD0000217,P000045,1,711.71,711.71
ORD0000217,P000087,2,16.49,32.98
ORD0000217,P000095,4,544.11,2176.44
ORD0000218,P000060,5,606.3,3031.5
ORD0000218,P000039,2,929.35,1858.7
ORD0000219,P000049,1,397.95,397.95
ORD0000219,P000060,5,606.3,3031.5
ORD0000219,P000092,4,162.46,649.84
ORD0000219,P000091,1,204.84,204.84
ORD0000219,P000023,5,670.32,3351.6000000000004
ORD0000220,P000015,4,803.01,3212.04
ORD0000220,P000012,3,770.03,2310.09
ORD0000221,P000058,4,473.76,1895.04
ORD0000221,P000058,3,473.76,1421.28
ORD0000221,P000030,4,991.47,3965.88
ORD0000221,P000045,4,711.71,2846.84
ORD0000221,P000058,1,473.76,473.76
ORD0000222,P000002,4,665.5,2662.0
ORD0000222,P000066,4,382.36,1529.44
ORD0000222,P000054,2,622.14,1244.28
ORD0000223,P000039,5,929.35,4646.75
ORD0000223,P000022,3,294.77,884.31
ORD0000223,P000059,3,225.97,677.91
ORD0000223,P000005,5,202.06,1010.3
ORD0000223,P000022,1,294.77,294.77
ORD0000224,P000070,3,692.24,2076.7200000000003
ORD0000224,P000048,4,294.63,1178.52
ORD0000224,P000025,1,985.57,985.57
ORD0000224,P000020,3,15.55,46.650000000000006
ORD0000224,P000074,5,915.8,4579.0
ORD0000225,P000061,1,422.28,422.28
ORD0000225,P000037,1,870.37,870.37
ORD0000225,P000025,2,985.57,1971.14
ORD0000226,P000038,3,237.03,711.09
ORD0000227,P000007,2,20.07,40.14
ORD0000227,P000078,3,475.26,1425.78
ORD0000227,P000027,2,945.04,1890.08
ORD0000228,P000020,5,15.55,77.75
ORD0000228,P000029,1,96.26,96.26
ORD0000228,P000008,2,237.9,475.8
ORD0000229,P000029,2,96.26,192.52
ORD0000229,P000002,3,665.5,1996.5
ORD0000229,P000061,3,422.28,1266.84
ORD0000229,P000097,1,812.5,812.5
ORD0000230,P000008,4,237.9,951.6
ORD0000230,P000057,1,124.11,124.11
ORD0000230,P000057,5,124.11,620.55
ORD0000231,P000076,1,171.21,171.21
ORD0000231,P000011,2,600.73,1201.46
ORD0000232,P000051,4,250.57,1002.28
ORD0000232,P000067,3,296.04,888.1200000000001
ORD0000232,P000076,5,171.21,856.0500000000001
ORD0000233,P000099,1,579.66,579.66
ORD0000233,P000023,3,670.32,2010.96
ORD0000233,P000022,1,294.77,294.77
ORD0000233,P000002,4,665.5,2662.0
ORD0000233,P000094,5,341.12,1705.6
ORD0000234,P000034,1,927.37,927.37
ORD0000234,P000037,3,870.37,2611.11
ORD0000235,P000008,4,237.9,951.6
ORD0000236,P000070,2,692.24,1384.48
ORD0000236,P000073,2,122.71,245.42
ORD0000236,P000020,5,15.55,77.75
ORD0000237,P000065,4,392.5,1570.0
ORD0000237,P000023,5,670.32,3351.6000000000004
ORD0000238,P000050,1,149.61,149.61
ORD0000238,P000074,3,915.8,2747.3999999999996
ORD0000238,P000001,2,571.03,1142.06
ORD0000238,P000004,3,709.94,2129.82
ORD0000239,P000039,1,929.35,929.35
ORD0000239,P000058,3,473.76,1421.28
ORD0000239,P000049,1,397.95,397.95
ORD0000239,P000033,5,644.39,3221.95
ORD0000240,P000073,2,122.71,245.42
ORD0000240,P000076,4,171.21,684.84
ORD0000241,P000031,5,91.66,458.29999999999995
ORD0000241,P000079,3,565.57,1696.71
ORD0000241,P000060,4,606.3,2425.2
ORD0000241,P000060,5,606.3,3031.5
ORD0000241,P000096,5,118.09,590.45
ORD0000242,P000026,1,78.71,78.71
ORD0000242,P000055,3,173.18,519.54
ORD0000242,P000024,1,33.52,33.52
ORD0000242,P000033,2,644.39,1288.78
ORD0000243,P000004,2,709.94,1419.88
ORD0000243,P000010,1,183.93,183.93
ORD0000243,P000042,1,274.71,274.71
ORD0000243,P000062,3,745.88,2237.64
ORD0000244,P000067,4,296.04,1184.16
ORD0000244,P000033,4,644.39,2577.56
ORD0000244,P000067,1,296.04,296.04
ORD0000244,P000054,3,622.14,1866.42
ORD0000244,P000066,5,382.36,1911.8000000000002
ORD0000245,P000028,1,132.06,132.06
ORD0000245,P000089,2,385.38,770.76
ORD0000245,P000024,1,33.52,33.52
ORD0000245,P000006,4,339.56,1358.24
ORD0000245,P000086,1,949.25,949.25
ORD0000246,P000089,5,385.38,1926.9
ORD0000246,P000096,3,118.09,354.27
ORD0000247,P000090,3,890.09,2670.27
ORD0000247,P000043,5,232.18,1160.9
ORD0000247,P000054,3,622.14,1866.42
ORD0000248,P000036,1,225.58,225.58
ORD0000248,P000018,2,261.78,523.56
ORD0000248,P000004,5,709.94,3549.7000000000003
ORD0000248,P000063,4,73.02,292.08
ORD0000249,P000054,5,622.14,3110.7
ORD0000249,P000036,1,225.58,225.58
ORD0000249,P000035,1,248.76,248.76
ORD0000249,P000026,3,78.71,236.13
ORD0000250,P000027,2,945.04,1890.08
ORD0000250,P000059,1,225.97,225.97
ORD0000251,P000072,1,841.35,841.35
ORD0000251,P000051,3,250.57,751.71
ORD0000251,P000044,3,446.54,1339.6200000000001
ORD0000252,P000092,4,162.46,649.84
ORD0000252,P000002,5,665.5,3327.5
ORD0000252,P000061,4,422.28,1689.12
ORD0000252,P000058,1,473.76,473.76
ORD0000252,P000053,5,53.27,266.35
ORD0000253,P000003,2,924.38,1848.76
ORD0000253,P000014,4,928.24,3712.96
ORD0000254,P000038,3,237.03,711.09
ORD0000255,P000037,2,870.37,1740.74
ORD0000255,P000029,5,96.26,481.3
ORD0000255,P000073,1,122.71,122.71
ORD0000256,P000002,3,665.5,1996.5
ORD0000256,P000036,1,225.58,225.58
ORD0000257,P000021,4,482.67,1930.68
ORD0000257,P000052,4,148.67,594.68
ORD0000258,P000015,2,803.01,1606.02
ORD0000258,P000028,4,132.06,528.24
ORD0000258,P000022,3,294.77,884.31
ORD0000258,P000049,4,397.95,1591.8
ORD0000258,P000070,2,692.24,1384.48
ORD0000259,P000029,1,96.26,96.26
ORD0000259,P000028,2,132.06,264.12
ORD0000259,P000052,1,148.67,148.67
ORD0000259,P000100,1,776.96,776.96
ORD0000260,P000020,5,15.55,77.75
ORD0000261,P000063,3,73.02,219.06
ORD0000261,P000077,4,909.58,3638.32
ORD0000261,P000049,3,397.95,1193.85
ORD0000261,P000035,4,248.76,995.04
ORD0000261,P000004,4,709.94,2839.76
ORD0000262,P000012,3,770.03,2310.09
ORD0000262,P000090,1,890.09,890.09
ORD0000263,P000059,3,225.97,677.91
ORD0000263,P000027,1,945.04,945.04
ORD0000264,P000071,1,59.2,59.2
ORD0000264,P000087,1,16.49,16.49
ORD0000264,P000075,1,438.9,438.9
ORD0000264,P000035,3,248.76,746.28
ORD0000265,P000021,2,482.67,965.34
ORD0000265,P000097,1,812.5,812.5
ORD0000266,P000092,4,162.46,649.84
ORD0000267,P000056,4,195.56,782.24
ORD0000267,P000048,1,294.63,294.63
ORD0000268,P000089,4,385.38,1541.52
ORD0000268,P000051,5,250.57,1252.85
ORD0000268,P000040,5,852.32,4261.6
ORD0000268,P000010,3,183.93,551.79
ORD0000268,P000043,4,232.18,928.72
ORD0000269,P000066,4,382.36,1529.44
ORD0000270,P000062,1,745.88,745.88
ORD0000271,P000032,5,837.84,4189.2
ORD0000272,P000014,3,928.24,2784.7200000000003
ORD0000273,P000035,1,248.76,248.76
ORD0000274,P000046,1,580.21,580.21
ORD0000274,P000032,3,837.84,2513.52
ORD0000275,P000080,1,425.06,425.06
ORD0000275,P000012,4,770.03,3080.12
ORD0000275,P000071,2,59.2,118.4
ORD0000275,P000069,3,822.37,2467.11
ORD0000275,P000082,3,797.58,2392.7400000000002
ORD0000276,P000031,3,91.66,274.98
ORD0000276,P000045,3,711.71,2135.13
ORD0000276,P000037,1,870.37,870.37
ORD0000276,P000087,5,16.49,82.44999999999999
ORD0000277,P000006,5,339.56,1697.8
ORD0000277,P000068,1,453.04,453.04
ORD0000278,P000088,4,730.81,2923.24
ORD0000278,P000033,5,644.39,3221.95
ORD0000278,P000002,3,665.5,1996.5
ORD0000278,P000045,2,711.71,1423.42
ORD0000278,P000063,4,73.02,292.08
ORD0000279,P000082,5,797.58,3987.9
ORD0000280,P000023,4,670.32,2681.28
ORD0000280,P000042,4,274.71,1098.84
ORD0000280,P000057,4,124.11,496.44
ORD0000280,P000088,3,730.81,2192.43
ORD0000281,P000047,1,142.41,142.41
ORD0000281,P000003,1,924.38,924.38
ORD0000281,P000055,2,173.18,346.36
ORD0000281,P000072,4,841.35,3365.4
ORD0000282,P000027,1,945.04,945.04
ORD0000282,P000078,2,475.26,950.52
ORD0000283,P000046,4,580.21,2320.84
ORD0000283,P000013,5,877.54,4387.7
ORD0000283,P000031,4,91.66,366.64
ORD0000283,P000090,3,890.09,2670.27
ORD0000284,P000059,5,225.97,1129.85
ORD0000285,P000012,2,770.03,1540.06
ORD0000285,P000033,3,644.39,1933.17
ORD0000286,P000057,3,124.11,372.33
ORD0000286,P000020,5,15.55,77.75
ORD0000286,P000058,2,473.76,947.52
ORD0000287,P000007,2,20.07,40.14
ORD0000288,P000059,3,225.97,677.91
ORD0000288,P000009,4,462.25,1849.0
ORD0000289,P000013,3,877.54,2632.62
ORD0000289,P000025,3,985.57,2956.71
ORD0000289,P000041,4,730.28,2921.12
ORD0000290,P000066,3,382.36,1147.08
ORD0000290,P000054,4,622.14,2488.56
ORD0000290,P000058,3,473.76,1421.28
ORD0000290,P000052,4,148.67,594.68
ORD0000291,P000041,2,730.28,1460.56
ORD0000291,P000019,4,941.21,3764.84
ORD0000291,P000064,4,135.37,541.48
ORD0000292,P000024,4,33.52,134.08
ORD0000292,P000046,1,580.21,580.21
ORD0000292,P000016,4,108.84,435.36
ORD0000292,P000065,2,392.5,785.0
ORD0000292,P000098,3,647.23,1941.69
ORD0000293,P000025,2,985.57,1971.14
ORD0000293,P000029,1,96.26,96.26
ORD0000294,P000059,2,225.97,451.94
ORD0000294,P000084,1,205.66,205.66
ORD0000295,P000057,5,124.11,620.55
ORD0000295,P000093,4,475.81,1903.24
ORD0000295,P000084,4,205.66,822.64
ORD0000295,P000074,5,915.8,4579.0
ORD0000295,P000034,5,927.37,4636.85
ORD0000296,P000026,4,78.71,314.84
ORD0000296,P000020,2,15.55,31.1
ORD0000296,P000044,3,446.54,1339.6200000000001
ORD0000296,P000074,3,915.8,2747.3999999999996
ORD0000297,P000011,1,600.73,600.73
ORD0000298,P000017,1,525.47,525.47
ORD0000298,P000093,4,475.81,1903.24
ORD0000298,P000010,3,183.93,551.79
ORD0000298,P000009,4,462.25,1849.0
ORD0000299,P000029,5,96.26,481.3
ORD0000299,P000074,5,915.8,4579.0
ORD0000300,P000092,5,162.46,812.3000000000001
ORD0000300,P000073,5,122.71,613.55
ORD0000300,P000032,1,837.84,837.84
ORD0000300,P000068,2,453.04,906.08
ORD0000300,P000086,2,949.25,1898.5
ORD0000301,P000005,4,202.06,808.24
ORD0000302,P000087,3,16.49,49.47
ORD0000302,P000011,3,600.73,1802.19
ORD0000303,P000044,4,446.54,1786.16
ORD0000304,P000089,5,385.38,1926.9
ORD0000304,P000085,4,591.78,2367.12
ORD0000304,P000069,5,822.37,4111.85
ORD0000305,P000004,1,709.94,709.94
ORD0000305,P000005,4,202.06,808.24
ORD0000306,P000013,5,877.54,4387.7
ORD0000307,P000007,3,20.07,60.21
ORD0000307,P000033,4,644.39,2577.56
ORD0000307,P000063,4,73.02,292.08
ORD0000308,P000013,4,877.54,3510.16
ORD0000308,P000027,5,945.04,4725.2
ORD0000309,P000096,5,118.09,590.45
ORD0000309,P000026,4,78.71,314.84
ORD0000309,P000086,2,949.25,1898.5
ORD0000309,P000035,3,248.76,746.28
ORD0000310,P000033,1,644.39,644.39
ORD0000311,P000083,4,854.01,3416.04
ORD0000311,P000087,3,16.49,49.47
ORD0000311,P000067,3,296.04,888.1200000000001
ORD0000312,P000020,1,15.55,15.55
ORD0000312,P000019,2,941.21,1882.42
ORD0000313,P000069,3,822.37,2467.11
ORD0000313,P000077,1,909.58,909.58
ORD0000314,P000088,1,730.81,730.81
ORD0000315,P000052,3,148.67,446.01
ORD0000315,P000012,2,770.03,1540.06
ORD0000315,P000005,1,202.06,202.06
ORD0000315,P000039,5,929.35,4646.75
ORD0000315,P000058,5,473.76,2368.8
ORD0000316,P000063,1,73.02,73.02
ORD0000316,P000034,3,927.37,2782.11
ORD0000316,P000095,5,544.11,2720.55
ORD0000316,P000050,5,149.61,748.0500000000001
ORD0000316,P000069,5,822.37,4111.85
ORD0000317,P000026,1,78.71,78.71
ORD0000317,P000062,1,745.88,745.88
ORD0000317,P000079,2,565.57,1131.14
ORD0000317,P000003,4,924.38,3697.52
ORD0000317,P000025,2,985.57,1971.14
ORD0000318,P000036,4,225.58,902.32
ORD0000318,P000024,2,33.52,67.04
ORD0000319,P000063,2,73.02,146.04
ORD0000319,P000045,4,711.71,2846.84
ORD0000319,P000030,4,991.47,3965.88
ORD0000319,P000068,5,453.04,2265.2000000000003
ORD0000319,P000006,2,339.56,679.12
ORD0000320,P000043,3,232.18,696.54
ORD0000320,P000067,4,296.04,1184.16
ORD0000320,P000021,1,482.67,482.67
ORD0000321,P000005,4,202.06,808.24
ORD0000322,P000076,1,171.21,171.21
ORD0000322,P000088,2,730.81,1461.62
ORD0000322,P000100,2,776.96,1553.92
ORD0000322,P000066,5,382.36,1911.8000000000002
ORD0000323,P000055,5,173.18,865.9000000000001
ORD0000323,P000052,5,148.67,743.3499999999999
ORD0000324,P000043,4,232.18,928.72
ORD0000324,P000071,1,59.2,59.2
ORD0000324,P000058,4,473.76,1895.04
ORD0000324,P000094,2,341.12,682.24
ORD0000324,P000009,5,462.25,2311.25
ORD0000325,P000088,2,730.81,1461.62
ORD0000325,P000054,2,622.14,1244.28
ORD0000325,P000096,2,118.09,236.18
ORD0000326,P000042,5,274.71,1373.55
ORD0000326,P000012,1,770.03,770.03
ORD0000327,P000081,2,834.21,1668.42
ORD0000327,P000068,5,453.04,2265.2000000000003
ORD0000328,P000091,5,204.84,1024.2
ORD0000328,P000066,3,382.36,1147.08
ORD0000328,P000040,4,852.32,3409.28
ORD0000328,P000065,3,392.5,1177.5
ORD0000328,P000074,5,915.8,4579.0
ORD0000329,P000082,1,797.58,797.58
ORD0000329,P000069,4,822.37,3289.48
ORD0000329,P000067,3,296.04,888.1200000000001
ORD0000329,P000038,3,237.03,711.09
ORD0000329,P000067,5,296.04,1480.2
ORD0000330,P000007,5,20.07,100.35
ORD0000330,P000032,4,837.84,3351.36
ORD0000331,P000090,4,890.09,3560.36
ORD0000331,P000027,3,945.04,2835.12
ORD0000331,P000003,2,924.38,1848.76
ORD0000332,P000094,1,341.12,341.12
ORD0000332,P000072,5,841.35,4206.75
ORD0000333,P000028,5,132.06,660.3
ORD0000333,P000072,2,841.35,1682.7
ORD0000333,P000005,3,202.06,606.1800000000001
ORD0000333,P000028,5,132.06,660.3
ORD0000333,P000094,2,341.12,682.24
ORD0000334,P000034,1,927.37,927.37
ORD0000334,P000031,5,91.66,458.29999999999995
ORD0000334,P000050,1,149.61,149.61
ORD0000335,P000041,3,730.28,2190.84
ORD0000335,P000057,2,124.11,248.22
ORD0000336,P000074,2,915.8,1831.6
ORD0000336,P000030,3,991.47,2974.41
ORD0000336,P000018,5,261.78,1308.8999999999999
ORD0000336,P000005,1,202.06,202.06
ORD0000337,P000053,3,53.27,159.81
ORD0000337,P000024,1,33.52,33.52
ORD0000338,P000008,5,237.9,1189.5
ORD0000338,P000061,3,422.28,1266.84
ORD0000339,P000047,2,142.41,284.82
ORD0000340,P000002,3,665.5,1996.5
ORD0000340,P000014,3,928.24,2784.7200000000003
ORD0000341,P000030,4,991.47,3965.88
ORD0000342,P000011,3,600.73,1802.19
ORD0000342,P000015,3,803.01,2409.0299999999997
ORD0000342,P000097,2,812.5,1625.0
ORD0000342,P000003,3,924.38,2773.14
ORD0000342,P000080,1,425.06,425.06
ORD0000343,P000004,3,709.94,2129.82
ORD0000344,P000100,1,776.96,776.96
ORD0000344,P000035,2,248.76,497.52
ORD0000344,P000024,5,33.52,167.60000000000002
ORD0000345,P000031,5,91.66,458.29999999999995
ORD0000345,P000098,5,647.23,3236.15
ORD0000345,P000015,1,803.01,803.01
ORD0000345,P000098,5,647.23,3236.15
ORD0000345,P000060,4,606.3,2425.2
ORD0000346,P000060,3,606.3,1818.8999999999999
ORD0000346,P000066,3,382.36,1147.08
ORD0000346,P000087,1,16.49,16.49
ORD0000347,P000078,1,475.26,475.26
ORD0000347,P000036,2,225.58,451.16
ORD0000348,P000081,4,834.21,3336.84
ORD0000348,P000066,1,382.36,382.36
ORD0000348,P000055,4,173.18,692.72
ORD0000348,P000086,5,949.25,4746.25
ORD0000348,P000019,4,941.21,3764.84
ORD0000349,P000058,2,473.76,947.52
ORD0000349,P000055,3,173.18,519.54
ORD0000349,P000044,1,446.54,446.54
ORD0000350,P000068,2,453.04,906.08
ORD0000350,P000098,5,647.23,3236.15
ORD0000350,P000010,4,183.93,735.72
ORD0000350,P000006,4,339.56,1358.24
ORD0000351,P000009,5,462.25,2311.25
ORD0000351,P000077,1,909.58,909.58
ORD0000351,P000010,2,183.93,367.86
ORD0000351,P000027,2,945.04,1890.08
ORD0000352,P000073,1,122.71,122.71
ORD0000353,P000089,3,385.38,1156.1399999999999
ORD0000353,P000019,1,941.21,941.21
ORD0000353,P000100,3,776.96,2330.88
ORD0000354,P000013,5,877.54,4387.7
ORD0000354,P000063,3,73.02,219.06
ORD0000354,P000021,4,482.67,1930.68
ORD0000355,P000039,4,929.35,3717.4
ORD0000356,P000004,3,709.94,2129.82
ORD0000356,P000021,5,482.67,2413.35
ORD0000356,P000059,5,225.97,1129.85
ORD0000356,P000080,5,425.06,2125.3
ORD0000356,P000093,3,475.81,1427.43
ORD0000357,P000017,5,525.47,2627.3500000000004
ORD0000357,P000058,2,473.76,947.52
ORD0000357,P000038,1,237.03,237.03
ORD0000357,P000040,1,852.32,852.32
ORD0000358,P000077,3,909.58,2728.7400000000002
ORD0000358,P000095,5,544.11,2720.55
ORD0000359,P000099,3,579.66,1738.98
ORD0000359,P000054,1,622.14,622.14
ORD0000359,P000079,2,565.57,1131.14
ORD0000360,P000042,2,274.71,549.42
ORD0000361,P000037,5,870.37,4351.85
ORD0000362,P000001,2,571.03,1142.06
ORD0000362,P000086,3,949.25,2847.75
ORD0000363,P000083,1,854.01,854.01
ORD0000363,P000050,1,149.61,149.61
ORD0000363,P000087,4,16.49,65.96
ORD0000363,P000026,2,78.71,157.42
ORD0000363,P000009,1,462.25,462.25
ORD0000364,P000058,3,473.76,1421.28
ORD0000364,P000026,4,78.71,314.84
ORD0000364,P000038,2,237.03,474.06
ORD0000364,P000084,1,205.66,205.66
ORD0000365,P000083,5,854.01,4270.05
ORD0000365,P000029,3,96.26,288.78000000000003
ORD0000365,P000027,3,945.04,2835.12
ORD0000365,P000080,2,425.06,850.12
ORD0000365,P000068,4,453.04,1812.16
ORD0000366,P000086,5,949.25,4746.25
ORD0000366,P000074,1,915.8,915.8
ORD0000367,P000084,4,205.66,822.64
ORD0000367,P000068,5,453.04,2265.2000000000003
ORD0000368,P000003,5,924.38,4621.9
ORD0000368,P000016,2,108.84,217.68
ORD0000368,P000049,5,397.95,1989.75
ORD0000369,P000066,1,382.36,382.36
ORD0000369,P000043,1,232.18,232.18
ORD0000369,P000041,3,730.28,2190.84
ORD0000369,P000036,3,225.58,676.74
ORD0000370,P000049,4,397.95,1591.8
ORD0000370,P000009,3,462.25,1386.75
ORD0000370,P000087,4,16.49,65.96
ORD0000370,P000089,3,385.38,1156.1399999999999
ORD0000370,P000017,5,525.47,2627.3500000000004
ORD0000371,P000026,2,78.71,157.42
ORD0000371,P000051,1,250.57,250.57
ORD0000371,P000054,3,622.14,1866.42
ORD0000371,P000062,4,745.88,2983.52
ORD0000372,P000030,5,991.47,4957.35
ORD0000372,P000059,4,225.97,903.88
ORD0000372,P000052,4,148.67,594.68
ORD0000372,P000043,1,232.18,232.18
ORD0000372,P000062,4,745.88,2983.52
ORD0000373,P000100,1,776.96,776.96
ORD0000373,P000071,2,59.2,118.4
ORD0000373,P000032,2,837.84,1675.68
ORD0000374,P000096,1,118.09,118.09
ORD0000375,P000050,4,149.61,598.44
ORD0000376,P000065,1,392.5,392.5
ORD0000376,P000085,1,591.78,591.78
ORD0000376,P000075,1,438.9,438.9
ORD0000377,P000048,3,294.63,883.89
ORD0000377,P000023,2,670.32,1340.64
ORD0000377,P000087,4,16.49,65.96
ORD0000377,P000087,5,16.49,82.44999999999999
ORD0000378,P000036,5,225.58,1127.9
ORD0000378,P000050,4,149.61,598.44
ORD0000378,P000040,5,852.32,4261.6
ORD0000378,P000099,4,579.66,2318.64
ORD0000379,P000025,3,985.57,2956.71
ORD0000379,P000037,2,870.37,1740.74
ORD0000379,P000013,2,877.54,1755.08
ORD0000379,P000052,5,148.67,743.3499999999999
ORD0000380,P000051,2,250.57,501.14
ORD0000381,P000045,3,711.71,2135.13
ORD0000381,P000059,4,225.97,903.88
ORD0000381,P000062,2,745.88,1491.76
ORD0000381,P000056,1,195.56,195.56
ORD0000382,P000011,5,600.73,3003.65
ORD0000382,P000069,5,822.37,4111.85
ORD0000382,P000093,4,475.81,1903.24
ORD0000382,P000058,3,473.76,1421.28
ORD0000382,P000054,3,622.14,1866.42
ORD0000383,P000041,5,730.28,3651.3999999999996
ORD0000383,P000031,4,91.66,366.64
ORD0000383,P000034,4,927.37,3709.48
ORD0000383,P000017,2,525.47,1050.94
ORD0000384,P000085,5,591.78,2958.8999999999996
ORD0000384,P000052,5,148.67,743.3499999999999
ORD0000385,P000068,4,453.04,1812.16
ORD0000385,P000078,5,475.26,2376.3
ORD0000385,P000014,5,928.24,4641.2
ORD0000385,P000002,4,665.5,2662.0
ORD0000386,P000004,5,709.94,3549.7000000000003
ORD0000386,P000013,2,877.54,1755.08
ORD0000386,P000039,4,929.35,3717.4
ORD0000387,P000083,4,854.01,3416.04
ORD0000387,P000046,2,580.21,1160.42
ORD0000387,P000084,5,205.66,1028.3
ORD0000388,P000092,2,162.46,324.92
ORD0000388,P000001,2,571.03,1142.06
ORD0000388,P000061,4,422.28,1689.12
ORD0000388,P000079,3,565.57,1696.71
ORD0000388,P000009,1,462.25,462.25
ORD0000389,P000041,3,730.28,2190.84
ORD0000390,P000033,1,644.39,644.39
ORD0000390,P000063,5,73.02,365.09999999999997
ORD0000391,P000057,3,124.11,372.33
ORD0000391,P000031,1,91.66,91.66
ORD0000392,P000086,3,949.25,2847.75
ORD0000392,P000056,1,195.56,195.56
ORD0000392,P000094,1,341.12,341.12
ORD0000392,P000088,5,730.81,3654.0499999999997
ORD0000392,P000079,1,565.57,565.57
ORD0000393,P000017,4,525.47,2101.88
ORD0000393,P000061,3,422.28,1266.84
ORD0000393,P000087,3,16.49,49.47
ORD0000393,P000048,2,294.63,589.26
ORD0000394,P000005,1,202.06,202.06
ORD0000394,P000056,5,195.56,977.8
ORD0000394,P000025,2,985.57,1971.14
ORD0000394,P000077,4,909.58,3638.32
ORD0000395,P000006,3,339.56,1018.6800000000001
ORD0000396,P000027,4,945.04,3780.16
ORD0000396,P000005,5,202.06,1010.3
ORD0000397,P000062,3,745.88,2237.64
ORD0000397,P000079,4,565.57,2262.28
ORD0000397,P000012,3,770.03,2310.09
ORD0000397,P000086,2,949.25,1898.5
ORD0000397,P000093,2,475.81,951.62
ORD0000398,P000095,1,544.11,544.11
ORD0000398,P000085,5,591.78,2958.8999999999996
ORD0000398,P000020,3,15.55,46.650000000000006
ORD0000398,P000044,5,446.54,2232.7000000000003
ORD0000398,P000043,5,232.18,1160.9
ORD0000399,P000082,2,797.58,1595.16
ORD0000399,P000044,1,446.54,446.54
ORD0000400,P000047,1,142.41,142.41
ORD0000400,P000025,4,985.57,3942.28
ORD0000400,P000034,4,927.37,3709.48
ORD0000400,P000021,4,482.67,1930.68
ORD0000401,P000004,3,709.94,2129.82
ORD0000401,P000088,4,730.81,2923.24
ORD0000401,P000013,4,877.54,3510.16
ORD0000401,P000029,4,96.26,385.04
ORD0000402,P000098,2,647.23,1294.46
ORD0000402,P000004,4,709.94,2839.76
ORD0000402,P000092,1,162.46,162.46
ORD0000402,P000018,4,261.78,1047.12
ORD0000403,P000009,1,462.25,462.25
ORD0000404,P000053,2,53.27,106.54
ORD0000404,P000057,3,124.11,372.33
ORD0000404,P000073,1,122.71,122.71
ORD0000405,P000039,1,929.35,929.35
ORD0000405,P000083,2,854.01,1708.02
ORD0000405,P000073,4,122.71,490.84
ORD0000406,P000086,5,949.25,4746.25
ORD0000406,P000050,2,149.61,299.22
ORD0000406,P000040,5,852.32,4261.6
ORD0000406,P000032,2,837.84,1675.68
ORD0000407,P000002,2,665.5,1331.0
ORD0000407,P000034,2,927.37,1854.74
ORD0000408,P000060,4,606.3,2425.2
ORD0000408,P000043,5,232.18,1160.9
ORD0000409,P000037,3,870.37,2611.11
ORD0000409,P000086,3,949.25,2847.75
ORD0000409,P000099,2,579.66,1159.32
ORD0000409,P000070,4,692.24,2768.96
ORD0000409,P000003,3,924.38,2773.14
ORD0000410,P000054,4,622.14,2488.56
ORD0000410,P000068,1,453.04,453.04
ORD0000410,P000008,4,237.9,951.6
ORD0000410,P000042,3,274.71,824.1299999999999
ORD0000410,P000044,1,446.54,446.54
ORD0000411,P000008,5,237.9,1189.5
ORD0000412,P000056,2,195.56,391.12
ORD0000413,P000060,2,606.3,1212.6
ORD0000414,P000097,4,812.5,3250.0
ORD0000414,P000081,1,834.21,834.21
ORD0000414,P000062,1,745.88,745.88
ORD0000414,P000022,4,294.77,1179.08
ORD0000415,P000037,5,870.37,4351.85
ORD0000415,P000063,2,73.02,146.04
ORD0000415,P000047,4,142.41,569.64
ORD0000415,P000040,4,852.32,3409.28
ORD0000415,P000053,2,53.27,106.54
ORD0000416,P000098,1,647.23,647.23
ORD0000416,P000006,1,339.56,339.56
ORD0000416,P000025,1,985.57,985.57
ORD0000416,P000090,4,890.09,3560.36
ORD0000416,P000025,4,985.57,3942.28
ORD0000417,P000019,4,941.21,3764.84
ORD0000417,P000065,2,392.5,785.0
ORD0000417,P000046,1,580.21,580.21
ORD0000417,P000054,4,622.14,2488.56
ORD0000418,P000017,5,525.47,2627.3500000000004
ORD0000418,P000027,1,945.04,945.04
ORD0000418,P000011,3,600.73,1802.19
ORD0000418,P000027,4,945.04,3780.16
ORD0000418,P000087,4,16.49,65.96
ORD0000419,P000041,1,730.28,730.28
ORD0000420,P000073,4,122.71,490.84
ORD0000420,P000087,1,16.49,16.49
ORD0000421,P000034,2,927.37,1854.74
ORD0000422,P000050,2,149.61,299.22
ORD0000422,P000089,3,385.38,1156.1399999999999
ORD0000422,P000086,5,949.25,4746.25
ORD0000423,P000015,4,803.01,3212.04
ORD0000424,P000031,1,91.66,91.66
ORD0000425,P000026,3,78.71,236.13
ORD0000426,P000068,5,453.04,2265.2000000000003
ORD0000426,P000004,2,709.94,1419.88
ORD0000426,P000029,5,96.26,481.3
ORD0000427,P000056,2,195.56,391.12
ORD0000427,P000073,3,122.71,368.13
ORD0000427,P000073,5,122.71,613.55
ORD0000427,P000096,1,118.09,118.09
ORD0000427,P000099,4,579.66,2318.64
ORD0000428,P000065,3,392.5,1177.5
ORD0000428,P000084,2,205.66,411.32
ORD0000428,P000061,2,422.28,844.56
ORD0000429,P000092,5,162.46,812.3000000000001
ORD0000429,P000098,2,647.23,1294.46
ORD0000429,P000010,2,183.93,367.86
ORD0000429,P000048,5,294.63,1473.15
ORD0000429,P000033,2,644.39,1288.78
ORD0000430,P000005,2,202.06,404.12
ORD0000430,P000028,5,132.06,660.3
ORD0000430,P000066,1,382.36,382.36
ORD0000430,P000097,4,812.5,3250.0
ORD0000430,P000096,2,118.09,236.18
ORD0000431,P000021,4,482.67,1930.68
ORD0000431,P000078,1,475.26,475.26
ORD0000431,P000088,1,730.81,730.81
ORD0000432,P000092,5,162.46,812.3000000000001
ORD0000432,P000078,3,475.26,1425.78
ORD0000432,P000075,1,438.9,438.9
ORD0000432,P000033,1,644.39,644.39
ORD0000432,P000052,5,148.67,743.3499999999999
ORD0000433,P000048,5,294.63,1473.15
ORD0000433,P000079,2,565.57,1131.14
ORD0000434,P000035,3,248.76,746.28
ORD0000434,P000032,4,837.84,3351.36
ORD0000435,P000099,5,579.66,2898.2999999999997
ORD0000435,P000022,5,294.77,1473.85
ORD0000435,P000075,3,438.9,1316.6999999999998
ORD0000435,P000057,1,124.11,124.11
ORD0000436,P000010,1,183.93,183.93
ORD0000436,P000075,5,438.9,2194.5
ORD0000436,P000034,4,927.37,3709.48
ORD0000436,P000020,4,15.55,62.2
ORD0000436,P000046,2,580.21,1160.42
ORD0000437,P000054,4,622.14,2488.56
ORD0000437,P000027,3,945.04,2835.12
ORD0000437,P000009,1,462.25,462.25
ORD0000437,P000049,2,397.95,795.9
ORD0000437,P000057,4,124.11,496.44
ORD0000438,P000079,4,565.57,2262.28
ORD0000438,P000012,2,770.03,1540.06
ORD0000438,P000054,2,622.14,1244.28
ORD0000439,P000071,1,59.2,59.2
ORD0000439,P000043,1,232.18,232.18
ORD0000439,P000068,5,453.04,2265.2000000000003
ORD0000439,P000062,2,745.88,1491.76
ORD0000439,P000034,3,927.37,2782.11
ORD0000440,P000031,3,91.66,274.98
ORD0000441,P000018,2,261.78,523.56
ORD0000441,P000078,4,475.26,1901.04
ORD0000442,P000099,4,579.66,2318.64
ORD0000442,P000022,3,294.77,884.31
ORD0000442,P000032,3,837.84,2513.52
ORD0000442,P000022,4,294.77,1179.08
ORD0000443,P000069,1,822.37,822.37
ORD0000443,P000074,2,915.8,1831.6
ORD0000443,P000012,4,770.03,3080.12
ORD0000443,P000095,4,544.11,2176.44
ORD0000443,P000021,2,482.67,965.34
ORD0000444,P000069,2,822.37,1644.74
ORD0000445,P000018,2,261.78,523.56
ORD0000445,P000067,4,296.04,1184.16
ORD0000445,P000030,4,991.47,3965.88
ORD0000446,P000047,4,142.41,569.64
ORD0000447,P000074,1,915.8,915.8
ORD0000447,P000040,2,852.32,1704.64
ORD0000447,P000088,3,730.81,2192.43
ORD0000447,P000015,5,803.01,4015.05
ORD0000447,P000033,5,644.39,3221.95
ORD0000448,P000055,4,173.18,692.72
ORD0000448,P000026,3,78.71,236.13
ORD0000448,P000001,5,571.03,2855.1499999999996
ORD0000448,P000038,1,237.03,237.03
ORD0000449,P000016,5,108.84,544.2
ORD0000450,P000032,3,837.84,2513.52
ORD0000451,P000030,2,991.47,1982.94
ORD0000452,P000093,2,475.81,951.62
ORD0000452,P000049,2,397.95,795.9
ORD0000452,P000047,3,142.41,427.23
ORD0000452,P000057,1,124.11,124.11
ORD0000453,P000067,3,296.04,888.1200000000001
ORD0000453,P000006,2,339.56,679.12
ORD0000453,P000045,1,711.71,711.71
ORD0000453,P000001,4,571.03,2284.12
ORD0000453,P000028,5,132.06,660.3
ORD0000454,P000095,1,544.11,544.11
ORD0000454,P000079,3,565.57,1696.71
ORD0000454,P000066,3,382.36,1147.08
ORD0000454,P000005,2,202.06,404.12
ORD0000454,P000081,5,834.21,4171.05
ORD0000455,P000089,2,385.38,770.76
ORD0000455,P000037,2,870.37,1740.74
ORD0000455,P000081,4,834.21,3336.84
ORD0000455,P000090,5,890.09,4450.45
ORD0000455,P000005,1,202.06,202.06
ORD0000456,P000039,4,929.35,3717.4
ORD0000456,P000039,5,929.35,4646.75
ORD0000456,P000051,3,250.57,751.71
ORD0000456,P000017,4,525.47,2101.88
ORD0000456,P000092,2,162.46,324.92
ORD0000457,P000030,1,991.47,991.47
ORD0000457,P000011,1,600.73,600.73
ORD0000457,P000080,5,425.06,2125.3
ORD0000458,P000027,5,945.04,4725.2
ORD0000458,P000094,5,341.12,1705.6
ORD0000458,P000081,5,834.21,4171.05
ORD0000458,P000090,2,890.09,1780.18
ORD0000459,P000031,2,91.66,183.32
ORD0000459,P000066,1,382.36,382.36
ORD0000460,P000064,4,135.37,541.48
ORD0000461,P000029,3,96.26,288.78000000000003
ORD0000461,P000086,2,949.25,1898.5
ORD0000461,P000005,4,202.06,808.24
ORD0000462,P000050,5,149.61,748.0500000000001
ORD0000462,P000091,3,204.84,614.52
ORD0000463,P000096,5,118.09,590.45
ORD0000463,P000084,3,205.66,616.98
ORD0000463,P000040,4,852.32,3409.28
ORD0000464,P000036,5,225.58,1127.9
ORD0000464,P000022,3,294.77,884.31
ORD0000464,P000035,5,248.76,1243.8
ORD0000464,P000011,5,600.73,3003.65
ORD0000464,P000048,3,294.63,883.89
ORD0000465,P000067,1,296.04,296.04
ORD0000465,P000071,3,59.2,177.60000000000002
ORD0000466,P000079,2,565.57,1131.14
ORD0000466,P000098,4,647.23,2588.92
ORD0000467,P000006,3,339.56,1018.6800000000001
ORD0000467,P000001,4,571.03,2284.12
ORD0000467,P000044,3,446.54,1339.6200000000001
ORD0000467,P000097,5,812.5,4062.5
ORD0000468,P000002,5,665.5,3327.5
ORD0000468,P000046,1,580.21,580.21
ORD0000468,P000094,3,341.12,1023.36
ORD0000469,P000058,5,473.76,2368.8
ORD0000469,P000031,3,91.66,274.98
ORD0000469,P000077,3,909.58,2728.7400000000002
ORD0000470,P000012,1,770.03,770.03
ORD0000471,P000079,5,565.57,2827.8500000000004
ORD0000472,P000060,2,606.3,1212.6
ORD0000472,P000088,2,730.81,1461.62
ORD0000472,P000090,4,890.09,3560.36
ORD0000472,P000037,3,870.37,2611.11
ORD0000472,P000003,1,924.38,924.38
ORD0000473,P000061,5,422.28,2111.3999999999996
ORD0000474,P000010,3,183.93,551.79
ORD0000474,P000046,2,580.21,1160.42
ORD0000475,P000066,5,382.36,1911.8000000000002
ORD0000476,P000067,1,296.04,296.04
ORD0000476,P000034,2,927.37,1854.74
ORD0000476,P000036,2,225.58,451.16
ORD0000476,P000008,5,237.9,1189.5
ORD0000476,P000061,1,422.28,422.28
ORD0000477,P000066,2,382.36,764.72
ORD0000477,P000024,5,33.52,167.60000000000002
ORD0000477,P000004,5,709.94,3549.7000000000003
ORD0000477,P000057,5,124.11,620.55
ORD0000478,P000045,2,711.71,1423.42
ORD0000479,P000016,2,108.84,217.68
ORD0000479,P000012,1,770.03,770.03
ORD0000479,P000083,4,854.01,3416.04
ORD0000479,P000059,2,225.97,451.94
ORD0000479,P000036,3,225.58,676.74
ORD0000480,P000012,5,770.03,3850.1499999999996
ORD0000480,P000034,1,927.37,927.37
ORD0000481,P000062,4,745.88,2983.52
ORD0000481,P000030,4,991.47,3965.88
ORD0000481,P000096,1,118.09,118.09
ORD0000481,P000090,5,890.09,4450.45
ORD0000481,P000073,1,122.71,122.71
ORD0000482,P000085,1,591.78,591.78
ORD0000482,P000036,1,225.58,225.58
ORD0000482,P000079,2,565.57,1131.14
ORD0000482,P000041,3,730.28,2190.84
ORD0000482,P000094,3,341.12,1023.36
ORD0000483,P000087,5,16.49,82.44999999999999
ORD0000483,P000086,5,949.25,4746.25
ORD0000483,P000059,4,225.97,903.88
ORD0000483,P000013,2,877.54,1755.08
ORD0000483,P000081,5,834.21,4171.05
ORD0000484,P000090,2,890.09,1780.18
ORD0000484,P000014,4,928.24,3712.96
ORD0000484,P000087,3,16.49,49.47
ORD0000484,P000032,4,837.84,3351.36
ORD0000484,P000025,4,985.57,3942.28
ORD0000485,P000100,5,776.96,3884.8
ORD0000485,P000023,1,670.32,670.32
ORD0000485,P000029,1,96.26,96.26
ORD0000486,P000017,3,525.47,1576.41
ORD0000486,P000042,1,274.71,274.71
ORD0000486,P000084,5,205.66,1028.3
ORD0000486,P000068,1,453.04,453.04
ORD0000486,P000086,5,949.25,4746.25
ORD0000487,P000081,4,834.21,3336.84
ORD0000487,P000006,3,339.56,1018.6800000000001
ORD0000487,P000073,4,122.71,490.84
ORD0000487,P000050,3,149.61,448.83000000000004
ORD0000487,P000001,2,571.03,1142.06
ORD0000488,P000055,3,173.18,519.54
ORD0000488,P000040,3,852.32,2556.96
ORD0000488,P000048,2,294.63,589.26
ORD0000488,P000056,1,195.56,195.56
ORD0000489,P000067,2,296.04,592.08
ORD0000489,P000043,1,232.18,232.18
ORD0000489,P000083,2,854.01,1708.02
ORD0000489,P000011,3,600.73,1802.19
ORD0000489,P000082,3,797.58,2392.7400000000002
ORD0000490,P000037,5,870.37,4351.85
ORD0000490,P000013,4,877.54,3510.16
ORD0000491,P000075,4,438.9,1755.6
ORD0000491,P000051,2,250.57,501.14
ORD0000491,P000050,5,149.61,748.0500000000001
ORD0000492,P000100,4,776.96,3107.84
ORD0000492,P000025,2,985.57,1971.14
ORD0000492,P000034,3,927.37,2782.11
ORD0000492,P000017,3,525.47,1576.41
ORD0000492,P000009,2,462.25,924.5
ORD0000493,P000051,3,250.57,751.71
ORD0000493,P000011,3,600.73,1802.19
ORD0000494,P000050,3,149.61,448.83000000000004
ORD0000495,P000034,5,927.37,4636.85
ORD0000495,P000070,5,692.24,3461.2
ORD0000495,P000044,2,446.54,893.08
ORD0000495,P000062,3,745.88,2237.64
ORD0000496,P000099,2,579.66,1159.32
ORD0000496,P000064,4,135.37,541.48
ORD0000497,P000002,3,665.5,1996.5
ORD0000497,P000077,1,909.58,909.58
ORD0000498,P000044,3,446.54,1339.6200000000001
ORD0000498,P000070,2,692.24,1384.48
ORD0000499,P000100,5,776.96,3884.8
ORD0000499,P000006,4,339.56,1358.24
ORD0000499,P000048,3,294.63,883.89
ORD0000499,P000029,1,96.26,96.26
ORD0000500,P000076,3,171.21,513.63
ORD0000500,P000001,5,571.03,2855.1499999999996
ORD0000500,P000045,1,711.71,711.71
ORD0000501,P000044,3,446.54,1339.6200000000001
ORD0000501,P000097,1,812.5,812.5
ORD0000501,P000089,1,385.38,385.38
ORD0000502,P000003,1,924.38,924.38
ORD0000502,P000044,1,446.54,446.54
ORD0000502,P000088,4,730.81,2923.24
ORD0000502,P000012,3,770.03,2310.09
ORD0000503,P000077,5,909.58,4547.900000000001
ORD0000503,P000013,5,877.54,4387.7
ORD0000503,P000023,3,670.32,2010.96
ORD0000504,P000072,4,841.35,3365.4
ORD0000504,P000085,2,591.78,1183.56
ORD0000504,P000001,4,571.03,2284.12
ORD0000504,P000081,2,834.21,1668.42
ORD0000505,P000020,5,15.55,77.75
ORD0000506,P000027,4,945.04,3780.16
ORD0000506,P000036,5,225.58,1127.9
ORD0000506,P000075,1,438.9,438.9
ORD0000506,P000016,3,108.84,326.52
ORD0000507,P000031,1,91.66,91.66
ORD0000507,P000076,1,171.21,171.21
ORD0000507,P000017,5,525.47,2627.3500000000004
ORD0000508,P000037,4,870.37,3481.48
ORD0000509,P000086,5,949.25,4746.25
ORD0000510,P000047,5,142.41,712.05
ORD0000511,P000081,2,834.21,1668.42
ORD0000511,P000055,4,173.18,692.72
ORD0000511,P000089,1,385.38,385.38
ORD0000512,P000057,4,124.11,496.44
ORD0000512,P000090,3,890.09,2670.27
ORD0000513,P000027,1,945.04,945.04
ORD0000514,P000025,3,985.57,2956.71
ORD0000514,P000069,3,822.37,2467.11
ORD0000515,P000076,3,171.21,513.63
ORD0000515,P000022,2,294.77,589.54
ORD0000516,P000058,5,473.76,2368.8
ORD0000517,P000068,5,453.04,2265.2000000000003
ORD0000517,P000087,3,16.49,49.47
ORD0000517,P000038,5,237.03,1185.15
ORD0000517,P000008,3,237.9,713.7
ORD0000517,P000043,3,232.18,696.54
ORD0000518,P000055,3,173.18,519.54
ORD0000518,P000082,5,797.58,3987.9
ORD0000518,P000099,2,579.66,1159.32
ORD0000519,P000042,1,274.71,274.71
ORD0000519,P000072,1,841.35,841.35
ORD0000519,P000090,4,890.09,3560.36
ORD0000520,P000060,2,606.3,1212.6
ORD0000521,P000069,5,822.37,4111.85
ORD0000522,P000066,3,382.36,1147.08
ORD0000522,P000096,4,118.09,472.36
ORD0000522,P000022,4,294.77,1179.08
ORD0000523,P000069,2,822.37,1644.74
ORD0000523,P000021,1,482.67,482.67
ORD0000524,P000022,3,294.77,884.31
ORD0000524,P000030,1,991.47,991.47
ORD0000524,P000075,4,438.9,1755.6
ORD0000524,P000011,1,600.73,600.73
ORD0000524,P000050,5,149.61,748.0500000000001
ORD0000525,P000100,4,776.96,3107.84
ORD0000525,P000086,2,949.25,1898.5
ORD0000525,P000042,1,274.71,274.71
ORD0000525,P000092,5,162.46,812.3000000000001
ORD0000525,P000024,2,33.52,67.04
ORD0000526,P000058,4,473.76,1895.04
ORD0000526,P000096,4,118.09,472.36
ORD0000526,P000045,2,711.71,1423.42
ORD0000527,P000070,4,692.24,2768.96
ORD0000527,P000093,1,475.81,475.81
ORD0000527,P000085,3,591.78,1775.34
ORD0000528,P000085,2,591.78,1183.56
ORD0000528,P000012,1,770.03,770.03
ORD0000528,P000065,5,392.5,1962.5
ORD0000528,P000028,4,132.06,528.24
ORD0000528,P000056,5,195.56,977.8
ORD0000529,P000005,4,202.06,808.24
ORD0000530,P000097,1,812.5,812.5
ORD0000530,P000065,2,392.5,785.0
ORD0000530,P000092,2,162.46,324.92
ORD0000530,P000078,1,475.26,475.26
ORD0000530,P000048,2,294.63,589.26
ORD0000531,P000099,5,579.66,2898.2999999999997
ORD0000531,P000095,1,544.11,544.11
ORD0000532,P000052,4,148.67,594.68
ORD0000532,P000003,1,924.38,924.38
ORD0000533,P000042,4,274.71,1098.84
ORD0000533,P000080,3,425.06,1275.18
ORD0000533,P000081,1,834.21,834.21
ORD0000534,P000086,5,949.25,4746.25
ORD0000534,P000094,2,341.12,682.24
ORD0000534,P000008,2,237.9,475.8
ORD0000534,P000072,1,841.35,841.35
ORD0000535,P000021,1,482.67,482.67
ORD0000535,P000052,4,148.67,594.68
ORD0000536,P000097,2,812.5,1625.0
ORD0000536,P000047,5,142.41,712.05
ORD0000537,P000058,3,473.76,1421.28
ORD0000537,P000093,2,475.81,951.62
ORD0000537,P000082,1,797.58,797.58
ORD0000538,P000005,2,202.06,404.12
ORD0000538,P000098,4,647.23,2588.92
ORD0000538,P000100,2,776.96,1553.92
ORD0000538,P000007,4,20.07,80.28
ORD0000539,P000100,1,776.96,776.96
ORD0000539,P000052,2,148.67,297.34
ORD0000540,P000089,4,385.38,1541.52
ORD0000540,P000043,4,232.18,928.72
ORD0000540,P000028,1,132.06,132.06
ORD0000540,P000029,4,96.26,385.04
ORD0000541,P000073,1,122.71,122.71
ORD0000541,P000005,4,202.06,808.24
ORD0000542,P000096,1,118.09,118.09
ORD0000542,P000008,2,237.9,475.8
ORD0000542,P000088,3,730.81,2192.43
ORD0000542,P000063,4,73.02,292.08
ORD0000543,P000092,1,162.46,162.46
ORD0000543,P000049,4,397.95,1591.8
ORD0000543,P000070,4,692.24,2768.96
ORD0000543,P000076,1,171.21,171.21
ORD0000544,P000036,5,225.58,1127.9
ORD0000545,P000075,2,438.9,877.8
ORD0000545,P000088,2,730.81,1461.62
ORD0000545,P000001,4,571.03,2284.12
ORD0000545,P000070,1,692.24,692.24
ORD0000546,P000096,5,118.09,590.45
ORD0000547,P000013,4,877.54,3510.16
ORD0000548,P000012,4,770.03,3080.12
ORD0000548,P000078,3,475.26,1425.78
ORD0000549,P000040,4,852.32,3409.28
ORD0000549,P000034,5,927.37,4636.85
ORD0000549,P000082,3,797.58,2392.7400000000002
ORD0000549,P000069,1,822.37,822.37
ORD0000549,P000081,1,834.21,834.21
ORD0000550,P000081,2,834.21,1668.42
ORD0000550,P000088,3,730.81,2192.43
ORD0000551,P000092,3,162.46,487.38
ORD0000552,P000079,5,565.57,2827.8500000000004
ORD0000552,P000097,1,812.5,812.5
ORD0000552,P000064,5,135.37,676.85
ORD0000552,P000057,1,124.11,124.11
ORD0000553,P000048,2,294.63,589.26
ORD0000553,P000042,2,274.71,549.42
ORD0000553,P000042,4,274.71,1098.84
ORD0000554,P000076,3,171.21,513.63
ORD0000555,P000012,4,770.03,3080.12
ORD0000555,P000033,3,644.39,1933.17
ORD0000555,P000025,3,985.57,2956.71
ORD0000555,P000028,3,132.06,396.18
ORD0000555,P000052,1,148.67,148.67
ORD0000556,P000092,1,162.46,162.46
ORD0000556,P000012,5,770.03,3850.1499999999996
ORD0000556,P000021,1,482.67,482.67
ORD0000556,P000025,1,985.57,985.57
ORD0000557,P000019,5,941.21,4706.05
ORD0000557,P000100,5,776.96,3884.8
ORD0000557,P000092,2,162.46,324.92
ORD0000558,P000079,1,565.57,565.57
ORD0000558,P000034,3,927.37,2782.11
ORD0000558,P000036,4,225.58,902.32
ORD0000558,P000091,1,204.84,204.84
ORD0000559,P000003,4,924.38,3697.52
ORD0000559,P000012,3,770.03,2310.09
ORD0000559,P000077,3,909.58,2728.7400000000002
ORD0000560,P000037,2,870.37,1740.74
ORD0000560,P000097,2,812.5,1625.0
ORD0000560,P000013,1,877.54,877.54
ORD0000560,P000042,4,274.71,1098.84
ORD0000561,P000063,2,73.02,146.04
ORD0000561,P000010,3,183.93,551.79
ORD0000561,P000023,4,670.32,2681.28
ORD0000561,P000076,1,171.21,171.21
ORD0000561,P000057,2,124.11,248.22
ORD0000562,P000088,4,730.81,2923.24
ORD0000563,P000057,4,124.11,496.44
ORD0000563,P000063,1,73.02,73.02
ORD0000564,P000044,3,446.54,1339.6200000000001
ORD0000564,P000096,5,118.09,590.45
ORD0000564,P000026,5,78.71,393.54999999999995
ORD0000565,P000021,2,482.67,965.34
ORD0000566,P000033,5,644.39,3221.95
ORD0000566,P000068,4,453.04,1812.16
ORD0000567,P000059,4,225.97,903.88
ORD0000567,P000068,2,453.04,906.08
ORD0000567,P000071,2,59.2,118.4
ORD0000567,P000040,2,852.32,1704.64
ORD0000567,P000090,1,890.09,890.09
ORD0000568,P000057,2,124.11,248.22
ORD0000568,P000016,4,108.84,435.36
ORD0000569,P000033,1,644.39,644.39
ORD0000569,P000024,4,33.52,134.08
ORD0000569,P000004,5,709.94,3549.7000000000003
ORD0000569,P000086,1,949.25,949.25
ORD0000570,P000066,2,382.36,764.72
ORD0000570,P000014,3,928.24,2784.7200000000003
ORD0000571,P000017,4,525.47,2101.88
ORD0000571,P000036,3,225.58,676.74
ORD0000572,P000004,5,709.94,3549.7000000000003
ORD0000572,P000013,1,877.54,877.54
ORD0000572,P000064,2,135.37,270.74
ORD0000572,P000061,1,422.28,422.28
ORD0000572,P000036,5,225.58,1127.9
ORD0000573,P000001,5,571.03,2855.1499999999996
ORD0000573,P000055,5,173.18,865.9000000000001
ORD0000573,P000023,4,670.32,2681.28
ORD0000573,P000099,4,579.66,2318.64
ORD0000574,P000028,2,132.06,264.12
ORD0000574,P000024,3,33.52,100.56
ORD0000574,P000007,5,20.07,100.35
ORD0000574,P000021,5,482.67,2413.35
ORD0000575,P000089,4,385.38,1541.52
ORD0000575,P000022,3,294.77,884.31
ORD0000575,P000064,2,135.37,270.74
ORD0000576,P000049,4,397.95,1591.8
ORD0000576,P000085,2,591.78,1183.56
ORD0000576,P000086,5,949.25,4746.25
ORD0000576,P000033,3,644.39,1933.17
ORD0000576,P000012,4,770.03,3080.12
ORD0000577,P000065,3,392.5,1177.5
ORD0000577,P000026,2,78.71,157.42
ORD0000577,P000088,4,730.81,2923.24
ORD0000578,P000058,3,473.76,1421.28
ORD0000578,P000099,3,579.66,1738.98
ORD0000578,P000027,5,945.04,4725.2
ORD0000578,P000042,4,274.71,1098.84
ORD0000579,P000011,4,600.73,2402.92
ORD0000579,P000100,4,776.96,3107.84
ORD0000579,P000042,5,274.71,1373.55
ORD0000579,P000025,2,985.57,1971.14
ORD0000580,P000004,2,709.94,1419.88
ORD0000580,P000012,3,770.03,2310.09
ORD0000580,P000051,1,250.57,250.57
ORD0000581,P000061,4,422.28,1689.12
ORD0000582,P000083,2,854.01,1708.02
ORD0000582,P000014,1,928.24,928.24
ORD0000582,P000069,3,822.37,2467.11
ORD0000582,P000036,5,225.58,1127.9
ORD0000583,P000015,2,803.01,1606.02
ORD0000583,P000013,2,877.54,1755.08
ORD0000583,P000034,1,927.37,927.37
ORD0000583,P000059,1,225.97,225.97
ORD0000584,P000080,2,425.06,850.12
ORD0000584,P000083,2,854.01,1708.02
ORD0000584,P000020,3,15.55,46.650000000000006
ORD0000584,P000008,3,237.9,713.7
ORD0000584,P000098,2,647.23,1294.46
ORD0000585,P000066,5,382.36,1911.8000000000002
ORD0000585,P000064,4,135.37,541.48
ORD0000586,P000039,4,929.35,3717.4
ORD0000587,P000074,2,915.8,1831.6
ORD0000587,P000087,3,16.49,49.47
ORD0000588,P000056,2,195.56,391.12
ORD0000588,P000040,1,852.32,852.32
ORD0000588,P000052,3,148.67,446.01
ORD0000589,P000007,4,20.07,80.28
ORD0000589,P000042,5,274.71,1373.55
ORD0000589,P000082,1,797.58,797.58
ORD0000589,P000007,3,20.07,60.21
ORD0000589,P000080,1,425.06,425.06
ORD0000590,P000092,2,162.46,324.92
ORD0000590,P000092,4,162.46,649.84
ORD0000591,P000004,2,709.94,1419.88
ORD0000591,P000088,5,730.81,3654.0499999999997
ORD0000592,P000077,3,909.58,2728.7400000000002
ORD0000592,P000036,3,225.58,676.74
ORD0000592,P000045,1,711.71,711.71
ORD0000592,P000014,2,928.24,1856.48
ORD0000592,P000052,5,148.67,743.3499999999999
ORD0000593,P000068,4,453.04,1812.16
ORD0000593,P000026,5,78.71,393.54999999999995
ORD0000593,P000070,5,692.24,3461.2
ORD0000594,P000002,4,665.5,2662.0
ORD0000594,P000028,3,132.06,396.18
ORD0000595,P000014,5,928.24,4641.2
ORD0000595,P000010,2,183.93,367.86
ORD0000595,P000048,5,294.63,1473.15
ORD0000596,P000060,3,606.3,1818.8999999999999
ORD0000596,P000046,3,580.21,1740.63
ORD0000596,P000012,4,770.03,3080.12
ORD0000596,P000037,2,870.37,1740.74
ORD0000597,P000023,5,670.32,3351.6000000000004
ORD0000598,P000081,3,834.21,2502.63
ORD0000598,P000024,1,33.52,33.52
ORD0000599,P000080,5,425.06,2125.3
ORD0000600,P000082,4,797.58,3190.32
ORD0000600,P000068,3,453.04,1359.1200000000001
ORD0000600,P000096,4,118.09,472.36
ORD0000600,P000045,2,711.71,1423.42
ORD0000600,P000063,1,73.02,73.02
ORD0000601,P000008,1,237.9,237.9
ORD0000601,P000003,4,924.38,3697.52
ORD0000602,P000091,5,204.84,1024.2
ORD0000602,P000045,1,711.71,711.71
ORD0000603,P000069,5,822.37,4111.85
ORD0000603,P000072,4,841.35,3365.4
ORD0000604,P000086,3,949.25,2847.75
ORD0000604,P000086,5,949.25,4746.25
ORD0000605,P000040,4,852.32,3409.28
ORD0000606,P000045,4,711.71,2846.84
ORD0000606,P000023,3,670.32,2010.96
ORD0000606,P000010,1,183.93,183.93
ORD0000607,P000058,4,473.76,1895.04
ORD0000608,P000010,5,183.93,919.6500000000001
ORD0000608,P000077,4,909.58,3638.32
ORD0000608,P000050,1,149.61,149.61
ORD0000608,P000065,5,392.5,1962.5
ORD0000608,P000010,2,183.93,367.86
ORD0000609,P000031,4,91.66,366.64
ORD0000609,P000073,2,122.71,245.42
ORD0000610,P000080,4,425.06,1700.24
ORD0000610,P000021,2,482.67,965.34
ORD0000610,P000091,2,204.84,409.68
ORD0000610,P000020,4,15.55,62.2
ORD0000611,P000088,2,730.81,1461.62
ORD0000611,P000001,1,571.03,571.03
ORD0000611,P000035,2,248.76,497.52
ORD0000612,P000072,2,841.35,1682.7
ORD0000612,P000065,1,392.5,392.5
ORD0000613,P000069,1,822.37,822.37
ORD0000613,P000005,4,202.06,808.24
ORD0000613,P000033,5,644.39,3221.95
ORD0000614,P000024,1,33.52,33.52
ORD0000614,P000009,3,462.25,1386.75
ORD0000615,P000074,2,915.8,1831.6
ORD0000615,P000099,1,579.66,579.66
ORD0000615,P000067,3,296.04,888.1200000000001
ORD0000615,P000086,1,949.25,949.25
ORD0000616,P000060,3,606.3,1818.8999999999999
ORD0000616,P000047,3,142.41,427.23
ORD0000616,P000050,2,149.61,299.22
ORD0000616,P000038,2,237.03,474.06
ORD0000617,P000098,5,647.23,3236.15
ORD0000618,P000086,3,949.25,2847.75
ORD0000618,P000075,2,438.9,877.8
ORD0000618,P000010,2,183.93,367.86
ORD0000618,P000038,1,237.03,237.03
ORD0000618,P000044,1,446.54,446.54
ORD0000619,P000033,2,644.39,1288.78
ORD0000619,P000099,1,579.66,579.66
ORD0000619,P000052,4,148.67,594.68
ORD0000619,P000053,1,53.27,53.27
ORD0000619,P000009,4,462.25,1849.0
ORD0000620,P000011,3,600.73,1802.19
ORD0000620,P000019,5,941.21,4706.05
ORD0000620,P000030,4,991.47,3965.88
ORD0000620,P000006,4,339.56,1358.24
ORD0000620,P000074,1,915.8,915.8
ORD0000621,P000030,5,991.47,4957.35
ORD0000621,P000072,3,841.35,2524.05
ORD0000621,P000092,3,162.46,487.38
ORD0000621,P000098,3,647.23,1941.69
ORD0000621,P000093,2,475.81,951.62
ORD0000622,P000094,5,341.12,1705.6
ORD0000622,P000092,5,162.46,812.3000000000001
ORD0000622,P000074,5,915.8,4579.0
ORD0000622,P000004,4,709.94,2839.76
ORD0000622,P000080,1,425.06,425.06
ORD0000623,P000031,4,91.66,366.64
ORD0000623,P000013,3,877.54,2632.62
ORD0000623,P000076,5,171.21,856.0500000000001
ORD0000623,P000017,4,525.47,2101.88
ORD0000623,P000077,2,909.58,1819.16
ORD0000624,P000081,1,834.21,834.21
ORD0000624,P000091,3,204.84,614.52
ORD0000624,P000061,1,422.28,422.28
ORD0000625,P000038,1,237.03,237.03
ORD0000625,P000023,4,670.32,2681.28
ORD0000625,P000054,4,622.14,2488.56
ORD0000625,P000062,1,745.88,745.88
ORD0000626,P000094,1,341.12,341.12
ORD0000627,P000023,4,670.32,2681.28
ORD0000627,P000057,3,124.11,372.33
ORD0000627,P000021,2,482.67,965.34
ORD0000627,P000071,3,59.2,177.60000000000002
ORD0000628,P000001,2,571.03,1142.06
ORD0000628,P000048,1,294.63,294.63
ORD0000629,P000069,5,822.37,4111.85
ORD0000629,P000040,5,852.32,4261.6
ORD0000629,P000064,1,135.37,135.37
ORD0000630,P000067,2,296.04,592.08
ORD0000630,P000029,1,96.26,96.26
ORD0000630,P000023,4,670.32,2681.28
ORD0000631,P000053,2,53.27,106.54
ORD0000631,P000049,5,397.95,1989.75
ORD0000631,P000045,2,711.71,1423.42
ORD0000631,P000015,1,803.01,803.01
ORD0000632,P000100,3,776.96,2330.88
ORD0000632,P000023,3,670.32,2010.96
ORD0000632,P000042,1,274.71,274.71
ORD0000632,P000053,2,53.27,106.54
ORD0000632,P000059,4,225.97,903.88
ORD0000633,P000021,2,482.67,965.34
ORD0000633,P000048,1,294.63,294.63
ORD0000634,P000043,4,232.18,928.72
ORD0000635,P000031,4,91.66,366.64
ORD0000635,P000081,1,834.21,834.21
ORD0000636,P000022,5,294.77,1473.85
ORD0000636,P000003,2,924.38,1848.76
ORD0000636,P000044,4,446.54,1786.16
ORD0000637,P000068,3,453.04,1359.1200000000001
ORD0000637,P000093,3,475.81,1427.43
ORD0000637,P000095,4,544.11,2176.44
ORD0000637,P000082,5,797.58,3987.9
ORD0000638,P000075,1,438.9,438.9
ORD0000638,P000087,1,16.49,16.49
ORD0000639,P000038,3,237.03,711.09
ORD0000640,P000061,1,422.28,422.28
ORD0000640,P000049,1,397.95,397.95
ORD0000640,P000088,3,730.81,2192.43
ORD0000640,P000016,2,108.84,217.68
ORD0000640,P000001,5,571.03,2855.1499999999996
ORD0000641,P000059,3,225.97,677.91
ORD0000641,P000075,5,438.9,2194.5
ORD0000641,P000052,5,148.67,743.3499999999999
ORD0000641,P000003,4,924.38,3697.52
ORD0000641,P000015,2,803.01,1606.02
ORD0000642,P000057,2,124.11,248.22
ORD0000642,P000016,5,108.84,544.2
ORD0000642,P000063,2,73.02,146.04
ORD0000642,P000032,1,837.84,837.84
ORD0000643,P000049,5,397.95,1989.75
ORD0000644,P000097,2,812.5,1625.0
ORD0000644,P000005,5,202.06,1010.3
ORD0000644,P000072,2,841.35,1682.7
ORD0000644,P000050,3,149.61,448.83000000000004
ORD0000644,P000043,1,232.18,232.18
ORD0000645,P000035,5,248.76,1243.8
ORD0000646,P000034,5,927.37,4636.85
ORD0000647,P000027,1,945.04,945.04
ORD0000647,P000034,3,927.37,2782.11
ORD0000647,P000096,3,118.09,354.27
ORD0000647,P000086,4,949.25,3797.0
ORD0000647,P000033,2,644.39,1288.78
ORD0000648,P000016,4,108.84,435.36
ORD0000648,P000068,4,453.04,1812.16
ORD0000648,P000002,2,665.5,1331.0
ORD0000648,P000089,4,385.38,1541.52
ORD0000648,P000027,5,945.04,4725.2
ORD0000649,P000100,2,776.96,1553.92
ORD0000649,P000020,4,15.55,62.2
ORD0000649,P000006,3,339.56,1018.6800000000001
ORD0000649,P000035,1,248.76,248.76
ORD0000649,P000090,3,890.09,2670.27
ORD0000650,P000045,2,711.71,1423.42
ORD0000651,P000019,2,941.21,1882.42
ORD0000651,P000027,5,945.04,4725.2
ORD0000651,P000012,4,770.03,3080.12
ORD0000651,P000036,3,225.58,676.74
ORD0000651,P000092,4,162.46,649.84
ORD0000652,P000040,3,852.32,2556.96
ORD0000652,P000086,4,949.25,3797.0
ORD0000652,P000074,4,915.8,3663.2
ORD0000652,P000002,5,665.5,3327.5
ORD0000653,P000018,1,261.78,261.78
ORD0000653,P000050,4,149.61,598.44
ORD0000654,P000092,1,162.46,162.46
ORD0000654,P000029,3,96.26,288.78000000000003
ORD0000655,P000043,2,232.18,464.36
ORD0000655,P000004,1,709.94,709.94
ORD0000655,P000056,5,195.56,977.8
ORD0000655,P000019,2,941.21,1882.42
ORD0000656,P000051,1,250.57,250.57
ORD0000656,P000009,1,462.25,462.25
ORD0000656,P000099,2,579.66,1159.32
ORD0000656,P000058,2,473.76,947.52
ORD0000657,P000054,3,622.14,1866.42
ORD0000657,P000049,3,397.95,1193.85
ORD0000658,P000019,1,941.21,941.21
ORD0000658,P000079,5,565.57,2827.8500000000004
ORD0000658,P000084,3,205.66,616.98
ORD0000659,P000098,4,647.23,2588.92
ORD0000659,P000065,4,392.5,1570.0
ORD0000660,P000013,3,877.54,2632.62
ORD0000661,P000046,4,580.21,2320.84
ORD0000661,P000043,4,232.18,928.72
ORD0000662,P000069,1,822.37,822.37
ORD0000662,P000073,4,122.71,490.84
ORD0000662,P000041,3,730.28,2190.84
ORD0000662,P000008,3,237.9,713.7
ORD0000662,P000046,2,580.21,1160.42
ORD0000663,P000072,4,841.35,3365.4
ORD0000663,P000007,3,20.07,60.21
ORD0000663,P000087,2,16.49,32.98
ORD0000663,P000014,5,928.24,4641.2
ORD0000663,P000044,3,446.54,1339.6200000000001
ORD0000664,P000053,5,53.27,266.35
ORD0000665,P000079,2,565.57,1131.14
ORD0000665,P000003,2,924.38,1848.76
ORD0000665,P000008,3,237.9,713.7
ORD0000665,P000078,5,475.26,2376.3
ORD0000665,P000069,2,822.37,1644.74
ORD0000666,P000022,5,294.77,1473.85
ORD0000666,P000049,1,397.95,397.95
ORD0000666,P000091,3,204.84,614.52
ORD0000666,P000047,1,142.41,142.41
ORD0000667,P000093,5,475.81,2379.05
ORD0000667,P000057,4,124.11,496.44
ORD0000668,P000002,5,665.5,3327.5
ORD0000669,P000030,5,991.47,4957.35
ORD0000669,P000055,1,173.18,173.18
ORD0000669,P000097,4,812.5,3250.0
ORD0000670,P000079,3,565.57,1696.71
ORD0000670,P000051,4,250.57,1002.28
ORD0000670,P000061,4,422.28,1689.12
ORD0000670,P000098,3,647.23,1941.69
ORD0000671,P000085,5,591.78,2958.8999999999996
ORD0000671,P000089,4,385.38,1541.52
ORD0000671,P000065,1,392.5,392.5
ORD0000671,P000054,3,622.14,1866.42
ORD0000672,P000081,2,834.21,1668.42
ORD0000672,P000001,2,571.03,1142.06
ORD0000672,P000048,2,294.63,589.26
ORD0000673,P000057,3,124.11,372.33
ORD0000673,P000014,4,928.24,3712.96
ORD0000673,P000083,1,854.01,854.01
ORD0000673,P000061,2,422.28,844.56
ORD0000674,P000003,1,924.38,924.38
ORD0000674,P000062,2,745.88,1491.76
ORD0000674,P000072,1,841.35,841.35
ORD0000675,P000040,4,852.32,3409.28
ORD0000676,P000007,3,20.07,60.21
ORD0000677,P000048,2,294.63,589.26
ORD0000677,P000083,4,854.01,3416.04
ORD0000677,P000025,4,985.57,3942.28
ORD0000678,P000100,4,776.96,3107.84
ORD0000678,P000049,2,397.95,795.9
ORD0000678,P000065,5,392.5,1962.5
ORD0000678,P000023,4,670.32,2681.28
ORD0000678,P000030,3,991.47,2974.41
ORD0000679,P000060,3,606.3,1818.8999999999999
ORD0000679,P000027,5,945.04,4725.2
ORD0000679,P000094,2,341.12,682.24
ORD0000679,P000067,2,296.04,592.08
ORD0000680,P000023,3,670.32,2010.96
ORD0000681,P000027,4,945.04,3780.16
ORD0000681,P000024,2,33.52,67.04
ORD0000682,P000028,4,132.06,528.24
ORD0000682,P000044,4,446.54,1786.16
ORD0000682,P000030,3,991.47,2974.41
ORD0000682,P000006,3,339.56,1018.6800000000001
ORD0000683,P000080,2,425.06,850.12
ORD0000683,P000049,4,397.95,1591.8
ORD0000684,P000078,2,475.26,950.52
ORD0000684,P000092,1,162.46,162.46
ORD0000684,P000051,1,250.57,250.57
ORD0000684,P000006,5,339.56,1697.8
ORD0000685,P000046,5,580.21,2901.05
ORD0000685,P000095,1,544.11,544.11
ORD0000686,P000054,1,622.14,622.14
ORD0000686,P000048,1,294.63,294.63
ORD0000686,P000093,2,475.81,951.62
ORD0000686,P000021,3,482.67,1448.01
ORD0000686,P000004,2,709.94,1419.88
ORD0000687,P000093,2,475.81,951.62
ORD0000688,P000007,4,20.07,80.28
ORD0000688,P000065,4,392.5,1570.0
ORD0000689,P000087,2,16.49,32.98
ORD0000689,P000088,4,730.81,2923.24
ORD0000689,P000027,3,945.04,2835.12
ORD0000690,P000038,4,237.03,948.12
ORD0000690,P000030,4,991.47,3965.88
ORD0000691,P000004,3,709.94,2129.82
ORD0000691,P000092,5,162.46,812.3000000000001
ORD0000691,P000024,2,33.52,67.04
ORD0000691,P000077,5,909.58,4547.900000000001
ORD0000692,P000072,5,841.35,4206.75
ORD0000692,P000025,2,985.57,1971.14
ORD0000692,P000098,5,647.23,3236.15
ORD0000693,P000005,1,202.06,202.06
ORD0000693,P000005,1,202.06,202.06
ORD0000693,P000032,2,837.84,1675.68
ORD0000693,P000084,3,205.66,616.98
ORD0000693,P000047,3,142.41,427.23
ORD0000694,P000070,3,692.24,2076.7200000000003
ORD0000694,P000031,3,91.66,274.98
ORD0000694,P000036,2,225.58,451.16
ORD0000694,P000002,5,665.5,3327.5
ORD0000694,P000027,1,945.04,945.04
ORD0000695,P000098,5,647.23,3236.15
ORD0000695,P000056,3,195.56,586.6800000000001
ORD0000696,P000057,2,124.11,248.22
ORD0000696,P000061,3,422.28,1266.84
ORD0000696,P000070,4,692.24,2768.96
ORD0000696,P000082,3,797.58,2392.7400000000002
ORD0000697,P000079,5,565.57,2827.8500000000004
ORD0000697,P000099,3,579.66,1738.98
ORD0000697,P000088,4,730.81,2923.24
ORD0000698,P000003,3,924.38,2773.14
ORD0000699,P000051,3,250.57,751.71
ORD0000700,P000029,1,96.26,96.26
ORD0000700,P000090,2,890.09,1780.18
ORD0000700,P000006,5,339.56,1697.8
ORD0000700,P000074,5,915.8,4579.0
ORD0000701,P000074,1,915.8,915.8
ORD0000701,P000077,3,909.58,2728.7400000000002
ORD0000701,P000028,4,132.06,528.24
ORD0000702,P000065,5,392.5,1962.5
ORD0000702,P000082,4,797.58,3190.32
ORD0000703,P000052,4,148.67,594.68
ORD0000703,P000080,1,425.06,425.06
ORD0000703,P000052,1,148.67,148.67
ORD0000703,P000016,5,108.84,544.2
ORD0000704,P000008,4,237.9,951.6
ORD0000704,P000078,1,475.26,475.26
ORD0000704,P000025,4,985.57,3942.28
ORD0000705,P000015,5,803.01,4015.05
ORD0000705,P000094,3,341.12,1023.36
ORD0000705,P000008,3,237.9,713.7
ORD0000706,P000075,5,438.9,2194.5
ORD0000706,P000098,3,647.23,1941.69
ORD0000707,P000060,4,606.3,2425.2
ORD0000707,P000096,2,118.09,236.18
ORD0000708,P000042,5,274.71,1373.55
ORD0000708,P000044,3,446.54,1339.6200000000001
ORD0000709,P000008,2,237.9,475.8
ORD0000709,P000061,5,422.28,2111.3999999999996
ORD0000710,P000072,1,841.35,841.35
ORD0000711,P000054,1,622.14,622.14
ORD0000711,P000099,3,579.66,1738.98
ORD0000711,P000060,2,606.3,1212.6
ORD0000711,P000090,1,890.09,890.09
ORD0000711,P000025,4,985.57,3942.28
ORD0000712,P000040,2,852.32,1704.64
ORD0000712,P000078,3,475.26,1425.78
ORD0000712,P000041,5,730.28,3651.3999999999996
ORD0000712,P000004,4,709.94,2839.76
ORD0000713,P000077,3,909.58,2728.7400000000002
ORD0000713,P000031,5,91.66,458.29999999999995
ORD0000713,P000041,1,730.28,730.28
ORD0000714,P000025,1,985.57,985.57
ORD0000714,P000034,3,927.37,2782.11
ORD0000714,P000050,3,149.61,448.83000000000004
ORD0000714,P000060,1,606.3,606.3
ORD0000714,P000078,5,475.26,2376.3
ORD0000715,P000079,2,565.57,1131.14
ORD0000715,P000093,1,475.81,475.81
ORD0000715,P000055,5,173.18,865.9000000000001
ORD0000715,P000041,5,730.28,3651.3999999999996
ORD0000716,P000005,1,202.06,202.06
ORD0000716,P000044,2,446.54,893.08
ORD0000716,P000081,5,834.21,4171.05
ORD0000716,P000061,2,422.28,844.56
ORD0000717,P000014,2,928.24,1856.48
ORD0000717,P000012,5,770.03,3850.1499999999996
ORD0000717,P000030,5,991.47,4957.35
ORD0000717,P000033,1,644.39,644.39
ORD0000717,P000060,1,606.3,606.3
ORD0000718,P000045,2,711.71,1423.42
ORD0000718,P000054,3,622.14,1866.42
ORD0000718,P000014,1,928.24,928.24
ORD0000719,P000026,2,78.71,157.42
ORD0000719,P000051,2,250.57,501.14
ORD0000719,P000048,5,294.63,1473.15
ORD0000719,P000011,5,600.73,3003.65
ORD0000720,P000003,1,924.38,924.38
ORD0000720,P000056,4,195.56,782.24
ORD0000720,P000069,4,822.37,3289.48
ORD0000721,P000092,4,162.46,649.84
ORD0000722,P000064,2,135.37,270.74
ORD0000722,P000003,4,924.38,3697.52
ORD0000723,P000081,3,834.21,2502.63
ORD0000723,P000094,1,341.12,341.12
ORD0000723,P000081,2,834.21,1668.42
ORD0000723,P000086,1,949.25,949.25
ORD0000724,P000025,1,985.57,985.57
ORD0000724,P000061,3,422.28,1266.84
ORD0000725,P000073,1,122.71,122.71
ORD0000725,P000058,4,473.76,1895.04
ORD0000725,P000074,5,915.8,4579.0
ORD0000725,P000058,1,473.76,473.76
ORD0000725,P000024,2,33.52,67.04
ORD0000726,P000046,5,580.21,2901.05
ORD0000727,P000033,4,644.39,2577.56
ORD0000728,P000088,3,730.81,2192.43
ORD0000728,P000060,5,606.3,3031.5
ORD0000728,P000025,1,985.57,985.57
ORD0000728,P000021,4,482.67,1930.68
ORD0000728,P000024,2,33.52,67.04
ORD0000729,P000040,3,852.32,2556.96
ORD0000730,P000022,1,294.77,294.77
ORD0000730,P000082,1,797.58,797.58
ORD0000730,P000031,1,91.66,91.66
ORD0000730,P000066,2,382.36,764.72
ORD0000731,P000092,5,162.46,812.3000000000001
ORD0000732,P000097,1,812.5,812.5
ORD0000732,P000052,4,148.67,594.68
ORD0000732,P000001,3,571.03,1713.09
ORD0000732,P000092,5,162.46,812.3000000000001
ORD0000733,P000090,2,890.09,1780.18
ORD0000733,P000098,4,647.23,2588.92
ORD0000734,P000042,2,274.71,549.42
ORD0000735,P000055,2,173.18,346.36
ORD0000735,P000008,2,237.9,475.8
ORD0000736,P000015,4,803.01,3212.04
ORD0000737,P000099,3,579.66,1738.98
ORD0000737,P000003,3,924.38,2773.14
ORD0000737,P000068,2,453.04,906.08
ORD0000738,P000034,2,927.37,1854.74
ORD0000738,P000097,3,812.5,2437.5
ORD0000738,P000014,4,928.24,3712.96
ORD0000738,P000064,4,135.37,541.48
ORD0000738,P000032,1,837.84,837.84
ORD0000739,P000077,3,909.58,2728.7400000000002
ORD0000739,P000004,1,709.94,709.94
ORD0000740,P000070,3,692.24,2076.7200000000003
ORD0000741,P000022,5,294.77,1473.85
ORD0000741,P000079,4,565.57,2262.28
ORD0000742,P000024,4,33.52,134.08
ORD0000742,P000004,4,709.94,2839.76
ORD0000742,P000051,5,250.57,1252.85
ORD0000742,P000023,5,670.32,3351.6000000000004
ORD0000742,P000092,3,162.46,487.38
ORD0000743,P000006,3,339.56,1018.6800000000001
ORD0000744,P000022,3,294.77,884.31
ORD0000744,P000020,5,15.55,77.75
ORD0000744,P000096,1,118.09,118.09
ORD0000744,P000063,4,73.02,292.08
ORD0000744,P000034,1,927.37,927.37
ORD0000745,P000029,5,96.26,481.3
ORD0000745,P000039,2,929.35,1858.7
ORD0000745,P000001,5,571.03,2855.1499999999996
ORD0000745,P000086,5,949.25,4746.25
ORD0000746,P000086,2,949.25,1898.5
ORD0000747,P000060,2,606.3,1212.6
ORD0000747,P000038,1,237.03,237.03
ORD0000747,P000030,2,991.47,1982.94
ORD0000748,P000090,5,890.09,4450.45
ORD0000748,P000023,4,670.32,2681.28
ORD0000748,P000026,1,78.71,78.71
ORD0000749,P000095,1,544.11,544.11
ORD0000749,P000021,3,482.67,1448.01
ORD0000749,P000008,2,237.9,475.8
ORD0000750,P000033,2,644.39,1288.78
ORD0000750,P000059,3,225.97,677.91
ORD0000751,P000001,3,571.03,1713.09
ORD0000751,P000088,1,730.81,730.81
ORD0000751,P000041,3,730.28,2190.84
ORD0000751,P000028,2,132.06,264.12
ORD0000751,P000046,1,580.21,580.21
ORD0000752,P000042,2,274.71,549.42
ORD0000753,P000098,1,647.23,647.23
ORD0000753,P000045,4,711.71,2846.84
ORD0000753,P000052,5,148.67,743.3499999999999
ORD0000753,P000026,4,78.71,314.84
ORD0000754,P000047,2,142.41,284.82
ORD0000754,P000004,2,709.94,1419.88
ORD0000754,P000081,2,834.21,1668.42
ORD0000754,P000013,1,877.54,877.54
ORD0000754,P000052,4,148.67,594.68
ORD0000755,P000095,1,544.11,544.11
ORD0000755,P000036,3,225.58,676.74
ORD0000755,P000015,4,803.01,3212.04
ORD0000756,P000093,3,475.81,1427.43
ORD0000756,P000076,2,171.21,342.42
ORD0000756,P000014,1,928.24,928.24
ORD0000756,P000015,5,803.01,4015.05
ORD0000756,P000071,4,59.2,236.8
ORD0000757,P000066,1,382.36,382.36
ORD0000757,P000074,1,915.8,915.8
ORD0000757,P000074,2,915.8,1831.6
ORD0000757,P000039,1,929.35,929.35
ORD0000758,P000042,2,274.71,549.42
ORD0000758,P000004,4,709.94,2839.76
ORD0000758,P000015,4,803.01,3212.04
ORD0000759,P000021,3,482.67,1448.01
ORD0000759,P000027,5,945.04,4725.2
ORD0000760,P000024,5,33.52,167.60000000000002
ORD0000760,P000029,5,96.26,481.3
ORD0000760,P000061,3,422.28,1266.84
ORD0000760,P000045,2,711.71,1423.42
ORD0000761,P000088,1,730.81,730.81
ORD0000761,P000097,2,812.5,1625.0
ORD0000761,P000065,3,392.5,1177.5
ORD0000761,P000045,4,711.71,2846.84
ORD0000762,P000007,5,20.07,100.35
ORD0000763,P000097,4,812.5,3250.0
ORD0000763,P000096,2,118.09,236.18
ORD0000763,P000012,4,770.03,3080.12
ORD0000764,P000007,4,20.07,80.28
ORD0000764,P000098,4,647.23,2588.92
ORD0000764,P000035,3,248.76,746.28
ORD0000764,P000015,3,803.01,2409.0299999999997
ORD0000764,P000053,2,53.27,106.54
ORD0000765,P000022,4,294.77,1179.08
ORD0000765,P000017,4,525.47,2101.88
ORD0000766,P000062,5,745.88,3729.4
ORD0000766,P000080,5,425.06,2125.3
ORD0000766,P000060,5,606.3,3031.5
ORD0000766,P000061,5,422.28,2111.3999999999996
ORD0000766,P000050,2,149.61,299.22
ORD0000767,P000094,5,341.12,1705.6
ORD0000767,P000024,2,33.52,67.04
ORD0000767,P000027,2,945.04,1890.08
ORD0000767,P000045,1,711.71,711.71
ORD0000767,P000081,3,834.21,2502.63
ORD0000768,P000099,3,579.66,1738.98
ORD0000768,P000063,1,73.02,73.02
ORD0000768,P000047,2,142.41,284.82
ORD0000768,P000009,5,462.25,2311.25
ORD0000768,P000086,5,949.25,4746.25
ORD0000769,P000083,3,854.01,2562.0299999999997
ORD0000769,P000073,5,122.71,613.55
ORD0000770,P000092,5,162.46,812.3000000000001
ORD0000771,P000067,2,296.04,592.08
ORD0000771,P000027,3,945.04,2835.12
ORD0000772,P000089,5,385.38,1926.9
ORD0000773,P000046,5,580.21,2901.05
ORD0000774,P000010,5,183.93,919.6500000000001
ORD0000774,P000024,1,33.52,33.52
ORD0000774,P000071,2,59.2,118.4
ORD0000774,P000085,1,591.78,591.78
ORD0000774,P000051,5,250.57,1252.85
ORD0000775,P000065,1,392.5,392.5
ORD0000775,P000072,2,841.35,1682.7
ORD0000775,P000061,3,422.28,1266.84
ORD0000776,P000051,2,250.57,501.14
ORD0000776,P000062,4,745.88,2983.52
ORD0000776,P000060,5,606.3,3031.5
ORD0000776,P000085,3,591.78,1775.34
ORD0000777,P000084,3,205.66,616.98
ORD0000777,P000025,3,985.57,2956.71
ORD0000777,P000097,4,812.5,3250.0
ORD0000778,P000028,2,132.06,264.12
ORD0000779,P000036,5,225.58,1127.9
ORD0000780,P000002,1,665.5,665.5
ORD0000780,P000021,2,482.67,965.34
ORD0000780,P000070,3,692.24,2076.7200000000003
ORD0000780,P000009,1,462.25,462.25
ORD0000781,P000071,4,59.2,236.8
ORD0000782,P000028,3,132.06,396.18
ORD0000782,P000011,4,600.73,2402.92
ORD0000782,P000001,3,571.03,1713.09
ORD0000782,P000013,2,877.54,1755.08
ORD0000783,P000100,4,776.96,3107.84
ORD0000784,P000038,2,237.03,474.06
ORD0000784,P000066,4,382.36,1529.44
ORD0000785,P000068,5,453.04,2265.2000000000003
ORD0000785,P000038,5,237.03,1185.15
ORD0000785,P000053,3,53.27,159.81
ORD0000786,P000067,3,296.04,888.1200000000001
ORD0000786,P000027,1,945.04,945.04
ORD0000786,P000025,1,985.57,985.57
ORD0000786,P000075,1,438.9,438.9
ORD0000786,P000028,5,132.06,660.3
ORD0000787,P000039,1,929.35,929.35
ORD0000787,P000076,3,171.21,513.63
ORD0000788,P000001,3,571.03,1713.09
ORD0000788,P000078,3,475.26,1425.78
ORD0000788,P000012,1,770.03,770.03
ORD0000788,P000032,5,837.84,4189.2
ORD0000788,P000008,4,237.9,951.6
ORD0000789,P000092,2,162.46,324.92
ORD0000790,P000066,4,382.36,1529.44
ORD0000790,P000058,4,473.76,1895.04
ORD0000790,P000048,3,294.63,883.89
ORD0000791,P000091,5,204.84,1024.2
ORD0000791,P000057,2,124.11,248.22
ORD0000791,P000039,2,929.35,1858.7
ORD0000792,P000014,1,928.24,928.24
ORD0000793,P000060,3,606.3,1818.8999999999999
ORD0000793,P000036,2,225.58,451.16
ORD0000793,P000055,1,173.18,173.18
ORD0000793,P000022,5,294.77,1473.85
ORD0000794,P000037,5,870.37,4351.85
ORD0000795,P000008,4,237.9,951.6
ORD0000795,P000014,5,928.24,4641.2
ORD0000795,P000046,4,580.21,2320.84
ORD0000795,P000039,1,929.35,929.35
ORD0000795,P000029,4,96.26,385.04
ORD0000796,P000089,5,385.38,1926.9
ORD0000796,P000005,5,202.06,1010.3
ORD0000796,P000060,4,606.3,2425.2
ORD0000796,P000024,5,33.52,167.60000000000002
ORD0000796,P000096,2,118.09,236.18
ORD0000797,P000061,3,422.28,1266.84
ORD0000797,P000001,4,571.03,2284.12
ORD0000798,P000026,1,78.71,78.71
ORD0000798,P000024,2,33.52,67.04
ORD0000798,P000014,5,928.24,4641.2
ORD0000798,P000029,4,96.26,385.04
ORD0000798,P000095,1,544.11,544.11
ORD0000799,P000018,2,261.78,523.56
ORD0000799,P000008,4,237.9,951.6
ORD0000799,P000066,2,382.36,764.72
ORD0000799,P000034,4,927.37,3709.48
ORD0000800,P000048,2,294.63,589.26
ORD0000800,P000088,1,730.81,730.81
ORD0000800,P000091,3,204.84,614.52
ORD0000800,P000053,3,53.27,159.81
ORD0000801,P000043,2,232.18,464.36
ORD0000801,P000098,3,647.23,1941.69
ORD0000801,P000094,4,341.12,1364.48
ORD0000802,P000071,2,59.2,118.4
ORD0000802,P000033,3,644.39,1933.17
ORD0000802,P000074,2,915.8,1831.6
ORD0000802,P000004,3,709.94,2129.82
ORD0000802,P000049,5,397.95,1989.75
ORD0000803,P000018,1,261.78,261.78
ORD0000804,P000093,3,475.81,1427.43
ORD0000804,P000008,4,237.9,951.6
ORD0000804,P000026,5,78.71,393.54999999999995
ORD0000804,P000076,3,171.21,513.63
ORD0000805,P000071,3,59.2,177.60000000000002
ORD0000805,P000020,5,15.55,77.75
ORD0000805,P000023,1,670.32,670.32
ORD0000805,P000039,5,929.35,4646.75
ORD0000805,P000038,4,237.03,948.12
ORD0000806,P000034,4,927.37,3709.48
ORD0000806,P000030,1,991.47,991.47
ORD0000806,P000009,5,462.25,2311.25
ORD0000806,P000082,4,797.58,3190.32
ORD0000806,P000085,4,591.78,2367.12
ORD0000807,P000047,3,142.41,427.23
ORD0000807,P000072,1,841.35,841.35
ORD0000808,P000071,2,59.2,118.4
ORD0000808,P000036,3,225.58,676.74
ORD0000808,P000037,3,870.37,2611.11
ORD0000808,P000040,2,852.32,1704.64
ORD0000809,P000057,5,124.11,620.55
ORD0000809,P000097,4,812.5,3250.0
ORD0000809,P000060,5,606.3,3031.5
ORD0000809,P000082,2,797.58,1595.16
ORD0000810,P000036,2,225.58,451.16
ORD0000810,P000026,4,78.71,314.84
ORD0000810,P000071,2,59.2,118.4
ORD0000810,P000052,1,148.67,148.67
ORD0000811,P000042,5,274.71,1373.55
ORD0000811,P000050,2,149.61,299.22
ORD0000811,P000067,2,296.04,592.08
ORD0000811,P000012,4,770.03,3080.12
ORD0000811,P000077,4,909.58,3638.32
ORD0000812,P000093,2,475.81,951.62
ORD0000812,P000003,4,924.38,3697.52
ORD0000812,P000089,4,385.38,1541.52
ORD0000812,P000086,5,949.25,4746.25
ORD0000813,P000091,2,204.84,409.68
ORD0000814,P000020,1,15.55,15.55
ORD0000814,P000015,3,803.01,2409.0299999999997
ORD0000814,P000004,3,709.94,2129.82
ORD0000814,P000028,2,132.06,264.12
ORD0000814,P000014,5,928.24,4641.2
ORD0000815,P000063,4,73.02,292.08
ORD0000815,P000089,5,385.38,1926.9
ORD0000816,P000032,2,837.84,1675.68
ORD0000816,P000053,3,53.27,159.81
ORD0000816,P000009,1,462.25,462.25
ORD0000817,P000085,4,591.78,2367.12
ORD0000817,P000043,2,232.18,464.36
ORD0000817,P000031,2,91.66,183.32
ORD0000818,P000040,2,852.32,1704.64
ORD0000818,P000092,4,162.46,649.84
ORD0000818,P000098,4,647.23,2588.92
ORD0000818,P000046,5,580.21,2901.05
ORD0000818,P000082,4,797.58,3190.32
ORD0000819,P000039,4,929.35,3717.4
ORD0000819,P000032,3,837.84,2513.52
ORD0000819,P000031,4,91.66,366.64
ORD0000819,P000051,5,250.57,1252.85
ORD0000819,P000063,3,73.02,219.06
ORD0000820,P000085,5,591.78,2958.8999999999996
ORD0000820,P000095,4,544.11,2176.44
ORD0000821,P000070,1,692.24,692.24
ORD0000822,P000071,5,59.2,296.0
ORD0000822,P000057,3,124.11,372.33
ORD0000822,P000053,3,53.27,159.81
ORD0000822,P000057,4,124.11,496.44
ORD0000823,P000094,4,341.12,1364.48
ORD0000824,P000052,3,148.67,446.01
ORD0000824,P000059,4,225.97,903.88
ORD0000824,P000018,1,261.78,261.78
ORD0000825,P000014,3,928.24,2784.7200000000003
ORD0000826,P000052,3,148.67,446.01
ORD0000826,P000069,2,822.37,1644.74
ORD0000826,P000050,2,149.61,299.22
ORD0000827,P000045,2,711.71,1423.42
ORD0000828,P000090,1,890.09,890.09
ORD0000828,P000017,5,525.47,2627.3500000000004
ORD0000829,P000013,4,877.54,3510.16
ORD0000829,P000007,3,20.07,60.21
ORD0000830,P000017,3,525.47,1576.41
ORD0000831,P000017,5,525.47,2627.3500000000004
ORD0000832,P000017,2,525.47,1050.94
ORD0000832,P000010,4,183.93,735.72
ORD0000832,P000033,3,644.39,1933.17
ORD0000833,P000092,3,162.46,487.38
ORD0000833,P000069,3,822.37,2467.11
ORD0000833,P000070,1,692.24,692.24
ORD0000833,P000038,1,237.03,237.03
ORD0000833,P000003,4,924.38,3697.52
ORD0000834,P000018,1,261.78,261.78
ORD0000834,P000058,2,473.76,947.52
ORD0000835,P000078,1,475.26,475.26
ORD0000836,P000043,3,232.18,696.54
ORD0000836,P000023,3,670.32,2010.96
ORD0000836,P000063,3,73.02,219.06
ORD0000837,P000080,4,425.06,1700.24
ORD0000837,P000021,2,482.67,965.34
ORD0000837,P000038,4,237.03,948.12
ORD0000837,P000002,5,665.5,3327.5
ORD0000838,P000076,5,171.21,856.0500000000001
ORD0000838,P000003,5,924.38,4621.9
ORD0000838,P000021,4,482.67,1930.68
ORD0000838,P000058,4,473.76,1895.04
ORD0000839,P000062,1,745.88,745.88
ORD0000839,P000012,1,770.03,770.03
ORD0000839,P000090,2,890.09,1780.18
ORD0000839,P000077,2,909.58,1819.16
ORD0000840,P000013,5,877.54,4387.7
ORD0000841,P000094,2,341.12,682.24
ORD0000842,P000020,2,15.55,31.1
ORD0000842,P000032,4,837.84,3351.36
ORD0000843,P000068,3,453.04,1359.1200000000001
ORD0000843,P000003,2,924.38,1848.76
ORD0000844,P000012,1,770.03,770.03
ORD0000844,P000034,3,927.37,2782.11
ORD0000844,P000038,3,237.03,711.09
ORD0000845,P000027,5,945.04,4725.2
ORD0000846,P000083,5,854.01,4270.05
ORD0000846,P000051,1,250.57,250.57
ORD0000847,P000082,4,797.58,3190.32
ORD0000847,P000032,5,837.84,4189.2
ORD0000847,P000060,1,606.3,606.3
ORD0000847,P000067,4,296.04,1184.16
ORD0000847,P000051,1,250.57,250.57
ORD0000848,P000042,2,274.71,549.42
ORD0000848,P000077,2,909.58,1819.16
ORD0000848,P000029,1,96.26,96.26
ORD0000848,P000071,4,59.2,236.8
ORD0000848,P000019,3,941.21,2823.63
ORD0000849,P000066,5,382.36,1911.8000000000002
ORD0000849,P000009,3,462.25,1386.75
ORD0000849,P000038,3,237.03,711.09
ORD0000849,P000043,1,232.18,232.18
ORD0000850,P000019,2,941.21,1882.42
ORD0000851,P000008,5,237.9,1189.5
ORD0000851,P000003,5,924.38,4621.9
ORD0000851,P000050,5,149.61,748.0500000000001
ORD0000851,P000002,2,665.5,1331.0
ORD0000852,P000003,4,924.38,3697.52
ORD0000852,P000033,5,644.39,3221.95
ORD0000852,P000083,4,854.01,3416.04
ORD0000853,P000086,2,949.25,1898.5
ORD0000854,P000097,2,812.5,1625.0
ORD0000854,P000080,3,425.06,1275.18
ORD0000855,P000066,3,382.36,1147.08
ORD0000855,P000009,2,462.25,924.5
ORD0000855,P000024,2,33.52,67.04
ORD0000855,P000004,4,709.94,2839.76
ORD0000855,P000047,2,142.41,284.82
ORD0000856,P000023,4,670.32,2681.28
ORD0000857,P000018,3,261.78,785.3399999999999
ORD0000858,P000031,5,91.66,458.29999999999995
ORD0000858,P000047,2,142.41,284.82
ORD0000858,P000013,1,877.54,877.54
ORD0000858,P000032,4,837.84,3351.36
ORD0000859,P000050,5,149.61,748.0500000000001
ORD0000860,P000023,4,670.32,2681.28
ORD0000860,P000075,4,438.9,1755.6
ORD0000860,P000057,2,124.11,248.22
ORD0000861,P000064,2,135.37,270.74
ORD0000861,P000001,1,571.03,571.03
ORD0000861,P000047,1,142.41,142.41
ORD0000861,P000020,4,15.55,62.2
ORD0000862,P000083,4,854.01,3416.04
ORD0000862,P000017,3,525.47,1576.41
ORD0000862,P000079,2,565.57,1131.14
ORD0000862,P000100,3,776.96,2330.88
ORD0000863,P000058,2,473.76,947.52
ORD0000864,P000050,5,149.61,748.0500000000001
ORD0000865,P000049,5,397.95,1989.75
ORD0000865,P000050,4,149.61,598.44
ORD0000865,P000019,3,941.21,2823.63
ORD0000865,P000091,3,204.84,614.52
ORD0000865,P000028,1,132.06,132.06
ORD0000866,P000068,3,453.04,1359.1200000000001
ORD0000866,P000039,1,929.35,929.35
ORD0000866,P000065,2,392.5,785.0
ORD0000866,P000048,4,294.63,1178.52
ORD0000867,P000078,3,475.26,1425.78
ORD0000868,P000090,1,890.09,890.09
ORD0000869,P000045,1,711.71,711.71
ORD0000869,P000057,3,124.11,372.33
ORD0000869,P000028,3,132.06,396.18
ORD0000869,P000061,3,422.28,1266.84
ORD0000869,P000042,3,274.71,824.1299999999999
ORD0000870,P000082,5,797.58,3987.9
ORD0000870,P000006,4,339.56,1358.24
ORD0000870,P000041,4,730.28,2921.12
ORD0000871,P000005,5,202.06,1010.3
ORD0000871,P000097,5,812.5,4062.5
ORD0000871,P000088,1,730.81,730.81
ORD0000871,P000019,2,941.21,1882.42
ORD0000872,P000063,4,73.02,292.08
ORD0000872,P000040,5,852.32,4261.6
ORD0000872,P000055,5,173.18,865.9000000000001
ORD0000872,P000028,5,132.06,660.3
ORD0000873,P000020,3,15.55,46.650000000000006
ORD0000873,P000010,5,183.93,919.6500000000001
ORD0000873,P000035,1,248.76,248.76
ORD0000873,P000010,4,183.93,735.72
ORD0000873,P000068,5,453.04,2265.2000000000003
ORD0000874,P000003,4,924.38,3697.52
ORD0000874,P000018,2,261.78,523.56
ORD0000875,P000067,1,296.04,296.04
ORD0000875,P000005,5,202.06,1010.3
ORD0000875,P000089,1,385.38,385.38
ORD0000876,P000014,2,928.24,1856.48
ORD0000876,P000064,4,135.37,541.48
ORD0000876,P000090,4,890.09,3560.36
ORD0000877,P000010,3,183.93,551.79
ORD0000877,P000019,4,941.21,3764.84
ORD0000877,P000081,4,834.21,3336.84
ORD0000878,P000087,2,16.49,32.98
ORD0000878,P000087,1,16.49,16.49
ORD0000879,P000075,1,438.9,438.9
ORD0000879,P000026,1,78.71,78.71
ORD0000879,P000055,4,173.18,692.72
ORD0000880,P000001,4,571.03,2284.12
ORD0000880,P000032,4,837.84,3351.36
ORD0000880,P000057,2,124.11,248.22
ORD0000880,P000021,3,482.67,1448.01
ORD0000880,P000027,4,945.04,3780.16
ORD0000881,P000013,3,877.54,2632.62
ORD0000882,P000052,4,148.67,594.68
ORD0000882,P000031,3,91.66,274.98
ORD0000882,P000011,3,600.73,1802.19
ORD0000882,P000019,1,941.21,941.21
ORD0000882,P000035,4,248.76,995.04
ORD0000883,P000025,1,985.57,985.57
ORD0000883,P000017,4,525.47,2101.88
ORD0000883,P000076,2,171.21,342.42
ORD0000883,P000025,2,985.57,1971.14
ORD0000883,P000066,5,382.36,1911.8000000000002
ORD0000884,P000045,3,711.71,2135.13
ORD0000884,P000016,2,108.84,217.68
ORD0000884,P000002,5,665.5,3327.5
ORD0000885,P000033,1,644.39,644.39
ORD0000885,P000075,3,438.9,1316.6999999999998
ORD0000885,P000023,3,670.32,2010.96
ORD0000885,P000086,2,949.25,1898.5
ORD0000886,P000069,4,822.37,3289.48
ORD0000886,P000005,3,202.06,606.1800000000001
ORD0000887,P000074,4,915.8,3663.2
ORD0000888,P000049,1,397.95,397.95
ORD0000889,P000002,5,665.5,3327.5
ORD0000889,P000090,3,890.09,2670.27
ORD0000889,P000052,3,148.67,446.01
ORD0000890,P000084,1,205.66,205.66
ORD0000890,P000035,2,248.76,497.52
ORD0000890,P000066,1,382.36,382.36
ORD0000891,P000021,3,482.67,1448.01
ORD0000891,P000004,3,709.94,2129.82
ORD0000891,P000009,5,462.25,2311.25
ORD0000891,P000006,5,339.56,1697.8
ORD0000891,P000042,4,274.71,1098.84
ORD0000892,P000055,4,173.18,692.72
ORD0000892,P000087,4,16.49,65.96
ORD0000892,P000033,2,644.39,1288.78
ORD0000893,P000041,5,730.28,3651.3999999999996
ORD0000893,P000087,2,16.49,32.98
ORD0000893,P000093,4,475.81,1903.24
ORD0000893,P000011,4,600.73,2402.92
ORD0000894,P000002,1,665.5,665.5
ORD0000894,P000086,3,949.25,2847.75
ORD0000894,P000082,5,797.58,3987.9
ORD0000895,P000050,2,149.61,299.22
ORD0000895,P000065,2,392.5,785.0
ORD0000895,P000084,2,205.66,411.32
ORD0000895,P000039,4,929.35,3717.4
ORD0000896,P000052,2,148.67,297.34
ORD0000896,P000089,1,385.38,385.38
ORD0000896,P000033,2,644.39,1288.78
ORD0000897,P000081,5,834.21,4171.05
ORD0000897,P000012,5,770.03,3850.1499999999996
ORD0000897,P000067,1,296.04,296.04
ORD0000897,P000077,3,909.58,2728.7400000000002
ORD0000898,P000051,2,250.57,501.14
ORD0000898,P000097,1,812.5,812.5
ORD0000898,P000076,4,171.21,684.84
ORD0000898,P000006,4,339.56,1358.24
ORD0000898,P000041,1,730.28,730.28
ORD0000899,P000065,2,392.5,785.0
ORD0000899,P000029,1,96.26,96.26
ORD0000899,P000082,5,797.58,3987.9
ORD0000899,P000098,1,647.23,647.23
ORD0000900,P000064,4,135.37,541.48
ORD0000900,P000093,4,475.81,1903.24
ORD0000900,P000030,1,991.47,991.47
ORD0000901,P000081,1,834.21,834.21
ORD0000901,P000053,4,53.27,213.08
ORD0000901,P000090,3,890.09,2670.27
ORD0000901,P000002,2,665.5,1331.0
ORD0000902,P000036,1,225.58,225.58
ORD0000902,P000009,2,462.25,924.5
ORD0000903,P000100,5,776.96,3884.8
ORD0000903,P000082,2,797.58,1595.16
ORD0000903,P000009,3,462.25,1386.75
ORD0000904,P000015,2,803.01,1606.02
ORD0000904,P000078,3,475.26,1425.78
ORD0000904,P000020,2,15.55,31.1
ORD0000905,P000092,3,162.46,487.38
ORD0000905,P000073,4,122.71,490.84
ORD0000905,P000092,1,162.46,162.46
ORD0000906,P000029,4,96.26,385.04
ORD0000907,P000100,4,776.96,3107.84
ORD0000907,P000089,1,385.38,385.38
ORD0000907,P000018,3,261.78,785.3399999999999
ORD0000907,P000089,2,385.38,770.76
ORD0000908,P000073,5,122.71,613.55
ORD0000908,P000078,4,475.26,1901.04
ORD0000908,P000100,1,776.96,776.96
ORD0000909,P000087,1,16.49,16.49
ORD0000909,P000074,2,915.8,1831.6
ORD0000910,P000005,2,202.06,404.12
ORD0000910,P000072,1,841.35,841.35
ORD0000911,P000099,3,579.66,1738.98
ORD0000911,P000015,2,803.01,1606.02
ORD0000911,P000080,2,425.06,850.12
ORD0000912,P000089,2,385.38,770.76
ORD0000912,P000038,2,237.03,474.06
ORD0000912,P000082,5,797.58,3987.9
ORD0000912,P000044,5,446.54,2232.7000000000003
ORD0000912,P000064,5,135.37,676.85
ORD0000913,P000007,4,20.07,80.28
ORD0000913,P000039,3,929.35,2788.05
ORD0000913,P000059,5,225.97,1129.85
ORD0000913,P000089,4,385.38,1541.52
ORD0000913,P000040,4,852.32,3409.28
ORD0000914,P000078,3,475.26,1425.78
ORD0000914,P000031,5,91.66,458.29999999999995
ORD0000914,P000059,2,225.97,451.94
ORD0000914,P000027,5,945.04,4725.2
ORD0000915,P000026,1,78.71,78.71
ORD0000915,P000031,1,91.66,91.66
ORD0000915,P000028,2,132.06,264.12
ORD0000915,P000098,3,647.23,1941.69
ORD0000916,P000056,1,195.56,195.56
ORD0000916,P000031,3,91.66,274.98
ORD0000916,P000087,2,16.49,32.98
ORD0000917,P000083,2,854.01,1708.02
ORD0000917,P000044,3,446.54,1339.6200000000001
ORD0000917,P000052,3,148.67,446.01
ORD0000917,P000048,3,294.63,883.89
ORD0000918,P000087,1,16.49,16.49
ORD0000919,P000032,3,837.84,2513.52
ORD0000919,P000049,3,397.95,1193.85
ORD0000919,P000043,2,232.18,464.36
ORD0000919,P000065,2,392.5,785.0
ORD0000919,P000055,1,173.18,173.18
ORD0000920,P000019,1,941.21,941.21
ORD0000921,P000057,3,124.11,372.33
ORD0000922,P000069,2,822.37,1644.74
ORD0000922,P000027,2,945.04,1890.08
ORD0000923,P000093,4,475.81,1903.24
ORD0000924,P000067,3,296.04,888.1200000000001
ORD0000925,P000019,4,941.21,3764.84
ORD0000925,P000003,3,924.38,2773.14
ORD0000925,P000063,2,73.02,146.04
ORD0000925,P000045,2,711.71,1423.42
ORD0000925,P000079,3,565.57,1696.71
ORD0000926,P000041,3,730.28,2190.84
ORD0000927,P000028,2,132.06,264.12
ORD0000927,P000041,1,730.28,730.28
ORD0000928,P000086,4,949.25,3797.0
ORD0000928,P000003,5,924.38,4621.9
ORD0000929,P000050,4,149.61,598.44
ORD0000929,P000003,1,924.38,924.38
ORD0000929,P000095,2,544.11,1088.22
ORD0000930,P000003,4,924.38,3697.52
ORD0000930,P000016,2,108.84,217.68
ORD0000930,P000051,2,250.57,501.14
ORD0000930,P000006,1,339.56,339.56
ORD0000931,P000035,1,248.76,248.76
ORD0000931,P000031,5,91.66,458.29999999999995
ORD0000931,P000067,4,296.04,1184.16
ORD0000932,P000033,3,644.39,1933.17
ORD0000932,P000029,4,96.26,385.04
ORD0000932,P000093,1,475.81,475.81
ORD0000932,P000029,1,96.26,96.26
ORD0000933,P000056,5,195.56,977.8
ORD0000933,P000069,5,822.37,4111.85
ORD0000933,P000069,5,822.37,4111.85
ORD0000934,P000045,2,711.71,1423.42
ORD0000935,P000020,4,15.55,62.2
ORD0000936,P000054,1,622.14,622.14
ORD0000936,P000051,3,250.57,751.71
ORD0000936,P000001,1,571.03,571.03
ORD0000937,P000086,1,949.25,949.25
ORD0000937,P000037,1,870.37,870.37
ORD0000938,P000040,4,852.32,3409.28
ORD0000938,P000041,1,730.28,730.28
ORD0000938,P000076,2,171.21,342.42
ORD0000938,P000099,1,579.66,579.66
ORD0000939,P000057,4,124.11,496.44
ORD0000940,P000076,4,171.21,684.84
ORD0000940,P000016,5,108.84,544.2
ORD0000941,P000015,2,803.01,1606.02
ORD0000941,P000090,3,890.09,2670.27
ORD0000941,P000062,1,745.88,745.88
ORD0000941,P000040,1,852.32,852.32
ORD0000941,P000037,4,870.37,3481.48
ORD0000942,P000082,2,797.58,1595.16
ORD0000942,P000012,5,770.03,3850.1499999999996
ORD0000942,P000052,3,148.67,446.01
ORD0000943,P000043,4,232.18,928.72
ORD0000943,P000016,5,108.84,544.2
ORD0000943,P000094,2,341.12,682.24
ORD0000944,P000061,4,422.28,1689.12
ORD0000944,P000083,2,854.01,1708.02
ORD0000945,P000097,5,812.5,4062.5
ORD0000945,P000028,4,132.06,528.24
ORD0000945,P000022,5,294.77,1473.85
ORD0000945,P000011,3,600.73,1802.19
ORD0000946,P000008,2,237.9,475.8
ORD0000946,P000095,4,544.11,2176.44
ORD0000946,P000078,4,475.26,1901.04
ORD0000946,P000075,4,438.9,1755.6
ORD0000947,P000015,3,803.01,2409.0299999999997
ORD0000947,P000055,5,173.18,865.9000000000001
ORD0000947,P000018,2,261.78,523.56
ORD0000947,P000022,2,294.77,589.54
ORD0000947,P000010,5,183.93,919.6500000000001
ORD0000948,P000071,2,59.2,118.4
ORD0000948,P000009,5,462.25,2311.25
ORD0000948,P000082,2,797.58,1595.16
ORD0000948,P000058,4,473.76,1895.04
ORD0000948,P000093,1,475.81,475.81
ORD0000949,P000091,3,204.84,614.52
ORD0000949,P000052,1,148.67,148.67
ORD0000950,P000060,3,606.3,1818.8999999999999
ORD0000950,P000089,5,385.38,1926.9
ORD0000950,P000088,5,730.81,3654.0499999999997
ORD0000950,P000087,4,16.49,65.96
ORD0000950,P000019,1,941.21,941.21
ORD0000951,P000077,4,909.58,3638.32
ORD0000951,P000068,4,453.04,1812.16
ORD0000951,P000003,5,924.38,4621.9
ORD0000951,P000094,4,341.12,1364.48
ORD0000952,P000100,1,776.96,776.96
ORD0000952,P000026,3,78.71,236.13
ORD0000953,P000045,1,711.71,711.71
ORD0000953,P000050,2,149.61,299.22
ORD0000953,P000015,4,803.01,3212.04
ORD0000954,P000049,2,397.95,795.9
ORD0000954,P000016,2,108.84,217.68
ORD0000954,P000037,1,870.37,870.37
ORD0000954,P000027,5,945.04,4725.2
ORD0000954,P000053,4,53.27,213.08
ORD0000955,P000058,5,473.76,2368.8
ORD0000956,P000004,3,709.94,2129.82
ORD0000956,P000001,3,571.03,1713.09
ORD0000956,P000035,3,248.76,746.28
ORD0000956,P000056,3,195.56,586.6800000000001
ORD0000957,P000046,3,580.21,1740.63
ORD0000957,P000038,1,237.03,237.03
ORD0000957,P000016,3,108.84,326.52
ORD0000957,P000028,2,132.06,264.12
ORD0000957,P000037,5,870.37,4351.85
ORD0000958,P000007,3,20.07,60.21
ORD0000958,P000003,4,924.38,3697.52
ORD0000958,P000017,1,525.47,525.47
ORD0000958,P000033,3,644.39,1933.17
ORD0000959,P000052,3,148.67,446.01
ORD0000960,P000086,2,949.25,1898.5
ORD0000960,P000022,3,294.77,884.31
ORD0000960,P000020,1,15.55,15.55
ORD0000960,P000044,4,446.54,1786.16
ORD0000960,P000037,3,870.37,2611.11
ORD0000961,P000016,3,108.84,326.52
ORD0000961,P000059,1,225.97,225.97
ORD0000961,P000070,1,692.24,692.24
ORD0000962,P000073,4,122.71,490.84
ORD0000963,P000026,2,78.71,157.42
ORD0000963,P000040,5,852.32,4261.6
ORD0000963,P000052,5,148.67,743.3499999999999
ORD0000963,P000024,3,33.52,100.56
ORD0000963,P000068,1,453.04,453.04
ORD0000964,P000056,3,195.56,586.6800000000001
ORD0000964,P000060,3,606.3,1818.8999999999999
ORD0000965,P000095,1,544.11,544.11
ORD0000965,P000090,2,890.09,1780.18
ORD0000965,P000022,5,294.77,1473.85
ORD0000965,P000042,3,274.71,824.1299999999999
ORD0000965,P000011,3,600.73,1802.19
ORD0000966,P000032,1,837.84,837.84
ORD0000966,P000058,4,473.76,1895.04
ORD0000966,P000040,3,852.32,2556.96
ORD0000966,P000074,4,915.8,3663.2
ORD0000967,P000071,4,59.2,236.8
ORD0000967,P000060,3,606.3,1818.8999999999999
ORD0000967,P000075,3,438.9,1316.6999999999998
ORD0000967,P000051,1,250.57,250.57
ORD0000968,P000047,1,142.41,142.41
ORD0000968,P000015,3,803.01,2409.0299999999997
ORD0000968,P000074,3,915.8,2747.3999999999996
ORD0000968,P000084,1,205.66,205.66
ORD0000968,P000098,1,647.23,647.23
ORD0000969,P000023,1,670.32,670.32
ORD0000969,P000008,3,237.9,713.7
ORD0000969,P000066,4,382.36,1529.44
ORD0000970,P000068,4,453.04,1812.16
ORD0000971,P000073,3,122.71,368.13
ORD0000972,P000041,4,730.28,2921.12
ORD0000972,P000069,3,822.37,2467.11
ORD0000972,P000079,4,565.57,2262.28
ORD0000973,P000074,3,915.8,2747.3999999999996
ORD0000973,P000037,5,870.37,4351.85
ORD0000973,P000074,3,915.8,2747.3999999999996
ORD0000973,P000061,2,422.28,844.56
ORD0000974,P000011,4,600.73,2402.92
ORD0000974,P000054,5,622.14,3110.7
ORD0000975,P000060,5,606.3,3031.5
ORD0000975,P000039,5,929.35,4646.75
ORD0000976,P000057,5,124.11,620.55
ORD0000976,P000057,3,124.11,372.33
ORD0000976,P000033,3,644.39,1933.17
ORD0000976,P000093,3,475.81,1427.43
ORD0000977,P000094,4,341.12,1364.48
ORD0000977,P000096,3,118.09,354.27
ORD0000977,P000009,4,462.25,1849.0
ORD0000977,P000089,2,385.38,770.76
ORD0000978,P000069,4,822.37,3289.48
ORD0000978,P000072,3,841.35,2524.05
ORD0000978,P000088,2,730.81,1461.62
ORD0000978,P000069,5,822.37,4111.85
ORD0000978,P000043,1,232.18,232.18
ORD0000979,P000071,5,59.2,296.0
ORD0000979,P000009,4,462.25,1849.0
ORD0000979,P000067,3,296.04,888.1200000000001
ORD0000979,P000026,5,78.71,393.54999999999995
ORD0000980,P000066,5,382.36,1911.8000000000002
ORD0000980,P000003,4,924.38,3697.52
ORD0000980,P000048,1,294.63,294.63
ORD0000980,P000083,5,854.01,4270.05
ORD0000980,P000037,5,870.37,4351.85
ORD0000981,P000094,5,341.12,1705.6
ORD0000981,P000056,3,195.56,586.6800000000001
ORD0000981,P000091,1,204.84,204.84
ORD0000981,P000098,1,647.23,647.23
ORD0000982,P000050,4,149.61,598.44
ORD0000982,P000017,3,525.47,1576.41
ORD0000983,P000014,1,928.24,928.24
ORD0000984,P000054,2,622.14,1244.28
ORD0000984,P000007,1,20.07,20.07
ORD0000984,P000078,4,475.26,1901.04
ORD0000985,P000036,2,225.58,451.16
ORD0000985,P000025,2,985.57,1971.14
ORD0000985,P000065,3,392.5,1177.5
ORD0000985,P000056,5,195.56,977.8
ORD0000986,P000091,3,204.84,614.52
ORD0000986,P000076,3,171.21,513.63
ORD0000986,P000041,2,730.28,1460.56
ORD0000986,P000002,3,665.5,1996.5
ORD0000986,P000049,4,397.95,1591.8
ORD0000987,P000051,2,250.57,501.14
ORD0000987,P000031,3,91.66,274.98
ORD0000987,P000065,3,392.5,1177.5
ORD0000987,P000047,3,142.41,427.23
ORD0000988,P000072,1,841.35,841.35
ORD0000988,P000033,4,644.39,2577.56
ORD0000988,P000021,3,482.67,1448.01
ORD0000988,P000003,2,924.38,1848.76
ORD0000989,P000004,2,709.94,1419.88
ORD0000989,P000070,3,692.24,2076.7200000000003
ORD0000990,P000060,4,606.3,2425.2
ORD0000991,P000038,4,237.03,948.12
ORD0000991,P000100,4,776.96,3107.84
ORD0000992,P000060,1,606.3,606.3
ORD0000993,P000082,2,797.58,1595.16
ORD0000993,P000056,5,195.56,977.8
ORD0000993,P000020,1,15.55,15.55
ORD0000994,P000008,1,237.9,237.9
ORD0000994,P000100,5,776.96,3884.8
ORD0000994,P000047,4,142.41,569.64
ORD0000995,P000042,1,274.71,274.71
ORD0000996,P000054,4,622.14,2488.56
ORD0000996,P000093,2,475.81,951.62
ORD0000996,P000031,5,91.66,458.29999999999995
ORD0000996,P000050,4,149.61,598.44
ORD0000997,P000093,5,475.81,2379.05
ORD0000997,P000024,5,33.52,167.60000000000002
ORD0000997,P000090,3,890.09,2670.27
ORD0000997,P000020,5,15.55,77.75
ORD0000997,P000093,2,475.81,951.62
ORD0000998,P000038,2,237.03,474.06
ORD0000998,P000034,1,927.37,927.37
ORD0000998,P000065,5,392.5,1962.5
ORD0000998,P000061,2,422.28,844.56
ORD0000998,P000010,2,183.93,367.86
ORD0000999,P000048,4,294.63,1178.52
ORD0000999,P000025,5,985.57,4927.85
ORD0001000,P000063,1,73.02,73.02
ORD0001001,P000077,1,909.58,909.58
ORD0001001,P000059,3,225.97,677.91
ORD0001002,P000093,5,475.81,2379.05
ORD0001002,P000062,2,745.88,1491.76
ORD0001002,P000003,3,924.38,2773.14
ORD0001003,P000017,2,525.47,1050.94
ORD0001004,P000074,3,915.8,2747.3999999999996
ORD0001004,P000084,3,205.66,616.98
ORD0001004,P000058,3,473.76,1421.28
ORD0001005,P000095,5,544.11,2720.55
ORD0001005,P000014,2,928.24,1856.48
ORD0001005,P000079,4,565.57,2262.28
ORD0001005,P000047,4,142.41,569.64
ORD0001005,P000058,4,473.76,1895.04
ORD0001006,P000095,5,544.11,2720.55
ORD0001006,P000067,4,296.04,1184.16
ORD0001006,P000096,4,118.09,472.36
ORD0001007,P000024,5,33.52,167.60000000000002
ORD0001007,P000082,2,797.58,1595.16
ORD0001007,P000040,1,852.32,852.32
ORD0001007,P000099,3,579.66,1738.98
ORD0001008,P000026,3,78.71,236.13
ORD0001008,P000027,5,945.04,4725.2
ORD0001008,P000032,4,837.84,3351.36
ORD0001009,P000024,2,33.52,67.04
ORD0001009,P000091,5,204.84,1024.2
ORD0001009,P000035,4,248.76,995.04
ORD0001009,P000077,4,909.58,3638.32
ORD0001009,P000018,3,261.78,785.3399999999999
ORD0001010,P000080,5,425.06,2125.3
ORD0001011,P000028,4,132.06,528.24
ORD0001011,P000079,5,565.57,2827.8500000000004
ORD0001012,P000009,3,462.25,1386.75
ORD0001012,P000057,1,124.11,124.11
ORD0001012,P000074,4,915.8,3663.2
ORD0001013,P000029,1,96.26,96.26
ORD0001013,P000020,2,15.55,31.1
ORD0001013,P000043,2,232.18,464.36
ORD0001013,P000015,3,803.01,2409.0299999999997
ORD0001014,P000021,5,482.67,2413.35
ORD0001014,P000036,5,225.58,1127.9
ORD0001014,P000058,1,473.76,473.76
ORD0001014,P000001,1,571.03,571.03
ORD0001014,P000026,4,78.71,314.84
ORD0001015,P000055,3,173.18,519.54
ORD0001015,P000031,1,91.66,91.66
ORD0001015,P000089,4,385.38,1541.52
ORD0001015,P000050,3,149.61,448.83000000000004
ORD0001016,P000055,4,173.18,692.72
ORD0001017,P000057,1,124.11,124.11
ORD0001017,P000050,2,149.61,299.22
ORD0001017,P000063,5,73.02,365.09999999999997
ORD0001017,P000034,3,927.37,2782.11
ORD0001018,P000066,1,382.36,382.36
ORD0001018,P000031,2,91.66,183.32
ORD0001018,P000014,5,928.24,4641.2
ORD0001019,P000015,5,803.01,4015.05
ORD0001019,P000035,4,248.76,995.04
ORD0001019,P000033,2,644.39,1288.78
ORD0001019,P000015,2,803.01,1606.02
ORD0001019,P000081,3,834.21,2502.63
ORD0001020,P000009,4,462.25,1849.0
ORD0001021,P000022,2,294.77,589.54
ORD0001021,P000048,5,294.63,1473.15
ORD0001021,P000042,2,274.71,549.42
ORD0001022,P000009,1,462.25,462.25
ORD0001022,P000038,4,237.03,948.12
ORD0001022,P000032,4,837.84,3351.36
ORD0001022,P000094,1,341.12,341.12
ORD0001023,P000037,4,870.37,3481.48
ORD0001023,P000066,2,382.36,764.72
ORD0001023,P000011,1,600.73,600.73
ORD0001024,P000070,5,692.24,3461.2
ORD0001024,P000064,3,135.37,406.11
ORD0001024,P000068,4,453.04,1812.16
ORD0001024,P000046,1,580.21,580.21
ORD0001025,P000036,1,225.58,225.58
ORD0001025,P000079,2,565.57,1131.14
ORD0001025,P000067,4,296.04,1184.16
ORD0001026,P000062,2,745.88,1491.76
ORD0001026,P000024,1,33.52,33.52
ORD0001026,P000008,2,237.9,475.8
ORD0001026,P000016,1,108.84,108.84
ORD0001027,P000046,1,580.21,580.21
ORD0001028,P000079,3,565.57,1696.71
ORD0001028,P000078,3,475.26,1425.78
ORD0001028,P000017,1,525.47,525.47
ORD0001028,P000082,4,797.58,3190.32
ORD0001029,P000042,5,274.71,1373.55
ORD0001030,P000086,1,949.25,949.25
ORD0001031,P000051,1,250.57,250.57
ORD0001031,P000034,2,927.37,1854.74
ORD0001031,P000080,4,425.06,1700.24
ORD0001031,P000018,4,261.78,1047.12
ORD0001032,P000008,5,237.9,1189.5
ORD0001032,P000039,5,929.35,4646.75
ORD0001032,P000094,5,341.12,1705.6
ORD0001032,P000023,1,670.32,670.32
ORD0001033,P000072,4,841.35,3365.4
ORD0001033,P000080,3,425.06,1275.18
ORD0001033,P000063,4,73.02,292.08
ORD0001033,P000074,5,915.8,4579.0
ORD0001033,P000077,2,909.58,1819.16
ORD0001034,P000018,1,261.78,261.78
ORD0001034,P000076,5,171.21,856.0500000000001
ORD0001034,P000009,1,462.25,462.25
ORD0001034,P000055,5,173.18,865.9000000000001
ORD0001035,P000051,4,250.57,1002.28
ORD0001035,P000011,5,600.73,3003.65
ORD0001035,P000085,3,591.78,1775.34
ORD0001035,P000008,2,237.9,475.8
ORD0001035,P000027,1,945.04,945.04
ORD0001036,P000020,4,15.55,62.2
ORD0001036,P000043,4,232.18,928.72
ORD0001036,P000061,4,422.28,1689.12
ORD0001036,P000085,1,591.78,591.78
ORD0001036,P000041,5,730.28,3651.3999999999996
ORD0001037,P000003,1,924.38,924.38
ORD0001037,P000065,4,392.5,1570.0
ORD0001037,P000078,3,475.26,1425.78
ORD0001037,P000080,2,425.06,850.12
ORD0001038,P000028,5,132.06,660.3
ORD0001038,P000046,3,580.21,1740.63
ORD0001039,P000065,4,392.5,1570.0
ORD0001039,P000045,2,711.71,1423.42
ORD0001040,P000019,5,941.21,4706.05
ORD0001040,P000009,4,462.25,1849.0
ORD0001040,P000031,2,91.66,183.32
ORD0001040,P000010,4,183.93,735.72
ORD0001040,P000044,5,446.54,2232.7000000000003
ORD0001041,P000015,3,803.01,2409.0299999999997
ORD0001042,P000092,5,162.46,812.3000000000001
ORD0001043,P000092,4,162.46,649.84
ORD0001043,P000023,1,670.32,670.32
ORD0001043,P000084,2,205.66,411.32
ORD0001043,P000030,5,991.47,4957.35
ORD0001044,P000074,2,915.8,1831.6
ORD0001044,P000005,1,202.06,202.06
ORD0001044,P000064,2,135.37,270.74
ORD0001045,P000048,4,294.63,1178.52
ORD0001045,P000090,3,890.09,2670.27
ORD0001046,P000062,3,745.88,2237.64
ORD0001046,P000077,3,909.58,2728.7400000000002
ORD0001046,P000031,1,91.66,91.66
ORD0001047,P000083,1,854.01,854.01
ORD0001047,P000064,5,135.37,676.85
ORD0001047,P000036,2,225.58,451.16
ORD0001047,P000050,2,149.61,299.22
ORD0001047,P000034,3,927.37,2782.11
ORD0001048,P000032,3,837.84,2513.52
ORD0001048,P000080,4,425.06,1700.24
ORD0001048,P000003,2,924.38,1848.76
ORD0001049,P000064,1,135.37,135.37
ORD0001050,P000049,5,397.95,1989.75
ORD0001050,P000072,2,841.35,1682.7
ORD0001051,P000039,2,929.35,1858.7
ORD0001051,P000082,1,797.58,797.58
ORD0001051,P000039,3,929.35,2788.05
ORD0001052,P000010,5,183.93,919.6500000000001
ORD0001052,P000071,1,59.2,59.2
ORD0001052,P000043,2,232.18,464.36
ORD0001052,P000016,5,108.84,544.2
ORD0001052,P000058,2,473.76,947.52
ORD0001053,P000075,5,438.9,2194.5
ORD0001053,P000006,4,339.56,1358.24
ORD0001054,P000042,5,274.71,1373.55
ORD0001054,P000017,3,525.47,1576.41
ORD0001054,P000092,5,162.46,812.3000000000001
ORD0001054,P000048,3,294.63,883.89
ORD0001054,P000085,1,591.78,591.78
ORD0001055,P000077,1,909.58,909.58
ORD0001056,P000002,5,665.5,3327.5
ORD0001056,P000074,2,915.8,1831.6
ORD0001057,P000096,3,118.09,354.27
ORD0001057,P000057,2,124.11,248.22
ORD0001057,P000061,4,422.28,1689.12
ORD0001057,P000051,4,250.57,1002.28
ORD0001057,P000030,2,991.47,1982.94
ORD0001058,P000047,5,142.41,712.05
ORD0001059,P000055,3,173.18,519.54
ORD0001059,P000017,5,525.47,2627.3500000000004
ORD0001059,P000081,3,834.21,2502.63
ORD0001059,P000023,3,670.32,2010.96
ORD0001059,P000012,3,770.03,2310.09
ORD0001060,P000090,5,890.09,4450.45
ORD0001060,P000073,3,122.71,368.13
ORD0001060,P000070,1,692.24,692.24
ORD0001060,P000065,2,392.5,785.0
ORD0001061,P000032,1,837.84,837.84
ORD0001062,P000047,5,142.41,712.05
ORD0001062,P000025,2,985.57,1971.14
ORD0001062,P000036,1,225.58,225.58
ORD0001062,P000058,5,473.76,2368.8
ORD0001063,P000020,1,15.55,15.55
ORD0001063,P000093,3,475.81,1427.43
ORD0001063,P000060,5,606.3,3031.5
ORD0001064,P000003,2,924.38,1848.76
ORD0001064,P000090,4,890.09,3560.36
ORD0001065,P000078,3,475.26,1425.78
ORD0001065,P000097,3,812.5,2437.5
ORD0001065,P000090,5,890.09,4450.45
ORD0001065,P000025,5,985.57,4927.85
ORD0001065,P000002,2,665.5,1331.0
ORD0001066,P000072,5,841.35,4206.75
ORD0001066,P000014,2,928.24,1856.48
ORD0001066,P000015,3,803.01,2409.0299999999997
ORD0001066,P000050,5,149.61,748.0500000000001
ORD0001066,P000073,5,122.71,613.55
ORD0001067,P000086,3,949.25,2847.75
ORD0001067,P000100,4,776.96,3107.84
ORD0001068,P000063,1,73.02,73.02
ORD0001068,P000053,1,53.27,53.27
ORD0001068,P000011,2,600.73,1201.46
ORD0001068,P000042,5,274.71,1373.55
ORD0001068,P000094,5,341.12,1705.6
ORD0001069,P000074,5,915.8,4579.0
ORD0001069,P000077,3,909.58,2728.7400000000002
ORD0001069,P000061,3,422.28,1266.84
ORD0001069,P000008,5,237.9,1189.5
ORD0001069,P000072,1,841.35,841.35
ORD0001070,P000088,2,730.81,1461.62
ORD0001071,P000059,1,225.97,225.97
ORD0001071,P000002,5,665.5,3327.5
ORD0001071,P000032,4,837.84,3351.36
ORD0001072,P000087,1,16.49,16.49
ORD0001072,P000078,1,475.26,475.26
ORD0001072,P000087,1,16.49,16.49
ORD0001072,P000065,5,392.5,1962.5
ORD0001072,P000070,4,692.24,2768.96
ORD0001073,P000069,5,822.37,4111.85
ORD0001073,P000017,3,525.47,1576.41
ORD0001074,P000086,4,949.25,3797.0
ORD0001074,P000035,4,248.76,995.04
ORD0001074,P000062,3,745.88,2237.64
ORD0001075,P000010,1,183.93,183.93
ORD0001076,P000085,4,591.78,2367.12
ORD0001076,P000079,2,565.57,1131.14
ORD0001077,P000078,3,475.26,1425.78
ORD0001077,P000050,5,149.61,748.0500000000001
ORD0001078,P000025,2,985.57,1971.14
ORD0001078,P000033,2,644.39,1288.78
ORD0001079,P000038,3,237.03,711.09
ORD0001079,P000002,3,665.5,1996.5
ORD0001079,P000084,1,205.66,205.66
ORD0001080,P000096,3,118.09,354.27
ORD0001080,P000094,1,341.12,341.12
ORD0001081,P000091,3,204.84,614.52
ORD0001081,P000086,5,949.25,4746.25
ORD0001081,P000044,4,446.54,1786.16
ORD0001081,P000010,4,183.93,735.72
ORD0001082,P000061,2,422.28,844.56
ORD0001082,P000040,5,852.32,4261.6
ORD0001082,P000011,5,600.73,3003.65
ORD0001082,P000069,1,822.37,822.37
ORD0001083,P000025,3,985.57,2956.71
ORD0001084,P000045,2,711.71,1423.42
ORD0001084,P000096,1,118.09,118.09
ORD0001084,P000049,2,397.95,795.9
ORD0001084,P000070,3,692.24,2076.7200000000003
ORD0001085,P000021,3,482.67,1448.01
ORD0001085,P000097,5,812.5,4062.5
ORD0001085,P000005,4,202.06,808.24
ORD0001085,P000041,1,730.28,730.28
ORD0001085,P000045,1,711.71,711.71
ORD0001086,P000017,5,525.47,2627.3500000000004
ORD0001087,P000074,2,915.8,1831.6
ORD0001087,P000069,4,822.37,3289.48
ORD0001088,P000021,5,482.67,2413.35
ORD0001088,P000015,5,803.01,4015.05
ORD0001088,P000054,2,622.14,1244.28
ORD0001089,P000045,1,711.71,711.71
ORD0001089,P000081,3,834.21,2502.63
ORD0001089,P000032,4,837.84,3351.36
ORD0001090,P000070,4,692.24,2768.96
ORD0001090,P000060,1,606.3,606.3
ORD0001091,P000018,4,261.78,1047.12
ORD0001092,P000024,2,33.52,67.04
ORD0001092,P000019,5,941.21,4706.05
ORD0001092,P000030,5,991.47,4957.35
ORD0001092,P000040,5,852.32,4261.6
ORD0001092,P000038,3,237.03,711.09
ORD0001093,P000017,4,525.47,2101.88
ORD0001093,P000052,3,148.67,446.01
ORD0001093,P000049,3,397.95,1193.85
ORD0001093,P000033,2,644.39,1288.78
ORD0001093,P000010,1,183.93,183.93
ORD0001094,P000021,4,482.67,1930.68
ORD0001094,P000085,2,591.78,1183.56
ORD0001094,P000083,1,854.01,854.01
ORD0001094,P000091,5,204.84,1024.2
ORD0001095,P000015,2,803.01,1606.02
ORD0001095,P000094,4,341.12,1364.48
ORD0001095,P000016,4,108.84,435.36
ORD0001095,P000099,3,579.66,1738.98
ORD0001095,P000079,4,565.57,2262.28
ORD0001096,P000029,1,96.26,96.26
ORD0001096,P000073,5,122.71,613.55
ORD0001096,P000008,2,237.9,475.8
ORD0001097,P000073,3,122.71,368.13
ORD0001097,P000021,4,482.67,1930.68
ORD0001098,P000008,5,237.9,1189.5
ORD0001098,P000082,3,797.58,2392.7400000000002
ORD0001099,P000062,3,745.88,2237.64
ORD0001100,P000038,1,237.03,237.03
ORD0001100,P000062,4,745.88,2983.52
ORD0001100,P000067,5,296.04,1480.2
ORD0001100,P000008,5,237.9,1189.5
ORD0001100,P000037,1,870.37,870.37
ORD0001101,P000034,3,927.37,2782.11
ORD0001101,P000072,4,841.35,3365.4
ORD0001102,P000030,5,991.47,4957.35
ORD0001102,P000098,2,647.23,1294.46
ORD0001102,P000057,5,124.11,620.55
ORD0001102,P000062,4,745.88,2983.52
ORD0001103,P000004,5,709.94,3549.7000000000003
ORD0001103,P000017,2,525.47,1050.94
ORD0001103,P000033,5,644.39,3221.95
ORD0001103,P000033,1,644.39,644.39
ORD0001103,P000036,2,225.58,451.16
ORD0001104,P000048,5,294.63,1473.15
ORD0001104,P000013,2,877.54,1755.08
ORD0001104,P000074,1,915.8,915.8
ORD0001104,P000055,3,173.18,519.54
ORD0001105,P000070,4,692.24,2768.96
ORD0001105,P000081,4,834.21,3336.84
ORD0001105,P000078,4,475.26,1901.04
ORD0001105,P000095,5,544.11,2720.55
ORD0001106,P000087,2,16.49,32.98
ORD0001106,P000096,3,118.09,354.27
ORD0001107,P000098,2,647.23,1294.46
ORD0001107,P000079,1,565.57,565.57
ORD0001108,P000068,3,453.04,1359.1200000000001
ORD0001109,P000059,2,225.97,451.94
ORD0001110,P000029,4,96.26,385.04
ORD0001110,P000090,5,890.09,4450.45
ORD0001110,P000066,3,382.36,1147.08
ORD0001111,P000009,3,462.25,1386.75
ORD0001112,P000054,5,622.14,3110.7
ORD0001112,P000044,1,446.54,446.54
ORD0001112,P000005,5,202.06,1010.3
ORD0001112,P000038,4,237.03,948.12
ORD0001112,P000017,4,525.47,2101.88
ORD0001113,P000016,3,108.84,326.52
ORD0001113,P000078,4,475.26,1901.04
ORD0001114,P000044,2,446.54,893.08
ORD0001114,P000070,3,692.24,2076.7200000000003
ORD0001114,P000090,3,890.09,2670.27
ORD0001114,P000082,2,797.58,1595.16
ORD0001115,P000100,2,776.96,1553.92
ORD0001116,P000021,1,482.67,482.67
ORD0001117,P000098,1,647.23,647.23
ORD0001118,P000034,3,927.37,2782.11
ORD0001118,P000043,2,232.18,464.36
ORD0001118,P000030,3,991.47,2974.41
ORD0001119,P000017,1,525.47,525.47
ORD0001119,P000057,3,124.11,372.33
ORD0001119,P000066,1,382.36,382.36
ORD0001119,P000017,5,525.47,2627.3500000000004
ORD0001119,P000024,3,33.52,100.56
ORD0001120,P000087,5,16.49,82.44999999999999
ORD0001120,P000100,2,776.96,1553.92
ORD0001120,P000018,2,261.78,523.56
ORD0001120,P000069,1,822.37,822.37
ORD0001121,P000053,3,53.27,159.81
ORD0001122,P000028,1,132.06,132.06
ORD0001122,P000084,3,205.66,616.98
ORD0001123,P000069,5,822.37,4111.85
ORD0001123,P000031,4,91.66,366.64
ORD0001123,P000031,1,91.66,91.66
ORD0001123,P000031,3,91.66,274.98
ORD0001123,P000011,1,600.73,600.73
ORD0001124,P000089,1,385.38,385.38
ORD0001125,P000050,2,149.61,299.22
ORD0001125,P000023,5,670.32,3351.6000000000004
ORD0001125,P000040,1,852.32,852.32
ORD0001125,P000096,4,118.09,472.36
ORD0001126,P000004,5,709.94,3549.7000000000003
ORD0001126,P000020,2,15.55,31.1
ORD0001126,P000079,4,565.57,2262.28
ORD0001126,P000022,1,294.77,294.77
ORD0001126,P000073,3,122.71,368.13
ORD0001127,P000069,5,822.37,4111.85
ORD0001127,P000083,3,854.01,2562.0299999999997
ORD0001127,P000019,1,941.21,941.21
ORD0001127,P000066,1,382.36,382.36
ORD0001127,P000004,4,709.94,2839.76
ORD0001128,P000031,5,91.66,458.29999999999995
ORD0001129,P000021,2,482.67,965.34
ORD0001129,P000070,4,692.24,2768.96
ORD0001129,P000040,3,852.32,2556.96
ORD0001129,P000038,4,237.03,948.12
ORD0001130,P000065,5,392.5,1962.5
ORD0001130,P000087,1,16.49,16.49
ORD0001131,P000004,3,709.94,2129.82
ORD0001131,P000092,3,162.46,487.38
ORD0001132,P000053,4,53.27,213.08
ORD0001133,P000007,3,20.07,60.21
ORD0001134,P000035,5,248.76,1243.8
ORD0001135,P000024,1,33.52,33.52
ORD0001135,P000003,2,924.38,1848.76
ORD0001135,P000076,4,171.21,684.84
ORD0001135,P000007,5,20.07,100.35
ORD0001135,P000016,4,108.84,435.36
ORD0001136,P000068,3,453.04,1359.1200000000001
ORD0001137,P000057,5,124.11,620.55
ORD0001138,P000094,2,341.12,682.24
ORD0001138,P000011,2,600.73,1201.46
ORD0001138,P000013,1,877.54,877.54
ORD0001138,P000043,2,232.18,464.36
ORD0001139,P000076,3,171.21,513.63
ORD0001139,P000091,4,204.84,819.36
ORD0001139,P000079,4,565.57,2262.28
ORD0001139,P000086,1,949.25,949.25
ORD0001139,P000012,5,770.03,3850.1499999999996
ORD0001140,P000030,3,991.47,2974.41
ORD0001141,P000024,1,33.52,33.52
ORD0001141,P000069,2,822.37,1644.74
ORD0001142,P000009,3,462.25,1386.75
ORD0001142,P000094,2,341.12,682.24
ORD0001143,P000011,3,600.73,1802.19
ORD0001143,P000072,1,841.35,841.35
ORD0001143,P000002,2,665.5,1331.0
ORD0001143,P000059,1,225.97,225.97
ORD0001144,P000023,2,670.32,1340.64
ORD0001144,P000053,4,53.27,213.08
ORD0001144,P000093,1,475.81,475.81
ORD0001144,P000046,3,580.21,1740.63
ORD0001144,P000067,3,296.04,888.1200000000001
ORD0001145,P000065,2,392.5,785.0
ORD0001145,P000042,4,274.71,1098.84
ORD0001145,P000032,4,837.84,3351.36
ORD0001146,P000091,3,204.84,614.52
ORD0001146,P000035,5,248.76,1243.8
ORD0001147,P000068,1,453.04,453.04
ORD0001147,P000037,4,870.37,3481.48
ORD0001147,P000001,4,571.03,2284.12
ORD0001148,P000001,5,571.03,2855.1499999999996
ORD0001148,P000011,4,600.73,2402.92
ORD0001149,P000054,3,622.14,1866.42
ORD0001149,P000054,4,622.14,2488.56
ORD0001149,P000048,1,294.63,294.63
ORD0001149,P000039,5,929.35,4646.75
ORD0001149,P000011,2,600.73,1201.46
ORD0001150,P000026,2,78.71,157.42
ORD0001151,P000006,5,339.56,1697.8
ORD0001151,P000040,1,852.32,852.32
ORD0001151,P000024,3,33.52,100.56
ORD0001151,P000079,1,565.57,565.57
ORD0001151,P000017,2,525.47,1050.94
ORD0001152,P000055,2,173.18,346.36
ORD0001152,P000061,1,422.28,422.28
ORD0001153,P000068,5,453.04,2265.2000000000003
ORD0001153,P000095,1,544.11,544.11
ORD0001153,P000085,3,591.78,1775.34
ORD0001154,P000093,4,475.81,1903.24
ORD0001154,P000010,3,183.93,551.79
ORD0001154,P000039,1,929.35,929.35
ORD0001154,P000002,4,665.5,2662.0
ORD0001154,P000066,1,382.36,382.36
ORD0001155,P000001,5,571.03,2855.1499999999996
ORD0001155,P000048,4,294.63,1178.52
ORD0001155,P000023,3,670.32,2010.96
ORD0001155,P000096,4,118.09,472.36
ORD0001155,P000080,5,425.06,2125.3
ORD0001156,P000018,4,261.78,1047.12
ORD0001156,P000023,5,670.32,3351.6000000000004
ORD0001157,P000058,3,473.76,1421.28
ORD0001157,P000012,5,770.03,3850.1499999999996
ORD0001157,P000037,5,870.37,4351.85
ORD0001158,P000054,2,622.14,1244.28
ORD0001158,P000019,3,941.21,2823.63
ORD0001158,P000029,2,96.26,192.52
ORD0001159,P000094,5,341.12,1705.6
ORD0001159,P000045,5,711.71,3558.55
ORD0001159,P000059,1,225.97,225.97
ORD0001160,P000081,5,834.21,4171.05
ORD0001160,P000039,3,929.35,2788.05
ORD0001160,P000044,3,446.54,1339.6200000000001
ORD0001160,P000026,3,78.71,236.13
ORD0001160,P000090,2,890.09,1780.18
ORD0001161,P000040,2,852.32,1704.64
ORD0001161,P000014,5,928.24,4641.2
ORD0001161,P000006,2,339.56,679.12
ORD0001162,P000039,5,929.35,4646.75
ORD0001162,P000097,4,812.5,3250.0
ORD0001163,P000045,3,711.71,2135.13
ORD0001163,P000043,3,232.18,696.54
ORD0001164,P000071,4,59.2,236.8
ORD0001164,P000068,2,453.04,906.08
ORD0001164,P000007,3,20.07,60.21
ORD0001164,P000097,2,812.5,1625.0
ORD0001164,P000075,4,438.9,1755.6
ORD0001165,P000009,3,462.25,1386.75
ORD0001165,P000004,3,709.94,2129.82
ORD0001166,P000035,3,248.76,746.28
ORD0001166,P000040,1,852.32,852.32
ORD0001167,P000089,5,385.38,1926.9
ORD0001167,P000040,4,852.32,3409.28
ORD0001167,P000072,2,841.35,1682.7
ORD0001167,P000068,1,453.04,453.04
ORD0001168,P000014,2,928.24,1856.48
ORD0001168,P000089,3,385.38,1156.1399999999999
ORD0001168,P000025,3,985.57,2956.71
ORD0001168,P000043,2,232.18,464.36
ORD0001169,P000070,5,692.24,3461.2
ORD0001170,P000077,5,909.58,4547.900000000001
ORD0001171,P000065,2,392.5,785.0
ORD0001171,P000055,2,173.18,346.36
ORD0001171,P000045,1,711.71,711.71
ORD0001171,P000097,5,812.5,4062.5
ORD0001172,P000061,1,422.28,422.28
ORD0001172,P000006,4,339.56,1358.24
ORD0001173,P000023,1,670.32,670.32
ORD0001173,P000063,3,73.02,219.06
ORD0001173,P000058,2,473.76,947.52
ORD0001173,P000047,2,142.41,284.82
ORD0001174,P000047,1,142.41,142.41
ORD0001174,P000074,1,915.8,915.8
ORD0001175,P000072,2,841.35,1682.7
ORD0001176,P000043,1,232.18,232.18
ORD0001176,P000013,5,877.54,4387.7
ORD0001177,P000049,4,397.95,1591.8
ORD0001177,P000001,2,571.03,1142.06
ORD0001178,P000078,3,475.26,1425.78
ORD0001178,P000097,5,812.5,4062.5
ORD0001178,P000040,3,852.32,2556.96
ORD0001179,P000017,1,525.47,525.47
ORD0001179,P000053,1,53.27,53.27
ORD0001179,P000100,5,776.96,3884.8
ORD0001180,P000047,5,142.41,712.05
ORD0001181,P000081,3,834.21,2502.63
ORD0001181,P000002,3,665.5,1996.5
ORD0001181,P000100,5,776.96,3884.8
ORD0001182,P000100,2,776.96,1553.92
ORD0001183,P000045,3,711.71,2135.13
ORD0001183,P000037,5,870.37,4351.85
ORD0001183,P000085,1,591.78,591.78
ORD0001183,P000004,5,709.94,3549.7000000000003
ORD0001183,P000015,5,803.01,4015.05
ORD0001184,P000004,5,709.94,3549.7000000000003
ORD0001185,P000077,5,909.58,4547.900000000001
ORD0001185,P000021,3,482.67,1448.01
ORD0001185,P000088,3,730.81,2192.43
ORD0001185,P000020,3,15.55,46.650000000000006
ORD0001185,P000026,4,78.71,314.84
ORD0001186,P000074,2,915.8,1831.6
ORD0001186,P000015,3,803.01,2409.0299999999997
ORD0001186,P000079,3,565.57,1696.71
ORD0001187,P000024,3,33.52,100.56
ORD0001187,P000031,5,91.66,458.29999999999995
ORD0001187,P000052,1,148.67,148.67
ORD0001188,P000100,4,776.96,3107.84
ORD0001188,P000047,1,142.41,142.41
ORD0001188,P000063,3,73.02,219.06
ORD0001189,P000020,5,15.55,77.75
ORD0001189,P000084,1,205.66,205.66
ORD0001190,P000098,5,647.23,3236.15
ORD0001191,P000051,2,250.57,501.14
ORD0001191,P000042,4,274.71,1098.84
ORD0001191,P000065,3,392.5,1177.5
ORD0001192,P000029,5,96.26,481.3
ORD0001193,P000044,4,446.54,1786.16
ORD0001194,P000008,4,237.9,951.6
ORD0001194,P000060,4,606.3,2425.2
ORD0001194,P000002,1,665.5,665.5
ORD0001194,P000076,3,171.21,513.63
ORD0001194,P000062,3,745.88,2237.64
ORD0001195,P000061,4,422.28,1689.12
ORD0001196,P000073,4,122.71,490.84
ORD0001196,P000049,5,397.95,1989.75
ORD0001196,P000009,3,462.25,1386.75
ORD0001196,P000089,4,385.38,1541.52
ORD0001196,P000058,5,473.76,2368.8
ORD0001197,P000002,2,665.5,1331.0
ORD0001197,P000010,3,183.93,551.79
ORD0001197,P000067,2,296.04,592.08
ORD0001197,P000004,2,709.94,1419.88
ORD0001197,P000096,4,118.09,472.36
ORD0001198,P000090,4,890.09,3560.36
ORD0001198,P000076,4,171.21,684.84
ORD0001198,P000067,5,296.04,1480.2
ORD0001198,P000001,2,571.03,1142.06
ORD0001198,P000059,3,225.97,677.91
ORD0001199,P000073,1,122.71,122.71
ORD0001199,P000022,3,294.77,884.31
ORD0001199,P000001,5,571.03,2855.1499999999996
ORD0001200,P000050,3,149.61,448.83000000000004
ORD0001200,P000059,1,225.97,225.97
ORD0001200,P000022,2,294.77,589.54
ORD0001200,P000052,1,148.67,148.67
ORD0001200,P000051,2,250.57,501.14
ORD0001201,P000049,3,397.95,1193.85
ORD0001201,P000064,1,135.37,135.37
ORD0001201,P000061,5,422.28,2111.3999999999996
ORD0001201,P000050,1,149.61,149.61
ORD0001202,P000038,1,237.03,237.03
ORD0001202,P000078,1,475.26,475.26
ORD0001202,P000062,5,745.88,3729.4
ORD0001202,P000083,2,854.01,1708.02
ORD0001203,P000023,3,670.32,2010.96
ORD0001203,P000014,2,928.24,1856.48
ORD0001203,P000088,3,730.81,2192.43
ORD0001203,P000060,5,606.3,3031.5
ORD0001204,P000078,3,475.26,1425.78
ORD0001204,P000013,5,877.54,4387.7
ORD0001204,P000078,1,475.26,475.26
ORD0001205,P000029,4,96.26,385.04
ORD0001205,P000076,1,171.21,171.21
ORD0001205,P000064,2,135.37,270.74
ORD0001205,P000090,3,890.09,2670.27
ORD0001205,P000083,5,854.01,4270.05
ORD0001206,P000025,4,985.57,3942.28
ORD0001206,P000099,5,579.66,2898.2999999999997
ORD0001206,P000013,2,877.54,1755.08
ORD0001207,P000044,3,446.54,1339.6200000000001
ORD0001207,P000078,1,475.26,475.26
ORD0001207,P000071,4,59.2,236.8
ORD0001207,P000072,2,841.35,1682.7
ORD0001207,P000025,5,985.57,4927.85
ORD0001208,P000008,2,237.9,475.8
ORD0001208,P000070,1,692.24,692.24
ORD0001208,P000038,3,237.03,711.09
ORD0001209,P000048,3,294.63,883.89
ORD0001209,P000093,1,475.81,475.81
ORD0001209,P000020,5,15.55,77.75
ORD0001209,P000079,4,565.57,2262.28
ORD0001210,P000098,4,647.23,2588.92
ORD0001211,P000096,5,118.09,590.45
ORD0001211,P000037,4,870.37,3481.48
ORD0001211,P000088,2,730.81,1461.62
ORD0001211,P000022,4,294.77,1179.08
ORD0001211,P000052,4,148.67,594.68
ORD0001212,P000027,1,945.04,945.04
ORD0001213,P000072,1,841.35,841.35
ORD0001214,P000002,5,665.5,3327.5
ORD0001214,P000003,5,924.38,4621.9
ORD0001214,P000068,5,453.04,2265.2000000000003
ORD0001215,P000036,2,225.58,451.16
ORD0001216,P000082,4,797.58,3190.32
ORD0001216,P000069,3,822.37,2467.11
ORD0001216,P000093,5,475.81,2379.05
ORD0001216,P000056,3,195.56,586.6800000000001
ORD0001216,P000037,5,870.37,4351.85
ORD0001217,P000006,5,339.56,1697.8
ORD0001217,P000002,5,665.5,3327.5
ORD0001217,P000013,5,877.54,4387.7
ORD0001217,P000054,5,622.14,3110.7
ORD0001218,P000043,2,232.18,464.36
ORD0001218,P000064,5,135.37,676.85
ORD0001219,P000056,1,195.56,195.56
ORD0001219,P000084,4,205.66,822.64
ORD0001219,P000008,2,237.9,475.8
ORD0001219,P000021,5,482.67,2413.35
ORD0001220,P000049,1,397.95,397.95
ORD0001220,P000074,4,915.8,3663.2
ORD0001220,P000043,1,232.18,232.18
ORD0001221,P000026,5,78.71,393.54999999999995
ORD0001221,P000067,2,296.04,592.08
ORD0001221,P000093,1,475.81,475.81
ORD0001221,P000085,3,591.78,1775.34
ORD0001222,P000055,3,173.18,519.54
ORD0001222,P000075,2,438.9,877.8
ORD0001222,P000035,4,248.76,995.04
ORD0001222,P000058,2,473.76,947.52
ORD0001223,P000013,5,877.54,4387.7
ORD0001223,P000020,3,15.55,46.650000000000006
ORD0001223,P000024,3,33.52,100.56
ORD0001223,P000084,4,205.66,822.64
ORD0001223,P000083,2,854.01,1708.02
ORD0001224,P000098,4,647.23,2588.92
ORD0001224,P000079,1,565.57,565.57
ORD0001224,P000063,5,73.02,365.09999999999997
ORD0001225,P000041,5,730.28,3651.3999999999996
ORD0001226,P000058,1,473.76,473.76
ORD0001226,P000041,3,730.28,2190.84
ORD0001227,P000003,2,924.38,1848.76
ORD0001227,P000055,5,173.18,865.9000000000001
ORD0001227,P000020,4,15.55,62.2
ORD0001227,P000032,5,837.84,4189.2
ORD0001227,P000088,3,730.81,2192.43
ORD0001228,P000038,1,237.03,237.03
ORD0001228,P000080,3,425.06,1275.18
ORD0001228,P000026,4,78.71,314.84
ORD0001228,P000030,1,991.47,991.47
ORD0001228,P000062,5,745.88,3729.4
ORD0001229,P000099,3,579.66,1738.98
ORD0001229,P000046,5,580.21,2901.05
ORD0001229,P000043,5,232.18,1160.9
ORD0001229,P000094,5,341.12,1705.6
ORD0001229,P000044,3,446.54,1339.6200000000001
ORD0001230,P000098,2,647.23,1294.46
ORD0001230,P000095,1,544.11,544.11
ORD0001230,P000088,5,730.81,3654.0499999999997
ORD0001231,P000007,4,20.07,80.28
ORD0001231,P000043,1,232.18,232.18
ORD0001231,P000064,4,135.37,541.48
ORD0001231,P000086,3,949.25,2847.75
ORD0001232,P000083,4,854.01,3416.04
ORD0001232,P000031,5,91.66,458.29999999999995
ORD0001232,P000018,3,261.78,785.3399999999999
ORD0001232,P000040,3,852.32,2556.96
ORD0001233,P000061,5,422.28,2111.3999999999996
ORD0001233,P000043,5,232.18,1160.9
ORD0001234,P000026,3,78.71,236.13
ORD0001234,P000081,5,834.21,4171.05
ORD0001235,P000029,5,96.26,481.3
ORD0001235,P000073,2,122.71,245.42
ORD0001236,P000037,5,870.37,4351.85
ORD0001236,P000088,4,730.81,2923.24
ORD0001236,P000040,2,852.32,1704.64
ORD0001237,P000019,5,941.21,4706.05
ORD0001238,P000033,2,644.39,1288.78
ORD0001238,P000058,5,473.76,2368.8
ORD0001238,P000079,3,565.57,1696.71
ORD0001239,P000052,1,148.67,148.67
ORD0001239,P000065,3,392.5,1177.5
ORD0001240,P000030,3,991.47,2974.41
ORD0001241,P000060,5,606.3,3031.5
ORD0001241,P000039,1,929.35,929.35
ORD0001241,P000001,5,571.03,2855.1499999999996
ORD0001241,P000024,5,33.52,167.60000000000002
ORD0001242,P000050,3,149.61,448.83000000000004
ORD0001242,P000025,4,985.57,3942.28
ORD0001242,P000082,4,797.58,3190.32
ORD0001242,P000061,5,422.28,2111.3999999999996
ORD0001242,P000050,1,149.61,149.61
ORD0001243,P000065,1,392.5,392.5
ORD0001243,P000051,1,250.57,250.57
ORD0001243,P000097,1,812.5,812.5
ORD0001243,P000062,1,745.88,745.88
ORD0001244,P000030,5,991.47,4957.35
ORD0001245,P000053,4,53.27,213.08
ORD0001245,P000008,3,237.9,713.7
ORD0001245,P000035,5,248.76,1243.8
ORD0001246,P000052,5,148.67,743.3499999999999
ORD0001246,P000012,2,770.03,1540.06
ORD0001246,P000031,4,91.66,366.64
ORD0001247,P000098,2,647.23,1294.46
ORD0001247,P000075,2,438.9,877.8
ORD0001247,P000062,3,745.88,2237.64
ORD0001247,P000071,1,59.2,59.2
ORD0001247,P000031,1,91.66,91.66
ORD0001248,P000011,3,600.73,1802.19
ORD0001248,P000054,3,622.14,1866.42
ORD0001248,P000022,1,294.77,294.77
ORD0001248,P000065,3,392.5,1177.5
ORD0001249,P000031,5,91.66,458.29999999999995
ORD0001249,P000010,4,183.93,735.72
ORD0001249,P000044,3,446.54,1339.6200000000001
ORD0001249,P000060,1,606.3,606.3
ORD0001250,P000068,3,453.04,1359.1200000000001
ORD0001250,P000016,3,108.84,326.52
ORD0001250,P000071,5,59.2,296.0
ORD0001250,P000081,2,834.21,1668.42
ORD0001250,P000039,3,929.35,2788.05
ORD0001251,P000022,4,294.77,1179.08
ORD0001252,P000072,4,841.35,3365.4
ORD0001253,P000042,5,274.71,1373.55
ORD0001253,P000083,5,854.01,4270.05
ORD0001253,P000080,5,425.06,2125.3
ORD0001253,P000027,4,945.04,3780.16
ORD0001253,P000003,2,924.38,1848.76
ORD0001254,P000087,3,16.49,49.47
ORD0001254,P000066,1,382.36,382.36
ORD0001255,P000033,3,644.39,1933.17
ORD0001255,P000008,5,237.9,1189.5
ORD0001255,P000091,5,204.84,1024.2
ORD0001255,P000052,4,148.67,594.68
ORD0001256,P000052,3,148.67,446.01
ORD0001256,P000003,5,924.38,4621.9
ORD0001256,P000057,1,124.11,124.11
ORD0001256,P000062,5,745.88,3729.4
ORD0001257,P000082,4,797.58,3190.32
ORD0001258,P000088,4,730.81,2923.24
ORD0001258,P000077,3,909.58,2728.7400000000002
ORD0001258,P000024,4,33.52,134.08
ORD0001258,P000004,1,709.94,709.94
ORD0001258,P000073,1,122.71,122.71
ORD0001259,P000087,4,16.49,65.96
ORD0001259,P000022,4,294.77,1179.08
ORD0001260,P000019,5,941.21,4706.05
ORD0001260,P000050,1,149.61,149.61
ORD0001260,P000060,3,606.3,1818.8999999999999
ORD0001260,P000003,1,924.38,924.38
ORD0001260,P000019,5,941.21,4706.05
ORD0001261,P000083,3,854.01,2562.0299999999997
ORD0001261,P000084,2,205.66,411.32
ORD0001261,P000084,1,205.66,205.66
ORD0001262,P000048,2,294.63,589.26
ORD0001262,P000089,4,385.38,1541.52
ORD0001262,P000023,1,670.32,670.32
ORD0001262,P000085,4,591.78,2367.12
ORD0001263,P000036,5,225.58,1127.9
ORD0001263,P000074,1,915.8,915.8
ORD0001264,P000095,4,544.11,2176.44
ORD0001264,P000045,5,711.71,3558.55
ORD0001264,P000009,5,462.25,2311.25
ORD0001264,P000023,5,670.32,3351.6000000000004
ORD0001265,P000083,5,854.01,4270.05
ORD0001265,P000086,3,949.25,2847.75
ORD0001265,P000049,1,397.95,397.95
ORD0001265,P000031,1,91.66,91.66
ORD0001265,P000084,5,205.66,1028.3
ORD0001266,P000059,4,225.97,903.88
ORD0001266,P000009,1,462.25,462.25
ORD0001266,P000009,5,462.25,2311.25
ORD0001266,P000041,1,730.28,730.28
ORD0001267,P000009,3,462.25,1386.75
ORD0001267,P000008,3,237.9,713.7
ORD0001267,P000095,4,544.11,2176.44
ORD0001268,P000003,3,924.38,2773.14
ORD0001268,P000041,5,730.28,3651.3999999999996
ORD0001268,P000006,3,339.56,1018.6800000000001
ORD0001268,P000032,4,837.84,3351.36
ORD0001269,P000086,4,949.25,3797.0
ORD0001269,P000053,1,53.27,53.27
ORD0001270,P000022,1,294.77,294.77
ORD0001270,P000092,3,162.46,487.38
ORD0001270,P000046,5,580.21,2901.05
ORD0001270,P000074,3,915.8,2747.3999999999996
ORD0001270,P000043,3,232.18,696.54
ORD0001271,P000015,3,803.01,2409.0299999999997
ORD0001271,P000094,2,341.12,682.24
ORD0001271,P000043,3,232.18,696.54
ORD0001272,P000076,1,171.21,171.21
ORD0001272,P000029,2,96.26,192.52
ORD0001272,P000018,2,261.78,523.56
ORD0001273,P000009,5,462.25,2311.25
ORD0001273,P000042,5,274.71,1373.55
ORD0001273,P000006,5,339.56,1697.8
ORD0001273,P000009,3,462.25,1386.75
ORD0001273,P000045,2,711.71,1423.42
ORD0001274,P000064,1,135.37,135.37
ORD0001274,P000040,1,852.32,852.32
ORD0001274,P000001,1,571.03,571.03
ORD0001274,P000081,2,834.21,1668.42
ORD0001275,P000057,4,124.11,496.44
ORD0001275,P000065,5,392.5,1962.5
ORD0001275,P000065,1,392.5,392.5
ORD0001275,P000035,3,248.76,746.28
ORD0001276,P000083,4,854.01,3416.04
ORD0001277,P000097,2,812.5,1625.0
ORD0001277,P000001,4,571.03,2284.12
ORD0001277,P000009,3,462.25,1386.75
ORD0001277,P000041,1,730.28,730.28
ORD0001277,P000015,3,803.01,2409.0299999999997
ORD0001278,P000071,3,59.2,177.60000000000002
ORD0001279,P000005,3,202.06,606.1800000000001
ORD0001279,P000095,5,544.11,2720.55
ORD0001280,P000003,5,924.38,4621.9
ORD0001280,P000066,1,382.36,382.36
ORD0001281,P000090,4,890.09,3560.36
ORD0001281,P000045,1,711.71,711.71
ORD0001281,P000002,1,665.5,665.5
ORD0001281,P000063,5,73.02,365.09999999999997
ORD0001281,P000024,3,33.52,100.56
ORD0001282,P000093,5,475.81,2379.05
ORD0001282,P000025,2,985.57,1971.14
ORD0001282,P000030,3,991.47,2974.41
ORD0001283,P000016,1,108.84,108.84
ORD0001283,P000011,1,600.73,600.73
ORD0001283,P000072,5,841.35,4206.75
ORD0001284,P000059,2,225.97,451.94
ORD0001284,P000059,3,225.97,677.91
ORD0001285,P000082,4,797.58,3190.32
ORD0001285,P000021,2,482.67,965.34
ORD0001285,P000023,1,670.32,670.32
ORD0001285,P000039,1,929.35,929.35
ORD0001285,P000051,4,250.57,1002.28
ORD0001286,P000099,1,579.66,579.66
ORD0001286,P000009,5,462.25,2311.25
ORD0001286,P000036,3,225.58,676.74
ORD0001286,P000073,2,122.71,245.42
ORD0001287,P000098,5,647.23,3236.15
ORD0001287,P000053,5,53.27,266.35
ORD0001287,P000019,4,941.21,3764.84
ORD0001287,P000071,2,59.2,118.4
ORD0001287,P000034,2,927.37,1854.74
ORD0001288,P000086,5,949.25,4746.25
ORD0001289,P000064,4,135.37,541.48
ORD0001289,P000057,4,124.11,496.44
ORD0001289,P000047,3,142.41,427.23
ORD0001289,P000069,2,822.37,1644.74
ORD0001289,P000049,3,397.95,1193.85
ORD0001290,P000068,3,453.04,1359.1200000000001
ORD0001291,P000004,2,709.94,1419.88
ORD0001291,P000035,4,248.76,995.04
ORD0001291,P000093,4,475.81,1903.24
ORD0001292,P000081,2,834.21,1668.42
ORD0001292,P000041,2,730.28,1460.56
ORD0001292,P000054,1,622.14,622.14
ORD0001293,P000071,3,59.2,177.60000000000002
ORD0001293,P000007,1,20.07,20.07
ORD0001293,P000063,2,73.02,146.04
ORD0001294,P000034,4,927.37,3709.48
ORD0001294,P000045,3,711.71,2135.13
ORD0001294,P000039,3,929.35,2788.05
ORD0001294,P000065,4,392.5,1570.0
ORD0001295,P000098,1,647.23,647.23
ORD0001295,P000041,3,730.28,2190.84
ORD0001295,P000084,5,205.66,1028.3
ORD0001295,P000006,1,339.56,339.56
ORD0001296,P000009,1,462.25,462.25
ORD0001297,P000084,4,205.66,822.64
ORD0001298,P000029,2,96.26,192.52
ORD0001298,P000034,5,927.37,4636.85
ORD0001298,P000096,5,118.09,590.45
ORD0001299,P000065,4,392.5,1570.0
ORD0001300,P000033,4,644.39,2577.56
ORD0001300,P000018,4,261.78,1047.12
ORD0001300,P000097,2,812.5,1625.0
ORD0001300,P000098,3,647.23,1941.69
ORD0001301,P000031,3,91.66,274.98
ORD0001301,P000076,3,171.21,513.63
ORD0001301,P000025,1,985.57,985.57
ORD0001301,P000077,1,909.58,909.58
ORD0001301,P000044,2,446.54,893.08
ORD0001302,P000036,5,225.58,1127.9
ORD0001302,P000098,1,647.23,647.23
ORD0001303,P000067,2,296.04,592.08
ORD0001304,P000029,3,96.26,288.78000000000003
ORD0001304,P000019,5,941.21,4706.05
ORD0001305,P000029,4,96.26,385.04
ORD0001305,P000002,3,665.5,1996.5
ORD0001306,P000082,5,797.58,3987.9
ORD0001306,P000039,4,929.35,3717.4
ORD0001306,P000025,2,985.57,1971.14
ORD0001306,P000011,4,600.73,2402.92
ORD0001306,P000043,1,232.18,232.18
ORD0001307,P000029,5,96.26,481.3
ORD0001308,P000052,5,148.67,743.3499999999999
ORD0001308,P000033,5,644.39,3221.95
ORD0001308,P000022,3,294.77,884.31
ORD0001309,P000087,1,16.49,16.49
ORD0001309,P000070,4,692.24,2768.96
ORD0001310,P000014,1,928.24,928.24
ORD0001310,P000065,1,392.5,392.5
ORD0001310,P000042,4,274.71,1098.84
ORD0001310,P000096,5,118.09,590.45
ORD0001310,P000078,1,475.26,475.26
ORD0001311,P000026,1,78.71,78.71
ORD0001311,P000037,2,870.37,1740.74
ORD0001311,P000037,2,870.37,1740.74
ORD0001312,P000089,5,385.38,1926.9
ORD0001312,P000065,4,392.5,1570.0
ORD0001312,P000093,5,475.81,2379.05
ORD0001312,P000085,2,591.78,1183.56
ORD0001313,P000093,1,475.81,475.81
ORD0001313,P000008,4,237.9,951.6
ORD0001313,P000088,2,730.81,1461.62
ORD0001313,P000047,3,142.41,427.23
ORD0001314,P000076,3,171.21,513.63
ORD0001314,P000097,2,812.5,1625.0
ORD0001314,P000034,4,927.37,3709.48
ORD0001314,P000031,5,91.66,458.29999999999995
ORD0001314,P000012,3,770.03,2310.09
ORD0001315,P000008,1,237.9,237.9
ORD0001315,P000033,3,644.39,1933.17
ORD0001315,P000087,2,16.49,32.98
ORD0001316,P000077,5,909.58,4547.900000000001
ORD0001316,P000034,2,927.37,1854.74
ORD0001317,P000006,2,339.56,679.12
ORD0001318,P000100,3,776.96,2330.88
ORD0001318,P000060,2,606.3,1212.6
ORD0001318,P000059,5,225.97,1129.85
ORD0001318,P000055,4,173.18,692.72
ORD0001319,P000050,1,149.61,149.61
ORD0001319,P000029,5,96.26,481.3
ORD0001319,P000013,4,877.54,3510.16
ORD0001319,P000057,1,124.11,124.11
ORD0001319,P000053,3,53.27,159.81
ORD0001320,P000046,1,580.21,580.21
ORD0001320,P000021,3,482.67,1448.01
ORD0001320,P000016,3,108.84,326.52
ORD0001321,P000069,3,822.37,2467.11
ORD0001322,P000064,1,135.37,135.37
ORD0001322,P000061,2,422.28,844.56
ORD0001323,P000049,4,397.95,1591.8
ORD0001323,P000024,2,33.52,67.04
ORD0001323,P000049,4,397.95,1591.8
ORD0001324,P000083,5,854.01,4270.05
ORD0001325,P000066,5,382.36,1911.8000000000002
ORD0001325,P000015,2,803.01,1606.02
ORD0001325,P000046,2,580.21,1160.42
ORD0001325,P000085,2,591.78,1183.56
ORD0001326,P000040,4,852.32,3409.28
ORD0001326,P000035,3,248.76,746.28
ORD0001327,P000036,3,225.58,676.74
ORD0001327,P000008,5,237.9,1189.5
ORD0001328,P000023,2,670.32,1340.64
ORD0001328,P000018,5,261.78,1308.8999999999999
ORD0001328,P000062,3,745.88,2237.64
ORD0001329,P000024,4,33.52,134.08
ORD0001329,P000043,1,232.18,232.18
ORD0001329,P000023,1,670.32,670.32
ORD0001330,P000067,3,296.04,888.1200000000001
ORD0001331,P000027,3,945.04,2835.12
ORD0001332,P000031,4,91.66,366.64
ORD0001332,P000007,4,20.07,80.28
ORD0001332,P000023,1,670.32,670.32
ORD0001332,P000044,1,446.54,446.54
ORD0001332,P000027,4,945.04,3780.16
ORD0001333,P000078,3,475.26,1425.78
ORD0001334,P000066,3,382.36,1147.08
ORD0001334,P000002,5,665.5,3327.5
ORD0001334,P000078,3,475.26,1425.78
ORD0001334,P000038,2,237.03,474.06
ORD0001335,P000063,2,73.02,146.04
ORD0001335,P000013,4,877.54,3510.16
ORD0001335,P000017,3,525.47,1576.41
ORD0001335,P000082,5,797.58,3987.9
ORD0001335,P000060,3,606.3,1818.8999999999999
ORD0001336,P000095,1,544.11,544.11
ORD0001336,P000070,2,692.24,1384.48
ORD0001336,P000035,2,248.76,497.52
ORD0001336,P000094,2,341.12,682.24
ORD0001336,P000005,3,202.06,606.1800000000001
ORD0001337,P000063,3,73.02,219.06
ORD0001337,P000089,5,385.38,1926.9
ORD0001337,P000081,1,834.21,834.21
ORD0001338,P000022,5,294.77,1473.85
ORD0001338,P000045,3,711.71,2135.13
ORD0001338,P000024,4,33.52,134.08
ORD0001339,P000057,3,124.11,372.33
ORD0001339,P000029,1,96.26,96.26
ORD0001340,P000083,3,854.01,2562.0299999999997
ORD0001340,P000073,3,122.71,368.13
ORD0001340,P000068,3,453.04,1359.1200000000001
ORD0001341,P000068,2,453.04,906.08
ORD0001341,P000064,1,135.37,135.37
ORD0001341,P000083,3,854.01,2562.0299999999997
ORD0001342,P000072,1,841.35,841.35
ORD0001342,P000057,5,124.11,620.55
ORD0001342,P000013,4,877.54,3510.16
ORD0001343,P000056,5,195.56,977.8
ORD0001343,P000018,2,261.78,523.56
ORD0001343,P000040,1,852.32,852.32
ORD0001343,P000089,2,385.38,770.76
ORD0001343,P000015,5,803.01,4015.05
ORD0001344,P000073,2,122.71,245.42
ORD0001344,P000031,2,91.66,183.32
ORD0001344,P000043,5,232.18,1160.9
ORD0001344,P000032,4,837.84,3351.36
ORD0001344,P000055,2,173.18,346.36
ORD0001345,P000041,2,730.28,1460.56
ORD0001345,P000045,5,711.71,3558.55
ORD0001345,P000073,4,122.71,490.84
ORD0001345,P000029,4,96.26,385.04
ORD0001346,P000066,4,382.36,1529.44
ORD0001346,P000020,2,15.55,31.1
ORD0001346,P000022,2,294.77,589.54
ORD0001346,P000048,4,294.63,1178.52
ORD0001346,P000004,4,709.94,2839.76
ORD0001347,P000049,5,397.95,1989.75
ORD0001347,P000037,4,870.37,3481.48
ORD0001347,P000044,5,446.54,2232.7000000000003
ORD0001348,P000066,3,382.36,1147.08
ORD0001348,P000017,3,525.47,1576.41
ORD0001348,P000043,4,232.18,928.72
ORD0001349,P000077,4,909.58,3638.32
ORD0001350,P000072,2,841.35,1682.7
ORD0001350,P000020,3,15.55,46.650000000000006
ORD0001350,P000012,3,770.03,2310.09
ORD0001351,P000050,1,149.61,149.61
ORD0001351,P000015,1,803.01,803.01
ORD0001352,P000058,2,473.76,947.52
ORD0001352,P000099,2,579.66,1159.32
ORD0001352,P000071,4,59.2,236.8
ORD0001353,P000071,4,59.2,236.8
ORD0001353,P000093,5,475.81,2379.05
ORD0001353,P000014,3,928.24,2784.7200000000003
ORD0001353,P000060,4,606.3,2425.2
ORD0001353,P000062,1,745.88,745.88
ORD0001354,P000080,4,425.06,1700.24
ORD0001354,P000088,4,730.81,2923.24
ORD0001354,P000083,4,854.01,3416.04
ORD0001354,P000070,1,692.24,692.24
ORD0001355,P000027,1,945.04,945.04
ORD0001355,P000058,2,473.76,947.52
ORD0001355,P000065,3,392.5,1177.5
ORD0001356,P000019,3,941.21,2823.63
ORD0001356,P000048,1,294.63,294.63
ORD0001356,P000067,1,296.04,296.04
ORD0001356,P000029,3,96.26,288.78000000000003
ORD0001357,P000008,1,237.9,237.9
ORD0001357,P000069,3,822.37,2467.11
ORD0001357,P000036,2,225.58,451.16
ORD0001357,P000090,3,890.09,2670.27
ORD0001357,P000003,4,924.38,3697.52
ORD0001358,P000014,1,928.24,928.24
ORD0001358,P000039,4,929.35,3717.4
ORD0001358,P000047,1,142.41,142.41
ORD0001358,P000071,1,59.2,59.2
ORD0001359,P000020,2,15.55,31.1
ORD0001359,P000066,5,382.36,1911.8000000000002
ORD0001359,P000035,3,248.76,746.28
ORD0001359,P000008,2,237.9,475.8
ORD0001360,P000001,1,571.03,571.03
ORD0001360,P000086,2,949.25,1898.5
ORD0001360,P000010,3,183.93,551.79
ORD0001361,P000010,2,183.93,367.86
ORD0001361,P000019,2,941.21,1882.42
ORD0001362,P000009,1,462.25,462.25
ORD0001362,P000055,2,173.18,346.36
ORD0001362,P000098,1,647.23,647.23
ORD0001362,P000006,3,339.56,1018.6800000000001
ORD0001362,P000065,1,392.5,392.5
ORD0001363,P000043,3,232.18,696.54
ORD0001363,P000071,3,59.2,177.60000000000002
ORD0001363,P000014,3,928.24,2784.7200000000003
ORD0001363,P000043,4,232.18,928.72
ORD0001363,P000019,2,941.21,1882.42
ORD0001364,P000060,4,606.3,2425.2
ORD0001365,P000019,1,941.21,941.21
ORD0001365,P000036,4,225.58,902.32
ORD0001365,P000003,2,924.38,1848.76
ORD0001365,P000060,3,606.3,1818.8999999999999
ORD0001365,P000072,1,841.35,841.35
ORD0001366,P000087,3,16.49,49.47
ORD0001367,P000044,4,446.54,1786.16
ORD0001368,P000054,5,622.14,3110.7
ORD0001368,P000037,1,870.37,870.37
ORD0001368,P000063,5,73.02,365.09999999999997
ORD0001368,P000032,4,837.84,3351.36
ORD0001368,P000089,4,385.38,1541.52
ORD0001369,P000038,1,237.03,237.03
ORD0001369,P000028,4,132.06,528.24
ORD0001369,P000029,1,96.26,96.26
ORD0001370,P000010,2,183.93,367.86
ORD0001370,P000096,4,118.09,472.36
ORD0001370,P000018,5,261.78,1308.8999999999999
ORD0001371,P000088,5,730.81,3654.0499999999997
ORD0001371,P000081,2,834.21,1668.42
ORD0001372,P000005,5,202.06,1010.3
ORD0001372,P000025,4,985.57,3942.28
ORD0001372,P000067,1,296.04,296.04
ORD0001372,P000081,1,834.21,834.21
ORD0001373,P000057,3,124.11,372.33
ORD0001374,P000097,5,812.5,4062.5
ORD0001374,P000067,2,296.04,592.08
ORD0001375,P000036,3,225.58,676.74
ORD0001375,P000044,1,446.54,446.54
ORD0001375,P000077,4,909.58,3638.32
ORD0001375,P000023,3,670.32,2010.96
ORD0001375,P000007,4,20.07,80.28
ORD0001376,P000049,1,397.95,397.95
ORD0001376,P000086,3,949.25,2847.75
ORD0001376,P000032,2,837.84,1675.68
ORD0001376,P000044,5,446.54,2232.7000000000003
ORD0001377,P000015,1,803.01,803.01
ORD0001377,P000006,2,339.56,679.12
ORD0001377,P000053,3,53.27,159.81
ORD0001377,P000049,3,397.95,1193.85
ORD0001378,P000063,4,73.02,292.08
ORD0001379,P000034,1,927.37,927.37
ORD0001379,P000027,3,945.04,2835.12
ORD0001379,P000091,2,204.84,409.68
ORD0001379,P000003,5,924.38,4621.9
ORD0001380,P000032,1,837.84,837.84
ORD0001380,P000041,5,730.28,3651.3999999999996
ORD0001380,P000046,4,580.21,2320.84
ORD0001380,P000057,1,124.11,124.11
ORD0001381,P000093,3,475.81,1427.43
ORD0001381,P000004,5,709.94,3549.7000000000003
ORD0001381,P000066,2,382.36,764.72
ORD0001382,P000100,2,776.96,1553.92
ORD0001382,P000018,3,261.78,785.3399999999999
ORD0001382,P000077,1,909.58,909.58
ORD0001383,P000039,4,929.35,3717.4
ORD0001383,P000001,3,571.03,1713.09
ORD0001383,P000039,4,929.35,3717.4
ORD0001383,P000042,2,274.71,549.42
ORD0001383,P000034,5,927.37,4636.85
ORD0001384,P000019,3,941.21,2823.63
ORD0001384,P000085,5,591.78,2958.8999999999996
ORD0001384,P000005,1,202.06,202.06
ORD0001384,P000046,5,580.21,2901.05
ORD0001385,P000098,4,647.23,2588.92
ORD0001385,P000001,3,571.03,1713.09
ORD0001385,P000079,5,565.57,2827.8500000000004
ORD0001386,P000035,3,248.76,746.28
ORD0001386,P000035,3,248.76,746.28
ORD0001386,P000087,1,16.49,16.49
ORD0001386,P000025,3,985.57,2956.71
ORD0001387,P000083,3,854.01,2562.0299999999997
ORD0001387,P000068,5,453.04,2265.2000000000003
ORD0001388,P000025,3,985.57,2956.71
ORD0001388,P000054,1,622.14,622.14
ORD0001389,P000040,4,852.32,3409.28
ORD0001390,P000077,2,909.58,1819.16
ORD0001390,P000088,4,730.81,2923.24
ORD0001390,P000064,3,135.37,406.11
ORD0001390,P000002,5,665.5,3327.5
ORD0001390,P000031,3,91.66,274.98
ORD0001391,P000099,2,579.66,1159.32
ORD0001391,P000054,5,622.14,3110.7
ORD0001392,P000065,3,392.5,1177.5
ORD0001392,P000035,4,248.76,995.04
ORD0001393,P000032,4,837.84,3351.36
ORD0001393,P000087,5,16.49,82.44999999999999
ORD0001393,P000038,5,237.03,1185.15
ORD0001393,P000040,3,852.32,2556.96
ORD0001393,P000032,1,837.84,837.84
ORD0001394,P000028,1,132.06,132.06
ORD0001394,P000043,5,232.18,1160.9
ORD0001395,P000001,3,571.03,1713.09
ORD0001395,P000040,5,852.32,4261.6
ORD0001395,P000030,1,991.47,991.47
ORD0001396,P000090,2,890.09,1780.18
ORD0001396,P000065,1,392.5,392.5
ORD0001396,P000075,1,438.9,438.9
ORD0001397,P000073,5,122.71,613.55
ORD0001397,P000015,2,803.01,1606.02
ORD0001397,P000092,3,162.46,487.38
ORD0001398,P000068,3,453.04,1359.1200000000001
ORD0001398,P000036,4,225.58,902.32
ORD0001399,P000076,4,171.21,684.84
ORD0001399,P000090,1,890.09,890.09
ORD0001399,P000028,1,132.06,132.06
ORD0001400,P000057,5,124.11,620.55
ORD0001400,P000078,3,475.26,1425.78
ORD0001400,P000080,5,425.06,2125.3
ORD0001400,P000079,1,565.57,565.57
ORD0001400,P000062,2,745.88,1491.76
ORD0001401,P000090,4,890.09,3560.36
ORD0001402,P000033,4,644.39,2577.56
ORD0001402,P000044,5,446.54,2232.7000000000003
ORD0001403,P000090,1,890.09,890.09
ORD0001403,P000087,1,16.49,16.49
ORD0001403,P000054,1,622.14,622.14
ORD0001403,P000013,4,877.54,3510.16
ORD0001403,P000085,3,591.78,1775.34
ORD0001404,P000009,2,462.25,924.5
ORD0001404,P000048,5,294.63,1473.15
ORD0001404,P000095,2,544.11,1088.22
ORD0001404,P000046,5,580.21,2901.05
ORD0001405,P000018,4,261.78,1047.12
ORD0001405,P000057,1,124.11,124.11
ORD0001406,P000085,4,591.78,2367.12
ORD0001407,P000064,2,135.37,270.74
ORD0001408,P000028,1,132.06,132.06
ORD0001408,P000014,5,928.24,4641.2
ORD0001409,P000027,1,945.04,945.04
ORD0001409,P000057,5,124.11,620.55
ORD0001409,P000050,4,149.61,598.44
ORD0001409,P000013,4,877.54,3510.16
ORD0001410,P000091,2,204.84,409.68
ORD0001411,P000097,1,812.5,812.5
ORD0001411,P000071,1,59.2,59.2
ORD0001411,P000099,2,579.66,1159.32
ORD0001411,P000002,3,665.5,1996.5
ORD0001411,P000077,4,909.58,3638.32
ORD0001412,P000031,5,91.66,458.29999999999995
ORD0001413,P000081,2,834.21,1668.42
ORD0001413,P000051,1,250.57,250.57
ORD0001414,P000099,4,579.66,2318.64
ORD0001415,P000060,5,606.3,3031.5
ORD0001416,P000005,3,202.06,606.1800000000001
ORD0001416,P000055,1,173.18,173.18
ORD0001417,P000026,1,78.71,78.71
ORD0001417,P000031,2,91.66,183.32
ORD0001418,P000083,5,854.01,4270.05
ORD0001418,P000029,3,96.26,288.78000000000003
ORD0001418,P000087,2,16.49,32.98
ORD0001418,P000071,4,59.2,236.8
ORD0001418,P000004,3,709.94,2129.82
ORD0001419,P000083,4,854.01,3416.04
ORD0001419,P000098,1,647.23,647.23
ORD0001419,P000032,3,837.84,2513.52
ORD0001419,P000065,1,392.5,392.5
ORD0001420,P000030,2,991.47,1982.94
ORD0001420,P000079,4,565.57,2262.28
ORD0001420,P000068,1,453.04,453.04
ORD0001420,P000002,1,665.5,665.5
ORD0001421,P000002,1,665.5,665.5
ORD0001421,P000049,4,397.95,1591.8
ORD0001421,P000099,1,579.66,579.66
ORD0001422,P000052,5,148.67,743.3499999999999
ORD0001422,P000088,2,730.81,1461.62
ORD0001422,P000007,3,20.07,60.21
ORD0001422,P000072,1,841.35,841.35
ORD0001422,P000041,5,730.28,3651.3999999999996
ORD0001423,P000053,2,53.27,106.54
ORD0001423,P000039,2,929.35,1858.7
ORD0001424,P000035,4,248.76,995.04
ORD0001424,P000062,3,745.88,2237.64
ORD0001424,P000093,4,475.81,1903.24
ORD0001425,P000023,1,670.32,670.32
ORD0001425,P000076,5,171.21,856.0500000000001
ORD0001425,P000084,1,205.66,205.66
ORD0001426,P000063,5,73.02,365.09999999999997
ORD0001426,P000044,5,446.54,2232.7000000000003
ORD0001427,P000021,1,482.67,482.67
ORD0001427,P000059,5,225.97,1129.85
ORD0001427,P000006,3,339.56,1018.6800000000001
ORD0001427,P000009,5,462.25,2311.25
ORD0001428,P000085,1,591.78,591.78
ORD0001428,P000016,4,108.84,435.36
ORD0001428,P000082,3,797.58,2392.7400000000002
ORD0001428,P000100,1,776.96,776.96
ORD0001429,P000041,5,730.28,3651.3999999999996
ORD0001429,P000034,5,927.37,4636.85
ORD0001429,P000099,2,579.66,1159.32
ORD0001429,P000081,4,834.21,3336.84
ORD0001430,P000064,4,135.37,541.48
ORD0001430,P000044,2,446.54,893.08
ORD0001430,P000018,2,261.78,523.56
ORD0001431,P000050,4,149.61,598.44
ORD0001431,P000041,4,730.28,2921.12
ORD0001431,P000001,5,571.03,2855.1499999999996
ORD0001432,P000025,1,985.57,985.57
ORD0001432,P000038,1,237.03,237.03
ORD0001432,P000024,1,33.52,33.52
ORD0001432,P000082,1,797.58,797.58
ORD0001432,P000090,3,890.09,2670.27
ORD0001433,P000079,3,565.57,1696.71
ORD0001434,P000015,5,803.01,4015.05
ORD0001434,P000040,5,852.32,4261.6
ORD0001434,P000039,1,929.35,929.35
ORD0001435,P000093,3,475.81,1427.43
ORD0001435,P000073,5,122.71,613.55
ORD0001435,P000056,5,195.56,977.8
ORD0001435,P000095,1,544.11,544.11
ORD0001435,P000047,3,142.41,427.23
ORD0001436,P000058,3,473.76,1421.28
ORD0001436,P000009,1,462.25,462.25
ORD0001437,P000082,1,797.58,797.58
ORD0001437,P000071,3,59.2,177.60000000000002
ORD0001437,P000094,4,341.12,1364.48
ORD0001438,P000068,3,453.04,1359.1200000000001
ORD0001438,P000086,2,949.25,1898.5
ORD0001438,P000003,3,924.38,2773.14
ORD0001438,P000058,4,473.76,1895.04
ORD0001438,P000015,2,803.01,1606.02
ORD0001439,P000040,4,852.32,3409.28
ORD0001439,P000001,3,571.03,1713.09
ORD0001439,P000089,1,385.38,385.38
ORD0001439,P000043,1,232.18,232.18
ORD0001439,P000082,3,797.58,2392.7400000000002
ORD0001440,P000074,1,915.8,915.8
ORD0001440,P000007,1,20.07,20.07
ORD0001440,P000070,2,692.24,1384.48
ORD0001440,P000096,2,118.09,236.18
ORD0001441,P000045,3,711.71,2135.13
ORD0001441,P000084,3,205.66,616.98
ORD0001441,P000014,3,928.24,2784.7200000000003
ORD0001441,P000072,2,841.35,1682.7
ORD0001441,P000003,3,924.38,2773.14
ORD0001442,P000068,4,453.04,1812.16
ORD0001443,P000052,4,148.67,594.68
ORD0001443,P000041,1,730.28,730.28
ORD0001443,P000065,1,392.5,392.5
ORD0001443,P000084,4,205.66,822.64
ORD0001444,P000085,1,591.78,591.78
ORD0001444,P000027,2,945.04,1890.08
ORD0001444,P000063,5,73.02,365.09999999999997
ORD0001444,P000093,5,475.81,2379.05
ORD0001445,P000037,3,870.37,2611.11
ORD0001446,P000017,3,525.47,1576.41
ORD0001446,P000056,4,195.56,782.24
ORD0001446,P000043,3,232.18,696.54
ORD0001446,P000021,1,482.67,482.67
ORD0001446,P000031,3,91.66,274.98
ORD0001447,P000051,1,250.57,250.57
ORD0001447,P000076,5,171.21,856.0500000000001
ORD0001447,P000072,1,841.35,841.35
ORD0001447,P000096,4,118.09,472.36
ORD0001448,P000020,2,15.55,31.1
ORD0001448,P000058,5,473.76,2368.8
ORD0001448,P000039,1,929.35,929.35
ORD0001448,P000068,3,453.04,1359.1200000000001
ORD0001448,P000097,3,812.5,2437.5
ORD0001449,P000067,4,296.04,1184.16
ORD0001449,P000033,3,644.39,1933.17
ORD0001450,P000056,4,195.56,782.24
ORD0001451,P000015,4,803.01,3212.04
ORD0001452,P000077,2,909.58,1819.16
ORD0001452,P000064,3,135.37,406.11
ORD0001453,P000002,2,665.5,1331.0
ORD0001453,P000093,3,475.81,1427.43
ORD0001453,P000097,3,812.5,2437.5
ORD0001453,P000011,4,600.73,2402.92
ORD0001453,P000081,1,834.21,834.21
ORD0001454,P000078,5,475.26,2376.3
ORD0001454,P000053,2,53.27,106.54
ORD0001454,P000058,3,473.76,1421.28
ORD0001454,P000080,2,425.06,850.12
ORD0001454,P000043,2,232.18,464.36
ORD0001455,P000069,2,822.37,1644.74
ORD0001455,P000061,3,422.28,1266.84
ORD0001456,P000008,1,237.9,237.9
ORD0001456,P000098,4,647.23,2588.92
ORD0001456,P000028,1,132.06,132.06
ORD0001456,P000050,4,149.61,598.44
ORD0001457,P000037,1,870.37,870.37
ORD0001458,P000060,1,606.3,606.3
ORD0001459,P000040,3,852.32,2556.96
ORD0001460,P000013,4,877.54,3510.16
ORD0001460,P000002,4,665.5,2662.0
ORD0001460,P000022,4,294.77,1179.08
ORD0001461,P000060,1,606.3,606.3
ORD0001461,P000080,4,425.06,1700.24
ORD0001461,P000096,3,118.09,354.27
ORD0001461,P000040,3,852.32,2556.96
ORD0001462,P000033,5,644.39,3221.95
ORD0001462,P000008,5,237.9,1189.5
ORD0001463,P000047,5,142.41,712.05
ORD0001464,P000065,3,392.5,1177.5
ORD0001464,P000091,1,204.84,204.84
ORD0001464,P000079,3,565.57,1696.71
ORD0001465,P000096,4,118.09,472.36
ORD0001465,P000072,5,841.35,4206.75
ORD0001465,P000096,3,118.09,354.27
ORD0001465,P000077,2,909.58,1819.16
ORD0001465,P000082,1,797.58,797.58
ORD0001466,P000040,1,852.32,852.32
ORD0001467,P000075,2,438.9,877.8
ORD0001467,P000016,1,108.84,108.84
ORD0001467,P000074,1,915.8,915.8
ORD0001467,P000060,3,606.3,1818.8999999999999
ORD0001468,P000006,4,339.56,1358.24
ORD0001468,P000007,4,20.07,80.28
ORD0001468,P000017,2,525.47,1050.94
ORD0001468,P000045,2,711.71,1423.42
ORD0001469,P000018,4,261.78,1047.12
ORD0001469,P000022,4,294.77,1179.08
ORD0001470,P000058,5,473.76,2368.8
ORD0001470,P000041,2,730.28,1460.56
ORD0001470,P000059,1,225.97,225.97
ORD0001470,P000078,4,475.26,1901.04
ORD0001470,P000042,2,274.71,549.42
ORD0001471,P000054,4,622.14,2488.56
ORD0001471,P000019,3,941.21,2823.63
ORD0001472,P000055,4,173.18,692.72
ORD0001472,P000022,3,294.77,884.31
ORD0001472,P000003,1,924.38,924.38
ORD0001472,P000072,3,841.35,2524.05
ORD0001473,P000091,3,204.84,614.52
ORD0001473,P000087,5,16.49,82.44999999999999
ORD0001473,P000041,5,730.28,3651.3999999999996
ORD0001473,P000007,2,20.07,40.14
ORD0001473,P000048,4,294.63,1178.52
ORD0001474,P000061,2,422.28,844.56
ORD0001474,P000100,5,776.96,3884.8
ORD0001475,P000046,2,580.21,1160.42
ORD0001475,P000088,1,730.81,730.81
ORD0001475,P000091,2,204.84,409.68
ORD0001475,P000071,4,59.2,236.8
ORD0001475,P000094,3,341.12,1023.36
ORD0001476,P000070,3,692.24,2076.7200000000003
ORD0001477,P000022,4,294.77,1179.08
ORD0001477,P000037,1,870.37,870.37
ORD0001477,P000074,2,915.8,1831.6
ORD0001477,P000069,4,822.37,3289.48
ORD0001477,P000028,4,132.06,528.24
ORD0001478,P000048,5,294.63,1473.15
ORD0001478,P000017,2,525.47,1050.94
ORD0001478,P000082,5,797.58,3987.9
ORD0001478,P000042,2,274.71,549.42
ORD0001478,P000058,1,473.76,473.76
ORD0001479,P000051,4,250.57,1002.28
ORD0001479,P000050,4,149.61,598.44
ORD0001479,P000013,3,877.54,2632.62
ORD0001479,P000079,1,565.57,565.57
ORD0001480,P000031,4,91.66,366.64
ORD0001480,P000096,3,118.09,354.27
ORD0001480,P000039,4,929.35,3717.4
ORD0001480,P000099,5,579.66,2898.2999999999997
ORD0001480,P000016,3,108.84,326.52
ORD0001481,P000006,1,339.56,339.56
ORD0001481,P000069,3,822.37,2467.11
ORD0001482,P000080,4,425.06,1700.24
ORD0001482,P000013,5,877.54,4387.7
ORD0001482,P000001,1,571.03,571.03
ORD0001482,P000078,1,475.26,475.26
ORD0001483,P000046,5,580.21,2901.05
ORD0001484,P000068,3,453.04,1359.1200000000001
ORD0001484,P000014,3,928.24,2784.7200000000003
ORD0001485,P000085,1,591.78,591.78
ORD0001485,P000001,3,571.03,1713.09
ORD0001485,P000067,5,296.04,1480.2
ORD0001486,P000020,1,15.55,15.55
ORD0001486,P000001,5,571.03,2855.1499999999996
ORD0001486,P000014,1,928.24,928.24
ORD0001486,P000060,5,606.3,3031.5
ORD0001486,P000016,2,108.84,217.68
ORD0001487,P000007,5,20.07,100.35
ORD0001487,P000098,4,647.23,2588.92
ORD0001487,P000072,4,841.35,3365.4
ORD0001488,P000003,2,924.38,1848.76
ORD0001489,P000031,5,91.66,458.29999999999995
ORD0001489,P000085,2,591.78,1183.56
ORD0001489,P000009,3,462.25,1386.75
ORD0001489,P000044,5,446.54,2232.7000000000003
ORD0001489,P000054,1,622.14,622.14
ORD0001490,P000098,3,647.23,1941.69
ORD0001490,P000075,4,438.9,1755.6
ORD0001490,P000083,2,854.01,1708.02
ORD0001490,P000051,4,250.57,1002.28
ORD0001490,P000051,5,250.57,1252.85
ORD0001491,P000065,4,392.5,1570.0
ORD0001492,P000009,2,462.25,924.5
ORD0001492,P000051,4,250.57,1002.28
ORD0001492,P000098,4,647.23,2588.92
ORD0001492,P000012,4,770.03,3080.12
ORD0001493,P000070,1,692.24,692.24
ORD0001494,P000092,4,162.46,649.84
ORD0001494,P000058,3,473.76,1421.28
ORD0001494,P000069,2,822.37,1644.74
ORD0001495,P000082,5,797.58,3987.9
ORD0001495,P000007,2,20.07,40.14
ORD0001496,P000081,1,834.21,834.21
ORD0001496,P000061,5,422.28,2111.3999999999996
ORD0001496,P000065,5,392.5,1962.5
ORD0001497,P000027,2,945.04,1890.08
ORD0001497,P000054,2,622.14,1244.28
ORD0001498,P000057,5,124.11,620.55
ORD0001498,P000021,4,482.67,1930.68
ORD0001499,P000002,2,665.5,1331.0
ORD0001499,P000073,4,122.71,490.84
ORD0001499,P000033,4,644.39,2577.56
ORD0001499,P000064,5,135.37,676.85
ORD0001499,P000059,2,225.97,451.94
ORD0001500,P000043,1,232.18,232.18
ORD0001500,P000077,1,909.58,909.58
ORD0001501,P000096,5,118.09,590.45
ORD0001501,P000096,3,118.09,354.27
ORD0001501,P000060,2,606.3,1212.6
ORD0001501,P000078,5,475.26,2376.3
ORD0001501,P000023,4,670.32,2681.28
ORD0001502,P000050,3,149.61,448.83000000000004
ORD0001503,P000100,2,776.96,1553.92
ORD0001503,P000029,1,96.26,96.26
ORD0001503,P000009,5,462.25,2311.25
ORD0001504,P000032,2,837.84,1675.68
ORD0001505,P000050,1,149.61,149.61
ORD0001505,P000005,2,202.06,404.12
ORD0001505,P000070,2,692.24,1384.48
ORD0001506,P000046,2,580.21,1160.42
ORD0001506,P000061,5,422.28,2111.3999999999996
ORD0001506,P000051,1,250.57,250.57
ORD0001506,P000001,5,571.03,2855.1499999999996
ORD0001507,P000061,1,422.28,422.28
ORD0001508,P000038,4,237.03,948.12
ORD0001509,P000045,2,711.71,1423.42
ORD0001509,P000075,3,438.9,1316.6999999999998
ORD0001509,P000023,5,670.32,3351.6000000000004
ORD0001509,P000036,4,225.58,902.32
ORD0001510,P000091,5,204.84,1024.2
ORD0001511,P000047,1,142.41,142.41
ORD0001511,P000013,1,877.54,877.54
ORD0001511,P000019,1,941.21,941.21
ORD0001512,P000015,3,803.01,2409.0299999999997
ORD0001513,P000034,3,927.37,2782.11
ORD0001513,P000011,3,600.73,1802.19
ORD0001513,P000088,4,730.81,2923.24
ORD0001513,P000031,2,91.66,183.32
ORD0001514,P000099,5,579.66,2898.2999999999997
ORD0001514,P000001,4,571.03,2284.12
ORD0001514,P000049,3,397.95,1193.85
ORD0001515,P000076,4,171.21,684.84
ORD0001515,P000026,2,78.71,157.42
ORD0001516,P000095,3,544.11,1632.33
ORD0001517,P000052,4,148.67,594.68
ORD0001517,P000096,1,118.09,118.09
ORD0001518,P000017,2,525.47,1050.94
ORD0001518,P000001,3,571.03,1713.09
ORD0001518,P000085,2,591.78,1183.56
ORD0001518,P000098,1,647.23,647.23
ORD0001518,P000026,5,78.71,393.54999999999995
ORD0001519,P000074,5,915.8,4579.0
ORD0001519,P000026,4,78.71,314.84
ORD0001519,P000077,3,909.58,2728.7400000000002
ORD0001519,P000009,2,462.25,924.5
ORD0001520,P000075,2,438.9,877.8
ORD0001520,P000095,4,544.11,2176.44
ORD0001521,P000008,2,237.9,475.8
ORD0001521,P000053,1,53.27,53.27
ORD0001522,P000056,2,195.56,391.12
ORD0001522,P000028,2,132.06,264.12
ORD0001523,P000001,4,571.03,2284.12
ORD0001523,P000044,5,446.54,2232.7000000000003
ORD0001524,P000020,5,15.55,77.75
ORD0001524,P000077,4,909.58,3638.32
ORD0001525,P000045,1,711.71,711.71
ORD0001525,P000004,1,709.94,709.94
ORD0001525,P000067,3,296.04,888.1200000000001
ORD0001526,P000060,3,606.3,1818.8999999999999
ORD0001526,P000065,1,392.5,392.5
ORD0001527,P000072,2,841.35,1682.7
ORD0001527,P000042,5,274.71,1373.55
ORD0001527,P000047,5,142.41,712.05
ORD0001527,P000012,2,770.03,1540.06
ORD0001528,P000099,4,579.66,2318.64
ORD0001528,P000047,3,142.41,427.23
ORD0001528,P000032,3,837.84,2513.52
ORD0001529,P000086,3,949.25,2847.75
ORD0001529,P000032,3,837.84,2513.52
ORD0001529,P000026,4,78.71,314.84
ORD0001529,P000062,2,745.88,1491.76
ORD0001530,P000031,2,91.66,183.32
ORD0001530,P000070,2,692.24,1384.48
ORD0001531,P000047,4,142.41,569.64
ORD0001531,P000069,4,822.37,3289.48
ORD0001532,P000030,3,991.47,2974.41
ORD0001532,P000020,4,15.55,62.2
ORD0001532,P000041,1,730.28,730.28
ORD0001532,P000031,2,91.66,183.32
ORD0001533,P000083,4,854.01,3416.04
ORD0001533,P000004,3,709.94,2129.82
ORD0001533,P000084,3,205.66,616.98
ORD0001533,P000018,1,261.78,261.78
ORD0001533,P000037,2,870.37,1740.74
ORD0001534,P000088,4,730.81,2923.24
ORD0001534,P000059,3,225.97,677.91
ORD0001534,P000056,1,195.56,195.56
ORD0001534,P000074,2,915.8,1831.6
ORD0001534,P000076,1,171.21,171.21
ORD0001535,P000094,5,341.12,1705.6
ORD0001535,P000045,4,711.71,2846.84
ORD0001535,P000051,5,250.57,1252.85
ORD0001535,P000058,5,473.76,2368.8
ORD0001536,P000009,4,462.25,1849.0
ORD0001536,P000061,2,422.28,844.56
ORD0001536,P000087,2,16.49,32.98
ORD0001536,P000028,4,132.06,528.24
ORD0001536,P000070,4,692.24,2768.96
ORD0001537,P000030,4,991.47,3965.88
ORD0001537,P000029,3,96.26,288.78000000000003
ORD0001537,P000036,1,225.58,225.58
ORD0001537,P000054,1,622.14,622.14
ORD0001538,P000061,3,422.28,1266.84
ORD0001538,P000089,4,385.38,1541.52
ORD0001538,P000089,2,385.38,770.76
ORD0001538,P000082,2,797.58,1595.16
ORD0001539,P000015,1,803.01,803.01
ORD0001539,P000033,3,644.39,1933.17
ORD0001539,P000098,3,647.23,1941.69
ORD0001540,P000050,2,149.61,299.22
ORD0001540,P000048,4,294.63,1178.52
ORD0001540,P000024,1,33.52,33.52
ORD0001541,P000086,3,949.25,2847.75
ORD0001541,P000044,3,446.54,1339.6200000000001
ORD0001542,P000080,5,425.06,2125.3
ORD0001542,P000027,3,945.04,2835.12
ORD0001543,P000050,3,149.61,448.83000000000004
ORD0001543,P000009,5,462.25,2311.25
ORD0001543,P000070,5,692.24,3461.2
ORD0001543,P000069,5,822.37,4111.85
ORD0001543,P000060,4,606.3,2425.2
ORD0001544,P000058,3,473.76,1421.28
ORD0001544,P000077,1,909.58,909.58
ORD0001544,P000093,2,475.81,951.62
ORD0001544,P000091,4,204.84,819.36
ORD0001545,P000089,3,385.38,1156.1399999999999
ORD0001545,P000018,4,261.78,1047.12
ORD0001545,P000017,1,525.47,525.47
ORD0001545,P000099,2,579.66,1159.32
ORD0001545,P000002,3,665.5,1996.5
ORD0001546,P000058,5,473.76,2368.8
ORD0001546,P000047,1,142.41,142.41
ORD0001547,P000090,3,890.09,2670.27
ORD0001548,P000032,1,837.84,837.84
ORD0001548,P000097,4,812.5,3250.0
ORD0001548,P000029,2,96.26,192.52
ORD0001549,P000084,4,205.66,822.64
ORD0001549,P000031,2,91.66,183.32
ORD0001550,P000022,1,294.77,294.77
ORD0001550,P000004,4,709.94,2839.76
ORD0001550,P000079,2,565.57,1131.14
ORD0001551,P000063,1,73.02,73.02
ORD0001552,P000090,1,890.09,890.09
ORD0001553,P000065,4,392.5,1570.0
ORD0001553,P000070,1,692.24,692.24
ORD0001553,P000007,5,20.07,100.35
ORD0001554,P000051,4,250.57,1002.28
ORD0001554,P000007,1,20.07,20.07
ORD0001555,P000002,4,665.5,2662.0
ORD0001556,P000039,4,929.35,3717.4
ORD0001556,P000071,1,59.2,59.2
ORD0001556,P000005,3,202.06,606.1800000000001
ORD0001557,P000094,3,341.12,1023.36
ORD0001557,P000049,5,397.95,1989.75
ORD0001557,P000042,5,274.71,1373.55
ORD0001557,P000056,3,195.56,586.6800000000001
ORD0001558,P000094,3,341.12,1023.36
ORD0001558,P000049,1,397.95,397.95
ORD0001558,P000068,4,453.04,1812.16
ORD0001558,P000084,5,205.66,1028.3
ORD0001559,P000081,5,834.21,4171.05
ORD0001559,P000035,4,248.76,995.04
ORD0001560,P000059,4,225.97,903.88
ORD0001560,P000042,3,274.71,824.1299999999999
ORD0001560,P000082,2,797.58,1595.16
ORD0001560,P000036,3,225.58,676.74
ORD0001560,P000068,2,453.04,906.08
ORD0001561,P000094,2,341.12,682.24
ORD0001561,P000080,3,425.06,1275.18
ORD0001561,P000023,3,670.32,2010.96
ORD0001561,P000016,1,108.84,108.84
ORD0001562,P000051,5,250.57,1252.85
ORD0001562,P000048,5,294.63,1473.15
ORD0001562,P000084,5,205.66,1028.3
ORD0001563,P000047,5,142.41,712.05
ORD0001563,P000049,4,397.95,1591.8
ORD0001563,P000046,2,580.21,1160.42
ORD0001563,P000100,1,776.96,776.96
ORD0001564,P000100,4,776.96,3107.84
ORD0001564,P000006,3,339.56,1018.6800000000001
ORD0001564,P000080,5,425.06,2125.3
ORD0001564,P000085,5,591.78,2958.8999999999996
ORD0001565,P000071,5,59.2,296.0
ORD0001565,P000042,1,274.71,274.71
ORD0001566,P000030,4,991.47,3965.88
ORD0001567,P000021,4,482.67,1930.68
ORD0001568,P000054,1,622.14,622.14
ORD0001568,P000025,1,985.57,985.57
ORD0001569,P000080,4,425.06,1700.24
ORD0001569,P000012,5,770.03,3850.1499999999996
ORD0001569,P000023,1,670.32,670.32
ORD0001569,P000044,2,446.54,893.08
ORD0001570,P000042,2,274.71,549.42
ORD0001571,P000002,5,665.5,3327.5
ORD0001572,P000035,1,248.76,248.76
ORD0001572,P000087,3,16.49,49.47
ORD0001572,P000026,4,78.71,314.84
ORD0001573,P000092,4,162.46,649.84
ORD0001573,P000026,4,78.71,314.84
ORD0001573,P000074,3,915.8,2747.3999999999996
ORD0001574,P000082,3,797.58,2392.7400000000002
ORD0001574,P000096,5,118.09,590.45
ORD0001574,P000051,5,250.57,1252.85
ORD0001575,P000055,2,173.18,346.36
ORD0001575,P000078,5,475.26,2376.3
ORD0001575,P000036,2,225.58,451.16
ORD0001575,P000026,5,78.71,393.54999999999995
ORD0001575,P000081,3,834.21,2502.63
ORD0001576,P000047,4,142.41,569.64
ORD0001576,P000067,5,296.04,1480.2
ORD0001577,P000066,5,382.36,1911.8000000000002
ORD0001578,P000023,3,670.32,2010.96
ORD0001579,P000085,5,591.78,2958.8999999999996
ORD0001579,P000056,1,195.56,195.56
ORD0001579,P000033,1,644.39,644.39
ORD0001580,P000004,5,709.94,3549.7000000000003
ORD0001580,P000031,1,91.66,91.66
ORD0001580,P000002,3,665.5,1996.5
ORD0001580,P000057,2,124.11,248.22
ORD0001580,P000061,3,422.28,1266.84
ORD0001581,P000044,1,446.54,446.54
ORD0001582,P000052,3,148.67,446.01
ORD0001582,P000008,5,237.9,1189.5
ORD0001583,P000079,3,565.57,1696.71
ORD0001583,P000001,2,571.03,1142.06
ORD0001583,P000007,4,20.07,80.28
ORD0001584,P000063,1,73.02,73.02
ORD0001584,P000072,1,841.35,841.35
ORD0001584,P000023,5,670.32,3351.6000000000004
ORD0001585,P000092,5,162.46,812.3000000000001
ORD0001586,P000074,2,915.8,1831.6
ORD0001587,P000078,5,475.26,2376.3
ORD0001587,P000003,2,924.38,1848.76
ORD0001587,P000055,4,173.18,692.72
ORD0001587,P000018,3,261.78,785.3399999999999
ORD0001587,P000042,4,274.71,1098.84
ORD0001588,P000024,2,33.52,67.04
ORD0001588,P000053,5,53.27,266.35
ORD0001589,P000100,5,776.96,3884.8
ORD0001589,P000033,3,644.39,1933.17
ORD0001589,P000011,1,600.73,600.73
ORD0001589,P000035,3,248.76,746.28
ORD0001589,P000077,5,909.58,4547.900000000001
ORD0001590,P000048,1,294.63,294.63
ORD0001590,P000098,2,647.23,1294.46
ORD0001590,P000023,3,670.32,2010.96
ORD0001590,P000089,5,385.38,1926.9
ORD0001591,P000064,4,135.37,541.48
ORD0001591,P000094,5,341.12,1705.6
ORD0001591,P000057,4,124.11,496.44
ORD0001591,P000083,3,854.01,2562.0299999999997
ORD0001591,P000058,4,473.76,1895.04
ORD0001592,P000022,2,294.77,589.54
ORD0001592,P000083,1,854.01,854.01
ORD0001592,P000089,2,385.38,770.76
ORD0001592,P000001,3,571.03,1713.09
ORD0001593,P000024,4,33.52,134.08
ORD0001593,P000013,2,877.54,1755.08
ORD0001593,P000006,1,339.56,339.56
ORD0001593,P000037,2,870.37,1740.74
ORD0001594,P000081,3,834.21,2502.63
ORD0001595,P000077,3,909.58,2728.7400000000002
ORD0001595,P000053,4,53.27,213.08
ORD0001596,P000016,4,108.84,435.36
ORD0001596,P000093,5,475.81,2379.05
ORD0001596,P000006,5,339.56,1697.8
ORD0001596,P000080,1,425.06,425.06
ORD0001596,P000056,4,195.56,782.24
ORD0001597,P000050,4,149.61,598.44
ORD0001597,P000038,1,237.03,237.03
ORD0001597,P000012,2,770.03,1540.06
ORD0001597,P000031,4,91.66,366.64
ORD0001597,P000020,1,15.55,15.55
ORD0001598,P000004,2,709.94,1419.88
ORD0001599,P000043,3,232.18,696.54
ORD0001599,P000060,3,606.3,1818.8999999999999
ORD0001600,P000092,4,162.46,649.84
ORD0001601,P000062,5,745.88,3729.4
ORD0001602,P000045,1,711.71,711.71
ORD0001603,P000045,2,711.71,1423.42
ORD0001603,P000028,4,132.06,528.24
ORD0001603,P000006,1,339.56,339.56
ORD0001604,P000018,4,261.78,1047.12
ORD0001604,P000084,4,205.66,822.64
ORD0001604,P000009,2,462.25,924.5
ORD0001604,P000008,2,237.9,475.8
ORD0001605,P000041,5,730.28,3651.3999999999996
ORD0001605,P000066,5,382.36,1911.8000000000002
ORD0001605,P000091,5,204.84,1024.2
ORD0001605,P000068,1,453.04,453.04
ORD0001606,P000050,4,149.61,598.44
ORD0001606,P000095,3,544.11,1632.33
ORD0001606,P000053,5,53.27,266.35
ORD0001606,P000044,4,446.54,1786.16
ORD0001606,P000092,4,162.46,649.84
ORD0001607,P000006,4,339.56,1358.24
ORD0001607,P000001,2,571.03,1142.06
ORD0001607,P000064,4,135.37,541.48
ORD0001608,P000061,5,422.28,2111.3999999999996
ORD0001609,P000012,4,770.03,3080.12
ORD0001609,P000059,3,225.97,677.91
ORD0001609,P000069,4,822.37,3289.48
ORD0001609,P000056,1,195.56,195.56
ORD0001610,P000078,4,475.26,1901.04
ORD0001610,P000082,4,797.58,3190.32
ORD0001610,P000086,3,949.25,2847.75
ORD0001610,P000070,4,692.24,2768.96
ORD0001611,P000049,4,397.95,1591.8
ORD0001612,P000007,4,20.07,80.28
ORD0001612,P000040,3,852.32,2556.96
ORD0001612,P000005,1,202.06,202.06
ORD0001612,P000008,5,237.9,1189.5
ORD0001612,P000060,5,606.3,3031.5
ORD0001613,P000055,5,173.18,865.9000000000001
ORD0001613,P000009,3,462.25,1386.75
ORD0001613,P000055,4,173.18,692.72
ORD0001613,P000071,4,59.2,236.8
ORD0001613,P000007,5,20.07,100.35
ORD0001614,P000043,3,232.18,696.54
ORD0001615,P000081,4,834.21,3336.84
ORD0001615,P000091,4,204.84,819.36
ORD0001615,P000026,3,78.71,236.13
ORD0001616,P000018,4,261.78,1047.12
ORD0001617,P000023,5,670.32,3351.6000000000004
ORD0001618,P000049,4,397.95,1591.8
ORD0001618,P000028,3,132.06,396.18
ORD0001618,P000071,3,59.2,177.60000000000002
ORD0001618,P000051,5,250.57,1252.85
ORD0001618,P000040,2,852.32,1704.64
ORD0001619,P000038,3,237.03,711.09
ORD0001619,P000073,4,122.71,490.84
ORD0001619,P000049,4,397.95,1591.8
ORD0001619,P000096,5,118.09,590.45
ORD0001620,P000014,1,928.24,928.24
ORD0001620,P000005,3,202.06,606.1800000000001
ORD0001620,P000095,5,544.11,2720.55
ORD0001621,P000093,5,475.81,2379.05
ORD0001621,P000085,3,591.78,1775.34
ORD0001621,P000033,2,644.39,1288.78
ORD0001621,P000081,4,834.21,3336.84
ORD0001621,P000002,5,665.5,3327.5
ORD0001622,P000047,2,142.41,284.82
ORD0001622,P000057,5,124.11,620.55
ORD0001622,P000041,5,730.28,3651.3999999999996
ORD0001622,P000049,5,397.95,1989.75
ORD0001623,P000019,5,941.21,4706.05
ORD0001623,P000030,5,991.47,4957.35
ORD0001624,P000063,2,73.02,146.04
ORD0001624,P000093,2,475.81,951.62
ORD0001624,P000050,3,149.61,448.83000000000004
ORD0001624,P000016,5,108.84,544.2
ORD0001624,P000096,3,118.09,354.27
ORD0001625,P000014,3,928.24,2784.7200000000003
ORD0001626,P000005,2,202.06,404.12
ORD0001626,P000011,3,600.73,1802.19
ORD0001626,P000034,4,927.37,3709.48
ORD0001627,P000030,4,991.47,3965.88
ORD0001628,P000022,3,294.77,884.31
ORD0001628,P000042,3,274.71,824.1299999999999
ORD0001628,P000018,3,261.78,785.3399999999999
ORD0001628,P000060,1,606.3,606.3
ORD0001629,P000021,4,482.67,1930.68
ORD0001629,P000029,4,96.26,385.04
ORD0001630,P000056,3,195.56,586.6800000000001
ORD0001631,P000078,2,475.26,950.52
ORD0001631,P000012,4,770.03,3080.12
ORD0001631,P000035,4,248.76,995.04
ORD0001631,P000088,4,730.81,2923.24
ORD0001632,P000058,4,473.76,1895.04
ORD0001632,P000003,1,924.38,924.38
ORD0001633,P000073,3,122.71,368.13
ORD0001634,P000045,2,711.71,1423.42
ORD0001635,P000008,5,237.9,1189.5
ORD0001635,P000060,2,606.3,1212.6
ORD0001635,P000052,5,148.67,743.3499999999999
ORD0001635,P000012,3,770.03,2310.09
ORD0001636,P000005,2,202.06,404.12
ORD0001636,P000062,5,745.88,3729.4
ORD0001636,P000065,1,392.5,392.5
ORD0001636,P000030,3,991.47,2974.41
ORD0001637,P000021,1,482.67,482.67
ORD0001637,P000072,3,841.35,2524.05
ORD0001638,P000056,4,195.56,782.24
ORD0001638,P000038,2,237.03,474.06
ORD0001638,P000078,1,475.26,475.26
ORD0001638,P000074,2,915.8,1831.6
ORD0001639,P000043,5,232.18,1160.9
ORD0001639,P000003,1,924.38,924.38
ORD0001639,P000073,3,122.71,368.13
ORD0001639,P000015,5,803.01,4015.05
ORD0001639,P000085,1,591.78,591.78
ORD0001640,P000029,1,96.26,96.26
ORD0001640,P000028,5,132.06,660.3
ORD0001641,P000038,5,237.03,1185.15
ORD0001641,P000019,5,941.21,4706.05
ORD0001641,P000007,3,20.07,60.21
ORD0001642,P000042,2,274.71,549.42
ORD0001642,P000093,2,475.81,951.62
ORD0001642,P000024,4,33.52,134.08
ORD0001642,P000089,3,385.38,1156.1399999999999
ORD0001642,P000055,2,173.18,346.36
ORD0001643,P000040,5,852.32,4261.6
ORD0001644,P000099,5,579.66,2898.2999999999997
ORD0001645,P000033,2,644.39,1288.78
ORD0001645,P000023,5,670.32,3351.6000000000004
ORD0001645,P000088,4,730.81,2923.24
ORD0001645,P000048,5,294.63,1473.15
ORD0001645,P000030,5,991.47,4957.35
ORD0001646,P000064,3,135.37,406.11
ORD0001646,P000006,3,339.56,1018.6800000000001
ORD0001646,P000069,4,822.37,3289.48
ORD0001646,P000038,5,237.03,1185.15
ORD0001647,P000047,4,142.41,569.64
ORD0001647,P000026,1,78.71,78.71
ORD0001648,P000055,5,173.18,865.9000000000001
ORD0001648,P000070,2,692.24,1384.48
ORD0001648,P000016,3,108.84,326.52
ORD0001648,P000001,3,571.03,1713.09
ORD0001648,P000030,4,991.47,3965.88
ORD0001649,P000023,1,670.32,670.32
ORD0001649,P000039,1,929.35,929.35
ORD0001649,P000034,5,927.37,4636.85
ORD0001649,P000024,2,33.52,67.04
ORD0001650,P000042,4,274.71,1098.84
ORD0001650,P000060,3,606.3,1818.8999999999999
ORD0001650,P000025,5,985.57,4927.85
ORD0001651,P000038,2,237.03,474.06
ORD0001651,P000081,3,834.21,2502.63
ORD0001651,P000048,3,294.63,883.89
ORD0001652,P000051,1,250.57,250.57
ORD0001652,P000092,1,162.46,162.46
ORD0001653,P000046,5,580.21,2901.05
ORD0001653,P000011,2,600.73,1201.46
ORD0001653,P000099,5,579.66,2898.2999999999997
ORD0001653,P000015,1,803.01,803.01
ORD0001653,P000066,2,382.36,764.72
ORD0001654,P000074,5,915.8,4579.0
ORD0001654,P000083,4,854.01,3416.04
ORD0001654,P000031,2,91.66,183.32
ORD0001655,P000076,2,171.21,342.42
ORD0001655,P000023,5,670.32,3351.6000000000004
ORD0001655,P000098,4,647.23,2588.92
ORD0001656,P000014,2,928.24,1856.48
ORD0001656,P000025,3,985.57,2956.71
ORD0001657,P000050,2,149.61,299.22
ORD0001658,P000099,1,579.66,579.66
ORD0001658,P000060,2,606.3,1212.6
ORD0001658,P000012,3,770.03,2310.09
ORD0001658,P000015,5,803.01,4015.05
ORD0001658,P000030,1,991.47,991.47
ORD0001659,P000014,3,928.24,2784.7200000000003
ORD0001659,P000032,1,837.84,837.84
ORD0001659,P000096,5,118.09,590.45
ORD0001660,P000068,5,453.04,2265.2000000000003
ORD0001661,P000071,1,59.2,59.2
ORD0001661,P000015,2,803.01,1606.02
ORD0001661,P000079,2,565.57,1131.14
ORD0001661,P000041,4,730.28,2921.12
ORD0001661,P000030,4,991.47,3965.88
ORD0001662,P000085,5,591.78,2958.8999999999996
ORD0001662,P000020,2,15.55,31.1
ORD0001662,P000059,2,225.97,451.94
ORD0001662,P000069,2,822.37,1644.74
ORD0001663,P000072,4,841.35,3365.4
ORD0001663,P000001,4,571.03,2284.12
ORD0001664,P000092,5,162.46,812.3000000000001
ORD0001664,P000052,3,148.67,446.01
ORD0001665,P000065,1,392.5,392.5
ORD0001665,P000004,1,709.94,709.94
ORD0001665,P000089,4,385.38,1541.52
ORD0001665,P000023,1,670.32,670.32
ORD0001666,P000018,3,261.78,785.3399999999999
ORD0001667,P000092,5,162.46,812.3000000000001
ORD0001667,P000092,1,162.46,162.46
ORD0001667,P000093,1,475.81,475.81
ORD0001667,P000039,3,929.35,2788.05
ORD0001668,P000077,5,909.58,4547.900000000001
ORD0001668,P000083,2,854.01,1708.02
ORD0001668,P000084,3,205.66,616.98
ORD0001668,P000032,1,837.84,837.84
ORD0001669,P000007,4,20.07,80.28
ORD0001670,P000087,2,16.49,32.98
ORD0001670,P000006,4,339.56,1358.24
ORD0001670,P000003,5,924.38,4621.9
ORD0001670,P000056,2,195.56,391.12
ORD0001671,P000081,3,834.21,2502.63
ORD0001671,P000012,4,770.03,3080.12
ORD0001672,P000008,1,237.9,237.9
ORD0001672,P000090,2,890.09,1780.18
ORD0001672,P000059,3,225.97,677.91
ORD0001673,P000083,2,854.01,1708.02
ORD0001673,P000073,5,122.71,613.55
ORD0001673,P000023,5,670.32,3351.6000000000004
ORD0001674,P000099,2,579.66,1159.32
ORD0001674,P000001,3,571.03,1713.09
ORD0001674,P000056,1,195.56,195.56
ORD0001674,P000024,4,33.52,134.08
ORD0001674,P000051,1,250.57,250.57
ORD0001675,P000052,2,148.67,297.34
ORD0001675,P000024,5,33.52,167.60000000000002
ORD0001675,P000008,1,237.9,237.9
ORD0001676,P000080,3,425.06,1275.18
ORD0001676,P000049,4,397.95,1591.8
ORD0001676,P000060,2,606.3,1212.6
ORD0001677,P000062,5,745.88,3729.4
ORD0001677,P000028,2,132.06,264.12
ORD0001677,P000053,5,53.27,266.35
ORD0001677,P000038,4,237.03,948.12
ORD0001677,P000014,3,928.24,2784.7200000000003
ORD0001678,P000040,2,852.32,1704.64
ORD0001678,P000090,3,890.09,2670.27
ORD0001678,P000023,2,670.32,1340.64
ORD0001678,P000015,1,803.01,803.01
ORD0001679,P000078,4,475.26,1901.04
ORD0001679,P000084,2,205.66,411.32
ORD0001679,P000043,5,232.18,1160.9
ORD0001680,P000044,3,446.54,1339.6200000000001
ORD0001680,P000015,4,803.01,3212.04
ORD0001680,P000033,1,644.39,644.39
ORD0001680,P000033,2,644.39,1288.78
ORD0001681,P000075,4,438.9,1755.6
ORD0001682,P000004,2,709.94,1419.88
ORD0001683,P000096,1,118.09,118.09
ORD0001683,P000021,1,482.67,482.67
ORD0001683,P000029,1,96.26,96.26
ORD0001683,P000005,3,202.06,606.1800000000001
ORD0001683,P000007,2,20.07,40.14
ORD0001684,P000033,4,644.39,2577.56
ORD0001684,P000098,3,647.23,1941.69
ORD0001684,P000079,1,565.57,565.57
ORD0001684,P000055,1,173.18,173.18
ORD0001684,P000050,4,149.61,598.44
ORD0001685,P000021,2,482.67,965.34
ORD0001685,P000062,2,745.88,1491.76
ORD0001685,P000044,4,446.54,1786.16
ORD0001685,P000085,3,591.78,1775.34
ORD0001686,P000024,1,33.52,33.52
ORD0001686,P000029,4,96.26,385.04
ORD0001686,P000025,1,985.57,985.57
ORD0001687,P000094,4,341.12,1364.48
ORD0001688,P000037,5,870.37,4351.85
ORD0001688,P000042,5,274.71,1373.55
ORD0001689,P000059,3,225.97,677.91
ORD0001689,P000006,2,339.56,679.12
ORD0001689,P000078,4,475.26,1901.04
ORD0001689,P000045,1,711.71,711.71
ORD0001690,P000029,1,96.26,96.26
ORD0001690,P000080,2,425.06,850.12
ORD0001690,P000040,1,852.32,852.32
ORD0001690,P000009,4,462.25,1849.0
ORD0001690,P000090,3,890.09,2670.27
ORD0001691,P000011,2,600.73,1201.46
ORD0001691,P000014,4,928.24,3712.96
ORD0001691,P000014,2,928.24,1856.48
ORD0001692,P000020,4,15.55,62.2
ORD0001692,P000098,5,647.23,3236.15
ORD0001692,P000016,5,108.84,544.2
ORD0001692,P000016,5,108.84,544.2
ORD0001693,P000049,5,397.95,1989.75
ORD0001693,P000067,5,296.04,1480.2
ORD0001693,P000026,5,78.71,393.54999999999995
ORD0001693,P000075,1,438.9,438.9
ORD0001694,P000014,1,928.24,928.24
ORD0001695,P000080,4,425.06,1700.24
ORD0001695,P000099,5,579.66,2898.2999999999997
ORD0001695,P000039,1,929.35,929.35
ORD0001695,P000062,5,745.88,3729.4
ORD0001696,P000055,3,173.18,519.54
ORD0001696,P000047,1,142.41,142.41
ORD0001696,P000057,4,124.11,496.44
ORD0001696,P000023,1,670.32,670.32
ORD0001697,P000003,5,924.38,4621.9
ORD0001697,P000065,4,392.5,1570.0
ORD0001697,P000070,4,692.24,2768.96
ORD0001698,P000037,3,870.37,2611.11
ORD0001698,P000048,1,294.63,294.63
ORD0001698,P000022,2,294.77,589.54
ORD0001698,P000018,2,261.78,523.56
ORD0001698,P000039,4,929.35,3717.4
ORD0001699,P000034,4,927.37,3709.48
ORD0001699,P000030,1,991.47,991.47
ORD0001700,P000021,2,482.67,965.34
ORD0001701,P000056,5,195.56,977.8
ORD0001701,P000040,5,852.32,4261.6
ORD0001702,P000037,1,870.37,870.37
ORD0001702,P000002,1,665.5,665.5
ORD0001702,P000046,5,580.21,2901.05
ORD0001703,P000031,1,91.66,91.66
ORD0001703,P000091,1,204.84,204.84
ORD0001703,P000080,4,425.06,1700.24
ORD0001703,P000094,3,341.12,1023.36
ORD0001703,P000089,2,385.38,770.76
ORD0001704,P000085,1,591.78,591.78
ORD0001704,P000021,3,482.67,1448.01
ORD0001704,P000049,2,397.95,795.9
ORD0001704,P000009,3,462.25,1386.75
ORD0001704,P000058,5,473.76,2368.8
ORD0001705,P000012,5,770.03,3850.1499999999996
ORD0001705,P000084,5,205.66,1028.3
ORD0001705,P000091,2,204.84,409.68
ORD0001705,P000086,4,949.25,3797.0
ORD0001705,P000100,1,776.96,776.96
ORD0001706,P000021,4,482.67,1930.68
ORD0001706,P000044,2,446.54,893.08
ORD0001707,P000072,5,841.35,4206.75
ORD0001707,P000086,1,949.25,949.25
ORD0001707,P000074,4,915.8,3663.2
ORD0001708,P000079,2,565.57,1131.14
ORD0001708,P000065,1,392.5,392.5
ORD0001708,P000016,4,108.84,435.36
ORD0001708,P000029,3,96.26,288.78000000000003
ORD0001708,P000042,2,274.71,549.42
ORD0001709,P000090,1,890.09,890.09
ORD0001709,P000010,4,183.93,735.72
ORD0001710,P000005,5,202.06,1010.3
ORD0001710,P000078,3,475.26,1425.78
ORD0001711,P000074,3,915.8,2747.3999999999996
ORD0001712,P000080,1,425.06,425.06
ORD0001713,P000022,3,294.77,884.31
ORD0001713,P000019,2,941.21,1882.42
ORD0001713,P000001,1,571.03,571.03
ORD0001713,P000012,1,770.03,770.03
ORD0001714,P000060,3,606.3,1818.8999999999999
ORD0001714,P000029,5,96.26,481.3
ORD0001714,P000078,2,475.26,950.52
ORD0001715,P000044,5,446.54,2232.7000000000003
ORD0001715,P000053,3,53.27,159.81
ORD0001715,P000040,3,852.32,2556.96
ORD0001716,P000048,3,294.63,883.89
ORD0001716,P000037,1,870.37,870.37
ORD0001717,P000092,5,162.46,812.3000000000001
ORD0001717,P000044,4,446.54,1786.16
ORD0001717,P000081,1,834.21,834.21
ORD0001717,P000017,4,525.47,2101.88
ORD0001717,P000004,5,709.94,3549.7000000000003
ORD0001718,P000045,2,711.71,1423.42
ORD0001718,P000085,3,591.78,1775.34
ORD0001719,P000013,3,877.54,2632.62
ORD0001719,P000042,4,274.71,1098.84
ORD0001720,P000055,4,173.18,692.72
ORD0001720,P000026,1,78.71,78.71
ORD0001721,P000066,1,382.36,382.36
ORD0001722,P000033,2,644.39,1288.78
ORD0001722,P000034,2,927.37,1854.74
ORD0001722,P000041,2,730.28,1460.56
ORD0001722,P000040,4,852.32,3409.28
ORD0001723,P000048,4,294.63,1178.52
ORD0001723,P000027,2,945.04,1890.08
ORD0001724,P000030,1,991.47,991.47
ORD0001724,P000030,5,991.47,4957.35
ORD0001724,P000070,2,692.24,1384.48
ORD0001725,P000008,1,237.9,237.9
ORD0001725,P000072,3,841.35,2524.05
ORD0001725,P000024,1,33.52,33.52
ORD0001725,P000071,5,59.2,296.0
ORD0001726,P000069,2,822.37,1644.74
ORD0001726,P000067,4,296.04,1184.16
ORD0001726,P000012,1,770.03,770.03
ORD0001726,P000015,1,803.01,803.01
ORD0001726,P000100,2,776.96,1553.92
ORD0001727,P000095,4,544.11,2176.44
ORD0001727,P000009,1,462.25,462.25
ORD0001727,P000096,4,118.09,472.36
ORD0001727,P000055,5,173.18,865.9000000000001
ORD0001728,P000073,4,122.71,490.84
ORD0001728,P000065,1,392.5,392.5
ORD0001728,P000081,3,834.21,2502.63
ORD0001728,P000012,3,770.03,2310.09
ORD0001728,P000083,3,854.01,2562.0299999999997
ORD0001729,P000063,5,73.02,365.09999999999997
ORD0001730,P000015,4,803.01,3212.04
ORD0001730,P000007,1,20.07,20.07
ORD0001730,P000033,5,644.39,3221.95
ORD0001730,P000022,5,294.77,1473.85
ORD0001731,P000097,2,812.5,1625.0
ORD0001732,P000093,5,475.81,2379.05
ORD0001732,P000069,2,822.37,1644.74
ORD0001732,P000080,3,425.06,1275.18
ORD0001733,P000017,5,525.47,2627.3500000000004
ORD0001734,P000021,2,482.67,965.34
ORD0001734,P000008,5,237.9,1189.5
ORD0001734,P000073,2,122.71,245.42
ORD0001734,P000035,2,248.76,497.52
ORD0001735,P000073,4,122.71,490.84
ORD0001735,P000025,5,985.57,4927.85
ORD0001736,P000027,3,945.04,2835.12
ORD0001736,P000033,3,644.39,1933.17
ORD0001736,P000100,1,776.96,776.96
ORD0001736,P000062,3,745.88,2237.64
ORD0001737,P000043,2,232.18,464.36
ORD0001737,P000044,3,446.54,1339.6200000000001
ORD0001738,P000058,4,473.76,1895.04
ORD0001739,P000100,4,776.96,3107.84
ORD0001739,P000052,3,148.67,446.01
ORD0001739,P000065,3,392.5,1177.5
ORD0001739,P000013,2,877.54,1755.08
ORD0001739,P000006,5,339.56,1697.8
ORD0001740,P000009,3,462.25,1386.75
ORD0001740,P000058,3,473.76,1421.28
ORD0001740,P000065,1,392.5,392.5
ORD0001741,P000016,2,108.84,217.68
ORD0001742,P000079,5,565.57,2827.8500000000004
ORD0001742,P000042,3,274.71,824.1299999999999
ORD0001743,P000028,1,132.06,132.06
ORD0001743,P000039,2,929.35,1858.7
ORD0001743,P000083,3,854.01,2562.0299999999997
ORD0001743,P000097,4,812.5,3250.0
ORD0001743,P000077,3,909.58,2728.7400000000002
ORD0001744,P000026,3,78.71,236.13
ORD0001744,P000093,3,475.81,1427.43
ORD0001744,P000051,4,250.57,1002.28
ORD0001744,P000001,2,571.03,1142.06
ORD0001744,P000081,4,834.21,3336.84
ORD0001745,P000024,2,33.52,67.04
ORD0001745,P000074,5,915.8,4579.0
ORD0001746,P000043,5,232.18,1160.9
ORD0001746,P000002,3,665.5,1996.5
ORD0001747,P000020,1,15.55,15.55
ORD0001747,P000037,2,870.37,1740.74
ORD0001748,P000096,2,118.09,236.18
ORD0001748,P000086,4,949.25,3797.0
ORD0001748,P000019,4,941.21,3764.84
ORD0001748,P000003,4,924.38,3697.52
ORD0001749,P000026,1,78.71,78.71
ORD0001749,P000090,1,890.09,890.09
ORD0001749,P000010,3,183.93,551.79
ORD0001749,P000066,1,382.36,382.36
ORD0001749,P000054,2,622.14,1244.28
ORD0001750,P000051,1,250.57,250.57
ORD0001751,P000029,3,96.26,288.78000000000003
ORD0001751,P000099,5,579.66,2898.2999999999997
ORD0001751,P000011,4,600.73,2402.92
ORD0001752,P000035,3,248.76,746.28
ORD0001752,P000039,1,929.35,929.35
ORD0001752,P000085,4,591.78,2367.12
ORD0001753,P000056,2,195.56,391.12
ORD0001753,P000011,4,600.73,2402.92
ORD0001753,P000084,2,205.66,411.32
ORD0001753,P000049,1,397.95,397.95
ORD0001753,P000082,1,797.58,797.58
ORD0001754,P000092,3,162.46,487.38
ORD0001754,P000021,3,482.67,1448.01
ORD0001754,P000062,2,745.88,1491.76
ORD0001754,P000091,3,204.84,614.52
ORD0001754,P000067,2,296.04,592.08
ORD0001755,P000086,1,949.25,949.25
ORD0001756,P000010,5,183.93,919.6500000000001
ORD0001756,P000013,4,877.54,3510.16
ORD0001756,P000093,5,475.81,2379.05
ORD0001757,P000061,3,422.28,1266.84
ORD0001757,P000032,1,837.84,837.84
ORD0001758,P000045,5,711.71,3558.55
ORD0001758,P000055,1,173.18,173.18
ORD0001758,P000037,4,870.37,3481.48
ORD0001758,P000047,4,142.41,569.64
ORD0001758,P000050,1,149.61,149.61
ORD0001759,P000023,1,670.32,670.32
ORD0001759,P000039,5,929.35,4646.75
ORD0001759,P000061,1,422.28,422.28
ORD0001759,P000089,3,385.38,1156.1399999999999
ORD0001759,P000084,1,205.66,205.66
ORD0001760,P000098,2,647.23,1294.46
ORD0001760,P000031,2,91.66,183.32
ORD0001760,P000026,3,78.71,236.13
ORD0001761,P000093,3,475.81,1427.43
ORD0001761,P000051,5,250.57,1252.85
ORD0001761,P000068,5,453.04,2265.2000000000003
ORD0001761,P000007,4,20.07,80.28
ORD0001761,P000009,5,462.25,2311.25
ORD0001762,P000084,3,205.66,616.98
ORD0001762,P000092,1,162.46,162.46
ORD0001763,P000092,3,162.46,487.38
ORD0001763,P000093,4,475.81,1903.24
ORD0001763,P000089,3,385.38,1156.1399999999999
ORD0001763,P000046,1,580.21,580.21
ORD0001764,P000067,5,296.04,1480.2
ORD0001764,P000095,4,544.11,2176.44
ORD0001764,P000070,2,692.24,1384.48
ORD0001764,P000005,3,202.06,606.1800000000001
ORD0001764,P000011,4,600.73,2402.92
ORD0001765,P000036,5,225.58,1127.9
ORD0001765,P000008,4,237.9,951.6
ORD0001765,P000071,5,59.2,296.0
ORD0001765,P000024,1,33.52,33.52
ORD0001766,P000045,5,711.71,3558.55
ORD0001767,P000011,3,600.73,1802.19
ORD0001768,P000044,5,446.54,2232.7000000000003
ORD0001768,P000047,2,142.41,284.82
ORD0001768,P000065,3,392.5,1177.5
ORD0001768,P000095,2,544.11,1088.22
ORD0001768,P000094,2,341.12,682.24
ORD0001769,P000084,2,205.66,411.32
ORD0001769,P000066,4,382.36,1529.44
ORD0001769,P000034,2,927.37,1854.74
ORD0001769,P000068,5,453.04,2265.2000000000003
ORD0001770,P000023,1,670.32,670.32
ORD0001770,P000050,1,149.61,149.61
ORD0001770,P000074,3,915.8,2747.3999999999996
ORD0001770,P000053,5,53.27,266.35
ORD0001771,P000088,2,730.81,1461.62
ORD0001771,P000043,1,232.18,232.18
ORD0001771,P000065,4,392.5,1570.0
ORD0001772,P000100,1,776.96,776.96
ORD0001772,P000056,1,195.56,195.56
ORD0001773,P000040,2,852.32,1704.64
ORD0001773,P000006,1,339.56,339.56
ORD0001773,P000083,5,854.01,4270.05
ORD0001774,P000062,3,745.88,2237.64
ORD0001774,P000090,1,890.09,890.09
ORD0001774,P000037,2,870.37,1740.74
ORD0001774,P000001,4,571.03,2284.12
ORD0001774,P000007,3,20.07,60.21
ORD0001775,P000029,1,96.26,96.26
ORD0001776,P000082,1,797.58,797.58
ORD0001777,P000055,2,173.18,346.36
ORD0001777,P000054,4,622.14,2488.56
ORD0001777,P000014,4,928.24,3712.96
ORD0001777,P000009,1,462.25,462.25
ORD0001777,P000017,1,525.47,525.47
ORD0001778,P000030,1,991.47,991.47
ORD0001778,P000013,5,877.54,4387.7
ORD0001778,P000075,4,438.9,1755.6
ORD0001779,P000047,3,142.41,427.23
ORD0001779,P000004,5,709.94,3549.7000000000003
ORD0001779,P000009,1,462.25,462.25
ORD0001780,P000008,1,237.9,237.9
ORD0001780,P000091,2,204.84,409.68
ORD0001780,P000063,3,73.02,219.06
ORD0001781,P000039,2,929.35,1858.7
ORD0001781,P000018,3,261.78,785.3399999999999
ORD0001781,P000005,5,202.06,1010.3
ORD0001781,P000014,3,928.24,2784.7200000000003
ORD0001781,P000086,4,949.25,3797.0
ORD0001782,P000023,2,670.32,1340.64
ORD0001782,P000062,1,745.88,745.88
ORD0001782,P000006,5,339.56,1697.8
ORD0001783,P000061,4,422.28,1689.12
ORD0001783,P000018,3,261.78,785.3399999999999
ORD0001783,P000079,5,565.57,2827.8500000000004
ORD0001783,P000095,2,544.11,1088.22
ORD0001784,P000053,4,53.27,213.08
ORD0001784,P000064,5,135.37,676.85
ORD0001784,P000087,5,16.49,82.44999999999999
ORD0001784,P000072,1,841.35,841.35
ORD0001785,P000037,4,870.37,3481.48
ORD0001785,P000054,5,622.14,3110.7
ORD0001786,P000041,4,730.28,2921.12
ORD0001786,P000076,2,171.21,342.42
ORD0001786,P000055,3,173.18,519.54
ORD0001786,P000024,4,33.52,134.08
ORD0001786,P000012,5,770.03,3850.1499999999996
ORD0001787,P000012,2,770.03,1540.06
ORD0001787,P000087,5,16.49,82.44999999999999
ORD0001787,P000006,2,339.56,679.12
ORD0001787,P000096,4,118.09,472.36
ORD0001787,P000032,2,837.84,1675.68
ORD0001788,P000071,3,59.2,177.60000000000002
ORD0001788,P000066,2,382.36,764.72
ORD0001788,P000091,1,204.84,204.84
ORD0001788,P000083,3,854.01,2562.0299999999997
ORD0001788,P000075,1,438.9,438.9
ORD0001789,P000098,5,647.23,3236.15
ORD0001789,P000081,5,834.21,4171.05
ORD0001789,P000049,4,397.95,1591.8
ORD0001789,P000094,1,341.12,341.12
ORD0001789,P000060,2,606.3,1212.6
ORD0001790,P000083,2,854.01,1708.02
ORD0001790,P000098,1,647.23,647.23
ORD0001791,P000022,2,294.77,589.54
ORD0001791,P000051,2,250.57,501.14
ORD0001791,P000041,5,730.28,3651.3999999999996
ORD0001791,P000086,2,949.25,1898.5
ORD0001792,P000045,2,711.71,1423.42
ORD0001792,P000069,3,822.37,2467.11
ORD0001792,P000022,5,294.77,1473.85
ORD0001792,P000069,5,822.37,4111.85
ORD0001793,P000044,2,446.54,893.08
ORD0001793,P000094,5,341.12,1705.6
ORD0001793,P000084,1,205.66,205.66
ORD0001793,P000079,4,565.57,2262.28
ORD0001794,P000064,3,135.37,406.11
ORD0001794,P000045,4,711.71,2846.84
ORD0001794,P000019,5,941.21,4706.05
ORD0001794,P000044,1,446.54,446.54
ORD0001794,P000001,2,571.03,1142.06
ORD0001795,P000037,2,870.37,1740.74
ORD0001795,P000097,5,812.5,4062.5
ORD0001796,P000095,5,544.11,2720.55
ORD0001796,P000093,3,475.81,1427.43
ORD0001796,P000038,2,237.03,474.06
ORD0001796,P000035,1,248.76,248.76
ORD0001796,P000064,1,135.37,135.37
ORD0001797,P000088,5,730.81,3654.0499999999997
ORD0001797,P000003,5,924.38,4621.9
ORD0001797,P000008,3,237.9,713.7
ORD0001797,P000077,4,909.58,3638.32
ORD0001798,P000091,5,204.84,1024.2
ORD0001798,P000006,4,339.56,1358.24
ORD0001798,P000054,5,622.14,3110.7
ORD0001799,P000089,1,385.38,385.38
ORD0001800,P000047,2,142.41,284.82
ORD0001800,P000085,1,591.78,591.78
ORD0001801,P000019,2,941.21,1882.42
ORD0001801,P000002,3,665.5,1996.5
ORD0001802,P000008,1,237.9,237.9
ORD0001802,P000086,1,949.25,949.25
ORD0001802,P000066,5,382.36,1911.8000000000002
ORD0001802,P000055,3,173.18,519.54
ORD0001802,P000011,4,600.73,2402.92
ORD0001803,P000099,3,579.66,1738.98
ORD0001803,P000084,2,205.66,411.32
ORD0001803,P000025,1,985.57,985.57
ORD0001804,P000014,5,928.24,4641.2
ORD0001804,P000077,5,909.58,4547.900000000001
ORD0001804,P000034,2,927.37,1854.74
ORD0001805,P000021,5,482.67,2413.35
ORD0001805,P000035,1,248.76,248.76
ORD0001806,P000064,4,135.37,541.48
ORD0001806,P000035,4,248.76,995.04
ORD0001807,P000030,4,991.47,3965.88
ORD0001807,P000046,4,580.21,2320.84
ORD0001807,P000095,3,544.11,1632.33
ORD0001808,P000013,2,877.54,1755.08
ORD0001808,P000098,4,647.23,2588.92
ORD0001808,P000093,1,475.81,475.81
ORD0001808,P000003,4,924.38,3697.52
ORD0001809,P000070,3,692.24,2076.7200000000003
ORD0001809,P000009,3,462.25,1386.75
ORD0001809,P000086,5,949.25,4746.25
ORD0001809,P000038,1,237.03,237.03
ORD0001810,P000056,3,195.56,586.6800000000001
ORD0001810,P000080,4,425.06,1700.24
ORD0001810,P000034,1,927.37,927.37
ORD0001810,P000019,3,941.21,2823.63
ORD0001810,P000072,5,841.35,4206.75
ORD0001811,P000069,4,822.37,3289.48
ORD0001811,P000085,1,591.78,591.78
ORD0001811,P000049,5,397.95,1989.75
ORD0001811,P000016,2,108.84,217.68
ORD0001811,P000027,5,945.04,4725.2
ORD0001812,P000023,4,670.32,2681.28
ORD0001812,P000032,2,837.84,1675.68
ORD0001813,P000050,3,149.61,448.83000000000004
ORD0001813,P000042,1,274.71,274.71
ORD0001813,P000077,4,909.58,3638.32
ORD0001814,P000068,4,453.04,1812.16
ORD0001814,P000040,3,852.32,2556.96
ORD0001814,P000050,4,149.61,598.44
ORD0001815,P000064,3,135.37,406.11
ORD0001815,P000073,5,122.71,613.55
ORD0001815,P000044,1,446.54,446.54
ORD0001816,P000012,1,770.03,770.03
ORD0001816,P000009,3,462.25,1386.75
ORD0001816,P000004,1,709.94,709.94
ORD0001816,P000071,2,59.2,118.4
ORD0001817,P000056,3,195.56,586.6800000000001
ORD0001817,P000038,3,237.03,711.09
ORD0001818,P000091,4,204.84,819.36
ORD0001818,P000018,5,261.78,1308.8999999999999
ORD0001819,P000038,5,237.03,1185.15
ORD0001819,P000095,1,544.11,544.11
ORD0001820,P000051,4,250.57,1002.28
ORD0001820,P000039,3,929.35,2788.05
ORD0001820,P000023,2,670.32,1340.64
ORD0001821,P000006,4,339.56,1358.24
ORD0001821,P000085,5,591.78,2958.8999999999996
ORD0001822,P000093,2,475.81,951.62
ORD0001823,P000087,5,16.49,82.44999999999999
ORD0001823,P000026,3,78.71,236.13
ORD0001823,P000070,1,692.24,692.24
ORD0001824,P000087,2,16.49,32.98
ORD0001824,P000046,1,580.21,580.21
ORD0001825,P000043,4,232.18,928.72
ORD0001825,P000033,2,644.39,1288.78
ORD0001825,P000088,2,730.81,1461.62
ORD0001825,P000030,4,991.47,3965.88
ORD0001826,P000078,2,475.26,950.52
ORD0001826,P000019,5,941.21,4706.05
ORD0001826,P000035,1,248.76,248.76
ORD0001826,P000002,1,665.5,665.5
ORD0001827,P000044,4,446.54,1786.16
ORD0001827,P000032,5,837.84,4189.2
ORD0001827,P000094,1,341.12,341.12
ORD0001828,P000005,2,202.06,404.12
ORD0001828,P000067,2,296.04,592.08
ORD0001828,P000063,1,73.02,73.02
ORD0001829,P000046,2,580.21,1160.42
ORD0001829,P000003,2,924.38,1848.76
ORD0001829,P000010,5,183.93,919.6500000000001
ORD0001829,P000031,5,91.66,458.29999999999995
ORD0001829,P000039,4,929.35,3717.4
ORD0001830,P000051,5,250.57,1252.85
ORD0001830,P000010,3,183.93,551.79
ORD0001830,P000048,1,294.63,294.63
ORD0001831,P000093,3,475.81,1427.43
ORD0001831,P000026,4,78.71,314.84
ORD0001832,P000099,1,579.66,579.66
ORD0001833,P000014,4,928.24,3712.96
ORD0001833,P000003,5,924.38,4621.9
ORD0001834,P000086,2,949.25,1898.5
ORD0001834,P000065,1,392.5,392.5
ORD0001834,P000034,1,927.37,927.37
ORD0001834,P000073,4,122.71,490.84
ORD0001834,P000092,3,162.46,487.38
ORD0001835,P000039,2,929.35,1858.7
ORD0001836,P000019,2,941.21,1882.42
ORD0001836,P000072,4,841.35,3365.4
ORD0001836,P000023,1,670.32,670.32
ORD0001836,P000076,4,171.21,684.84
ORD0001837,P000081,1,834.21,834.21
ORD0001837,P000091,3,204.84,614.52
ORD0001837,P000012,1,770.03,770.03
ORD0001838,P000043,3,232.18,696.54
ORD0001838,P000082,4,797.58,3190.32
ORD0001838,P000065,1,392.5,392.5
ORD0001838,P000061,2,422.28,844.56
ORD0001839,P000075,3,438.9,1316.6999999999998
ORD0001839,P000092,2,162.46,324.92
ORD0001839,P000089,4,385.38,1541.52
ORD0001839,P000042,4,274.71,1098.84
ORD0001839,P000028,2,132.06,264.12
ORD0001840,P000079,1,565.57,565.57
ORD0001840,P000087,4,16.49,65.96
ORD0001840,P000059,1,225.97,225.97
ORD0001840,P000072,5,841.35,4206.75
ORD0001841,P000022,4,294.77,1179.08
ORD0001842,P000047,2,142.41,284.82
ORD0001842,P000025,3,985.57,2956.71
ORD0001842,P000006,4,339.56,1358.24
ORD0001843,P000026,3,78.71,236.13
ORD0001843,P000035,4,248.76,995.04
ORD0001843,P000042,3,274.71,824.1299999999999
ORD0001843,P000023,2,670.32,1340.64
ORD0001844,P000004,1,709.94,709.94
ORD0001844,P000099,5,579.66,2898.2999999999997
ORD0001844,P000091,5,204.84,1024.2
ORD0001845,P000068,1,453.04,453.04
ORD0001845,P000085,1,591.78,591.78
ORD0001845,P000013,2,877.54,1755.08
ORD0001846,P000059,5,225.97,1129.85
ORD0001846,P000067,4,296.04,1184.16
ORD0001846,P000027,3,945.04,2835.12
ORD0001846,P000040,2,852.32,1704.64
ORD0001847,P000030,4,991.47,3965.88
ORD0001847,P000050,5,149.61,748.0500000000001
ORD0001847,P000078,5,475.26,2376.3
ORD0001848,P000005,1,202.06,202.06
ORD0001848,P000092,5,162.46,812.3000000000001
ORD0001849,P000010,1,183.93,183.93
ORD0001850,P000031,1,91.66,91.66
ORD0001851,P000038,4,237.03,948.12
ORD0001852,P000010,4,183.93,735.72
ORD0001852,P000022,1,294.77,294.77
ORD0001853,P000092,1,162.46,162.46
ORD0001854,P000034,2,927.37,1854.74
ORD0001854,P000057,1,124.11,124.11
ORD0001855,P000068,2,453.04,906.08
ORD0001855,P000087,2,16.49,32.98
ORD0001855,P000003,4,924.38,3697.52
ORD0001855,P000069,1,822.37,822.37
ORD0001856,P000047,5,142.41,712.05
ORD0001856,P000039,2,929.35,1858.7
ORD0001856,P000036,4,225.58,902.32
ORD0001857,P000024,3,33.52,100.56
ORD0001857,P000006,5,339.56,1697.8
ORD0001857,P000028,4,132.06,528.24
ORD0001858,P000081,3,834.21,2502.63
ORD0001858,P000034,4,927.37,3709.48
ORD0001859,P000039,3,929.35,2788.05
ORD0001859,P000051,2,250.57,501.14
ORD0001859,P000037,4,870.37,3481.48
ORD0001859,P000024,1,33.52,33.52
ORD0001859,P000043,1,232.18,232.18
ORD0001860,P000082,4,797.58,3190.32
ORD0001860,P000093,5,475.81,2379.05
ORD0001860,P000040,3,852.32,2556.96
ORD0001860,P000026,3,78.71,236.13
ORD0001860,P000078,5,475.26,2376.3
ORD0001861,P000017,5,525.47,2627.3500000000004
ORD0001862,P000084,2,205.66,411.32
ORD0001862,P000087,2,16.49,32.98
ORD0001862,P000080,3,425.06,1275.18
ORD0001863,P000043,1,232.18,232.18
ORD0001863,P000037,1,870.37,870.37
ORD0001863,P000073,4,122.71,490.84
ORD0001863,P000067,1,296.04,296.04
ORD0001863,P000016,2,108.84,217.68
ORD0001864,P000014,4,928.24,3712.96
ORD0001865,P000044,1,446.54,446.54
ORD0001865,P000019,4,941.21,3764.84
ORD0001866,P000100,4,776.96,3107.84
ORD0001866,P000049,3,397.95,1193.85
ORD0001866,P000023,1,670.32,670.32
ORD0001866,P000047,2,142.41,284.82
ORD0001867,P000026,2,78.71,157.42
ORD0001867,P000002,1,665.5,665.5
ORD0001867,P000053,1,53.27,53.27
ORD0001868,P000047,3,142.41,427.23
ORD0001868,P000072,2,841.35,1682.7
ORD0001868,P000055,3,173.18,519.54
ORD0001869,P000002,1,665.5,665.5
ORD0001869,P000089,1,385.38,385.38
ORD0001870,P000064,1,135.37,135.37
ORD0001870,P000013,3,877.54,2632.62
ORD0001870,P000076,3,171.21,513.63
ORD0001870,P000043,3,232.18,696.54
ORD0001871,P000071,1,59.2,59.2
ORD0001871,P000015,5,803.01,4015.05
ORD0001871,P000038,1,237.03,237.03
ORD0001872,P000049,2,397.95,795.9
ORD0001873,P000083,2,854.01,1708.02
ORD0001874,P000084,5,205.66,1028.3
ORD0001874,P000008,2,237.9,475.8
ORD0001874,P000036,2,225.58,451.16
ORD0001874,P000072,5,841.35,4206.75
ORD0001874,P000037,2,870.37,1740.74
ORD0001875,P000062,2,745.88,1491.76
ORD0001876,P000098,3,647.23,1941.69
ORD0001876,P000029,4,96.26,385.04
ORD0001877,P000046,1,580.21,580.21
ORD0001877,P000012,4,770.03,3080.12
ORD0001877,P000027,1,945.04,945.04
ORD0001878,P000020,2,15.55,31.1
ORD0001879,P000005,1,202.06,202.06
ORD0001879,P000094,4,341.12,1364.48
ORD0001879,P000012,1,770.03,770.03
ORD0001880,P000072,3,841.35,2524.05
ORD0001880,P000097,5,812.5,4062.5
ORD0001881,P000031,4,91.66,366.64
ORD0001881,P000003,2,924.38,1848.76
ORD0001882,P000022,4,294.77,1179.08
ORD0001882,P000029,4,96.26,385.04
ORD0001883,P000076,4,171.21,684.84
ORD0001883,P000024,4,33.52,134.08
ORD0001884,P000055,2,173.18,346.36
ORD0001884,P000062,2,745.88,1491.76
ORD0001885,P000062,5,745.88,3729.4
ORD0001886,P000084,2,205.66,411.32
ORD0001886,P000019,4,941.21,3764.84
ORD0001886,P000043,1,232.18,232.18
ORD0001886,P000003,1,924.38,924.38
ORD0001886,P000096,3,118.09,354.27
ORD0001887,P000009,5,462.25,2311.25
ORD0001887,P000044,3,446.54,1339.6200000000001
ORD0001887,P000034,5,927.37,4636.85
ORD0001887,P000068,2,453.04,906.08
ORD0001888,P000060,2,606.3,1212.6
ORD0001888,P000054,4,622.14,2488.56
ORD0001888,P000029,1,96.26,96.26
ORD0001888,P000022,4,294.77,1179.08
ORD0001888,P000025,1,985.57,985.57
ORD0001889,P000024,3,33.52,100.56
ORD0001889,P000071,5,59.2,296.0
ORD0001889,P000085,1,591.78,591.78
ORD0001889,P000079,1,565.57,565.57
ORD0001890,P000031,3,91.66,274.98
ORD0001890,P000054,5,622.14,3110.7
ORD0001891,P000056,3,195.56,586.6800000000001
ORD0001891,P000032,5,837.84,4189.2
ORD0001891,P000071,1,59.2,59.2
ORD0001891,P000009,3,462.25,1386.75
ORD0001891,P000061,3,422.28,1266.84
ORD0001892,P000045,1,711.71,711.71
ORD0001892,P000024,1,33.52,33.52
ORD0001893,P000072,5,841.35,4206.75
ORD0001893,P000078,3,475.26,1425.78
ORD0001893,P000004,3,709.94,2129.82
ORD0001893,P000064,1,135.37,135.37
ORD0001893,P000087,5,16.49,82.44999999999999
ORD0001894,P000080,4,425.06,1700.24
ORD0001894,P000054,3,622.14,1866.42
ORD0001894,P000064,4,135.37,541.48
ORD0001895,P000006,3,339.56,1018.6800000000001
ORD0001895,P000091,2,204.84,409.68
ORD0001895,P000067,3,296.04,888.1200000000001
ORD0001896,P000089,2,385.38,770.76
ORD0001896,P000074,4,915.8,3663.2
ORD0001896,P000012,5,770.03,3850.1499999999996
ORD0001896,P000092,4,162.46,649.84
ORD0001896,P000007,5,20.07,100.35
ORD0001897,P000031,2,91.66,183.32
ORD0001897,P000062,3,745.88,2237.64
ORD0001897,P000049,5,397.95,1989.75
ORD0001897,P000056,1,195.56,195.56
ORD0001898,P000015,3,803.01,2409.0299999999997
ORD0001898,P000100,4,776.96,3107.84
ORD0001899,P000042,5,274.71,1373.55
ORD0001899,P000080,5,425.06,2125.3
ORD0001900,P000035,3,248.76,746.28
ORD0001900,P000084,4,205.66,822.64
ORD0001900,P000032,5,837.84,4189.2
ORD0001900,P000100,2,776.96,1553.92
ORD0001900,P000059,2,225.97,451.94
ORD0001901,P000052,3,148.67,446.01
ORD0001901,P000057,5,124.11,620.55
ORD0001902,P000008,2,237.9,475.8
ORD0001903,P000003,4,924.38,3697.52
ORD0001903,P000095,5,544.11,2720.55
ORD0001903,P000041,1,730.28,730.28
ORD0001903,P000057,3,124.11,372.33
ORD0001904,P000002,4,665.5,2662.0
ORD0001905,P000061,5,422.28,2111.3999999999996
ORD0001905,P000032,3,837.84,2513.52
ORD0001905,P000020,5,15.55,77.75
ORD0001905,P000016,4,108.84,435.36
ORD0001905,P000016,2,108.84,217.68
ORD0001906,P000093,1,475.81,475.81
ORD0001906,P000050,2,149.61,299.22
ORD0001907,P000091,2,204.84,409.68
ORD0001907,P000081,5,834.21,4171.05
ORD0001907,P000054,3,622.14,1866.42
ORD0001907,P000003,4,924.38,3697.52
ORD0001907,P000087,1,16.49,16.49
ORD0001908,P000039,1,929.35,929.35
ORD0001909,P000088,2,730.81,1461.62
ORD0001909,P000035,5,248.76,1243.8
ORD0001909,P000030,4,991.47,3965.88
ORD0001909,P000033,4,644.39,2577.56
ORD0001910,P000096,1,118.09,118.09
ORD0001910,P000053,3,53.27,159.81
ORD0001910,P000055,1,173.18,173.18
ORD0001910,P000053,1,53.27,53.27
ORD0001910,P000011,3,600.73,1802.19
ORD0001911,P000024,2,33.52,67.04
ORD0001911,P000083,2,854.01,1708.02
ORD0001911,P000001,4,571.03,2284.12
ORD0001911,P000002,3,665.5,1996.5
ORD0001911,P000018,3,261.78,785.3399999999999
ORD0001912,P000052,4,148.67,594.68
ORD0001912,P000082,5,797.58,3987.9
ORD0001912,P000041,1,730.28,730.28
ORD0001912,P000052,5,148.67,743.3499999999999
ORD0001912,P000083,2,854.01,1708.02
ORD0001913,P000052,1,148.67,148.67
ORD0001914,P000044,3,446.54,1339.6200000000001
ORD0001914,P000015,5,803.01,4015.05
ORD0001914,P000003,5,924.38,4621.9
ORD0001914,P000047,5,142.41,712.05
ORD0001914,P000002,3,665.5,1996.5
ORD0001915,P000014,5,928.24,4641.2
ORD0001915,P000017,2,525.47,1050.94
ORD0001915,P000043,5,232.18,1160.9
ORD0001915,P000038,1,237.03,237.03
ORD0001916,P000058,5,473.76,2368.8
ORD0001916,P000064,5,135.37,676.85
ORD0001916,P000074,5,915.8,4579.0
ORD0001916,P000042,5,274.71,1373.55
ORD0001917,P000085,5,591.78,2958.8999999999996
ORD0001917,P000100,4,776.96,3107.84
ORD0001917,P000081,5,834.21,4171.05
ORD0001918,P000075,3,438.9,1316.6999999999998
ORD0001919,P000014,1,928.24,928.24
ORD0001919,P000088,1,730.81,730.81
ORD0001920,P000014,1,928.24,928.24
ORD0001921,P000018,5,261.78,1308.8999999999999
ORD0001921,P000084,5,205.66,1028.3
ORD0001921,P000092,4,162.46,649.84
ORD0001922,P000099,5,579.66,2898.2999999999997
ORD0001922,P000091,1,204.84,204.84
ORD0001922,P000089,5,385.38,1926.9
ORD0001922,P000080,4,425.06,1700.24
ORD0001922,P000013,4,877.54,3510.16
ORD0001923,P000089,2,385.38,770.76
ORD0001923,P000094,2,341.12,682.24
ORD0001923,P000006,3,339.56,1018.6800000000001
ORD0001924,P000052,3,148.67,446.01
ORD0001924,P000086,5,949.25,4746.25
ORD0001924,P000076,3,171.21,513.63
ORD0001925,P000042,4,274.71,1098.84
ORD0001925,P000006,2,339.56,679.12
ORD0001926,P000030,2,991.47,1982.94
ORD0001926,P000054,4,622.14,2488.56
ORD0001926,P000043,4,232.18,928.72
ORD0001926,P000088,3,730.81,2192.43
ORD0001927,P000088,5,730.81,3654.0499999999997
ORD0001927,P000068,4,453.04,1812.16
ORD0001927,P000028,1,132.06,132.06
ORD0001927,P000023,1,670.32,670.32
ORD0001927,P000082,2,797.58,1595.16
ORD0001928,P000047,5,142.41,712.05
ORD0001928,P000056,3,195.56,586.6800000000001
ORD0001929,P000081,5,834.21,4171.05
ORD0001929,P000083,3,854.01,2562.0299999999997
ORD0001929,P000044,5,446.54,2232.7000000000003
ORD0001930,P000080,5,425.06,2125.3
ORD0001930,P000061,1,422.28,422.28
ORD0001930,P000056,3,195.56,586.6800000000001
ORD0001930,P000054,1,622.14,622.14
ORD0001930,P000071,2,59.2,118.4
ORD0001931,P000002,2,665.5,1331.0
ORD0001931,P000053,4,53.27,213.08
ORD0001931,P000064,2,135.37,270.74
ORD0001931,P000038,2,237.03,474.06
ORD0001931,P000058,3,473.76,1421.28
ORD0001932,P000061,1,422.28,422.28
ORD0001932,P000092,4,162.46,649.84
ORD0001933,P000037,4,870.37,3481.48
ORD0001933,P000040,4,852.32,3409.28
ORD0001933,P000079,4,565.57,2262.28
ORD0001933,P000011,5,600.73,3003.65
ORD0001933,P000062,3,745.88,2237.64
ORD0001934,P000081,1,834.21,834.21
ORD0001935,P000095,1,544.11,544.11
ORD0001935,P000027,1,945.04,945.04
ORD0001935,P000093,5,475.81,2379.05
ORD0001936,P000099,5,579.66,2898.2999999999997
ORD0001936,P000003,1,924.38,924.38
ORD0001936,P000081,2,834.21,1668.42
ORD0001936,P000067,3,296.04,888.1200000000001
ORD0001936,P000100,2,776.96,1553.92
ORD0001937,P000074,1,915.8,915.8
ORD0001937,P000097,5,812.5,4062.5
ORD0001937,P000051,1,250.57,250.57
ORD0001937,P000045,2,711.71,1423.42
ORD0001938,P000044,2,446.54,893.08
ORD0001938,P000025,2,985.57,1971.14
ORD0001939,P000009,1,462.25,462.25
ORD0001940,P000078,2,475.26,950.52
ORD0001940,P000045,3,711.71,2135.13
ORD0001940,P000002,4,665.5,2662.0
ORD0001941,P000066,3,382.36,1147.08
ORD0001941,P000093,5,475.81,2379.05
ORD0001941,P000055,2,173.18,346.36
ORD0001941,P000070,1,692.24,692.24
ORD0001941,P000085,1,591.78,591.78
ORD0001942,P000010,1,183.93,183.93
ORD0001942,P000010,2,183.93,367.86
ORD0001943,P000001,2,571.03,1142.06
ORD0001944,P000062,5,745.88,3729.4
ORD0001944,P000035,2,248.76,497.52
ORD0001944,P000029,2,96.26,192.52
ORD0001945,P000055,4,173.18,692.72
ORD0001945,P000030,5,991.47,4957.35
ORD0001945,P000015,2,803.01,1606.02
ORD0001945,P000003,4,924.38,3697.52
ORD0001946,P000052,5,148.67,743.3499999999999
ORD0001946,P000004,1,709.94,709.94
ORD0001946,P000100,4,776.96,3107.84
ORD0001946,P000062,3,745.88,2237.64
ORD0001947,P000043,5,232.18,1160.9
ORD0001948,P000037,1,870.37,870.37
ORD0001948,P000080,4,425.06,1700.24
ORD0001949,P000051,5,250.57,1252.85
ORD0001949,P000080,2,425.06,850.12
ORD0001949,P000032,4,837.84,3351.36
ORD0001950,P000029,4,96.26,385.04
ORD0001950,P000025,4,985.57,3942.28
ORD0001950,P000098,4,647.23,2588.92
ORD0001951,P000090,4,890.09,3560.36
ORD0001951,P000063,3,73.02,219.06
ORD0001952,P000091,3,204.84,614.52
ORD0001952,P000081,4,834.21,3336.84
ORD0001952,P000085,5,591.78,2958.8999999999996
ORD0001953,P000084,3,205.66,616.98
ORD0001953,P000059,2,225.97,451.94
ORD0001954,P000057,5,124.11,620.55
ORD0001954,P000029,4,96.26,385.04
ORD0001954,P000046,1,580.21,580.21
ORD0001954,P000040,5,852.32,4261.6
ORD0001955,P000019,2,941.21,1882.42
ORD0001955,P000038,3,237.03,711.09
ORD0001955,P000044,2,446.54,893.08
ORD0001955,P000014,1,928.24,928.24
ORD0001956,P000038,2,237.03,474.06
ORD0001956,P000019,3,941.21,2823.63
ORD0001956,P000071,5,59.2,296.0
ORD0001956,P000088,3,730.81,2192.43
ORD0001956,P000032,3,837.84,2513.52
ORD0001957,P000042,3,274.71,824.1299999999999
ORD0001957,P000063,3,73.02,219.06
ORD0001958,P000045,4,711.71,2846.84
ORD0001958,P000058,3,473.76,1421.28
ORD0001959,P000079,1,565.57,565.57
ORD0001960,P000025,5,985.57,4927.85
ORD0001960,P000036,1,225.58,225.58
ORD0001960,P000076,5,171.21,856.0500000000001
ORD0001961,P000037,4,870.37,3481.48
ORD0001962,P000010,3,183.93,551.79
ORD0001962,P000062,3,745.88,2237.64
ORD0001963,P000048,2,294.63,589.26
ORD0001963,P000015,3,803.01,2409.0299999999997
ORD0001964,P000067,2,296.04,592.08
ORD0001964,P000096,2,118.09,236.18
ORD0001964,P000099,1,579.66,579.66
ORD0001964,P000005,3,202.06,606.1800000000001
ORD0001964,P000038,3,237.03,711.09
ORD0001965,P000099,3,579.66,1738.98
ORD0001965,P000050,2,149.61,299.22
ORD0001965,P000004,5,709.94,3549.7000000000003
ORD0001965,P000084,1,205.66,205.66
ORD0001966,P000070,4,692.24,2768.96
ORD0001966,P000057,3,124.11,372.33
ORD0001966,P000056,4,195.56,782.24
ORD0001966,P000080,3,425.06,1275.18
ORD0001967,P000093,2,475.81,951.62
ORD0001968,P000048,1,294.63,294.63
ORD0001969,P000085,2,591.78,1183.56
ORD0001969,P000050,4,149.61,598.44
ORD0001969,P000021,1,482.67,482.67
ORD0001969,P000085,2,591.78,1183.56
ORD0001970,P000093,1,475.81,475.81
ORD0001970,P000071,3,59.2,177.60000000000002
ORD0001970,P000100,1,776.96,776.96
ORD0001970,P000017,5,525.47,2627.3500000000004
ORD0001971,P000002,2,665.5,1331.0
ORD0001971,P000053,1,53.27,53.27
ORD0001972,P000032,1,837.84,837.84
ORD0001973,P000068,4,453.04,1812.16
ORD0001973,P000070,3,692.24,2076.7200000000003
ORD0001974,P000060,1,606.3,606.3
ORD0001974,P000046,2,580.21,1160.42
ORD0001974,P000011,4,600.73,2402.92
ORD0001975,P000049,4,397.95,1591.8
ORD0001975,P000068,1,453.04,453.04
ORD0001976,P000092,1,162.46,162.46
ORD0001976,P000085,3,591.78,1775.34
ORD0001976,P000008,3,237.9,713.7
ORD0001976,P000020,5,15.55,77.75
ORD0001976,P000030,5,991.47,4957.35
ORD0001977,P000071,4,59.2,236.8
ORD0001978,P000025,1,985.57,985.57
ORD0001978,P000037,1,870.37,870.37
ORD0001978,P000013,3,877.54,2632.62
ORD0001978,P000098,1,647.23,647.23
ORD0001978,P000040,5,852.32,4261.6
ORD0001979,P000097,4,812.5,3250.0
ORD0001980,P000097,5,812.5,4062.5
ORD0001980,P000035,2,248.76,497.52
ORD0001981,P000094,1,341.12,341.12
ORD0001982,P000008,4,237.9,951.6
ORD0001982,P000050,2,149.61,299.22
ORD0001982,P000091,4,204.84,819.36
ORD0001982,P000093,1,475.81,475.81
ORD0001983,P000053,4,53.27,213.08
ORD0001983,P000017,4,525.47,2101.88
ORD0001983,P000097,1,812.5,812.5
ORD0001983,P000074,2,915.8,1831.6
ORD0001984,P000098,3,647.23,1941.69
ORD0001984,P000068,5,453.04,2265.2000000000003
ORD0001984,P000065,4,392.5,1570.0
ORD0001984,P000024,1,33.52,33.52
ORD0001985,P000096,5,118.09,590.45
ORD0001985,P000067,1,296.04,296.04
ORD0001985,P000096,1,118.09,118.09
ORD0001985,P000007,5,20.07,100.35
ORD0001986,P000083,2,854.01,1708.02
ORD0001986,P000042,2,274.71,549.42
ORD0001986,P000028,4,132.06,528.24
ORD0001986,P000090,5,890.09,4450.45
ORD0001987,P000011,1,600.73,600.73
ORD0001988,P000078,2,475.26,950.52
ORD0001988,P000020,4,15.55,62.2
ORD0001989,P000014,3,928.24,2784.7200000000003
ORD0001989,P000083,5,854.01,4270.05
ORD0001989,P000007,3,20.07,60.21
ORD0001990,P000029,4,96.26,385.04
ORD0001990,P000042,2,274.71,549.42
ORD0001990,P000030,1,991.47,991.47
ORD0001991,P000095,2,544.11,1088.22
ORD0001991,P000056,1,195.56,195.56
ORD0001992,P000044,2,446.54,893.08
ORD0001993,P000003,1,924.38,924.38
ORD0001993,P000095,3,544.11,1632.33
ORD0001993,P000051,4,250.57,1002.28
ORD0001993,P000098,5,647.23,3236.15
ORD0001994,P000046,1,580.21,580.21
ORD0001994,P000053,2,53.27,106.54
ORD0001994,P000061,4,422.28,1689.12
ORD0001994,P000055,1,173.18,173.18
ORD0001994,P000031,5,91.66,458.29999999999995
ORD0001995,P000040,1,852.32,852.32
ORD0001995,P000044,5,446.54,2232.7000000000003
ORD0001995,P000071,5,59.2,296.0
ORD0001995,P000090,2,890.09,1780.18
ORD0001995,P000016,3,108.84,326.52
ORD0001996,P000052,3,148.67,446.01
ORD0001996,P000088,5,730.81,3654.0499999999997
ORD0001997,P000087,3,16.49,49.47
ORD0001997,P000091,4,204.84,819.36
ORD0001997,P000057,3,124.11,372.33
ORD0001998,P000047,4,142.41,569.64
ORD0001998,P000001,2,571.03,1142.06
ORD0001998,P000008,3,237.9,713.7
ORD0001999,P000022,4,294.77,1179.08
ORD0001999,P000093,3,475.81,1427.43
ORD0001999,P000095,4,544.11,2176.44
ORD0002000,P000043,3,232.18,696.54
ORD0002000,P000040,4,852.32,3409.28
ORD0002000,P000068,5,453.04,2265.2000000000003
ORD0002000,P000079,5,565.57,2827.8500000000004
ORD0002000,P000035,5,248.76,1243.8
ORD0002001,P000062,3,745.88,2237.64
ORD0002001,P000072,4,841.35,3365.4
ORD0002001,P000073,5,122.71,613.55
ORD0002002,P000039,2,929.35,1858.7
ORD0002002,P000080,1,425.06,425.06
ORD0002003,P000027,2,945.04,1890.08
ORD0002004,P000011,4,600.73,2402.92
ORD0002004,P000075,1,438.9,438.9
ORD0002004,P000075,5,438.9,2194.5
ORD0002005,P000033,2,644.39,1288.78
ORD0002006,P000064,5,135.37,676.85
ORD0002006,P000090,1,890.09,890.09
ORD0002006,P000052,5,148.67,743.3499999999999
ORD0002007,P000054,1,622.14,622.14
ORD0002007,P000061,5,422.28,2111.3999999999996
ORD0002007,P000093,4,475.81,1903.24
ORD0002007,P000052,2,148.67,297.34
ORD0002008,P000065,3,392.5,1177.5
ORD0002008,P000064,1,135.37,135.37
ORD0002008,P000027,3,945.04,2835.12
ORD0002009,P000018,3,261.78,785.3399999999999
ORD0002010,P000028,4,132.06,528.24
ORD0002010,P000091,5,204.84,1024.2
ORD0002010,P000001,1,571.03,571.03
ORD0002010,P000036,2,225.58,451.16
ORD0002011,P000092,1,162.46,162.46
ORD0002012,P000098,5,647.23,3236.15
ORD0002012,P000072,5,841.35,4206.75
ORD0002012,P000014,5,928.24,4641.2
ORD0002012,P000032,5,837.84,4189.2
ORD0002012,P000015,3,803.01,2409.0299999999997
ORD0002013,P000056,1,195.56,195.56
ORD0002014,P000024,5,33.52,167.60000000000002
ORD0002014,P000039,5,929.35,4646.75
ORD0002014,P000099,5,579.66,2898.2999999999997
ORD0002014,P000013,1,877.54,877.54
ORD0002015,P000046,5,580.21,2901.05
ORD0002015,P000054,3,622.14,1866.42
ORD0002016,P000080,5,425.06,2125.3
ORD0002016,P000075,4,438.9,1755.6
ORD0002016,P000030,5,991.47,4957.35
ORD0002016,P000100,3,776.96,2330.88
ORD0002017,P000066,2,382.36,764.72
ORD0002017,P000049,1,397.95,397.95
ORD0002017,P000097,3,812.5,2437.5
ORD0002017,P000077,1,909.58,909.58
ORD0002017,P000086,3,949.25,2847.75
ORD0002018,P000021,4,482.67,1930.68
ORD0002018,P000056,3,195.56,586.6800000000001
ORD0002018,P000043,5,232.18,1160.9
ORD0002019,P000023,3,670.32,2010.96
ORD0002019,P000044,4,446.54,1786.16
ORD0002019,P000069,3,822.37,2467.11
ORD0002020,P000002,4,665.5,2662.0
ORD0002020,P000021,5,482.67,2413.35
ORD0002020,P000076,5,171.21,856.0500000000001
ORD0002021,P000047,5,142.41,712.05
ORD0002021,P000068,1,453.04,453.04
ORD0002021,P000015,1,803.01,803.01
ORD0002022,P000004,3,709.94,2129.82
ORD0002022,P000063,1,73.02,73.02
ORD0002022,P000041,3,730.28,2190.84
ORD0002023,P000049,2,397.95,795.9
ORD0002023,P000063,5,73.02,365.09999999999997
ORD0002023,P000085,4,591.78,2367.12
ORD0002023,P000031,2,91.66,183.32
ORD0002023,P000020,1,15.55,15.55
ORD0002024,P000042,5,274.71,1373.55
ORD0002024,P000087,4,16.49,65.96
ORD0002024,P000025,4,985.57,3942.28
ORD0002025,P000008,4,237.9,951.6
ORD0002026,P000072,5,841.35,4206.75
ORD0002026,P000013,2,877.54,1755.08
ORD0002026,P000096,5,118.09,590.45
ORD0002026,P000003,5,924.38,4621.9
ORD0002027,P000069,3,822.37,2467.11
ORD0002028,P000074,4,915.8,3663.2
ORD0002028,P000082,5,797.58,3987.9
ORD0002029,P000066,2,382.36,764.72
ORD0002030,P000012,2,770.03,1540.06
ORD0002031,P000016,5,108.84,544.2
ORD0002031,P000032,2,837.84,1675.68
ORD0002031,P000016,5,108.84,544.2
ORD0002031,P000028,1,132.06,132.06
ORD0002032,P000090,1,890.09,890.09
ORD0002032,P000027,1,945.04,945.04
ORD0002032,P000049,2,397.95,795.9
ORD0002032,P000018,5,261.78,1308.8999999999999
ORD0002033,P000078,4,475.26,1901.04
ORD0002034,P000055,1,173.18,173.18
ORD0002035,P000048,5,294.63,1473.15
ORD0002035,P000057,2,124.11,248.22
ORD0002035,P000038,3,237.03,711.09
ORD0002036,P000037,4,870.37,3481.48
ORD0002036,P000049,4,397.95,1591.8
ORD0002036,P000042,4,274.71,1098.84
ORD0002036,P000058,5,473.76,2368.8
ORD0002036,P000027,2,945.04,1890.08
ORD0002037,P000090,1,890.09,890.09
ORD0002037,P000019,4,941.21,3764.84
ORD0002037,P000002,5,665.5,3327.5
ORD0002038,P000067,3,296.04,888.1200000000001
ORD0002038,P000034,2,927.37,1854.74
ORD0002038,P000043,5,232.18,1160.9
ORD0002039,P000014,2,928.24,1856.48
ORD0002039,P000085,3,591.78,1775.34
ORD0002040,P000085,3,591.78,1775.34
ORD0002040,P000065,2,392.5,785.0
ORD0002040,P000034,1,927.37,927.37
ORD0002040,P000050,5,149.61,748.0500000000001
ORD0002041,P000011,3,600.73,1802.19
ORD0002041,P000026,5,78.71,393.54999999999995
ORD0002042,P000090,3,890.09,2670.27
ORD0002042,P000002,4,665.5,2662.0
ORD0002042,P000046,3,580.21,1740.63
ORD0002042,P000081,1,834.21,834.21
ORD0002042,P000001,3,571.03,1713.09
ORD0002043,P000016,5,108.84,544.2
ORD0002043,P000092,4,162.46,649.84
ORD0002043,P000012,4,770.03,3080.12
ORD0002043,P000039,1,929.35,929.35
ORD0002044,P000016,4,108.84,435.36
ORD0002044,P000007,5,20.07,100.35
ORD0002044,P000072,3,841.35,2524.05
ORD0002045,P000008,3,237.9,713.7
ORD0002045,P000040,2,852.32,1704.64
ORD0002045,P000068,2,453.04,906.08
ORD0002045,P000057,3,124.11,372.33
ORD0002046,P000005,5,202.06,1010.3
ORD0002046,P000097,2,812.5,1625.0
ORD0002046,P000088,2,730.81,1461.62
ORD0002047,P000003,2,924.38,1848.76
ORD0002047,P000095,4,544.11,2176.44
ORD0002048,P000057,3,124.11,372.33
ORD0002049,P000014,5,928.24,4641.2
ORD0002050,P000015,4,803.01,3212.04
ORD0002050,P000045,4,711.71,2846.84
ORD0002050,P000017,2,525.47,1050.94
ORD0002051,P000023,4,670.32,2681.28
ORD0002052,P000065,3,392.5,1177.5
ORD0002052,P000034,3,927.37,2782.11
ORD0002052,P000010,5,183.93,919.6500000000001
ORD0002052,P000063,5,73.02,365.09999999999997
ORD0002053,P000057,5,124.11,620.55
ORD0002054,P000058,5,473.76,2368.8
ORD0002055,P000085,1,591.78,591.78
ORD0002055,P000068,4,453.04,1812.16
ORD0002055,P000073,4,122.71,490.84
ORD0002055,P000070,2,692.24,1384.48
ORD0002055,P000049,2,397.95,795.9
ORD0002056,P000094,5,341.12,1705.6
ORD0002056,P000070,1,692.24,692.24
ORD0002056,P000019,4,941.21,3764.84
ORD0002056,P000005,2,202.06,404.12
ORD0002056,P000017,5,525.47,2627.3500000000004
ORD0002057,P000021,4,482.67,1930.68
ORD0002058,P000039,1,929.35,929.35
ORD0002059,P000015,5,803.01,4015.05
ORD0002059,P000034,5,927.37,4636.85
ORD0002059,P000100,5,776.96,3884.8
ORD0002059,P000036,4,225.58,902.32
ORD0002059,P000059,5,225.97,1129.85
ORD0002060,P000095,3,544.11,1632.33
ORD0002060,P000088,4,730.81,2923.24
ORD0002060,P000075,2,438.9,877.8
ORD0002061,P000049,2,397.95,795.9
ORD0002062,P000010,4,183.93,735.72
ORD0002062,P000001,5,571.03,2855.1499999999996
ORD0002062,P000010,4,183.93,735.72
ORD0002062,P000096,1,118.09,118.09
ORD0002062,P000026,3,78.71,236.13
ORD0002063,P000023,5,670.32,3351.6000000000004
ORD0002063,P000006,5,339.56,1697.8
ORD0002063,P000047,3,142.41,427.23
ORD0002063,P000083,3,854.01,2562.0299999999997
ORD0002064,P000088,1,730.81,730.81
ORD0002064,P000084,2,205.66,411.32
ORD0002064,P000010,1,183.93,183.93
ORD0002065,P000009,1,462.25,462.25
ORD0002065,P000041,2,730.28,1460.56
ORD0002066,P000023,3,670.32,2010.96
ORD0002066,P000097,5,812.5,4062.5
ORD0002066,P000004,4,709.94,2839.76
ORD0002066,P000099,5,579.66,2898.2999999999997
ORD0002066,P000015,1,803.01,803.01
ORD0002067,P000001,4,571.03,2284.12
ORD0002067,P000072,1,841.35,841.35
ORD0002068,P000092,1,162.46,162.46
ORD0002068,P000055,2,173.18,346.36
ORD0002068,P000001,1,571.03,571.03
ORD0002068,P000098,4,647.23,2588.92
ORD0002068,P000013,3,877.54,2632.62
ORD0002069,P000077,4,909.58,3638.32
ORD0002070,P000066,1,382.36,382.36
ORD0002070,P000021,1,482.67,482.67
ORD0002070,P000011,2,600.73,1201.46
ORD0002071,P000064,3,135.37,406.11
ORD0002071,P000059,2,225.97,451.94
ORD0002071,P000027,1,945.04,945.04
ORD0002071,P000077,3,909.58,2728.7400000000002
ORD0002071,P000083,4,854.01,3416.04
ORD0002072,P000070,5,692.24,3461.2
ORD0002072,P000017,3,525.47,1576.41
ORD0002072,P000057,4,124.11,496.44
ORD0002073,P000044,5,446.54,2232.7000000000003
ORD0002074,P000058,3,473.76,1421.28
ORD0002074,P000014,5,928.24,4641.2
ORD0002074,P000022,2,294.77,589.54
ORD0002075,P000062,5,745.88,3729.4
ORD0002075,P000069,4,822.37,3289.48
ORD0002075,P000043,2,232.18,464.36
ORD0002075,P000001,5,571.03,2855.1499999999996
ORD0002076,P000096,2,118.09,236.18
ORD0002076,P000029,3,96.26,288.78000000000003
ORD0002076,P000098,4,647.23,2588.92
ORD0002076,P000081,4,834.21,3336.84
ORD0002077,P000026,2,78.71,157.42
ORD0002078,P000011,3,600.73,1802.19
ORD0002078,P000029,1,96.26,96.26
ORD0002078,P000087,3,16.49,49.47
ORD0002078,P000052,3,148.67,446.01
ORD0002079,P000100,3,776.96,2330.88
ORD0002080,P000081,5,834.21,4171.05
ORD0002081,P000011,3,600.73,1802.19
ORD0002082,P000059,2,225.97,451.94
ORD0002082,P000034,5,927.37,4636.85
ORD0002082,P000096,3,118.09,354.27
ORD0002082,P000046,3,580.21,1740.63
ORD0002083,P000090,1,890.09,890.09
ORD0002083,P000005,3,202.06,606.1800000000001
ORD0002084,P000032,2,837.84,1675.68
ORD0002084,P000097,5,812.5,4062.5
ORD0002084,P000064,5,135.37,676.85
ORD0002084,P000072,5,841.35,4206.75
ORD0002085,P000025,3,985.57,2956.71
ORD0002085,P000052,1,148.67,148.67
ORD0002085,P000086,5,949.25,4746.25
ORD0002085,P000012,1,770.03,770.03
ORD0002085,P000012,3,770.03,2310.09
ORD0002086,P000089,5,385.38,1926.9
ORD0002086,P000086,3,949.25,2847.75
ORD0002086,P000046,3,580.21,1740.63
ORD0002087,P000070,5,692.24,3461.2
ORD0002087,P000089,2,385.38,770.76
ORD0002088,P000059,5,225.97,1129.85
ORD0002088,P000048,1,294.63,294.63
ORD0002089,P000096,2,118.09,236.18
ORD0002089,P000002,1,665.5,665.5
ORD0002090,P000073,3,122.71,368.13
ORD0002090,P000004,2,709.94,1419.88
ORD0002091,P000048,5,294.63,1473.15
ORD0002091,P000033,4,644.39,2577.56
ORD0002091,P000058,2,473.76,947.52
ORD0002092,P000002,3,665.5,1996.5
ORD0002092,P000045,4,711.71,2846.84
ORD0002092,P000070,3,692.24,2076.7200000000003
ORD0002092,P000015,5,803.01,4015.05
ORD0002092,P000030,3,991.47,2974.41
ORD0002093,P000080,4,425.06,1700.24
ORD0002093,P000024,2,33.52,67.04
ORD0002093,P000054,4,622.14,2488.56
ORD0002093,P000075,3,438.9,1316.6999999999998
ORD0002094,P000022,1,294.77,294.77
ORD0002094,P000071,4,59.2,236.8
ORD0002094,P000032,5,837.84,4189.2
ORD0002094,P000080,5,425.06,2125.3
ORD0002095,P000051,4,250.57,1002.28
ORD0002095,P000050,3,149.61,448.83000000000004
ORD0002095,P000072,3,841.35,2524.05
ORD0002095,P000059,4,225.97,903.88
ORD0002095,P000060,5,606.3,3031.5
ORD0002096,P000092,3,162.46,487.38
ORD0002096,P000075,4,438.9,1755.6
ORD0002097,P000022,2,294.77,589.54
ORD0002097,P000015,2,803.01,1606.02
ORD0002097,P000076,5,171.21,856.0500000000001
ORD0002097,P000030,5,991.47,4957.35
ORD0002098,P000009,1,462.25,462.25
ORD0002098,P000084,3,205.66,616.98
ORD0002098,P000062,1,745.88,745.88
ORD0002099,P000097,4,812.5,3250.0
ORD0002099,P000017,1,525.47,525.47
ORD0002099,P000020,5,15.55,77.75
ORD0002100,P000054,1,622.14,622.14
ORD0002100,P000003,2,924.38,1848.76
ORD0002100,P000070,3,692.24,2076.7200000000003
ORD0002100,P000014,5,928.24,4641.2
ORD0002101,P000071,4,59.2,236.8
ORD0002101,P000075,4,438.9,1755.6
ORD0002101,P000074,4,915.8,3663.2
ORD0002101,P000044,5,446.54,2232.7000000000003
ORD0002101,P000038,1,237.03,237.03
ORD0002102,P000010,3,183.93,551.79
ORD0002102,P000052,5,148.67,743.3499999999999
ORD0002103,P000056,4,195.56,782.24
ORD0002103,P000041,3,730.28,2190.84
ORD0002104,P000085,3,591.78,1775.34
ORD0002105,P000068,1,453.04,453.04
ORD0002105,P000029,2,96.26,192.52
ORD0002105,P000077,5,909.58,4547.900000000001
ORD0002105,P000061,5,422.28,2111.3999999999996
ORD0002106,P000092,5,162.46,812.3000000000001
ORD0002106,P000090,5,890.09,4450.45
ORD0002107,P000056,3,195.56,586.6800000000001
ORD0002107,P000001,3,571.03,1713.09
ORD0002107,P000022,1,294.77,294.77
ORD0002108,P000042,3,274.71,824.1299999999999
ORD0002108,P000100,3,776.96,2330.88
ORD0002108,P000091,1,204.84,204.84
ORD0002109,P000047,4,142.41,569.64
ORD0002109,P000032,4,837.84,3351.36
ORD0002109,P000079,5,565.57,2827.8500000000004
ORD0002110,P000031,2,91.66,183.32
ORD0002110,P000060,5,606.3,3031.5
ORD0002110,P000014,4,928.24,3712.96
ORD0002110,P000064,4,135.37,541.48
ORD0002110,P000002,2,665.5,1331.0
ORD0002111,P000060,3,606.3,1818.8999999999999
ORD0002111,P000066,5,382.36,1911.8000000000002
ORD0002112,P000075,1,438.9,438.9
ORD0002112,P000005,3,202.06,606.1800000000001
ORD0002112,P000091,5,204.84,1024.2
ORD0002112,P000084,1,205.66,205.66
ORD0002112,P000038,2,237.03,474.06
ORD0002113,P000053,1,53.27,53.27
ORD0002113,P000099,4,579.66,2318.64
ORD0002113,P000080,2,425.06,850.12
ORD0002113,P000017,2,525.47,1050.94
ORD0002113,P000097,1,812.5,812.5
ORD0002114,P000056,4,195.56,782.24
ORD0002114,P000016,3,108.84,326.52
ORD0002114,P000028,5,132.06,660.3
ORD0002115,P000005,3,202.06,606.1800000000001
ORD0002115,P000018,1,261.78,261.78
ORD0002115,P000031,3,91.66,274.98
ORD0002116,P000051,2,250.57,501.14
ORD0002116,P000032,4,837.84,3351.36
ORD0002117,P000057,4,124.11,496.44
ORD0002117,P000078,3,475.26,1425.78
ORD0002117,P000020,1,15.55,15.55
ORD0002117,P000075,5,438.9,2194.5
ORD0002117,P000034,4,927.37,3709.48
ORD0002118,P000058,4,473.76,1895.04
ORD0002118,P000065,4,392.5,1570.0
ORD0002118,P000047,1,142.41,142.41
ORD0002119,P000064,4,135.37,541.48
ORD0002120,P000010,3,183.93,551.79
ORD0002120,P000051,5,250.57,1252.85
ORD0002121,P000097,4,812.5,3250.0
ORD0002122,P000041,3,730.28,2190.84
ORD0002122,P000059,2,225.97,451.94
ORD0002122,P000029,5,96.26,481.3
ORD0002122,P000049,4,397.95,1591.8
ORD0002122,P000062,1,745.88,745.88
ORD0002123,P000007,3,20.07,60.21
ORD0002123,P000061,3,422.28,1266.84
ORD0002123,P000056,5,195.56,977.8
ORD0002123,P000047,2,142.41,284.82
ORD0002123,P000033,1,644.39,644.39
ORD0002124,P000071,5,59.2,296.0
ORD0002124,P000051,1,250.57,250.57
ORD0002125,P000087,4,16.49,65.96
ORD0002125,P000095,4,544.11,2176.44
ORD0002126,P000069,1,822.37,822.37
ORD0002127,P000093,4,475.81,1903.24
ORD0002127,P000013,2,877.54,1755.08
ORD0002127,P000015,3,803.01,2409.0299999999997
ORD0002127,P000031,4,91.66,366.64
ORD0002127,P000045,3,711.71,2135.13
ORD0002128,P000051,5,250.57,1252.85
ORD0002128,P000041,1,730.28,730.28
ORD0002128,P000023,1,670.32,670.32
ORD0002129,P000011,5,600.73,3003.65
ORD0002129,P000041,2,730.28,1460.56
ORD0002129,P000069,2,822.37,1644.74
ORD0002129,P000004,5,709.94,3549.7000000000003
ORD0002130,P000003,4,924.38,3697.52
ORD0002131,P000062,5,745.88,3729.4
ORD0002132,P000004,2,709.94,1419.88
ORD0002132,P000056,5,195.56,977.8
ORD0002132,P000081,4,834.21,3336.84
ORD0002133,P000092,1,162.46,162.46
ORD0002133,P000059,5,225.97,1129.85
ORD0002133,P000096,4,118.09,472.36
ORD0002133,P000025,5,985.57,4927.85
ORD0002134,P000028,4,132.06,528.24
ORD0002134,P000086,3,949.25,2847.75
ORD0002134,P000017,4,525.47,2101.88
ORD0002135,P000018,3,261.78,785.3399999999999
ORD0002135,P000077,1,909.58,909.58
ORD0002135,P000044,5,446.54,2232.7000000000003
ORD0002135,P000055,4,173.18,692.72
ORD0002135,P000091,4,204.84,819.36
ORD0002136,P000028,5,132.06,660.3
ORD0002137,P000004,5,709.94,3549.7000000000003
ORD0002137,P000064,2,135.37,270.74
ORD0002137,P000022,4,294.77,1179.08
ORD0002138,P000002,2,665.5,1331.0
ORD0002139,P000072,1,841.35,841.35
ORD0002139,P000006,3,339.56,1018.6800000000001
ORD0002139,P000095,2,544.11,1088.22
ORD0002140,P000100,5,776.96,3884.8
ORD0002140,P000096,1,118.09,118.09
ORD0002140,P000017,5,525.47,2627.3500000000004
ORD0002140,P000015,2,803.01,1606.02
ORD0002140,P000034,1,927.37,927.37
ORD0002141,P000090,1,890.09,890.09
ORD0002142,P000039,2,929.35,1858.7
ORD0002142,P000040,5,852.32,4261.6
ORD0002142,P000056,4,195.56,782.24
ORD0002142,P000057,2,124.11,248.22
ORD0002142,P000048,2,294.63,589.26
ORD0002143,P000030,2,991.47,1982.94
ORD0002144,P000027,2,945.04,1890.08
ORD0002144,P000001,1,571.03,571.03
ORD0002144,P000002,4,665.5,2662.0
ORD0002144,P000053,2,53.27,106.54
ORD0002145,P000001,1,571.03,571.03
ORD0002145,P000080,4,425.06,1700.24
ORD0002145,P000010,2,183.93,367.86
ORD0002145,P000079,5,565.57,2827.8500000000004
ORD0002146,P000070,2,692.24,1384.48
ORD0002146,P000022,1,294.77,294.77
ORD0002147,P000078,1,475.26,475.26
ORD0002147,P000076,1,171.21,171.21
ORD0002147,P000078,3,475.26,1425.78
ORD0002148,P000073,3,122.71,368.13
ORD0002148,P000046,3,580.21,1740.63
ORD0002148,P000040,1,852.32,852.32
ORD0002148,P000017,3,525.47,1576.41
ORD0002148,P000075,1,438.9,438.9
ORD0002149,P000001,3,571.03,1713.09
ORD0002149,P000064,5,135.37,676.85
ORD0002149,P000040,1,852.32,852.32
ORD0002149,P000060,4,606.3,2425.2
ORD0002150,P000069,1,822.37,822.37
ORD0002150,P000011,3,600.73,1802.19
ORD0002150,P000013,4,877.54,3510.16
ORD0002150,P000019,5,941.21,4706.05
ORD0002151,P000096,5,118.09,590.45
ORD0002152,P000050,2,149.61,299.22
ORD0002153,P000098,1,647.23,647.23
ORD0002153,P000003,3,924.38,2773.14
ORD0002153,P000045,3,711.71,2135.13
ORD0002154,P000063,3,73.02,219.06
ORD0002154,P000048,4,294.63,1178.52
ORD0002155,P000067,1,296.04,296.04
ORD0002155,P000039,3,929.35,2788.05
ORD0002155,P000086,2,949.25,1898.5
ORD0002156,P000003,1,924.38,924.38
ORD0002157,P000004,4,709.94,2839.76
ORD0002158,P000061,2,422.28,844.56
ORD0002158,P000051,4,250.57,1002.28
ORD0002158,P000022,2,294.77,589.54
ORD0002158,P000050,2,149.61,299.22
ORD0002159,P000035,4,248.76,995.04
ORD0002159,P000098,1,647.23,647.23
ORD0002160,P000009,3,462.25,1386.75
ORD0002161,P000097,2,812.5,1625.0
ORD0002161,P000054,2,622.14,1244.28
ORD0002162,P000083,4,854.01,3416.04
ORD0002162,P000039,3,929.35,2788.05
ORD0002162,P000029,4,96.26,385.04
ORD0002162,P000088,4,730.81,2923.24
ORD0002162,P000089,1,385.38,385.38
ORD0002163,P000009,4,462.25,1849.0
ORD0002163,P000020,2,15.55,31.1
ORD0002163,P000039,2,929.35,1858.7
ORD0002163,P000042,5,274.71,1373.55
ORD0002164,P000008,1,237.9,237.9
ORD0002164,P000073,4,122.71,490.84
ORD0002164,P000060,1,606.3,606.3
ORD0002165,P000034,1,927.37,927.37
ORD0002165,P000092,5,162.46,812.3000000000001
ORD0002166,P000019,3,941.21,2823.63
ORD0002166,P000003,2,924.38,1848.76
ORD0002166,P000018,1,261.78,261.78
ORD0002166,P000082,2,797.58,1595.16
ORD0002167,P000037,3,870.37,2611.11
ORD0002168,P000076,3,171.21,513.63
ORD0002168,P000036,3,225.58,676.74
ORD0002168,P000013,3,877.54,2632.62
ORD0002168,P000075,1,438.9,438.9
ORD0002169,P000020,2,15.55,31.1
ORD0002169,P000035,2,248.76,497.52
ORD0002170,P000014,5,928.24,4641.2
ORD0002171,P000078,2,475.26,950.52
ORD0002171,P000014,2,928.24,1856.48
ORD0002172,P000072,3,841.35,2524.05
ORD0002172,P000085,3,591.78,1775.34
ORD0002173,P000094,4,341.12,1364.48
ORD0002173,P000062,1,745.88,745.88
ORD0002173,P000071,3,59.2,177.60000000000002
ORD0002173,P000072,4,841.35,3365.4
ORD0002173,P000050,3,149.61,448.83000000000004
ORD0002174,P000072,3,841.35,2524.05
ORD0002174,P000027,4,945.04,3780.16
ORD0002174,P000010,5,183.93,919.6500000000001
ORD0002175,P000090,5,890.09,4450.45
ORD0002175,P000059,3,225.97,677.91
ORD0002176,P000040,2,852.32,1704.64
ORD0002176,P000007,1,20.07,20.07
ORD0002176,P000076,2,171.21,342.42
ORD0002177,P000014,5,928.24,4641.2
ORD0002177,P000082,2,797.58,1595.16
ORD0002177,P000001,2,571.03,1142.06
ORD0002177,P000045,1,711.71,711.71
ORD0002177,P000080,4,425.06,1700.24
ORD0002178,P000020,2,15.55,31.1
ORD0002178,P000004,1,709.94,709.94
ORD0002179,P000030,2,991.47,1982.94
ORD0002179,P000038,5,237.03,1185.15
ORD0002179,P000041,2,730.28,1460.56
ORD0002180,P000025,1,985.57,985.57
ORD0002180,P000069,3,822.37,2467.11
ORD0002180,P000024,4,33.52,134.08
ORD0002180,P000096,4,118.09,472.36
ORD0002181,P000010,3,183.93,551.79
ORD0002181,P000026,1,78.71,78.71
ORD0002181,P000009,2,462.25,924.5
ORD0002182,P000042,4,274.71,1098.84
ORD0002182,P000018,1,261.78,261.78
ORD0002182,P000012,2,770.03,1540.06
ORD0002182,P000036,2,225.58,451.16
ORD0002183,P000003,2,924.38,1848.76
ORD0002183,P000078,4,475.26,1901.04
ORD0002183,P000084,5,205.66,1028.3
ORD0002183,P000043,3,232.18,696.54
ORD0002184,P000025,4,985.57,3942.28
ORD0002184,P000043,2,232.18,464.36
ORD0002185,P000053,5,53.27,266.35
ORD0002186,P000049,4,397.95,1591.8
ORD0002186,P000068,3,453.04,1359.1200000000001
ORD0002186,P000087,2,16.49,32.98
ORD0002186,P000029,2,96.26,192.52
ORD0002186,P000049,2,397.95,795.9
ORD0002187,P000027,4,945.04,3780.16
ORD0002187,P000044,1,446.54,446.54
ORD0002187,P000094,1,341.12,341.12
ORD0002187,P000095,5,544.11,2720.55
ORD0002187,P000034,3,927.37,2782.11
ORD0002188,P000097,4,812.5,3250.0
ORD0002189,P000041,4,730.28,2921.12
ORD0002190,P000071,1,59.2,59.2
ORD0002190,P000083,5,854.01,4270.05
ORD0002190,P000039,3,929.35,2788.05
ORD0002190,P000065,2,392.5,785.0
ORD0002191,P000026,4,78.71,314.84
ORD0002191,P000064,2,135.37,270.74
ORD0002191,P000069,2,822.37,1644.74
ORD0002192,P000011,3,600.73,1802.19
ORD0002192,P000055,1,173.18,173.18
ORD0002192,P000065,2,392.5,785.0
ORD0002192,P000060,4,606.3,2425.2
ORD0002192,P000077,5,909.58,4547.900000000001
ORD0002193,P000022,4,294.77,1179.08
ORD0002194,P000001,5,571.03,2855.1499999999996
ORD0002194,P000028,2,132.06,264.12
ORD0002195,P000085,2,591.78,1183.56
ORD0002195,P000027,5,945.04,4725.2
ORD0002196,P000077,4,909.58,3638.32
ORD0002196,P000064,4,135.37,541.48
ORD0002196,P000060,5,606.3,3031.5
ORD0002196,P000006,2,339.56,679.12
ORD0002197,P000008,3,237.9,713.7
ORD0002197,P000021,5,482.67,2413.35
ORD0002198,P000029,3,96.26,288.78000000000003
ORD0002199,P000090,2,890.09,1780.18
ORD0002199,P000091,4,204.84,819.36
ORD0002199,P000036,1,225.58,225.58
ORD0002199,P000081,3,834.21,2502.63
ORD0002199,P000019,5,941.21,4706.05
ORD0002200,P000062,1,745.88,745.88
ORD0002200,P000075,4,438.9,1755.6
ORD0002200,P000067,2,296.04,592.08
ORD0002200,P000014,3,928.24,2784.7200000000003
ORD0002201,P000041,3,730.28,2190.84
ORD0002201,P000094,5,341.12,1705.6
ORD0002202,P000021,2,482.67,965.34
ORD0002202,P000040,2,852.32,1704.64
ORD0002202,P000007,2,20.07,40.14
ORD0002202,P000081,1,834.21,834.21
ORD0002203,P000064,3,135.37,406.11
ORD0002204,P000029,1,96.26,96.26
ORD0002204,P000020,3,15.55,46.650000000000006
ORD0002204,P000001,2,571.03,1142.06
ORD0002204,P000090,4,890.09,3560.36
ORD0002205,P000010,4,183.93,735.72
ORD0002205,P000090,1,890.09,890.09
ORD0002206,P000010,5,183.93,919.6500000000001
ORD0002207,P000007,4,20.07,80.28
ORD0002207,P000007,4,20.07,80.28
ORD0002207,P000055,1,173.18,173.18
ORD0002207,P000025,1,985.57,985.57
ORD0002207,P000055,2,173.18,346.36
ORD0002208,P000034,2,927.37,1854.74
ORD0002208,P000009,4,462.25,1849.0
ORD0002208,P000067,1,296.04,296.04
ORD0002208,P000077,5,909.58,4547.900000000001
ORD0002208,P000031,1,91.66,91.66
ORD0002209,P000031,1,91.66,91.66
ORD0002209,P000042,5,274.71,1373.55
ORD0002210,P000032,4,837.84,3351.36
ORD0002210,P000007,5,20.07,100.35
ORD0002210,P000004,5,709.94,3549.7000000000003
ORD0002211,P000053,3,53.27,159.81
ORD0002211,P000065,4,392.5,1570.0
ORD0002211,P000058,2,473.76,947.52
ORD0002212,P000054,2,622.14,1244.28
ORD0002212,P000008,3,237.9,713.7
ORD0002212,P000065,1,392.5,392.5
ORD0002212,P000018,4,261.78,1047.12
ORD0002213,P000059,2,225.97,451.94
ORD0002213,P000008,3,237.9,713.7
ORD0002214,P000016,5,108.84,544.2
ORD0002215,P000052,5,148.67,743.3499999999999
ORD0002215,P000086,1,949.25,949.25
ORD0002215,P000074,1,915.8,915.8
ORD0002215,P000021,3,482.67,1448.01
ORD0002216,P000021,3,482.67,1448.01
ORD0002217,P000091,3,204.84,614.52
ORD0002217,P000019,4,941.21,3764.84
ORD0002217,P000052,5,148.67,743.3499999999999
ORD0002217,P000028,5,132.06,660.3
ORD0002217,P000062,3,745.88,2237.64
ORD0002218,P000043,3,232.18,696.54
ORD0002218,P000072,4,841.35,3365.4
ORD0002218,P000098,3,647.23,1941.69
ORD0002218,P000029,4,96.26,385.04
ORD0002219,P000051,1,250.57,250.57
ORD0002219,P000065,5,392.5,1962.5
ORD0002219,P000019,3,941.21,2823.63
ORD0002219,P000033,1,644.39,644.39
ORD0002219,P000045,5,711.71,3558.55
ORD0002220,P000064,3,135.37,406.11
ORD0002220,P000029,1,96.26,96.26
ORD0002220,P000093,3,475.81,1427.43
ORD0002220,P000018,4,261.78,1047.12
ORD0002221,P000001,1,571.03,571.03
ORD0002222,P000036,5,225.58,1127.9
ORD0002222,P000097,1,812.5,812.5
ORD0002222,P000021,3,482.67,1448.01
ORD0002223,P000088,3,730.81,2192.43
ORD0002223,P000086,2,949.25,1898.5
ORD0002223,P000084,1,205.66,205.66
ORD0002223,P000034,3,927.37,2782.11
ORD0002223,P000006,3,339.56,1018.6800000000001
ORD0002224,P000075,1,438.9,438.9
ORD0002224,P000055,1,173.18,173.18
ORD0002225,P000058,5,473.76,2368.8
ORD0002226,P000097,3,812.5,2437.5
ORD0002226,P000031,4,91.66,366.64
ORD0002226,P000009,2,462.25,924.5
ORD0002226,P000018,2,261.78,523.56
ORD0002226,P000054,3,622.14,1866.42
ORD0002227,P000033,1,644.39,644.39
ORD0002227,P000030,5,991.47,4957.35
ORD0002227,P000037,1,870.37,870.37
ORD0002227,P000079,4,565.57,2262.28
ORD0002228,P000076,2,171.21,342.42
ORD0002228,P000020,5,15.55,77.75
ORD0002228,P000079,5,565.57,2827.8500000000004
ORD0002228,P000004,5,709.94,3549.7000000000003
ORD0002228,P000089,3,385.38,1156.1399999999999
ORD0002229,P000076,1,171.21,171.21
ORD0002229,P000055,5,173.18,865.9000000000001
ORD0002229,P000077,1,909.58,909.58
ORD0002229,P000095,1,544.11,544.11
ORD0002229,P000066,1,382.36,382.36
ORD0002230,P000006,5,339.56,1697.8
ORD0002230,P000066,3,382.36,1147.08
ORD0002230,P000096,1,118.09,118.09
ORD0002230,P000063,3,73.02,219.06
ORD0002231,P000083,4,854.01,3416.04
ORD0002231,P000100,5,776.96,3884.8
ORD0002231,P000034,4,927.37,3709.48
ORD0002231,P000072,3,841.35,2524.05
ORD0002231,P000047,3,142.41,427.23
ORD0002232,P000090,1,890.09,890.09
ORD0002232,P000082,4,797.58,3190.32
ORD0002232,P000088,5,730.81,3654.0499999999997
ORD0002232,P000078,5,475.26,2376.3
ORD0002232,P000067,2,296.04,592.08
ORD0002233,P000001,1,571.03,571.03
ORD0002234,P000040,4,852.32,3409.28
ORD0002235,P000018,3,261.78,785.3399999999999
ORD0002235,P000001,4,571.03,2284.12
ORD0002235,P000052,2,148.67,297.34
ORD0002236,P000013,3,877.54,2632.62
ORD0002236,P000036,5,225.58,1127.9
ORD0002236,P000099,4,579.66,2318.64
ORD0002237,P000050,2,149.61,299.22
ORD0002237,P000093,2,475.81,951.62
ORD0002237,P000089,1,385.38,385.38
ORD0002238,P000006,2,339.56,679.12
ORD0002238,P000005,3,202.06,606.1800000000001
ORD0002239,P000021,3,482.67,1448.01
ORD0002239,P000015,3,803.01,2409.0299999999997
ORD0002239,P000009,4,462.25,1849.0
ORD0002239,P000033,3,644.39,1933.17
ORD0002239,P000067,1,296.04,296.04
ORD0002240,P000098,5,647.23,3236.15
ORD0002240,P000094,4,341.12,1364.48
ORD0002240,P000089,5,385.38,1926.9
ORD0002241,P000068,2,453.04,906.08
ORD0002241,P000085,1,591.78,591.78
ORD0002241,P000078,5,475.26,2376.3
ORD0002242,P000081,2,834.21,1668.42
ORD0002242,P000052,2,148.67,297.34
ORD0002242,P000064,5,135.37,676.85
ORD0002242,P000060,2,606.3,1212.6
ORD0002242,P000053,1,53.27,53.27
ORD0002243,P000038,2,237.03,474.06
ORD0002243,P000024,1,33.52,33.52
ORD0002243,P000059,2,225.97,451.94
ORD0002244,P000098,2,647.23,1294.46
ORD0002244,P000017,2,525.47,1050.94
ORD0002244,P000077,4,909.58,3638.32
ORD0002245,P000068,4,453.04,1812.16
ORD0002245,P000076,5,171.21,856.0500000000001
ORD0002245,P000092,4,162.46,649.84
ORD0002246,P000047,2,142.41,284.82
ORD0002246,P000065,5,392.5,1962.5
ORD0002246,P000083,1,854.01,854.01
ORD0002246,P000086,5,949.25,4746.25
ORD0002247,P000020,3,15.55,46.650000000000006
ORD0002248,P000084,5,205.66,1028.3
ORD0002248,P000093,5,475.81,2379.05
ORD0002248,P000079,1,565.57,565.57
ORD0002248,P000097,3,812.5,2437.5
ORD0002248,P000092,3,162.46,487.38
ORD0002249,P000011,3,600.73,1802.19
ORD0002249,P000091,3,204.84,614.52
ORD0002249,P000018,4,261.78,1047.12
ORD0002249,P000080,1,425.06,425.06
ORD0002250,P000003,1,924.38,924.38
ORD0002250,P000070,3,692.24,2076.7200000000003
ORD0002250,P000069,4,822.37,3289.48
ORD0002250,P000044,4,446.54,1786.16
ORD0002250,P000052,4,148.67,594.68
ORD0002251,P000064,3,135.37,406.11
ORD0002251,P000100,4,776.96,3107.84
ORD0002251,P000034,5,927.37,4636.85
ORD0002252,P000029,1,96.26,96.26
ORD0002252,P000091,2,204.84,409.68
ORD0002252,P000071,5,59.2,296.0
ORD0002252,P000035,3,248.76,746.28
ORD0002252,P000031,1,91.66,91.66
ORD0002253,P000046,4,580.21,2320.84
ORD0002253,P000022,2,294.77,589.54
ORD0002254,P000002,1,665.5,665.5
ORD0002254,P000070,2,692.24,1384.48
ORD0002254,P000025,4,985.57,3942.28
ORD0002254,P000086,1,949.25,949.25
ORD0002254,P000079,1,565.57,565.57
ORD0002255,P000045,3,711.71,2135.13
ORD0002255,P000087,2,16.49,32.98
ORD0002256,P000027,1,945.04,945.04
ORD0002256,P000029,4,96.26,385.04
ORD0002257,P000005,4,202.06,808.24
ORD0002257,P000053,1,53.27,53.27
ORD0002257,P000049,4,397.95,1591.8
ORD0002258,P000077,2,909.58,1819.16
ORD0002258,P000076,3,171.21,513.63
ORD0002258,P000021,1,482.67,482.67
ORD0002259,P000028,5,132.06,660.3
ORD0002259,P000002,1,665.5,665.5
ORD0002259,P000007,1,20.07,20.07
ORD0002259,P000041,5,730.28,3651.3999999999996
ORD0002260,P000100,4,776.96,3107.84
ORD0002261,P000018,1,261.78,261.78
ORD0002261,P000030,2,991.47,1982.94
ORD0002261,P000040,4,852.32,3409.28
ORD0002261,P000073,4,122.71,490.84
ORD0002261,P000019,4,941.21,3764.84
ORD0002262,P000044,2,446.54,893.08
ORD0002262,P000074,1,915.8,915.8
ORD0002263,P000017,3,525.47,1576.41
ORD0002264,P000013,5,877.54,4387.7
ORD0002264,P000083,1,854.01,854.01
ORD0002264,P000003,3,924.38,2773.14
ORD0002264,P000052,1,148.67,148.67
ORD0002265,P000039,1,929.35,929.35
ORD0002265,P000059,5,225.97,1129.85
ORD0002265,P000039,3,929.35,2788.05
ORD0002266,P000066,3,382.36,1147.08
ORD0002266,P000076,4,171.21,684.84
ORD0002266,P000068,2,453.04,906.08
ORD0002266,P000084,1,205.66,205.66
ORD0002267,P000027,1,945.04,945.04
ORD0002267,P000024,3,33.52,100.56
ORD0002267,P000019,2,941.21,1882.42
ORD0002267,P000100,4,776.96,3107.84
ORD0002267,P000076,2,171.21,342.42
ORD0002268,P000081,5,834.21,4171.05
ORD0002268,P000022,2,294.77,589.54
ORD0002268,P000036,5,225.58,1127.9
ORD0002268,P000080,4,425.06,1700.24
ORD0002268,P000056,2,195.56,391.12
ORD0002269,P000023,4,670.32,2681.28
ORD0002270,P000038,1,237.03,237.03
ORD0002270,P000033,5,644.39,3221.95
ORD0002270,P000037,2,870.37,1740.74
ORD0002271,P000079,1,565.57,565.57
ORD0002271,P000089,3,385.38,1156.1399999999999
ORD0002271,P000016,2,108.84,217.68
ORD0002271,P000069,3,822.37,2467.11
ORD0002272,P000043,3,232.18,696.54
ORD0002272,P000092,2,162.46,324.92
ORD0002272,P000056,3,195.56,586.6800000000001
ORD0002272,P000051,3,250.57,751.71
ORD0002272,P000065,2,392.5,785.0
ORD0002273,P000002,3,665.5,1996.5
ORD0002273,P000096,5,118.09,590.45
ORD0002273,P000002,1,665.5,665.5
ORD0002274,P000053,4,53.27,213.08
ORD0002274,P000068,5,453.04,2265.2000000000003
ORD0002274,P000076,2,171.21,342.42
ORD0002274,P000047,1,142.41,142.41
ORD0002275,P000082,1,797.58,797.58
ORD0002275,P000022,1,294.77,294.77
ORD0002275,P000088,1,730.81,730.81
ORD0002276,P000002,4,665.5,2662.0
ORD0002276,P000006,3,339.56,1018.6800000000001
ORD0002276,P000065,2,392.5,785.0
ORD0002276,P000057,5,124.11,620.55
ORD0002276,P000070,4,692.24,2768.96
ORD0002277,P000006,3,339.56,1018.6800000000001
ORD0002278,P000055,3,173.18,519.54
ORD0002278,P000075,3,438.9,1316.6999999999998
ORD0002279,P000085,4,591.78,2367.12
ORD0002279,P000100,3,776.96,2330.88
ORD0002279,P000069,2,822.37,1644.74
ORD0002280,P000077,3,909.58,2728.7400000000002
ORD0002280,P000080,4,425.06,1700.24
ORD0002280,P000072,3,841.35,2524.05
ORD0002280,P000024,2,33.52,67.04
ORD0002280,P000074,2,915.8,1831.6
ORD0002281,P000017,1,525.47,525.47
ORD0002281,P000092,3,162.46,487.38
ORD0002281,P000074,4,915.8,3663.2
ORD0002282,P000068,3,453.04,1359.1200000000001
ORD0002282,P000030,4,991.47,3965.88
ORD0002282,P000083,3,854.01,2562.0299999999997
ORD0002282,P000038,2,237.03,474.06
ORD0002282,P000071,1,59.2,59.2
ORD0002283,P000047,5,142.41,712.05
ORD0002283,P000081,2,834.21,1668.42
ORD0002283,P000073,4,122.71,490.84
ORD0002283,P000031,3,91.66,274.98
ORD0002284,P000078,1,475.26,475.26
ORD0002284,P000084,2,205.66,411.32
ORD0002284,P000009,5,462.25,2311.25
ORD0002284,P000040,3,852.32,2556.96
ORD0002284,P000087,2,16.49,32.98
ORD0002285,P000018,1,261.78,261.78
ORD0002285,P000037,1,870.37,870.37
ORD0002285,P000077,4,909.58,3638.32
ORD0002286,P000099,2,579.66,1159.32
ORD0002286,P000034,2,927.37,1854.74
ORD0002287,P000003,2,924.38,1848.76
ORD0002287,P000040,5,852.32,4261.6
ORD0002287,P000049,3,397.95,1193.85
ORD0002287,P000006,5,339.56,1697.8
ORD0002288,P000012,3,770.03,2310.09
ORD0002288,P000084,4,205.66,822.64
ORD0002288,P000088,3,730.81,2192.43
ORD0002288,P000073,2,122.71,245.42
ORD0002288,P000020,4,15.55,62.2
ORD0002289,P000026,4,78.71,314.84
ORD0002289,P000036,5,225.58,1127.9
ORD0002289,P000025,4,985.57,3942.28
ORD0002289,P000025,4,985.57,3942.28
ORD0002290,P000009,2,462.25,924.5
ORD0002290,P000069,2,822.37,1644.74
ORD0002290,P000097,5,812.5,4062.5
ORD0002291,P000095,4,544.11,2176.44
ORD0002291,P000031,1,91.66,91.66
ORD0002292,P000003,4,924.38,3697.52
ORD0002292,P000011,5,600.73,3003.65
ORD0002292,P000080,4,425.06,1700.24
ORD0002292,P000079,3,565.57,1696.71
ORD0002293,P000024,2,33.52,67.04
ORD0002293,P000015,2,803.01,1606.02
ORD0002293,P000059,1,225.97,225.97
ORD0002293,P000093,1,475.81,475.81
ORD0002294,P000038,2,237.03,474.06
ORD0002294,P000066,5,382.36,1911.8000000000002
ORD0002294,P000084,4,205.66,822.64
ORD0002294,P000015,1,803.01,803.01
ORD0002295,P000071,1,59.2,59.2
ORD0002296,P000023,3,670.32,2010.96
ORD0002296,P000060,3,606.3,1818.8999999999999
ORD0002297,P000050,2,149.61,299.22
ORD0002297,P000088,5,730.81,3654.0499999999997
ORD0002297,P000049,1,397.95,397.95
ORD0002298,P000086,4,949.25,3797.0
ORD0002298,P000052,5,148.67,743.3499999999999
ORD0002299,P000072,1,841.35,841.35
ORD0002299,P000015,4,803.01,3212.04
ORD0002299,P000058,2,473.76,947.52
ORD0002299,P000097,1,812.5,812.5
ORD0002300,P000072,1,841.35,841.35
ORD0002300,P000019,5,941.21,4706.05
ORD0002300,P000071,1,59.2,59.2
ORD0002301,P000034,1,927.37,927.37
ORD0002301,P000027,2,945.04,1890.08
ORD0002301,P000086,4,949.25,3797.0
ORD0002302,P000015,4,803.01,3212.04
ORD0002302,P000020,2,15.55,31.1
ORD0002302,P000087,1,16.49,16.49
ORD0002303,P000070,5,692.24,3461.2
ORD0002304,P000020,5,15.55,77.75
ORD0002304,P000079,5,565.57,2827.8500000000004
ORD0002304,P000043,5,232.18,1160.9
ORD0002304,P000098,1,647.23,647.23
ORD0002304,P000098,2,647.23,1294.46
ORD0002305,P000090,3,890.09,2670.27
ORD0002305,P000074,4,915.8,3663.2
ORD0002305,P000051,2,250.57,501.14
ORD0002306,P000011,4,600.73,2402.92
ORD0002306,P000006,4,339.56,1358.24
ORD0002306,P000032,1,837.84,837.84
ORD0002306,P000078,3,475.26,1425.78
ORD0002306,P000093,4,475.81,1903.24
ORD0002307,P000018,3,261.78,785.3399999999999
ORD0002308,P000069,3,822.37,2467.11
ORD0002308,P000084,1,205.66,205.66
ORD0002308,P000041,3,730.28,2190.84
ORD0002309,P000036,5,225.58,1127.9
ORD0002309,P000009,2,462.25,924.5
ORD0002309,P000076,1,171.21,171.21
ORD0002309,P000015,5,803.01,4015.05
ORD0002310,P000044,3,446.54,1339.6200000000001
ORD0002310,P000077,5,909.58,4547.900000000001
ORD0002310,P000001,5,571.03,2855.1499999999996
ORD0002310,P000016,1,108.84,108.84
ORD0002310,P000022,1,294.77,294.77
ORD0002311,P000050,1,149.61,149.61
ORD0002311,P000072,2,841.35,1682.7
ORD0002311,P000030,5,991.47,4957.35
ORD0002311,P000050,4,149.61,598.44
ORD0002312,P000032,1,837.84,837.84
ORD0002312,P000021,4,482.67,1930.68
ORD0002312,P000013,5,877.54,4387.7
ORD0002313,P000095,5,544.11,2720.55
ORD0002314,P000078,3,475.26,1425.78
ORD0002314,P000046,5,580.21,2901.05
ORD0002314,P000034,4,927.37,3709.48
ORD0002315,P000009,3,462.25,1386.75
ORD0002315,P000088,2,730.81,1461.62
ORD0002316,P000092,5,162.46,812.3000000000001
ORD0002316,P000037,1,870.37,870.37
ORD0002316,P000061,2,422.28,844.56
ORD0002316,P000027,2,945.04,1890.08
ORD0002317,P000058,1,473.76,473.76
ORD0002317,P000100,4,776.96,3107.84
ORD0002318,P000039,5,929.35,4646.75
ORD0002319,P000055,3,173.18,519.54
ORD0002319,P000015,2,803.01,1606.02
ORD0002320,P000074,4,915.8,3663.2
ORD0002320,P000041,1,730.28,730.28
ORD0002320,P000078,2,475.26,950.52
ORD0002320,P000039,1,929.35,929.35
ORD0002321,P000099,2,579.66,1159.32
ORD0002321,P000001,3,571.03,1713.09
ORD0002322,P000088,2,730.81,1461.62
ORD0002322,P000070,3,692.24,2076.7200000000003
ORD0002323,P000011,3,600.73,1802.19
ORD0002323,P000097,4,812.5,3250.0
ORD0002323,P000092,3,162.46,487.38
ORD0002324,P000041,5,730.28,3651.3999999999996
ORD0002325,P000011,5,600.73,3003.65
ORD0002325,P000023,2,670.32,1340.64
ORD0002325,P000099,5,579.66,2898.2999999999997
ORD0002326,P000079,2,565.57,1131.14
ORD0002326,P000012,4,770.03,3080.12
ORD0002326,P000065,1,392.5,392.5
ORD0002326,P000080,1,425.06,425.06
ORD0002326,P000091,1,204.84,204.84
ORD0002327,P000057,1,124.11,124.11
ORD0002327,P000097,4,812.5,3250.0
ORD0002328,P000082,4,797.58,3190.32
ORD0002328,P000046,3,580.21,1740.63
ORD0002329,P000058,4,473.76,1895.04
ORD0002330,P000072,4,841.35,3365.4
ORD0002331,P000045,1,711.71,711.71
ORD0002332,P000006,5,339.56,1697.8
ORD0002332,P000029,5,96.26,481.3
ORD0002332,P000033,1,644.39,644.39
ORD0002332,P000019,4,941.21,3764.84
ORD0002332,P000080,1,425.06,425.06
ORD0002333,P000089,5,385.38,1926.9
ORD0002333,P000003,1,924.38,924.38
ORD0002333,P000065,4,392.5,1570.0
ORD0002333,P000062,3,745.88,2237.64
ORD0002333,P000076,3,171.21,513.63
ORD0002334,P000076,1,171.21,171.21
ORD0002334,P000008,3,237.9,713.7
ORD0002334,P000068,5,453.04,2265.2000000000003
ORD0002334,P000034,3,927.37,2782.11
ORD0002334,P000074,5,915.8,4579.0
ORD0002335,P000085,4,591.78,2367.12
ORD0002335,P000050,2,149.61,299.22
ORD0002335,P000070,2,692.24,1384.48
ORD0002335,P000069,4,822.37,3289.48
ORD0002336,P000087,5,16.49,82.44999999999999
ORD0002336,P000027,1,945.04,945.04
ORD0002336,P000053,5,53.27,266.35
ORD0002336,P000084,1,205.66,205.66
ORD0002337,P000011,1,600.73,600.73
ORD0002337,P000088,2,730.81,1461.62
ORD0002338,P000052,5,148.67,743.3499999999999
ORD0002339,P000044,5,446.54,2232.7000000000003
ORD0002339,P000031,3,91.66,274.98
ORD0002339,P000045,2,711.71,1423.42
ORD0002339,P000026,3,78.71,236.13
ORD0002339,P000050,1,149.61,149.61
ORD0002340,P000023,1,670.32,670.32
ORD0002341,P000063,3,73.02,219.06
ORD0002341,P000060,2,606.3,1212.6
ORD0002341,P000029,1,96.26,96.26
ORD0002341,P000036,5,225.58,1127.9
ORD0002341,P000078,4,475.26,1901.04
ORD0002342,P000049,4,397.95,1591.8
ORD0002342,P000069,2,822.37,1644.74
ORD0002342,P000033,1,644.39,644.39
ORD0002342,P000088,3,730.81,2192.43
ORD0002342,P000062,4,745.88,2983.52
ORD0002343,P000065,5,392.5,1962.5
ORD0002344,P000041,1,730.28,730.28
ORD0002345,P000068,5,453.04,2265.2000000000003
ORD0002345,P000082,1,797.58,797.58
ORD0002345,P000056,3,195.56,586.6800000000001
ORD0002345,P000066,3,382.36,1147.08
ORD0002345,P000062,2,745.88,1491.76
ORD0002346,P000017,1,525.47,525.47
ORD0002346,P000042,4,274.71,1098.84
ORD0002347,P000065,3,392.5,1177.5
ORD0002347,P000040,3,852.32,2556.96
ORD0002348,P000011,3,600.73,1802.19
ORD0002348,P000029,2,96.26,192.52
ORD0002349,P000070,4,692.24,2768.96
ORD0002349,P000068,5,453.04,2265.2000000000003
ORD0002349,P000084,4,205.66,822.64
ORD0002349,P000042,2,274.71,549.42
ORD0002349,P000017,4,525.47,2101.88
ORD0002350,P000097,3,812.5,2437.5
ORD0002351,P000060,1,606.3,606.3
ORD0002351,P000062,3,745.88,2237.64
ORD0002352,P000017,2,525.47,1050.94
ORD0002353,P000081,3,834.21,2502.63
ORD0002353,P000073,5,122.71,613.55
ORD0002353,P000100,1,776.96,776.96
ORD0002353,P000001,2,571.03,1142.06
ORD0002353,P000089,3,385.38,1156.1399999999999
ORD0002354,P000073,3,122.71,368.13
ORD0002354,P000021,5,482.67,2413.35
ORD0002354,P000096,3,118.09,354.27
ORD0002354,P000080,1,425.06,425.06
ORD0002355,P000054,1,622.14,622.14
ORD0002356,P000044,3,446.54,1339.6200000000001
ORD0002356,P000100,2,776.96,1553.92
ORD0002356,P000048,2,294.63,589.26
ORD0002356,P000060,5,606.3,3031.5
ORD0002357,P000085,5,591.78,2958.8999999999996
ORD0002357,P000064,5,135.37,676.85
ORD0002357,P000070,1,692.24,692.24
ORD0002358,P000059,4,225.97,903.88
ORD0002359,P000070,2,692.24,1384.48
ORD0002360,P000077,3,909.58,2728.7400000000002
ORD0002360,P000003,4,924.38,3697.52
ORD0002360,P000057,4,124.11,496.44
ORD0002360,P000023,3,670.32,2010.96
ORD0002360,P000075,4,438.9,1755.6
ORD0002361,P000079,5,565.57,2827.8500000000004
ORD0002361,P000082,4,797.58,3190.32
ORD0002361,P000097,1,812.5,812.5
ORD0002361,P000064,3,135.37,406.11
ORD0002362,P000053,2,53.27,106.54
ORD0002362,P000002,4,665.5,2662.0
ORD0002362,P000010,3,183.93,551.79
ORD0002362,P000058,3,473.76,1421.28
ORD0002363,P000085,2,591.78,1183.56
ORD0002363,P000052,1,148.67,148.67
ORD0002363,P000050,2,149.61,299.22
ORD0002363,P000087,4,16.49,65.96
ORD0002363,P000001,2,571.03,1142.06
ORD0002364,P000046,1,580.21,580.21
ORD0002364,P000013,1,877.54,877.54
ORD0002364,P000060,3,606.3,1818.8999999999999
ORD0002365,P000013,5,877.54,4387.7
ORD0002365,P000092,2,162.46,324.92
ORD0002365,P000022,5,294.77,1473.85
ORD0002366,P000098,5,647.23,3236.15
ORD0002366,P000003,3,924.38,2773.14
ORD0002366,P000073,2,122.71,245.42
ORD0002367,P000022,2,294.77,589.54
ORD0002367,P000006,1,339.56,339.56
ORD0002367,P000054,4,622.14,2488.56
ORD0002368,P000007,2,20.07,40.14
ORD0002368,P000012,4,770.03,3080.12
ORD0002368,P000080,3,425.06,1275.18
ORD0002368,P000063,5,73.02,365.09999999999997
ORD0002368,P000065,3,392.5,1177.5
ORD0002369,P000035,5,248.76,1243.8
ORD0002369,P000011,2,600.73,1201.46
ORD0002369,P000038,3,237.03,711.09
ORD0002370,P000054,2,622.14,1244.28
ORD0002370,P000065,3,392.5,1177.5
ORD0002371,P000057,3,124.11,372.33
ORD0002371,P000002,5,665.5,3327.5
ORD0002371,P000034,1,927.37,927.37
ORD0002371,P000007,2,20.07,40.14
ORD0002372,P000080,3,425.06,1275.18
ORD0002372,P000036,3,225.58,676.74
ORD0002372,P000070,5,692.24,3461.2
ORD0002372,P000075,5,438.9,2194.5
ORD0002373,P000095,4,544.11,2176.44
ORD0002373,P000090,3,890.09,2670.27
ORD0002373,P000054,4,622.14,2488.56
ORD0002373,P000082,2,797.58,1595.16
ORD0002373,P000023,2,670.32,1340.64
ORD0002374,P000004,2,709.94,1419.88
ORD0002374,P000039,2,929.35,1858.7
ORD0002374,P000077,1,909.58,909.58
ORD0002375,P000008,1,237.9,237.9
ORD0002375,P000031,1,91.66,91.66
ORD0002376,P000071,2,59.2,118.4
ORD0002376,P000024,2,33.52,67.04
ORD0002376,P000080,4,425.06,1700.24
ORD0002377,P000007,2,20.07,40.14
ORD0002378,P000044,4,446.54,1786.16
ORD0002378,P000012,4,770.03,3080.12
ORD0002378,P000051,3,250.57,751.71
ORD0002379,P000068,1,453.04,453.04
ORD0002379,P000008,1,237.9,237.9
ORD0002379,P000099,5,579.66,2898.2999999999997
ORD0002380,P000036,2,225.58,451.16
ORD0002381,P000098,4,647.23,2588.92
ORD0002382,P000046,4,580.21,2320.84
ORD0002383,P000027,4,945.04,3780.16
ORD0002383,P000059,4,225.97,903.88
ORD0002383,P000037,5,870.37,4351.85
ORD0002383,P000072,3,841.35,2524.05
ORD0002383,P000042,1,274.71,274.71
ORD0002384,P000014,1,928.24,928.24
ORD0002384,P000032,4,837.84,3351.36
ORD0002384,P000078,5,475.26,2376.3
ORD0002384,P000040,4,852.32,3409.28
ORD0002384,P000055,1,173.18,173.18
ORD0002385,P000018,5,261.78,1308.8999999999999
ORD0002385,P000082,4,797.58,3190.32
ORD0002385,P000094,1,341.12,341.12
ORD0002386,P000004,1,709.94,709.94
ORD0002386,P000005,2,202.06,404.12
ORD0002386,P000093,5,475.81,2379.05
ORD0002386,P000100,2,776.96,1553.92
ORD0002387,P000084,2,205.66,411.32
ORD0002387,P000099,3,579.66,1738.98
ORD0002388,P000089,3,385.38,1156.1399999999999
ORD0002388,P000048,1,294.63,294.63
ORD0002388,P000092,5,162.46,812.3000000000001
ORD0002389,P000039,2,929.35,1858.7
ORD0002389,P000071,4,59.2,236.8
ORD0002389,P000084,4,205.66,822.64
ORD0002389,P000022,1,294.77,294.77
ORD0002389,P000055,5,173.18,865.9000000000001
ORD0002390,P000091,4,204.84,819.36
ORD0002390,P000044,5,446.54,2232.7000000000003
ORD0002390,P000028,3,132.06,396.18
ORD0002390,P000004,2,709.94,1419.88
ORD0002391,P000010,2,183.93,367.86
ORD0002391,P000075,3,438.9,1316.6999999999998
ORD0002392,P000072,1,841.35,841.35
ORD0002392,P000047,1,142.41,142.41
ORD0002392,P000039,1,929.35,929.35
ORD0002392,P000031,1,91.66,91.66
ORD0002393,P000038,1,237.03,237.03
ORD0002393,P000035,1,248.76,248.76
ORD0002393,P000042,2,274.71,549.42
ORD0002393,P000060,5,606.3,3031.5
ORD0002394,P000002,5,665.5,3327.5
ORD0002394,P000080,4,425.06,1700.24
ORD0002394,P000085,1,591.78,591.78
ORD0002394,P000024,5,33.52,167.60000000000002
ORD0002394,P000009,4,462.25,1849.0
ORD0002395,P000007,4,20.07,80.28
ORD0002395,P000026,4,78.71,314.84
ORD0002396,P000046,1,580.21,580.21
ORD0002396,P000088,5,730.81,3654.0499999999997
ORD0002396,P000045,4,711.71,2846.84
ORD0002396,P000099,4,579.66,2318.64
ORD0002397,P000028,1,132.06,132.06
ORD0002397,P000096,2,118.09,236.18
ORD0002397,P000058,2,473.76,947.52
ORD0002397,P000059,3,225.97,677.91
ORD0002397,P000039,2,929.35,1858.7
ORD0002398,P000028,3,132.06,396.18
ORD0002398,P000034,2,927.37,1854.74
ORD0002398,P000062,4,745.88,2983.52
ORD0002398,P000053,1,53.27,53.27
ORD0002398,P000058,3,473.76,1421.28
ORD0002399,P000049,1,397.95,397.95
ORD0002399,P000033,4,644.39,2577.56
ORD0002399,P000002,1,665.5,665.5
ORD0002399,P000077,2,909.58,1819.16
ORD0002399,P000014,5,928.24,4641.2
ORD0002400,P000032,3,837.84,2513.52
ORD0002401,P000019,2,941.21,1882.42
ORD0002401,P000021,5,482.67,2413.35
ORD0002401,P000009,4,462.25,1849.0
ORD0002402,P000027,3,945.04,2835.12
ORD0002402,P000090,3,890.09,2670.27
ORD0002403,P000053,1,53.27,53.27
ORD0002403,P000045,2,711.71,1423.42
ORD0002403,P000087,4,16.49,65.96
ORD0002403,P000051,4,250.57,1002.28
ORD0002403,P000097,2,812.5,1625.0
ORD0002404,P000074,4,915.8,3663.2
ORD0002404,P000063,3,73.02,219.06
ORD0002404,P000007,5,20.07,100.35
ORD0002404,P000007,1,20.07,20.07
ORD0002405,P000041,2,730.28,1460.56
ORD0002406,P000049,4,397.95,1591.8
ORD0002406,P000004,4,709.94,2839.76
ORD0002406,P000093,1,475.81,475.81
ORD0002407,P000012,2,770.03,1540.06
ORD0002407,P000001,3,571.03,1713.09
ORD0002407,P000003,1,924.38,924.38
ORD0002408,P000098,2,647.23,1294.46
ORD0002408,P000025,4,985.57,3942.28
ORD0002408,P000043,1,232.18,232.18
ORD0002408,P000093,4,475.81,1903.24
ORD0002409,P000061,1,422.28,422.28
ORD0002409,P000049,1,397.95,397.95
ORD0002409,P000053,4,53.27,213.08
ORD0002409,P000043,5,232.18,1160.9
ORD0002409,P000028,1,132.06,132.06
ORD0002410,P000008,1,237.9,237.9
ORD0002410,P000087,3,16.49,49.47
ORD0002410,P000016,4,108.84,435.36
ORD0002411,P000020,2,15.55,31.1
ORD0002411,P000005,4,202.06,808.24
ORD0002412,P000039,5,929.35,4646.75
ORD0002412,P000034,1,927.37,927.37
ORD0002412,P000021,5,482.67,2413.35
ORD0002412,P000006,5,339.56,1697.8
ORD0002413,P000050,4,149.61,598.44
ORD0002413,P000066,4,382.36,1529.44
ORD0002413,P000091,3,204.84,614.52
ORD0002414,P000082,3,797.58,2392.7400000000002
ORD0002414,P000016,1,108.84,108.84
ORD0002414,P000038,3,237.03,711.09
ORD0002414,P000019,3,941.21,2823.63
ORD0002414,P000070,2,692.24,1384.48
ORD0002415,P000048,2,294.63,589.26
ORD0002415,P000055,3,173.18,519.54
ORD0002415,P000079,2,565.57,1131.14
ORD0002415,P000012,3,770.03,2310.09
ORD0002415,P000035,4,248.76,995.04
ORD0002416,P000048,2,294.63,589.26
ORD0002416,P000074,2,915.8,1831.6
ORD0002416,P000039,2,929.35,1858.7
ORD0002416,P000012,2,770.03,1540.06
ORD0002417,P000084,3,205.66,616.98
ORD0002417,P000053,1,53.27,53.27
ORD0002417,P000008,4,237.9,951.6
ORD0002417,P000034,4,927.37,3709.48
ORD0002417,P000022,3,294.77,884.31
ORD0002418,P000046,1,580.21,580.21
ORD0002418,P000091,4,204.84,819.36
ORD0002418,P000018,2,261.78,523.56
ORD0002418,P000086,5,949.25,4746.25
ORD0002419,P000016,3,108.84,326.52
ORD0002419,P000024,5,33.52,167.60000000000002
ORD0002419,P000088,5,730.81,3654.0499999999997
ORD0002420,P000090,3,890.09,2670.27
ORD0002420,P000019,3,941.21,2823.63
ORD0002420,P000011,1,600.73,600.73
ORD0002420,P000048,3,294.63,883.89
ORD0002421,P000036,4,225.58,902.32
ORD0002421,P000034,5,927.37,4636.85
ORD0002422,P000093,3,475.81,1427.43
ORD0002422,P000048,1,294.63,294.63
ORD0002422,P000024,1,33.52,33.52
ORD0002423,P000089,1,385.38,385.38
ORD0002423,P000033,3,644.39,1933.17
ORD0002423,P000003,4,924.38,3697.52
ORD0002423,P000002,1,665.5,665.5
ORD0002423,P000027,3,945.04,2835.12
ORD0002424,P000028,5,132.06,660.3
ORD0002424,P000036,3,225.58,676.74
ORD0002425,P000079,1,565.57,565.57
ORD0002425,P000039,1,929.35,929.35
ORD0002426,P000045,3,711.71,2135.13
ORD0002427,P000098,3,647.23,1941.69
ORD0002427,P000050,2,149.61,299.22
ORD0002427,P000025,4,985.57,3942.28
ORD0002427,P000034,3,927.37,2782.11
ORD0002428,P000067,4,296.04,1184.16
ORD0002429,P000039,2,929.35,1858.7
ORD0002429,P000072,5,841.35,4206.75
ORD0002429,P000002,2,665.5,1331.0
ORD0002430,P000079,4,565.57,2262.28
ORD0002430,P000097,4,812.5,3250.0
ORD0002430,P000033,4,644.39,2577.56
ORD0002430,P000015,2,803.01,1606.02
ORD0002430,P000078,1,475.26,475.26
ORD0002431,P000062,2,745.88,1491.76
ORD0002431,P000036,5,225.58,1127.9
ORD0002431,P000099,3,579.66,1738.98
ORD0002431,P000039,2,929.35,1858.7
ORD0002431,P000042,2,274.71,549.42
ORD0002432,P000098,2,647.23,1294.46
ORD0002433,P000035,2,248.76,497.52
ORD0002433,P000014,5,928.24,4641.2
ORD0002433,P000034,1,927.37,927.37
ORD0002433,P000052,1,148.67,148.67
ORD0002434,P000081,4,834.21,3336.84
ORD0002434,P000041,1,730.28,730.28
ORD0002434,P000094,1,341.12,341.12
ORD0002435,P000008,2,237.9,475.8
ORD0002435,P000045,4,711.71,2846.84
ORD0002435,P000040,1,852.32,852.32
ORD0002435,P000052,1,148.67,148.67
ORD0002436,P000085,4,591.78,2367.12
ORD0002436,P000041,4,730.28,2921.12
ORD0002436,P000050,3,149.61,448.83000000000004
ORD0002436,P000054,3,622.14,1866.42
ORD0002436,P000096,1,118.09,118.09
ORD0002437,P000084,3,205.66,616.98
ORD0002437,P000053,5,53.27,266.35
ORD0002438,P000099,5,579.66,2898.2999999999997
ORD0002438,P000090,1,890.09,890.09
ORD0002438,P000100,4,776.96,3107.84
ORD0002439,P000010,4,183.93,735.72
ORD0002439,P000011,4,600.73,2402.92
ORD0002440,P000015,4,803.01,3212.04
ORD0002440,P000089,2,385.38,770.76
ORD0002440,P000055,4,173.18,692.72
ORD0002440,P000076,3,171.21,513.63
ORD0002440,P000066,3,382.36,1147.08
ORD0002441,P000009,4,462.25,1849.0
ORD0002441,P000043,3,232.18,696.54
ORD0002441,P000070,2,692.24,1384.48
ORD0002442,P000062,3,745.88,2237.64
ORD0002443,P000014,3,928.24,2784.7200000000003
ORD0002443,P000050,4,149.61,598.44
ORD0002443,P000046,1,580.21,580.21
ORD0002443,P000065,4,392.5,1570.0
ORD0002444,P000056,5,195.56,977.8
ORD0002445,P000032,3,837.84,2513.52
ORD0002445,P000007,2,20.07,40.14
ORD0002445,P000064,4,135.37,541.48
ORD0002445,P000028,3,132.06,396.18
ORD0002446,P000028,1,132.06,132.06
ORD0002446,P000024,3,33.52,100.56
ORD0002446,P000001,2,571.03,1142.06
ORD0002446,P000047,3,142.41,427.23
ORD0002446,P000057,1,124.11,124.11
ORD0002447,P000051,1,250.57,250.57
ORD0002447,P000039,2,929.35,1858.7
ORD0002447,P000021,3,482.67,1448.01
ORD0002447,P000085,4,591.78,2367.12
ORD0002448,P000014,1,928.24,928.24
ORD0002448,P000084,2,205.66,411.32
ORD0002449,P000097,1,812.5,812.5
ORD0002449,P000046,4,580.21,2320.84
ORD0002449,P000029,3,96.26,288.78000000000003
ORD0002449,P000087,5,16.49,82.44999999999999
ORD0002450,P000032,3,837.84,2513.52
ORD0002450,P000086,5,949.25,4746.25
ORD0002450,P000023,5,670.32,3351.6000000000004
ORD0002451,P000079,5,565.57,2827.8500000000004
ORD0002452,P000027,4,945.04,3780.16
ORD0002452,P000065,1,392.5,392.5
ORD0002452,P000039,4,929.35,3717.4
ORD0002453,P000057,1,124.11,124.11
ORD0002453,P000076,3,171.21,513.63
ORD0002453,P000010,1,183.93,183.93
ORD0002453,P000046,3,580.21,1740.63
ORD0002453,P000075,4,438.9,1755.6
ORD0002454,P000010,5,183.93,919.6500000000001
ORD0002455,P000068,2,453.04,906.08
ORD0002456,P000053,2,53.27,106.54
ORD0002456,P000060,4,606.3,2425.2
ORD0002457,P000011,3,600.73,1802.19
ORD0002457,P000034,4,927.37,3709.48
ORD0002457,P000027,5,945.04,4725.2
ORD0002458,P000027,5,945.04,4725.2
ORD0002458,P000009,1,462.25,462.25
ORD0002459,P000070,3,692.24,2076.7200000000003
ORD0002459,P000001,2,571.03,1142.06
ORD0002460,P000091,2,204.84,409.68
ORD0002461,P000073,5,122.71,613.55
ORD0002461,P000045,3,711.71,2135.13
ORD0002461,P000003,1,924.38,924.38
ORD0002461,P000029,1,96.26,96.26
ORD0002461,P000046,2,580.21,1160.42
ORD0002462,P000050,5,149.61,748.0500000000001
ORD0002462,P000069,4,822.37,3289.48
ORD0002463,P000004,5,709.94,3549.7000000000003
ORD0002463,P000062,3,745.88,2237.64
ORD0002463,P000033,2,644.39,1288.78
ORD0002464,P000040,2,852.32,1704.64
ORD0002464,P000072,4,841.35,3365.4
ORD0002465,P000079,2,565.57,1131.14
ORD0002465,P000080,1,425.06,425.06
ORD0002465,P000055,5,173.18,865.9000000000001
ORD0002465,P000058,5,473.76,2368.8
ORD0002466,P000060,5,606.3,3031.5
ORD0002466,P000042,3,274.71,824.1299999999999
ORD0002467,P000073,1,122.71,122.71
ORD0002467,P000036,1,225.58,225.58
ORD0002467,P000051,2,250.57,501.14
ORD0002467,P000084,5,205.66,1028.3
ORD0002467,P000041,1,730.28,730.28
ORD0002468,P000050,2,149.61,299.22
ORD0002468,P000013,1,877.54,877.54
ORD0002469,P000026,4,78.71,314.84
ORD0002469,P000099,1,579.66,579.66
ORD0002469,P000084,5,205.66,1028.3
ORD0002469,P000006,5,339.56,1697.8
ORD0002469,P000057,5,124.11,620.55
ORD0002470,P000008,1,237.9,237.9
ORD0002470,P000037,2,870.37,1740.74
ORD0002470,P000042,5,274.71,1373.55
ORD0002470,P000071,5,59.2,296.0
ORD0002471,P000003,1,924.38,924.38
ORD0002471,P000043,2,232.18,464.36
ORD0002471,P000093,5,475.81,2379.05
ORD0002471,P000006,5,339.56,1697.8
ORD0002471,P000014,3,928.24,2784.7200000000003
ORD0002472,P000074,5,915.8,4579.0
ORD0002472,P000095,3,544.11,1632.33
ORD0002472,P000028,3,132.06,396.18
ORD0002472,P000042,1,274.71,274.71
ORD0002472,P000067,2,296.04,592.08
ORD0002473,P000009,4,462.25,1849.0
ORD0002473,P000006,3,339.56,1018.6800000000001
ORD0002473,P000085,2,591.78,1183.56
ORD0002473,P000005,2,202.06,404.12
ORD0002474,P000042,1,274.71,274.71
ORD0002474,P000054,2,622.14,1244.28
ORD0002474,P000080,3,425.06,1275.18
ORD0002475,P000056,2,195.56,391.12
ORD0002476,P000051,2,250.57,501.14
ORD0002476,P000003,2,924.38,1848.76
ORD0002476,P000003,1,924.38,924.38
ORD0002477,P000064,1,135.37,135.37
ORD0002477,P000063,1,73.02,73.02
ORD0002478,P000073,1,122.71,122.71
ORD0002479,P000065,4,392.5,1570.0
ORD0002480,P000027,3,945.04,2835.12
ORD0002481,P000009,1,462.25,462.25
ORD0002481,P000057,4,124.11,496.44
ORD0002481,P000045,5,711.71,3558.55
ORD0002481,P000038,3,237.03,711.09
ORD0002482,P000060,1,606.3,606.3
ORD0002482,P000056,2,195.56,391.12
ORD0002483,P000049,5,397.95,1989.75
ORD0002483,P000087,3,16.49,49.47
ORD0002483,P000072,1,841.35,841.35
ORD0002484,P000093,1,475.81,475.81
ORD0002484,P000027,4,945.04,3780.16
ORD0002484,P000039,5,929.35,4646.75
ORD0002484,P000034,4,927.37,3709.48
ORD0002484,P000021,2,482.67,965.34
ORD0002485,P000091,4,204.84,819.36
ORD0002485,P000092,1,162.46,162.46
ORD0002485,P000032,2,837.84,1675.68
ORD0002485,P000005,2,202.06,404.12
ORD0002485,P000020,4,15.55,62.2
ORD0002486,P000047,5,142.41,712.05
ORD0002486,P000069,2,822.37,1644.74
ORD0002486,P000011,1,600.73,600.73
ORD0002486,P000051,3,250.57,751.71
ORD0002486,P000079,4,565.57,2262.28
ORD0002487,P000006,5,339.56,1697.8
ORD0002487,P000009,5,462.25,2311.25
ORD0002488,P000041,2,730.28,1460.56
ORD0002488,P000062,1,745.88,745.88
ORD0002488,P000100,1,776.96,776.96
ORD0002488,P000017,1,525.47,525.47
ORD0002488,P000040,1,852.32,852.32
ORD0002489,P000065,5,392.5,1962.5
ORD0002489,P000017,1,525.47,525.47
ORD0002489,P000044,3,446.54,1339.6200000000001
ORD0002489,P000009,4,462.25,1849.0
ORD0002490,P000022,4,294.77,1179.08
ORD0002490,P000088,5,730.81,3654.0499999999997
ORD0002490,P000093,1,475.81,475.81
ORD0002490,P000015,4,803.01,3212.04
ORD0002491,P000068,1,453.04,453.04
ORD0002491,P000028,1,132.06,132.06
ORD0002491,P000023,4,670.32,2681.28
ORD0002491,P000024,1,33.52,33.52
ORD0002491,P000023,4,670.32,2681.28
ORD0002492,P000008,1,237.9,237.9
ORD0002492,P000090,5,890.09,4450.45
ORD0002493,P000019,2,941.21,1882.42
ORD0002493,P000083,1,854.01,854.01
ORD0002493,P000022,4,294.77,1179.08
ORD0002494,P000097,2,812.5,1625.0
ORD0002494,P000087,3,16.49,49.47
ORD0002495,P000030,5,991.47,4957.35
ORD0002496,P000082,4,797.58,3190.32
ORD0002496,P000062,1,745.88,745.88
ORD0002496,P000066,5,382.36,1911.8000000000002
ORD0002496,P000099,5,579.66,2898.2999999999997
ORD0002497,P000009,2,462.25,924.5
ORD0002497,P000018,3,261.78,785.3399999999999
ORD0002497,P000083,3,854.01,2562.0299999999997
ORD0002498,P000075,1,438.9,438.9
ORD0002498,P000035,2,248.76,497.52
ORD0002499,P000059,3,225.97,677.91
ORD0002500,P000088,5,730.81,3654.0499999999997
ORD0002500,P000031,4,91.66,366.64
ORD0002501,P000035,2,248.76,497.52
ORD0002502,P000097,2,812.5,1625.0
ORD0002502,P000017,3,525.47,1576.41
ORD0002502,P000047,3,142.41,427.23
ORD0002503,P000052,3,148.67,446.01
ORD0002503,P000016,3,108.84,326.52
ORD0002503,P000005,5,202.06,1010.3
ORD0002504,P000023,5,670.32,3351.6000000000004
ORD0002505,P000008,2,237.9,475.8
ORD0002505,P000029,1,96.26,96.26
ORD0002506,P000012,3,770.03,2310.09
ORD0002506,P000087,4,16.49,65.96
ORD0002506,P000004,3,709.94,2129.82
ORD0002506,P000087,4,16.49,65.96
ORD0002506,P000008,3,237.9,713.7
ORD0002507,P000041,2,730.28,1460.56
ORD0002507,P000061,5,422.28,2111.3999999999996
ORD0002507,P000031,5,91.66,458.29999999999995
ORD0002508,P000094,5,341.12,1705.6
ORD0002509,P000045,1,711.71,711.71
ORD0002509,P000093,3,475.81,1427.43
ORD0002509,P000065,4,392.5,1570.0
ORD0002509,P000008,5,237.9,1189.5
ORD0002509,P000036,1,225.58,225.58
ORD0002510,P000078,5,475.26,2376.3
ORD0002510,P000052,4,148.67,594.68
ORD0002510,P000012,4,770.03,3080.12
ORD0002510,P000069,4,822.37,3289.48
ORD0002510,P000016,2,108.84,217.68
ORD0002511,P000072,1,841.35,841.35
ORD0002511,P000059,2,225.97,451.94
ORD0002511,P000065,3,392.5,1177.5
ORD0002511,P000065,1,392.5,392.5
ORD0002512,P000086,5,949.25,4746.25
ORD0002512,P000006,1,339.56,339.56
ORD0002512,P000094,1,341.12,341.12
ORD0002512,P000038,5,237.03,1185.15
ORD0002512,P000022,2,294.77,589.54
ORD0002513,P000020,4,15.55,62.2
ORD0002514,P000062,3,745.88,2237.64
ORD0002514,P000011,4,600.73,2402.92
ORD0002514,P000034,2,927.37,1854.74
ORD0002514,P000040,4,852.32,3409.28
ORD0002514,P000001,2,571.03,1142.06
ORD0002515,P000039,4,929.35,3717.4
ORD0002515,P000041,2,730.28,1460.56
ORD0002516,P000063,5,73.02,365.09999999999997
ORD0002516,P000036,3,225.58,676.74
ORD0002516,P000007,2,20.07,40.14
ORD0002516,P000093,4,475.81,1903.24
ORD0002517,P000087,1,16.49,16.49
ORD0002517,P000047,5,142.41,712.05
ORD0002517,P000086,4,949.25,3797.0
ORD0002517,P000088,2,730.81,1461.62
ORD0002517,P000039,4,929.35,3717.4
ORD0002518,P000078,2,475.26,950.52
ORD0002518,P000062,5,745.88,3729.4
ORD0002518,P000022,3,294.77,884.31
ORD0002518,P000005,3,202.06,606.1800000000001
ORD0002519,P000077,2,909.58,1819.16
ORD0002520,P000027,2,945.04,1890.08
ORD0002520,P000077,2,909.58,1819.16
ORD0002520,P000004,1,709.94,709.94
ORD0002521,P000013,3,877.54,2632.62
ORD0002521,P000063,1,73.02,73.02
ORD0002521,P000022,2,294.77,589.54
ORD0002521,P000046,5,580.21,2901.05
ORD0002521,P000097,2,812.5,1625.0
ORD0002522,P000052,1,148.67,148.67
ORD0002522,P000087,5,16.49,82.44999999999999
ORD0002522,P000013,5,877.54,4387.7
ORD0002522,P000027,3,945.04,2835.12
ORD0002523,P000016,1,108.84,108.84
ORD0002523,P000088,2,730.81,1461.62
ORD0002524,P000016,3,108.84,326.52
ORD0002524,P000021,2,482.67,965.34
ORD0002524,P000030,3,991.47,2974.41
ORD0002525,P000032,1,837.84,837.84
ORD0002525,P000072,5,841.35,4206.75
ORD0002525,P000078,1,475.26,475.26
ORD0002526,P000053,1,53.27,53.27
ORD0002526,P000085,2,591.78,1183.56
ORD0002527,P000038,2,237.03,474.06
ORD0002527,P000098,4,647.23,2588.92
ORD0002528,P000054,5,622.14,3110.7
ORD0002528,P000006,2,339.56,679.12
ORD0002528,P000071,5,59.2,296.0
ORD0002528,P000094,5,341.12,1705.6
ORD0002529,P000096,1,118.09,118.09
ORD0002529,P000081,4,834.21,3336.84
ORD0002529,P000058,5,473.76,2368.8
ORD0002529,P000070,3,692.24,2076.7200000000003
ORD0002529,P000098,4,647.23,2588.92
ORD0002530,P000056,2,195.56,391.12
ORD0002530,P000084,4,205.66,822.64
ORD0002531,P000071,2,59.2,118.4
ORD0002531,P000021,2,482.67,965.34
ORD0002532,P000043,4,232.18,928.72
ORD0002532,P000076,5,171.21,856.0500000000001
ORD0002533,P000044,5,446.54,2232.7000000000003
ORD0002533,P000011,5,600.73,3003.65
ORD0002533,P000033,4,644.39,2577.56
ORD0002534,P000065,5,392.5,1962.5
ORD0002534,P000056,4,195.56,782.24
ORD0002534,P000050,4,149.61,598.44
ORD0002534,P000033,1,644.39,644.39
ORD0002535,P000018,5,261.78,1308.8999999999999
ORD0002535,P000004,3,709.94,2129.82
ORD0002535,P000079,4,565.57,2262.28
ORD0002536,P000079,5,565.57,2827.8500000000004
ORD0002536,P000085,1,591.78,591.78
ORD0002536,P000043,2,232.18,464.36
ORD0002536,P000074,2,915.8,1831.6
ORD0002537,P000067,1,296.04,296.04
ORD0002537,P000053,5,53.27,266.35
ORD0002537,P000071,3,59.2,177.60000000000002
ORD0002537,P000036,4,225.58,902.32
ORD0002537,P000090,5,890.09,4450.45
ORD0002538,P000010,4,183.93,735.72
ORD0002538,P000034,2,927.37,1854.74
ORD0002538,P000036,4,225.58,902.32
ORD0002539,P000031,1,91.66,91.66
ORD0002540,P000061,2,422.28,844.56
ORD0002540,P000060,1,606.3,606.3
ORD0002540,P000050,1,149.61,149.61
ORD0002541,P000059,4,225.97,903.88
ORD0002541,P000057,5,124.11,620.55
ORD0002541,P000006,1,339.56,339.56
ORD0002541,P000003,1,924.38,924.38
ORD0002542,P000009,4,462.25,1849.0
ORD0002542,P000100,3,776.96,2330.88
ORD0002542,P000029,1,96.26,96.26
ORD0002543,P000042,4,274.71,1098.84
ORD0002543,P000003,5,924.38,4621.9
ORD0002544,P000047,2,142.41,284.82
ORD0002544,P000010,4,183.93,735.72
ORD0002544,P000004,3,709.94,2129.82
ORD0002544,P000072,3,841.35,2524.05
ORD0002544,P000071,5,59.2,296.0
ORD0002545,P000018,1,261.78,261.78
ORD0002545,P000049,2,397.95,795.9
ORD0002545,P000012,1,770.03,770.03
ORD0002545,P000066,4,382.36,1529.44
ORD0002545,P000019,4,941.21,3764.84
ORD0002546,P000060,1,606.3,606.3
ORD0002546,P000017,1,525.47,525.47
ORD0002546,P000047,3,142.41,427.23
ORD0002546,P000041,5,730.28,3651.3999999999996
ORD0002546,P000044,5,446.54,2232.7000000000003
ORD0002547,P000088,2,730.81,1461.62
ORD0002547,P000066,3,382.36,1147.08
ORD0002547,P000012,1,770.03,770.03
ORD0002547,P000002,2,665.5,1331.0
ORD0002548,P000052,2,148.67,297.34
ORD0002549,P000047,3,142.41,427.23
ORD0002549,P000038,4,237.03,948.12
ORD0002549,P000019,1,941.21,941.21
ORD0002549,P000070,1,692.24,692.24
ORD0002550,P000031,4,91.66,366.64
ORD0002550,P000001,4,571.03,2284.12
ORD0002550,P000093,2,475.81,951.62
ORD0002551,P000064,4,135.37,541.48
ORD0002551,P000006,1,339.56,339.56
ORD0002551,P000022,2,294.77,589.54
ORD0002551,P000050,2,149.61,299.22
ORD0002551,P000010,5,183.93,919.6500000000001
ORD0002552,P000029,2,96.26,192.52
ORD0002552,P000031,4,91.66,366.64
ORD0002552,P000027,4,945.04,3780.16
ORD0002553,P000099,2,579.66,1159.32
ORD0002553,P000055,1,173.18,173.18
ORD0002553,P000093,1,475.81,475.81
ORD0002553,P000088,3,730.81,2192.43
ORD0002554,P000035,3,248.76,746.28
ORD0002554,P000098,3,647.23,1941.69
ORD0002555,P000054,3,622.14,1866.42
ORD0002555,P000002,5,665.5,3327.5
ORD0002555,P000018,3,261.78,785.3399999999999
ORD0002556,P000069,2,822.37,1644.74
ORD0002556,P000012,4,770.03,3080.12
ORD0002557,P000006,1,339.56,339.56
ORD0002557,P000070,5,692.24,3461.2
ORD0002558,P000043,3,232.18,696.54
ORD0002558,P000066,1,382.36,382.36
ORD0002559,P000069,5,822.37,4111.85
ORD0002559,P000006,4,339.56,1358.24
ORD0002559,P000002,2,665.5,1331.0
ORD0002559,P000035,5,248.76,1243.8
ORD0002560,P000065,5,392.5,1962.5
ORD0002560,P000029,4,96.26,385.04
ORD0002560,P000029,5,96.26,481.3
ORD0002561,P000064,1,135.37,135.37
ORD0002561,P000022,1,294.77,294.77
ORD0002562,P000031,2,91.66,183.32
ORD0002562,P000023,3,670.32,2010.96
ORD0002562,P000018,5,261.78,1308.8999999999999
ORD0002563,P000037,5,870.37,4351.85
ORD0002563,P000081,5,834.21,4171.05
ORD0002563,P000092,5,162.46,812.3000000000001
ORD0002563,P000100,5,776.96,3884.8
ORD0002564,P000010,2,183.93,367.86
ORD0002564,P000093,1,475.81,475.81
ORD0002564,P000068,3,453.04,1359.1200000000001
ORD0002564,P000093,5,475.81,2379.05
ORD0002564,P000062,5,745.88,3729.4
ORD0002565,P000042,1,274.71,274.71
ORD0002565,P000097,1,812.5,812.5
ORD0002566,P000095,2,544.11,1088.22
ORD0002566,P000019,1,941.21,941.21
ORD0002567,P000028,1,132.06,132.06
ORD0002567,P000083,2,854.01,1708.02
ORD0002567,P000079,3,565.57,1696.71
ORD0002567,P000032,4,837.84,3351.36
ORD0002568,P000031,1,91.66,91.66
ORD0002568,P000040,4,852.32,3409.28
ORD0002569,P000022,1,294.77,294.77
ORD0002569,P000011,4,600.73,2402.92
ORD0002569,P000033,4,644.39,2577.56
ORD0002569,P000093,4,475.81,1903.24
ORD0002570,P000010,4,183.93,735.72
ORD0002570,P000030,1,991.47,991.47
ORD0002571,P000001,5,571.03,2855.1499999999996
ORD0002571,P000060,3,606.3,1818.8999999999999
ORD0002572,P000071,3,59.2,177.60000000000002
ORD0002572,P000095,1,544.11,544.11
ORD0002572,P000095,1,544.11,544.11
ORD0002572,P000085,5,591.78,2958.8999999999996
ORD0002573,P000022,2,294.77,589.54
ORD0002573,P000073,2,122.71,245.42
ORD0002573,P000045,4,711.71,2846.84
ORD0002573,P000042,3,274.71,824.1299999999999
ORD0002574,P000061,3,422.28,1266.84
ORD0002574,P000041,1,730.28,730.28
ORD0002574,P000074,4,915.8,3663.2
ORD0002574,P000087,5,16.49,82.44999999999999
ORD0002575,P000024,3,33.52,100.56
ORD0002575,P000060,4,606.3,2425.2
ORD0002575,P000047,2,142.41,284.82
ORD0002575,P000010,5,183.93,919.6500000000001
ORD0002575,P000001,3,571.03,1713.09
ORD0002576,P000060,4,606.3,2425.2
ORD0002576,P000032,2,837.84,1675.68
ORD0002576,P000074,3,915.8,2747.3999999999996
ORD0002577,P000047,1,142.41,142.41
ORD0002577,P000016,4,108.84,435.36
ORD0002577,P000045,1,711.71,711.71
ORD0002577,P000033,1,644.39,644.39
ORD0002578,P000012,3,770.03,2310.09
ORD0002578,P000028,4,132.06,528.24
ORD0002579,P000054,3,622.14,1866.42
ORD0002580,P000031,2,91.66,183.32
ORD0002580,P000044,3,446.54,1339.6200000000001
ORD0002580,P000058,3,473.76,1421.28
ORD0002581,P000041,2,730.28,1460.56
ORD0002581,P000092,2,162.46,324.92
ORD0002581,P000094,2,341.12,682.24
ORD0002582,P000055,4,173.18,692.72
ORD0002582,P000027,1,945.04,945.04
ORD0002582,P000039,3,929.35,2788.05
ORD0002582,P000053,4,53.27,213.08
ORD0002583,P000096,5,118.09,590.45
ORD0002583,P000076,1,171.21,171.21
ORD0002584,P000007,4,20.07,80.28
ORD0002585,P000059,4,225.97,903.88
ORD0002585,P000056,3,195.56,586.6800000000001
ORD0002585,P000050,2,149.61,299.22
ORD0002585,P000093,4,475.81,1903.24
ORD0002585,P000076,1,171.21,171.21
ORD0002586,P000066,4,382.36,1529.44
ORD0002586,P000028,5,132.06,660.3
ORD0002587,P000025,5,985.57,4927.85
ORD0002587,P000098,2,647.23,1294.46
ORD0002587,P000037,3,870.37,2611.11
ORD0002588,P000097,5,812.5,4062.5
ORD0002588,P000021,1,482.67,482.67
ORD0002588,P000006,4,339.56,1358.24
ORD0002589,P000055,4,173.18,692.72
ORD0002590,P000094,3,341.12,1023.36
ORD0002590,P000024,1,33.52,33.52
ORD0002590,P000026,2,78.71,157.42
ORD0002590,P000046,1,580.21,580.21
ORD0002590,P000079,1,565.57,565.57
ORD0002591,P000087,5,16.49,82.44999999999999
ORD0002591,P000099,3,579.66,1738.98
ORD0002591,P000084,2,205.66,411.32
ORD0002592,P000017,4,525.47,2101.88
ORD0002592,P000054,3,622.14,1866.42
ORD0002593,P000002,3,665.5,1996.5
ORD0002594,P000090,5,890.09,4450.45
ORD0002594,P000032,5,837.84,4189.2
ORD0002595,P000068,5,453.04,2265.2000000000003
ORD0002596,P000093,3,475.81,1427.43
ORD0002596,P000067,4,296.04,1184.16
ORD0002596,P000039,1,929.35,929.35
ORD0002596,P000019,5,941.21,4706.05
ORD0002597,P000007,1,20.07,20.07
ORD0002597,P000087,2,16.49,32.98
ORD0002597,P000096,5,118.09,590.45
ORD0002598,P000010,2,183.93,367.86
ORD0002598,P000084,2,205.66,411.32
ORD0002598,P000032,5,837.84,4189.2
ORD0002599,P000005,2,202.06,404.12
ORD0002600,P000050,5,149.61,748.0500000000001
ORD0002600,P000002,3,665.5,1996.5
ORD0002600,P000062,1,745.88,745.88
ORD0002600,P000020,5,15.55,77.75
ORD0002600,P000028,1,132.06,132.06
ORD0002601,P000005,5,202.06,1010.3
ORD0002601,P000032,5,837.84,4189.2
ORD0002601,P000082,2,797.58,1595.16
ORD0002602,P000076,5,171.21,856.0500000000001
ORD0002602,P000035,2,248.76,497.52
ORD0002602,P000069,4,822.37,3289.48
ORD0002602,P000052,5,148.67,743.3499999999999
ORD0002603,P000027,5,945.04,4725.2
ORD0002603,P000071,2,59.2,118.4
ORD0002603,P000091,1,204.84,204.84
ORD0002603,P000060,3,606.3,1818.8999999999999
ORD0002604,P000084,1,205.66,205.66
ORD0002605,P000071,3,59.2,177.60000000000002
ORD0002605,P000002,4,665.5,2662.0
ORD0002605,P000029,1,96.26,96.26
ORD0002606,P000087,1,16.49,16.49
ORD0002606,P000020,3,15.55,46.650000000000006
ORD0002606,P000060,5,606.3,3031.5
ORD0002606,P000003,1,924.38,924.38
ORD0002607,P000082,5,797.58,3987.9
ORD0002607,P000046,4,580.21,2320.84
ORD0002607,P000058,4,473.76,1895.04
ORD0002607,P000093,2,475.81,951.62
ORD0002608,P000062,4,745.88,2983.52
ORD0002608,P000071,2,59.2,118.4
ORD0002609,P000029,5,96.26,481.3
ORD0002609,P000067,1,296.04,296.04
ORD0002609,P000039,3,929.35,2788.05
ORD0002610,P000059,1,225.97,225.97
ORD0002610,P000069,2,822.37,1644.74
ORD0002610,P000046,4,580.21,2320.84
ORD0002610,P000011,3,600.73,1802.19
ORD0002611,P000066,2,382.36,764.72
ORD0002611,P000029,1,96.26,96.26
ORD0002611,P000084,1,205.66,205.66
ORD0002611,P000015,3,803.01,2409.0299999999997
ORD0002611,P000047,1,142.41,142.41
ORD0002612,P000096,5,118.09,590.45
ORD0002612,P000086,2,949.25,1898.5
ORD0002612,P000072,5,841.35,4206.75
ORD0002613,P000024,4,33.52,134.08
ORD0002614,P000069,3,822.37,2467.11
ORD0002614,P000049,5,397.95,1989.75
ORD0002614,P000085,2,591.78,1183.56
ORD0002615,P000062,1,745.88,745.88
ORD0002615,P000028,2,132.06,264.12
ORD0002616,P000066,3,382.36,1147.08
ORD0002617,P000068,1,453.04,453.04
ORD0002618,P000028,3,132.06,396.18
ORD0002618,P000054,4,622.14,2488.56
ORD0002619,P000083,1,854.01,854.01
ORD0002620,P000022,4,294.77,1179.08
ORD0002620,P000042,2,274.71,549.42
ORD0002620,P000083,3,854.01,2562.0299999999997
ORD0002620,P000023,2,670.32,1340.64
ORD0002621,P000042,4,274.71,1098.84
ORD0002622,P000035,3,248.76,746.28
ORD0002622,P000079,4,565.57,2262.28
ORD0002622,P000085,3,591.78,1775.34
ORD0002622,P000021,1,482.67,482.67
ORD0002623,P000072,1,841.35,841.35
ORD0002623,P000039,1,929.35,929.35
ORD0002623,P000059,2,225.97,451.94
ORD0002623,P000067,3,296.04,888.1200000000001
ORD0002624,P000010,5,183.93,919.6500000000001
ORD0002624,P000090,4,890.09,3560.36
ORD0002625,P000061,4,422.28,1689.12
ORD0002625,P000028,1,132.06,132.06
ORD0002626,P000039,5,929.35,4646.75
ORD0002626,P000011,2,600.73,1201.46
ORD0002626,P000079,2,565.57,1131.14
ORD0002626,P000029,4,96.26,385.04
ORD0002626,P000058,4,473.76,1895.04
ORD0002627,P000051,4,250.57,1002.28
ORD0002627,P000093,1,475.81,475.81
ORD0002627,P000032,1,837.84,837.84
ORD0002627,P000079,3,565.57,1696.71
ORD0002627,P000008,5,237.9,1189.5
ORD0002628,P000078,4,475.26,1901.04
ORD0002628,P000079,1,565.57,565.57
ORD0002629,P000083,3,854.01,2562.0299999999997
ORD0002630,P000077,5,909.58,4547.900000000001
ORD0002630,P000099,4,579.66,2318.64
ORD0002630,P000004,3,709.94,2129.82
ORD0002631,P000014,3,928.24,2784.7200000000003
ORD0002631,P000057,1,124.11,124.11
ORD0002631,P000070,2,692.24,1384.48
ORD0002631,P000070,2,692.24,1384.48
ORD0002632,P000036,3,225.58,676.74
ORD0002632,P000031,2,91.66,183.32
ORD0002632,P000002,5,665.5,3327.5
ORD0002633,P000084,2,205.66,411.32
ORD0002633,P000022,3,294.77,884.31
ORD0002634,P000030,5,991.47,4957.35
ORD0002634,P000079,5,565.57,2827.8500000000004
ORD0002634,P000027,4,945.04,3780.16
ORD0002634,P000052,5,148.67,743.3499999999999
ORD0002634,P000065,1,392.5,392.5
ORD0002635,P000060,3,606.3,1818.8999999999999
ORD0002635,P000058,2,473.76,947.52
ORD0002636,P000056,1,195.56,195.56
ORD0002636,P000086,4,949.25,3797.0
ORD0002637,P000055,1,173.18,173.18
ORD0002637,P000085,2,591.78,1183.56
ORD0002637,P000015,1,803.01,803.01
ORD0002637,P000034,1,927.37,927.37
ORD0002637,P000055,1,173.18,173.18
ORD0002638,P000086,3,949.25,2847.75
ORD0002638,P000078,3,475.26,1425.78
ORD0002639,P000031,5,91.66,458.29999999999995
ORD0002639,P000009,1,462.25,462.25
ORD0002639,P000018,2,261.78,523.56
ORD0002639,P000099,3,579.66,1738.98
ORD0002639,P000046,1,580.21,580.21
ORD0002640,P000081,1,834.21,834.21
ORD0002641,P000087,2,16.49,32.98
ORD0002641,P000085,1,591.78,591.78
ORD0002642,P000084,2,205.66,411.32
ORD0002643,P000056,3,195.56,586.6800000000001
ORD0002643,P000015,1,803.01,803.01
ORD0002643,P000049,3,397.95,1193.85
ORD0002643,P000038,1,237.03,237.03
ORD0002643,P000098,1,647.23,647.23
ORD0002644,P000014,2,928.24,1856.48
ORD0002644,P000006,2,339.56,679.12
ORD0002644,P000046,4,580.21,2320.84
ORD0002645,P000008,4,237.9,951.6
ORD0002645,P000070,3,692.24,2076.7200000000003
ORD0002646,P000058,5,473.76,2368.8
ORD0002647,P000045,3,711.71,2135.13
ORD0002647,P000045,3,711.71,2135.13
ORD0002648,P000078,1,475.26,475.26
ORD0002649,P000091,5,204.84,1024.2
ORD0002649,P000012,4,770.03,3080.12
ORD0002649,P000069,4,822.37,3289.48
ORD0002649,P000074,2,915.8,1831.6
ORD0002649,P000056,2,195.56,391.12
ORD0002650,P000034,1,927.37,927.37
ORD0002650,P000060,2,606.3,1212.6
ORD0002650,P000020,3,15.55,46.650000000000006
ORD0002650,P000072,1,841.35,841.35
ORD0002651,P000090,1,890.09,890.09
ORD0002651,P000035,4,248.76,995.04
ORD0002652,P000052,3,148.67,446.01
ORD0002652,P000010,5,183.93,919.6500000000001
ORD0002652,P000023,4,670.32,2681.28
ORD0002652,P000031,1,91.66,91.66
ORD0002652,P000094,1,341.12,341.12
ORD0002653,P000087,5,16.49,82.44999999999999
ORD0002653,P000084,1,205.66,205.66
ORD0002654,P000049,3,397.95,1193.85
ORD0002654,P000058,3,473.76,1421.28
ORD0002654,P000070,1,692.24,692.24
ORD0002654,P000039,5,929.35,4646.75
ORD0002654,P000051,3,250.57,751.71
ORD0002655,P000016,3,108.84,326.52
ORD0002655,P000048,3,294.63,883.89
ORD0002655,P000060,4,606.3,2425.2
ORD0002656,P000091,4,204.84,819.36
ORD0002656,P000089,3,385.38,1156.1399999999999
ORD0002656,P000062,5,745.88,3729.4
ORD0002656,P000005,1,202.06,202.06
ORD0002656,P000059,5,225.97,1129.85
ORD0002657,P000079,3,565.57,1696.71
ORD0002657,P000028,1,132.06,132.06
ORD0002658,P000018,4,261.78,1047.12
ORD0002658,P000018,4,261.78,1047.12
ORD0002658,P000025,2,985.57,1971.14
ORD0002658,P000055,1,173.18,173.18
ORD0002659,P000047,4,142.41,569.64
ORD0002659,P000047,2,142.41,284.82
ORD0002660,P000001,3,571.03,1713.09
ORD0002660,P000049,4,397.95,1591.8
ORD0002661,P000060,5,606.3,3031.5
ORD0002662,P000096,3,118.09,354.27
ORD0002663,P000023,1,670.32,670.32
ORD0002663,P000071,5,59.2,296.0
ORD0002663,P000068,4,453.04,1812.16
ORD0002663,P000037,5,870.37,4351.85
ORD0002664,P000058,2,473.76,947.52
ORD0002664,P000033,2,644.39,1288.78
ORD0002664,P000068,4,453.04,1812.16
ORD0002664,P000099,5,579.66,2898.2999999999997
ORD0002665,P000092,4,162.46,649.84
ORD0002665,P000045,3,711.71,2135.13
ORD0002665,P000098,2,647.23,1294.46
ORD0002665,P000022,4,294.77,1179.08
ORD0002665,P000071,1,59.2,59.2
ORD0002666,P000061,4,422.28,1689.12
ORD0002666,P000015,4,803.01,3212.04
ORD0002667,P000054,2,622.14,1244.28
ORD0002668,P000069,2,822.37,1644.74
ORD0002668,P000081,2,834.21,1668.42
ORD0002668,P000088,1,730.81,730.81
ORD0002668,P000026,4,78.71,314.84
ORD0002669,P000065,5,392.5,1962.5
ORD0002669,P000003,2,924.38,1848.76
ORD0002669,P000050,3,149.61,448.83000000000004
ORD0002670,P000058,3,473.76,1421.28
ORD0002671,P000021,4,482.67,1930.68
ORD0002672,P000059,3,225.97,677.91
ORD0002673,P000082,1,797.58,797.58
ORD0002674,P000052,1,148.67,148.67
ORD0002674,P000063,1,73.02,73.02
ORD0002674,P000073,3,122.71,368.13
ORD0002674,P000074,4,915.8,3663.2
ORD0002675,P000063,4,73.02,292.08
ORD0002675,P000046,1,580.21,580.21
ORD0002675,P000020,4,15.55,62.2
ORD0002675,P000083,1,854.01,854.01
ORD0002675,P000069,3,822.37,2467.11
ORD0002676,P000050,2,149.61,299.22
ORD0002676,P000053,5,53.27,266.35
ORD0002676,P000011,5,600.73,3003.65
ORD0002677,P000061,4,422.28,1689.12
ORD0002678,P000030,5,991.47,4957.35
ORD0002678,P000093,2,475.81,951.62
ORD0002679,P000060,3,606.3,1818.8999999999999
ORD0002680,P000025,4,985.57,3942.28
ORD0002681,P000074,3,915.8,2747.3999999999996
ORD0002681,P000075,2,438.9,877.8
ORD0002681,P000079,3,565.57,1696.71
ORD0002682,P000100,3,776.96,2330.88
ORD0002682,P000069,1,822.37,822.37
ORD0002682,P000003,4,924.38,3697.52
ORD0002682,P000089,2,385.38,770.76
ORD0002682,P000013,2,877.54,1755.08
ORD0002683,P000077,1,909.58,909.58
ORD0002683,P000035,1,248.76,248.76
ORD0002683,P000084,2,205.66,411.32
ORD0002683,P000053,2,53.27,106.54
ORD0002683,P000009,1,462.25,462.25
ORD0002684,P000008,5,237.9,1189.5
ORD0002684,P000063,2,73.02,146.04
ORD0002685,P000048,2,294.63,589.26
ORD0002685,P000036,4,225.58,902.32
ORD0002686,P000014,1,928.24,928.24
ORD0002686,P000053,4,53.27,213.08
ORD0002687,P000005,2,202.06,404.12
ORD0002687,P000088,5,730.81,3654.0499999999997
ORD0002687,P000039,1,929.35,929.35
ORD0002687,P000033,4,644.39,2577.56
ORD0002687,P000082,1,797.58,797.58
ORD0002688,P000012,1,770.03,770.03
ORD0002688,P000001,3,571.03,1713.09
ORD0002688,P000073,5,122.71,613.55
ORD0002688,P000014,4,928.24,3712.96
ORD0002689,P000009,2,462.25,924.5
ORD0002689,P000060,3,606.3,1818.8999999999999
ORD0002689,P000091,4,204.84,819.36
ORD0002689,P000066,3,382.36,1147.08
ORD0002690,P000092,2,162.46,324.92
ORD0002691,P000080,3,425.06,1275.18
ORD0002691,P000099,3,579.66,1738.98
ORD0002692,P000048,4,294.63,1178.52
ORD0002692,P000007,2,20.07,40.14
ORD0002692,P000072,1,841.35,841.35
ORD0002693,P000001,1,571.03,571.03
ORD0002693,P000082,2,797.58,1595.16
ORD0002693,P000032,1,837.84,837.84
ORD0002693,P000059,1,225.97,225.97
ORD0002694,P000048,1,294.63,294.63
ORD0002694,P000059,4,225.97,903.88
ORD0002694,P000078,3,475.26,1425.78
ORD0002695,P000037,3,870.37,2611.11
ORD0002696,P000010,4,183.93,735.72
ORD0002696,P000038,4,237.03,948.12
ORD0002696,P000097,2,812.5,1625.0
ORD0002696,P000034,5,927.37,4636.85
ORD0002697,P000050,4,149.61,598.44
ORD0002698,P000080,4,425.06,1700.24
ORD0002698,P000091,4,204.84,819.36
ORD0002698,P000093,3,475.81,1427.43
ORD0002698,P000055,4,173.18,692.72
ORD0002698,P000067,1,296.04,296.04
ORD0002699,P000080,4,425.06,1700.24
ORD0002700,P000071,3,59.2,177.60000000000002
ORD0002700,P000007,1,20.07,20.07
ORD0002701,P000072,5,841.35,4206.75
ORD0002701,P000091,2,204.84,409.68
ORD0002701,P000042,1,274.71,274.71
ORD0002702,P000012,2,770.03,1540.06
ORD0002702,P000099,2,579.66,1159.32
ORD0002703,P000050,2,149.61,299.22
ORD0002703,P000084,4,205.66,822.64
ORD0002703,P000082,2,797.58,1595.16
ORD0002703,P000083,3,854.01,2562.0299999999997
ORD0002703,P000081,1,834.21,834.21
ORD0002704,P000069,2,822.37,1644.74
ORD0002704,P000100,4,776.96,3107.84
ORD0002704,P000037,5,870.37,4351.85
ORD0002704,P000039,4,929.35,3717.4
ORD0002705,P000078,3,475.26,1425.78
ORD0002705,P000065,1,392.5,392.5
ORD0002705,P000001,5,571.03,2855.1499999999996
ORD0002705,P000064,1,135.37,135.37
ORD0002706,P000067,2,296.04,592.08
ORD0002706,P000061,4,422.28,1689.12
ORD0002706,P000002,3,665.5,1996.5
ORD0002706,P000069,1,822.37,822.37
ORD0002706,P000098,5,647.23,3236.15
ORD0002707,P000004,1,709.94,709.94
ORD0002707,P000051,3,250.57,751.71
ORD0002707,P000069,1,822.37,822.37
ORD0002707,P000021,3,482.67,1448.01
ORD0002707,P000053,1,53.27,53.27
ORD0002708,P000087,4,16.49,65.96
ORD0002708,P000017,2,525.47,1050.94
ORD0002708,P000090,5,890.09,4450.45
ORD0002708,P000078,4,475.26,1901.04
ORD0002708,P000051,1,250.57,250.57
ORD0002709,P000057,2,124.11,248.22
ORD0002709,P000017,3,525.47,1576.41
ORD0002709,P000010,1,183.93,183.93
ORD0002710,P000079,3,565.57,1696.71
ORD0002710,P000047,1,142.41,142.41
ORD0002710,P000098,1,647.23,647.23
ORD0002710,P000017,3,525.47,1576.41
ORD0002710,P000053,3,53.27,159.81
ORD0002711,P000087,1,16.49,16.49
ORD0002711,P000096,2,118.09,236.18
ORD0002712,P000081,5,834.21,4171.05
ORD0002713,P000023,4,670.32,2681.28
ORD0002713,P000076,5,171.21,856.0500000000001
ORD0002713,P000067,3,296.04,888.1200000000001
ORD0002713,P000013,1,877.54,877.54
ORD0002713,P000092,3,162.46,487.38
ORD0002714,P000039,4,929.35,3717.4
ORD0002714,P000061,4,422.28,1689.12
ORD0002714,P000015,2,803.01,1606.02
ORD0002715,P000059,5,225.97,1129.85
ORD0002715,P000058,5,473.76,2368.8
ORD0002715,P000092,1,162.46,162.46
ORD0002715,P000023,1,670.32,670.32
ORD0002715,P000099,5,579.66,2898.2999999999997
ORD0002716,P000037,4,870.37,3481.48
ORD0002716,P000001,5,571.03,2855.1499999999996
ORD0002717,P000081,2,834.21,1668.42
ORD0002717,P000056,2,195.56,391.12
ORD0002718,P000097,3,812.5,2437.5
ORD0002718,P000050,3,149.61,448.83000000000004
ORD0002718,P000059,3,225.97,677.91
ORD0002718,P000062,5,745.88,3729.4
ORD0002719,P000067,3,296.04,888.1200000000001
ORD0002720,P000084,2,205.66,411.32
ORD0002720,P000084,1,205.66,205.66
ORD0002720,P000067,4,296.04,1184.16
ORD0002721,P000068,3,453.04,1359.1200000000001
ORD0002722,P000042,5,274.71,1373.55
ORD0002722,P000093,5,475.81,2379.05
ORD0002722,P000001,2,571.03,1142.06
ORD0002722,P000006,5,339.56,1697.8
ORD0002722,P000036,1,225.58,225.58
ORD0002723,P000009,3,462.25,1386.75
ORD0002723,P000007,4,20.07,80.28
ORD0002724,P000094,2,341.12,682.24
ORD0002725,P000027,4,945.04,3780.16
ORD0002725,P000095,2,544.11,1088.22
ORD0002726,P000062,1,745.88,745.88
ORD0002726,P000062,1,745.88,745.88
ORD0002726,P000069,2,822.37,1644.74
ORD0002726,P000085,3,591.78,1775.34
ORD0002726,P000019,1,941.21,941.21
ORD0002727,P000025,1,985.57,985.57
ORD0002727,P000043,5,232.18,1160.9
ORD0002727,P000076,1,171.21,171.21
ORD0002727,P000100,2,776.96,1553.92
ORD0002727,P000007,3,20.07,60.21
ORD0002728,P000010,4,183.93,735.72
ORD0002729,P000073,4,122.71,490.84
ORD0002729,P000028,1,132.06,132.06
ORD0002729,P000097,4,812.5,3250.0
ORD0002730,P000064,2,135.37,270.74
ORD0002731,P000057,2,124.11,248.22
ORD0002732,P000093,2,475.81,951.62
ORD0002732,P000012,4,770.03,3080.12
ORD0002732,P000015,3,803.01,2409.0299999999997
ORD0002732,P000066,3,382.36,1147.08
ORD0002732,P000072,1,841.35,841.35
ORD0002733,P000041,2,730.28,1460.56
ORD0002733,P000081,1,834.21,834.21
ORD0002733,P000056,4,195.56,782.24
ORD0002733,P000015,4,803.01,3212.04
ORD0002734,P000054,2,622.14,1244.28
ORD0002735,P000043,5,232.18,1160.9
ORD0002735,P000068,2,453.04,906.08
ORD0002735,P000010,1,183.93,183.93
ORD0002736,P000017,2,525.47,1050.94
ORD0002736,P000055,1,173.18,173.18
ORD0002736,P000052,2,148.67,297.34
ORD0002736,P000058,4,473.76,1895.04
ORD0002736,P000070,5,692.24,3461.2
ORD0002737,P000024,1,33.52,33.52
ORD0002737,P000096,2,118.09,236.18
ORD0002737,P000080,3,425.06,1275.18
ORD0002737,P000072,3,841.35,2524.05
ORD0002738,P000056,4,195.56,782.24
ORD0002738,P000098,1,647.23,647.23
ORD0002739,P000056,1,195.56,195.56
ORD0002739,P000074,5,915.8,4579.0
ORD0002739,P000006,4,339.56,1358.24
ORD0002739,P000079,3,565.57,1696.71
ORD0002739,P000023,3,670.32,2010.96
ORD0002740,P000045,5,711.71,3558.55
ORD0002740,P000078,4,475.26,1901.04
ORD0002740,P000035,4,248.76,995.04
ORD0002741,P000090,5,890.09,4450.45
ORD0002742,P000094,5,341.12,1705.6
ORD0002742,P000024,3,33.52,100.56
ORD0002742,P000009,2,462.25,924.5
ORD0002742,P000030,2,991.47,1982.94
ORD0002743,P000013,4,877.54,3510.16
ORD0002743,P000035,2,248.76,497.52
ORD0002743,P000003,3,924.38,2773.14
ORD0002743,P000014,1,928.24,928.24
ORD0002744,P000075,5,438.9,2194.5
ORD0002744,P000092,3,162.46,487.38
ORD0002744,P000007,1,20.07,20.07
ORD0002745,P000025,1,985.57,985.57
ORD0002746,P000042,2,274.71,549.42
ORD0002746,P000020,3,15.55,46.650000000000006
ORD0002746,P000048,4,294.63,1178.52
ORD0002746,P000011,2,600.73,1201.46
ORD0002747,P000020,3,15.55,46.650000000000006
ORD0002747,P000098,5,647.23,3236.15
ORD0002748,P000088,3,730.81,2192.43
ORD0002749,P000050,4,149.61,598.44
ORD0002749,P000008,1,237.9,237.9
ORD0002749,P000060,3,606.3,1818.8999999999999
ORD0002750,P000092,2,162.46,324.92
ORD0002750,P000053,2,53.27,106.54
ORD0002750,P000096,1,118.09,118.09
ORD0002751,P000088,4,730.81,2923.24
ORD0002751,P000030,3,991.47,2974.41
ORD0002751,P000069,4,822.37,3289.48
ORD0002751,P000067,4,296.04,1184.16
ORD0002752,P000090,4,890.09,3560.36
ORD0002753,P000030,1,991.47,991.47
ORD0002753,P000022,4,294.77,1179.08
ORD0002754,P000022,4,294.77,1179.08
ORD0002754,P000066,3,382.36,1147.08
ORD0002754,P000065,5,392.5,1962.5
ORD0002754,P000030,2,991.47,1982.94
ORD0002754,P000084,1,205.66,205.66
ORD0002755,P000069,4,822.37,3289.48
ORD0002755,P000076,1,171.21,171.21
ORD0002755,P000004,2,709.94,1419.88
ORD0002756,P000013,3,877.54,2632.62
ORD0002756,P000090,4,890.09,3560.36
ORD0002757,P000054,3,622.14,1866.42
ORD0002757,P000083,3,854.01,2562.0299999999997
ORD0002757,P000036,5,225.58,1127.9
ORD0002757,P000073,1,122.71,122.71
ORD0002758,P000010,1,183.93,183.93
ORD0002758,P000014,3,928.24,2784.7200000000003
ORD0002758,P000007,2,20.07,40.14
ORD0002758,P000055,1,173.18,173.18
ORD0002758,P000078,1,475.26,475.26
ORD0002759,P000082,2,797.58,1595.16
ORD0002759,P000098,1,647.23,647.23
ORD0002759,P000097,1,812.5,812.5
ORD0002759,P000002,5,665.5,3327.5
ORD0002760,P000033,1,644.39,644.39
ORD0002760,P000039,3,929.35,2788.05
ORD0002760,P000092,5,162.46,812.3000000000001
ORD0002760,P000073,1,122.71,122.71
ORD0002761,P000065,2,392.5,785.0
ORD0002762,P000033,2,644.39,1288.78
ORD0002762,P000007,1,20.07,20.07
ORD0002763,P000074,2,915.8,1831.6
ORD0002764,P000088,3,730.81,2192.43
ORD0002764,P000075,5,438.9,2194.5
ORD0002765,P000066,4,382.36,1529.44
ORD0002765,P000084,4,205.66,822.64
ORD0002765,P000059,2,225.97,451.94
ORD0002765,P000098,4,647.23,2588.92
ORD0002766,P000039,3,929.35,2788.05
ORD0002767,P000080,4,425.06,1700.24
ORD0002768,P000075,3,438.9,1316.6999999999998
ORD0002768,P000093,4,475.81,1903.24
ORD0002768,P000051,2,250.57,501.14
ORD0002768,P000070,1,692.24,692.24
ORD0002769,P000047,2,142.41,284.82
ORD0002769,P000004,3,709.94,2129.82
ORD0002769,P000076,2,171.21,342.42
ORD0002769,P000033,1,644.39,644.39
ORD0002770,P000095,4,544.11,2176.44
ORD0002771,P000083,3,854.01,2562.0299999999997
ORD0002771,P000087,2,16.49,32.98
ORD0002771,P000099,3,579.66,1738.98
ORD0002771,P000024,5,33.52,167.60000000000002
ORD0002771,P000027,5,945.04,4725.2
ORD0002772,P000009,2,462.25,924.5
ORD0002772,P000062,2,745.88,1491.76
ORD0002773,P000015,5,803.01,4015.05
ORD0002774,P000095,4,544.11,2176.44
ORD0002774,P000080,1,425.06,425.06
ORD0002774,P000057,5,124.11,620.55
ORD0002774,P000053,1,53.27,53.27
ORD0002774,P000013,3,877.54,2632.62
ORD0002775,P000092,5,162.46,812.3000000000001
ORD0002775,P000063,4,73.02,292.08
ORD0002776,P000073,2,122.71,245.42
ORD0002776,P000059,3,225.97,677.91
ORD0002776,P000012,2,770.03,1540.06
ORD0002776,P000077,5,909.58,4547.900000000001
ORD0002776,P000093,1,475.81,475.81
ORD0002777,P000047,4,142.41,569.64
ORD0002777,P000018,2,261.78,523.56
ORD0002777,P000070,3,692.24,2076.7200000000003
ORD0002777,P000063,4,73.02,292.08
ORD0002778,P000038,5,237.03,1185.15
ORD0002778,P000011,4,600.73,2402.92
ORD0002778,P000084,1,205.66,205.66
ORD0002779,P000040,1,852.32,852.32
ORD0002779,P000015,5,803.01,4015.05
ORD0002779,P000028,5,132.06,660.3
ORD0002780,P000061,5,422.28,2111.3999999999996
ORD0002780,P000082,3,797.58,2392.7400000000002
ORD0002780,P000065,5,392.5,1962.5
ORD0002780,P000082,2,797.58,1595.16
ORD0002781,P000092,1,162.46,162.46
ORD0002782,P000065,3,392.5,1177.5
ORD0002783,P000020,5,15.55,77.75
ORD0002784,P000088,3,730.81,2192.43
ORD0002784,P000036,5,225.58,1127.9
ORD0002784,P000050,3,149.61,448.83000000000004
ORD0002784,P000040,1,852.32,852.32
ORD0002784,P000079,5,565.57,2827.8500000000004
ORD0002785,P000044,2,446.54,893.08
ORD0002785,P000015,4,803.01,3212.04
ORD0002785,P000079,5,565.57,2827.8500000000004
ORD0002786,P000051,3,250.57,751.71
ORD0002787,P000025,5,985.57,4927.85
ORD0002787,P000054,4,622.14,2488.56
ORD0002787,P000045,3,711.71,2135.13
ORD0002788,P000079,1,565.57,565.57
ORD0002788,P000080,4,425.06,1700.24
ORD0002788,P000084,1,205.66,205.66
ORD0002788,P000084,2,205.66,411.32
ORD0002788,P000013,2,877.54,1755.08
ORD0002789,P000044,1,446.54,446.54
ORD0002789,P000070,5,692.24,3461.2
ORD0002789,P000016,5,108.84,544.2
ORD0002789,P000082,2,797.58,1595.16
ORD0002790,P000022,3,294.77,884.31
ORD0002791,P000029,2,96.26,192.52
ORD0002792,P000035,5,248.76,1243.8
ORD0002792,P000018,1,261.78,261.78
ORD0002793,P000055,5,173.18,865.9000000000001
ORD0002794,P000094,2,341.12,682.24
ORD0002794,P000017,5,525.47,2627.3500000000004
ORD0002794,P000011,2,600.73,1201.46
ORD0002794,P000047,1,142.41,142.41
ORD0002795,P000052,4,148.67,594.68
ORD0002795,P000012,5,770.03,3850.1499999999996
ORD0002795,P000031,1,91.66,91.66
ORD0002796,P000070,5,692.24,3461.2
ORD0002796,P000029,2,96.26,192.52
ORD0002797,P000025,5,985.57,4927.85
ORD0002797,P000047,2,142.41,284.82
ORD0002797,P000024,3,33.52,100.56
ORD0002797,P000065,1,392.5,392.5
ORD0002798,P000004,2,709.94,1419.88
ORD0002798,P000059,3,225.97,677.91
ORD0002798,P000024,4,33.52,134.08
ORD0002799,P000086,2,949.25,1898.5
ORD0002799,P000016,1,108.84,108.84
ORD0002799,P000060,3,606.3,1818.8999999999999
ORD0002800,P000026,2,78.71,157.42
ORD0002800,P000026,5,78.71,393.54999999999995
ORD0002800,P000045,3,711.71,2135.13
ORD0002801,P000009,1,462.25,462.25
ORD0002801,P000094,4,341.12,1364.48
ORD0002802,P000087,1,16.49,16.49
ORD0002802,P000020,4,15.55,62.2
ORD0002802,P000044,4,446.54,1786.16
ORD0002802,P000008,1,237.9,237.9
ORD0002802,P000013,5,877.54,4387.7
ORD0002803,P000011,4,600.73,2402.92
ORD0002804,P000008,2,237.9,475.8
ORD0002805,P000077,3,909.58,2728.7400000000002
ORD0002806,P000082,1,797.58,797.58
ORD0002806,P000051,1,250.57,250.57
ORD0002806,P000076,1,171.21,171.21
ORD0002806,P000003,4,924.38,3697.52
ORD0002807,P000039,5,929.35,4646.75
ORD0002807,P000093,5,475.81,2379.05
ORD0002807,P000052,1,148.67,148.67
ORD0002807,P000042,4,274.71,1098.84
ORD0002807,P000039,3,929.35,2788.05
ORD0002808,P000046,4,580.21,2320.84
ORD0002808,P000071,4,59.2,236.8
ORD0002808,P000081,4,834.21,3336.84
ORD0002809,P000002,3,665.5,1996.5
ORD0002810,P000001,2,571.03,1142.06
ORD0002811,P000071,3,59.2,177.60000000000002
ORD0002811,P000095,1,544.11,544.11
ORD0002811,P000042,2,274.71,549.42
ORD0002811,P000010,3,183.93,551.79
ORD0002811,P000079,1,565.57,565.57
ORD0002812,P000012,4,770.03,3080.12
ORD0002812,P000079,4,565.57,2262.28
ORD0002813,P000045,4,711.71,2846.84
ORD0002813,P000032,1,837.84,837.84
ORD0002813,P000005,3,202.06,606.1800000000001
ORD0002814,P000099,1,579.66,579.66
ORD0002815,P000081,1,834.21,834.21
ORD0002815,P000045,2,711.71,1423.42
ORD0002815,P000051,4,250.57,1002.28
ORD0002815,P000007,5,20.07,100.35
ORD0002816,P000059,5,225.97,1129.85
ORD0002816,P000073,4,122.71,490.84
ORD0002816,P000045,2,711.71,1423.42
ORD0002816,P000020,2,15.55,31.1
ORD0002816,P000009,3,462.25,1386.75
ORD0002817,P000034,2,927.37,1854.74
ORD0002818,P000051,1,250.57,250.57
ORD0002818,P000071,5,59.2,296.0
ORD0002819,P000036,4,225.58,902.32
ORD0002819,P000019,5,941.21,4706.05
ORD0002819,P000048,1,294.63,294.63
ORD0002820,P000031,5,91.66,458.29999999999995
ORD0002821,P000057,3,124.11,372.33
ORD0002821,P000085,1,591.78,591.78
ORD0002821,P000088,4,730.81,2923.24
ORD0002821,P000079,2,565.57,1131.14
ORD0002821,P000027,2,945.04,1890.08
ORD0002822,P000045,5,711.71,3558.55
ORD0002823,P000030,2,991.47,1982.94
ORD0002823,P000097,1,812.5,812.5
ORD0002824,P000010,2,183.93,367.86
ORD0002824,P000095,1,544.11,544.11
ORD0002825,P000005,2,202.06,404.12
ORD0002825,P000099,1,579.66,579.66
ORD0002825,P000026,4,78.71,314.84
ORD0002826,P000090,1,890.09,890.09
ORD0002826,P000088,2,730.81,1461.62
ORD0002826,P000090,4,890.09,3560.36
ORD0002826,P000097,1,812.5,812.5
ORD0002827,P000087,3,16.49,49.47
ORD0002827,P000073,1,122.71,122.71
ORD0002827,P000009,5,462.25,2311.25
ORD0002827,P000040,1,852.32,852.32
ORD0002828,P000057,4,124.11,496.44
ORD0002829,P000036,2,225.58,451.16
ORD0002829,P000006,3,339.56,1018.6800000000001
ORD0002830,P000036,3,225.58,676.74
ORD0002831,P000077,1,909.58,909.58
ORD0002832,P000041,5,730.28,3651.3999999999996
ORD0002833,P000096,4,118.09,472.36
ORD0002833,P000012,1,770.03,770.03
ORD0002833,P000048,4,294.63,1178.52
ORD0002834,P000085,5,591.78,2958.8999999999996
ORD0002834,P000040,4,852.32,3409.28
ORD0002834,P000050,2,149.61,299.22
ORD0002835,P000086,1,949.25,949.25
ORD0002835,P000014,1,928.24,928.24
ORD0002835,P000025,4,985.57,3942.28
ORD0002835,P000059,2,225.97,451.94
ORD0002835,P000011,5,600.73,3003.65
ORD0002836,P000073,5,122.71,613.55
ORD0002836,P000084,1,205.66,205.66
ORD0002837,P000044,4,446.54,1786.16
ORD0002838,P000082,1,797.58,797.58
ORD0002839,P000052,2,148.67,297.34
ORD0002839,P000006,1,339.56,339.56
ORD0002840,P000024,5,33.52,167.60000000000002
ORD0002840,P000003,4,924.38,3697.52
ORD0002841,P000013,2,877.54,1755.08
ORD0002841,P000039,5,929.35,4646.75
ORD0002841,P000066,3,382.36,1147.08
ORD0002842,P000003,4,924.38,3697.52
ORD0002842,P000019,5,941.21,4706.05
ORD0002843,P000001,1,571.03,571.03
ORD0002843,P000015,3,803.01,2409.0299999999997
ORD0002843,P000085,1,591.78,591.78
ORD0002843,P000056,3,195.56,586.6800000000001
ORD0002844,P000031,4,91.66,366.64
ORD0002845,P000075,4,438.9,1755.6
ORD0002846,P000093,1,475.81,475.81
ORD0002846,P000009,2,462.25,924.5
ORD0002846,P000042,1,274.71,274.71
ORD0002847,P000025,5,985.57,4927.85
ORD0002848,P000044,3,446.54,1339.6200000000001
ORD0002848,P000020,4,15.55,62.2
ORD0002849,P000096,5,118.09,590.45
ORD0002849,P000004,2,709.94,1419.88
ORD0002850,P000008,5,237.9,1189.5
ORD0002851,P000032,5,837.84,4189.2
ORD0002851,P000057,5,124.11,620.55
ORD0002851,P000025,2,985.57,1971.14
ORD0002851,P000066,5,382.36,1911.8000000000002
ORD0002852,P000078,1,475.26,475.26
ORD0002852,P000015,3,803.01,2409.0299999999997
ORD0002853,P000038,2,237.03,474.06
ORD0002853,P000075,1,438.9,438.9
ORD0002853,P000032,5,837.84,4189.2
ORD0002853,P000016,4,108.84,435.36
ORD0002854,P000040,3,852.32,2556.96
ORD0002854,P000092,5,162.46,812.3000000000001
ORD0002854,P000036,4,225.58,902.32
ORD0002854,P000052,2,148.67,297.34
ORD0002854,P000076,1,171.21,171.21
ORD0002855,P000066,2,382.36,764.72
ORD0002855,P000050,5,149.61,748.0500000000001
ORD0002856,P000097,1,812.5,812.5
ORD0002856,P000045,4,711.71,2846.84
ORD0002856,P000052,1,148.67,148.67
ORD0002857,P000057,5,124.11,620.55
ORD0002857,P000070,1,692.24,692.24
ORD0002857,P000054,2,622.14,1244.28
ORD0002858,P000063,4,73.02,292.08
ORD0002858,P000092,4,162.46,649.84
ORD0002858,P000023,4,670.32,2681.28
ORD0002858,P000079,3,565.57,1696.71
ORD0002858,P000010,4,183.93,735.72
ORD0002859,P000063,3,73.02,219.06
ORD0002859,P000050,4,149.61,598.44
ORD0002859,P000090,3,890.09,2670.27
ORD0002860,P000045,4,711.71,2846.84
ORD0002860,P000060,1,606.3,606.3
ORD0002860,P000061,3,422.28,1266.84
ORD0002860,P000030,5,991.47,4957.35
ORD0002861,P000080,2,425.06,850.12
ORD0002861,P000092,4,162.46,649.84
ORD0002861,P000029,2,96.26,192.52
ORD0002861,P000020,5,15.55,77.75
ORD0002862,P000028,3,132.06,396.18
ORD0002862,P000023,3,670.32,2010.96
ORD0002862,P000084,1,205.66,205.66
ORD0002862,P000010,4,183.93,735.72
ORD0002863,P000058,4,473.76,1895.04
ORD0002863,P000029,3,96.26,288.78000000000003
ORD0002863,P000076,1,171.21,171.21
ORD0002863,P000088,1,730.81,730.81
ORD0002863,P000008,5,237.9,1189.5
ORD0002864,P000040,2,852.32,1704.64
ORD0002865,P000064,5,135.37,676.85
ORD0002865,P000081,1,834.21,834.21
ORD0002865,P000008,4,237.9,951.6
ORD0002866,P000011,1,600.73,600.73
ORD0002866,P000081,1,834.21,834.21
ORD0002866,P000060,4,606.3,2425.2
ORD0002866,P000001,2,571.03,1142.06
ORD0002866,P000026,5,78.71,393.54999999999995
ORD0002867,P000024,2,33.52,67.04
ORD0002867,P000026,5,78.71,393.54999999999995
ORD0002867,P000022,2,294.77,589.54
ORD0002867,P000062,5,745.88,3729.4
ORD0002868,P000003,5,924.38,4621.9
ORD0002868,P000062,5,745.88,3729.4
ORD0002868,P000087,2,16.49,32.98
ORD0002868,P000067,1,296.04,296.04
ORD0002869,P000036,1,225.58,225.58
ORD0002870,P000063,2,73.02,146.04
ORD0002870,P000011,5,600.73,3003.65
ORD0002871,P000035,4,248.76,995.04
ORD0002871,P000093,5,475.81,2379.05
ORD0002871,P000049,1,397.95,397.95
ORD0002872,P000010,4,183.93,735.72
ORD0002872,P000087,3,16.49,49.47
ORD0002872,P000015,4,803.01,3212.04
ORD0002873,P000093,5,475.81,2379.05
ORD0002874,P000070,1,692.24,692.24
ORD0002875,P000012,2,770.03,1540.06
ORD0002875,P000087,4,16.49,65.96
ORD0002875,P000027,1,945.04,945.04
ORD0002875,P000039,5,929.35,4646.75
ORD0002876,P000038,5,237.03,1185.15
ORD0002876,P000096,2,118.09,236.18
ORD0002876,P000002,4,665.5,2662.0
ORD0002876,P000084,2,205.66,411.32
ORD0002876,P000078,2,475.26,950.52
ORD0002877,P000099,4,579.66,2318.64
ORD0002877,P000028,1,132.06,132.06
ORD0002877,P000023,5,670.32,3351.6000000000004
ORD0002877,P000025,1,985.57,985.57
ORD0002877,P000066,3,382.36,1147.08
ORD0002878,P000028,2,132.06,264.12
ORD0002878,P000060,2,606.3,1212.6
ORD0002878,P000002,4,665.5,2662.0
ORD0002878,P000019,3,941.21,2823.63
ORD0002878,P000014,2,928.24,1856.48
ORD0002879,P000055,4,173.18,692.72
ORD0002879,P000091,3,204.84,614.52
ORD0002880,P000047,1,142.41,142.41
ORD0002880,P000048,4,294.63,1178.52
ORD0002880,P000035,2,248.76,497.52
ORD0002881,P000039,3,929.35,2788.05
ORD0002881,P000086,1,949.25,949.25
ORD0002882,P000026,1,78.71,78.71
ORD0002882,P000094,2,341.12,682.24
ORD0002882,P000016,1,108.84,108.84
ORD0002882,P000024,3,33.52,100.56
ORD0002882,P000093,1,475.81,475.81
ORD0002883,P000078,1,475.26,475.26
ORD0002883,P000003,2,924.38,1848.76
ORD0002883,P000002,3,665.5,1996.5
ORD0002884,P000056,3,195.56,586.6800000000001
ORD0002884,P000016,3,108.84,326.52
ORD0002884,P000042,4,274.71,1098.84
ORD0002884,P000020,5,15.55,77.75
ORD0002885,P000064,3,135.37,406.11
ORD0002886,P000026,2,78.71,157.42
ORD0002887,P000071,4,59.2,236.8
ORD0002887,P000081,1,834.21,834.21
ORD0002888,P000094,4,341.12,1364.48
ORD0002888,P000007,2,20.07,40.14
ORD0002888,P000083,3,854.01,2562.0299999999997
ORD0002889,P000029,3,96.26,288.78000000000003
ORD0002889,P000096,3,118.09,354.27
ORD0002890,P000072,5,841.35,4206.75
ORD0002890,P000036,1,225.58,225.58
ORD0002890,P000077,1,909.58,909.58
ORD0002891,P000099,1,579.66,579.66
ORD0002892,P000054,1,622.14,622.14
ORD0002892,P000084,5,205.66,1028.3
ORD0002893,P000051,3,250.57,751.71
ORD0002893,P000075,4,438.9,1755.6
ORD0002894,P000056,1,195.56,195.56
ORD0002894,P000031,2,91.66,183.32
ORD0002894,P000034,4,927.37,3709.48
ORD0002895,P000023,2,670.32,1340.64
ORD0002895,P000092,2,162.46,324.92
ORD0002895,P000034,5,927.37,4636.85
ORD0002896,P000056,5,195.56,977.8
ORD0002896,P000034,1,927.37,927.37
ORD0002896,P000067,1,296.04,296.04
ORD0002896,P000003,2,924.38,1848.76
ORD0002896,P000003,5,924.38,4621.9
ORD0002897,P000001,5,571.03,2855.1499999999996
ORD0002898,P000098,5,647.23,3236.15
ORD0002898,P000055,5,173.18,865.9000000000001
ORD0002898,P000037,1,870.37,870.37
ORD0002898,P000052,5,148.67,743.3499999999999
ORD0002898,P000011,3,600.73,1802.19
ORD0002899,P000082,1,797.58,797.58
ORD0002899,P000009,4,462.25,1849.0
ORD0002900,P000092,2,162.46,324.92
ORD0002900,P000003,1,924.38,924.38
ORD0002900,P000013,1,877.54,877.54
ORD0002901,P000081,1,834.21,834.21
ORD0002902,P000069,5,822.37,4111.85
ORD0002902,P000010,4,183.93,735.72
ORD0002902,P000059,1,225.97,225.97
ORD0002902,P000019,3,941.21,2823.63
ORD0002902,P000087,4,16.49,65.96
ORD0002903,P000022,4,294.77,1179.08
ORD0002904,P000009,3,462.25,1386.75
ORD0002904,P000037,2,870.37,1740.74
ORD0002905,P000013,5,877.54,4387.7
ORD0002905,P000066,1,382.36,382.36
ORD0002905,P000066,4,382.36,1529.44
ORD0002905,P000091,4,204.84,819.36
ORD0002906,P000081,4,834.21,3336.84
ORD0002906,P000081,1,834.21,834.21
ORD0002906,P000077,3,909.58,2728.7400000000002
ORD0002906,P000071,4,59.2,236.8
ORD0002906,P000088,4,730.81,2923.24
ORD0002907,P000019,1,941.21,941.21
ORD0002907,P000042,2,274.71,549.42
ORD0002907,P000083,3,854.01,2562.0299999999997
ORD0002907,P000084,1,205.66,205.66
ORD0002908,P000045,5,711.71,3558.55
ORD0002909,P000007,5,20.07,100.35
ORD0002909,P000046,5,580.21,2901.05
ORD0002909,P000055,2,173.18,346.36
ORD0002909,P000098,3,647.23,1941.69
ORD0002910,P000024,3,33.52,100.56
ORD0002910,P000070,3,692.24,2076.7200000000003
ORD0002911,P000008,5,237.9,1189.5
ORD0002911,P000004,2,709.94,1419.88
ORD0002911,P000063,2,73.02,146.04
ORD0002912,P000031,2,91.66,183.32
ORD0002912,P000054,4,622.14,2488.56
ORD0002913,P000081,1,834.21,834.21
ORD0002914,P000011,4,600.73,2402.92
ORD0002915,P000095,4,544.11,2176.44
ORD0002915,P000029,1,96.26,96.26
ORD0002915,P000043,3,232.18,696.54
ORD0002915,P000028,3,132.06,396.18
ORD0002915,P000097,1,812.5,812.5
ORD0002916,P000074,1,915.8,915.8
ORD0002916,P000047,2,142.41,284.82
ORD0002916,P000045,1,711.71,711.71
ORD0002916,P000079,1,565.57,565.57
ORD0002917,P000074,5,915.8,4579.0
ORD0002917,P000002,5,665.5,3327.5
ORD0002917,P000056,4,195.56,782.24
ORD0002917,P000032,5,837.84,4189.2
ORD0002918,P000052,1,148.67,148.67
ORD0002918,P000006,4,339.56,1358.24
ORD0002918,P000084,3,205.66,616.98
ORD0002919,P000043,4,232.18,928.72
ORD0002919,P000097,4,812.5,3250.0
ORD0002920,P000099,2,579.66,1159.32
ORD0002920,P000026,4,78.71,314.84
ORD0002920,P000042,4,274.71,1098.84
ORD0002921,P000076,1,171.21,171.21
ORD0002921,P000072,2,841.35,1682.7
ORD0002921,P000026,2,78.71,157.42
ORD0002922,P000049,1,397.95,397.95
ORD0002922,P000050,4,149.61,598.44
ORD0002922,P000006,3,339.56,1018.6800000000001
ORD0002923,P000079,4,565.57,2262.28
ORD0002924,P000087,3,16.49,49.47
ORD0002924,P000018,2,261.78,523.56
ORD0002924,P000096,3,118.09,354.27
ORD0002924,P000001,5,571.03,2855.1499999999996
ORD0002925,P000024,4,33.52,134.08
ORD0002925,P000089,1,385.38,385.38
ORD0002925,P000060,1,606.3,606.3
ORD0002925,P000061,1,422.28,422.28
ORD0002925,P000049,4,397.95,1591.8
ORD0002926,P000014,2,928.24,1856.48
ORD0002926,P000011,2,600.73,1201.46
ORD0002926,P000012,1,770.03,770.03
ORD0002926,P000060,2,606.3,1212.6
ORD0002927,P000049,5,397.95,1989.75
ORD0002928,P000012,1,770.03,770.03
ORD0002928,P000095,3,544.11,1632.33
ORD0002928,P000008,3,237.9,713.7
ORD0002928,P000027,5,945.04,4725.2
ORD0002929,P000047,1,142.41,142.41
ORD0002929,P000052,5,148.67,743.3499999999999
ORD0002929,P000032,4,837.84,3351.36
ORD0002929,P000095,3,544.11,1632.33
ORD0002930,P000043,1,232.18,232.18
ORD0002930,P000074,4,915.8,3663.2
ORD0002930,P000030,5,991.47,4957.35
ORD0002930,P000074,4,915.8,3663.2
ORD0002930,P000087,2,16.49,32.98
ORD0002931,P000044,2,446.54,893.08
ORD0002931,P000068,2,453.04,906.08
ORD0002932,P000081,5,834.21,4171.05
ORD0002933,P000087,2,16.49,32.98
ORD0002933,P000079,4,565.57,2262.28
ORD0002933,P000077,3,909.58,2728.7400000000002
ORD0002933,P000061,4,422.28,1689.12
ORD0002933,P000022,1,294.77,294.77
ORD0002934,P000034,4,927.37,3709.48
ORD0002934,P000035,5,248.76,1243.8
ORD0002934,P000001,5,571.03,2855.1499999999996
ORD0002934,P000093,4,475.81,1903.24
ORD0002934,P000021,5,482.67,2413.35
ORD0002935,P000041,5,730.28,3651.3999999999996
ORD0002935,P000074,5,915.8,4579.0
ORD0002935,P000066,3,382.36,1147.08
ORD0002935,P000031,5,91.66,458.29999999999995
ORD0002935,P000085,1,591.78,591.78
ORD0002936,P000012,2,770.03,1540.06
ORD0002936,P000088,2,730.81,1461.62
ORD0002936,P000054,5,622.14,3110.7
ORD0002936,P000067,4,296.04,1184.16
ORD0002937,P000057,2,124.11,248.22
ORD0002937,P000044,5,446.54,2232.7000000000003
ORD0002937,P000064,5,135.37,676.85
ORD0002937,P000028,5,132.06,660.3
ORD0002937,P000049,5,397.95,1989.75
ORD0002938,P000042,2,274.71,549.42
ORD0002938,P000092,4,162.46,649.84
ORD0002938,P000017,5,525.47,2627.3500000000004
ORD0002938,P000095,4,544.11,2176.44
ORD0002938,P000049,1,397.95,397.95
ORD0002939,P000024,1,33.52,33.52
ORD0002939,P000016,3,108.84,326.52
ORD0002939,P000095,5,544.11,2720.55
ORD0002940,P000078,4,475.26,1901.04
ORD0002941,P000100,2,776.96,1553.92
ORD0002941,P000046,5,580.21,2901.05
ORD0002941,P000021,1,482.67,482.67
ORD0002941,P000043,5,232.18,1160.9
ORD0002942,P000033,5,644.39,3221.95
ORD0002942,P000008,4,237.9,951.6
ORD0002942,P000022,2,294.77,589.54
ORD0002943,P000095,5,544.11,2720.55
ORD0002943,P000007,2,20.07,40.14
ORD0002943,P000067,4,296.04,1184.16
ORD0002943,P000063,2,73.02,146.04
ORD0002944,P000062,2,745.88,1491.76
ORD0002944,P000100,5,776.96,3884.8
ORD0002944,P000009,4,462.25,1849.0
ORD0002945,P000021,2,482.67,965.34
ORD0002945,P000071,3,59.2,177.60000000000002
ORD0002945,P000071,4,59.2,236.8
ORD0002946,P000026,3,78.71,236.13
ORD0002946,P000063,1,73.02,73.02
ORD0002946,P000060,3,606.3,1818.8999999999999
ORD0002947,P000034,5,927.37,4636.85
ORD0002947,P000080,4,425.06,1700.24
ORD0002947,P000076,3,171.21,513.63
ORD0002947,P000096,2,118.09,236.18
ORD0002948,P000085,1,591.78,591.78
ORD0002949,P000055,2,173.18,346.36
ORD0002950,P000069,1,822.37,822.37
ORD0002950,P000090,2,890.09,1780.18
ORD0002951,P000014,3,928.24,2784.7200000000003
ORD0002951,P000065,4,392.5,1570.0
ORD0002951,P000054,3,622.14,1866.42
ORD0002951,P000032,3,837.84,2513.52
ORD0002952,P000093,3,475.81,1427.43
ORD0002952,P000089,3,385.38,1156.1399999999999
ORD0002953,P000010,4,183.93,735.72
ORD0002953,P000098,3,647.23,1941.69
ORD0002953,P000067,4,296.04,1184.16
ORD0002953,P000063,5,73.02,365.09999999999997
ORD0002954,P000088,1,730.81,730.81
ORD0002955,P000005,1,202.06,202.06
ORD0002956,P000029,5,96.26,481.3
ORD0002956,P000092,3,162.46,487.38
ORD0002957,P000056,1,195.56,195.56
ORD0002957,P000035,2,248.76,497.52
ORD0002958,P000041,3,730.28,2190.84
ORD0002959,P000099,3,579.66,1738.98
ORD0002959,P000096,4,118.09,472.36
ORD0002960,P000008,2,237.9,475.8
ORD0002961,P000013,5,877.54,4387.7
ORD0002961,P000003,2,924.38,1848.76
ORD0002961,P000008,3,237.9,713.7
ORD0002961,P000089,5,385.38,1926.9
ORD0002961,P000075,2,438.9,877.8
ORD0002962,P000062,2,745.88,1491.76
ORD0002962,P000055,3,173.18,519.54
ORD0002963,P000082,5,797.58,3987.9
ORD0002963,P000040,5,852.32,4261.6
ORD0002963,P000051,1,250.57,250.57
ORD0002963,P000042,1,274.71,274.71
ORD0002964,P000091,2,204.84,409.68
ORD0002965,P000077,4,909.58,3638.32
ORD0002966,P000036,4,225.58,902.32
ORD0002966,P000016,4,108.84,435.36
ORD0002966,P000063,4,73.02,292.08
ORD0002966,P000092,3,162.46,487.38
ORD0002966,P000069,5,822.37,4111.85
ORD0002967,P000056,1,195.56,195.56
ORD0002968,P000059,3,225.97,677.91
ORD0002968,P000056,5,195.56,977.8
ORD0002969,P000002,2,665.5,1331.0
ORD0002969,P000046,4,580.21,2320.84
ORD0002969,P000046,3,580.21,1740.63
ORD0002969,P000068,3,453.04,1359.1200000000001
ORD0002970,P000074,4,915.8,3663.2
ORD0002970,P000066,4,382.36,1529.44
ORD0002970,P000087,3,16.49,49.47
ORD0002970,P000021,4,482.67,1930.68
ORD0002970,P000022,4,294.77,1179.08
ORD0002971,P000057,4,124.11,496.44
ORD0002972,P000025,2,985.57,1971.14
ORD0002972,P000093,2,475.81,951.62
ORD0002972,P000063,2,73.02,146.04
ORD0002972,P000053,4,53.27,213.08
ORD0002973,P000002,2,665.5,1331.0
ORD0002974,P000007,3,20.07,60.21
ORD0002974,P000032,4,837.84,3351.36
ORD0002974,P000006,1,339.56,339.56
ORD0002974,P000065,3,392.5,1177.5
ORD0002975,P000007,1,20.07,20.07
ORD0002976,P000010,3,183.93,551.79
ORD0002976,P000030,3,991.47,2974.41
ORD0002976,P000054,1,622.14,622.14
ORD0002977,P000091,2,204.84,409.68
ORD0002977,P000086,2,949.25,1898.5
ORD0002977,P000072,2,841.35,1682.7
ORD0002977,P000069,1,822.37,822.37
ORD0002977,P000084,5,205.66,1028.3
ORD0002978,P000060,1,606.3,606.3
ORD0002978,P000061,5,422.28,2111.3999999999996
ORD0002979,P000004,4,709.94,2839.76
ORD0002979,P000031,1,91.66,91.66
ORD0002980,P000066,5,382.36,1911.8000000000002
ORD0002980,P000081,1,834.21,834.21
ORD0002980,P000085,2,591.78,1183.56
ORD0002981,P000016,4,108.84,435.36
ORD0002981,P000072,5,841.35,4206.75
ORD0002981,P000006,3,339.56,1018.6800000000001
ORD0002981,P000073,5,122.71,613.55
ORD0002981,P000026,2,78.71,157.42
ORD0002982,P000016,4,108.84,435.36
ORD0002982,P000066,5,382.36,1911.8000000000002
ORD0002983,P000093,5,475.81,2379.05
ORD0002983,P000043,1,232.18,232.18
ORD0002984,P000047,1,142.41,142.41
ORD0002984,P000032,1,837.84,837.84
ORD0002984,P000002,3,665.5,1996.5
ORD0002985,P000016,5,108.84,544.2
ORD0002985,P000022,2,294.77,589.54
ORD0002986,P000046,1,580.21,580.21
ORD0002986,P000022,3,294.77,884.31
ORD0002987,P000017,1,525.47,525.47
ORD0002987,P000087,2,16.49,32.98
ORD0002987,P000062,3,745.88,2237.64
ORD0002987,P000090,1,890.09,890.09
ORD0002988,P000027,4,945.04,3780.16
ORD0002988,P000016,4,108.84,435.36
ORD0002989,P000054,5,622.14,3110.7
ORD0002989,P000100,1,776.96,776.96
ORD0002989,P000057,1,124.11,124.11
ORD0002990,P000006,2,339.56,679.12
ORD0002990,P000021,1,482.67,482.67
ORD0002990,P000041,4,730.28,2921.12
ORD0002990,P000024,3,33.52,100.56
ORD0002990,P000008,3,237.9,713.7
ORD0002991,P000049,4,397.95,1591.8
ORD0002991,P000073,2,122.71,245.42
ORD0002991,P000003,3,924.38,2773.14
ORD0002991,P000073,2,122.71,245.42
ORD0002992,P000097,3,812.5,2437.5
ORD0002992,P000098,3,647.23,1941.69
ORD0002992,P000040,4,852.32,3409.28
ORD0002992,P000070,4,692.24,2768.96
ORD0002992,P000055,4,173.18,692.72
ORD0002993,P000014,1,928.24,928.24
ORD0002993,P000055,3,173.18,519.54
ORD0002994,P000040,5,852.32,4261.6
ORD0002994,P000100,5,776.96,3884.8
ORD0002995,P000003,5,924.38,4621.9
ORD0002995,P000095,5,544.11,2720.55
ORD0002995,P000095,5,544.11,2720.55
ORD0002995,P000017,4,525.47,2101.88
ORD0002995,P000085,4,591.78,2367.12
ORD0002996,P000042,2,274.71,549.42
ORD0002996,P000010,3,183.93,551.79
ORD0002996,P000015,1,803.01,803.01
ORD0002996,P000022,1,294.77,294.77
ORD0002996,P000016,5,108.84,544.2
ORD0002997,P000007,2,20.07,40.14
ORD0002997,P000025,1,985.57,985.57
ORD0002997,P000032,3,837.84,2513.52
ORD0002997,P000070,5,692.24,3461.2
ORD0002998,P000058,2,473.76,947.52
ORD0002998,P000048,4,294.63,1178.52
ORD0002998,P000035,2,248.76,497.52
ORD0002998,P000089,4,385.38,1541.52
ORD0002998,P000043,4,232.18,928.72
ORD0002999,P000009,3,462.25,1386.75
ORD0003000,P000055,3,173.18,519.54
ORD0003000,P000095,5,544.11,2720.55
ORD0003001,P000072,4,841.35,3365.4
ORD0003001,P000005,3,202.06,606.1800000000001
ORD0003002,P000046,1,580.21,580.21
ORD0003002,P000044,2,446.54,893.08
ORD0003002,P000031,5,91.66,458.29999999999995
ORD0003002,P000098,5,647.23,3236.15
ORD0003003,P000076,1,171.21,171.21
ORD0003004,P000062,4,745.88,2983.52
ORD0003004,P000004,1,709.94,709.94
ORD0003004,P000059,3,225.97,677.91
ORD0003005,P000033,2,644.39,1288.78
ORD0003006,P000025,3,985.57,2956.71
ORD0003006,P000056,3,195.56,586.6800000000001
ORD0003006,P000066,2,382.36,764.72
ORD0003007,P000043,2,232.18,464.36
ORD0003007,P000079,3,565.57,1696.71
ORD0003008,P000022,1,294.77,294.77
ORD0003009,P000081,4,834.21,3336.84
ORD0003009,P000028,1,132.06,132.06
ORD0003009,P000049,5,397.95,1989.75
ORD0003009,P000059,5,225.97,1129.85
ORD0003009,P000074,1,915.8,915.8
ORD0003010,P000012,3,770.03,2310.09
ORD0003010,P000100,4,776.96,3107.84
ORD0003010,P000043,1,232.18,232.18
ORD0003010,P000092,5,162.46,812.3000000000001
ORD0003011,P000059,1,225.97,225.97
ORD0003011,P000019,1,941.21,941.21
ORD0003012,P000075,3,438.9,1316.6999999999998
ORD0003012,P000068,1,453.04,453.04
ORD0003012,P000094,1,341.12,341.12
ORD0003012,P000042,3,274.71,824.1299999999999
ORD0003012,P000083,3,854.01,2562.0299999999997
ORD0003013,P000015,1,803.01,803.01
ORD0003013,P000041,3,730.28,2190.84
ORD0003013,P000053,4,53.27,213.08
ORD0003013,P000093,2,475.81,951.62
ORD0003013,P000025,2,985.57,1971.14
ORD0003014,P000017,4,525.47,2101.88
ORD0003014,P000003,2,924.38,1848.76
ORD0003014,P000084,3,205.66,616.98
ORD0003015,P000024,4,33.52,134.08
ORD0003015,P000089,4,385.38,1541.52
ORD0003015,P000041,1,730.28,730.28
ORD0003015,P000016,2,108.84,217.68
ORD0003016,P000018,5,261.78,1308.8999999999999
ORD0003017,P000054,1,622.14,622.14
ORD0003017,P000048,2,294.63,589.26
ORD0003017,P000041,2,730.28,1460.56
ORD0003017,P000013,5,877.54,4387.7
ORD0003017,P000028,1,132.06,132.06
ORD0003018,P000048,2,294.63,589.26
ORD0003018,P000085,1,591.78,591.78
ORD0003018,P000071,4,59.2,236.8
ORD0003019,P000013,1,877.54,877.54
ORD0003019,P000093,1,475.81,475.81
ORD0003019,P000084,5,205.66,1028.3
ORD0003019,P000027,5,945.04,4725.2
ORD0003020,P000076,5,171.21,856.0500000000001
ORD0003020,P000077,3,909.58,2728.7400000000002
ORD0003020,P000081,5,834.21,4171.05
ORD0003020,P000088,2,730.81,1461.62
ORD0003020,P000026,3,78.71,236.13
ORD0003021,P000065,2,392.5,785.0
ORD0003021,P000023,4,670.32,2681.28
ORD0003021,P000010,2,183.93,367.86
ORD0003021,P000021,5,482.67,2413.35
ORD0003022,P000049,5,397.95,1989.75
ORD0003022,P000095,1,544.11,544.11
ORD0003022,P000021,3,482.67,1448.01
ORD0003022,P000094,5,341.12,1705.6
ORD0003022,P000036,4,225.58,902.32
ORD0003023,P000085,5,591.78,2958.8999999999996
ORD0003023,P000073,5,122.71,613.55
ORD0003023,P000065,3,392.5,1177.5
ORD0003023,P000031,1,91.66,91.66
ORD0003023,P000020,3,15.55,46.650000000000006
ORD0003024,P000024,1,33.52,33.52
ORD0003024,P000020,2,15.55,31.1
ORD0003025,P000005,4,202.06,808.24
ORD0003025,P000008,1,237.9,237.9
ORD0003025,P000074,4,915.8,3663.2
ORD0003025,P000027,4,945.04,3780.16
ORD0003026,P000046,1,580.21,580.21
ORD0003026,P000055,1,173.18,173.18
ORD0003027,P000021,3,482.67,1448.01
ORD0003027,P000067,5,296.04,1480.2
ORD0003027,P000039,1,929.35,929.35
ORD0003028,P000056,2,195.56,391.12
ORD0003028,P000092,4,162.46,649.84
ORD0003029,P000025,5,985.57,4927.85
ORD0003029,P000061,2,422.28,844.56
ORD0003029,P000021,5,482.67,2413.35
ORD0003029,P000089,2,385.38,770.76
ORD0003030,P000005,1,202.06,202.06
ORD0003030,P000099,5,579.66,2898.2999999999997
ORD0003030,P000071,4,59.2,236.8
ORD0003030,P000073,4,122.71,490.84
ORD0003031,P000016,4,108.84,435.36
ORD0003031,P000030,1,991.47,991.47
ORD0003032,P000054,5,622.14,3110.7
ORD0003032,P000088,2,730.81,1461.62
ORD0003032,P000077,2,909.58,1819.16
ORD0003032,P000096,1,118.09,118.09
ORD0003032,P000098,2,647.23,1294.46
ORD0003033,P000010,2,183.93,367.86
ORD0003033,P000040,4,852.32,3409.28
ORD0003033,P000042,1,274.71,274.71
ORD0003033,P000010,5,183.93,919.6500000000001
ORD0003034,P000081,5,834.21,4171.05
ORD0003035,P000072,5,841.35,4206.75
ORD0003035,P000047,3,142.41,427.23
ORD0003035,P000029,5,96.26,481.3
ORD0003035,P000100,5,776.96,3884.8
ORD0003036,P000028,5,132.06,660.3
ORD0003036,P000069,2,822.37,1644.74
ORD0003036,P000009,1,462.25,462.25
ORD0003036,P000047,1,142.41,142.41
ORD0003037,P000008,1,237.9,237.9
ORD0003037,P000003,5,924.38,4621.9
ORD0003038,P000041,3,730.28,2190.84
ORD0003038,P000038,4,237.03,948.12
ORD0003039,P000047,4,142.41,569.64
ORD0003040,P000029,5,96.26,481.3
ORD0003040,P000066,3,382.36,1147.08
ORD0003041,P000050,2,149.61,299.22
ORD0003041,P000004,4,709.94,2839.76
ORD0003041,P000014,5,928.24,4641.2
ORD0003041,P000037,3,870.37,2611.11
ORD0003042,P000038,2,237.03,474.06
ORD0003042,P000006,2,339.56,679.12
ORD0003042,P000062,4,745.88,2983.52
ORD0003043,P000035,4,248.76,995.04
ORD0003043,P000040,1,852.32,852.32
ORD0003043,P000021,4,482.67,1930.68
ORD0003043,P000092,2,162.46,324.92
ORD0003043,P000011,4,600.73,2402.92
ORD0003044,P000040,2,852.32,1704.64
ORD0003044,P000077,1,909.58,909.58
ORD0003045,P000061,5,422.28,2111.3999999999996
ORD0003045,P000017,4,525.47,2101.88
ORD0003045,P000072,3,841.35,2524.05
ORD0003045,P000067,1,296.04,296.04
ORD0003045,P000094,5,341.12,1705.6
ORD0003046,P000032,2,837.84,1675.68
ORD0003047,P000073,1,122.71,122.71
ORD0003047,P000047,2,142.41,284.82
ORD0003047,P000042,5,274.71,1373.55
ORD0003047,P000058,5,473.76,2368.8
ORD0003047,P000003,2,924.38,1848.76
ORD0003048,P000070,2,692.24,1384.48
ORD0003049,P000098,4,647.23,2588.92
ORD0003049,P000062,2,745.88,1491.76
ORD0003050,P000010,5,183.93,919.6500000000001
ORD0003050,P000019,5,941.21,4706.05
ORD0003050,P000078,3,475.26,1425.78
ORD0003051,P000060,2,606.3,1212.6
ORD0003052,P000031,3,91.66,274.98
ORD0003052,P000048,3,294.63,883.89
ORD0003052,P000032,1,837.84,837.84
ORD0003052,P000026,1,78.71,78.71
ORD0003052,P000017,3,525.47,1576.41
ORD0003053,P000037,2,870.37,1740.74
ORD0003053,P000052,2,148.67,297.34
ORD0003053,P000067,4,296.04,1184.16
ORD0003054,P000049,4,397.95,1591.8
ORD0003054,P000035,1,248.76,248.76
ORD0003054,P000005,1,202.06,202.06
ORD0003055,P000056,1,195.56,195.56
ORD0003055,P000002,3,665.5,1996.5
ORD0003055,P000039,3,929.35,2788.05
ORD0003055,P000003,1,924.38,924.38
ORD0003055,P000075,2,438.9,877.8
ORD0003056,P000078,5,475.26,2376.3
ORD0003057,P000040,1,852.32,852.32
ORD0003058,P000026,4,78.71,314.84
ORD0003058,P000026,1,78.71,78.71
ORD0003058,P000041,1,730.28,730.28
ORD0003058,P000022,1,294.77,294.77
ORD0003059,P000099,4,579.66,2318.64
ORD0003059,P000051,3,250.57,751.71
ORD0003059,P000047,3,142.41,427.23
ORD0003059,P000086,3,949.25,2847.75
ORD0003059,P000039,5,929.35,4646.75
ORD0003060,P000070,3,692.24,2076.7200000000003
ORD0003061,P000047,5,142.41,712.05
ORD0003061,P000034,3,927.37,2782.11
ORD0003061,P000028,1,132.06,132.06
ORD0003062,P000090,1,890.09,890.09
ORD0003063,P000087,3,16.49,49.47
ORD0003063,P000016,5,108.84,544.2
ORD0003064,P000029,2,96.26,192.52
ORD0003064,P000001,2,571.03,1142.06
ORD0003065,P000009,4,462.25,1849.0
ORD0003066,P000015,3,803.01,2409.0299999999997
ORD0003067,P000066,5,382.36,1911.8000000000002
ORD0003067,P000033,4,644.39,2577.56
ORD0003067,P000031,4,91.66,366.64
ORD0003068,P000065,1,392.5,392.5
ORD0003068,P000033,3,644.39,1933.17
ORD0003069,P000044,5,446.54,2232.7000000000003
ORD0003070,P000089,5,385.38,1926.9
ORD0003070,P000097,4,812.5,3250.0
ORD0003070,P000030,4,991.47,3965.88
ORD0003071,P000028,3,132.06,396.18
ORD0003072,P000010,3,183.93,551.79
ORD0003072,P000087,5,16.49,82.44999999999999
ORD0003073,P000008,3,237.9,713.7
ORD0003073,P000001,5,571.03,2855.1499999999996
ORD0003074,P000031,3,91.66,274.98
ORD0003075,P000008,3,237.9,713.7
ORD0003076,P000039,3,929.35,2788.05
ORD0003076,P000034,1,927.37,927.37
ORD0003076,P000018,2,261.78,523.56
ORD0003076,P000085,3,591.78,1775.34
ORD0003076,P000072,1,841.35,841.35
ORD0003077,P000047,2,142.41,284.82
ORD0003077,P000094,3,341.12,1023.36
ORD0003077,P000020,5,15.55,77.75
ORD0003077,P000061,3,422.28,1266.84
ORD0003077,P000095,1,544.11,544.11
ORD0003078,P000077,3,909.58,2728.7400000000002
ORD0003078,P000086,3,949.25,2847.75
ORD0003078,P000062,5,745.88,3729.4
ORD0003078,P000036,5,225.58,1127.9
ORD0003079,P000047,1,142.41,142.41
ORD0003079,P000031,4,91.66,366.64
ORD0003079,P000070,3,692.24,2076.7200000000003
ORD0003079,P000072,2,841.35,1682.7
ORD0003080,P000090,4,890.09,3560.36
ORD0003081,P000067,4,296.04,1184.16
ORD0003082,P000040,5,852.32,4261.6
ORD0003082,P000019,1,941.21,941.21
ORD0003082,P000068,5,453.04,2265.2000000000003
ORD0003082,P000049,3,397.95,1193.85
ORD0003082,P000075,1,438.9,438.9
ORD0003083,P000005,1,202.06,202.06
ORD0003083,P000070,3,692.24,2076.7200000000003
ORD0003083,P000075,2,438.9,877.8
ORD0003084,P000077,5,909.58,4547.900000000001
ORD0003084,P000085,1,591.78,591.78
ORD0003084,P000057,5,124.11,620.55
ORD0003084,P000095,2,544.11,1088.22
ORD0003085,P000064,4,135.37,541.48
ORD0003086,P000062,4,745.88,2983.52
ORD0003086,P000022,5,294.77,1473.85
ORD0003086,P000042,3,274.71,824.1299999999999
ORD0003086,P000003,3,924.38,2773.14
ORD0003087,P000074,3,915.8,2747.3999999999996
ORD0003087,P000006,2,339.56,679.12
ORD0003087,P000060,1,606.3,606.3
ORD0003088,P000064,5,135.37,676.85
ORD0003088,P000071,4,59.2,236.8
ORD0003088,P000070,2,692.24,1384.48
ORD0003088,P000006,4,339.56,1358.24
ORD0003089,P000009,5,462.25,2311.25
ORD0003089,P000098,4,647.23,2588.92
ORD0003089,P000026,5,78.71,393.54999999999995
ORD0003089,P000037,1,870.37,870.37
ORD0003089,P000059,2,225.97,451.94
ORD0003090,P000041,3,730.28,2190.84
ORD0003091,P000100,4,776.96,3107.84
ORD0003092,P000056,3,195.56,586.6800000000001
ORD0003092,P000056,4,195.56,782.24
ORD0003092,P000037,2,870.37,1740.74
ORD0003093,P000097,5,812.5,4062.5
ORD0003093,P000051,2,250.57,501.14
ORD0003093,P000016,5,108.84,544.2
ORD0003094,P000096,1,118.09,118.09
ORD0003094,P000013,5,877.54,4387.7
ORD0003095,P000060,1,606.3,606.3
ORD0003095,P000065,2,392.5,785.0
ORD0003095,P000049,5,397.95,1989.75
ORD0003096,P000065,1,392.5,392.5
ORD0003096,P000077,4,909.58,3638.32
ORD0003096,P000019,2,941.21,1882.42
ORD0003096,P000005,3,202.06,606.1800000000001
ORD0003097,P000088,3,730.81,2192.43
ORD0003097,P000061,4,422.28,1689.12
ORD0003098,P000085,2,591.78,1183.56
ORD0003098,P000080,1,425.06,425.06
ORD0003098,P000024,4,33.52,134.08
ORD0003099,P000063,4,73.02,292.08
ORD0003099,P000100,3,776.96,2330.88
ORD0003099,P000069,2,822.37,1644.74
ORD0003100,P000068,1,453.04,453.04
ORD0003100,P000062,1,745.88,745.88
ORD0003100,P000023,1,670.32,670.32
ORD0003100,P000037,2,870.37,1740.74
ORD0003100,P000036,1,225.58,225.58
ORD0003101,P000089,2,385.38,770.76
ORD0003101,P000087,2,16.49,32.98
ORD0003101,P000096,1,118.09,118.09
ORD0003102,P000092,3,162.46,487.38
ORD0003102,P000012,3,770.03,2310.09
ORD0003102,P000062,3,745.88,2237.64
ORD0003102,P000090,5,890.09,4450.45
ORD0003103,P000050,1,149.61,149.61
ORD0003103,P000072,3,841.35,2524.05
ORD0003104,P000086,5,949.25,4746.25
ORD0003105,P000024,2,33.52,67.04
ORD0003105,P000097,2,812.5,1625.0
ORD0003105,P000054,1,622.14,622.14
ORD0003105,P000030,3,991.47,2974.41
ORD0003106,P000020,3,15.55,46.650000000000006
ORD0003106,P000088,3,730.81,2192.43
ORD0003106,P000079,2,565.57,1131.14
ORD0003107,P000059,1,225.97,225.97
ORD0003107,P000057,1,124.11,124.11
ORD0003107,P000018,5,261.78,1308.8999999999999
ORD0003108,P000053,5,53.27,266.35
ORD0003109,P000047,4,142.41,569.64
ORD0003109,P000048,4,294.63,1178.52
ORD0003109,P000016,3,108.84,326.52
ORD0003110,P000060,1,606.3,606.3
ORD0003110,P000099,3,579.66,1738.98
ORD0003110,P000022,1,294.77,294.77
ORD0003110,P000041,2,730.28,1460.56
ORD0003110,P000074,2,915.8,1831.6
ORD0003111,P000094,3,341.12,1023.36
ORD0003111,P000065,5,392.5,1962.5
ORD0003111,P000085,1,591.78,591.78
ORD0003112,P000001,2,571.03,1142.06
ORD0003113,P000047,2,142.41,284.82
ORD0003113,P000098,4,647.23,2588.92
ORD0003113,P000028,5,132.06,660.3
ORD0003114,P000003,4,924.38,3697.52
ORD0003115,P000011,2,600.73,1201.46
ORD0003115,P000059,1,225.97,225.97
ORD0003115,P000062,2,745.88,1491.76
ORD0003115,P000077,5,909.58,4547.900000000001
ORD0003116,P000054,5,622.14,3110.7
ORD0003116,P000021,5,482.67,2413.35
ORD0003117,P000054,4,622.14,2488.56
ORD0003117,P000098,1,647.23,647.23
ORD0003118,P000066,4,382.36,1529.44
ORD0003118,P000053,5,53.27,266.35
ORD0003118,P000069,4,822.37,3289.48
ORD0003118,P000057,5,124.11,620.55
ORD0003119,P000027,4,945.04,3780.16
ORD0003119,P000058,2,473.76,947.52
ORD0003119,P000073,3,122.71,368.13
ORD0003120,P000036,4,225.58,902.32
ORD0003121,P000002,1,665.5,665.5
ORD0003121,P000050,5,149.61,748.0500000000001
ORD0003122,P000100,3,776.96,2330.88
ORD0003122,P000062,1,745.88,745.88
ORD0003123,P000011,2,600.73,1201.46
ORD0003124,P000035,4,248.76,995.04
ORD0003124,P000035,5,248.76,1243.8
ORD0003124,P000071,4,59.2,236.8
ORD0003125,P000005,4,202.06,808.24
ORD0003125,P000027,3,945.04,2835.12
ORD0003125,P000051,2,250.57,501.14
ORD0003126,P000020,2,15.55,31.1
ORD0003126,P000034,4,927.37,3709.48
ORD0003126,P000074,1,915.8,915.8
ORD0003126,P000085,2,591.78,1183.56
ORD0003126,P000100,1,776.96,776.96
ORD0003127,P000019,5,941.21,4706.05
ORD0003127,P000021,2,482.67,965.34
ORD0003127,P000090,2,890.09,1780.18
ORD0003128,P000090,5,890.09,4450.45
ORD0003128,P000048,4,294.63,1178.52
ORD0003128,P000051,2,250.57,501.14
ORD0003128,P000093,2,475.81,951.62
ORD0003129,P000023,5,670.32,3351.6000000000004
ORD0003130,P000017,3,525.47,1576.41
ORD0003131,P000037,3,870.37,2611.11
ORD0003131,P000094,5,341.12,1705.6
ORD0003131,P000058,5,473.76,2368.8
ORD0003131,P000033,3,644.39,1933.17
ORD0003132,P000077,2,909.58,1819.16
ORD0003132,P000020,4,15.55,62.2
ORD0003133,P000022,1,294.77,294.77
ORD0003133,P000040,4,852.32,3409.28
ORD0003133,P000012,4,770.03,3080.12
ORD0003134,P000090,3,890.09,2670.27
ORD0003134,P000026,2,78.71,157.42
ORD0003134,P000040,2,852.32,1704.64
ORD0003134,P000001,1,571.03,571.03
ORD0003135,P000044,4,446.54,1786.16
ORD0003135,P000026,5,78.71,393.54999999999995
ORD0003135,P000072,4,841.35,3365.4
ORD0003136,P000080,2,425.06,850.12
ORD0003136,P000093,1,475.81,475.81
ORD0003136,P000014,3,928.24,2784.7200000000003
ORD0003136,P000039,3,929.35,2788.05
ORD0003136,P000064,5,135.37,676.85
ORD0003137,P000021,4,482.67,1930.68
ORD0003138,P000085,5,591.78,2958.8999999999996
ORD0003138,P000002,5,665.5,3327.5
ORD0003138,P000067,2,296.04,592.08
ORD0003139,P000056,1,195.56,195.56
ORD0003140,P000006,3,339.56,1018.6800000000001
ORD0003141,P000024,5,33.52,167.60000000000002
ORD0003141,P000094,1,341.12,341.12
ORD0003142,P000050,3,149.61,448.83000000000004
ORD0003142,P000038,3,237.03,711.09
ORD0003143,P000088,2,730.81,1461.62
ORD0003143,P000087,2,16.49,32.98
ORD0003144,P000059,5,225.97,1129.85
ORD0003144,P000038,3,237.03,711.09
ORD0003144,P000081,5,834.21,4171.05
ORD0003144,P000003,2,924.38,1848.76
ORD0003145,P000090,4,890.09,3560.36
ORD0003145,P000070,3,692.24,2076.7200000000003
ORD0003145,P000026,5,78.71,393.54999999999995
ORD0003145,P000080,5,425.06,2125.3
ORD0003145,P000092,3,162.46,487.38
ORD0003146,P000041,1,730.28,730.28
ORD0003146,P000007,2,20.07,40.14
ORD0003146,P000094,3,341.12,1023.36
ORD0003146,P000039,2,929.35,1858.7
ORD0003146,P000075,1,438.9,438.9
ORD0003147,P000067,5,296.04,1480.2
ORD0003148,P000019,3,941.21,2823.63
ORD0003148,P000030,3,991.47,2974.41
ORD0003148,P000075,4,438.9,1755.6
ORD0003149,P000083,3,854.01,2562.0299999999997
ORD0003149,P000075,1,438.9,438.9
ORD0003150,P000004,2,709.94,1419.88
ORD0003150,P000003,2,924.38,1848.76
ORD0003150,P000054,3,622.14,1866.42
ORD0003150,P000047,2,142.41,284.82
ORD0003150,P000093,4,475.81,1903.24
ORD0003151,P000023,4,670.32,2681.28
ORD0003151,P000091,2,204.84,409.68
ORD0003151,P000058,4,473.76,1895.04
ORD0003151,P000023,3,670.32,2010.96
ORD0003152,P000011,2,600.73,1201.46
ORD0003152,P000048,5,294.63,1473.15
ORD0003153,P000031,1,91.66,91.66
ORD0003153,P000050,2,149.61,299.22
ORD0003153,P000097,2,812.5,1625.0
ORD0003153,P000100,5,776.96,3884.8
ORD0003153,P000082,5,797.58,3987.9
ORD0003154,P000082,2,797.58,1595.16
ORD0003154,P000004,4,709.94,2839.76
ORD0003154,P000055,5,173.18,865.9000000000001
ORD0003155,P000085,1,591.78,591.78
ORD0003155,P000065,1,392.5,392.5
ORD0003155,P000050,1,149.61,149.61
ORD0003156,P000095,1,544.11,544.11
ORD0003156,P000089,4,385.38,1541.52
ORD0003157,P000030,4,991.47,3965.88
ORD0003157,P000039,2,929.35,1858.7
ORD0003157,P000003,4,924.38,3697.52
ORD0003157,P000072,1,841.35,841.35
ORD0003158,P000098,4,647.23,2588.92
ORD0003158,P000037,2,870.37,1740.74
ORD0003159,P000058,5,473.76,2368.8
ORD0003159,P000029,5,96.26,481.3
ORD0003159,P000010,3,183.93,551.79
ORD0003160,P000005,1,202.06,202.06
ORD0003160,P000053,1,53.27,53.27
ORD0003160,P000013,5,877.54,4387.7
ORD0003160,P000084,1,205.66,205.66
ORD0003161,P000080,3,425.06,1275.18
ORD0003161,P000012,3,770.03,2310.09
ORD0003161,P000048,2,294.63,589.26
ORD0003162,P000072,1,841.35,841.35
ORD0003162,P000072,5,841.35,4206.75
ORD0003162,P000056,5,195.56,977.8
ORD0003162,P000025,2,985.57,1971.14
ORD0003162,P000025,4,985.57,3942.28
ORD0003163,P000012,3,770.03,2310.09
ORD0003164,P000076,1,171.21,171.21
ORD0003165,P000024,1,33.52,33.52
ORD0003165,P000030,2,991.47,1982.94
ORD0003165,P000034,2,927.37,1854.74
ORD0003165,P000034,3,927.37,2782.11
ORD0003166,P000009,5,462.25,2311.25
ORD0003166,P000024,1,33.52,33.52
ORD0003166,P000016,4,108.84,435.36
ORD0003167,P000096,1,118.09,118.09
ORD0003167,P000027,3,945.04,2835.12
ORD0003167,P000044,3,446.54,1339.6200000000001
ORD0003167,P000058,2,473.76,947.52
ORD0003168,P000005,1,202.06,202.06
ORD0003168,P000044,3,446.54,1339.6200000000001
ORD0003168,P000012,1,770.03,770.03
ORD0003168,P000061,2,422.28,844.56
ORD0003168,P000050,1,149.61,149.61
ORD0003169,P000086,3,949.25,2847.75
ORD0003169,P000076,5,171.21,856.0500000000001
ORD0003169,P000028,3,132.06,396.18
ORD0003169,P000010,4,183.93,735.72
ORD0003169,P000059,4,225.97,903.88
ORD0003170,P000072,5,841.35,4206.75
ORD0003170,P000029,5,96.26,481.3
ORD0003170,P000099,1,579.66,579.66
ORD0003171,P000018,4,261.78,1047.12
ORD0003171,P000035,3,248.76,746.28
ORD0003172,P000079,4,565.57,2262.28
ORD0003172,P000083,4,854.01,3416.04
ORD0003172,P000079,1,565.57,565.57
ORD0003172,P000009,4,462.25,1849.0
ORD0003172,P000009,5,462.25,2311.25
ORD0003173,P000032,2,837.84,1675.68
ORD0003173,P000083,4,854.01,3416.04
ORD0003173,P000080,5,425.06,2125.3
ORD0003173,P000068,3,453.04,1359.1200000000001
ORD0003174,P000062,3,745.88,2237.64
ORD0003175,P000066,1,382.36,382.36
ORD0003175,P000021,1,482.67,482.67
ORD0003175,P000028,1,132.06,132.06
ORD0003175,P000013,5,877.54,4387.7
ORD0003176,P000054,2,622.14,1244.28
ORD0003176,P000064,4,135.37,541.48
ORD0003176,P000083,2,854.01,1708.02
ORD0003176,P000082,5,797.58,3987.9
ORD0003177,P000015,3,803.01,2409.0299999999997
ORD0003177,P000084,2,205.66,411.32
ORD0003177,P000017,5,525.47,2627.3500000000004
ORD0003177,P000079,3,565.57,1696.71
ORD0003177,P000063,4,73.02,292.08
ORD0003178,P000025,3,985.57,2956.71
ORD0003178,P000040,1,852.32,852.32
ORD0003178,P000011,5,600.73,3003.65
ORD0003179,P000080,3,425.06,1275.18
ORD0003179,P000091,1,204.84,204.84
ORD0003179,P000003,1,924.38,924.38
ORD0003179,P000021,1,482.67,482.67
ORD0003180,P000029,2,96.26,192.52
ORD0003180,P000031,4,91.66,366.64
ORD0003180,P000064,3,135.37,406.11
ORD0003180,P000012,1,770.03,770.03
ORD0003181,P000001,2,571.03,1142.06
ORD0003181,P000010,5,183.93,919.6500000000001
ORD0003181,P000068,2,453.04,906.08
ORD0003182,P000069,1,822.37,822.37
ORD0003182,P000021,3,482.67,1448.01
ORD0003182,P000049,1,397.95,397.95
ORD0003182,P000018,1,261.78,261.78
ORD0003183,P000029,3,96.26,288.78000000000003
ORD0003183,P000031,4,91.66,366.64
ORD0003183,P000019,3,941.21,2823.63
ORD0003183,P000032,5,837.84,4189.2
ORD0003183,P000076,2,171.21,342.42
ORD0003184,P000074,4,915.8,3663.2
ORD0003184,P000077,2,909.58,1819.16
ORD0003185,P000069,2,822.37,1644.74
ORD0003185,P000006,5,339.56,1697.8
ORD0003185,P000025,1,985.57,985.57
ORD0003185,P000086,1,949.25,949.25
ORD0003185,P000053,4,53.27,213.08
ORD0003186,P000043,4,232.18,928.72
ORD0003186,P000031,5,91.66,458.29999999999995
ORD0003186,P000080,1,425.06,425.06
ORD0003186,P000091,2,204.84,409.68
ORD0003186,P000047,5,142.41,712.05
ORD0003187,P000067,5,296.04,1480.2
ORD0003187,P000021,3,482.67,1448.01
ORD0003187,P000050,4,149.61,598.44
ORD0003188,P000085,5,591.78,2958.8999999999996
ORD0003188,P000006,3,339.56,1018.6800000000001
ORD0003189,P000087,5,16.49,82.44999999999999
ORD0003189,P000050,1,149.61,149.61
ORD0003189,P000044,1,446.54,446.54
ORD0003189,P000057,4,124.11,496.44
ORD0003190,P000077,5,909.58,4547.900000000001
ORD0003190,P000079,4,565.57,2262.28
ORD0003190,P000092,2,162.46,324.92
ORD0003190,P000084,2,205.66,411.32
ORD0003190,P000050,1,149.61,149.61
ORD0003191,P000074,2,915.8,1831.6
ORD0003191,P000060,4,606.3,2425.2
ORD0003191,P000035,4,248.76,995.04
ORD0003192,P000087,4,16.49,65.96
ORD0003192,P000065,4,392.5,1570.0
ORD0003193,P000076,1,171.21,171.21
ORD0003193,P000066,1,382.36,382.36
ORD0003193,P000048,4,294.63,1178.52
ORD0003194,P000004,3,709.94,2129.82
ORD0003194,P000014,5,928.24,4641.2
ORD0003194,P000002,1,665.5,665.5
ORD0003194,P000022,4,294.77,1179.08
ORD0003194,P000009,5,462.25,2311.25
ORD0003195,P000091,1,204.84,204.84
ORD0003195,P000011,2,600.73,1201.46
ORD0003196,P000003,2,924.38,1848.76
ORD0003196,P000060,5,606.3,3031.5
ORD0003196,P000046,3,580.21,1740.63
ORD0003197,P000077,1,909.58,909.58
ORD0003197,P000003,2,924.38,1848.76
ORD0003197,P000014,2,928.24,1856.48
ORD0003197,P000007,3,20.07,60.21
ORD0003198,P000002,4,665.5,2662.0
ORD0003198,P000021,5,482.67,2413.35
ORD0003198,P000031,1,91.66,91.66
ORD0003198,P000084,5,205.66,1028.3
ORD0003199,P000048,1,294.63,294.63
ORD0003199,P000100,1,776.96,776.96
ORD0003200,P000003,2,924.38,1848.76
ORD0003200,P000081,1,834.21,834.21
ORD0003201,P000059,2,225.97,451.94
ORD0003201,P000025,3,985.57,2956.71
ORD0003202,P000046,1,580.21,580.21
ORD0003202,P000096,4,118.09,472.36
ORD0003202,P000027,4,945.04,3780.16
ORD0003202,P000087,4,16.49,65.96
ORD0003203,P000043,4,232.18,928.72
ORD0003204,P000021,5,482.67,2413.35
ORD0003205,P000025,2,985.57,1971.14
ORD0003205,P000050,2,149.61,299.22
ORD0003206,P000067,2,296.04,592.08
ORD0003206,P000046,4,580.21,2320.84
ORD0003206,P000056,1,195.56,195.56
ORD0003206,P000032,2,837.84,1675.68
ORD0003207,P000082,3,797.58,2392.7400000000002
ORD0003207,P000039,4,929.35,3717.4
ORD0003207,P000060,3,606.3,1818.8999999999999
ORD0003207,P000073,5,122.71,613.55
ORD0003207,P000041,4,730.28,2921.12
ORD0003208,P000067,3,296.04,888.1200000000001
ORD0003208,P000093,4,475.81,1903.24
ORD0003208,P000010,2,183.93,367.86
ORD0003208,P000058,2,473.76,947.52
ORD0003209,P000018,4,261.78,1047.12
ORD0003210,P000055,1,173.18,173.18
ORD0003211,P000025,5,985.57,4927.85
ORD0003211,P000030,3,991.47,2974.41
ORD0003212,P000087,5,16.49,82.44999999999999
ORD0003212,P000085,4,591.78,2367.12
ORD0003213,P000015,4,803.01,3212.04
ORD0003213,P000088,4,730.81,2923.24
ORD0003213,P000074,1,915.8,915.8
ORD0003213,P000072,2,841.35,1682.7
ORD0003213,P000003,4,924.38,3697.52
ORD0003214,P000004,2,709.94,1419.88
ORD0003214,P000006,4,339.56,1358.24
ORD0003215,P000029,5,96.26,481.3
ORD0003215,P000044,2,446.54,893.08
ORD0003215,P000069,1,822.37,822.37
ORD0003215,P000069,5,822.37,4111.85
ORD0003216,P000067,2,296.04,592.08
ORD0003216,P000068,4,453.04,1812.16
ORD0003216,P000099,1,579.66,579.66
ORD0003216,P000057,5,124.11,620.55
ORD0003216,P000046,1,580.21,580.21
ORD0003217,P000006,1,339.56,339.56
ORD0003217,P000032,2,837.84,1675.68
ORD0003217,P000023,2,670.32,1340.64
ORD0003218,P000066,4,382.36,1529.44
ORD0003219,P000003,1,924.38,924.38
ORD0003220,P000012,3,770.03,2310.09
ORD0003220,P000079,4,565.57,2262.28
ORD0003220,P000081,1,834.21,834.21
ORD0003220,P000090,3,890.09,2670.27
ORD0003220,P000071,1,59.2,59.2
ORD0003221,P000026,1,78.71,78.71
ORD0003221,P000053,1,53.27,53.27
ORD0003221,P000045,4,711.71,2846.84
ORD0003221,P000048,5,294.63,1473.15
ORD0003221,P000057,1,124.11,124.11
ORD0003222,P000034,3,927.37,2782.11
ORD0003222,P000027,1,945.04,945.04
ORD0003222,P000061,2,422.28,844.56
ORD0003222,P000056,3,195.56,586.6800000000001
ORD0003223,P000099,2,579.66,1159.32
ORD0003223,P000053,2,53.27,106.54
ORD0003224,P000093,1,475.81,475.81
ORD0003224,P000040,1,852.32,852.32
ORD0003225,P000038,2,237.03,474.06
ORD0003225,P000016,1,108.84,108.84
ORD0003225,P000028,1,132.06,132.06
ORD0003225,P000083,2,854.01,1708.02
ORD0003225,P000057,5,124.11,620.55
ORD0003226,P000001,1,571.03,571.03
ORD0003226,P000091,3,204.84,614.52
ORD0003226,P000086,4,949.25,3797.0
ORD0003226,P000061,3,422.28,1266.84
ORD0003227,P000100,4,776.96,3107.84
ORD0003227,P000037,1,870.37,870.37
ORD0003227,P000054,4,622.14,2488.56
ORD0003227,P000069,3,822.37,2467.11
ORD0003228,P000044,4,446.54,1786.16
ORD0003228,P000016,5,108.84,544.2
ORD0003229,P000036,3,225.58,676.74
ORD0003229,P000077,5,909.58,4547.900000000001
ORD0003230,P000017,2,525.47,1050.94
ORD0003230,P000027,2,945.04,1890.08
ORD0003231,P000019,3,941.21,2823.63
ORD0003231,P000096,2,118.09,236.18
ORD0003231,P000054,2,622.14,1244.28
ORD0003232,P000030,4,991.47,3965.88
ORD0003232,P000043,5,232.18,1160.9
ORD0003233,P000054,3,622.14,1866.42
ORD0003233,P000034,5,927.37,4636.85
ORD0003233,P000036,2,225.58,451.16
ORD0003233,P000086,4,949.25,3797.0
ORD0003234,P000047,2,142.41,284.82
ORD0003234,P000032,3,837.84,2513.52
ORD0003234,P000096,1,118.09,118.09
ORD0003234,P000048,4,294.63,1178.52
ORD0003234,P000011,1,600.73,600.73
ORD0003235,P000069,1,822.37,822.37
ORD0003235,P000018,4,261.78,1047.12
ORD0003235,P000083,4,854.01,3416.04
ORD0003236,P000010,3,183.93,551.79
ORD0003236,P000025,1,985.57,985.57
ORD0003236,P000071,1,59.2,59.2
ORD0003236,P000093,2,475.81,951.62
ORD0003236,P000096,1,118.09,118.09
ORD0003237,P000047,2,142.41,284.82
ORD0003237,P000054,3,622.14,1866.42
ORD0003237,P000068,5,453.04,2265.2000000000003
ORD0003237,P000092,3,162.46,487.38
ORD0003238,P000075,5,438.9,2194.5
ORD0003239,P000048,2,294.63,589.26
ORD0003239,P000031,1,91.66,91.66
ORD0003240,P000058,3,473.76,1421.28
ORD0003240,P000055,4,173.18,692.72
ORD0003240,P000069,4,822.37,3289.48
ORD0003241,P000035,2,248.76,497.52
ORD0003241,P000073,2,122.71,245.42
ORD0003241,P000091,1,204.84,204.84
ORD0003241,P000073,1,122.71,122.71
ORD0003242,P000022,2,294.77,589.54
ORD0003242,P000017,4,525.47,2101.88
ORD0003243,P000051,4,250.57,1002.28
ORD0003243,P000044,5,446.54,2232.7000000000003
ORD0003244,P000015,2,803.01,1606.02
ORD0003244,P000092,3,162.46,487.38
ORD0003244,P000011,2,600.73,1201.46
ORD0003244,P000036,1,225.58,225.58
ORD0003245,P000070,5,692.24,3461.2
ORD0003245,P000086,5,949.25,4746.25
ORD0003245,P000042,5,274.71,1373.55
ORD0003245,P000070,1,692.24,692.24
ORD0003246,P000044,2,446.54,893.08
ORD0003246,P000075,4,438.9,1755.6
ORD0003246,P000095,1,544.11,544.11
ORD0003246,P000027,1,945.04,945.04
ORD0003247,P000024,2,33.52,67.04
ORD0003247,P000067,4,296.04,1184.16
ORD0003247,P000096,2,118.09,236.18
ORD0003247,P000007,2,20.07,40.14
ORD0003248,P000024,2,33.52,67.04
ORD0003248,P000017,3,525.47,1576.41
ORD0003248,P000014,1,928.24,928.24
ORD0003249,P000080,1,425.06,425.06
ORD0003249,P000059,2,225.97,451.94
ORD0003249,P000084,5,205.66,1028.3
ORD0003249,P000067,1,296.04,296.04
ORD0003249,P000046,2,580.21,1160.42
ORD0003250,P000018,3,261.78,785.3399999999999
ORD0003250,P000041,3,730.28,2190.84
ORD0003250,P000055,5,173.18,865.9000000000001
ORD0003251,P000090,4,890.09,3560.36
ORD0003251,P000004,4,709.94,2839.76
ORD0003252,P000043,2,232.18,464.36
ORD0003252,P000053,3,53.27,159.81
ORD0003252,P000030,5,991.47,4957.35
ORD0003253,P000001,1,571.03,571.03
ORD0003253,P000076,3,171.21,513.63
ORD0003254,P000046,5,580.21,2901.05
ORD0003254,P000010,3,183.93,551.79
ORD0003254,P000082,1,797.58,797.58
ORD0003254,P000077,5,909.58,4547.900000000001
ORD0003255,P000029,3,96.26,288.78000000000003
ORD0003256,P000057,3,124.11,372.33
ORD0003257,P000059,4,225.97,903.88
ORD0003257,P000025,3,985.57,2956.71
ORD0003258,P000042,4,274.71,1098.84
ORD0003258,P000079,5,565.57,2827.8500000000004
ORD0003258,P000026,5,78.71,393.54999999999995
ORD0003259,P000032,1,837.84,837.84
ORD0003259,P000038,1,237.03,237.03
ORD0003260,P000041,3,730.28,2190.84
ORD0003260,P000063,3,73.02,219.06
ORD0003261,P000043,1,232.18,232.18
ORD0003261,P000018,4,261.78,1047.12
ORD0003261,P000073,5,122.71,613.55
ORD0003262,P000001,1,571.03,571.03
ORD0003262,P000038,5,237.03,1185.15
ORD0003262,P000070,2,692.24,1384.48
ORD0003262,P000019,4,941.21,3764.84
ORD0003262,P000063,5,73.02,365.09999999999997
ORD0003263,P000090,5,890.09,4450.45
ORD0003263,P000071,3,59.2,177.60000000000002
ORD0003263,P000065,5,392.5,1962.5
ORD0003263,P000095,2,544.11,1088.22
ORD0003263,P000011,4,600.73,2402.92
ORD0003264,P000036,5,225.58,1127.9
ORD0003265,P000020,4,15.55,62.2
ORD0003266,P000072,3,841.35,2524.05
ORD0003267,P000024,4,33.52,134.08
ORD0003268,P000067,5,296.04,1480.2
ORD0003268,P000084,2,205.66,411.32
ORD0003268,P000058,5,473.76,2368.8
ORD0003269,P000049,3,397.95,1193.85
ORD0003270,P000080,2,425.06,850.12
ORD0003271,P000024,2,33.52,67.04
ORD0003271,P000036,5,225.58,1127.9
ORD0003271,P000072,5,841.35,4206.75
ORD0003271,P000074,4,915.8,3663.2
ORD0003272,P000029,5,96.26,481.3
ORD0003272,P000033,2,644.39,1288.78
ORD0003272,P000041,4,730.28,2921.12
ORD0003273,P000032,5,837.84,4189.2
ORD0003273,P000067,5,296.04,1480.2
ORD0003274,P000010,4,183.93,735.72
ORD0003274,P000100,2,776.96,1553.92
ORD0003274,P000067,1,296.04,296.04
ORD0003274,P000044,1,446.54,446.54
ORD0003275,P000070,4,692.24,2768.96
ORD0003276,P000089,3,385.38,1156.1399999999999
ORD0003276,P000089,5,385.38,1926.9
ORD0003276,P000088,5,730.81,3654.0499999999997
ORD0003277,P000071,1,59.2,59.2
ORD0003278,P000039,2,929.35,1858.7
ORD0003278,P000012,4,770.03,3080.12
ORD0003278,P000008,2,237.9,475.8
ORD0003279,P000031,4,91.66,366.64
ORD0003280,P000048,2,294.63,589.26
ORD0003280,P000004,5,709.94,3549.7000000000003
ORD0003281,P000016,1,108.84,108.84
ORD0003281,P000052,5,148.67,743.3499999999999
ORD0003282,P000072,2,841.35,1682.7
ORD0003282,P000052,2,148.67,297.34
ORD0003282,P000089,1,385.38,385.38
ORD0003283,P000075,4,438.9,1755.6
ORD0003283,P000058,2,473.76,947.52
ORD0003283,P000068,5,453.04,2265.2000000000003
ORD0003283,P000019,3,941.21,2823.63
ORD0003284,P000083,5,854.01,4270.05
ORD0003284,P000051,1,250.57,250.57
ORD0003284,P000095,3,544.11,1632.33
ORD0003285,P000066,2,382.36,764.72
ORD0003285,P000018,2,261.78,523.56
ORD0003286,P000081,1,834.21,834.21
ORD0003286,P000015,5,803.01,4015.05
ORD0003287,P000057,1,124.11,124.11
ORD0003287,P000081,2,834.21,1668.42
ORD0003287,P000076,3,171.21,513.63
ORD0003287,P000006,5,339.56,1697.8
ORD0003288,P000006,3,339.56,1018.6800000000001
ORD0003288,P000060,4,606.3,2425.2
ORD0003289,P000019,5,941.21,4706.05
ORD0003289,P000080,2,425.06,850.12
ORD0003289,P000034,3,927.37,2782.11
ORD0003290,P000009,3,462.25,1386.75
ORD0003290,P000092,2,162.46,324.92
ORD0003290,P000009,2,462.25,924.5
ORD0003290,P000094,5,341.12,1705.6
ORD0003291,P000023,3,670.32,2010.96
ORD0003291,P000038,3,237.03,711.09
ORD0003291,P000051,4,250.57,1002.28
ORD0003291,P000059,2,225.97,451.94
ORD0003292,P000086,5,949.25,4746.25
ORD0003292,P000079,1,565.57,565.57
ORD0003292,P000076,5,171.21,856.0500000000001
ORD0003293,P000042,1,274.71,274.71
ORD0003294,P000010,3,183.93,551.79
ORD0003295,P000079,3,565.57,1696.71
ORD0003295,P000048,1,294.63,294.63
ORD0003295,P000026,5,78.71,393.54999999999995
ORD0003295,P000080,2,425.06,850.12
ORD0003295,P000098,5,647.23,3236.15
ORD0003296,P000075,3,438.9,1316.6999999999998
ORD0003296,P000055,5,173.18,865.9000000000001
ORD0003297,P000096,2,118.09,236.18
ORD0003297,P000035,2,248.76,497.52
ORD0003298,P000078,2,475.26,950.52
ORD0003299,P000073,1,122.71,122.71
ORD0003299,P000005,5,202.06,1010.3
ORD0003300,P000013,3,877.54,2632.62
ORD0003301,P000002,4,665.5,2662.0
ORD0003301,P000090,1,890.09,890.09
ORD0003301,P000031,3,91.66,274.98
ORD0003301,P000099,5,579.66,2898.2999999999997
ORD0003301,P000067,3,296.04,888.1200000000001
ORD0003302,P000073,3,122.71,368.13
ORD0003303,P000085,3,591.78,1775.34
ORD0003303,P000005,5,202.06,1010.3
ORD0003303,P000008,3,237.9,713.7
ORD0003303,P000023,3,670.32,2010.96
ORD0003304,P000026,2,78.71,157.42
ORD0003304,P000046,2,580.21,1160.42
ORD0003304,P000088,3,730.81,2192.43
ORD0003304,P000052,3,148.67,446.01
ORD0003305,P000027,2,945.04,1890.08
ORD0003305,P000027,5,945.04,4725.2
ORD0003305,P000019,4,941.21,3764.84
ORD0003306,P000052,1,148.67,148.67
ORD0003306,P000021,3,482.67,1448.01
ORD0003306,P000017,3,525.47,1576.41
ORD0003307,P000091,3,204.84,614.52
ORD0003307,P000067,3,296.04,888.1200000000001
ORD0003308,P000095,4,544.11,2176.44
ORD0003309,P000029,4,96.26,385.04
ORD0003310,P000049,2,397.95,795.9
ORD0003310,P000032,1,837.84,837.84
ORD0003310,P000014,4,928.24,3712.96
ORD0003311,P000002,1,665.5,665.5
ORD0003311,P000083,5,854.01,4270.05
ORD0003311,P000022,1,294.77,294.77
ORD0003311,P000077,2,909.58,1819.16
ORD0003312,P000097,1,812.5,812.5
ORD0003312,P000023,2,670.32,1340.64
ORD0003312,P000077,4,909.58,3638.32
ORD0003312,P000096,1,118.09,118.09
ORD0003312,P000099,1,579.66,579.66
ORD0003313,P000064,4,135.37,541.48
ORD0003313,P000092,1,162.46,162.46
ORD0003313,P000025,3,985.57,2956.71
ORD0003313,P000007,3,20.07,60.21
ORD0003314,P000094,4,341.12,1364.48
ORD0003315,P000015,2,803.01,1606.02
ORD0003315,P000020,3,15.55,46.650000000000006
ORD0003315,P000023,5,670.32,3351.6000000000004
ORD0003315,P000074,5,915.8,4579.0
ORD0003316,P000046,2,580.21,1160.42
ORD0003316,P000074,4,915.8,3663.2
ORD0003316,P000071,4,59.2,236.8
ORD0003317,P000033,1,644.39,644.39
ORD0003317,P000019,3,941.21,2823.63
ORD0003317,P000087,4,16.49,65.96
ORD0003318,P000083,5,854.01,4270.05
ORD0003318,P000024,4,33.52,134.08
ORD0003318,P000098,5,647.23,3236.15
ORD0003318,P000017,1,525.47,525.47
ORD0003319,P000085,3,591.78,1775.34
ORD0003319,P000044,4,446.54,1786.16
ORD0003319,P000027,3,945.04,2835.12
ORD0003320,P000096,1,118.09,118.09
ORD0003320,P000020,1,15.55,15.55
ORD0003320,P000057,5,124.11,620.55
ORD0003320,P000062,5,745.88,3729.4
ORD0003321,P000064,1,135.37,135.37
ORD0003321,P000049,5,397.95,1989.75
ORD0003322,P000037,1,870.37,870.37
ORD0003323,P000094,1,341.12,341.12
ORD0003323,P000026,1,78.71,78.71
ORD0003323,P000095,3,544.11,1632.33
ORD0003324,P000063,5,73.02,365.09999999999997
ORD0003324,P000037,3,870.37,2611.11
ORD0003324,P000003,3,924.38,2773.14
ORD0003325,P000057,5,124.11,620.55
ORD0003326,P000068,2,453.04,906.08
ORD0003327,P000031,5,91.66,458.29999999999995
ORD0003327,P000076,3,171.21,513.63
ORD0003327,P000077,1,909.58,909.58
ORD0003327,P000037,5,870.37,4351.85
ORD0003327,P000074,5,915.8,4579.0
ORD0003328,P000088,1,730.81,730.81
ORD0003328,P000017,5,525.47,2627.3500000000004
ORD0003329,P000097,5,812.5,4062.5
ORD0003329,P000046,1,580.21,580.21
ORD0003329,P000080,2,425.06,850.12
ORD0003330,P000077,4,909.58,3638.32
ORD0003331,P000068,1,453.04,453.04
ORD0003331,P000008,2,237.9,475.8
ORD0003332,P000096,4,118.09,472.36
ORD0003332,P000011,5,600.73,3003.65
ORD0003332,P000062,1,745.88,745.88
ORD0003332,P000079,2,565.57,1131.14
ORD0003332,P000003,4,924.38,3697.52
ORD0003333,P000007,5,20.07,100.35
ORD0003333,P000051,5,250.57,1252.85
ORD0003333,P000053,3,53.27,159.81
ORD0003333,P000026,1,78.71,78.71
ORD0003334,P000034,1,927.37,927.37
ORD0003334,P000034,1,927.37,927.37
ORD0003334,P000061,5,422.28,2111.3999999999996
ORD0003334,P000095,1,544.11,544.11
ORD0003334,P000010,1,183.93,183.93
ORD0003335,P000075,3,438.9,1316.6999999999998
ORD0003335,P000051,5,250.57,1252.85
ORD0003336,P000030,2,991.47,1982.94
ORD0003337,P000069,3,822.37,2467.11
ORD0003337,P000095,3,544.11,1632.33
ORD0003337,P000094,4,341.12,1364.48
ORD0003337,P000089,4,385.38,1541.52
ORD0003337,P000038,1,237.03,237.03
ORD0003338,P000051,1,250.57,250.57
ORD0003338,P000029,5,96.26,481.3
ORD0003339,P000022,1,294.77,294.77
ORD0003339,P000095,5,544.11,2720.55
ORD0003339,P000014,5,928.24,4641.2
ORD0003339,P000028,5,132.06,660.3
ORD0003340,P000010,4,183.93,735.72
ORD0003340,P000043,1,232.18,232.18
ORD0003340,P000025,3,985.57,2956.71
ORD0003340,P000027,1,945.04,945.04
ORD0003340,P000072,5,841.35,4206.75
ORD0003341,P000046,3,580.21,1740.63
ORD0003342,P000048,1,294.63,294.63
ORD0003342,P000064,2,135.37,270.74
ORD0003343,P000097,1,812.5,812.5
ORD0003343,P000016,5,108.84,544.2
ORD0003343,P000018,1,261.78,261.78
ORD0003344,P000089,3,385.38,1156.1399999999999
ORD0003345,P000060,2,606.3,1212.6
ORD0003345,P000063,3,73.02,219.06
ORD0003345,P000079,2,565.57,1131.14
ORD0003346,P000024,5,33.52,167.60000000000002
ORD0003347,P000100,2,776.96,1553.92
ORD0003347,P000012,3,770.03,2310.09
ORD0003347,P000094,3,341.12,1023.36
ORD0003348,P000049,1,397.95,397.95
ORD0003349,P000030,1,991.47,991.47
ORD0003349,P000023,4,670.32,2681.28
ORD0003349,P000071,3,59.2,177.60000000000002
ORD0003350,P000089,1,385.38,385.38
ORD0003350,P000071,5,59.2,296.0
ORD0003350,P000038,5,237.03,1185.15
ORD0003351,P000063,3,73.02,219.06
ORD0003351,P000027,5,945.04,4725.2
ORD0003351,P000043,5,232.18,1160.9
ORD0003351,P000078,5,475.26,2376.3
ORD0003352,P000036,1,225.58,225.58
ORD0003352,P000061,1,422.28,422.28
ORD0003353,P000032,4,837.84,3351.36
ORD0003353,P000073,2,122.71,245.42
ORD0003353,P000065,2,392.5,785.0
ORD0003353,P000062,3,745.88,2237.64
ORD0003353,P000023,3,670.32,2010.96
ORD0003354,P000050,1,149.61,149.61
ORD0003354,P000065,2,392.5,785.0
ORD0003355,P000092,3,162.46,487.38
ORD0003355,P000010,4,183.93,735.72
ORD0003356,P000099,4,579.66,2318.64
ORD0003356,P000025,4,985.57,3942.28
ORD0003356,P000021,1,482.67,482.67
ORD0003356,P000025,2,985.57,1971.14
ORD0003357,P000033,2,644.39,1288.78
ORD0003357,P000061,3,422.28,1266.84
ORD0003357,P000019,1,941.21,941.21
ORD0003357,P000069,1,822.37,822.37
ORD0003357,P000100,1,776.96,776.96
ORD0003358,P000070,3,692.24,2076.7200000000003
ORD0003358,P000095,2,544.11,1088.22
ORD0003358,P000082,2,797.58,1595.16
ORD0003358,P000054,1,622.14,622.14
ORD0003359,P000083,1,854.01,854.01
ORD0003359,P000042,1,274.71,274.71
ORD0003359,P000015,3,803.01,2409.0299999999997
ORD0003360,P000043,2,232.18,464.36
ORD0003360,P000048,3,294.63,883.89
ORD0003360,P000038,2,237.03,474.06
ORD0003361,P000039,1,929.35,929.35
ORD0003361,P000022,3,294.77,884.31
ORD0003361,P000019,4,941.21,3764.84
ORD0003361,P000054,3,622.14,1866.42
ORD0003362,P000100,2,776.96,1553.92
ORD0003362,P000066,2,382.36,764.72
ORD0003363,P000056,3,195.56,586.6800000000001
ORD0003363,P000086,5,949.25,4746.25
ORD0003364,P000054,1,622.14,622.14
ORD0003364,P000023,5,670.32,3351.6000000000004
ORD0003364,P000065,4,392.5,1570.0
ORD0003364,P000040,2,852.32,1704.64
ORD0003364,P000099,2,579.66,1159.32
ORD0003365,P000073,1,122.71,122.71
ORD0003366,P000024,4,33.52,134.08
ORD0003366,P000017,3,525.47,1576.41
ORD0003366,P000023,4,670.32,2681.28
ORD0003366,P000022,1,294.77,294.77
ORD0003367,P000052,3,148.67,446.01
ORD0003367,P000097,2,812.5,1625.0
ORD0003367,P000027,2,945.04,1890.08
ORD0003367,P000066,3,382.36,1147.08
ORD0003368,P000083,3,854.01,2562.0299999999997
ORD0003368,P000065,1,392.5,392.5
ORD0003368,P000042,3,274.71,824.1299999999999
ORD0003368,P000082,3,797.58,2392.7400000000002
ORD0003369,P000051,3,250.57,751.71
ORD0003370,P000007,5,20.07,100.35
ORD0003371,P000019,5,941.21,4706.05
ORD0003371,P000031,4,91.66,366.64
ORD0003371,P000011,2,600.73,1201.46
ORD0003371,P000043,2,232.18,464.36
ORD0003371,P000023,3,670.32,2010.96
ORD0003372,P000081,2,834.21,1668.42
ORD0003372,P000057,2,124.11,248.22
ORD0003372,P000011,2,600.73,1201.46
ORD0003372,P000053,2,53.27,106.54
ORD0003373,P000094,4,341.12,1364.48
ORD0003374,P000063,1,73.02,73.02
ORD0003374,P000029,5,96.26,481.3
ORD0003375,P000004,2,709.94,1419.88
ORD0003375,P000078,3,475.26,1425.78
ORD0003376,P000065,1,392.5,392.5
ORD0003376,P000072,5,841.35,4206.75
ORD0003376,P000073,4,122.71,490.84
ORD0003376,P000058,5,473.76,2368.8
ORD0003377,P000044,5,446.54,2232.7000000000003
ORD0003377,P000008,1,237.9,237.9
ORD0003377,P000028,2,132.06,264.12
ORD0003378,P000091,5,204.84,1024.2
ORD0003378,P000057,3,124.11,372.33
ORD0003379,P000057,2,124.11,248.22
ORD0003380,P000086,1,949.25,949.25
ORD0003380,P000037,1,870.37,870.37
ORD0003381,P000078,3,475.26,1425.78
ORD0003381,P000071,4,59.2,236.8
ORD0003381,P000020,3,15.55,46.650000000000006
ORD0003381,P000100,5,776.96,3884.8
ORD0003381,P000055,5,173.18,865.9000000000001
ORD0003382,P000011,3,600.73,1802.19
ORD0003382,P000096,4,118.09,472.36
ORD0003382,P000100,2,776.96,1553.92
ORD0003382,P000069,2,822.37,1644.74
ORD0003382,P000004,1,709.94,709.94
ORD0003383,P000035,5,248.76,1243.8
ORD0003383,P000026,1,78.71,78.71
ORD0003384,P000092,1,162.46,162.46
ORD0003384,P000083,5,854.01,4270.05
ORD0003385,P000067,2,296.04,592.08
ORD0003385,P000052,4,148.67,594.68
ORD0003385,P000039,2,929.35,1858.7
ORD0003385,P000007,5,20.07,100.35
ORD0003385,P000056,2,195.56,391.12
ORD0003386,P000061,3,422.28,1266.84
ORD0003386,P000044,1,446.54,446.54
ORD0003387,P000035,5,248.76,1243.8
ORD0003388,P000032,5,837.84,4189.2
ORD0003388,P000064,1,135.37,135.37
ORD0003388,P000032,1,837.84,837.84
ORD0003388,P000055,4,173.18,692.72
ORD0003388,P000097,1,812.5,812.5
ORD0003389,P000076,1,171.21,171.21
ORD0003390,P000068,1,453.04,453.04
ORD0003391,P000092,5,162.46,812.3000000000001
ORD0003391,P000054,3,622.14,1866.42
ORD0003391,P000019,5,941.21,4706.05
ORD0003391,P000008,3,237.9,713.7
ORD0003392,P000054,1,622.14,622.14
ORD0003393,P000094,5,341.12,1705.6
ORD0003393,P000023,5,670.32,3351.6000000000004
ORD0003393,P000054,1,622.14,622.14
ORD0003393,P000019,2,941.21,1882.42
ORD0003393,P000028,2,132.06,264.12
ORD0003394,P000063,4,73.02,292.08
ORD0003395,P000094,4,341.12,1364.48
ORD0003396,P000054,1,622.14,622.14
ORD0003396,P000090,5,890.09,4450.45
ORD0003397,P000024,3,33.52,100.56
ORD0003397,P000095,3,544.11,1632.33
ORD0003398,P000060,2,606.3,1212.6
ORD0003398,P000050,2,149.61,299.22
ORD0003399,P000001,2,571.03,1142.06
ORD0003399,P000029,1,96.26,96.26
ORD0003399,P000079,5,565.57,2827.8500000000004
ORD0003400,P000027,1,945.04,945.04
ORD0003400,P000091,5,204.84,1024.2
ORD0003400,P000086,3,949.25,2847.75
ORD0003400,P000042,2,274.71,549.42
ORD0003401,P000032,4,837.84,3351.36
ORD0003402,P000013,3,877.54,2632.62
ORD0003402,P000076,3,171.21,513.63
ORD0003402,P000086,2,949.25,1898.5
ORD0003402,P000007,5,20.07,100.35
ORD0003402,P000029,4,96.26,385.04
ORD0003403,P000048,4,294.63,1178.52
ORD0003404,P000066,5,382.36,1911.8000000000002
ORD0003405,P000055,5,173.18,865.9000000000001
ORD0003405,P000091,5,204.84,1024.2
ORD0003406,P000017,2,525.47,1050.94
ORD0003406,P000075,4,438.9,1755.6
ORD0003406,P000062,5,745.88,3729.4
ORD0003406,P000020,5,15.55,77.75
ORD0003406,P000005,5,202.06,1010.3
ORD0003407,P000066,3,382.36,1147.08
ORD0003408,P000063,3,73.02,219.06
ORD0003408,P000040,3,852.32,2556.96
ORD0003408,P000046,1,580.21,580.21
ORD0003408,P000012,5,770.03,3850.1499999999996
ORD0003408,P000001,3,571.03,1713.09
ORD0003409,P000057,1,124.11,124.11
ORD0003409,P000039,4,929.35,3717.4
ORD0003410,P000088,5,730.81,3654.0499999999997
ORD0003410,P000023,2,670.32,1340.64
ORD0003410,P000013,1,877.54,877.54
ORD0003410,P000001,4,571.03,2284.12
ORD0003410,P000022,1,294.77,294.77
ORD0003411,P000052,1,148.67,148.67
ORD0003411,P000059,2,225.97,451.94
ORD0003411,P000053,2,53.27,106.54
ORD0003412,P000010,2,183.93,367.86
ORD0003412,P000009,5,462.25,2311.25
ORD0003412,P000081,2,834.21,1668.42
ORD0003412,P000032,5,837.84,4189.2
ORD0003413,P000025,3,985.57,2956.71
ORD0003414,P000023,5,670.32,3351.6000000000004
ORD0003414,P000084,1,205.66,205.66
ORD0003414,P000076,3,171.21,513.63
ORD0003414,P000028,5,132.06,660.3
ORD0003414,P000020,1,15.55,15.55
ORD0003415,P000056,5,195.56,977.8
ORD0003415,P000095,2,544.11,1088.22
ORD0003416,P000055,1,173.18,173.18
ORD0003416,P000067,2,296.04,592.08
ORD0003416,P000098,4,647.23,2588.92
ORD0003417,P000054,1,622.14,622.14
ORD0003417,P000075,3,438.9,1316.6999999999998
ORD0003417,P000002,2,665.5,1331.0
ORD0003418,P000027,3,945.04,2835.12
ORD0003418,P000086,4,949.25,3797.0
ORD0003418,P000002,3,665.5,1996.5
ORD0003419,P000057,4,124.11,496.44
ORD0003419,P000064,2,135.37,270.74
ORD0003420,P000065,2,392.5,785.0
ORD0003421,P000061,1,422.28,422.28
ORD0003421,P000041,4,730.28,2921.12
ORD0003421,P000057,3,124.11,372.33
ORD0003421,P000007,5,20.07,100.35
ORD0003421,P000039,3,929.35,2788.05
ORD0003422,P000040,1,852.32,852.32
ORD0003422,P000014,4,928.24,3712.96
ORD0003423,P000091,3,204.84,614.52
ORD0003423,P000071,1,59.2,59.2
ORD0003423,P000020,3,15.55,46.650000000000006
ORD0003423,P000056,4,195.56,782.24
ORD0003423,P000078,3,475.26,1425.78
ORD0003424,P000006,3,339.56,1018.6800000000001
ORD0003424,P000071,1,59.2,59.2
ORD0003424,P000041,3,730.28,2190.84
ORD0003425,P000085,4,591.78,2367.12
ORD0003425,P000067,2,296.04,592.08
ORD0003425,P000073,5,122.71,613.55
ORD0003425,P000008,3,237.9,713.7
ORD0003426,P000051,5,250.57,1252.85
ORD0003426,P000062,5,745.88,3729.4
ORD0003426,P000018,4,261.78,1047.12
ORD0003427,P000049,4,397.95,1591.8
ORD0003428,P000042,4,274.71,1098.84
ORD0003428,P000024,1,33.52,33.52
ORD0003428,P000041,3,730.28,2190.84
ORD0003428,P000096,3,118.09,354.27
ORD0003428,P000094,3,341.12,1023.36
ORD0003429,P000086,4,949.25,3797.0
ORD0003429,P000088,3,730.81,2192.43
ORD0003429,P000012,4,770.03,3080.12
ORD0003429,P000047,3,142.41,427.23
ORD0003430,P000062,3,745.88,2237.64
ORD0003430,P000096,5,118.09,590.45
ORD0003430,P000087,3,16.49,49.47
ORD0003430,P000061,4,422.28,1689.12
ORD0003430,P000083,4,854.01,3416.04
ORD0003431,P000047,2,142.41,284.82
ORD0003431,P000037,2,870.37,1740.74
ORD0003431,P000095,4,544.11,2176.44
ORD0003432,P000013,5,877.54,4387.7
ORD0003433,P000036,4,225.58,902.32
ORD0003433,P000060,3,606.3,1818.8999999999999
ORD0003433,P000052,5,148.67,743.3499999999999
ORD0003434,P000014,3,928.24,2784.7200000000003
ORD0003434,P000012,2,770.03,1540.06
ORD0003435,P000094,5,341.12,1705.6
ORD0003435,P000098,5,647.23,3236.15
ORD0003436,P000093,1,475.81,475.81
ORD0003436,P000053,4,53.27,213.08
ORD0003436,P000055,1,173.18,173.18
ORD0003437,P000037,4,870.37,3481.48
ORD0003437,P000027,3,945.04,2835.12
ORD0003437,P000037,3,870.37,2611.11
ORD0003438,P000070,4,692.24,2768.96
ORD0003439,P000048,2,294.63,589.26
ORD0003440,P000043,5,232.18,1160.9
ORD0003440,P000067,2,296.04,592.08
ORD0003440,P000012,4,770.03,3080.12
ORD0003441,P000020,4,15.55,62.2
ORD0003441,P000005,2,202.06,404.12
ORD0003442,P000073,1,122.71,122.71
ORD0003442,P000038,2,237.03,474.06
ORD0003443,P000028,2,132.06,264.12
ORD0003444,P000082,4,797.58,3190.32
ORD0003445,P000031,5,91.66,458.29999999999995
ORD0003446,P000097,1,812.5,812.5
ORD0003446,P000067,3,296.04,888.1200000000001
ORD0003446,P000053,4,53.27,213.08
ORD0003446,P000016,4,108.84,435.36
ORD0003446,P000083,4,854.01,3416.04
ORD0003447,P000008,3,237.9,713.7
ORD0003447,P000038,4,237.03,948.12
ORD0003447,P000004,1,709.94,709.94
ORD0003448,P000026,2,78.71,157.42
ORD0003448,P000006,4,339.56,1358.24
ORD0003448,P000025,4,985.57,3942.28
ORD0003449,P000074,2,915.8,1831.6
ORD0003449,P000081,4,834.21,3336.84
ORD0003450,P000055,2,173.18,346.36
ORD0003450,P000053,2,53.27,106.54
ORD0003451,P000087,2,16.49,32.98
ORD0003451,P000012,2,770.03,1540.06
ORD0003451,P000058,1,473.76,473.76
ORD0003451,P000018,1,261.78,261.78
ORD0003452,P000053,5,53.27,266.35
ORD0003452,P000031,3,91.66,274.98
ORD0003452,P000071,1,59.2,59.2
ORD0003453,P000015,1,803.01,803.01
ORD0003453,P000073,3,122.71,368.13
ORD0003453,P000075,5,438.9,2194.5
ORD0003453,P000012,5,770.03,3850.1499999999996
ORD0003453,P000002,5,665.5,3327.5
ORD0003454,P000036,3,225.58,676.74
ORD0003454,P000059,1,225.97,225.97
ORD0003454,P000045,1,711.71,711.71
ORD0003455,P000044,3,446.54,1339.6200000000001
ORD0003455,P000074,4,915.8,3663.2
ORD0003455,P000026,2,78.71,157.42
ORD0003455,P000092,1,162.46,162.46
ORD0003456,P000023,3,670.32,2010.96
ORD0003456,P000084,4,205.66,822.64
ORD0003456,P000096,2,118.09,236.18
ORD0003456,P000019,2,941.21,1882.42
ORD0003457,P000049,3,397.95,1193.85
ORD0003457,P000092,3,162.46,487.38
ORD0003457,P000056,2,195.56,391.12
ORD0003457,P000061,4,422.28,1689.12
ORD0003457,P000090,5,890.09,4450.45
ORD0003458,P000002,2,665.5,1331.0
ORD0003459,P000022,4,294.77,1179.08
ORD0003459,P000003,3,924.38,2773.14
ORD0003460,P000033,2,644.39,1288.78
ORD0003460,P000099,2,579.66,1159.32
ORD0003460,P000066,4,382.36,1529.44
ORD0003461,P000067,2,296.04,592.08
ORD0003461,P000025,5,985.57,4927.85
ORD0003461,P000057,1,124.11,124.11
ORD0003461,P000002,4,665.5,2662.0
ORD0003462,P000091,2,204.84,409.68
ORD0003462,P000033,5,644.39,3221.95
ORD0003462,P000038,4,237.03,948.12
ORD0003462,P000063,3,73.02,219.06
ORD0003463,P000044,5,446.54,2232.7000000000003
ORD0003463,P000033,4,644.39,2577.56
ORD0003463,P000092,1,162.46,162.46
ORD0003463,P000092,3,162.46,487.38
ORD0003463,P000086,4,949.25,3797.0
ORD0003464,P000054,5,622.14,3110.7
ORD0003464,P000019,2,941.21,1882.42
ORD0003464,P000061,5,422.28,2111.3999999999996
ORD0003464,P000054,1,622.14,622.14
ORD0003464,P000068,2,453.04,906.08
ORD0003465,P000070,2,692.24,1384.48
ORD0003465,P000041,4,730.28,2921.12
ORD0003465,P000065,4,392.5,1570.0
ORD0003466,P000082,2,797.58,1595.16
ORD0003466,P000048,1,294.63,294.63
ORD0003467,P000033,3,644.39,1933.17
ORD0003467,P000064,1,135.37,135.37
ORD0003467,P000071,4,59.2,236.8
ORD0003467,P000046,3,580.21,1740.63
ORD0003467,P000026,1,78.71,78.71
ORD0003468,P000063,4,73.02,292.08
ORD0003469,P000056,1,195.56,195.56
ORD0003469,P000069,4,822.37,3289.48
ORD0003469,P000083,1,854.01,854.01
ORD0003469,P000099,5,579.66,2898.2999999999997
ORD0003470,P000021,2,482.67,965.34
ORD0003470,P000013,1,877.54,877.54
ORD0003470,P000099,5,579.66,2898.2999999999997
ORD0003470,P000058,1,473.76,473.76
ORD0003470,P000084,1,205.66,205.66
ORD0003471,P000069,4,822.37,3289.48
ORD0003472,P000047,4,142.41,569.64
ORD0003472,P000006,4,339.56,1358.24
ORD0003472,P000002,3,665.5,1996.5
ORD0003472,P000082,2,797.58,1595.16
ORD0003472,P000004,5,709.94,3549.7000000000003
ORD0003473,P000024,1,33.52,33.52
ORD0003473,P000086,3,949.25,2847.75
ORD0003474,P000040,2,852.32,1704.64
ORD0003474,P000087,1,16.49,16.49
ORD0003474,P000075,1,438.9,438.9
ORD0003475,P000077,5,909.58,4547.900000000001
ORD0003475,P000067,3,296.04,888.1200000000001
ORD0003476,P000079,2,565.57,1131.14
ORD0003476,P000091,2,204.84,409.68
ORD0003477,P000094,3,341.12,1023.36
ORD0003477,P000044,1,446.54,446.54
ORD0003477,P000063,4,73.02,292.08
ORD0003477,P000059,3,225.97,677.91
ORD0003477,P000069,2,822.37,1644.74
ORD0003478,P000014,3,928.24,2784.7200000000003
ORD0003478,P000069,5,822.37,4111.85
ORD0003479,P000094,3,341.12,1023.36
ORD0003480,P000017,4,525.47,2101.88
ORD0003480,P000074,3,915.8,2747.3999999999996
ORD0003480,P000014,1,928.24,928.24
ORD0003480,P000092,5,162.46,812.3000000000001
ORD0003481,P000069,2,822.37,1644.74
ORD0003481,P000040,4,852.32,3409.28
ORD0003481,P000071,4,59.2,236.8
ORD0003481,P000007,3,20.07,60.21
ORD0003481,P000003,5,924.38,4621.9
ORD0003482,P000007,5,20.07,100.35
ORD0003482,P000091,3,204.84,614.52
ORD0003482,P000062,1,745.88,745.88
ORD0003482,P000064,2,135.37,270.74
ORD0003482,P000018,3,261.78,785.3399999999999
ORD0003483,P000020,4,15.55,62.2
ORD0003483,P000093,2,475.81,951.62
ORD0003483,P000056,4,195.56,782.24
ORD0003483,P000049,4,397.95,1591.8
ORD0003484,P000005,4,202.06,808.24
ORD0003484,P000082,3,797.58,2392.7400000000002
ORD0003485,P000086,5,949.25,4746.25
ORD0003485,P000021,2,482.67,965.34
ORD0003485,P000050,4,149.61,598.44
ORD0003485,P000041,4,730.28,2921.12
ORD0003486,P000091,3,204.84,614.52
ORD0003486,P000045,4,711.71,2846.84
ORD0003486,P000054,2,622.14,1244.28
ORD0003486,P000045,2,711.71,1423.42
ORD0003487,P000034,3,927.37,2782.11
ORD0003487,P000043,4,232.18,928.72
ORD0003487,P000001,2,571.03,1142.06
ORD0003487,P000084,3,205.66,616.98
ORD0003487,P000019,2,941.21,1882.42
ORD0003488,P000056,1,195.56,195.56
ORD0003489,P000001,4,571.03,2284.12
ORD0003489,P000039,2,929.35,1858.7
ORD0003489,P000080,3,425.06,1275.18
ORD0003489,P000034,2,927.37,1854.74
ORD0003489,P000024,2,33.52,67.04
ORD0003490,P000088,2,730.81,1461.62
ORD0003490,P000088,3,730.81,2192.43
ORD0003490,P000038,4,237.03,948.12
ORD0003491,P000042,2,274.71,549.42
ORD0003492,P000092,4,162.46,649.84
ORD0003492,P000027,5,945.04,4725.2
ORD0003492,P000002,2,665.5,1331.0
ORD0003492,P000048,1,294.63,294.63
ORD0003493,P000091,3,204.84,614.52
ORD0003493,P000028,3,132.06,396.18
ORD0003493,P000060,3,606.3,1818.8999999999999
ORD0003494,P000061,1,422.28,422.28
ORD0003495,P000049,2,397.95,795.9
ORD0003495,P000008,4,237.9,951.6
ORD0003495,P000072,2,841.35,1682.7
ORD0003496,P000010,2,183.93,367.86
ORD0003496,P000070,5,692.24,3461.2
ORD0003497,P000085,2,591.78,1183.56
ORD0003497,P000001,1,571.03,571.03
ORD0003497,P000034,4,927.37,3709.48
ORD0003497,P000020,1,15.55,15.55
ORD0003497,P000011,2,600.73,1201.46
ORD0003498,P000015,2,803.01,1606.02
ORD0003498,P000091,2,204.84,409.68
ORD0003499,P000076,2,171.21,342.42
ORD0003499,P000079,3,565.57,1696.71
ORD0003499,P000077,1,909.58,909.58
ORD0003499,P000021,4,482.67,1930.68
ORD0003499,P000070,5,692.24,3461.2
ORD0003500,P000091,1,204.84,204.84
ORD0003500,P000066,2,382.36,764.72
ORD0003500,P000095,5,544.11,2720.55
ORD0003500,P000086,1,949.25,949.25
ORD0003501,P000014,5,928.24,4641.2
ORD0003501,P000013,5,877.54,4387.7
ORD0003501,P000072,1,841.35,841.35
ORD0003501,P000074,5,915.8,4579.0
ORD0003502,P000041,4,730.28,2921.12
ORD0003502,P000037,3,870.37,2611.11
ORD0003503,P000096,1,118.09,118.09
ORD0003503,P000071,3,59.2,177.60000000000002
ORD0003503,P000090,3,890.09,2670.27
ORD0003504,P000015,5,803.01,4015.05
ORD0003504,P000068,2,453.04,906.08
ORD0003504,P000064,5,135.37,676.85
ORD0003505,P000047,2,142.41,284.82
ORD0003505,P000033,2,644.39,1288.78
ORD0003505,P000008,3,237.9,713.7
ORD0003505,P000093,4,475.81,1903.24
ORD0003505,P000071,4,59.2,236.8
ORD0003506,P000027,4,945.04,3780.16
ORD0003506,P000014,2,928.24,1856.48
ORD0003506,P000073,1,122.71,122.71
ORD0003507,P000079,5,565.57,2827.8500000000004
ORD0003507,P000033,1,644.39,644.39
ORD0003507,P000035,4,248.76,995.04
ORD0003507,P000017,4,525.47,2101.88
ORD0003507,P000081,5,834.21,4171.05
ORD0003508,P000039,3,929.35,2788.05
ORD0003509,P000062,3,745.88,2237.64
ORD0003509,P000010,1,183.93,183.93
ORD0003509,P000030,2,991.47,1982.94
ORD0003510,P000004,3,709.94,2129.82
ORD0003510,P000045,1,711.71,711.71
ORD0003510,P000051,2,250.57,501.14
ORD0003510,P000011,5,600.73,3003.65
ORD0003511,P000074,1,915.8,915.8
ORD0003511,P000058,5,473.76,2368.8
ORD0003511,P000063,4,73.02,292.08
ORD0003511,P000003,1,924.38,924.38
ORD0003512,P000048,2,294.63,589.26
ORD0003512,P000016,1,108.84,108.84
ORD0003512,P000097,5,812.5,4062.5
ORD0003512,P000081,3,834.21,2502.63
ORD0003513,P000058,1,473.76,473.76
ORD0003513,P000025,5,985.57,4927.85
ORD0003513,P000001,1,571.03,571.03
ORD0003513,P000071,5,59.2,296.0
ORD0003514,P000048,3,294.63,883.89
ORD0003514,P000035,4,248.76,995.04
ORD0003515,P000001,5,571.03,2855.1499999999996
ORD0003515,P000099,2,579.66,1159.32
ORD0003515,P000076,3,171.21,513.63
ORD0003515,P000041,5,730.28,3651.3999999999996
ORD0003516,P000048,4,294.63,1178.52
ORD0003516,P000055,4,173.18,692.72
ORD0003516,P000046,4,580.21,2320.84
ORD0003517,P000063,2,73.02,146.04
ORD0003517,P000090,4,890.09,3560.36
ORD0003518,P000023,1,670.32,670.32
ORD0003518,P000043,3,232.18,696.54
ORD0003519,P000013,2,877.54,1755.08
ORD0003519,P000045,5,711.71,3558.55
ORD0003520,P000038,3,237.03,711.09
ORD0003520,P000030,5,991.47,4957.35
ORD0003521,P000064,1,135.37,135.37
ORD0003521,P000048,4,294.63,1178.52
ORD0003521,P000037,1,870.37,870.37
ORD0003522,P000098,3,647.23,1941.69
ORD0003522,P000006,1,339.56,339.56
ORD0003523,P000022,3,294.77,884.31
ORD0003523,P000042,1,274.71,274.71
ORD0003524,P000034,4,927.37,3709.48
ORD0003524,P000039,5,929.35,4646.75
ORD0003524,P000022,4,294.77,1179.08
ORD0003525,P000041,3,730.28,2190.84
ORD0003525,P000075,2,438.9,877.8
ORD0003526,P000013,5,877.54,4387.7
ORD0003526,P000076,2,171.21,342.42
ORD0003527,P000094,1,341.12,341.12
ORD0003527,P000050,4,149.61,598.44
ORD0003527,P000035,1,248.76,248.76
ORD0003527,P000076,5,171.21,856.0500000000001
ORD0003527,P000020,5,15.55,77.75
ORD0003528,P000087,1,16.49,16.49
ORD0003528,P000044,4,446.54,1786.16
ORD0003528,P000072,2,841.35,1682.7
ORD0003528,P000024,5,33.52,167.60000000000002
ORD0003529,P000011,1,600.73,600.73
ORD0003530,P000088,5,730.81,3654.0499999999997
ORD0003530,P000026,1,78.71,78.71
ORD0003530,P000005,4,202.06,808.24
ORD0003530,P000025,5,985.57,4927.85
ORD0003530,P000069,1,822.37,822.37
ORD0003531,P000043,1,232.18,232.18
ORD0003531,P000030,2,991.47,1982.94
ORD0003531,P000043,5,232.18,1160.9
ORD0003531,P000002,5,665.5,3327.5
ORD0003532,P000024,4,33.52,134.08
ORD0003533,P000079,4,565.57,2262.28
ORD0003533,P000020,4,15.55,62.2
ORD0003533,P000050,4,149.61,598.44
ORD0003534,P000036,1,225.58,225.58
ORD0003534,P000059,5,225.97,1129.85
ORD0003535,P000042,4,274.71,1098.84
ORD0003535,P000069,4,822.37,3289.48
ORD0003536,P000035,2,248.76,497.52
ORD0003537,P000077,3,909.58,2728.7400000000002
ORD0003538,P000072,3,841.35,2524.05
ORD0003538,P000064,3,135.37,406.11
ORD0003538,P000046,3,580.21,1740.63
ORD0003538,P000044,2,446.54,893.08
ORD0003539,P000088,3,730.81,2192.43
ORD0003539,P000077,3,909.58,2728.7400000000002
ORD0003539,P000027,1,945.04,945.04
ORD0003539,P000087,3,16.49,49.47
ORD0003540,P000092,2,162.46,324.92
ORD0003540,P000068,5,453.04,2265.2000000000003
ORD0003540,P000084,3,205.66,616.98
ORD0003540,P000096,2,118.09,236.18
ORD0003540,P000069,2,822.37,1644.74
ORD0003541,P000074,3,915.8,2747.3999999999996
ORD0003541,P000038,1,237.03,237.03
ORD0003541,P000074,5,915.8,4579.0
ORD0003541,P000061,2,422.28,844.56
ORD0003542,P000095,2,544.11,1088.22
ORD0003542,P000005,3,202.06,606.1800000000001
ORD0003542,P000100,3,776.96,2330.88
ORD0003543,P000022,3,294.77,884.31
ORD0003543,P000100,3,776.96,2330.88
ORD0003543,P000010,3,183.93,551.79
ORD0003543,P000083,3,854.01,2562.0299999999997
ORD0003543,P000092,4,162.46,649.84
ORD0003544,P000041,5,730.28,3651.3999999999996
ORD0003544,P000008,2,237.9,475.8
ORD0003544,P000075,3,438.9,1316.6999999999998
ORD0003544,P000045,2,711.71,1423.42
ORD0003545,P000082,5,797.58,3987.9
ORD0003545,P000023,2,670.32,1340.64
ORD0003545,P000033,2,644.39,1288.78
ORD0003545,P000054,2,622.14,1244.28
ORD0003546,P000062,5,745.88,3729.4
ORD0003546,P000047,3,142.41,427.23
ORD0003546,P000048,1,294.63,294.63
ORD0003547,P000067,2,296.04,592.08
ORD0003548,P000028,2,132.06,264.12
ORD0003548,P000054,1,622.14,622.14
ORD0003548,P000098,3,647.23,1941.69
ORD0003548,P000069,5,822.37,4111.85
ORD0003549,P000090,4,890.09,3560.36
ORD0003549,P000034,2,927.37,1854.74
ORD0003550,P000039,3,929.35,2788.05
ORD0003550,P000085,5,591.78,2958.8999999999996
ORD0003551,P000063,4,73.02,292.08
ORD0003551,P000072,2,841.35,1682.7
ORD0003551,P000052,5,148.67,743.3499999999999
ORD0003551,P000087,3,16.49,49.47
ORD0003551,P000060,1,606.3,606.3
ORD0003552,P000052,2,148.67,297.34
ORD0003552,P000058,2,473.76,947.52
ORD0003552,P000087,1,16.49,16.49
ORD0003552,P000046,4,580.21,2320.84
ORD0003552,P000075,2,438.9,877.8
ORD0003553,P000062,2,745.88,1491.76
ORD0003553,P000078,2,475.26,950.52
ORD0003553,P000086,2,949.25,1898.5
ORD0003553,P000026,4,78.71,314.84
ORD0003553,P000052,2,148.67,297.34
ORD0003554,P000065,3,392.5,1177.5
ORD0003554,P000074,1,915.8,915.8
ORD0003554,P000090,3,890.09,2670.27
ORD0003554,P000068,4,453.04,1812.16
ORD0003555,P000094,1,341.12,341.12
ORD0003555,P000098,5,647.23,3236.15
ORD0003555,P000054,1,622.14,622.14
ORD0003556,P000083,1,854.01,854.01
ORD0003556,P000016,5,108.84,544.2
ORD0003556,P000084,4,205.66,822.64
ORD0003556,P000017,5,525.47,2627.3500000000004
ORD0003556,P000004,3,709.94,2129.82
ORD0003557,P000012,2,770.03,1540.06
ORD0003558,P000069,2,822.37,1644.74
ORD0003558,P000056,4,195.56,782.24
ORD0003559,P000068,4,453.04,1812.16
ORD0003560,P000086,2,949.25,1898.5
ORD0003560,P000058,4,473.76,1895.04
ORD0003560,P000015,3,803.01,2409.0299999999997
ORD0003560,P000030,1,991.47,991.47
ORD0003560,P000084,1,205.66,205.66
ORD0003561,P000007,2,20.07,40.14
ORD0003561,P000013,1,877.54,877.54
ORD0003561,P000001,4,571.03,2284.12
ORD0003561,P000025,4,985.57,3942.28
ORD0003562,P000001,4,571.03,2284.12
ORD0003563,P000066,3,382.36,1147.08
ORD0003563,P000034,4,927.37,3709.48
ORD0003563,P000030,3,991.47,2974.41
ORD0003563,P000073,1,122.71,122.71
ORD0003563,P000039,5,929.35,4646.75
ORD0003564,P000023,5,670.32,3351.6000000000004
ORD0003564,P000025,5,985.57,4927.85
ORD0003564,P000036,3,225.58,676.74
ORD0003564,P000070,3,692.24,2076.7200000000003
ORD0003565,P000019,1,941.21,941.21
ORD0003565,P000025,3,985.57,2956.71
ORD0003565,P000027,1,945.04,945.04
ORD0003565,P000099,1,579.66,579.66
ORD0003565,P000008,4,237.9,951.6
ORD0003566,P000008,1,237.9,237.9
ORD0003566,P000026,5,78.71,393.54999999999995
ORD0003566,P000042,5,274.71,1373.55
ORD0003566,P000033,3,644.39,1933.17
ORD0003567,P000089,2,385.38,770.76
ORD0003568,P000029,1,96.26,96.26
ORD0003569,P000071,2,59.2,118.4
ORD0003569,P000057,1,124.11,124.11
ORD0003569,P000079,2,565.57,1131.14
ORD0003569,P000021,3,482.67,1448.01
ORD0003569,P000081,4,834.21,3336.84
ORD0003570,P000029,2,96.26,192.52
ORD0003570,P000015,2,803.01,1606.02
ORD0003570,P000032,1,837.84,837.84
ORD0003570,P000050,4,149.61,598.44
ORD0003570,P000057,3,124.11,372.33
ORD0003571,P000031,3,91.66,274.98
ORD0003571,P000070,2,692.24,1384.48
ORD0003572,P000024,2,33.52,67.04
ORD0003572,P000085,2,591.78,1183.56
ORD0003573,P000043,5,232.18,1160.9
ORD0003573,P000046,2,580.21,1160.42
ORD0003573,P000094,1,341.12,341.12
ORD0003573,P000081,3,834.21,2502.63
ORD0003574,P000059,3,225.97,677.91
ORD0003574,P000026,3,78.71,236.13
ORD0003574,P000009,4,462.25,1849.0
ORD0003574,P000007,1,20.07,20.07
ORD0003574,P000070,1,692.24,692.24
ORD0003575,P000075,5,438.9,2194.5
ORD0003576,P000008,4,237.9,951.6
ORD0003576,P000002,3,665.5,1996.5
ORD0003576,P000088,5,730.81,3654.0499999999997
ORD0003577,P000070,1,692.24,692.24
ORD0003578,P000044,1,446.54,446.54
ORD0003578,P000097,3,812.5,2437.5
ORD0003578,P000057,4,124.11,496.44
ORD0003578,P000050,5,149.61,748.0500000000001
ORD0003578,P000085,5,591.78,2958.8999999999996
ORD0003579,P000092,5,162.46,812.3000000000001
ORD0003579,P000065,5,392.5,1962.5
ORD0003580,P000086,2,949.25,1898.5
ORD0003580,P000050,2,149.61,299.22
ORD0003580,P000001,4,571.03,2284.12
ORD0003580,P000045,4,711.71,2846.84
ORD0003580,P000099,2,579.66,1159.32
ORD0003581,P000086,5,949.25,4746.25
ORD0003581,P000064,5,135.37,676.85
ORD0003581,P000088,5,730.81,3654.0499999999997
ORD0003581,P000087,3,16.49,49.47
ORD0003581,P000044,3,446.54,1339.6200000000001
ORD0003582,P000047,2,142.41,284.82
ORD0003582,P000025,3,985.57,2956.71
ORD0003583,P000048,3,294.63,883.89
ORD0003583,P000021,3,482.67,1448.01
ORD0003584,P000079,2,565.57,1131.14
ORD0003584,P000007,5,20.07,100.35
ORD0003584,P000006,1,339.56,339.56
ORD0003584,P000038,1,237.03,237.03
ORD0003584,P000096,1,118.09,118.09
ORD0003585,P000056,5,195.56,977.8
ORD0003585,P000065,3,392.5,1177.5
ORD0003585,P000059,5,225.97,1129.85
ORD0003586,P000055,3,173.18,519.54
ORD0003586,P000069,3,822.37,2467.11
ORD0003586,P000058,1,473.76,473.76
ORD0003586,P000010,5,183.93,919.6500000000001
ORD0003586,P000056,5,195.56,977.8
ORD0003587,P000057,3,124.11,372.33
ORD0003588,P000028,2,132.06,264.12
ORD0003588,P000008,4,237.9,951.6
ORD0003588,P000034,5,927.37,4636.85
ORD0003589,P000022,5,294.77,1473.85
ORD0003589,P000046,3,580.21,1740.63
ORD0003589,P000062,4,745.88,2983.52
ORD0003589,P000096,2,118.09,236.18
ORD0003589,P000016,4,108.84,435.36
ORD0003590,P000073,3,122.71,368.13
ORD0003591,P000061,5,422.28,2111.3999999999996
ORD0003591,P000095,4,544.11,2176.44
ORD0003591,P000074,4,915.8,3663.2
ORD0003591,P000099,2,579.66,1159.32
ORD0003591,P000078,5,475.26,2376.3
ORD0003592,P000069,3,822.37,2467.11
ORD0003592,P000039,4,929.35,3717.4
ORD0003592,P000099,2,579.66,1159.32
ORD0003593,P000053,2,53.27,106.54
ORD0003593,P000061,1,422.28,422.28
ORD0003593,P000071,1,59.2,59.2
ORD0003594,P000021,5,482.67,2413.35
ORD0003594,P000051,3,250.57,751.71
ORD0003594,P000066,2,382.36,764.72
ORD0003594,P000046,2,580.21,1160.42
ORD0003595,P000097,5,812.5,4062.5
ORD0003595,P000006,3,339.56,1018.6800000000001
ORD0003596,P000048,2,294.63,589.26
ORD0003596,P000040,1,852.32,852.32
ORD0003596,P000100,1,776.96,776.96
ORD0003597,P000061,5,422.28,2111.3999999999996
ORD0003597,P000082,3,797.58,2392.7400000000002
ORD0003597,P000060,4,606.3,2425.2
ORD0003598,P000072,4,841.35,3365.4
ORD0003598,P000047,1,142.41,142.41
ORD0003598,P000089,3,385.38,1156.1399999999999
ORD0003599,P000009,4,462.25,1849.0
ORD0003600,P000072,1,841.35,841.35
ORD0003600,P000048,5,294.63,1473.15
ORD0003600,P000066,1,382.36,382.36
ORD0003600,P000018,3,261.78,785.3399999999999
ORD0003600,P000094,2,341.12,682.24
ORD0003601,P000064,2,135.37,270.74
ORD0003601,P000029,5,96.26,481.3
ORD0003601,P000064,3,135.37,406.11
ORD0003601,P000085,3,591.78,1775.34
ORD0003602,P000011,5,600.73,3003.65
ORD0003603,P000046,3,580.21,1740.63
ORD0003603,P000044,4,446.54,1786.16
ORD0003603,P000074,5,915.8,4579.0
ORD0003603,P000022,1,294.77,294.77
ORD0003604,P000084,5,205.66,1028.3
ORD0003605,P000080,5,425.06,2125.3
ORD0003605,P000042,4,274.71,1098.84
ORD0003605,P000062,5,745.88,3729.4
ORD0003605,P000054,5,622.14,3110.7
ORD0003606,P000096,5,118.09,590.45
ORD0003606,P000080,2,425.06,850.12
ORD0003606,P000099,1,579.66,579.66
ORD0003606,P000009,2,462.25,924.5
ORD0003607,P000069,5,822.37,4111.85
ORD0003607,P000024,4,33.52,134.08
ORD0003607,P000056,3,195.56,586.6800000000001
ORD0003608,P000077,5,909.58,4547.900000000001
ORD0003608,P000090,5,890.09,4450.45
ORD0003609,P000067,3,296.04,888.1200000000001
ORD0003609,P000093,5,475.81,2379.05
ORD0003609,P000019,5,941.21,4706.05
ORD0003609,P000050,5,149.61,748.0500000000001
ORD0003609,P000062,4,745.88,2983.52
ORD0003610,P000091,5,204.84,1024.2
ORD0003610,P000055,4,173.18,692.72
ORD0003611,P000032,2,837.84,1675.68
ORD0003612,P000018,5,261.78,1308.8999999999999
ORD0003612,P000055,1,173.18,173.18
ORD0003613,P000087,2,16.49,32.98
ORD0003614,P000086,5,949.25,4746.25
ORD0003614,P000013,3,877.54,2632.62
ORD0003615,P000041,4,730.28,2921.12
ORD0003616,P000060,1,606.3,606.3
ORD0003616,P000074,5,915.8,4579.0
ORD0003616,P000050,4,149.61,598.44
ORD0003617,P000038,3,237.03,711.09
ORD0003617,P000093,3,475.81,1427.43
ORD0003617,P000047,4,142.41,569.64
ORD0003618,P000016,5,108.84,544.2
ORD0003618,P000034,1,927.37,927.37
ORD0003618,P000008,2,237.9,475.8
ORD0003618,P000095,5,544.11,2720.55
ORD0003619,P000082,3,797.58,2392.7400000000002
ORD0003619,P000025,2,985.57,1971.14
ORD0003620,P000047,2,142.41,284.82
ORD0003620,P000098,1,647.23,647.23
ORD0003621,P000093,3,475.81,1427.43
ORD0003622,P000071,1,59.2,59.2
ORD0003622,P000080,1,425.06,425.06
ORD0003623,P000070,2,692.24,1384.48
ORD0003623,P000064,4,135.37,541.48
ORD0003623,P000040,2,852.32,1704.64
ORD0003623,P000065,1,392.5,392.5
ORD0003623,P000029,2,96.26,192.52
ORD0003624,P000080,5,425.06,2125.3
ORD0003625,P000008,4,237.9,951.6
ORD0003626,P000074,2,915.8,1831.6
ORD0003626,P000093,5,475.81,2379.05
ORD0003627,P000028,2,132.06,264.12
ORD0003627,P000078,2,475.26,950.52
ORD0003628,P000075,1,438.9,438.9
ORD0003628,P000041,1,730.28,730.28
ORD0003628,P000038,3,237.03,711.09
ORD0003628,P000026,2,78.71,157.42
ORD0003629,P000036,1,225.58,225.58
ORD0003629,P000040,2,852.32,1704.64
ORD0003629,P000091,2,204.84,409.68
ORD0003629,P000037,3,870.37,2611.11
ORD0003629,P000024,5,33.52,167.60000000000002
ORD0003630,P000002,2,665.5,1331.0
ORD0003630,P000031,4,91.66,366.64
ORD0003630,P000055,2,173.18,346.36
ORD0003630,P000090,4,890.09,3560.36
ORD0003631,P000095,2,544.11,1088.22
ORD0003631,P000096,5,118.09,590.45
ORD0003631,P000036,4,225.58,902.32
ORD0003631,P000033,2,644.39,1288.78
ORD0003632,P000003,4,924.38,3697.52
ORD0003632,P000043,4,232.18,928.72
ORD0003632,P000062,1,745.88,745.88
ORD0003632,P000065,4,392.5,1570.0
ORD0003633,P000045,3,711.71,2135.13
ORD0003633,P000054,5,622.14,3110.7
ORD0003634,P000085,1,591.78,591.78
ORD0003635,P000060,5,606.3,3031.5
ORD0003635,P000063,5,73.02,365.09999999999997
ORD0003635,P000072,4,841.35,3365.4
ORD0003635,P000056,2,195.56,391.12
ORD0003635,P000015,1,803.01,803.01
ORD0003636,P000017,4,525.47,2101.88
ORD0003637,P000099,4,579.66,2318.64
ORD0003637,P000062,3,745.88,2237.64
ORD0003638,P000055,1,173.18,173.18
ORD0003638,P000039,5,929.35,4646.75
ORD0003638,P000052,1,148.67,148.67
ORD0003639,P000071,4,59.2,236.8
ORD0003639,P000038,3,237.03,711.09
ORD0003639,P000052,5,148.67,743.3499999999999
ORD0003640,P000018,4,261.78,1047.12
ORD0003641,P000026,1,78.71,78.71
ORD0003641,P000021,4,482.67,1930.68
ORD0003641,P000056,1,195.56,195.56
ORD0003641,P000042,5,274.71,1373.55
ORD0003641,P000087,3,16.49,49.47
ORD0003642,P000032,4,837.84,3351.36
ORD0003642,P000020,1,15.55,15.55
ORD0003643,P000012,2,770.03,1540.06
ORD0003643,P000037,2,870.37,1740.74
ORD0003643,P000087,3,16.49,49.47
ORD0003643,P000063,4,73.02,292.08
ORD0003643,P000088,4,730.81,2923.24
ORD0003644,P000072,1,841.35,841.35
ORD0003644,P000038,2,237.03,474.06
ORD0003645,P000095,1,544.11,544.11
ORD0003646,P000060,4,606.3,2425.2
ORD0003646,P000041,4,730.28,2921.12
ORD0003647,P000006,4,339.56,1358.24
ORD0003648,P000034,2,927.37,1854.74
ORD0003648,P000038,1,237.03,237.03
ORD0003648,P000100,4,776.96,3107.84
ORD0003649,P000019,1,941.21,941.21
ORD0003649,P000073,1,122.71,122.71
ORD0003649,P000077,4,909.58,3638.32
ORD0003649,P000002,2,665.5,1331.0
ORD0003650,P000073,5,122.71,613.55
ORD0003651,P000018,5,261.78,1308.8999999999999
ORD0003651,P000044,4,446.54,1786.16
ORD0003651,P000059,4,225.97,903.88
ORD0003651,P000047,3,142.41,427.23
ORD0003652,P000085,1,591.78,591.78
ORD0003652,P000012,3,770.03,2310.09
ORD0003652,P000098,2,647.23,1294.46
ORD0003653,P000070,3,692.24,2076.7200000000003
ORD0003653,P000049,4,397.95,1591.8
ORD0003654,P000072,5,841.35,4206.75
ORD0003654,P000068,3,453.04,1359.1200000000001
ORD0003654,P000035,4,248.76,995.04
ORD0003654,P000070,5,692.24,3461.2
ORD0003654,P000001,5,571.03,2855.1499999999996
ORD0003655,P000017,3,525.47,1576.41
ORD0003655,P000090,4,890.09,3560.36
ORD0003655,P000046,4,580.21,2320.84
ORD0003656,P000006,2,339.56,679.12
ORD0003657,P000004,4,709.94,2839.76
ORD0003657,P000074,4,915.8,3663.2
ORD0003657,P000022,3,294.77,884.31
ORD0003657,P000020,3,15.55,46.650000000000006
ORD0003658,P000030,1,991.47,991.47
ORD0003658,P000001,2,571.03,1142.06
ORD0003659,P000069,3,822.37,2467.11
ORD0003659,P000014,2,928.24,1856.48
ORD0003659,P000018,3,261.78,785.3399999999999
ORD0003659,P000018,1,261.78,261.78
ORD0003660,P000041,1,730.28,730.28
ORD0003660,P000073,5,122.71,613.55
ORD0003660,P000092,2,162.46,324.92
ORD0003661,P000014,1,928.24,928.24
ORD0003662,P000031,2,91.66,183.32
ORD0003663,P000024,4,33.52,134.08
ORD0003663,P000090,5,890.09,4450.45
ORD0003663,P000029,4,96.26,385.04
ORD0003663,P000055,5,173.18,865.9000000000001
ORD0003663,P000085,2,591.78,1183.56
ORD0003664,P000100,4,776.96,3107.84
ORD0003664,P000036,3,225.58,676.74
ORD0000001,P000045,5,711.71,3558.55
ORD0000001,P000091,1,204.84,204.84
ORD0000002,P000092,1,162.46,162.46
ORD0000002,P000002,5,665.5,3327.5
ORD0000002,P000059,4,225.97,903.88
ORD0000002,P000054,3,622.14,1866.42
ORD0000002,P000084,3,205.66,616.98
ORD0000003,P000044,1,446.54,446.54
ORD0000003,P000063,1,73.02,73.02
ORD0000003,P000009,4,462.25,1849.0
ORD0000003,P000025,3,985.57,2956.71
ORD0000003,P000086,1,949.25,949.25
ORD0000004,P000058,3,473.76,1421.28
ORD0000004,P000018,2,261.78,523.56
ORD0000005,P000055,5,173.18,865.9000000000001
ORD0000006,P000096,4,118.09,472.36
ORD0000006,P000023,5,670.32,3351.6000000000004
ORD0000006,P000017,3,525.47,1576.41
ORD0000006,P000067,5,296.04,1480.2
ORD0000007,P000026,4,78.71,314.84
ORD0000007,P000004,1,709.94,709.94
ORD0000007,P000058,3,473.76,1421.28
ORD0000007,P000005,3,202.06,606.1800000000001
ORD0000007,P000097,4,812.5,3250.0
ORD0000008,P000061,5,422.28,2111.3999999999996
ORD0000008,P000077,3,909.58,2728.7400000000002
ORD0000008,P000027,1,945.04,945.04
ORD0000008,P000054,1,622.14,622.14
ORD0000008,P000040,2,852.32,1704.64
ORD0000009,P000051,1,250.57,250.57
ORD0000009,P000088,1,730.81,730.81
ORD0000009,P000025,4,985.57,3942.28
ORD0000009,P000060,3,606.3,1818.8999999999999
ORD0000009,P000085,3,591.78,1775.34
ORD0000010,P000088,4,730.81,2923.24
ORD0000010,P000056,4,195.56,782.24
ORD0000010,P000081,5,834.21,4171.05
ORD0000010,P000094,5,341.12,1705.6
ORD0000010,P000006,5,339.56,1697.8
ORD0000011,P000049,5,397.95,1989.75
ORD0000011,P000025,1,985.57,985.57
ORD0000011,P000013,3,877.54,2632.62
ORD0000011,P000027,5,945.04,4725.2
ORD0000012,P000014,2,928.24,1856.48
ORD0000012,P000075,5,438.9,2194.5
ORD0000012,P000051,5,250.57,1252.85
ORD0000013,P000044,5,446.54,2232.7000000000003
ORD0000013,P000061,2,422.28,844.56
ORD0000013,P000062,3,745.88,2237.64
ORD0000013,P000088,1,730.81,730.81
ORD0000014,P000059,1,225.97,225.97
ORD0000014,P000047,4,142.41,569.64
ORD0000014,P000093,2,475.81,951.62
ORD0000015,P000082,4,797.58,3190.32
ORD0000015,P000095,3,544.11,1632.33
ORD0000015,P000089,5,385.38,1926.9
ORD0000015,P000045,2,711.71,1423.42
ORD0000015,P000080,3,425.06,1275.18
ORD0000016,P000047,3,142.41,427.23
ORD0000017,P000092,5,162.46,812.3000000000001
ORD0000017,P000021,5,482.67,2413.35
ORD0000017,P000099,2,579.66,1159.32
ORD0000018,P000089,3,385.38,1156.1399999999999
ORD0000018,P000054,4,622.14,2488.56
ORD0000018,P000040,1,852.32,852.32
ORD0000019,P000040,1,852.32,852.32
ORD0000019,P000039,5,929.35,4646.75
ORD0000019,P000040,1,852.32,852.32
ORD0000019,P000055,2,173.18,346.36
ORD0000019,P000004,4,709.94,2839.76
ORD0000020,P000095,4,544.11,2176.44
ORD0000020,P000002,4,665.5,2662.0
ORD0000020,P000077,3,909.58,2728.7400000000002
ORD0000020,P000091,5,204.84,1024.2
ORD0000021,P000058,5,473.76,2368.8
ORD0000021,P000080,5,425.06,2125.3
ORD0000021,P000081,3,834.21,2502.63
ORD0000022,P000001,1,571.03,571.03
ORD0000022,P000054,4,622.14,2488.56
ORD0000022,P000019,4,941.21,3764.84
ORD0000022,P000055,5,173.18,865.9000000000001
ORD0000022,P000026,5,78.71,393.54999999999995
ORD0000023,P000035,2,248.76,497.52
ORD0000023,P000029,4,96.26,385.04
ORD0000023,P000049,2,397.95,795.9
ORD0000024,P000048,3,294.63,883.89
ORD0000024,P000089,3,385.38,1156.1399999999999
ORD0000025,P000076,3,171.21,513.63
ORD0000025,P000005,1,202.06,202.06
ORD0000025,P000016,4,108.84,435.36
ORD0000026,P000027,3,945.04,2835.12
ORD0000026,P000011,4,600.73,2402.92
ORD0000026,P000065,4,392.5,1570.0
ORD0000026,P000045,4,711.71,2846.84
ORD0000027,P000052,3,148.67,446.01
ORD0000027,P000031,1,91.66,91.66
ORD0000027,P000065,5,392.5,1962.5
ORD0000028,P000021,5,482.67,2413.35
ORD0000028,P000048,4,294.63,1178.52
ORD0000029,P000041,4,730.28,2921.12
ORD0000029,P000088,5,730.81,3654.0499999999997
ORD0000029,P000028,5,132.06,660.3
ORD0000029,P000082,2,797.58,1595.16
ORD0000029,P000009,4,462.25,1849.0
ORD0000030,P000048,4,294.63,1178.52
ORD0000030,P000028,3,132.06,396.18
ORD0000031,P000046,3,580.21,1740.63
ORD0000032,P000062,2,745.88,1491.76
ORD0000032,P000073,5,122.71,613.55
ORD0000032,P000067,2,296.04,592.08
ORD0000032,P000083,4,854.01,3416.04
ORD0000032,P000051,4,250.57,1002.28
ORD0000033,P000059,2,225.97,451.94
ORD0000033,P000051,2,250.57,501.14
ORD0000033,P000007,4,20.07,80.28
ORD0000034,P000043,5,232.18,1160.9
ORD0000034,P000040,3,852.32,2556.96
ORD0000034,P000007,3,20.07,60.21
ORD0000034,P000083,4,854.01,3416.04
ORD0000035,P000033,4,644.39,2577.56
ORD0000035,P000017,5,525.47,2627.3500000000004
ORD0000035,P000069,3,822.37,2467.11
ORD0000035,P000065,1,392.5,392.5
ORD0000035,P000007,5,20.07,100.35
ORD0000036,P000018,4,261.78,1047.12
ORD0000036,P000055,4,173.18,692.72
ORD0000036,P000018,2,261.78,523.56
ORD0000036,P000079,1,565.57,565.57
ORD0000037,P000082,5,797.58,3987.9
ORD0000037,P000012,3,770.03,2310.09
ORD0000037,P000017,3,525.47,1576.41
ORD0000037,P000093,4,475.81,1903.24
ORD0000037,P000079,1,565.57,565.57
ORD0000038,P000044,4,446.54,1786.16
ORD0000039,P000030,1,991.47,991.47
ORD0000040,P000043,5,232.18,1160.9
ORD0000040,P000084,4,205.66,822.64
ORD0000040,P000096,2,118.09,236.18
ORD0000040,P000045,5,711.71,3558.55
ORD0000041,P000050,2,149.61,299.22
ORD0000041,P000096,2,118.09,236.18
ORD0000041,P000070,3,692.24,2076.7200000000003
ORD0000042,P000035,1,248.76,248.76
ORD0000042,P000093,5,475.81,2379.05
ORD0000043,P000062,1,745.88,745.88
ORD0000043,P000079,4,565.57,2262.28
ORD0000043,P000019,1,941.21,941.21
ORD0000043,P000081,3,834.21,2502.63
ORD0000043,P000027,4,945.04,3780.16
ORD0000044,P000044,2,446.54,893.08
ORD0000044,P000068,3,453.04,1359.1200000000001
ORD0000045,P000069,4,822.37,3289.48
ORD0000045,P000096,5,118.09,590.45
ORD0000045,P000046,3,580.21,1740.63
ORD0000045,P000063,5,73.02,365.09999999999997
ORD0000046,P000058,2,473.76,947.52
ORD0000046,P000085,3,591.78,1775.34
ORD0000046,P000073,2,122.71,245.42
ORD0000046,P000058,2,473.76,947.52
ORD0000046,P000023,5,670.32,3351.6000000000004
ORD0000047,P000003,3,924.38,2773.14
ORD0000048,P000053,3,53.27,159.81
ORD0000048,P000057,3,124.11,372.33
ORD0000049,P000035,3,248.76,746.28
ORD0000049,P000082,3,797.58,2392.7400000000002
ORD0000049,P000021,4,482.67,1930.68
ORD0000050,P000031,3,91.66,274.98
ORD0000050,P000062,4,745.88,2983.52
ORD0000050,P000085,2,591.78,1183.56
ORD0000050,P000059,2,225.97,451.94
ORD0000050,P000057,3,124.11,372.33
ORD0000051,P000078,4,475.26,1901.04
ORD0000052,P000068,1,453.04,453.04
ORD0000052,P000030,5,991.47,4957.35
ORD0000053,P000085,5,591.78,2958.8999999999996
ORD0000054,P000030,4,991.47,3965.88
ORD0000054,P000067,1,296.04,296.04
ORD0000054,P000091,2,204.84,409.68
ORD0000054,P000042,1,274.71,274.71
ORD0000054,P000058,3,473.76,1421.28
ORD0000055,P000076,4,171.21,684.84
ORD0000055,P000066,2,382.36,764.72
ORD0000055,P000069,4,822.37,3289.48
ORD0000055,P000051,3,250.57,751.71
ORD0000056,P000011,3,600.73,1802.19
ORD0000056,P000018,2,261.78,523.56
ORD0000056,P000004,2,709.94,1419.88
ORD0000056,P000095,4,544.11,2176.44
ORD0000056,P000008,1,237.9,237.9
ORD0000057,P000092,2,162.46,324.92
ORD0000057,P000098,4,647.23,2588.92
ORD0000058,P000078,5,475.26,2376.3
ORD0000059,P000076,2,171.21,342.42
ORD0000059,P000057,4,124.11,496.44
ORD0000060,P000069,2,822.37,1644.74
ORD0000060,P000011,2,600.73,1201.46
ORD0000061,P000100,3,776.96,2330.88
ORD0000061,P000040,4,852.32,3409.28
ORD0000061,P000011,4,600.73,2402.92
ORD0000061,P000051,1,250.57,250.57
ORD0000062,P000007,3,20.07,60.21
ORD0000062,P000092,3,162.46,487.38
ORD0000063,P000031,2,91.66,183.32
ORD0000063,P000069,5,822.37,4111.85
ORD0000063,P000068,3,453.04,1359.1200000000001
ORD0000063,P000007,5,20.07,100.35
ORD0000064,P000013,5,877.54,4387.7
ORD0000064,P000064,3,135.37,406.11
ORD0000064,P000010,1,183.93,183.93
ORD0000064,P000093,1,475.81,475.81
ORD0000065,P000061,3,422.28,1266.84
ORD0000066,P000046,5,580.21,2901.05
ORD0000067,P000061,1,422.28,422.28
ORD0000067,P000031,4,91.66,366.64
ORD0000067,P000100,4,776.96,3107.84
ORD0000067,P000072,2,841.35,1682.7
ORD0000068,P000093,1,475.81,475.81
ORD0000068,P000050,2,149.61,299.22
ORD0000068,P000007,2,20.07,40.14
ORD0000069,P000067,3,296.04,888.1200000000001
ORD0000070,P000031,5,91.66,458.29999999999995
ORD0000070,P000100,2,776.96,1553.92
ORD0000070,P000032,2,837.84,1675.68
ORD0000070,P000088,2,730.81,1461.62
ORD0000071,P000086,2,949.25,1898.5
ORD0000071,P000036,1,225.58,225.58
ORD0000071,P000052,4,148.67,594.68
ORD0000071,P000070,1,692.24,692.24
ORD0000071,P000097,5,812.5,4062.5
ORD0000072,P000003,5,924.38,4621.9
ORD0000072,P000012,4,770.03,3080.12
ORD0000073,P000007,3,20.07,60.21
ORD0000074,P000064,4,135.37,541.48
ORD0000074,P000007,5,20.07,100.35
ORD0000074,P000092,4,162.46,649.84
ORD0000075,P000027,1,945.04,945.04
ORD0000075,P000059,3,225.97,677.91
ORD0000075,P000060,5,606.3,3031.5
ORD0000075,P000013,5,877.54,4387.7
ORD0000075,P000097,3,812.5,2437.5
ORD0000076,P000089,2,385.38,770.76
ORD0000076,P000042,5,274.71,1373.55
ORD0000077,P000017,3,525.47,1576.41
ORD0000077,P000030,5,991.47,4957.35
ORD0000078,P000045,5,711.71,3558.55
ORD0000078,P000056,3,195.56,586.6800000000001
ORD0000078,P000067,1,296.04,296.04
ORD0000078,P000008,2,237.9,475.8
ORD0000078,P000049,5,397.95,1989.75
ORD0000079,P000066,1,382.36,382.36
ORD0000079,P000044,4,446.54,1786.16
ORD0000079,P000014,2,928.24,1856.48
ORD0000079,P000011,3,600.73,1802.19
ORD0000079,P000007,3,20.07,60.21
ORD0000080,P000095,2,544.11,1088.22
ORD0000080,P000066,1,382.36,382.36
ORD0000080,P000013,4,877.54,3510.16
ORD0000080,P000073,3,122.71,368.13
ORD0000081,P000083,3,854.01,2562.0299999999997
ORD0000082,P000061,3,422.28,1266.84
ORD0000082,P000022,5,294.77,1473.85
ORD0000082,P000035,1,248.76,248.76
ORD0000082,P000086,4,949.25,3797.0
ORD0000082,P000010,2,183.93,367.86
ORD0000083,P000025,4,985.57,3942.28
ORD0000083,P000074,3,915.8,2747.3999999999996
ORD0000083,P000060,4,606.3,2425.2
ORD0000083,P000055,4,173.18,692.72
ORD0000084,P000045,2,711.71,1423.42
ORD0000084,P000075,1,438.9,438.9
ORD0000084,P000005,3,202.06,606.1800000000001
ORD0000085,P000022,5,294.77,1473.85
ORD0000085,P000099,2,579.66,1159.32
ORD0000086,P000015,5,803.01,4015.05
ORD0000086,P000039,5,929.35,4646.75
ORD0000087,P000061,4,422.28,1689.12
ORD0000087,P000071,1,59.2,59.2
ORD0000088,P000050,3,149.61,448.83000000000004
ORD0000088,P000010,3,183.93,551.79
ORD0000088,P000091,1,204.84,204.84
ORD0000088,P000091,1,204.84,204.84
ORD0000089,P000092,3,162.46,487.38
ORD0000089,P000073,3,122.71,368.13
ORD0000089,P000031,4,91.66,366.64
ORD0000089,P000021,3,482.67,1448.01
ORD0000089,P000043,5,232.18,1160.9
ORD0000090,P000082,3,797.58,2392.7400000000002
ORD0000090,P000053,3,53.27,159.81
ORD0000090,P000022,4,294.77,1179.08
ORD0000090,P000067,1,296.04,296.04
ORD0000091,P000074,2,915.8,1831.6
ORD0000092,P000080,3,425.06,1275.18
ORD0000092,P000048,2,294.63,589.26
ORD0000093,P000005,4,202.06,808.24
ORD0000093,P000046,4,580.21,2320.84
ORD0000093,P000079,4,565.57,2262.28
ORD0000093,P000030,2,991.47,1982.94
ORD0000093,P000070,5,692.24,3461.2
ORD0000094,P000027,1,945.04,945.04
ORD0000094,P000009,3,462.25,1386.75
ORD0000095,P000089,3,385.38,1156.1399999999999
ORD0000095,P000028,3,132.06,396.18
ORD0000096,P000046,3,580.21,1740.63
ORD0000096,P000009,2,462.25,924.5
ORD0000096,P000042,2,274.71,549.42
ORD0000096,P000087,4,16.49,65.96
ORD0000096,P000082,1,797.58,797.58
ORD0000097,P000085,1,591.78,591.78
ORD0000097,P000040,1,852.32,852.32
ORD0000098,P000072,5,841.35,4206.75
ORD0000099,P000006,3,339.56,1018.6800000000001
ORD0000099,P000025,3,985.57,2956.71
ORD0000099,P000036,4,225.58,902.32
ORD0000100,P000081,3,834.21,2502.63
ORD0000100,P000030,2,991.47,1982.94
ORD0000101,P000050,1,149.61,149.61
ORD0000102,P000017,2,525.47,1050.94
ORD0000103,P000062,5,745.88,3729.4
ORD0000103,P000041,4,730.28,2921.12
ORD0000103,P000053,3,53.27,159.81
ORD0000104,P000082,2,797.58,1595.16
ORD0000104,P000095,4,544.11,2176.44
ORD0000105,P000031,3,91.66,274.98
ORD0000105,P000010,2,183.93,367.86
ORD0000106,P000016,3,108.84,326.52
ORD0000106,P000059,4,225.97,903.88
ORD0000106,P000044,4,446.54,1786.16
ORD0000106,P000012,1,770.03,770.03
ORD0000106,P000059,1,225.97,225.97
ORD0000107,P000048,5,294.63,1473.15
ORD0000107,P000030,4,991.47,3965.88
ORD0000107,P000061,2,422.28,844.56
ORD0000108,P000051,3,250.57,751.71
ORD0000108,P000050,1,149.61,149.61
ORD0000109,P000086,1,949.25,949.25
ORD0000109,P000002,3,665.5,1996.5
ORD0000109,P000095,3,544.11,1632.33
ORD0000110,P000009,3,462.25,1386.75
ORD0000111,P000021,5,482.67,2413.35
ORD0000111,P000020,5,15.55,77.75
ORD0000111,P000089,4,385.38,1541.52
ORD0000112,P000097,3,812.5,2437.5
ORD0000112,P000079,1,565.57,565.57
ORD0000112,P000056,1,195.56,195.56
ORD0000112,P000023,5,670.32,3351.6000000000004
ORD0000113,P000062,3,745.88,2237.64
ORD0000113,P000013,2,877.54,1755.08
ORD0000114,P000074,1,915.8,915.8
ORD0000114,P000033,3,644.39,1933.17
ORD0000114,P000050,2,149.61,299.22
ORD0000115,P000087,2,16.49,32.98
ORD0000115,P000023,2,670.32,1340.64
ORD0000115,P000052,3,148.67,446.01
ORD0000115,P000090,1,890.09,890.09
ORD0000115,P000056,3,195.56,586.6800000000001
ORD0000116,P000083,2,854.01,1708.02
ORD0000116,P000047,3,142.41,427.23
ORD0000116,P000093,2,475.81,951.62
ORD0000116,P000096,2,118.09,236.18
ORD0000117,P000091,4,204.84,819.36
ORD0000117,P000044,4,446.54,1786.16
ORD0000117,P000087,5,16.49,82.44999999999999
ORD0000118,P000023,4,670.32,2681.28
ORD0000118,P000009,3,462.25,1386.75
ORD0000119,P000037,5,870.37,4351.85
ORD0000120,P000079,1,565.57,565.57
ORD0000120,P000086,5,949.25,4746.25
ORD0000120,P000009,1,462.25,462.25
ORD0000121,P000016,3,108.84,326.52
ORD0000121,P000095,5,544.11,2720.55
ORD0000121,P000031,3,91.66,274.98
ORD0000122,P000069,4,822.37,3289.48
ORD0000122,P000046,1,580.21,580.21
ORD0000122,P000061,3,422.28,1266.84
ORD0000122,P000082,3,797.58,2392.7400000000002
ORD0000122,P000089,2,385.38,770.76
ORD0000123,P000038,3,237.03,711.09
ORD0000123,P000051,4,250.57,1002.28
ORD0000123,P000004,5,709.94,3549.7000000000003
ORD0000124,P000060,4,606.3,2425.2
ORD0000124,P000080,4,425.06,1700.24
ORD0000124,P000063,4,73.02,292.08
ORD0000124,P000080,4,425.06,1700.24
ORD0000125,P000059,3,225.97,677.91
ORD0000125,P000079,2,565.57,1131.14
ORD0000125,P000079,1,565.57,565.57
ORD0000125,P000088,4,730.81,2923.24
ORD0000126,P000057,3,124.11,372.33
ORD0000126,P000088,3,730.81,2192.43
ORD0000126,P000044,5,446.54,2232.7000000000003
ORD0000126,P000007,5,20.07,100.35
ORD0000126,P000052,2,148.67,297.34
ORD0000127,P000060,1,606.3,606.3
ORD0000127,P000013,1,877.54,877.54
ORD0000127,P000065,4,392.5,1570.0
ORD0000127,P000080,2,425.06,850.12
ORD0000127,P000094,5,341.12,1705.6
ORD0000128,P000002,3,665.5,1996.5
ORD0000129,P000014,3,928.24,2784.7200000000003
ORD0000129,P000084,2,205.66,411.32
ORD0000130,P000054,5,622.14,3110.7
ORD0000130,P000058,5,473.76,2368.8
ORD0000130,P000011,4,600.73,2402.92
ORD0000131,P000068,5,453.04,2265.2000000000003
ORD0000132,P000004,4,709.94,2839.76
ORD0000132,P000028,3,132.06,396.18
ORD0000132,P000063,1,73.02,73.02
ORD0000132,P000014,4,928.24,3712.96
ORD0000133,P000086,1,949.25,949.25
ORD0000133,P000086,1,949.25,949.25
ORD0000134,P000014,3,928.24,2784.7200000000003
ORD0000134,P000029,4,96.26,385.04
ORD0000135,P000026,1,78.71,78.71
ORD0000135,P000009,2,462.25,924.5
ORD0000135,P000077,4,909.58,3638.32
ORD0000135,P000088,5,730.81,3654.0499999999997
ORD0000135,P000010,5,183.93,919.6500000000001
ORD0000136,P000020,4,15.55,62.2
ORD0000136,P000084,2,205.66,411.32
ORD0000136,P000079,3,565.57,1696.71
ORD0000137,P000021,4,482.67,1930.68
ORD0000138,P000005,1,202.06,202.06
ORD0000138,P000039,3,929.35,2788.05
ORD0000138,P000035,4,248.76,995.04
ORD0000138,P000032,5,837.84,4189.2
ORD0000138,P000063,4,73.02,292.08
ORD0000139,P000007,4,20.07,80.28
ORD0000139,P000098,1,647.23,647.23
ORD0000140,P000002,3,665.5,1996.5
ORD0000140,P000092,4,162.46,649.84
ORD0000140,P000069,5,822.37,4111.85
ORD0000141,P000068,2,453.04,906.08
ORD0000141,P000010,5,183.93,919.6500000000001
ORD0000141,P000010,1,183.93,183.93
ORD0000142,P000024,2,33.52,67.04
ORD0000142,P000033,1,644.39,644.39
ORD0000143,P000097,1,812.5,812.5
ORD0000143,P000077,4,909.58,3638.32
ORD0000143,P000030,2,991.47,1982.94
ORD0000143,P000076,2,171.21,342.42
ORD0000144,P000011,2,600.73,1201.46
ORD0000144,P000059,4,225.97,903.88
ORD0000144,P000067,4,296.04,1184.16
ORD0000144,P000043,1,232.18,232.18
ORD0000145,P000003,3,924.38,2773.14
ORD0000145,P000083,5,854.01,4270.05
ORD0000146,P000019,1,941.21,941.21
ORD0000146,P000049,3,397.95,1193.85
ORD0000146,P000042,4,274.71,1098.84
ORD0000146,P000028,5,132.06,660.3
ORD0000146,P000066,4,382.36,1529.44
ORD0000147,P000025,5,985.57,4927.85
ORD0000147,P000018,4,261.78,1047.12
ORD0000147,P000030,3,991.47,2974.41
ORD0000148,P000026,4,78.71,314.84
ORD0000148,P000057,5,124.11,620.55
ORD0000148,P000078,1,475.26,475.26
ORD0000148,P000075,5,438.9,2194.5
ORD0000149,P000012,2,770.03,1540.06
ORD0000149,P000083,3,854.01,2562.0299999999997
ORD0000149,P000100,4,776.96,3107.84
ORD0000150,P000037,4,870.37,3481.48
ORD0000150,P000081,1,834.21,834.21
ORD0000150,P000087,3,16.49,49.47
ORD0000150,P000090,4,890.09,3560.36
ORD0000151,P000053,1,53.27,53.27
ORD0000151,P000046,2,580.21,1160.42
ORD0000151,P000027,2,945.04,1890.08
ORD0000151,P000022,3,294.77,884.31
ORD0000151,P000020,1,15.55,15.55
ORD0000152,P000095,3,544.11,1632.33
ORD0000152,P000064,2,135.37,270.74
ORD0000153,P000029,1,96.26,96.26
ORD0000154,P000007,3,20.07,60.21
ORD0000154,P000071,2,59.2,118.4
ORD0000154,P000043,4,232.18,928.72
ORD0000154,P000036,3,225.58,676.74
ORD0000154,P000046,1,580.21,580.21
ORD0000155,P000065,1,392.5,392.5
ORD0000156,P000012,4,770.03,3080.12
ORD0000157,P000028,3,132.06,396.18
ORD0000157,P000067,5,296.04,1480.2
ORD0000157,P000096,3,118.09,354.27
ORD0000157,P000062,3,745.88,2237.64
ORD0000157,P000029,4,96.26,385.04
ORD0000158,P000082,2,797.58,1595.16
ORD0000158,P000050,5,149.61,748.0500000000001
ORD0000158,P000095,5,544.11,2720.55
ORD0000158,P000068,3,453.04,1359.1200000000001
ORD0000159,P000065,4,392.5,1570.0
ORD0000159,P000089,2,385.38,770.76
ORD0000159,P000017,3,525.47,1576.41
ORD0000160,P000017,2,525.47,1050.94
ORD0000160,P000015,1,803.01,803.01
ORD0000160,P000070,1,692.24,692.24
ORD0000160,P000061,5,422.28,2111.3999999999996
ORD0000160,P000046,3,580.21,1740.63
ORD0000161,P000001,5,571.03,2855.1499999999996
ORD0000161,P000009,5,462.25,2311.25
ORD0000161,P000073,3,122.71,368.13
ORD0000161,P000059,3,225.97,677.91
ORD0000162,P000044,2,446.54,893.08
ORD0000162,P000076,2,171.21,342.42
ORD0000162,P000025,3,985.57,2956.71
ORD0000162,P000012,3,770.03,2310.09
ORD0000163,P000065,4,392.5,1570.0
ORD0000164,P000011,5,600.73,3003.65
ORD0000164,P000012,1,770.03,770.03
ORD0000165,P000014,3,928.24,2784.7200000000003
ORD0000165,P000054,3,622.14,1866.42
ORD0000165,P000011,5,600.73,3003.65
ORD0000165,P000065,1,392.5,392.5
ORD0000165,P000028,2,132.06,264.12
ORD0000166,P000012,4,770.03,3080.12
ORD0000166,P000025,3,985.57,2956.71
ORD0000166,P000098,2,647.23,1294.46
ORD0000166,P000094,5,341.12,1705.6
ORD0000167,P000023,1,670.32,670.32
ORD0000167,P000042,3,274.71,824.1299999999999
ORD0000167,P000036,3,225.58,676.74
ORD0000167,P000084,1,205.66,205.66
ORD0000167,P000059,5,225.97,1129.85
ORD0000168,P000005,5,202.06,1010.3
ORD0000168,P000048,1,294.63,294.63
ORD0000168,P000023,1,670.32,670.32
ORD0000168,P000091,5,204.84,1024.2
ORD0000168,P000006,3,339.56,1018.6800000000001
ORD0000169,P000042,2,274.71,549.42
ORD0000169,P000031,5,91.66,458.29999999999995
ORD0000169,P000012,4,770.03,3080.12
ORD0000169,P000094,2,341.12,682.24
ORD0000170,P000081,1,834.21,834.21
ORD0000170,P000069,1,822.37,822.37
ORD0000170,P000099,4,579.66,2318.64
ORD0000170,P000020,2,15.55,31.1
ORD0000170,P000001,3,571.03,1713.09
ORD0000171,P000002,2,665.5,1331.0
ORD0000172,P000095,1,544.11,544.11
ORD0000173,P000007,3,20.07,60.21
ORD0000173,P000093,3,475.81,1427.43
ORD0000173,P000066,5,382.36,1911.8000000000002
ORD0000173,P000059,4,225.97,903.88
ORD0000174,P000081,2,834.21,1668.42
ORD0000175,P000061,1,422.28,422.28
ORD0000175,P000027,5,945.04,4725.2
ORD0000175,P000071,4,59.2,236.8
ORD0000175,P000066,3,382.36,1147.08
ORD0000175,P000053,2,53.27,106.54
ORD0000176,P000056,1,195.56,195.56
ORD0000176,P000021,2,482.67,965.34
ORD0000176,P000041,4,730.28,2921.12
ORD0000177,P000100,3,776.96,2330.88
ORD0000177,P000094,2,341.12,682.24
ORD0000177,P000045,4,711.71,2846.84
ORD0000177,P000085,3,591.78,1775.34
ORD0000177,P000019,1,941.21,941.21
ORD0000178,P000012,2,770.03,1540.06
ORD0000178,P000015,3,803.01,2409.0299999999997
ORD0000178,P000016,2,108.84,217.68
ORD0000179,P000047,5,142.41,712.05
ORD0000180,P000065,2,392.5,785.0
ORD0000181,P000078,2,475.26,950.52
ORD0000181,P000051,3,250.57,751.71
ORD0000181,P000029,1,96.26,96.26
ORD0000181,P000041,5,730.28,3651.3999999999996
ORD0000182,P000027,1,945.04,945.04
ORD0000182,P000019,4,941.21,3764.84
ORD0000183,P000091,2,204.84,409.68
ORD0000183,P000011,3,600.73,1802.19
ORD0000184,P000065,2,392.5,785.0
ORD0000184,P000061,1,422.28,422.28
ORD0000185,P000086,4,949.25,3797.0
ORD0000186,P000075,1,438.9,438.9
ORD0000186,P000016,1,108.84,108.84
ORD0000186,P000100,2,776.96,1553.92
ORD0000187,P000090,2,890.09,1780.18
ORD0000187,P000059,2,225.97,451.94
ORD0000188,P000007,5,20.07,100.35
ORD0000189,P000052,4,148.67,594.68
ORD0000189,P000017,5,525.47,2627.3500000000004
ORD0000189,P000006,4,339.56,1358.24
ORD0000189,P000074,2,915.8,1831.6
ORD0000190,P000058,5,473.76,2368.8
ORD0000191,P000039,5,929.35,4646.75
ORD0000191,P000068,5,453.04,2265.2000000000003
ORD0000191,P000002,2,665.5,1331.0
ORD0000192,P000060,5,606.3,3031.5
ORD0000192,P000066,1,382.36,382.36
ORD0000192,P000024,2,33.52,67.04
ORD0000192,P000068,5,453.04,2265.2000000000003
ORD0000193,P000077,2,909.58,1819.16
ORD0000194,P000088,5,730.81,3654.0499999999997
ORD0000194,P000061,2,422.28,844.56
ORD0000194,P000061,2,422.28,844.56
ORD0000194,P000013,4,877.54,3510.16
ORD0000195,P000045,2,711.71,1423.42
ORD0000195,P000080,2,425.06,850.12
ORD0000195,P000097,2,812.5,1625.0
ORD0000195,P000051,3,250.57,751.71
ORD0000195,P000074,3,915.8,2747.3999999999996
ORD0000196,P000093,4,475.81,1903.24
ORD0000196,P000030,5,991.47,4957.35
ORD0000196,P000010,4,183.93,735.72
ORD0000197,P000096,3,118.09,354.27
ORD0000197,P000060,3,606.3,1818.8999999999999
ORD0000197,P000073,2,122.71,245.42
ORD0000197,P000089,1,385.38,385.38
ORD0000198,P000043,2,232.18,464.36
ORD0000199,P000046,4,580.21,2320.84
ORD0000199,P000022,4,294.77,1179.08
ORD0000199,P000060,2,606.3,1212.6
ORD0000199,P000004,3,709.94,2129.82
ORD0000199,P000048,4,294.63,1178.52
ORD0000200,P000092,4,162.46,649.84
ORD0000200,P000063,1,73.02,73.02
ORD0000200,P000075,3,438.9,1316.6999999999998
ORD0000200,P000092,1,162.46,162.46
ORD0000200,P000082,4,797.58,3190.32
ORD0000201,P000064,5,135.37,676.85
ORD0000201,P000033,3,644.39,1933.17
ORD0000202,P000013,4,877.54,3510.16
ORD0000202,P000082,4,797.58,3190.32
ORD0000202,P000091,5,204.84,1024.2
ORD0000203,P000039,4,929.35,3717.4
ORD0000203,P000081,1,834.21,834.21
ORD0000203,P000066,4,382.36,1529.44
ORD0000203,P000024,2,33.52,67.04
ORD0000204,P000094,4,341.12,1364.48
ORD0000205,P000056,3,195.56,586.6800000000001
ORD0000205,P000034,1,927.37,927.37
ORD0000205,P000049,5,397.95,1989.75
ORD0000205,P000092,4,162.46,649.84
ORD0000205,P000065,2,392.5,785.0
ORD0000206,P000075,3,438.9,1316.6999999999998
ORD0000206,P000052,4,148.67,594.68
ORD0000206,P000050,2,149.61,299.22
ORD0000207,P000071,4,59.2,236.8
ORD0000207,P000011,3,600.73,1802.19
ORD0000207,P000016,4,108.84,435.36
ORD0000207,P000080,5,425.06,2125.3
ORD0000207,P000017,4,525.47,2101.88
ORD0000208,P000073,1,122.71,122.71
ORD0000208,P000055,5,173.18,865.9000000000001
ORD0000208,P000009,4,462.25,1849.0
ORD0000208,P000003,3,924.38,2773.14
ORD0000208,P000048,4,294.63,1178.52
ORD0000209,P000054,4,622.14,2488.56
ORD0000209,P000070,5,692.24,3461.2
ORD0000209,P000075,5,438.9,2194.5
ORD0000209,P000066,3,382.36,1147.08
ORD0000209,P000027,1,945.04,945.04
ORD0000210,P000039,5,929.35,4646.75
ORD0000210,P000093,1,475.81,475.81
ORD0000210,P000029,1,96.26,96.26
ORD0000210,P000031,3,91.66,274.98
ORD0000211,P000054,3,622.14,1866.42
ORD0000211,P000046,5,580.21,2901.05
ORD0000211,P000014,2,928.24,1856.48
ORD0000211,P000072,1,841.35,841.35
ORD0000211,P000026,5,78.71,393.54999999999995
ORD0000212,P000086,4,949.25,3797.0
ORD0000212,P000050,5,149.61,748.0500000000001
ORD0000212,P000100,5,776.96,3884.8
ORD0000212,P000065,4,392.5,1570.0
ORD0000212,P000086,1,949.25,949.25
ORD0000213,P000087,1,16.49,16.49
ORD0000213,P000017,5,525.47,2627.3500000000004
ORD0000213,P000100,3,776.96,2330.88
ORD0000213,P000088,4,730.81,2923.24
ORD0000213,P000048,1,294.63,294.63
ORD0000214,P000061,3,422.28,1266.84
ORD0000214,P000060,5,606.3,3031.5
ORD0000214,P000026,4,78.71,314.84
ORD0000214,P000039,1,929.35,929.35
ORD0000214,P000073,4,122.71,490.84
ORD0000215,P000062,3,745.88,2237.64
ORD0000215,P000024,5,33.52,167.60000000000002
ORD0000215,P000039,4,929.35,3717.4
ORD0000215,P000070,4,692.24,2768.96
ORD0000215,P000010,5,183.93,919.6500000000001
ORD0000216,P000015,5,803.01,4015.05
ORD0000216,P000061,4,422.28,1689.12
ORD0000216,P000084,1,205.66,205.66
ORD0000216,P000031,5,91.66,458.29999999999995
ORD0000217,P000014,5,928.24,4641.2
ORD0000217,P000098,2,647.23,1294.46
ORD0000217,P000091,2,204.84,409.68
ORD0000218,P000032,1,837.84,837.84
ORD0000219,P000064,2,135.37,270.74
ORD0000219,P000018,1,261.78,261.78
ORD0000219,P000033,2,644.39,1288.78
ORD0000219,P000088,4,730.81,2923.24
ORD0000219,P000002,1,665.5,665.5
ORD0000220,P000019,3,941.21,2823.63
ORD0000220,P000084,1,205.66,205.66
ORD0000220,P000016,3,108.84,326.52
ORD0000221,P000043,5,232.18,1160.9
ORD0000222,P000039,1,929.35,929.35
ORD0000222,P000071,5,59.2,296.0
ORD0000222,P000006,4,339.56,1358.24
ORD0000222,P000082,5,797.58,3987.9
ORD0000222,P000019,1,941.21,941.21
ORD0000223,P000040,2,852.32,1704.64
ORD0000224,P000025,2,985.57,1971.14
ORD0000224,P000092,2,162.46,324.92
ORD0000225,P000019,5,941.21,4706.05
ORD0000225,P000089,3,385.38,1156.1399999999999
ORD0000226,P000009,4,462.25,1849.0
ORD0000227,P000088,5,730.81,3654.0499999999997
ORD0000227,P000042,2,274.71,549.42
ORD0000228,P000074,5,915.8,4579.0
ORD0000228,P000028,4,132.06,528.24
ORD0000228,P000020,2,15.55,31.1
ORD0000228,P000092,5,162.46,812.3000000000001
ORD0000228,P000031,2,91.66,183.32
ORD0000229,P000012,2,770.03,1540.06
ORD0000230,P000048,3,294.63,883.89
ORD0000230,P000019,1,941.21,941.21
ORD0000231,P000086,3,949.25,2847.75
ORD0000231,P000047,5,142.41,712.05
ORD0000232,P000015,1,803.01,803.01
ORD0000232,P000014,2,928.24,1856.48
ORD0000232,P000036,5,225.58,1127.9
ORD0000233,P000053,5,53.27,266.35
ORD0000233,P000021,3,482.67,1448.01
ORD0000234,P000022,2,294.77,589.54
ORD0000234,P000072,4,841.35,3365.4
ORD0000234,P000064,5,135.37,676.85
ORD0000234,P000080,1,425.06,425.06
ORD0000235,P000004,4,709.94,2839.76
ORD0000235,P000096,3,118.09,354.27
ORD0000235,P000096,5,118.09,590.45
ORD0000235,P000083,2,854.01,1708.02
ORD0000235,P000031,2,91.66,183.32
ORD0000236,P000063,5,73.02,365.09999999999997
ORD0000237,P000022,3,294.77,884.31
ORD0000237,P000002,2,665.5,1331.0
ORD0000238,P000066,5,382.36,1911.8000000000002
ORD0000238,P000008,4,237.9,951.6
ORD0000239,P000074,1,915.8,915.8
ORD0000239,P000011,2,600.73,1201.46
ORD0000239,P000020,2,15.55,31.1
ORD0000240,P000009,2,462.25,924.5
ORD0000240,P000051,2,250.57,501.14
ORD0000241,P000100,2,776.96,1553.92
ORD0000241,P000013,3,877.54,2632.62
ORD0000241,P000037,5,870.37,4351.85
ORD0000241,P000037,2,870.37,1740.74
ORD0000241,P000075,5,438.9,2194.5
ORD0000242,P000065,2,392.5,785.0
ORD0000242,P000081,2,834.21,1668.42
ORD0000242,P000049,3,397.95,1193.85
ORD0000242,P000039,4,929.35,3717.4
ORD0000242,P000029,3,96.26,288.78000000000003
ORD0000243,P000057,2,124.11,248.22
ORD0000243,P000053,4,53.27,213.08
ORD0000243,P000022,2,294.77,589.54
ORD0000243,P000078,5,475.26,2376.3
ORD0000244,P000006,3,339.56,1018.6800000000001
ORD0000244,P000074,4,915.8,3663.2
ORD0000244,P000094,2,341.12,682.24
ORD0000244,P000088,3,730.81,2192.43
ORD0000244,P000007,2,20.07,40.14
ORD0000245,P000031,3,91.66,274.98
ORD0000245,P000089,1,385.38,385.38
ORD0000245,P000037,5,870.37,4351.85
ORD0000245,P000024,2,33.52,67.04
ORD0000246,P000062,3,745.88,2237.64
ORD0000247,P000091,1,204.84,204.84
ORD0000247,P000028,5,132.06,660.3
ORD0000247,P000078,3,475.26,1425.78
ORD0000247,P000046,3,580.21,1740.63
ORD0000247,P000037,4,870.37,3481.48
ORD0000248,P000069,3,822.37,2467.11
ORD0000249,P000083,5,854.01,4270.05
ORD0000249,P000022,3,294.77,884.31
ORD0000249,P000056,4,195.56,782.24
ORD0000250,P000077,1,909.58,909.58
ORD0000251,P000091,3,204.84,614.52
ORD0000252,P000067,3,296.04,888.1200000000001
ORD0000252,P000077,5,909.58,4547.900000000001
ORD0000252,P000006,3,339.56,1018.6800000000001
ORD0000252,P000052,4,148.67,594.68
ORD0000252,P000014,5,928.24,4641.2
ORD0000253,P000030,3,991.47,2974.41
ORD0000253,P000074,5,915.8,4579.0
ORD0000253,P000061,3,422.28,1266.84
ORD0000254,P000091,4,204.84,819.36
ORD0000255,P000095,3,544.11,1632.33
ORD0000256,P000002,5,665.5,3327.5
ORD0000256,P000082,4,797.58,3190.32
ORD0000256,P000097,1,812.5,812.5
ORD0000256,P000005,3,202.06,606.1800000000001
ORD0000256,P000005,1,202.06,202.06
ORD0000257,P000043,4,232.18,928.72
ORD0000257,P000084,4,205.66,822.64
ORD0000258,P000027,2,945.04,1890.08
ORD0000258,P000068,5,453.04,2265.2000000000003
ORD0000258,P000018,1,261.78,261.78
ORD0000259,P000096,2,118.09,236.18
ORD0000259,P000005,4,202.06,808.24
ORD0000259,P000024,2,33.52,67.04
ORD0000259,P000025,5,985.57,4927.85
ORD0000260,P000043,2,232.18,464.36
ORD0000260,P000041,5,730.28,3651.3999999999996
ORD0000260,P000076,4,171.21,684.84
ORD0000260,P000019,4,941.21,3764.84
ORD0000260,P000078,5,475.26,2376.3
ORD0000261,P000074,2,915.8,1831.6
ORD0000261,P000081,2,834.21,1668.42
ORD0000262,P000098,4,647.23,2588.92
ORD0000262,P000028,3,132.06,396.18
ORD0000262,P000014,1,928.24,928.24
ORD0000263,P000071,4,59.2,236.8
ORD0000263,P000074,1,915.8,915.8
ORD0000263,P000045,5,711.71,3558.55
ORD0000263,P000050,5,149.61,748.0500000000001
ORD0000263,P000013,3,877.54,2632.62
ORD0000264,P000075,5,438.9,2194.5
ORD0000264,P000077,2,909.58,1819.16
ORD0000265,P000020,4,15.55,62.2
ORD0000265,P000061,2,422.28,844.56
ORD0000265,P000073,3,122.71,368.13
ORD0000265,P000021,4,482.67,1930.68
ORD0000265,P000070,4,692.24,2768.96
ORD0000266,P000038,2,237.03,474.06
ORD0000266,P000055,3,173.18,519.54
ORD0000266,P000079,2,565.57,1131.14
ORD0000266,P000039,1,929.35,929.35
ORD0000266,P000047,2,142.41,284.82
ORD0000267,P000092,1,162.46,162.46
ORD0000267,P000014,3,928.24,2784.7200000000003
ORD0000267,P000092,3,162.46,487.38
ORD0000268,P000097,1,812.5,812.5
ORD0000268,P000006,4,339.56,1358.24
ORD0000268,P000067,3,296.04,888.1200000000001
ORD0000268,P000066,4,382.36,1529.44
ORD0000268,P000035,5,248.76,1243.8
ORD0000269,P000004,5,709.94,3549.7000000000003
ORD0000269,P000036,1,225.58,225.58
ORD0000270,P000040,4,852.32,3409.28
ORD0000271,P000011,2,600.73,1201.46
ORD0000271,P000005,3,202.06,606.1800000000001
ORD0000271,P000013,4,877.54,3510.16
ORD0000271,P000050,4,149.61,598.44
ORD0000271,P000024,5,33.52,167.60000000000002
ORD0000272,P000019,4,941.21,3764.84
ORD0000272,P000032,4,837.84,3351.36
ORD0000273,P000072,4,841.35,3365.4
ORD0000273,P000051,2,250.57,501.14
ORD0000274,P000023,3,670.32,2010.96
ORD0000274,P000004,2,709.94,1419.88
ORD0000274,P000100,2,776.96,1553.92
ORD0000275,P000033,4,644.39,2577.56
ORD0000276,P000098,1,647.23,647.23
ORD0000276,P000082,3,797.58,2392.7400000000002
ORD0000276,P000099,3,579.66,1738.98
ORD0000276,P000052,3,148.67,446.01
ORD0000277,P000028,4,132.06,528.24
ORD0000278,P000028,1,132.06,132.06
ORD0000278,P000042,2,274.71,549.42
ORD0000278,P000037,2,870.37,1740.74
ORD0000278,P000024,2,33.52,67.04
ORD0000278,P000040,3,852.32,2556.96
ORD0000279,P000043,1,232.18,232.18
ORD0000279,P000086,4,949.25,3797.0
ORD0000279,P000082,3,797.58,2392.7400000000002
ORD0000280,P000089,5,385.38,1926.9
ORD0000280,P000076,3,171.21,513.63
ORD0000280,P000100,3,776.96,2330.88
ORD0000280,P000065,3,392.5,1177.5
ORD0000281,P000042,4,274.71,1098.84
ORD0000282,P000086,3,949.25,2847.75
ORD0000282,P000045,2,711.71,1423.42
ORD0000282,P000092,3,162.46,487.38
ORD0000282,P000042,3,274.71,824.1299999999999
ORD0000283,P000002,1,665.5,665.5
ORD0000283,P000031,2,91.66,183.32
ORD0000283,P000006,1,339.56,339.56
ORD0000283,P000070,1,692.24,692.24
ORD0000283,P000009,1,462.25,462.25
ORD0000284,P000083,2,854.01,1708.02
ORD0000284,P000065,2,392.5,785.0
ORD0000284,P000065,1,392.5,392.5
ORD0000284,P000047,1,142.41,142.41
ORD0000285,P000005,1,202.06,202.06
ORD0000285,P000032,2,837.84,1675.68
ORD0000285,P000064,2,135.37,270.74
ORD0000285,P000012,1,770.03,770.03
ORD0000285,P000067,1,296.04,296.04
ORD0000286,P000057,4,124.11,496.44
ORD0000286,P000072,2,841.35,1682.7
ORD0000286,P000040,5,852.32,4261.6
ORD0000286,P000024,3,33.52,100.56
ORD0000286,P000029,1,96.26,96.26
ORD0000287,P000047,4,142.41,569.64
ORD0000287,P000056,2,195.56,391.12
ORD0000287,P000059,1,225.97,225.97
ORD0000288,P000056,2,195.56,391.12
ORD0000288,P000034,5,927.37,4636.85
ORD0000288,P000002,5,665.5,3327.5
ORD0000289,P000005,3,202.06,606.1800000000001
ORD0000289,P000033,3,644.39,1933.17
ORD0000290,P000034,4,927.37,3709.48
ORD0000290,P000018,2,261.78,523.56
ORD0000290,P000096,5,118.09,590.45
ORD0000291,P000072,5,841.35,4206.75
ORD0000291,P000048,3,294.63,883.89
ORD0000292,P000034,5,927.37,4636.85
ORD0000292,P000058,5,473.76,2368.8
ORD0000292,P000060,3,606.3,1818.8999999999999
ORD0000292,P000059,2,225.97,451.94
ORD0000293,P000027,4,945.04,3780.16
ORD0000293,P000028,4,132.06,528.24
ORD0000293,P000049,2,397.95,795.9
ORD0000293,P000058,5,473.76,2368.8
ORD0000293,P000010,1,183.93,183.93
ORD0000294,P000047,3,142.41,427.23
ORD0000294,P000068,3,453.04,1359.1200000000001
ORD0000294,P000034,1,927.37,927.37
ORD0000294,P000045,2,711.71,1423.42
ORD0000295,P000001,1,571.03,571.03
ORD0000295,P000040,3,852.32,2556.96
ORD0000296,P000062,5,745.88,3729.4
ORD0000296,P000092,1,162.46,162.46
ORD0000297,P000095,1,544.11,544.11
ORD0000297,P000004,2,709.94,1419.88
ORD0000297,P000005,5,202.06,1010.3
ORD0000297,P000051,5,250.57,1252.85
ORD0000297,P000008,5,237.9,1189.5
ORD0000298,P000001,1,571.03,571.03
ORD0000298,P000004,4,709.94,2839.76
ORD0000298,P000047,4,142.41,569.64
ORD0000298,P000087,2,16.49,32.98
ORD0000299,P000076,4,171.21,684.84
ORD0000300,P000022,4,294.77,1179.08
ORD0000301,P000051,4,250.57,1002.28
ORD0000301,P000071,1,59.2,59.2
ORD0000301,P000051,3,250.57,751.71
ORD0000301,P000084,3,205.66,616.98
ORD0000302,P000097,1,812.5,812.5
ORD0000302,P000061,3,422.28,1266.84
ORD0000302,P000005,3,202.06,606.1800000000001
ORD0000302,P000015,5,803.01,4015.05
ORD0000303,P000036,4,225.58,902.32
ORD0000303,P000006,4,339.56,1358.24
ORD0000303,P000086,2,949.25,1898.5
ORD0000303,P000070,4,692.24,2768.96
ORD0000304,P000032,3,837.84,2513.52
ORD0000305,P000077,2,909.58,1819.16
ORD0000305,P000005,3,202.06,606.1800000000001
ORD0000305,P000087,5,16.49,82.44999999999999
ORD0000305,P000074,1,915.8,915.8
ORD0000305,P000045,3,711.71,2135.13
ORD0000306,P000018,2,261.78,523.56
ORD0000307,P000022,1,294.77,294.77
ORD0000308,P000037,3,870.37,2611.11
ORD0000308,P000054,1,622.14,622.14
ORD0000308,P000042,3,274.71,824.1299999999999
ORD0000308,P000073,2,122.71,245.42
ORD0000308,P000012,2,770.03,1540.06
ORD0000309,P000028,2,132.06,264.12
ORD0000309,P000007,1,20.07,20.07
ORD0000309,P000064,5,135.37,676.85
ORD0000309,P000078,1,475.26,475.26
ORD0000309,P000071,5,59.2,296.0
ORD0000310,P000051,2,250.57,501.14
ORD0000310,P000035,5,248.76,1243.8
ORD0000311,P000004,4,709.94,2839.76
ORD0000311,P000082,3,797.58,2392.7400000000002
ORD0000312,P000055,5,173.18,865.9000000000001
ORD0000312,P000092,4,162.46,649.84
ORD0000312,P000076,3,171.21,513.63
ORD0000312,P000069,4,822.37,3289.48
ORD0000312,P000016,1,108.84,108.84
ORD0000313,P000056,1,195.56,195.56
ORD0000313,P000015,5,803.01,4015.05
ORD0000313,P000048,2,294.63,589.26
ORD0000313,P000050,3,149.61,448.83000000000004
ORD0000314,P000007,3,20.07,60.21
ORD0000314,P000046,5,580.21,2901.05
ORD0000315,P000046,5,580.21,2901.05
ORD0000315,P000086,3,949.25,2847.75
ORD0000315,P000075,2,438.9,877.8
ORD0000315,P000077,2,909.58,1819.16
ORD0000315,P000057,5,124.11,620.55
ORD0000316,P000059,4,225.97,903.88
ORD0000316,P000057,3,124.11,372.33
ORD0000316,P000034,5,927.37,4636.85
ORD0000316,P000033,4,644.39,2577.56
ORD0000316,P000062,5,745.88,3729.4
ORD0000317,P000043,2,232.18,464.36
ORD0000317,P000095,4,544.11,2176.44
ORD0000317,P000086,2,949.25,1898.5
ORD0000317,P000072,5,841.35,4206.75
ORD0000318,P000028,4,132.06,528.24
ORD0000318,P000068,3,453.04,1359.1200000000001
ORD0000318,P000091,2,204.84,409.68
ORD0000319,P000052,4,148.67,594.68
ORD0000319,P000037,5,870.37,4351.85
ORD0000319,P000053,3,53.27,159.81
ORD0000320,P000002,5,665.5,3327.5
ORD0000321,P000085,5,591.78,2958.8999999999996
ORD0000321,P000006,4,339.56,1358.24
ORD0000322,P000033,3,644.39,1933.17
ORD0000322,P000024,1,33.52,33.52
ORD0000322,P000030,2,991.47,1982.94
ORD0000323,P000070,2,692.24,1384.48
ORD0000324,P000098,3,647.23,1941.69
ORD0000325,P000017,3,525.47,1576.41
ORD0000325,P000025,4,985.57,3942.28
ORD0000325,P000035,1,248.76,248.76
ORD0000325,P000019,2,941.21,1882.42
ORD0000325,P000063,4,73.02,292.08
ORD0000326,P000061,3,422.28,1266.84
ORD0000326,P000073,2,122.71,245.42
ORD0000326,P000045,2,711.71,1423.42
ORD0000326,P000036,1,225.58,225.58
ORD0000327,P000064,2,135.37,270.74
ORD0000327,P000011,3,600.73,1802.19
ORD0000327,P000090,4,890.09,3560.36
ORD0000328,P000088,5,730.81,3654.0499999999997
ORD0000328,P000068,5,453.04,2265.2000000000003
ORD0000329,P000042,1,274.71,274.71
ORD0000329,P000026,1,78.71,78.71
ORD0000329,P000046,1,580.21,580.21
ORD0000329,P000091,3,204.84,614.52
ORD0000329,P000041,1,730.28,730.28
ORD0000330,P000097,2,812.5,1625.0
ORD0000330,P000033,5,644.39,3221.95
ORD0000330,P000075,5,438.9,2194.5
ORD0000331,P000009,4,462.25,1849.0
ORD0000331,P000029,1,96.26,96.26
ORD0000331,P000047,4,142.41,569.64
ORD0000332,P000071,2,59.2,118.4
ORD0000332,P000058,5,473.76,2368.8
ORD0000333,P000087,1,16.49,16.49
ORD0000333,P000032,2,837.84,1675.68
ORD0000333,P000050,3,149.61,448.83000000000004
ORD0000333,P000046,2,580.21,1160.42
ORD0000333,P000055,4,173.18,692.72
ORD0000334,P000056,5,195.56,977.8
ORD0000334,P000091,2,204.84,409.68
ORD0000334,P000004,3,709.94,2129.82
ORD0000334,P000098,2,647.23,1294.46
ORD0000335,P000023,3,670.32,2010.96
ORD0000335,P000020,4,15.55,62.2
ORD0000335,P000055,2,173.18,346.36
ORD0000335,P000050,1,149.61,149.61
ORD0000336,P000053,4,53.27,213.08
ORD0000336,P000100,3,776.96,2330.88
ORD0000336,P000015,3,803.01,2409.0299999999997
ORD0000336,P000054,5,622.14,3110.7
ORD0000336,P000061,5,422.28,2111.3999999999996
ORD0000337,P000058,3,473.76,1421.28
ORD0000337,P000085,5,591.78,2958.8999999999996
ORD0000337,P000012,2,770.03,1540.06
ORD0000337,P000056,2,195.56,391.12
ORD0000337,P000036,2,225.58,451.16
ORD0000338,P000029,1,96.26,96.26
ORD0000338,P000001,5,571.03,2855.1499999999996
ORD0000339,P000068,4,453.04,1812.16
ORD0000339,P000091,5,204.84,1024.2
ORD0000339,P000083,5,854.01,4270.05
ORD0000339,P000052,4,148.67,594.68
ORD0000340,P000086,3,949.25,2847.75
ORD0000341,P000007,2,20.07,40.14
ORD0000341,P000041,1,730.28,730.28
ORD0000342,P000021,1,482.67,482.67
ORD0000342,P000022,4,294.77,1179.08
ORD0000342,P000021,5,482.67,2413.35
ORD0000342,P000025,5,985.57,4927.85
ORD0000343,P000078,1,475.26,475.26
ORD0000343,P000011,4,600.73,2402.92
ORD0000343,P000070,4,692.24,2768.96
ORD0000343,P000035,3,248.76,746.28
ORD0000344,P000054,3,622.14,1866.42
ORD0000344,P000061,4,422.28,1689.12
ORD0000345,P000046,5,580.21,2901.05
ORD0000345,P000038,1,237.03,237.03
ORD0000345,P000075,5,438.9,2194.5
ORD0000346,P000033,3,644.39,1933.17
ORD0000346,P000062,4,745.88,2983.52
ORD0000346,P000081,5,834.21,4171.05
ORD0000347,P000046,5,580.21,2901.05
ORD0000347,P000009,1,462.25,462.25
ORD0000347,P000059,2,225.97,451.94
ORD0000348,P000029,1,96.26,96.26
ORD0000348,P000075,1,438.9,438.9
ORD0000348,P000072,4,841.35,3365.4
ORD0000349,P000027,2,945.04,1890.08
ORD0000349,P000075,2,438.9,877.8
ORD0000350,P000090,1,890.09,890.09
ORD0000350,P000039,4,929.35,3717.4
ORD0000350,P000020,3,15.55,46.650000000000006
ORD0000350,P000042,1,274.71,274.71
ORD0000351,P000049,5,397.95,1989.75
ORD0000351,P000060,3,606.3,1818.8999999999999
ORD0000351,P000090,1,890.09,890.09
ORD0000351,P000005,2,202.06,404.12
ORD0000352,P000074,4,915.8,3663.2
ORD0000352,P000016,2,108.84,217.68
ORD0000352,P000038,5,237.03,1185.15
ORD0000352,P000080,2,425.06,850.12
ORD0000352,P000057,1,124.11,124.11
ORD0000353,P000007,4,20.07,80.28
ORD0000353,P000046,3,580.21,1740.63
ORD0000353,P000063,2,73.02,146.04
ORD0000353,P000030,5,991.47,4957.35
ORD0000353,P000072,4,841.35,3365.4
ORD0000354,P000080,2,425.06,850.12
ORD0000355,P000071,4,59.2,236.8
ORD0000356,P000038,2,237.03,474.06
ORD0000356,P000049,5,397.95,1989.75
ORD0000356,P000031,2,91.66,183.32
ORD0000356,P000010,5,183.93,919.6500000000001
ORD0000356,P000051,5,250.57,1252.85
ORD0000357,P000097,3,812.5,2437.5
ORD0000358,P000045,4,711.71,2846.84
ORD0000358,P000015,2,803.01,1606.02
ORD0000358,P000036,4,225.58,902.32
ORD0000359,P000047,5,142.41,712.05
ORD0000359,P000042,2,274.71,549.42
ORD0000359,P000008,5,237.9,1189.5
ORD0000359,P000043,3,232.18,696.54
ORD0000359,P000029,4,96.26,385.04
ORD0000360,P000063,1,73.02,73.02
ORD0000360,P000043,3,232.18,696.54
ORD0000360,P000016,3,108.84,326.52
ORD0000361,P000075,3,438.9,1316.6999999999998
ORD0000361,P000036,4,225.58,902.32
ORD0000361,P000087,1,16.49,16.49
ORD0000362,P000069,4,822.37,3289.48
ORD0000362,P000024,2,33.52,67.04
ORD0000362,P000049,1,397.95,397.95
ORD0000363,P000058,1,473.76,473.76
ORD0000363,P000099,4,579.66,2318.64
ORD0000364,P000061,5,422.28,2111.3999999999996
ORD0000364,P000086,1,949.25,949.25
ORD0000365,P000050,3,149.61,448.83000000000004
ORD0000365,P000037,4,870.37,3481.48
ORD0000365,P000053,3,53.27,159.81
ORD0000365,P000040,1,852.32,852.32
ORD0000366,P000051,3,250.57,751.71
ORD0000366,P000009,5,462.25,2311.25
ORD0000366,P000022,2,294.77,589.54
ORD0000366,P000005,5,202.06,1010.3
ORD0000367,P000034,2,927.37,1854.74
ORD0000367,P000073,2,122.71,245.42
ORD0000367,P000037,3,870.37,2611.11
ORD0000367,P000046,1,580.21,580.21
ORD0000367,P000006,1,339.56,339.56
ORD0000368,P000053,3,53.27,159.81
ORD0000368,P000034,2,927.37,1854.74
ORD0000368,P000066,1,382.36,382.36
ORD0000369,P000078,3,475.26,1425.78
ORD0000369,P000097,1,812.5,812.5
ORD0000369,P000004,3,709.94,2129.82
ORD0000369,P000079,3,565.57,1696.71
ORD0000370,P000030,3,991.47,2974.41
ORD0000370,P000099,4,579.66,2318.64
ORD0000370,P000091,1,204.84,204.84
ORD0000370,P000070,5,692.24,3461.2
ORD0000370,P000029,3,96.26,288.78000000000003
ORD0000371,P000053,2,53.27,106.54
ORD0000372,P000042,2,274.71,549.42
ORD0000372,P000053,2,53.27,106.54
ORD0000373,P000071,4,59.2,236.8
ORD0000374,P000056,5,195.56,977.8
ORD0000374,P000013,2,877.54,1755.08
ORD0000374,P000071,2,59.2,118.4
ORD0000374,P000069,4,822.37,3289.48
ORD0000375,P000010,4,183.93,735.72
ORD0000375,P000070,1,692.24,692.24
ORD0000375,P000059,1,225.97,225.97
ORD0000375,P000027,3,945.04,2835.12
ORD0000375,P000041,1,730.28,730.28
ORD0000376,P000079,1,565.57,565.57
ORD0000376,P000037,5,870.37,4351.85
ORD0000376,P000028,3,132.06,396.18
ORD0000377,P000074,1,915.8,915.8
ORD0000378,P000097,5,812.5,4062.5
ORD0000378,P000020,4,15.55,62.2
ORD0000378,P000061,5,422.28,2111.3999999999996
ORD0000378,P000032,3,837.84,2513.52
ORD0000378,P000043,2,232.18,464.36
ORD0000379,P000100,1,776.96,776.96
ORD0000379,P000003,3,924.38,2773.14
ORD0000379,P000029,3,96.26,288.78000000000003
ORD0000380,P000040,1,852.32,852.32
ORD0000380,P000077,3,909.58,2728.7400000000002
ORD0000380,P000097,5,812.5,4062.5
ORD0000381,P000075,5,438.9,2194.5
ORD0000382,P000042,4,274.71,1098.84
ORD0000383,P000069,3,822.37,2467.11
ORD0000383,P000017,2,525.47,1050.94
ORD0000384,P000039,3,929.35,2788.05
ORD0000384,P000099,1,579.66,579.66
ORD0000384,P000084,5,205.66,1028.3
ORD0000384,P000096,4,118.09,472.36
ORD0000384,P000033,4,644.39,2577.56
ORD0000385,P000038,4,237.03,948.12
ORD0000385,P000094,4,341.12,1364.48
ORD0000385,P000098,5,647.23,3236.15
ORD0000385,P000074,3,915.8,2747.3999999999996
ORD0000386,P000036,1,225.58,225.58
ORD0000386,P000036,1,225.58,225.58
ORD0000386,P000082,3,797.58,2392.7400000000002
ORD0000386,P000065,5,392.5,1962.5
ORD0000387,P000028,3,132.06,396.18
ORD0000387,P000016,5,108.84,544.2
ORD0000388,P000024,5,33.52,167.60000000000002
ORD0000388,P000052,4,148.67,594.68
ORD0000388,P000034,2,927.37,1854.74
ORD0000389,P000027,5,945.04,4725.2
ORD0000389,P000027,5,945.04,4725.2
ORD0000389,P000021,2,482.67,965.34
ORD0000389,P000047,4,142.41,569.64
ORD0000389,P000039,3,929.35,2788.05
ORD0000390,P000002,2,665.5,1331.0
ORD0000390,P000023,5,670.32,3351.6000000000004
ORD0000391,P000064,3,135.37,406.11
ORD0000391,P000024,2,33.52,67.04
ORD0000391,P000079,2,565.57,1131.14
ORD0000391,P000022,2,294.77,589.54
ORD0000392,P000085,1,591.78,591.78
ORD0000392,P000058,2,473.76,947.52
ORD0000393,P000094,4,341.12,1364.48
ORD0000393,P000056,2,195.56,391.12
ORD0000393,P000025,5,985.57,4927.85
ORD0000393,P000024,2,33.52,67.04
ORD0000394,P000013,4,877.54,3510.16
ORD0000394,P000082,1,797.58,797.58
ORD0000395,P000042,3,274.71,824.1299999999999
ORD0000395,P000013,4,877.54,3510.16
ORD0000396,P000018,4,261.78,1047.12
ORD0000396,P000030,4,991.47,3965.88
ORD0000396,P000050,5,149.61,748.0500000000001
ORD0000397,P000045,5,711.71,3558.55
ORD0000397,P000069,4,822.37,3289.48
ORD0000397,P000086,2,949.25,1898.5
ORD0000398,P000032,5,837.84,4189.2
ORD0000398,P000002,1,665.5,665.5
ORD0000398,P000082,2,797.58,1595.16
ORD0000398,P000095,1,544.11,544.11
ORD0000399,P000046,4,580.21,2320.84
ORD0000399,P000033,4,644.39,2577.56
ORD0000399,P000089,2,385.38,770.76
ORD0000399,P000087,1,16.49,16.49
ORD0000399,P000097,5,812.5,4062.5
ORD0000400,P000091,4,204.84,819.36
ORD0000400,P000085,2,591.78,1183.56
ORD0000401,P000055,4,173.18,692.72
ORD0000402,P000075,3,438.9,1316.6999999999998
ORD0000402,P000026,1,78.71,78.71
ORD0000403,P000100,5,776.96,3884.8
ORD0000403,P000069,2,822.37,1644.74
ORD0000404,P000055,1,173.18,173.18
ORD0000404,P000075,5,438.9,2194.5
ORD0000405,P000058,3,473.76,1421.28
ORD0000405,P000055,4,173.18,692.72
ORD0000405,P000032,4,837.84,3351.36
ORD0000406,P000098,5,647.23,3236.15
ORD0000406,P000058,1,473.76,473.76
ORD0000406,P000070,1,692.24,692.24
ORD0000406,P000087,3,16.49,49.47
ORD0000406,P000099,2,579.66,1159.32
ORD0000407,P000053,3,53.27,159.81
ORD0000407,P000052,4,148.67,594.68
ORD0000407,P000014,3,928.24,2784.7200000000003
ORD0000407,P000087,5,16.49,82.44999999999999
ORD0000407,P000076,5,171.21,856.0500000000001
ORD0000408,P000050,1,149.61,149.61
ORD0000409,P000017,3,525.47,1576.41
ORD0000409,P000032,2,837.84,1675.68
ORD0000409,P000030,1,991.47,991.47
ORD0000409,P000092,3,162.46,487.38
ORD0000410,P000083,1,854.01,854.01
ORD0000411,P000094,2,341.12,682.24
ORD0000411,P000058,1,473.76,473.76
ORD0000411,P000086,5,949.25,4746.25
ORD0000412,P000042,4,274.71,1098.84
ORD0000412,P000043,1,232.18,232.18
ORD0000413,P000084,1,205.66,205.66
ORD0000413,P000036,4,225.58,902.32
ORD0000413,P000055,2,173.18,346.36
ORD0000413,P000064,5,135.37,676.85
ORD0000414,P000017,5,525.47,2627.3500000000004
ORD0000414,P000078,2,475.26,950.52
ORD0000414,P000050,2,149.61,299.22
ORD0000415,P000011,5,600.73,3003.65
ORD0000415,P000084,1,205.66,205.66
ORD0000415,P000097,3,812.5,2437.5
ORD0000415,P000071,5,59.2,296.0
ORD0000416,P000063,2,73.02,146.04
ORD0000416,P000093,4,475.81,1903.24
ORD0000416,P000033,3,644.39,1933.17
ORD0000416,P000036,3,225.58,676.74
ORD0000416,P000072,2,841.35,1682.7
ORD0000417,P000020,3,15.55,46.650000000000006
ORD0000417,P000019,4,941.21,3764.84
ORD0000417,P000034,3,927.37,2782.11
ORD0000417,P000080,2,425.06,850.12
ORD0000418,P000009,1,462.25,462.25
ORD0000419,P000091,1,204.84,204.84
ORD0000419,P000061,1,422.28,422.28
ORD0000420,P000038,4,237.03,948.12
ORD0000421,P000066,1,382.36,382.36
ORD0000421,P000095,5,544.11,2720.55
ORD0000422,P000005,4,202.06,808.24
ORD0000423,P000012,2,770.03,1540.06
ORD0000423,P000074,2,915.8,1831.6
ORD0000423,P000061,1,422.28,422.28
ORD0000424,P000028,1,132.06,132.06
ORD0000425,P000048,1,294.63,294.63
ORD0000425,P000069,3,822.37,2467.11
ORD0000426,P000043,5,232.18,1160.9
ORD0000426,P000041,2,730.28,1460.56
ORD0000426,P000087,1,16.49,16.49
ORD0000427,P000075,1,438.9,438.9
ORD0000428,P000065,1,392.5,392.5
ORD0000428,P000059,1,225.97,225.97
ORD0000429,P000054,4,622.14,2488.56
ORD0000429,P000012,3,770.03,2310.09
ORD0000429,P000012,2,770.03,1540.06
ORD0000429,P000005,5,202.06,1010.3
ORD0000429,P000052,5,148.67,743.3499999999999
ORD0000430,P000039,4,929.35,3717.4
ORD0000430,P000015,2,803.01,1606.02
ORD0000430,P000074,4,915.8,3663.2
ORD0000431,P000098,1,647.23,647.23
ORD0000432,P000003,3,924.38,2773.14
ORD0000433,P000059,3,225.97,677.91
ORD0000433,P000047,2,142.41,284.82
ORD0000434,P000079,2,565.57,1131.14
ORD0000434,P000056,4,195.56,782.24
ORD0000434,P000038,5,237.03,1185.15
ORD0000434,P000021,2,482.67,965.34
ORD0000434,P000064,5,135.37,676.85
ORD0000435,P000051,1,250.57,250.57
ORD0000435,P000049,4,397.95,1591.8
ORD0000436,P000040,1,852.32,852.32
ORD0000436,P000021,5,482.67,2413.35
ORD0000436,P000053,5,53.27,266.35
ORD0000437,P000003,5,924.38,4621.9
ORD0000438,P000047,3,142.41,427.23
ORD0000439,P000044,3,446.54,1339.6200000000001
ORD0000439,P000051,2,250.57,501.14
ORD0000439,P000042,2,274.71,549.42
ORD0000439,P000061,1,422.28,422.28
ORD0000440,P000039,3,929.35,2788.05
ORD0000440,P000031,2,91.66,183.32
ORD0000441,P000026,1,78.71,78.71
ORD0000441,P000090,5,890.09,4450.45
ORD0000441,P000001,2,571.03,1142.06
ORD0000441,P000044,5,446.54,2232.7000000000003
ORD0000441,P000055,4,173.18,692.72
ORD0000442,P000084,1,205.66,205.66
ORD0000442,P000001,4,571.03,2284.12
ORD0000442,P000092,4,162.46,649.84
ORD0000442,P000033,4,644.39,2577.56
ORD0000443,P000089,5,385.38,1926.9
ORD0000443,P000003,4,924.38,3697.52
ORD0000443,P000015,4,803.01,3212.04
ORD0000443,P000095,3,544.11,1632.33
ORD0000443,P000004,4,709.94,2839.76
ORD0000444,P000007,3,20.07,60.21
ORD0000444,P000040,2,852.32,1704.64
ORD0000444,P000067,2,296.04,592.08
ORD0000444,P000047,4,142.41,569.64
ORD0000445,P000079,5,565.57,2827.8500000000004
ORD0000445,P000092,2,162.46,324.92
ORD0000446,P000002,1,665.5,665.5
ORD0000447,P000081,2,834.21,1668.42
ORD0000447,P000046,2,580.21,1160.42
ORD0000447,P000072,3,841.35,2524.05
ORD0000447,P000053,3,53.27,159.81
ORD0000448,P000046,4,580.21,2320.84
ORD0000448,P000088,5,730.81,3654.0499999999997
ORD0000449,P000038,2,237.03,474.06
ORD0000449,P000058,2,473.76,947.52
ORD0000449,P000018,2,261.78,523.56
ORD0000449,P000059,5,225.97,1129.85
ORD0000450,P000022,4,294.77,1179.08
ORD0000450,P000097,3,812.5,2437.5
ORD0000451,P000053,4,53.27,213.08
ORD0000451,P000072,3,841.35,2524.05
ORD0000451,P000051,1,250.57,250.57
ORD0000452,P000006,1,339.56,339.56
ORD0000452,P000003,2,924.38,1848.76
ORD0000452,P000015,3,803.01,2409.0299999999997
ORD0000453,P000027,2,945.04,1890.08
ORD0000453,P000020,5,15.55,77.75
ORD0000453,P000097,3,812.5,2437.5
ORD0000453,P000029,5,96.26,481.3
ORD0000454,P000050,3,149.61,448.83000000000004
ORD0000454,P000047,3,142.41,427.23
ORD0000455,P000091,2,204.84,409.68
ORD0000455,P000091,5,204.84,1024.2
ORD0000456,P000083,5,854.01,4270.05
ORD0000456,P000098,2,647.23,1294.46
ORD0000456,P000034,1,927.37,927.37
ORD0000456,P000005,1,202.06,202.06
ORD0000456,P000017,3,525.47,1576.41
ORD0000457,P000100,4,776.96,3107.84
ORD0000457,P000099,5,579.66,2898.2999999999997
ORD0000458,P000017,2,525.47,1050.94
ORD0000459,P000074,4,915.8,3663.2
ORD0000459,P000084,3,205.66,616.98
ORD0000460,P000017,4,525.47,2101.88
ORD0000460,P000049,5,397.95,1989.75
ORD0000461,P000075,1,438.9,438.9
ORD0000462,P000056,4,195.56,782.24
ORD0000462,P000059,4,225.97,903.88
ORD0000463,P000076,4,171.21,684.84
ORD0000463,P000004,5,709.94,3549.7000000000003
ORD0000463,P000005,3,202.06,606.1800000000001
ORD0000464,P000090,3,890.09,2670.27
ORD0000464,P000091,5,204.84,1024.2
ORD0000464,P000097,1,812.5,812.5
ORD0000464,P000053,2,53.27,106.54
ORD0000465,P000028,2,132.06,264.12
ORD0000465,P000006,1,339.56,339.56
ORD0000465,P000095,5,544.11,2720.55
ORD0000465,P000043,2,232.18,464.36
ORD0000465,P000058,2,473.76,947.52
ORD0000466,P000084,4,205.66,822.64
ORD0000466,P000009,3,462.25,1386.75
ORD0000466,P000061,1,422.28,422.28
ORD0000467,P000061,2,422.28,844.56
ORD0000467,P000011,3,600.73,1802.19
ORD0000468,P000089,3,385.38,1156.1399999999999
ORD0000468,P000010,2,183.93,367.86
ORD0000468,P000054,2,622.14,1244.28
ORD0000468,P000058,4,473.76,1895.04
ORD0000468,P000043,5,232.18,1160.9
ORD0000469,P000055,1,173.18,173.18
ORD0000469,P000025,3,985.57,2956.71
ORD0000469,P000051,1,250.57,250.57
ORD0000469,P000071,3,59.2,177.60000000000002
ORD0000470,P000094,3,341.12,1023.36
ORD0000470,P000051,5,250.57,1252.85
ORD0000470,P000082,5,797.58,3987.9
ORD0000471,P000001,5,571.03,2855.1499999999996
ORD0000471,P000009,4,462.25,1849.0
ORD0000471,P000034,2,927.37,1854.74
ORD0000471,P000012,1,770.03,770.03
ORD0000472,P000010,3,183.93,551.79
ORD0000472,P000055,5,173.18,865.9000000000001
ORD0000473,P000012,5,770.03,3850.1499999999996
ORD0000473,P000041,1,730.28,730.28
ORD0000473,P000060,1,606.3,606.3
ORD0000473,P000094,4,341.12,1364.48
ORD0000474,P000017,1,525.47,525.47
ORD0000474,P000013,1,877.54,877.54
ORD0000475,P000076,4,171.21,684.84
ORD0000475,P000062,2,745.88,1491.76
ORD0000476,P000029,3,96.26,288.78000000000003
ORD0000477,P000016,1,108.84,108.84
ORD0000477,P000009,4,462.25,1849.0
ORD0000477,P000025,4,985.57,3942.28
ORD0000477,P000066,3,382.36,1147.08
ORD0000477,P000011,1,600.73,600.73
ORD0000478,P000044,4,446.54,1786.16
ORD0000479,P000079,2,565.57,1131.14
ORD0000479,P000024,3,33.52,100.56
ORD0000479,P000076,1,171.21,171.21
ORD0000479,P000048,3,294.63,883.89
ORD0000480,P000015,3,803.01,2409.0299999999997
ORD0000480,P000039,4,929.35,3717.4
ORD0000481,P000007,4,20.07,80.28
ORD0000482,P000055,5,173.18,865.9000000000001
ORD0000482,P000085,3,591.78,1775.34
ORD0000482,P000077,4,909.58,3638.32
ORD0000482,P000070,4,692.24,2768.96
ORD0000483,P000022,2,294.77,589.54
ORD0000483,P000059,1,225.97,225.97
ORD0000483,P000005,2,202.06,404.12
ORD0000483,P000012,2,770.03,1540.06
ORD0000483,P000097,1,812.5,812.5
ORD0000484,P000028,1,132.06,132.06
ORD0000484,P000039,4,929.35,3717.4
ORD0000484,P000050,5,149.61,748.0500000000001
ORD0000485,P000088,3,730.81,2192.43
ORD0000485,P000085,4,591.78,2367.12
ORD0000485,P000065,2,392.5,785.0
ORD0000485,P000067,3,296.04,888.1200000000001
ORD0000485,P000048,1,294.63,294.63
ORD0000486,P000068,1,453.04,453.04
ORD0000486,P000057,3,124.11,372.33
ORD0000486,P000043,3,232.18,696.54
ORD0000487,P000054,4,622.14,2488.56
ORD0000487,P000046,4,580.21,2320.84
ORD0000487,P000047,3,142.41,427.23
ORD0000487,P000050,2,149.61,299.22
ORD0000488,P000022,5,294.77,1473.85
ORD0000488,P000048,5,294.63,1473.15
ORD0000489,P000014,4,928.24,3712.96
ORD0000489,P000008,3,237.9,713.7
ORD0000489,P000048,1,294.63,294.63
ORD0000489,P000092,5,162.46,812.3000000000001
ORD0000490,P000047,1,142.41,142.41
ORD0000490,P000067,2,296.04,592.08
ORD0000490,P000006,2,339.56,679.12
ORD0000491,P000075,1,438.9,438.9
ORD0000491,P000037,4,870.37,3481.48
ORD0000491,P000001,2,571.03,1142.06
ORD0000491,P000091,2,204.84,409.68
ORD0000492,P000090,1,890.09,890.09
ORD0000492,P000057,3,124.11,372.33
ORD0000492,P000087,3,16.49,49.47
ORD0000493,P000074,5,915.8,4579.0
ORD0000493,P000044,4,446.54,1786.16
ORD0000493,P000032,1,837.84,837.84
ORD0000494,P000002,1,665.5,665.5
ORD0000495,P000066,5,382.36,1911.8000000000002
ORD0000495,P000032,1,837.84,837.84
ORD0000495,P000018,2,261.78,523.56
ORD0000495,P000011,2,600.73,1201.46
ORD0000496,P000069,4,822.37,3289.48
ORD0000497,P000095,1,544.11,544.11
ORD0000497,P000052,3,148.67,446.01
ORD0000497,P000080,2,425.06,850.12
ORD0000497,P000004,5,709.94,3549.7000000000003
ORD0000497,P000022,4,294.77,1179.08
ORD0000498,P000030,4,991.47,3965.88
ORD0000498,P000086,5,949.25,4746.25
ORD0000498,P000070,5,692.24,3461.2
ORD0000498,P000038,5,237.03,1185.15
ORD0000498,P000076,2,171.21,342.42
ORD0000499,P000031,1,91.66,91.66
ORD0000499,P000040,3,852.32,2556.96
ORD0000499,P000010,1,183.93,183.93
ORD0000499,P000082,3,797.58,2392.7400000000002
ORD0000500,P000042,4,274.71,1098.84
ORD0000500,P000063,3,73.02,219.06
ORD0000501,P000063,5,73.02,365.09999999999997
ORD0000501,P000074,3,915.8,2747.3999999999996
ORD0000501,P000094,3,341.12,1023.36
ORD0000501,P000022,1,294.77,294.77
ORD0000502,P000085,2,591.78,1183.56
ORD0000502,P000082,3,797.58,2392.7400000000002
ORD0000502,P000008,3,237.9,713.7
ORD0000503,P000079,3,565.57,1696.71
ORD0000503,P000100,4,776.96,3107.84
ORD0000503,P000095,1,544.11,544.11
ORD0000504,P000013,4,877.54,3510.16
ORD0000504,P000003,2,924.38,1848.76
ORD0000505,P000036,4,225.58,902.32
ORD0000505,P000062,1,745.88,745.88
ORD0000506,P000036,3,225.58,676.74
ORD0000506,P000067,4,296.04,1184.16
ORD0000507,P000098,2,647.23,1294.46
ORD0000507,P000082,2,797.58,1595.16
ORD0000507,P000068,5,453.04,2265.2000000000003
ORD0000507,P000076,1,171.21,171.21
ORD0000508,P000083,4,854.01,3416.04
ORD0000508,P000047,3,142.41,427.23
ORD0000508,P000051,1,250.57,250.57
ORD0000508,P000004,5,709.94,3549.7000000000003
ORD0000508,P000012,4,770.03,3080.12
ORD0000509,P000015,4,803.01,3212.04
ORD0000509,P000010,2,183.93,367.86
ORD0000509,P000026,2,78.71,157.42
ORD0000510,P000097,4,812.5,3250.0
ORD0000510,P000018,2,261.78,523.56
ORD0000510,P000077,2,909.58,1819.16
ORD0000510,P000043,5,232.18,1160.9
ORD0000510,P000050,2,149.61,299.22
ORD0000511,P000028,2,132.06,264.12
ORD0000511,P000044,2,446.54,893.08
ORD0000511,P000077,3,909.58,2728.7400000000002
ORD0000511,P000010,2,183.93,367.86
ORD0000512,P000042,5,274.71,1373.55
ORD0000512,P000069,4,822.37,3289.48
ORD0000513,P000018,5,261.78,1308.8999999999999
ORD0000513,P000015,4,803.01,3212.04
ORD0000513,P000018,1,261.78,261.78
ORD0000513,P000012,2,770.03,1540.06
ORD0000514,P000073,1,122.71,122.71
ORD0000514,P000093,2,475.81,951.62
ORD0000514,P000056,2,195.56,391.12
ORD0000514,P000096,3,118.09,354.27
ORD0000514,P000091,1,204.84,204.84
ORD0000515,P000071,1,59.2,59.2
ORD0000515,P000054,4,622.14,2488.56
ORD0000515,P000003,5,924.38,4621.9
ORD0000516,P000024,2,33.52,67.04
ORD0000516,P000013,5,877.54,4387.7
ORD0000516,P000055,3,173.18,519.54
ORD0000516,P000089,3,385.38,1156.1399999999999
ORD0000516,P000030,4,991.47,3965.88
ORD0000517,P000075,3,438.9,1316.6999999999998
ORD0000517,P000041,2,730.28,1460.56
ORD0000518,P000032,1,837.84,837.84
ORD0000518,P000012,1,770.03,770.03
ORD0000519,P000036,3,225.58,676.74
ORD0000520,P000018,3,261.78,785.3399999999999
ORD0000520,P000051,4,250.57,1002.28
ORD0000520,P000056,5,195.56,977.8
ORD0000521,P000091,1,204.84,204.84
ORD0000521,P000046,5,580.21,2901.05
ORD0000521,P000040,1,852.32,852.32
ORD0000522,P000093,4,475.81,1903.24
ORD0000523,P000005,4,202.06,808.24
ORD0000523,P000068,4,453.04,1812.16
ORD0000523,P000085,5,591.78,2958.8999999999996
ORD0000524,P000081,2,834.21,1668.42
ORD0000525,P000034,1,927.37,927.37
ORD0000525,P000069,5,822.37,4111.85
ORD0000525,P000023,5,670.32,3351.6000000000004
ORD0000525,P000037,2,870.37,1740.74
ORD0000526,P000058,3,473.76,1421.28
ORD0000526,P000078,1,475.26,475.26
ORD0000526,P000003,2,924.38,1848.76
ORD0000526,P000039,1,929.35,929.35
ORD0000527,P000012,1,770.03,770.03
ORD0000527,P000060,1,606.3,606.3
ORD0000528,P000098,3,647.23,1941.69
ORD0000528,P000005,2,202.06,404.12
ORD0000528,P000042,3,274.71,824.1299999999999
ORD0000528,P000100,4,776.96,3107.84
ORD0000529,P000072,2,841.35,1682.7
ORD0000530,P000007,2,20.07,40.14
ORD0000530,P000071,2,59.2,118.4
ORD0000530,P000091,2,204.84,409.68
ORD0000530,P000016,3,108.84,326.52
ORD0000530,P000088,3,730.81,2192.43
ORD0000531,P000058,3,473.76,1421.28
ORD0000531,P000074,4,915.8,3663.2
ORD0000532,P000030,2,991.47,1982.94
ORD0000532,P000015,4,803.01,3212.04
ORD0000533,P000006,1,339.56,339.56
ORD0000533,P000087,5,16.49,82.44999999999999
ORD0000533,P000004,5,709.94,3549.7000000000003
ORD0000533,P000063,1,73.02,73.02
ORD0000534,P000004,2,709.94,1419.88
ORD0000535,P000058,1,473.76,473.76
ORD0000535,P000036,2,225.58,451.16
ORD0000535,P000069,3,822.37,2467.11
ORD0000535,P000085,1,591.78,591.78
ORD0000535,P000067,5,296.04,1480.2
ORD0000536,P000084,3,205.66,616.98
ORD0000536,P000017,1,525.47,525.47
ORD0000537,P000020,1,15.55,15.55
ORD0000537,P000010,1,183.93,183.93
ORD0000537,P000001,5,571.03,2855.1499999999996
ORD0000538,P000070,5,692.24,3461.2
ORD0000538,P000054,2,622.14,1244.28
ORD0000538,P000100,4,776.96,3107.84
ORD0000538,P000067,1,296.04,296.04
ORD0000539,P000088,5,730.81,3654.0499999999997
ORD0000539,P000086,3,949.25,2847.75
ORD0000539,P000076,5,171.21,856.0500000000001
ORD0000539,P000087,2,16.49,32.98
ORD0000539,P000075,3,438.9,1316.6999999999998
ORD0000540,P000033,4,644.39,2577.56
ORD0000540,P000067,5,296.04,1480.2
ORD0000540,P000076,3,171.21,513.63
ORD0000540,P000049,5,397.95,1989.75
ORD0000540,P000022,5,294.77,1473.85
ORD0000541,P000036,2,225.58,451.16
ORD0000541,P000089,2,385.38,770.76
ORD0000542,P000082,4,797.58,3190.32
ORD0000542,P000051,5,250.57,1252.85
ORD0000542,P000098,1,647.23,647.23
ORD0000542,P000098,1,647.23,647.23
ORD0000543,P000037,2,870.37,1740.74
ORD0000543,P000044,5,446.54,2232.7000000000003
ORD0000544,P000075,2,438.9,877.8
ORD0000544,P000009,3,462.25,1386.75
ORD0000544,P000067,5,296.04,1480.2
ORD0000544,P000011,3,600.73,1802.19
ORD0000545,P000084,1,205.66,205.66
ORD0000545,P000031,4,91.66,366.64
ORD0000545,P000046,5,580.21,2901.05
ORD0000545,P000088,4,730.81,2923.24
ORD0000545,P000082,4,797.58,3190.32
ORD0000546,P000005,1,202.06,202.06
ORD0000546,P000096,5,118.09,590.45
ORD0000547,P000029,3,96.26,288.78000000000003
ORD0000547,P000082,2,797.58,1595.16
ORD0000547,P000096,4,118.09,472.36
ORD0000547,P000003,2,924.38,1848.76
ORD0000548,P000076,5,171.21,856.0500000000001
ORD0000548,P000047,3,142.41,427.23
ORD0000548,P000059,5,225.97,1129.85
ORD0000548,P000013,5,877.54,4387.7
ORD0000548,P000065,4,392.5,1570.0
ORD0000549,P000016,3,108.84,326.52
ORD0000549,P000014,4,928.24,3712.96
ORD0000549,P000075,3,438.9,1316.6999999999998
ORD0000549,P000056,3,195.56,586.6800000000001
ORD0000549,P000005,5,202.06,1010.3
ORD0000550,P000067,3,296.04,888.1200000000001
ORD0000550,P000007,2,20.07,40.14
ORD0000550,P000065,3,392.5,1177.5
ORD0000550,P000034,2,927.37,1854.74
ORD0000551,P000098,3,647.23,1941.69
ORD0000551,P000012,3,770.03,2310.09
ORD0000552,P000006,1,339.56,339.56
ORD0000552,P000072,5,841.35,4206.75
ORD0000553,P000068,4,453.04,1812.16
ORD0000553,P000033,3,644.39,1933.17
ORD0000553,P000070,3,692.24,2076.7200000000003
ORD0000553,P000017,2,525.47,1050.94
ORD0000554,P000084,3,205.66,616.98
ORD0000555,P000067,3,296.04,888.1200000000001
ORD0000555,P000005,4,202.06,808.24
ORD0000555,P000021,1,482.67,482.67
ORD0000556,P000036,2,225.58,451.16
ORD0000556,P000067,2,296.04,592.08
ORD0000556,P000014,4,928.24,3712.96
ORD0000556,P000070,2,692.24,1384.48
ORD0000557,P000053,1,53.27,53.27
ORD0000557,P000093,2,475.81,951.62
ORD0000557,P000021,1,482.67,482.67
ORD0000557,P000003,2,924.38,1848.76
ORD0000557,P000092,5,162.46,812.3000000000001
ORD0000558,P000047,3,142.41,427.23
ORD0000558,P000047,2,142.41,284.82
ORD0000558,P000020,4,15.55,62.2
ORD0000559,P000002,1,665.5,665.5
ORD0000559,P000010,4,183.93,735.72
ORD0000560,P000035,3,248.76,746.28
ORD0000561,P000075,2,438.9,877.8
ORD0000561,P000098,3,647.23,1941.69
ORD0000561,P000038,5,237.03,1185.15
ORD0000562,P000008,2,237.9,475.8
ORD0000563,P000069,5,822.37,4111.85
ORD0000563,P000067,3,296.04,888.1200000000001
ORD0000563,P000059,2,225.97,451.94
ORD0000563,P000081,2,834.21,1668.42
ORD0000564,P000020,3,15.55,46.650000000000006
ORD0000564,P000054,5,622.14,3110.7
ORD0000565,P000048,5,294.63,1473.15
ORD0000566,P000068,2,453.04,906.08
ORD0000566,P000044,5,446.54,2232.7000000000003
ORD0000567,P000079,1,565.57,565.57
ORD0000568,P000039,3,929.35,2788.05
ORD0000568,P000032,5,837.84,4189.2
ORD0000568,P000091,2,204.84,409.68
ORD0000568,P000021,5,482.67,2413.35
ORD0000569,P000073,3,122.71,368.13
ORD0000569,P000008,4,237.9,951.6
ORD0000569,P000090,2,890.09,1780.18
ORD0000570,P000023,2,670.32,1340.64
ORD0000571,P000031,2,91.66,183.32
ORD0000571,P000009,5,462.25,2311.25
ORD0000571,P000085,5,591.78,2958.8999999999996
ORD0000571,P000088,1,730.81,730.81
ORD0000572,P000036,1,225.58,225.58
ORD0000573,P000029,2,96.26,192.52
ORD0000574,P000099,3,579.66,1738.98
ORD0000574,P000010,5,183.93,919.6500000000001
ORD0000574,P000026,2,78.71,157.42
ORD0000574,P000082,5,797.58,3987.9
ORD0000574,P000095,2,544.11,1088.22
ORD0000575,P000070,2,692.24,1384.48
ORD0000575,P000037,2,870.37,1740.74
ORD0000575,P000093,1,475.81,475.81
ORD0000576,P000045,3,711.71,2135.13
ORD0000576,P000085,1,591.78,591.78
ORD0000576,P000004,3,709.94,2129.82
ORD0000576,P000060,2,606.3,1212.6
ORD0000576,P000036,3,225.58,676.74
ORD0000577,P000037,3,870.37,2611.11
ORD0000577,P000097,5,812.5,4062.5
ORD0000577,P000085,5,591.78,2958.8999999999996
ORD0000577,P000063,1,73.02,73.02
ORD0000577,P000040,2,852.32,1704.64
ORD0000578,P000081,4,834.21,3336.84
ORD0000578,P000070,4,692.24,2768.96
ORD0000578,P000013,5,877.54,4387.7
ORD0000578,P000042,5,274.71,1373.55
ORD0000579,P000048,5,294.63,1473.15
ORD0000579,P000071,4,59.2,236.8
ORD0000579,P000030,4,991.47,3965.88
ORD0000580,P000007,4,20.07,80.28
ORD0000580,P000097,5,812.5,4062.5
ORD0000580,P000067,1,296.04,296.04
ORD0000581,P000022,1,294.77,294.77
ORD0000581,P000080,3,425.06,1275.18
ORD0000582,P000078,1,475.26,475.26
ORD0000582,P000088,2,730.81,1461.62
ORD0000583,P000080,3,425.06,1275.18
ORD0000583,P000074,3,915.8,2747.3999999999996
ORD0000584,P000053,3,53.27,159.81
ORD0000584,P000068,4,453.04,1812.16
ORD0000584,P000005,3,202.06,606.1800000000001
ORD0000584,P000011,4,600.73,2402.92
ORD0000584,P000099,2,579.66,1159.32
ORD0000585,P000098,2,647.23,1294.46
ORD0000585,P000017,2,525.47,1050.94
ORD0000585,P000060,4,606.3,2425.2
ORD0000585,P000047,5,142.41,712.05
ORD0000585,P000010,5,183.93,919.6500000000001
ORD0000586,P000080,5,425.06,2125.3
ORD0000586,P000039,4,929.35,3717.4
ORD0000586,P000013,5,877.54,4387.7
ORD0000586,P000085,4,591.78,2367.12
ORD0000587,P000082,5,797.58,3987.9
ORD0000587,P000047,1,142.41,142.41
ORD0000587,P000019,2,941.21,1882.42
ORD0000587,P000035,2,248.76,497.52
ORD0000588,P000059,4,225.97,903.88
ORD0000588,P000030,3,991.47,2974.41
ORD0000588,P000015,1,803.01,803.01
ORD0000588,P000042,5,274.71,1373.55
ORD0000588,P000065,4,392.5,1570.0
ORD0000589,P000041,5,730.28,3651.3999999999996
ORD0000589,P000037,4,870.37,3481.48
ORD0000589,P000020,5,15.55,77.75
ORD0000589,P000034,1,927.37,927.37
ORD0000590,P000046,2,580.21,1160.42
ORD0000590,P000067,3,296.04,888.1200000000001
ORD0000590,P000037,4,870.37,3481.48
ORD0000590,P000044,1,446.54,446.54
ORD0000591,P000081,2,834.21,1668.42
ORD0000592,P000069,2,822.37,1644.74
ORD0000592,P000084,1,205.66,205.66
ORD0000592,P000066,2,382.36,764.72
ORD0000593,P000096,1,118.09,118.09
ORD0000593,P000074,5,915.8,4579.0
ORD0000593,P000100,3,776.96,2330.88
ORD0000593,P000067,1,296.04,296.04
ORD0000593,P000052,1,148.67,148.67
ORD0000594,P000070,5,692.24,3461.2
ORD0000594,P000050,4,149.61,598.44
ORD0000594,P000041,1,730.28,730.28
ORD0000594,P000043,5,232.18,1160.9
ORD0000595,P000091,2,204.84,409.68
ORD0000595,P000096,3,118.09,354.27
ORD0000595,P000020,1,15.55,15.55
ORD0000595,P000004,1,709.94,709.94
ORD0000595,P000005,5,202.06,1010.3
ORD0000596,P000049,4,397.95,1591.8
ORD0000596,P000065,4,392.5,1570.0
ORD0000596,P000039,2,929.35,1858.7
ORD0000596,P000006,5,339.56,1697.8
ORD0000596,P000024,2,33.52,67.04
ORD0000597,P000071,5,59.2,296.0
ORD0000598,P000099,2,579.66,1159.32
ORD0000598,P000050,5,149.61,748.0500000000001
ORD0000598,P000071,3,59.2,177.60000000000002
ORD0000599,P000062,4,745.88,2983.52
ORD0000599,P000028,5,132.06,660.3
ORD0000599,P000065,4,392.5,1570.0
ORD0000599,P000079,5,565.57,2827.8500000000004
ORD0000599,P000002,4,665.5,2662.0
ORD0000600,P000029,1,96.26,96.26
ORD0000601,P000069,2,822.37,1644.74
ORD0000601,P000080,3,425.06,1275.18
ORD0000602,P000035,5,248.76,1243.8
ORD0000603,P000061,5,422.28,2111.3999999999996
ORD0000604,P000006,4,339.56,1358.24
ORD0000604,P000095,2,544.11,1088.22
ORD0000604,P000066,3,382.36,1147.08
ORD0000605,P000003,2,924.38,1848.76
ORD0000605,P000095,5,544.11,2720.55
ORD0000606,P000091,3,204.84,614.52
ORD0000606,P000098,1,647.23,647.23
ORD0000607,P000099,5,579.66,2898.2999999999997
ORD0000607,P000093,5,475.81,2379.05
ORD0000607,P000025,2,985.57,1971.14
ORD0000608,P000007,2,20.07,40.14
ORD0000609,P000028,3,132.06,396.18
ORD0000609,P000067,4,296.04,1184.16
ORD0000609,P000048,3,294.63,883.89
ORD0000609,P000007,5,20.07,100.35
ORD0000610,P000046,4,580.21,2320.84
ORD0000611,P000032,3,837.84,2513.52
ORD0000611,P000078,2,475.26,950.52
ORD0000611,P000081,1,834.21,834.21
ORD0000611,P000050,3,149.61,448.83000000000004
ORD0000611,P000034,5,927.37,4636.85
ORD0000612,P000082,2,797.58,1595.16
ORD0000612,P000095,4,544.11,2176.44
ORD0000613,P000011,3,600.73,1802.19
ORD0000614,P000052,5,148.67,743.3499999999999
ORD0000614,P000013,3,877.54,2632.62
ORD0000614,P000044,3,446.54,1339.6200000000001
ORD0000614,P000092,2,162.46,324.92
ORD0000614,P000098,1,647.23,647.23
ORD0000615,P000087,5,16.49,82.44999999999999
ORD0000615,P000017,2,525.47,1050.94
ORD0000615,P000064,2,135.37,270.74
ORD0000615,P000045,4,711.71,2846.84
ORD0000616,P000099,3,579.66,1738.98
ORD0000616,P000006,5,339.56,1697.8
ORD0000616,P000018,5,261.78,1308.8999999999999
ORD0000617,P000055,4,173.18,692.72
ORD0000617,P000067,5,296.04,1480.2
ORD0000617,P000072,4,841.35,3365.4
ORD0000618,P000096,1,118.09,118.09
ORD0000618,P000088,5,730.81,3654.0499999999997
ORD0000618,P000014,1,928.24,928.24
ORD0000618,P000027,1,945.04,945.04
ORD0000619,P000020,1,15.55,15.55
ORD0000619,P000031,1,91.66,91.66
ORD0000620,P000094,5,341.12,1705.6
ORD0000620,P000071,1,59.2,59.2
ORD0000620,P000040,1,852.32,852.32
ORD0000620,P000046,4,580.21,2320.84
ORD0000621,P000011,1,600.73,600.73
ORD0000622,P000073,5,122.71,613.55
ORD0000622,P000096,5,118.09,590.45
ORD0000622,P000100,4,776.96,3107.84
ORD0000623,P000084,3,205.66,616.98
ORD0000623,P000056,3,195.56,586.6800000000001
ORD0000623,P000087,3,16.49,49.47
ORD0000623,P000012,5,770.03,3850.1499999999996
ORD0000624,P000045,5,711.71,3558.55
ORD0000624,P000032,5,837.84,4189.2
ORD0000624,P000042,4,274.71,1098.84
ORD0000625,P000004,4,709.94,2839.76
ORD0000625,P000072,5,841.35,4206.75
ORD0000625,P000076,3,171.21,513.63
ORD0000625,P000073,5,122.71,613.55
ORD0000626,P000057,1,124.11,124.11
ORD0000626,P000063,4,73.02,292.08
ORD0000627,P000052,5,148.67,743.3499999999999
ORD0000627,P000097,3,812.5,2437.5
ORD0000628,P000019,5,941.21,4706.05
ORD0000629,P000016,4,108.84,435.36
ORD0000629,P000090,3,890.09,2670.27
ORD0000629,P000020,1,15.55,15.55
ORD0000629,P000037,3,870.37,2611.11
ORD0000629,P000096,1,118.09,118.09
ORD0000630,P000018,5,261.78,1308.8999999999999
ORD0000630,P000063,2,73.02,146.04
ORD0000631,P000052,1,148.67,148.67
ORD0000631,P000062,4,745.88,2983.52
ORD0000631,P000075,2,438.9,877.8
ORD0000631,P000095,3,544.11,1632.33
ORD0000632,P000064,2,135.37,270.74
ORD0000633,P000076,4,171.21,684.84
ORD0000633,P000076,1,171.21,171.21
ORD0000633,P000094,5,341.12,1705.6
ORD0000633,P000035,5,248.76,1243.8
ORD0000634,P000010,1,183.93,183.93
ORD0000634,P000012,3,770.03,2310.09
ORD0000634,P000021,1,482.67,482.67
ORD0000634,P000092,5,162.46,812.3000000000001
ORD0000634,P000040,2,852.32,1704.64
ORD0000635,P000096,1,118.09,118.09
ORD0000635,P000062,4,745.88,2983.52
ORD0000635,P000015,1,803.01,803.01
ORD0000636,P000042,1,274.71,274.71
ORD0000636,P000027,5,945.04,4725.2
ORD0000636,P000077,5,909.58,4547.900000000001
ORD0000637,P000077,3,909.58,2728.7400000000002
ORD0000637,P000005,2,202.06,404.12
ORD0000637,P000077,5,909.58,4547.900000000001
ORD0000638,P000086,5,949.25,4746.25
ORD0000638,P000063,4,73.02,292.08
ORD0000638,P000090,2,890.09,1780.18
ORD0000639,P000082,2,797.58,1595.16
ORD0000639,P000022,3,294.77,884.31
ORD0000639,P000024,1,33.52,33.52
ORD0000639,P000055,4,173.18,692.72
ORD0000639,P000043,1,232.18,232.18
ORD0000640,P000099,3,579.66,1738.98
ORD0000640,P000099,5,579.66,2898.2999999999997
ORD0000640,P000062,3,745.88,2237.64
ORD0000640,P000099,1,579.66,579.66
ORD0000641,P000084,4,205.66,822.64
ORD0000641,P000006,5,339.56,1697.8
ORD0000641,P000073,3,122.71,368.13
ORD0000641,P000076,3,171.21,513.63
ORD0000642,P000050,5,149.61,748.0500000000001
ORD0000642,P000004,1,709.94,709.94
ORD0000643,P000024,4,33.52,134.08
ORD0000643,P000084,2,205.66,411.32
ORD0000643,P000027,2,945.04,1890.08
ORD0000643,P000067,4,296.04,1184.16
ORD0000644,P000069,5,822.37,4111.85
ORD0000644,P000076,4,171.21,684.84
ORD0000644,P000054,2,622.14,1244.28
ORD0000644,P000088,5,730.81,3654.0499999999997
ORD0000645,P000088,1,730.81,730.81
ORD0000645,P000098,2,647.23,1294.46
ORD0000645,P000090,3,890.09,2670.27
ORD0000645,P000086,4,949.25,3797.0
ORD0000646,P000048,4,294.63,1178.52
ORD0000646,P000007,2,20.07,40.14
ORD0000646,P000025,2,985.57,1971.14
ORD0000647,P000091,3,204.84,614.52
ORD0000647,P000046,2,580.21,1160.42
ORD0000647,P000057,3,124.11,372.33
ORD0000648,P000055,2,173.18,346.36
ORD0000649,P000079,4,565.57,2262.28
ORD0000649,P000083,5,854.01,4270.05
ORD0000649,P000026,1,78.71,78.71
ORD0000650,P000089,1,385.38,385.38
ORD0000651,P000006,5,339.56,1697.8
ORD0000651,P000095,3,544.11,1632.33
ORD0000651,P000087,2,16.49,32.98
ORD0000651,P000020,5,15.55,77.75
ORD0000651,P000088,5,730.81,3654.0499999999997
ORD0000652,P000053,3,53.27,159.81
ORD0000652,P000004,2,709.94,1419.88
ORD0000652,P000056,2,195.56,391.12
ORD0000652,P000099,4,579.66,2318.64
ORD0000652,P000089,1,385.38,385.38
ORD0000653,P000085,2,591.78,1183.56
ORD0000653,P000012,2,770.03,1540.06
ORD0000653,P000081,5,834.21,4171.05
ORD0000654,P000041,5,730.28,3651.3999999999996
ORD0000655,P000084,4,205.66,822.64
ORD0000655,P000024,1,33.52,33.52
ORD0000655,P000069,2,822.37,1644.74
ORD0000655,P000048,3,294.63,883.89
ORD0000656,P000064,4,135.37,541.48
ORD0000656,P000078,1,475.26,475.26
ORD0000656,P000015,1,803.01,803.01
ORD0000656,P000099,1,579.66,579.66
ORD0000657,P000010,3,183.93,551.79
ORD0000658,P000030,3,991.47,2974.41
ORD0000658,P000025,4,985.57,3942.28
ORD0000658,P000027,5,945.04,4725.2
ORD0000658,P000078,2,475.26,950.52
ORD0000658,P000051,4,250.57,1002.28
ORD0000659,P000031,1,91.66,91.66
ORD0000660,P000080,2,425.06,850.12
ORD0000660,P000089,3,385.38,1156.1399999999999
ORD0000660,P000017,2,525.47,1050.94
ORD0000660,P000012,2,770.03,1540.06
ORD0000661,P000100,3,776.96,2330.88
ORD0000661,P000062,3,745.88,2237.64
ORD0000661,P000042,4,274.71,1098.84
ORD0000661,P000061,4,422.28,1689.12
ORD0000661,P000048,3,294.63,883.89
ORD0000662,P000019,2,941.21,1882.42
ORD0000662,P000046,3,580.21,1740.63
ORD0000662,P000051,5,250.57,1252.85
ORD0000663,P000036,2,225.58,451.16
ORD0000663,P000067,1,296.04,296.04
ORD0000664,P000091,5,204.84,1024.2
ORD0000664,P000064,4,135.37,541.48
ORD0000664,P000098,1,647.23,647.23
ORD0000664,P000005,3,202.06,606.1800000000001
ORD0000664,P000016,5,108.84,544.2
ORD0000665,P000096,3,118.09,354.27
ORD0000665,P000073,4,122.71,490.84
ORD0000666,P000056,1,195.56,195.56
ORD0000666,P000040,2,852.32,1704.64
ORD0000667,P000068,3,453.04,1359.1200000000001
ORD0000668,P000001,2,571.03,1142.06
ORD0000668,P000028,3,132.06,396.18
ORD0000668,P000093,2,475.81,951.62
ORD0000668,P000012,5,770.03,3850.1499999999996
ORD0000669,P000005,5,202.06,1010.3
ORD0000669,P000019,4,941.21,3764.84
ORD0000669,P000054,5,622.14,3110.7
ORD0000670,P000039,2,929.35,1858.7
ORD0000670,P000053,1,53.27,53.27
ORD0000670,P000020,2,15.55,31.1
ORD0000670,P000004,1,709.94,709.94
ORD0000670,P000034,5,927.37,4636.85
ORD0000671,P000057,4,124.11,496.44
ORD0000671,P000067,3,296.04,888.1200000000001
ORD0000671,P000061,4,422.28,1689.12
ORD0000672,P000048,3,294.63,883.89
ORD0000672,P000003,1,924.38,924.38
ORD0000672,P000061,5,422.28,2111.3999999999996
ORD0000672,P000001,5,571.03,2855.1499999999996
ORD0000672,P000053,4,53.27,213.08
ORD0000673,P000100,2,776.96,1553.92
ORD0000673,P000049,1,397.95,397.95
ORD0000673,P000078,3,475.26,1425.78
ORD0000673,P000046,1,580.21,580.21
ORD0000673,P000093,1,475.81,475.81
ORD0000674,P000091,3,204.84,614.52
ORD0000675,P000066,4,382.36,1529.44
ORD0000675,P000083,1,854.01,854.01
ORD0000675,P000049,2,397.95,795.9
ORD0000676,P000009,5,462.25,2311.25
ORD0000676,P000082,3,797.58,2392.7400000000002
ORD0000677,P000015,3,803.01,2409.0299999999997
ORD0000678,P000060,2,606.3,1212.6
ORD0000678,P000003,4,924.38,3697.52
ORD0000678,P000045,1,711.71,711.71
ORD0000679,P000042,3,274.71,824.1299999999999
ORD0000679,P000060,2,606.3,1212.6
ORD0000679,P000038,1,237.03,237.03
ORD0000679,P000067,5,296.04,1480.2
ORD0000680,P000018,1,261.78,261.78
ORD0000680,P000013,5,877.54,4387.7
ORD0000680,P000095,4,544.11,2176.44
ORD0000680,P000100,3,776.96,2330.88
ORD0000680,P000085,4,591.78,2367.12
ORD0000681,P000002,3,665.5,1996.5
ORD0000681,P000045,2,711.71,1423.42
ORD0000682,P000028,1,132.06,132.06
ORD0000682,P000022,3,294.77,884.31
ORD0000682,P000080,5,425.06,2125.3
ORD0000683,P000022,3,294.77,884.31
ORD0000684,P000042,4,274.71,1098.84
ORD0000684,P000055,5,173.18,865.9000000000001
ORD0000684,P000052,5,148.67,743.3499999999999
ORD0000684,P000043,3,232.18,696.54
ORD0000684,P000043,1,232.18,232.18
ORD0000685,P000078,4,475.26,1901.04
ORD0000685,P000071,3,59.2,177.60000000000002
ORD0000685,P000067,5,296.04,1480.2
ORD0000685,P000066,1,382.36,382.36
ORD0000686,P000025,1,985.57,985.57
ORD0000687,P000029,3,96.26,288.78000000000003
ORD0000688,P000073,2,122.71,245.42
ORD0000689,P000001,5,571.03,2855.1499999999996
ORD0000689,P000066,2,382.36,764.72
ORD0000689,P000060,3,606.3,1818.8999999999999
ORD0000690,P000088,3,730.81,2192.43
ORD0000690,P000022,3,294.77,884.31
ORD0000690,P000011,5,600.73,3003.65
ORD0000691,P000028,4,132.06,528.24
ORD0000691,P000039,5,929.35,4646.75
ORD0000691,P000061,1,422.28,422.28
ORD0000692,P000015,4,803.01,3212.04
ORD0000692,P000069,2,822.37,1644.74
ORD0000692,P000095,3,544.11,1632.33
ORD0000692,P000091,4,204.84,819.36
ORD0000693,P000012,4,770.03,3080.12
ORD0000694,P000065,5,392.5,1962.5
ORD0000694,P000038,2,237.03,474.06
ORD0000694,P000067,1,296.04,296.04
ORD0000694,P000078,3,475.26,1425.78
ORD0000694,P000019,5,941.21,4706.05
ORD0000695,P000082,4,797.58,3190.32
ORD0000695,P000011,2,600.73,1201.46
ORD0000695,P000032,5,837.84,4189.2
ORD0000695,P000038,5,237.03,1185.15
ORD0000696,P000091,4,204.84,819.36
ORD0000696,P000080,5,425.06,2125.3
ORD0000696,P000028,5,132.06,660.3
ORD0000697,P000030,3,991.47,2974.41
ORD0000697,P000039,3,929.35,2788.05
ORD0000697,P000045,4,711.71,2846.84
ORD0000697,P000065,5,392.5,1962.5
ORD0000697,P000014,5,928.24,4641.2
ORD0000698,P000046,5,580.21,2901.05
ORD0000698,P000062,5,745.88,3729.4
ORD0000699,P000033,2,644.39,1288.78
ORD0000699,P000051,4,250.57,1002.28
ORD0000700,P000018,2,261.78,523.56
ORD0000700,P000030,2,991.47,1982.94
ORD0000701,P000069,1,822.37,822.37
ORD0000701,P000020,4,15.55,62.2
ORD0000701,P000071,1,59.2,59.2
ORD0000702,P000086,1,949.25,949.25
ORD0000702,P000030,2,991.47,1982.94
ORD0000703,P000073,1,122.71,122.71
ORD0000703,P000005,1,202.06,202.06
ORD0000703,P000014,3,928.24,2784.7200000000003
ORD0000704,P000045,5,711.71,3558.55
ORD0000704,P000090,4,890.09,3560.36
ORD0000704,P000013,1,877.54,877.54
ORD0000704,P000089,4,385.38,1541.52
ORD0000705,P000054,3,622.14,1866.42
ORD0000705,P000085,4,591.78,2367.12
ORD0000706,P000086,4,949.25,3797.0
ORD0000706,P000029,2,96.26,192.52
ORD0000706,P000052,5,148.67,743.3499999999999
ORD0000706,P000056,3,195.56,586.6800000000001
ORD0000706,P000052,4,148.67,594.68
ORD0000707,P000055,1,173.18,173.18
ORD0000708,P000019,4,941.21,3764.84
ORD0000708,P000087,2,16.49,32.98
ORD0000709,P000057,1,124.11,124.11
ORD0000709,P000075,3,438.9,1316.6999999999998
ORD0000710,P000036,5,225.58,1127.9
ORD0000710,P000064,4,135.37,541.48
ORD0000710,P000058,2,473.76,947.52
ORD0000710,P000032,1,837.84,837.84
ORD0000710,P000093,4,475.81,1903.24
ORD0000711,P000017,1,525.47,525.47
ORD0000711,P000065,3,392.5,1177.5
ORD0000711,P000020,2,15.55,31.1
ORD0000712,P000096,2,118.09,236.18
ORD0000712,P000076,1,171.21,171.21
ORD0000712,P000084,5,205.66,1028.3
ORD0000712,P000028,3,132.06,396.18
ORD0000713,P000007,4,20.07,80.28
ORD0000713,P000040,4,852.32,3409.28
ORD0000714,P000089,3,385.38,1156.1399999999999
ORD0000715,P000091,3,204.84,614.52
ORD0000715,P000021,2,482.67,965.34
ORD0000715,P000013,1,877.54,877.54
ORD0000715,P000062,3,745.88,2237.64
ORD0000715,P000029,4,96.26,385.04
ORD0000716,P000044,4,446.54,1786.16
ORD0000716,P000096,4,118.09,472.36
ORD0000716,P000098,3,647.23,1941.69
ORD0000716,P000079,5,565.57,2827.8500000000004
ORD0000716,P000004,2,709.94,1419.88
ORD0000717,P000086,2,949.25,1898.5
ORD0000718,P000063,3,73.02,219.06
ORD0000718,P000079,1,565.57,565.57
ORD0000718,P000009,3,462.25,1386.75
ORD0000719,P000018,5,261.78,1308.8999999999999
ORD0000719,P000096,4,118.09,472.36
ORD0000719,P000038,5,237.03,1185.15
ORD0000719,P000100,2,776.96,1553.92
ORD0000720,P000026,2,78.71,157.42
ORD0000721,P000008,5,237.9,1189.5
ORD0000722,P000006,2,339.56,679.12
ORD0000722,P000013,5,877.54,4387.7
ORD0000723,P000033,4,644.39,2577.56
ORD0000723,P000088,1,730.81,730.81
ORD0000724,P000076,1,171.21,171.21
ORD0000724,P000100,4,776.96,3107.84
ORD0000725,P000053,3,53.27,159.81
ORD0000725,P000081,4,834.21,3336.84
ORD0000726,P000096,2,118.09,236.18
ORD0000726,P000018,1,261.78,261.78
ORD0000726,P000059,1,225.97,225.97
ORD0000727,P000092,2,162.46,324.92
ORD0000728,P000025,1,985.57,985.57
ORD0000728,P000022,3,294.77,884.31
ORD0000728,P000064,1,135.37,135.37
ORD0000729,P000028,4,132.06,528.24
ORD0000729,P000001,4,571.03,2284.12
ORD0000730,P000071,3,59.2,177.60000000000002
ORD0000730,P000067,5,296.04,1480.2
ORD0000730,P000003,2,924.38,1848.76
ORD0000730,P000018,5,261.78,1308.8999999999999
ORD0000731,P000089,4,385.38,1541.52
ORD0000731,P000033,4,644.39,2577.56
ORD0000732,P000006,1,339.56,339.56
ORD0000732,P000067,1,296.04,296.04
ORD0000733,P000061,2,422.28,844.56
ORD0000733,P000097,5,812.5,4062.5
ORD0000733,P000040,1,852.32,852.32
ORD0000734,P000005,2,202.06,404.12
ORD0000734,P000059,1,225.97,225.97
ORD0000735,P000079,1,565.57,565.57
ORD0000736,P000086,2,949.25,1898.5
ORD0000736,P000083,5,854.01,4270.05
ORD0000736,P000013,1,877.54,877.54
ORD0000736,P000041,4,730.28,2921.12
ORD0000737,P000070,3,692.24,2076.7200000000003
ORD0000737,P000096,2,118.09,236.18
ORD0000737,P000011,5,600.73,3003.65
ORD0000738,P000025,3,985.57,2956.71
ORD0000738,P000038,5,237.03,1185.15
ORD0000738,P000013,4,877.54,3510.16
ORD0000738,P000003,1,924.38,924.38
ORD0000738,P000012,1,770.03,770.03
ORD0000739,P000083,1,854.01,854.01
ORD0000739,P000001,1,571.03,571.03
ORD0000740,P000024,2,33.52,67.04
ORD0000741,P000082,1,797.58,797.58
ORD0000741,P000033,2,644.39,1288.78
ORD0000742,P000043,1,232.18,232.18
ORD0000742,P000044,5,446.54,2232.7000000000003
ORD0000743,P000052,4,148.67,594.68
ORD0000743,P000084,1,205.66,205.66
ORD0000743,P000029,5,96.26,481.3
ORD0000744,P000086,1,949.25,949.25
ORD0000745,P000041,2,730.28,1460.56
ORD0000745,P000025,1,985.57,985.57
ORD0000746,P000058,4,473.76,1895.04
ORD0000746,P000092,3,162.46,487.38
ORD0000747,P000051,2,250.57,501.14
ORD0000747,P000091,2,204.84,409.68
ORD0000747,P000043,1,232.18,232.18
ORD0000747,P000025,5,985.57,4927.85
ORD0000748,P000048,2,294.63,589.26
ORD0000748,P000030,5,991.47,4957.35
ORD0000748,P000015,3,803.01,2409.0299999999997
ORD0000749,P000006,3,339.56,1018.6800000000001
ORD0000749,P000074,1,915.8,915.8
ORD0000750,P000055,1,173.18,173.18
ORD0000751,P000080,2,425.06,850.12
ORD0000751,P000067,3,296.04,888.1200000000001
ORD0000751,P000067,1,296.04,296.04
ORD0000751,P000016,3,108.84,326.52
ORD0000752,P000013,3,877.54,2632.62
ORD0000752,P000018,4,261.78,1047.12
ORD0000752,P000067,4,296.04,1184.16
ORD0000752,P000046,5,580.21,2901.05
ORD0000752,P000017,3,525.47,1576.41
ORD0000753,P000092,1,162.46,162.46
ORD0000753,P000024,3,33.52,100.56
ORD0000753,P000032,5,837.84,4189.2
ORD0000754,P000036,1,225.58,225.58
ORD0000755,P000005,2,202.06,404.12
ORD0000755,P000022,4,294.77,1179.08
ORD0000756,P000067,5,296.04,1480.2
ORD0000756,P000011,4,600.73,2402.92
ORD0000756,P000012,4,770.03,3080.12
ORD0000756,P000079,2,565.57,1131.14
ORD0000756,P000095,1,544.11,544.11
ORD0000757,P000099,2,579.66,1159.32
ORD0000757,P000093,4,475.81,1903.24
ORD0000757,P000055,3,173.18,519.54
ORD0000757,P000054,1,622.14,622.14
ORD0000758,P000099,3,579.66,1738.98
ORD0000758,P000048,5,294.63,1473.15
ORD0000758,P000070,2,692.24,1384.48
ORD0000758,P000055,1,173.18,173.18
ORD0000759,P000062,3,745.88,2237.64
ORD0000759,P000082,5,797.58,3987.9
ORD0000759,P000026,4,78.71,314.84
ORD0000760,P000031,3,91.66,274.98
ORD0000761,P000052,3,148.67,446.01
ORD0000761,P000007,2,20.07,40.14
ORD0000761,P000066,5,382.36,1911.8000000000002
ORD0000761,P000085,1,591.78,591.78
ORD0000762,P000030,2,991.47,1982.94
ORD0000762,P000053,3,53.27,159.81
ORD0000763,P000028,2,132.06,264.12
ORD0000763,P000041,4,730.28,2921.12
ORD0000763,P000089,2,385.38,770.76
ORD0000763,P000096,3,118.09,354.27
ORD0000763,P000040,5,852.32,4261.6
ORD0000764,P000018,5,261.78,1308.8999999999999
ORD0000764,P000001,4,571.03,2284.12
ORD0000764,P000020,4,15.55,62.2
ORD0000765,P000031,5,91.66,458.29999999999995
ORD0000765,P000028,3,132.06,396.18
ORD0000766,P000021,4,482.67,1930.68
ORD0000766,P000008,2,237.9,475.8
ORD0000766,P000059,5,225.97,1129.85
ORD0000766,P000069,5,822.37,4111.85
ORD0000767,P000039,3,929.35,2788.05
ORD0000767,P000046,3,580.21,1740.63
ORD0000767,P000086,1,949.25,949.25
ORD0000768,P000011,4,600.73,2402.92
ORD0000768,P000037,1,870.37,870.37
ORD0000768,P000069,5,822.37,4111.85
ORD0000768,P000047,2,142.41,284.82
ORD0000768,P000043,5,232.18,1160.9
ORD0000769,P000089,3,385.38,1156.1399999999999
ORD0000770,P000082,3,797.58,2392.7400000000002
ORD0000770,P000043,1,232.18,232.18
ORD0000770,P000020,2,15.55,31.1
ORD0000770,P000036,3,225.58,676.74
ORD0000771,P000028,4,132.06,528.24
ORD0000771,P000093,3,475.81,1427.43
ORD0000771,P000077,5,909.58,4547.900000000001
ORD0000771,P000064,4,135.37,541.48
ORD0000772,P000056,2,195.56,391.12
ORD0000772,P000034,1,927.37,927.37
ORD0000772,P000064,1,135.37,135.37
ORD0000772,P000013,4,877.54,3510.16
ORD0000773,P000004,5,709.94,3549.7000000000003
ORD0000773,P000035,4,248.76,995.04
ORD0000774,P000046,5,580.21,2901.05
ORD0000774,P000010,2,183.93,367.86
ORD0000775,P000041,4,730.28,2921.12
ORD0000775,P000006,5,339.56,1697.8
ORD0000776,P000043,1,232.18,232.18
ORD0000777,P000055,3,173.18,519.54
ORD0000777,P000008,2,237.9,475.8
ORD0000777,P000100,3,776.96,2330.88
ORD0000777,P000050,5,149.61,748.0500000000001
ORD0000778,P000006,4,339.56,1358.24
ORD0000778,P000044,4,446.54,1786.16
ORD0000778,P000016,3,108.84,326.52
ORD0000778,P000073,2,122.71,245.42
ORD0000779,P000090,3,890.09,2670.27
ORD0000779,P000017,2,525.47,1050.94
ORD0000779,P000022,3,294.77,884.31
ORD0000780,P000014,1,928.24,928.24
ORD0000781,P000040,1,852.32,852.32
ORD0000781,P000037,1,870.37,870.37
ORD0000782,P000053,2,53.27,106.54
ORD0000782,P000027,2,945.04,1890.08
ORD0000783,P000070,2,692.24,1384.48
ORD0000783,P000007,2,20.07,40.14
ORD0000783,P000012,1,770.03,770.03
ORD0000783,P000081,4,834.21,3336.84
ORD0000783,P000007,4,20.07,80.28
ORD0000784,P000062,1,745.88,745.88
ORD0000785,P000079,2,565.57,1131.14
ORD0000785,P000032,1,837.84,837.84
ORD0000785,P000034,4,927.37,3709.48
ORD0000785,P000089,5,385.38,1926.9
ORD0000785,P000045,5,711.71,3558.55
ORD0000786,P000072,3,841.35,2524.05
ORD0000786,P000057,1,124.11,124.11
ORD0000786,P000010,1,183.93,183.93
ORD0000786,P000028,1,132.06,132.06
ORD0000787,P000090,1,890.09,890.09
ORD0000787,P000059,5,225.97,1129.85
ORD0000787,P000088,1,730.81,730.81
ORD0000787,P000061,4,422.28,1689.12
ORD0000788,P000004,2,709.94,1419.88
ORD0000788,P000039,1,929.35,929.35
ORD0000788,P000008,5,237.9,1189.5
ORD0000788,P000074,4,915.8,3663.2
ORD0000789,P000078,2,475.26,950.52
ORD0000790,P000023,2,670.32,1340.64
ORD0000790,P000011,5,600.73,3003.65
ORD0000791,P000071,4,59.2,236.8
ORD0000791,P000031,3,91.66,274.98
ORD0000791,P000091,1,204.84,204.84
ORD0000792,P000031,2,91.66,183.32
ORD0000792,P000013,3,877.54,2632.62
ORD0000792,P000077,1,909.58,909.58
ORD0000792,P000063,3,73.02,219.06
ORD0000793,P000019,4,941.21,3764.84
ORD0000793,P000053,1,53.27,53.27
ORD0000794,P000003,3,924.38,2773.14
ORD0000794,P000056,1,195.56,195.56
ORD0000794,P000035,5,248.76,1243.8
ORD0000795,P000088,1,730.81,730.81
ORD0000795,P000063,5,73.02,365.09999999999997
ORD0000796,P000068,5,453.04,2265.2000000000003
ORD0000797,P000029,4,96.26,385.04
ORD0000797,P000063,3,73.02,219.06
ORD0000797,P000085,1,591.78,591.78
ORD0000797,P000034,2,927.37,1854.74
ORD0000797,P000005,4,202.06,808.24
ORD0000798,P000094,5,341.12,1705.6
ORD0000798,P000008,3,237.9,713.7
ORD0000798,P000092,5,162.46,812.3000000000001
ORD0000798,P000050,3,149.61,448.83000000000004
ORD0000799,P000045,5,711.71,3558.55
ORD0000799,P000036,2,225.58,451.16
ORD0000799,P000015,3,803.01,2409.0299999999997
ORD0000799,P000040,2,852.32,1704.64
ORD0000800,P000017,2,525.47,1050.94
ORD0000800,P000088,1,730.81,730.81
ORD0000800,P000044,5,446.54,2232.7000000000003
ORD0000801,P000056,4,195.56,782.24
ORD0000802,P000013,3,877.54,2632.62
ORD0000802,P000093,1,475.81,475.81
ORD0000802,P000014,2,928.24,1856.48
ORD0000802,P000058,4,473.76,1895.04
ORD0000803,P000086,2,949.25,1898.5
ORD0000803,P000086,3,949.25,2847.75
ORD0000803,P000018,4,261.78,1047.12
ORD0000803,P000043,2,232.18,464.36
ORD0000804,P000036,3,225.58,676.74
ORD0000804,P000012,4,770.03,3080.12
ORD0000804,P000052,4,148.67,594.68
ORD0000804,P000026,5,78.71,393.54999999999995
ORD0000805,P000037,5,870.37,4351.85
ORD0000805,P000006,3,339.56,1018.6800000000001
ORD0000805,P000002,3,665.5,1996.5
ORD0000805,P000015,1,803.01,803.01
ORD0000806,P000050,4,149.61,598.44
ORD0000806,P000030,2,991.47,1982.94
ORD0000806,P000030,2,991.47,1982.94
ORD0000806,P000056,1,195.56,195.56
ORD0000807,P000035,3,248.76,746.28
ORD0000807,P000032,5,837.84,4189.2
ORD0000807,P000010,3,183.93,551.79
ORD0000807,P000061,2,422.28,844.56
ORD0000807,P000053,5,53.27,266.35
ORD0000808,P000040,3,852.32,2556.96
ORD0000808,P000028,1,132.06,132.06
ORD0000808,P000041,1,730.28,730.28
ORD0000808,P000003,1,924.38,924.38
ORD0000808,P000060,3,606.3,1818.8999999999999
ORD0000809,P000053,2,53.27,106.54
ORD0000809,P000012,4,770.03,3080.12
ORD0000809,P000085,5,591.78,2958.8999999999996
ORD0000809,P000038,1,237.03,237.03
ORD0000809,P000100,4,776.96,3107.84
ORD0000810,P000099,1,579.66,579.66
ORD0000810,P000022,3,294.77,884.31
ORD0000810,P000025,5,985.57,4927.85
ORD0000810,P000029,1,96.26,96.26
ORD0000810,P000002,2,665.5,1331.0
ORD0000811,P000043,4,232.18,928.72
ORD0000811,P000086,1,949.25,949.25
ORD0000811,P000065,2,392.5,785.0
ORD0000811,P000077,1,909.58,909.58
ORD0000812,P000066,2,382.36,764.72
ORD0000812,P000003,4,924.38,3697.52
ORD0000812,P000039,3,929.35,2788.05
ORD0000813,P000023,4,670.32,2681.28
ORD0000813,P000058,4,473.76,1895.04
ORD0000813,P000083,5,854.01,4270.05
ORD0000813,P000055,5,173.18,865.9000000000001
ORD0000813,P000053,3,53.27,159.81
ORD0000814,P000023,2,670.32,1340.64
ORD0000814,P000024,2,33.52,67.04
ORD0000814,P000081,2,834.21,1668.42
ORD0000815,P000016,3,108.84,326.52
ORD0000815,P000005,2,202.06,404.12
ORD0000816,P000014,2,928.24,1856.48
ORD0000816,P000055,1,173.18,173.18
ORD0000816,P000035,3,248.76,746.28
ORD0000816,P000046,5,580.21,2901.05
ORD0000816,P000014,4,928.24,3712.96
ORD0000817,P000009,3,462.25,1386.75
ORD0000818,P000026,2,78.71,157.42
ORD0000818,P000023,1,670.32,670.32
ORD0000818,P000043,5,232.18,1160.9
ORD0000818,P000024,4,33.52,134.08
ORD0000819,P000034,3,927.37,2782.11
ORD0000819,P000025,3,985.57,2956.71
ORD0000819,P000027,5,945.04,4725.2
ORD0000820,P000074,4,915.8,3663.2
ORD0000820,P000022,4,294.77,1179.08
ORD0000821,P000044,1,446.54,446.54
ORD0000821,P000010,2,183.93,367.86
ORD0000821,P000030,2,991.47,1982.94
ORD0000822,P000074,1,915.8,915.8
ORD0000823,P000024,5,33.52,167.60000000000002
ORD0000823,P000076,5,171.21,856.0500000000001
ORD0000823,P000037,3,870.37,2611.11
ORD0000823,P000003,5,924.38,4621.9
ORD0000823,P000057,4,124.11,496.44
ORD0000824,P000092,4,162.46,649.84
ORD0000824,P000084,1,205.66,205.66
ORD0000824,P000021,1,482.67,482.67
ORD0000824,P000077,3,909.58,2728.7400000000002
ORD0000825,P000029,4,96.26,385.04
ORD0000826,P000073,2,122.71,245.42
ORD0000826,P000100,2,776.96,1553.92
ORD0000826,P000015,4,803.01,3212.04
ORD0000826,P000017,4,525.47,2101.88
ORD0000826,P000002,2,665.5,1331.0
ORD0000827,P000023,1,670.32,670.32
ORD0000827,P000049,5,397.95,1989.75
ORD0000828,P000012,5,770.03,3850.1499999999996
ORD0000828,P000086,1,949.25,949.25
ORD0000828,P000039,5,929.35,4646.75
ORD0000829,P000063,4,73.02,292.08
ORD0000829,P000067,2,296.04,592.08
ORD0000830,P000005,4,202.06,808.24
ORD0000830,P000014,1,928.24,928.24
ORD0000830,P000029,2,96.26,192.52
ORD0000830,P000017,3,525.47,1576.41
ORD0000830,P000008,5,237.9,1189.5
ORD0000831,P000007,4,20.07,80.28
ORD0000831,P000080,1,425.06,425.06
ORD0000831,P000053,4,53.27,213.08
ORD0000831,P000058,5,473.76,2368.8
ORD0000832,P000036,1,225.58,225.58
ORD0000832,P000074,4,915.8,3663.2
ORD0000832,P000010,3,183.93,551.79
ORD0000833,P000068,1,453.04,453.04
ORD0000833,P000054,3,622.14,1866.42
ORD0000834,P000073,5,122.71,613.55
ORD0000835,P000060,2,606.3,1212.6
ORD0000835,P000039,5,929.35,4646.75
ORD0000835,P000016,4,108.84,435.36
ORD0000835,P000046,2,580.21,1160.42
ORD0000835,P000031,5,91.66,458.29999999999995
ORD0000836,P000069,1,822.37,822.37
ORD0000836,P000073,3,122.71,368.13
ORD0000836,P000029,4,96.26,385.04
ORD0000836,P000035,4,248.76,995.04
ORD0000837,P000008,3,237.9,713.7
ORD0000837,P000001,4,571.03,2284.12
ORD0000837,P000026,4,78.71,314.84
ORD0000838,P000062,3,745.88,2237.64
ORD0000838,P000012,4,770.03,3080.12
ORD0000839,P000029,2,96.26,192.52
ORD0000840,P000095,2,544.11,1088.22
ORD0000840,P000061,4,422.28,1689.12
ORD0000840,P000068,3,453.04,1359.1200000000001
ORD0000840,P000001,5,571.03,2855.1499999999996
ORD0000841,P000050,1,149.61,149.61
ORD0000841,P000075,3,438.9,1316.6999999999998
ORD0000841,P000099,3,579.66,1738.98
ORD0000841,P000001,5,571.03,2855.1499999999996
ORD0000841,P000064,4,135.37,541.48
ORD0000842,P000006,2,339.56,679.12
ORD0000842,P000017,1,525.47,525.47
ORD0000842,P000043,1,232.18,232.18
ORD0000842,P000001,1,571.03,571.03
ORD0000843,P000039,1,929.35,929.35
ORD0000843,P000053,4,53.27,213.08
ORD0000843,P000095,2,544.11,1088.22
ORD0000844,P000062,3,745.88,2237.64
ORD0000844,P000011,1,600.73,600.73
ORD0000844,P000088,4,730.81,2923.24
ORD0000844,P000027,5,945.04,4725.2
ORD0000844,P000010,4,183.93,735.72
ORD0000845,P000090,5,890.09,4450.45
ORD0000845,P000022,2,294.77,589.54
ORD0000845,P000011,3,600.73,1802.19
ORD0000845,P000084,3,205.66,616.98
ORD0000845,P000073,2,122.71,245.42
ORD0000846,P000040,4,852.32,3409.28
ORD0000846,P000091,1,204.84,204.84
ORD0000846,P000079,1,565.57,565.57
ORD0000847,P000091,4,204.84,819.36
ORD0000847,P000012,5,770.03,3850.1499999999996
ORD0000847,P000089,4,385.38,1541.52
ORD0000848,P000054,5,622.14,3110.7
ORD0000848,P000047,4,142.41,569.64
ORD0000849,P000058,3,473.76,1421.28
ORD0000849,P000017,2,525.47,1050.94
ORD0000849,P000049,5,397.95,1989.75
ORD0000850,P000086,2,949.25,1898.5
ORD0000850,P000025,5,985.57,4927.85
ORD0000850,P000019,5,941.21,4706.05
ORD0000851,P000075,1,438.9,438.9
ORD0000851,P000032,5,837.84,4189.2
ORD0000851,P000077,1,909.58,909.58
ORD0000852,P000043,5,232.18,1160.9
ORD0000852,P000076,5,171.21,856.0500000000001
ORD0000852,P000012,3,770.03,2310.09
ORD0000853,P000078,5,475.26,2376.3
ORD0000854,P000089,4,385.38,1541.52
ORD0000854,P000004,5,709.94,3549.7000000000003
ORD0000854,P000035,4,248.76,995.04
ORD0000854,P000079,3,565.57,1696.71
ORD0000854,P000030,1,991.47,991.47
ORD0000855,P000003,4,924.38,3697.52
ORD0000856,P000013,2,877.54,1755.08
ORD0000856,P000027,5,945.04,4725.2
ORD0000857,P000082,1,797.58,797.58
ORD0000857,P000079,1,565.57,565.57
ORD0000857,P000064,3,135.37,406.11
ORD0000857,P000094,2,341.12,682.24
ORD0000857,P000042,3,274.71,824.1299999999999
ORD0000858,P000002,2,665.5,1331.0
ORD0000858,P000053,4,53.27,213.08
ORD0000859,P000082,2,797.58,1595.16
ORD0000859,P000044,3,446.54,1339.6200000000001
ORD0000859,P000008,4,237.9,951.6
ORD0000859,P000032,5,837.84,4189.2
ORD0000859,P000015,5,803.01,4015.05
ORD0000860,P000016,4,108.84,435.36
ORD0000860,P000039,5,929.35,4646.75
ORD0000860,P000032,5,837.84,4189.2
ORD0000860,P000082,3,797.58,2392.7400000000002
ORD0000860,P000005,3,202.06,606.1800000000001
ORD0000861,P000028,2,132.06,264.12
ORD0000861,P000085,2,591.78,1183.56
ORD0000861,P000052,5,148.67,743.3499999999999
ORD0000861,P000019,3,941.21,2823.63
ORD0000862,P000054,4,622.14,2488.56
ORD0000862,P000012,4,770.03,3080.12
ORD0000863,P000041,1,730.28,730.28
ORD0000863,P000072,1,841.35,841.35
ORD0000863,P000077,4,909.58,3638.32
ORD0000863,P000089,4,385.38,1541.52
ORD0000863,P000090,4,890.09,3560.36
ORD0000864,P000047,3,142.41,427.23
ORD0000864,P000088,1,730.81,730.81
ORD0000864,P000066,1,382.36,382.36
ORD0000864,P000068,5,453.04,2265.2000000000003
ORD0000865,P000097,2,812.5,1625.0
ORD0000865,P000060,3,606.3,1818.8999999999999
ORD0000866,P000022,1,294.77,294.77
ORD0000866,P000017,3,525.47,1576.41
ORD0000866,P000009,2,462.25,924.5
ORD0000866,P000025,2,985.57,1971.14
ORD0000867,P000015,4,803.01,3212.04
ORD0000867,P000041,4,730.28,2921.12
ORD0000867,P000061,5,422.28,2111.3999999999996
ORD0000867,P000052,5,148.67,743.3499999999999
ORD0000867,P000058,2,473.76,947.52
ORD0000868,P000018,1,261.78,261.78
ORD0000869,P000020,1,15.55,15.55
ORD0000869,P000013,3,877.54,2632.62
ORD0000869,P000092,4,162.46,649.84
ORD0000869,P000060,5,606.3,3031.5
ORD0000869,P000063,1,73.02,73.02
ORD0000870,P000023,3,670.32,2010.96
ORD0000870,P000069,5,822.37,4111.85
ORD0000871,P000071,3,59.2,177.60000000000002
ORD0000871,P000095,5,544.11,2720.55
ORD0000872,P000012,4,770.03,3080.12
ORD0000872,P000023,2,670.32,1340.64
ORD0000872,P000014,3,928.24,2784.7200000000003
ORD0000872,P000090,1,890.09,890.09
ORD0000873,P000040,2,852.32,1704.64
ORD0000873,P000086,2,949.25,1898.5
ORD0000873,P000004,4,709.94,2839.76
ORD0000873,P000080,1,425.06,425.06
ORD0000873,P000030,1,991.47,991.47
ORD0000874,P000024,1,33.52,33.52
ORD0000875,P000076,4,171.21,684.84
ORD0000875,P000099,1,579.66,579.66
ORD0000875,P000034,4,927.37,3709.48
ORD0000875,P000019,5,941.21,4706.05
ORD0000875,P000049,5,397.95,1989.75
ORD0000876,P000096,5,118.09,590.45
ORD0000876,P000009,1,462.25,462.25
ORD0000876,P000006,1,339.56,339.56
ORD0000876,P000015,1,803.01,803.01
ORD0000877,P000040,4,852.32,3409.28
ORD0000878,P000087,1,16.49,16.49
ORD0000878,P000053,2,53.27,106.54
ORD0000878,P000075,4,438.9,1755.6
ORD0000878,P000094,4,341.12,1364.48
ORD0000879,P000030,4,991.47,3965.88
ORD0000879,P000081,5,834.21,4171.05
ORD0000880,P000097,3,812.5,2437.5
ORD0000880,P000043,3,232.18,696.54
ORD0000880,P000081,5,834.21,4171.05
ORD0000880,P000057,2,124.11,248.22
ORD0000880,P000017,5,525.47,2627.3500000000004
ORD0000881,P000009,3,462.25,1386.75
ORD0000881,P000030,3,991.47,2974.41
ORD0000882,P000068,4,453.04,1812.16
ORD0000883,P000016,3,108.84,326.52
ORD0000883,P000077,2,909.58,1819.16
ORD0000883,P000061,3,422.28,1266.84
ORD0000884,P000044,4,446.54,1786.16
ORD0000884,P000010,5,183.93,919.6500000000001
ORD0000884,P000055,4,173.18,692.72
ORD0000884,P000068,1,453.04,453.04
ORD0000884,P000075,4,438.9,1755.6
ORD0000885,P000023,1,670.32,670.32
ORD0000885,P000098,1,647.23,647.23
ORD0000886,P000098,1,647.23,647.23
ORD0000886,P000018,5,261.78,1308.8999999999999
ORD0000886,P000008,1,237.9,237.9
ORD0000886,P000010,1,183.93,183.93
ORD0000887,P000017,1,525.47,525.47
ORD0000887,P000016,1,108.84,108.84
ORD0000887,P000074,5,915.8,4579.0
ORD0000887,P000042,1,274.71,274.71
ORD0000888,P000088,1,730.81,730.81
ORD0000889,P000094,4,341.12,1364.48
ORD0000889,P000008,2,237.9,475.8
ORD0000889,P000060,4,606.3,2425.2
ORD0000889,P000007,1,20.07,20.07
ORD0000889,P000043,5,232.18,1160.9
ORD0000890,P000075,5,438.9,2194.5
ORD0000891,P000050,2,149.61,299.22
ORD0000891,P000042,5,274.71,1373.55
ORD0000891,P000019,3,941.21,2823.63
ORD0000892,P000019,2,941.21,1882.42
ORD0000892,P000057,5,124.11,620.55
ORD0000892,P000040,2,852.32,1704.64
ORD0000892,P000001,1,571.03,571.03
ORD0000893,P000074,2,915.8,1831.6
ORD0000893,P000055,5,173.18,865.9000000000001
ORD0000893,P000026,1,78.71,78.71
ORD0000893,P000086,1,949.25,949.25
ORD0000893,P000080,2,425.06,850.12
ORD0000894,P000075,4,438.9,1755.6
ORD0000894,P000100,5,776.96,3884.8
ORD0000894,P000100,1,776.96,776.96
ORD0000894,P000059,1,225.97,225.97
ORD0000894,P000014,4,928.24,3712.96
ORD0000895,P000009,3,462.25,1386.75
ORD0000895,P000038,5,237.03,1185.15
ORD0000895,P000075,3,438.9,1316.6999999999998
ORD0000896,P000097,1,812.5,812.5
ORD0000897,P000088,2,730.81,1461.62
ORD0000897,P000027,4,945.04,3780.16
ORD0000897,P000099,2,579.66,1159.32
ORD0000897,P000070,4,692.24,2768.96
ORD0000898,P000025,5,985.57,4927.85
ORD0000898,P000044,3,446.54,1339.6200000000001
ORD0000898,P000074,1,915.8,915.8
ORD0000898,P000066,3,382.36,1147.08
ORD0000898,P000040,3,852.32,2556.96
ORD0000899,P000019,3,941.21,2823.63
ORD0000899,P000040,4,852.32,3409.28
ORD0000900,P000009,5,462.25,2311.25
ORD0000901,P000028,4,132.06,528.24
ORD0000901,P000006,3,339.56,1018.6800000000001
ORD0000901,P000044,2,446.54,893.08
ORD0000902,P000079,3,565.57,1696.71
ORD0000902,P000019,4,941.21,3764.84
ORD0000903,P000024,3,33.52,100.56
ORD0000904,P000019,1,941.21,941.21
ORD0000904,P000043,2,232.18,464.36
ORD0000904,P000038,1,237.03,237.03
ORD0000904,P000058,3,473.76,1421.28
ORD0000905,P000088,3,730.81,2192.43
ORD0000905,P000086,4,949.25,3797.0
ORD0000905,P000075,5,438.9,2194.5
ORD0000905,P000023,2,670.32,1340.64
ORD0000905,P000087,5,16.49,82.44999999999999
ORD0000906,P000084,4,205.66,822.64
ORD0000907,P000019,5,941.21,4706.05
ORD0000908,P000069,1,822.37,822.37
ORD0000909,P000044,3,446.54,1339.6200000000001
ORD0000909,P000075,4,438.9,1755.6
ORD0000909,P000055,2,173.18,346.36
ORD0000910,P000031,2,91.66,183.32
ORD0000911,P000079,1,565.57,565.57
ORD0000911,P000057,2,124.11,248.22
ORD0000911,P000006,5,339.56,1697.8
ORD0000911,P000031,5,91.66,458.29999999999995
ORD0000911,P000062,3,745.88,2237.64
ORD0000912,P000005,5,202.06,1010.3
ORD0000912,P000046,3,580.21,1740.63
ORD0000912,P000097,4,812.5,3250.0
ORD0000913,P000021,1,482.67,482.67
ORD0000913,P000015,1,803.01,803.01
ORD0000913,P000053,1,53.27,53.27
ORD0000914,P000019,3,941.21,2823.63
ORD0000914,P000009,5,462.25,2311.25
ORD0000914,P000003,2,924.38,1848.76
ORD0000915,P000048,1,294.63,294.63
ORD0000916,P000024,5,33.52,167.60000000000002
ORD0000916,P000092,5,162.46,812.3000000000001
ORD0000916,P000070,5,692.24,3461.2
ORD0000916,P000095,1,544.11,544.11
ORD0000916,P000093,4,475.81,1903.24
ORD0000917,P000073,1,122.71,122.71
ORD0000917,P000080,4,425.06,1700.24
ORD0000917,P000011,1,600.73,600.73
ORD0000918,P000034,5,927.37,4636.85
ORD0000918,P000013,3,877.54,2632.62
ORD0000918,P000018,3,261.78,785.3399999999999
ORD0000919,P000077,3,909.58,2728.7400000000002
ORD0000919,P000042,2,274.71,549.42
ORD0000920,P000048,3,294.63,883.89
ORD0000920,P000049,5,397.95,1989.75
ORD0000920,P000009,4,462.25,1849.0
ORD0000921,P000017,1,525.47,525.47
ORD0000921,P000064,5,135.37,676.85
ORD0000921,P000048,1,294.63,294.63
ORD0000922,P000090,3,890.09,2670.27
ORD0000922,P000012,5,770.03,3850.1499999999996
ORD0000923,P000095,3,544.11,1632.33
ORD0000924,P000090,3,890.09,2670.27
ORD0000924,P000072,3,841.35,2524.05
ORD0000925,P000023,4,670.32,2681.28
ORD0000925,P000082,1,797.58,797.58
ORD0000925,P000062,3,745.88,2237.64
ORD0000926,P000086,1,949.25,949.25
ORD0000926,P000098,5,647.23,3236.15
ORD0000926,P000007,5,20.07,100.35
ORD0000926,P000067,1,296.04,296.04
ORD0000927,P000049,5,397.95,1989.75
ORD0000927,P000066,1,382.36,382.36
ORD0000928,P000061,5,422.28,2111.3999999999996
ORD0000928,P000056,3,195.56,586.6800000000001
ORD0000929,P000084,3,205.66,616.98
ORD0000929,P000083,3,854.01,2562.0299999999997
ORD0000929,P000044,3,446.54,1339.6200000000001
ORD0000929,P000080,3,425.06,1275.18
ORD0000929,P000074,4,915.8,3663.2
ORD0000930,P000015,2,803.01,1606.02
ORD0000930,P000017,3,525.47,1576.41
ORD0000930,P000039,5,929.35,4646.75
ORD0000930,P000003,4,924.38,3697.52
ORD0000930,P000081,3,834.21,2502.63
ORD0000931,P000047,4,142.41,569.64
ORD0000931,P000081,4,834.21,3336.84
ORD0000931,P000011,1,600.73,600.73
ORD0000931,P000095,1,544.11,544.11
ORD0000931,P000035,1,248.76,248.76
ORD0000932,P000055,4,173.18,692.72
ORD0000932,P000062,5,745.88,3729.4
ORD0000932,P000062,4,745.88,2983.52
ORD0000932,P000038,4,237.03,948.12
ORD0000932,P000001,3,571.03,1713.09
ORD0000933,P000094,5,341.12,1705.6
ORD0000933,P000041,5,730.28,3651.3999999999996
ORD0000933,P000093,1,475.81,475.81
ORD0000933,P000077,3,909.58,2728.7400000000002
ORD0000934,P000081,2,834.21,1668.42
ORD0000934,P000030,3,991.47,2974.41
ORD0000935,P000080,3,425.06,1275.18
ORD0000935,P000067,4,296.04,1184.16
ORD0000936,P000062,4,745.88,2983.52
ORD0000936,P000020,5,15.55,77.75
ORD0000936,P000094,4,341.12,1364.48
ORD0000937,P000059,3,225.97,677.91
ORD0000937,P000076,2,171.21,342.42
ORD0000937,P000011,3,600.73,1802.19
ORD0000937,P000087,3,16.49,49.47
ORD0000937,P000037,4,870.37,3481.48
ORD0000938,P000079,2,565.57,1131.14
ORD0000938,P000055,1,173.18,173.18
ORD0000938,P000002,3,665.5,1996.5
ORD0000939,P000010,5,183.93,919.6500000000001
ORD0000940,P000021,1,482.67,482.67
ORD0000940,P000008,4,237.9,951.6
ORD0000940,P000064,3,135.37,406.11
ORD0000941,P000022,1,294.77,294.77
ORD0000941,P000017,2,525.47,1050.94
ORD0000941,P000083,1,854.01,854.01
ORD0000941,P000082,2,797.58,1595.16
ORD0000941,P000039,3,929.35,2788.05
ORD0000942,P000023,4,670.32,2681.28
ORD0000942,P000082,3,797.58,2392.7400000000002
ORD0000942,P000034,3,927.37,2782.11
ORD0000943,P000097,4,812.5,3250.0
ORD0000943,P000078,1,475.26,475.26
ORD0000944,P000021,2,482.67,965.34
ORD0000944,P000017,4,525.47,2101.88
ORD0000944,P000047,3,142.41,427.23
ORD0000944,P000067,4,296.04,1184.16
ORD0000944,P000050,3,149.61,448.83000000000004
ORD0000945,P000051,5,250.57,1252.85
ORD0000945,P000095,1,544.11,544.11
ORD0000945,P000030,5,991.47,4957.35
ORD0000946,P000029,2,96.26,192.52
ORD0000946,P000001,2,571.03,1142.06
ORD0000947,P000056,1,195.56,195.56
ORD0000948,P000086,3,949.25,2847.75
ORD0000948,P000092,3,162.46,487.38
ORD0000949,P000089,2,385.38,770.76
ORD0000950,P000079,4,565.57,2262.28
ORD0000950,P000002,5,665.5,3327.5
ORD0000951,P000060,1,606.3,606.3
ORD0000951,P000021,5,482.67,2413.35
ORD0000952,P000003,4,924.38,3697.52
ORD0000952,P000015,5,803.01,4015.05
ORD0000953,P000014,4,928.24,3712.96
ORD0000953,P000001,5,571.03,2855.1499999999996
ORD0000953,P000075,4,438.9,1755.6
ORD0000953,P000057,1,124.11,124.11
ORD0000953,P000083,5,854.01,4270.05
ORD0000954,P000084,3,205.66,616.98
ORD0000955,P000068,2,453.04,906.08
ORD0000955,P000090,1,890.09,890.09
ORD0000956,P000054,5,622.14,3110.7
ORD0000956,P000077,2,909.58,1819.16
ORD0000956,P000021,2,482.67,965.34
ORD0000957,P000015,3,803.01,2409.0299999999997
ORD0000957,P000011,4,600.73,2402.92
ORD0000957,P000051,3,250.57,751.71
ORD0000957,P000086,4,949.25,3797.0
ORD0000957,P000083,1,854.01,854.01
ORD0000958,P000060,4,606.3,2425.2
ORD0000958,P000010,3,183.93,551.79
ORD0000958,P000030,2,991.47,1982.94
ORD0000959,P000066,5,382.36,1911.8000000000002
ORD0000959,P000051,1,250.57,250.57
ORD0000959,P000074,2,915.8,1831.6
ORD0000959,P000019,5,941.21,4706.05
ORD0000960,P000066,5,382.36,1911.8000000000002
ORD0000960,P000024,2,33.52,67.04
ORD0000960,P000003,5,924.38,4621.9
ORD0000960,P000001,2,571.03,1142.06
ORD0000961,P000072,2,841.35,1682.7
ORD0000961,P000084,4,205.66,822.64
ORD0000962,P000081,5,834.21,4171.05
ORD0000962,P000016,5,108.84,544.2
ORD0000962,P000011,4,600.73,2402.92
ORD0000963,P000005,5,202.06,1010.3
ORD0000963,P000039,3,929.35,2788.05
ORD0000963,P000009,5,462.25,2311.25
ORD0000964,P000036,1,225.58,225.58
ORD0000964,P000046,3,580.21,1740.63
ORD0000964,P000028,1,132.06,132.06
ORD0000965,P000042,2,274.71,549.42
ORD0000965,P000097,2,812.5,1625.0
ORD0000965,P000078,3,475.26,1425.78
ORD0000965,P000069,1,822.37,822.37
ORD0000966,P000070,3,692.24,2076.7200000000003
ORD0000966,P000051,5,250.57,1252.85
ORD0000966,P000032,4,837.84,3351.36
ORD0000966,P000080,3,425.06,1275.18
ORD0000967,P000004,5,709.94,3549.7000000000003
ORD0000968,P000100,4,776.96,3107.84
ORD0000968,P000058,3,473.76,1421.28
ORD0000969,P000085,3,591.78,1775.34
ORD0000969,P000076,1,171.21,171.21
ORD0000970,P000009,2,462.25,924.5
ORD0000970,P000079,3,565.57,1696.71
ORD0000970,P000024,3,33.52,100.56
ORD0000970,P000006,2,339.56,679.12
ORD0000971,P000046,3,580.21,1740.63
ORD0000971,P000090,1,890.09,890.09
ORD0000972,P000036,5,225.58,1127.9
ORD0000972,P000006,4,339.56,1358.24
ORD0000972,P000097,4,812.5,3250.0
ORD0000972,P000056,1,195.56,195.56
ORD0000972,P000076,4,171.21,684.84
ORD0000973,P000008,2,237.9,475.8
ORD0000973,P000061,5,422.28,2111.3999999999996
ORD0000973,P000054,3,622.14,1866.42
ORD0000973,P000076,2,171.21,342.42
ORD0000974,P000071,5,59.2,296.0
ORD0000974,P000089,3,385.38,1156.1399999999999
ORD0000975,P000024,1,33.52,33.52
ORD0000975,P000060,4,606.3,2425.2
ORD0000976,P000099,3,579.66,1738.98
ORD0000976,P000019,1,941.21,941.21
ORD0000976,P000072,1,841.35,841.35
ORD0000977,P000089,5,385.38,1926.9
ORD0000978,P000055,5,173.18,865.9000000000001
ORD0000978,P000015,1,803.01,803.01
ORD0000978,P000057,4,124.11,496.44
ORD0000979,P000055,3,173.18,519.54
ORD0000979,P000011,2,600.73,1201.46
ORD0000979,P000057,3,124.11,372.33
ORD0000979,P000003,4,924.38,3697.52
ORD0000980,P000039,4,929.35,3717.4
ORD0000980,P000013,3,877.54,2632.62
ORD0000980,P000073,5,122.71,613.55
ORD0000980,P000068,3,453.04,1359.1200000000001
ORD0000981,P000074,5,915.8,4579.0
ORD0000982,P000010,3,183.93,551.79
ORD0000983,P000026,1,78.71,78.71
ORD0000983,P000039,2,929.35,1858.7
ORD0000984,P000036,1,225.58,225.58
ORD0000985,P000065,3,392.5,1177.5
ORD0000986,P000079,5,565.57,2827.8500000000004
ORD0000986,P000061,4,422.28,1689.12
ORD0000987,P000044,5,446.54,2232.7000000000003
ORD0000987,P000097,5,812.5,4062.5
ORD0000987,P000097,5,812.5,4062.5
ORD0000987,P000020,1,15.55,15.55
ORD0000987,P000059,3,225.97,677.91
ORD0000988,P000094,2,341.12,682.24
ORD0000989,P000097,4,812.5,3250.0
ORD0000990,P000072,1,841.35,841.35
ORD0000990,P000027,1,945.04,945.04
ORD0000990,P000069,1,822.37,822.37
ORD0000990,P000017,5,525.47,2627.3500000000004
ORD0000990,P000002,1,665.5,665.5
ORD0000991,P000061,2,422.28,844.56
ORD0000992,P000079,3,565.57,1696.71
ORD0000993,P000027,3,945.04,2835.12
ORD0000993,P000015,4,803.01,3212.04
ORD0000993,P000001,2,571.03,1142.06
ORD0000994,P000073,5,122.71,613.55
ORD0000994,P000089,2,385.38,770.76
ORD0000994,P000082,1,797.58,797.58
ORD0000994,P000073,1,122.71,122.71
ORD0000994,P000015,4,803.01,3212.04
ORD0000995,P000095,4,544.11,2176.44
ORD0000995,P000031,2,91.66,183.32
ORD0000995,P000074,5,915.8,4579.0
ORD0000995,P000022,1,294.77,294.77
ORD0000996,P000016,5,108.84,544.2
ORD0000996,P000057,2,124.11,248.22
ORD0000996,P000074,1,915.8,915.8
ORD0000996,P000013,5,877.54,4387.7
ORD0000997,P000043,1,232.18,232.18
ORD0000998,P000077,2,909.58,1819.16
ORD0000998,P000010,1,183.93,183.93
ORD0000998,P000060,4,606.3,2425.2
ORD0000999,P000028,4,132.06,528.24
ORD0000999,P000074,2,915.8,1831.6
ORD0000999,P000095,2,544.11,1088.22
ORD0000999,P000046,2,580.21,1160.42
ORD0000999,P000027,1,945.04,945.04
ORD0001000,P000100,3,776.96,2330.88
ORD0001000,P000070,3,692.24,2076.7200000000003
ORD0001000,P000018,4,261.78,1047.12
ORD0001000,P000063,4,73.02,292.08
ORD0001000,P000040,5,852.32,4261.6
ORD0001001,P000030,2,991.47,1982.94
ORD0001001,P000032,2,837.84,1675.68
ORD0001001,P000033,4,644.39,2577.56
ORD0001002,P000090,3,890.09,2670.27
ORD0001002,P000027,5,945.04,4725.2
ORD0001002,P000017,3,525.47,1576.41
ORD0001002,P000029,3,96.26,288.78000000000003
ORD0001003,P000089,1,385.38,385.38
ORD0001003,P000076,1,171.21,171.21
ORD0001004,P000056,2,195.56,391.12
ORD0001004,P000086,2,949.25,1898.5
ORD0001005,P000074,1,915.8,915.8
ORD0001005,P000046,2,580.21,1160.42
ORD0001005,P000081,2,834.21,1668.42
ORD0001006,P000043,3,232.18,696.54
ORD0001007,P000090,1,890.09,890.09
ORD0001008,P000021,3,482.67,1448.01
ORD0001009,P000073,2,122.71,245.42
ORD0001009,P000008,3,237.9,713.7
ORD0001009,P000037,3,870.37,2611.11
ORD0001010,P000002,5,665.5,3327.5
ORD0001010,P000085,2,591.78,1183.56
ORD0001011,P000053,4,53.27,213.08
ORD0001011,P000042,2,274.71,549.42
ORD0001011,P000097,4,812.5,3250.0
ORD0001012,P000069,2,822.37,1644.74
ORD0001012,P000028,4,132.06,528.24
ORD0001012,P000081,5,834.21,4171.05
ORD0001013,P000037,1,870.37,870.37
ORD0001014,P000029,3,96.26,288.78000000000003
ORD0001014,P000099,2,579.66,1159.32
ORD0001014,P000039,3,929.35,2788.05
ORD0001015,P000029,4,96.26,385.04
ORD0001016,P000062,2,745.88,1491.76
ORD0001016,P000033,1,644.39,644.39
ORD0001016,P000057,3,124.11,372.33
ORD0001017,P000030,1,991.47,991.47
ORD0001018,P000088,4,730.81,2923.24
ORD0001018,P000059,4,225.97,903.88
ORD0001018,P000051,2,250.57,501.14
ORD0001018,P000096,2,118.09,236.18
ORD0001018,P000091,5,204.84,1024.2
ORD0001019,P000034,2,927.37,1854.74
ORD0001019,P000032,5,837.84,4189.2
ORD0001019,P000093,5,475.81,2379.05
ORD0001019,P000081,3,834.21,2502.63
ORD0001019,P000082,2,797.58,1595.16
ORD0001020,P000090,2,890.09,1780.18
ORD0001020,P000018,3,261.78,785.3399999999999
ORD0001020,P000084,4,205.66,822.64
ORD0001021,P000023,5,670.32,3351.6000000000004
ORD0001021,P000064,4,135.37,541.48
ORD0001022,P000057,3,124.11,372.33
ORD0001022,P000088,5,730.81,3654.0499999999997
ORD0001023,P000075,3,438.9,1316.6999999999998
ORD0001023,P000001,1,571.03,571.03
ORD0001023,P000047,5,142.41,712.05
ORD0001023,P000026,1,78.71,78.71
ORD0001023,P000048,2,294.63,589.26
ORD0001024,P000017,1,525.47,525.47
ORD0001025,P000091,4,204.84,819.36
ORD0001025,P000016,5,108.84,544.2
ORD0001026,P000089,4,385.38,1541.52
ORD0001026,P000081,4,834.21,3336.84
ORD0001027,P000045,4,711.71,2846.84
ORD0001027,P000006,3,339.56,1018.6800000000001
ORD0001027,P000089,4,385.38,1541.52
ORD0001027,P000099,1,579.66,579.66
ORD0001027,P000063,4,73.02,292.08
ORD0001028,P000049,1,397.95,397.95
ORD0001028,P000025,2,985.57,1971.14
ORD0001029,P000028,4,132.06,528.24
ORD0001029,P000047,4,142.41,569.64
ORD0001030,P000035,1,248.76,248.76
ORD0001030,P000041,1,730.28,730.28
ORD0001030,P000084,4,205.66,822.64
ORD0001031,P000072,5,841.35,4206.75
ORD0001031,P000037,1,870.37,870.37
ORD0001031,P000059,2,225.97,451.94
ORD0001032,P000042,5,274.71,1373.55
ORD0001032,P000012,5,770.03,3850.1499999999996
ORD0001032,P000031,3,91.66,274.98
ORD0001032,P000091,2,204.84,409.68
ORD0001032,P000040,4,852.32,3409.28
ORD0001033,P000008,1,237.9,237.9
ORD0001033,P000035,1,248.76,248.76
ORD0001033,P000017,2,525.47,1050.94
ORD0001033,P000003,5,924.38,4621.9
ORD0001034,P000013,3,877.54,2632.62
ORD0001034,P000020,2,15.55,31.1
ORD0001035,P000048,2,294.63,589.26
ORD0001035,P000069,2,822.37,1644.74
ORD0001035,P000027,2,945.04,1890.08
ORD0001035,P000039,5,929.35,4646.75
ORD0001035,P000011,4,600.73,2402.92
ORD0001036,P000031,3,91.66,274.98
ORD0001036,P000054,1,622.14,622.14
ORD0001037,P000016,2,108.84,217.68
ORD0001037,P000067,4,296.04,1184.16
ORD0001037,P000049,3,397.95,1193.85
ORD0001037,P000056,1,195.56,195.56
ORD0001038,P000087,1,16.49,16.49
ORD0001038,P000005,3,202.06,606.1800000000001
ORD0001038,P000046,4,580.21,2320.84
ORD0001038,P000044,4,446.54,1786.16
ORD0001038,P000073,5,122.71,613.55
ORD0001039,P000011,3,600.73,1802.19
ORD0001039,P000092,3,162.46,487.38
ORD0001039,P000050,4,149.61,598.44
ORD0001040,P000023,3,670.32,2010.96
ORD0001040,P000020,2,15.55,31.1
ORD0001040,P000079,3,565.57,1696.71
ORD0001040,P000072,3,841.35,2524.05
ORD0001041,P000022,3,294.77,884.31
ORD0001042,P000023,4,670.32,2681.28
ORD0001043,P000048,4,294.63,1178.52
ORD0001044,P000088,1,730.81,730.81
ORD0001044,P000090,2,890.09,1780.18
ORD0001044,P000008,4,237.9,951.6
ORD0001044,P000077,5,909.58,4547.900000000001
ORD0001044,P000038,4,237.03,948.12
ORD0001045,P000014,5,928.24,4641.2
ORD0001045,P000035,2,248.76,497.52
ORD0001045,P000081,1,834.21,834.21
ORD0001045,P000086,4,949.25,3797.0
ORD0001045,P000057,3,124.11,372.33
ORD0001046,P000033,4,644.39,2577.56
ORD0001046,P000040,5,852.32,4261.6
ORD0001046,P000093,2,475.81,951.62
ORD0001046,P000017,2,525.47,1050.94
ORD0001047,P000097,5,812.5,4062.5
ORD0001047,P000026,3,78.71,236.13
ORD0001047,P000058,4,473.76,1895.04
ORD0001048,P000069,5,822.37,4111.85
ORD0001048,P000025,2,985.57,1971.14
ORD0001049,P000027,4,945.04,3780.16
ORD0001049,P000042,3,274.71,824.1299999999999
ORD0001049,P000028,4,132.06,528.24
ORD0001049,P000024,5,33.52,167.60000000000002
ORD0001050,P000024,4,33.52,134.08
ORD0001051,P000012,5,770.03,3850.1499999999996
ORD0001051,P000086,2,949.25,1898.5
ORD0001051,P000100,4,776.96,3107.84
ORD0001051,P000028,5,132.06,660.3
ORD0001052,P000010,5,183.93,919.6500000000001
ORD0001052,P000037,3,870.37,2611.11
ORD0001053,P000009,3,462.25,1386.75
ORD0001053,P000048,1,294.63,294.63
ORD0001054,P000040,4,852.32,3409.28
ORD0001054,P000071,4,59.2,236.8
ORD0001054,P000007,2,20.07,40.14
ORD0001054,P000003,4,924.38,3697.52
ORD0001054,P000024,2,33.52,67.04
ORD0001055,P000038,1,237.03,237.03
ORD0001055,P000078,3,475.26,1425.78
ORD0001055,P000011,2,600.73,1201.46
ORD0001056,P000003,1,924.38,924.38
ORD0001057,P000036,5,225.58,1127.9
ORD0001058,P000034,5,927.37,4636.85
ORD0001058,P000099,1,579.66,579.66
ORD0001059,P000011,1,600.73,600.73
ORD0001059,P000080,1,425.06,425.06
ORD0001060,P000093,1,475.81,475.81
ORD0001061,P000076,4,171.21,684.84
ORD0001061,P000029,4,96.26,385.04
ORD0001061,P000013,3,877.54,2632.62
ORD0001061,P000079,5,565.57,2827.8500000000004
ORD0001061,P000022,5,294.77,1473.85
ORD0001062,P000068,5,453.04,2265.2000000000003
ORD0001062,P000073,2,122.71,245.42
ORD0001062,P000065,3,392.5,1177.5
ORD0001062,P000006,3,339.56,1018.6800000000001
ORD0001062,P000009,4,462.25,1849.0
ORD0001063,P000063,3,73.02,219.06
ORD0001063,P000052,1,148.67,148.67
ORD0001063,P000082,2,797.58,1595.16
ORD0001064,P000011,3,600.73,1802.19
ORD0001064,P000001,3,571.03,1713.09
ORD0001064,P000037,2,870.37,1740.74
ORD0001064,P000010,1,183.93,183.93
ORD0001064,P000075,4,438.9,1755.6
ORD0001065,P000095,2,544.11,1088.22
ORD0001065,P000010,1,183.93,183.93
ORD0001065,P000004,5,709.94,3549.7000000000003
ORD0001066,P000033,1,644.39,644.39
ORD0001066,P000015,2,803.01,1606.02
ORD0001066,P000076,3,171.21,513.63
ORD0001067,P000028,2,132.06,264.12
ORD0001068,P000079,1,565.57,565.57
ORD0001068,P000096,4,118.09,472.36
ORD0001069,P000076,1,171.21,171.21
ORD0001069,P000001,1,571.03,571.03
ORD0001070,P000091,3,204.84,614.52
ORD0001070,P000016,4,108.84,435.36
ORD0001070,P000091,2,204.84,409.68
ORD0001070,P000080,3,425.06,1275.18
ORD0001070,P000024,1,33.52,33.52
ORD0001071,P000042,3,274.71,824.1299999999999
ORD0001071,P000024,3,33.52,100.56
ORD0001071,P000059,2,225.97,451.94
ORD0001071,P000007,2,20.07,40.14
ORD0001072,P000054,4,622.14,2488.56
ORD0001072,P000091,4,204.84,819.36
ORD0001072,P000098,2,647.23,1294.46
ORD0001073,P000006,4,339.56,1358.24
ORD0001073,P000016,5,108.84,544.2
ORD0001073,P000057,4,124.11,496.44
ORD0001074,P000095,3,544.11,1632.33
ORD0001074,P000045,2,711.71,1423.42
ORD0001074,P000031,4,91.66,366.64
ORD0001075,P000060,5,606.3,3031.5
ORD0001075,P000095,1,544.11,544.11
ORD0001075,P000085,5,591.78,2958.8999999999996
ORD0001076,P000001,1,571.03,571.03
ORD0001076,P000100,4,776.96,3107.84
ORD0001076,P000050,5,149.61,748.0500000000001
ORD0001076,P000077,3,909.58,2728.7400000000002
ORD0001077,P000052,3,148.67,446.01
ORD0001077,P000060,5,606.3,3031.5
ORD0001078,P000015,4,803.01,3212.04
ORD0001078,P000037,1,870.37,870.37
ORD0001078,P000063,5,73.02,365.09999999999997
ORD0001078,P000016,4,108.84,435.36
ORD0001079,P000056,2,195.56,391.12
ORD0001079,P000009,3,462.25,1386.75
ORD0001079,P000039,1,929.35,929.35
ORD0001079,P000069,1,822.37,822.37
ORD0001080,P000035,1,248.76,248.76
ORD0001081,P000084,2,205.66,411.32
ORD0001081,P000039,2,929.35,1858.7
ORD0001081,P000028,3,132.06,396.18
ORD0001081,P000013,4,877.54,3510.16
ORD0001081,P000074,5,915.8,4579.0
ORD0001082,P000004,3,709.94,2129.82
ORD0001082,P000044,5,446.54,2232.7000000000003
ORD0001082,P000024,2,33.52,67.04
ORD0001083,P000076,1,171.21,171.21
ORD0001083,P000015,1,803.01,803.01
ORD0001084,P000051,1,250.57,250.57
ORD0001084,P000076,5,171.21,856.0500000000001
ORD0001084,P000075,1,438.9,438.9
ORD0001084,P000084,5,205.66,1028.3
ORD0001085,P000012,5,770.03,3850.1499999999996
ORD0001086,P000063,2,73.02,146.04
ORD0001086,P000057,4,124.11,496.44
ORD0001086,P000080,1,425.06,425.06
ORD0001086,P000069,2,822.37,1644.74
ORD0001086,P000093,5,475.81,2379.05
ORD0001087,P000099,4,579.66,2318.64
ORD0001087,P000057,5,124.11,620.55
ORD0001087,P000070,1,692.24,692.24
ORD0001088,P000025,5,985.57,4927.85
ORD0001088,P000057,4,124.11,496.44
ORD0001088,P000012,3,770.03,2310.09
ORD0001088,P000067,4,296.04,1184.16
ORD0001089,P000041,2,730.28,1460.56
ORD0001089,P000073,1,122.71,122.71
ORD0001090,P000053,5,53.27,266.35
ORD0001090,P000067,2,296.04,592.08
ORD0001090,P000093,5,475.81,2379.05
ORD0001091,P000068,5,453.04,2265.2000000000003
ORD0001091,P000005,4,202.06,808.24
ORD0001091,P000052,5,148.67,743.3499999999999
ORD0001092,P000089,4,385.38,1541.52
ORD0001092,P000082,1,797.58,797.58
ORD0001092,P000053,1,53.27,53.27
ORD0001092,P000020,5,15.55,77.75
ORD0001093,P000060,4,606.3,2425.2
ORD0001093,P000097,4,812.5,3250.0
ORD0001094,P000021,4,482.67,1930.68
ORD0001094,P000011,4,600.73,2402.92
ORD0001095,P000006,2,339.56,679.12
ORD0001096,P000035,1,248.76,248.76
ORD0001097,P000089,5,385.38,1926.9
ORD0001097,P000029,2,96.26,192.52
ORD0001097,P000063,5,73.02,365.09999999999997
ORD0001097,P000097,4,812.5,3250.0
ORD0001098,P000095,2,544.11,1088.22
ORD0001099,P000075,1,438.9,438.9
ORD0001100,P000032,2,837.84,1675.68
ORD0001100,P000044,4,446.54,1786.16
ORD0001100,P000050,4,149.61,598.44
ORD0001100,P000014,5,928.24,4641.2
ORD0001100,P000005,1,202.06,202.06
ORD0001101,P000077,1,909.58,909.58
ORD0001101,P000010,4,183.93,735.72
ORD0001102,P000039,1,929.35,929.35
ORD0001102,P000012,3,770.03,2310.09
ORD0001102,P000046,2,580.21,1160.42
ORD0001102,P000098,3,647.23,1941.69
ORD0001103,P000045,5,711.71,3558.55
ORD0001103,P000092,4,162.46,649.84
ORD0001103,P000074,1,915.8,915.8
ORD0001103,P000004,2,709.94,1419.88
ORD0001103,P000038,4,237.03,948.12
ORD0001104,P000098,5,647.23,3236.15
ORD0001104,P000005,4,202.06,808.24
ORD0001104,P000079,3,565.57,1696.71
ORD0001105,P000024,2,33.52,67.04
ORD0001105,P000039,1,929.35,929.35
ORD0001105,P000091,5,204.84,1024.2
ORD0001105,P000100,1,776.96,776.96
ORD0001106,P000093,5,475.81,2379.05
ORD0001107,P000060,3,606.3,1818.8999999999999
ORD0001107,P000016,4,108.84,435.36
ORD0001107,P000024,5,33.52,167.60000000000002
ORD0001108,P000047,3,142.41,427.23
ORD0001108,P000080,1,425.06,425.06
ORD0001109,P000011,1,600.73,600.73
ORD0001110,P000019,4,941.21,3764.84
ORD0001111,P000032,4,837.84,3351.36
ORD0001111,P000055,1,173.18,173.18
ORD0001111,P000095,3,544.11,1632.33
ORD0001111,P000034,4,927.37,3709.48
ORD0001111,P000090,4,890.09,3560.36
ORD0001112,P000088,4,730.81,2923.24
ORD0001112,P000063,2,73.02,146.04
ORD0001112,P000082,1,797.58,797.58
ORD0001112,P000034,1,927.37,927.37
ORD0001112,P000067,2,296.04,592.08
ORD0001113,P000003,5,924.38,4621.9
ORD0001113,P000005,3,202.06,606.1800000000001
ORD0001113,P000056,1,195.56,195.56
ORD0001113,P000004,2,709.94,1419.88
ORD0001114,P000067,3,296.04,888.1200000000001
ORD0001114,P000031,4,91.66,366.64
ORD0001114,P000042,4,274.71,1098.84
ORD0001114,P000038,2,237.03,474.06
ORD0001114,P000093,3,475.81,1427.43
ORD0001115,P000072,3,841.35,2524.05
ORD0001115,P000091,4,204.84,819.36
ORD0001115,P000004,3,709.94,2129.82
ORD0001115,P000032,1,837.84,837.84
ORD0001116,P000070,1,692.24,692.24
ORD0001116,P000039,1,929.35,929.35
ORD0001116,P000010,2,183.93,367.86
ORD0001116,P000015,5,803.01,4015.05
ORD0001116,P000099,2,579.66,1159.32
ORD0001117,P000053,1,53.27,53.27
ORD0001117,P000022,5,294.77,1473.85
ORD0001117,P000077,5,909.58,4547.900000000001
ORD0001118,P000041,5,730.28,3651.3999999999996
ORD0001119,P000052,2,148.67,297.34
ORD0001119,P000001,3,571.03,1713.09
ORD0001119,P000055,5,173.18,865.9000000000001
ORD0001120,P000027,2,945.04,1890.08
ORD0001120,P000089,5,385.38,1926.9
ORD0001120,P000016,4,108.84,435.36
ORD0001121,P000047,5,142.41,712.05
ORD0001121,P000035,4,248.76,995.04
ORD0001121,P000031,5,91.66,458.29999999999995
ORD0001121,P000009,1,462.25,462.25
ORD0001121,P000063,4,73.02,292.08
ORD0001122,P000001,4,571.03,2284.12
ORD0001122,P000053,1,53.27,53.27
ORD0001122,P000012,3,770.03,2310.09
ORD0001122,P000028,2,132.06,264.12
ORD0001123,P000034,2,927.37,1854.74
ORD0001124,P000046,2,580.21,1160.42
ORD0001124,P000005,3,202.06,606.1800000000001
ORD0001125,P000057,2,124.11,248.22
ORD0001125,P000097,1,812.5,812.5
ORD0001125,P000060,1,606.3,606.3
ORD0001126,P000037,2,870.37,1740.74
ORD0001126,P000008,2,237.9,475.8
ORD0001126,P000030,5,991.47,4957.35
ORD0001126,P000008,3,237.9,713.7
ORD0001126,P000038,5,237.03,1185.15
ORD0001127,P000050,2,149.61,299.22
ORD0001128,P000099,5,579.66,2898.2999999999997
ORD0001129,P000015,5,803.01,4015.05
ORD0001129,P000037,4,870.37,3481.48
ORD0001129,P000056,5,195.56,977.8
ORD0001130,P000046,5,580.21,2901.05
ORD0001130,P000058,3,473.76,1421.28
ORD0001130,P000091,2,204.84,409.68
ORD0001131,P000049,1,397.95,397.95
ORD0001131,P000033,4,644.39,2577.56
ORD0001132,P000043,5,232.18,1160.9
ORD0001132,P000042,4,274.71,1098.84
ORD0001133,P000065,4,392.5,1570.0
ORD0001133,P000089,3,385.38,1156.1399999999999
ORD0001133,P000080,2,425.06,850.12
ORD0001133,P000018,5,261.78,1308.8999999999999
ORD0001134,P000028,1,132.06,132.06
ORD0001134,P000071,4,59.2,236.8
ORD0001134,P000032,3,837.84,2513.52
ORD0001134,P000010,4,183.93,735.72
ORD0001134,P000085,2,591.78,1183.56
ORD0001135,P000063,3,73.02,219.06
ORD0001135,P000015,1,803.01,803.01
ORD0001136,P000088,2,730.81,1461.62
ORD0001136,P000048,2,294.63,589.26
ORD0001136,P000082,3,797.58,2392.7400000000002
ORD0001136,P000012,5,770.03,3850.1499999999996
ORD0001137,P000058,1,473.76,473.76
ORD0001137,P000024,5,33.52,167.60000000000002
ORD0001137,P000098,5,647.23,3236.15
ORD0001137,P000026,3,78.71,236.13
ORD0001138,P000008,4,237.9,951.6
ORD0001138,P000012,4,770.03,3080.12
ORD0001138,P000005,4,202.06,808.24
ORD0001139,P000071,2,59.2,118.4
ORD0001139,P000005,3,202.06,606.1800000000001
ORD0001139,P000024,4,33.52,134.08
ORD0001139,P000087,3,16.49,49.47
ORD0001139,P000056,1,195.56,195.56
ORD0001140,P000009,5,462.25,2311.25
ORD0001140,P000098,2,647.23,1294.46
ORD0001140,P000030,1,991.47,991.47
ORD0001140,P000094,3,341.12,1023.36
ORD0001141,P000096,5,118.09,590.45
ORD0001141,P000067,2,296.04,592.08
ORD0001141,P000020,2,15.55,31.1
ORD0001141,P000009,3,462.25,1386.75
ORD0001142,P000035,3,248.76,746.28
ORD0001142,P000047,4,142.41,569.64
ORD0001142,P000070,5,692.24,3461.2
ORD0001142,P000073,2,122.71,245.42
ORD0001142,P000092,5,162.46,812.3000000000001
ORD0001143,P000077,2,909.58,1819.16
ORD0001144,P000054,3,622.14,1866.42
ORD0001144,P000052,5,148.67,743.3499999999999
ORD0001144,P000013,3,877.54,2632.62
ORD0001144,P000048,1,294.63,294.63
ORD0001145,P000038,5,237.03,1185.15
ORD0001145,P000033,4,644.39,2577.56
ORD0001145,P000094,2,341.12,682.24
ORD0001145,P000064,1,135.37,135.37
ORD0001146,P000022,3,294.77,884.31
ORD0001146,P000087,2,16.49,32.98
ORD0001146,P000100,2,776.96,1553.92
ORD0001147,P000041,3,730.28,2190.84
ORD0001147,P000037,4,870.37,3481.48
ORD0001148,P000031,4,91.66,366.64
ORD0001148,P000087,2,16.49,32.98
ORD0001148,P000069,3,822.37,2467.11
ORD0001149,P000066,5,382.36,1911.8000000000002
ORD0001149,P000009,4,462.25,1849.0
ORD0001149,P000084,5,205.66,1028.3
ORD0001149,P000094,1,341.12,341.12
ORD0001150,P000010,5,183.93,919.6500000000001
ORD0001150,P000042,2,274.71,549.42
ORD0001151,P000013,5,877.54,4387.7
ORD0001152,P000015,5,803.01,4015.05
ORD0001153,P000018,3,261.78,785.3399999999999
ORD0001154,P000045,1,711.71,711.71
ORD0001154,P000025,2,985.57,1971.14
ORD0001154,P000077,5,909.58,4547.900000000001
ORD0001155,P000070,3,692.24,2076.7200000000003
ORD0001155,P000037,4,870.37,3481.48
ORD0001156,P000044,1,446.54,446.54
ORD0001157,P000062,3,745.88,2237.64
ORD0001157,P000057,5,124.11,620.55
ORD0001157,P000021,1,482.67,482.67
ORD0001157,P000077,2,909.58,1819.16
ORD0001158,P000027,5,945.04,4725.2
ORD0001158,P000072,1,841.35,841.35
ORD0001158,P000031,5,91.66,458.29999999999995
ORD0001158,P000070,4,692.24,2768.96
ORD0001158,P000043,3,232.18,696.54
ORD0001159,P000040,1,852.32,852.32
ORD0001160,P000010,2,183.93,367.86
ORD0001160,P000068,1,453.04,453.04
ORD0001160,P000060,5,606.3,3031.5
ORD0001160,P000019,5,941.21,4706.05
ORD0001161,P000008,2,237.9,475.8
ORD0001161,P000037,2,870.37,1740.74
ORD0001162,P000074,1,915.8,915.8
ORD0001163,P000046,5,580.21,2901.05
ORD0001163,P000083,5,854.01,4270.05
ORD0001163,P000011,3,600.73,1802.19
ORD0001163,P000002,1,665.5,665.5
ORD0001164,P000052,2,148.67,297.34
ORD0001164,P000092,1,162.46,162.46
ORD0001164,P000015,4,803.01,3212.04
ORD0001164,P000023,1,670.32,670.32
ORD0001164,P000048,2,294.63,589.26
ORD0001165,P000024,1,33.52,33.52
ORD0001166,P000088,4,730.81,2923.24
ORD0001167,P000018,2,261.78,523.56
ORD0001167,P000047,1,142.41,142.41
ORD0001167,P000076,2,171.21,342.42
ORD0001167,P000094,2,341.12,682.24
ORD0001167,P000059,3,225.97,677.91
ORD0001168,P000027,1,945.04,945.04
ORD0001168,P000074,1,915.8,915.8
ORD0001168,P000092,5,162.46,812.3000000000001
ORD0001169,P000044,4,446.54,1786.16
ORD0001169,P000031,3,91.66,274.98
ORD0001169,P000028,2,132.06,264.12
ORD0001170,P000062,5,745.88,3729.4
ORD0001170,P000081,5,834.21,4171.05
ORD0001170,P000045,2,711.71,1423.42
ORD0001170,P000009,5,462.25,2311.25
ORD0001171,P000010,1,183.93,183.93
ORD0001171,P000077,4,909.58,3638.32
ORD0001171,P000021,3,482.67,1448.01
ORD0001171,P000018,5,261.78,1308.8999999999999
ORD0001171,P000007,3,20.07,60.21
ORD0001172,P000079,2,565.57,1131.14
ORD0001172,P000022,3,294.77,884.31
ORD0001172,P000081,2,834.21,1668.42
ORD0001172,P000006,3,339.56,1018.6800000000001
ORD0001173,P000053,1,53.27,53.27
ORD0001173,P000053,1,53.27,53.27
ORD0001174,P000016,1,108.84,108.84
ORD0001174,P000018,5,261.78,1308.8999999999999
ORD0001175,P000014,1,928.24,928.24
ORD0001175,P000080,1,425.06,425.06
ORD0001175,P000092,1,162.46,162.46
ORD0001175,P000045,3,711.71,2135.13
ORD0001176,P000031,2,91.66,183.32
ORD0001176,P000012,4,770.03,3080.12
ORD0001176,P000020,2,15.55,31.1
ORD0001176,P000062,1,745.88,745.88
ORD0001177,P000100,5,776.96,3884.8
ORD0001177,P000066,2,382.36,764.72
ORD0001178,P000036,1,225.58,225.58
ORD0001179,P000065,2,392.5,785.0
ORD0001179,P000020,3,15.55,46.650000000000006
ORD0001179,P000001,1,571.03,571.03
ORD0001180,P000034,5,927.37,4636.85
ORD0001180,P000094,4,341.12,1364.48
ORD0001180,P000010,5,183.93,919.6500000000001
ORD0001180,P000068,3,453.04,1359.1200000000001
ORD0001180,P000004,4,709.94,2839.76
ORD0001181,P000053,3,53.27,159.81
ORD0001181,P000072,4,841.35,3365.4
ORD0001181,P000090,4,890.09,3560.36
ORD0001181,P000034,5,927.37,4636.85
ORD0001181,P000082,2,797.58,1595.16
ORD0001182,P000083,1,854.01,854.01
ORD0001183,P000008,1,237.9,237.9
ORD0001183,P000078,4,475.26,1901.04
ORD0001183,P000021,2,482.67,965.34
ORD0001183,P000001,4,571.03,2284.12
ORD0001184,P000010,1,183.93,183.93
ORD0001184,P000049,5,397.95,1989.75
ORD0001184,P000079,4,565.57,2262.28
ORD0001184,P000079,5,565.57,2827.8500000000004
ORD0001185,P000076,3,171.21,513.63
ORD0001185,P000022,1,294.77,294.77
ORD0001185,P000036,2,225.58,451.16
ORD0001185,P000023,5,670.32,3351.6000000000004
ORD0001185,P000089,5,385.38,1926.9
ORD0001186,P000024,4,33.52,134.08
ORD0001186,P000066,4,382.36,1529.44
ORD0001186,P000042,5,274.71,1373.55
ORD0001186,P000006,1,339.56,339.56
ORD0001187,P000056,3,195.56,586.6800000000001
ORD0001187,P000029,5,96.26,481.3
ORD0001187,P000008,4,237.9,951.6
ORD0001188,P000091,4,204.84,819.36
ORD0001188,P000062,1,745.88,745.88
ORD0001188,P000039,2,929.35,1858.7
ORD0001188,P000068,2,453.04,906.08
ORD0001188,P000051,1,250.57,250.57
ORD0001189,P000007,3,20.07,60.21
ORD0001189,P000072,3,841.35,2524.05
ORD0001189,P000081,2,834.21,1668.42
ORD0001190,P000093,3,475.81,1427.43
ORD0001190,P000064,2,135.37,270.74
ORD0001190,P000087,2,16.49,32.98
ORD0001190,P000098,3,647.23,1941.69
ORD0001191,P000091,5,204.84,1024.2
ORD0001192,P000081,1,834.21,834.21
ORD0001192,P000069,1,822.37,822.37
ORD0001192,P000001,1,571.03,571.03
ORD0001193,P000024,4,33.52,134.08
ORD0001193,P000080,1,425.06,425.06
ORD0001194,P000071,4,59.2,236.8
ORD0001195,P000005,1,202.06,202.06
ORD0001195,P000092,2,162.46,324.92
ORD0001195,P000046,2,580.21,1160.42
ORD0001196,P000001,4,571.03,2284.12
ORD0001196,P000028,4,132.06,528.24
ORD0001196,P000048,2,294.63,589.26
ORD0001196,P000093,5,475.81,2379.05
ORD0001197,P000054,1,622.14,622.14
ORD0001198,P000038,2,237.03,474.06
ORD0001199,P000017,3,525.47,1576.41
ORD0001200,P000082,1,797.58,797.58
ORD0001200,P000053,1,53.27,53.27
ORD0001200,P000013,3,877.54,2632.62
ORD0001200,P000010,4,183.93,735.72
ORD0001201,P000035,4,248.76,995.04
ORD0001201,P000035,4,248.76,995.04
ORD0001201,P000021,4,482.67,1930.68
ORD0001202,P000083,1,854.01,854.01
ORD0001202,P000032,2,837.84,1675.68
ORD0001202,P000049,2,397.95,795.9
ORD0001203,P000005,1,202.06,202.06
ORD0001203,P000027,2,945.04,1890.08
ORD0001203,P000082,1,797.58,797.58
ORD0001203,P000097,2,812.5,1625.0
ORD0001204,P000100,2,776.96,1553.92
ORD0001204,P000006,1,339.56,339.56
ORD0001205,P000026,5,78.71,393.54999999999995
ORD0001205,P000094,2,341.12,682.24
ORD0001206,P000042,4,274.71,1098.84
ORD0001206,P000054,1,622.14,622.14
ORD0001206,P000093,5,475.81,2379.05
ORD0001206,P000016,5,108.84,544.2
ORD0001206,P000068,1,453.04,453.04
ORD0001207,P000012,2,770.03,1540.06
ORD0001207,P000086,2,949.25,1898.5
ORD0001208,P000061,1,422.28,422.28
ORD0001209,P000053,2,53.27,106.54
ORD0001209,P000092,2,162.46,324.92
ORD0001209,P000013,2,877.54,1755.08
ORD0001209,P000086,1,949.25,949.25
ORD0001209,P000033,5,644.39,3221.95
ORD0001210,P000060,3,606.3,1818.8999999999999
ORD0001210,P000020,2,15.55,31.1
ORD0001210,P000021,2,482.67,965.34
ORD0001210,P000009,1,462.25,462.25
ORD0001211,P000078,4,475.26,1901.04
ORD0001211,P000019,5,941.21,4706.05
ORD0001211,P000092,1,162.46,162.46
ORD0001211,P000024,1,33.52,33.52
ORD0001211,P000088,2,730.81,1461.62
ORD0001212,P000011,3,600.73,1802.19
ORD0001212,P000060,2,606.3,1212.6
ORD0001212,P000043,3,232.18,696.54
ORD0001212,P000023,2,670.32,1340.64
ORD0001213,P000054,3,622.14,1866.42
ORD0001213,P000017,2,525.47,1050.94
ORD0001214,P000062,1,745.88,745.88
ORD0001214,P000003,5,924.38,4621.9
ORD0001214,P000063,4,73.02,292.08
ORD0001215,P000067,1,296.04,296.04
ORD0001215,P000058,5,473.76,2368.8
ORD0001216,P000041,1,730.28,730.28
ORD0001216,P000084,4,205.66,822.64
ORD0001216,P000044,1,446.54,446.54
ORD0001217,P000046,1,580.21,580.21
ORD0001218,P000071,4,59.2,236.8
ORD0001218,P000089,2,385.38,770.76
ORD0001218,P000042,1,274.71,274.71
ORD0001218,P000094,2,341.12,682.24
ORD0001218,P000073,1,122.71,122.71
ORD0001219,P000061,1,422.28,422.28
ORD0001219,P000082,2,797.58,1595.16
ORD0001219,P000024,1,33.52,33.52
ORD0001219,P000010,2,183.93,367.86
ORD0001219,P000029,3,96.26,288.78000000000003
ORD0001220,P000035,5,248.76,1243.8
ORD0001220,P000035,2,248.76,497.52
ORD0001220,P000068,4,453.04,1812.16
ORD0001221,P000054,1,622.14,622.14
ORD0001221,P000026,5,78.71,393.54999999999995
ORD0001221,P000033,5,644.39,3221.95
ORD0001221,P000047,5,142.41,712.05
ORD0001222,P000093,5,475.81,2379.05
ORD0001222,P000079,5,565.57,2827.8500000000004
ORD0001223,P000057,2,124.11,248.22
ORD0001224,P000020,2,15.55,31.1
ORD0001225,P000033,1,644.39,644.39
ORD0001225,P000082,3,797.58,2392.7400000000002
ORD0001226,P000027,4,945.04,3780.16
ORD0001227,P000017,5,525.47,2627.3500000000004
ORD0001227,P000012,1,770.03,770.03
ORD0001227,P000062,4,745.88,2983.52
ORD0001227,P000011,1,600.73,600.73
ORD0001228,P000021,4,482.67,1930.68
ORD0001228,P000038,1,237.03,237.03
ORD0001228,P000013,5,877.54,4387.7
ORD0001229,P000065,5,392.5,1962.5
ORD0001230,P000077,1,909.58,909.58
ORD0001230,P000020,5,15.55,77.75
ORD0001230,P000068,2,453.04,906.08
ORD0001230,P000046,1,580.21,580.21
ORD0001230,P000004,1,709.94,709.94
ORD0001231,P000100,4,776.96,3107.84
ORD0001231,P000043,3,232.18,696.54
ORD0001231,P000076,4,171.21,684.84
ORD0001231,P000064,2,135.37,270.74
ORD0001231,P000029,1,96.26,96.26
ORD0001232,P000043,1,232.18,232.18
ORD0001232,P000022,3,294.77,884.31
ORD0001232,P000084,2,205.66,411.32
ORD0001233,P000043,4,232.18,928.72
ORD0001233,P000001,4,571.03,2284.12
ORD0001234,P000081,3,834.21,2502.63
ORD0001234,P000053,3,53.27,159.81
ORD0001235,P000095,4,544.11,2176.44
ORD0001235,P000090,2,890.09,1780.18
ORD0001236,P000006,2,339.56,679.12
ORD0001236,P000007,5,20.07,100.35
ORD0001236,P000067,2,296.04,592.08
ORD0001236,P000012,2,770.03,1540.06
ORD0001237,P000099,5,579.66,2898.2999999999997
ORD0001237,P000015,4,803.01,3212.04
ORD0001237,P000028,4,132.06,528.24
ORD0001237,P000049,4,397.95,1591.8
ORD0001237,P000033,4,644.39,2577.56
ORD0001238,P000067,2,296.04,592.08
ORD0001239,P000014,1,928.24,928.24
ORD0001239,P000018,3,261.78,785.3399999999999
ORD0001239,P000040,1,852.32,852.32
ORD0001239,P000098,5,647.23,3236.15
ORD0001239,P000073,1,122.71,122.71
ORD0001240,P000037,1,870.37,870.37
ORD0001240,P000021,1,482.67,482.67
ORD0001240,P000079,3,565.57,1696.71
ORD0001240,P000090,3,890.09,2670.27
ORD0001240,P000014,3,928.24,2784.7200000000003
ORD0001241,P000078,4,475.26,1901.04
ORD0001241,P000050,3,149.61,448.83000000000004
ORD0001241,P000036,4,225.58,902.32
ORD0001241,P000052,5,148.67,743.3499999999999
ORD0001242,P000028,1,132.06,132.06
ORD0001242,P000039,2,929.35,1858.7
ORD0001242,P000029,3,96.26,288.78000000000003
ORD0001242,P000097,4,812.5,3250.0
ORD0001243,P000032,5,837.84,4189.2
ORD0001243,P000019,4,941.21,3764.84
ORD0001243,P000093,5,475.81,2379.05
ORD0001243,P000096,2,118.09,236.18
ORD0001244,P000060,5,606.3,3031.5
ORD0001244,P000012,2,770.03,1540.06
ORD0001244,P000061,2,422.28,844.56
ORD0001244,P000048,4,294.63,1178.52
ORD0001245,P000090,3,890.09,2670.27
ORD0001245,P000089,2,385.38,770.76
ORD0001245,P000033,4,644.39,2577.56
ORD0001245,P000016,1,108.84,108.84
ORD0001246,P000078,5,475.26,2376.3
ORD0001246,P000032,1,837.84,837.84
ORD0001247,P000019,3,941.21,2823.63
ORD0001247,P000094,5,341.12,1705.6
ORD0001247,P000042,2,274.71,549.42
ORD0001248,P000003,3,924.38,2773.14
ORD0001248,P000073,3,122.71,368.13
ORD0001248,P000090,1,890.09,890.09
ORD0001248,P000045,1,711.71,711.71
ORD0001249,P000045,5,711.71,3558.55
ORD0001250,P000062,4,745.88,2983.52
ORD0001250,P000048,4,294.63,1178.52
ORD0001250,P000072,2,841.35,1682.7
ORD0001250,P000039,4,929.35,3717.4
ORD0001251,P000043,1,232.18,232.18
ORD0001251,P000008,1,237.9,237.9
ORD0001251,P000056,5,195.56,977.8
ORD0001251,P000012,3,770.03,2310.09
ORD0001251,P000033,3,644.39,1933.17
ORD0001252,P000077,4,909.58,3638.32
ORD0001252,P000084,4,205.66,822.64
ORD0001252,P000032,1,837.84,837.84
ORD0001252,P000028,3,132.06,396.18
ORD0001253,P000047,2,142.41,284.82
ORD0001253,P000067,4,296.04,1184.16
ORD0001253,P000081,4,834.21,3336.84
ORD0001254,P000087,5,16.49,82.44999999999999
ORD0001254,P000051,4,250.57,1002.28
ORD0001255,P000037,2,870.37,1740.74
ORD0001255,P000013,4,877.54,3510.16
ORD0001256,P000092,2,162.46,324.92
ORD0001256,P000054,2,622.14,1244.28
