order_id,customer_id,order_date,status,total_amount,shipping_method,shipping_address,billing_address,payment_method,delivery_date,site_id
ORD0000001,CUS000084,2024-10-03 01:51:41,Delivered,3684.74,Express,3563 Ashley Wall Apt. 125,3563 Ashley Wall Apt. 125,PayPal,2024-10-08,LOC007
ORD0000002,CUS000059,2024-10-02 11:44:41,Delivered,6728.5,Pick up in store,604 Jones Courts Apt. 869,604 Jones Courts Apt. 869,Credit Card,2024-10-07,LOC015
ORD0000003,CUS000020,2024-10-03 01:12:41,Delivered,7234.72,Standard,63649 Robinson Court,63649 Robinson Court,PayPal,2024-10-04,LOC008
ORD0000004,CUS000080,2024-10-03 03:39:41,Delivered,7742.98,Express,84198 Mitchell Light,84198 Mitchell Light,Credit Card,2024-10-06,LOC015
ORD0000005,CUS000040,2024-10-03 04:30:41,Delivered,3712.96,Pick up in store,9433 Jackie Key,9433 Jackie Key,Bank Transfer,2024-10-09,LOC011
ORD0000006,CUS000090,2024-10-03 08:52:41,Delivered,2571.16,Next Day,9210 Morris Turnpike Suite 212,9210 Morris Turnpike Suite 212,PayPal,2024-10-10,LOC019
ORD0000007,CUS000028,2024-10-03 01:32:41,Delivered,4090.2700000000004,Standard,4548 Rose Corner,4548 Rose Corner,Credit Card,2024-10-09,LOC005
ORD0000008,CUS000017,2024-10-02 14:19:41,Delivered,6199.200000000001,Express,4207 Craig Causeway,4207 Craig Causeway,Bank Transfer,2024-10-08,LOC017
ORD0000009,CUS000074,2024-10-03 10:13:41,Delivered,2425.2,Express,42549 Zavala Lakes Suite 652,42549 Zavala Lakes Suite 652,Credit Card,2024-10-08,LOC008
ORD0000010,CUS000030,2024-10-02 23:50:41,Delivered,1649.9,Standard,56818 Wright Drives,56818 Wright Drives,Credit Card,2024-10-08,LOC017
ORD0000011,CUS000048,2024-10-03 09:18:41,Delivered,237.9,Next Day,1997 Shelly Shore,1997 Shelly Shore,Credit Card,2024-10-06,LOC010
ORD0000012,CUS000036,2024-10-02 22:03:41,Delivered,3712.96,Express,4716 Felicia Trafficway Apt. 051,4716 Felicia Trafficway Apt. 051,PayPal,2024-10-03,LOC001
ORD0000013,CUS000072,2024-10-02 20:45:41,Delivered,4439.049999999999,Express,022 Brennan Vista,022 Brennan Vista,PayPal,2024-10-09,LOC017
ORD0000014,CUS000053,2024-10-02 19:30:41,Delivered,2632.99,Next Day,92512 Armstrong Station,92512 Armstrong Station,Credit Card,2024-10-08,LOC017
ORD0000015,CUS000090,2024-10-03 06:15:41,Delivered,2316.9399999999996,Next Day,9210 Morris Turnpike Suite 212,9210 Morris Turnpike Suite 212,PayPal,2024-10-04,LOC004
ORD0000016,CUS000090,2024-10-02 21:09:41,Delivered,8351.1,Next Day,9210 Morris Turnpike Suite 212,9210 Morris Turnpike Suite 212,Bank Transfer,2024-10-05,LOC005
ORD0000017,CUS000040,2024-10-02 15:11:41,Delivered,6529.88,Standard,9433 Jackie Key,9433 Jackie Key,Credit Card,2024-10-03,LOC001
ORD0000018,CUS000075,2024-10-03 02:03:41,Delivered,4756.71,Standard,10585 Shaun Squares Suite 674,10585 Shaun Squares Suite 674,PayPal,2024-10-10,LOC006
ORD0000019,CUS000100,2024-10-02 13:26:41,Delivered,4493.36,Standard,14536 Holly Trail,14536 Holly Trail,Credit Card,2024-10-07,LOC020
ORD0000020,CUS000067,2024-10-02 16:37:41,Delivered,8877.86,Standard,4937 Brown Turnpike Suite 240,4937 Brown Turnpike Suite 240,Bank Transfer,2024-10-08,LOC014
ORD0000021,CUS000024,2024-10-02 21:44:41,Delivered,6364.48,Pick up in store,574 Gonzales Lodge Apt. 681,574 Gonzales Lodge Apt. 681,PayPal,2024-10-08,LOC004
ORD0000022,CUS000021,2024-10-02 19:49:41,Delivered,2168.18,Next Day,873 Paul Lakes,873 Paul Lakes,Bank Transfer,2024-10-08,LOC018
ORD0000023,CUS000016,2024-10-02 13:39:41,Delivered,122.71,Standard,517 Lester Brook,517 Lester Brook,PayPal,2024-10-03,LOC016
ORD0000024,CUS000045,2024-10-02 22:30:41,Delivered,2482.48,Standard,14062 Oliver Spurs,14062 Oliver Spurs,Bank Transfer,2024-10-06,LOC018
ORD0000025,CUS000045,2024-10-02 11:32:41,Delivered,2976.16,Express,14062 Oliver Spurs,14062 Oliver Spurs,Credit Card,2024-10-08,LOC006
ORD0000026,CUS000099,2024-10-03 14:36:41,Delivered,1243.8,Express,385 Diana Mountain,385 Diana Mountain,Credit Card,2024-10-05,LOC017
ORD0000027,CUS000008,2024-10-04 00:51:41,Delivered,8687.87,Express,949 Mueller Mission,949 Mueller Mission,Bank Transfer,2024-10-10,LOC003
ORD0000028,CUS000081,2024-10-03 22:45:41,Delivered,8514.2,Express,335 Kyle Crescent Apt. 760,335 Kyle Crescent Apt. 760,PayPal,2024-10-04,LOC014
ORD0000029,CUS000044,2024-10-04 06:49:41,Delivered,3183.1,Express,28472 Anderson Bypass,28472 Anderson Bypass,Bank Transfer,2024-10-10,LOC016
ORD0000030,CUS000052,2024-10-03 17:39:41,Delivered,3950.1,Standard,28803 Kyle Island,28803 Kyle Island,Bank Transfer,2024-10-05,LOC013
ORD0000031,CUS000042,2024-10-04 10:34:41,Delivered,4096.33,Pick up in store,19899 Mark Way Suite 871,19899 Mark Way Suite 871,Credit Card,2024-10-05,LOC013
ORD0000032,CUS000061,2024-10-04 04:17:41,Delivered,294.77,Express,8595 Joshua Pine,8595 Joshua Pine,Credit Card,2024-10-11,LOC012
ORD0000033,CUS000038,2024-10-03 15:22:41,Delivered,4238.26,Next Day,811 Leonard Ford Apt. 102,811 Leonard Ford Apt. 102,Credit Card,2024-10-08,LOC020
ORD0000034,CUS000051,2024-10-03 14:09:41,Delivered,7193.15,Next Day,563 Jones Fields Suite 934,563 Jones Fields Suite 934,PayPal,2024-10-10,LOC003
ORD0000035,CUS000005,2024-10-03 18:51:41,Delivered,6925.08,Express,55835 Christopher Parkways Suite 486,55835 Christopher Parkways Suite 486,Bank Transfer,2024-10-07,LOC011
ORD0000036,CUS000091,2024-10-03 16:06:41,Delivered,3727.2999999999997,Standard,7372 Marshall Haven,7372 Marshall Haven,Bank Transfer,2024-10-07,LOC007
ORD0000037,CUS000038,2024-10-04 04:18:41,Delivered,1131.14,Pick up in store,811 Leonard Ford Apt. 102,811 Leonard Ford Apt. 102,PayPal,2024-10-07,LOC010
ORD0000038,CUS000014,2024-10-03 11:51:41,Delivered,4610.08,Next Day,240 Lewis Park,240 Lewis Park,PayPal,2024-10-06,LOC011
ORD0000039,CUS000062,2024-10-03 22:41:41,Delivered,462.25,Pick up in store,9634 Thomas Vista,9634 Thomas Vista,Credit Card,2024-10-08,LOC004
ORD0000040,CUS000002,2024-10-03 15:09:41,Delivered,3268.04,Standard,7944 Rich Turnpike,7944 Rich Turnpike,Credit Card,2024-10-07,LOC007
ORD0000041,CUS000056,2024-10-03 20:47:41,Delivered,2038.4099999999999,Next Day,5399 Pierce Gardens Suite 720,5399 Pierce Gardens Suite 720,Bank Transfer,2024-10-08,LOC006
ORD0000042,CUS000020,2024-10-04 03:24:41,Delivered,1359.1200000000001,Next Day,63649 Robinson Court,63649 Robinson Court,PayPal,2024-10-06,LOC015
ORD0000043,CUS000022,2024-10-03 19:55:41,Delivered,2786.03,Pick up in store,290 Hodges Pine,290 Hodges Pine,Credit Card,2024-10-05,LOC013
ORD0000044,CUS000091,2024-10-03 23:26:41,Delivered,6831.25,Express,7372 Marshall Haven,7372 Marshall Haven,Credit Card,2024-10-06,LOC005
ORD0000045,CUS000051,2024-10-04 06:34:41,Delivered,473.76,Express,563 Jones Fields Suite 934,563 Jones Fields Suite 934,Credit Card,2024-10-09,LOC014
ORD0000046,CUS000023,2024-10-03 15:20:41,Delivered,7258.0,Next Day,245 Hall Cove,245 Hall Cove,PayPal,2024-10-09,LOC001
ORD0000047,CUS000090,2024-10-03 22:32:41,Delivered,1801.53,Standard,9210 Morris Turnpike Suite 212,9210 Morris Turnpike Suite 212,Credit Card,2024-10-10,LOC001
ORD0000048,CUS000027,2024-10-03 13:41:41,Delivered,7506.459999999999,Standard,8148 John Course Suite 159,8148 John Course Suite 159,Bank Transfer,2024-10-10,LOC020
ORD0000049,CUS000010,2024-10-04 04:25:41,Delivered,3980.7400000000002,Pick up in store,386 Brian Gateway,386 Brian Gateway,Bank Transfer,2024-10-08,LOC013
ORD0000050,CUS000072,2024-10-03 20:10:41,Delivered,4495.5199999999995,Express,022 Brennan Vista,022 Brennan Vista,Bank Transfer,2024-10-05,LOC001
ORD0000051,CUS000005,2024-10-03 20:20:41,Delivered,4982.19,Express,55835 Christopher Parkways Suite 486,55835 Christopher Parkways Suite 486,Credit Card,2024-10-06,LOC002
ORD0000052,CUS000010,2024-10-04 00:32:41,Delivered,2265.2000000000003,Pick up in store,386 Brian Gateway,386 Brian Gateway,Credit Card,2024-10-07,LOC005
ORD0000053,CUS000058,2024-10-05 04:46:41,Delivered,1915.65,Express,6387 Susan Roads,6387 Susan Roads,Bank Transfer,2024-10-11,LOC002
ORD0000054,CUS000054,2024-10-05 02:07:41,Delivered,294.77,Next Day,00532 Matthew Fork Suite 143,00532 Matthew Fork Suite 143,PayPal,2024-10-06,LOC004
ORD0000055,CUS000092,2024-10-05 04:20:41,Delivered,4271.1,Pick up in store,441 Nichols Glen,441 Nichols Glen,PayPal,2024-10-11,LOC010
ORD0000056,CUS000007,2024-10-05 01:13:41,Delivered,1098.84,Next Day,64048 Golden Mount Suite 491,64048 Golden Mount Suite 491,Credit Card,2024-10-11,LOC003
ORD0000057,CUS000079,2024-10-04 16:00:41,Delivered,3081.76,Pick up in store,34676 Chan Brooks,34676 Chan Brooks,Bank Transfer,2024-10-11,LOC008
ORD0000058,CUS000095,2024-10-04 17:55:41,Delivered,1326.34,Express,1425 Williams Mountain,1425 Williams Mountain,PayPal,2024-10-08,LOC009
ORD0000059,CUS000027,2024-10-05 10:05:41,Delivered,3611.45,Express,8148 John Course Suite 159,8148 John Course Suite 159,Bank Transfer,2024-10-06,LOC010
ORD0000060,CUS000071,2024-10-05 07:45:41,Delivered,2022.73,Pick up in store,085 Aaron Crescent Apt. 676,085 Aaron Crescent Apt. 676,Bank Transfer,2024-10-11,LOC014
ORD0000061,CUS000053,2024-10-04 21:43:41,Delivered,6189.15,Standard,92512 Armstrong Station,92512 Armstrong Station,PayPal,2024-10-10,LOC011
ORD0000062,CUS000023,2024-10-04 17:05:41,Delivered,462.25,Pick up in store,245 Hall Cove,245 Hall Cove,Credit Card,2024-10-05,LOC019
ORD0000063,CUS000041,2024-10-04 18:32:41,Delivered,2609.89,Pick up in store,312 Mathew Route Suite 835,312 Mathew Route Suite 835,Credit Card,2024-10-07,LOC017
ORD0000064,CUS000021,2024-10-05 09:46:41,Delivered,4705.0,Pick up in store,873 Paul Lakes,873 Paul Lakes,PayPal,2024-10-11,LOC012
ORD0000065,CUS000002,2024-10-04 17:37:41,Delivered,3117.87,Standard,7944 Rich Turnpike,7944 Rich Turnpike,PayPal,2024-10-09,LOC020
ORD0000066,CUS000033,2024-10-05 09:22:41,Delivered,5851.4,Pick up in store,32833 Harris Fall,32833 Harris Fall,Credit Card,2024-10-08,LOC013
ORD0000067,CUS000016,2024-10-04 11:58:41,Delivered,5521.82,Express,517 Lester Brook,517 Lester Brook,Credit Card,2024-10-10,LOC014
ORD0000068,CUS000027,2024-10-05 02:00:41,Delivered,2493.09,Next Day,8148 John Course Suite 159,8148 John Course Suite 159,Bank Transfer,2024-10-06,LOC011
ORD0000069,CUS000044,2024-10-04 16:43:41,Delivered,142.41,Express,28472 Anderson Bypass,28472 Anderson Bypass,Bank Transfer,2024-10-06,LOC007
ORD0000070,CUS000008,2024-10-04 15:24:41,Delivered,6654.09,Standard,949 Mueller Mission,949 Mueller Mission,PayPal,2024-10-08,LOC003
ORD0000071,CUS000047,2024-10-04 12:14:41,Delivered,14584.49,Express,46161 Ortega Fork Apt. 399,46161 Ortega Fork Apt. 399,PayPal,2024-10-06,LOC010
ORD0000072,CUS000014,2024-10-04 12:47:41,Delivered,8503.51,Next Day,240 Lewis Park,240 Lewis Park,PayPal,2024-10-05,LOC002
ORD0000073,CUS000014,2024-10-05 17:21:41,Delivered,5479.64,Standard,240 Lewis Park,240 Lewis Park,Credit Card,2024-10-10,LOC003
ORD0000074,CUS000066,2024-10-05 17:53:41,Delivered,1817.87,Pick up in store,712 Andrew Ranch,712 Andrew Ranch,Credit Card,2024-10-09,LOC008
ORD0000075,CUS000040,2024-10-06 09:45:41,Delivered,6490.79,Express,9433 Jackie Key,9433 Jackie Key,Bank Transfer,2024-10-09,LOC017
ORD0000076,CUS000052,2024-10-05 22:27:41,Delivered,3232.07,Standard,28803 Kyle Island,28803 Kyle Island,Credit Card,2024-10-07,LOC019
ORD0000077,CUS000080,2024-10-06 07:01:41,Delivered,4883.15,Next Day,84198 Mitchell Light,84198 Mitchell Light,PayPal,2024-10-11,LOC004
ORD0000078,CUS000025,2024-10-05 13:50:41,Delivered,5288.629999999999,Next Day,554 Phillips Spring,554 Phillips Spring,PayPal,2024-10-07,LOC017
ORD0000079,CUS000097,2024-10-05 22:02:41,Delivered,3671.4,Next Day,728 Laurie Cape,728 Laurie Cape,Bank Transfer,2024-10-06,LOC002
ORD0000080,CUS000022,2024-10-06 00:08:41,Delivered,1401.9099999999999,Express,290 Hodges Pine,290 Hodges Pine,PayPal,2024-10-09,LOC019
ORD0000081,CUS000004,2024-10-06 00:09:41,Delivered,8459.35,Express,86781 Webb Tunnel Apt. 880,86781 Webb Tunnel Apt. 880,Credit Card,2024-10-08,LOC009
ORD0000082,CUS000035,2024-10-05 23:11:41,Delivered,4552.56,Pick up in store,0435 Mullins Canyon,0435 Mullins Canyon,Credit Card,2024-10-10,LOC020
ORD0000083,CUS000018,2024-10-05 19:31:41,Delivered,317.21000000000004,Standard,693 Kathryn Extension,693 Kathryn Extension,PayPal,2024-10-11,LOC016
ORD0000084,CUS000083,2024-10-05 14:44:41,Delivered,9868.35,Next Day,808 Joseph Center Suite 987,808 Joseph Center Suite 987,Bank Transfer,2024-10-12,LOC015
ORD0000085,CUS000001,2024-10-06 22:45:41,Delivered,6929.270000000001,Standard,45447 Ryan Springs Suite 790,45447 Ryan Springs Suite 790,PayPal,2024-10-08,LOC007
ORD0000086,CUS000087,2024-10-07 05:05:41,Delivered,6886.18,Pick up in store,99137 Scott Streets Suite 891,99137 Scott Streets Suite 891,PayPal,2024-10-12,LOC010
ORD0000087,CUS000041,2024-10-07 03:04:41,Delivered,1364.48,Express,312 Mathew Route Suite 835,312 Mathew Route Suite 835,Bank Transfer,2024-10-13,LOC013
ORD0000088,CUS000063,2024-10-07 00:50:41,Delivered,2302.37,Next Day,6888 Emily Underpass,6888 Emily Underpass,Credit Card,2024-10-08,LOC018
ORD0000089,CUS000085,2024-10-07 08:20:41,Delivered,620.55,Standard,65310 Smith Causeway,65310 Smith Causeway,PayPal,2024-10-12,LOC012
ORD0000090,CUS000017,2024-10-07 02:14:41,Delivered,10709.12,Pick up in store,4207 Craig Causeway,4207 Craig Causeway,Credit Card,2024-10-13,LOC017
ORD0000091,CUS000070,2024-10-06 11:30:41,Delivered,3110.7,Express,17993 Lee Cove Apt. 976,17993 Lee Cove Apt. 976,Bank Transfer,2024-10-08,LOC014
ORD0000092,CUS000024,2024-10-07 05:10:41,Delivered,2346.32,Pick up in store,574 Gonzales Lodge Apt. 681,574 Gonzales Lodge Apt. 681,Bank Transfer,2024-10-11,LOC017
ORD0000093,CUS000080,2024-10-06 22:13:41,Delivered,4762.799999999999,Standard,84198 Mitchell Light,84198 Mitchell Light,Credit Card,2024-10-11,LOC008
ORD0000094,CUS000090,2024-10-06 22:57:41,Delivered,5539.099999999999,Next Day,9210 Morris Turnpike Suite 212,9210 Morris Turnpike Suite 212,PayPal,2024-10-10,LOC005
ORD0000095,CUS000021,2024-10-06 14:51:41,Delivered,1705.6,Standard,873 Paul Lakes,873 Paul Lakes,Credit Card,2024-10-11,LOC016
ORD0000096,CUS000078,2024-10-07 08:45:41,Delivered,2087.1,Pick up in store,783 Hudson Mill Suite 171,783 Hudson Mill Suite 171,Bank Transfer,2024-10-08,LOC016
ORD0000097,CUS000049,2024-10-07 10:46:41,Delivered,751.71,Next Day,8581 Katelyn Pike Apt. 739,8581 Katelyn Pike Apt. 739,PayPal,2024-10-12,LOC010
ORD0000098,CUS000041,2024-10-06 14:21:41,Delivered,12212.420000000002,Standard,312 Mathew Route Suite 835,312 Mathew Route Suite 835,Bank Transfer,2024-10-10,LOC013
ORD0000099,CUS000050,2024-10-07 04:36:41,Delivered,5399.490000000001,Pick up in store,739 Garcia Spur Apt. 819,739 Garcia Spur Apt. 819,Bank Transfer,2024-10-14,LOC016
ORD0000100,CUS000003,2024-10-06 13:44:41,Delivered,3761.2299999999996,Standard,22024 Harrison Roads,22024 Harrison Roads,Bank Transfer,2024-10-09,LOC003
ORD0000101,CUS000081,2024-10-06 22:43:41,Delivered,3339.21,Pick up in store,335 Kyle Crescent Apt. 760,335 Kyle Crescent Apt. 760,PayPal,2024-10-08,LOC007
ORD0000102,CUS000008,2024-10-06 16:24:41,Delivered,679.12,Next Day,949 Mueller Mission,949 Mueller Mission,PayPal,2024-10-11,LOC004
ORD0000103,CUS000048,2024-10-07 09:37:41,Delivered,3051.82,Standard,1997 Shelly Shore,1997 Shelly Shore,Bank Transfer,2024-10-09,LOC002
ORD0000104,CUS000052,2024-10-06 18:28:41,Delivered,682.24,Pick up in store,28803 Kyle Island,28803 Kyle Island,Credit Card,2024-10-09,LOC020
ORD0000105,CUS000072,2024-10-07 07:32:41,Delivered,1160.9,Standard,022 Brennan Vista,022 Brennan Vista,Bank Transfer,2024-10-09,LOC005
ORD0000106,CUS000003,2024-10-08 01:08:41,Delivered,1144.86,Next Day,22024 Harrison Roads,22024 Harrison Roads,Credit Card,2024-10-11,LOC005
ORD0000107,CUS000071,2024-10-07 12:50:41,Delivered,2956.51,Express,085 Aaron Crescent Apt. 676,085 Aaron Crescent Apt. 676,Bank Transfer,2024-10-14,LOC015
ORD0000108,CUS000098,2024-10-07 16:14:41,Delivered,6777.47,Express,4693 Ashley Centers,4693 Ashley Centers,PayPal,2024-10-13,LOC005
ORD0000109,CUS000014,2024-10-07 20:57:41,Delivered,1352.44,Next Day,240 Lewis Park,240 Lewis Park,Credit Card,2024-10-13,LOC015
ORD0000110,CUS000017,2024-10-07 14:38:41,Delivered,3116.7400000000002,Express,4207 Craig Causeway,4207 Craig Causeway,PayPal,2024-10-13,LOC006
ORD0000111,CUS000034,2024-10-07 20:16:41,Delivered,4972.33,Next Day,81729 Mccall Meadows,81729 Mccall Meadows,PayPal,2024-10-10,LOC005
ORD0000112,CUS000029,2024-10-07 22:54:41,Delivered,7158.42,Express,248 Schaefer Alley,248 Schaefer Alley,Bank Transfer,2024-10-12,LOC014
ORD0000113,CUS000026,2024-10-07 14:42:41,Delivered,2720.55,Pick up in store,305 Newton Bypass,305 Newton Bypass,PayPal,2024-10-13,LOC016
ORD0000114,CUS000005,2024-10-07 23:28:41,Delivered,2201.75,Standard,55835 Christopher Parkways Suite 486,55835 Christopher Parkways Suite 486,Credit Card,2024-10-11,LOC017
ORD0000115,CUS000090,2024-10-07 12:20:41,Delivered,7121.24,Pick up in store,9210 Morris Turnpike Suite 212,9210 Morris Turnpike Suite 212,Bank Transfer,2024-10-14,LOC018
ORD0000116,CUS000054,2024-10-07 20:00:41,Delivered,1398.12,Pick up in store,00532 Matthew Fork Suite 143,00532 Matthew Fork Suite 143,Credit Card,2024-10-09,LOC002
ORD0000117,CUS000078,2024-10-08 07:55:41,Delivered,1193.85,Pick up in store,783 Hudson Mill Suite 171,783 Hudson Mill Suite 171,PayPal,2024-10-15,LOC011
ORD0000118,CUS000024,2024-10-07 11:38:41,Delivered,11001.09,Express,574 Gonzales Lodge Apt. 681,574 Gonzales Lodge Apt. 681,PayPal,2024-10-14,LOC004
ORD0000119,CUS000062,2024-10-07 22:28:41,Delivered,2822.41,Standard,9634 Thomas Vista,9634 Thomas Vista,Credit Card,2024-10-11,LOC015
ORD0000120,CUS000086,2024-10-07 17:47:41,Delivered,4779.96,Next Day,023 Melissa Crossroad Apt. 855,023 Melissa Crossroad Apt. 855,Bank Transfer,2024-10-13,LOC002
ORD0000121,CUS000047,2024-10-07 19:58:41,Delivered,3060.57,Next Day,46161 Ortega Fork Apt. 399,46161 Ortega Fork Apt. 399,Credit Card,2024-10-09,LOC019
ORD0000122,CUS000022,2024-10-07 12:14:41,Delivered,2948.63,Pick up in store,290 Hodges Pine,290 Hodges Pine,Credit Card,2024-10-14,LOC004
ORD0000123,CUS000025,2024-10-08 06:06:41,Delivered,6277.88,Standard,554 Phillips Spring,554 Phillips Spring,PayPal,2024-10-14,LOC012
ORD0000124,CUS000068,2024-10-08 05:58:41,Delivered,6411.45,Next Day,165 Walker Mill,165 Walker Mill,PayPal,2024-10-09,LOC011
ORD0000125,CUS000027,2024-10-08 01:09:41,Delivered,2437.55,Express,8148 John Course Suite 159,8148 John Course Suite 159,Credit Card,2024-10-15,LOC007
ORD0000126,CUS000004,2024-10-08 07:07:41,Delivered,2795.52,Standard,86781 Webb Tunnel Apt. 880,86781 Webb Tunnel Apt. 880,Credit Card,2024-10-14,LOC020
ORD0000127,CUS000057,2024-10-08 04:40:41,Delivered,7075.379999999999,Next Day,647 Mcgee Manors,647 Mcgee Manors,PayPal,2024-10-14,LOC009
ORD0000128,CUS000095,2024-10-08 09:44:41,Delivered,4035.04,Pick up in store,1425 Williams Mountain,1425 Williams Mountain,Bank Transfer,2024-10-11,LOC008
ORD0000129,CUS000075,2024-10-07 16:21:41,Delivered,7921.839999999999,Pick up in store,10585 Shaun Squares Suite 674,10585 Shaun Squares Suite 674,PayPal,2024-10-14,LOC002
ORD0000130,CUS000093,2024-10-07 12:27:41,Delivered,1802.19,Next Day,443 Evans Pine Apt. 602,443 Evans Pine Apt. 602,Bank Transfer,2024-10-11,LOC012
ORD0000131,CUS000002,2024-10-08 02:29:41,Delivered,6398.13,Express,7944 Rich Turnpike,7944 Rich Turnpike,Credit Card,2024-10-14,LOC011
ORD0000132,CUS000100,2024-10-07 14:19:41,Delivered,4421.64,Next Day,14536 Holly Trail,14536 Holly Trail,Bank Transfer,2024-10-10,LOC008
ORD0000133,CUS000034,2024-10-07 18:48:41,Delivered,596.61,Express,81729 Mccall Meadows,81729 Mccall Meadows,Credit Card,2024-10-09,LOC004
ORD0000134,CUS000078,2024-10-08 05:13:41,Delivered,9001.98,Pick up in store,783 Hudson Mill Suite 171,783 Hudson Mill Suite 171,Credit Card,2024-10-12,LOC016
ORD0000135,CUS000099,2024-10-07 12:17:41,Delivered,5479.469999999999,Standard,385 Diana Mountain,385 Diana Mountain,PayPal,2024-10-10,LOC004
ORD0000136,CUS000066,2024-10-08 11:20:41,Delivered,3578.32,Pick up in store,712 Andrew Ranch,712 Andrew Ranch,Credit Card,2024-10-13,LOC001
ORD0000137,CUS000061,2024-10-08 19:20:41,Delivered,5364.49,Express,8595 Joshua Pine,8595 Joshua Pine,Bank Transfer,2024-10-12,LOC018
ORD0000138,CUS000095,2024-10-08 16:01:41,Delivered,365.09999999999997,Next Day,1425 Williams Mountain,1425 Williams Mountain,PayPal,2024-10-10,LOC012
ORD0000139,CUS000024,2024-10-08 19:41:41,Delivered,10766.78,Express,574 Gonzales Lodge Apt. 681,574 Gonzales Lodge Apt. 681,Bank Transfer,2024-10-14,LOC013
ORD0000140,CUS000082,2024-10-08 16:13:41,Delivered,292.08,Next Day,3913 Chambers Park Apt. 634,3913 Chambers Park Apt. 634,PayPal,2024-10-12,LOC010
ORD0000141,CUS000093,2024-10-09 07:22:41,Delivered,7627.290000000001,Next Day,443 Evans Pine Apt. 602,443 Evans Pine Apt. 602,Credit Card,2024-10-11,LOC008
ORD0000142,CUS000069,2024-10-08 18:43:41,Delivered,1400.1699999999998,Next Day,56017 Michelle Trace Apt. 592,56017 Michelle Trace Apt. 592,Credit Card,2024-10-13,LOC002
ORD0000143,CUS000074,2024-10-09 05:31:41,Delivered,3712.96,Standard,42549 Zavala Lakes Suite 652,42549 Zavala Lakes Suite 652,PayPal,2024-10-16,LOC016
ORD0000144,CUS000004,2024-10-09 03:59:41,Delivered,5619.37,Standard,86781 Webb Tunnel Apt. 880,86781 Webb Tunnel Apt. 880,Credit Card,2024-10-11,LOC012
ORD0000145,CUS000049,2024-10-09 04:20:41,Delivered,1406.83,Express,8581 Katelyn Pike Apt. 739,8581 Katelyn Pike Apt. 739,PayPal,2024-10-10,LOC002
ORD0000146,CUS000063,2024-10-08 15:41:41,Delivered,4649.12,Standard,6888 Emily Underpass,6888 Emily Underpass,Credit Card,2024-10-09,LOC009
ORD0000147,CUS000044,2024-10-08 14:11:41,Delivered,108.84,Next Day,28472 Anderson Bypass,28472 Anderson Bypass,Credit Card,2024-10-12,LOC011
ORD0000148,CUS000096,2024-10-08 18:12:41,Delivered,8584.84,Next Day,997 Debra Road,997 Debra Road,Credit Card,2024-10-14,LOC016
ORD0000149,CUS000046,2024-10-09 10:24:41,Delivered,294.63,Next Day,0384 Michelle Cape,0384 Michelle Cape,PayPal,2024-10-14,LOC008
ORD0000150,CUS000085,2024-10-08 13:52:41,Delivered,8533.439999999999,Next Day,65310 Smith Causeway,65310 Smith Causeway,PayPal,2024-10-15,LOC004
ORD0000151,CUS000097,2024-10-08 15:11:41,Delivered,7845.219999999999,Pick up in store,728 Laurie Cape,728 Laurie Cape,PayPal,2024-10-13,LOC012
ORD0000152,CUS000008,2024-10-08 14:29:41,Delivered,1186.5,Standard,949 Mueller Mission,949 Mueller Mission,PayPal,2024-10-14,LOC015
ORD0000153,CUS000095,2024-10-09 06:22:41,Delivered,5208.01,Pick up in store,1425 Williams Mountain,1425 Williams Mountain,Bank Transfer,2024-10-15,LOC015
ORD0000154,CUS000059,2024-10-08 20:32:41,Delivered,7439.6900000000005,Standard,604 Jones Courts Apt. 869,604 Jones Courts Apt. 869,Credit Card,2024-10-10,LOC018
ORD0000155,CUS000046,2024-10-09 03:26:41,Delivered,549.42,Express,0384 Michelle Cape,0384 Michelle Cape,PayPal,2024-10-15,LOC002
ORD0000156,CUS000057,2024-10-08 21:54:41,Delivered,590.45,Pick up in store,647 Mcgee Manors,647 Mcgee Manors,PayPal,2024-10-12,LOC008
ORD0000157,CUS000035,2024-10-10 06:04:41,Delivered,589.54,Next Day,0435 Mullins Canyon,0435 Mullins Canyon,Credit Card,2024-10-12,LOC003
ORD0000158,CUS000049,2024-10-09 20:26:41,Delivered,265.25,Standard,8581 Katelyn Pike Apt. 739,8581 Katelyn Pike Apt. 739,PayPal,2024-10-10,LOC015
ORD0000159,CUS000045,2024-10-09 16:32:41,Delivered,3218.3900000000003,Standard,14062 Oliver Spurs,14062 Oliver Spurs,PayPal,2024-10-14,LOC015
ORD0000160,CUS000023,2024-10-09 14:39:41,Delivered,5147.24,Next Day,245 Hall Cove,245 Hall Cove,Bank Transfer,2024-10-12,LOC008
ORD0000161,CUS000071,2024-10-09 12:01:41,Delivered,3592.42,Express,085 Aaron Crescent Apt. 676,085 Aaron Crescent Apt. 676,PayPal,2024-10-13,LOC016
ORD0000162,CUS000068,2024-10-09 11:07:41,Delivered,2469.09,Pick up in store,165 Walker Mill,165 Walker Mill,Credit Card,2024-10-10,LOC013
ORD0000163,CUS000004,2024-10-10 06:09:41,Delivered,9973.24,Next Day,86781 Webb Tunnel Apt. 880,86781 Webb Tunnel Apt. 880,Bank Transfer,2024-10-14,LOC011
ORD0000164,CUS000016,2024-10-10 03:55:41,Delivered,2402.92,Express,517 Lester Brook,517 Lester Brook,Bank Transfer,2024-10-14,LOC007
ORD0000165,CUS000040,2024-10-09 21:07:41,Delivered,5306.42,Express,9433 Jackie Key,9433 Jackie Key,Bank Transfer,2024-10-11,LOC018
ORD0000166,CUS000062,2024-10-09 14:33:41,Delivered,2309.4999999999995,Express,9634 Thomas Vista,9634 Thomas Vista,PayPal,2024-10-10,LOC019
ORD0000167,CUS000025,2024-10-09 20:45:41,Delivered,677.91,Standard,554 Phillips Spring,554 Phillips Spring,PayPal,2024-10-14,LOC005
ORD0000168,CUS000020,2024-10-09 22:03:41,Delivered,7910.280000000001,Standard,63649 Robinson Court,63649 Robinson Court,Bank Transfer,2024-10-13,LOC019
ORD0000169,CUS000024,2024-10-09 17:53:41,Delivered,1837.0300000000002,Standard,574 Gonzales Lodge Apt. 681,574 Gonzales Lodge Apt. 681,PayPal,2024-10-14,LOC008
ORD0000170,CUS000033,2024-10-10 10:32:41,Delivered,3495.9800000000005,Next Day,32833 Harris Fall,32833 Harris Fall,Credit Card,2024-10-16,LOC004
ORD0000171,CUS000034,2024-10-10 08:26:41,Delivered,6173.000000000001,Express,81729 Mccall Meadows,81729 Mccall Meadows,PayPal,2024-10-13,LOC003
ORD0000172,CUS000078,2024-10-09 13:26:41,Delivered,475.81,Next Day,783 Hudson Mill Suite 171,783 Hudson Mill Suite 171,Credit Card,2024-10-10,LOC010
ORD0000173,CUS000092,2024-10-09 23:56:41,Delivered,1871.5100000000002,Express,441 Nichols Glen,441 Nichols Glen,PayPal,2024-10-11,LOC001
ORD0000174,CUS000015,2024-10-09 11:18:41,Delivered,5062.56,Express,943 Dawn Extension Apt. 032,943 Dawn Extension Apt. 032,Bank Transfer,2024-10-12,LOC003
ORD0000175,CUS000094,2024-10-10 07:56:41,Delivered,7679.5,Express,91800 Tony Lights Suite 800,91800 Tony Lights Suite 800,PayPal,2024-10-16,LOC001
ORD0000176,CUS000041,2024-10-09 13:07:41,Delivered,1826.62,Express,312 Mathew Route Suite 835,312 Mathew Route Suite 835,Credit Card,2024-10-12,LOC002
ORD0000177,CUS000012,2024-10-10 03:28:41,Delivered,8333.02,Standard,753 Powell Manor Suite 888,753 Powell Manor Suite 888,PayPal,2024-10-11,LOC017
ORD0000178,CUS000073,2024-10-10 02:07:41,Delivered,2102.11,Next Day,598 Smith Mission Suite 623,598 Smith Mission Suite 623,PayPal,2024-10-14,LOC014
ORD0000179,CUS000019,2024-10-10 08:37:41,Delivered,1201.46,Express,3594 Long Wall Suite 248,3594 Long Wall Suite 248,Credit Card,2024-10-15,LOC014
ORD0000180,CUS000068,2024-10-10 01:44:41,Delivered,7923.960000000001,Next Day,165 Walker Mill,165 Walker Mill,Credit Card,2024-10-11,LOC005
ORD0000181,CUS000013,2024-10-10 10:29:41,Delivered,202.06,Express,54024 Miller Track Suite 763,54024 Miller Track Suite 763,Credit Card,2024-10-11,LOC016
ORD0000182,CUS000085,2024-10-09 19:37:41,Delivered,3610.3999999999996,Express,65310 Smith Causeway,65310 Smith Causeway,Credit Card,2024-10-11,LOC018
ORD0000183,CUS000005,2024-10-09 19:37:41,Delivered,3433.5200000000004,Express,55835 Christopher Parkways Suite 486,55835 Christopher Parkways Suite 486,Bank Transfer,2024-10-16,LOC008
ORD0000184,CUS000020,2024-10-10 22:58:41,Delivered,8461.18,Pick up in store,63649 Robinson Court,63649 Robinson Court,Credit Card,2024-10-17,LOC002
ORD0000185,CUS000066,2024-10-10 11:14:41,Delivered,2575.6,Express,712 Andrew Ranch,712 Andrew Ranch,Credit Card,2024-10-14,LOC014
ORD0000186,CUS000043,2024-10-10 18:11:41,Delivered,4561.53,Express,1002 John Row Apt. 424,1002 John Row Apt. 424,Bank Transfer,2024-10-14,LOC006
ORD0000187,CUS000003,2024-10-10 17:15:41,Delivered,5999.010000000001,Next Day,22024 Harrison Roads,22024 Harrison Roads,Credit Card,2024-10-14,LOC008
ORD0000188,CUS000058,2024-10-11 07:11:41,Delivered,4359.110000000001,Next Day,6387 Susan Roads,6387 Susan Roads,Credit Card,2024-10-17,LOC016
ORD0000189,CUS000016,2024-10-10 22:17:41,Delivered,2923.24,Express,517 Lester Brook,517 Lester Brook,Credit Card,2024-10-11,LOC003
ORD0000190,CUS000075,2024-10-11 04:49:41,Delivered,565.57,Next Day,10585 Shaun Squares Suite 674,10585 Shaun Squares Suite 674,Credit Card,2024-10-15,LOC009
ORD0000191,CUS000097,2024-10-11 10:43:41,Delivered,1160.42,Express,728 Laurie Cape,728 Laurie Cape,Bank Transfer,2024-10-13,LOC015
ORD0000192,CUS000052,2024-10-11 05:18:41,Delivered,1433.19,Next Day,28803 Kyle Island,28803 Kyle Island,Credit Card,2024-10-14,LOC020
ORD0000193,CUS000042,2024-10-11 09:41:41,Delivered,3731.08,Pick up in store,19899 Mark Way Suite 871,19899 Mark Way Suite 871,Credit Card,2024-10-12,LOC012
ORD0000194,CUS000086,2024-10-10 17:52:41,Delivered,8178.650000000001,Standard,023 Melissa Crossroad Apt. 855,023 Melissa Crossroad Apt. 855,Credit Card,2024-10-11,LOC017
ORD0000195,CUS000054,2024-10-11 10:48:41,Delivered,3416.2999999999997,Standard,00532 Matthew Fork Suite 143,00532 Matthew Fork Suite 143,Credit Card,2024-10-13,LOC013
ORD0000196,CUS000041,2024-10-10 14:15:41,Delivered,4179.5199999999995,Express,312 Mathew Route Suite 835,312 Mathew Route Suite 835,Credit Card,2024-10-13,LOC008
ORD0000197,CUS000057,2024-10-11 07:29:41,Delivered,7017.88,Next Day,647 Mcgee Manors,647 Mcgee Manors,Credit Card,2024-10-15,LOC003
ORD0000198,CUS000009,2024-10-11 13:19:41,Delivered,4466.75,Standard,4479 Hinton Heights Suite 425,4479 Hinton Heights Suite 425,PayPal,2024-10-12,LOC001
ORD0000199,CUS000028,2024-10-11 17:38:41,Delivered,4651.88,Next Day,4548 Rose Corner,4548 Rose Corner,Bank Transfer,2024-10-16,LOC012
ORD0000200,CUS000049,2024-10-12 02:53:41,Delivered,977.8,Pick up in store,8581 Katelyn Pike Apt. 739,8581 Katelyn Pike Apt. 739,Bank Transfer,2024-10-19,LOC002
ORD0000201,CUS000069,2024-10-12 02:39:41,Delivered,1496.6000000000001,Pick up in store,56017 Michelle Trace Apt. 592,56017 Michelle Trace Apt. 592,PayPal,2024-10-19,LOC012
ORD0000202,CUS000046,2024-10-11 22:26:41,Delivered,6459.43,Next Day,0384 Michelle Cape,0384 Michelle Cape,Bank Transfer,2024-10-17,LOC010
ORD0000203,CUS000007,2024-10-12 10:40:41,Delivered,2394.76,Express,64048 Golden Mount Suite 491,64048 Golden Mount Suite 491,PayPal,2024-10-18,LOC011
ORD0000204,CUS000084,2024-10-11 23:54:41,Delivered,11909.529999999999,Next Day,3563 Ashley Wall Apt. 125,3563 Ashley Wall Apt. 125,Bank Transfer,2024-10-15,LOC013
ORD0000205,CUS000072,2024-10-11 21:00:41,Delivered,4599.08,Standard,022 Brennan Vista,022 Brennan Vista,Bank Transfer,2024-10-14,LOC005
ORD0000206,CUS000053,2024-10-12 07:38:41,Delivered,3365.4,Next Day,92512 Armstrong Station,92512 Armstrong Station,Credit Card,2024-10-18,LOC012
ORD0000207,CUS000085,2024-10-12 10:33:41,Delivered,3031.5,Pick up in store,65310 Smith Causeway,65310 Smith Causeway,Bank Transfer,2024-10-13,LOC014
ORD0000208,CUS000016,2024-10-11 13:40:41,Delivered,108.84,Next Day,517 Lester Brook,517 Lester Brook,PayPal,2024-10-18,LOC005
ORD0000209,CUS000068,2024-10-11 11:38:41,Delivered,649.23,Pick up in store,165 Walker Mill,165 Walker Mill,PayPal,2024-10-12,LOC006
ORD0000210,CUS000077,2024-10-12 05:50:41,Delivered,9571.99,Next Day,17316 Ashley Ridges Suite 345,17316 Ashley Ridges Suite 345,Credit Card,2024-10-17,LOC016
ORD0000211,CUS000032,2024-10-13 07:02:41,Delivered,8131.48,Pick up in store,57334 Cooper Island,57334 Cooper Island,Bank Transfer,2024-10-17,LOC006
ORD0000212,CUS000019,2024-10-12 23:00:41,Delivered,4640.17,Next Day,3594 Long Wall Suite 248,3594 Long Wall Suite 248,Credit Card,2024-10-16,LOC020
ORD0000213,CUS000016,2024-10-12 20:26:41,Delivered,3338.27,Pick up in store,517 Lester Brook,517 Lester Brook,Credit Card,2024-10-19,LOC016
ORD0000214,CUS000040,2024-10-12 21:46:41,Delivered,2428.58,Pick up in store,9433 Jackie Key,9433 Jackie Key,PayPal,2024-10-13,LOC005
ORD0000215,CUS000020,2024-10-12 19:39:41,Delivered,4524.29,Next Day,63649 Robinson Court,63649 Robinson Court,PayPal,2024-10-17,LOC012
ORD0000216,CUS000010,2024-10-12 15:52:41,Delivered,6939.93,Express,386 Brian Gateway,386 Brian Gateway,Credit Card,2024-10-18,LOC014
ORD0000217,CUS000087,2024-10-13 04:55:41,Delivered,7308.83,Next Day,99137 Scott Streets Suite 891,99137 Scott Streets Suite 891,PayPal,2024-10-18,LOC013
ORD0000218,CUS000035,2024-10-12 12:50:41,Delivered,4890.2,Pick up in store,0435 Mullins Canyon,0435 Mullins Canyon,Bank Transfer,2024-10-16,LOC006
ORD0000219,CUS000046,2024-10-12 21:27:41,Delivered,7635.7300000000005,Standard,0384 Michelle Cape,0384 Michelle Cape,Bank Transfer,2024-10-13,LOC008
ORD0000220,CUS000007,2024-10-13 03:59:41,Delivered,5522.13,Next Day,64048 Golden Mount Suite 491,64048 Golden Mount Suite 491,Credit Card,2024-10-18,LOC020
ORD0000221,CUS000094,2024-10-12 18:58:41,Delivered,10602.800000000001,Standard,91800 Tony Lights Suite 800,91800 Tony Lights Suite 800,Credit Card,2024-10-15,LOC006
ORD0000222,CUS000037,2024-10-12 13:24:41,Delivered,5435.72,Next Day,536 Elizabeth Via,536 Elizabeth Via,Bank Transfer,2024-10-15,LOC007
ORD0000223,CUS000023,2024-10-13 04:22:41,Delivered,7514.039999999999,Standard,245 Hall Cove,245 Hall Cove,Bank Transfer,2024-10-14,LOC002
ORD0000224,CUS000073,2024-10-12 22:46:41,Delivered,8866.46,Next Day,598 Smith Mission Suite 623,598 Smith Mission Suite 623,Bank Transfer,2024-10-15,LOC008
ORD0000225,CUS000043,2024-10-13 08:58:41,Delivered,3263.79,Next Day,1002 John Row Apt. 424,1002 John Row Apt. 424,Bank Transfer,2024-10-20,LOC015
ORD0000226,CUS000063,2024-10-12 22:30:41,Delivered,711.09,Pick up in store,6888 Emily Underpass,6888 Emily Underpass,PayPal,2024-10-18,LOC019
ORD0000227,CUS000096,2024-10-13 05:46:41,Delivered,3356.0,Next Day,997 Debra Road,997 Debra Road,PayPal,2024-10-16,LOC004
ORD0000228,CUS000076,2024-10-12 21:47:41,Delivered,649.81,Pick up in store,8996 Amanda Plaza,8996 Amanda Plaza,Bank Transfer,2024-10-15,LOC015
ORD0000229,CUS000098,2024-10-13 05:26:41,Delivered,4268.36,Express,4693 Ashley Centers,4693 Ashley Centers,Bank Transfer,2024-10-15,LOC016
ORD0000230,CUS000032,2024-10-13 01:45:41,Delivered,1696.26,Express,57334 Cooper Island,57334 Cooper Island,Credit Card,2024-10-14,LOC001
ORD0000231,CUS000047,2024-10-12 10:53:41,Delivered,1372.67,Express,46161 Ortega Fork Apt. 399,46161 Ortega Fork Apt. 399,PayPal,2024-10-15,LOC015
ORD0000232,CUS000012,2024-10-13 20:32:41,Delivered,2746.4500000000003,Pick up in store,753 Powell Manor Suite 888,753 Powell Manor Suite 888,PayPal,2024-10-18,LOC006
ORD0000233,CUS000045,2024-10-13 16:56:41,Delivered,7252.99,Pick up in store,14062 Oliver Spurs,14062 Oliver Spurs,PayPal,2024-10-14,LOC018
ORD0000234,CUS000037,2024-10-13 20:36:41,Delivered,3538.48,Pick up in store,536 Elizabeth Via,536 Elizabeth Via,Credit Card,2024-10-19,LOC005
ORD0000235,CUS000056,2024-10-13 15:12:41,Delivered,951.6,Pick up in store,5399 Pierce Gardens Suite 720,5399 Pierce Gardens Suite 720,Bank Transfer,2024-10-14,LOC010
ORD0000236,CUS000070,2024-10-13 19:42:41,Delivered,1707.65,Standard,17993 Lee Cove Apt. 976,17993 Lee Cove Apt. 976,Bank Transfer,2024-10-15,LOC020
ORD0000237,CUS000072,2024-10-13 19:12:41,Delivered,4921.6,Express,022 Brennan Vista,022 Brennan Vista,PayPal,2024-10-19,LOC008
ORD0000238,CUS000031,2024-10-13 21:59:41,Delivered,6168.889999999999,Standard,3219 Rodriguez Passage Suite 363,3219 Rodriguez Passage Suite 363,Credit Card,2024-10-18,LOC016
ORD0000239,CUS000093,2024-10-13 22:28:41,Delivered,5970.53,Express,443 Evans Pine Apt. 602,443 Evans Pine Apt. 602,Bank Transfer,2024-10-15,LOC018
ORD0000240,CUS000061,2024-10-13 15:21:41,Delivered,930.26,Next Day,8595 Joshua Pine,8595 Joshua Pine,PayPal,2024-10-19,LOC012
ORD0000241,CUS000068,2024-10-14 02:44:41,Delivered,8202.16,Next Day,165 Walker Mill,165 Walker Mill,Bank Transfer,2024-10-18,LOC002
ORD0000242,CUS000074,2024-10-13 13:08:41,Delivered,1920.55,Express,42549 Zavala Lakes Suite 652,42549 Zavala Lakes Suite 652,Bank Transfer,2024-10-19,LOC013
ORD0000243,CUS000017,2024-10-13 20:03:41,Delivered,4116.16,Express,4207 Craig Causeway,4207 Craig Causeway,PayPal,2024-10-19,LOC006
ORD0000244,CUS000081,2024-10-13 13:21:41,Delivered,7835.9800000000005,Express,335 Kyle Crescent Apt. 760,335 Kyle Crescent Apt. 760,Bank Transfer,2024-10-16,LOC016
ORD0000245,CUS000079,2024-10-14 09:01:41,Delivered,3243.83,Express,34676 Chan Brooks,34676 Chan Brooks,Credit Card,2024-10-19,LOC018
ORD0000246,CUS000087,2024-10-14 10:49:41,Delivered,2281.17,Standard,99137 Scott Streets Suite 891,99137 Scott Streets Suite 891,Bank Transfer,2024-10-18,LOC002
ORD0000247,CUS000028,2024-10-13 17:41:41,Delivered,5697.59,Next Day,4548 Rose Corner,4548 Rose Corner,Credit Card,2024-10-19,LOC017
ORD0000248,CUS000081,2024-10-13 19:28:41,Delivered,4590.92,Pick up in store,335 Kyle Crescent Apt. 760,335 Kyle Crescent Apt. 760,Bank Transfer,2024-10-14,LOC003
ORD0000249,CUS000074,2024-10-13 16:32:41,Delivered,3821.17,Pick up in store,42549 Zavala Lakes Suite 652,42549 Zavala Lakes Suite 652,PayPal,2024-10-16,LOC008
ORD0000250,CUS000067,2024-10-14 00:51:41,Delivered,2116.0499999999997,Standard,4937 Brown Turnpike Suite 240,4937 Brown Turnpike Suite 240,PayPal,2024-10-20,LOC019
ORD0000251,CUS000100,2024-10-13 13:32:41,Delivered,2932.6800000000003,Express,14536 Holly Trail,14536 Holly Trail,Credit Card,2024-10-17,LOC001
ORD0000252,CUS000063,2024-10-13 18:26:41,Delivered,6406.570000000001,Standard,6888 Emily Underpass,6888 Emily Underpass,Bank Transfer,2024-10-17,LOC018
ORD0000253,CUS000052,2024-10-14 04:42:41,Delivered,5561.72,Standard,28803 Kyle Island,28803 Kyle Island,PayPal,2024-10-17,LOC019
ORD0000254,CUS000027,2024-10-14 08:06:41,Delivered,711.09,Express,8148 John Course Suite 159,8148 John Course Suite 159,Credit Card,2024-10-16,LOC006
ORD0000255,CUS000081,2024-10-13 17:13:41,Delivered,2344.75,Next Day,335 Kyle Crescent Apt. 760,335 Kyle Crescent Apt. 760,PayPal,2024-10-14,LOC015
ORD0000256,CUS000067,2024-10-13 19:31:41,Delivered,2222.08,Standard,4937 Brown Turnpike Suite 240,4937 Brown Turnpike Suite 240,Credit Card,2024-10-18,LOC004
ORD0000257,CUS000046,2024-10-14 06:42:41,Delivered,2525.36,Next Day,0384 Michelle Cape,0384 Michelle Cape,Credit Card,2024-10-19,LOC004
ORD0000258,CUS000075,2024-10-14 08:59:41,Delivered,5994.85,Pick up in store,10585 Shaun Squares Suite 674,10585 Shaun Squares Suite 674,Bank Transfer,2024-10-15,LOC004
ORD0000259,CUS000002,2024-10-14 05:14:41,Delivered,1286.01,Next Day,7944 Rich Turnpike,7944 Rich Turnpike,Bank Transfer,2024-10-16,LOC016
ORD0000260,CUS000094,2024-10-14 22:51:41,Delivered,77.75,Express,91800 Tony Lights Suite 800,91800 Tony Lights Suite 800,Bank Transfer,2024-10-16,LOC017
ORD0000261,CUS000039,2024-10-15 00:57:41,Delivered,8886.029999999999,Next Day,06077 Marcus Bypass,06077 Marcus Bypass,Bank Transfer,2024-10-21,LOC018
ORD0000262,CUS000020,2024-10-14 18:16:41,Delivered,3200.1800000000003,Express,63649 Robinson Court,63649 Robinson Court,Bank Transfer,2024-10-15,LOC018
ORD0000263,CUS000087,2024-10-15 03:20:41,Delivered,1622.9499999999998,Next Day,99137 Scott Streets Suite 891,99137 Scott Streets Suite 891,Credit Card,2024-10-18,LOC008
ORD0000264,CUS000082,2024-10-14 15:42:41,Delivered,1260.87,Pick up in store,3913 Chambers Park Apt. 634,3913 Chambers Park Apt. 634,Credit Card,2024-10-15,LOC020
ORD0000265,CUS000057,2024-10-14 16:23:41,Delivered,1777.8400000000001,Next Day,647 Mcgee Manors,647 Mcgee Manors,PayPal,2024-10-15,LOC012
ORD0000266,CUS000006,2024-10-14 21:30:41,Delivered,649.84,Pick up in store,20878 Andersen Lock Suite 120,20878 Andersen Lock Suite 120,PayPal,2024-10-16,LOC009
ORD0000267,CUS000006,2024-10-14 22:53:41,Delivered,1076.87,Express,20878 Andersen Lock Suite 120,20878 Andersen Lock Suite 120,PayPal,2024-10-15,LOC016
ORD0000268,CUS000029,2024-10-14 23:51:41,Delivered,8536.48,Next Day,248 Schaefer Alley,248 Schaefer Alley,PayPal,2024-10-21,LOC010
ORD0000269,CUS000037,2024-10-15 09:26:41,Delivered,1529.44,Next Day,536 Elizabeth Via,536 Elizabeth Via,Bank Transfer,2024-10-17,LOC015
ORD0000270,CUS000092,2024-10-15 10:10:41,Delivered,745.88,Next Day,441 Nichols Glen,441 Nichols Glen,Credit Card,2024-10-19,LOC007
ORD0000271,CUS000066,2024-10-14 18:06:41,Delivered,4189.2,Express,712 Andrew Ranch,712 Andrew Ranch,PayPal,2024-10-17,LOC015
ORD0000272,CUS000079,2024-10-15 02:29:41,Delivered,2784.7200000000003,Express,34676 Chan Brooks,34676 Chan Brooks,Bank Transfer,2024-10-16,LOC011
ORD0000273,CUS000092,2024-10-15 15:29:41,Delivered,248.76,Express,441 Nichols Glen,441 Nichols Glen,Bank Transfer,2024-10-21,LOC018
ORD0000274,CUS000082,2024-10-16 06:31:41,Delivered,3093.73,Express,3913 Chambers Park Apt. 634,3913 Chambers Park Apt. 634,PayPal,2024-10-19,LOC003
ORD0000275,CUS000024,2024-10-15 18:11:41,Delivered,8483.43,Next Day,574 Gonzales Lodge Apt. 681,574 Gonzales Lodge Apt. 681,Bank Transfer,2024-10-16,LOC001
ORD0000276,CUS000008,2024-10-15 17:13:41,Delivered,3362.93,Express,949 Mueller Mission,949 Mueller Mission,PayPal,2024-10-18,LOC017
ORD0000277,CUS000051,2024-10-16 00:52:41,Delivered,2150.84,Express,563 Jones Fields Suite 934,563 Jones Fields Suite 934,Credit Card,2024-10-19,LOC016
ORD0000278,CUS000100,2024-10-15 19:18:41,Delivered,9857.19,Express,14536 Holly Trail,14536 Holly Trail,PayPal,2024-10-16,LOC003
ORD0000279,CUS000040,2024-10-15 23:33:41,Delivered,3987.9,Pick up in store,9433 Jackie Key,9433 Jackie Key,Bank Transfer,2024-10-18,LOC015
ORD0000280,CUS000028,2024-10-16 02:56:41,Delivered,6468.99,Express,4548 Rose Corner,4548 Rose Corner,Bank Transfer,2024-10-17,LOC011
ORD0000281,CUS000067,2024-10-15 19:17:41,Delivered,4778.55,Standard,4937 Brown Turnpike Suite 240,4937 Brown Turnpike Suite 240,PayPal,2024-10-16,LOC002
ORD0000282,CUS000078,2024-10-16 02:16:41,Delivered,1895.56,Next Day,783 Hudson Mill Suite 171,783 Hudson Mill Suite 171,Bank Transfer,2024-10-22,LOC001
ORD0000283,CUS000043,2024-10-15 22:34:41,Delivered,9745.45,Express,1002 John Row Apt. 424,1002 John Row Apt. 424,Credit Card,2024-10-21,LOC001
ORD0000284,CUS000021,2024-10-16 01:10:41,Delivered,1129.85,Next Day,873 Paul Lakes,873 Paul Lakes,Credit Card,2024-10-17,LOC001
ORD0000285,CUS000058,2024-10-15 14:29:41,Delivered,3473.23,Next Day,6387 Susan Roads,6387 Susan Roads,Bank Transfer,2024-10-17,LOC018
ORD0000286,CUS000009,2024-10-15 20:58:41,Delivered,1397.6,Pick up in store,4479 Hinton Heights Suite 425,4479 Hinton Heights Suite 425,PayPal,2024-10-19,LOC005
ORD0000287,CUS000090,2024-10-15 17:26:41,Delivered,40.14,Express,9210 Morris Turnpike Suite 212,9210 Morris Turnpike Suite 212,Bank Transfer,2024-10-18,LOC015
ORD0000288,CUS000064,2024-10-16 01:07:41,Delivered,2526.91,Pick up in store,93926 Jason Common Suite 790,93926 Jason Common Suite 790,PayPal,2024-10-21,LOC003
ORD0000289,CUS000078,2024-10-16 09:52:41,Delivered,8510.45,Express,783 Hudson Mill Suite 171,783 Hudson Mill Suite 171,PayPal,2024-10-23,LOC009
ORD0000290,CUS000100,2024-10-15 15:40:41,Delivered,5651.6,Next Day,14536 Holly Trail,14536 Holly Trail,Credit Card,2024-10-19,LOC001
ORD0000291,CUS000045,2024-10-15 11:21:41,Delivered,5766.879999999999,Next Day,14062 Oliver Spurs,14062 Oliver Spurs,Bank Transfer,2024-10-18,LOC005
ORD0000292,CUS000084,2024-10-16 10:09:41,Delivered,3876.34,Next Day,3563 Ashley Wall Apt. 125,3563 Ashley Wall Apt. 125,Credit Card,2024-10-18,LOC018
ORD0000293,CUS000081,2024-10-16 01:27:41,Delivered,2067.4,Standard,335 Kyle Crescent Apt. 760,335 Kyle Crescent Apt. 760,Bank Transfer,2024-10-17,LOC008
ORD0000294,CUS000021,2024-10-16 05:50:41,Delivered,657.6,Standard,873 Paul Lakes,873 Paul Lakes,Bank Transfer,2024-10-17,LOC001
ORD0000295,CUS000059,2024-10-16 00:11:41,Delivered,12562.28,Standard,604 Jones Courts Apt. 869,604 Jones Courts Apt. 869,Bank Transfer,2024-10-20,LOC015
ORD0000296,CUS000006,2024-10-15 14:48:41,Delivered,4432.96,Pick up in store,20878 Andersen Lock Suite 120,20878 Andersen Lock Suite 120,PayPal,2024-10-16,LOC003
ORD0000297,CUS000011,2024-10-17 03:42:41,Delivered,600.73,Pick up in store,627 Carol Vista,627 Carol Vista,Credit Card,2024-10-21,LOC009
ORD0000298,CUS000073,2024-10-16 11:27:41,Delivered,4829.5,Next Day,598 Smith Mission Suite 623,598 Smith Mission Suite 623,Bank Transfer,2024-10-21,LOC013
ORD0000299,CUS000032,2024-10-16 16:51:41,Delivered,5060.3,Pick up in store,57334 Cooper Island,57334 Cooper Island,Bank Transfer,2024-10-23,LOC009
ORD0000300,CUS000088,2024-10-16 18:24:41,Delivered,5068.27,Next Day,50544 Penny Isle Suite 526,50544 Penny Isle Suite 526,PayPal,2024-10-18,LOC008
ORD0000301,CUS000027,2024-10-17 02:48:41,Delivered,808.24,Next Day,8148 John Course Suite 159,8148 John Course Suite 159,Credit Card,2024-10-24,LOC005
ORD0000302,CUS000006,2024-10-17 07:28:41,Delivered,1851.66,Next Day,20878 Andersen Lock Suite 120,20878 Andersen Lock Suite 120,Credit Card,2024-10-24,LOC016
ORD0000303,CUS000079,2024-10-17 01:54:41,Delivered,1786.16,Next Day,34676 Chan Brooks,34676 Chan Brooks,Bank Transfer,2024-10-21,LOC010
ORD0000304,CUS000011,2024-10-16 12:39:41,Delivered,8405.87,Express,627 Carol Vista,627 Carol Vista,PayPal,2024-10-22,LOC002
ORD0000305,CUS000040,2024-10-16 14:33:41,Delivered,1518.18,Pick up in store,9433 Jackie Key,9433 Jackie Key,PayPal,2024-10-20,LOC014
ORD0000306,CUS000096,2024-10-16 11:26:41,Delivered,4387.7,Standard,997 Debra Road,997 Debra Road,Credit Card,2024-10-17,LOC002
ORD0000307,CUS000073,2024-10-17 03:04:41,Delivered,2929.85,Pick up in store,598 Smith Mission Suite 623,598 Smith Mission Suite 623,Credit Card,2024-10-21,LOC004
ORD0000308,CUS000066,2024-10-17 18:07:41,Delivered,8235.36,Standard,712 Andrew Ranch,712 Andrew Ranch,Bank Transfer,2024-10-20,LOC019
ORD0000309,CUS000035,2024-10-18 05:31:41,Delivered,3550.0699999999997,Express,0435 Mullins Canyon,0435 Mullins Canyon,Bank Transfer,2024-10-23,LOC018
ORD0000310,CUS000075,2024-10-18 07:11:41,Delivered,644.39,Express,10585 Shaun Squares Suite 674,10585 Shaun Squares Suite 674,Credit Card,2024-10-19,LOC006
ORD0000311,CUS000027,2024-10-17 12:11:41,Delivered,4353.63,Next Day,8148 John Course Suite 159,8148 John Course Suite 159,Credit Card,2024-10-23,LOC001
ORD0000312,CUS000052,2024-10-18 09:25:41,Delivered,1897.97,Express,28803 Kyle Island,28803 Kyle Island,Credit Card,2024-10-19,LOC004
ORD0000313,CUS000040,2024-10-17 17:40:41,Delivered,3376.69,Standard,9433 Jackie Key,9433 Jackie Key,Credit Card,2024-10-20,LOC016
ORD0000314,CUS000017,2024-10-18 07:14:41,Delivered,730.81,Standard,4207 Craig Causeway,4207 Craig Causeway,Credit Card,2024-10-25,LOC008
ORD0000315,CUS000039,2024-10-18 05:11:41,Delivered,9203.68,Pick up in store,06077 Marcus Bypass,06077 Marcus Bypass,PayPal,2024-10-23,LOC019
ORD0000316,CUS000057,2024-10-17 21:47:41,Delivered,10435.580000000002,Express,647 Mcgee Manors,647 Mcgee Manors,Credit Card,2024-10-22,LOC017
ORD0000317,CUS000001,2024-10-17 15:08:41,Delivered,7624.39,Pick up in store,45447 Ryan Springs Suite 790,45447 Ryan Springs Suite 790,PayPal,2024-10-22,LOC012
ORD0000318,CUS000098,2024-10-17 14:31:41,Delivered,969.36,Pick up in store,4693 Ashley Centers,4693 Ashley Centers,PayPal,2024-10-21,LOC009
ORD0000319,CUS000061,2024-10-18 04:05:41,Delivered,9903.080000000002,Standard,8595 Joshua Pine,8595 Joshua Pine,Bank Transfer,2024-10-20,LOC013
ORD0000320,CUS000020,2024-10-18 01:03:41,Delivered,2363.37,Standard,63649 Robinson Court,63649 Robinson Court,Bank Transfer,2024-10-21,LOC001
ORD0000321,CUS000004,2024-10-18 09:17:41,Delivered,808.24,Standard,86781 Webb Tunnel Apt. 880,86781 Webb Tunnel Apt. 880,Bank Transfer,2024-10-21,LOC014
ORD0000322,CUS000079,2024-10-17 23:20:41,Delivered,5098.55,Pick up in store,34676 Chan Brooks,34676 Chan Brooks,PayPal,2024-10-23,LOC002
ORD0000323,CUS000089,2024-10-18 08:09:41,Delivered,1609.25,Express,890 Fuller Harbor Apt. 884,890 Fuller Harbor Apt. 884,Bank Transfer,2024-10-25,LOC015
ORD0000324,CUS000098,2024-10-17 18:37:41,Delivered,5876.45,Standard,4693 Ashley Centers,4693 Ashley Centers,Credit Card,2024-10-21,LOC015
ORD0000325,CUS000082,2024-10-17 15:21:41,Delivered,2942.0799999999995,Express,3913 Chambers Park Apt. 634,3913 Chambers Park Apt. 634,Bank Transfer,2024-10-18,LOC008
ORD0000326,CUS000079,2024-10-17 14:59:41,Delivered,2143.58,Express,34676 Chan Brooks,34676 Chan Brooks,Bank Transfer,2024-10-24,LOC004
ORD0000327,CUS000022,2024-10-17 15:30:41,Delivered,3933.6200000000003,Standard,290 Hodges Pine,290 Hodges Pine,Credit Card,2024-10-21,LOC004
ORD0000328,CUS000068,2024-10-19 02:44:41,Delivered,11337.06,Express,165 Walker Mill,165 Walker Mill,Credit Card,2024-10-22,LOC014
ORD0000329,CUS000039,2024-10-19 00:09:41,Delivered,7166.47,Next Day,06077 Marcus Bypass,06077 Marcus Bypass,PayPal,2024-10-26,LOC002
ORD0000330,CUS000038,2024-10-19 03:47:41,Delivered,3451.71,Standard,811 Leonard Ford Apt. 102,811 Leonard Ford Apt. 102,Credit Card,2024-10-21,LOC016
ORD0000331,CUS000078,2024-10-19 03:08:41,Delivered,8244.24,Pick up in store,783 Hudson Mill Suite 171,783 Hudson Mill Suite 171,Credit Card,2024-10-20,LOC015
ORD0000332,CUS000045,2024-10-18 20:51:41,Delivered,4547.87,Standard,14062 Oliver Spurs,14062 Oliver Spurs,PayPal,2024-10-24,LOC017
ORD0000333,CUS000040,2024-10-19 03:34:41,Delivered,4291.72,Standard,9433 Jackie Key,9433 Jackie Key,PayPal,2024-10-21,LOC002
ORD0000334,CUS000030,2024-10-19 06:02:41,Delivered,1535.2800000000002,Next Day,56818 Wright Drives,56818 Wright Drives,Bank Transfer,2024-10-20,LOC013
ORD0000335,CUS000092,2024-10-18 16:55:41,Delivered,2439.06,Express,441 Nichols Glen,441 Nichols Glen,Credit Card,2024-10-24,LOC002
ORD0000336,CUS000050,2024-10-19 00:39:41,Delivered,6316.97,Next Day,739 Garcia Spur Apt. 819,739 Garcia Spur Apt. 819,PayPal,2024-10-23,LOC011
ORD0000337,CUS000066,2024-10-19 04:14:41,Delivered,193.33,Standard,712 Andrew Ranch,712 Andrew Ranch,Credit Card,2024-10-22,LOC006
ORD0000338,CUS000001,2024-10-18 11:24:41,Delivered,2456.34,Pick up in store,45447 Ryan Springs Suite 790,45447 Ryan Springs Suite 790,PayPal,2024-10-23,LOC016
ORD0000339,CUS000050,2024-10-19 04:48:41,Delivered,284.82,Express,739 Garcia Spur Apt. 819,739 Garcia Spur Apt. 819,Bank Transfer,2024-10-21,LOC007
ORD0000340,CUS000045,2024-10-19 02:24:41,Delivered,4781.22,Express,14062 Oliver Spurs,14062 Oliver Spurs,Credit Card,2024-10-23,LOC001
ORD0000341,CUS000006,2024-10-19 05:59:41,Delivered,3965.88,Standard,20878 Andersen Lock Suite 120,20878 Andersen Lock Suite 120,Credit Card,2024-10-24,LOC017
ORD0000342,CUS000020,2024-10-19 00:14:41,Delivered,9034.419999999998,Express,63649 Robinson Court,63649 Robinson Court,Credit Card,2024-10-23,LOC004
ORD0000343,CUS000019,2024-10-19 08:45:41,Delivered,2129.82,Pick up in store,3594 Long Wall Suite 248,3594 Long Wall Suite 248,Credit Card,2024-10-22,LOC020
ORD0000344,CUS000004,2024-10-18 16:04:41,Delivered,1442.08,Express,86781 Webb Tunnel Apt. 880,86781 Webb Tunnel Apt. 880,Credit Card,2024-10-25,LOC003
ORD0000345,CUS000044,2024-10-19 12:55:41,Delivered,10158.810000000001,Next Day,28472 Anderson Bypass,28472 Anderson Bypass,Credit Card,2024-10-22,LOC011
ORD0000346,CUS000021,2024-10-19 11:15:41,Delivered,2982.4699999999993,Pick up in store,873 Paul Lakes,873 Paul Lakes,Credit Card,2024-10-24,LOC018
ORD0000347,CUS000008,2024-10-20 10:02:41,Delivered,926.4200000000001,Next Day,949 Mueller Mission,949 Mueller Mission,Bank Transfer,2024-10-22,LOC006
ORD0000348,CUS000069,2024-10-19 19:26:41,Delivered,12923.01,Standard,56017 Michelle Trace Apt. 592,56017 Michelle Trace Apt. 592,Bank Transfer,2024-10-21,LOC017
ORD0000349,CUS000033,2024-10-20 05:06:41,Delivered,1913.6,Standard,32833 Harris Fall,32833 Harris Fall,Credit Card,2024-10-21,LOC006
ORD0000350,CUS000085,2024-10-19 23:30:41,Delivered,6236.1900000000005,Standard,65310 Smith Causeway,65310 Smith Causeway,PayPal,2024-10-21,LOC011
ORD0000351,CUS000036,2024-10-19 21:13:41,Delivered,5478.77,Standard,4716 Felicia Trafficway Apt. 051,4716 Felicia Trafficway Apt. 051,Bank Transfer,2024-10-26,LOC020
ORD0000352,CUS000014,2024-10-20 04:46:41,Delivered,122.71,Standard,240 Lewis Park,240 Lewis Park,PayPal,2024-10-25,LOC009
ORD0000353,CUS000078,2024-10-19 11:07:41,Delivered,4428.23,Standard,783 Hudson Mill Suite 171,783 Hudson Mill Suite 171,Bank Transfer,2024-10-24,LOC008
ORD0000354,CUS000066,2024-10-19 20:21:41,Delivered,6537.4400000000005,Standard,712 Andrew Ranch,712 Andrew Ranch,Credit Card,2024-10-22,LOC014
ORD0000355,CUS000064,2024-10-20 02:31:41,Delivered,3717.4,Standard,93926 Jason Common Suite 790,93926 Jason Common Suite 790,PayPal,2024-10-23,LOC005
ORD0000356,CUS000025,2024-10-19 15:57:41,Delivered,9225.75,Next Day,554 Phillips Spring,554 Phillips Spring,Bank Transfer,2024-10-20,LOC001
ORD0000357,CUS000038,2024-10-19 12:54:41,Delivered,4664.22,Pick up in store,811 Leonard Ford Apt. 102,811 Leonard Ford Apt. 102,PayPal,2024-10-23,LOC014
ORD0000358,CUS000004,2024-10-19 17:10:41,Delivered,5449.290000000001,Express,86781 Webb Tunnel Apt. 880,86781 Webb Tunnel Apt. 880,PayPal,2024-10-21,LOC013
ORD0000359,CUS000031,2024-10-19 11:14:41,Delivered,3492.26,Standard,3219 Rodriguez Passage Suite 363,3219 Rodriguez Passage Suite 363,Credit Card,2024-10-22,LOC011
ORD0000360,CUS000027,2024-10-20 07:56:41,Delivered,549.42,Pick up in store,8148 John Course Suite 159,8148 John Course Suite 159,Bank Transfer,2024-10-25,LOC003
ORD0000361,CUS000055,2024-10-20 23:30:41,Delivered,4351.85,Express,3345 Angela Lane Suite 782,3345 Angela Lane Suite 782,Credit Card,2024-10-21,LOC018
ORD0000362,CUS000030,2024-10-21 01:24:41,Delivered,3989.81,Next Day,56818 Wright Drives,56818 Wright Drives,PayPal,2024-10-23,LOC011
ORD0000363,CUS000099,2024-10-20 16:15:41,Delivered,1689.25,Express,385 Diana Mountain,385 Diana Mountain,PayPal,2024-10-27,LOC008
ORD0000364,CUS000088,2024-10-20 21:27:41,Delivered,2415.8399999999997,Pick up in store,50544 Penny Isle Suite 526,50544 Penny Isle Suite 526,PayPal,2024-10-22,LOC005
ORD0000365,CUS000033,2024-10-20 22:31:41,Delivered,10056.23,Next Day,32833 Harris Fall,32833 Harris Fall,Credit Card,2024-10-24,LOC009
ORD0000366,CUS000088,2024-10-21 01:43:41,Delivered,5662.05,Next Day,50544 Penny Isle Suite 526,50544 Penny Isle Suite 526,Credit Card,2024-10-26,LOC019
ORD0000367,CUS000063,2024-10-20 14:05:41,Delivered,3087.84,Pick up in store,6888 Emily Underpass,6888 Emily Underpass,Bank Transfer,2024-10-24,LOC010
ORD0000368,CUS000044,2024-10-20 18:38:41,Delivered,6829.33,Pick up in store,28472 Anderson Bypass,28472 Anderson Bypass,Bank Transfer,2024-10-27,LOC004
ORD0000369,CUS000033,2024-10-20 20:13:41,Delivered,3482.12,Pick up in store,32833 Harris Fall,32833 Harris Fall,Credit Card,2024-10-27,LOC002
ORD0000370,CUS000089,2024-10-20 12:07:41,Delivered,6828.0,Next Day,890 Fuller Harbor Apt. 884,890 Fuller Harbor Apt. 884,Credit Card,2024-10-25,LOC017
ORD0000371,CUS000086,2024-10-21 03:36:41,Delivered,5257.93,Express,023 Melissa Crossroad Apt. 855,023 Melissa Crossroad Apt. 855,Credit Card,2024-10-28,LOC010
ORD0000372,CUS000050,2024-10-21 04:01:41,Delivered,9671.61,Express,739 Garcia Spur Apt. 819,739 Garcia Spur Apt. 819,Bank Transfer,2024-10-27,LOC016
ORD0000373,CUS000085,2024-10-20 11:59:41,Delivered,2571.04,Standard,65310 Smith Causeway,65310 Smith Causeway,PayPal,2024-10-24,LOC007
ORD0000374,CUS000004,2024-10-20 11:02:41,Delivered,118.09,Next Day,86781 Webb Tunnel Apt. 880,86781 Webb Tunnel Apt. 880,Credit Card,2024-10-23,LOC018
ORD0000375,CUS000068,2024-10-20 12:41:41,Delivered,598.44,Express,165 Walker Mill,165 Walker Mill,Bank Transfer,2024-10-25,LOC004
ORD0000376,CUS000061,2024-10-21 07:01:41,Delivered,1423.1799999999998,Standard,8595 Joshua Pine,8595 Joshua Pine,Credit Card,2024-10-27,LOC002
ORD0000377,CUS000019,2024-10-21 02:50:41,Delivered,2372.94,Express,3594 Long Wall Suite 248,3594 Long Wall Suite 248,PayPal,2024-10-25,LOC004
ORD0000378,CUS000004,2024-10-20 23:58:41,Delivered,8306.58,Express,86781 Webb Tunnel Apt. 880,86781 Webb Tunnel Apt. 880,Credit Card,2024-10-25,LOC004
ORD0000379,CUS000016,2024-10-20 16:23:41,Delivered,7195.879999999999,Pick up in store,517 Lester Brook,517 Lester Brook,Bank Transfer,2024-10-24,LOC016
ORD0000380,CUS000033,2024-10-20 11:54:41,Delivered,501.14,Standard,32833 Harris Fall,32833 Harris Fall,Credit Card,2024-10-21,LOC003
ORD0000381,CUS000084,2024-10-20 15:41:41,Delivered,4726.330000000001,Next Day,3563 Ashley Wall Apt. 125,3563 Ashley Wall Apt. 125,PayPal,2024-10-23,LOC014
ORD0000382,CUS000060,2024-10-20 13:56:41,Delivered,12306.44,Express,50318 Kenneth Burg Suite 855,50318 Kenneth Burg Suite 855,Credit Card,2024-10-26,LOC014
ORD0000383,CUS000054,2024-10-20 18:37:41,Delivered,8778.46,Pick up in store,00532 Matthew Fork Suite 143,00532 Matthew Fork Suite 143,Credit Card,2024-10-21,LOC003
ORD0000384,CUS000092,2024-10-20 11:39:41,Delivered,3702.2499999999995,Express,441 Nichols Glen,441 Nichols Glen,Bank Transfer,2024-10-26,LOC001
ORD0000385,CUS000021,2024-10-21 00:28:41,Delivered,11491.66,Express,873 Paul Lakes,873 Paul Lakes,PayPal,2024-10-26,LOC008
ORD0000386,CUS000023,2024-10-20 19:52:41,Delivered,9022.18,Standard,245 Hall Cove,245 Hall Cove,PayPal,2024-10-26,LOC002
ORD0000387,CUS000057,2024-10-20 22:52:41,Delivered,5604.76,Pick up in store,647 Mcgee Manors,647 Mcgee Manors,Credit Card,2024-10-26,LOC012
ORD0000388,CUS000031,2024-10-21 01:26:41,Delivered,5315.0599999999995,Pick up in store,3219 Rodriguez Passage Suite 363,3219 Rodriguez Passage Suite 363,Bank Transfer,2024-10-23,LOC007
ORD0000389,CUS000007,2024-10-21 13:41:41,Delivered,2190.84,Pick up in store,64048 Golden Mount Suite 491,64048 Golden Mount Suite 491,Credit Card,2024-10-23,LOC002
ORD0000390,CUS000088,2024-10-21 22:12:41,Delivered,1009.49,Next Day,50544 Penny Isle Suite 526,50544 Penny Isle Suite 526,Credit Card,2024-10-24,LOC020
ORD0000391,CUS000004,2024-10-21 13:36:41,Delivered,463.99,Standard,86781 Webb Tunnel Apt. 880,86781 Webb Tunnel Apt. 880,PayPal,2024-10-28,LOC016
ORD0000392,CUS000013,2024-10-22 04:06:41,Delivered,7604.049999999999,Pick up in store,54024 Miller Track Suite 763,54024 Miller Track Suite 763,Bank Transfer,2024-10-28,LOC011
ORD0000393,CUS000012,2024-10-21 23:49:41,Delivered,4007.45,Express,753 Powell Manor Suite 888,753 Powell Manor Suite 888,Credit Card,2024-10-27,LOC018
ORD0000394,CUS000011,2024-10-21 20:45:41,Delivered,6789.32,Express,627 Carol Vista,627 Carol Vista,Bank Transfer,2024-10-26,LOC011
ORD0000395,CUS000090,2024-10-21 17:51:41,Delivered,1018.6800000000001,Standard,9210 Morris Turnpike Suite 212,9210 Morris Turnpike Suite 212,PayPal,2024-10-27,LOC019
ORD0000396,CUS000077,2024-10-22 03:17:41,Delivered,4790.46,Standard,17316 Ashley Ridges Suite 345,17316 Ashley Ridges Suite 345,PayPal,2024-10-26,LOC009
ORD0000397,CUS000085,2024-10-21 23:28:41,Delivered,9660.130000000001,Express,65310 Smith Causeway,65310 Smith Causeway,Bank Transfer,2024-10-28,LOC009
ORD0000398,CUS000100,2024-10-21 13:51:41,Delivered,6943.26,Standard,14536 Holly Trail,14536 Holly Trail,PayPal,2024-10-27,LOC010
ORD0000399,CUS000008,2024-10-22 10:24:41,Delivered,2041.7,Express,949 Mueller Mission,949 Mueller Mission,Credit Card,2024-10-28,LOC002
ORD0000400,CUS000088,2024-10-22 00:07:41,Delivered,9724.85,Express,50544 Penny Isle Suite 526,50544 Penny Isle Suite 526,Bank Transfer,2024-10-24,LOC015
ORD0000401,CUS000053,2024-10-22 10:07:41,Delivered,8948.26,Standard,92512 Armstrong Station,92512 Armstrong Station,PayPal,2024-10-28,LOC018
ORD0000402,CUS000031,2024-10-22 06:12:41,Delivered,5343.8,Express,3219 Rodriguez Passage Suite 363,3219 Rodriguez Passage Suite 363,Credit Card,2024-10-25,LOC019
ORD0000403,CUS000070,2024-10-23 09:15:41,Delivered,462.25,Standard,17993 Lee Cove Apt. 976,17993 Lee Cove Apt. 976,Credit Card,2024-10-24,LOC005
ORD0000404,CUS000073,2024-10-23 02:10:41,Delivered,601.58,Express,598 Smith Mission Suite 623,598 Smith Mission Suite 623,Credit Card,2024-10-26,LOC005
ORD0000405,CUS000056,2024-10-23 03:03:41,Delivered,3128.21,Standard,5399 Pierce Gardens Suite 720,5399 Pierce Gardens Suite 720,Credit Card,2024-10-27,LOC006
ORD0000406,CUS000064,2024-10-23 01:02:41,Delivered,10982.75,Standard,93926 Jason Common Suite 790,93926 Jason Common Suite 790,Credit Card,2024-10-29,LOC005
ORD0000407,CUS000019,2024-10-23 07:46:41,Delivered,3185.74,Next Day,3594 Long Wall Suite 248,3594 Long Wall Suite 248,Credit Card,2024-10-28,LOC010
ORD0000408,CUS000086,2024-10-22 14:47:41,Delivered,3586.1,Next Day,023 Melissa Crossroad Apt. 855,023 Melissa Crossroad Apt. 855,PayPal,2024-10-24,LOC015
ORD0000409,CUS000008,2024-10-22 13:58:41,Delivered,12160.279999999999,Express,949 Mueller Mission,949 Mueller Mission,Credit Card,2024-10-26,LOC017
ORD0000410,CUS000057,2024-10-23 01:06:41,Delivered,5163.87,Express,647 Mcgee Manors,647 Mcgee Manors,Bank Transfer,2024-10-30,LOC014
ORD0000411,CUS000093,2024-10-22 22:51:41,Delivered,1189.5,Next Day,443 Evans Pine Apt. 602,443 Evans Pine Apt. 602,Bank Transfer,2024-10-29,LOC018
ORD0000412,CUS000040,2024-10-22 17:37:41,Delivered,391.12,Next Day,9433 Jackie Key,9433 Jackie Key,Credit Card,2024-10-28,LOC007
ORD0000413,CUS000046,2024-10-23 00:17:41,Delivered,1212.6,Standard,0384 Michelle Cape,0384 Michelle Cape,Credit Card,2024-10-26,LOC004
ORD0000414,CUS000068,2024-10-22 23:44:41,Delivered,6009.17,Express,165 Walker Mill,165 Walker Mill,Credit Card,2024-10-27,LOC003
ORD0000415,CUS000065,2024-10-22 15:22:41,Delivered,8583.350000000002,Pick up in store,0316 Wendy Club Apt. 476,0316 Wendy Club Apt. 476,PayPal,2024-10-28,LOC004
ORD0000416,CUS000100,2024-10-23 07:42:41,Delivered,9475.0,Standard,14536 Holly Trail,14536 Holly Trail,Bank Transfer,2024-10-30,LOC019
ORD0000417,CUS000093,2024-10-22 15:57:41,Delivered,7618.610000000001,Next Day,443 Evans Pine Apt. 602,443 Evans Pine Apt. 602,Bank Transfer,2024-10-29,LOC008
ORD0000418,CUS000049,2024-10-23 03:16:41,Delivered,9220.699999999999,Standard,8581 Katelyn Pike Apt. 739,8581 Katelyn Pike Apt. 739,PayPal,2024-10-26,LOC008
ORD0000419,CUS000038,2024-10-22 21:57:41,Delivered,730.28,Next Day,811 Leonard Ford Apt. 102,811 Leonard Ford Apt. 102,PayPal,2024-10-26,LOC008
ORD0000420,CUS000001,2024-10-23 01:09:41,Delivered,507.33,Pick up in store,45447 Ryan Springs Suite 790,45447 Ryan Springs Suite 790,Credit Card,2024-10-26,LOC020
ORD0000421,CUS000090,2024-10-22 22:32:41,Delivered,1854.74,Standard,9210 Morris Turnpike Suite 212,9210 Morris Turnpike Suite 212,Bank Transfer,2024-10-24,LOC008
ORD0000422,CUS000032,2024-10-23 19:21:41,Delivered,6201.61,Standard,57334 Cooper Island,57334 Cooper Island,Credit Card,2024-10-26,LOC001
ORD0000423,CUS000080,2024-10-24 03:36:41,Delivered,3212.04,Express,84198 Mitchell Light,84198 Mitchell Light,Credit Card,2024-10-31,LOC019
ORD0000424,CUS000098,2024-10-23 17:31:41,Delivered,91.66,Standard,4693 Ashley Centers,4693 Ashley Centers,Bank Transfer,2024-10-28,LOC009
ORD0000425,CUS000071,2024-10-24 03:51:41,Delivered,236.13,Next Day,085 Aaron Crescent Apt. 676,085 Aaron Crescent Apt. 676,PayPal,2024-10-25,LOC016
ORD0000426,CUS000017,2024-10-23 11:55:41,Delivered,4166.38,Express,4207 Craig Causeway,4207 Craig Causeway,Bank Transfer,2024-10-29,LOC007
ORD0000427,CUS000030,2024-10-23 21:37:41,Delivered,3809.5299999999997,Express,56818 Wright Drives,56818 Wright Drives,Credit Card,2024-10-24,LOC012
ORD0000428,CUS000098,2024-10-23 23:07:41,Delivered,2433.38,Express,4693 Ashley Centers,4693 Ashley Centers,PayPal,2024-10-25,LOC016
ORD0000429,CUS000030,2024-10-23 21:23:41,Delivered,5236.55,Standard,56818 Wright Drives,56818 Wright Drives,Credit Card,2024-10-26,LOC009
ORD0000430,CUS000098,2024-10-24 05:46:41,Delivered,4932.960000000001,Next Day,4693 Ashley Centers,4693 Ashley Centers,Bank Transfer,2024-10-27,LOC008
ORD0000431,CUS000085,2024-10-23 22:07:41,Delivered,3136.75,Next Day,65310 Smith Causeway,65310 Smith Causeway,PayPal,2024-10-25,LOC018
ORD0000432,CUS000083,2024-10-23 17:31:41,Delivered,4064.72,Pick up in store,808 Joseph Center Suite 987,808 Joseph Center Suite 987,Credit Card,2024-10-26,LOC019
ORD0000433,CUS000060,2024-10-24 09:48:41,Delivered,2604.29,Next Day,50318 Kenneth Burg Suite 855,50318 Kenneth Burg Suite 855,Credit Card,2024-10-27,LOC012
ORD0000434,CUS000080,2024-10-24 09:41:41,Delivered,4097.64,Standard,84198 Mitchell Light,84198 Mitchell Light,Bank Transfer,2024-10-26,LOC009
ORD0000435,CUS000073,2024-10-23 16:41:41,Delivered,5812.959999999999,Pick up in store,598 Smith Mission Suite 623,598 Smith Mission Suite 623,Credit Card,2024-10-27,LOC013
ORD0000436,CUS000057,2024-10-24 04:11:41,Delivered,7310.53,Pick up in store,647 Mcgee Manors,647 Mcgee Manors,PayPal,2024-10-31,LOC006
ORD0000437,CUS000004,2024-10-23 20:07:41,Delivered,7078.2699999999995,Standard,86781 Webb Tunnel Apt. 880,86781 Webb Tunnel Apt. 880,Bank Transfer,2024-10-30,LOC015
ORD0000438,CUS000064,2024-10-23 20:33:41,Delivered,5046.62,Pick up in store,93926 Jason Common Suite 790,93926 Jason Common Suite 790,PayPal,2024-10-29,LOC019
ORD0000439,CUS000041,2024-10-24 12:41:41,Delivered,6830.450000000001,Standard,312 Mathew Route Suite 835,312 Mathew Route Suite 835,Bank Transfer,2024-10-25,LOC005
ORD0000440,CUS000025,2024-10-25 05:47:41,Delivered,274.98,Standard,554 Phillips Spring,554 Phillips Spring,Credit Card,2024-11-01,LOC006
ORD0000441,CUS000011,2024-10-24 23:29:41,Delivered,2424.6,Next Day,627 Carol Vista,627 Carol Vista,Credit Card,2024-10-26,LOC015
ORD0000442,CUS000082,2024-10-25 10:31:41,Delivered,6895.549999999999,Next Day,3913 Chambers Park Apt. 634,3913 Chambers Park Apt. 634,PayPal,2024-11-01,LOC019
ORD0000443,CUS000049,2024-10-25 08:28:41,Delivered,8875.87,Express,8581 Katelyn Pike Apt. 739,8581 Katelyn Pike Apt. 739,Bank Transfer,2024-11-01,LOC005
ORD0000444,CUS000047,2024-10-24 13:33:41,Delivered,1644.74,Next Day,46161 Ortega Fork Apt. 399,46161 Ortega Fork Apt. 399,PayPal,2024-10-28,LOC004
ORD0000445,CUS000020,2024-10-25 00:35:41,Delivered,5673.6,Pick up in store,63649 Robinson Court,63649 Robinson Court,PayPal,2024-10-26,LOC012
ORD0000446,CUS000092,2024-10-25 06:49:41,Delivered,569.64,Next Day,441 Nichols Glen,441 Nichols Glen,Credit Card,2024-10-27,LOC002
ORD0000447,CUS000100,2024-10-25 07:53:41,Delivered,12049.869999999999,Standard,14536 Holly Trail,14536 Holly Trail,PayPal,2024-10-30,LOC001
ORD0000448,CUS000099,2024-10-25 04:02:41,Delivered,4021.0299999999997,Express,385 Diana Mountain,385 Diana Mountain,PayPal,2024-10-27,LOC018
ORD0000449,CUS000037,2024-10-25 00:38:41,Delivered,544.2,Pick up in store,536 Elizabeth Via,536 Elizabeth Via,PayPal,2024-10-26,LOC018
ORD0000450,CUS000065,2024-10-26 01:04:41,Delivered,2513.52,Express,0316 Wendy Club Apt. 476,0316 Wendy Club Apt. 476,Bank Transfer,2024-10-30,LOC007
ORD0000451,CUS000031,2024-10-25 22:09:41,Delivered,1982.94,Express,3219 Rodriguez Passage Suite 363,3219 Rodriguez Passage Suite 363,PayPal,2024-10-26,LOC015
ORD0000452,CUS000004,2024-10-25 19:55:41,Delivered,2298.86,Pick up in store,86781 Webb Tunnel Apt. 880,86781 Webb Tunnel Apt. 880,Credit Card,2024-10-28,LOC020
ORD0000453,CUS000069,2024-10-26 03:45:41,Delivered,5223.37,Next Day,56017 Michelle Trace Apt. 592,56017 Michelle Trace Apt. 592,Credit Card,2024-11-02,LOC019
ORD0000454,CUS000032,2024-10-25 14:17:41,Delivered,7963.07,Pick up in store,57334 Cooper Island,57334 Cooper Island,Bank Transfer,2024-10-29,LOC002
ORD0000455,CUS000004,2024-10-26 04:31:41,Delivered,10500.85,Standard,86781 Webb Tunnel Apt. 880,86781 Webb Tunnel Apt. 880,Bank Transfer,2024-10-30,LOC001
ORD0000456,CUS000070,2024-10-25 23:50:41,Delivered,11542.660000000002,Pick up in store,17993 Lee Cove Apt. 976,17993 Lee Cove Apt. 976,Credit Card,2024-10-28,LOC004
ORD0000457,CUS000056,2024-10-26 08:40:41,Delivered,3717.5,Standard,5399 Pierce Gardens Suite 720,5399 Pierce Gardens Suite 720,PayPal,2024-10-31,LOC005
ORD0000458,CUS000008,2024-10-26 00:09:41,Delivered,12382.029999999999,Pick up in store,949 Mueller Mission,949 Mueller Mission,Credit Card,2024-10-30,LOC002
ORD0000459,CUS000072,2024-10-26 08:02:41,Delivered,565.6800000000001,Express,022 Brennan Vista,022 Brennan Vista,Credit Card,2024-10-31,LOC015
ORD0000460,CUS000028,2024-10-25 19:35:41,Delivered,541.48,Pick up in store,4548 Rose Corner,4548 Rose Corner,Bank Transfer,2024-11-01,LOC006
ORD0000461,CUS000049,2024-10-26 03:23:41,Delivered,2995.5200000000004,Pick up in store,8581 Katelyn Pike Apt. 739,8581 Katelyn Pike Apt. 739,Bank Transfer,2024-10-29,LOC010
ORD0000462,CUS000067,2024-10-26 10:02:41,Delivered,1362.5700000000002,Standard,4937 Brown Turnpike Suite 240,4937 Brown Turnpike Suite 240,Credit Card,2024-10-29,LOC009
ORD0000463,CUS000049,2024-10-26 03:17:41,Delivered,4616.71,Express,8581 Katelyn Pike Apt. 739,8581 Katelyn Pike Apt. 739,Credit Card,2024-11-02,LOC012
ORD0000464,CUS000037,2024-10-26 07:50:41,Delivered,7143.55,Standard,536 Elizabeth Via,536 Elizabeth Via,Credit Card,2024-10-31,LOC018
ORD0000465,CUS000061,2024-10-26 09:53:41,Delivered,473.64000000000004,Pick up in store,8595 Joshua Pine,8595 Joshua Pine,Bank Transfer,2024-10-29,LOC006
ORD0000466,CUS000054,2024-10-25 13:54:41,Delivered,3720.0600000000004,Standard,00532 Matthew Fork Suite 143,00532 Matthew Fork Suite 143,Bank Transfer,2024-10-28,LOC010
ORD0000467,CUS000045,2024-10-26 00:32:41,Delivered,8704.92,Next Day,14062 Oliver Spurs,14062 Oliver Spurs,PayPal,2024-10-30,LOC009
ORD0000468,CUS000069,2024-10-25 18:53:41,Delivered,4931.07,Standard,56017 Michelle Trace Apt. 592,56017 Michelle Trace Apt. 592,PayPal,2024-10-27,LOC013
ORD0000469,CUS000028,2024-10-26 08:19:41,Delivered,5372.52,Express,4548 Rose Corner,4548 Rose Corner,Credit Card,2024-10-29,LOC017
ORD0000470,CUS000016,2024-10-25 17:09:41,Delivered,770.03,Express,517 Lester Brook,517 Lester Brook,Credit Card,2024-11-01,LOC013
ORD0000471,CUS000097,2024-10-26 09:26:41,Delivered,2827.8500000000004,Express,728 Laurie Cape,728 Laurie Cape,PayPal,2024-11-02,LOC003
ORD0000472,CUS000054,2024-10-26 01:58:41,Delivered,9770.07,Pick up in store,00532 Matthew Fork Suite 143,00532 Matthew Fork Suite 143,Credit Card,2024-11-01,LOC006
ORD0000473,CUS000018,2024-10-26 00:48:41,Delivered,2111.3999999999996,Express,693 Kathryn Extension,693 Kathryn Extension,Credit Card,2024-10-31,LOC001
ORD0000474,CUS000098,2024-10-25 20:21:41,Delivered,1712.21,Next Day,4693 Ashley Centers,4693 Ashley Centers,Bank Transfer,2024-10-29,LOC009
ORD0000475,CUS000032,2024-10-26 03:01:41,Delivered,1911.8000000000002,Next Day,57334 Cooper Island,57334 Cooper Island,Credit Card,2024-10-27,LOC014
ORD0000476,CUS000062,2024-10-25 21:40:41,Delivered,4213.72,Express,9634 Thomas Vista,9634 Thomas Vista,Credit Card,2024-10-29,LOC019
ORD0000477,CUS000038,2024-10-25 15:33:41,Delivered,5102.570000000001,Pick up in store,811 Leonard Ford Apt. 102,811 Leonard Ford Apt. 102,Bank Transfer,2024-10-28,LOC011
ORD0000478,CUS000010,2024-10-26 07:10:41,Delivered,1423.42,Next Day,386 Brian Gateway,386 Brian Gateway,PayPal,2024-10-28,LOC008
ORD0000479,CUS000088,2024-10-26 03:28:41,Delivered,5532.429999999999,Pick up in store,50544 Penny Isle Suite 526,50544 Penny Isle Suite 526,PayPal,2024-10-31,LOC003
ORD0000480,CUS000011,2024-10-27 10:45:41,Delivered,4777.5199999999995,Pick up in store,627 Carol Vista,627 Carol Vista,Bank Transfer,2024-10-28,LOC017
ORD0000481,CUS000009,2024-10-26 19:12:41,Delivered,11640.649999999998,Standard,4479 Hinton Heights Suite 425,4479 Hinton Heights Suite 425,Bank Transfer,2024-10-30,LOC002
ORD0000482,CUS000060,2024-10-27 05:44:41,Delivered,5162.7,Express,50318 Kenneth Burg Suite 855,50318 Kenneth Burg Suite 855,Credit Card,2024-11-03,LOC012
ORD0000483,CUS000040,2024-10-26 14:09:41,Delivered,11658.71,Pick up in store,9433 Jackie Key,9433 Jackie Key,PayPal,2024-10-30,LOC016
ORD0000484,CUS000037,2024-10-26 12:18:41,Delivered,12836.250000000002,Standard,536 Elizabeth Via,536 Elizabeth Via,Credit Card,2024-11-02,LOC014
ORD0000485,CUS000002,2024-10-27 00:26:41,Delivered,4651.38,Express,7944 Rich Turnpike,7944 Rich Turnpike,PayPal,2024-11-03,LOC016
ORD0000486,CUS000084,2024-10-27 01:50:41,Delivered,8078.71,Next Day,3563 Ashley Wall Apt. 125,3563 Ashley Wall Apt. 125,Credit Card,2024-10-31,LOC005
ORD0000487,CUS000076,2024-10-26 17:09:41,Delivered,6437.25,Standard,8996 Amanda Plaza,8996 Amanda Plaza,PayPal,2024-10-29,LOC013
ORD0000488,CUS000073,2024-10-26 14:38:41,Delivered,3861.32,Pick up in store,598 Smith Mission Suite 623,598 Smith Mission Suite 623,Credit Card,2024-10-29,LOC014
ORD0000489,CUS000058,2024-10-26 14:41:41,Delivered,6727.209999999999,Standard,6387 Susan Roads,6387 Susan Roads,Credit Card,2024-10-31,LOC014
ORD0000490,CUS000067,2024-10-27 10:32:41,Delivered,7862.01,Standard,4937 Brown Turnpike Suite 240,4937 Brown Turnpike Suite 240,PayPal,2024-10-31,LOC001
ORD0000491,CUS000026,2024-10-26 13:57:41,Delivered,3004.79,Express,305 Newton Bypass,305 Newton Bypass,PayPal,2024-10-29,LOC008
ORD0000492,CUS000067,2024-10-26 11:16:41,Delivered,10362.0,Express,4937 Brown Turnpike Suite 240,4937 Brown Turnpike Suite 240,PayPal,2024-11-02,LOC020
ORD0000493,CUS000015,2024-10-27 02:37:41,Delivered,2553.9,Next Day,943 Dawn Extension Apt. 032,943 Dawn Extension Apt. 032,PayPal,2024-10-29,LOC005
ORD0000494,CUS000061,2024-10-26 20:31:41,Delivered,448.83000000000004,Pick up in store,8595 Joshua Pine,8595 Joshua Pine,PayPal,2024-11-02,LOC002
ORD0000495,CUS000011,2024-10-26 19:25:41,Delivered,11228.77,Standard,627 Carol Vista,627 Carol Vista,Bank Transfer,2024-10-27,LOC006
ORD0000496,CUS000065,2024-10-27 09:07:41,Delivered,1700.8,Next Day,0316 Wendy Club Apt. 476,0316 Wendy Club Apt. 476,Credit Card,2024-10-28,LOC006
ORD0000497,CUS000071,2024-10-27 04:00:41,Delivered,2906.08,Pick up in store,085 Aaron Crescent Apt. 676,085 Aaron Crescent Apt. 676,Bank Transfer,2024-11-02,LOC013
ORD0000498,CUS000045,2024-10-26 13:55:41,Delivered,2724.1000000000004,Express,14062 Oliver Spurs,14062 Oliver Spurs,PayPal,2024-10-29,LOC001
ORD0000499,CUS000054,2024-10-27 06:04:41,Delivered,6223.1900000000005,Pick up in store,00532 Matthew Fork Suite 143,00532 Matthew Fork Suite 143,PayPal,2024-11-01,LOC015
ORD0000500,CUS000009,2024-10-26 14:51:41,Delivered,4080.49,Standard,4479 Hinton Heights Suite 425,4479 Hinton Heights Suite 425,PayPal,2024-10-28,LOC009
ORD0000501,CUS000087,2024-10-28 09:41:41,Delivered,2537.5,Standard,99137 Scott Streets Suite 891,99137 Scott Streets Suite 891,Credit Card,2024-10-31,LOC014
ORD0000502,CUS000047,2024-10-27 12:22:41,Delivered,6604.25,Express,46161 Ortega Fork Apt. 399,46161 Ortega Fork Apt. 399,PayPal,2024-11-01,LOC016
ORD0000503,CUS000042,2024-10-27 23:18:41,Delivered,10946.560000000001,Pick up in store,19899 Mark Way Suite 871,19899 Mark Way Suite 871,Bank Transfer,2024-10-28,LOC017
ORD0000504,CUS000098,2024-10-28 10:27:41,Delivered,8501.5,Pick up in store,4693 Ashley Centers,4693 Ashley Centers,PayPal,2024-10-29,LOC015
ORD0000505,CUS000044,2024-10-28 10:46:41,Delivered,77.75,Pick up in store,28472 Anderson Bypass,28472 Anderson Bypass,Credit Card,2024-11-04,LOC001
ORD0000506,CUS000085,2024-10-27 16:01:41,Delivered,5673.48,Standard,65310 Smith Causeway,65310 Smith Causeway,Credit Card,2024-11-02,LOC004
ORD0000507,CUS000006,2024-10-27 21:33:41,Delivered,2890.2200000000003,Express,20878 Andersen Lock Suite 120,20878 Andersen Lock Suite 120,PayPal,2024-10-30,LOC007
ORD0000508,CUS000037,2024-10-27 11:29:41,Delivered,3481.48,Standard,536 Elizabeth Via,536 Elizabeth Via,Bank Transfer,2024-11-02,LOC018
ORD0000509,CUS000057,2024-10-27 11:57:41,Delivered,4746.25,Standard,647 Mcgee Manors,647 Mcgee Manors,Credit Card,2024-11-01,LOC016
ORD0000510,CUS000040,2024-10-27 21:41:41,Delivered,712.05,Express,9433 Jackie Key,9433 Jackie Key,PayPal,2024-11-03,LOC014
ORD0000511,CUS000084,2024-10-27 16:55:41,Delivered,2746.5200000000004,Express,3563 Ashley Wall Apt. 125,3563 Ashley Wall Apt. 125,Credit Card,2024-10-31,LOC005
ORD0000512,CUS000085,2024-10-27 12:39:41,Delivered,3166.71,Standard,65310 Smith Causeway,65310 Smith Causeway,Credit Card,2024-10-31,LOC018
ORD0000513,CUS000071,2024-10-27 23:54:41,Delivered,945.04,Express,085 Aaron Crescent Apt. 676,085 Aaron Crescent Apt. 676,PayPal,2024-10-29,LOC015
ORD0000514,CUS000015,2024-10-27 20:09:41,Delivered,5423.82,Standard,943 Dawn Extension Apt. 032,943 Dawn Extension Apt. 032,PayPal,2024-10-30,LOC015
ORD0000515,CUS000027,2024-10-27 14:28:41,Delivered,1103.17,Next Day,8148 John Course Suite 159,8148 John Course Suite 159,PayPal,2024-10-30,LOC008
ORD0000516,CUS000001,2024-10-28 10:04:41,Delivered,2368.8,Pick up in store,45447 Ryan Springs Suite 790,45447 Ryan Springs Suite 790,Bank Transfer,2024-10-29,LOC008
ORD0000517,CUS000017,2024-10-28 08:04:41,Delivered,4910.06,Standard,4207 Craig Causeway,4207 Craig Causeway,Bank Transfer,2024-11-02,LOC017
ORD0000518,CUS000055,2024-10-28 00:28:41,Delivered,5666.76,Express,3345 Angela Lane Suite 782,3345 Angela Lane Suite 782,Credit Card,2024-11-04,LOC019
ORD0000519,CUS000092,2024-10-27 13:43:41,Delivered,4676.42,Express,441 Nichols Glen,441 Nichols Glen,Credit Card,2024-11-02,LOC006
ORD0000520,CUS000099,2024-10-28 07:15:41,Delivered,1212.6,Pick up in store,385 Diana Mountain,385 Diana Mountain,Credit Card,2024-11-01,LOC018
ORD0000521,CUS000018,2024-10-28 04:58:41,Delivered,4111.85,Pick up in store,693 Kathryn Extension,693 Kathryn Extension,PayPal,2024-11-01,LOC004
ORD0000522,CUS000058,2024-10-27 19:57:41,Delivered,2798.52,Standard,6387 Susan Roads,6387 Susan Roads,PayPal,2024-11-02,LOC014
ORD0000523,CUS000090,2024-10-27 17:29:41,Delivered,2127.41,Next Day,9210 Morris Turnpike Suite 212,9210 Morris Turnpike Suite 212,Bank Transfer,2024-11-01,LOC017
ORD0000524,CUS000071,2024-10-28 07:09:41,Delivered,4980.160000000001,Next Day,085 Aaron Crescent Apt. 676,085 Aaron Crescent Apt. 676,PayPal,2024-11-04,LOC016
ORD0000525,CUS000012,2024-10-27 16:51:41,Delivered,6160.39,Express,753 Powell Manor Suite 888,753 Powell Manor Suite 888,PayPal,2024-11-01,LOC003
ORD0000526,CUS000070,2024-10-27 11:35:41,Delivered,3790.82,Express,17993 Lee Cove Apt. 976,17993 Lee Cove Apt. 976,Credit Card,2024-10-28,LOC006
ORD0000527,CUS000013,2024-10-29 01:29:41,Delivered,5020.11,Standard,54024 Miller Track Suite 763,54024 Miller Track Suite 763,PayPal,2024-11-03,LOC009
ORD0000528,CUS000030,2024-10-28 23:49:41,Delivered,5422.13,Next Day,56818 Wright Drives,56818 Wright Drives,PayPal,2024-10-31,LOC014
ORD0000529,CUS000031,2024-10-28 18:27:41,Delivered,808.24,Express,3219 Rodriguez Passage Suite 363,3219 Rodriguez Passage Suite 363,PayPal,2024-11-01,LOC011
ORD0000530,CUS000068,2024-10-29 03:11:41,Delivered,2986.9400000000005,Next Day,165 Walker Mill,165 Walker Mill,PayPal,2024-11-01,LOC010
ORD0000531,CUS000095,2024-10-29 09:00:41,Delivered,3442.41,Express,1425 Williams Mountain,1425 Williams Mountain,PayPal,2024-11-05,LOC019
ORD0000532,CUS000065,2024-10-28 12:23:41,Delivered,1519.06,Express,0316 Wendy Club Apt. 476,0316 Wendy Club Apt. 476,PayPal,2024-11-03,LOC005
ORD0000533,CUS000083,2024-10-28 23:04:41,Delivered,3208.23,Standard,808 Joseph Center Suite 987,808 Joseph Center Suite 987,PayPal,2024-10-30,LOC012
ORD0000534,CUS000093,2024-10-29 02:02:41,Delivered,6745.64,Next Day,443 Evans Pine Apt. 602,443 Evans Pine Apt. 602,PayPal,2024-10-30,LOC016
ORD0000535,CUS000087,2024-10-28 20:51:41,Delivered,1077.35,Express,99137 Scott Streets Suite 891,99137 Scott Streets Suite 891,Bank Transfer,2024-10-29,LOC004
ORD0000536,CUS000004,2024-10-29 01:19:41,Delivered,2337.05,Next Day,86781 Webb Tunnel Apt. 880,86781 Webb Tunnel Apt. 880,Credit Card,2024-11-01,LOC008
ORD0000537,CUS000002,2024-10-29 04:29:41,Delivered,3170.48,Express,7944 Rich Turnpike,7944 Rich Turnpike,Bank Transfer,2024-11-02,LOC017
ORD0000538,CUS000035,2024-10-28 19:52:41,Delivered,4627.24,Express,0435 Mullins Canyon,0435 Mullins Canyon,Credit Card,2024-10-30,LOC019
ORD0000539,CUS000056,2024-10-28 16:23:41,Delivered,1074.3,Pick up in store,5399 Pierce Gardens Suite 720,5399 Pierce Gardens Suite 720,Bank Transfer,2024-11-02,LOC016
ORD0000540,CUS000088,2024-10-28 12:48:41,Delivered,2987.3399999999997,Standard,50544 Penny Isle Suite 526,50544 Penny Isle Suite 526,Bank Transfer,2024-10-31,LOC016
ORD0000541,CUS000038,2024-10-28 22:54:41,Delivered,930.95,Standard,811 Leonard Ford Apt. 102,811 Leonard Ford Apt. 102,Credit Card,2024-11-01,LOC009
ORD0000542,CUS000083,2024-10-29 09:40:41,Delivered,3078.3999999999996,Standard,808 Joseph Center Suite 987,808 Joseph Center Suite 987,Credit Card,2024-10-30,LOC016
ORD0000543,CUS000072,2024-10-28 18:18:41,Delivered,4694.43,Express,022 Brennan Vista,022 Brennan Vista,PayPal,2024-10-29,LOC009
ORD0000544,CUS000093,2024-10-28 14:46:41,Delivered,1127.9,Next Day,443 Evans Pine Apt. 602,443 Evans Pine Apt. 602,PayPal,2024-11-03,LOC005
ORD0000545,CUS000029,2024-10-29 10:50:41,Delivered,5315.78,Pick up in store,248 Schaefer Alley,248 Schaefer Alley,Bank Transfer,2024-10-30,LOC017
ORD0000546,CUS000067,2024-10-30 10:32:41,Delivered,590.45,Express,4937 Brown Turnpike Suite 240,4937 Brown Turnpike Suite 240,Credit Card,2024-11-06,LOC001
ORD0000547,CUS000098,2024-10-29 14:00:41,Delivered,3510.16,Standard,4693 Ashley Centers,4693 Ashley Centers,Bank Transfer,2024-10-31,LOC015
ORD0000548,CUS000074,2024-10-30 07:39:41,Delivered,4505.9,Express,42549 Zavala Lakes Suite 652,42549 Zavala Lakes Suite 652,Bank Transfer,2024-10-31,LOC010
ORD0000549,CUS000048,2024-10-29 13:05:41,Delivered,12095.45,Pick up in store,1997 Shelly Shore,1997 Shelly Shore,Credit Card,2024-11-03,LOC002
ORD0000550,CUS000064,2024-10-30 05:09:41,Delivered,3860.85,Standard,93926 Jason Common Suite 790,93926 Jason Common Suite 790,Bank Transfer,2024-11-03,LOC004
ORD0000551,CUS000065,2024-10-30 02:11:41,Delivered,487.38,Standard,0316 Wendy Club Apt. 476,0316 Wendy Club Apt. 476,Bank Transfer,2024-11-05,LOC006
ORD0000552,CUS000065,2024-10-29 21:11:41,Delivered,4441.31,Express,0316 Wendy Club Apt. 476,0316 Wendy Club Apt. 476,Bank Transfer,2024-10-30,LOC002
ORD0000553,CUS000069,2024-10-29 14:39:41,Delivered,2237.5199999999995,Next Day,56017 Michelle Trace Apt. 592,56017 Michelle Trace Apt. 592,PayPal,2024-10-31,LOC010
ORD0000554,CUS000100,2024-10-30 03:35:41,Delivered,513.63,Next Day,14536 Holly Trail,14536 Holly Trail,Credit Card,2024-11-02,LOC009
ORD0000555,CUS000069,2024-10-29 18:49:41,Delivered,8514.85,Standard,56017 Michelle Trace Apt. 592,56017 Michelle Trace Apt. 592,Bank Transfer,2024-11-04,LOC005
ORD0000556,CUS000099,2024-10-29 15:16:41,Delivered,5480.849999999999,Standard,385 Diana Mountain,385 Diana Mountain,Credit Card,2024-11-05,LOC011
ORD0000557,CUS000016,2024-10-29 14:54:41,Delivered,8915.77,Express,517 Lester Brook,517 Lester Brook,PayPal,2024-11-03,LOC015
ORD0000558,CUS000069,2024-10-29 20:07:41,Delivered,4454.84,Next Day,56017 Michelle Trace Apt. 592,56017 Michelle Trace Apt. 592,Credit Card,2024-11-05,LOC018
ORD0000559,CUS000020,2024-10-30 03:18:41,Delivered,8736.35,Pick up in store,63649 Robinson Court,63649 Robinson Court,Credit Card,2024-11-01,LOC001
ORD0000560,CUS000020,2024-10-29 20:26:41,Delivered,5342.12,Next Day,63649 Robinson Court,63649 Robinson Court,PayPal,2024-10-30,LOC015
ORD0000561,CUS000025,2024-10-30 07:42:41,Delivered,3798.54,Standard,554 Phillips Spring,554 Phillips Spring,Credit Card,2024-11-03,LOC008
ORD0000562,CUS000050,2024-10-29 15:29:41,Delivered,2923.24,Standard,739 Garcia Spur Apt. 819,739 Garcia Spur Apt. 819,Bank Transfer,2024-11-03,LOC004
ORD0000563,CUS000016,2024-10-30 08:15:41,Delivered,569.46,Standard,517 Lester Brook,517 Lester Brook,Credit Card,2024-11-04,LOC019
ORD0000564,CUS000015,2024-10-30 09:18:41,Delivered,2323.62,Express,943 Dawn Extension Apt. 032,943 Dawn Extension Apt. 032,PayPal,2024-11-06,LOC016
ORD0000565,CUS000097,2024-10-29 14:04:41,Delivered,965.34,Next Day,728 Laurie Cape,728 Laurie Cape,Bank Transfer,2024-11-05,LOC010
ORD0000566,CUS000034,2024-10-30 10:02:41,Delivered,5034.11,Express,81729 Mccall Meadows,81729 Mccall Meadows,Bank Transfer,2024-11-03,LOC001
ORD0000567,CUS000047,2024-10-30 10:28:41,Delivered,4523.09,Express,46161 Ortega Fork Apt. 399,46161 Ortega Fork Apt. 399,Bank Transfer,2024-11-01,LOC008
ORD0000568,CUS000094,2024-10-30 04:58:41,Delivered,683.58,Pick up in store,91800 Tony Lights Suite 800,91800 Tony Lights Suite 800,PayPal,2024-11-04,LOC017
ORD0000569,CUS000071,2024-10-29 21:42:41,Delivered,5277.42,Express,085 Aaron Crescent Apt. 676,085 Aaron Crescent Apt. 676,PayPal,2024-11-04,LOC018
ORD0000570,CUS000019,2024-10-29 19:39:41,Delivered,3549.4400000000005,Express,3594 Long Wall Suite 248,3594 Long Wall Suite 248,Credit Card,2024-10-31,LOC007
ORD0000571,CUS000092,2024-10-29 19:52:41,Delivered,2778.62,Next Day,441 Nichols Glen,441 Nichols Glen,Bank Transfer,2024-11-03,LOC002
ORD0000572,CUS000061,2024-10-30 11:55:41,Delivered,6248.16,Express,8595 Joshua Pine,8595 Joshua Pine,Bank Transfer,2024-11-04,LOC013
ORD0000573,CUS000033,2024-10-30 11:46:41,Delivered,8720.97,Standard,32833 Harris Fall,32833 Harris Fall,PayPal,2024-11-06,LOC018
ORD0000574,CUS000011,2024-10-30 20:27:41,Delivered,2878.38,Pick up in store,627 Carol Vista,627 Carol Vista,Credit Card,2024-11-02,LOC016
ORD0000575,CUS000014,2024-10-31 03:00:41,Delivered,2696.5699999999997,Standard,240 Lewis Park,240 Lewis Park,PayPal,2024-11-05,LOC001
ORD0000576,CUS000001,2024-10-31 08:12:41,Delivered,12534.899999999998,Next Day,45447 Ryan Springs Suite 790,45447 Ryan Springs Suite 790,PayPal,2024-11-02,LOC014
ORD0000577,CUS000033,2024-10-30 23:10:41,Delivered,4258.16,Standard,32833 Harris Fall,32833 Harris Fall,PayPal,2024-11-05,LOC014
ORD0000578,CUS000037,2024-10-31 04:47:41,Delivered,8984.3,Standard,536 Elizabeth Via,536 Elizabeth Via,Credit Card,2024-11-01,LOC016
ORD0000579,CUS000062,2024-10-31 00:17:41,Delivered,8855.45,Pick up in store,9634 Thomas Vista,9634 Thomas Vista,PayPal,2024-11-07,LOC014
ORD0000580,CUS000047,2024-10-30 23:23:41,Delivered,3980.5400000000004,Pick up in store,46161 Ortega Fork Apt. 399,46161 Ortega Fork Apt. 399,Bank Transfer,2024-11-01,LOC009
ORD0000581,CUS000036,2024-10-30 13:19:41,Delivered,1689.12,Express,4716 Felicia Trafficway Apt. 051,4716 Felicia Trafficway Apt. 051,PayPal,2024-11-06,LOC011
ORD0000582,CUS000001,2024-10-30 15:22:41,Delivered,6231.27,Next Day,45447 Ryan Springs Suite 790,45447 Ryan Springs Suite 790,PayPal,2024-11-05,LOC020
ORD0000583,CUS000047,2024-10-30 12:02:41,Delivered,4514.4400000000005,Express,46161 Ortega Fork Apt. 399,46161 Ortega Fork Apt. 399,Credit Card,2024-11-01,LOC008
ORD0000584,CUS000028,2024-10-31 00:49:41,Delivered,4612.95,Express,4548 Rose Corner,4548 Rose Corner,Credit Card,2024-11-03,LOC020
ORD0000585,CUS000063,2024-10-30 13:04:41,Delivered,2453.28,Express,6888 Emily Underpass,6888 Emily Underpass,Bank Transfer,2024-11-04,LOC011
ORD0000586,CUS000052,2024-10-30 17:02:41,Delivered,3717.4,Standard,28803 Kyle Island,28803 Kyle Island,PayPal,2024-11-05,LOC004
ORD0000587,CUS000093,2024-10-30 18:03:41,Delivered,1881.07,Express,443 Evans Pine Apt. 602,443 Evans Pine Apt. 602,PayPal,2024-10-31,LOC009
ORD0000588,CUS000073,2024-10-30 15:57:41,Delivered,1689.45,Pick up in store,598 Smith Mission Suite 623,598 Smith Mission Suite 623,Bank Transfer,2024-11-05,LOC017
ORD0000589,CUS000065,2024-10-31 23:33:41,Delivered,2736.68,Express,0316 Wendy Club Apt. 476,0316 Wendy Club Apt. 476,PayPal,2024-11-07,LOC010
ORD0000590,CUS000044,2024-11-01 02:16:41,Delivered,974.76,Express,28472 Anderson Bypass,28472 Anderson Bypass,PayPal,2024-11-06,LOC017
ORD0000591,CUS000044,2024-10-31 17:20:41,Delivered,5073.93,Pick up in store,28472 Anderson Bypass,28472 Anderson Bypass,Credit Card,2024-11-05,LOC004
ORD0000592,CUS000036,2024-10-31 17:50:41,Delivered,6717.02,Pick up in store,4716 Felicia Trafficway Apt. 051,4716 Felicia Trafficway Apt. 051,Credit Card,2024-11-05,LOC010
ORD0000593,CUS000088,2024-10-31 16:16:41,Delivered,5666.91,Standard,50544 Penny Isle Suite 526,50544 Penny Isle Suite 526,PayPal,2024-11-04,LOC008
ORD0000594,CUS000056,2024-11-01 08:22:41,Delivered,3058.18,Standard,5399 Pierce Gardens Suite 720,5399 Pierce Gardens Suite 720,PayPal,2024-11-08,LOC008
ORD0000595,CUS000045,2024-10-31 23:58:41,Delivered,6482.209999999999,Express,14062 Oliver Spurs,14062 Oliver Spurs,Bank Transfer,2024-11-03,LOC018
ORD0000596,CUS000028,2024-10-31 23:08:41,Delivered,8380.39,Pick up in store,4548 Rose Corner,4548 Rose Corner,Bank Transfer,2024-11-01,LOC014
ORD0000597,CUS000001,2024-11-01 06:33:41,Delivered,3351.6000000000004,Express,45447 Ryan Springs Suite 790,45447 Ryan Springs Suite 790,Bank Transfer,2024-11-07,LOC006
ORD0000598,CUS000049,2024-10-31 19:56:41,Delivered,2536.15,Express,8581 Katelyn Pike Apt. 739,8581 Katelyn Pike Apt. 739,Bank Transfer,2024-11-04,LOC013
ORD0000599,CUS000018,2024-10-31 11:21:41,Delivered,2125.3,Express,693 Kathryn Extension,693 Kathryn Extension,Bank Transfer,2024-11-01,LOC003
ORD0000600,CUS000015,2024-11-01 05:45:41,Delivered,6518.240000000001,Standard,943 Dawn Extension Apt. 032,943 Dawn Extension Apt. 032,Bank Transfer,2024-11-06,LOC007
ORD0000601,CUS000024,2024-11-01 07:55:41,Delivered,3935.42,Standard,574 Gonzales Lodge Apt. 681,574 Gonzales Lodge Apt. 681,Credit Card,2024-11-05,LOC007
ORD0000602,CUS000097,2024-11-01 03:19:41,Delivered,1735.91,Express,728 Laurie Cape,728 Laurie Cape,Bank Transfer,2024-11-02,LOC007
ORD0000603,CUS000096,2024-11-01 02:56:41,Delivered,7477.25,Standard,997 Debra Road,997 Debra Road,PayPal,2024-11-05,LOC011
ORD0000604,CUS000080,2024-10-31 12:31:41,Delivered,7594.0,Pick up in store,84198 Mitchell Light,84198 Mitchell Light,PayPal,2024-11-05,LOC001
ORD0000605,CUS000050,2024-11-01 07:21:41,Delivered,3409.28,Pick up in store,739 Garcia Spur Apt. 819,739 Garcia Spur Apt. 819,Bank Transfer,2024-11-05,LOC003
ORD0000606,CUS000094,2024-10-31 17:14:41,Delivered,5041.7300000000005,Express,91800 Tony Lights Suite 800,91800 Tony Lights Suite 800,Bank Transfer,2024-11-02,LOC012
ORD0000607,CUS000033,2024-10-31 13:27:41,Delivered,1895.04,Standard,32833 Harris Fall,32833 Harris Fall,Bank Transfer,2024-11-05,LOC006
ORD0000608,CUS000001,2024-11-01 10:02:41,Delivered,7037.94,Next Day,45447 Ryan Springs Suite 790,45447 Ryan Springs Suite 790,Bank Transfer,2024-11-04,LOC006
ORD0000609,CUS000004,2024-11-01 05:49:41,Delivered,612.06,Standard,86781 Webb Tunnel Apt. 880,86781 Webb Tunnel Apt. 880,Bank Transfer,2024-11-05,LOC009
ORD0000610,CUS000053,2024-10-31 20:28:41,Delivered,3137.4599999999996,Pick up in store,92512 Armstrong Station,92512 Armstrong Station,Credit Card,2024-11-02,LOC020
ORD0000611,CUS000039,2024-11-01 06:59:41,Delivered,2530.17,Express,06077 Marcus Bypass,06077 Marcus Bypass,PayPal,2024-11-06,LOC016
ORD0000612,CUS000001,2024-10-31 14:55:41,Delivered,2075.2,Pick up in store,45447 Ryan Springs Suite 790,45447 Ryan Springs Suite 790,PayPal,2024-11-01,LOC001
ORD0000613,CUS000005,2024-11-01 08:07:41,Delivered,4852.5599999999995,Standard,55835 Christopher Parkways Suite 486,55835 Christopher Parkways Suite 486,Credit Card,2024-11-03,LOC012
ORD0000614,CUS000070,2024-11-02 03:12:41,Delivered,1420.27,Standard,17993 Lee Cove Apt. 976,17993 Lee Cove Apt. 976,Bank Transfer,2024-11-07,LOC015
ORD0000615,CUS000088,2024-11-01 23:33:41,Delivered,4248.63,Next Day,50544 Penny Isle Suite 526,50544 Penny Isle Suite 526,PayPal,2024-11-06,LOC008
ORD0000616,CUS000033,2024-11-01 20:05:41,Delivered,3019.4100000000003,Pick up in store,32833 Harris Fall,32833 Harris Fall,PayPal,2024-11-06,LOC011
ORD0000617,CUS000053,2024-11-02 01:59:41,Delivered,3236.15,Express,92512 Armstrong Station,92512 Armstrong Station,Credit Card,2024-11-09,LOC014
ORD0000618,CUS000024,2024-11-02 01:09:41,Delivered,4776.9800000000005,Next Day,574 Gonzales Lodge Apt. 681,574 Gonzales Lodge Apt. 681,Credit Card,2024-11-05,LOC004
ORD0000619,CUS000055,2024-11-01 17:32:41,Delivered,4365.389999999999,Standard,3345 Angela Lane Suite 782,3345 Angela Lane Suite 782,Credit Card,2024-11-07,LOC018
ORD0000620,CUS000027,2024-11-02 01:38:41,Delivered,12748.159999999998,Standard,8148 John Course Suite 159,8148 John Course Suite 159,Credit Card,2024-11-06,LOC018
ORD0000621,CUS000039,2024-11-01 11:44:41,Delivered,10862.090000000002,Pick up in store,06077 Marcus Bypass,06077 Marcus Bypass,Bank Transfer,2024-11-08,LOC001
ORD0000622,CUS000003,2024-11-01 13:15:41,Delivered,10361.72,Express,22024 Harrison Roads,22024 Harrison Roads,Bank Transfer,2024-11-07,LOC017
ORD0000623,CUS000046,2024-11-01 21:54:41,Delivered,7776.35,Next Day,0384 Michelle Cape,0384 Michelle Cape,Credit Card,2024-11-02,LOC001
ORD0000624,CUS000050,2024-11-01 22:28:41,Delivered,1871.01,Express,739 Garcia Spur Apt. 819,739 Garcia Spur Apt. 819,Bank Transfer,2024-11-06,LOC014
ORD0000625,CUS000094,2024-11-01 15:36:41,Delivered,6152.750000000001,Pick up in store,91800 Tony Lights Suite 800,91800 Tony Lights Suite 800,PayPal,2024-11-02,LOC016
ORD0000626,CUS000049,2024-11-02 03:16:41,Delivered,341.12,Pick up in store,8581 Katelyn Pike Apt. 739,8581 Katelyn Pike Apt. 739,Bank Transfer,2024-11-05,LOC011
ORD0000627,CUS000091,2024-11-02 09:07:41,Delivered,4196.55,Pick up in store,7372 Marshall Haven,7372 Marshall Haven,Credit Card,2024-11-08,LOC019
ORD0000628,CUS000031,2024-11-02 05:46:41,Delivered,1436.69,Standard,3219 Rodriguez Passage Suite 363,3219 Rodriguez Passage Suite 363,PayPal,2024-11-03,LOC020
ORD0000629,CUS000089,2024-11-01 19:21:41,Delivered,8508.820000000002,Pick up in store,890 Fuller Harbor Apt. 884,890 Fuller Harbor Apt. 884,PayPal,2024-11-05,LOC003
ORD0000630,CUS000037,2024-11-01 18:20:41,Delivered,3369.6200000000003,Standard,536 Elizabeth Via,536 Elizabeth Via,Bank Transfer,2024-11-03,LOC012
ORD0000631,CUS000077,2024-11-01 23:06:41,Delivered,4322.72,Standard,17316 Ashley Ridges Suite 345,17316 Ashley Ridges Suite 345,Credit Card,2024-11-06,LOC013
ORD0000632,CUS000099,2024-11-01 16:36:41,Delivered,5626.97,Express,385 Diana Mountain,385 Diana Mountain,Bank Transfer,2024-11-06,LOC008
ORD0000633,CUS000099,2024-11-01 13:39:41,Delivered,1259.97,Express,385 Diana Mountain,385 Diana Mountain,Credit Card,2024-11-08,LOC006
ORD0000634,CUS000037,2024-11-02 08:40:41,Delivered,928.72,Standard,536 Elizabeth Via,536 Elizabeth Via,Bank Transfer,2024-11-05,LOC018
ORD0000635,CUS000072,2024-11-02 01:33:41,Delivered,1200.85,Express,022 Brennan Vista,022 Brennan Vista,PayPal,2024-11-05,LOC012
ORD0000636,CUS000034,2024-11-02 05:49:41,Delivered,5108.7699999999995,Pick up in store,81729 Mccall Meadows,81729 Mccall Meadows,Credit Card,2024-11-08,LOC013
ORD0000637,CUS000095,2024-11-02 07:54:41,Delivered,8950.89,Pick up in store,1425 Williams Mountain,1425 Williams Mountain,Credit Card,2024-11-03,LOC003
ORD0000638,CUS000042,2024-11-02 09:03:41,Delivered,455.39,Express,19899 Mark Way Suite 871,19899 Mark Way Suite 871,Bank Transfer,2024-11-03,LOC002
ORD0000639,CUS000011,2024-11-02 09:27:41,Delivered,711.09,Next Day,627 Carol Vista,627 Carol Vista,Credit Card,2024-11-08,LOC011
ORD0000640,CUS000062,2024-11-02 02:18:41,Delivered,6085.49,Express,9634 Thomas Vista,9634 Thomas Vista,PayPal,2024-11-08,LOC016
ORD0000641,CUS000099,2024-11-02 03:00:41,Delivered,8919.3,Standard,385 Diana Mountain,385 Diana Mountain,Credit Card,2024-11-06,LOC010
ORD0000642,CUS000004,2024-11-01 16:28:41,Delivered,1776.3000000000002,Express,86781 Webb Tunnel Apt. 880,86781 Webb Tunnel Apt. 880,Credit Card,2024-11-02,LOC007
ORD0000643,CUS000100,2024-11-01 23:35:41,Delivered,1989.75,Next Day,14536 Holly Trail,14536 Holly Trail,PayPal,2024-11-03,LOC011
ORD0000644,CUS000076,2024-11-03 03:00:41,Delivered,4999.01,Standard,8996 Amanda Plaza,8996 Amanda Plaza,Bank Transfer,2024-11-05,LOC018
ORD0000645,CUS000003,2024-11-02 21:15:41,Delivered,1243.8,Express,22024 Harrison Roads,22024 Harrison Roads,Bank Transfer,2024-11-06,LOC015
ORD0000646,CUS000092,2024-11-02 18:35:41,Delivered,4636.85,Standard,441 Nichols Glen,441 Nichols Glen,Bank Transfer,2024-11-05,LOC008
ORD0000647,CUS000065,2024-11-02 13:40:41,Delivered,9167.2,Next Day,0316 Wendy Club Apt. 476,0316 Wendy Club Apt. 476,PayPal,2024-11-03,LOC014
ORD0000648,CUS000089,2024-11-03 00:33:41,Delivered,9845.24,Standard,890 Fuller Harbor Apt. 884,890 Fuller Harbor Apt. 884,PayPal,2024-11-07,LOC017
ORD0000649,CUS000048,2024-11-02 17:32:41,Delivered,5553.83,Pick up in store,1997 Shelly Shore,1997 Shelly Shore,Credit Card,2024-11-06,LOC002
ORD0000650,CUS000055,2024-11-02 14:39:41,Delivered,1423.42,Next Day,3345 Angela Lane Suite 782,3345 Angela Lane Suite 782,Bank Transfer,2024-11-05,LOC006
ORD0000651,CUS000032,2024-11-02 16:10:41,Delivered,11014.32,Pick up in store,57334 Cooper Island,57334 Cooper Island,Credit Card,2024-11-05,LOC020
ORD0000652,CUS000100,2024-11-02 19:25:41,Delivered,13344.66,Express,14536 Holly Trail,14536 Holly Trail,Credit Card,2024-11-04,LOC014
ORD0000653,CUS000040,2024-11-02 15:19:41,Delivered,860.22,Standard,9433 Jackie Key,9433 Jackie Key,Credit Card,2024-11-08,LOC002
ORD0000654,CUS000018,2024-11-02 16:49:41,Delivered,451.24,Standard,693 Kathryn Extension,693 Kathryn Extension,Bank Transfer,2024-11-06,LOC011
ORD0000655,CUS000041,2024-11-02 22:51:41,Delivered,4034.5200000000004,Pick up in store,312 Mathew Route Suite 835,312 Mathew Route Suite 835,PayPal,2024-11-09,LOC002
ORD0000656,CUS000012,2024-11-03 01:00:41,Delivered,2819.66,Pick up in store,753 Powell Manor Suite 888,753 Powell Manor Suite 888,Credit Card,2024-11-08,LOC009
ORD0000657,CUS000085,2024-11-02 11:52:41,Delivered,3060.27,Pick up in store,65310 Smith Causeway,65310 Smith Causeway,PayPal,2024-11-05,LOC017
ORD0000658,CUS000081,2024-11-03 07:08:41,Delivered,4386.040000000001,Standard,335 Kyle Crescent Apt. 760,335 Kyle Crescent Apt. 760,Bank Transfer,2024-11-06,LOC008
ORD0000659,CUS000007,2024-11-02 19:21:41,Delivered,4158.92,Standard,64048 Golden Mount Suite 491,64048 Golden Mount Suite 491,Credit Card,2024-11-07,LOC012
ORD0000660,CUS000072,2024-11-03 07:45:41,Delivered,2632.62,Standard,022 Brennan Vista,022 Brennan Vista,PayPal,2024-11-10,LOC017
ORD0000661,CUS000073,2024-11-02 19:29:41,Delivered,3249.5600000000004,Pick up in store,598 Smith Mission Suite 623,598 Smith Mission Suite 623,Credit Card,2024-11-09,LOC011
ORD0000662,CUS000044,2024-11-03 10:49:41,Delivered,5378.17,Express,28472 Anderson Bypass,28472 Anderson Bypass,Credit Card,2024-11-06,LOC013
ORD0000663,CUS000056,2024-11-03 04:22:41,Delivered,9439.41,Standard,5399 Pierce Gardens Suite 720,5399 Pierce Gardens Suite 720,Bank Transfer,2024-11-09,LOC020
ORD0000664,CUS000077,2024-11-03 02:45:41,Delivered,266.35,Pick up in store,17316 Ashley Ridges Suite 345,17316 Ashley Ridges Suite 345,Credit Card,2024-11-07,LOC013
ORD0000665,CUS000070,2024-11-03 09:47:41,Delivered,7714.64,Next Day,17993 Lee Cove Apt. 976,17993 Lee Cove Apt. 976,PayPal,2024-11-10,LOC011
ORD0000666,CUS000074,2024-11-03 10:10:41,Delivered,2628.7299999999996,Standard,42549 Zavala Lakes Suite 652,42549 Zavala Lakes Suite 652,Bank Transfer,2024-11-09,LOC020
ORD0000667,CUS000083,2024-11-03 01:03:41,Delivered,2875.4900000000002,Pick up in store,808 Joseph Center Suite 987,808 Joseph Center Suite 987,Credit Card,2024-11-06,LOC001
ORD0000668,CUS000004,2024-11-03 05:25:41,Delivered,3327.5,Express,86781 Webb Tunnel Apt. 880,86781 Webb Tunnel Apt. 880,Credit Card,2024-11-08,LOC010
ORD0000669,CUS000087,2024-11-02 22:41:41,Delivered,8380.53,Standard,99137 Scott Streets Suite 891,99137 Scott Streets Suite 891,PayPal,2024-11-08,LOC005
ORD0000670,CUS000023,2024-11-03 04:14:41,Delivered,6329.799999999999,Pick up in store,245 Hall Cove,245 Hall Cove,PayPal,2024-11-07,LOC001
ORD0000671,CUS000008,2024-11-03 23:45:41,Delivered,6759.34,Pick up in store,949 Mueller Mission,949 Mueller Mission,Credit Card,2024-11-07,LOC013
ORD0000672,CUS000007,2024-11-03 18:39:41,Delivered,3399.74,Express,64048 Golden Mount Suite 491,64048 Golden Mount Suite 491,Bank Transfer,2024-11-04,LOC011
ORD0000673,CUS000054,2024-11-04 07:13:41,Delivered,5783.860000000001,Standard,00532 Matthew Fork Suite 143,00532 Matthew Fork Suite 143,Credit Card,2024-11-11,LOC007
ORD0000674,CUS000074,2024-11-03 12:05:41,Delivered,3257.49,Express,42549 Zavala Lakes Suite 652,42549 Zavala Lakes Suite 652,Credit Card,2024-11-08,LOC018
ORD0000675,CUS000051,2024-11-04 07:06:41,Delivered,3409.28,Pick up in store,563 Jones Fields Suite 934,563 Jones Fields Suite 934,PayPal,2024-11-07,LOC002
ORD0000676,CUS000073,2024-11-04 06:57:41,Delivered,60.21,Express,598 Smith Mission Suite 623,598 Smith Mission Suite 623,PayPal,2024-11-06,LOC009
ORD0000677,CUS000100,2024-11-04 08:15:41,Delivered,7947.58,Express,14536 Holly Trail,14536 Holly Trail,Bank Transfer,2024-11-11,LOC015
ORD0000678,CUS000023,2024-11-03 12:24:41,Delivered,11521.93,Standard,245 Hall Cove,245 Hall Cove,Bank Transfer,2024-11-09,LOC007
ORD0000679,CUS000042,2024-11-03 19:15:41,Delivered,7818.419999999999,Standard,19899 Mark Way Suite 871,19899 Mark Way Suite 871,Bank Transfer,2024-11-04,LOC009
ORD0000680,CUS000015,2024-11-03 12:48:41,Delivered,2010.96,Next Day,943 Dawn Extension Apt. 032,943 Dawn Extension Apt. 032,PayPal,2024-11-09,LOC015
ORD0000681,CUS000064,2024-11-03 14:14:41,Delivered,3847.2,Standard,93926 Jason Common Suite 790,93926 Jason Common Suite 790,Bank Transfer,2024-11-05,LOC006
ORD0000682,CUS000008,2024-11-03 13:33:41,Delivered,6307.49,Pick up in store,949 Mueller Mission,949 Mueller Mission,Credit Card,2024-11-08,LOC001
ORD0000683,CUS000033,2024-11-03 22:37:41,Delivered,2441.92,Express,32833 Harris Fall,32833 Harris Fall,Bank Transfer,2024-11-07,LOC007
ORD0000684,CUS000044,2024-11-04 00:25:41,Delivered,3061.35,Pick up in store,28472 Anderson Bypass,28472 Anderson Bypass,Bank Transfer,2024-11-07,LOC013
ORD0000685,CUS000085,2024-11-04 01:09:41,Delivered,3445.1600000000003,Standard,65310 Smith Causeway,65310 Smith Causeway,PayPal,2024-11-07,LOC017
ORD0000686,CUS000017,2024-11-03 23:38:41,Delivered,4736.28,Express,4207 Craig Causeway,4207 Craig Causeway,Credit Card,2024-11-07,LOC001
ORD0000687,CUS000026,2024-11-03 12:34:41,Delivered,951.62,Express,305 Newton Bypass,305 Newton Bypass,PayPal,2024-11-06,LOC009
ORD0000688,CUS000068,2024-11-03 10:57:41,Delivered,1650.28,Pick up in store,165 Walker Mill,165 Walker Mill,PayPal,2024-11-09,LOC013
ORD0000689,CUS000020,2024-11-05 05:59:41,Delivered,5791.34,Pick up in store,63649 Robinson Court,63649 Robinson Court,Bank Transfer,2024-11-06,LOC008
ORD0000690,CUS000068,2024-11-04 20:16:41,Delivered,4914.0,Next Day,165 Walker Mill,165 Walker Mill,Credit Card,2024-11-11,LOC015
ORD0000691,CUS000003,2024-11-05 02:01:41,Delivered,7557.060000000001,Express,22024 Harrison Roads,22024 Harrison Roads,Bank Transfer,2024-11-08,LOC020
ORD0000692,CUS000085,2024-11-05 07:13:41,Delivered,9414.04,Pick up in store,65310 Smith Causeway,65310 Smith Causeway,Credit Card,2024-11-10,LOC019
ORD0000693,CUS000012,2024-11-05 07:54:41,Delivered,3124.01,Next Day,753 Powell Manor Suite 888,753 Powell Manor Suite 888,Bank Transfer,2024-11-11,LOC009
ORD0000694,CUS000033,2024-11-05 08:36:41,Delivered,7075.400000000001,Express,32833 Harris Fall,32833 Harris Fall,Credit Card,2024-11-07,LOC002
ORD0000695,CUS000064,2024-11-05 06:06:41,Delivered,3822.83,Next Day,93926 Jason Common Suite 790,93926 Jason Common Suite 790,Bank Transfer,2024-11-06,LOC013
ORD0000696,CUS000090,2024-11-04 22:20:41,Delivered,6676.76,Express,9210 Morris Turnpike Suite 212,9210 Morris Turnpike Suite 212,Bank Transfer,2024-11-05,LOC007
ORD0000697,CUS000062,2024-11-04 23:03:41,Delivered,7490.07,Pick up in store,9634 Thomas Vista,9634 Thomas Vista,Bank Transfer,2024-11-09,LOC006
ORD0000698,CUS000070,2024-11-05 04:06:41,Delivered,2773.14,Standard,17993 Lee Cove Apt. 976,17993 Lee Cove Apt. 976,Credit Card,2024-11-10,LOC014
ORD0000699,CUS000006,2024-11-04 14:04:41,Delivered,751.71,Pick up in store,20878 Andersen Lock Suite 120,20878 Andersen Lock Suite 120,PayPal,2024-11-10,LOC014
ORD0000700,CUS000099,2024-11-04 15:06:41,Delivered,8153.24,Pick up in store,385 Diana Mountain,385 Diana Mountain,Bank Transfer,2024-11-07,LOC005
ORD0000701,CUS000003,2024-11-04 19:47:41,Delivered,4172.78,Standard,22024 Harrison Roads,22024 Harrison Roads,Credit Card,2024-11-11,LOC012
ORD0000702,CUS000024,2024-11-05 02:29:41,Delivered,5152.82,Standard,574 Gonzales Lodge Apt. 681,574 Gonzales Lodge Apt. 681,PayPal,2024-11-10,LOC019
ORD0000703,CUS000097,2024-11-04 18:02:41,Delivered,1712.6100000000001,Express,728 Laurie Cape,728 Laurie Cape,Credit Card,2024-11-10,LOC019
ORD0000704,CUS000019,2024-11-04 11:19:41,Delivered,5369.14,Standard,3594 Long Wall Suite 248,3594 Long Wall Suite 248,Credit Card,2024-11-09,LOC019
ORD0000705,CUS000003,2024-11-05 06:38:41,Delivered,5752.11,Standard,22024 Harrison Roads,22024 Harrison Roads,PayPal,2024-11-09,LOC013
ORD0000706,CUS000086,2024-11-05 03:24:41,Delivered,4136.1900000000005,Express,023 Melissa Crossroad Apt. 855,023 Melissa Crossroad Apt. 855,PayPal,2024-11-09,LOC017
ORD0000707,CUS000055,2024-11-04 19:39:41,Delivered,2661.3799999999997,Next Day,3345 Angela Lane Suite 782,3345 Angela Lane Suite 782,PayPal,2024-11-11,LOC003
ORD0000708,CUS000015,2024-11-04 11:36:41,Delivered,2713.17,Next Day,943 Dawn Extension Apt. 032,943 Dawn Extension Apt. 032,PayPal,2024-11-08,LOC017
ORD0000709,CUS000058,2024-11-05 08:29:41,Delivered,2587.2,Next Day,6387 Susan Roads,6387 Susan Roads,Bank Transfer,2024-11-12,LOC005
ORD0000710,CUS000074,2024-11-04 17:19:41,Delivered,841.35,Pick up in store,42549 Zavala Lakes Suite 652,42549 Zavala Lakes Suite 652,PayPal,2024-11-05,LOC005
ORD0000711,CUS000061,2024-11-05 10:06:41,Delivered,8406.09,Next Day,8595 Joshua Pine,8595 Joshua Pine,Bank Transfer,2024-11-08,LOC007
ORD0000712,CUS000003,2024-11-06 00:58:41,Delivered,9621.58,Standard,22024 Harrison Roads,22024 Harrison Roads,Credit Card,2024-11-11,LOC019
ORD0000713,CUS000043,2024-11-06 10:13:41,Delivered,3917.3199999999997,Standard,1002 John Row Apt. 424,1002 John Row Apt. 424,Bank Transfer,2024-11-07,LOC007
ORD0000714,CUS000053,2024-11-06 09:11:41,Delivered,7199.110000000001,Next Day,92512 Armstrong Station,92512 Armstrong Station,Bank Transfer,2024-11-07,LOC010
ORD0000715,CUS000074,2024-11-05 12:22:41,Delivered,6124.25,Next Day,42549 Zavala Lakes Suite 652,42549 Zavala Lakes Suite 652,Bank Transfer,2024-11-06,LOC001
ORD0000716,CUS000035,2024-11-05 13:27:41,Delivered,6110.75,Express,0435 Mullins Canyon,0435 Mullins Canyon,Credit Card,2024-11-07,LOC006
ORD0000717,CUS000031,2024-11-06 05:14:41,Delivered,11914.669999999998,Pick up in store,3219 Rodriguez Passage Suite 363,3219 Rodriguez Passage Suite 363,Bank Transfer,2024-11-12,LOC004
ORD0000718,CUS000011,2024-11-05 22:22:41,Delivered,4218.08,Standard,627 Carol Vista,627 Carol Vista,PayPal,2024-11-07,LOC004
ORD0000719,CUS000098,2024-11-05 20:00:41,Delivered,5135.360000000001,Next Day,4693 Ashley Centers,4693 Ashley Centers,PayPal,2024-11-07,LOC014
ORD0000720,CUS000100,2024-11-05 12:16:41,Delivered,4996.1,Pick up in store,14536 Holly Trail,14536 Holly Trail,PayPal,2024-11-08,LOC002
ORD0000721,CUS000067,2024-11-05 13:15:41,Delivered,649.84,Express,4937 Brown Turnpike Suite 240,4937 Brown Turnpike Suite 240,Bank Transfer,2024-11-07,LOC016
ORD0000722,CUS000097,2024-11-05 23:00:41,Delivered,3968.26,Express,728 Laurie Cape,728 Laurie Cape,Bank Transfer,2024-11-06,LOC016
ORD0000723,CUS000023,2024-11-06 03:04:41,Delivered,5461.42,Express,245 Hall Cove,245 Hall Cove,Credit Card,2024-11-09,LOC008
ORD0000724,CUS000031,2024-11-06 08:48:41,Delivered,2252.41,Standard,3219 Rodriguez Passage Suite 363,3219 Rodriguez Passage Suite 363,PayPal,2024-11-13,LOC009
ORD0000725,CUS000006,2024-11-05 22:28:41,Delivered,7137.55,Standard,20878 Andersen Lock Suite 120,20878 Andersen Lock Suite 120,Credit Card,2024-11-12,LOC006
ORD0000726,CUS000005,2024-11-06 04:29:41,Delivered,2901.05,Next Day,55835 Christopher Parkways Suite 486,55835 Christopher Parkways Suite 486,Bank Transfer,2024-11-12,LOC014
ORD0000727,CUS000012,2024-11-05 12:46:41,Delivered,2577.56,Next Day,753 Powell Manor Suite 888,753 Powell Manor Suite 888,Bank Transfer,2024-11-07,LOC002
ORD0000728,CUS000014,2024-11-05 15:12:41,Delivered,8207.220000000001,Standard,240 Lewis Park,240 Lewis Park,Bank Transfer,2024-11-08,LOC001
ORD0000729,CUS000020,2024-11-05 21:49:41,Delivered,2556.96,Next Day,63649 Robinson Court,63649 Robinson Court,PayPal,2024-11-08,LOC010
ORD0000730,CUS000040,2024-11-06 00:41:41,Delivered,1948.73,Next Day,9433 Jackie Key,9433 Jackie Key,Credit Card,2024-11-11,LOC014
ORD0000731,CUS000054,2024-11-05 14:01:41,Delivered,812.3000000000001,Next Day,00532 Matthew Fork Suite 143,00532 Matthew Fork Suite 143,PayPal,2024-11-07,LOC020
ORD0000732,CUS000058,2024-11-06 00:54:41,Delivered,3932.5699999999997,Express,6387 Susan Roads,6387 Susan Roads,Bank Transfer,2024-11-07,LOC004
ORD0000733,CUS000061,2024-11-06 04:31:41,Delivered,4369.1,Pick up in store,8595 Joshua Pine,8595 Joshua Pine,Credit Card,2024-11-10,LOC016
ORD0000734,CUS000010,2024-11-06 21:54:41,Delivered,549.42,Next Day,386 Brian Gateway,386 Brian Gateway,PayPal,2024-11-11,LOC010
ORD0000735,CUS000018,2024-11-07 07:18:41,Delivered,822.1600000000001,Express,693 Kathryn Extension,693 Kathryn Extension,Credit Card,2024-11-09,LOC010
ORD0000736,CUS000061,2024-11-07 09:36:41,Delivered,3212.04,Standard,8595 Joshua Pine,8595 Joshua Pine,PayPal,2024-11-12,LOC020
ORD0000737,CUS000027,2024-11-06 23:17:41,Delivered,5418.2,Pick up in store,8148 John Course Suite 159,8148 John Course Suite 159,Bank Transfer,2024-11-10,LOC013
ORD0000738,CUS000037,2024-11-06 20:44:41,Delivered,9384.52,Standard,536 Elizabeth Via,536 Elizabeth Via,PayPal,2024-11-07,LOC020
ORD0000739,CUS000031,2024-11-06 23:38:41,Delivered,3438.6800000000003,Standard,3219 Rodriguez Passage Suite 363,3219 Rodriguez Passage Suite 363,PayPal,2024-11-07,LOC011
ORD0000740,CUS000027,2024-11-07 03:52:41,Delivered,2076.7200000000003,Pick up in store,8148 John Course Suite 159,8148 John Course Suite 159,PayPal,2024-11-11,LOC019
ORD0000741,CUS000008,2024-11-06 22:16:41,Delivered,3736.13,Standard,949 Mueller Mission,949 Mueller Mission,Credit Card,2024-11-12,LOC016
ORD0000742,CUS000048,2024-11-06 11:48:41,Delivered,8065.670000000001,Pick up in store,1997 Shelly Shore,1997 Shelly Shore,Bank Transfer,2024-11-11,LOC009
ORD0000743,CUS000058,2024-11-06 13:58:41,Delivered,1018.6800000000001,Express,6387 Susan Roads,6387 Susan Roads,PayPal,2024-11-10,LOC011
ORD0000744,CUS000061,2024-11-07 09:12:41,Delivered,2299.6,Standard,8595 Joshua Pine,8595 Joshua Pine,PayPal,2024-11-12,LOC003
ORD0000745,CUS000081,2024-11-07 03:14:41,Delivered,9941.4,Express,335 Kyle Crescent Apt. 760,335 Kyle Crescent Apt. 760,Bank Transfer,2024-11-11,LOC003
ORD0000746,CUS000037,2024-11-06 13:32:41,Delivered,1898.5,Pick up in store,536 Elizabeth Via,536 Elizabeth Via,PayPal,2024-11-12,LOC019
ORD0000747,CUS000100,2024-11-07 04:11:41,Delivered,3432.5699999999997,Pick up in store,14536 Holly Trail,14536 Holly Trail,PayPal,2024-11-14,LOC003
ORD0000748,CUS000096,2024-11-06 13:57:41,Delivered,7210.44,Standard,997 Debra Road,997 Debra Road,PayPal,2024-11-11,LOC013
ORD0000749,CUS000010,2024-11-06 14:44:41,Delivered,2467.92,Next Day,386 Brian Gateway,386 Brian Gateway,PayPal,2024-11-12,LOC012
ORD0000750,CUS000087,2024-11-07 15:00:41,Delivered,1966.69,Standard,99137 Scott Streets Suite 891,99137 Scott Streets Suite 891,PayPal,2024-11-13,LOC017
ORD0000751,CUS000050,2024-11-08 08:37:41,Delivered,5479.07,Express,739 Garcia Spur Apt. 819,739 Garcia Spur Apt. 819,Bank Transfer,2024-11-14,LOC001
ORD0000752,CUS000074,2024-11-08 10:41:41,Delivered,549.42,Pick up in store,42549 Zavala Lakes Suite 652,42549 Zavala Lakes Suite 652,Bank Transfer,2024-11-09,LOC016
ORD0000753,CUS000018,2024-11-07 23:01:41,Delivered,4552.26,Next Day,693 Kathryn Extension,693 Kathryn Extension,Credit Card,2024-11-14,LOC017
ORD0000754,CUS000091,2024-11-07 23:24:41,Delivered,4845.34,Standard,7372 Marshall Haven,7372 Marshall Haven,PayPal,2024-11-12,LOC008
ORD0000755,CUS000069,2024-11-08 01:38:41,Delivered,4432.889999999999,Pick up in store,56017 Michelle Trace Apt. 592,56017 Michelle Trace Apt. 592,Credit Card,2024-11-13,LOC019
ORD0000756,CUS000008,2024-11-07 18:44:41,Delivered,6949.9400000000005,Next Day,949 Mueller Mission,949 Mueller Mission,Bank Transfer,2024-11-11,LOC007
ORD0000757,CUS000004,2024-11-07 17:40:41,Delivered,4059.1099999999997,Standard,86781 Webb Tunnel Apt. 880,86781 Webb Tunnel Apt. 880,PayPal,2024-11-14,LOC011
ORD0000758,CUS000060,2024-11-08 04:22:41,Delivered,6601.22,Standard,50318 Kenneth Burg Suite 855,50318 Kenneth Burg Suite 855,Credit Card,2024-11-12,LOC011
ORD0000759,CUS000063,2024-11-07 20:13:41,Delivered,6173.21,Pick up in store,6888 Emily Underpass,6888 Emily Underpass,Bank Transfer,2024-11-12,LOC013
ORD0000760,CUS000019,2024-11-08 08:51:41,Delivered,3339.16,Express,3594 Long Wall Suite 248,3594 Long Wall Suite 248,Bank Transfer,2024-11-15,LOC017
ORD0000761,CUS000075,2024-11-08 01:02:41,Delivered,6380.15,Express,10585 Shaun Squares Suite 674,10585 Shaun Squares Suite 674,Credit Card,2024-11-10,LOC004
ORD0000762,CUS000062,2024-11-08 04:13:41,Delivered,100.35,Express,9634 Thomas Vista,9634 Thomas Vista,Bank Transfer,2024-11-14,LOC003
ORD0000763,CUS000002,2024-11-07 23:23:41,Delivered,6566.299999999999,Pick up in store,7944 Rich Turnpike,7944 Rich Turnpike,PayPal,2024-11-09,LOC015
ORD0000764,CUS000077,2024-11-07 14:36:41,Delivered,5931.05,Next Day,17316 Ashley Ridges Suite 345,17316 Ashley Ridges Suite 345,Bank Transfer,2024-11-08,LOC017
ORD0000765,CUS000076,2024-11-08 21:21:41,Delivered,3280.96,Standard,8996 Amanda Plaza,8996 Amanda Plaza,Bank Transfer,2024-11-13,LOC007
ORD0000766,CUS000057,2024-11-09 08:42:41,Delivered,11296.82,Next Day,647 Mcgee Manors,647 Mcgee Manors,PayPal,2024-11-16,LOC004
ORD0000767,CUS000053,2024-11-09 08:57:41,Delivered,6877.06,Standard,92512 Armstrong Station,92512 Armstrong Station,Bank Transfer,2024-11-10,LOC020
ORD0000768,CUS000083,2024-11-08 20:33:41,Delivered,9154.32,Pick up in store,808 Joseph Center Suite 987,808 Joseph Center Suite 987,Credit Card,2024-11-11,LOC004
ORD0000769,CUS000012,2024-11-08 17:06:41,Delivered,3175.58,Standard,753 Powell Manor Suite 888,753 Powell Manor Suite 888,PayPal,2024-11-10,LOC006
ORD0000770,CUS000028,2024-11-08 17:26:41,Delivered,812.3000000000001,Next Day,4548 Rose Corner,4548 Rose Corner,Bank Transfer,2024-11-10,LOC009
ORD0000771,CUS000060,2024-11-09 02:44:41,Delivered,3427.2,Express,50318 Kenneth Burg Suite 855,50318 Kenneth Burg Suite 855,Bank Transfer,2024-11-16,LOC007
ORD0000772,CUS000071,2024-11-08 13:18:41,Delivered,1926.9,Next Day,085 Aaron Crescent Apt. 676,085 Aaron Crescent Apt. 676,PayPal,2024-11-09,LOC015
ORD0000773,CUS000086,2024-11-09 00:39:41,Delivered,2901.05,Standard,023 Melissa Crossroad Apt. 855,023 Melissa Crossroad Apt. 855,Bank Transfer,2024-11-16,LOC006
ORD0000774,CUS000093,2024-11-08 12:07:41,Delivered,2916.2,Next Day,443 Evans Pine Apt. 602,443 Evans Pine Apt. 602,Credit Card,2024-11-13,LOC003
ORD0000775,CUS000008,2024-11-08 22:52:41,Delivered,3342.04,Next Day,949 Mueller Mission,949 Mueller Mission,Bank Transfer,2024-11-09,LOC007
ORD0000776,CUS000004,2024-11-08 14:39:41,Delivered,8291.5,Standard,86781 Webb Tunnel Apt. 880,86781 Webb Tunnel Apt. 880,Credit Card,2024-11-10,LOC010
ORD0000777,CUS000019,2024-11-08 18:14:41,Delivered,6823.6900000000005,Standard,3594 Long Wall Suite 248,3594 Long Wall Suite 248,Bank Transfer,2024-11-11,LOC001
ORD0000778,CUS000026,2024-11-09 05:31:41,Delivered,264.12,Next Day,305 Newton Bypass,305 Newton Bypass,PayPal,2024-11-11,LOC013
ORD0000779,CUS000053,2024-11-08 21:17:41,Delivered,1127.9,Pick up in store,92512 Armstrong Station,92512 Armstrong Station,PayPal,2024-11-11,LOC010
ORD0000780,CUS000033,2024-11-08 23:18:41,Delivered,4169.81,Express,32833 Harris Fall,32833 Harris Fall,PayPal,2024-11-12,LOC003
ORD0000781,CUS000011,2024-11-08 23:28:41,Delivered,236.8,Standard,627 Carol Vista,627 Carol Vista,Bank Transfer,2024-11-14,LOC006
ORD0000782,CUS000056,2024-11-09 10:45:41,Delivered,6267.2699999999995,Pick up in store,5399 Pierce Gardens Suite 720,5399 Pierce Gardens Suite 720,Bank Transfer,2024-11-11,LOC004
ORD0000783,CUS000089,2024-11-08 14:29:41,Delivered,3107.84,Standard,890 Fuller Harbor Apt. 884,890 Fuller Harbor Apt. 884,Bank Transfer,2024-11-15,LOC011
ORD0000784,CUS000034,2024-11-08 21:50:41,Delivered,2003.5,Next Day,81729 Mccall Meadows,81729 Mccall Meadows,Credit Card,2024-11-12,LOC005
ORD0000785,CUS000002,2024-11-09 02:49:41,Delivered,3610.1600000000003,Express,7944 Rich Turnpike,7944 Rich Turnpike,Credit Card,2024-11-11,LOC003
ORD0000786,CUS000037,2024-11-08 21:07:41,Delivered,3917.9300000000003,Standard,536 Elizabeth Via,536 Elizabeth Via,PayPal,2024-11-13,LOC011
ORD0000787,CUS000033,2024-11-10 04:47:41,Delivered,1442.98,Pick up in store,32833 Harris Fall,32833 Harris Fall,Credit Card,2024-11-14,LOC014
ORD0000788,CUS000088,2024-11-09 18:43:41,Delivered,9049.699999999999,Express,50544 Penny Isle Suite 526,50544 Penny Isle Suite 526,Credit Card,2024-11-16,LOC005
ORD0000789,CUS000030,2024-11-09 11:30:41,Delivered,324.92,Express,56818 Wright Drives,56818 Wright Drives,Bank Transfer,2024-11-13,LOC020
ORD0000790,CUS000004,2024-11-10 04:07:41,Delivered,4308.37,Next Day,86781 Webb Tunnel Apt. 880,86781 Webb Tunnel Apt. 880,Credit Card,2024-11-12,LOC005
ORD0000791,CUS000034,2024-11-10 04:06:41,Delivered,3131.12,Next Day,81729 Mccall Meadows,81729 Mccall Meadows,Credit Card,2024-11-14,LOC012
ORD0000792,CUS000012,2024-11-09 12:22:41,Delivered,928.24,Pick up in store,753 Powell Manor Suite 888,753 Powell Manor Suite 888,PayPal,2024-11-16,LOC017
ORD0000793,CUS000030,2024-11-09 14:22:41,Delivered,3917.0899999999997,Pick up in store,56818 Wright Drives,56818 Wright Drives,Credit Card,2024-11-12,LOC003
ORD0000794,CUS000099,2024-11-10 10:32:41,Delivered,4351.85,Standard,385 Diana Mountain,385 Diana Mountain,Credit Card,2024-11-11,LOC005
ORD0000795,CUS000057,2024-11-09 14:48:41,Delivered,9228.03,Pick up in store,647 Mcgee Manors,647 Mcgee Manors,Bank Transfer,2024-11-11,LOC017
ORD0000796,CUS000088,2024-11-09 23:21:41,Delivered,5766.18,Pick up in store,50544 Penny Isle Suite 526,50544 Penny Isle Suite 526,Credit Card,2024-11-12,LOC020
ORD0000797,CUS000089,2024-11-09 14:47:41,Delivered,3550.96,Pick up in store,890 Fuller Harbor Apt. 884,890 Fuller Harbor Apt. 884,PayPal,2024-11-11,LOC017
ORD0000798,CUS000057,2024-11-09 13:12:41,Delivered,5716.099999999999,Standard,647 Mcgee Manors,647 Mcgee Manors,PayPal,2024-11-12,LOC010
ORD0000799,CUS000074,2024-11-09 21:33:41,Delivered,5949.360000000001,Express,42549 Zavala Lakes Suite 652,42549 Zavala Lakes Suite 652,PayPal,2024-11-16,LOC007
ORD0000800,CUS000006,2024-11-10 02:41:41,Delivered,2094.4,Express,20878 Andersen Lock Suite 120,20878 Andersen Lock Suite 120,Credit Card,2024-11-12,LOC019
ORD0000801,CUS000013,2024-11-09 14:10:41,Delivered,3770.53,Pick up in store,54024 Miller Track Suite 763,54024 Miller Track Suite 763,Bank Transfer,2024-11-13,LOC007
ORD0000802,CUS000070,2024-11-09 20:59:41,Delivered,8002.74,Next Day,17993 Lee Cove Apt. 976,17993 Lee Cove Apt. 976,Credit Card,2024-11-15,LOC004
ORD0000803,CUS000083,2024-11-09 18:55:41,Delivered,261.78,Next Day,808 Joseph Center Suite 987,808 Joseph Center Suite 987,Credit Card,2024-11-16,LOC010
ORD0000804,CUS000033,2024-11-10 05:13:41,Delivered,3286.21,Express,32833 Harris Fall,32833 Harris Fall,Bank Transfer,2024-11-15,LOC002
ORD0000805,CUS000091,2024-11-10 08:56:41,Delivered,6520.54,Standard,7372 Marshall Haven,7372 Marshall Haven,Bank Transfer,2024-11-13,LOC009
ORD0000806,CUS000010,2024-11-10 01:19:41,Delivered,12569.64,Standard,386 Brian Gateway,386 Brian Gateway,Credit Card,2024-11-16,LOC009
ORD0000807,CUS000022,2024-11-10 05:59:41,Delivered,1268.58,Next Day,290 Hodges Pine,290 Hodges Pine,Bank Transfer,2024-11-16,LOC001
ORD0000808,CUS000053,2024-11-09 14:14:41,Delivered,5110.89,Standard,92512 Armstrong Station,92512 Armstrong Station,PayPal,2024-11-13,LOC008
ORD0000809,CUS000097,2024-11-10 01:57:41,Delivered,8497.210000000001,Express,728 Laurie Cape,728 Laurie Cape,Credit Card,2024-11-13,LOC005
ORD0000810,CUS000020,2024-11-09 14:28:41,Delivered,1033.07,Pick up in store,63649 Robinson Court,63649 Robinson Court,PayPal,2024-11-15,LOC014
ORD0000811,CUS000033,2024-11-09 20:48:41,Delivered,8983.289999999999,Express,32833 Harris Fall,32833 Harris Fall,Credit Card,2024-11-14,LOC010
ORD0000812,CUS000037,2024-11-10 06:15:41,Delivered,10936.91,Standard,536 Elizabeth Via,536 Elizabeth Via,Credit Card,2024-11-11,LOC010
ORD0000813,CUS000011,2024-11-09 21:19:41,Delivered,409.68,Standard,627 Carol Vista,627 Carol Vista,PayPal,2024-11-12,LOC008
ORD0000814,CUS000015,2024-11-10 11:32:41,Delivered,9459.72,Standard,943 Dawn Extension Apt. 032,943 Dawn Extension Apt. 032,Bank Transfer,2024-11-16,LOC006
ORD0000815,CUS000010,2024-11-11 09:15:41,Delivered,2218.98,Pick up in store,386 Brian Gateway,386 Brian Gateway,Bank Transfer,2024-11-18,LOC005
ORD0000816,CUS000044,2024-11-11 10:15:41,Delivered,2297.74,Pick up in store,28472 Anderson Bypass,28472 Anderson Bypass,Credit Card,2024-11-12,LOC001
ORD0000817,CUS000063,2024-11-11 06:35:41,Delivered,3014.8,Pick up in store,6888 Emily Underpass,6888 Emily Underpass,PayPal,2024-11-15,LOC007
ORD0000818,CUS000089,2024-11-10 22:15:41,Delivered,11034.77,Express,890 Fuller Harbor Apt. 884,890 Fuller Harbor Apt. 884,PayPal,2024-11-16,LOC003
ORD0000819,CUS000068,2024-11-10 22:56:41,Delivered,8069.47,Express,165 Walker Mill,165 Walker Mill,PayPal,2024-11-12,LOC008
ORD0000820,CUS000045,2024-11-11 08:22:41,Delivered,5135.34,Next Day,14062 Oliver Spurs,14062 Oliver Spurs,Bank Transfer,2024-11-17,LOC001
ORD0000821,CUS000069,2024-11-11 03:51:41,Delivered,692.24,Pick up in store,56017 Michelle Trace Apt. 592,56017 Michelle Trace Apt. 592,Credit Card,2024-11-16,LOC015
ORD0000822,CUS000062,2024-11-10 21:26:41,Delivered,1324.58,Standard,9634 Thomas Vista,9634 Thomas Vista,Bank Transfer,2024-11-12,LOC007
ORD0000823,CUS000080,2024-11-11 05:54:41,Delivered,1364.48,Pick up in store,84198 Mitchell Light,84198 Mitchell Light,Credit Card,2024-11-16,LOC013
ORD0000824,CUS000040,2024-11-10 11:51:41,Delivered,1611.6699999999998,Standard,9433 Jackie Key,9433 Jackie Key,PayPal,2024-11-14,LOC007
ORD0000825,CUS000041,2024-11-10 16:02:41,Delivered,2784.7200000000003,Next Day,312 Mathew Route Suite 835,312 Mathew Route Suite 835,Credit Card,2024-11-15,LOC018
ORD0000826,CUS000067,2024-11-10 20:35:41,Delivered,2389.9700000000003,Standard,4937 Brown Turnpike Suite 240,4937 Brown Turnpike Suite 240,Credit Card,2024-11-14,LOC016
ORD0000827,CUS000077,2024-11-11 09:06:41,Delivered,1423.42,Express,17316 Ashley Ridges Suite 345,17316 Ashley Ridges Suite 345,Credit Card,2024-11-17,LOC016
ORD0000828,CUS000053,2024-11-11 03:48:41,Delivered,3517.4400000000005,Express,92512 Armstrong Station,92512 Armstrong Station,PayPal,2024-11-13,LOC017
ORD0000829,CUS000070,2024-11-10 21:40:41,Delivered,3570.37,Standard,17993 Lee Cove Apt. 976,17993 Lee Cove Apt. 976,PayPal,2024-11-13,LOC008
ORD0000830,CUS000005,2024-11-10 23:29:41,Delivered,1576.41,Pick up in store,55835 Christopher Parkways Suite 486,55835 Christopher Parkways Suite 486,PayPal,2024-11-11,LOC006
ORD0000831,CUS000029,2024-11-11 03:42:41,Delivered,2627.3500000000004,Express,248 Schaefer Alley,248 Schaefer Alley,PayPal,2024-11-15,LOC013
ORD0000832,CUS000003,2024-11-10 12:10:41,Delivered,3719.83,Next Day,22024 Harrison Roads,22024 Harrison Roads,Bank Transfer,2024-11-15,LOC002
ORD0000833,CUS000091,2024-11-11 03:30:41,Delivered,7581.280000000001,Pick up in store,7372 Marshall Haven,7372 Marshall Haven,PayPal,2024-11-18,LOC017
ORD0000834,CUS000082,2024-11-10 20:52:41,Delivered,1209.3,Pick up in store,3913 Chambers Park Apt. 634,3913 Chambers Park Apt. 634,Credit Card,2024-11-16,LOC019
ORD0000835,CUS000096,2024-11-10 23:11:41,Delivered,475.26,Pick up in store,997 Debra Road,997 Debra Road,Bank Transfer,2024-11-11,LOC005
ORD0000836,CUS000007,2024-11-11 05:51:41,Delivered,2926.56,Pick up in store,64048 Golden Mount Suite 491,64048 Golden Mount Suite 491,Credit Card,2024-11-13,LOC006
ORD0000837,CUS000066,2024-11-10 14:49:41,Delivered,6941.2,Express,712 Andrew Ranch,712 Andrew Ranch,Credit Card,2024-11-15,LOC005
ORD0000838,CUS000050,2024-11-11 00:13:41,Delivered,9303.67,Next Day,739 Garcia Spur Apt. 819,739 Garcia Spur Apt. 819,PayPal,2024-11-18,LOC007
ORD0000839,CUS000019,2024-11-11 02:57:41,Delivered,5115.25,Express,3594 Long Wall Suite 248,3594 Long Wall Suite 248,PayPal,2024-11-17,LOC016
ORD0000840,CUS000028,2024-11-10 21:44:41,Delivered,4387.7,Next Day,4548 Rose Corner,4548 Rose Corner,Credit Card,2024-11-11,LOC011
ORD0000841,CUS000064,2024-11-10 21:45:41,Delivered,682.24,Standard,93926 Jason Common Suite 790,93926 Jason Common Suite 790,Bank Transfer,2024-11-17,LOC008
ORD0000842,CUS000006,2024-11-11 23:33:41,Delivered,3382.46,Next Day,20878 Andersen Lock Suite 120,20878 Andersen Lock Suite 120,Bank Transfer,2024-11-14,LOC006
ORD0000843,CUS000046,2024-11-12 09:39:41,Delivered,3207.88,Pick up in store,0384 Michelle Cape,0384 Michelle Cape,Credit Card,2024-11-14,LOC011
ORD0000844,CUS000061,2024-11-11 18:24:41,Delivered,4263.2300000000005,Standard,8595 Joshua Pine,8595 Joshua Pine,PayPal,2024-11-15,LOC018
ORD0000845,CUS000057,2024-11-11 23:16:41,Delivered,4725.2,Standard,647 Mcgee Manors,647 Mcgee Manors,PayPal,2024-11-17,LOC011
ORD0000846,CUS000041,2024-11-11 15:11:41,Delivered,4520.62,Next Day,312 Mathew Route Suite 835,312 Mathew Route Suite 835,Credit Card,2024-11-17,LOC011
ORD0000847,CUS000028,2024-11-12 08:21:41,Delivered,9420.550000000001,Standard,4548 Rose Corner,4548 Rose Corner,Bank Transfer,2024-11-18,LOC002
ORD0000848,CUS000044,2024-11-12 00:08:41,Delivered,5525.27,Express,28472 Anderson Bypass,28472 Anderson Bypass,PayPal,2024-11-17,LOC015
ORD0000849,CUS000045,2024-11-11 14:14:41,Delivered,4241.820000000001,Express,14062 Oliver Spurs,14062 Oliver Spurs,Credit Card,2024-11-12,LOC006
ORD0000850,CUS000020,2024-11-11 20:57:41,Delivered,1882.42,Next Day,63649 Robinson Court,63649 Robinson Court,Bank Transfer,2024-11-12,LOC002
ORD0000851,CUS000094,2024-11-11 15:48:41,Delivered,7890.45,Standard,91800 Tony Lights Suite 800,91800 Tony Lights Suite 800,Credit Card,2024-11-13,LOC002
ORD0000852,CUS000049,2024-11-12 09:50:41,Delivered,10335.509999999998,Pick up in store,8581 Katelyn Pike Apt. 739,8581 Katelyn Pike Apt. 739,PayPal,2024-11-16,LOC004
ORD0000853,CUS000070,2024-11-12 06:14:41,Delivered,1898.5,Express,17993 Lee Cove Apt. 976,17993 Lee Cove Apt. 976,Bank Transfer,2024-11-16,LOC019
ORD0000854,CUS000002,2024-11-11 21:51:41,Delivered,2900.1800000000003,Express,7944 Rich Turnpike,7944 Rich Turnpike,Bank Transfer,2024-11-12,LOC011
ORD0000855,CUS000054,2024-11-12 06:28:41,Delivered,5263.2,Express,00532 Matthew Fork Suite 143,00532 Matthew Fork Suite 143,Credit Card,2024-11-15,LOC002
ORD0000856,CUS000077,2024-11-12 05:50:41,Delivered,2681.28,Next Day,17316 Ashley Ridges Suite 345,17316 Ashley Ridges Suite 345,Credit Card,2024-11-13,LOC013
ORD0000857,CUS000086,2024-11-13 03:44:41,Delivered,785.3399999999999,Standard,023 Melissa Crossroad Apt. 855,023 Melissa Crossroad Apt. 855,Bank Transfer,2024-11-17,LOC002
ORD0000858,CUS000067,2024-11-13 08:10:41,Delivered,4972.02,Next Day,4937 Brown Turnpike Suite 240,4937 Brown Turnpike Suite 240,Bank Transfer,2024-11-16,LOC010
ORD0000859,CUS000085,2024-11-13 05:28:41,Delivered,748.0500000000001,Standard,65310 Smith Causeway,65310 Smith Causeway,Credit Card,2024-11-15,LOC007
ORD0000860,CUS000053,2024-11-12 23:56:41,Delivered,4685.1,Express,92512 Armstrong Station,92512 Armstrong Station,Credit Card,2024-11-14,LOC009
ORD0000861,CUS000075,2024-11-12 23:15:41,Delivered,1046.3799999999999,Standard,10585 Shaun Squares Suite 674,10585 Shaun Squares Suite 674,PayPal,2024-11-15,LOC003
ORD0000862,CUS000067,2024-11-12 22:19:41,Delivered,8454.470000000001,Next Day,4937 Brown Turnpike Suite 240,4937 Brown Turnpike Suite 240,PayPal,2024-11-14,LOC008
ORD0000863,CUS000021,2024-11-12 11:23:41,Delivered,947.52,Standard,873 Paul Lakes,873 Paul Lakes,PayPal,2024-11-18,LOC017
ORD0000864,CUS000095,2024-11-12 16:49:41,Delivered,748.0500000000001,Standard,1425 Williams Mountain,1425 Williams Mountain,PayPal,2024-11-17,LOC020
ORD0000865,CUS000076,2024-11-12 20:05:41,Delivered,6158.400000000001,Pick up in store,8996 Amanda Plaza,8996 Amanda Plaza,Credit Card,2024-11-17,LOC009
ORD0000866,CUS000074,2024-11-13 06:03:41,Delivered,4251.99,Pick up in store,42549 Zavala Lakes Suite 652,42549 Zavala Lakes Suite 652,PayPal,2024-11-18,LOC001
ORD0000867,CUS000099,2024-11-13 13:33:41,Delivered,1425.78,Pick up in store,385 Diana Mountain,385 Diana Mountain,Credit Card,2024-11-14,LOC011
ORD0000868,CUS000078,2024-11-13 23:30:41,Delivered,890.09,Standard,783 Hudson Mill Suite 171,783 Hudson Mill Suite 171,Bank Transfer,2024-11-15,LOC013
ORD0000869,CUS000078,2024-11-14 10:34:41,Delivered,3571.1899999999996,Standard,783 Hudson Mill Suite 171,783 Hudson Mill Suite 171,Credit Card,2024-11-17,LOC015
ORD0000870,CUS000091,2024-11-14 01:35:41,Delivered,8267.26,Standard,7372 Marshall Haven,7372 Marshall Haven,PayPal,2024-11-16,LOC013
ORD0000871,CUS000051,2024-11-13 12:15:41,Delivered,7686.030000000001,Pick up in store,563 Jones Fields Suite 934,563 Jones Fields Suite 934,PayPal,2024-11-17,LOC009
ORD0000872,CUS000093,2024-11-14 01:08:41,Delivered,6079.88,Pick up in store,443 Evans Pine Apt. 602,443 Evans Pine Apt. 602,Credit Card,2024-11-17,LOC015
ORD0000873,CUS000017,2024-11-14 02:01:41,Delivered,4215.9800000000005,Express,4207 Craig Causeway,4207 Craig Causeway,Credit Card,2024-11-20,LOC005
ORD0000874,CUS000084,2024-11-14 05:11:41,Delivered,4221.08,Express,3563 Ashley Wall Apt. 125,3563 Ashley Wall Apt. 125,Credit Card,2024-11-21,LOC017
ORD0000875,CUS000069,2024-11-14 05:17:41,Delivered,1691.7199999999998,Pick up in store,56017 Michelle Trace Apt. 592,56017 Michelle Trace Apt. 592,Credit Card,2024-11-16,LOC013
ORD0000876,CUS000060,2024-11-14 07:08:41,Delivered,5958.32,Pick up in store,50318 Kenneth Burg Suite 855,50318 Kenneth Burg Suite 855,Bank Transfer,2024-11-18,LOC005
ORD0000877,CUS000043,2024-11-13 15:51:41,Delivered,7653.47,Next Day,1002 John Row Apt. 424,1002 John Row Apt. 424,PayPal,2024-11-17,LOC007
ORD0000878,CUS000066,2024-11-14 00:37:41,Delivered,49.47,Standard,712 Andrew Ranch,712 Andrew Ranch,PayPal,2024-11-19,LOC019
ORD0000879,CUS000062,2024-11-13 17:08:41,Delivered,1210.33,Pick up in store,9634 Thomas Vista,9634 Thomas Vista,Credit Card,2024-11-14,LOC016
ORD0000880,CUS000018,2024-11-13 15:52:41,Delivered,11111.869999999999,Express,693 Kathryn Extension,693 Kathryn Extension,Credit Card,2024-11-18,LOC003
ORD0000881,CUS000088,2024-11-13 17:19:41,Delivered,2632.62,Next Day,50544 Penny Isle Suite 526,50544 Penny Isle Suite 526,Credit Card,2024-11-20,LOC018
ORD0000882,CUS000006,2024-11-13 19:39:41,Delivered,4608.1,Pick up in store,20878 Andersen Lock Suite 120,20878 Andersen Lock Suite 120,Credit Card,2024-11-15,LOC001
ORD0000883,CUS000091,2024-11-13 14:41:41,Delivered,7312.81,Next Day,7372 Marshall Haven,7372 Marshall Haven,Bank Transfer,2024-11-18,LOC015
ORD0000884,CUS000033,2024-11-13 22:34:41,Delivered,5680.3099999999995,Pick up in store,32833 Harris Fall,32833 Harris Fall,Bank Transfer,2024-11-15,LOC005
ORD0000885,CUS000027,2024-11-14 02:07:41,Delivered,5870.549999999999,Express,8148 John Course Suite 159,8148 John Course Suite 159,Bank Transfer,2024-11-16,LOC008
ORD0000886,CUS000065,2024-11-13 16:59:41,Delivered,3895.66,Next Day,0316 Wendy Club Apt. 476,0316 Wendy Club Apt. 476,Bank Transfer,2024-11-19,LOC016
ORD0000887,CUS000095,2024-11-13 12:00:41,Delivered,3663.2,Express,1425 Williams Mountain,1425 Williams Mountain,PayPal,2024-11-14,LOC006
ORD0000888,CUS000031,2024-11-13 15:55:41,Delivered,397.95,Standard,3219 Rodriguez Passage Suite 363,3219 Rodriguez Passage Suite 363,Bank Transfer,2024-11-14,LOC019
ORD0000889,CUS000055,2024-11-14 06:34:41,Delivered,6443.780000000001,Next Day,3345 Angela Lane Suite 782,3345 Angela Lane Suite 782,Credit Card,2024-11-21,LOC003
ORD0000890,CUS000015,2024-11-13 16:06:41,Delivered,1085.54,Standard,943 Dawn Extension Apt. 032,943 Dawn Extension Apt. 032,Bank Transfer,2024-11-18,LOC017
ORD0000891,CUS000022,2024-11-13 21:36:41,Delivered,8685.72,Next Day,290 Hodges Pine,290 Hodges Pine,PayPal,2024-11-19,LOC012
ORD0000892,CUS000070,2024-11-14 09:49:41,Delivered,2047.46,Express,17993 Lee Cove Apt. 976,17993 Lee Cove Apt. 976,Credit Card,2024-11-16,LOC008
ORD0000893,CUS000019,2024-11-13 16:51:41,Delivered,7990.54,Express,3594 Long Wall Suite 248,3594 Long Wall Suite 248,Bank Transfer,2024-11-19,LOC005
ORD0000894,CUS000018,2024-11-13 17:28:41,Delivered,7501.15,Express,693 Kathryn Extension,693 Kathryn Extension,PayPal,2024-11-14,LOC019
ORD0000895,CUS000020,2024-11-14 05:22:41,Delivered,5212.9400000000005,Next Day,63649 Robinson Court,63649 Robinson Court,Bank Transfer,2024-11-17,LOC019
ORD0000896,CUS000051,2024-11-14 10:18:41,Delivered,1971.5,Next Day,563 Jones Fields Suite 934,563 Jones Fields Suite 934,PayPal,2024-11-16,LOC005
ORD0000897,CUS000071,2024-11-14 19:52:41,Delivered,11045.98,Express,085 Aaron Crescent Apt. 676,085 Aaron Crescent Apt. 676,Bank Transfer,2024-11-20,LOC008
ORD0000898,CUS000069,2024-11-14 19:37:41,Delivered,4087.0,Next Day,56017 Michelle Trace Apt. 592,56017 Michelle Trace Apt. 592,PayPal,2024-11-18,LOC005
ORD0000899,CUS000013,2024-11-14 14:41:41,Delivered,5516.389999999999,Pick up in store,54024 Miller Track Suite 763,54024 Miller Track Suite 763,Credit Card,2024-11-16,LOC006
ORD0000900,CUS000058,2024-11-14 11:22:41,Delivered,3436.1900000000005,Pick up in store,6387 Susan Roads,6387 Susan Roads,PayPal,2024-11-20,LOC013
ORD0000901,CUS000060,2024-11-14 15:33:41,Delivered,5048.5599999999995,Express,50318 Kenneth Burg Suite 855,50318 Kenneth Burg Suite 855,Credit Card,2024-11-21,LOC009
ORD0000902,CUS000043,2024-11-14 20:38:41,Delivered,1150.08,Express,1002 John Row Apt. 424,1002 John Row Apt. 424,PayPal,2024-11-18,LOC019
ORD0000903,CUS000048,2024-11-15 06:06:41,Delivered,6866.71,Next Day,1997 Shelly Shore,1997 Shelly Shore,PayPal,2024-11-21,LOC017
ORD0000904,CUS000086,2024-11-15 08:23:41,Delivered,3062.9,Standard,023 Melissa Crossroad Apt. 855,023 Melissa Crossroad Apt. 855,Bank Transfer,2024-11-16,LOC004
ORD0000905,CUS000022,2024-11-14 13:43:41,Delivered,1140.68,Standard,290 Hodges Pine,290 Hodges Pine,PayPal,2024-11-17,LOC011
ORD0000906,CUS000099,2024-11-15 10:24:41,Delivered,385.04,Express,385 Diana Mountain,385 Diana Mountain,Credit Card,2024-11-20,LOC003
ORD0000907,CUS000019,2024-11-14 13:26:41,Delivered,5049.320000000001,Express,3594 Long Wall Suite 248,3594 Long Wall Suite 248,Bank Transfer,2024-11-15,LOC007
ORD0000908,CUS000055,2024-11-14 21:53:41,Delivered,3291.55,Express,3345 Angela Lane Suite 782,3345 Angela Lane Suite 782,Credit Card,2024-11-20,LOC011
ORD0000909,CUS000096,2024-11-15 02:12:41,Delivered,1848.09,Express,997 Debra Road,997 Debra Road,Credit Card,2024-11-20,LOC014
ORD0000910,CUS000052,2024-11-15 09:57:41,Delivered,1245.47,Express,28803 Kyle Island,28803 Kyle Island,PayPal,2024-11-16,LOC010
ORD0000911,CUS000015,2024-11-14 12:58:41,Delivered,4195.12,Standard,943 Dawn Extension Apt. 032,943 Dawn Extension Apt. 032,Bank Transfer,2024-11-19,LOC006
ORD0000912,CUS000078,2024-11-14 21:03:41,Delivered,8142.27,Next Day,783 Hudson Mill Suite 171,783 Hudson Mill Suite 171,Credit Card,2024-11-16,LOC011
ORD0000913,CUS000044,2024-11-15 02:41:41,Delivered,8948.980000000001,Standard,28472 Anderson Bypass,28472 Anderson Bypass,PayPal,2024-11-22,LOC012
ORD0000914,CUS000047,2024-11-14 15:51:41,Delivered,7061.219999999999,Express,46161 Ortega Fork Apt. 399,46161 Ortega Fork Apt. 399,Bank Transfer,2024-11-20,LOC003
ORD0000915,CUS000046,2024-11-14 19:21:41,Delivered,2376.1800000000003,Standard,0384 Michelle Cape,0384 Michelle Cape,PayPal,2024-11-21,LOC020
ORD0000916,CUS000028,2024-11-15 00:19:41,Delivered,503.52000000000004,Pick up in store,4548 Rose Corner,4548 Rose Corner,Credit Card,2024-11-22,LOC007
ORD0000917,CUS000047,2024-11-15 04:04:41,Delivered,4377.540000000001,Express,46161 Ortega Fork Apt. 399,46161 Ortega Fork Apt. 399,PayPal,2024-11-22,LOC009
ORD0000918,CUS000026,2024-11-14 19:59:41,Delivered,16.49,Pick up in store,305 Newton Bypass,305 Newton Bypass,Bank Transfer,2024-11-15,LOC011
ORD0000919,CUS000062,2024-11-16 10:21:41,Delivered,5129.91,Next Day,9634 Thomas Vista,9634 Thomas Vista,PayPal,2024-11-17,LOC010
ORD0000920,CUS000011,2024-11-15 23:44:41,Delivered,941.21,Express,627 Carol Vista,627 Carol Vista,Bank Transfer,2024-11-16,LOC006
ORD0000921,CUS000037,2024-11-16 03:36:41,Delivered,372.33,Standard,536 Elizabeth Via,536 Elizabeth Via,Credit Card,2024-11-21,LOC005
ORD0000922,CUS000094,2024-11-15 18:18:41,Delivered,3534.8199999999997,Standard,91800 Tony Lights Suite 800,91800 Tony Lights Suite 800,PayPal,2024-11-21,LOC012
ORD0000923,CUS000015,2024-11-16 03:42:41,Delivered,1903.24,Next Day,943 Dawn Extension Apt. 032,943 Dawn Extension Apt. 032,Bank Transfer,2024-11-22,LOC014
ORD0000924,CUS000039,2024-11-15 22:42:41,Delivered,888.1200000000001,Next Day,06077 Marcus Bypass,06077 Marcus Bypass,PayPal,2024-11-17,LOC017
ORD0000925,CUS000032,2024-11-15 14:19:41,Delivered,9804.15,Pick up in store,57334 Cooper Island,57334 Cooper Island,Bank Transfer,2024-11-22,LOC016
ORD0000926,CUS000004,2024-11-15 11:48:41,Delivered,2190.84,Pick up in store,86781 Webb Tunnel Apt. 880,86781 Webb Tunnel Apt. 880,Bank Transfer,2024-11-17,LOC019
ORD0000927,CUS000053,2024-11-16 03:57:41,Delivered,994.4,Express,92512 Armstrong Station,92512 Armstrong Station,Credit Card,2024-11-17,LOC007
ORD0000928,CUS000078,2024-11-16 04:12:41,Delivered,8418.9,Express,783 Hudson Mill Suite 171,783 Hudson Mill Suite 171,Credit Card,2024-11-22,LOC015
ORD0000929,CUS000099,2024-11-15 13:11:41,Delivered,2611.04,Standard,385 Diana Mountain,385 Diana Mountain,Credit Card,2024-11-22,LOC012
ORD0000930,CUS000069,2024-11-15 22:31:41,Delivered,4755.900000000001,Pick up in store,56017 Michelle Trace Apt. 592,56017 Michelle Trace Apt. 592,PayPal,2024-11-22,LOC013
ORD0000931,CUS000051,2024-11-15 23:29:41,Delivered,1891.22,Next Day,563 Jones Fields Suite 934,563 Jones Fields Suite 934,Credit Card,2024-11-20,LOC011
ORD0000932,CUS000083,2024-11-17 03:44:41,Delivered,2890.28,Next Day,808 Joseph Center Suite 987,808 Joseph Center Suite 987,Bank Transfer,2024-11-18,LOC003
ORD0000933,CUS000001,2024-11-16 20:37:41,Delivered,9201.5,Pick up in store,45447 Ryan Springs Suite 790,45447 Ryan Springs Suite 790,Credit Card,2024-11-19,LOC003
ORD0000934,CUS000069,2024-11-17 01:35:41,Delivered,1423.42,Standard,56017 Michelle Trace Apt. 592,56017 Michelle Trace Apt. 592,Bank Transfer,2024-11-20,LOC001
ORD0000935,CUS000084,2024-11-16 13:30:41,Delivered,62.2,Standard,3563 Ashley Wall Apt. 125,3563 Ashley Wall Apt. 125,Credit Card,2024-11-17,LOC005
ORD0000936,CUS000040,2024-11-16 21:39:41,Delivered,1944.8799999999999,Standard,9433 Jackie Key,9433 Jackie Key,Credit Card,2024-11-21,LOC011
ORD0000937,CUS000010,2024-11-17 00:19:41,Delivered,1819.62,Next Day,386 Brian Gateway,386 Brian Gateway,Credit Card,2024-11-22,LOC011
ORD0000938,CUS000012,2024-11-16 21:56:41,Delivered,5061.64,Pick up in store,753 Powell Manor Suite 888,753 Powell Manor Suite 888,PayPal,2024-11-20,LOC015
ORD0000939,CUS000029,2024-11-16 21:18:41,Delivered,496.44,Standard,248 Schaefer Alley,248 Schaefer Alley,Credit Card,2024-11-20,LOC014
ORD0000940,CUS000049,2024-11-16 18:49:41,Delivered,1229.04,Pick up in store,8581 Katelyn Pike Apt. 739,8581 Katelyn Pike Apt. 739,Credit Card,2024-11-20,LOC005
ORD0000941,CUS000017,2024-11-17 06:27:41,Delivered,9355.97,Pick up in store,4207 Craig Causeway,4207 Craig Causeway,Bank Transfer,2024-11-22,LOC019
ORD0000942,CUS000066,2024-11-17 07:28:41,Delivered,5891.32,Express,712 Andrew Ranch,712 Andrew Ranch,Bank Transfer,2024-11-23,LOC017
ORD0000943,CUS000080,2024-11-17 04:13:41,Delivered,2155.16,Standard,84198 Mitchell Light,84198 Mitchell Light,PayPal,2024-11-23,LOC004
ORD0000944,CUS000085,2024-11-17 01:16:41,Delivered,3397.14,Pick up in store,65310 Smith Causeway,65310 Smith Causeway,Credit Card,2024-11-20,LOC012
ORD0000945,CUS000008,2024-11-16 20:33:41,Delivered,7866.780000000001,Next Day,949 Mueller Mission,949 Mueller Mission,Credit Card,2024-11-22,LOC002
ORD0000946,CUS000056,2024-11-16 17:24:41,Delivered,6308.880000000001,Standard,5399 Pierce Gardens Suite 720,5399 Pierce Gardens Suite 720,Bank Transfer,2024-11-23,LOC002
ORD0000947,CUS000060,2024-11-16 11:17:41,Delivered,5307.68,Standard,50318 Kenneth Burg Suite 855,50318 Kenneth Burg Suite 855,Credit Card,2024-11-19,LOC010
ORD0000948,CUS000088,2024-11-18 06:32:41,Delivered,6395.660000000001,Next Day,50544 Penny Isle Suite 526,50544 Penny Isle Suite 526,Bank Transfer,2024-11-25,LOC004
ORD0000949,CUS000093,2024-11-18 08:52:41,Delivered,763.1899999999999,Standard,443 Evans Pine Apt. 602,443 Evans Pine Apt. 602,Credit Card,2024-11-20,LOC007
ORD0000950,CUS000023,2024-11-18 06:51:41,Delivered,8407.02,Standard,245 Hall Cove,245 Hall Cove,Credit Card,2024-11-21,LOC015
ORD0000951,CUS000006,2024-11-17 15:21:41,Delivered,11436.86,Pick up in store,20878 Andersen Lock Suite 120,20878 Andersen Lock Suite 120,Bank Transfer,2024-11-22,LOC019
ORD0000952,CUS000021,2024-11-17 14:47:41,Delivered,1013.09,Standard,873 Paul Lakes,873 Paul Lakes,PayPal,2024-11-24,LOC015
ORD0000953,CUS000040,2024-11-17 17:51:41,Delivered,4222.97,Express,9433 Jackie Key,9433 Jackie Key,Bank Transfer,2024-11-22,LOC012
ORD0000954,CUS000039,2024-11-17 14:42:41,Delivered,6822.23,Next Day,06077 Marcus Bypass,06077 Marcus Bypass,PayPal,2024-11-18,LOC016
ORD0000955,CUS000075,2024-11-18 03:51:41,Delivered,2368.8,Pick up in store,10585 Shaun Squares Suite 674,10585 Shaun Squares Suite 674,Credit Card,2024-11-23,LOC007
ORD0000956,CUS000086,2024-11-17 12:49:41,Delivered,5175.87,Standard,023 Melissa Crossroad Apt. 855,023 Melissa Crossroad Apt. 855,Credit Card,2024-11-19,LOC004
ORD0000957,CUS000046,2024-11-18 01:50:41,Delivered,6920.150000000001,Express,0384 Michelle Cape,0384 Michelle Cape,PayPal,2024-11-24,LOC014
ORD0000958,CUS000032,2024-11-17 22:52:41,Delivered,6216.37,Standard,57334 Cooper Island,57334 Cooper Island,PayPal,2024-11-21,LOC014
ORD0000959,CUS000079,2024-11-17 13:56:41,Delivered,446.01,Pick up in store,34676 Chan Brooks,34676 Chan Brooks,Bank Transfer,2024-11-23,LOC012
ORD0000960,CUS000048,2024-11-18 08:17:41,Delivered,7195.630000000001,Pick up in store,1997 Shelly Shore,1997 Shelly Shore,PayPal,2024-11-21,LOC009
ORD0000961,CUS000056,2024-11-17 17:05:41,Delivered,1244.73,Standard,5399 Pierce Gardens Suite 720,5399 Pierce Gardens Suite 720,Bank Transfer,2024-11-21,LOC010
ORD0000962,CUS000020,2024-11-18 06:21:41,Delivered,490.84,Next Day,63649 Robinson Court,63649 Robinson Court,Bank Transfer,2024-11-23,LOC005
ORD0000963,CUS000078,2024-11-18 08:08:41,Delivered,5715.970000000001,Next Day,783 Hudson Mill Suite 171,783 Hudson Mill Suite 171,Credit Card,2024-11-22,LOC006
ORD0000964,CUS000068,2024-11-17 12:31:41,Delivered,2405.58,Next Day,165 Walker Mill,165 Walker Mill,Bank Transfer,2024-11-24,LOC016
ORD0000965,CUS000012,2024-11-17 12:53:41,Delivered,6424.459999999999,Express,753 Powell Manor Suite 888,753 Powell Manor Suite 888,Credit Card,2024-11-20,LOC007
ORD0000966,CUS000020,2024-11-18 03:53:41,Delivered,8953.04,Standard,63649 Robinson Court,63649 Robinson Court,Credit Card,2024-11-23,LOC017
ORD0000967,CUS000002,2024-11-19 08:03:41,Delivered,3622.97,Next Day,7944 Rich Turnpike,7944 Rich Turnpike,Credit Card,2024-11-25,LOC002
ORD0000968,CUS000073,2024-11-18 14:21:41,Delivered,6151.73,Express,598 Smith Mission Suite 623,598 Smith Mission Suite 623,Credit Card,2024-11-21,LOC010
ORD0000969,CUS000089,2024-11-18 18:31:41,Delivered,2913.46,Express,890 Fuller Harbor Apt. 884,890 Fuller Harbor Apt. 884,Credit Card,2024-11-21,LOC008
ORD0000970,CUS000077,2024-11-19 10:06:41,Delivered,1812.16,Express,17316 Ashley Ridges Suite 345,17316 Ashley Ridges Suite 345,PayPal,2024-11-20,LOC006
ORD0000971,CUS000013,2024-11-19 01:13:41,Delivered,368.13,Next Day,54024 Miller Track Suite 763,54024 Miller Track Suite 763,Bank Transfer,2024-11-20,LOC007
ORD0000972,CUS000073,2024-11-18 14:51:41,Delivered,7650.51,Pick up in store,598 Smith Mission Suite 623,598 Smith Mission Suite 623,PayPal,2024-11-23,LOC005
ORD0000973,CUS000094,2024-11-18 21:29:41,Delivered,10691.21,Express,91800 Tony Lights Suite 800,91800 Tony Lights Suite 800,PayPal,2024-11-24,LOC002
ORD0000974,CUS000050,2024-11-19 03:10:41,Delivered,5513.62,Express,739 Garcia Spur Apt. 819,739 Garcia Spur Apt. 819,Credit Card,2024-11-26,LOC006
ORD0000975,CUS000050,2024-11-18 21:51:41,Delivered,7678.25,Express,739 Garcia Spur Apt. 819,739 Garcia Spur Apt. 819,Bank Transfer,2024-11-21,LOC012
ORD0000976,CUS000088,2024-11-18 18:15:41,Delivered,4353.4800000000005,Standard,50544 Penny Isle Suite 526,50544 Penny Isle Suite 526,Bank Transfer,2024-11-24,LOC004
ORD0000977,CUS000084,2024-11-19 03:04:41,Delivered,4338.51,Standard,3563 Ashley Wall Apt. 125,3563 Ashley Wall Apt. 125,Bank Transfer,2024-11-23,LOC008
ORD0000978,CUS000074,2024-11-18 23:20:41,Delivered,11619.18,Next Day,42549 Zavala Lakes Suite 652,42549 Zavala Lakes Suite 652,Bank Transfer,2024-11-21,LOC015
ORD0000979,CUS000030,2024-11-18 19:10:41,Delivered,3426.67,Pick up in store,56818 Wright Drives,56818 Wright Drives,Bank Transfer,2024-11-21,LOC011
ORD0000980,CUS000100,2024-11-18 18:10:41,Delivered,14525.85,Pick up in store,14536 Holly Trail,14536 Holly Trail,Bank Transfer,2024-11-22,LOC002
ORD0000981,CUS000005,2024-11-19 17:34:41,Delivered,3144.35,Next Day,55835 Christopher Parkways Suite 486,55835 Christopher Parkways Suite 486,PayPal,2024-11-23,LOC003
ORD0000982,CUS000025,2024-11-19 20:55:41,Delivered,2174.8500000000004,Standard,554 Phillips Spring,554 Phillips Spring,PayPal,2024-11-25,LOC002
ORD0000983,CUS000066,2024-11-19 20:32:41,Delivered,928.24,Next Day,712 Andrew Ranch,712 Andrew Ranch,Credit Card,2024-11-22,LOC013
ORD0000984,CUS000082,2024-11-19 18:05:41,Delivered,3165.39,Express,3913 Chambers Park Apt. 634,3913 Chambers Park Apt. 634,PayPal,2024-11-24,LOC015
ORD0000985,CUS000081,2024-11-20 07:07:41,Delivered,4577.6,Standard,335 Kyle Crescent Apt. 760,335 Kyle Crescent Apt. 760,PayPal,2024-11-22,LOC012
ORD0000986,CUS000098,2024-11-19 17:12:41,Delivered,6177.01,Express,4693 Ashley Centers,4693 Ashley Centers,PayPal,2024-11-20,LOC010
ORD0000987,CUS000035,2024-11-19 14:36:41,Delivered,2380.85,Pick up in store,0435 Mullins Canyon,0435 Mullins Canyon,Bank Transfer,2024-11-26,LOC001
ORD0000988,CUS000020,2024-11-19 13:02:41,Delivered,6715.68,Next Day,63649 Robinson Court,63649 Robinson Court,Bank Transfer,2024-11-21,LOC005
ORD0000989,CUS000063,2024-11-20 05:07:41,Delivered,3496.6000000000004,Pick up in store,6888 Emily Underpass,6888 Emily Underpass,PayPal,2024-11-21,LOC007
ORD0000990,CUS000090,2024-11-19 21:29:41,Delivered,2425.2,Standard,9210 Morris Turnpike Suite 212,9210 Morris Turnpike Suite 212,PayPal,2024-11-21,LOC005
ORD0000991,CUS000082,2024-11-20 02:59:41,Delivered,4055.96,Standard,3913 Chambers Park Apt. 634,3913 Chambers Park Apt. 634,Credit Card,2024-11-24,LOC014
ORD0000992,CUS000014,2024-11-19 12:41:41,Delivered,606.3,Next Day,240 Lewis Park,240 Lewis Park,Credit Card,2024-11-22,LOC001
ORD0000993,CUS000049,2024-11-20 00:33:41,Delivered,2588.51,Standard,8581 Katelyn Pike Apt. 739,8581 Katelyn Pike Apt. 739,Bank Transfer,2024-11-23,LOC006
ORD0000994,CUS000099,2024-11-19 21:50:41,Delivered,4692.34,Standard,385 Diana Mountain,385 Diana Mountain,Bank Transfer,2024-11-21,LOC006
ORD0000995,CUS000098,2024-11-19 14:39:41,Delivered,274.71,Pick up in store,4693 Ashley Centers,4693 Ashley Centers,Bank Transfer,2024-11-21,LOC010
ORD0000996,CUS000033,2024-11-20 09:36:41,Delivered,4496.92,Express,32833 Harris Fall,32833 Harris Fall,PayPal,2024-11-22,LOC001
ORD0000997,CUS000081,2024-11-20 08:57:41,Delivered,6246.29,Next Day,335 Kyle Crescent Apt. 760,335 Kyle Crescent Apt. 760,Credit Card,2024-11-22,LOC014
ORD0000998,CUS000032,2024-11-19 18:20:41,Delivered,4576.349999999999,Standard,57334 Cooper Island,57334 Cooper Island,Credit Card,2024-11-21,LOC017
ORD0000999,CUS000077,2024-11-20 08:28:41,Delivered,6106.370000000001,Standard,17316 Ashley Ridges Suite 345,17316 Ashley Ridges Suite 345,Credit Card,2024-11-23,LOC008
ORD0001000,CUS000078,2024-11-20 02:50:41,Delivered,73.02,Next Day,783 Hudson Mill Suite 171,783 Hudson Mill Suite 171,Credit Card,2024-11-24,LOC006
ORD0001001,CUS000084,2024-11-19 13:07:41,Delivered,1587.49,Standard,3563 Ashley Wall Apt. 125,3563 Ashley Wall Apt. 125,Credit Card,2024-11-26,LOC017
ORD0001002,CUS000085,2024-11-19 19:13:41,Delivered,6643.950000000001,Next Day,65310 Smith Causeway,65310 Smith Causeway,PayPal,2024-11-20,LOC015
ORD0001003,CUS000095,2024-11-20 09:25:41,Delivered,1050.94,Next Day,1425 Williams Mountain,1425 Williams Mountain,PayPal,2024-11-27,LOC001
ORD0001004,CUS000031,2024-11-19 13:03:41,Delivered,4785.66,Standard,3219 Rodriguez Passage Suite 363,3219 Rodriguez Passage Suite 363,Credit Card,2024-11-22,LOC009
ORD0001005,CUS000066,2024-11-20 05:06:41,Delivered,9303.990000000002,Pick up in store,712 Andrew Ranch,712 Andrew Ranch,Credit Card,2024-11-22,LOC012
ORD0001006,CUS000084,2024-11-19 20:59:41,Delivered,4377.07,Express,3563 Ashley Wall Apt. 125,3563 Ashley Wall Apt. 125,Bank Transfer,2024-11-26,LOC003
ORD0001007,CUS000100,2024-11-20 08:22:41,Delivered,4354.06,Pick up in store,14536 Holly Trail,14536 Holly Trail,Credit Card,2024-11-27,LOC017
ORD0001008,CUS000080,2024-11-19 15:01:41,Delivered,8312.69,Express,84198 Mitchell Light,84198 Mitchell Light,Bank Transfer,2024-11-23,LOC020
ORD0001009,CUS000077,2024-11-20 07:14:41,Delivered,6509.9400000000005,Express,17316 Ashley Ridges Suite 345,17316 Ashley Ridges Suite 345,Credit Card,2024-11-26,LOC002
ORD0001010,CUS000025,2024-11-20 09:28:41,Delivered,2125.3,Next Day,554 Phillips Spring,554 Phillips Spring,PayPal,2024-11-26,LOC012
ORD0001011,CUS000063,2024-11-21 03:16:41,Delivered,3356.09,Standard,6888 Emily Underpass,6888 Emily Underpass,Credit Card,2024-11-26,LOC014
ORD0001012,CUS000087,2024-11-20 14:19:41,Delivered,5174.0599999999995,Pick up in store,99137 Scott Streets Suite 891,99137 Scott Streets Suite 891,PayPal,2024-11-21,LOC019
ORD0001013,CUS000080,2024-11-21 00:39:41,Delivered,3000.75,Next Day,84198 Mitchell Light,84198 Mitchell Light,Bank Transfer,2024-11-23,LOC003
ORD0001014,CUS000067,2024-11-20 14:43:41,Delivered,4900.88,Next Day,4937 Brown Turnpike Suite 240,4937 Brown Turnpike Suite 240,PayPal,2024-11-27,LOC011
ORD0001015,CUS000064,2024-11-20 14:31:41,Delivered,2601.5499999999997,Express,93926 Jason Common Suite 790,93926 Jason Common Suite 790,Credit Card,2024-11-25,LOC004
ORD0001016,CUS000094,2024-11-20 17:16:41,Delivered,692.72,Pick up in store,91800 Tony Lights Suite 800,91800 Tony Lights Suite 800,Bank Transfer,2024-11-23,LOC007
ORD0001017,CUS000015,2024-11-21 03:02:41,Delivered,3570.54,Pick up in store,943 Dawn Extension Apt. 032,943 Dawn Extension Apt. 032,Bank Transfer,2024-11-23,LOC005
ORD0001018,CUS000060,2024-11-21 06:05:41,Delivered,5206.88,Next Day,50318 Kenneth Burg Suite 855,50318 Kenneth Burg Suite 855,Bank Transfer,2024-11-22,LOC016
ORD0001019,CUS000063,2024-11-20 17:26:41,Delivered,10407.52,Express,6888 Emily Underpass,6888 Emily Underpass,Bank Transfer,2024-11-24,LOC011
ORD0001020,CUS000040,2024-11-20 21:41:41,Delivered,1849.0,Express,9433 Jackie Key,9433 Jackie Key,Credit Card,2024-11-27,LOC008
ORD0001021,CUS000037,2024-11-21 00:01:41,Delivered,2612.11,Pick up in store,536 Elizabeth Via,536 Elizabeth Via,Bank Transfer,2024-11-28,LOC012
ORD0001022,CUS000089,2024-11-20 13:40:41,Delivered,5102.849999999999,Pick up in store,890 Fuller Harbor Apt. 884,890 Fuller Harbor Apt. 884,PayPal,2024-11-21,LOC018
ORD0001023,CUS000077,2024-11-21 07:49:41,Delivered,4846.93,Next Day,17316 Ashley Ridges Suite 345,17316 Ashley Ridges Suite 345,PayPal,2024-11-25,LOC003
ORD0001024,CUS000075,2024-11-21 08:10:41,Delivered,6259.68,Pick up in store,10585 Shaun Squares Suite 674,10585 Shaun Squares Suite 674,Credit Card,2024-11-24,LOC001
ORD0001025,CUS000044,2024-11-20 22:03:41,Delivered,2540.88,Pick up in store,28472 Anderson Bypass,28472 Anderson Bypass,Bank Transfer,2024-11-23,LOC005
ORD0001026,CUS000080,2024-11-20 15:55:41,Delivered,2109.92,Next Day,84198 Mitchell Light,84198 Mitchell Light,PayPal,2024-11-24,LOC003
ORD0001027,CUS000014,2024-11-20 14:25:41,Delivered,580.21,Pick up in store,240 Lewis Park,240 Lewis Park,PayPal,2024-11-24,LOC007
ORD0001028,CUS000012,2024-11-20 22:01:41,Delivered,6838.280000000001,Pick up in store,753 Powell Manor Suite 888,753 Powell Manor Suite 888,Bank Transfer,2024-11-25,LOC012
ORD0001029,CUS000020,2024-11-20 15:34:41,Delivered,1373.55,Express,63649 Robinson Court,63649 Robinson Court,PayPal,2024-11-24,LOC011
ORD0001030,CUS000097,2024-11-21 01:28:41,Delivered,949.25,Next Day,728 Laurie Cape,728 Laurie Cape,Credit Card,2024-11-28,LOC019
ORD0001031,CUS000049,2024-11-20 11:56:41,Delivered,4852.67,Pick up in store,8581 Katelyn Pike Apt. 739,8581 Katelyn Pike Apt. 739,PayPal,2024-11-25,LOC005
ORD0001032,CUS000056,2024-11-21 08:41:41,Delivered,8212.17,Next Day,5399 Pierce Gardens Suite 720,5399 Pierce Gardens Suite 720,Credit Card,2024-11-28,LOC018
ORD0001033,CUS000078,2024-11-21 08:29:41,Delivered,11330.82,Express,783 Hudson Mill Suite 171,783 Hudson Mill Suite 171,PayPal,2024-11-24,LOC011
ORD0001034,CUS000020,2024-11-20 14:25:41,Delivered,2445.98,Standard,63649 Robinson Court,63649 Robinson Court,Credit Card,2024-11-27,LOC008
ORD0001035,CUS000023,2024-11-20 18:46:41,Delivered,7202.110000000001,Pick up in store,245 Hall Cove,245 Hall Cove,PayPal,2024-11-21,LOC008
ORD0001036,CUS000037,2024-11-21 04:56:41,Delivered,6923.219999999999,Standard,536 Elizabeth Via,536 Elizabeth Via,PayPal,2024-11-24,LOC018
ORD0001037,CUS000065,2024-11-21 03:46:41,Delivered,4770.28,Pick up in store,0316 Wendy Club Apt. 476,0316 Wendy Club Apt. 476,Bank Transfer,2024-11-26,LOC011
ORD0001038,CUS000060,2024-11-21 08:22:41,Delivered,2400.9300000000003,Next Day,50318 Kenneth Burg Suite 855,50318 Kenneth Burg Suite 855,PayPal,2024-11-28,LOC002
ORD0001039,CUS000060,2024-11-20 23:55:41,Delivered,2993.42,Standard,50318 Kenneth Burg Suite 855,50318 Kenneth Burg Suite 855,PayPal,2024-11-23,LOC003
ORD0001040,CUS000076,2024-11-21 08:10:41,Delivered,9706.79,Express,8996 Amanda Plaza,8996 Amanda Plaza,Bank Transfer,2024-11-27,LOC005
ORD0001041,CUS000051,2024-11-21 22:13:41,Delivered,2409.0299999999997,Pick up in store,563 Jones Fields Suite 934,563 Jones Fields Suite 934,PayPal,2024-11-23,LOC004
ORD0001042,CUS000098,2024-11-22 08:20:41,Delivered,812.3000000000001,Express,4693 Ashley Centers,4693 Ashley Centers,Credit Card,2024-11-23,LOC016
ORD0001043,CUS000089,2024-11-21 22:47:41,Delivered,6688.83,Express,890 Fuller Harbor Apt. 884,890 Fuller Harbor Apt. 884,Credit Card,2024-11-27,LOC011
ORD0001044,CUS000049,2024-11-21 20:48:41,Delivered,2304.3999999999996,Express,8581 Katelyn Pike Apt. 739,8581 Katelyn Pike Apt. 739,Bank Transfer,2024-11-28,LOC019
ORD0001045,CUS000097,2024-11-21 15:02:41,Delivered,3848.79,Next Day,728 Laurie Cape,728 Laurie Cape,PayPal,2024-11-28,LOC002
ORD0001046,CUS000015,2024-11-21 20:13:41,Delivered,5058.04,Pick up in store,943 Dawn Extension Apt. 032,943 Dawn Extension Apt. 032,Bank Transfer,2024-11-24,LOC020
ORD0001047,CUS000044,2024-11-22 01:43:41,Delivered,5063.35,Express,28472 Anderson Bypass,28472 Anderson Bypass,Credit Card,2024-11-28,LOC005
ORD0001048,CUS000050,2024-11-22 08:09:41,Delivered,6062.52,Next Day,739 Garcia Spur Apt. 819,739 Garcia Spur Apt. 819,Bank Transfer,2024-11-27,LOC009
ORD0001049,CUS000069,2024-11-22 10:42:41,Delivered,135.37,Pick up in store,56017 Michelle Trace Apt. 592,56017 Michelle Trace Apt. 592,Bank Transfer,2024-11-23,LOC020
ORD0001050,CUS000020,2024-11-22 08:00:41,Delivered,3672.45,Pick up in store,63649 Robinson Court,63649 Robinson Court,PayPal,2024-11-25,LOC017
ORD0001051,CUS000002,2024-11-22 17:15:41,Delivered,5444.33,Next Day,7944 Rich Turnpike,7944 Rich Turnpike,Bank Transfer,2024-11-24,LOC003
ORD0001052,CUS000026,2024-11-23 08:19:41,Delivered,2934.9300000000003,Express,305 Newton Bypass,305 Newton Bypass,Bank Transfer,2024-11-24,LOC002
ORD0001053,CUS000081,2024-11-23 05:15:41,Delivered,3552.74,Express,335 Kyle Crescent Apt. 760,335 Kyle Crescent Apt. 760,Credit Card,2024-11-28,LOC004
ORD0001054,CUS000077,2024-11-23 06:32:41,Delivered,5237.93,Pick up in store,17316 Ashley Ridges Suite 345,17316 Ashley Ridges Suite 345,Credit Card,2024-11-30,LOC007
ORD0001055,CUS000080,2024-11-22 17:16:41,Delivered,909.58,Standard,84198 Mitchell Light,84198 Mitchell Light,PayPal,2024-11-28,LOC009
ORD0001056,CUS000053,2024-11-22 20:26:41,Delivered,5159.1,Standard,92512 Armstrong Station,92512 Armstrong Station,PayPal,2024-11-29,LOC019
ORD0001057,CUS000071,2024-11-22 12:12:41,Delivered,5276.83,Next Day,085 Aaron Crescent Apt. 676,085 Aaron Crescent Apt. 676,PayPal,2024-11-24,LOC007
ORD0001058,CUS000008,2024-11-23 02:56:41,Delivered,712.05,Standard,949 Mueller Mission,949 Mueller Mission,Bank Transfer,2024-11-25,LOC018
ORD0001059,CUS000097,2024-11-23 10:46:41,Delivered,9970.57,Standard,728 Laurie Cape,728 Laurie Cape,PayPal,2024-11-30,LOC011
ORD0001060,CUS000055,2024-11-23 05:43:41,Delivered,6295.82,Standard,3345 Angela Lane Suite 782,3345 Angela Lane Suite 782,PayPal,2024-11-30,LOC009
ORD0001061,CUS000083,2024-11-23 08:44:41,Delivered,837.84,Pick up in store,808 Joseph Center Suite 987,808 Joseph Center Suite 987,Credit Card,2024-11-30,LOC016
ORD0001062,CUS000071,2024-11-22 22:08:41,Delivered,5277.57,Standard,085 Aaron Crescent Apt. 676,085 Aaron Crescent Apt. 676,Bank Transfer,2024-11-27,LOC018
ORD0001063,CUS000056,2024-11-23 08:57:41,Delivered,4474.48,Express,5399 Pierce Gardens Suite 720,5399 Pierce Gardens Suite 720,Credit Card,2024-11-25,LOC015
ORD0001064,CUS000049,2024-11-23 09:27:41,Delivered,5409.12,Express,8581 Katelyn Pike Apt. 739,8581 Katelyn Pike Apt. 739,Bank Transfer,2024-11-29,LOC003
ORD0001065,CUS000091,2024-11-22 11:54:41,Delivered,14572.58,Standard,7372 Marshall Haven,7372 Marshall Haven,Credit Card,2024-11-24,LOC016
ORD0001066,CUS000022,2024-11-23 01:03:41,Delivered,9833.859999999997,Standard,290 Hodges Pine,290 Hodges Pine,Bank Transfer,2024-11-24,LOC003
ORD0001067,CUS000065,2024-11-24 00:30:41,Delivered,5955.59,Standard,0316 Wendy Club Apt. 476,0316 Wendy Club Apt. 476,PayPal,2024-11-27,LOC004
ORD0001068,CUS000073,2024-11-24 01:22:41,Delivered,4406.9,Express,598 Smith Mission Suite 623,598 Smith Mission Suite 623,Credit Card,2024-11-28,LOC009
ORD0001069,CUS000097,2024-11-23 17:32:41,Delivered,10605.43,Express,728 Laurie Cape,728 Laurie Cape,Credit Card,2024-11-25,LOC007
ORD0001070,CUS000089,2024-11-23 21:11:41,Delivered,1461.62,Pick up in store,890 Fuller Harbor Apt. 884,890 Fuller Harbor Apt. 884,PayPal,2024-11-30,LOC002
ORD0001071,CUS000063,2024-11-23 15:25:41,Delivered,6904.83,Next Day,6888 Emily Underpass,6888 Emily Underpass,Credit Card,2024-11-28,LOC004
ORD0001072,CUS000001,2024-11-23 21:03:41,Delivered,5239.7,Standard,45447 Ryan Springs Suite 790,45447 Ryan Springs Suite 790,Bank Transfer,2024-11-24,LOC017
ORD0001073,CUS000064,2024-11-24 10:41:41,Delivered,5688.26,Standard,93926 Jason Common Suite 790,93926 Jason Common Suite 790,PayPal,2024-11-29,LOC002
ORD0001074,CUS000029,2024-11-23 23:48:41,Delivered,7029.68,Next Day,248 Schaefer Alley,248 Schaefer Alley,Bank Transfer,2024-11-25,LOC003
ORD0001075,CUS000091,2024-11-24 09:08:41,Delivered,183.93,Express,7372 Marshall Haven,7372 Marshall Haven,Bank Transfer,2024-11-30,LOC003
ORD0001076,CUS000014,2024-11-23 11:54:41,Delivered,3498.26,Express,240 Lewis Park,240 Lewis Park,Credit Card,2024-11-26,LOC016
ORD0001077,CUS000016,2024-11-23 12:40:41,Delivered,2173.83,Next Day,517 Lester Brook,517 Lester Brook,PayPal,2024-11-24,LOC014
ORD0001078,CUS000074,2024-11-23 14:00:41,Delivered,3259.92,Pick up in store,42549 Zavala Lakes Suite 652,42549 Zavala Lakes Suite 652,Credit Card,2024-11-30,LOC020
ORD0001079,CUS000046,2024-11-24 18:40:41,Delivered,2913.25,Next Day,0384 Michelle Cape,0384 Michelle Cape,Bank Transfer,2024-11-25,LOC009
ORD0001080,CUS000033,2024-11-24 21:03:41,Delivered,695.39,Next Day,32833 Harris Fall,32833 Harris Fall,PayPal,2024-11-25,LOC008
ORD0001081,CUS000026,2024-11-25 06:54:41,Delivered,7882.650000000001,Pick up in store,305 Newton Bypass,305 Newton Bypass,PayPal,2024-11-30,LOC014
ORD0001082,CUS000100,2024-11-24 14:01:41,Delivered,8932.18,Express,14536 Holly Trail,14536 Holly Trail,Credit Card,2024-11-30,LOC003
ORD0001083,CUS000086,2024-11-24 20:33:41,Delivered,2956.71,Express,023 Melissa Crossroad Apt. 855,023 Melissa Crossroad Apt. 855,PayPal,2024-11-28,LOC006
ORD0001084,CUS000059,2024-11-25 05:41:41,Delivered,4414.13,Express,604 Jones Courts Apt. 869,604 Jones Courts Apt. 869,PayPal,2024-11-29,LOC004
ORD0001085,CUS000018,2024-11-24 14:42:41,Delivered,7760.74,Standard,693 Kathryn Extension,693 Kathryn Extension,Bank Transfer,2024-11-29,LOC008
ORD0001086,CUS000009,2024-11-25 06:55:41,Delivered,2627.3500000000004,Express,4479 Hinton Heights Suite 425,4479 Hinton Heights Suite 425,Bank Transfer,2024-12-02,LOC016
ORD0001087,CUS000024,2024-11-25 07:29:41,Delivered,5121.08,Pick up in store,574 Gonzales Lodge Apt. 681,574 Gonzales Lodge Apt. 681,Bank Transfer,2024-11-26,LOC013
ORD0001088,CUS000031,2024-11-25 07:32:41,Delivered,7672.679999999999,Standard,3219 Rodriguez Passage Suite 363,3219 Rodriguez Passage Suite 363,Credit Card,2024-12-02,LOC008
ORD0001089,CUS000091,2024-11-24 15:41:41,Delivered,6565.700000000001,Standard,7372 Marshall Haven,7372 Marshall Haven,PayPal,2024-11-28,LOC018
ORD0001090,CUS000036,2024-11-25 00:06:41,Delivered,3375.26,Express,4716 Felicia Trafficway Apt. 051,4716 Felicia Trafficway Apt. 051,PayPal,2024-11-26,LOC013
ORD0001091,CUS000043,2024-11-25 10:06:41,Delivered,1047.12,Next Day,1002 John Row Apt. 424,1002 John Row Apt. 424,PayPal,2024-11-26,LOC004
ORD0001092,CUS000098,2024-11-24 14:31:41,Delivered,14703.130000000001,Pick up in store,4693 Ashley Centers,4693 Ashley Centers,Credit Card,2024-11-28,LOC002
ORD0001093,CUS000008,2024-11-24 14:40:41,Delivered,5214.450000000001,Pick up in store,949 Mueller Mission,949 Mueller Mission,Bank Transfer,2024-11-25,LOC005
ORD0001094,CUS000091,2024-11-25 18:00:41,Delivered,4992.45,Next Day,7372 Marshall Haven,7372 Marshall Haven,Credit Card,2024-11-30,LOC013
ORD0001095,CUS000069,2024-11-25 19:37:41,Delivered,7407.120000000001,Express,56017 Michelle Trace Apt. 592,56017 Michelle Trace Apt. 592,Bank Transfer,2024-11-26,LOC011
ORD0001096,CUS000032,2024-11-25 13:20:41,Delivered,1185.61,Standard,57334 Cooper Island,57334 Cooper Island,Bank Transfer,2024-11-29,LOC014
ORD0001097,CUS000073,2024-11-25 20:45:41,Delivered,2298.81,Standard,598 Smith Mission Suite 623,598 Smith Mission Suite 623,Credit Card,2024-11-30,LOC006
ORD0001098,CUS000083,2024-11-25 15:37:41,Delivered,3582.2400000000002,Next Day,808 Joseph Center Suite 987,808 Joseph Center Suite 987,Credit Card,2024-11-29,LOC002
ORD0001099,CUS000062,2024-11-26 07:23:41,Delivered,2237.64,Express,9634 Thomas Vista,9634 Thomas Vista,PayPal,2024-12-01,LOC002
ORD0001100,CUS000038,2024-11-26 01:39:41,Delivered,6760.62,Pick up in store,811 Leonard Ford Apt. 102,811 Leonard Ford Apt. 102,Credit Card,2024-12-03,LOC013
ORD0001101,CUS000024,2024-11-26 02:57:41,Delivered,6147.51,Pick up in store,574 Gonzales Lodge Apt. 681,574 Gonzales Lodge Apt. 681,Bank Transfer,2024-11-29,LOC019
ORD0001102,CUS000010,2024-11-26 09:47:41,Delivered,9855.880000000001,Pick up in store,386 Brian Gateway,386 Brian Gateway,Credit Card,2024-11-30,LOC014
ORD0001103,CUS000086,2024-11-25 21:10:41,Delivered,8918.14,Next Day,023 Melissa Crossroad Apt. 855,023 Melissa Crossroad Apt. 855,Credit Card,2024-12-02,LOC002
ORD0001104,CUS000058,2024-11-26 04:16:41,Delivered,4663.57,Next Day,6387 Susan Roads,6387 Susan Roads,Bank Transfer,2024-12-01,LOC017
ORD0001105,CUS000095,2024-11-26 05:13:41,Delivered,10727.39,Standard,1425 Williams Mountain,1425 Williams Mountain,Bank Transfer,2024-12-01,LOC014
ORD0001106,CUS000003,2024-11-26 06:11:41,Delivered,387.25,Next Day,22024 Harrison Roads,22024 Harrison Roads,PayPal,2024-11-30,LOC017
ORD0001107,CUS000015,2024-11-25 20:56:41,Delivered,1860.0300000000002,Next Day,943 Dawn Extension Apt. 032,943 Dawn Extension Apt. 032,Credit Card,2024-11-28,LOC020
ORD0001108,CUS000039,2024-11-25 20:09:41,Delivered,1359.1200000000001,Next Day,06077 Marcus Bypass,06077 Marcus Bypass,Credit Card,2024-11-29,LOC018
ORD0001109,CUS000006,2024-11-26 08:42:41,Delivered,451.94,Standard,20878 Andersen Lock Suite 120,20878 Andersen Lock Suite 120,Credit Card,2024-11-28,LOC003
ORD0001110,CUS000069,2024-11-26 06:29:41,Delivered,5982.57,Next Day,56017 Michelle Trace Apt. 592,56017 Michelle Trace Apt. 592,Bank Transfer,2024-11-28,LOC010
ORD0001111,CUS000020,2024-11-26 10:20:41,Delivered,1386.75,Standard,63649 Robinson Court,63649 Robinson Court,PayPal,2024-11-29,LOC010
ORD0001112,CUS000074,2024-11-25 17:52:41,Delivered,7617.54,Pick up in store,42549 Zavala Lakes Suite 652,42549 Zavala Lakes Suite 652,PayPal,2024-12-01,LOC014
ORD0001113,CUS000091,2024-11-25 15:20:41,Delivered,2227.56,Standard,7372 Marshall Haven,7372 Marshall Haven,Credit Card,2024-12-01,LOC016
ORD0001114,CUS000005,2024-11-25 20:24:41,Delivered,7235.23,Next Day,55835 Christopher Parkways Suite 486,55835 Christopher Parkways Suite 486,Credit Card,2024-11-26,LOC002
ORD0001115,CUS000071,2024-11-25 21:24:41,Delivered,1553.92,Pick up in store,085 Aaron Crescent Apt. 676,085 Aaron Crescent Apt. 676,Credit Card,2024-11-30,LOC003
ORD0001116,CUS000031,2024-11-25 12:33:41,Delivered,482.67,Express,3219 Rodriguez Passage Suite 363,3219 Rodriguez Passage Suite 363,PayPal,2024-11-28,LOC002
ORD0001117,CUS000097,2024-11-26 10:45:41,Delivered,647.23,Express,728 Laurie Cape,728 Laurie Cape,Credit Card,2024-12-01,LOC005
ORD0001118,CUS000058,2024-11-25 17:05:41,Delivered,6220.88,Next Day,6387 Susan Roads,6387 Susan Roads,Credit Card,2024-11-29,LOC006
ORD0001119,CUS000043,2024-11-25 22:07:41,Delivered,4008.07,Next Day,1002 John Row Apt. 424,1002 John Row Apt. 424,Credit Card,2024-12-02,LOC006
ORD0001120,CUS000018,2024-11-25 15:34:41,Delivered,2982.3,Standard,693 Kathryn Extension,693 Kathryn Extension,PayPal,2024-11-30,LOC003
ORD0001121,CUS000073,2024-11-25 20:43:41,Delivered,159.81,Pick up in store,598 Smith Mission Suite 623,598 Smith Mission Suite 623,PayPal,2024-11-28,LOC017
ORD0001122,CUS000009,2024-11-25 20:39:41,Delivered,749.04,Pick up in store,4479 Hinton Heights Suite 425,4479 Hinton Heights Suite 425,Credit Card,2024-11-27,LOC012
ORD0001123,CUS000079,2024-11-25 16:27:41,Delivered,5445.860000000001,Standard,34676 Chan Brooks,34676 Chan Brooks,Bank Transfer,2024-11-26,LOC007
ORD0001124,CUS000026,2024-11-27 10:23:41,Delivered,385.38,Standard,305 Newton Bypass,305 Newton Bypass,PayPal,2024-12-03,LOC009
ORD0001125,CUS000030,2024-11-26 18:01:41,Delivered,4975.5,Standard,56818 Wright Drives,56818 Wright Drives,PayPal,2024-11-29,LOC014
ORD0001126,CUS000063,2024-11-26 10:56:41,Delivered,6505.9800000000005,Pick up in store,6888 Emily Underpass,6888 Emily Underpass,PayPal,2024-11-30,LOC018
ORD0001127,CUS000022,2024-11-27 01:32:41,Delivered,10837.21,Next Day,290 Hodges Pine,290 Hodges Pine,PayPal,2024-12-03,LOC003
ORD0001128,CUS000019,2024-11-27 07:45:41,Delivered,458.29999999999995,Pick up in store,3594 Long Wall Suite 248,3594 Long Wall Suite 248,PayPal,2024-11-28,LOC011
ORD0001129,CUS000071,2024-11-27 04:42:41,Delivered,7239.38,Standard,085 Aaron Crescent Apt. 676,085 Aaron Crescent Apt. 676,PayPal,2024-12-03,LOC019
ORD0001130,CUS000005,2024-11-26 19:49:41,Delivered,1978.99,Express,55835 Christopher Parkways Suite 486,55835 Christopher Parkways Suite 486,Credit Card,2024-11-29,LOC008
ORD0001131,CUS000006,2024-11-26 23:30:41,Delivered,2617.2000000000003,Pick up in store,20878 Andersen Lock Suite 120,20878 Andersen Lock Suite 120,Bank Transfer,2024-11-27,LOC008
ORD0001132,CUS000079,2024-11-26 12:47:41,Delivered,213.08,Next Day,34676 Chan Brooks,34676 Chan Brooks,Bank Transfer,2024-12-03,LOC017
ORD0001133,CUS000084,2024-11-27 08:48:41,Delivered,60.21,Next Day,3563 Ashley Wall Apt. 125,3563 Ashley Wall Apt. 125,Credit Card,2024-12-04,LOC015
ORD0001134,CUS000041,2024-11-26 11:17:41,Delivered,1243.8,Next Day,312 Mathew Route Suite 835,312 Mathew Route Suite 835,Credit Card,2024-11-29,LOC002
ORD0001135,CUS000021,2024-11-27 08:31:41,Delivered,3102.83,Next Day,873 Paul Lakes,873 Paul Lakes,Credit Card,2024-11-30,LOC015
ORD0001136,CUS000001,2024-11-27 08:33:41,Delivered,1359.1200000000001,Standard,45447 Ryan Springs Suite 790,45447 Ryan Springs Suite 790,Bank Transfer,2024-11-29,LOC003
ORD0001137,CUS000068,2024-11-26 19:18:41,Delivered,620.55,Standard,165 Walker Mill,165 Walker Mill,PayPal,2024-11-28,LOC013
ORD0001138,CUS000056,2024-11-26 12:42:41,Delivered,3225.6,Standard,5399 Pierce Gardens Suite 720,5399 Pierce Gardens Suite 720,Credit Card,2024-12-02,LOC018
ORD0001139,CUS000012,2024-11-26 11:02:41,Delivered,8394.67,Express,753 Powell Manor Suite 888,753 Powell Manor Suite 888,Credit Card,2024-11-29,LOC016
ORD0001140,CUS000035,2024-11-26 11:47:41,Delivered,2974.41,Standard,0435 Mullins Canyon,0435 Mullins Canyon,PayPal,2024-12-02,LOC020
ORD0001141,CUS000069,2024-11-26 21:56:41,Delivered,1678.26,Standard,56017 Michelle Trace Apt. 592,56017 Michelle Trace Apt. 592,PayPal,2024-11-29,LOC009
ORD0001142,CUS000077,2024-11-27 00:11:41,Delivered,2068.99,Standard,17316 Ashley Ridges Suite 345,17316 Ashley Ridges Suite 345,Credit Card,2024-12-04,LOC002
ORD0001143,CUS000079,2024-11-27 00:01:41,Delivered,4200.51,Pick up in store,34676 Chan Brooks,34676 Chan Brooks,Bank Transfer,2024-11-30,LOC002
ORD0001144,CUS000089,2024-11-26 22:40:41,Delivered,4658.28,Pick up in store,890 Fuller Harbor Apt. 884,890 Fuller Harbor Apt. 884,Bank Transfer,2024-12-03,LOC015
ORD0001145,CUS000071,2024-11-26 19:44:41,Delivered,5235.2,Next Day,085 Aaron Crescent Apt. 676,085 Aaron Crescent Apt. 676,Bank Transfer,2024-12-03,LOC016
ORD0001146,CUS000015,2024-11-27 13:22:41,Delivered,1858.32,Pick up in store,943 Dawn Extension Apt. 032,943 Dawn Extension Apt. 032,PayPal,2024-11-30,LOC010
ORD0001147,CUS000061,2024-11-28 09:53:41,Delivered,6218.639999999999,Standard,8595 Joshua Pine,8595 Joshua Pine,Bank Transfer,2024-12-04,LOC009
ORD0001148,CUS000007,2024-11-28 05:44:41,Delivered,5258.07,Pick up in store,64048 Golden Mount Suite 491,64048 Golden Mount Suite 491,Bank Transfer,2024-12-03,LOC006
ORD0001149,CUS000011,2024-11-28 10:47:41,Delivered,10497.82,Pick up in store,627 Carol Vista,627 Carol Vista,Bank Transfer,2024-11-29,LOC015
ORD0001150,CUS000043,2024-11-28 06:42:41,Delivered,157.42,Standard,1002 John Row Apt. 424,1002 John Row Apt. 424,PayPal,2024-12-01,LOC008
ORD0001151,CUS000059,2024-11-28 01:13:41,Delivered,4267.1900000000005,Express,604 Jones Courts Apt. 869,604 Jones Courts Apt. 869,PayPal,2024-11-29,LOC015
ORD0001152,CUS000084,2024-11-27 23:12:41,Delivered,768.64,Next Day,3563 Ashley Wall Apt. 125,3563 Ashley Wall Apt. 125,Credit Card,2024-12-03,LOC012
ORD0001153,CUS000093,2024-11-28 00:46:41,Delivered,4584.650000000001,Next Day,443 Evans Pine Apt. 602,443 Evans Pine Apt. 602,PayPal,2024-12-04,LOC009
ORD0001154,CUS000033,2024-11-28 03:55:41,Delivered,6428.739999999999,Standard,32833 Harris Fall,32833 Harris Fall,Credit Card,2024-12-05,LOC002
ORD0001155,CUS000093,2024-11-27 23:32:41,Delivered,8642.289999999999,Standard,443 Evans Pine Apt. 602,443 Evans Pine Apt. 602,PayPal,2024-11-28,LOC005
ORD0001156,CUS000009,2024-11-28 10:46:41,Delivered,4398.72,Next Day,4479 Hinton Heights Suite 425,4479 Hinton Heights Suite 425,Credit Card,2024-12-01,LOC003
ORD0001157,CUS000011,2024-11-28 00:31:41,Delivered,9623.279999999999,Standard,627 Carol Vista,627 Carol Vista,Bank Transfer,2024-11-30,LOC009
ORD0001158,CUS000013,2024-11-27 20:51:41,Delivered,4260.43,Express,54024 Miller Track Suite 763,54024 Miller Track Suite 763,Bank Transfer,2024-11-30,LOC013
ORD0001159,CUS000081,2024-11-27 18:40:41,Delivered,5490.12,Express,335 Kyle Crescent Apt. 760,335 Kyle Crescent Apt. 760,Bank Transfer,2024-11-29,LOC019
ORD0001160,CUS000028,2024-11-28 05:41:41,Delivered,10315.03,Standard,4548 Rose Corner,4548 Rose Corner,PayPal,2024-12-01,LOC017
ORD0001161,CUS000022,2024-11-27 19:14:41,Delivered,7024.96,Standard,290 Hodges Pine,290 Hodges Pine,Bank Transfer,2024-11-29,LOC004
ORD0001162,CUS000068,2024-11-27 13:24:41,Delivered,7896.75,Next Day,165 Walker Mill,165 Walker Mill,PayPal,2024-12-02,LOC010
ORD0001163,CUS000075,2024-11-27 18:58:41,Delivered,2831.67,Standard,10585 Shaun Squares Suite 674,10585 Shaun Squares Suite 674,PayPal,2024-12-03,LOC001
ORD0001164,CUS000055,2024-11-27 12:27:41,Delivered,4583.6900000000005,Next Day,3345 Angela Lane Suite 782,3345 Angela Lane Suite 782,Bank Transfer,2024-11-28,LOC016
ORD0001165,CUS000084,2024-11-28 02:53:41,Delivered,3516.57,Next Day,3563 Ashley Wall Apt. 125,3563 Ashley Wall Apt. 125,PayPal,2024-12-04,LOC002
ORD0001166,CUS000040,2024-11-28 07:39:41,Delivered,1598.6,Standard,9433 Jackie Key,9433 Jackie Key,Credit Card,2024-12-04,LOC016
ORD0001167,CUS000097,2024-11-28 01:34:41,Delivered,7471.92,Pick up in store,728 Laurie Cape,728 Laurie Cape,PayPal,2024-12-02,LOC011
ORD0001168,CUS000030,2024-11-28 01:42:41,Delivered,6433.69,Standard,56818 Wright Drives,56818 Wright Drives,Bank Transfer,2024-11-30,LOC015
ORD0001169,CUS000070,2024-11-27 15:48:41,Delivered,3461.2,Pick up in store,17993 Lee Cove Apt. 976,17993 Lee Cove Apt. 976,Credit Card,2024-12-02,LOC018
ORD0001170,CUS000077,2024-11-29 05:02:41,Delivered,4547.900000000001,Express,17316 Ashley Ridges Suite 345,17316 Ashley Ridges Suite 345,PayPal,2024-12-03,LOC011
ORD0001171,CUS000020,2024-11-28 19:38:41,Delivered,5905.57,Express,63649 Robinson Court,63649 Robinson Court,Credit Card,2024-12-02,LOC019
ORD0001172,CUS000016,2024-11-28 11:23:41,Delivered,1780.52,Express,517 Lester Brook,517 Lester Brook,PayPal,2024-12-05,LOC020
ORD0001173,CUS000093,2024-11-29 04:10:41,Delivered,2121.7200000000003,Pick up in store,443 Evans Pine Apt. 602,443 Evans Pine Apt. 602,Credit Card,2024-12-03,LOC012
ORD0001174,CUS000091,2024-11-29 02:01:41,Delivered,1058.21,Standard,7372 Marshall Haven,7372 Marshall Haven,Credit Card,2024-11-30,LOC010
ORD0001175,CUS000079,2024-11-28 20:45:41,Delivered,1682.7,Pick up in store,34676 Chan Brooks,34676 Chan Brooks,Credit Card,2024-12-01,LOC016
ORD0001176,CUS000001,2024-11-28 16:04:41,Delivered,4619.88,Next Day,45447 Ryan Springs Suite 790,45447 Ryan Springs Suite 790,Bank Transfer,2024-12-03,LOC016
ORD0001177,CUS000073,2024-11-28 17:20:41,Delivered,2733.8599999999997,Express,598 Smith Mission Suite 623,598 Smith Mission Suite 623,Credit Card,2024-11-30,LOC016
ORD0001178,CUS000097,2024-11-28 20:43:41,Delivered,8045.24,Next Day,728 Laurie Cape,728 Laurie Cape,Bank Transfer,2024-11-29,LOC011
ORD0001179,CUS000066,2024-11-28 11:51:41,Delivered,4463.54,Next Day,712 Andrew Ranch,712 Andrew Ranch,PayPal,2024-12-02,LOC016
ORD0001180,CUS000004,2024-11-29 03:47:41,Delivered,712.05,Next Day,86781 Webb Tunnel Apt. 880,86781 Webb Tunnel Apt. 880,Credit Card,2024-12-02,LOC008
ORD0001181,CUS000094,2024-11-28 19:50:41,Delivered,8383.93,Next Day,91800 Tony Lights Suite 800,91800 Tony Lights Suite 800,Bank Transfer,2024-12-04,LOC008
ORD0001182,CUS000067,2024-11-28 14:05:41,Delivered,1553.92,Pick up in store,4937 Brown Turnpike Suite 240,4937 Brown Turnpike Suite 240,Bank Transfer,2024-12-02,LOC020
ORD0001183,CUS000016,2024-11-29 06:28:41,Delivered,14643.510000000002,Standard,517 Lester Brook,517 Lester Brook,Bank Transfer,2024-12-04,LOC013
ORD0001184,CUS000050,2024-11-29 08:47:41,Delivered,3549.7000000000003,Next Day,739 Garcia Spur Apt. 819,739 Garcia Spur Apt. 819,PayPal,2024-11-30,LOC010
ORD0001185,CUS000093,2024-11-29 07:32:41,Delivered,8549.83,Standard,443 Evans Pine Apt. 602,443 Evans Pine Apt. 602,Credit Card,2024-12-02,LOC015
ORD0001186,CUS000094,2024-11-28 19:44:41,Delivered,5937.339999999999,Standard,91800 Tony Lights Suite 800,91800 Tony Lights Suite 800,Credit Card,2024-11-29,LOC012
ORD0001187,CUS000001,2024-11-29 04:00:41,Delivered,707.5299999999999,Express,45447 Ryan Springs Suite 790,45447 Ryan Springs Suite 790,Credit Card,2024-12-02,LOC006
ORD0001188,CUS000019,2024-11-28 18:57:41,Delivered,3469.31,Pick up in store,3594 Long Wall Suite 248,3594 Long Wall Suite 248,Bank Transfer,2024-12-03,LOC014
ORD0001189,CUS000067,2024-11-28 18:58:41,Delivered,283.40999999999997,Express,4937 Brown Turnpike Suite 240,4937 Brown Turnpike Suite 240,Bank Transfer,2024-12-05,LOC010
ORD0001190,CUS000008,2024-11-28 21:28:41,Delivered,3236.15,Pick up in store,949 Mueller Mission,949 Mueller Mission,Credit Card,2024-12-04,LOC006
ORD0001191,CUS000002,2024-11-28 13:50:41,Delivered,2777.48,Pick up in store,7944 Rich Turnpike,7944 Rich Turnpike,Bank Transfer,2024-11-30,LOC014
ORD0001192,CUS000074,2024-11-28 19:44:41,Delivered,481.3,Pick up in store,42549 Zavala Lakes Suite 652,42549 Zavala Lakes Suite 652,Credit Card,2024-12-04,LOC018
ORD0001193,CUS000036,2024-11-28 23:20:41,Delivered,1786.16,Express,4716 Felicia Trafficway Apt. 051,4716 Felicia Trafficway Apt. 051,Bank Transfer,2024-12-05,LOC006
ORD0001194,CUS000015,2024-11-29 22:46:41,Delivered,6793.57,Express,943 Dawn Extension Apt. 032,943 Dawn Extension Apt. 032,Bank Transfer,2024-12-03,LOC011
ORD0001195,CUS000091,2024-11-30 01:33:41,Delivered,1689.12,Express,7372 Marshall Haven,7372 Marshall Haven,PayPal,2024-12-04,LOC013
ORD0001196,CUS000045,2024-11-29 23:54:41,Delivered,7777.660000000001,Standard,14062 Oliver Spurs,14062 Oliver Spurs,PayPal,2024-12-01,LOC020
ORD0001197,CUS000059,2024-11-30 09:31:41,Delivered,4367.11,Standard,604 Jones Courts Apt. 869,604 Jones Courts Apt. 869,Bank Transfer,2024-12-01,LOC017
ORD0001198,CUS000063,2024-11-30 07:37:41,Delivered,7545.369999999999,Express,6888 Emily Underpass,6888 Emily Underpass,Credit Card,2024-12-02,LOC007
ORD0001199,CUS000086,2024-11-30 06:27:41,Delivered,3862.1699999999996,Pick up in store,023 Melissa Crossroad Apt. 855,023 Melissa Crossroad Apt. 855,Credit Card,2024-12-05,LOC007
ORD0001200,CUS000058,2024-11-30 09:56:41,Delivered,1914.15,Pick up in store,6387 Susan Roads,6387 Susan Roads,Bank Transfer,2024-12-06,LOC010
ORD0001201,CUS000090,2024-11-29 17:56:41,Delivered,3590.2299999999996,Next Day,9210 Morris Turnpike Suite 212,9210 Morris Turnpike Suite 212,Credit Card,2024-11-30,LOC002
ORD0001202,CUS000034,2024-11-29 14:37:41,Delivered,6149.710000000001,Next Day,81729 Mccall Meadows,81729 Mccall Meadows,Bank Transfer,2024-12-06,LOC002
ORD0001203,CUS000058,2024-11-30 07:24:41,Delivered,9091.369999999999,Next Day,6387 Susan Roads,6387 Susan Roads,PayPal,2024-12-03,LOC009
ORD0001204,CUS000082,2024-11-29 20:27:41,Delivered,6288.74,Pick up in store,3913 Chambers Park Apt. 634,3913 Chambers Park Apt. 634,Bank Transfer,2024-12-04,LOC020
ORD0001205,CUS000094,2024-11-30 08:06:41,Delivered,7767.31,Pick up in store,91800 Tony Lights Suite 800,91800 Tony Lights Suite 800,PayPal,2024-12-07,LOC016
ORD0001206,CUS000078,2024-11-30 03:07:41,Delivered,8595.66,Express,783 Hudson Mill Suite 171,783 Hudson Mill Suite 171,PayPal,2024-12-01,LOC019
ORD0001207,CUS000042,2024-11-30 07:53:41,Delivered,8662.23,Express,19899 Mark Way Suite 871,19899 Mark Way Suite 871,Credit Card,2024-12-06,LOC008
ORD0001208,CUS000022,2024-11-30 09:14:41,Delivered,1879.13,Next Day,290 Hodges Pine,290 Hodges Pine,PayPal,2024-12-01,LOC001
ORD0001209,CUS000041,2024-11-29 18:47:41,Delivered,3699.7300000000005,Next Day,312 Mathew Route Suite 835,312 Mathew Route Suite 835,Bank Transfer,2024-12-03,LOC005
ORD0001210,CUS000060,2024-11-29 10:56:41,Delivered,2588.92,Pick up in store,50318 Kenneth Burg Suite 855,50318 Kenneth Burg Suite 855,PayPal,2024-12-03,LOC005
ORD0001211,CUS000091,2024-11-30 05:42:41,Delivered,7307.31,Next Day,7372 Marshall Haven,7372 Marshall Haven,PayPal,2024-12-04,LOC003
ORD0001212,CUS000019,2024-11-29 17:01:41,Delivered,945.04,Standard,3594 Long Wall Suite 248,3594 Long Wall Suite 248,Bank Transfer,2024-12-01,LOC003
ORD0001213,CUS000023,2024-11-30 03:13:41,Delivered,841.35,Standard,245 Hall Cove,245 Hall Cove,PayPal,2024-12-03,LOC004
ORD0001214,CUS000044,2024-11-29 14:39:41,Delivered,10214.6,Next Day,28472 Anderson Bypass,28472 Anderson Bypass,PayPal,2024-12-04,LOC016
ORD0001215,CUS000042,2024-11-29 12:34:41,Delivered,451.16,Pick up in store,19899 Mark Way Suite 871,19899 Mark Way Suite 871,PayPal,2024-12-03,LOC009
ORD0001216,CUS000095,2024-11-29 20:13:41,Delivered,12975.01,Express,1425 Williams Mountain,1425 Williams Mountain,Bank Transfer,2024-12-05,LOC016
ORD0001217,CUS000099,2024-11-30 06:28:41,Delivered,12523.7,Standard,385 Diana Mountain,385 Diana Mountain,PayPal,2024-12-07,LOC002
ORD0001218,CUS000003,2024-11-30 01:50:41,Delivered,1141.21,Next Day,22024 Harrison Roads,22024 Harrison Roads,Credit Card,2024-12-04,LOC002
ORD0001219,CUS000020,2024-11-29 13:37:41,Delivered,3907.35,Standard,63649 Robinson Court,63649 Robinson Court,Bank Transfer,2024-12-03,LOC020
ORD0001220,CUS000012,2024-12-01 08:47:41,Delivered,4293.33,Standard,753 Powell Manor Suite 888,753 Powell Manor Suite 888,Bank Transfer,2024-12-08,LOC006
ORD0001221,CUS000027,2024-12-01 06:10:41,Delivered,3236.7799999999997,Express,8148 John Course Suite 159,8148 John Course Suite 159,Bank Transfer,2024-12-06,LOC001
ORD0001222,CUS000065,2024-11-30 22:58:41,Delivered,3339.9,Express,0316 Wendy Club Apt. 476,0316 Wendy Club Apt. 476,Credit Card,2024-12-03,LOC020
ORD0001223,CUS000062,2024-12-01 02:56:41,Delivered,7065.57,Next Day,9634 Thomas Vista,9634 Thomas Vista,Bank Transfer,2024-12-03,LOC020
ORD0001224,CUS000090,2024-12-01 01:37:41,Delivered,3519.59,Next Day,9210 Morris Turnpike Suite 212,9210 Morris Turnpike Suite 212,Credit Card,2024-12-07,LOC013
ORD0001225,CUS000003,2024-12-01 05:43:41,Delivered,3651.3999999999996,Pick up in store,22024 Harrison Roads,22024 Harrison Roads,PayPal,2024-12-03,LOC009
ORD0001226,CUS000082,2024-11-30 21:01:41,Delivered,2664.6000000000004,Next Day,3913 Chambers Park Apt. 634,3913 Chambers Park Apt. 634,Bank Transfer,2024-12-04,LOC014
ORD0001227,CUS000068,2024-12-01 06:11:41,Delivered,9158.49,Next Day,165 Walker Mill,165 Walker Mill,Credit Card,2024-12-08,LOC017
ORD0001228,CUS000024,2024-11-30 20:47:41,Delivered,6547.92,Next Day,574 Gonzales Lodge Apt. 681,574 Gonzales Lodge Apt. 681,Credit Card,2024-12-07,LOC017
ORD0001229,CUS000014,2024-12-01 06:56:41,Delivered,8846.150000000001,Express,240 Lewis Park,240 Lewis Park,Bank Transfer,2024-12-08,LOC014
ORD0001230,CUS000018,2024-11-30 23:12:41,Delivered,5492.62,Pick up in store,693 Kathryn Extension,693 Kathryn Extension,PayPal,2024-12-05,LOC007
ORD0001231,CUS000051,2024-12-01 02:12:41,Delivered,3701.69,Standard,563 Jones Fields Suite 934,563 Jones Fields Suite 934,PayPal,2024-12-03,LOC016
ORD0001232,CUS000074,2024-11-30 11:47:41,Delivered,7216.64,Standard,42549 Zavala Lakes Suite 652,42549 Zavala Lakes Suite 652,Bank Transfer,2024-12-02,LOC020
ORD0001233,CUS000011,2024-11-30 20:52:41,Delivered,3272.2999999999997,Pick up in store,627 Carol Vista,627 Carol Vista,Bank Transfer,2024-12-03,LOC010
ORD0001234,CUS000050,2024-11-30 23:04:41,Delivered,4407.18,Next Day,739 Garcia Spur Apt. 819,739 Garcia Spur Apt. 819,Bank Transfer,2024-12-01,LOC013
ORD0001235,CUS000028,2024-12-01 05:58:41,Delivered,726.72,Express,4548 Rose Corner,4548 Rose Corner,Bank Transfer,2024-12-05,LOC006
ORD0001236,CUS000038,2024-11-30 13:49:41,Delivered,8979.73,Express,811 Leonard Ford Apt. 102,811 Leonard Ford Apt. 102,PayPal,2024-12-03,LOC018
ORD0001237,CUS000013,2024-12-02 05:19:41,Delivered,4706.05,Next Day,54024 Miller Track Suite 763,54024 Miller Track Suite 763,PayPal,2024-12-08,LOC015
ORD0001238,CUS000011,2024-12-01 20:45:41,Delivered,5354.29,Next Day,627 Carol Vista,627 Carol Vista,Credit Card,2024-12-07,LOC001
ORD0001239,CUS000007,2024-12-02 09:16:41,Delivered,1326.17,Standard,64048 Golden Mount Suite 491,64048 Golden Mount Suite 491,Credit Card,2024-12-07,LOC012
ORD0001240,CUS000041,2024-12-02 04:52:41,Delivered,2974.41,Standard,312 Mathew Route Suite 835,312 Mathew Route Suite 835,Credit Card,2024-12-09,LOC013
ORD0001241,CUS000078,2024-12-02 00:31:41,Delivered,6983.6,Standard,783 Hudson Mill Suite 171,783 Hudson Mill Suite 171,PayPal,2024-12-04,LOC012
ORD0001242,CUS000083,2024-12-02 03:53:41,Delivered,9842.44,Standard,808 Joseph Center Suite 987,808 Joseph Center Suite 987,Credit Card,2024-12-07,LOC001
ORD0001243,CUS000002,2024-12-01 20:26:41,Delivered,2201.45,Standard,7944 Rich Turnpike,7944 Rich Turnpike,PayPal,2024-12-06,LOC013
ORD0001244,CUS000044,2024-12-01 23:32:41,Delivered,4957.35,Express,28472 Anderson Bypass,28472 Anderson Bypass,PayPal,2024-12-07,LOC009
ORD0001245,CUS000053,2024-12-01 12:57:41,Delivered,2170.58,Express,92512 Armstrong Station,92512 Armstrong Station,Credit Card,2024-12-05,LOC017
ORD0001246,CUS000037,2024-12-01 23:30:41,Delivered,2650.0499999999997,Express,536 Elizabeth Via,536 Elizabeth Via,Bank Transfer,2024-12-03,LOC008
ORD0001247,CUS000023,2024-12-02 09:51:41,Delivered,4560.759999999999,Pick up in store,245 Hall Cove,245 Hall Cove,PayPal,2024-12-08,LOC015
ORD0001248,CUS000072,2024-12-01 20:33:41,Delivered,5140.88,Pick up in store,022 Brennan Vista,022 Brennan Vista,Bank Transfer,2024-12-03,LOC002
ORD0001249,CUS000034,2024-12-01 19:07:41,Delivered,3139.9400000000005,Pick up in store,81729 Mccall Meadows,81729 Mccall Meadows,Credit Card,2024-12-03,LOC013
ORD0001250,CUS000037,2024-12-01 15:18:41,Delivered,6438.110000000001,Pick up in store,536 Elizabeth Via,536 Elizabeth Via,Bank Transfer,2024-12-08,LOC017
ORD0001251,CUS000007,2024-12-02 10:00:41,Delivered,1179.08,Pick up in store,64048 Golden Mount Suite 491,64048 Golden Mount Suite 491,PayPal,2024-12-03,LOC018
ORD0001252,CUS000019,2024-12-01 11:22:41,Delivered,3365.4,Express,3594 Long Wall Suite 248,3594 Long Wall Suite 248,Bank Transfer,2024-12-05,LOC010
ORD0001253,CUS000021,2024-12-01 11:27:41,Delivered,13397.820000000002,Standard,873 Paul Lakes,873 Paul Lakes,Credit Card,2024-12-07,LOC012
ORD0001254,CUS000005,2024-12-01 23:48:41,Delivered,431.83000000000004,Pick up in store,55835 Christopher Parkways Suite 486,55835 Christopher Parkways Suite 486,PayPal,2024-12-02,LOC013
ORD0001255,CUS000056,2024-12-01 19:09:41,Delivered,4741.55,Pick up in store,5399 Pierce Gardens Suite 720,5399 Pierce Gardens Suite 720,Bank Transfer,2024-12-04,LOC012
ORD0001256,CUS000020,2024-12-02 07:18:41,Delivered,8921.42,Pick up in store,63649 Robinson Court,63649 Robinson Court,Credit Card,2024-12-08,LOC006
ORD0001257,CUS000014,2024-12-01 12:26:41,Delivered,3190.32,Standard,240 Lewis Park,240 Lewis Park,Bank Transfer,2024-12-05,LOC005
ORD0001258,CUS000089,2024-12-01 11:09:41,Delivered,6618.71,Express,890 Fuller Harbor Apt. 884,890 Fuller Harbor Apt. 884,PayPal,2024-12-02,LOC018
ORD0001259,CUS000099,2024-12-03 02:52:41,Delivered,1245.04,Next Day,385 Diana Mountain,385 Diana Mountain,Credit Card,2024-12-05,LOC005
ORD0001260,CUS000017,2024-12-03 04:40:41,Delivered,12304.99,Next Day,4207 Craig Causeway,4207 Craig Causeway,Credit Card,2024-12-08,LOC007
ORD0001261,CUS000025,2024-12-03 07:35:41,Delivered,3179.0099999999998,Standard,554 Phillips Spring,554 Phillips Spring,Credit Card,2024-12-06,LOC003
ORD0001262,CUS000015,2024-12-02 15:02:41,Delivered,5168.219999999999,Pick up in store,943 Dawn Extension Apt. 032,943 Dawn Extension Apt. 032,Credit Card,2024-12-05,LOC010
ORD0001263,CUS000069,2024-12-03 04:08:41,Delivered,2043.7,Standard,56017 Michelle Trace Apt. 592,56017 Michelle Trace Apt. 592,Credit Card,2024-12-04,LOC015
ORD0001264,CUS000079,2024-12-03 06:58:41,Delivered,11397.84,Express,34676 Chan Brooks,34676 Chan Brooks,Bank Transfer,2024-12-06,LOC017
ORD0001265,CUS000096,2024-12-03 08:22:41,Delivered,8635.71,Express,997 Debra Road,997 Debra Road,Bank Transfer,2024-12-10,LOC005
ORD0001266,CUS000056,2024-12-02 19:55:41,Delivered,4407.66,Pick up in store,5399 Pierce Gardens Suite 720,5399 Pierce Gardens Suite 720,Credit Card,2024-12-06,LOC019
ORD0001267,CUS000050,2024-12-02 20:08:41,Delivered,4276.889999999999,Express,739 Garcia Spur Apt. 819,739 Garcia Spur Apt. 819,Credit Card,2024-12-09,LOC006
ORD0001268,CUS000019,2024-12-02 15:54:41,Delivered,10794.58,Standard,3594 Long Wall Suite 248,3594 Long Wall Suite 248,PayPal,2024-12-05,LOC006
ORD0001269,CUS000065,2024-12-02 10:56:41,Delivered,3850.27,Standard,0316 Wendy Club Apt. 476,0316 Wendy Club Apt. 476,PayPal,2024-12-05,LOC006
ORD0001270,CUS000018,2024-12-03 00:03:41,Delivered,7127.14,Standard,693 Kathryn Extension,693 Kathryn Extension,Credit Card,2024-12-04,LOC014
ORD0001271,CUS000087,2024-12-03 00:16:41,Delivered,3787.8099999999995,Standard,99137 Scott Streets Suite 891,99137 Scott Streets Suite 891,Credit Card,2024-12-05,LOC008
ORD0001272,CUS000018,2024-12-03 06:54:41,Delivered,887.29,Standard,693 Kathryn Extension,693 Kathryn Extension,Bank Transfer,2024-12-04,LOC016
ORD0001273,CUS000071,2024-12-03 06:22:41,Delivered,8192.77,Express,085 Aaron Crescent Apt. 676,085 Aaron Crescent Apt. 676,PayPal,2024-12-09,LOC014
ORD0001274,CUS000043,2024-12-03 09:14:41,Delivered,3227.1400000000003,Express,1002 John Row Apt. 424,1002 John Row Apt. 424,Credit Card,2024-12-08,LOC009
ORD0001275,CUS000016,2024-12-03 10:45:41,Delivered,3597.7200000000003,Standard,517 Lester Brook,517 Lester Brook,Bank Transfer,2024-12-06,LOC007
ORD0001276,CUS000006,2024-12-02 20:11:41,Delivered,3416.04,Standard,20878 Andersen Lock Suite 120,20878 Andersen Lock Suite 120,PayPal,2024-12-03,LOC003
ORD0001277,CUS000047,2024-12-02 18:13:41,Delivered,8435.18,Next Day,46161 Ortega Fork Apt. 399,46161 Ortega Fork Apt. 399,PayPal,2024-12-08,LOC001
ORD0001278,CUS000062,2024-12-02 16:05:41,Delivered,177.60000000000002,Standard,9634 Thomas Vista,9634 Thomas Vista,PayPal,2024-12-06,LOC017
ORD0001279,CUS000033,2024-12-02 18:05:41,Delivered,3326.7300000000005,Express,32833 Harris Fall,32833 Harris Fall,PayPal,2024-12-07,LOC007
ORD0001280,CUS000041,2024-12-02 22:33:41,Delivered,5004.259999999999,Express,312 Mathew Route Suite 835,312 Mathew Route Suite 835,Credit Card,2024-12-05,LOC007
ORD0001281,CUS000086,2024-12-02 22:51:41,Delivered,5403.2300000000005,Pick up in store,023 Melissa Crossroad Apt. 855,023 Melissa Crossroad Apt. 855,Bank Transfer,2024-12-07,LOC014
ORD0001282,CUS000010,2024-12-02 16:28:41,Delivered,7324.6,Next Day,386 Brian Gateway,386 Brian Gateway,Bank Transfer,2024-12-07,LOC004
ORD0001283,CUS000018,2024-12-02 11:32:41,Delivered,4916.32,Pick up in store,693 Kathryn Extension,693 Kathryn Extension,Bank Transfer,2024-12-03,LOC006
ORD0001284,CUS000073,2024-12-03 23:27:41,Delivered,1129.85,Standard,598 Smith Mission Suite 623,598 Smith Mission Suite 623,Credit Card,2024-12-09,LOC012
ORD0001285,CUS000049,2024-12-03 21:34:41,Delivered,6757.61,Next Day,8581 Katelyn Pike Apt. 739,8581 Katelyn Pike Apt. 739,Credit Card,2024-12-08,LOC020
ORD0001286,CUS000098,2024-12-04 07:19:41,Delivered,3813.0699999999997,Standard,4693 Ashley Centers,4693 Ashley Centers,Bank Transfer,2024-12-08,LOC013
ORD0001287,CUS000087,2024-12-03 23:48:41,Delivered,9240.48,Pick up in store,99137 Scott Streets Suite 891,99137 Scott Streets Suite 891,Bank Transfer,2024-12-04,LOC011
ORD0001288,CUS000023,2024-12-04 08:57:41,Delivered,4746.25,Standard,245 Hall Cove,245 Hall Cove,Credit Card,2024-12-08,LOC017
ORD0001289,CUS000018,2024-12-03 17:52:41,Delivered,4303.74,Standard,693 Kathryn Extension,693 Kathryn Extension,Bank Transfer,2024-12-04,LOC004
ORD0001290,CUS000063,2024-12-04 00:35:41,Delivered,1359.1200000000001,Express,6888 Emily Underpass,6888 Emily Underpass,PayPal,2024-12-10,LOC004
ORD0001291,CUS000008,2024-12-03 11:57:41,Delivered,4318.16,Pick up in store,949 Mueller Mission,949 Mueller Mission,PayPal,2024-12-06,LOC001
ORD0001292,CUS000042,2024-12-03 16:46:41,Delivered,3751.12,Pick up in store,19899 Mark Way Suite 871,19899 Mark Way Suite 871,Bank Transfer,2024-12-08,LOC011
ORD0001293,CUS000035,2024-12-04 06:24:41,Delivered,343.71000000000004,Standard,0435 Mullins Canyon,0435 Mullins Canyon,PayPal,2024-12-07,LOC001
ORD0001294,CUS000004,2024-12-04 05:33:41,Delivered,10202.66,Standard,86781 Webb Tunnel Apt. 880,86781 Webb Tunnel Apt. 880,Credit Card,2024-12-05,LOC010
ORD0001295,CUS000076,2024-12-03 16:25:41,Delivered,4205.93,Pick up in store,8996 Amanda Plaza,8996 Amanda Plaza,Credit Card,2024-12-06,LOC013
ORD0001296,CUS000090,2024-12-03 19:41:41,Delivered,462.25,Pick up in store,9210 Morris Turnpike Suite 212,9210 Morris Turnpike Suite 212,PayPal,2024-12-09,LOC005
ORD0001297,CUS000064,2024-12-04 04:35:41,Delivered,822.64,Express,93926 Jason Common Suite 790,93926 Jason Common Suite 790,Bank Transfer,2024-12-08,LOC010
ORD0001298,CUS000033,2024-12-04 05:13:41,Delivered,5419.820000000001,Standard,32833 Harris Fall,32833 Harris Fall,PayPal,2024-12-07,LOC017
ORD0001299,CUS000046,2024-12-05 00:10:41,Delivered,1570.0,Standard,0384 Michelle Cape,0384 Michelle Cape,Credit Card,2024-12-09,LOC003
ORD0001300,CUS000033,2024-12-04 21:45:41,Delivered,7191.370000000001,Express,32833 Harris Fall,32833 Harris Fall,Bank Transfer,2024-12-10,LOC002
ORD0001301,CUS000061,2024-12-05 00:03:41,Delivered,3576.84,Next Day,8595 Joshua Pine,8595 Joshua Pine,Bank Transfer,2024-12-09,LOC019
ORD0001302,CUS000075,2024-12-04 14:51:41,Delivered,1775.13,Pick up in store,10585 Shaun Squares Suite 674,10585 Shaun Squares Suite 674,Bank Transfer,2024-12-10,LOC014
ORD0001303,CUS000051,2024-12-05 09:12:41,Delivered,592.08,Express,563 Jones Fields Suite 934,563 Jones Fields Suite 934,Credit Card,2024-12-08,LOC018
ORD0001304,CUS000073,2024-12-04 22:06:41,Delivered,4994.83,Standard,598 Smith Mission Suite 623,598 Smith Mission Suite 623,Credit Card,2024-12-07,LOC012
ORD0001305,CUS000069,2024-12-05 07:02:41,Delivered,2381.54,Next Day,56017 Michelle Trace Apt. 592,56017 Michelle Trace Apt. 592,PayPal,2024-12-10,LOC019
ORD0001306,CUS000090,2024-12-05 02:08:41,Delivered,12311.54,Express,9210 Morris Turnpike Suite 212,9210 Morris Turnpike Suite 212,Bank Transfer,2024-12-11,LOC018
ORD0001307,CUS000017,2024-12-05 05:40:41,Delivered,481.3,Next Day,4207 Craig Causeway,4207 Craig Causeway,PayPal,2024-12-11,LOC002
ORD0001308,CUS000041,2024-12-04 18:18:41,Delivered,4849.61,Standard,312 Mathew Route Suite 835,312 Mathew Route Suite 835,Bank Transfer,2024-12-05,LOC010
ORD0001309,CUS000027,2024-12-05 05:20:41,Delivered,2785.45,Pick up in store,8148 John Course Suite 159,8148 John Course Suite 159,Credit Card,2024-12-12,LOC018
ORD0001310,CUS000019,2024-12-05 02:20:41,Delivered,3485.29,Express,3594 Long Wall Suite 248,3594 Long Wall Suite 248,Credit Card,2024-12-10,LOC015
ORD0001311,CUS000052,2024-12-05 07:29:41,Delivered,3560.19,Standard,28803 Kyle Island,28803 Kyle Island,Credit Card,2024-12-10,LOC009
ORD0001312,CUS000028,2024-12-05 10:39:41,Delivered,7059.51,Express,4548 Rose Corner,4548 Rose Corner,Credit Card,2024-12-09,LOC005
ORD0001313,CUS000080,2024-12-04 17:27:41,Delivered,3316.2599999999998,Standard,84198 Mitchell Light,84198 Mitchell Light,Credit Card,2024-12-06,LOC002
ORD0001314,CUS000012,2024-12-04 18:03:41,Delivered,8616.5,Pick up in store,753 Powell Manor Suite 888,753 Powell Manor Suite 888,Credit Card,2024-12-10,LOC006
ORD0001315,CUS000058,2024-12-05 10:11:41,Delivered,2204.05,Next Day,6387 Susan Roads,6387 Susan Roads,Credit Card,2024-12-07,LOC012
ORD0001316,CUS000009,2024-12-05 01:16:41,Delivered,6402.64,Standard,4479 Hinton Heights Suite 425,4479 Hinton Heights Suite 425,Bank Transfer,2024-12-10,LOC003
ORD0001317,CUS000006,2024-12-04 13:20:41,Delivered,679.12,Standard,20878 Andersen Lock Suite 120,20878 Andersen Lock Suite 120,Bank Transfer,2024-12-06,LOC010
ORD0001318,CUS000019,2024-12-04 17:32:41,Delivered,5366.05,Standard,3594 Long Wall Suite 248,3594 Long Wall Suite 248,Credit Card,2024-12-11,LOC004
ORD0001319,CUS000036,2024-12-04 22:57:41,Delivered,4424.99,Pick up in store,4716 Felicia Trafficway Apt. 051,4716 Felicia Trafficway Apt. 051,Bank Transfer,2024-12-07,LOC011
ORD0001320,CUS000016,2024-12-04 22:51:41,Delivered,2354.74,Express,517 Lester Brook,517 Lester Brook,Bank Transfer,2024-12-08,LOC016
ORD0001321,CUS000024,2024-12-05 10:01:41,Delivered,2467.11,Next Day,574 Gonzales Lodge Apt. 681,574 Gonzales Lodge Apt. 681,Credit Card,2024-12-08,LOC004
ORD0001322,CUS000071,2024-12-05 05:35:41,Delivered,979.93,Standard,085 Aaron Crescent Apt. 676,085 Aaron Crescent Apt. 676,Bank Transfer,2024-12-10,LOC012
ORD0001323,CUS000087,2024-12-05 08:39:41,Delivered,3250.64,Pick up in store,99137 Scott Streets Suite 891,99137 Scott Streets Suite 891,Bank Transfer,2024-12-10,LOC002
ORD0001324,CUS000069,2024-12-05 10:14:41,Delivered,4270.05,Express,56017 Michelle Trace Apt. 592,56017 Michelle Trace Apt. 592,Bank Transfer,2024-12-06,LOC005
ORD0001325,CUS000088,2024-12-05 04:34:41,Delivered,5861.799999999999,Standard,50544 Penny Isle Suite 526,50544 Penny Isle Suite 526,Credit Card,2024-12-12,LOC009
ORD0001326,CUS000058,2024-12-05 03:32:41,Delivered,4155.56,Express,6387 Susan Roads,6387 Susan Roads,Bank Transfer,2024-12-06,LOC010
ORD0001327,CUS000099,2024-12-04 18:09:41,Delivered,1866.24,Express,385 Diana Mountain,385 Diana Mountain,Credit Card,2024-12-11,LOC017
ORD0001328,CUS000048,2024-12-06 01:36:41,Delivered,4887.18,Standard,1997 Shelly Shore,1997 Shelly Shore,Credit Card,2024-12-10,LOC008
ORD0001329,CUS000098,2024-12-05 18:03:41,Delivered,1036.58,Next Day,4693 Ashley Centers,4693 Ashley Centers,Bank Transfer,2024-12-11,LOC019
ORD0001330,CUS000088,2024-12-06 08:38:41,Delivered,888.1200000000001,Pick up in store,50544 Penny Isle Suite 526,50544 Penny Isle Suite 526,Bank Transfer,2024-12-11,LOC002
ORD0001331,CUS000096,2024-12-06 09:24:41,Delivered,2835.12,Next Day,997 Debra Road,997 Debra Road,Bank Transfer,2024-12-10,LOC016
ORD0001332,CUS000053,2024-12-05 13:51:41,Delivered,5343.94,Express,92512 Armstrong Station,92512 Armstrong Station,PayPal,2024-12-07,LOC005
ORD0001333,CUS000035,2024-12-05 12:37:41,Delivered,1425.78,Express,0435 Mullins Canyon,0435 Mullins Canyon,PayPal,2024-12-06,LOC008
ORD0001334,CUS000086,2024-12-06 09:16:41,Delivered,6374.42,Pick up in store,023 Melissa Crossroad Apt. 855,023 Melissa Crossroad Apt. 855,PayPal,2024-12-10,LOC015
ORD0001335,CUS000050,2024-12-05 21:46:41,Delivered,11039.41,Standard,739 Garcia Spur Apt. 819,739 Garcia Spur Apt. 819,Bank Transfer,2024-12-06,LOC001
ORD0001336,CUS000053,2024-12-06 06:15:41,Delivered,3714.5300000000007,Pick up in store,92512 Armstrong Station,92512 Armstrong Station,Bank Transfer,2024-12-09,LOC012
ORD0001337,CUS000090,2024-12-06 06:45:41,Delivered,2980.17,Standard,9210 Morris Turnpike Suite 212,9210 Morris Turnpike Suite 212,Credit Card,2024-12-13,LOC002
ORD0001338,CUS000051,2024-12-05 16:38:41,Delivered,3743.06,Next Day,563 Jones Fields Suite 934,563 Jones Fields Suite 934,Bank Transfer,2024-12-08,LOC009
ORD0001339,CUS000040,2024-12-05 12:52:41,Delivered,468.59,Express,9433 Jackie Key,9433 Jackie Key,Bank Transfer,2024-12-09,LOC002
ORD0001340,CUS000081,2024-12-05 19:35:41,Delivered,4289.28,Next Day,335 Kyle Crescent Apt. 760,335 Kyle Crescent Apt. 760,Bank Transfer,2024-12-07,LOC019
ORD0001341,CUS000047,2024-12-06 02:55:41,Delivered,3603.4799999999996,Next Day,46161 Ortega Fork Apt. 399,46161 Ortega Fork Apt. 399,Credit Card,2024-12-13,LOC008
ORD0001342,CUS000015,2024-12-06 03:16:41,Delivered,4972.0599999999995,Pick up in store,943 Dawn Extension Apt. 032,943 Dawn Extension Apt. 032,Bank Transfer,2024-12-08,LOC003
ORD0001343,CUS000078,2024-12-05 12:27:41,Delivered,7139.49,Next Day,783 Hudson Mill Suite 171,783 Hudson Mill Suite 171,Credit Card,2024-12-10,LOC020
ORD0001344,CUS000028,2024-12-06 00:07:41,Delivered,5287.36,Standard,4548 Rose Corner,4548 Rose Corner,Bank Transfer,2024-12-10,LOC009
ORD0001345,CUS000028,2024-12-06 03:28:41,Delivered,5894.990000000001,Express,4548 Rose Corner,4548 Rose Corner,PayPal,2024-12-08,LOC018
ORD0001346,CUS000026,2024-12-06 00:06:41,Delivered,6168.360000000001,Express,305 Newton Bypass,305 Newton Bypass,Bank Transfer,2024-12-12,LOC001
ORD0001347,CUS000097,2024-12-06 17:49:41,Delivered,7703.93,Standard,728 Laurie Cape,728 Laurie Cape,PayPal,2024-12-10,LOC014
ORD0001348,CUS000077,2024-12-06 20:00:41,Delivered,3652.21,Pick up in store,17316 Ashley Ridges Suite 345,17316 Ashley Ridges Suite 345,Bank Transfer,2024-12-09,LOC018
ORD0001349,CUS000016,2024-12-07 01:39:41,Delivered,3638.32,Standard,517 Lester Brook,517 Lester Brook,Credit Card,2024-12-14,LOC014
ORD0001350,CUS000003,2024-12-06 12:59:41,Delivered,4039.4400000000005,Next Day,22024 Harrison Roads,22024 Harrison Roads,Credit Card,2024-12-09,LOC014
ORD0001351,CUS000007,2024-12-07 08:57:41,Delivered,952.62,Express,64048 Golden Mount Suite 491,64048 Golden Mount Suite 491,PayPal,2024-12-13,LOC003
ORD0001352,CUS000058,2024-12-07 00:40:41,Delivered,2343.6400000000003,Standard,6387 Susan Roads,6387 Susan Roads,Credit Card,2024-12-09,LOC012
ORD0001353,CUS000057,2024-12-07 03:08:41,Delivered,8571.65,Pick up in store,647 Mcgee Manors,647 Mcgee Manors,Bank Transfer,2024-12-09,LOC008
ORD0001354,CUS000005,2024-12-06 17:20:41,Delivered,8731.76,Pick up in store,55835 Christopher Parkways Suite 486,55835 Christopher Parkways Suite 486,Credit Card,2024-12-12,LOC012
ORD0001355,CUS000069,2024-12-07 06:32:41,Delivered,3070.06,Express,56017 Michelle Trace Apt. 592,56017 Michelle Trace Apt. 592,Bank Transfer,2024-12-11,LOC015
ORD0001356,CUS000057,2024-12-06 11:39:41,Delivered,3703.0800000000004,Pick up in store,647 Mcgee Manors,647 Mcgee Manors,PayPal,2024-12-08,LOC003
ORD0001357,CUS000023,2024-12-06 11:57:41,Delivered,9523.960000000001,Standard,245 Hall Cove,245 Hall Cove,Credit Card,2024-12-09,LOC012
ORD0001358,CUS000004,2024-12-07 10:46:41,Delivered,4847.25,Express,86781 Webb Tunnel Apt. 880,86781 Webb Tunnel Apt. 880,PayPal,2024-12-11,LOC019
ORD0001359,CUS000019,2024-12-07 11:09:41,Delivered,3164.9800000000005,Express,3594 Long Wall Suite 248,3594 Long Wall Suite 248,Credit Card,2024-12-11,LOC017
ORD0001360,CUS000061,2024-12-07 22:52:41,Delivered,3021.3199999999997,Pick up in store,8595 Joshua Pine,8595 Joshua Pine,Credit Card,2024-12-11,LOC020
ORD0001361,CUS000040,2024-12-07 22:09:41,Delivered,2250.28,Standard,9433 Jackie Key,9433 Jackie Key,PayPal,2024-12-08,LOC004
ORD0001362,CUS000016,2024-12-08 07:00:41,Delivered,2867.0200000000004,Next Day,517 Lester Brook,517 Lester Brook,Credit Card,2024-12-11,LOC015
ORD0001363,CUS000043,2024-12-07 11:20:41,Delivered,6470.0,Express,1002 John Row Apt. 424,1002 John Row Apt. 424,Bank Transfer,2024-12-09,LOC010
ORD0001364,CUS000082,2024-12-08 09:52:41,Delivered,2425.2,Express,3913 Chambers Park Apt. 634,3913 Chambers Park Apt. 634,Bank Transfer,2024-12-10,LOC017
ORD0001365,CUS000069,2024-12-07 11:14:41,Delivered,6352.54,Pick up in store,56017 Michelle Trace Apt. 592,56017 Michelle Trace Apt. 592,Credit Card,2024-12-12,LOC019
ORD0001366,CUS000084,2024-12-08 01:48:41,Delivered,49.47,Next Day,3563 Ashley Wall Apt. 125,3563 Ashley Wall Apt. 125,PayPal,2024-12-10,LOC016
ORD0001367,CUS000073,2024-12-07 22:01:41,Delivered,1786.16,Express,598 Smith Mission Suite 623,598 Smith Mission Suite 623,PayPal,2024-12-12,LOC011
ORD0001368,CUS000029,2024-12-08 04:02:41,Delivered,9239.050000000001,Pick up in store,248 Schaefer Alley,248 Schaefer Alley,Credit Card,2024-12-11,LOC004
ORD0001369,CUS000099,2024-12-08 02:40:41,Delivered,861.53,Standard,385 Diana Mountain,385 Diana Mountain,Credit Card,2024-12-09,LOC005
ORD0001370,CUS000091,2024-12-08 08:22:41,Delivered,2149.12,Express,7372 Marshall Haven,7372 Marshall Haven,Bank Transfer,2024-12-14,LOC006
ORD0001371,CUS000030,2024-12-07 21:00:41,Delivered,5322.469999999999,Next Day,56818 Wright Drives,56818 Wright Drives,Credit Card,2024-12-12,LOC013
ORD0001372,CUS000024,2024-12-07 15:47:41,Delivered,6082.83,Next Day,574 Gonzales Lodge Apt. 681,574 Gonzales Lodge Apt. 681,Bank Transfer,2024-12-08,LOC015
ORD0001373,CUS000004,2024-12-08 07:38:41,Delivered,372.33,Next Day,86781 Webb Tunnel Apt. 880,86781 Webb Tunnel Apt. 880,Credit Card,2024-12-13,LOC020
ORD0001374,CUS000059,2024-12-08 00:52:41,Delivered,4654.58,Standard,604 Jones Courts Apt. 869,604 Jones Courts Apt. 869,PayPal,2024-12-14,LOC013
ORD0001375,CUS000070,2024-12-07 20:16:41,Delivered,6852.84,Standard,17993 Lee Cove Apt. 976,17993 Lee Cove Apt. 976,PayPal,2024-12-08,LOC019
ORD0001376,CUS000043,2024-12-08 05:13:41,Delivered,7154.08,Express,1002 John Row Apt. 424,1002 John Row Apt. 424,Bank Transfer,2024-12-12,LOC009
ORD0001377,CUS000095,2024-12-08 02:49:41,Delivered,2835.79,Express,1425 Williams Mountain,1425 Williams Mountain,Credit Card,2024-12-13,LOC003
ORD0001378,CUS000068,2024-12-08 10:23:41,Delivered,292.08,Standard,165 Walker Mill,165 Walker Mill,Credit Card,2024-12-09,LOC019
ORD0001379,CUS000010,2024-12-07 18:38:41,Delivered,8794.07,Standard,386 Brian Gateway,386 Brian Gateway,Credit Card,2024-12-14,LOC018
ORD0001380,CUS000001,2024-12-07 20:53:41,Delivered,6934.19,Pick up in store,45447 Ryan Springs Suite 790,45447 Ryan Springs Suite 790,Bank Transfer,2024-12-13,LOC019
ORD0001381,CUS000084,2024-12-07 20:20:41,Delivered,5741.85,Pick up in store,3563 Ashley Wall Apt. 125,3563 Ashley Wall Apt. 125,PayPal,2024-12-13,LOC012
ORD0001382,CUS000025,2024-12-08 05:42:41,Delivered,3248.84,Express,554 Phillips Spring,554 Phillips Spring,Credit Card,2024-12-15,LOC020
ORD0001383,CUS000068,2024-12-07 15:02:41,Delivered,14334.16,Pick up in store,165 Walker Mill,165 Walker Mill,Credit Card,2024-12-12,LOC004
ORD0001384,CUS000017,2024-12-08 01:31:41,Delivered,8885.64,Next Day,4207 Craig Causeway,4207 Craig Causeway,Credit Card,2024-12-10,LOC009
ORD0001385,CUS000035,2024-12-08 20:13:41,Delivered,7129.860000000001,Next Day,0435 Mullins Canyon,0435 Mullins Canyon,Bank Transfer,2024-12-13,LOC013
ORD0001386,CUS000091,2024-12-08 23:56:41,Delivered,4465.76,Standard,7372 Marshall Haven,7372 Marshall Haven,PayPal,2024-12-15,LOC004
ORD0001387,CUS000050,2024-12-08 11:03:41,Delivered,4827.23,Pick up in store,739 Garcia Spur Apt. 819,739 Garcia Spur Apt. 819,Bank Transfer,2024-12-11,LOC010
ORD0001388,CUS000033,2024-12-08 11:28:41,Delivered,3578.85,Express,32833 Harris Fall,32833 Harris Fall,PayPal,2024-12-11,LOC003
ORD0001389,CUS000045,2024-12-09 03:08:41,Delivered,3409.28,Pick up in store,14062 Oliver Spurs,14062 Oliver Spurs,PayPal,2024-12-10,LOC009
ORD0001390,CUS000070,2024-12-08 11:24:41,Delivered,8750.989999999998,Pick up in store,17993 Lee Cove Apt. 976,17993 Lee Cove Apt. 976,PayPal,2024-12-14,LOC020
ORD0001391,CUS000044,2024-12-09 06:18:41,Delivered,4270.0199999999995,Pick up in store,28472 Anderson Bypass,28472 Anderson Bypass,Credit Card,2024-12-14,LOC012
ORD0001392,CUS000057,2024-12-08 22:27:41,Delivered,2172.54,Express,647 Mcgee Manors,647 Mcgee Manors,Credit Card,2024-12-12,LOC009
ORD0001393,CUS000061,2024-12-09 10:27:41,Delivered,8013.76,Pick up in store,8595 Joshua Pine,8595 Joshua Pine,PayPal,2024-12-15,LOC001
ORD0001394,CUS000071,2024-12-08 20:19:41,Delivered,1292.96,Express,085 Aaron Crescent Apt. 676,085 Aaron Crescent Apt. 676,PayPal,2024-12-14,LOC004
ORD0001395,CUS000018,2024-12-09 03:32:41,Delivered,6966.160000000001,Express,693 Kathryn Extension,693 Kathryn Extension,PayPal,2024-12-16,LOC011
ORD0001396,CUS000060,2024-12-08 17:32:41,Delivered,2611.5800000000004,Standard,50318 Kenneth Burg Suite 855,50318 Kenneth Burg Suite 855,Credit Card,2024-12-13,LOC008
ORD0001397,CUS000001,2024-12-09 05:08:41,Delivered,2706.95,Standard,45447 Ryan Springs Suite 790,45447 Ryan Springs Suite 790,Bank Transfer,2024-12-11,LOC020
ORD0001398,CUS000100,2024-12-08 21:30:41,Delivered,2261.44,Pick up in store,14536 Holly Trail,14536 Holly Trail,Credit Card,2024-12-11,LOC016
ORD0001399,CUS000082,2024-12-08 17:06:41,Delivered,1706.99,Express,3913 Chambers Park Apt. 634,3913 Chambers Park Apt. 634,Bank Transfer,2024-12-14,LOC013
ORD0001400,CUS000068,2024-12-08 19:09:41,Delivered,6228.96,Standard,165 Walker Mill,165 Walker Mill,PayPal,2024-12-13,LOC016
ORD0001401,CUS000064,2024-12-09 05:54:41,Delivered,3560.36,Pick up in store,93926 Jason Common Suite 790,93926 Jason Common Suite 790,Bank Transfer,2024-12-12,LOC005
ORD0001402,CUS000071,2024-12-10 09:07:41,Delivered,4810.26,Pick up in store,085 Aaron Crescent Apt. 676,085 Aaron Crescent Apt. 676,PayPal,2024-12-14,LOC003
ORD0001403,CUS000017,2024-12-10 05:51:41,Delivered,6814.22,Next Day,4207 Craig Causeway,4207 Craig Causeway,Credit Card,2024-12-16,LOC012
ORD0001404,CUS000054,2024-12-10 06:12:41,Delivered,6386.92,Standard,00532 Matthew Fork Suite 143,00532 Matthew Fork Suite 143,Bank Transfer,2024-12-11,LOC009
ORD0001405,CUS000062,2024-12-09 21:26:41,Delivered,1171.2299999999998,Express,9634 Thomas Vista,9634 Thomas Vista,Bank Transfer,2024-12-16,LOC007
ORD0001406,CUS000089,2024-12-09 21:57:41,Delivered,2367.12,Standard,890 Fuller Harbor Apt. 884,890 Fuller Harbor Apt. 884,Credit Card,2024-12-15,LOC020
ORD0001407,CUS000030,2024-12-10 01:28:41,Delivered,270.74,Standard,56818 Wright Drives,56818 Wright Drives,Credit Card,2024-12-11,LOC008
ORD0001408,CUS000034,2024-12-10 03:29:41,Delivered,4773.26,Standard,81729 Mccall Meadows,81729 Mccall Meadows,PayPal,2024-12-15,LOC009
ORD0001409,CUS000020,2024-12-10 05:22:41,Delivered,5674.19,Next Day,63649 Robinson Court,63649 Robinson Court,Bank Transfer,2024-12-15,LOC007
ORD0001410,CUS000021,2024-12-10 04:25:41,Delivered,409.68,Standard,873 Paul Lakes,873 Paul Lakes,Credit Card,2024-12-14,LOC003
ORD0001411,CUS000007,2024-12-09 11:48:41,Delivered,7665.84,Express,64048 Golden Mount Suite 491,64048 Golden Mount Suite 491,Bank Transfer,2024-12-16,LOC015
ORD0001412,CUS000007,2024-12-09 18:27:41,Delivered,458.29999999999995,Next Day,64048 Golden Mount Suite 491,64048 Golden Mount Suite 491,Bank Transfer,2024-12-10,LOC004
ORD0001413,CUS000045,2024-12-11 07:52:41,Delivered,1918.99,Pick up in store,14062 Oliver Spurs,14062 Oliver Spurs,Bank Transfer,2024-12-13,LOC020
ORD0001414,CUS000029,2024-12-11 10:26:41,Delivered,2318.64,Pick up in store,248 Schaefer Alley,248 Schaefer Alley,Bank Transfer,2024-12-17,LOC020
ORD0001415,CUS000044,2024-12-11 05:40:41,Delivered,3031.5,Pick up in store,28472 Anderson Bypass,28472 Anderson Bypass,PayPal,2024-12-13,LOC013
ORD0001416,CUS000047,2024-12-10 19:32:41,Delivered,779.3600000000001,Pick up in store,46161 Ortega Fork Apt. 399,46161 Ortega Fork Apt. 399,Bank Transfer,2024-12-17,LOC006
ORD0001417,CUS000031,2024-12-11 02:33:41,Delivered,262.03,Next Day,3219 Rodriguez Passage Suite 363,3219 Rodriguez Passage Suite 363,Bank Transfer,2024-12-13,LOC005
ORD0001418,CUS000025,2024-12-10 22:54:41,Delivered,6958.43,Standard,554 Phillips Spring,554 Phillips Spring,Credit Card,2024-12-14,LOC010
ORD0001419,CUS000050,2024-12-11 05:27:41,Delivered,6969.29,Pick up in store,739 Garcia Spur Apt. 819,739 Garcia Spur Apt. 819,Bank Transfer,2024-12-15,LOC004
ORD0001420,CUS000053,2024-12-10 15:44:41,Delivered,5363.76,Pick up in store,92512 Armstrong Station,92512 Armstrong Station,PayPal,2024-12-16,LOC002
ORD0001421,CUS000089,2024-12-10 17:41:41,Delivered,2836.96,Next Day,890 Fuller Harbor Apt. 884,890 Fuller Harbor Apt. 884,Bank Transfer,2024-12-12,LOC016
ORD0001422,CUS000061,2024-12-10 14:24:41,Delivered,6757.929999999999,Pick up in store,8595 Joshua Pine,8595 Joshua Pine,PayPal,2024-12-16,LOC004
ORD0001423,CUS000011,2024-12-11 10:26:41,Delivered,1965.24,Standard,627 Carol Vista,627 Carol Vista,Credit Card,2024-12-16,LOC013
ORD0001424,CUS000002,2024-12-10 18:20:41,Delivered,5135.92,Express,7944 Rich Turnpike,7944 Rich Turnpike,Bank Transfer,2024-12-14,LOC007
ORD0001425,CUS000085,2024-12-10 17:17:41,Delivered,1732.0300000000002,Pick up in store,65310 Smith Causeway,65310 Smith Causeway,Credit Card,2024-12-15,LOC006
ORD0001426,CUS000062,2024-12-11 05:28:41,Delivered,2597.8,Next Day,9634 Thomas Vista,9634 Thomas Vista,PayPal,2024-12-17,LOC015
ORD0001427,CUS000083,2024-12-10 15:35:41,Delivered,4942.45,Express,808 Joseph Center Suite 987,808 Joseph Center Suite 987,PayPal,2024-12-12,LOC009
ORD0001428,CUS000055,2024-12-11 06:21:41,Delivered,4196.84,Pick up in store,3345 Angela Lane Suite 782,3345 Angela Lane Suite 782,Bank Transfer,2024-12-15,LOC020
ORD0001429,CUS000069,2024-12-11 03:14:41,Delivered,12784.41,Pick up in store,56017 Michelle Trace Apt. 592,56017 Michelle Trace Apt. 592,Bank Transfer,2024-12-13,LOC004
ORD0001430,CUS000057,2024-12-10 14:53:41,Delivered,1958.12,Standard,647 Mcgee Manors,647 Mcgee Manors,Bank Transfer,2024-12-16,LOC008
ORD0001431,CUS000003,2024-12-10 13:49:41,Delivered,6374.709999999999,Pick up in store,22024 Harrison Roads,22024 Harrison Roads,Bank Transfer,2024-12-16,LOC002
ORD0001432,CUS000098,2024-12-11 08:08:41,Delivered,4723.97,Standard,4693 Ashley Centers,4693 Ashley Centers,Bank Transfer,2024-12-18,LOC004
ORD0001433,CUS000019,2024-12-10 17:39:41,Delivered,1696.71,Next Day,3594 Long Wall Suite 248,3594 Long Wall Suite 248,Credit Card,2024-12-16,LOC003
ORD0001434,CUS000081,2024-12-12 05:04:41,Delivered,9206.000000000002,Pick up in store,335 Kyle Crescent Apt. 760,335 Kyle Crescent Apt. 760,Credit Card,2024-12-15,LOC004
ORD0001435,CUS000068,2024-12-11 13:36:41,Delivered,3990.12,Pick up in store,165 Walker Mill,165 Walker Mill,PayPal,2024-12-15,LOC012
ORD0001436,CUS000034,2024-12-12 04:25:41,Delivered,1883.53,Standard,81729 Mccall Meadows,81729 Mccall Meadows,PayPal,2024-12-17,LOC009
ORD0001437,CUS000006,2024-12-12 03:56:41,Delivered,2339.66,Express,20878 Andersen Lock Suite 120,20878 Andersen Lock Suite 120,Bank Transfer,2024-12-13,LOC017
ORD0001438,CUS000072,2024-12-11 15:43:41,Delivered,9531.82,Express,022 Brennan Vista,022 Brennan Vista,Credit Card,2024-12-12,LOC015
ORD0001439,CUS000032,2024-12-11 16:56:41,Delivered,8132.67,Standard,57334 Cooper Island,57334 Cooper Island,Credit Card,2024-12-17,LOC002
ORD0001440,CUS000021,2024-12-11 21:18:41,Delivered,2556.5299999999997,Express,873 Paul Lakes,873 Paul Lakes,PayPal,2024-12-12,LOC004
ORD0001441,CUS000001,2024-12-11 18:33:41,Delivered,9992.67,Standard,45447 Ryan Springs Suite 790,45447 Ryan Springs Suite 790,PayPal,2024-12-15,LOC006
ORD0001442,CUS000045,2024-12-12 03:42:41,Delivered,1812.16,Pick up in store,14062 Oliver Spurs,14062 Oliver Spurs,Bank Transfer,2024-12-14,LOC010
ORD0001443,CUS000065,2024-12-12 09:22:41,Delivered,2540.1,Next Day,0316 Wendy Club Apt. 476,0316 Wendy Club Apt. 476,PayPal,2024-12-15,LOC016
ORD0001444,CUS000064,2024-12-11 16:38:41,Delivered,5226.01,Pick up in store,93926 Jason Common Suite 790,93926 Jason Common Suite 790,Credit Card,2024-12-17,LOC008
ORD0001445,CUS000040,2024-12-11 21:38:41,Delivered,2611.11,Pick up in store,9433 Jackie Key,9433 Jackie Key,Bank Transfer,2024-12-16,LOC019
ORD0001446,CUS000026,2024-12-11 17:20:41,Delivered,3812.84,Express,305 Newton Bypass,305 Newton Bypass,PayPal,2024-12-13,LOC002
ORD0001447,CUS000010,2024-12-11 19:05:41,Delivered,2420.3300000000004,Pick up in store,386 Brian Gateway,386 Brian Gateway,PayPal,2024-12-14,LOC012
ORD0001448,CUS000027,2024-12-12 01:59:41,Delivered,7125.87,Express,8148 John Course Suite 159,8148 John Course Suite 159,Bank Transfer,2024-12-14,LOC013
ORD0001449,CUS000010,2024-12-12 10:41:41,Delivered,3117.33,Pick up in store,386 Brian Gateway,386 Brian Gateway,Credit Card,2024-12-18,LOC014
ORD0001450,CUS000064,2024-12-12 03:08:41,Delivered,782.24,Pick up in store,93926 Jason Common Suite 790,93926 Jason Common Suite 790,Credit Card,2024-12-16,LOC020
ORD0001451,CUS000040,2024-12-11 22:24:41,Delivered,3212.04,Express,9433 Jackie Key,9433 Jackie Key,Bank Transfer,2024-12-12,LOC011
ORD0001452,CUS000043,2024-12-12 02:13:41,Delivered,2225.27,Standard,1002 John Row Apt. 424,1002 John Row Apt. 424,Bank Transfer,2024-12-16,LOC005
ORD0001453,CUS000040,2024-12-12 10:49:41,Delivered,8433.060000000001,Express,9433 Jackie Key,9433 Jackie Key,Bank Transfer,2024-12-18,LOC004
ORD0001454,CUS000029,2024-12-11 17:15:41,Delivered,5218.599999999999,Pick up in store,248 Schaefer Alley,248 Schaefer Alley,Credit Card,2024-12-17,LOC018
ORD0001455,CUS000099,2024-12-11 11:43:41,Delivered,2911.58,Pick up in store,385 Diana Mountain,385 Diana Mountain,Credit Card,2024-12-16,LOC012
ORD0001456,CUS000068,2024-12-12 06:19:41,Delivered,3557.32,Pick up in store,165 Walker Mill,165 Walker Mill,Credit Card,2024-12-15,LOC003
ORD0001457,CUS000076,2024-12-12 09:17:41,Delivered,870.37,Next Day,8996 Amanda Plaza,8996 Amanda Plaza,Bank Transfer,2024-12-14,LOC014
ORD0001458,CUS000021,2024-12-12 02:25:41,Delivered,606.3,Next Day,873 Paul Lakes,873 Paul Lakes,PayPal,2024-12-17,LOC008
ORD0001459,CUS000013,2024-12-11 15:48:41,Delivered,2556.96,Pick up in store,54024 Miller Track Suite 763,54024 Miller Track Suite 763,Credit Card,2024-12-16,LOC019
ORD0001460,CUS000078,2024-12-11 23:16:41,Delivered,7351.24,Express,783 Hudson Mill Suite 171,783 Hudson Mill Suite 171,Bank Transfer,2024-12-13,LOC004
ORD0001461,CUS000052,2024-12-11 23:27:41,Delivered,5217.77,Express,28803 Kyle Island,28803 Kyle Island,Credit Card,2024-12-17,LOC009
ORD0001462,CUS000006,2024-12-13 05:57:41,Delivered,4411.45,Express,20878 Andersen Lock Suite 120,20878 Andersen Lock Suite 120,Credit Card,2024-12-14,LOC004
ORD0001463,CUS000054,2024-12-13 04:43:41,Delivered,712.05,Pick up in store,00532 Matthew Fork Suite 143,00532 Matthew Fork Suite 143,Credit Card,2024-12-18,LOC019
ORD0001464,CUS000096,2024-12-12 21:05:41,Delivered,3079.05,Pick up in store,997 Debra Road,997 Debra Road,Bank Transfer,2024-12-17,LOC004
ORD0001465,CUS000064,2024-12-12 15:55:41,Delivered,7650.119999999999,Pick up in store,93926 Jason Common Suite 790,93926 Jason Common Suite 790,PayPal,2024-12-14,LOC011
ORD0001466,CUS000065,2024-12-13 08:24:41,Delivered,852.32,Express,0316 Wendy Club Apt. 476,0316 Wendy Club Apt. 476,PayPal,2024-12-15,LOC013
ORD0001467,CUS000001,2024-12-12 13:41:41,Delivered,3721.34,Pick up in store,45447 Ryan Springs Suite 790,45447 Ryan Springs Suite 790,Bank Transfer,2024-12-13,LOC017
ORD0001468,CUS000041,2024-12-12 11:45:41,Delivered,3912.88,Standard,312 Mathew Route Suite 835,312 Mathew Route Suite 835,Credit Card,2024-12-19,LOC020
ORD0001469,CUS000026,2024-12-13 05:06:41,Delivered,2226.2,Pick up in store,305 Newton Bypass,305 Newton Bypass,Bank Transfer,2024-12-18,LOC011
ORD0001470,CUS000078,2024-12-12 12:44:41,Delivered,6505.79,Standard,783 Hudson Mill Suite 171,783 Hudson Mill Suite 171,Credit Card,2024-12-15,LOC016
ORD0001471,CUS000064,2024-12-13 04:51:41,Delivered,5312.1900000000005,Pick up in store,93926 Jason Common Suite 790,93926 Jason Common Suite 790,PayPal,2024-12-20,LOC005
ORD0001472,CUS000070,2024-12-13 06:31:41,Delivered,5025.46,Next Day,17993 Lee Cove Apt. 976,17993 Lee Cove Apt. 976,Credit Card,2024-12-16,LOC013
ORD0001473,CUS000020,2024-12-14 04:19:41,Delivered,5567.030000000001,Standard,63649 Robinson Court,63649 Robinson Court,Bank Transfer,2024-12-16,LOC017
ORD0001474,CUS000074,2024-12-13 16:19:41,Delivered,4729.360000000001,Next Day,42549 Zavala Lakes Suite 652,42549 Zavala Lakes Suite 652,Credit Card,2024-12-19,LOC009
ORD0001475,CUS000069,2024-12-14 06:57:41,Delivered,3561.07,Standard,56017 Michelle Trace Apt. 592,56017 Michelle Trace Apt. 592,Credit Card,2024-12-15,LOC005
ORD0001476,CUS000078,2024-12-14 03:17:41,Delivered,2076.7200000000003,Express,783 Hudson Mill Suite 171,783 Hudson Mill Suite 171,PayPal,2024-12-21,LOC007
ORD0001477,CUS000064,2024-12-13 12:12:41,Delivered,7698.7699999999995,Pick up in store,93926 Jason Common Suite 790,93926 Jason Common Suite 790,Credit Card,2024-12-14,LOC009
ORD0001478,CUS000019,2024-12-14 01:31:41,Delivered,7535.17,Pick up in store,3594 Long Wall Suite 248,3594 Long Wall Suite 248,Bank Transfer,2024-12-15,LOC013
ORD0001479,CUS000026,2024-12-13 19:37:41,Delivered,4798.91,Express,305 Newton Bypass,305 Newton Bypass,PayPal,2024-12-14,LOC018
ORD0001480,CUS000068,2024-12-14 06:41:41,Delivered,7663.130000000001,Next Day,165 Walker Mill,165 Walker Mill,Credit Card,2024-12-20,LOC016
ORD0001481,CUS000083,2024-12-13 18:41:41,Delivered,2806.67,Next Day,808 Joseph Center Suite 987,808 Joseph Center Suite 987,PayPal,2024-12-16,LOC017
ORD0001482,CUS000067,2024-12-14 05:27:41,Delivered,7134.23,Pick up in store,4937 Brown Turnpike Suite 240,4937 Brown Turnpike Suite 240,Bank Transfer,2024-12-15,LOC005
ORD0001483,CUS000082,2024-12-14 02:15:41,Delivered,2901.05,Pick up in store,3913 Chambers Park Apt. 634,3913 Chambers Park Apt. 634,Bank Transfer,2024-12-19,LOC013
ORD0001484,CUS000008,2024-12-13 15:55:41,Delivered,4143.84,Express,949 Mueller Mission,949 Mueller Mission,PayPal,2024-12-17,LOC003
ORD0001485,CUS000097,2024-12-14 05:54:41,Delivered,3785.0699999999997,Pick up in store,728 Laurie Cape,728 Laurie Cape,Credit Card,2024-12-16,LOC009
ORD0001486,CUS000051,2024-12-13 23:22:41,Delivered,7048.12,Express,563 Jones Fields Suite 934,563 Jones Fields Suite 934,PayPal,2024-12-19,LOC002
ORD0001487,CUS000073,2024-12-13 18:22:41,Delivered,6054.67,Next Day,598 Smith Mission Suite 623,598 Smith Mission Suite 623,Credit Card,2024-12-16,LOC007
ORD0001488,CUS000033,2024-12-15 04:47:41,Delivered,1848.76,Express,32833 Harris Fall,32833 Harris Fall,Credit Card,2024-12-20,LOC016
ORD0001489,CUS000052,2024-12-14 19:35:41,Delivered,5883.45,Express,28803 Kyle Island,28803 Kyle Island,Bank Transfer,2024-12-20,LOC007
ORD0001490,CUS000083,2024-12-14 13:50:41,Delivered,7660.439999999999,Express,808 Joseph Center Suite 987,808 Joseph Center Suite 987,Bank Transfer,2024-12-20,LOC008
ORD0001491,CUS000057,2024-12-15 03:23:41,Delivered,1570.0,Express,647 Mcgee Manors,647 Mcgee Manors,PayPal,2024-12-18,LOC006
ORD0001492,CUS000038,2024-12-14 14:57:41,Delivered,7595.82,Pick up in store,811 Leonard Ford Apt. 102,811 Leonard Ford Apt. 102,PayPal,2024-12-16,LOC020
ORD0001493,CUS000078,2024-12-14 18:33:41,Delivered,692.24,Express,783 Hudson Mill Suite 171,783 Hudson Mill Suite 171,PayPal,2024-12-17,LOC019
ORD0001494,CUS000097,2024-12-14 12:02:41,Delivered,3715.8599999999997,Standard,728 Laurie Cape,728 Laurie Cape,Credit Card,2024-12-16,LOC003
ORD0001495,CUS000018,2024-12-14 14:59:41,Delivered,4028.04,Next Day,693 Kathryn Extension,693 Kathryn Extension,PayPal,2024-12-21,LOC001
ORD0001496,CUS000069,2024-12-14 23:05:41,Delivered,4908.11,Express,56017 Michelle Trace Apt. 592,56017 Michelle Trace Apt. 592,PayPal,2024-12-16,LOC010
ORD0001497,CUS000033,2024-12-14 23:05:41,Delivered,3134.3599999999997,Pick up in store,32833 Harris Fall,32833 Harris Fall,Credit Card,2024-12-15,LOC015
ORD0001498,CUS000066,2024-12-14 18:57:41,Delivered,2551.23,Express,712 Andrew Ranch,712 Andrew Ranch,PayPal,2024-12-15,LOC016
ORD0001499,CUS000017,2024-12-15 15:07:41,Delivered,5528.19,Express,4207 Craig Causeway,4207 Craig Causeway,Credit Card,2024-12-20,LOC004
ORD0001500,CUS000071,2024-12-15 19:50:41,Delivered,1141.76,Standard,085 Aaron Crescent Apt. 676,085 Aaron Crescent Apt. 676,Credit Card,2024-12-17,LOC009
ORD0001501,CUS000045,2024-12-16 03:55:41,Delivered,7214.9,Pick up in store,14062 Oliver Spurs,14062 Oliver Spurs,Credit Card,2024-12-22,LOC019
ORD0001502,CUS000037,2024-12-15 20:25:41,Delivered,448.83000000000004,Express,536 Elizabeth Via,536 Elizabeth Via,Credit Card,2024-12-19,LOC011
ORD0001503,CUS000046,2024-12-16 04:19:41,Delivered,3961.4300000000003,Express,0384 Michelle Cape,0384 Michelle Cape,Bank Transfer,2024-12-22,LOC012
ORD0001504,CUS000033,2024-12-16 04:37:41,Delivered,1675.68,Pick up in store,32833 Harris Fall,32833 Harris Fall,Bank Transfer,2024-12-19,LOC002
ORD0001505,CUS000045,2024-12-15 16:55:41,Delivered,1938.21,Express,14062 Oliver Spurs,14062 Oliver Spurs,PayPal,2024-12-20,LOC002
ORD0001506,CUS000014,2024-12-16 09:32:41,Delivered,6377.539999999999,Pick up in store,240 Lewis Park,240 Lewis Park,Credit Card,2024-12-19,LOC005
ORD0001507,CUS000055,2024-12-16 05:30:41,Delivered,422.28,Next Day,3345 Angela Lane Suite 782,3345 Angela Lane Suite 782,PayPal,2024-12-17,LOC010
ORD0001508,CUS000020,2024-12-15 19:34:41,Delivered,948.12,Next Day,63649 Robinson Court,63649 Robinson Court,Bank Transfer,2024-12-16,LOC016
ORD0001509,CUS000055,2024-12-16 02:50:41,Delivered,6994.04,Standard,3345 Angela Lane Suite 782,3345 Angela Lane Suite 782,Bank Transfer,2024-12-19,LOC012
ORD0001510,CUS000096,2024-12-15 17:11:41,Delivered,1024.2,Standard,997 Debra Road,997 Debra Road,PayPal,2024-12-21,LOC014
ORD0001511,CUS000006,2024-12-15 21:51:41,Delivered,1961.1599999999999,Pick up in store,20878 Andersen Lock Suite 120,20878 Andersen Lock Suite 120,PayPal,2024-12-22,LOC006
ORD0001512,CUS000041,2024-12-16 01:05:41,Delivered,2409.0299999999997,Pick up in store,312 Mathew Route Suite 835,312 Mathew Route Suite 835,Credit Card,2024-12-23,LOC020
ORD0001513,CUS000028,2024-12-15 16:42:41,Delivered,7690.86,Standard,4548 Rose Corner,4548 Rose Corner,Bank Transfer,2024-12-17,LOC004
ORD0001514,CUS000092,2024-12-16 10:29:41,Delivered,6376.27,Standard,441 Nichols Glen,441 Nichols Glen,PayPal,2024-12-20,LOC019
ORD0001515,CUS000007,2024-12-15 16:54:41,Delivered,842.26,Express,64048 Golden Mount Suite 491,64048 Golden Mount Suite 491,Credit Card,2024-12-21,LOC001
ORD0001516,CUS000053,2024-12-15 11:54:41,Delivered,1632.33,Express,92512 Armstrong Station,92512 Armstrong Station,Bank Transfer,2024-12-21,LOC017
ORD0001517,CUS000073,2024-12-15 12:05:41,Delivered,712.77,Next Day,598 Smith Mission Suite 623,598 Smith Mission Suite 623,Bank Transfer,2024-12-17,LOC004
ORD0001518,CUS000025,2024-12-16 10:43:41,Delivered,4988.37,Pick up in store,554 Phillips Spring,554 Phillips Spring,Bank Transfer,2024-12-17,LOC008
ORD0001519,CUS000080,2024-12-15 12:05:41,Delivered,8547.08,Express,84198 Mitchell Light,84198 Mitchell Light,Credit Card,2024-12-21,LOC011
ORD0001520,CUS000025,2024-12-16 00:15:41,Delivered,3054.24,Pick up in store,554 Phillips Spring,554 Phillips Spring,PayPal,2024-12-19,LOC020
ORD0001521,CUS000082,2024-12-16 01:06:41,Delivered,529.07,Next Day,3913 Chambers Park Apt. 634,3913 Chambers Park Apt. 634,Bank Transfer,2024-12-17,LOC006
ORD0001522,CUS000015,2024-12-16 06:36:41,Delivered,655.24,Next Day,943 Dawn Extension Apt. 032,943 Dawn Extension Apt. 032,Credit Card,2024-12-18,LOC007
ORD0001523,CUS000048,2024-12-15 18:39:41,Delivered,4516.82,Express,1997 Shelly Shore,1997 Shelly Shore,Bank Transfer,2024-12-22,LOC002
ORD0001524,CUS000049,2024-12-16 02:13:41,Delivered,3716.07,Standard,8581 Katelyn Pike Apt. 739,8581 Katelyn Pike Apt. 739,PayPal,2024-12-20,LOC007
ORD0001525,CUS000052,2024-12-15 15:17:41,Delivered,2309.7700000000004,Next Day,28803 Kyle Island,28803 Kyle Island,Credit Card,2024-12-22,LOC010
ORD0001526,CUS000025,2024-12-17 04:54:41,Delivered,2211.3999999999996,Standard,554 Phillips Spring,554 Phillips Spring,Credit Card,2024-12-21,LOC019
ORD0001527,CUS000039,2024-12-16 12:23:41,Delivered,5308.360000000001,Express,06077 Marcus Bypass,06077 Marcus Bypass,Bank Transfer,2024-12-17,LOC012
ORD0001528,CUS000002,2024-12-17 07:11:41,Delivered,5259.389999999999,Next Day,7944 Rich Turnpike,7944 Rich Turnpike,Bank Transfer,2024-12-24,LOC003
ORD0001529,CUS000006,2024-12-16 13:51:41,Delivered,7167.870000000001,Pick up in store,20878 Andersen Lock Suite 120,20878 Andersen Lock Suite 120,Bank Transfer,2024-12-20,LOC002
ORD0001530,CUS000072,2024-12-16 22:41:41,Delivered,1567.8,Pick up in store,022 Brennan Vista,022 Brennan Vista,Bank Transfer,2024-12-18,LOC011
ORD0001531,CUS000021,2024-12-17 07:47:41,Delivered,3859.12,Express,873 Paul Lakes,873 Paul Lakes,Credit Card,2024-12-18,LOC016
ORD0001532,CUS000022,2024-12-16 20:17:41,Delivered,3950.2099999999996,Pick up in store,290 Hodges Pine,290 Hodges Pine,Credit Card,2024-12-21,LOC005
ORD0001533,CUS000092,2024-12-16 16:53:41,Delivered,8165.36,Express,441 Nichols Glen,441 Nichols Glen,PayPal,2024-12-17,LOC018
ORD0001534,CUS000084,2024-12-16 18:30:41,Delivered,5799.5199999999995,Next Day,3563 Ashley Wall Apt. 125,3563 Ashley Wall Apt. 125,Credit Card,2024-12-17,LOC017
ORD0001535,CUS000009,2024-12-17 08:48:41,Delivered,8174.090000000001,Standard,4479 Hinton Heights Suite 425,4479 Hinton Heights Suite 425,PayPal,2024-12-19,LOC003
ORD0001536,CUS000021,2024-12-16 17:46:41,Delivered,6023.74,Standard,873 Paul Lakes,873 Paul Lakes,Bank Transfer,2024-12-19,LOC019
ORD0001537,CUS000054,2024-12-16 11:45:41,Delivered,5102.38,Express,00532 Matthew Fork Suite 143,00532 Matthew Fork Suite 143,PayPal,2024-12-18,LOC010
ORD0001538,CUS000012,2024-12-16 14:29:41,Delivered,5174.28,Standard,753 Powell Manor Suite 888,753 Powell Manor Suite 888,PayPal,2024-12-22,LOC001
ORD0001539,CUS000039,2024-12-16 18:47:41,Delivered,4677.870000000001,Next Day,06077 Marcus Bypass,06077 Marcus Bypass,Credit Card,2024-12-20,LOC020
ORD0001540,CUS000054,2024-12-17 09:34:41,Delivered,1511.26,Express,00532 Matthew Fork Suite 143,00532 Matthew Fork Suite 143,PayPal,2024-12-18,LOC005
ORD0001541,CUS000100,2024-12-16 23:03:41,Delivered,4187.37,Express,14536 Holly Trail,14536 Holly Trail,Credit Card,2024-12-17,LOC017
ORD0001542,CUS000065,2024-12-17 09:35:41,Delivered,4960.42,Next Day,0316 Wendy Club Apt. 476,0316 Wendy Club Apt. 476,Bank Transfer,2024-12-18,LOC006
ORD0001543,CUS000078,2024-12-17 04:55:41,Delivered,12758.330000000002,Express,783 Hudson Mill Suite 171,783 Hudson Mill Suite 171,PayPal,2024-12-19,LOC002
ORD0001544,CUS000042,2024-12-16 12:12:41,Delivered,4101.84,Next Day,19899 Mark Way Suite 871,19899 Mark Way Suite 871,Credit Card,2024-12-17,LOC001
ORD0001545,CUS000070,2024-12-16 21:25:41,Delivered,5884.549999999999,Express,17993 Lee Cove Apt. 976,17993 Lee Cove Apt. 976,Credit Card,2024-12-23,LOC019
ORD0001546,CUS000018,2024-12-16 23:53:41,Delivered,2511.21,Standard,693 Kathryn Extension,693 Kathryn Extension,Credit Card,2024-12-20,LOC014
ORD0001547,CUS000077,2024-12-16 16:03:41,Delivered,2670.27,Next Day,17316 Ashley Ridges Suite 345,17316 Ashley Ridges Suite 345,Credit Card,2024-12-23,LOC019
ORD0001548,CUS000081,2024-12-16 12:14:41,Delivered,4280.360000000001,Next Day,335 Kyle Crescent Apt. 760,335 Kyle Crescent Apt. 760,PayPal,2024-12-20,LOC006
ORD0001549,CUS000061,2024-12-17 05:06:41,Delivered,1005.96,Next Day,8595 Joshua Pine,8595 Joshua Pine,Bank Transfer,2024-12-24,LOC018
ORD0001550,CUS000099,2024-12-16 19:01:41,Delivered,4265.67,Next Day,385 Diana Mountain,385 Diana Mountain,Credit Card,2024-12-19,LOC017
ORD0001551,CUS000056,2024-12-16 21:18:41,Delivered,73.02,Express,5399 Pierce Gardens Suite 720,5399 Pierce Gardens Suite 720,PayPal,2024-12-23,LOC011
ORD0001552,CUS000001,2024-12-16 12:30:41,Delivered,890.09,Pick up in store,45447 Ryan Springs Suite 790,45447 Ryan Springs Suite 790,Bank Transfer,2024-12-17,LOC015
ORD0001553,CUS000100,2024-12-16 17:38:41,Delivered,2362.5899999999997,Next Day,14536 Holly Trail,14536 Holly Trail,PayPal,2024-12-22,LOC015
ORD0001554,CUS000077,2024-12-18 01:18:41,Delivered,1022.35,Pick up in store,17316 Ashley Ridges Suite 345,17316 Ashley Ridges Suite 345,Credit Card,2024-12-20,LOC004
ORD0001555,CUS000040,2024-12-18 01:44:41,Delivered,2662.0,Express,9433 Jackie Key,9433 Jackie Key,PayPal,2024-12-22,LOC018
ORD0001556,CUS000052,2024-12-17 19:55:41,Delivered,4382.78,Standard,28803 Kyle Island,28803 Kyle Island,PayPal,2024-12-18,LOC016
ORD0001557,CUS000006,2024-12-17 17:19:41,Delivered,4973.34,Next Day,20878 Andersen Lock Suite 120,20878 Andersen Lock Suite 120,Credit Card,2024-12-18,LOC016
ORD0001558,CUS000022,2024-12-17 15:12:41,Delivered,4261.77,Express,290 Hodges Pine,290 Hodges Pine,PayPal,2024-12-22,LOC008
ORD0001559,CUS000042,2024-12-17 15:26:41,Delivered,5166.09,Express,19899 Mark Way Suite 871,19899 Mark Way Suite 871,Bank Transfer,2024-12-20,LOC010
ORD0001560,CUS000044,2024-12-18 09:42:41,Delivered,4905.99,Standard,28472 Anderson Bypass,28472 Anderson Bypass,Bank Transfer,2024-12-25,LOC008
ORD0001561,CUS000029,2024-12-18 03:50:41,Delivered,4077.2200000000003,Standard,248 Schaefer Alley,248 Schaefer Alley,Credit Card,2024-12-23,LOC001
ORD0001562,CUS000075,2024-12-17 23:08:41,Delivered,3754.3,Next Day,10585 Shaun Squares Suite 674,10585 Shaun Squares Suite 674,Bank Transfer,2024-12-19,LOC008
ORD0001563,CUS000002,2024-12-18 06:34:41,Delivered,4241.23,Express,7944 Rich Turnpike,7944 Rich Turnpike,Bank Transfer,2024-12-24,LOC007
ORD0001564,CUS000030,2024-12-18 05:21:41,Delivered,9210.720000000001,Standard,56818 Wright Drives,56818 Wright Drives,Credit Card,2024-12-19,LOC002
ORD0001565,CUS000084,2024-12-18 07:03:41,Delivered,570.71,Standard,3563 Ashley Wall Apt. 125,3563 Ashley Wall Apt. 125,PayPal,2024-12-25,LOC003
ORD0001566,CUS000037,2024-12-17 21:19:41,Delivered,3965.88,Standard,536 Elizabeth Via,536 Elizabeth Via,Bank Transfer,2024-12-19,LOC017
ORD0001567,CUS000049,2024-12-18 02:16:41,Delivered,1930.68,Next Day,8581 Katelyn Pike Apt. 739,8581 Katelyn Pike Apt. 739,Credit Card,2024-12-20,LOC019
ORD0001568,CUS000043,2024-12-18 04:53:41,Delivered,1607.71,Standard,1002 John Row Apt. 424,1002 John Row Apt. 424,Bank Transfer,2024-12-22,LOC011
ORD0001569,CUS000059,2024-12-18 06:01:41,Delivered,7113.789999999999,Express,604 Jones Courts Apt. 869,604 Jones Courts Apt. 869,Credit Card,2024-12-25,LOC009
ORD0001570,CUS000047,2024-12-19 07:22:41,Delivered,549.42,Standard,46161 Ortega Fork Apt. 399,46161 Ortega Fork Apt. 399,Credit Card,2024-12-22,LOC014
ORD0001571,CUS000076,2024-12-18 11:09:41,Delivered,3327.5,Pick up in store,8996 Amanda Plaza,8996 Amanda Plaza,Bank Transfer,2024-12-25,LOC012
ORD0001572,CUS000097,2024-12-18 15:19:41,Delivered,613.0699999999999,Next Day,728 Laurie Cape,728 Laurie Cape,Bank Transfer,2024-12-24,LOC008
ORD0001573,CUS000097,2024-12-19 04:31:41,Delivered,3712.08,Standard,728 Laurie Cape,728 Laurie Cape,Credit Card,2024-12-21,LOC009
ORD0001574,CUS000043,2024-12-18 16:21:41,Delivered,4236.040000000001,Pick up in store,1002 John Row Apt. 424,1002 John Row Apt. 424,Credit Card,2024-12-19,LOC019
ORD0001575,CUS000040,2024-12-18 19:46:41,Delivered,6070.0,Express,9433 Jackie Key,9433 Jackie Key,Credit Card,2024-12-20,LOC004
ORD0001576,CUS000056,2024-12-18 14:57:41,Delivered,2049.84,Standard,5399 Pierce Gardens Suite 720,5399 Pierce Gardens Suite 720,Bank Transfer,2024-12-19,LOC007
ORD0001577,CUS000001,2024-12-19 05:57:41,Delivered,1911.8000000000002,Pick up in store,45447 Ryan Springs Suite 790,45447 Ryan Springs Suite 790,PayPal,2024-12-22,LOC020
ORD0001578,CUS000091,2024-12-19 03:29:41,Delivered,2010.96,Express,7372 Marshall Haven,7372 Marshall Haven,Bank Transfer,2024-12-22,LOC017
ORD0001579,CUS000050,2024-12-18 23:31:41,Delivered,3798.8499999999995,Standard,739 Garcia Spur Apt. 819,739 Garcia Spur Apt. 819,PayPal,2024-12-25,LOC004
ORD0001580,CUS000047,2024-12-19 03:39:41,Delivered,7152.920000000001,Express,46161 Ortega Fork Apt. 399,46161 Ortega Fork Apt. 399,Credit Card,2024-12-21,LOC010
ORD0001581,CUS000077,2024-12-19 04:48:41,Delivered,446.54,Next Day,17316 Ashley Ridges Suite 345,17316 Ashley Ridges Suite 345,PayPal,2024-12-22,LOC003
ORD0001582,CUS000027,2024-12-18 21:44:41,Delivered,1635.51,Pick up in store,8148 John Course Suite 159,8148 John Course Suite 159,Bank Transfer,2024-12-24,LOC014
ORD0001583,CUS000023,2024-12-18 15:50:41,Delivered,2919.05,Pick up in store,245 Hall Cove,245 Hall Cove,Bank Transfer,2024-12-20,LOC008
ORD0001584,CUS000090,2024-12-18 23:13:41,Delivered,4265.97,Pick up in store,9210 Morris Turnpike Suite 212,9210 Morris Turnpike Suite 212,Credit Card,2024-12-21,LOC020
ORD0001585,CUS000010,2024-12-18 10:53:41,Delivered,812.3000000000001,Pick up in store,386 Brian Gateway,386 Brian Gateway,Bank Transfer,2024-12-25,LOC009
ORD0001586,CUS000059,2024-12-19 04:40:41,Delivered,1831.6,Next Day,604 Jones Courts Apt. 869,604 Jones Courts Apt. 869,Bank Transfer,2024-12-24,LOC007
ORD0001587,CUS000040,2024-12-18 16:02:41,Delivered,6801.960000000001,Pick up in store,9433 Jackie Key,9433 Jackie Key,PayPal,2024-12-22,LOC011
ORD0001588,CUS000078,2024-12-19 02:56:41,Delivered,333.39000000000004,Next Day,783 Hudson Mill Suite 171,783 Hudson Mill Suite 171,PayPal,2024-12-26,LOC016
ORD0001589,CUS000073,2024-12-18 16:32:41,Delivered,11712.880000000001,Standard,598 Smith Mission Suite 623,598 Smith Mission Suite 623,Bank Transfer,2024-12-21,LOC017
ORD0001590,CUS000048,2024-12-19 07:46:41,Delivered,5526.950000000001,Next Day,1997 Shelly Shore,1997 Shelly Shore,Credit Card,2024-12-24,LOC015
ORD0001591,CUS000020,2024-12-18 19:13:41,Delivered,7200.589999999999,Pick up in store,63649 Robinson Court,63649 Robinson Court,PayPal,2024-12-19,LOC017
ORD0001592,CUS000018,2024-12-18 12:54:41,Delivered,3927.3999999999996,Standard,693 Kathryn Extension,693 Kathryn Extension,PayPal,2024-12-20,LOC012
ORD0001593,CUS000041,2024-12-19 01:34:41,Delivered,3969.46,Standard,312 Mathew Route Suite 835,312 Mathew Route Suite 835,PayPal,2024-12-22,LOC010
ORD0001594,CUS000087,2024-12-20 07:05:41,Delivered,2502.63,Next Day,99137 Scott Streets Suite 891,99137 Scott Streets Suite 891,Bank Transfer,2024-12-21,LOC009
ORD0001595,CUS000058,2024-12-19 11:38:41,Delivered,2941.82,Standard,6387 Susan Roads,6387 Susan Roads,PayPal,2024-12-26,LOC013
ORD0001596,CUS000023,2024-12-20 08:58:41,Delivered,5719.51,Next Day,245 Hall Cove,245 Hall Cove,PayPal,2024-12-21,LOC020
ORD0001597,CUS000088,2024-12-19 19:43:41,Delivered,2757.72,Next Day,50544 Penny Isle Suite 526,50544 Penny Isle Suite 526,PayPal,2024-12-23,LOC017
ORD0001598,CUS000060,2024-12-20 04:39:41,Delivered,1419.88,Express,50318 Kenneth Burg Suite 855,50318 Kenneth Burg Suite 855,Credit Card,2024-12-23,LOC020
ORD0001599,CUS000092,2024-12-19 16:52:41,Delivered,2515.4399999999996,Express,441 Nichols Glen,441 Nichols Glen,PayPal,2024-12-26,LOC004
ORD0001600,CUS000040,2024-12-19 13:41:41,Delivered,649.84,Express,9433 Jackie Key,9433 Jackie Key,PayPal,2024-12-24,LOC020
ORD0001601,CUS000090,2024-12-19 11:55:41,Delivered,3729.4,Next Day,9210 Morris Turnpike Suite 212,9210 Morris Turnpike Suite 212,Bank Transfer,2024-12-21,LOC019
ORD0001602,CUS000066,2024-12-20 02:42:41,Delivered,711.71,Pick up in store,712 Andrew Ranch,712 Andrew Ranch,Credit Card,2024-12-27,LOC016
ORD0001603,CUS000017,2024-12-19 23:17:41,Delivered,2291.2200000000003,Pick up in store,4207 Craig Causeway,4207 Craig Causeway,Bank Transfer,2024-12-23,LOC013
ORD0001604,CUS000088,2024-12-20 08:46:41,Delivered,3270.06,Express,50544 Penny Isle Suite 526,50544 Penny Isle Suite 526,Credit Card,2024-12-23,LOC016
ORD0001605,CUS000013,2024-12-20 01:42:41,Delivered,7040.44,Standard,54024 Miller Track Suite 763,54024 Miller Track Suite 763,Credit Card,2024-12-23,LOC002
ORD0001606,CUS000080,2024-12-20 07:57:41,Delivered,4933.12,Next Day,84198 Mitchell Light,84198 Mitchell Light,PayPal,2024-12-22,LOC015
ORD0001607,CUS000076,2024-12-20 08:38:41,Delivered,3041.78,Standard,8996 Amanda Plaza,8996 Amanda Plaza,Bank Transfer,2024-12-25,LOC002
ORD0001608,CUS000002,2024-12-19 17:09:41,Delivered,2111.3999999999996,Next Day,7944 Rich Turnpike,7944 Rich Turnpike,PayPal,2024-12-23,LOC018
ORD0001609,CUS000060,2024-12-19 17:23:41,Delivered,7243.070000000001,Express,50318 Kenneth Burg Suite 855,50318 Kenneth Burg Suite 855,PayPal,2024-12-25,LOC014
ORD0001610,CUS000085,2024-12-20 03:44:41,Delivered,10708.07,Pick up in store,65310 Smith Causeway,65310 Smith Causeway,Bank Transfer,2024-12-21,LOC020
ORD0001611,CUS000037,2024-12-19 16:36:41,Delivered,1591.8,Standard,536 Elizabeth Via,536 Elizabeth Via,Credit Card,2024-12-23,LOC010
ORD0001612,CUS000061,2024-12-19 21:33:41,Delivered,7060.3,Next Day,8595 Joshua Pine,8595 Joshua Pine,Credit Card,2024-12-24,LOC019
ORD0001613,CUS000031,2024-12-20 00:22:41,Delivered,3282.52,Pick up in store,3219 Rodriguez Passage Suite 363,3219 Rodriguez Passage Suite 363,PayPal,2024-12-24,LOC008
ORD0001614,CUS000067,2024-12-20 11:55:41,Delivered,696.54,Next Day,4937 Brown Turnpike Suite 240,4937 Brown Turnpike Suite 240,PayPal,2024-12-24,LOC019
ORD0001615,CUS000093,2024-12-21 09:02:41,Delivered,4392.33,Next Day,443 Evans Pine Apt. 602,443 Evans Pine Apt. 602,PayPal,2024-12-27,LOC016
ORD0001616,CUS000088,2024-12-21 00:28:41,Delivered,1047.12,Express,50544 Penny Isle Suite 526,50544 Penny Isle Suite 526,Credit Card,2024-12-22,LOC001
ORD0001617,CUS000002,2024-12-21 06:02:41,Delivered,3351.6000000000004,Next Day,7944 Rich Turnpike,7944 Rich Turnpike,PayPal,2024-12-28,LOC005
ORD0001618,CUS000050,2024-12-21 02:28:41,Delivered,5123.07,Standard,739 Garcia Spur Apt. 819,739 Garcia Spur Apt. 819,Credit Card,2024-12-24,LOC014
ORD0001619,CUS000096,2024-12-21 08:51:41,Delivered,3384.1800000000003,Standard,997 Debra Road,997 Debra Road,Credit Card,2024-12-23,LOC018
ORD0001620,CUS000074,2024-12-21 09:21:41,Delivered,4254.97,Express,42549 Zavala Lakes Suite 652,42549 Zavala Lakes Suite 652,Bank Transfer,2024-12-24,LOC004
ORD0001621,CUS000089,2024-12-20 18:35:41,Delivered,12107.51,Standard,890 Fuller Harbor Apt. 884,890 Fuller Harbor Apt. 884,Bank Transfer,2024-12-27,LOC019
ORD0001622,CUS000067,2024-12-21 10:18:41,Delivered,6546.5199999999995,Pick up in store,4937 Brown Turnpike Suite 240,4937 Brown Turnpike Suite 240,PayPal,2024-12-27,LOC016
ORD0001623,CUS000079,2024-12-21 04:59:41,Delivered,9663.400000000001,Next Day,34676 Chan Brooks,34676 Chan Brooks,Credit Card,2024-12-23,LOC010
ORD0001624,CUS000077,2024-12-21 08:24:41,Delivered,2444.9600000000005,Next Day,17316 Ashley Ridges Suite 345,17316 Ashley Ridges Suite 345,Bank Transfer,2024-12-24,LOC012
ORD0001625,CUS000086,2024-12-21 00:52:41,Delivered,2784.7200000000003,Next Day,023 Melissa Crossroad Apt. 855,023 Melissa Crossroad Apt. 855,PayPal,2024-12-28,LOC010
ORD0001626,CUS000056,2024-12-21 13:06:41,Delivered,5915.79,Next Day,5399 Pierce Gardens Suite 720,5399 Pierce Gardens Suite 720,PayPal,2024-12-22,LOC012
ORD0001627,CUS000027,2024-12-22 09:09:41,Delivered,3965.88,Next Day,8148 John Course Suite 159,8148 John Course Suite 159,Bank Transfer,2024-12-26,LOC005
ORD0001628,CUS000050,2024-12-21 13:37:41,Delivered,3100.08,Next Day,739 Garcia Spur Apt. 819,739 Garcia Spur Apt. 819,Credit Card,2024-12-25,LOC012
ORD0001629,CUS000025,2024-12-21 14:07:41,Delivered,2315.7200000000003,Pick up in store,554 Phillips Spring,554 Phillips Spring,PayPal,2024-12-26,LOC015
ORD0001630,CUS000080,2024-12-22 07:28:41,Delivered,586.6800000000001,Standard,84198 Mitchell Light,84198 Mitchell Light,PayPal,2024-12-26,LOC005
ORD0001631,CUS000042,2024-12-21 18:44:41,Delivered,7948.92,Pick up in store,19899 Mark Way Suite 871,19899 Mark Way Suite 871,PayPal,2024-12-22,LOC013
ORD0001632,CUS000091,2024-12-22 02:00:41,Delivered,2819.42,Pick up in store,7372 Marshall Haven,7372 Marshall Haven,Bank Transfer,2024-12-29,LOC008
ORD0001633,CUS000089,2024-12-22 08:42:41,Delivered,368.13,Express,890 Fuller Harbor Apt. 884,890 Fuller Harbor Apt. 884,PayPal,2024-12-25,LOC020
ORD0001634,CUS000030,2024-12-22 02:49:41,Delivered,1423.42,Pick up in store,56818 Wright Drives,56818 Wright Drives,Credit Card,2024-12-23,LOC020
ORD0001635,CUS000015,2024-12-21 13:40:41,Delivered,5455.54,Express,943 Dawn Extension Apt. 032,943 Dawn Extension Apt. 032,PayPal,2024-12-26,LOC001
ORD0001636,CUS000087,2024-12-21 15:56:41,Delivered,7500.43,Pick up in store,99137 Scott Streets Suite 891,99137 Scott Streets Suite 891,Credit Card,2024-12-22,LOC001
ORD0001637,CUS000009,2024-12-22 04:11:41,Delivered,3006.7200000000003,Express,4479 Hinton Heights Suite 425,4479 Hinton Heights Suite 425,PayPal,2024-12-26,LOC001
ORD0001638,CUS000058,2024-12-22 08:08:41,Delivered,3563.16,Express,6387 Susan Roads,6387 Susan Roads,Credit Card,2024-12-27,LOC005
ORD0001639,CUS000034,2024-12-22 01:35:41,Delivered,7060.240000000001,Next Day,81729 Mccall Meadows,81729 Mccall Meadows,Credit Card,2024-12-24,LOC016
ORD0001640,CUS000065,2024-12-21 22:17:41,Delivered,756.56,Standard,0316 Wendy Club Apt. 476,0316 Wendy Club Apt. 476,Credit Card,2024-12-27,LOC009
ORD0001641,CUS000031,2024-12-22 03:17:41,Delivered,5951.410000000001,Express,3219 Rodriguez Passage Suite 363,3219 Rodriguez Passage Suite 363,Credit Card,2024-12-26,LOC009
ORD0001642,CUS000069,2024-12-22 03:06:41,Delivered,3137.62,Express,56017 Michelle Trace Apt. 592,56017 Michelle Trace Apt. 592,Credit Card,2024-12-24,LOC009
ORD0001643,CUS000073,2024-12-21 19:30:41,Delivered,4261.6,Standard,598 Smith Mission Suite 623,598 Smith Mission Suite 623,Bank Transfer,2024-12-25,LOC012
ORD0001644,CUS000043,2024-12-22 08:39:41,Delivered,2898.2999999999997,Standard,1002 John Row Apt. 424,1002 John Row Apt. 424,Bank Transfer,2024-12-29,LOC016
ORD0001645,CUS000033,2024-12-22 09:46:41,Delivered,13994.12,Next Day,32833 Harris Fall,32833 Harris Fall,PayPal,2024-12-23,LOC007
ORD0001646,CUS000027,2024-12-21 14:03:41,Delivered,5899.42,Next Day,8148 John Course Suite 159,8148 John Course Suite 159,Bank Transfer,2024-12-23,LOC014
ORD0001647,CUS000099,2024-12-21 10:52:41,Delivered,648.35,Pick up in store,385 Diana Mountain,385 Diana Mountain,PayPal,2024-12-22,LOC010
ORD0001648,CUS000006,2024-12-22 05:11:41,Delivered,8255.869999999999,Express,20878 Andersen Lock Suite 120,20878 Andersen Lock Suite 120,PayPal,2024-12-27,LOC007
ORD0001649,CUS000066,2024-12-21 14:53:41,Delivered,6303.56,Standard,712 Andrew Ranch,712 Andrew Ranch,Bank Transfer,2024-12-28,LOC013
ORD0001650,CUS000017,2024-12-21 20:56:41,Delivered,7845.59,Pick up in store,4207 Craig Causeway,4207 Craig Causeway,PayPal,2024-12-27,LOC015
ORD0001651,CUS000076,2024-12-21 13:56:41,Delivered,3860.58,Standard,8996 Amanda Plaza,8996 Amanda Plaza,PayPal,2024-12-22,LOC009
ORD0001652,CUS000075,2024-12-22 05:24:41,Delivered,413.03,Express,10585 Shaun Squares Suite 674,10585 Shaun Squares Suite 674,PayPal,2024-12-25,LOC009
ORD0001653,CUS000094,2024-12-22 02:52:41,Delivered,8568.539999999999,Next Day,91800 Tony Lights Suite 800,91800 Tony Lights Suite 800,Credit Card,2024-12-25,LOC020
ORD0001654,CUS000080,2024-12-22 00:45:41,Delivered,8178.36,Express,84198 Mitchell Light,84198 Mitchell Light,Bank Transfer,2024-12-29,LOC008
ORD0001655,CUS000041,2024-12-21 21:23:41,Delivered,6282.9400000000005,Pick up in store,312 Mathew Route Suite 835,312 Mathew Route Suite 835,PayPal,2024-12-23,LOC012
ORD0001656,CUS000005,2024-12-23 05:23:41,Delivered,4813.1900000000005,Standard,55835 Christopher Parkways Suite 486,55835 Christopher Parkways Suite 486,Bank Transfer,2024-12-27,LOC009
ORD0001657,CUS000056,2024-12-23 07:50:41,Delivered,299.22,Pick up in store,5399 Pierce Gardens Suite 720,5399 Pierce Gardens Suite 720,Credit Card,2024-12-27,LOC016
ORD0001658,CUS000064,2024-12-22 11:15:41,Delivered,9108.87,Pick up in store,93926 Jason Common Suite 790,93926 Jason Common Suite 790,Bank Transfer,2024-12-24,LOC001
ORD0001659,CUS000016,2024-12-22 12:32:41,Delivered,4213.01,Next Day,517 Lester Brook,517 Lester Brook,Credit Card,2024-12-29,LOC004
ORD0001660,CUS000009,2024-12-23 03:27:41,Delivered,2265.2000000000003,Standard,4479 Hinton Heights Suite 425,4479 Hinton Heights Suite 425,Bank Transfer,2024-12-28,LOC005
ORD0001661,CUS000071,2024-12-22 16:49:41,Delivered,9683.36,Pick up in store,085 Aaron Crescent Apt. 676,085 Aaron Crescent Apt. 676,Bank Transfer,2024-12-23,LOC007
ORD0001662,CUS000064,2024-12-22 11:16:41,Delivered,5086.679999999999,Standard,93926 Jason Common Suite 790,93926 Jason Common Suite 790,Credit Card,2024-12-23,LOC004
ORD0001663,CUS000015,2024-12-22 16:47:41,Delivered,5649.52,Express,943 Dawn Extension Apt. 032,943 Dawn Extension Apt. 032,Credit Card,2024-12-26,LOC020
ORD0001664,CUS000068,2024-12-23 02:07:41,Delivered,1258.31,Standard,165 Walker Mill,165 Walker Mill,PayPal,2024-12-27,LOC003
ORD0001665,CUS000014,2024-12-23 04:09:41,Delivered,3314.28,Express,240 Lewis Park,240 Lewis Park,PayPal,2024-12-26,LOC003
ORD0001666,CUS000095,2024-12-23 06:13:41,Delivered,785.3399999999999,Express,1425 Williams Mountain,1425 Williams Mountain,Bank Transfer,2024-12-26,LOC002
ORD0001667,CUS000069,2024-12-23 07:04:41,Delivered,4238.620000000001,Pick up in store,56017 Michelle Trace Apt. 592,56017 Michelle Trace Apt. 592,Bank Transfer,2024-12-27,LOC016
ORD0001668,CUS000044,2024-12-22 20:31:41,Delivered,7710.74,Standard,28472 Anderson Bypass,28472 Anderson Bypass,Credit Card,2024-12-23,LOC018
ORD0001669,CUS000077,2024-12-23 07:32:41,Delivered,80.28,Express,17316 Ashley Ridges Suite 345,17316 Ashley Ridges Suite 345,Bank Transfer,2024-12-30,LOC007
ORD0001670,CUS000038,2024-12-23 04:09:41,Delivered,6404.24,Express,811 Leonard Ford Apt. 102,811 Leonard Ford Apt. 102,PayPal,2024-12-30,LOC006
ORD0001671,CUS000073,2024-12-22 23:57:41,Delivered,5582.75,Pick up in store,598 Smith Mission Suite 623,598 Smith Mission Suite 623,PayPal,2024-12-25,LOC008
ORD0001672,CUS000028,2024-12-23 05:32:41,Delivered,2695.9900000000002,Next Day,4548 Rose Corner,4548 Rose Corner,Credit Card,2024-12-26,LOC004
ORD0001673,CUS000040,2024-12-23 07:55:41,Delivered,5673.17,Standard,9433 Jackie Key,9433 Jackie Key,PayPal,2024-12-28,LOC009
ORD0001674,CUS000092,2024-12-22 16:15:41,Delivered,3452.62,Pick up in store,441 Nichols Glen,441 Nichols Glen,Bank Transfer,2024-12-26,LOC009
ORD0001675,CUS000034,2024-12-22 22:37:41,Delivered,702.84,Pick up in store,81729 Mccall Meadows,81729 Mccall Meadows,Credit Card,2024-12-29,LOC018
ORD0001676,CUS000012,2024-12-22 13:52:41,Delivered,4079.58,Pick up in store,753 Powell Manor Suite 888,753 Powell Manor Suite 888,Credit Card,2024-12-26,LOC004
ORD0001677,CUS000002,2024-12-22 17:54:41,Delivered,7992.71,Standard,7944 Rich Turnpike,7944 Rich Turnpike,Credit Card,2024-12-26,LOC005
ORD0001678,CUS000089,2024-12-23 00:37:41,Delivered,6518.56,Next Day,890 Fuller Harbor Apt. 884,890 Fuller Harbor Apt. 884,PayPal,2024-12-24,LOC001
ORD0001679,CUS000099,2024-12-22 23:20:41,Delivered,3473.26,Express,385 Diana Mountain,385 Diana Mountain,Bank Transfer,2024-12-27,LOC006
ORD0001680,CUS000078,2024-12-22 16:36:41,Delivered,6484.83,Pick up in store,783 Hudson Mill Suite 171,783 Hudson Mill Suite 171,Credit Card,2024-12-24,LOC010
ORD0001681,CUS000055,2024-12-23 04:44:41,Delivered,1755.6,Next Day,3345 Angela Lane Suite 782,3345 Angela Lane Suite 782,PayPal,2024-12-28,LOC002
ORD0001682,CUS000001,2024-12-23 20:02:41,Delivered,1419.88,Next Day,45447 Ryan Springs Suite 790,45447 Ryan Springs Suite 790,PayPal,2024-12-27,LOC008
ORD0001683,CUS000028,2024-12-24 03:44:41,Delivered,1343.3400000000001,Pick up in store,4548 Rose Corner,4548 Rose Corner,PayPal,2024-12-28,LOC017
ORD0001684,CUS000004,2024-12-24 02:42:41,Delivered,5856.4400000000005,Standard,86781 Webb Tunnel Apt. 880,86781 Webb Tunnel Apt. 880,PayPal,2024-12-26,LOC009
ORD0001685,CUS000002,2024-12-24 00:02:41,Delivered,6018.6,Next Day,7944 Rich Turnpike,7944 Rich Turnpike,Credit Card,2024-12-28,LOC001
ORD0001686,CUS000093,2024-12-24 03:23:41,Delivered,1404.13,Standard,443 Evans Pine Apt. 602,443 Evans Pine Apt. 602,PayPal,2024-12-26,LOC015
ORD0001687,CUS000072,2024-12-23 12:31:41,Delivered,1364.48,Standard,022 Brennan Vista,022 Brennan Vista,Bank Transfer,2024-12-30,LOC014
ORD0001688,CUS000054,2024-12-24 06:02:41,Delivered,5725.400000000001,Next Day,00532 Matthew Fork Suite 143,00532 Matthew Fork Suite 143,PayPal,2024-12-26,LOC007
ORD0001689,CUS000074,2024-12-24 08:47:41,Delivered,3969.7799999999997,Next Day,42549 Zavala Lakes Suite 652,42549 Zavala Lakes Suite 652,PayPal,2024-12-29,LOC017
ORD0001690,CUS000021,2024-12-24 09:36:41,Delivered,6317.969999999999,Express,873 Paul Lakes,873 Paul Lakes,Credit Card,2024-12-25,LOC006
ORD0001691,CUS000081,2024-12-24 03:15:41,Delivered,6770.9,Express,335 Kyle Crescent Apt. 760,335 Kyle Crescent Apt. 760,Bank Transfer,2024-12-29,LOC007
ORD0001692,CUS000022,2024-12-23 19:30:41,Delivered,4386.75,Standard,290 Hodges Pine,290 Hodges Pine,Bank Transfer,2024-12-29,LOC012
ORD0001693,CUS000036,2024-12-23 22:01:41,Delivered,4302.4,Next Day,4716 Felicia Trafficway Apt. 051,4716 Felicia Trafficway Apt. 051,Credit Card,2024-12-26,LOC012
ORD0001694,CUS000076,2024-12-23 18:07:41,Delivered,928.24,Express,8996 Amanda Plaza,8996 Amanda Plaza,Credit Card,2024-12-28,LOC009
ORD0001695,CUS000077,2024-12-23 15:14:41,Delivered,9257.29,Pick up in store,17316 Ashley Ridges Suite 345,17316 Ashley Ridges Suite 345,Credit Card,2024-12-25,LOC019
ORD0001696,CUS000008,2024-12-24 03:56:41,Delivered,1828.71,Pick up in store,949 Mueller Mission,949 Mueller Mission,Credit Card,2024-12-29,LOC006
ORD0001697,CUS000010,2024-12-24 01:25:41,Delivered,8960.86,Standard,386 Brian Gateway,386 Brian Gateway,PayPal,2024-12-30,LOC007
ORD0001698,CUS000094,2024-12-23 16:31:41,Delivered,7736.24,Standard,91800 Tony Lights Suite 800,91800 Tony Lights Suite 800,PayPal,2024-12-29,LOC020
ORD0001699,CUS000076,2024-12-24 07:24:41,Delivered,4700.95,Pick up in store,8996 Amanda Plaza,8996 Amanda Plaza,Bank Transfer,2024-12-30,LOC013
ORD0001700,CUS000062,2024-12-24 08:18:41,Delivered,965.34,Next Day,9634 Thomas Vista,9634 Thomas Vista,PayPal,2024-12-31,LOC002
ORD0001701,CUS000067,2024-12-24 13:14:41,Delivered,5239.400000000001,Next Day,4937 Brown Turnpike Suite 240,4937 Brown Turnpike Suite 240,Credit Card,2024-12-25,LOC004
ORD0001702,CUS000094,2024-12-24 14:11:41,Delivered,4436.92,Pick up in store,91800 Tony Lights Suite 800,91800 Tony Lights Suite 800,Bank Transfer,2024-12-27,LOC003
ORD0001703,CUS000035,2024-12-24 15:36:41,Delivered,3790.8599999999997,Express,0435 Mullins Canyon,0435 Mullins Canyon,Bank Transfer,2024-12-26,LOC017
ORD0001704,CUS000016,2024-12-25 10:37:41,Delivered,6591.240000000001,Next Day,517 Lester Brook,517 Lester Brook,Bank Transfer,2024-12-30,LOC007
ORD0001705,CUS000066,2024-12-24 10:56:41,Delivered,9862.09,Express,712 Andrew Ranch,712 Andrew Ranch,PayPal,2024-12-30,LOC019
ORD0001706,CUS000054,2024-12-24 20:20:41,Delivered,2823.76,Next Day,00532 Matthew Fork Suite 143,00532 Matthew Fork Suite 143,Credit Card,2024-12-30,LOC009
ORD0001707,CUS000013,2024-12-24 21:08:41,Delivered,8819.2,Next Day,54024 Miller Track Suite 763,54024 Miller Track Suite 763,Credit Card,2024-12-30,LOC013
ORD0001708,CUS000047,2024-12-25 10:33:41,Delivered,2797.2000000000003,Standard,46161 Ortega Fork Apt. 399,46161 Ortega Fork Apt. 399,Bank Transfer,2024-12-30,LOC013
ORD0001709,CUS000031,2024-12-24 18:49:41,Delivered,1625.81,Express,3219 Rodriguez Passage Suite 363,3219 Rodriguez Passage Suite 363,Credit Card,2024-12-30,LOC009
ORD0001710,CUS000012,2024-12-25 01:30:41,Delivered,2436.08,Standard,753 Powell Manor Suite 888,753 Powell Manor Suite 888,Credit Card,2024-12-29,LOC015
ORD0001711,CUS000089,2024-12-24 21:27:41,Delivered,2747.3999999999996,Standard,890 Fuller Harbor Apt. 884,890 Fuller Harbor Apt. 884,Bank Transfer,2024-12-29,LOC002
ORD0001712,CUS000098,2024-12-25 07:31:41,Delivered,425.06,Express,4693 Ashley Centers,4693 Ashley Centers,Bank Transfer,2024-12-29,LOC010
ORD0001713,CUS000035,2024-12-25 05:42:41,Delivered,4107.79,Pick up in store,0435 Mullins Canyon,0435 Mullins Canyon,Credit Card,2024-12-29,LOC011
ORD0001714,CUS000076,2024-12-24 15:58:41,Delivered,3250.72,Express,8996 Amanda Plaza,8996 Amanda Plaza,Credit Card,2024-12-25,LOC007
ORD0001715,CUS000059,2024-12-25 01:58:41,Delivered,4949.47,Standard,604 Jones Courts Apt. 869,604 Jones Courts Apt. 869,Bank Transfer,2024-12-28,LOC006
ORD0001716,CUS000093,2024-12-25 10:25:41,Delivered,1754.26,Express,443 Evans Pine Apt. 602,443 Evans Pine Apt. 602,Credit Card,2024-12-28,LOC016
ORD0001717,CUS000064,2024-12-25 08:19:41,Delivered,9084.25,Next Day,93926 Jason Common Suite 790,93926 Jason Common Suite 790,Bank Transfer,2024-12-26,LOC012
ORD0001718,CUS000010,2024-12-24 16:30:41,Delivered,3198.76,Standard,386 Brian Gateway,386 Brian Gateway,Credit Card,2024-12-25,LOC010
ORD0001719,CUS000024,2024-12-24 17:49:41,Delivered,3731.46,Next Day,574 Gonzales Lodge Apt. 681,574 Gonzales Lodge Apt. 681,Bank Transfer,2024-12-27,LOC005
ORD0001720,CUS000013,2024-12-24 22:03:41,Delivered,771.4300000000001,Express,54024 Miller Track Suite 763,54024 Miller Track Suite 763,Credit Card,2024-12-31,LOC020
ORD0001721,CUS000098,2024-12-24 22:08:41,Delivered,382.36,Pick up in store,4693 Ashley Centers,4693 Ashley Centers,PayPal,2024-12-26,LOC010
ORD0001722,CUS000100,2024-12-25 07:38:41,Delivered,8013.360000000001,Next Day,14536 Holly Trail,14536 Holly Trail,PayPal,2024-12-26,LOC016
ORD0001723,CUS000086,2024-12-24 11:40:41,Delivered,3068.6,Express,023 Melissa Crossroad Apt. 855,023 Melissa Crossroad Apt. 855,Credit Card,2024-12-28,LOC003
ORD0001724,CUS000007,2024-12-24 14:27:41,Delivered,7333.300000000001,Express,64048 Golden Mount Suite 491,64048 Golden Mount Suite 491,Credit Card,2024-12-28,LOC020
ORD0001725,CUS000096,2024-12-25 04:38:41,Delivered,3091.4700000000003,Express,997 Debra Road,997 Debra Road,PayPal,2024-12-27,LOC005
ORD0001726,CUS000031,2024-12-24 22:14:41,Delivered,5955.860000000001,Express,3219 Rodriguez Passage Suite 363,3219 Rodriguez Passage Suite 363,Credit Card,2024-12-28,LOC017
ORD0001727,CUS000030,2024-12-24 21:56:41,Delivered,3976.9500000000003,Express,56818 Wright Drives,56818 Wright Drives,Credit Card,2024-12-25,LOC009
ORD0001728,CUS000003,2024-12-26 08:15:41,Delivered,8258.09,Standard,22024 Harrison Roads,22024 Harrison Roads,PayPal,2024-12-27,LOC003
ORD0001729,CUS000083,2024-12-25 12:34:41,Delivered,365.09999999999997,Next Day,808 Joseph Center Suite 987,808 Joseph Center Suite 987,Bank Transfer,2024-12-30,LOC017
ORD0001730,CUS000023,2024-12-25 16:00:41,Delivered,7927.91,Standard,245 Hall Cove,245 Hall Cove,Credit Card,2025-01-01,LOC016
ORD0001731,CUS000092,2024-12-25 17:12:41,Delivered,1625.0,Next Day,441 Nichols Glen,441 Nichols Glen,PayPal,2025-01-01,LOC014
ORD0001732,CUS000080,2024-12-25 22:39:41,Delivered,5298.97,Pick up in store,84198 Mitchell Light,84198 Mitchell Light,Bank Transfer,2024-12-30,LOC010
ORD0001733,CUS000087,2024-12-26 04:15:41,Delivered,2627.3500000000004,Pick up in store,99137 Scott Streets Suite 891,99137 Scott Streets Suite 891,Credit Card,2024-12-29,LOC011
ORD0001734,CUS000066,2024-12-25 21:10:41,Delivered,2897.78,Next Day,712 Andrew Ranch,712 Andrew Ranch,PayPal,2024-12-31,LOC020
ORD0001735,CUS000053,2024-12-25 12:00:41,Delivered,5418.6900000000005,Standard,92512 Armstrong Station,92512 Armstrong Station,Bank Transfer,2024-12-28,LOC004
ORD0001736,CUS000016,2024-12-25 13:52:41,Delivered,7782.889999999999,Pick up in store,517 Lester Brook,517 Lester Brook,Bank Transfer,2024-12-29,LOC009
ORD0001737,CUS000040,2024-12-26 08:27:41,Delivered,1803.98,Next Day,9433 Jackie Key,9433 Jackie Key,PayPal,2024-12-27,LOC006
ORD0001738,CUS000003,2024-12-26 06:04:41,Delivered,1895.04,Standard,22024 Harrison Roads,22024 Harrison Roads,PayPal,2024-12-29,LOC013
ORD0001739,CUS000005,2024-12-26 07:02:41,Delivered,8184.2300000000005,Express,55835 Christopher Parkways Suite 486,55835 Christopher Parkways Suite 486,Bank Transfer,2024-12-28,LOC015
ORD0001740,CUS000059,2024-12-26 04:39:41,Delivered,3200.5299999999997,Standard,604 Jones Courts Apt. 869,604 Jones Courts Apt. 869,Credit Card,2024-12-28,LOC018
ORD0001741,CUS000017,2024-12-25 20:40:41,Delivered,217.68,Express,4207 Craig Causeway,4207 Craig Causeway,PayPal,2024-12-30,LOC003
ORD0001742,CUS000047,2024-12-26 05:36:41,Delivered,3651.9800000000005,Standard,46161 Ortega Fork Apt. 399,46161 Ortega Fork Apt. 399,PayPal,2024-12-29,LOC011
ORD0001743,CUS000012,2024-12-26 07:12:41,Delivered,10531.53,Standard,753 Powell Manor Suite 888,753 Powell Manor Suite 888,Credit Card,2025-01-02,LOC020
ORD0001744,CUS000059,2024-12-25 21:36:41,Delivered,7144.74,Pick up in store,604 Jones Courts Apt. 869,604 Jones Courts Apt. 869,Bank Transfer,2024-12-30,LOC001
ORD0001745,CUS000019,2024-12-26 04:07:41,Delivered,4646.04,Next Day,3594 Long Wall Suite 248,3594 Long Wall Suite 248,Bank Transfer,2024-12-27,LOC011
ORD0001746,CUS000082,2024-12-26 01:18:41,Delivered,3157.4,Next Day,3913 Chambers Park Apt. 634,3913 Chambers Park Apt. 634,PayPal,2024-12-29,LOC004
ORD0001747,CUS000036,2024-12-26 04:57:41,Delivered,1756.29,Standard,4716 Felicia Trafficway Apt. 051,4716 Felicia Trafficway Apt. 051,PayPal,2024-12-29,LOC006
ORD0001748,CUS000095,2024-12-25 17:35:41,Delivered,11495.54,Next Day,1425 Williams Mountain,1425 Williams Mountain,PayPal,2024-12-30,LOC015
ORD0001749,CUS000082,2024-12-26 09:13:41,Delivered,3147.2300000000005,Express,3913 Chambers Park Apt. 634,3913 Chambers Park Apt. 634,Bank Transfer,2024-12-27,LOC005
ORD0001750,CUS000088,2024-12-26 02:26:41,Delivered,250.57,Standard,50544 Penny Isle Suite 526,50544 Penny Isle Suite 526,Bank Transfer,2024-12-29,LOC014
ORD0001751,CUS000067,2024-12-26 09:36:41,Delivered,5590.0,Express,4937 Brown Turnpike Suite 240,4937 Brown Turnpike Suite 240,PayPal,2025-01-01,LOC006
ORD0001752,CUS000047,2024-12-27 08:32:41,Delivered,4042.75,Next Day,46161 Ortega Fork Apt. 399,46161 Ortega Fork Apt. 399,Bank Transfer,2024-12-28,LOC002
ORD0001753,CUS000086,2024-12-27 04:02:41,Delivered,4400.89,Next Day,023 Melissa Crossroad Apt. 855,023 Melissa Crossroad Apt. 855,PayPal,2024-12-29,LOC014
ORD0001754,CUS000037,2024-12-27 10:09:41,Delivered,4633.75,Next Day,536 Elizabeth Via,536 Elizabeth Via,Bank Transfer,2024-12-30,LOC010
ORD0001755,CUS000075,2024-12-27 06:57:41,Delivered,949.25,Next Day,10585 Shaun Squares Suite 674,10585 Shaun Squares Suite 674,PayPal,2024-12-28,LOC005
ORD0001756,CUS000033,2024-12-27 09:17:41,Delivered,6808.86,Pick up in store,32833 Harris Fall,32833 Harris Fall,Bank Transfer,2024-12-28,LOC005
ORD0001757,CUS000081,2024-12-26 21:51:41,Delivered,2104.68,Pick up in store,335 Kyle Crescent Apt. 760,335 Kyle Crescent Apt. 760,PayPal,2025-01-01,LOC013
ORD0001758,CUS000045,2024-12-26 13:06:41,Delivered,7932.46,Next Day,14062 Oliver Spurs,14062 Oliver Spurs,Credit Card,2024-12-30,LOC004
ORD0001759,CUS000035,2024-12-27 10:11:41,Delivered,7101.15,Standard,0435 Mullins Canyon,0435 Mullins Canyon,Credit Card,2025-01-01,LOC019
ORD0001760,CUS000093,2024-12-27 01:13:41,Delivered,1713.9099999999999,Pick up in store,443 Evans Pine Apt. 602,443 Evans Pine Apt. 602,Credit Card,2024-12-31,LOC012
ORD0001761,CUS000005,2024-12-27 02:45:41,Delivered,7337.009999999999,Pick up in store,55835 Christopher Parkways Suite 486,55835 Christopher Parkways Suite 486,Bank Transfer,2024-12-28,LOC018
ORD0001762,CUS000024,2024-12-27 07:06:41,Delivered,779.44,Express,574 Gonzales Lodge Apt. 681,574 Gonzales Lodge Apt. 681,Credit Card,2024-12-29,LOC005
ORD0001763,CUS000054,2024-12-26 23:07:41,Delivered,4126.969999999999,Pick up in store,00532 Matthew Fork Suite 143,00532 Matthew Fork Suite 143,Bank Transfer,2025-01-02,LOC007
ORD0001764,CUS000089,2024-12-26 17:19:41,Delivered,8050.220000000001,Standard,890 Fuller Harbor Apt. 884,890 Fuller Harbor Apt. 884,Bank Transfer,2025-01-01,LOC008
ORD0001765,CUS000062,2024-12-26 12:39:41,Delivered,2409.02,Standard,9634 Thomas Vista,9634 Thomas Vista,Credit Card,2025-01-02,LOC010
ORD0001766,CUS000097,2024-12-26 15:51:41,Delivered,3558.55,Standard,728 Laurie Cape,728 Laurie Cape,Bank Transfer,2024-12-31,LOC014
ORD0001767,CUS000034,2024-12-26 17:42:41,Delivered,1802.19,Standard,81729 Mccall Meadows,81729 Mccall Meadows,Credit Card,2024-12-28,LOC011
ORD0001768,CUS000012,2024-12-27 09:27:41,Delivered,5465.4800000000005,Standard,753 Powell Manor Suite 888,753 Powell Manor Suite 888,Credit Card,2024-12-31,LOC007
ORD0001769,CUS000008,2024-12-26 19:53:41,Delivered,6060.700000000001,Express,949 Mueller Mission,949 Mueller Mission,Credit Card,2024-12-29,LOC003
ORD0001770,CUS000021,2024-12-26 11:59:41,Delivered,3833.68,Standard,873 Paul Lakes,873 Paul Lakes,PayPal,2025-01-02,LOC015
ORD0001771,CUS000085,2024-12-27 00:01:41,Delivered,3263.8,Next Day,65310 Smith Causeway,65310 Smith Causeway,Bank Transfer,2025-01-03,LOC018
ORD0001772,CUS000069,2024-12-27 01:31:41,Delivered,972.52,Next Day,56017 Michelle Trace Apt. 592,56017 Michelle Trace Apt. 592,PayPal,2024-12-31,LOC007
ORD0001773,CUS000100,2024-12-27 12:01:41,Delivered,6314.25,Express,14536 Holly Trail,14536 Holly Trail,Credit Card,2024-12-29,LOC020
ORD0001774,CUS000080,2024-12-27 16:55:41,Delivered,7212.8,Standard,84198 Mitchell Light,84198 Mitchell Light,Bank Transfer,2024-12-30,LOC012
ORD0001775,CUS000029,2024-12-27 18:10:41,Delivered,96.26,Standard,248 Schaefer Alley,248 Schaefer Alley,Credit Card,2025-01-03,LOC017
ORD0001776,CUS000006,2024-12-27 13:19:41,Delivered,797.58,Standard,20878 Andersen Lock Suite 120,20878 Andersen Lock Suite 120,PayPal,2024-12-29,LOC010
ORD0001777,CUS000057,2024-12-27 22:00:41,Delivered,7535.6,Next Day,647 Mcgee Manors,647 Mcgee Manors,Credit Card,2025-01-01,LOC002
ORD0001778,CUS000050,2024-12-27 15:00:41,Delivered,7134.77,Next Day,739 Garcia Spur Apt. 819,739 Garcia Spur Apt. 819,Bank Transfer,2025-01-03,LOC015
ORD0001779,CUS000067,2024-12-28 03:47:41,Delivered,4439.18,Next Day,4937 Brown Turnpike Suite 240,4937 Brown Turnpike Suite 240,PayPal,2025-01-04,LOC020
ORD0001780,CUS000083,2024-12-27 21:54:41,Delivered,866.6400000000001,Standard,808 Joseph Center Suite 987,808 Joseph Center Suite 987,PayPal,2024-12-30,LOC002
ORD0001781,CUS000096,2024-12-28 07:56:41,Delivered,10236.060000000001,Pick up in store,997 Debra Road,997 Debra Road,PayPal,2025-01-01,LOC004
ORD0001782,CUS000050,2024-12-28 08:50:41,Delivered,3784.3199999999997,Standard,739 Garcia Spur Apt. 819,739 Garcia Spur Apt. 819,PayPal,2024-12-30,LOC016
ORD0001783,CUS000077,2024-12-28 13:16:41,Delivered,6390.530000000001,Express,17316 Ashley Ridges Suite 345,17316 Ashley Ridges Suite 345,PayPal,2025-01-04,LOC016
ORD0001784,CUS000047,2024-12-28 18:59:41,Delivered,1813.73,Standard,46161 Ortega Fork Apt. 399,46161 Ortega Fork Apt. 399,Bank Transfer,2025-01-01,LOC009
ORD0001785,CUS000094,2024-12-29 09:54:41,Delivered,6592.18,Express,91800 Tony Lights Suite 800,91800 Tony Lights Suite 800,PayPal,2025-01-05,LOC015
ORD0001786,CUS000082,2024-12-29 02:06:41,Delivered,7767.3099999999995,Express,3913 Chambers Park Apt. 634,3913 Chambers Park Apt. 634,PayPal,2025-01-05,LOC006
ORD0001787,CUS000004,2024-12-28 20:05:41,Delivered,4449.67,Next Day,86781 Webb Tunnel Apt. 880,86781 Webb Tunnel Apt. 880,Credit Card,2024-12-30,LOC002
ORD0001788,CUS000079,2024-12-29 05:29:41,Delivered,4148.089999999999,Express,34676 Chan Brooks,34676 Chan Brooks,Credit Card,2024-12-31,LOC003
ORD0001789,CUS000048,2024-12-28 19:33:41,Delivered,10552.720000000001,Express,1997 Shelly Shore,1997 Shelly Shore,Credit Card,2025-01-02,LOC016
ORD0001790,CUS000018,2024-12-29 02:18:41,Delivered,2355.25,Express,693 Kathryn Extension,693 Kathryn Extension,Credit Card,2024-12-31,LOC016
ORD0001791,CUS000088,2024-12-28 21:15:41,Delivered,6640.58,Pick up in store,50544 Penny Isle Suite 526,50544 Penny Isle Suite 526,Credit Card,2025-01-02,LOC001
ORD0001792,CUS000003,2024-12-29 07:20:41,Delivered,9476.23,Pick up in store,22024 Harrison Roads,22024 Harrison Roads,PayPal,2025-01-03,LOC009
ORD0001793,CUS000084,2024-12-29 15:34:41,Delivered,5066.62,Standard,3563 Ashley Wall Apt. 125,3563 Ashley Wall Apt. 125,PayPal,2024-12-30,LOC005
ORD0001794,CUS000067,2024-12-30 10:39:41,Delivered,9547.6,Pick up in store,4937 Brown Turnpike Suite 240,4937 Brown Turnpike Suite 240,PayPal,2025-01-06,LOC009
ORD0001795,CUS000082,2024-12-30 10:17:41,Delivered,5803.24,Next Day,3913 Chambers Park Apt. 634,3913 Chambers Park Apt. 634,Bank Transfer,2025-01-04,LOC007
ORD0001796,CUS000044,2024-12-30 06:12:41,Delivered,5006.170000000001,Express,28472 Anderson Bypass,28472 Anderson Bypass,Credit Card,2025-01-06,LOC011
ORD0001797,CUS000002,2024-12-29 15:28:41,Delivered,12627.97,Pick up in store,7944 Rich Turnpike,7944 Rich Turnpike,Bank Transfer,2025-01-01,LOC011
ORD0001798,CUS000091,2024-12-29 16:00:41,Delivered,5493.139999999999,Standard,7372 Marshall Haven,7372 Marshall Haven,PayPal,2025-01-03,LOC013
ORD0001799,CUS000047,2024-12-30 05:24:41,Delivered,385.38,Pick up in store,46161 Ortega Fork Apt. 399,46161 Ortega Fork Apt. 399,Bank Transfer,2025-01-02,LOC010
ORD0001800,CUS000011,2024-12-29 17:53:41,Delivered,876.5999999999999,Standard,627 Carol Vista,627 Carol Vista,Credit Card,2025-01-02,LOC017
ORD0001801,CUS000071,2024-12-29 17:56:41,Delivered,3878.92,Express,085 Aaron Crescent Apt. 676,085 Aaron Crescent Apt. 676,PayPal,2025-01-02,LOC004
ORD0001802,CUS000064,2024-12-30 01:58:41,Delivered,6021.41,Standard,93926 Jason Common Suite 790,93926 Jason Common Suite 790,Bank Transfer,2025-01-06,LOC012
ORD0001803,CUS000012,2024-12-29 20:08:41,Delivered,3135.8700000000003,Next Day,753 Powell Manor Suite 888,753 Powell Manor Suite 888,PayPal,2025-01-03,LOC003
ORD0001804,CUS000038,2024-12-29 14:33:41,Delivered,11043.84,Express,811 Leonard Ford Apt. 102,811 Leonard Ford Apt. 102,Credit Card,2024-12-30,LOC009
ORD0001805,CUS000007,2024-12-29 20:52:41,Delivered,2662.1099999999997,Pick up in store,64048 Golden Mount Suite 491,64048 Golden Mount Suite 491,PayPal,2025-01-05,LOC016
ORD0001806,CUS000075,2024-12-30 03:28:41,Delivered,1536.52,Pick up in store,10585 Shaun Squares Suite 674,10585 Shaun Squares Suite 674,PayPal,2025-01-01,LOC008
ORD0001807,CUS000057,2024-12-29 11:49:41,Delivered,7919.05,Express,647 Mcgee Manors,647 Mcgee Manors,Credit Card,2025-01-04,LOC015
ORD0001808,CUS000053,2024-12-30 09:55:41,Delivered,8517.33,Express,92512 Armstrong Station,92512 Armstrong Station,Bank Transfer,2025-01-03,LOC020
ORD0001809,CUS000073,2024-12-30 03:26:41,Delivered,8446.750000000002,Next Day,598 Smith Mission Suite 623,598 Smith Mission Suite 623,PayPal,2025-01-02,LOC003
ORD0001810,CUS000018,2024-12-29 21:28:41,Delivered,10244.67,Next Day,693 Kathryn Extension,693 Kathryn Extension,Bank Transfer,2024-12-31,LOC015
ORD0001811,CUS000002,2024-12-29 16:23:41,Delivered,10813.89,Pick up in store,7944 Rich Turnpike,7944 Rich Turnpike,Credit Card,2025-01-05,LOC001
ORD0001812,CUS000068,2024-12-30 03:52:41,Delivered,4356.96,Next Day,165 Walker Mill,165 Walker Mill,PayPal,2025-01-01,LOC013
ORD0001813,CUS000021,2024-12-30 02:58:41,Delivered,4361.860000000001,Next Day,873 Paul Lakes,873 Paul Lakes,Bank Transfer,2024-12-31,LOC004
ORD0001814,CUS000093,2024-12-30 01:57:41,Delivered,4967.5599999999995,Standard,443 Evans Pine Apt. 602,443 Evans Pine Apt. 602,PayPal,2025-01-02,LOC017
ORD0001815,CUS000025,2024-12-29 19:27:41,Delivered,1466.2,Standard,554 Phillips Spring,554 Phillips Spring,PayPal,2025-01-02,LOC001
ORD0001816,CUS000062,2024-12-29 13:06:41,Delivered,2985.12,Next Day,9634 Thomas Vista,9634 Thomas Vista,Credit Card,2024-12-31,LOC004
ORD0001817,CUS000060,2024-12-29 17:58:41,Delivered,1297.77,Next Day,50318 Kenneth Burg Suite 855,50318 Kenneth Burg Suite 855,Bank Transfer,2025-01-01,LOC014
ORD0001818,CUS000084,2024-12-29 23:10:41,Delivered,2128.2599999999998,Standard,3563 Ashley Wall Apt. 125,3563 Ashley Wall Apt. 125,Bank Transfer,2025-01-03,LOC002
ORD0001819,CUS000043,2024-12-30 01:50:41,Delivered,1729.2600000000002,Pick up in store,1002 John Row Apt. 424,1002 John Row Apt. 424,Credit Card,2025-01-02,LOC009
ORD0001820,CUS000053,2024-12-29 14:08:41,Delivered,5130.97,Next Day,92512 Armstrong Station,92512 Armstrong Station,PayPal,2025-01-04,LOC005
ORD0001821,CUS000032,2024-12-29 12:49:41,Delivered,4317.139999999999,Express,57334 Cooper Island,57334 Cooper Island,Credit Card,2025-01-02,LOC011
ORD0001822,CUS000063,2024-12-30 04:21:41,Delivered,951.62,Pick up in store,6888 Emily Underpass,6888 Emily Underpass,Credit Card,2025-01-02,LOC018
ORD0001823,CUS000070,2024-12-30 14:14:41,Delivered,1010.8199999999999,Next Day,17993 Lee Cove Apt. 976,17993 Lee Cove Apt. 976,Bank Transfer,2025-01-06,LOC008
ORD0001824,CUS000071,2024-12-30 21:11:41,Delivered,613.19,Standard,085 Aaron Crescent Apt. 676,085 Aaron Crescent Apt. 676,PayPal,2025-01-04,LOC010
ORD0001825,CUS000065,2024-12-31 02:33:41,Delivered,7645.0,Pick up in store,0316 Wendy Club Apt. 476,0316 Wendy Club Apt. 476,Credit Card,2025-01-04,LOC015
ORD0001826,CUS000048,2024-12-31 10:42:41,Delivered,6570.83,Pick up in store,1997 Shelly Shore,1997 Shelly Shore,Bank Transfer,2025-01-03,LOC019
ORD0001827,CUS000037,2024-12-31 04:08:41,Delivered,6316.48,Pick up in store,536 Elizabeth Via,536 Elizabeth Via,Bank Transfer,2025-01-05,LOC001
ORD0001828,CUS000063,2024-12-30 15:46:41,Delivered,1069.22,Next Day,6888 Emily Underpass,6888 Emily Underpass,Bank Transfer,2025-01-01,LOC008
ORD0001829,CUS000034,2024-12-30 20:13:41,Delivered,8104.530000000001,Next Day,81729 Mccall Meadows,81729 Mccall Meadows,Credit Card,2025-01-02,LOC001
ORD0001830,CUS000089,2024-12-30 14:35:41,Delivered,2099.27,Pick up in store,890 Fuller Harbor Apt. 884,890 Fuller Harbor Apt. 884,Bank Transfer,2025-01-02,LOC006
ORD0001831,CUS000074,2024-12-30 12:13:41,Delivered,1742.27,Next Day,42549 Zavala Lakes Suite 652,42549 Zavala Lakes Suite 652,Bank Transfer,2025-01-06,LOC014
ORD0001832,CUS000015,2024-12-31 09:12:41,Delivered,579.66,Express,943 Dawn Extension Apt. 032,943 Dawn Extension Apt. 032,Bank Transfer,2025-01-03,LOC005
ORD0001833,CUS000032,2024-12-30 14:32:41,Delivered,8334.86,Express,57334 Cooper Island,57334 Cooper Island,Credit Card,2025-01-06,LOC010
ORD0001834,CUS000062,2024-12-31 08:58:41,Delivered,4196.59,Pick up in store,9634 Thomas Vista,9634 Thomas Vista,Bank Transfer,2025-01-01,LOC013
ORD0001835,CUS000043,2024-12-30 12:49:41,Delivered,1858.7,Standard,1002 John Row Apt. 424,1002 John Row Apt. 424,Credit Card,2025-01-03,LOC018
ORD0001836,CUS000074,2024-12-31 10:07:41,Delivered,6602.98,Next Day,42549 Zavala Lakes Suite 652,42549 Zavala Lakes Suite 652,Credit Card,2025-01-02,LOC009
ORD0001837,CUS000015,2024-12-31 05:56:41,Delivered,2218.76,Standard,943 Dawn Extension Apt. 032,943 Dawn Extension Apt. 032,Bank Transfer,2025-01-05,LOC004
ORD0001838,CUS000069,2024-12-31 07:43:41,Delivered,5123.92,Standard,56017 Michelle Trace Apt. 592,56017 Michelle Trace Apt. 592,PayPal,2025-01-07,LOC018
ORD0001839,CUS000007,2024-12-31 01:23:41,Delivered,4546.099999999999,Express,64048 Golden Mount Suite 491,64048 Golden Mount Suite 491,Credit Card,2025-01-03,LOC005
ORD0001840,CUS000001,2024-12-30 18:13:41,Delivered,5064.25,Pick up in store,45447 Ryan Springs Suite 790,45447 Ryan Springs Suite 790,Bank Transfer,2025-01-06,LOC008
ORD0001841,CUS000018,2024-12-30 17:12:41,Delivered,1179.08,Express,693 Kathryn Extension,693 Kathryn Extension,Bank Transfer,2025-01-03,LOC018
ORD0001842,CUS000054,2024-12-30 21:00:41,Delivered,4599.77,Express,00532 Matthew Fork Suite 143,00532 Matthew Fork Suite 143,Bank Transfer,2025-01-04,LOC019
ORD0001843,CUS000037,2024-12-30 15:20:41,Delivered,3395.9400000000005,Standard,536 Elizabeth Via,536 Elizabeth Via,Bank Transfer,2025-01-05,LOC004
ORD0001844,CUS000058,2024-12-30 23:11:41,Delivered,4632.44,Pick up in store,6387 Susan Roads,6387 Susan Roads,Bank Transfer,2025-01-03,LOC012
ORD0001845,CUS000001,2024-12-31 23:14:41,Delivered,2799.8999999999996,Express,45447 Ryan Springs Suite 790,45447 Ryan Springs Suite 790,PayPal,2025-01-03,LOC013
ORD0001846,CUS000050,2025-01-01 05:09:41,Delivered,6853.77,Next Day,739 Garcia Spur Apt. 819,739 Garcia Spur Apt. 819,Bank Transfer,2025-01-05,LOC009
ORD0001847,CUS000001,2025-01-01 00:02:41,Delivered,7090.2300000000005,Next Day,45447 Ryan Springs Suite 790,45447 Ryan Springs Suite 790,Bank Transfer,2025-01-08,LOC010
ORD0001848,CUS000049,2024-12-31 18:12:41,Delivered,1014.3600000000001,Next Day,8581 Katelyn Pike Apt. 739,8581 Katelyn Pike Apt. 739,Bank Transfer,2025-01-03,LOC007
ORD0001849,CUS000011,2024-12-31 23:00:41,Delivered,183.93,Standard,627 Carol Vista,627 Carol Vista,PayPal,2025-01-01,LOC002
ORD0001850,CUS000028,2025-01-01 03:03:41,Delivered,91.66,Next Day,4548 Rose Corner,4548 Rose Corner,Credit Card,2025-01-06,LOC008
ORD0001851,CUS000088,2024-12-31 16:04:41,Delivered,948.12,Standard,50544 Penny Isle Suite 526,50544 Penny Isle Suite 526,Credit Card,2025-01-06,LOC013
ORD0001852,CUS000056,2024-12-31 15:07:41,Delivered,1030.49,Next Day,5399 Pierce Gardens Suite 720,5399 Pierce Gardens Suite 720,Bank Transfer,2025-01-07,LOC017
ORD0001853,CUS000003,2025-01-01 07:01:41,Delivered,162.46,Pick up in store,22024 Harrison Roads,22024 Harrison Roads,Bank Transfer,2025-01-02,LOC008
ORD0001854,CUS000012,2025-01-01 05:29:41,Delivered,1978.85,Express,753 Powell Manor Suite 888,753 Powell Manor Suite 888,Credit Card,2025-01-07,LOC003
ORD0001855,CUS000088,2024-12-31 21:20:41,Delivered,5458.95,Next Day,50544 Penny Isle Suite 526,50544 Penny Isle Suite 526,PayPal,2025-01-03,LOC019
ORD0001856,CUS000016,2024-12-31 20:56:41,Delivered,3473.07,Standard,517 Lester Brook,517 Lester Brook,Credit Card,2025-01-01,LOC001
ORD0001857,CUS000061,2024-12-31 11:11:41,Delivered,2326.6,Express,8595 Joshua Pine,8595 Joshua Pine,Bank Transfer,2025-01-07,LOC020
ORD0001858,CUS000005,2024-12-31 11:40:41,Delivered,6212.110000000001,Next Day,55835 Christopher Parkways Suite 486,55835 Christopher Parkways Suite 486,Credit Card,2025-01-01,LOC002
ORD0001859,CUS000042,2024-12-31 21:32:41,Delivered,7036.370000000001,Standard,19899 Mark Way Suite 871,19899 Mark Way Suite 871,PayPal,2025-01-01,LOC001
ORD0001860,CUS000086,2024-12-31 23:13:41,Delivered,10738.760000000002,Next Day,023 Melissa Crossroad Apt. 855,023 Melissa Crossroad Apt. 855,Credit Card,2025-01-05,LOC002
ORD0001861,CUS000045,2025-01-02 06:37:41,Delivered,2627.3500000000004,Express,14062 Oliver Spurs,14062 Oliver Spurs,PayPal,2025-01-07,LOC006
ORD0001862,CUS000030,2025-01-02 00:52:41,Delivered,1719.48,Standard,56818 Wright Drives,56818 Wright Drives,Bank Transfer,2025-01-09,LOC012
ORD0001863,CUS000006,2025-01-01 20:10:41,Delivered,2107.1099999999997,Express,20878 Andersen Lock Suite 120,20878 Andersen Lock Suite 120,Credit Card,2025-01-07,LOC005
ORD0001864,CUS000021,2025-01-01 11:50:41,Delivered,3712.96,Pick up in store,873 Paul Lakes,873 Paul Lakes,PayPal,2025-01-04,LOC019
ORD0001865,CUS000095,2025-01-01 15:32:41,Delivered,4211.38,Standard,1425 Williams Mountain,1425 Williams Mountain,PayPal,2025-01-07,LOC006
ORD0001866,CUS000086,2025-01-02 06:41:41,Delivered,5256.83,Next Day,023 Melissa Crossroad Apt. 855,023 Melissa Crossroad Apt. 855,Credit Card,2025-01-05,LOC019
ORD0001867,CUS000049,2025-01-02 01:39:41,Delivered,876.1899999999999,Standard,8581 Katelyn Pike Apt. 739,8581 Katelyn Pike Apt. 739,Credit Card,2025-01-08,LOC006
ORD0001868,CUS000052,2025-01-01 12:15:41,Delivered,2629.4700000000003,Express,28803 Kyle Island,28803 Kyle Island,PayPal,2025-01-03,LOC013
ORD0001869,CUS000001,2025-01-02 01:20:41,Delivered,1050.88,Pick up in store,45447 Ryan Springs Suite 790,45447 Ryan Springs Suite 790,PayPal,2025-01-09,LOC015
ORD0001870,CUS000034,2025-01-02 09:24:41,Delivered,3978.16,Standard,81729 Mccall Meadows,81729 Mccall Meadows,Bank Transfer,2025-01-09,LOC007
ORD0001871,CUS000031,2025-01-01 18:00:41,Delivered,4311.28,Pick up in store,3219 Rodriguez Passage Suite 363,3219 Rodriguez Passage Suite 363,PayPal,2025-01-02,LOC012
ORD0001872,CUS000055,2025-01-01 16:29:41,Delivered,795.9,Next Day,3345 Angela Lane Suite 782,3345 Angela Lane Suite 782,Bank Transfer,2025-01-07,LOC017
ORD0001873,CUS000009,2025-01-02 16:41:41,Delivered,1708.02,Next Day,4479 Hinton Heights Suite 425,4479 Hinton Heights Suite 425,PayPal,2025-01-09,LOC008
ORD0001874,CUS000094,2025-01-03 03:13:41,Delivered,7902.75,Standard,91800 Tony Lights Suite 800,91800 Tony Lights Suite 800,Credit Card,2025-01-05,LOC014
ORD0001875,CUS000065,2025-01-03 04:44:41,Delivered,1491.76,Express,0316 Wendy Club Apt. 476,0316 Wendy Club Apt. 476,Credit Card,2025-01-05,LOC010
ORD0001876,CUS000095,2025-01-02 19:58:41,Delivered,2326.73,Next Day,1425 Williams Mountain,1425 Williams Mountain,Credit Card,2025-01-07,LOC019
ORD0001877,CUS000070,2025-01-03 02:16:41,Delivered,4605.37,Pick up in store,17993 Lee Cove Apt. 976,17993 Lee Cove Apt. 976,PayPal,2025-01-08,LOC001
ORD0001878,CUS000063,2025-01-02 16:59:41,Delivered,31.1,Standard,6888 Emily Underpass,6888 Emily Underpass,Credit Card,2025-01-08,LOC004
ORD0001879,CUS000030,2025-01-03 03:31:41,Delivered,2336.5699999999997,Express,56818 Wright Drives,56818 Wright Drives,Credit Card,2025-01-08,LOC016
ORD0001880,CUS000009,2025-01-02 21:35:41,Delivered,6586.55,Next Day,4479 Hinton Heights Suite 425,4479 Hinton Heights Suite 425,Bank Transfer,2025-01-06,LOC007
ORD0001881,CUS000027,2025-01-03 00:46:41,Delivered,2215.4,Pick up in store,8148 John Course Suite 159,8148 John Course Suite 159,PayPal,2025-01-06,LOC018
ORD0001882,CUS000025,2025-01-02 17:17:41,Delivered,1564.12,Express,554 Phillips Spring,554 Phillips Spring,Bank Transfer,2025-01-09,LOC017
ORD0001883,CUS000083,2025-01-03 06:17:41,Delivered,818.9200000000001,Standard,808 Joseph Center Suite 987,808 Joseph Center Suite 987,Credit Card,2025-01-08,LOC017
ORD0001884,CUS000056,2025-01-02 18:28:41,Delivered,1838.12,Next Day,5399 Pierce Gardens Suite 720,5399 Pierce Gardens Suite 720,Credit Card,2025-01-04,LOC008
ORD0001885,CUS000093,2025-01-02 22:24:41,Delivered,3729.4,Next Day,443 Evans Pine Apt. 602,443 Evans Pine Apt. 602,Credit Card,2025-01-05,LOC016
ORD0001886,CUS000051,2025-01-02 16:26:41,Delivered,5686.99,Pick up in store,563 Jones Fields Suite 934,563 Jones Fields Suite 934,Credit Card,2025-01-07,LOC017
ORD0001887,CUS000006,2025-01-03 01:48:41,Delivered,9193.800000000001,Standard,20878 Andersen Lock Suite 120,20878 Andersen Lock Suite 120,Bank Transfer,2025-01-07,LOC004
ORD0001888,CUS000036,2025-01-02 19:55:41,Delivered,5962.07,Standard,4716 Felicia Trafficway Apt. 051,4716 Felicia Trafficway Apt. 051,PayPal,2025-01-09,LOC005
ORD0001889,CUS000079,2025-01-02 17:25:41,Delivered,1553.9099999999999,Pick up in store,34676 Chan Brooks,34676 Chan Brooks,Bank Transfer,2025-01-09,LOC001
ORD0001890,CUS000099,2025-01-03 02:29:41,Delivered,3385.68,Express,385 Diana Mountain,385 Diana Mountain,PayPal,2025-01-05,LOC020
ORD0001891,CUS000002,2025-01-04 07:52:41,Delivered,7488.67,Standard,7944 Rich Turnpike,7944 Rich Turnpike,Credit Card,2025-01-09,LOC003
ORD0001892,CUS000036,2025-01-03 12:51:41,Delivered,745.23,Pick up in store,4716 Felicia Trafficway Apt. 051,4716 Felicia Trafficway Apt. 051,Credit Card,2025-01-08,LOC010
ORD0001893,CUS000065,2025-01-03 15:59:41,Delivered,7980.17,Standard,0316 Wendy Club Apt. 476,0316 Wendy Club Apt. 476,PayPal,2025-01-07,LOC004
ORD0001894,CUS000045,2025-01-03 19:20:41,Delivered,4108.139999999999,Pick up in store,14062 Oliver Spurs,14062 Oliver Spurs,Credit Card,2025-01-08,LOC019
ORD0001895,CUS000008,2025-01-04 04:19:41,Delivered,2316.4800000000005,Express,949 Mueller Mission,949 Mueller Mission,Credit Card,2025-01-09,LOC019
ORD0001896,CUS000059,2025-01-03 14:35:41,Delivered,9034.300000000001,Next Day,604 Jones Courts Apt. 869,604 Jones Courts Apt. 869,Bank Transfer,2025-01-06,LOC014
ORD0001897,CUS000072,2025-01-03 23:30:41,Delivered,4606.27,Next Day,022 Brennan Vista,022 Brennan Vista,Credit Card,2025-01-08,LOC002
ORD0001898,CUS000045,2025-01-04 05:10:41,Delivered,5516.87,Pick up in store,14062 Oliver Spurs,14062 Oliver Spurs,Credit Card,2025-01-10,LOC009
ORD0001899,CUS000006,2025-01-03 15:55:41,Delivered,3498.8500000000004,Next Day,20878 Andersen Lock Suite 120,20878 Andersen Lock Suite 120,PayPal,2025-01-04,LOC015
ORD0001900,CUS000037,2025-01-03 15:23:41,Delivered,7763.98,Next Day,536 Elizabeth Via,536 Elizabeth Via,Credit Card,2025-01-05,LOC020
ORD0001901,CUS000100,2025-01-04 09:19:41,Delivered,1066.56,Standard,14536 Holly Trail,14536 Holly Trail,Bank Transfer,2025-01-06,LOC011
ORD0001902,CUS000019,2025-01-03 13:41:41,Delivered,475.8,Express,3594 Long Wall Suite 248,3594 Long Wall Suite 248,Bank Transfer,2025-01-07,LOC007
ORD0001903,CUS000056,2025-01-03 17:00:41,Delivered,7520.679999999999,Express,5399 Pierce Gardens Suite 720,5399 Pierce Gardens Suite 720,Bank Transfer,2025-01-07,LOC010
ORD0001904,CUS000064,2025-01-03 11:10:41,Delivered,2662.0,Express,93926 Jason Common Suite 790,93926 Jason Common Suite 790,PayPal,2025-01-10,LOC005
ORD0001905,CUS000094,2025-01-03 20:15:41,Delivered,5355.71,Express,91800 Tony Lights Suite 800,91800 Tony Lights Suite 800,PayPal,2025-01-08,LOC019
ORD0001906,CUS000089,2025-01-03 23:05:41,Delivered,775.03,Express,890 Fuller Harbor Apt. 884,890 Fuller Harbor Apt. 884,Bank Transfer,2025-01-08,LOC005
ORD0001907,CUS000043,2025-01-03 16:33:41,Delivered,10161.16,Next Day,1002 John Row Apt. 424,1002 John Row Apt. 424,PayPal,2025-01-07,LOC013
ORD0001908,CUS000032,2025-01-03 12:34:41,Delivered,929.35,Pick up in store,57334 Cooper Island,57334 Cooper Island,Bank Transfer,2025-01-09,LOC014
ORD0001909,CUS000007,2025-01-04 19:59:41,Delivered,9248.86,Pick up in store,64048 Golden Mount Suite 491,64048 Golden Mount Suite 491,Bank Transfer,2025-01-11,LOC013
ORD0001910,CUS000062,2025-01-04 17:46:41,Delivered,2306.54,Next Day,9634 Thomas Vista,9634 Thomas Vista,Credit Card,2025-01-11,LOC001
ORD0001911,CUS000039,2025-01-04 23:17:41,Delivered,6841.02,Pick up in store,06077 Marcus Bypass,06077 Marcus Bypass,Bank Transfer,2025-01-05,LOC004
ORD0001912,CUS000032,2025-01-04 14:10:41,Delivered,7764.23,Pick up in store,57334 Cooper Island,57334 Cooper Island,Bank Transfer,2025-01-11,LOC006
ORD0001913,CUS000016,2025-01-05 01:18:41,Delivered,148.67,Pick up in store,517 Lester Brook,517 Lester Brook,Bank Transfer,2025-01-11,LOC018
ORD0001914,CUS000020,2025-01-04 21:39:41,Delivered,12685.119999999999,Next Day,63649 Robinson Court,63649 Robinson Court,Bank Transfer,2025-01-11,LOC013
ORD0001915,CUS000076,2025-01-05 05:33:41,Delivered,7090.069999999999,Pick up in store,8996 Amanda Plaza,8996 Amanda Plaza,Bank Transfer,2025-01-07,LOC014
ORD0001916,CUS000080,2025-01-04 20:00:41,Delivered,8998.199999999999,Express,84198 Mitchell Light,84198 Mitchell Light,Credit Card,2025-01-09,LOC018
ORD0001917,CUS000038,2025-01-04 19:31:41,Delivered,10237.79,Standard,811 Leonard Ford Apt. 102,811 Leonard Ford Apt. 102,Credit Card,2025-01-07,LOC013
ORD0001918,CUS000100,2025-01-05 09:10:41,Delivered,1316.6999999999998,Pick up in store,14536 Holly Trail,14536 Holly Trail,PayPal,2025-01-09,LOC008
ORD0001919,CUS000005,2025-01-05 04:27:41,Delivered,1659.05,Express,55835 Christopher Parkways Suite 486,55835 Christopher Parkways Suite 486,PayPal,2025-01-09,LOC015
ORD0001920,CUS000048,2025-01-04 12:29:41,Delivered,928.24,Express,1997 Shelly Shore,1997 Shelly Shore,Credit Card,2025-01-09,LOC018
ORD0001921,CUS000061,2025-01-04 12:40:41,Delivered,2987.04,Express,8595 Joshua Pine,8595 Joshua Pine,Bank Transfer,2025-01-10,LOC002
ORD0001922,CUS000085,2025-01-05 19:37:41,Delivered,10240.439999999999,Next Day,65310 Smith Causeway,65310 Smith Causeway,Bank Transfer,2025-01-06,LOC001
ORD0001923,CUS000026,2025-01-06 08:50:41,Delivered,2471.6800000000003,Next Day,305 Newton Bypass,305 Newton Bypass,Bank Transfer,2025-01-12,LOC005
ORD0001924,CUS000055,2025-01-06 02:54:41,Delivered,5705.89,Express,3345 Angela Lane Suite 782,3345 Angela Lane Suite 782,Credit Card,2025-01-08,LOC005
ORD0001925,CUS000100,2025-01-05 15:24:41,Delivered,1777.96,Next Day,14536 Holly Trail,14536 Holly Trail,PayPal,2025-01-10,LOC006
ORD0001926,CUS000027,2025-01-05 11:03:41,Delivered,7592.65,Next Day,8148 John Course Suite 159,8148 John Course Suite 159,PayPal,2025-01-06,LOC001
ORD0001927,CUS000091,2025-01-06 00:22:41,Delivered,7863.75,Express,7372 Marshall Haven,7372 Marshall Haven,Credit Card,2025-01-09,LOC007
ORD0001928,CUS000046,2025-01-06 04:32:41,Delivered,1298.73,Pick up in store,0384 Michelle Cape,0384 Michelle Cape,Bank Transfer,2025-01-10,LOC016
ORD0001929,CUS000004,2025-01-05 22:06:41,Delivered,8965.78,Pick up in store,86781 Webb Tunnel Apt. 880,86781 Webb Tunnel Apt. 880,Bank Transfer,2025-01-08,LOC006
ORD0001930,CUS000062,2025-01-06 06:53:41,Delivered,3874.8,Express,9634 Thomas Vista,9634 Thomas Vista,PayPal,2025-01-13,LOC016
ORD0001931,CUS000072,2025-01-06 05:06:41,Delivered,3710.16,Standard,022 Brennan Vista,022 Brennan Vista,Credit Card,2025-01-13,LOC011
ORD0001932,CUS000097,2025-01-05 15:36:41,Delivered,1072.12,Standard,728 Laurie Cape,728 Laurie Cape,PayPal,2025-01-07,LOC020
ORD0001933,CUS000100,2025-01-05 16:07:41,Delivered,14394.33,Next Day,14536 Holly Trail,14536 Holly Trail,Credit Card,2025-01-07,LOC011
ORD0001934,CUS000049,2025-01-06 03:52:41,Delivered,834.21,Pick up in store,8581 Katelyn Pike Apt. 739,8581 Katelyn Pike Apt. 739,Credit Card,2025-01-08,LOC005
ORD0001935,CUS000094,2025-01-05 21:44:41,Delivered,3868.2000000000003,Standard,91800 Tony Lights Suite 800,91800 Tony Lights Suite 800,Bank Transfer,2025-01-07,LOC003
ORD0001936,CUS000026,2025-01-06 02:24:41,Delivered,7933.14,Standard,305 Newton Bypass,305 Newton Bypass,PayPal,2025-01-09,LOC020
ORD0001937,CUS000050,2025-01-05 14:25:41,Delivered,6652.29,Standard,739 Garcia Spur Apt. 819,739 Garcia Spur Apt. 819,Credit Card,2025-01-09,LOC014
ORD0001938,CUS000025,2025-01-06 08:17:41,Delivered,2864.2200000000003,Pick up in store,554 Phillips Spring,554 Phillips Spring,Credit Card,2025-01-11,LOC018
ORD0001939,CUS000021,2025-01-06 18:09:41,Delivered,462.25,Next Day,873 Paul Lakes,873 Paul Lakes,Credit Card,2025-01-07,LOC005
ORD0001940,CUS000095,2025-01-07 08:09:41,Delivered,5747.65,Standard,1425 Williams Mountain,1425 Williams Mountain,Credit Card,2025-01-11,LOC020
ORD0001941,CUS000085,2025-01-06 16:52:41,Delivered,5156.51,Standard,65310 Smith Causeway,65310 Smith Causeway,Credit Card,2025-01-10,LOC018
ORD0001942,CUS000086,2025-01-06 21:21:41,Delivered,551.79,Express,023 Melissa Crossroad Apt. 855,023 Melissa Crossroad Apt. 855,Bank Transfer,2025-01-10,LOC018
ORD0001943,CUS000096,2025-01-06 15:26:41,Delivered,1142.06,Pick up in store,997 Debra Road,997 Debra Road,Bank Transfer,2025-01-10,LOC019
ORD0001944,CUS000032,2025-01-06 14:05:41,Delivered,4419.4400000000005,Express,57334 Cooper Island,57334 Cooper Island,Credit Card,2025-01-13,LOC009
ORD0001945,CUS000033,2025-01-07 07:10:41,Delivered,10953.61,Next Day,32833 Harris Fall,32833 Harris Fall,Credit Card,2025-01-08,LOC015
ORD0001946,CUS000096,2025-01-06 12:11:41,Delivered,6798.77,Standard,997 Debra Road,997 Debra Road,PayPal,2025-01-11,LOC010
ORD0001947,CUS000010,2025-01-07 00:37:41,Delivered,1160.9,Express,386 Brian Gateway,386 Brian Gateway,Bank Transfer,2025-01-12,LOC007
ORD0001948,CUS000082,2025-01-07 06:49:41,Delivered,2570.61,Next Day,3913 Chambers Park Apt. 634,3913 Chambers Park Apt. 634,Credit Card,2025-01-11,LOC017
ORD0001949,CUS000073,2025-01-06 18:43:41,Delivered,5454.33,Standard,598 Smith Mission Suite 623,598 Smith Mission Suite 623,PayPal,2025-01-08,LOC003
ORD0001950,CUS000074,2025-01-06 21:26:41,Delivered,6916.240000000001,Next Day,42549 Zavala Lakes Suite 652,42549 Zavala Lakes Suite 652,Bank Transfer,2025-01-13,LOC008
ORD0001951,CUS000076,2025-01-06 19:22:41,Delivered,3779.42,Pick up in store,8996 Amanda Plaza,8996 Amanda Plaza,PayPal,2025-01-09,LOC008
ORD0001952,CUS000002,2025-01-07 08:56:41,Delivered,6910.26,Next Day,7944 Rich Turnpike,7944 Rich Turnpike,Credit Card,2025-01-12,LOC005
ORD0001953,CUS000016,2025-01-06 17:34:41,Delivered,1068.92,Express,517 Lester Brook,517 Lester Brook,Credit Card,2025-01-07,LOC003
ORD0001954,CUS000070,2025-01-06 23:10:41,Delivered,5847.400000000001,Standard,17993 Lee Cove Apt. 976,17993 Lee Cove Apt. 976,Credit Card,2025-01-13,LOC016
ORD0001955,CUS000064,2025-01-06 13:37:41,Delivered,4414.83,Pick up in store,93926 Jason Common Suite 790,93926 Jason Common Suite 790,Bank Transfer,2025-01-10,LOC009
ORD0001956,CUS000008,2025-01-07 17:01:41,Delivered,8299.64,Next Day,949 Mueller Mission,949 Mueller Mission,PayPal,2025-01-10,LOC010
ORD0001957,CUS000019,2025-01-07 16:05:41,Delivered,1043.1899999999998,Next Day,3594 Long Wall Suite 248,3594 Long Wall Suite 248,Credit Card,2025-01-08,LOC003
ORD0001958,CUS000083,2025-01-08 01:51:41,Delivered,4268.12,Pick up in store,808 Joseph Center Suite 987,808 Joseph Center Suite 987,Credit Card,2025-01-14,LOC008
ORD0001959,CUS000029,2025-01-08 06:49:41,Delivered,565.57,Next Day,248 Schaefer Alley,248 Schaefer Alley,Credit Card,2025-01-11,LOC006
ORD0001960,CUS000032,2025-01-08 01:17:41,Delivered,6009.4800000000005,Express,57334 Cooper Island,57334 Cooper Island,Credit Card,2025-01-13,LOC009
ORD0001961,CUS000052,2025-01-07 15:00:41,Delivered,3481.48,Express,28803 Kyle Island,28803 Kyle Island,Bank Transfer,2025-01-14,LOC011
ORD0001962,CUS000088,2025-01-08 09:58:41,Delivered,2789.43,Next Day,50544 Penny Isle Suite 526,50544 Penny Isle Suite 526,Bank Transfer,2025-01-14,LOC018
ORD0001963,CUS000078,2025-01-07 20:26:41,Delivered,2998.29,Standard,783 Hudson Mill Suite 171,783 Hudson Mill Suite 171,PayPal,2025-01-11,LOC003
ORD0001964,CUS000065,2025-01-08 08:31:41,Delivered,2725.19,Pick up in store,0316 Wendy Club Apt. 476,0316 Wendy Club Apt. 476,Credit Card,2025-01-09,LOC011
ORD0001965,CUS000023,2025-01-07 21:17:41,Delivered,5793.56,Next Day,245 Hall Cove,245 Hall Cove,Bank Transfer,2025-01-12,LOC015
ORD0001966,CUS000078,2025-01-07 11:32:41,Delivered,5198.71,Express,783 Hudson Mill Suite 171,783 Hudson Mill Suite 171,Bank Transfer,2025-01-14,LOC011
ORD0001967,CUS000029,2025-01-07 15:03:41,Delivered,951.62,Standard,248 Schaefer Alley,248 Schaefer Alley,PayPal,2025-01-09,LOC010
ORD0001968,CUS000020,2025-01-08 00:34:41,Delivered,294.63,Express,63649 Robinson Court,63649 Robinson Court,PayPal,2025-01-10,LOC005
ORD0001969,CUS000054,2025-01-08 00:23:41,Delivered,3448.23,Next Day,00532 Matthew Fork Suite 143,00532 Matthew Fork Suite 143,Credit Card,2025-01-09,LOC010
ORD0001970,CUS000012,2025-01-07 17:16:41,Delivered,4057.7200000000003,Pick up in store,753 Powell Manor Suite 888,753 Powell Manor Suite 888,Credit Card,2025-01-11,LOC007
ORD0001971,CUS000098,2025-01-08 07:24:41,Delivered,1384.27,Next Day,4693 Ashley Centers,4693 Ashley Centers,Bank Transfer,2025-01-15,LOC016
ORD0001972,CUS000030,2025-01-07 12:19:41,Delivered,837.84,Standard,56818 Wright Drives,56818 Wright Drives,Credit Card,2025-01-13,LOC016
ORD0001973,CUS000033,2025-01-08 18:03:41,Delivered,3888.88,Next Day,32833 Harris Fall,32833 Harris Fall,Credit Card,2025-01-12,LOC009
ORD0001974,CUS000084,2025-01-08 22:55:41,Delivered,4169.64,Standard,3563 Ashley Wall Apt. 125,3563 Ashley Wall Apt. 125,PayPal,2025-01-13,LOC007
ORD0001975,CUS000011,2025-01-09 01:33:41,Delivered,2044.84,Standard,627 Carol Vista,627 Carol Vista,Bank Transfer,2025-01-11,LOC014
ORD0001976,CUS000005,2025-01-08 16:37:41,Delivered,7686.6,Next Day,55835 Christopher Parkways Suite 486,55835 Christopher Parkways Suite 486,PayPal,2025-01-15,LOC008
ORD0001977,CUS000080,2025-01-09 07:13:41,Delivered,236.8,Next Day,84198 Mitchell Light,84198 Mitchell Light,Bank Transfer,2025-01-12,LOC017
ORD0001978,CUS000066,2025-01-09 02:31:41,Delivered,9397.39,Next Day,712 Andrew Ranch,712 Andrew Ranch,Credit Card,2025-01-10,LOC011
ORD0001979,CUS000031,2025-01-08 18:46:41,Delivered,3250.0,Pick up in store,3219 Rodriguez Passage Suite 363,3219 Rodriguez Passage Suite 363,Credit Card,2025-01-10,LOC007
ORD0001980,CUS000072,2025-01-09 00:04:41,Delivered,4560.02,Standard,022 Brennan Vista,022 Brennan Vista,Bank Transfer,2025-01-10,LOC019
ORD0001981,CUS000013,2025-01-09 02:29:41,Delivered,341.12,Next Day,54024 Miller Track Suite 763,54024 Miller Track Suite 763,Credit Card,2025-01-10,LOC020
ORD0001982,CUS000067,2025-01-08 18:40:41,Delivered,2545.9900000000002,Next Day,4937 Brown Turnpike Suite 240,4937 Brown Turnpike Suite 240,Bank Transfer,2025-01-13,LOC011
ORD0001983,CUS000098,2025-01-09 00:55:41,Delivered,4959.0599999999995,Express,4693 Ashley Centers,4693 Ashley Centers,Bank Transfer,2025-01-11,LOC013
ORD0001984,CUS000013,2025-01-08 14:28:41,Delivered,5810.410000000001,Pick up in store,54024 Miller Track Suite 763,54024 Miller Track Suite 763,Credit Card,2025-01-09,LOC007
ORD0001985,CUS000096,2025-01-08 21:46:41,Delivered,1104.93,Standard,997 Debra Road,997 Debra Road,Credit Card,2025-01-14,LOC020
ORD0001986,CUS000052,2025-01-09 02:40:41,Delivered,7236.13,Standard,28803 Kyle Island,28803 Kyle Island,Credit Card,2025-01-16,LOC016
ORD0001987,CUS000030,2025-01-08 18:51:41,Delivered,600.73,Express,56818 Wright Drives,56818 Wright Drives,PayPal,2025-01-14,LOC015
ORD0001988,CUS000076,2025-01-09 10:16:41,Delivered,1012.72,Express,8996 Amanda Plaza,8996 Amanda Plaza,PayPal,2025-01-15,LOC011
ORD0001989,CUS000011,2025-01-10 09:14:41,Delivered,7114.9800000000005,Next Day,627 Carol Vista,627 Carol Vista,Credit Card,2025-01-15,LOC012
ORD0001990,CUS000088,2025-01-10 03:13:41,Delivered,1925.93,Pick up in store,50544 Penny Isle Suite 526,50544 Penny Isle Suite 526,Credit Card,2025-01-12,LOC009
ORD0001991,CUS000080,2025-01-09 15:10:41,Delivered,1283.78,Pick up in store,84198 Mitchell Light,84198 Mitchell Light,Bank Transfer,2025-01-11,LOC016
ORD0001992,CUS000021,2025-01-10 03:26:41,Delivered,893.08,Standard,873 Paul Lakes,873 Paul Lakes,Bank Transfer,2025-01-11,LOC013
ORD0001993,CUS000033,2025-01-10 05:00:41,Delivered,6795.139999999999,Next Day,32833 Harris Fall,32833 Harris Fall,Bank Transfer,2025-01-13,LOC019
ORD0001994,CUS000026,2025-01-10 01:40:41,Delivered,3007.3499999999995,Express,305 Newton Bypass,305 Newton Bypass,Credit Card,2025-01-15,LOC018
ORD0001995,CUS000052,2025-01-10 04:06:41,Delivered,5487.720000000001,Next Day,28803 Kyle Island,28803 Kyle Island,Bank Transfer,2025-01-14,LOC009
ORD0001996,CUS000010,2025-01-10 02:37:41,Delivered,4100.0599999999995,Standard,386 Brian Gateway,386 Brian Gateway,Credit Card,2025-01-14,LOC015
ORD0001997,CUS000021,2025-01-09 12:07:41,Delivered,1241.16,Express,873 Paul Lakes,873 Paul Lakes,PayPal,2025-01-16,LOC016
ORD0001998,CUS000059,2025-01-10 02:13:41,Delivered,2425.3999999999996,Express,604 Jones Courts Apt. 869,604 Jones Courts Apt. 869,Credit Card,2025-01-16,LOC019
ORD0001999,CUS000059,2025-01-10 00:37:41,Delivered,4782.950000000001,Next Day,604 Jones Courts Apt. 869,604 Jones Courts Apt. 869,PayPal,2025-01-16,LOC014
ORD0002000,CUS000079,2025-01-09 19:45:41,Delivered,10442.67,Standard,34676 Chan Brooks,34676 Chan Brooks,Bank Transfer,2025-01-12,LOC003
ORD0002001,CUS000086,2025-01-10 07:52:41,Delivered,6216.59,Express,023 Melissa Crossroad Apt. 855,023 Melissa Crossroad Apt. 855,Credit Card,2025-01-13,LOC009
ORD0002002,CUS000023,2025-01-10 00:09:41,Delivered,2283.76,Pick up in store,245 Hall Cove,245 Hall Cove,Bank Transfer,2025-01-14,LOC013
ORD0002003,CUS000039,2025-01-09 17:43:41,Delivered,1890.08,Standard,06077 Marcus Bypass,06077 Marcus Bypass,PayPal,2025-01-14,LOC012
ORD0002004,CUS000080,2025-01-10 07:56:41,Delivered,5036.32,Next Day,84198 Mitchell Light,84198 Mitchell Light,PayPal,2025-01-14,LOC002
ORD0002005,CUS000022,2025-01-10 06:33:41,Delivered,1288.78,Express,290 Hodges Pine,290 Hodges Pine,Bank Transfer,2025-01-14,LOC015
ORD0002006,CUS000022,2025-01-09 12:50:41,Delivered,2310.29,Express,290 Hodges Pine,290 Hodges Pine,Bank Transfer,2025-01-15,LOC017
ORD0002007,CUS000091,2025-01-10 02:55:41,Delivered,4934.12,Express,7372 Marshall Haven,7372 Marshall Haven,Bank Transfer,2025-01-17,LOC003
ORD0002008,CUS000090,2025-01-10 06:11:41,Delivered,4147.99,Next Day,9210 Morris Turnpike Suite 212,9210 Morris Turnpike Suite 212,Credit Card,2025-01-15,LOC007
ORD0002009,CUS000087,2025-01-09 11:01:41,Delivered,785.3399999999999,Pick up in store,99137 Scott Streets Suite 891,99137 Scott Streets Suite 891,Credit Card,2025-01-13,LOC015
ORD0002010,CUS000090,2025-01-09 22:52:41,Delivered,2574.63,Pick up in store,9210 Morris Turnpike Suite 212,9210 Morris Turnpike Suite 212,Credit Card,2025-01-16,LOC011
ORD0002011,CUS000091,2025-01-09 21:10:41,Delivered,162.46,Next Day,7372 Marshall Haven,7372 Marshall Haven,PayPal,2025-01-10,LOC017
ORD0002012,CUS000005,2025-01-09 19:37:41,Delivered,18682.329999999998,Standard,55835 Christopher Parkways Suite 486,55835 Christopher Parkways Suite 486,PayPal,2025-01-15,LOC013
ORD0002013,CUS000045,2025-01-11 00:26:41,Delivered,195.56,Next Day,14062 Oliver Spurs,14062 Oliver Spurs,PayPal,2025-01-18,LOC015
ORD0002014,CUS000097,2025-01-11 07:47:41,Delivered,8590.189999999999,Next Day,728 Laurie Cape,728 Laurie Cape,PayPal,2025-01-18,LOC004
ORD0002015,CUS000012,2025-01-11 07:47:41,Delivered,4767.47,Next Day,753 Powell Manor Suite 888,753 Powell Manor Suite 888,Credit Card,2025-01-12,LOC001
ORD0002016,CUS000060,2025-01-10 20:24:41,Delivered,11169.130000000001,Pick up in store,50318 Kenneth Burg Suite 855,50318 Kenneth Burg Suite 855,PayPal,2025-01-17,LOC009
ORD0002017,CUS000043,2025-01-11 08:56:41,Delivered,7357.5,Express,1002 John Row Apt. 424,1002 John Row Apt. 424,PayPal,2025-01-16,LOC010
ORD0002018,CUS000065,2025-01-10 17:47:41,Delivered,3678.26,Express,0316 Wendy Club Apt. 476,0316 Wendy Club Apt. 476,Credit Card,2025-01-17,LOC012
ORD0002019,CUS000044,2025-01-10 23:49:41,Delivered,6264.23,Pick up in store,28472 Anderson Bypass,28472 Anderson Bypass,Credit Card,2025-01-13,LOC011
ORD0002020,CUS000009,2025-01-11 08:42:41,Delivered,5931.400000000001,Express,4479 Hinton Heights Suite 425,4479 Hinton Heights Suite 425,Bank Transfer,2025-01-12,LOC013
ORD0002021,CUS000005,2025-01-11 09:26:41,Delivered,1968.1,Express,55835 Christopher Parkways Suite 486,55835 Christopher Parkways Suite 486,Bank Transfer,2025-01-17,LOC004
ORD0002022,CUS000033,2025-01-10 19:20:41,Delivered,4393.68,Standard,32833 Harris Fall,32833 Harris Fall,Bank Transfer,2025-01-16,LOC018
ORD0002023,CUS000044,2025-01-10 11:18:41,Delivered,3726.9900000000002,Next Day,28472 Anderson Bypass,28472 Anderson Bypass,PayPal,2025-01-16,LOC003
ORD0002024,CUS000055,2025-01-11 03:30:41,Delivered,5381.79,Standard,3345 Angela Lane Suite 782,3345 Angela Lane Suite 782,PayPal,2025-01-17,LOC019
ORD0002025,CUS000031,2025-01-10 21:27:41,Delivered,951.6,Next Day,3219 Rodriguez Passage Suite 363,3219 Rodriguez Passage Suite 363,Bank Transfer,2025-01-15,LOC006
ORD0002026,CUS000087,2025-01-10 16:08:41,Delivered,11174.18,Pick up in store,99137 Scott Streets Suite 891,99137 Scott Streets Suite 891,Credit Card,2025-01-16,LOC006
ORD0002027,CUS000064,2025-01-11 03:44:41,Delivered,2467.11,Standard,93926 Jason Common Suite 790,93926 Jason Common Suite 790,PayPal,2025-01-13,LOC011
ORD0002028,CUS000051,2025-01-11 08:01:41,Delivered,7651.1,Express,563 Jones Fields Suite 934,563 Jones Fields Suite 934,Bank Transfer,2025-01-15,LOC007
ORD0002029,CUS000019,2025-01-10 17:18:41,Delivered,764.72,Next Day,3594 Long Wall Suite 248,3594 Long Wall Suite 248,Credit Card,2025-01-15,LOC015
ORD0002030,CUS000047,2025-01-10 11:24:41,Delivered,1540.06,Next Day,46161 Ortega Fork Apt. 399,46161 Ortega Fork Apt. 399,Credit Card,2025-01-17,LOC005
ORD0002031,CUS000027,2025-01-11 08:35:41,Delivered,2896.14,Express,8148 John Course Suite 159,8148 John Course Suite 159,Bank Transfer,2025-01-13,LOC007
ORD0002032,CUS000014,2025-01-10 13:39:41,Delivered,3939.9300000000003,Express,240 Lewis Park,240 Lewis Park,Credit Card,2025-01-12,LOC016
ORD0002033,CUS000050,2025-01-10 14:15:41,Delivered,1901.04,Standard,739 Garcia Spur Apt. 819,739 Garcia Spur Apt. 819,Bank Transfer,2025-01-17,LOC015
ORD0002034,CUS000086,2025-01-10 18:55:41,Delivered,173.18,Express,023 Melissa Crossroad Apt. 855,023 Melissa Crossroad Apt. 855,PayPal,2025-01-15,LOC020
ORD0002035,CUS000065,2025-01-11 09:50:41,Delivered,2432.46,Standard,0316 Wendy Club Apt. 476,0316 Wendy Club Apt. 476,PayPal,2025-01-13,LOC015
ORD0002036,CUS000035,2025-01-10 16:26:41,Delivered,10431.0,Pick up in store,0435 Mullins Canyon,0435 Mullins Canyon,Credit Card,2025-01-15,LOC002
ORD0002037,CUS000090,2025-01-11 03:24:41,Delivered,7982.43,Next Day,9210 Morris Turnpike Suite 212,9210 Morris Turnpike Suite 212,Bank Transfer,2025-01-15,LOC006
ORD0002038,CUS000021,2025-01-11 09:34:41,Delivered,3903.76,Pick up in store,873 Paul Lakes,873 Paul Lakes,PayPal,2025-01-17,LOC004
ORD0002039,CUS000095,2025-01-11 14:27:41,Delivered,3631.8199999999997,Pick up in store,1425 Williams Mountain,1425 Williams Mountain,Credit Card,2025-01-18,LOC013
ORD0002040,CUS000033,2025-01-12 05:11:41,Delivered,4235.76,Next Day,32833 Harris Fall,32833 Harris Fall,Credit Card,2025-01-16,LOC009
ORD0002041,CUS000041,2025-01-11 15:40:41,Delivered,2195.74,Express,312 Mathew Route Suite 835,312 Mathew Route Suite 835,Bank Transfer,2025-01-15,LOC007
ORD0002042,CUS000061,2025-01-11 11:37:41,Delivered,9620.2,Pick up in store,8595 Joshua Pine,8595 Joshua Pine,Credit Card,2025-01-14,LOC006
ORD0002043,CUS000046,2025-01-12 01:27:41,Delivered,5203.51,Express,0384 Michelle Cape,0384 Michelle Cape,Credit Card,2025-01-19,LOC020
ORD0002044,CUS000025,2025-01-11 14:08:41,Delivered,3059.76,Pick up in store,554 Phillips Spring,554 Phillips Spring,Bank Transfer,2025-01-12,LOC015
ORD0002045,CUS000039,2025-01-12 02:08:41,Delivered,3696.75,Standard,06077 Marcus Bypass,06077 Marcus Bypass,Credit Card,2025-01-15,LOC013
ORD0002046,CUS000014,2025-01-12 06:02:41,Delivered,4096.92,Next Day,240 Lewis Park,240 Lewis Park,PayPal,2025-01-14,LOC013
ORD0002047,CUS000066,2025-01-12 05:16:41,Delivered,4025.2,Express,712 Andrew Ranch,712 Andrew Ranch,Credit Card,2025-01-19,LOC001
ORD0002048,CUS000023,2025-01-11 20:54:41,Delivered,372.33,Standard,245 Hall Cove,245 Hall Cove,Credit Card,2025-01-12,LOC003
ORD0002049,CUS000021,2025-01-13 06:28:41,Delivered,4641.2,Next Day,873 Paul Lakes,873 Paul Lakes,PayPal,2025-01-17,LOC012
ORD0002050,CUS000053,2025-01-13 01:41:41,Delivered,7109.82,Express,92512 Armstrong Station,92512 Armstrong Station,Bank Transfer,2025-01-19,LOC012
ORD0002051,CUS000059,2025-01-12 11:52:41,Delivered,2681.28,Express,604 Jones Courts Apt. 869,604 Jones Courts Apt. 869,Credit Card,2025-01-13,LOC002
ORD0002052,CUS000071,2025-01-12 21:51:41,Delivered,5244.360000000001,Standard,085 Aaron Crescent Apt. 676,085 Aaron Crescent Apt. 676,PayPal,2025-01-14,LOC013
ORD0002053,CUS000033,2025-01-12 12:28:41,Delivered,620.55,Standard,32833 Harris Fall,32833 Harris Fall,PayPal,2025-01-19,LOC010
ORD0002054,CUS000088,2025-01-13 04:16:41,Delivered,2368.8,Pick up in store,50544 Penny Isle Suite 526,50544 Penny Isle Suite 526,PayPal,2025-01-16,LOC002
ORD0002055,CUS000050,2025-01-13 07:05:41,Delivered,5075.16,Pick up in store,739 Garcia Spur Apt. 819,739 Garcia Spur Apt. 819,PayPal,2025-01-14,LOC016
ORD0002056,CUS000001,2025-01-12 20:03:41,Delivered,9194.150000000001,Express,45447 Ryan Springs Suite 790,45447 Ryan Springs Suite 790,Bank Transfer,2025-01-17,LOC002
ORD0002057,CUS000046,2025-01-13 06:07:41,Delivered,1930.68,Next Day,0384 Michelle Cape,0384 Michelle Cape,PayPal,2025-01-19,LOC016
ORD0002058,CUS000042,2025-01-13 09:49:41,Delivered,929.35,Standard,19899 Mark Way Suite 871,19899 Mark Way Suite 871,PayPal,2025-01-18,LOC016
ORD0002059,CUS000074,2025-01-13 01:30:41,Delivered,14568.87,Pick up in store,42549 Zavala Lakes Suite 652,42549 Zavala Lakes Suite 652,Credit Card,2025-01-14,LOC002
ORD0002060,CUS000041,2025-01-14 08:51:41,Delivered,5433.37,Standard,312 Mathew Route Suite 835,312 Mathew Route Suite 835,Credit Card,2025-01-19,LOC002
ORD0002061,CUS000086,2025-01-14 07:53:41,Delivered,795.9,Next Day,023 Melissa Crossroad Apt. 855,023 Melissa Crossroad Apt. 855,Credit Card,2025-01-15,LOC019
ORD0002062,CUS000026,2025-01-13 17:26:41,Delivered,4680.81,Pick up in store,305 Newton Bypass,305 Newton Bypass,Bank Transfer,2025-01-16,LOC014
ORD0002063,CUS000073,2025-01-13 20:20:41,Delivered,8038.660000000001,Next Day,598 Smith Mission Suite 623,598 Smith Mission Suite 623,Credit Card,2025-01-19,LOC018
ORD0002064,CUS000084,2025-01-13 17:38:41,Delivered,1326.06,Express,3563 Ashley Wall Apt. 125,3563 Ashley Wall Apt. 125,PayPal,2025-01-15,LOC001
ORD0002065,CUS000050,2025-01-13 22:19:41,Delivered,1922.81,Standard,739 Garcia Spur Apt. 819,739 Garcia Spur Apt. 819,Bank Transfer,2025-01-17,LOC020
ORD0002066,CUS000051,2025-01-13 11:18:41,Delivered,12614.53,Pick up in store,563 Jones Fields Suite 934,563 Jones Fields Suite 934,Bank Transfer,2025-01-14,LOC010
ORD0002067,CUS000098,2025-01-13 14:07:41,Delivered,3125.47,Express,4693 Ashley Centers,4693 Ashley Centers,Bank Transfer,2025-01-14,LOC007
ORD0002068,CUS000002,2025-01-13 18:16:41,Delivered,6301.389999999999,Next Day,7944 Rich Turnpike,7944 Rich Turnpike,PayPal,2025-01-17,LOC016
ORD0002069,CUS000049,2025-01-13 20:55:41,Delivered,3638.32,Next Day,8581 Katelyn Pike Apt. 739,8581 Katelyn Pike Apt. 739,PayPal,2025-01-14,LOC011
ORD0002070,CUS000087,2025-01-13 15:37:41,Delivered,2066.49,Standard,99137 Scott Streets Suite 891,99137 Scott Streets Suite 891,Credit Card,2025-01-19,LOC015
ORD0002071,CUS000015,2025-01-13 21:29:41,Delivered,7947.87,Standard,943 Dawn Extension Apt. 032,943 Dawn Extension Apt. 032,Bank Transfer,2025-01-16,LOC007
ORD0002072,CUS000092,2025-01-13 14:22:41,Delivered,5534.049999999999,Express,441 Nichols Glen,441 Nichols Glen,Credit Card,2025-01-20,LOC014
ORD0002073,CUS000092,2025-01-14 04:03:41,Delivered,2232.7000000000003,Express,441 Nichols Glen,441 Nichols Glen,Bank Transfer,2025-01-17,LOC004
ORD0002074,CUS000060,2025-01-14 10:46:41,Delivered,6652.0199999999995,Next Day,50318 Kenneth Burg Suite 855,50318 Kenneth Burg Suite 855,Bank Transfer,2025-01-17,LOC002
ORD0002075,CUS000012,2025-01-13 15:08:41,Delivered,10338.39,Standard,753 Powell Manor Suite 888,753 Powell Manor Suite 888,Credit Card,2025-01-17,LOC010
ORD0002076,CUS000061,2025-01-13 23:34:41,Delivered,6450.72,Express,8595 Joshua Pine,8595 Joshua Pine,Credit Card,2025-01-14,LOC006
ORD0002077,CUS000002,2025-01-13 22:41:41,Delivered,157.42,Express,7944 Rich Turnpike,7944 Rich Turnpike,Bank Transfer,2025-01-14,LOC018
ORD0002078,CUS000085,2025-01-14 07:22:41,Delivered,2393.9300000000003,Standard,65310 Smith Causeway,65310 Smith Causeway,PayPal,2025-01-17,LOC017
ORD0002079,CUS000004,2025-01-13 12:33:41,Delivered,2330.88,Express,86781 Webb Tunnel Apt. 880,86781 Webb Tunnel Apt. 880,PayPal,2025-01-16,LOC017
ORD0002080,CUS000053,2025-01-14 02:07:41,Delivered,4171.05,Pick up in store,92512 Armstrong Station,92512 Armstrong Station,Bank Transfer,2025-01-18,LOC019
ORD0002081,CUS000065,2025-01-14 08:55:41,Delivered,1802.19,Pick up in store,0316 Wendy Club Apt. 476,0316 Wendy Club Apt. 476,Credit Card,2025-01-19,LOC008
ORD0002082,CUS000029,2025-01-14 03:07:41,Delivered,7183.69,Pick up in store,248 Schaefer Alley,248 Schaefer Alley,PayPal,2025-01-21,LOC018
ORD0002083,CUS000075,2025-01-14 08:30:41,Delivered,1496.27,Standard,10585 Shaun Squares Suite 674,10585 Shaun Squares Suite 674,Bank Transfer,2025-01-18,LOC005
ORD0002084,CUS000092,2025-01-13 22:48:41,Delivered,10621.78,Standard,441 Nichols Glen,441 Nichols Glen,Credit Card,2025-01-14,LOC004
ORD0002085,CUS000007,2025-01-13 12:23:41,Delivered,10931.75,Next Day,64048 Golden Mount Suite 491,64048 Golden Mount Suite 491,Credit Card,2025-01-20,LOC006
ORD0002086,CUS000004,2025-01-13 20:17:41,Delivered,6515.28,Express,86781 Webb Tunnel Apt. 880,86781 Webb Tunnel Apt. 880,Bank Transfer,2025-01-17,LOC016
ORD0002087,CUS000053,2025-01-15 06:26:41,Delivered,4231.96,Express,92512 Armstrong Station,92512 Armstrong Station,Credit Card,2025-01-18,LOC015
ORD0002088,CUS000077,2025-01-15 03:42:41,Delivered,1424.48,Express,17316 Ashley Ridges Suite 345,17316 Ashley Ridges Suite 345,PayPal,2025-01-16,LOC004
ORD0002089,CUS000082,2025-01-15 07:00:41,Delivered,901.6800000000001,Express,3913 Chambers Park Apt. 634,3913 Chambers Park Apt. 634,PayPal,2025-01-20,LOC008
ORD0002090,CUS000035,2025-01-14 19:26:41,Delivered,1788.0100000000002,Standard,0435 Mullins Canyon,0435 Mullins Canyon,PayPal,2025-01-15,LOC011
ORD0002091,CUS000013,2025-01-14 14:55:41,Delivered,4998.23,Standard,54024 Miller Track Suite 763,54024 Miller Track Suite 763,Bank Transfer,2025-01-21,LOC009
ORD0002092,CUS000045,2025-01-14 20:35:41,Delivered,13909.52,Express,14062 Oliver Spurs,14062 Oliver Spurs,Bank Transfer,2025-01-19,LOC013
ORD0002093,CUS000050,2025-01-15 00:30:41,Delivered,5572.54,Standard,739 Garcia Spur Apt. 819,739 Garcia Spur Apt. 819,PayPal,2025-01-21,LOC013
ORD0002094,CUS000008,2025-01-14 18:06:41,Delivered,6846.07,Express,949 Mueller Mission,949 Mueller Mission,PayPal,2025-01-21,LOC005
ORD0002095,CUS000062,2025-01-14 15:44:41,Delivered,7910.54,Pick up in store,9634 Thomas Vista,9634 Thomas Vista,Credit Card,2025-01-19,LOC006
ORD0002096,CUS000013,2025-01-14 17:11:41,Delivered,2242.98,Express,54024 Miller Track Suite 763,54024 Miller Track Suite 763,Credit Card,2025-01-16,LOC018
ORD0002097,CUS000053,2025-01-14 18:10:41,Delivered,8008.960000000001,Next Day,92512 Armstrong Station,92512 Armstrong Station,PayPal,2025-01-16,LOC019
ORD0002098,CUS000092,2025-01-15 02:49:41,Delivered,1825.1100000000001,Standard,441 Nichols Glen,441 Nichols Glen,PayPal,2025-01-18,LOC004
ORD0002099,CUS000057,2025-01-14 22:38:41,Delivered,3853.2200000000003,Standard,647 Mcgee Manors,647 Mcgee Manors,Credit Card,2025-01-18,LOC009
ORD0002100,CUS000032,2025-01-14 15:13:41,Delivered,9188.82,Express,57334 Cooper Island,57334 Cooper Island,PayPal,2025-01-20,LOC019
ORD0002101,CUS000020,2025-01-14 20:07:41,Delivered,8125.329999999999,Pick up in store,63649 Robinson Court,63649 Robinson Court,PayPal,2025-01-21,LOC007
ORD0002102,CUS000099,2025-01-14 17:45:41,Delivered,1295.1399999999999,Pick up in store,385 Diana Mountain,385 Diana Mountain,Bank Transfer,2025-01-15,LOC008
ORD0002103,CUS000030,2025-01-14 15:42:41,Delivered,2973.08,Express,56818 Wright Drives,56818 Wright Drives,Bank Transfer,2025-01-18,LOC006
ORD0002104,CUS000086,2025-01-14 20:44:41,Delivered,1775.34,Pick up in store,023 Melissa Crossroad Apt. 855,023 Melissa Crossroad Apt. 855,Credit Card,2025-01-16,LOC009
ORD0002105,CUS000012,2025-01-14 16:48:41,Delivered,7304.860000000001,Next Day,753 Powell Manor Suite 888,753 Powell Manor Suite 888,Bank Transfer,2025-01-16,LOC012
ORD0002106,CUS000056,2025-01-14 18:06:41,Delivered,5262.75,Pick up in store,5399 Pierce Gardens Suite 720,5399 Pierce Gardens Suite 720,PayPal,2025-01-21,LOC010
ORD0002107,CUS000012,2025-01-14 13:49:41,Delivered,2594.54,Express,753 Powell Manor Suite 888,753 Powell Manor Suite 888,Bank Transfer,2025-01-15,LOC009
ORD0002108,CUS000087,2025-01-14 15:04:41,Delivered,3359.8500000000004,Pick up in store,99137 Scott Streets Suite 891,99137 Scott Streets Suite 891,Bank Transfer,2025-01-18,LOC018
ORD0002109,CUS000078,2025-01-14 12:33:41,Delivered,6748.85,Next Day,783 Hudson Mill Suite 171,783 Hudson Mill Suite 171,Credit Card,2025-01-16,LOC015
ORD0002110,CUS000055,2025-01-15 01:25:41,Delivered,8800.26,Pick up in store,3345 Angela Lane Suite 782,3345 Angela Lane Suite 782,Bank Transfer,2025-01-18,LOC007
ORD0002111,CUS000059,2025-01-14 14:45:41,Delivered,3730.7,Standard,604 Jones Courts Apt. 869,604 Jones Courts Apt. 869,Credit Card,2025-01-16,LOC003
ORD0002112,CUS000095,2025-01-15 01:18:41,Delivered,2748.9999999999995,Standard,1425 Williams Mountain,1425 Williams Mountain,PayPal,2025-01-20,LOC007
ORD0002113,CUS000098,2025-01-15 10:31:41,Delivered,5085.469999999999,Next Day,4693 Ashley Centers,4693 Ashley Centers,Bank Transfer,2025-01-17,LOC012
ORD0002114,CUS000074,2025-01-14 19:36:41,Delivered,1769.06,Standard,42549 Zavala Lakes Suite 652,42549 Zavala Lakes Suite 652,Credit Card,2025-01-17,LOC020
ORD0002115,CUS000074,2025-01-15 08:20:41,Delivered,1142.94,Pick up in store,42549 Zavala Lakes Suite 652,42549 Zavala Lakes Suite 652,Credit Card,2025-01-19,LOC018
ORD0002116,CUS000080,2025-01-14 16:35:41,Delivered,3852.5,Pick up in store,84198 Mitchell Light,84198 Mitchell Light,PayPal,2025-01-17,LOC002
ORD0002117,CUS000022,2025-01-15 14:36:41,Delivered,7841.75,Standard,290 Hodges Pine,290 Hodges Pine,Credit Card,2025-01-19,LOC015
ORD0002118,CUS000077,2025-01-16 06:55:41,Delivered,3607.45,Pick up in store,17316 Ashley Ridges Suite 345,17316 Ashley Ridges Suite 345,Bank Transfer,2025-01-22,LOC001
ORD0002119,CUS000076,2025-01-15 15:05:41,Delivered,541.48,Next Day,8996 Amanda Plaza,8996 Amanda Plaza,Credit Card,2025-01-20,LOC005
ORD0002120,CUS000010,2025-01-16 02:44:41,Delivered,1804.6399999999999,Pick up in store,386 Brian Gateway,386 Brian Gateway,PayPal,2025-01-20,LOC013
ORD0002121,CUS000043,2025-01-15 16:50:41,Delivered,3250.0,Standard,1002 John Row Apt. 424,1002 John Row Apt. 424,Bank Transfer,2025-01-17,LOC020
ORD0002122,CUS000075,2025-01-16 07:39:41,Delivered,5461.76,Express,10585 Shaun Squares Suite 674,10585 Shaun Squares Suite 674,PayPal,2025-01-20,LOC019
ORD0002123,CUS000070,2025-01-15 13:56:41,Delivered,3234.06,Pick up in store,17993 Lee Cove Apt. 976,17993 Lee Cove Apt. 976,Bank Transfer,2025-01-16,LOC013
ORD0002124,CUS000036,2025-01-16 06:29:41,Delivered,546.5699999999999,Standard,4716 Felicia Trafficway Apt. 051,4716 Felicia Trafficway Apt. 051,Credit Card,2025-01-20,LOC004
ORD0002125,CUS000006,2025-01-16 03:09:41,Delivered,2242.4,Pick up in store,20878 Andersen Lock Suite 120,20878 Andersen Lock Suite 120,Bank Transfer,2025-01-23,LOC004
ORD0002126,CUS000067,2025-01-16 08:59:41,Delivered,822.37,Next Day,4937 Brown Turnpike Suite 240,4937 Brown Turnpike Suite 240,Bank Transfer,2025-01-18,LOC017
ORD0002127,CUS000049,2025-01-15 11:45:41,Delivered,8569.119999999999,Standard,8581 Katelyn Pike Apt. 739,8581 Katelyn Pike Apt. 739,Bank Transfer,2025-01-18,LOC001
ORD0002128,CUS000080,2025-01-16 08:14:41,Delivered,2653.45,Pick up in store,84198 Mitchell Light,84198 Mitchell Light,Bank Transfer,2025-01-19,LOC009
ORD0002129,CUS000047,2025-01-15 15:16:41,Delivered,9658.65,Express,46161 Ortega Fork Apt. 399,46161 Ortega Fork Apt. 399,Bank Transfer,2025-01-16,LOC004
ORD0002130,CUS000099,2025-01-15 12:57:41,Delivered,3697.52,Next Day,385 Diana Mountain,385 Diana Mountain,PayPal,2025-01-19,LOC008
ORD0002131,CUS000080,2025-01-15 21:02:41,Delivered,3729.4,Standard,84198 Mitchell Light,84198 Mitchell Light,Credit Card,2025-01-18,LOC013
ORD0002132,CUS000040,2025-01-16 10:06:41,Delivered,5734.52,Next Day,9433 Jackie Key,9433 Jackie Key,Credit Card,2025-01-22,LOC015
ORD0002133,CUS000020,2025-01-15 18:54:41,Delivered,6692.52,Next Day,63649 Robinson Court,63649 Robinson Court,PayPal,2025-01-20,LOC010
ORD0002134,CUS000054,2025-01-16 04:46:41,Delivered,5477.87,Next Day,00532 Matthew Fork Suite 143,00532 Matthew Fork Suite 143,Credit Card,2025-01-23,LOC019
ORD0002135,CUS000054,2025-01-16 07:06:41,Delivered,5439.7,Express,00532 Matthew Fork Suite 143,00532 Matthew Fork Suite 143,PayPal,2025-01-23,LOC002
ORD0002136,CUS000022,2025-01-16 03:58:41,Delivered,660.3,Express,290 Hodges Pine,290 Hodges Pine,PayPal,2025-01-17,LOC009
ORD0002137,CUS000056,2025-01-15 13:25:41,Delivered,4999.52,Express,5399 Pierce Gardens Suite 720,5399 Pierce Gardens Suite 720,PayPal,2025-01-16,LOC004
ORD0002138,CUS000071,2025-01-15 14:55:41,Delivered,1331.0,Express,085 Aaron Crescent Apt. 676,085 Aaron Crescent Apt. 676,PayPal,2025-01-20,LOC018
ORD0002139,CUS000018,2025-01-16 03:03:41,Delivered,2948.25,Pick up in store,693 Kathryn Extension,693 Kathryn Extension,Bank Transfer,2025-01-20,LOC016
ORD0002140,CUS000002,2025-01-15 14:12:41,Delivered,9163.630000000001,Pick up in store,7944 Rich Turnpike,7944 Rich Turnpike,Bank Transfer,2025-01-17,LOC006
ORD0002141,CUS000086,2025-01-16 04:00:41,Delivered,890.09,Express,023 Melissa Crossroad Apt. 855,023 Melissa Crossroad Apt. 855,PayPal,2025-01-22,LOC013
ORD0002142,CUS000088,2025-01-15 13:53:41,Delivered,7740.02,Pick up in store,50544 Penny Isle Suite 526,50544 Penny Isle Suite 526,Credit Card,2025-01-22,LOC015
ORD0002143,CUS000017,2025-01-15 16:43:41,Delivered,1982.94,Express,4207 Craig Causeway,4207 Craig Causeway,PayPal,2025-01-19,LOC012
ORD0002144,CUS000034,2025-01-15 11:09:41,Delivered,5229.65,Express,81729 Mccall Meadows,81729 Mccall Meadows,Bank Transfer,2025-01-16,LOC012
ORD0002145,CUS000075,2025-01-15 17:56:41,Delivered,5466.9800000000005,Express,10585 Shaun Squares Suite 674,10585 Shaun Squares Suite 674,PayPal,2025-01-22,LOC020
ORD0002146,CUS000028,2025-01-16 14:16:41,Delivered,1679.25,Standard,4548 Rose Corner,4548 Rose Corner,Bank Transfer,2025-01-23,LOC017
ORD0002147,CUS000075,2025-01-17 08:42:41,Delivered,2072.25,Next Day,10585 Shaun Squares Suite 674,10585 Shaun Squares Suite 674,Bank Transfer,2025-01-19,LOC015
ORD0002148,CUS000067,2025-01-17 04:16:41,Delivered,4976.39,Express,4937 Brown Turnpike Suite 240,4937 Brown Turnpike Suite 240,PayPal,2025-01-20,LOC015
ORD0002149,CUS000065,2025-01-16 16:28:41,Delivered,5667.46,Express,0316 Wendy Club Apt. 476,0316 Wendy Club Apt. 476,PayPal,2025-01-21,LOC013
ORD0002150,CUS000053,2025-01-16 17:50:41,Delivered,10840.77,Express,92512 Armstrong Station,92512 Armstrong Station,PayPal,2025-01-23,LOC009
ORD0002151,CUS000013,2025-01-16 18:57:41,Delivered,590.45,Next Day,54024 Miller Track Suite 763,54024 Miller Track Suite 763,PayPal,2025-01-18,LOC014
ORD0002152,CUS000036,2025-01-16 18:57:41,Delivered,299.22,Standard,4716 Felicia Trafficway Apt. 051,4716 Felicia Trafficway Apt. 051,Credit Card,2025-01-17,LOC016
ORD0002153,CUS000052,2025-01-16 17:57:41,Delivered,5555.5,Standard,28803 Kyle Island,28803 Kyle Island,Credit Card,2025-01-23,LOC013
ORD0002154,CUS000096,2025-01-17 09:54:41,Delivered,1397.58,Express,997 Debra Road,997 Debra Road,PayPal,2025-01-24,LOC012
ORD0002155,CUS000038,2025-01-16 22:16:41,Delivered,4982.59,Pick up in store,811 Leonard Ford Apt. 102,811 Leonard Ford Apt. 102,PayPal,2025-01-17,LOC012
ORD0002156,CUS000006,2025-01-17 06:29:41,Delivered,924.38,Next Day,20878 Andersen Lock Suite 120,20878 Andersen Lock Suite 120,Credit Card,2025-01-18,LOC014
ORD0002157,CUS000050,2025-01-17 09:14:41,Delivered,2839.76,Express,739 Garcia Spur Apt. 819,739 Garcia Spur Apt. 819,Credit Card,2025-01-21,LOC001
ORD0002158,CUS000100,2025-01-17 06:54:41,Delivered,2735.6000000000004,Next Day,14536 Holly Trail,14536 Holly Trail,Bank Transfer,2025-01-21,LOC005
ORD0002159,CUS000094,2025-01-16 21:12:41,Delivered,1642.27,Standard,91800 Tony Lights Suite 800,91800 Tony Lights Suite 800,Bank Transfer,2025-01-22,LOC010
ORD0002160,CUS000087,2025-01-16 19:31:41,Delivered,1386.75,Standard,99137 Scott Streets Suite 891,99137 Scott Streets Suite 891,Bank Transfer,2025-01-22,LOC016
ORD0002161,CUS000011,2025-01-16 16:33:41,Delivered,2869.2799999999997,Standard,627 Carol Vista,627 Carol Vista,Bank Transfer,2025-01-18,LOC013
ORD0002162,CUS000047,2025-01-16 22:35:41,Delivered,9897.749999999998,Pick up in store,46161 Ortega Fork Apt. 399,46161 Ortega Fork Apt. 399,PayPal,2025-01-17,LOC015
ORD0002163,CUS000021,2025-01-17 10:33:41,Delivered,5112.35,Standard,873 Paul Lakes,873 Paul Lakes,PayPal,2025-01-24,LOC001
ORD0002164,CUS000044,2025-01-17 06:55:41,Delivered,1335.04,Standard,28472 Anderson Bypass,28472 Anderson Bypass,Bank Transfer,2025-01-18,LOC002
ORD0002165,CUS000027,2025-01-16 11:30:41,Delivered,1739.67,Express,8148 John Course Suite 159,8148 John Course Suite 159,Credit Card,2025-01-21,LOC006
ORD0002166,CUS000018,2025-01-17 10:48:41,Delivered,6529.33,Express,693 Kathryn Extension,693 Kathryn Extension,PayPal,2025-01-23,LOC017
ORD0002167,CUS000097,2025-01-17 01:30:41,Delivered,2611.11,Next Day,728 Laurie Cape,728 Laurie Cape,Credit Card,2025-01-24,LOC005
ORD0002168,CUS000038,2025-01-17 07:06:41,Delivered,4261.889999999999,Express,811 Leonard Ford Apt. 102,811 Leonard Ford Apt. 102,PayPal,2025-01-21,LOC014
ORD0002169,CUS000057,2025-01-16 18:19:41,Delivered,528.62,Standard,647 Mcgee Manors,647 Mcgee Manors,PayPal,2025-01-20,LOC008
ORD0002170,CUS000012,2025-01-16 21:37:41,Delivered,4641.2,Next Day,753 Powell Manor Suite 888,753 Powell Manor Suite 888,PayPal,2025-01-18,LOC005
ORD0002171,CUS000086,2025-01-17 02:21:41,Delivered,2807.0,Pick up in store,023 Melissa Crossroad Apt. 855,023 Melissa Crossroad Apt. 855,Credit Card,2025-01-23,LOC005
ORD0002172,CUS000004,2025-01-16 12:13:41,Delivered,4299.39,Pick up in store,86781 Webb Tunnel Apt. 880,86781 Webb Tunnel Apt. 880,Bank Transfer,2025-01-21,LOC013
ORD0002173,CUS000057,2025-01-16 18:46:41,Delivered,6102.1900000000005,Next Day,647 Mcgee Manors,647 Mcgee Manors,Bank Transfer,2025-01-21,LOC011
ORD0002174,CUS000055,2025-01-16 12:06:41,Delivered,7223.860000000001,Next Day,3345 Angela Lane Suite 782,3345 Angela Lane Suite 782,Bank Transfer,2025-01-23,LOC010
ORD0002175,CUS000002,2025-01-17 02:54:41,Delivered,5128.36,Express,7944 Rich Turnpike,7944 Rich Turnpike,Credit Card,2025-01-22,LOC001
ORD0002176,CUS000067,2025-01-18 09:51:41,Delivered,2067.13,Pick up in store,4937 Brown Turnpike Suite 240,4937 Brown Turnpike Suite 240,Credit Card,2025-01-23,LOC011
ORD0002177,CUS000039,2025-01-17 19:51:41,Delivered,9790.37,Next Day,06077 Marcus Bypass,06077 Marcus Bypass,Bank Transfer,2025-01-24,LOC011
ORD0002178,CUS000010,2025-01-18 04:00:41,Delivered,741.0400000000001,Pick up in store,386 Brian Gateway,386 Brian Gateway,Bank Transfer,2025-01-24,LOC006
ORD0002179,CUS000069,2025-01-17 22:51:41,Delivered,4628.65,Express,56017 Michelle Trace Apt. 592,56017 Michelle Trace Apt. 592,Credit Card,2025-01-24,LOC018
ORD0002180,CUS000044,2025-01-18 05:19:41,Delivered,4059.1200000000003,Next Day,28472 Anderson Bypass,28472 Anderson Bypass,Credit Card,2025-01-24,LOC008
ORD0002181,CUS000052,2025-01-17 22:37:41,Delivered,1555.0,Next Day,28803 Kyle Island,28803 Kyle Island,Bank Transfer,2025-01-21,LOC012
ORD0002182,CUS000098,2025-01-17 15:14:41,Delivered,3351.8399999999997,Pick up in store,4693 Ashley Centers,4693 Ashley Centers,Bank Transfer,2025-01-19,LOC012
ORD0002183,CUS000081,2025-01-18 00:30:41,Delivered,5474.64,Standard,335 Kyle Crescent Apt. 760,335 Kyle Crescent Apt. 760,PayPal,2025-01-21,LOC008
ORD0002184,CUS000062,2025-01-17 11:38:41,Delivered,4406.64,Standard,9634 Thomas Vista,9634 Thomas Vista,Credit Card,2025-01-18,LOC015
ORD0002185,CUS000057,2025-01-17 19:12:41,Delivered,266.35,Next Day,647 Mcgee Manors,647 Mcgee Manors,PayPal,2025-01-20,LOC011
ORD0002186,CUS000073,2025-01-18 02:27:41,Delivered,3972.32,Standard,598 Smith Mission Suite 623,598 Smith Mission Suite 623,PayPal,2025-01-22,LOC001
ORD0002187,CUS000019,2025-01-18 05:45:41,Delivered,10070.48,Standard,3594 Long Wall Suite 248,3594 Long Wall Suite 248,Bank Transfer,2025-01-21,LOC017
ORD0002188,CUS000014,2025-01-17 16:43:41,Delivered,3250.0,Next Day,240 Lewis Park,240 Lewis Park,Credit Card,2025-01-20,LOC003
ORD0002189,CUS000030,2025-01-17 17:04:41,Delivered,2921.12,Standard,56818 Wright Drives,56818 Wright Drives,Bank Transfer,2025-01-22,LOC015
ORD0002190,CUS000048,2025-01-17 13:57:41,Delivered,7902.3,Express,1997 Shelly Shore,1997 Shelly Shore,Credit Card,2025-01-24,LOC016
ORD0002191,CUS000042,2025-01-18 04:25:41,Delivered,2230.3199999999997,Pick up in store,19899 Mark Way Suite 871,19899 Mark Way Suite 871,Bank Transfer,2025-01-24,LOC001
ORD0002192,CUS000085,2025-01-18 07:05:41,Delivered,9733.470000000001,Express,65310 Smith Causeway,65310 Smith Causeway,Credit Card,2025-01-25,LOC013
ORD0002193,CUS000057,2025-01-17 12:40:41,Delivered,1179.08,Express,647 Mcgee Manors,647 Mcgee Manors,Bank Transfer,2025-01-21,LOC012
ORD0002194,CUS000061,2025-01-18 06:12:41,Delivered,3119.2699999999995,Standard,8595 Joshua Pine,8595 Joshua Pine,PayPal,2025-01-23,LOC015
ORD0002195,CUS000066,2025-01-18 05:00:41,Delivered,5908.76,Express,712 Andrew Ranch,712 Andrew Ranch,Credit Card,2025-01-23,LOC013
ORD0002196,CUS000085,2025-01-18 07:49:41,Delivered,7890.42,Express,65310 Smith Causeway,65310 Smith Causeway,Credit Card,2025-01-24,LOC006
ORD0002197,CUS000036,2025-01-17 19:18:41,Delivered,3127.05,Standard,4716 Felicia Trafficway Apt. 051,4716 Felicia Trafficway Apt. 051,PayPal,2025-01-19,LOC010
ORD0002198,CUS000069,2025-01-18 15:45:41,Delivered,288.78000000000003,Standard,56017 Michelle Trace Apt. 592,56017 Michelle Trace Apt. 592,Credit Card,2025-01-21,LOC020
ORD0002199,CUS000099,2025-01-18 13:12:41,Delivered,10033.8,Pick up in store,385 Diana Mountain,385 Diana Mountain,Credit Card,2025-01-24,LOC005
ORD0002200,CUS000066,2025-01-18 19:14:41,Delivered,5878.280000000001,Next Day,712 Andrew Ranch,712 Andrew Ranch,Credit Card,2025-01-23,LOC012
ORD0002201,CUS000064,2025-01-18 11:19:41,Delivered,3896.44,Express,93926 Jason Common Suite 790,93926 Jason Common Suite 790,Bank Transfer,2025-01-23,LOC007
ORD0002202,CUS000023,2025-01-19 05:06:41,Delivered,3544.33,Next Day,245 Hall Cove,245 Hall Cove,PayPal,2025-01-20,LOC005
ORD0002203,CUS000076,2025-01-19 02:26:41,Delivered,406.11,Next Day,8996 Amanda Plaza,8996 Amanda Plaza,Bank Transfer,2025-01-25,LOC001
ORD0002204,CUS000082,2025-01-19 10:33:41,Delivered,4845.33,Express,3913 Chambers Park Apt. 634,3913 Chambers Park Apt. 634,Bank Transfer,2025-01-24,LOC004
ORD0002205,CUS000014,2025-01-18 19:49:41,Delivered,1625.81,Pick up in store,240 Lewis Park,240 Lewis Park,Bank Transfer,2025-01-24,LOC014
ORD0002206,CUS000036,2025-01-19 05:24:41,Delivered,919.6500000000001,Express,4716 Felicia Trafficway Apt. 051,4716 Felicia Trafficway Apt. 051,Bank Transfer,2025-01-22,LOC011
ORD0002207,CUS000085,2025-01-18 19:36:41,Delivered,1665.67,Standard,65310 Smith Causeway,65310 Smith Causeway,Credit Card,2025-01-22,LOC003
ORD0002208,CUS000035,2025-01-19 00:50:41,Delivered,8639.34,Standard,0435 Mullins Canyon,0435 Mullins Canyon,Bank Transfer,2025-01-23,LOC015
ORD0002209,CUS000057,2025-01-18 15:36:41,Delivered,1465.21,Express,647 Mcgee Manors,647 Mcgee Manors,Credit Card,2025-01-25,LOC006
ORD0002210,CUS000097,2025-01-19 17:09:41,Delivered,7001.41,Express,728 Laurie Cape,728 Laurie Cape,Credit Card,2025-01-26,LOC015
ORD0002211,CUS000037,2025-01-20 05:32:41,Delivered,2677.33,Next Day,536 Elizabeth Via,536 Elizabeth Via,Bank Transfer,2025-01-23,LOC008
ORD0002212,CUS000084,2025-01-20 03:56:41,Delivered,3397.6,Pick up in store,3563 Ashley Wall Apt. 125,3563 Ashley Wall Apt. 125,Credit Card,2025-01-25,LOC006
ORD0002213,CUS000078,2025-01-19 12:21:41,Delivered,1165.64,Standard,783 Hudson Mill Suite 171,783 Hudson Mill Suite 171,PayPal,2025-01-20,LOC017
ORD0002214,CUS000025,2025-01-19 11:00:41,Delivered,544.2,Next Day,554 Phillips Spring,554 Phillips Spring,Bank Transfer,2025-01-22,LOC016
ORD0002215,CUS000012,2025-01-19 11:31:41,Delivered,4056.41,Express,753 Powell Manor Suite 888,753 Powell Manor Suite 888,Bank Transfer,2025-01-26,LOC004
ORD0002216,CUS000092,2025-01-19 20:32:41,Delivered,1448.01,Express,441 Nichols Glen,441 Nichols Glen,Bank Transfer,2025-01-23,LOC014
ORD0002217,CUS000011,2025-01-20 09:59:41,Delivered,8020.6500000000015,Pick up in store,627 Carol Vista,627 Carol Vista,Bank Transfer,2025-01-21,LOC013
ORD0002218,CUS000061,2025-01-19 15:32:41,Delivered,6388.67,Standard,8595 Joshua Pine,8595 Joshua Pine,Bank Transfer,2025-01-23,LOC020
ORD0002219,CUS000094,2025-01-19 19:23:41,Delivered,9239.640000000001,Standard,91800 Tony Lights Suite 800,91800 Tony Lights Suite 800,Credit Card,2025-01-25,LOC015
ORD0002220,CUS000084,2025-01-19 20:07:41,Delivered,2976.92,Express,3563 Ashley Wall Apt. 125,3563 Ashley Wall Apt. 125,PayPal,2025-01-23,LOC003
ORD0002221,CUS000034,2025-01-20 07:55:41,Delivered,571.03,Express,81729 Mccall Meadows,81729 Mccall Meadows,Bank Transfer,2025-01-21,LOC007
ORD0002222,CUS000095,2025-01-19 19:08:41,Delivered,3388.41,Next Day,1425 Williams Mountain,1425 Williams Mountain,Credit Card,2025-01-26,LOC003
ORD0002223,CUS000028,2025-01-20 04:39:41,Delivered,8097.380000000001,Standard,4548 Rose Corner,4548 Rose Corner,Bank Transfer,2025-01-26,LOC017
ORD0002224,CUS000015,2025-01-19 18:01:41,Delivered,612.0799999999999,Pick up in store,943 Dawn Extension Apt. 032,943 Dawn Extension Apt. 032,Bank Transfer,2025-01-25,LOC014
ORD0002225,CUS000068,2025-01-20 04:49:41,Delivered,2368.8,Express,165 Walker Mill,165 Walker Mill,Credit Card,2025-01-21,LOC013
ORD0002226,CUS000026,2025-01-19 12:50:41,Delivered,6118.62,Express,305 Newton Bypass,305 Newton Bypass,PayPal,2025-01-22,LOC005
ORD0002227,CUS000098,2025-01-19 22:08:41,Delivered,8734.390000000001,Pick up in store,4693 Ashley Centers,4693 Ashley Centers,PayPal,2025-01-20,LOC007
ORD0002228,CUS000074,2025-01-20 10:11:41,Delivered,7953.860000000001,Standard,42549 Zavala Lakes Suite 652,42549 Zavala Lakes Suite 652,Bank Transfer,2025-01-21,LOC019
ORD0002229,CUS000085,2025-01-20 03:51:41,Delivered,2873.1600000000003,Express,65310 Smith Causeway,65310 Smith Causeway,Credit Card,2025-01-22,LOC008
ORD0002230,CUS000016,2025-01-19 17:06:41,Delivered,3182.03,Next Day,517 Lester Brook,517 Lester Brook,PayPal,2025-01-23,LOC016
ORD0002231,CUS000004,2025-01-19 13:16:41,Delivered,13961.599999999999,Pick up in store,86781 Webb Tunnel Apt. 880,86781 Webb Tunnel Apt. 880,Bank Transfer,2025-01-20,LOC019
ORD0002232,CUS000029,2025-01-21 00:50:41,Delivered,10702.84,Express,248 Schaefer Alley,248 Schaefer Alley,Bank Transfer,2025-01-24,LOC017
ORD0002233,CUS000095,2025-01-20 19:57:41,Delivered,571.03,Express,1425 Williams Mountain,1425 Williams Mountain,Credit Card,2025-01-24,LOC009
ORD0002234,CUS000076,2025-01-21 01:56:41,Delivered,3409.28,Pick up in store,8996 Amanda Plaza,8996 Amanda Plaza,Bank Transfer,2025-01-23,LOC015
ORD0002235,CUS000097,2025-01-20 21:23:41,Delivered,3366.8,Next Day,728 Laurie Cape,728 Laurie Cape,PayPal,2025-01-26,LOC014
ORD0002236,CUS000070,2025-01-21 08:28:41,Delivered,6079.16,Standard,17993 Lee Cove Apt. 976,17993 Lee Cove Apt. 976,PayPal,2025-01-24,LOC008
ORD0002237,CUS000100,2025-01-21 05:34:41,Delivered,1636.2200000000003,Pick up in store,14536 Holly Trail,14536 Holly Trail,Bank Transfer,2025-01-26,LOC010
ORD0002238,CUS000001,2025-01-21 02:05:41,Delivered,1285.3000000000002,Next Day,45447 Ryan Springs Suite 790,45447 Ryan Springs Suite 790,Bank Transfer,2025-01-25,LOC005
ORD0002239,CUS000082,2025-01-20 15:33:41,Delivered,7935.25,Standard,3913 Chambers Park Apt. 634,3913 Chambers Park Apt. 634,Bank Transfer,2025-01-27,LOC009
ORD0002240,CUS000001,2025-01-20 22:02:41,Delivered,6527.530000000001,Standard,45447 Ryan Springs Suite 790,45447 Ryan Springs Suite 790,Credit Card,2025-01-24,LOC007
ORD0002241,CUS000043,2025-01-21 02:28:41,Delivered,3874.1600000000003,Pick up in store,1002 John Row Apt. 424,1002 John Row Apt. 424,PayPal,2025-01-27,LOC020
ORD0002242,CUS000093,2025-01-21 05:09:41,Delivered,3908.48,Express,443 Evans Pine Apt. 602,443 Evans Pine Apt. 602,Bank Transfer,2025-01-25,LOC009
ORD0002243,CUS000077,2025-01-20 11:14:41,Delivered,959.52,Pick up in store,17316 Ashley Ridges Suite 345,17316 Ashley Ridges Suite 345,PayPal,2025-01-21,LOC003
ORD0002244,CUS000063,2025-01-20 13:33:41,Delivered,5983.72,Next Day,6888 Emily Underpass,6888 Emily Underpass,PayPal,2025-01-21,LOC009
ORD0002245,CUS000025,2025-01-21 08:41:41,Delivered,3318.05,Next Day,554 Phillips Spring,554 Phillips Spring,Bank Transfer,2025-01-23,LOC017
ORD0002246,CUS000087,2025-01-21 08:04:41,Delivered,7847.58,Pick up in store,99137 Scott Streets Suite 891,99137 Scott Streets Suite 891,PayPal,2025-01-28,LOC011
ORD0002247,CUS000014,2025-01-21 03:18:41,Delivered,46.650000000000006,Standard,240 Lewis Park,240 Lewis Park,PayPal,2025-01-24,LOC003
ORD0002248,CUS000038,2025-01-21 05:01:41,Delivered,6897.8,Standard,811 Leonard Ford Apt. 102,811 Leonard Ford Apt. 102,Credit Card,2025-01-26,LOC007
ORD0002249,CUS000068,2025-01-21 14:07:41,Delivered,3888.89,Standard,165 Walker Mill,165 Walker Mill,Bank Transfer,2025-01-28,LOC009
ORD0002250,CUS000057,2025-01-21 20:33:41,Delivered,8671.42,Standard,647 Mcgee Manors,647 Mcgee Manors,PayPal,2025-01-26,LOC012
ORD0002251,CUS000036,2025-01-22 00:35:41,Delivered,8150.800000000001,Express,4716 Felicia Trafficway Apt. 051,4716 Felicia Trafficway Apt. 051,Credit Card,2025-01-25,LOC017
ORD0002252,CUS000013,2025-01-21 15:19:41,Delivered,1639.88,Next Day,54024 Miller Track Suite 763,54024 Miller Track Suite 763,Credit Card,2025-01-25,LOC011
ORD0002253,CUS000036,2025-01-21 16:53:41,Delivered,2910.38,Next Day,4716 Felicia Trafficway Apt. 051,4716 Felicia Trafficway Apt. 051,PayPal,2025-01-26,LOC003
ORD0002254,CUS000055,2025-01-21 12:03:41,Delivered,7507.08,Next Day,3345 Angela Lane Suite 782,3345 Angela Lane Suite 782,PayPal,2025-01-26,LOC011
ORD0002255,CUS000073,2025-01-21 18:38:41,Delivered,2168.11,Express,598 Smith Mission Suite 623,598 Smith Mission Suite 623,Credit Card,2025-01-23,LOC006
ORD0002256,CUS000072,2025-01-21 21:20:41,Delivered,1330.08,Standard,022 Brennan Vista,022 Brennan Vista,PayPal,2025-01-25,LOC009
ORD0002257,CUS000010,2025-01-22 09:42:41,Delivered,2453.31,Pick up in store,386 Brian Gateway,386 Brian Gateway,Credit Card,2025-01-26,LOC011
ORD0002258,CUS000016,2025-01-22 02:49:41,Delivered,2815.46,Express,517 Lester Brook,517 Lester Brook,PayPal,2025-01-24,LOC013
ORD0002259,CUS000039,2025-01-21 17:27:41,Delivered,4997.2699999999995,Standard,06077 Marcus Bypass,06077 Marcus Bypass,Credit Card,2025-01-25,LOC017
ORD0002260,CUS000044,2025-01-21 22:44:41,Delivered,3107.84,Next Day,28472 Anderson Bypass,28472 Anderson Bypass,Bank Transfer,2025-01-28,LOC002
ORD0002261,CUS000038,2025-01-21 20:48:41,Delivered,9909.68,Express,811 Leonard Ford Apt. 102,811 Leonard Ford Apt. 102,Credit Card,2025-01-22,LOC008
ORD0002262,CUS000089,2025-01-22 10:42:41,Delivered,1808.88,Next Day,890 Fuller Harbor Apt. 884,890 Fuller Harbor Apt. 884,Credit Card,2025-01-25,LOC003
ORD0002263,CUS000034,2025-01-22 01:03:41,Delivered,1576.41,Next Day,81729 Mccall Meadows,81729 Mccall Meadows,Bank Transfer,2025-01-25,LOC018
ORD0002264,CUS000017,2025-01-21 16:10:41,Delivered,8163.52,Next Day,4207 Craig Causeway,4207 Craig Causeway,Bank Transfer,2025-01-26,LOC016
ORD0002265,CUS000091,2025-01-22 03:50:41,Delivered,4847.25,Next Day,7372 Marshall Haven,7372 Marshall Haven,Credit Card,2025-01-27,LOC010
ORD0002266,CUS000099,2025-01-21 16:35:41,Delivered,2943.66,Express,385 Diana Mountain,385 Diana Mountain,PayPal,2025-01-26,LOC017
ORD0002267,CUS000045,2025-01-22 09:56:41,Delivered,6378.280000000001,Next Day,14062 Oliver Spurs,14062 Oliver Spurs,Credit Card,2025-01-24,LOC013
ORD0002268,CUS000074,2025-01-21 16:03:41,Delivered,7979.849999999999,Next Day,42549 Zavala Lakes Suite 652,42549 Zavala Lakes Suite 652,PayPal,2025-01-23,LOC005
ORD0002269,CUS000007,2025-01-22 00:50:41,Delivered,2681.28,Pick up in store,64048 Golden Mount Suite 491,64048 Golden Mount Suite 491,Bank Transfer,2025-01-26,LOC017
ORD0002270,CUS000035,2025-01-23 04:22:41,Delivered,5199.72,Pick up in store,0435 Mullins Canyon,0435 Mullins Canyon,Bank Transfer,2025-01-30,LOC004
ORD0002271,CUS000050,2025-01-22 22:26:41,Delivered,4406.5,Pick up in store,739 Garcia Spur Apt. 819,739 Garcia Spur Apt. 819,PayPal,2025-01-27,LOC002
ORD0002272,CUS000036,2025-01-22 21:01:41,Delivered,3144.8500000000004,Pick up in store,4716 Felicia Trafficway Apt. 051,4716 Felicia Trafficway Apt. 051,Bank Transfer,2025-01-29,LOC013
ORD0002273,CUS000008,2025-01-23 02:30:41,Delivered,3252.45,Express,949 Mueller Mission,949 Mueller Mission,PayPal,2025-01-27,LOC009
ORD0002274,CUS000013,2025-01-22 13:06:41,Delivered,2963.11,Express,54024 Miller Track Suite 763,54024 Miller Track Suite 763,PayPal,2025-01-26,LOC014
ORD0002275,CUS000064,2025-01-22 22:31:41,Delivered,1823.1599999999999,Express,93926 Jason Common Suite 790,93926 Jason Common Suite 790,PayPal,2025-01-25,LOC018
ORD0002276,CUS000004,2025-01-22 15:33:41,Delivered,7855.1900000000005,Pick up in store,86781 Webb Tunnel Apt. 880,86781 Webb Tunnel Apt. 880,Bank Transfer,2025-01-26,LOC014
ORD0002277,CUS000018,2025-01-22 23:51:41,Delivered,1018.6800000000001,Express,693 Kathryn Extension,693 Kathryn Extension,PayPal,2025-01-24,LOC001
ORD0002278,CUS000022,2025-01-22 16:31:41,Delivered,1836.2399999999998,Express,290 Hodges Pine,290 Hodges Pine,PayPal,2025-01-25,LOC014
ORD0002279,CUS000015,2025-01-22 15:47:41,Delivered,6342.74,Express,943 Dawn Extension Apt. 032,943 Dawn Extension Apt. 032,Bank Transfer,2025-01-27,LOC002
ORD0002280,CUS000086,2025-01-22 13:11:41,Delivered,8851.67,Standard,023 Melissa Crossroad Apt. 855,023 Melissa Crossroad Apt. 855,Bank Transfer,2025-01-25,LOC019
ORD0002281,CUS000021,2025-01-23 00:57:41,Delivered,4676.05,Standard,873 Paul Lakes,873 Paul Lakes,Bank Transfer,2025-01-28,LOC013
ORD0002282,CUS000081,2025-01-22 22:26:41,Delivered,8420.29,Pick up in store,335 Kyle Crescent Apt. 760,335 Kyle Crescent Apt. 760,PayPal,2025-01-28,LOC019
ORD0002283,CUS000090,2025-01-22 16:39:41,Delivered,3146.2900000000004,Pick up in store,9210 Morris Turnpike Suite 212,9210 Morris Turnpike Suite 212,PayPal,2025-01-24,LOC007
ORD0002284,CUS000075,2025-01-22 20:13:41,Delivered,5787.7699999999995,Express,10585 Shaun Squares Suite 674,10585 Shaun Squares Suite 674,Credit Card,2025-01-26,LOC004
ORD0002285,CUS000078,2025-01-23 00:20:41,Delivered,4770.47,Express,783 Hudson Mill Suite 171,783 Hudson Mill Suite 171,Credit Card,2025-01-27,LOC004
ORD0002286,CUS000036,2025-01-24 05:38:41,Delivered,3014.06,Pick up in store,4716 Felicia Trafficway Apt. 051,4716 Felicia Trafficway Apt. 051,Bank Transfer,2025-01-28,LOC007
ORD0002287,CUS000085,2025-01-23 21:29:41,Delivered,9002.01,Pick up in store,65310 Smith Causeway,65310 Smith Causeway,PayPal,2025-01-25,LOC009
ORD0002288,CUS000009,2025-01-23 14:55:41,Delivered,5632.78,Pick up in store,4479 Hinton Heights Suite 425,4479 Hinton Heights Suite 425,Bank Transfer,2025-01-24,LOC017
ORD0002289,CUS000079,2025-01-23 15:27:41,Delivered,9327.300000000001,Pick up in store,34676 Chan Brooks,34676 Chan Brooks,PayPal,2025-01-24,LOC010
ORD0002290,CUS000010,2025-01-23 15:42:41,Delivered,6631.74,Next Day,386 Brian Gateway,386 Brian Gateway,Credit Card,2025-01-24,LOC001
ORD0002291,CUS000064,2025-01-24 02:23:41,Delivered,2268.1,Next Day,93926 Jason Common Suite 790,93926 Jason Common Suite 790,Bank Transfer,2025-01-25,LOC008
ORD0002292,CUS000027,2025-01-23 18:28:41,Delivered,10098.119999999999,Express,8148 John Course Suite 159,8148 John Course Suite 159,PayPal,2025-01-24,LOC005
ORD0002293,CUS000024,2025-01-24 00:55:41,Delivered,2374.84,Pick up in store,574 Gonzales Lodge Apt. 681,574 Gonzales Lodge Apt. 681,Bank Transfer,2025-01-27,LOC017
ORD0002294,CUS000079,2025-01-24 04:15:41,Delivered,4011.51,Next Day,34676 Chan Brooks,34676 Chan Brooks,Credit Card,2025-01-26,LOC012
ORD0002295,CUS000005,2025-01-23 18:06:41,Delivered,59.2,Pick up in store,55835 Christopher Parkways Suite 486,55835 Christopher Parkways Suite 486,PayPal,2025-01-29,LOC009
ORD0002296,CUS000083,2025-01-24 06:16:41,Delivered,3829.8599999999997,Pick up in store,808 Joseph Center Suite 987,808 Joseph Center Suite 987,Bank Transfer,2025-01-27,LOC011
ORD0002297,CUS000050,2025-01-24 10:19:41,Delivered,4351.219999999999,Next Day,739 Garcia Spur Apt. 819,739 Garcia Spur Apt. 819,Credit Card,2025-01-27,LOC020
ORD0002298,CUS000050,2025-01-24 01:40:41,Delivered,4540.35,Pick up in store,739 Garcia Spur Apt. 819,739 Garcia Spur Apt. 819,Credit Card,2025-01-25,LOC015
ORD0002299,CUS000010,2025-01-23 18:24:41,Delivered,5813.41,Standard,386 Brian Gateway,386 Brian Gateway,Bank Transfer,2025-01-26,LOC007
ORD0002300,CUS000048,2025-01-23 16:35:41,Delivered,5606.6,Pick up in store,1997 Shelly Shore,1997 Shelly Shore,Bank Transfer,2025-01-26,LOC017
ORD0002301,CUS000021,2025-01-23 15:42:41,Delivered,6614.45,Pick up in store,873 Paul Lakes,873 Paul Lakes,Credit Card,2025-01-25,LOC011
ORD0002302,CUS000069,2025-01-23 21:44:41,Delivered,3259.6299999999997,Next Day,56017 Michelle Trace Apt. 592,56017 Michelle Trace Apt. 592,Credit Card,2025-01-24,LOC004
ORD0002303,CUS000011,2025-01-24 04:40:41,Delivered,3461.2,Standard,627 Carol Vista,627 Carol Vista,Bank Transfer,2025-01-25,LOC009
ORD0002304,CUS000054,2025-01-24 00:05:41,Delivered,6008.1900000000005,Pick up in store,00532 Matthew Fork Suite 143,00532 Matthew Fork Suite 143,Credit Card,2025-01-25,LOC019
ORD0002305,CUS000047,2025-01-24 10:00:41,Delivered,6834.61,Pick up in store,46161 Ortega Fork Apt. 399,46161 Ortega Fork Apt. 399,PayPal,2025-01-28,LOC011
ORD0002306,CUS000025,2025-01-23 21:41:41,Delivered,7928.0199999999995,Express,554 Phillips Spring,554 Phillips Spring,PayPal,2025-01-27,LOC014
ORD0002307,CUS000005,2025-01-23 21:47:41,Delivered,785.3399999999999,Standard,55835 Christopher Parkways Suite 486,55835 Christopher Parkways Suite 486,Credit Card,2025-01-25,LOC006
ORD0002308,CUS000084,2025-01-24 07:16:41,Delivered,4863.610000000001,Next Day,3563 Ashley Wall Apt. 125,3563 Ashley Wall Apt. 125,Credit Card,2025-01-28,LOC008
ORD0002309,CUS000033,2025-01-25 10:44:41,Delivered,6238.66,Standard,32833 Harris Fall,32833 Harris Fall,PayPal,2025-01-26,LOC003
ORD0002310,CUS000004,2025-01-24 12:50:41,Delivered,9146.28,Standard,86781 Webb Tunnel Apt. 880,86781 Webb Tunnel Apt. 880,PayPal,2025-01-27,LOC002
ORD0002311,CUS000047,2025-01-24 15:41:41,Delivered,7388.1,Next Day,46161 Ortega Fork Apt. 399,46161 Ortega Fork Apt. 399,Credit Card,2025-01-26,LOC019
ORD0002312,CUS000060,2025-01-24 21:22:41,Delivered,7156.219999999999,Next Day,50318 Kenneth Burg Suite 855,50318 Kenneth Burg Suite 855,Bank Transfer,2025-01-30,LOC016
ORD0002313,CUS000079,2025-01-25 05:29:41,Delivered,2720.55,Pick up in store,34676 Chan Brooks,34676 Chan Brooks,Credit Card,2025-01-29,LOC005
ORD0002314,CUS000028,2025-01-25 02:23:41,Delivered,8036.3099999999995,Express,4548 Rose Corner,4548 Rose Corner,PayPal,2025-01-27,LOC010
ORD0002315,CUS000009,2025-01-24 22:37:41,Delivered,2848.37,Express,4479 Hinton Heights Suite 425,4479 Hinton Heights Suite 425,Bank Transfer,2025-01-26,LOC010
ORD0002316,CUS000001,2025-01-25 10:27:41,Delivered,4417.3099999999995,Next Day,45447 Ryan Springs Suite 790,45447 Ryan Springs Suite 790,PayPal,2025-01-31,LOC004
ORD0002317,CUS000079,2025-01-25 01:39:41,Delivered,3581.6000000000004,Standard,34676 Chan Brooks,34676 Chan Brooks,Bank Transfer,2025-01-27,LOC008
ORD0002318,CUS000065,2025-01-25 06:08:41,Delivered,4646.75,Express,0316 Wendy Club Apt. 476,0316 Wendy Club Apt. 476,Bank Transfer,2025-01-28,LOC004
ORD0002319,CUS000098,2025-01-24 11:23:41,Delivered,2125.56,Express,4693 Ashley Centers,4693 Ashley Centers,Credit Card,2025-01-31,LOC018
ORD0002320,CUS000086,2025-01-24 20:35:41,Delivered,6273.35,Pick up in store,023 Melissa Crossroad Apt. 855,023 Melissa Crossroad Apt. 855,PayPal,2025-01-29,LOC006
ORD0002321,CUS000056,2025-01-25 09:37:41,Delivered,2872.41,Pick up in store,5399 Pierce Gardens Suite 720,5399 Pierce Gardens Suite 720,Credit Card,2025-02-01,LOC006
ORD0002322,CUS000014,2025-01-25 09:31:41,Delivered,3538.34,Express,240 Lewis Park,240 Lewis Park,Credit Card,2025-01-26,LOC010
ORD0002323,CUS000028,2025-01-25 08:53:41,Delivered,5539.570000000001,Pick up in store,4548 Rose Corner,4548 Rose Corner,PayPal,2025-01-26,LOC007
ORD0002324,CUS000091,2025-01-25 00:31:41,Delivered,3651.3999999999996,Standard,7372 Marshall Haven,7372 Marshall Haven,Credit Card,2025-01-27,LOC011
ORD0002325,CUS000029,2025-01-24 14:26:41,Delivered,7242.59,Standard,248 Schaefer Alley,248 Schaefer Alley,Credit Card,2025-01-30,LOC012
ORD0002326,CUS000092,2025-01-25 10:30:41,Delivered,5233.660000000001,Next Day,441 Nichols Glen,441 Nichols Glen,Credit Card,2025-01-27,LOC014
ORD0002327,CUS000040,2025-01-24 11:17:41,Delivered,3374.11,Express,9433 Jackie Key,9433 Jackie Key,Credit Card,2025-01-28,LOC003
ORD0002328,CUS000030,2025-01-25 03:57:41,Delivered,4930.950000000001,Standard,56818 Wright Drives,56818 Wright Drives,Bank Transfer,2025-01-27,LOC013
ORD0002329,CUS000085,2025-01-25 23:29:41,Delivered,1895.04,Pick up in store,65310 Smith Causeway,65310 Smith Causeway,Credit Card,2025-01-26,LOC005
ORD0002330,CUS000012,2025-01-26 07:09:41,Delivered,3365.4,Standard,753 Powell Manor Suite 888,753 Powell Manor Suite 888,PayPal,2025-01-31,LOC017
ORD0002331,CUS000067,2025-01-25 17:23:41,Delivered,711.71,Next Day,4937 Brown Turnpike Suite 240,4937 Brown Turnpike Suite 240,Credit Card,2025-01-26,LOC011
ORD0002332,CUS000009,2025-01-25 11:07:41,Delivered,7013.39,Express,4479 Hinton Heights Suite 425,4479 Hinton Heights Suite 425,Credit Card,2025-01-30,LOC014
ORD0002333,CUS000080,2025-01-26 10:40:41,Delivered,7172.55,Next Day,84198 Mitchell Light,84198 Mitchell Light,Credit Card,2025-01-29,LOC018
ORD0002334,CUS000042,2025-01-26 06:29:41,Delivered,10511.220000000001,Pick up in store,19899 Mark Way Suite 871,19899 Mark Way Suite 871,Credit Card,2025-01-30,LOC004
ORD0002335,CUS000001,2025-01-26 09:05:41,Delivered,7340.3,Standard,45447 Ryan Springs Suite 790,45447 Ryan Springs Suite 790,PayPal,2025-01-30,LOC017
ORD0002336,CUS000081,2025-01-26 10:38:41,Delivered,1499.5000000000002,Standard,335 Kyle Crescent Apt. 760,335 Kyle Crescent Apt. 760,PayPal,2025-01-29,LOC019
ORD0002337,CUS000073,2025-01-25 19:30:41,Delivered,2062.35,Express,598 Smith Mission Suite 623,598 Smith Mission Suite 623,Credit Card,2025-01-27,LOC018
ORD0002338,CUS000097,2025-01-25 20:09:41,Delivered,743.3499999999999,Next Day,728 Laurie Cape,728 Laurie Cape,Credit Card,2025-01-26,LOC019
ORD0002339,CUS000083,2025-01-26 09:31:41,Delivered,4316.84,Express,808 Joseph Center Suite 987,808 Joseph Center Suite 987,PayPal,2025-01-30,LOC003
ORD0002340,CUS000011,2025-01-25 22:16:41,Delivered,670.32,Next Day,627 Carol Vista,627 Carol Vista,Bank Transfer,2025-01-30,LOC016
ORD0002341,CUS000006,2025-01-25 19:54:41,Delivered,4556.86,Express,20878 Andersen Lock Suite 120,20878 Andersen Lock Suite 120,Credit Card,2025-01-26,LOC013
ORD0002342,CUS000035,2025-01-26 09:13:41,Delivered,9056.88,Express,0435 Mullins Canyon,0435 Mullins Canyon,Credit Card,2025-02-01,LOC011
ORD0002343,CUS000074,2025-01-26 03:26:41,Delivered,1962.5,Pick up in store,42549 Zavala Lakes Suite 652,42549 Zavala Lakes Suite 652,Credit Card,2025-02-02,LOC008
ORD0002344,CUS000054,2025-01-25 20:12:41,Delivered,730.28,Standard,00532 Matthew Fork Suite 143,00532 Matthew Fork Suite 143,Bank Transfer,2025-01-26,LOC013
ORD0002345,CUS000072,2025-01-26 04:14:41,Delivered,6288.3,Express,022 Brennan Vista,022 Brennan Vista,Credit Card,2025-01-27,LOC017
ORD0002346,CUS000015,2025-01-26 06:53:41,Delivered,1624.31,Next Day,943 Dawn Extension Apt. 032,943 Dawn Extension Apt. 032,Credit Card,2025-02-02,LOC010
ORD0002347,CUS000049,2025-01-26 03:23:41,Delivered,3734.46,Next Day,8581 Katelyn Pike Apt. 739,8581 Katelyn Pike Apt. 739,PayPal,2025-02-02,LOC013
ORD0002348,CUS000093,2025-01-25 15:01:41,Delivered,1994.71,Next Day,443 Evans Pine Apt. 602,443 Evans Pine Apt. 602,Credit Card,2025-01-27,LOC012
ORD0002349,CUS000062,2025-01-25 22:26:41,Delivered,8508.1,Standard,9634 Thomas Vista,9634 Thomas Vista,Credit Card,2025-01-29,LOC013
ORD0002350,CUS000075,2025-01-26 02:40:41,Delivered,2437.5,Next Day,10585 Shaun Squares Suite 674,10585 Shaun Squares Suite 674,PayPal,2025-01-30,LOC017
ORD0002351,CUS000001,2025-01-26 01:52:41,Delivered,2843.9399999999996,Express,45447 Ryan Springs Suite 790,45447 Ryan Springs Suite 790,Credit Card,2025-02-02,LOC003
ORD0002352,CUS000063,2025-01-25 11:20:41,Delivered,1050.94,Pick up in store,6888 Emily Underpass,6888 Emily Underpass,PayPal,2025-02-01,LOC015
ORD0002353,CUS000080,2025-01-26 00:33:41,Delivered,6191.34,Pick up in store,84198 Mitchell Light,84198 Mitchell Light,Bank Transfer,2025-01-29,LOC010
ORD0002354,CUS000092,2025-01-25 14:18:41,Delivered,3560.81,Standard,441 Nichols Glen,441 Nichols Glen,Bank Transfer,2025-01-31,LOC013
ORD0002355,CUS000078,2025-01-25 16:01:41,Delivered,622.14,Next Day,783 Hudson Mill Suite 171,783 Hudson Mill Suite 171,Credit Card,2025-02-01,LOC010
ORD0002356,CUS000051,2025-01-25 14:04:41,Delivered,6514.3,Express,563 Jones Fields Suite 934,563 Jones Fields Suite 934,Credit Card,2025-01-26,LOC014
ORD0002357,CUS000036,2025-01-26 00:08:41,Delivered,4327.99,Next Day,4716 Felicia Trafficway Apt. 051,4716 Felicia Trafficway Apt. 051,Bank Transfer,2025-01-29,LOC018
ORD0002358,CUS000027,2025-01-25 22:46:41,Delivered,903.88,Standard,8148 John Course Suite 159,8148 John Course Suite 159,Credit Card,2025-02-01,LOC002
ORD0002359,CUS000052,2025-01-27 06:40:41,Delivered,1384.48,Express,28803 Kyle Island,28803 Kyle Island,Bank Transfer,2025-01-29,LOC012
ORD0002360,CUS000041,2025-01-26 17:00:41,Delivered,10689.26,Express,312 Mathew Route Suite 835,312 Mathew Route Suite 835,Credit Card,2025-01-30,LOC008
ORD0002361,CUS000075,2025-01-26 21:56:41,Delivered,7236.78,Express,10585 Shaun Squares Suite 674,10585 Shaun Squares Suite 674,Bank Transfer,2025-01-30,LOC016
ORD0002362,CUS000075,2025-01-26 12:23:41,Delivered,4741.61,Express,10585 Shaun Squares Suite 674,10585 Shaun Squares Suite 674,Credit Card,2025-01-31,LOC008
ORD0002363,CUS000064,2025-01-26 23:24:41,Delivered,2839.4700000000003,Next Day,93926 Jason Common Suite 790,93926 Jason Common Suite 790,Bank Transfer,2025-01-27,LOC014
ORD0002364,CUS000094,2025-01-26 13:53:41,Delivered,3276.6499999999996,Pick up in store,91800 Tony Lights Suite 800,91800 Tony Lights Suite 800,PayPal,2025-01-29,LOC007
ORD0002365,CUS000026,2025-01-27 04:51:41,Delivered,6186.469999999999,Pick up in store,305 Newton Bypass,305 Newton Bypass,PayPal,2025-01-30,LOC014
ORD0002366,CUS000001,2025-01-26 16:44:41,Delivered,6254.71,Express,45447 Ryan Springs Suite 790,45447 Ryan Springs Suite 790,Bank Transfer,2025-01-28,LOC012
ORD0002367,CUS000006,2025-01-26 17:14:41,Delivered,3417.66,Express,20878 Andersen Lock Suite 120,20878 Andersen Lock Suite 120,Credit Card,2025-01-30,LOC017
ORD0002368,CUS000055,2025-01-27 01:20:41,Delivered,5938.04,Standard,3345 Angela Lane Suite 782,3345 Angela Lane Suite 782,PayPal,2025-01-29,LOC017
ORD0002369,CUS000095,2025-01-26 14:00:41,Delivered,3156.3500000000004,Standard,1425 Williams Mountain,1425 Williams Mountain,Bank Transfer,2025-01-30,LOC019
ORD0002370,CUS000064,2025-01-26 20:00:41,Delivered,2421.7799999999997,Standard,93926 Jason Common Suite 790,93926 Jason Common Suite 790,PayPal,2025-02-02,LOC004
ORD0002371,CUS000041,2025-01-27 10:48:41,Delivered,4667.34,Standard,312 Mathew Route Suite 835,312 Mathew Route Suite 835,Credit Card,2025-02-03,LOC018
ORD0002372,CUS000099,2025-01-27 02:33:41,Delivered,7607.62,Express,385 Diana Mountain,385 Diana Mountain,PayPal,2025-02-02,LOC007
ORD0002373,CUS000001,2025-01-27 08:32:41,Delivered,10271.07,Standard,45447 Ryan Springs Suite 790,45447 Ryan Springs Suite 790,Bank Transfer,2025-01-30,LOC014
ORD0002374,CUS000081,2025-01-26 21:05:41,Delivered,4188.16,Standard,335 Kyle Crescent Apt. 760,335 Kyle Crescent Apt. 760,Bank Transfer,2025-01-29,LOC018
ORD0002375,CUS000079,2025-01-26 18:24:41,Delivered,329.56,Next Day,34676 Chan Brooks,34676 Chan Brooks,PayPal,2025-02-01,LOC009
ORD0002376,CUS000063,2025-01-27 10:55:41,Delivered,1885.68,Next Day,6888 Emily Underpass,6888 Emily Underpass,Bank Transfer,2025-02-03,LOC018
ORD0002377,CUS000008,2025-01-28 01:45:41,Delivered,40.14,Standard,949 Mueller Mission,949 Mueller Mission,Bank Transfer,2025-01-29,LOC007
ORD0002378,CUS000029,2025-01-27 14:08:41,Delivered,5617.99,Express,248 Schaefer Alley,248 Schaefer Alley,Credit Card,2025-02-02,LOC005
ORD0002379,CUS000092,2025-01-28 10:08:41,Delivered,3589.24,Next Day,441 Nichols Glen,441 Nichols Glen,Credit Card,2025-01-31,LOC019
ORD0002380,CUS000070,2025-01-28 03:27:41,Delivered,451.16,Standard,17993 Lee Cove Apt. 976,17993 Lee Cove Apt. 976,PayPal,2025-01-31,LOC018
ORD0002381,CUS000093,2025-01-28 04:22:41,Delivered,2588.92,Express,443 Evans Pine Apt. 602,443 Evans Pine Apt. 602,PayPal,2025-01-31,LOC008
ORD0002382,CUS000082,2025-01-27 22:01:41,Delivered,2320.84,Express,3913 Chambers Park Apt. 634,3913 Chambers Park Apt. 634,Credit Card,2025-02-03,LOC009
ORD0002383,CUS000058,2025-01-27 14:47:41,Delivered,11834.649999999998,Standard,6387 Susan Roads,6387 Susan Roads,PayPal,2025-01-30,LOC020
ORD0002384,CUS000009,2025-01-28 01:30:41,Delivered,10238.36,Pick up in store,4479 Hinton Heights Suite 425,4479 Hinton Heights Suite 425,Bank Transfer,2025-02-01,LOC019
ORD0002385,CUS000006,2025-01-28 10:41:41,Delivered,4840.34,Express,20878 Andersen Lock Suite 120,20878 Andersen Lock Suite 120,Bank Transfer,2025-01-29,LOC001
ORD0002386,CUS000080,2025-01-27 21:17:41,Delivered,5047.030000000001,Express,84198 Mitchell Light,84198 Mitchell Light,PayPal,2025-02-03,LOC001
ORD0002387,CUS000001,2025-01-28 08:34:41,Delivered,2150.3,Next Day,45447 Ryan Springs Suite 790,45447 Ryan Springs Suite 790,Credit Card,2025-02-01,LOC019
ORD0002388,CUS000088,2025-01-28 07:11:41,Delivered,2263.07,Pick up in store,50544 Penny Isle Suite 526,50544 Penny Isle Suite 526,Bank Transfer,2025-01-29,LOC003
ORD0002389,CUS000008,2025-01-27 17:52:41,Delivered,4078.81,Pick up in store,949 Mueller Mission,949 Mueller Mission,Bank Transfer,2025-01-30,LOC018
ORD0002390,CUS000100,2025-01-27 15:12:41,Delivered,4868.120000000001,Next Day,14536 Holly Trail,14536 Holly Trail,Bank Transfer,2025-02-01,LOC014
ORD0002391,CUS000072,2025-01-28 08:19:41,Delivered,1684.56,Next Day,022 Brennan Vista,022 Brennan Vista,Credit Card,2025-01-29,LOC004
ORD0002392,CUS000014,2025-01-28 01:41:41,Delivered,2004.7700000000002,Standard,240 Lewis Park,240 Lewis Park,PayPal,2025-01-30,LOC020
ORD0002393,CUS000037,2025-01-27 12:25:41,Delivered,4066.71,Express,536 Elizabeth Via,536 Elizabeth Via,Credit Card,2025-02-02,LOC012
ORD0002394,CUS000016,2025-01-28 07:48:41,Delivered,7636.12,Standard,517 Lester Brook,517 Lester Brook,PayPal,2025-02-01,LOC002
ORD0002395,CUS000058,2025-01-27 22:28:41,Delivered,395.12,Express,6387 Susan Roads,6387 Susan Roads,PayPal,2025-01-31,LOC003
ORD0002396,CUS000068,2025-01-28 02:28:41,Delivered,9399.74,Standard,165 Walker Mill,165 Walker Mill,Bank Transfer,2025-01-31,LOC013
ORD0002397,CUS000069,2025-01-28 21:43:41,Delivered,3852.37,Standard,56017 Michelle Trace Apt. 592,56017 Michelle Trace Apt. 592,Credit Card,2025-02-03,LOC001
ORD0002398,CUS000001,2025-01-28 18:27:41,Delivered,6708.990000000001,Express,45447 Ryan Springs Suite 790,45447 Ryan Springs Suite 790,Credit Card,2025-01-30,LOC002
ORD0002399,CUS000059,2025-01-29 10:42:41,Delivered,10101.369999999999,Express,604 Jones Courts Apt. 869,604 Jones Courts Apt. 869,PayPal,2025-02-02,LOC008
ORD0002400,CUS000099,2025-01-29 03:59:41,Delivered,2513.52,Pick up in store,385 Diana Mountain,385 Diana Mountain,Credit Card,2025-02-05,LOC014
ORD0002401,CUS000099,2025-01-29 05:09:41,Delivered,6144.77,Express,385 Diana Mountain,385 Diana Mountain,Credit Card,2025-01-31,LOC018
ORD0002402,CUS000021,2025-01-29 06:55:41,Delivered,5505.389999999999,Express,873 Paul Lakes,873 Paul Lakes,Bank Transfer,2025-02-03,LOC006
ORD0002403,CUS000097,2025-01-29 04:07:41,Delivered,4169.93,Standard,728 Laurie Cape,728 Laurie Cape,Bank Transfer,2025-01-31,LOC001
ORD0002404,CUS000027,2025-01-29 04:16:41,Delivered,4002.68,Express,8148 John Course Suite 159,8148 John Course Suite 159,Bank Transfer,2025-02-04,LOC006
ORD0002405,CUS000094,2025-01-28 15:30:41,Delivered,1460.56,Standard,91800 Tony Lights Suite 800,91800 Tony Lights Suite 800,Credit Card,2025-02-03,LOC006
ORD0002406,CUS000026,2025-01-29 02:29:41,Delivered,4907.370000000001,Standard,305 Newton Bypass,305 Newton Bypass,Bank Transfer,2025-02-05,LOC015
ORD0002407,CUS000007,2025-01-28 14:22:41,Delivered,4177.53,Next Day,64048 Golden Mount Suite 491,64048 Golden Mount Suite 491,PayPal,2025-01-29,LOC007
ORD0002408,CUS000071,2025-01-28 14:40:41,Delivered,7372.16,Pick up in store,085 Aaron Crescent Apt. 676,085 Aaron Crescent Apt. 676,Bank Transfer,2025-01-30,LOC009
ORD0002409,CUS000068,2025-01-28 14:02:41,Delivered,2326.27,Standard,165 Walker Mill,165 Walker Mill,Bank Transfer,2025-01-29,LOC015
ORD0002410,CUS000087,2025-01-28 16:20:41,Delivered,722.73,Pick up in store,99137 Scott Streets Suite 891,99137 Scott Streets Suite 891,Credit Card,2025-01-31,LOC003
ORD0002411,CUS000012,2025-01-29 02:41:41,Delivered,839.34,Express,753 Powell Manor Suite 888,753 Powell Manor Suite 888,Bank Transfer,2025-01-30,LOC014
ORD0002412,CUS000069,2025-01-28 22:44:41,Delivered,9685.269999999999,Pick up in store,56017 Michelle Trace Apt. 592,56017 Michelle Trace Apt. 592,Credit Card,2025-01-30,LOC014
ORD0002413,CUS000070,2025-01-28 19:01:41,Delivered,2742.4,Express,17993 Lee Cove Apt. 976,17993 Lee Cove Apt. 976,Credit Card,2025-01-31,LOC008
ORD0002414,CUS000098,2025-01-28 19:09:41,Delivered,7420.780000000001,Next Day,4693 Ashley Centers,4693 Ashley Centers,Bank Transfer,2025-01-31,LOC015
ORD0002415,CUS000027,2025-01-29 08:28:41,Delivered,5545.070000000001,Standard,8148 John Course Suite 159,8148 John Course Suite 159,PayPal,2025-02-03,LOC009
ORD0002416,CUS000036,2025-01-29 02:07:41,Delivered,5819.619999999999,Standard,4716 Felicia Trafficway Apt. 051,4716 Felicia Trafficway Apt. 051,Credit Card,2025-02-05,LOC003
ORD0002417,CUS000058,2025-01-28 19:07:41,Delivered,6215.639999999999,Express,6387 Susan Roads,6387 Susan Roads,Credit Card,2025-02-01,LOC011
ORD0002418,CUS000047,2025-01-28 11:15:41,Delivered,6669.38,Express,46161 Ortega Fork Apt. 399,46161 Ortega Fork Apt. 399,PayPal,2025-02-04,LOC013
ORD0002419,CUS000009,2025-01-28 22:49:41,Delivered,4148.17,Standard,4479 Hinton Heights Suite 425,4479 Hinton Heights Suite 425,PayPal,2025-01-30,LOC008
ORD0002420,CUS000012,2025-01-29 00:56:41,Delivered,6978.5199999999995,Standard,753 Powell Manor Suite 888,753 Powell Manor Suite 888,PayPal,2025-02-05,LOC006
ORD0002421,CUS000030,2025-01-28 15:52:41,Delivered,5539.17,Next Day,56818 Wright Drives,56818 Wright Drives,Credit Card,2025-02-01,LOC003
ORD0002422,CUS000093,2025-01-30 00:26:41,Delivered,1755.58,Pick up in store,443 Evans Pine Apt. 602,443 Evans Pine Apt. 602,PayPal,2025-02-04,LOC005
ORD0002423,CUS000023,2025-01-29 12:55:41,Delivered,9516.689999999999,Express,245 Hall Cove,245 Hall Cove,Bank Transfer,2025-01-31,LOC004
ORD0002424,CUS000080,2025-01-29 18:40:41,Delivered,1337.04,Express,84198 Mitchell Light,84198 Mitchell Light,Bank Transfer,2025-02-05,LOC014
ORD0002425,CUS000051,2025-01-30 01:20:41,Delivered,1494.92,Express,563 Jones Fields Suite 934,563 Jones Fields Suite 934,PayPal,2025-02-02,LOC001
ORD0002426,CUS000089,2025-01-30 00:30:41,Delivered,2135.13,Pick up in store,890 Fuller Harbor Apt. 884,890 Fuller Harbor Apt. 884,Bank Transfer,2025-02-03,LOC005
ORD0002427,CUS000032,2025-01-29 11:09:41,Delivered,8965.300000000001,Standard,57334 Cooper Island,57334 Cooper Island,PayPal,2025-02-03,LOC016
ORD0002428,CUS000093,2025-01-29 19:50:41,Delivered,1184.16,Standard,443 Evans Pine Apt. 602,443 Evans Pine Apt. 602,PayPal,2025-02-04,LOC017
ORD0002429,CUS000014,2025-01-30 04:34:41,Delivered,7396.45,Pick up in store,240 Lewis Park,240 Lewis Park,Bank Transfer,2025-01-31,LOC006
ORD0002430,CUS000085,2025-01-30 02:29:41,Delivered,10171.12,Express,65310 Smith Causeway,65310 Smith Causeway,Credit Card,2025-02-06,LOC009
ORD0002431,CUS000004,2025-01-29 22:45:41,Delivered,6766.759999999999,Standard,86781 Webb Tunnel Apt. 880,86781 Webb Tunnel Apt. 880,Credit Card,2025-02-03,LOC004
ORD0002432,CUS000006,2025-01-29 20:21:41,Delivered,1294.46,Next Day,20878 Andersen Lock Suite 120,20878 Andersen Lock Suite 120,Credit Card,2025-01-30,LOC004
ORD0002433,CUS000070,2025-01-30 06:11:41,Delivered,6214.759999999999,Standard,17993 Lee Cove Apt. 976,17993 Lee Cove Apt. 976,PayPal,2025-02-03,LOC016
ORD0002434,CUS000009,2025-01-30 09:03:41,Delivered,4408.24,Next Day,4479 Hinton Heights Suite 425,4479 Hinton Heights Suite 425,PayPal,2025-02-06,LOC007
ORD0002435,CUS000031,2025-01-30 09:17:41,Delivered,4323.63,Standard,3219 Rodriguez Passage Suite 363,3219 Rodriguez Passage Suite 363,Credit Card,2025-02-02,LOC015
ORD0002436,CUS000044,2025-01-30 02:18:41,Delivered,7721.58,Next Day,28472 Anderson Bypass,28472 Anderson Bypass,Bank Transfer,2025-02-05,LOC006
ORD0002437,CUS000048,2025-01-29 16:33:41,Delivered,883.33,Next Day,1997 Shelly Shore,1997 Shelly Shore,Bank Transfer,2025-02-03,LOC012
ORD0002438,CUS000084,2025-01-29 15:43:41,Delivered,6896.23,Pick up in store,3563 Ashley Wall Apt. 125,3563 Ashley Wall Apt. 125,Credit Card,2025-01-31,LOC009
ORD0002439,CUS000018,2025-01-30 07:02:41,Delivered,3138.6400000000003,Standard,693 Kathryn Extension,693 Kathryn Extension,Credit Card,2025-02-02,LOC015
ORD0002440,CUS000048,2025-01-29 14:10:41,Delivered,6336.2300000000005,Pick up in store,1997 Shelly Shore,1997 Shelly Shore,Credit Card,2025-01-31,LOC020
ORD0002441,CUS000046,2025-01-29 23:40:41,Delivered,3930.02,Next Day,0384 Michelle Cape,0384 Michelle Cape,PayPal,2025-01-30,LOC008
ORD0002442,CUS000071,2025-01-29 13:37:41,Delivered,2237.64,Express,085 Aaron Crescent Apt. 676,085 Aaron Crescent Apt. 676,Bank Transfer,2025-02-05,LOC006
ORD0002443,CUS000043,2025-01-31 03:21:41,Delivered,5533.370000000001,Standard,1002 John Row Apt. 424,1002 John Row Apt. 424,PayPal,2025-02-02,LOC013
ORD0002444,CUS000089,2025-01-30 14:01:41,Delivered,977.8,Standard,890 Fuller Harbor Apt. 884,890 Fuller Harbor Apt. 884,PayPal,2025-02-03,LOC016
ORD0002445,CUS000005,2025-01-30 16:03:41,Delivered,3491.3199999999997,Standard,55835 Christopher Parkways Suite 486,55835 Christopher Parkways Suite 486,Credit Card,2025-02-05,LOC001
ORD0002446,CUS000005,2025-01-31 03:47:41,Delivered,1926.0199999999998,Express,55835 Christopher Parkways Suite 486,55835 Christopher Parkways Suite 486,Bank Transfer,2025-02-04,LOC019
ORD0002447,CUS000016,2025-01-30 23:33:41,Delivered,5924.4,Next Day,517 Lester Brook,517 Lester Brook,Credit Card,2025-02-04,LOC003
ORD0002448,CUS000097,2025-01-30 13:23:41,Delivered,1339.56,Express,728 Laurie Cape,728 Laurie Cape,PayPal,2025-02-04,LOC003
ORD0002449,CUS000091,2025-01-30 12:21:41,Delivered,3504.57,Express,7372 Marshall Haven,7372 Marshall Haven,PayPal,2025-02-04,LOC003
ORD0002450,CUS000094,2025-01-30 19:41:41,Delivered,10611.37,Next Day,91800 Tony Lights Suite 800,91800 Tony Lights Suite 800,Credit Card,2025-02-03,LOC006
ORD0002451,CUS000031,2025-01-30 21:56:41,Delivered,2827.8500000000004,Standard,3219 Rodriguez Passage Suite 363,3219 Rodriguez Passage Suite 363,Bank Transfer,2025-01-31,LOC005
ORD0002452,CUS000047,2025-01-31 08:29:41,Delivered,7890.0599999999995,Express,46161 Ortega Fork Apt. 399,46161 Ortega Fork Apt. 399,PayPal,2025-02-02,LOC004
ORD0002453,CUS000073,2025-01-31 03:50:41,Delivered,4317.9,Express,598 Smith Mission Suite 623,598 Smith Mission Suite 623,Credit Card,2025-02-06,LOC018
ORD0002454,CUS000083,2025-01-31 14:45:41,Delivered,919.6500000000001,Next Day,808 Joseph Center Suite 987,808 Joseph Center Suite 987,Credit Card,2025-02-07,LOC019
ORD0002455,CUS000035,2025-01-31 15:22:41,Delivered,906.08,Express,0435 Mullins Canyon,0435 Mullins Canyon,Credit Card,2025-02-02,LOC001
ORD0002456,CUS000053,2025-01-31 23:08:41,Delivered,2531.74,Standard,92512 Armstrong Station,92512 Armstrong Station,Credit Card,2025-02-02,LOC020
ORD0002457,CUS000003,2025-01-31 17:03:41,Delivered,10236.869999999999,Pick up in store,22024 Harrison Roads,22024 Harrison Roads,Bank Transfer,2025-02-03,LOC014
ORD0002458,CUS000072,2025-02-01 03:01:41,Delivered,5187.45,Pick up in store,022 Brennan Vista,022 Brennan Vista,Credit Card,2025-02-05,LOC009
ORD0002459,CUS000006,2025-01-31 12:55:41,Delivered,3218.78,Express,20878 Andersen Lock Suite 120,20878 Andersen Lock Suite 120,PayPal,2025-02-02,LOC002
ORD0002460,CUS000029,2025-02-01 02:20:41,Delivered,409.68,Standard,248 Schaefer Alley,248 Schaefer Alley,Bank Transfer,2025-02-04,LOC009
ORD0002461,CUS000018,2025-01-31 23:18:41,Delivered,4929.740000000001,Express,693 Kathryn Extension,693 Kathryn Extension,PayPal,2025-02-05,LOC014
ORD0002462,CUS000024,2025-01-31 11:40:41,Delivered,4037.53,Pick up in store,574 Gonzales Lodge Apt. 681,574 Gonzales Lodge Apt. 681,Credit Card,2025-02-04,LOC005
ORD0002463,CUS000001,2025-01-31 21:53:41,Delivered,7076.12,Pick up in store,45447 Ryan Springs Suite 790,45447 Ryan Springs Suite 790,PayPal,2025-02-02,LOC005
ORD0002464,CUS000053,2025-01-31 15:32:41,Delivered,5070.04,Pick up in store,92512 Armstrong Station,92512 Armstrong Station,PayPal,2025-02-04,LOC015
ORD0002465,CUS000097,2025-01-31 12:43:41,Delivered,4790.900000000001,Next Day,728 Laurie Cape,728 Laurie Cape,Credit Card,2025-02-06,LOC013
ORD0002466,CUS000078,2025-01-31 12:33:41,Delivered,3855.63,Next Day,783 Hudson Mill Suite 171,783 Hudson Mill Suite 171,Bank Transfer,2025-02-07,LOC006
ORD0002467,CUS000050,2025-02-01 02:01:41,Delivered,2608.01,Express,739 Garcia Spur Apt. 819,739 Garcia Spur Apt. 819,Credit Card,2025-02-04,LOC002
ORD0002468,CUS000033,2025-02-01 00:54:41,Delivered,1176.76,Pick up in store,32833 Harris Fall,32833 Harris Fall,Credit Card,2025-02-05,LOC009
ORD0002469,CUS000082,2025-02-01 05:20:41,Delivered,4241.15,Standard,3913 Chambers Park Apt. 634,3913 Chambers Park Apt. 634,Bank Transfer,2025-02-04,LOC003
ORD0002470,CUS000060,2025-02-01 02:51:41,Delivered,3648.19,Next Day,50318 Kenneth Burg Suite 855,50318 Kenneth Burg Suite 855,PayPal,2025-02-07,LOC014
ORD0002471,CUS000060,2025-02-01 10:15:41,Delivered,8250.310000000001,Next Day,50318 Kenneth Burg Suite 855,50318 Kenneth Burg Suite 855,Credit Card,2025-02-06,LOC018
ORD0002472,CUS000067,2025-02-01 04:11:41,Delivered,7474.3,Standard,4937 Brown Turnpike Suite 240,4937 Brown Turnpike Suite 240,Credit Card,2025-02-02,LOC012
ORD0002473,CUS000049,2025-01-31 19:05:41,Delivered,4455.360000000001,Express,8581 Katelyn Pike Apt. 739,8581 Katelyn Pike Apt. 739,PayPal,2025-02-04,LOC013
ORD0002474,CUS000069,2025-01-31 15:37:41,Delivered,2794.17,Pick up in store,56017 Michelle Trace Apt. 592,56017 Michelle Trace Apt. 592,Credit Card,2025-02-07,LOC005
ORD0002475,CUS000047,2025-02-01 10:48:41,Delivered,391.12,Pick up in store,46161 Ortega Fork Apt. 399,46161 Ortega Fork Apt. 399,Credit Card,2025-02-08,LOC012
ORD0002476,CUS000007,2025-02-01 02:38:41,Delivered,3274.28,Pick up in store,64048 Golden Mount Suite 491,64048 Golden Mount Suite 491,Bank Transfer,2025-02-03,LOC012
ORD0002477,CUS000097,2025-01-31 11:02:41,Delivered,208.39,Next Day,728 Laurie Cape,728 Laurie Cape,PayPal,2025-02-04,LOC005
ORD0002478,CUS000093,2025-02-01 09:49:41,Delivered,122.71,Standard,443 Evans Pine Apt. 602,443 Evans Pine Apt. 602,Bank Transfer,2025-02-04,LOC003
ORD0002479,CUS000083,2025-01-31 18:52:41,Delivered,1570.0,Standard,808 Joseph Center Suite 987,808 Joseph Center Suite 987,Bank Transfer,2025-02-03,LOC010
ORD0002480,CUS000012,2025-01-31 19:49:41,Delivered,2835.12,Standard,753 Powell Manor Suite 888,753 Powell Manor Suite 888,Credit Card,2025-02-07,LOC018
ORD0002481,CUS000041,2025-01-31 18:11:41,Delivered,5228.33,Next Day,312 Mathew Route Suite 835,312 Mathew Route Suite 835,Bank Transfer,2025-02-06,LOC006
ORD0002482,CUS000085,2025-02-01 22:55:41,Delivered,997.42,Express,65310 Smith Causeway,65310 Smith Causeway,PayPal,2025-02-05,LOC001
ORD0002483,CUS000040,2025-02-01 12:18:41,Delivered,2880.57,Pick up in store,9433 Jackie Key,9433 Jackie Key,PayPal,2025-02-05,LOC008
ORD0002484,CUS000002,2025-02-01 11:51:41,Delivered,13577.54,Express,7944 Rich Turnpike,7944 Rich Turnpike,Bank Transfer,2025-02-06,LOC010
ORD0002485,CUS000014,2025-02-01 19:20:41,Delivered,3123.8199999999997,Standard,240 Lewis Park,240 Lewis Park,PayPal,2025-02-06,LOC006
ORD0002486,CUS000041,2025-02-01 13:00:41,Delivered,5971.51,Standard,312 Mathew Route Suite 835,312 Mathew Route Suite 835,Bank Transfer,2025-02-08,LOC014
ORD0002487,CUS000063,2025-02-01 18:33:41,Delivered,4009.05,Express,6888 Emily Underpass,6888 Emily Underpass,Bank Transfer,2025-02-05,LOC013
ORD0002488,CUS000017,2025-02-02 00:15:41,Delivered,4361.19,Pick up in store,4207 Craig Causeway,4207 Craig Causeway,Bank Transfer,2025-02-07,LOC009
ORD0002489,CUS000085,2025-02-02 03:16:41,Delivered,5676.59,Next Day,65310 Smith Causeway,65310 Smith Causeway,Credit Card,2025-02-04,LOC005
ORD0002490,CUS000100,2025-02-02 02:01:41,Delivered,8520.98,Pick up in store,14536 Holly Trail,14536 Holly Trail,PayPal,2025-02-06,LOC016
ORD0002491,CUS000095,2025-02-01 21:18:41,Delivered,5981.18,Next Day,1425 Williams Mountain,1425 Williams Mountain,PayPal,2025-02-02,LOC001
ORD0002492,CUS000093,2025-02-02 05:22:41,Delivered,4688.349999999999,Pick up in store,443 Evans Pine Apt. 602,443 Evans Pine Apt. 602,PayPal,2025-02-08,LOC008
ORD0002493,CUS000086,2025-02-01 18:13:41,Delivered,3915.51,Express,023 Melissa Crossroad Apt. 855,023 Melissa Crossroad Apt. 855,Credit Card,2025-02-08,LOC011
ORD0002494,CUS000043,2025-02-03 10:21:41,Delivered,1674.47,Standard,1002 John Row Apt. 424,1002 John Row Apt. 424,Bank Transfer,2025-02-04,LOC011
ORD0002495,CUS000051,2025-02-03 07:35:41,Delivered,4957.35,Pick up in store,563 Jones Fields Suite 934,563 Jones Fields Suite 934,Credit Card,2025-02-07,LOC004
ORD0002496,CUS000088,2025-02-02 23:06:41,Delivered,8746.3,Standard,50544 Penny Isle Suite 526,50544 Penny Isle Suite 526,PayPal,2025-02-07,LOC005
ORD0002497,CUS000035,2025-02-02 23:09:41,Delivered,4271.87,Next Day,0435 Mullins Canyon,0435 Mullins Canyon,Credit Card,2025-02-04,LOC013
ORD0002498,CUS000043,2025-02-03 02:42:41,Delivered,936.42,Express,1002 John Row Apt. 424,1002 John Row Apt. 424,Bank Transfer,2025-02-04,LOC016
ORD0002499,CUS000029,2025-02-03 06:21:41,Delivered,677.91,Pick up in store,248 Schaefer Alley,248 Schaefer Alley,PayPal,2025-02-07,LOC002
ORD0002500,CUS000070,2025-02-03 08:26:41,Delivered,4020.6899999999996,Pick up in store,17993 Lee Cove Apt. 976,17993 Lee Cove Apt. 976,Bank Transfer,2025-02-05,LOC002
ORD0002501,CUS000093,2025-02-02 18:19:41,Delivered,497.52,Pick up in store,443 Evans Pine Apt. 602,443 Evans Pine Apt. 602,PayPal,2025-02-09,LOC013
ORD0002502,CUS000072,2025-02-02 22:26:41,Delivered,3628.64,Next Day,022 Brennan Vista,022 Brennan Vista,PayPal,2025-02-07,LOC019
ORD0002503,CUS000077,2025-02-03 06:56:41,Delivered,1782.83,Standard,17316 Ashley Ridges Suite 345,17316 Ashley Ridges Suite 345,PayPal,2025-02-04,LOC011
ORD0002504,CUS000046,2025-02-03 06:32:41,Delivered,3351.6000000000004,Next Day,0384 Michelle Cape,0384 Michelle Cape,PayPal,2025-02-10,LOC011
ORD0002505,CUS000027,2025-02-02 22:47:41,Delivered,572.0600000000001,Express,8148 John Course Suite 159,8148 John Course Suite 159,Credit Card,2025-02-03,LOC008
ORD0002506,CUS000059,2025-02-03 02:16:41,Delivered,5285.530000000001,Next Day,604 Jones Courts Apt. 869,604 Jones Courts Apt. 869,PayPal,2025-02-05,LOC019
ORD0002507,CUS000061,2025-02-03 06:41:41,Delivered,4030.2599999999993,Pick up in store,8595 Joshua Pine,8595 Joshua Pine,Bank Transfer,2025-02-04,LOC002
ORD0002508,CUS000055,2025-02-02 19:36:41,Delivered,1705.6,Express,3345 Angela Lane Suite 782,3345 Angela Lane Suite 782,Credit Card,2025-02-03,LOC017
ORD0002509,CUS000062,2025-02-02 11:31:41,Delivered,5124.22,Express,9634 Thomas Vista,9634 Thomas Vista,Credit Card,2025-02-03,LOC008
ORD0002510,CUS000088,2025-02-03 02:48:41,Delivered,9558.26,Next Day,50544 Penny Isle Suite 526,50544 Penny Isle Suite 526,Credit Card,2025-02-06,LOC013
ORD0002511,CUS000012,2025-02-02 11:38:41,Delivered,2863.29,Express,753 Powell Manor Suite 888,753 Powell Manor Suite 888,Bank Transfer,2025-02-07,LOC012
ORD0002512,CUS000017,2025-02-02 19:38:41,Delivered,7201.62,Next Day,4207 Craig Causeway,4207 Craig Causeway,Bank Transfer,2025-02-07,LOC009
ORD0002513,CUS000019,2025-02-02 14:00:41,Delivered,62.2,Standard,3594 Long Wall Suite 248,3594 Long Wall Suite 248,PayPal,2025-02-08,LOC003
ORD0002514,CUS000036,2025-02-03 13:20:41,Delivered,11046.64,Express,4716 Felicia Trafficway Apt. 051,4716 Felicia Trafficway Apt. 051,Bank Transfer,2025-02-04,LOC005
ORD0002515,CUS000089,2025-02-03 20:50:41,Delivered,5177.96,Express,890 Fuller Harbor Apt. 884,890 Fuller Harbor Apt. 884,Credit Card,2025-02-10,LOC011
ORD0002516,CUS000007,2025-02-03 14:13:41,Delivered,2985.2200000000003,Express,64048 Golden Mount Suite 491,64048 Golden Mount Suite 491,Bank Transfer,2025-02-06,LOC018
ORD0002517,CUS000084,2025-02-03 23:59:41,Delivered,9704.56,Express,3563 Ashley Wall Apt. 125,3563 Ashley Wall Apt. 125,Credit Card,2025-02-04,LOC017
ORD0002518,CUS000099,2025-02-03 22:28:41,Delivered,6170.41,Standard,385 Diana Mountain,385 Diana Mountain,Bank Transfer,2025-02-08,LOC007
ORD0002519,CUS000004,2025-02-04 02:17:41,Delivered,1819.16,Pick up in store,86781 Webb Tunnel Apt. 880,86781 Webb Tunnel Apt. 880,PayPal,2025-02-10,LOC008
ORD0002520,CUS000085,2025-02-03 18:05:41,Delivered,4419.18,Pick up in store,65310 Smith Causeway,65310 Smith Causeway,Credit Card,2025-02-06,LOC001
ORD0002521,CUS000075,2025-02-03 14:07:41,Delivered,7821.23,Standard,10585 Shaun Squares Suite 674,10585 Shaun Squares Suite 674,Credit Card,2025-02-08,LOC016
ORD0002522,CUS000076,2025-02-04 04:21:41,Delivered,7453.94,Pick up in store,8996 Amanda Plaza,8996 Amanda Plaza,Bank Transfer,2025-02-11,LOC016
ORD0002523,CUS000078,2025-02-04 08:52:41,Delivered,1570.4599999999998,Next Day,783 Hudson Mill Suite 171,783 Hudson Mill Suite 171,Bank Transfer,2025-02-06,LOC017
ORD0002524,CUS000083,2025-02-03 18:39:41,Delivered,4266.27,Pick up in store,808 Joseph Center Suite 987,808 Joseph Center Suite 987,Credit Card,2025-02-04,LOC007
ORD0002525,CUS000025,2025-02-04 02:40:41,Delivered,5519.85,Pick up in store,554 Phillips Spring,554 Phillips Spring,Bank Transfer,2025-02-09,LOC007
ORD0002526,CUS000028,2025-02-03 21:41:41,Delivered,1236.83,Standard,4548 Rose Corner,4548 Rose Corner,Credit Card,2025-02-09,LOC003
ORD0002527,CUS000029,2025-02-04 17:31:41,Delivered,3062.98,Express,248 Schaefer Alley,248 Schaefer Alley,Bank Transfer,2025-02-07,LOC012
ORD0002528,CUS000072,2025-02-04 23:41:41,Delivered,5791.42,Next Day,022 Brennan Vista,022 Brennan Vista,PayPal,2025-02-05,LOC010
ORD0002529,CUS000065,2025-02-05 09:50:41,Delivered,10489.37,Express,0316 Wendy Club Apt. 476,0316 Wendy Club Apt. 476,Bank Transfer,2025-02-07,LOC003
ORD0002530,CUS000004,2025-02-05 07:10:41,Delivered,1213.76,Express,86781 Webb Tunnel Apt. 880,86781 Webb Tunnel Apt. 880,Credit Card,2025-02-06,LOC016
ORD0002531,CUS000090,2025-02-04 21:20:41,Delivered,1083.74,Standard,9210 Morris Turnpike Suite 212,9210 Morris Turnpike Suite 212,Credit Card,2025-02-11,LOC001
ORD0002532,CUS000021,2025-02-05 02:42:41,Delivered,1784.77,Standard,873 Paul Lakes,873 Paul Lakes,Bank Transfer,2025-02-09,LOC015
ORD0002533,CUS000031,2025-02-05 03:24:41,Delivered,7813.91,Pick up in store,3219 Rodriguez Passage Suite 363,3219 Rodriguez Passage Suite 363,PayPal,2025-02-11,LOC018
ORD0002534,CUS000033,2025-02-05 03:19:41,Delivered,3987.5699999999997,Standard,32833 Harris Fall,32833 Harris Fall,Bank Transfer,2025-02-11,LOC004
ORD0002535,CUS000004,2025-02-04 21:29:41,Delivered,5701.0,Next Day,86781 Webb Tunnel Apt. 880,86781 Webb Tunnel Apt. 880,Credit Card,2025-02-05,LOC001
ORD0002536,CUS000002,2025-02-04 21:44:41,Delivered,5715.59,Standard,7944 Rich Turnpike,7944 Rich Turnpike,Credit Card,2025-02-11,LOC008
ORD0002537,CUS000017,2025-02-05 12:16:41,Delivered,6092.76,Next Day,4207 Craig Causeway,4207 Craig Causeway,Bank Transfer,2025-02-07,LOC010
ORD0002538,CUS000057,2025-02-05 21:28:41,Delivered,3492.78,Standard,647 Mcgee Manors,647 Mcgee Manors,Bank Transfer,2025-02-12,LOC008
ORD0002539,CUS000034,2025-02-05 11:22:41,Delivered,91.66,Standard,81729 Mccall Meadows,81729 Mccall Meadows,Bank Transfer,2025-02-09,LOC012
ORD0002540,CUS000072,2025-02-05 18:52:41,Delivered,1600.4699999999998,Pick up in store,022 Brennan Vista,022 Brennan Vista,Bank Transfer,2025-02-11,LOC004
ORD0002541,CUS000070,2025-02-06 08:42:41,Delivered,2788.37,Next Day,17993 Lee Cove Apt. 976,17993 Lee Cove Apt. 976,PayPal,2025-02-07,LOC012
ORD0002542,CUS000098,2025-02-06 02:49:41,Delivered,4276.14,Pick up in store,4693 Ashley Centers,4693 Ashley Centers,Bank Transfer,2025-02-11,LOC002
ORD0002543,CUS000028,2025-02-06 02:05:41,Delivered,5720.74,Pick up in store,4548 Rose Corner,4548 Rose Corner,Credit Card,2025-02-13,LOC012
ORD0002544,CUS000045,2025-02-05 14:39:41,Delivered,5970.41,Next Day,14062 Oliver Spurs,14062 Oliver Spurs,Bank Transfer,2025-02-12,LOC018
ORD0002545,CUS000025,2025-02-05 14:36:41,Delivered,7121.99,Standard,554 Phillips Spring,554 Phillips Spring,Credit Card,2025-02-09,LOC011
ORD0002546,CUS000063,2025-02-05 21:54:41,Delivered,7443.1,Next Day,6888 Emily Underpass,6888 Emily Underpass,PayPal,2025-02-11,LOC001
ORD0002547,CUS000041,2025-02-06 05:02:41,Delivered,4709.73,Next Day,312 Mathew Route Suite 835,312 Mathew Route Suite 835,PayPal,2025-02-08,LOC020
ORD0002548,CUS000075,2025-02-06 08:20:41,Delivered,297.34,Pick up in store,10585 Shaun Squares Suite 674,10585 Shaun Squares Suite 674,Credit Card,2025-02-12,LOC005
ORD0002549,CUS000097,2025-02-05 15:37:41,Delivered,3008.8,Pick up in store,728 Laurie Cape,728 Laurie Cape,PayPal,2025-02-10,LOC005
ORD0002550,CUS000024,2025-02-05 17:56:41,Delivered,3602.3799999999997,Next Day,574 Gonzales Lodge Apt. 681,574 Gonzales Lodge Apt. 681,Bank Transfer,2025-02-08,LOC011
ORD0002551,CUS000032,2025-02-06 00:24:41,Delivered,2689.45,Pick up in store,57334 Cooper Island,57334 Cooper Island,PayPal,2025-02-13,LOC015
ORD0002552,CUS000018,2025-02-05 17:21:41,Delivered,4339.32,Express,693 Kathryn Extension,693 Kathryn Extension,Credit Card,2025-02-09,LOC008
ORD0002553,CUS000063,2025-02-06 13:16:41,Delivered,4000.74,Next Day,6888 Emily Underpass,6888 Emily Underpass,Credit Card,2025-02-13,LOC019
ORD0002554,CUS000080,2025-02-06 11:21:41,Delivered,2687.9700000000003,Pick up in store,84198 Mitchell Light,84198 Mitchell Light,Bank Transfer,2025-02-11,LOC013
ORD0002555,CUS000037,2025-02-07 07:19:41,Delivered,5979.26,Standard,536 Elizabeth Via,536 Elizabeth Via,Bank Transfer,2025-02-14,LOC002
ORD0002556,CUS000052,2025-02-06 13:49:41,Delivered,4724.86,Next Day,28803 Kyle Island,28803 Kyle Island,Credit Card,2025-02-11,LOC009
ORD0002557,CUS000098,2025-02-07 06:57:41,Delivered,3800.7599999999998,Next Day,4693 Ashley Centers,4693 Ashley Centers,Credit Card,2025-02-08,LOC006
ORD0002558,CUS000062,2025-02-06 21:47:41,Delivered,1078.9,Next Day,9634 Thomas Vista,9634 Thomas Vista,Bank Transfer,2025-02-12,LOC017
ORD0002559,CUS000029,2025-02-06 18:50:41,Delivered,8044.89,Pick up in store,248 Schaefer Alley,248 Schaefer Alley,PayPal,2025-02-08,LOC013
ORD0002560,CUS000038,2025-02-07 03:56:41,Delivered,2828.84,Pick up in store,811 Leonard Ford Apt. 102,811 Leonard Ford Apt. 102,PayPal,2025-02-09,LOC006
ORD0002561,CUS000054,2025-02-06 16:40:41,Delivered,430.14,Standard,00532 Matthew Fork Suite 143,00532 Matthew Fork Suite 143,Credit Card,2025-02-07,LOC017
ORD0002562,CUS000055,2025-02-06 21:42:41,Delivered,3503.1800000000003,Pick up in store,3345 Angela Lane Suite 782,3345 Angela Lane Suite 782,Bank Transfer,2025-02-11,LOC019
ORD0002563,CUS000006,2025-02-07 02:06:41,Delivered,13220.0,Pick up in store,20878 Andersen Lock Suite 120,20878 Andersen Lock Suite 120,Bank Transfer,2025-02-11,LOC009
ORD0002564,CUS000081,2025-02-06 21:39:41,Delivered,8311.24,Standard,335 Kyle Crescent Apt. 760,335 Kyle Crescent Apt. 760,PayPal,2025-02-13,LOC007
ORD0002565,CUS000021,2025-02-06 10:59:41,Delivered,1087.21,Next Day,873 Paul Lakes,873 Paul Lakes,Bank Transfer,2025-02-09,LOC008
ORD0002566,CUS000071,2025-02-07 03:22:41,Delivered,2029.43,Pick up in store,085 Aaron Crescent Apt. 676,085 Aaron Crescent Apt. 676,Bank Transfer,2025-02-12,LOC008
ORD0002567,CUS000100,2025-02-07 04:45:41,Delivered,6888.15,Express,14536 Holly Trail,14536 Holly Trail,Credit Card,2025-02-08,LOC017
ORD0002568,CUS000068,2025-02-07 18:16:41,Delivered,3500.94,Pick up in store,165 Walker Mill,165 Walker Mill,Bank Transfer,2025-02-13,LOC010
ORD0002569,CUS000091,2025-02-08 04:42:41,Delivered,7178.49,Pick up in store,7372 Marshall Haven,7372 Marshall Haven,Bank Transfer,2025-02-10,LOC005
ORD0002570,CUS000095,2025-02-07 11:55:41,Delivered,1727.19,Express,1425 Williams Mountain,1425 Williams Mountain,PayPal,2025-02-08,LOC001
ORD0002571,CUS000002,2025-02-08 04:16:41,Delivered,4674.049999999999,Standard,7944 Rich Turnpike,7944 Rich Turnpike,Credit Card,2025-02-13,LOC007
ORD0002572,CUS000043,2025-02-07 21:20:41,Delivered,4224.719999999999,Standard,1002 John Row Apt. 424,1002 John Row Apt. 424,Credit Card,2025-02-10,LOC019
ORD0002573,CUS000021,2025-02-07 13:11:41,Delivered,4505.93,Pick up in store,873 Paul Lakes,873 Paul Lakes,Credit Card,2025-02-14,LOC001
ORD0002574,CUS000073,2025-02-07 14:24:41,Delivered,5742.7699999999995,Next Day,598 Smith Mission Suite 623,598 Smith Mission Suite 623,Credit Card,2025-02-11,LOC005
ORD0002575,CUS000064,2025-02-08 08:07:41,Delivered,5443.32,Pick up in store,93926 Jason Common Suite 790,93926 Jason Common Suite 790,Bank Transfer,2025-02-15,LOC011
ORD0002576,CUS000070,2025-02-07 15:11:41,Delivered,6848.28,Pick up in store,17993 Lee Cove Apt. 976,17993 Lee Cove Apt. 976,Bank Transfer,2025-02-13,LOC013
ORD0002577,CUS000089,2025-02-07 19:03:41,Delivered,1933.87,Pick up in store,890 Fuller Harbor Apt. 884,890 Fuller Harbor Apt. 884,Credit Card,2025-02-11,LOC006
ORD0002578,CUS000041,2025-02-08 01:15:41,Delivered,2838.33,Pick up in store,312 Mathew Route Suite 835,312 Mathew Route Suite 835,Bank Transfer,2025-02-09,LOC020
ORD0002579,CUS000001,2025-02-07 16:51:41,Delivered,1866.42,Standard,45447 Ryan Springs Suite 790,45447 Ryan Springs Suite 790,Bank Transfer,2025-02-13,LOC020
ORD0002580,CUS000063,2025-02-08 00:51:41,Delivered,2944.2200000000003,Next Day,6888 Emily Underpass,6888 Emily Underpass,Bank Transfer,2025-02-13,LOC013
ORD0002581,CUS000074,2025-02-07 17:20:41,Delivered,2467.7200000000003,Standard,42549 Zavala Lakes Suite 652,42549 Zavala Lakes Suite 652,PayPal,2025-02-08,LOC004
ORD0002582,CUS000024,2025-02-07 23:58:41,Delivered,4638.89,Pick up in store,574 Gonzales Lodge Apt. 681,574 Gonzales Lodge Apt. 681,Bank Transfer,2025-02-13,LOC016
ORD0002583,CUS000005,2025-02-08 09:19:41,Delivered,761.6600000000001,Express,55835 Christopher Parkways Suite 486,55835 Christopher Parkways Suite 486,PayPal,2025-02-10,LOC009
ORD0002584,CUS000053,2025-02-08 08:00:41,Delivered,80.28,Pick up in store,92512 Armstrong Station,92512 Armstrong Station,Credit Card,2025-02-15,LOC008
ORD0002585,CUS000058,2025-02-07 11:01:41,Delivered,3864.23,Express,6387 Susan Roads,6387 Susan Roads,Credit Card,2025-02-11,LOC015
ORD0002586,CUS000042,2025-02-08 18:26:41,Delivered,2189.74,Next Day,19899 Mark Way Suite 871,19899 Mark Way Suite 871,Credit Card,2025-02-10,LOC013
ORD0002587,CUS000080,2025-02-09 04:05:41,Delivered,8833.42,Next Day,84198 Mitchell Light,84198 Mitchell Light,PayPal,2025-02-11,LOC012
ORD0002588,CUS000028,2025-02-09 02:54:41,Delivered,5903.41,Standard,4548 Rose Corner,4548 Rose Corner,PayPal,2025-02-10,LOC005
ORD0002589,CUS000011,2025-02-09 02:11:41,Delivered,692.72,Express,627 Carol Vista,627 Carol Vista,Credit Card,2025-02-16,LOC011
ORD0002590,CUS000076,2025-02-08 19:26:41,Delivered,2360.0800000000004,Next Day,8996 Amanda Plaza,8996 Amanda Plaza,PayPal,2025-02-11,LOC007
ORD0002591,CUS000033,2025-02-08 15:00:41,Delivered,2232.75,Standard,32833 Harris Fall,32833 Harris Fall,Credit Card,2025-02-11,LOC010
ORD0002592,CUS000088,2025-02-08 18:37:41,Delivered,3968.3,Pick up in store,50544 Penny Isle Suite 526,50544 Penny Isle Suite 526,PayPal,2025-02-12,LOC019
ORD0002593,CUS000018,2025-02-09 02:57:41,Delivered,1996.5,Pick up in store,693 Kathryn Extension,693 Kathryn Extension,PayPal,2025-02-10,LOC009
ORD0002594,CUS000027,2025-02-09 05:02:41,Delivered,8639.65,Standard,8148 John Course Suite 159,8148 John Course Suite 159,Credit Card,2025-02-11,LOC011
ORD0002595,CUS000008,2025-02-09 00:33:41,Delivered,2265.2000000000003,Express,949 Mueller Mission,949 Mueller Mission,PayPal,2025-02-11,LOC014
ORD0002596,CUS000064,2025-02-08 20:43:41,Delivered,8246.99,Express,93926 Jason Common Suite 790,93926 Jason Common Suite 790,PayPal,2025-02-09,LOC020
ORD0002597,CUS000082,2025-02-09 07:24:41,Delivered,643.5,Express,3913 Chambers Park Apt. 634,3913 Chambers Park Apt. 634,PayPal,2025-02-16,LOC001
ORD0002598,CUS000084,2025-02-08 20:09:41,Delivered,4968.38,Pick up in store,3563 Ashley Wall Apt. 125,3563 Ashley Wall Apt. 125,Bank Transfer,2025-02-10,LOC017
ORD0002599,CUS000036,2025-02-09 02:44:41,Delivered,404.12,Standard,4716 Felicia Trafficway Apt. 051,4716 Felicia Trafficway Apt. 051,Bank Transfer,2025-02-12,LOC009
ORD0002600,CUS000040,2025-02-09 06:52:41,Delivered,3700.2400000000002,Pick up in store,9433 Jackie Key,9433 Jackie Key,Credit Card,2025-02-11,LOC017
ORD0002601,CUS000042,2025-02-09 06:20:41,Delivered,6794.66,Express,19899 Mark Way Suite 871,19899 Mark Way Suite 871,PayPal,2025-02-12,LOC020
ORD0002602,CUS000065,2025-02-09 06:04:41,Delivered,5386.4,Next Day,0316 Wendy Club Apt. 476,0316 Wendy Club Apt. 476,Bank Transfer,2025-02-10,LOC014
ORD0002603,CUS000038,2025-02-08 12:29:41,Delivered,6867.339999999999,Pick up in store,811 Leonard Ford Apt. 102,811 Leonard Ford Apt. 102,Credit Card,2025-02-13,LOC003
ORD0002604,CUS000029,2025-02-08 19:05:41,Delivered,205.66,Pick up in store,248 Schaefer Alley,248 Schaefer Alley,Credit Card,2025-02-11,LOC002
ORD0002605,CUS000074,2025-02-09 13:23:41,Delivered,2935.86,Next Day,42549 Zavala Lakes Suite 652,42549 Zavala Lakes Suite 652,Bank Transfer,2025-02-16,LOC003
ORD0002606,CUS000030,2025-02-09 20:06:41,Delivered,4019.02,Pick up in store,56818 Wright Drives,56818 Wright Drives,Credit Card,2025-02-15,LOC020
ORD0002607,CUS000070,2025-02-09 23:15:41,Delivered,9155.4,Next Day,17993 Lee Cove Apt. 976,17993 Lee Cove Apt. 976,Credit Card,2025-02-13,LOC020
ORD0002608,CUS000061,2025-02-10 09:59:41,Delivered,3101.92,Next Day,8595 Joshua Pine,8595 Joshua Pine,Credit Card,2025-02-13,LOC010
ORD0002609,CUS000066,2025-02-09 19:33:41,Delivered,3565.3900000000003,Express,712 Andrew Ranch,712 Andrew Ranch,PayPal,2025-02-16,LOC006
ORD0002610,CUS000037,2025-02-09 17:06:41,Delivered,5993.74,Standard,536 Elizabeth Via,536 Elizabeth Via,Bank Transfer,2025-02-11,LOC016
ORD0002611,CUS000083,2025-02-10 05:39:41,Delivered,3618.08,Pick up in store,808 Joseph Center Suite 987,808 Joseph Center Suite 987,Credit Card,2025-02-17,LOC005
ORD0002612,CUS000100,2025-02-09 17:55:41,Delivered,6695.7,Next Day,14536 Holly Trail,14536 Holly Trail,PayPal,2025-02-10,LOC019
ORD0002613,CUS000013,2025-02-10 06:46:41,Delivered,134.08,Next Day,54024 Miller Track Suite 763,54024 Miller Track Suite 763,PayPal,2025-02-17,LOC005
ORD0002614,CUS000042,2025-02-09 19:13:41,Delivered,5640.42,Express,19899 Mark Way Suite 871,19899 Mark Way Suite 871,PayPal,2025-02-15,LOC003
ORD0002615,CUS000007,2025-02-09 17:43:41,Delivered,1010.0,Pick up in store,64048 Golden Mount Suite 491,64048 Golden Mount Suite 491,PayPal,2025-02-15,LOC014
ORD0002616,CUS000081,2025-02-09 16:12:41,Delivered,1147.08,Express,335 Kyle Crescent Apt. 760,335 Kyle Crescent Apt. 760,Credit Card,2025-02-11,LOC015
ORD0002617,CUS000020,2025-02-09 13:41:41,Delivered,453.04,Express,63649 Robinson Court,63649 Robinson Court,PayPal,2025-02-14,LOC005
ORD0002618,CUS000024,2025-02-09 13:16:41,Delivered,2884.74,Express,574 Gonzales Lodge Apt. 681,574 Gonzales Lodge Apt. 681,Bank Transfer,2025-02-12,LOC008
ORD0002619,CUS000063,2025-02-10 03:53:41,Delivered,854.01,Next Day,6888 Emily Underpass,6888 Emily Underpass,PayPal,2025-02-13,LOC002
ORD0002620,CUS000021,2025-02-09 20:45:41,Delivered,5631.17,Standard,873 Paul Lakes,873 Paul Lakes,PayPal,2025-02-16,LOC018
ORD0002621,CUS000037,2025-02-10 08:28:41,Delivered,1098.84,Next Day,536 Elizabeth Via,536 Elizabeth Via,Credit Card,2025-02-12,LOC016
ORD0002622,CUS000068,2025-02-09 17:31:41,Delivered,5266.570000000001,Express,165 Walker Mill,165 Walker Mill,PayPal,2025-02-11,LOC006
ORD0002623,CUS000015,2025-02-09 15:48:41,Delivered,3110.76,Standard,943 Dawn Extension Apt. 032,943 Dawn Extension Apt. 032,Bank Transfer,2025-02-12,LOC017
ORD0002624,CUS000007,2025-02-10 00:48:41,Delivered,4480.01,Next Day,64048 Golden Mount Suite 491,64048 Golden Mount Suite 491,Bank Transfer,2025-02-16,LOC004
ORD0002625,CUS000054,2025-02-10 00:38:41,Delivered,1821.1799999999998,Next Day,00532 Matthew Fork Suite 143,00532 Matthew Fork Suite 143,PayPal,2025-02-14,LOC002
ORD0002626,CUS000015,2025-02-09 12:39:41,Delivered,9259.43,Express,943 Dawn Extension Apt. 032,943 Dawn Extension Apt. 032,PayPal,2025-02-14,LOC008
ORD0002627,CUS000089,2025-02-09 19:08:41,Delivered,5202.139999999999,Standard,890 Fuller Harbor Apt. 884,890 Fuller Harbor Apt. 884,Bank Transfer,2025-02-11,LOC009
ORD0002628,CUS000053,2025-02-09 17:37:41,Delivered,2466.61,Express,92512 Armstrong Station,92512 Armstrong Station,Credit Card,2025-02-12,LOC020
ORD0002629,CUS000076,2025-02-10 10:03:41,Delivered,2562.0299999999997,Next Day,8996 Amanda Plaza,8996 Amanda Plaza,Bank Transfer,2025-02-15,LOC002
ORD0002630,CUS000009,2025-02-09 20:04:41,Delivered,8996.36,Express,4479 Hinton Heights Suite 425,4479 Hinton Heights Suite 425,Bank Transfer,2025-02-15,LOC019
ORD0002631,CUS000067,2025-02-09 19:25:41,Delivered,5677.790000000001,Standard,4937 Brown Turnpike Suite 240,4937 Brown Turnpike Suite 240,PayPal,2025-02-14,LOC008
ORD0002632,CUS000100,2025-02-10 07:58:41,Delivered,4187.5599999999995,Pick up in store,14536 Holly Trail,14536 Holly Trail,PayPal,2025-02-15,LOC015
ORD0002633,CUS000077,2025-02-10 09:00:41,Delivered,1295.6299999999999,Pick up in store,17316 Ashley Ridges Suite 345,17316 Ashley Ridges Suite 345,PayPal,2025-02-11,LOC015
ORD0002634,CUS000004,2025-02-10 17:11:41,Delivered,12701.210000000001,Express,86781 Webb Tunnel Apt. 880,86781 Webb Tunnel Apt. 880,Credit Card,2025-02-17,LOC007
ORD0002635,CUS000062,2025-02-10 14:33:41,Delivered,2766.42,Standard,9634 Thomas Vista,9634 Thomas Vista,Bank Transfer,2025-02-17,LOC004
ORD0002636,CUS000011,2025-02-11 04:59:41,Delivered,3992.56,Express,627 Carol Vista,627 Carol Vista,PayPal,2025-02-17,LOC014
ORD0002637,CUS000018,2025-02-10 21:30:41,Delivered,3260.2999999999997,Pick up in store,693 Kathryn Extension,693 Kathryn Extension,Credit Card,2025-02-12,LOC013
ORD0002638,CUS000087,2025-02-10 10:59:41,Delivered,4273.53,Next Day,99137 Scott Streets Suite 891,99137 Scott Streets Suite 891,PayPal,2025-02-14,LOC014
ORD0002639,CUS000014,2025-02-11 09:44:41,Delivered,3763.3,Express,240 Lewis Park,240 Lewis Park,Bank Transfer,2025-02-16,LOC020
ORD0002640,CUS000012,2025-02-10 16:59:41,Delivered,834.21,Standard,753 Powell Manor Suite 888,753 Powell Manor Suite 888,Credit Card,2025-02-17,LOC002
ORD0002641,CUS000017,2025-02-10 17:11:41,Delivered,624.76,Next Day,4207 Craig Causeway,4207 Craig Causeway,Bank Transfer,2025-02-12,LOC009
ORD0002642,CUS000023,2025-02-10 19:44:41,Delivered,411.32,Next Day,245 Hall Cove,245 Hall Cove,Credit Card,2025-02-15,LOC001
ORD0002643,CUS000042,2025-02-11 09:20:41,Delivered,3467.8,Standard,19899 Mark Way Suite 871,19899 Mark Way Suite 871,Bank Transfer,2025-02-17,LOC013
ORD0002644,CUS000033,2025-02-10 17:40:41,Delivered,4856.4400000000005,Express,32833 Harris Fall,32833 Harris Fall,PayPal,2025-02-16,LOC019
ORD0002645,CUS000092,2025-02-11 02:43:41,Delivered,3028.32,Pick up in store,441 Nichols Glen,441 Nichols Glen,PayPal,2025-02-17,LOC008
ORD0002646,CUS000094,2025-02-11 06:09:41,Delivered,2368.8,Standard,91800 Tony Lights Suite 800,91800 Tony Lights Suite 800,PayPal,2025-02-17,LOC004
ORD0002647,CUS000087,2025-02-10 16:32:41,Delivered,4270.26,Express,99137 Scott Streets Suite 891,99137 Scott Streets Suite 891,PayPal,2025-02-14,LOC005
ORD0002648,CUS000013,2025-02-10 19:35:41,Delivered,475.26,Express,54024 Miller Track Suite 763,54024 Miller Track Suite 763,PayPal,2025-02-11,LOC012
ORD0002649,CUS000088,2025-02-10 21:34:41,Delivered,9616.52,Next Day,50544 Penny Isle Suite 526,50544 Penny Isle Suite 526,Credit Card,2025-02-15,LOC017
ORD0002650,CUS000078,2025-02-11 00:51:41,Delivered,3027.97,Standard,783 Hudson Mill Suite 171,783 Hudson Mill Suite 171,Credit Card,2025-02-15,LOC020
ORD0002651,CUS000086,2025-02-10 19:56:41,Delivered,1885.13,Next Day,023 Melissa Crossroad Apt. 855,023 Melissa Crossroad Apt. 855,PayPal,2025-02-16,LOC014
ORD0002652,CUS000035,2025-02-10 11:17:41,Delivered,4479.72,Express,0435 Mullins Canyon,0435 Mullins Canyon,PayPal,2025-02-17,LOC013
ORD0002653,CUS000090,2025-02-11 10:18:41,Delivered,288.11,Express,9210 Morris Turnpike Suite 212,9210 Morris Turnpike Suite 212,Credit Card,2025-02-16,LOC011
ORD0002654,CUS000050,2025-02-11 10:18:41,Delivered,8705.83,Pick up in store,739 Garcia Spur Apt. 819,739 Garcia Spur Apt. 819,Credit Card,2025-02-13,LOC009
ORD0002655,CUS000085,2025-02-11 10:41:41,Delivered,3635.6099999999997,Express,65310 Smith Causeway,65310 Smith Causeway,Bank Transfer,2025-02-18,LOC020
ORD0002656,CUS000027,2025-02-10 11:19:41,Delivered,7036.8099999999995,Express,8148 John Course Suite 159,8148 John Course Suite 159,Bank Transfer,2025-02-12,LOC008
ORD0002657,CUS000038,2025-02-10 18:17:41,Delivered,1828.77,Express,811 Leonard Ford Apt. 102,811 Leonard Ford Apt. 102,Bank Transfer,2025-02-14,LOC012
ORD0002658,CUS000091,2025-02-10 19:22:41,Delivered,4238.56,Pick up in store,7372 Marshall Haven,7372 Marshall Haven,PayPal,2025-02-14,LOC012
ORD0002659,CUS000072,2025-02-10 21:57:41,Delivered,854.46,Pick up in store,022 Brennan Vista,022 Brennan Vista,PayPal,2025-02-12,LOC004
ORD0002660,CUS000093,2025-02-10 11:37:41,Delivered,3304.89,Standard,443 Evans Pine Apt. 602,443 Evans Pine Apt. 602,Bank Transfer,2025-02-14,LOC017
ORD0002661,CUS000026,2025-02-11 18:52:41,Delivered,3031.5,Next Day,305 Newton Bypass,305 Newton Bypass,Credit Card,2025-02-15,LOC018
ORD0002662,CUS000037,2025-02-11 18:13:41,Delivered,354.27,Next Day,536 Elizabeth Via,536 Elizabeth Via,Bank Transfer,2025-02-13,LOC012
ORD0002663,CUS000077,2025-02-11 21:37:41,Delivered,7130.33,Express,17316 Ashley Ridges Suite 345,17316 Ashley Ridges Suite 345,Bank Transfer,2025-02-18,LOC005
ORD0002664,CUS000086,2025-02-12 10:21:41,Delivered,6946.76,Express,023 Melissa Crossroad Apt. 855,023 Melissa Crossroad Apt. 855,Bank Transfer,2025-02-16,LOC011
ORD0002665,CUS000076,2025-02-12 07:37:41,Delivered,5317.71,Standard,8996 Amanda Plaza,8996 Amanda Plaza,Credit Card,2025-02-15,LOC009
ORD0002666,CUS000022,2025-02-12 10:16:41,Delivered,4901.16,Next Day,290 Hodges Pine,290 Hodges Pine,PayPal,2025-02-16,LOC005
ORD0002667,CUS000041,2025-02-12 00:01:41,Delivered,1244.28,Standard,312 Mathew Route Suite 835,312 Mathew Route Suite 835,Bank Transfer,2025-02-17,LOC014
ORD0002668,CUS000042,2025-02-11 15:59:41,Delivered,4358.8099999999995,Express,19899 Mark Way Suite 871,19899 Mark Way Suite 871,PayPal,2025-02-17,LOC001
ORD0002669,CUS000073,2025-02-12 00:39:41,Delivered,4260.09,Express,598 Smith Mission Suite 623,598 Smith Mission Suite 623,Credit Card,2025-02-16,LOC011
ORD0002670,CUS000035,2025-02-11 10:57:41,Delivered,1421.28,Next Day,0435 Mullins Canyon,0435 Mullins Canyon,Credit Card,2025-02-14,LOC001
ORD0002671,CUS000001,2025-02-12 06:07:41,Delivered,1930.68,Next Day,45447 Ryan Springs Suite 790,45447 Ryan Springs Suite 790,PayPal,2025-02-16,LOC016
ORD0002672,CUS000091,2025-02-12 00:16:41,Delivered,677.91,Express,7372 Marshall Haven,7372 Marshall Haven,PayPal,2025-02-15,LOC010
ORD0002673,CUS000047,2025-02-11 21:08:41,Delivered,797.58,Pick up in store,46161 Ortega Fork Apt. 399,46161 Ortega Fork Apt. 399,Credit Card,2025-02-12,LOC012
ORD0002674,CUS000027,2025-02-11 12:44:41,Delivered,4253.0199999999995,Standard,8148 John Course Suite 159,8148 John Course Suite 159,Credit Card,2025-02-16,LOC001
ORD0002675,CUS000041,2025-02-11 14:54:41,Delivered,4255.610000000001,Next Day,312 Mathew Route Suite 835,312 Mathew Route Suite 835,Credit Card,2025-02-15,LOC011
ORD0002676,CUS000086,2025-02-11 18:01:41,Delivered,3569.2200000000003,Pick up in store,023 Melissa Crossroad Apt. 855,023 Melissa Crossroad Apt. 855,Bank Transfer,2025-02-14,LOC009
ORD0002677,CUS000051,2025-02-12 10:51:41,Delivered,1689.12,Pick up in store,563 Jones Fields Suite 934,563 Jones Fields Suite 934,PayPal,2025-02-16,LOC008
ORD0002678,CUS000051,2025-02-12 01:07:41,Delivered,5908.97,Express,563 Jones Fields Suite 934,563 Jones Fields Suite 934,Bank Transfer,2025-02-15,LOC001
ORD0002679,CUS000090,2025-02-11 10:57:41,Delivered,1818.8999999999999,Next Day,9210 Morris Turnpike Suite 212,9210 Morris Turnpike Suite 212,Bank Transfer,2025-02-13,LOC019
ORD0002680,CUS000096,2025-02-11 15:21:41,Delivered,3942.28,Next Day,997 Debra Road,997 Debra Road,Credit Card,2025-02-16,LOC015
ORD0002681,CUS000092,2025-02-11 12:46:41,Delivered,5321.91,Pick up in store,441 Nichols Glen,441 Nichols Glen,Credit Card,2025-02-16,LOC003
ORD0002682,CUS000001,2025-02-12 01:56:41,Delivered,9376.61,Express,45447 Ryan Springs Suite 790,45447 Ryan Springs Suite 790,PayPal,2025-02-17,LOC020
ORD0002683,CUS000046,2025-02-12 09:29:41,Delivered,2138.45,Standard,0384 Michelle Cape,0384 Michelle Cape,PayPal,2025-02-16,LOC010
ORD0002684,CUS000019,2025-02-12 03:10:41,Delivered,1335.54,Express,3594 Long Wall Suite 248,3594 Long Wall Suite 248,PayPal,2025-02-16,LOC005
ORD0002685,CUS000069,2025-02-12 00:05:41,Delivered,1491.58,Standard,56017 Michelle Trace Apt. 592,56017 Michelle Trace Apt. 592,Credit Card,2025-02-13,LOC008
ORD0002686,CUS000034,2025-02-12 13:27:41,Delivered,1141.32,Standard,81729 Mccall Meadows,81729 Mccall Meadows,PayPal,2025-02-15,LOC004
ORD0002687,CUS000099,2025-02-13 06:05:41,Delivered,8362.66,Standard,385 Diana Mountain,385 Diana Mountain,Credit Card,2025-02-20,LOC006
ORD0002688,CUS000090,2025-02-13 05:50:41,Delivered,6809.63,Standard,9210 Morris Turnpike Suite 212,9210 Morris Turnpike Suite 212,PayPal,2025-02-19,LOC008
ORD0002689,CUS000043,2025-02-12 18:42:41,Delivered,4709.84,Standard,1002 John Row Apt. 424,1002 John Row Apt. 424,Credit Card,2025-02-16,LOC003
ORD0002690,CUS000023,2025-02-13 02:01:41,Delivered,324.92,Standard,245 Hall Cove,245 Hall Cove,Bank Transfer,2025-02-16,LOC008
ORD0002691,CUS000064,2025-02-12 15:50:41,Delivered,3014.16,Standard,93926 Jason Common Suite 790,93926 Jason Common Suite 790,Credit Card,2025-02-19,LOC013
ORD0002692,CUS000020,2025-02-12 19:09:41,Delivered,2060.01,Express,63649 Robinson Court,63649 Robinson Court,Bank Transfer,2025-02-14,LOC010
ORD0002693,CUS000023,2025-02-12 22:20:41,Delivered,3230.0,Express,245 Hall Cove,245 Hall Cove,Credit Card,2025-02-17,LOC020
ORD0002694,CUS000028,2025-02-13 00:50:41,Delivered,2624.29,Next Day,4548 Rose Corner,4548 Rose Corner,Credit Card,2025-02-15,LOC017
ORD0002695,CUS000047,2025-02-12 23:45:41,Delivered,2611.11,Express,46161 Ortega Fork Apt. 399,46161 Ortega Fork Apt. 399,PayPal,2025-02-14,LOC001
ORD0002696,CUS000010,2025-02-12 11:39:41,Delivered,7945.6900000000005,Standard,386 Brian Gateway,386 Brian Gateway,Credit Card,2025-02-18,LOC011
ORD0002697,CUS000092,2025-02-12 11:55:41,Delivered,598.44,Next Day,441 Nichols Glen,441 Nichols Glen,PayPal,2025-02-14,LOC002
ORD0002698,CUS000059,2025-02-12 17:13:41,Delivered,4935.79,Pick up in store,604 Jones Courts Apt. 869,604 Jones Courts Apt. 869,Bank Transfer,2025-02-14,LOC018
ORD0002699,CUS000092,2025-02-12 23:09:41,Delivered,1700.24,Next Day,441 Nichols Glen,441 Nichols Glen,Bank Transfer,2025-02-14,LOC020
ORD0002700,CUS000042,2025-02-13 03:09:41,Delivered,197.67000000000002,Pick up in store,19899 Mark Way Suite 871,19899 Mark Way Suite 871,Bank Transfer,2025-02-19,LOC016
ORD0002701,CUS000020,2025-02-12 19:19:41,Delivered,4891.14,Standard,63649 Robinson Court,63649 Robinson Court,Bank Transfer,2025-02-17,LOC015
ORD0002702,CUS000013,2025-02-12 13:42:41,Delivered,2699.38,Express,54024 Miller Track Suite 763,54024 Miller Track Suite 763,PayPal,2025-02-19,LOC009
ORD0002703,CUS000023,2025-02-12 22:35:41,Delivered,6113.26,Standard,245 Hall Cove,245 Hall Cove,Credit Card,2025-02-16,LOC013
ORD0002704,CUS000067,2025-02-13 02:08:41,Delivered,12821.83,Next Day,4937 Brown Turnpike Suite 240,4937 Brown Turnpike Suite 240,Credit Card,2025-02-18,LOC004
ORD0002705,CUS000067,2025-02-12 12:02:41,Delivered,4808.799999999999,Pick up in store,4937 Brown Turnpike Suite 240,4937 Brown Turnpike Suite 240,PayPal,2025-02-13,LOC013
ORD0002706,CUS000090,2025-02-13 03:41:41,Delivered,8336.22,Standard,9210 Morris Turnpike Suite 212,9210 Morris Turnpike Suite 212,Bank Transfer,2025-02-15,LOC009
ORD0002707,CUS000061,2025-02-12 16:42:41,Delivered,3785.2999999999997,Standard,8595 Joshua Pine,8595 Joshua Pine,PayPal,2025-02-15,LOC009
ORD0002708,CUS000066,2025-02-13 05:33:41,Delivered,7718.96,Standard,712 Andrew Ranch,712 Andrew Ranch,Credit Card,2025-02-19,LOC019
ORD0002709,CUS000005,2025-02-13 00:23:41,Delivered,2008.5600000000002,Pick up in store,55835 Christopher Parkways Suite 486,55835 Christopher Parkways Suite 486,Bank Transfer,2025-02-15,LOC009
ORD0002710,CUS000064,2025-02-12 15:27:41,Delivered,4222.570000000001,Express,93926 Jason Common Suite 790,93926 Jason Common Suite 790,PayPal,2025-02-14,LOC004
ORD0002711,CUS000055,2025-02-13 08:20:41,Delivered,252.67000000000002,Standard,3345 Angela Lane Suite 782,3345 Angela Lane Suite 782,PayPal,2025-02-14,LOC020
ORD0002712,CUS000071,2025-02-14 09:13:41,Delivered,4171.05,Pick up in store,085 Aaron Crescent Apt. 676,085 Aaron Crescent Apt. 676,PayPal,2025-02-20,LOC018
ORD0002713,CUS000095,2025-02-14 09:43:41,Delivered,5790.370000000001,Pick up in store,1425 Williams Mountain,1425 Williams Mountain,PayPal,2025-02-21,LOC008
ORD0002714,CUS000053,2025-02-13 11:10:41,Delivered,7012.540000000001,Next Day,92512 Armstrong Station,92512 Armstrong Station,Credit Card,2025-02-18,LOC006
ORD0002715,CUS000014,2025-02-14 07:47:41,Delivered,7229.73,Next Day,240 Lewis Park,240 Lewis Park,PayPal,2025-02-19,LOC004
ORD0002716,CUS000030,2025-02-13 12:02:41,Delivered,6336.629999999999,Next Day,56818 Wright Drives,56818 Wright Drives,PayPal,2025-02-15,LOC014
ORD0002717,CUS000078,2025-02-13 11:08:41,Delivered,2059.54,Pick up in store,783 Hudson Mill Suite 171,783 Hudson Mill Suite 171,PayPal,2025-02-17,LOC014
ORD0002718,CUS000011,2025-02-13 19:14:41,Delivered,7293.639999999999,Standard,627 Carol Vista,627 Carol Vista,Bank Transfer,2025-02-14,LOC010
ORD0002719,CUS000014,2025-02-13 19:22:41,Delivered,888.1200000000001,Pick up in store,240 Lewis Park,240 Lewis Park,Bank Transfer,2025-02-19,LOC020
ORD0002720,CUS000019,2025-02-13 13:59:41,Delivered,1801.14,Next Day,3594 Long Wall Suite 248,3594 Long Wall Suite 248,PayPal,2025-02-20,LOC004
ORD0002721,CUS000068,2025-02-14 02:29:41,Delivered,1359.1200000000001,Express,165 Walker Mill,165 Walker Mill,Credit Card,2025-02-16,LOC020
ORD0002722,CUS000055,2025-02-13 17:29:41,Delivered,6818.04,Pick up in store,3345 Angela Lane Suite 782,3345 Angela Lane Suite 782,PayPal,2025-02-20,LOC018
ORD0002723,CUS000071,2025-02-13 16:01:41,Delivered,1467.03,Pick up in store,085 Aaron Crescent Apt. 676,085 Aaron Crescent Apt. 676,Bank Transfer,2025-02-19,LOC008
ORD0002724,CUS000001,2025-02-13 22:55:41,Delivered,682.24,Pick up in store,45447 Ryan Springs Suite 790,45447 Ryan Springs Suite 790,Credit Card,2025-02-18,LOC011
ORD0002725,CUS000076,2025-02-13 14:40:41,Delivered,4868.38,Standard,8996 Amanda Plaza,8996 Amanda Plaza,Credit Card,2025-02-15,LOC012
ORD0002726,CUS000084,2025-02-13 22:47:41,Delivered,5853.05,Express,3563 Ashley Wall Apt. 125,3563 Ashley Wall Apt. 125,Bank Transfer,2025-02-14,LOC017
ORD0002727,CUS000083,2025-02-13 12:12:41,Delivered,3931.8100000000004,Pick up in store,808 Joseph Center Suite 987,808 Joseph Center Suite 987,PayPal,2025-02-15,LOC020
ORD0002728,CUS000049,2025-02-14 07:02:41,Delivered,735.72,Pick up in store,8581 Katelyn Pike Apt. 739,8581 Katelyn Pike Apt. 739,Credit Card,2025-02-17,LOC012
ORD0002729,CUS000093,2025-02-14 01:01:41,Delivered,3872.9,Next Day,443 Evans Pine Apt. 602,443 Evans Pine Apt. 602,Credit Card,2025-02-21,LOC005
ORD0002730,CUS000006,2025-02-13 20:20:41,Delivered,270.74,Express,20878 Andersen Lock Suite 120,20878 Andersen Lock Suite 120,Bank Transfer,2025-02-17,LOC005
ORD0002731,CUS000060,2025-02-14 09:06:41,Delivered,248.22,Next Day,50318 Kenneth Burg Suite 855,50318 Kenneth Burg Suite 855,Credit Card,2025-02-21,LOC002
ORD0002732,CUS000030,2025-02-14 11:56:41,Delivered,8429.199999999999,Pick up in store,56818 Wright Drives,56818 Wright Drives,PayPal,2025-02-19,LOC008
ORD0002733,CUS000005,2025-02-15 00:55:41,Delivered,6289.05,Express,55835 Christopher Parkways Suite 486,55835 Christopher Parkways Suite 486,Credit Card,2025-02-20,LOC016
ORD0002734,CUS000014,2025-02-14 23:10:41,Delivered,1244.28,Next Day,240 Lewis Park,240 Lewis Park,Bank Transfer,2025-02-15,LOC019
ORD0002735,CUS000085,2025-02-14 15:44:41,Delivered,2250.91,Next Day,65310 Smith Causeway,65310 Smith Causeway,PayPal,2025-02-19,LOC003
ORD0002736,CUS000100,2025-02-15 09:02:41,Delivered,6877.7,Pick up in store,14536 Holly Trail,14536 Holly Trail,Bank Transfer,2025-02-18,LOC002
ORD0002737,CUS000037,2025-02-14 21:35:41,Delivered,4068.9300000000003,Express,536 Elizabeth Via,536 Elizabeth Via,Bank Transfer,2025-02-19,LOC004
ORD0002738,CUS000013,2025-02-15 00:14:41,Delivered,1429.47,Express,54024 Miller Track Suite 763,54024 Miller Track Suite 763,Bank Transfer,2025-02-21,LOC001
ORD0002739,CUS000085,2025-02-14 20:01:41,Delivered,9840.470000000001,Standard,65310 Smith Causeway,65310 Smith Causeway,PayPal,2025-02-19,LOC014
ORD0002740,CUS000076,2025-02-14 22:57:41,Delivered,6454.63,Next Day,8996 Amanda Plaza,8996 Amanda Plaza,Bank Transfer,2025-02-16,LOC007
ORD0002741,CUS000012,2025-02-15 05:46:41,Delivered,4450.45,Express,753 Powell Manor Suite 888,753 Powell Manor Suite 888,PayPal,2025-02-17,LOC020
ORD0002742,CUS000042,2025-02-14 16:41:41,Delivered,4713.6,Express,19899 Mark Way Suite 871,19899 Mark Way Suite 871,PayPal,2025-02-21,LOC012
ORD0002743,CUS000048,2025-02-14 22:34:41,Delivered,7709.0599999999995,Next Day,1997 Shelly Shore,1997 Shelly Shore,Credit Card,2025-02-18,LOC001
ORD0002744,CUS000059,2025-02-14 20:40:41,Delivered,2701.9500000000003,Next Day,604 Jones Courts Apt. 869,604 Jones Courts Apt. 869,Credit Card,2025-02-21,LOC007
ORD0002745,CUS000062,2025-02-14 17:15:41,Delivered,985.57,Express,9634 Thomas Vista,9634 Thomas Vista,Credit Card,2025-02-21,LOC009
ORD0002746,CUS000047,2025-02-14 20:14:41,Delivered,2976.05,Standard,46161 Ortega Fork Apt. 399,46161 Ortega Fork Apt. 399,Credit Card,2025-02-19,LOC009
ORD0002747,CUS000040,2025-02-14 13:55:41,Delivered,3282.8,Express,9433 Jackie Key,9433 Jackie Key,Bank Transfer,2025-02-20,LOC013
ORD0002748,CUS000048,2025-02-14 13:55:41,Delivered,2192.43,Standard,1997 Shelly Shore,1997 Shelly Shore,Bank Transfer,2025-02-18,LOC012
ORD0002749,CUS000029,2025-02-15 10:21:41,Delivered,2655.24,Standard,248 Schaefer Alley,248 Schaefer Alley,Credit Card,2025-02-20,LOC008
ORD0002750,CUS000061,2025-02-14 22:34:41,Delivered,549.5500000000001,Pick up in store,8595 Joshua Pine,8595 Joshua Pine,Bank Transfer,2025-02-16,LOC004
ORD0002751,CUS000068,2025-02-15 01:33:41,Delivered,10371.289999999999,Pick up in store,165 Walker Mill,165 Walker Mill,PayPal,2025-02-16,LOC019
ORD0002752,CUS000093,2025-02-16 01:50:41,Delivered,3560.36,Pick up in store,443 Evans Pine Apt. 602,443 Evans Pine Apt. 602,Credit Card,2025-02-23,LOC017
ORD0002753,CUS000042,2025-02-16 02:52:41,Delivered,2170.55,Standard,19899 Mark Way Suite 871,19899 Mark Way Suite 871,PayPal,2025-02-18,LOC015
ORD0002754,CUS000035,2025-02-16 06:13:41,Delivered,6477.26,Standard,0435 Mullins Canyon,0435 Mullins Canyon,Credit Card,2025-02-19,LOC017
ORD0002755,CUS000090,2025-02-15 23:16:41,Delivered,4880.57,Express,9210 Morris Turnpike Suite 212,9210 Morris Turnpike Suite 212,PayPal,2025-02-19,LOC003
ORD0002756,CUS000004,2025-02-15 18:35:41,Delivered,6192.98,Pick up in store,86781 Webb Tunnel Apt. 880,86781 Webb Tunnel Apt. 880,Bank Transfer,2025-02-17,LOC016
ORD0002757,CUS000040,2025-02-16 07:59:41,Delivered,5679.06,Next Day,9433 Jackie Key,9433 Jackie Key,Bank Transfer,2025-02-23,LOC017
ORD0002758,CUS000047,2025-02-15 18:07:41,Delivered,3657.2299999999996,Pick up in store,46161 Ortega Fork Apt. 399,46161 Ortega Fork Apt. 399,Bank Transfer,2025-02-20,LOC015
ORD0002759,CUS000085,2025-02-16 03:12:41,Delivered,6382.39,Standard,65310 Smith Causeway,65310 Smith Causeway,Credit Card,2025-02-18,LOC014
ORD0002760,CUS000068,2025-02-15 17:59:41,Delivered,4367.45,Pick up in store,165 Walker Mill,165 Walker Mill,Bank Transfer,2025-02-20,LOC015
ORD0002761,CUS000064,2025-02-15 16:33:41,Delivered,785.0,Pick up in store,93926 Jason Common Suite 790,93926 Jason Common Suite 790,Credit Card,2025-02-22,LOC019
ORD0002762,CUS000060,2025-02-15 18:33:41,Delivered,1308.85,Pick up in store,50318 Kenneth Burg Suite 855,50318 Kenneth Burg Suite 855,PayPal,2025-02-22,LOC019
ORD0002763,CUS000059,2025-02-16 04:07:41,Delivered,1831.6,Standard,604 Jones Courts Apt. 869,604 Jones Courts Apt. 869,PayPal,2025-02-21,LOC019
ORD0002764,CUS000035,2025-02-15 23:26:41,Delivered,4386.93,Next Day,0435 Mullins Canyon,0435 Mullins Canyon,Credit Card,2025-02-21,LOC007
ORD0002765,CUS000085,2025-02-16 06:44:41,Delivered,5392.9400000000005,Next Day,65310 Smith Causeway,65310 Smith Causeway,Credit Card,2025-02-18,LOC004
ORD0002766,CUS000022,2025-02-15 21:05:41,Delivered,2788.05,Express,290 Hodges Pine,290 Hodges Pine,Bank Transfer,2025-02-22,LOC011
ORD0002767,CUS000051,2025-02-15 13:41:41,Delivered,1700.24,Next Day,563 Jones Fields Suite 934,563 Jones Fields Suite 934,Credit Card,2025-02-19,LOC004
ORD0002768,CUS000047,2025-02-15 15:34:41,Delivered,4413.32,Express,46161 Ortega Fork Apt. 399,46161 Ortega Fork Apt. 399,PayPal,2025-02-19,LOC008
ORD0002769,CUS000100,2025-02-15 12:25:41,Delivered,3401.4500000000003,Next Day,14536 Holly Trail,14536 Holly Trail,Bank Transfer,2025-02-21,LOC010
ORD0002770,CUS000026,2025-02-16 01:18:41,Delivered,2176.44,Pick up in store,305 Newton Bypass,305 Newton Bypass,PayPal,2025-02-23,LOC012
ORD0002771,CUS000005,2025-02-15 22:05:41,Delivered,9226.79,Pick up in store,55835 Christopher Parkways Suite 486,55835 Christopher Parkways Suite 486,Credit Card,2025-02-19,LOC002
ORD0002772,CUS000095,2025-02-15 22:05:41,Delivered,2416.26,Next Day,1425 Williams Mountain,1425 Williams Mountain,Bank Transfer,2025-02-18,LOC005
ORD0002773,CUS000035,2025-02-16 03:40:41,Delivered,4015.05,Pick up in store,0435 Mullins Canyon,0435 Mullins Canyon,PayPal,2025-02-19,LOC019
ORD0002774,CUS000097,2025-02-16 08:10:41,Delivered,5907.9400000000005,Next Day,728 Laurie Cape,728 Laurie Cape,PayPal,2025-02-21,LOC017
ORD0002775,CUS000056,2025-02-15 20:09:41,Delivered,1104.38,Standard,5399 Pierce Gardens Suite 720,5399 Pierce Gardens Suite 720,Credit Card,2025-02-21,LOC007
ORD0002776,CUS000014,2025-02-16 02:44:41,Delivered,7487.100000000001,Pick up in store,240 Lewis Park,240 Lewis Park,PayPal,2025-02-23,LOC014
ORD0002777,CUS000093,2025-02-16 03:46:41,Delivered,3462.0,Express,443 Evans Pine Apt. 602,443 Evans Pine Apt. 602,Credit Card,2025-02-17,LOC002
ORD0002778,CUS000014,2025-02-15 19:33:41,Delivered,3793.73,Standard,240 Lewis Park,240 Lewis Park,Bank Transfer,2025-02-22,LOC006
ORD0002779,CUS000012,2025-02-15 18:50:41,Delivered,5527.67,Express,753 Powell Manor Suite 888,753 Powell Manor Suite 888,Bank Transfer,2025-02-19,LOC009
ORD0002780,CUS000041,2025-02-16 22:19:41,Delivered,8061.799999999999,Express,312 Mathew Route Suite 835,312 Mathew Route Suite 835,PayPal,2025-02-18,LOC002
ORD0002781,CUS000094,2025-02-17 06:45:41,Delivered,162.46,Express,91800 Tony Lights Suite 800,91800 Tony Lights Suite 800,Credit Card,2025-02-18,LOC014
ORD0002782,CUS000052,2025-02-17 06:18:41,Delivered,1177.5,Pick up in store,28803 Kyle Island,28803 Kyle Island,Bank Transfer,2025-02-22,LOC018
ORD0002783,CUS000047,2025-02-16 18:28:41,Delivered,77.75,Pick up in store,46161 Ortega Fork Apt. 399,46161 Ortega Fork Apt. 399,PayPal,2025-02-22,LOC004
ORD0002784,CUS000015,2025-02-16 11:45:41,Delivered,7449.33,Next Day,943 Dawn Extension Apt. 032,943 Dawn Extension Apt. 032,Bank Transfer,2025-02-18,LOC013
ORD0002785,CUS000023,2025-02-17 08:06:41,Delivered,6932.97,Express,245 Hall Cove,245 Hall Cove,Bank Transfer,2025-02-21,LOC012
ORD0002786,CUS000019,2025-02-17 10:23:41,Delivered,751.71,Express,3594 Long Wall Suite 248,3594 Long Wall Suite 248,PayPal,2025-02-19,LOC015
ORD0002787,CUS000015,2025-02-17 09:45:41,Delivered,9551.54,Standard,943 Dawn Extension Apt. 032,943 Dawn Extension Apt. 032,PayPal,2025-02-21,LOC012
ORD0002788,CUS000051,2025-02-16 20:58:41,Delivered,4637.87,Standard,563 Jones Fields Suite 934,563 Jones Fields Suite 934,Bank Transfer,2025-02-19,LOC011
ORD0002789,CUS000010,2025-02-17 10:18:41,Delivered,6047.099999999999,Standard,386 Brian Gateway,386 Brian Gateway,PayPal,2025-02-23,LOC003
ORD0002790,CUS000058,2025-02-16 12:36:41,Delivered,884.31,Standard,6387 Susan Roads,6387 Susan Roads,Bank Transfer,2025-02-17,LOC005
ORD0002791,CUS000033,2025-02-16 13:34:41,Delivered,192.52,Pick up in store,32833 Harris Fall,32833 Harris Fall,Credit Card,2025-02-22,LOC004
ORD0002792,CUS000092,2025-02-16 18:32:41,Delivered,1505.58,Standard,441 Nichols Glen,441 Nichols Glen,PayPal,2025-02-21,LOC001
ORD0002793,CUS000006,2025-02-17 01:40:41,Delivered,865.9000000000001,Pick up in store,20878 Andersen Lock Suite 120,20878 Andersen Lock Suite 120,Credit Card,2025-02-22,LOC007
ORD0002794,CUS000061,2025-02-17 05:28:41,Delivered,4653.46,Next Day,8595 Joshua Pine,8595 Joshua Pine,PayPal,2025-02-18,LOC002
ORD0002795,CUS000083,2025-02-16 12:15:41,Delivered,4536.49,Next Day,808 Joseph Center Suite 987,808 Joseph Center Suite 987,PayPal,2025-02-17,LOC001
ORD0002796,CUS000065,2025-02-16 13:23:41,Delivered,3653.72,Express,0316 Wendy Club Apt. 476,0316 Wendy Club Apt. 476,PayPal,2025-02-20,LOC014
ORD0002797,CUS000087,2025-02-17 10:30:41,Delivered,5705.7300000000005,Standard,99137 Scott Streets Suite 891,99137 Scott Streets Suite 891,Credit Card,2025-02-22,LOC008
ORD0002798,CUS000036,2025-02-17 00:19:41,Delivered,2231.87,Next Day,4716 Felicia Trafficway Apt. 051,4716 Felicia Trafficway Apt. 051,Credit Card,2025-02-21,LOC003
ORD0002799,CUS000044,2025-02-17 02:22:41,Delivered,3826.24,Pick up in store,28472 Anderson Bypass,28472 Anderson Bypass,Credit Card,2025-02-20,LOC001
ORD0002800,CUS000067,2025-02-16 20:18:41,Delivered,2686.1,Next Day,4937 Brown Turnpike Suite 240,4937 Brown Turnpike Suite 240,PayPal,2025-02-23,LOC004
ORD0002801,CUS000099,2025-02-16 17:15:41,Delivered,1826.73,Standard,385 Diana Mountain,385 Diana Mountain,Credit Card,2025-02-18,LOC013
ORD0002802,CUS000077,2025-02-17 00:40:41,Delivered,6490.45,Express,17316 Ashley Ridges Suite 345,17316 Ashley Ridges Suite 345,PayPal,2025-02-18,LOC007
ORD0002803,CUS000045,2025-02-16 14:31:41,Delivered,2402.92,Next Day,14062 Oliver Spurs,14062 Oliver Spurs,Credit Card,2025-02-19,LOC007
ORD0002804,CUS000010,2025-02-16 22:17:41,Delivered,475.8,Express,386 Brian Gateway,386 Brian Gateway,PayPal,2025-02-18,LOC001
ORD0002805,CUS000057,2025-02-17 02:22:41,Delivered,2728.7400000000002,Next Day,647 Mcgee Manors,647 Mcgee Manors,PayPal,2025-02-18,LOC006
ORD0002806,CUS000065,2025-02-18 10:17:41,Delivered,4916.88,Pick up in store,0316 Wendy Club Apt. 476,0316 Wendy Club Apt. 476,PayPal,2025-02-20,LOC017
ORD0002807,CUS000050,2025-02-18 05:09:41,Delivered,11061.36,Pick up in store,739 Garcia Spur Apt. 819,739 Garcia Spur Apt. 819,PayPal,2025-02-22,LOC012
ORD0002808,CUS000049,2025-02-17 16:58:41,Delivered,5894.4800000000005,Standard,8581 Katelyn Pike Apt. 739,8581 Katelyn Pike Apt. 739,Credit Card,2025-02-18,LOC015
ORD0002809,CUS000038,2025-02-18 05:11:41,Delivered,1996.5,Next Day,811 Leonard Ford Apt. 102,811 Leonard Ford Apt. 102,Credit Card,2025-02-19,LOC016
ORD0002810,CUS000023,2025-02-17 18:43:41,Delivered,1142.06,Standard,245 Hall Cove,245 Hall Cove,Credit Card,2025-02-23,LOC018
ORD0002811,CUS000043,2025-02-17 18:04:41,Delivered,2388.4900000000002,Standard,1002 John Row Apt. 424,1002 John Row Apt. 424,Bank Transfer,2025-02-19,LOC010
ORD0002812,CUS000030,2025-02-17 21:31:41,Delivered,5342.4,Pick up in store,56818 Wright Drives,56818 Wright Drives,Credit Card,2025-02-21,LOC020
ORD0002813,CUS000048,2025-02-18 03:54:41,Delivered,4290.860000000001,Pick up in store,1997 Shelly Shore,1997 Shelly Shore,PayPal,2025-02-24,LOC020
ORD0002814,CUS000097,2025-02-18 09:18:41,Delivered,579.66,Express,728 Laurie Cape,728 Laurie Cape,Bank Transfer,2025-02-20,LOC001
ORD0002815,CUS000084,2025-02-18 06:34:41,Delivered,3360.2599999999998,Express,3563 Ashley Wall Apt. 125,3563 Ashley Wall Apt. 125,PayPal,2025-02-23,LOC010
ORD0002816,CUS000028,2025-02-17 18:22:41,Delivered,4461.959999999999,Pick up in store,4548 Rose Corner,4548 Rose Corner,Bank Transfer,2025-02-21,LOC008
ORD0002817,CUS000049,2025-02-17 12:22:41,Delivered,1854.74,Pick up in store,8581 Katelyn Pike Apt. 739,8581 Katelyn Pike Apt. 739,PayPal,2025-02-22,LOC011
ORD0002818,CUS000004,2025-02-17 18:06:41,Delivered,546.5699999999999,Pick up in store,86781 Webb Tunnel Apt. 880,86781 Webb Tunnel Apt. 880,PayPal,2025-02-19,LOC015
ORD0002819,CUS000084,2025-02-18 04:14:41,Delivered,5903.0,Pick up in store,3563 Ashley Wall Apt. 125,3563 Ashley Wall Apt. 125,Credit Card,2025-02-23,LOC016
ORD0002820,CUS000096,2025-02-17 12:26:41,Delivered,458.29999999999995,Standard,997 Debra Road,997 Debra Road,Bank Transfer,2025-02-23,LOC013
ORD0002821,CUS000014,2025-02-17 20:26:41,Delivered,6908.57,Pick up in store,240 Lewis Park,240 Lewis Park,PayPal,2025-02-20,LOC010
ORD0002822,CUS000074,2025-02-18 18:59:41,Delivered,3558.55,Next Day,42549 Zavala Lakes Suite 652,42549 Zavala Lakes Suite 652,Bank Transfer,2025-02-23,LOC006
ORD0002823,CUS000027,2025-02-18 13:35:41,Delivered,2795.44,Express,8148 John Course Suite 159,8148 John Course Suite 159,PayPal,2025-02-19,LOC009
ORD0002824,CUS000011,2025-02-18 23:22:41,Delivered,911.97,Pick up in store,627 Carol Vista,627 Carol Vista,Bank Transfer,2025-02-24,LOC013
ORD0002825,CUS000015,2025-02-19 04:32:41,Delivered,1298.62,Pick up in store,943 Dawn Extension Apt. 032,943 Dawn Extension Apt. 032,PayPal,2025-02-25,LOC006
ORD0002826,CUS000008,2025-02-18 17:18:41,Delivered,6724.57,Pick up in store,949 Mueller Mission,949 Mueller Mission,Credit Card,2025-02-21,LOC017
ORD0002827,CUS000058,2025-02-18 14:53:41,Delivered,3335.75,Pick up in store,6387 Susan Roads,6387 Susan Roads,PayPal,2025-02-22,LOC007
ORD0002828,CUS000090,2025-02-19 08:45:41,Delivered,496.44,Standard,9210 Morris Turnpike Suite 212,9210 Morris Turnpike Suite 212,PayPal,2025-02-21,LOC004
ORD0002829,CUS000034,2025-02-18 18:20:41,Delivered,1469.8400000000001,Express,81729 Mccall Meadows,81729 Mccall Meadows,PayPal,2025-02-22,LOC020
ORD0002830,CUS000038,2025-02-19 08:13:41,Delivered,676.74,Standard,811 Leonard Ford Apt. 102,811 Leonard Ford Apt. 102,Bank Transfer,2025-02-20,LOC020
ORD0002831,CUS000064,2025-02-19 06:09:41,Delivered,909.58,Pick up in store,93926 Jason Common Suite 790,93926 Jason Common Suite 790,Credit Card,2025-02-22,LOC002
ORD0002832,CUS000097,2025-02-18 13:04:41,Delivered,3651.3999999999996,Express,728 Laurie Cape,728 Laurie Cape,PayPal,2025-02-24,LOC006
ORD0002833,CUS000050,2025-02-18 14:36:41,Delivered,2420.91,Pick up in store,739 Garcia Spur Apt. 819,739 Garcia Spur Apt. 819,PayPal,2025-02-19,LOC008
ORD0002834,CUS000047,2025-02-18 21:15:41,Delivered,6667.400000000001,Pick up in store,46161 Ortega Fork Apt. 399,46161 Ortega Fork Apt. 399,Bank Transfer,2025-02-21,LOC016
ORD0002835,CUS000095,2025-02-19 09:16:41,Delivered,9275.36,Next Day,1425 Williams Mountain,1425 Williams Mountain,PayPal,2025-02-23,LOC004
ORD0002836,CUS000077,2025-02-19 09:01:41,Delivered,819.2099999999999,Next Day,17316 Ashley Ridges Suite 345,17316 Ashley Ridges Suite 345,Bank Transfer,2025-02-25,LOC009
ORD0002837,CUS000099,2025-02-18 16:47:41,Delivered,1786.16,Next Day,385 Diana Mountain,385 Diana Mountain,Bank Transfer,2025-02-22,LOC018
ORD0002838,CUS000037,2025-02-18 23:36:41,Delivered,797.58,Express,536 Elizabeth Via,536 Elizabeth Via,Credit Card,2025-02-21,LOC007
ORD0002839,CUS000006,2025-02-19 05:12:41,Delivered,636.9,Next Day,20878 Andersen Lock Suite 120,20878 Andersen Lock Suite 120,PayPal,2025-02-22,LOC015
ORD0002840,CUS000044,2025-02-18 22:26:41,Delivered,3865.12,Pick up in store,28472 Anderson Bypass,28472 Anderson Bypass,PayPal,2025-02-20,LOC020
ORD0002841,CUS000098,2025-02-19 04:06:41,Delivered,7548.91,Express,4693 Ashley Centers,4693 Ashley Centers,Bank Transfer,2025-02-26,LOC005
ORD0002842,CUS000011,2025-02-19 07:56:41,Delivered,8403.57,Standard,627 Carol Vista,627 Carol Vista,Credit Card,2025-02-21,LOC015
ORD0002843,CUS000073,2025-02-18 14:06:41,Delivered,4158.5199999999995,Standard,598 Smith Mission Suite 623,598 Smith Mission Suite 623,Bank Transfer,2025-02-22,LOC011
ORD0002844,CUS000060,2025-02-18 21:28:41,Delivered,366.64,Express,50318 Kenneth Burg Suite 855,50318 Kenneth Burg Suite 855,PayPal,2025-02-25,LOC017
ORD0002845,CUS000088,2025-02-18 15:59:41,Delivered,1755.6,Next Day,50544 Penny Isle Suite 526,50544 Penny Isle Suite 526,Bank Transfer,2025-02-25,LOC014
ORD0002846,CUS000099,2025-02-18 15:03:41,Delivered,1675.02,Pick up in store,385 Diana Mountain,385 Diana Mountain,Bank Transfer,2025-02-22,LOC004
ORD0002847,CUS000041,2025-02-18 11:26:41,Delivered,4927.85,Standard,312 Mathew Route Suite 835,312 Mathew Route Suite 835,Credit Card,2025-02-21,LOC002
ORD0002848,CUS000010,2025-02-19 12:26:41,Delivered,1401.8200000000002,Standard,386 Brian Gateway,386 Brian Gateway,Credit Card,2025-02-26,LOC013
ORD0002849,CUS000019,2025-02-19 18:47:41,Delivered,2010.3300000000002,Standard,3594 Long Wall Suite 248,3594 Long Wall Suite 248,Credit Card,2025-02-21,LOC012
ORD0002850,CUS000016,2025-02-19 11:16:41,Delivered,1189.5,Standard,517 Lester Brook,517 Lester Brook,PayPal,2025-02-20,LOC001
ORD0002851,CUS000006,2025-02-19 15:56:41,Delivered,8692.69,Standard,20878 Andersen Lock Suite 120,20878 Andersen Lock Suite 120,Bank Transfer,2025-02-23,LOC016
ORD0002852,CUS000097,2025-02-19 13:39:41,Delivered,2884.29,Standard,728 Laurie Cape,728 Laurie Cape,Credit Card,2025-02-20,LOC004
ORD0002853,CUS000029,2025-02-19 12:14:41,Delivered,5537.5199999999995,Standard,248 Schaefer Alley,248 Schaefer Alley,Credit Card,2025-02-23,LOC013
ORD0002854,CUS000078,2025-02-19 23:49:41,Delivered,4740.13,Pick up in store,783 Hudson Mill Suite 171,783 Hudson Mill Suite 171,Bank Transfer,2025-02-22,LOC011
ORD0002855,CUS000021,2025-02-19 23:19:41,Delivered,1512.77,Express,873 Paul Lakes,873 Paul Lakes,Bank Transfer,2025-02-23,LOC012
ORD0002856,CUS000059,2025-02-20 03:10:41,Delivered,3808.01,Next Day,604 Jones Courts Apt. 869,604 Jones Courts Apt. 869,PayPal,2025-02-26,LOC014
ORD0002857,CUS000030,2025-02-19 15:50:41,Delivered,2557.0699999999997,Express,56818 Wright Drives,56818 Wright Drives,Credit Card,2025-02-20,LOC016
ORD0002858,CUS000065,2025-02-19 13:25:41,Delivered,6055.63,Standard,0316 Wendy Club Apt. 476,0316 Wendy Club Apt. 476,Credit Card,2025-02-22,LOC005
ORD0002859,CUS000039,2025-02-20 07:51:41,Delivered,3487.77,Express,06077 Marcus Bypass,06077 Marcus Bypass,Credit Card,2025-02-27,LOC006
ORD0002860,CUS000041,2025-02-20 01:50:41,Delivered,9677.330000000002,Next Day,312 Mathew Route Suite 835,312 Mathew Route Suite 835,Bank Transfer,2025-02-23,LOC015
ORD0002861,CUS000070,2025-02-19 14:26:41,Delivered,1770.23,Pick up in store,17993 Lee Cove Apt. 976,17993 Lee Cove Apt. 976,PayPal,2025-02-21,LOC008
ORD0002862,CUS000002,2025-02-19 11:39:41,Delivered,3348.5199999999995,Pick up in store,7944 Rich Turnpike,7944 Rich Turnpike,Credit Card,2025-02-24,LOC003
ORD0002863,CUS000095,2025-02-20 19:40:41,Delivered,4275.34,Express,1425 Williams Mountain,1425 Williams Mountain,Bank Transfer,2025-02-22,LOC005
ORD0002864,CUS000023,2025-02-20 21:43:41,Delivered,1704.64,Express,245 Hall Cove,245 Hall Cove,Credit Card,2025-02-22,LOC002
ORD0002865,CUS000046,2025-02-20 14:51:41,Delivered,2462.66,Pick up in store,0384 Michelle Cape,0384 Michelle Cape,Bank Transfer,2025-02-27,LOC007
ORD0002866,CUS000014,2025-02-21 00:27:41,Delivered,5395.75,Standard,240 Lewis Park,240 Lewis Park,Credit Card,2025-02-25,LOC006
ORD0002867,CUS000084,2025-02-21 05:22:41,Delivered,4779.53,Standard,3563 Ashley Wall Apt. 125,3563 Ashley Wall Apt. 125,Bank Transfer,2025-02-28,LOC010
ORD0002868,CUS000045,2025-02-21 08:48:41,Delivered,8680.32,Pick up in store,14062 Oliver Spurs,14062 Oliver Spurs,Credit Card,2025-02-25,LOC015
ORD0002869,CUS000072,2025-02-21 09:06:41,Delivered,225.58,Pick up in store,022 Brennan Vista,022 Brennan Vista,PayPal,2025-02-22,LOC009
ORD0002870,CUS000091,2025-02-20 14:37:41,Delivered,3149.69,Express,7372 Marshall Haven,7372 Marshall Haven,Bank Transfer,2025-02-22,LOC005
ORD0002871,CUS000068,2025-02-21 02:46:41,Delivered,3772.04,Standard,165 Walker Mill,165 Walker Mill,PayPal,2025-02-28,LOC003
ORD0002872,CUS000076,2025-02-20 17:31:41,Delivered,3997.23,Express,8996 Amanda Plaza,8996 Amanda Plaza,PayPal,2025-02-25,LOC017
ORD0002873,CUS000074,2025-02-21 09:58:41,Delivered,2379.05,Next Day,42549 Zavala Lakes Suite 652,42549 Zavala Lakes Suite 652,Credit Card,2025-02-27,LOC017
ORD0002874,CUS000090,2025-02-20 16:28:41,Delivered,692.24,Express,9210 Morris Turnpike Suite 212,9210 Morris Turnpike Suite 212,Credit Card,2025-02-22,LOC002
ORD0002875,CUS000007,2025-02-21 22:46:41,Delivered,7197.8099999999995,Standard,64048 Golden Mount Suite 491,64048 Golden Mount Suite 491,PayPal,2025-02-28,LOC008
ORD0002876,CUS000029,2025-02-22 04:48:41,Delivered,5445.17,Pick up in store,248 Schaefer Alley,248 Schaefer Alley,PayPal,2025-02-27,LOC013
ORD0002877,CUS000071,2025-02-22 03:45:41,Delivered,7934.95,Pick up in store,085 Aaron Crescent Apt. 676,085 Aaron Crescent Apt. 676,Credit Card,2025-02-24,LOC011
ORD0002878,CUS000036,2025-02-21 12:59:41,Delivered,8818.83,Pick up in store,4716 Felicia Trafficway Apt. 051,4716 Felicia Trafficway Apt. 051,PayPal,2025-02-27,LOC017
ORD0002879,CUS000016,2025-02-22 10:32:41,Delivered,1307.24,Express,517 Lester Brook,517 Lester Brook,PayPal,2025-02-26,LOC017
ORD0002880,CUS000095,2025-02-21 20:47:41,Delivered,1818.45,Standard,1425 Williams Mountain,1425 Williams Mountain,PayPal,2025-02-24,LOC020
ORD0002881,CUS000053,2025-02-21 13:02:41,Delivered,3737.3,Express,92512 Armstrong Station,92512 Armstrong Station,Bank Transfer,2025-02-23,LOC004
ORD0002882,CUS000028,2025-02-21 15:25:41,Delivered,1446.16,Next Day,4548 Rose Corner,4548 Rose Corner,PayPal,2025-02-27,LOC010
ORD0002883,CUS000069,2025-02-22 10:26:41,Delivered,4320.52,Next Day,56017 Michelle Trace Apt. 592,56017 Michelle Trace Apt. 592,PayPal,2025-02-23,LOC015
ORD0002884,CUS000091,2025-02-21 13:31:41,Delivered,2089.79,Next Day,7372 Marshall Haven,7372 Marshall Haven,Credit Card,2025-02-23,LOC006
ORD0002885,CUS000028,2025-02-22 05:37:41,Delivered,406.11,Standard,4548 Rose Corner,4548 Rose Corner,Credit Card,2025-02-28,LOC003
ORD0002886,CUS000048,2025-02-21 11:30:41,Delivered,157.42,Next Day,1997 Shelly Shore,1997 Shelly Shore,PayPal,2025-02-24,LOC016
ORD0002887,CUS000100,2025-02-22 06:04:41,Delivered,1071.01,Standard,14536 Holly Trail,14536 Holly Trail,PayPal,2025-02-26,LOC007
ORD0002888,CUS000001,2025-02-22 03:25:41,Delivered,3966.6499999999996,Express,45447 Ryan Springs Suite 790,45447 Ryan Springs Suite 790,Bank Transfer,2025-02-25,LOC008
ORD0002889,CUS000096,2025-02-22 05:00:41,Delivered,643.05,Standard,997 Debra Road,997 Debra Road,Credit Card,2025-02-26,LOC015
ORD0002890,CUS000090,2025-02-21 11:57:41,Delivered,5341.91,Pick up in store,9210 Morris Turnpike Suite 212,9210 Morris Turnpike Suite 212,Bank Transfer,2025-02-28,LOC007
ORD0002891,CUS000002,2025-02-22 10:33:41,Delivered,579.66,Express,7944 Rich Turnpike,7944 Rich Turnpike,Bank Transfer,2025-02-25,LOC004
ORD0002892,CUS000085,2025-02-21 20:25:41,Delivered,1650.44,Standard,65310 Smith Causeway,65310 Smith Causeway,PayPal,2025-02-23,LOC014
ORD0002893,CUS000010,2025-02-21 15:36:41,Delivered,2507.31,Express,386 Brian Gateway,386 Brian Gateway,PayPal,2025-02-23,LOC015
ORD0002894,CUS000089,2025-02-22 05:54:41,Delivered,4088.36,Standard,890 Fuller Harbor Apt. 884,890 Fuller Harbor Apt. 884,PayPal,2025-02-27,LOC017
ORD0002895,CUS000006,2025-02-21 22:48:41,Delivered,6302.410000000001,Next Day,20878 Andersen Lock Suite 120,20878 Andersen Lock Suite 120,PayPal,2025-02-24,LOC004
ORD0002896,CUS000011,2025-02-21 17:21:41,Delivered,8671.869999999999,Standard,627 Carol Vista,627 Carol Vista,PayPal,2025-02-24,LOC006
ORD0002897,CUS000092,2025-02-22 00:16:41,Delivered,2855.1499999999996,Pick up in store,441 Nichols Glen,441 Nichols Glen,PayPal,2025-02-25,LOC006
ORD0002898,CUS000060,2025-02-21 22:18:41,Delivered,7517.960000000001,Next Day,50318 Kenneth Burg Suite 855,50318 Kenneth Burg Suite 855,Bank Transfer,2025-02-28,LOC012
ORD0002899,CUS000051,2025-02-22 23:16:41,Delivered,2646.58,Express,563 Jones Fields Suite 934,563 Jones Fields Suite 934,Bank Transfer,2025-02-24,LOC014
ORD0002900,CUS000081,2025-02-23 03:57:41,Delivered,2126.84,Pick up in store,335 Kyle Crescent Apt. 760,335 Kyle Crescent Apt. 760,PayPal,2025-02-26,LOC004
ORD0002901,CUS000026,2025-02-23 02:57:41,Delivered,834.21,Pick up in store,305 Newton Bypass,305 Newton Bypass,Credit Card,2025-03-02,LOC012
ORD0002902,CUS000066,2025-02-23 04:09:41,Delivered,7963.130000000001,Next Day,712 Andrew Ranch,712 Andrew Ranch,PayPal,2025-02-28,LOC008
ORD0002903,CUS000013,2025-02-23 02:48:41,Delivered,1179.08,Pick up in store,54024 Miller Track Suite 763,54024 Miller Track Suite 763,Credit Card,2025-02-26,LOC010
ORD0002904,CUS000038,2025-02-22 22:37:41,Delivered,3127.49,Express,811 Leonard Ford Apt. 102,811 Leonard Ford Apt. 102,Bank Transfer,2025-02-23,LOC007
ORD0002905,CUS000046,2025-02-22 16:34:41,Delivered,7118.86,Pick up in store,0384 Michelle Cape,0384 Michelle Cape,Bank Transfer,2025-02-24,LOC012
ORD0002906,CUS000052,2025-02-22 13:30:41,Delivered,10059.830000000002,Pick up in store,28803 Kyle Island,28803 Kyle Island,PayPal,2025-02-26,LOC008
ORD0002907,CUS000051,2025-02-22 14:22:41,Delivered,4258.32,Next Day,563 Jones Fields Suite 934,563 Jones Fields Suite 934,PayPal,2025-02-26,LOC010
ORD0002908,CUS000059,2025-02-22 19:19:41,Delivered,3558.55,Pick up in store,604 Jones Courts Apt. 869,604 Jones Courts Apt. 869,Bank Transfer,2025-02-27,LOC020
ORD0002909,CUS000034,2025-02-22 22:56:41,Delivered,5289.450000000001,Express,81729 Mccall Meadows,81729 Mccall Meadows,Bank Transfer,2025-02-27,LOC004
ORD0002910,CUS000052,2025-02-22 18:02:41,Delivered,2177.28,Express,28803 Kyle Island,28803 Kyle Island,Credit Card,2025-02-25,LOC011
ORD0002911,CUS000038,2025-02-22 20:51:41,Delivered,2755.42,Pick up in store,811 Leonard Ford Apt. 102,811 Leonard Ford Apt. 102,Credit Card,2025-02-23,LOC016
ORD0002912,CUS000050,2025-02-22 22:28:41,Delivered,2671.88,Standard,739 Garcia Spur Apt. 819,739 Garcia Spur Apt. 819,Bank Transfer,2025-02-28,LOC001
ORD0002913,CUS000042,2025-02-22 11:46:41,Delivered,834.21,Next Day,19899 Mark Way Suite 871,19899 Mark Way Suite 871,Credit Card,2025-02-23,LOC010
ORD0002914,CUS000011,2025-02-23 00:43:41,Delivered,2402.92,Express,627 Carol Vista,627 Carol Vista,Credit Card,2025-02-28,LOC009
ORD0002915,CUS000080,2025-02-23 09:28:41,Delivered,4177.92,Pick up in store,84198 Mitchell Light,84198 Mitchell Light,PayPal,2025-02-27,LOC014
ORD0002916,CUS000071,2025-02-22 21:10:41,Delivered,2477.9,Next Day,085 Aaron Crescent Apt. 676,085 Aaron Crescent Apt. 676,PayPal,2025-02-26,LOC012
ORD0002917,CUS000005,2025-02-22 18:23:41,Delivered,12877.939999999999,Next Day,55835 Christopher Parkways Suite 486,55835 Christopher Parkways Suite 486,Credit Card,2025-02-27,LOC005
ORD0002918,CUS000076,2025-02-23 04:40:41,Delivered,2123.8900000000003,Express,8996 Amanda Plaza,8996 Amanda Plaza,Credit Card,2025-03-01,LOC012
ORD0002919,CUS000092,2025-02-23 05:31:41,Delivered,4178.72,Express,441 Nichols Glen,441 Nichols Glen,Credit Card,2025-02-25,LOC004
ORD0002920,CUS000041,2025-02-22 19:03:41,Delivered,2573.0,Express,312 Mathew Route Suite 835,312 Mathew Route Suite 835,PayPal,2025-02-27,LOC002
ORD0002921,CUS000039,2025-02-23 06:09:41,Delivered,2011.3300000000002,Express,06077 Marcus Bypass,06077 Marcus Bypass,Credit Card,2025-02-26,LOC004
ORD0002922,CUS000070,2025-02-23 18:31:41,Delivered,2015.0700000000002,Next Day,17993 Lee Cove Apt. 976,17993 Lee Cove Apt. 976,PayPal,2025-02-26,LOC014
ORD0002923,CUS000056,2025-02-24 10:24:41,Delivered,2262.28,Next Day,5399 Pierce Gardens Suite 720,5399 Pierce Gardens Suite 720,Credit Card,2025-02-27,LOC019
ORD0002924,CUS000074,2025-02-24 07:00:41,Delivered,3782.45,Pick up in store,42549 Zavala Lakes Suite 652,42549 Zavala Lakes Suite 652,PayPal,2025-03-02,LOC005
ORD0002925,CUS000021,2025-02-23 11:29:41,Delivered,3139.84,Next Day,873 Paul Lakes,873 Paul Lakes,Credit Card,2025-02-27,LOC010
ORD0002926,CUS000090,2025-02-24 07:39:41,Delivered,5040.57,Next Day,9210 Morris Turnpike Suite 212,9210 Morris Turnpike Suite 212,Credit Card,2025-02-26,LOC001
ORD0002927,CUS000067,2025-02-23 12:29:41,Delivered,1989.75,Pick up in store,4937 Brown Turnpike Suite 240,4937 Brown Turnpike Suite 240,Credit Card,2025-03-02,LOC002
ORD0002928,CUS000079,2025-02-23 13:50:41,Delivered,7841.259999999999,Pick up in store,34676 Chan Brooks,34676 Chan Brooks,PayPal,2025-02-27,LOC010
ORD0002929,CUS000032,2025-02-23 20:52:41,Delivered,5869.45,Next Day,57334 Cooper Island,57334 Cooper Island,PayPal,2025-02-27,LOC020
ORD0002930,CUS000035,2025-02-23 16:35:41,Delivered,12548.91,Next Day,0435 Mullins Canyon,0435 Mullins Canyon,Bank Transfer,2025-02-24,LOC003
ORD0002931,CUS000029,2025-02-24 04:51:41,Delivered,1799.16,Pick up in store,248 Schaefer Alley,248 Schaefer Alley,PayPal,2025-02-25,LOC013
ORD0002932,CUS000056,2025-02-24 03:12:41,Delivered,4171.05,Next Day,5399 Pierce Gardens Suite 720,5399 Pierce Gardens Suite 720,Credit Card,2025-02-28,LOC001
ORD0002933,CUS000030,2025-02-23 11:06:41,Delivered,7007.889999999999,Standard,56818 Wright Drives,56818 Wright Drives,PayPal,2025-03-01,LOC001
ORD0002934,CUS000018,2025-02-23 19:25:41,Delivered,12125.02,Next Day,693 Kathryn Extension,693 Kathryn Extension,Bank Transfer,2025-02-26,LOC012
ORD0002935,CUS000026,2025-02-23 11:37:41,Delivered,10427.56,Pick up in store,305 Newton Bypass,305 Newton Bypass,PayPal,2025-02-26,LOC004
ORD0002936,CUS000005,2025-02-24 05:55:41,Delivered,7296.539999999999,Express,55835 Christopher Parkways Suite 486,55835 Christopher Parkways Suite 486,PayPal,2025-03-03,LOC006
ORD0002937,CUS000051,2025-02-23 16:26:41,Delivered,5807.82,Express,563 Jones Fields Suite 934,563 Jones Fields Suite 934,Credit Card,2025-02-28,LOC014
ORD0002938,CUS000076,2025-02-24 18:19:41,Delivered,6401.000000000001,Standard,8996 Amanda Plaza,8996 Amanda Plaza,PayPal,2025-03-01,LOC005
ORD0002939,CUS000068,2025-02-24 23:16:41,Delivered,3080.59,Pick up in store,165 Walker Mill,165 Walker Mill,Credit Card,2025-03-03,LOC009
ORD0002940,CUS000092,2025-02-24 17:09:41,Delivered,1901.04,Pick up in store,441 Nichols Glen,441 Nichols Glen,Bank Transfer,2025-03-03,LOC020
ORD0002941,CUS000040,2025-02-25 05:46:41,Delivered,6098.540000000001,Express,9433 Jackie Key,9433 Jackie Key,Bank Transfer,2025-02-27,LOC002
ORD0002942,CUS000062,2025-02-25 01:08:41,Delivered,4763.09,Next Day,9634 Thomas Vista,9634 Thomas Vista,Credit Card,2025-02-27,LOC011
ORD0002943,CUS000035,2025-02-24 22:30:41,Delivered,4090.8900000000003,Pick up in store,0435 Mullins Canyon,0435 Mullins Canyon,Bank Transfer,2025-02-26,LOC010
ORD0002944,CUS000091,2025-02-24 18:43:41,Delivered,7225.56,Express,7372 Marshall Haven,7372 Marshall Haven,PayPal,2025-03-02,LOC019
ORD0002945,CUS000026,2025-02-25 08:59:41,Delivered,1379.74,Standard,305 Newton Bypass,305 Newton Bypass,Credit Card,2025-03-02,LOC009
ORD0002946,CUS000083,2025-02-24 17:28:41,Delivered,2128.0499999999997,Standard,808 Joseph Center Suite 987,808 Joseph Center Suite 987,Bank Transfer,2025-02-28,LOC018
ORD0002947,CUS000058,2025-02-25 05:32:41,Delivered,7086.900000000001,Next Day,6387 Susan Roads,6387 Susan Roads,Credit Card,2025-02-27,LOC012
ORD0002948,CUS000020,2025-02-24 15:11:41,Delivered,591.78,Pick up in store,63649 Robinson Court,63649 Robinson Court,Credit Card,2025-02-27,LOC011
ORD0002949,CUS000064,2025-02-25 03:00:41,Delivered,346.36,Express,93926 Jason Common Suite 790,93926 Jason Common Suite 790,Credit Card,2025-02-28,LOC020
ORD0002950,CUS000069,2025-02-25 04:31:41,Delivered,2602.55,Next Day,56017 Michelle Trace Apt. 592,56017 Michelle Trace Apt. 592,Bank Transfer,2025-03-02,LOC009
ORD0002951,CUS000028,2025-02-26 04:23:41,Delivered,8734.66,Next Day,4548 Rose Corner,4548 Rose Corner,PayPal,2025-03-03,LOC016
ORD0002952,CUS000077,2025-02-26 02:00:41,Delivered,2583.5699999999997,Standard,17316 Ashley Ridges Suite 345,17316 Ashley Ridges Suite 345,PayPal,2025-03-01,LOC002
ORD0002953,CUS000015,2025-02-25 22:50:41,Delivered,4226.67,Pick up in store,943 Dawn Extension Apt. 032,943 Dawn Extension Apt. 032,PayPal,2025-03-03,LOC005
ORD0002954,CUS000001,2025-02-26 07:03:41,Delivered,730.81,Pick up in store,45447 Ryan Springs Suite 790,45447 Ryan Springs Suite 790,Credit Card,2025-03-02,LOC001
ORD0002955,CUS000041,2025-02-25 18:02:41,Delivered,202.06,Express,312 Mathew Route Suite 835,312 Mathew Route Suite 835,Credit Card,2025-03-04,LOC017
ORD0002956,CUS000056,2025-02-26 08:20:41,Delivered,968.6800000000001,Standard,5399 Pierce Gardens Suite 720,5399 Pierce Gardens Suite 720,Bank Transfer,2025-03-02,LOC013
ORD0002957,CUS000004,2025-02-26 10:50:41,Delivered,693.0799999999999,Standard,86781 Webb Tunnel Apt. 880,86781 Webb Tunnel Apt. 880,Credit Card,2025-03-01,LOC017
ORD0002958,CUS000016,2025-02-25 17:51:41,Delivered,2190.84,Express,517 Lester Brook,517 Lester Brook,PayPal,2025-03-04,LOC002
ORD0002959,CUS000015,2025-02-26 04:04:41,Delivered,2211.34,Standard,943 Dawn Extension Apt. 032,943 Dawn Extension Apt. 032,Credit Card,2025-03-02,LOC008
ORD0002960,CUS000028,2025-02-25 22:38:41,Delivered,475.8,Standard,4548 Rose Corner,4548 Rose Corner,Credit Card,2025-03-03,LOC019
ORD0002961,CUS000047,2025-02-25 22:23:41,Delivered,9754.859999999999,Pick up in store,46161 Ortega Fork Apt. 399,46161 Ortega Fork Apt. 399,Credit Card,2025-03-03,LOC003
ORD0002962,CUS000005,2025-02-26 02:46:41,Delivered,2011.3,Pick up in store,55835 Christopher Parkways Suite 486,55835 Christopher Parkways Suite 486,Credit Card,2025-03-02,LOC015
ORD0002963,CUS000071,2025-02-25 19:39:41,Delivered,8774.779999999999,Express,085 Aaron Crescent Apt. 676,085 Aaron Crescent Apt. 676,PayPal,2025-03-04,LOC008
ORD0002964,CUS000060,2025-02-25 10:54:41,Delivered,409.68,Next Day,50318 Kenneth Burg Suite 855,50318 Kenneth Burg Suite 855,Credit Card,2025-03-03,LOC003
ORD0002965,CUS000037,2025-02-25 15:49:41,Delivered,3638.32,Standard,536 Elizabeth Via,536 Elizabeth Via,PayPal,2025-02-27,LOC014
ORD0002966,CUS000095,2025-02-25 16:25:41,Delivered,6228.99,Next Day,1425 Williams Mountain,1425 Williams Mountain,Bank Transfer,2025-03-03,LOC015
ORD0002967,CUS000060,2025-02-26 08:41:41,Delivered,195.56,Express,50318 Kenneth Burg Suite 855,50318 Kenneth Burg Suite 855,Bank Transfer,2025-03-04,LOC010
ORD0002968,CUS000100,2025-02-26 09:50:41,Delivered,1655.71,Next Day,14536 Holly Trail,14536 Holly Trail,PayPal,2025-02-27,LOC008
ORD0002969,CUS000071,2025-02-27 03:32:41,Delivered,6751.59,Express,085 Aaron Crescent Apt. 676,085 Aaron Crescent Apt. 676,Bank Transfer,2025-03-01,LOC012
ORD0002970,CUS000075,2025-02-27 05:04:41,Delivered,8351.869999999999,Standard,10585 Shaun Squares Suite 674,10585 Shaun Squares Suite 674,Bank Transfer,2025-03-03,LOC018
ORD0002971,CUS000071,2025-02-27 00:28:41,Delivered,496.44,Next Day,085 Aaron Crescent Apt. 676,085 Aaron Crescent Apt. 676,Bank Transfer,2025-02-28,LOC011
ORD0002972,CUS000086,2025-02-27 01:28:41,Delivered,3281.88,Pick up in store,023 Melissa Crossroad Apt. 855,023 Melissa Crossroad Apt. 855,PayPal,2025-03-04,LOC012
ORD0002973,CUS000090,2025-02-26 18:51:41,Delivered,1331.0,Express,9210 Morris Turnpike Suite 212,9210 Morris Turnpike Suite 212,Bank Transfer,2025-03-04,LOC003
ORD0002974,CUS000053,2025-02-26 11:53:41,Delivered,4928.63,Pick up in store,92512 Armstrong Station,92512 Armstrong Station,Bank Transfer,2025-02-28,LOC009
ORD0002975,CUS000046,2025-02-26 22:59:41,Delivered,20.07,Express,0384 Michelle Cape,0384 Michelle Cape,PayPal,2025-03-01,LOC007
ORD0002976,CUS000061,2025-02-26 15:24:41,Delivered,4148.34,Express,8595 Joshua Pine,8595 Joshua Pine,PayPal,2025-02-28,LOC009
ORD0002977,CUS000062,2025-02-26 22:59:41,Delivered,5841.55,Express,9634 Thomas Vista,9634 Thomas Vista,Credit Card,2025-02-27,LOC020
ORD0002978,CUS000039,2025-02-26 11:29:41,Delivered,2717.7,Pick up in store,06077 Marcus Bypass,06077 Marcus Bypass,Bank Transfer,2025-03-03,LOC005
ORD0002979,CUS000046,2025-02-27 00:05:41,Delivered,2931.42,Pick up in store,0384 Michelle Cape,0384 Michelle Cape,Bank Transfer,2025-02-28,LOC008
ORD0002980,CUS000020,2025-02-26 16:25:41,Delivered,3929.57,Standard,63649 Robinson Court,63649 Robinson Court,Credit Card,2025-03-02,LOC014
ORD0002981,CUS000054,2025-02-26 20:10:41,Delivered,6431.76,Pick up in store,00532 Matthew Fork Suite 143,00532 Matthew Fork Suite 143,Credit Card,2025-02-28,LOC004
ORD0002982,CUS000063,2025-02-27 05:36:41,Delivered,2347.1600000000003,Pick up in store,6888 Emily Underpass,6888 Emily Underpass,PayPal,2025-03-05,LOC017
ORD0002983,CUS000081,2025-02-27 07:59:41,Delivered,2611.23,Next Day,335 Kyle Crescent Apt. 760,335 Kyle Crescent Apt. 760,Credit Card,2025-03-04,LOC010
ORD0002984,CUS000085,2025-02-27 00:15:41,Delivered,2976.75,Express,65310 Smith Causeway,65310 Smith Causeway,Bank Transfer,2025-02-28,LOC002
ORD0002985,CUS000011,2025-02-27 09:35:41,Delivered,1133.74,Pick up in store,627 Carol Vista,627 Carol Vista,Credit Card,2025-02-28,LOC003
ORD0002986,CUS000032,2025-02-27 10:06:41,Delivered,1464.52,Pick up in store,57334 Cooper Island,57334 Cooper Island,PayPal,2025-03-04,LOC004
ORD0002987,CUS000048,2025-02-27 05:14:41,Delivered,3686.1800000000003,Standard,1997 Shelly Shore,1997 Shelly Shore,Credit Card,2025-03-04,LOC015
ORD0002988,CUS000100,2025-02-27 05:59:41,Delivered,4215.5199999999995,Next Day,14536 Holly Trail,14536 Holly Trail,Bank Transfer,2025-03-05,LOC011
ORD0002989,CUS000018,2025-02-26 11:34:41,Delivered,4011.77,Next Day,693 Kathryn Extension,693 Kathryn Extension,Bank Transfer,2025-02-28,LOC007
ORD0002990,CUS000017,2025-02-27 09:00:41,Delivered,4897.17,Next Day,4207 Craig Causeway,4207 Craig Causeway,Bank Transfer,2025-03-03,LOC019
ORD0002991,CUS000088,2025-02-26 11:14:41,Delivered,4855.78,Next Day,50544 Penny Isle Suite 526,50544 Penny Isle Suite 526,Credit Card,2025-03-02,LOC001
ORD0002992,CUS000074,2025-02-26 22:09:41,Delivered,11250.15,Express,42549 Zavala Lakes Suite 652,42549 Zavala Lakes Suite 652,Bank Transfer,2025-03-05,LOC006
ORD0002993,CUS000065,2025-02-26 17:21:41,Delivered,1447.78,Pick up in store,0316 Wendy Club Apt. 476,0316 Wendy Club Apt. 476,PayPal,2025-03-05,LOC016
ORD0002994,CUS000035,2025-02-27 01:33:41,Delivered,8146.400000000001,Standard,0435 Mullins Canyon,0435 Mullins Canyon,Credit Card,2025-03-06,LOC010
ORD0002995,CUS000088,2025-02-26 11:47:41,Delivered,14532.0,Express,50544 Penny Isle Suite 526,50544 Penny Isle Suite 526,Credit Card,2025-03-05,LOC007
ORD0002996,CUS000002,2025-02-27 00:16:41,Delivered,2743.1899999999996,Next Day,7944 Rich Turnpike,7944 Rich Turnpike,Credit Card,2025-03-02,LOC009
ORD0002997,CUS000080,2025-02-26 18:20:41,Delivered,7000.43,Express,84198 Mitchell Light,84198 Mitchell Light,PayPal,2025-03-03,LOC006
ORD0002998,CUS000097,2025-02-26 13:01:41,Delivered,5093.8,Next Day,728 Laurie Cape,728 Laurie Cape,Credit Card,2025-02-27,LOC014
ORD0002999,CUS000023,2025-02-28 08:18:41,Delivered,1386.75,Standard,245 Hall Cove,245 Hall Cove,PayPal,2025-03-06,LOC007
ORD0003000,CUS000052,2025-02-27 14:47:41,Delivered,3240.09,Express,28803 Kyle Island,28803 Kyle Island,Credit Card,2025-03-01,LOC006
ORD0003001,CUS000065,2025-02-28 07:24:41,Delivered,3971.58,Express,0316 Wendy Club Apt. 476,0316 Wendy Club Apt. 476,Bank Transfer,2025-03-07,LOC010
ORD0003002,CUS000045,2025-02-28 07:10:41,Delivered,5167.74,Standard,14062 Oliver Spurs,14062 Oliver Spurs,Bank Transfer,2025-03-05,LOC019
ORD0003003,CUS000002,2025-02-27 20:54:41,Delivered,171.21,Express,7944 Rich Turnpike,7944 Rich Turnpike,Credit Card,2025-03-02,LOC007
ORD0003004,CUS000006,2025-02-27 13:24:41,Delivered,4371.37,Express,20878 Andersen Lock Suite 120,20878 Andersen Lock Suite 120,Bank Transfer,2025-03-06,LOC015
ORD0003005,CUS000029,2025-02-27 18:07:41,Delivered,1288.78,Pick up in store,248 Schaefer Alley,248 Schaefer Alley,PayPal,2025-03-03,LOC003
ORD0003006,CUS000043,2025-02-28 00:12:41,Delivered,4308.110000000001,Express,1002 John Row Apt. 424,1002 John Row Apt. 424,PayPal,2025-03-05,LOC015
ORD0003007,CUS000015,2025-02-28 04:15:41,Delivered,2161.07,Express,943 Dawn Extension Apt. 032,943 Dawn Extension Apt. 032,Bank Transfer,2025-03-03,LOC017
ORD0003008,CUS000063,2025-02-27 13:47:41,Delivered,294.77,Pick up in store,6888 Emily Underpass,6888 Emily Underpass,PayPal,2025-03-03,LOC010
ORD0003009,CUS000060,2025-02-27 15:10:41,Delivered,7504.3,Standard,50318 Kenneth Burg Suite 855,50318 Kenneth Burg Suite 855,Bank Transfer,2025-03-01,LOC018
ORD0003010,CUS000053,2025-02-28 03:55:41,Delivered,6462.410000000001,Standard,92512 Armstrong Station,92512 Armstrong Station,Credit Card,2025-03-07,LOC005
ORD0003011,CUS000093,2025-02-27 11:11:41,Delivered,1167.18,Standard,443 Evans Pine Apt. 602,443 Evans Pine Apt. 602,Credit Card,2025-03-05,LOC012
ORD0003012,CUS000013,2025-02-27 19:06:41,Delivered,5497.0199999999995,Next Day,54024 Miller Track Suite 763,54024 Miller Track Suite 763,Bank Transfer,2025-03-05,LOC010
ORD0003013,CUS000076,2025-02-27 18:04:41,Delivered,6129.6900000000005,Standard,8996 Amanda Plaza,8996 Amanda Plaza,Bank Transfer,2025-03-05,LOC019
ORD0003014,CUS000007,2025-02-28 07:28:41,Delivered,4567.620000000001,Pick up in store,64048 Golden Mount Suite 491,64048 Golden Mount Suite 491,Bank Transfer,2025-03-06,LOC011
ORD0003015,CUS000097,2025-02-28 01:39:41,Delivered,2623.56,Next Day,728 Laurie Cape,728 Laurie Cape,Credit Card,2025-03-03,LOC010
ORD0003016,CUS000092,2025-02-27 15:48:41,Delivered,1308.8999999999999,Express,441 Nichols Glen,441 Nichols Glen,Credit Card,2025-03-04,LOC015
ORD0003017,CUS000007,2025-02-27 14:14:41,Delivered,7191.72,Standard,64048 Golden Mount Suite 491,64048 Golden Mount Suite 491,Credit Card,2025-03-06,LOC003
ORD0003018,CUS000022,2025-02-28 09:09:41,Delivered,1417.84,Next Day,290 Hodges Pine,290 Hodges Pine,Bank Transfer,2025-03-07,LOC020
ORD0003019,CUS000038,2025-02-28 02:19:41,Delivered,7106.849999999999,Pick up in store,811 Leonard Ford Apt. 102,811 Leonard Ford Apt. 102,PayPal,2025-03-05,LOC002
ORD0003020,CUS000033,2025-02-27 18:37:41,Delivered,9453.589999999998,Standard,32833 Harris Fall,32833 Harris Fall,Bank Transfer,2025-03-05,LOC007
ORD0003021,CUS000100,2025-02-27 14:57:41,Delivered,6247.49,Express,14536 Holly Trail,14536 Holly Trail,Credit Card,2025-02-28,LOC019
ORD0003022,CUS000012,2025-02-28 01:51:41,Delivered,6589.789999999999,Pick up in store,753 Powell Manor Suite 888,753 Powell Manor Suite 888,PayPal,2025-03-07,LOC009
ORD0003023,CUS000012,2025-02-27 15:46:41,Delivered,4888.259999999999,Standard,753 Powell Manor Suite 888,753 Powell Manor Suite 888,PayPal,2025-03-04,LOC004
ORD0003024,CUS000005,2025-02-28 11:04:41,Delivered,64.62,Next Day,55835 Christopher Parkways Suite 486,55835 Christopher Parkways Suite 486,PayPal,2025-03-03,LOC002
ORD0003025,CUS000090,2025-02-28 21:06:41,Delivered,8489.5,Pick up in store,9210 Morris Turnpike Suite 212,9210 Morris Turnpike Suite 212,Bank Transfer,2025-03-02,LOC004
ORD0003026,CUS000070,2025-02-28 11:20:41,Delivered,753.3900000000001,Pick up in store,17993 Lee Cove Apt. 976,17993 Lee Cove Apt. 976,Credit Card,2025-03-01,LOC003
ORD0003027,CUS000064,2025-02-28 14:59:41,Delivered,3857.56,Next Day,93926 Jason Common Suite 790,93926 Jason Common Suite 790,PayPal,2025-03-05,LOC010
ORD0003028,CUS000082,2025-03-01 03:07:41,Delivered,1040.96,Standard,3913 Chambers Park Apt. 634,3913 Chambers Park Apt. 634,PayPal,2025-03-08,LOC002
ORD0003029,CUS000091,2025-02-28 21:46:41,Delivered,8956.52,Standard,7372 Marshall Haven,7372 Marshall Haven,PayPal,2025-03-05,LOC010
ORD0003030,CUS000084,2025-03-01 00:12:41,Delivered,3828.0,Standard,3563 Ashley Wall Apt. 125,3563 Ashley Wall Apt. 125,Credit Card,2025-03-02,LOC018
ORD0003031,CUS000050,2025-02-28 18:09:41,Delivered,1426.83,Standard,739 Garcia Spur Apt. 819,739 Garcia Spur Apt. 819,Credit Card,2025-03-02,LOC013
ORD0003032,CUS000071,2025-02-28 16:23:41,Delivered,7804.03,Standard,085 Aaron Crescent Apt. 676,085 Aaron Crescent Apt. 676,PayPal,2025-03-01,LOC005
ORD0003033,CUS000028,2025-03-01 00:00:41,Delivered,4971.5,Express,4548 Rose Corner,4548 Rose Corner,PayPal,2025-03-08,LOC011
ORD0003034,CUS000013,2025-02-28 22:36:41,Delivered,4171.05,Next Day,54024 Miller Track Suite 763,54024 Miller Track Suite 763,Credit Card,2025-03-02,LOC009
ORD0003035,CUS000039,2025-03-01 10:21:41,Delivered,9000.08,Express,06077 Marcus Bypass,06077 Marcus Bypass,PayPal,2025-03-08,LOC020
ORD0003036,CUS000050,2025-03-01 08:38:41,Delivered,2909.7,Next Day,739 Garcia Spur Apt. 819,739 Garcia Spur Apt. 819,PayPal,2025-03-06,LOC002
ORD0003037,CUS000010,2025-02-28 13:26:41,Delivered,4859.799999999999,Pick up in store,386 Brian Gateway,386 Brian Gateway,PayPal,2025-03-07,LOC010
ORD0003038,CUS000093,2025-03-01 01:55:41,Delivered,3138.96,Express,443 Evans Pine Apt. 602,443 Evans Pine Apt. 602,PayPal,2025-03-02,LOC013
ORD0003039,CUS000008,2025-02-28 14:13:41,Delivered,569.64,Pick up in store,949 Mueller Mission,949 Mueller Mission,Bank Transfer,2025-03-05,LOC001
ORD0003040,CUS000028,2025-02-28 12:49:41,Delivered,1628.3799999999999,Next Day,4548 Rose Corner,4548 Rose Corner,Bank Transfer,2025-03-03,LOC010
ORD0003041,CUS000002,2025-02-28 13:42:41,Delivered,10391.29,Standard,7944 Rich Turnpike,7944 Rich Turnpike,Credit Card,2025-03-07,LOC018
ORD0003042,CUS000045,2025-02-28 19:49:41,Delivered,4136.7,Next Day,14062 Oliver Spurs,14062 Oliver Spurs,Bank Transfer,2025-03-06,LOC004
ORD0003043,CUS000013,2025-03-01 01:57:41,Delivered,6505.88,Standard,54024 Miller Track Suite 763,54024 Miller Track Suite 763,PayPal,2025-03-07,LOC010
ORD0003044,CUS000001,2025-03-01 19:04:41,Delivered,2614.2200000000003,Express,45447 Ryan Springs Suite 790,45447 Ryan Springs Suite 790,Credit Card,2025-03-07,LOC007
ORD0003045,CUS000073,2025-03-02 07:19:41,Delivered,8738.97,Standard,598 Smith Mission Suite 623,598 Smith Mission Suite 623,Bank Transfer,2025-03-05,LOC005
ORD0003046,CUS000068,2025-03-02 07:56:41,Delivered,1675.68,Next Day,165 Walker Mill,165 Walker Mill,PayPal,2025-03-07,LOC013
ORD0003047,CUS000067,2025-03-01 21:29:41,Delivered,5998.64,Next Day,4937 Brown Turnpike Suite 240,4937 Brown Turnpike Suite 240,Credit Card,2025-03-05,LOC004
ORD0003048,CUS000027,2025-03-02 04:29:41,Delivered,1384.48,Standard,8148 John Course Suite 159,8148 John Course Suite 159,Bank Transfer,2025-03-07,LOC007
ORD0003049,CUS000009,2025-03-01 11:05:41,Delivered,4080.6800000000003,Next Day,4479 Hinton Heights Suite 425,4479 Hinton Heights Suite 425,Credit Card,2025-03-08,LOC002
ORD0003050,CUS000085,2025-03-01 20:49:41,Delivered,7051.4800000000005,Standard,65310 Smith Causeway,65310 Smith Causeway,PayPal,2025-03-02,LOC010
ORD0003051,CUS000040,2025-03-02 09:21:41,Delivered,1212.6,Next Day,9433 Jackie Key,9433 Jackie Key,Credit Card,2025-03-08,LOC009
ORD0003052,CUS000073,2025-03-01 14:42:41,Delivered,3651.83,Next Day,598 Smith Mission Suite 623,598 Smith Mission Suite 623,Credit Card,2025-03-08,LOC005
ORD0003053,CUS000044,2025-03-02 06:43:41,Delivered,3222.24,Pick up in store,28472 Anderson Bypass,28472 Anderson Bypass,PayPal,2025-03-09,LOC011
ORD0003054,CUS000089,2025-03-01 17:29:41,Delivered,2042.62,Standard,890 Fuller Harbor Apt. 884,890 Fuller Harbor Apt. 884,Bank Transfer,2025-03-05,LOC011
ORD0003055,CUS000072,2025-03-01 14:17:41,Delivered,6782.290000000001,Pick up in store,022 Brennan Vista,022 Brennan Vista,Bank Transfer,2025-03-05,LOC008
ORD0003056,CUS000030,2025-03-01 13:44:41,Delivered,2376.3,Express,56818 Wright Drives,56818 Wright Drives,Bank Transfer,2025-03-02,LOC006
ORD0003057,CUS000055,2025-03-01 18:49:41,Delivered,852.32,Standard,3345 Angela Lane Suite 782,3345 Angela Lane Suite 782,Credit Card,2025-03-03,LOC012
ORD0003058,CUS000074,2025-03-02 02:32:41,Delivered,1418.6,Next Day,42549 Zavala Lakes Suite 652,42549 Zavala Lakes Suite 652,Bank Transfer,2025-03-06,LOC004
ORD0003059,CUS000081,2025-03-02 16:16:41,Delivered,10992.08,Express,335 Kyle Crescent Apt. 760,335 Kyle Crescent Apt. 760,Credit Card,2025-03-08,LOC003
ORD0003060,CUS000040,2025-03-02 17:23:41,Delivered,2076.7200000000003,Standard,9433 Jackie Key,9433 Jackie Key,Credit Card,2025-03-05,LOC006
ORD0003061,CUS000057,2025-03-02 23:05:41,Delivered,3626.22,Standard,647 Mcgee Manors,647 Mcgee Manors,Credit Card,2025-03-04,LOC008
ORD0003062,CUS000095,2025-03-02 20:19:41,Delivered,890.09,Pick up in store,1425 Williams Mountain,1425 Williams Mountain,Bank Transfer,2025-03-05,LOC003
ORD0003063,CUS000027,2025-03-02 13:20:41,Delivered,593.6700000000001,Express,8148 John Course Suite 159,8148 John Course Suite 159,Bank Transfer,2025-03-03,LOC006
ORD0003064,CUS000007,2025-03-02 13:36:41,Delivered,1334.58,Standard,64048 Golden Mount Suite 491,64048 Golden Mount Suite 491,Bank Transfer,2025-03-08,LOC012
ORD0003065,CUS000038,2025-03-03 03:43:41,Delivered,1849.0,Pick up in store,811 Leonard Ford Apt. 102,811 Leonard Ford Apt. 102,PayPal,2025-03-06,LOC001
ORD0003066,CUS000022,2025-03-03 08:08:41,Delivered,2409.0299999999997,Pick up in store,290 Hodges Pine,290 Hodges Pine,Credit Card,2025-03-04,LOC015
ORD0003067,CUS000036,2025-03-02 19:31:41,Delivered,4856.000000000001,Standard,4716 Felicia Trafficway Apt. 051,4716 Felicia Trafficway Apt. 051,Bank Transfer,2025-03-07,LOC008
ORD0003068,CUS000038,2025-03-02 23:30:41,Delivered,2325.67,Pick up in store,811 Leonard Ford Apt. 102,811 Leonard Ford Apt. 102,Credit Card,2025-03-06,LOC002
ORD0003069,CUS000074,2025-03-02 20:47:41,Delivered,2232.7000000000003,Next Day,42549 Zavala Lakes Suite 652,42549 Zavala Lakes Suite 652,PayPal,2025-03-08,LOC006
ORD0003070,CUS000061,2025-03-02 21:31:41,Delivered,9142.779999999999,Standard,8595 Joshua Pine,8595 Joshua Pine,Credit Card,2025-03-08,LOC012
ORD0003071,CUS000055,2025-03-03 04:02:41,Delivered,396.18,Standard,3345 Angela Lane Suite 782,3345 Angela Lane Suite 782,PayPal,2025-03-04,LOC015
ORD0003072,CUS000031,2025-03-02 14:36:41,Delivered,634.24,Next Day,3219 Rodriguez Passage Suite 363,3219 Rodriguez Passage Suite 363,Credit Card,2025-03-07,LOC002
ORD0003073,CUS000089,2025-03-03 04:04:41,Delivered,3568.8499999999995,Express,890 Fuller Harbor Apt. 884,890 Fuller Harbor Apt. 884,Bank Transfer,2025-03-07,LOC016
ORD0003074,CUS000046,2025-03-03 07:22:41,Delivered,274.98,Standard,0384 Michelle Cape,0384 Michelle Cape,PayPal,2025-03-06,LOC003
ORD0003075,CUS000035,2025-03-02 21:38:41,Delivered,713.7,Standard,0435 Mullins Canyon,0435 Mullins Canyon,Bank Transfer,2025-03-04,LOC002
ORD0003076,CUS000099,2025-03-02 13:37:41,Delivered,6855.67,Express,385 Diana Mountain,385 Diana Mountain,PayPal,2025-03-05,LOC004
ORD0003077,CUS000096,2025-03-03 01:41:41,Delivered,3196.88,Standard,997 Debra Road,997 Debra Road,Bank Transfer,2025-03-10,LOC011
ORD0003078,CUS000011,2025-03-03 03:44:41,Delivered,10433.789999999999,Pick up in store,627 Carol Vista,627 Carol Vista,Credit Card,2025-03-05,LOC018
ORD0003079,CUS000096,2025-03-03 04:18:41,Delivered,4268.47,Pick up in store,997 Debra Road,997 Debra Road,Credit Card,2025-03-10,LOC001
ORD0003080,CUS000011,2025-03-03 01:16:41,Delivered,3560.36,Pick up in store,627 Carol Vista,627 Carol Vista,PayPal,2025-03-04,LOC004
ORD0003081,CUS000039,2025-03-03 02:48:41,Delivered,1184.16,Pick up in store,06077 Marcus Bypass,06077 Marcus Bypass,Bank Transfer,2025-03-09,LOC013
ORD0003082,CUS000057,2025-03-03 03:24:41,Delivered,9100.76,Next Day,647 Mcgee Manors,647 Mcgee Manors,Bank Transfer,2025-03-07,LOC001
ORD0003083,CUS000053,2025-03-03 05:06:41,Delivered,3156.58,Pick up in store,92512 Armstrong Station,92512 Armstrong Station,Credit Card,2025-03-06,LOC001
ORD0003084,CUS000018,2025-03-03 00:42:41,Delivered,6848.450000000001,Express,693 Kathryn Extension,693 Kathryn Extension,Bank Transfer,2025-03-05,LOC006
ORD0003085,CUS000072,2025-03-02 16:49:41,Delivered,541.48,Express,022 Brennan Vista,022 Brennan Vista,Bank Transfer,2025-03-07,LOC008
ORD0003086,CUS000045,2025-03-02 21:03:41,Delivered,8054.639999999999,Pick up in store,14062 Oliver Spurs,14062 Oliver Spurs,PayPal,2025-03-05,LOC008
ORD0003087,CUS000037,2025-03-03 07:37:41,Delivered,4032.8199999999997,Standard,536 Elizabeth Via,536 Elizabeth Via,Credit Card,2025-03-06,LOC013
ORD0003088,CUS000018,2025-03-03 01:02:41,Delivered,3656.37,Next Day,693 Kathryn Extension,693 Kathryn Extension,Bank Transfer,2025-03-04,LOC010
ORD0003089,CUS000010,2025-03-04 06:40:41,Delivered,6616.03,Express,386 Brian Gateway,386 Brian Gateway,Bank Transfer,2025-03-10,LOC001
ORD0003090,CUS000039,2025-03-04 09:20:41,Delivered,2190.84,Next Day,06077 Marcus Bypass,06077 Marcus Bypass,Bank Transfer,2025-03-07,LOC019
ORD0003091,CUS000075,2025-03-03 19:23:41,Delivered,3107.84,Next Day,10585 Shaun Squares Suite 674,10585 Shaun Squares Suite 674,Credit Card,2025-03-07,LOC007
ORD0003092,CUS000091,2025-03-03 19:05:41,Delivered,3109.66,Next Day,7372 Marshall Haven,7372 Marshall Haven,PayPal,2025-03-06,LOC007
ORD0003093,CUS000081,2025-03-03 18:25:41,Delivered,5107.84,Pick up in store,335 Kyle Crescent Apt. 760,335 Kyle Crescent Apt. 760,Credit Card,2025-03-04,LOC018
ORD0003094,CUS000069,2025-03-04 10:46:41,Delivered,4505.79,Pick up in store,56017 Michelle Trace Apt. 592,56017 Michelle Trace Apt. 592,Credit Card,2025-03-07,LOC006
ORD0003095,CUS000068,2025-03-03 19:20:41,Delivered,3381.05,Pick up in store,165 Walker Mill,165 Walker Mill,PayPal,2025-03-05,LOC018
ORD0003096,CUS000022,2025-03-03 19:11:41,Delivered,6519.42,Next Day,290 Hodges Pine,290 Hodges Pine,Bank Transfer,2025-03-05,LOC010
ORD0003097,CUS000075,2025-03-03 11:51:41,Delivered,3881.5499999999997,Next Day,10585 Shaun Squares Suite 674,10585 Shaun Squares Suite 674,PayPal,2025-03-04,LOC018
ORD0003098,CUS000084,2025-03-03 16:40:41,Delivered,1742.6999999999998,Next Day,3563 Ashley Wall Apt. 125,3563 Ashley Wall Apt. 125,PayPal,2025-03-09,LOC019
ORD0003099,CUS000004,2025-03-03 11:33:41,Delivered,4267.7,Next Day,86781 Webb Tunnel Apt. 880,86781 Webb Tunnel Apt. 880,Credit Card,2025-03-09,LOC019
ORD0003100,CUS000035,2025-03-03 13:10:41,Delivered,3835.5600000000004,Next Day,0435 Mullins Canyon,0435 Mullins Canyon,Credit Card,2025-03-06,LOC004
ORD0003101,CUS000054,2025-03-03 14:32:41,Delivered,921.83,Standard,00532 Matthew Fork Suite 143,00532 Matthew Fork Suite 143,Credit Card,2025-03-09,LOC002
ORD0003102,CUS000005,2025-03-04 08:13:41,Delivered,9485.560000000001,Standard,55835 Christopher Parkways Suite 486,55835 Christopher Parkways Suite 486,Credit Card,2025-03-11,LOC009
ORD0003103,CUS000060,2025-03-03 13:49:41,Delivered,2673.6600000000003,Express,50318 Kenneth Burg Suite 855,50318 Kenneth Burg Suite 855,Credit Card,2025-03-10,LOC009
ORD0003104,CUS000064,2025-03-03 18:32:41,Delivered,4746.25,Standard,93926 Jason Common Suite 790,93926 Jason Common Suite 790,Credit Card,2025-03-05,LOC013
ORD0003105,CUS000024,2025-03-03 18:40:41,Delivered,5288.59,Pick up in store,574 Gonzales Lodge Apt. 681,574 Gonzales Lodge Apt. 681,PayPal,2025-03-04,LOC020
ORD0003106,CUS000029,2025-03-04 07:07:41,Delivered,3370.2200000000003,Express,248 Schaefer Alley,248 Schaefer Alley,Bank Transfer,2025-03-05,LOC009
ORD0003107,CUS000062,2025-03-04 01:33:41,Delivered,1658.9799999999998,Express,9634 Thomas Vista,9634 Thomas Vista,PayPal,2025-03-05,LOC002
ORD0003108,CUS000088,2025-03-04 01:16:41,Delivered,266.35,Standard,50544 Penny Isle Suite 526,50544 Penny Isle Suite 526,PayPal,2025-03-07,LOC013
ORD0003109,CUS000085,2025-03-04 01:17:41,Delivered,2074.68,Pick up in store,65310 Smith Causeway,65310 Smith Causeway,PayPal,2025-03-07,LOC003
ORD0003110,CUS000047,2025-03-03 22:17:41,Delivered,5932.209999999999,Next Day,46161 Ortega Fork Apt. 399,46161 Ortega Fork Apt. 399,Credit Card,2025-03-05,LOC010
ORD0003111,CUS000095,2025-03-03 14:13:41,Delivered,3577.6400000000003,Standard,1425 Williams Mountain,1425 Williams Mountain,Credit Card,2025-03-05,LOC018
ORD0003112,CUS000028,2025-03-03 20:12:41,Delivered,1142.06,Next Day,4548 Rose Corner,4548 Rose Corner,Bank Transfer,2025-03-09,LOC014
ORD0003113,CUS000081,2025-03-04 10:39:41,Delivered,3534.04,Standard,335 Kyle Crescent Apt. 760,335 Kyle Crescent Apt. 760,Bank Transfer,2025-03-05,LOC017
ORD0003114,CUS000073,2025-03-05 05:00:41,Delivered,3697.52,Next Day,598 Smith Mission Suite 623,598 Smith Mission Suite 623,Credit Card,2025-03-06,LOC009
ORD0003115,CUS000079,2025-03-05 07:47:41,Delivered,7467.09,Pick up in store,34676 Chan Brooks,34676 Chan Brooks,Credit Card,2025-03-10,LOC012
ORD0003116,CUS000036,2025-03-04 11:03:41,Delivered,5524.049999999999,Pick up in store,4716 Felicia Trafficway Apt. 051,4716 Felicia Trafficway Apt. 051,PayPal,2025-03-10,LOC015
ORD0003117,CUS000066,2025-03-04 17:23:41,Delivered,3135.79,Next Day,712 Andrew Ranch,712 Andrew Ranch,PayPal,2025-03-07,LOC018
ORD0003118,CUS000062,2025-03-05 03:53:41,Delivered,5705.820000000001,Standard,9634 Thomas Vista,9634 Thomas Vista,PayPal,2025-03-08,LOC019
ORD0003119,CUS000011,2025-03-04 15:16:41,Delivered,5095.81,Pick up in store,627 Carol Vista,627 Carol Vista,Bank Transfer,2025-03-06,LOC004
ORD0003120,CUS000059,2025-03-04 14:08:41,Delivered,902.32,Pick up in store,604 Jones Courts Apt. 869,604 Jones Courts Apt. 869,Credit Card,2025-03-11,LOC013
ORD0003121,CUS000061,2025-03-04 13:05:41,Delivered,1413.5500000000002,Express,8595 Joshua Pine,8595 Joshua Pine,Credit Card,2025-03-10,LOC008
ORD0003122,CUS000077,2025-03-04 22:33:41,Delivered,3076.76,Standard,17316 Ashley Ridges Suite 345,17316 Ashley Ridges Suite 345,Credit Card,2025-03-11,LOC004
ORD0003123,CUS000001,2025-03-04 21:48:41,Delivered,1201.46,Pick up in store,45447 Ryan Springs Suite 790,45447 Ryan Springs Suite 790,Credit Card,2025-03-09,LOC003
ORD0003124,CUS000063,2025-03-05 07:10:41,Delivered,2475.6400000000003,Standard,6888 Emily Underpass,6888 Emily Underpass,Credit Card,2025-03-11,LOC003
ORD0003125,CUS000051,2025-03-05 08:53:41,Delivered,4144.5,Standard,563 Jones Fields Suite 934,563 Jones Fields Suite 934,PayPal,2025-03-10,LOC012
ORD0003126,CUS000095,2025-03-05 05:49:41,Delivered,6616.900000000001,Standard,1425 Williams Mountain,1425 Williams Mountain,Credit Card,2025-03-06,LOC004
ORD0003127,CUS000094,2025-03-05 10:39:41,Delivered,7451.570000000001,Express,91800 Tony Lights Suite 800,91800 Tony Lights Suite 800,PayPal,2025-03-09,LOC005
ORD0003128,CUS000022,2025-03-04 19:45:41,Delivered,7081.73,Pick up in store,290 Hodges Pine,290 Hodges Pine,Bank Transfer,2025-03-08,LOC001
ORD0003129,CUS000086,2025-03-05 23:13:41,Delivered,3351.6000000000004,Standard,023 Melissa Crossroad Apt. 855,023 Melissa Crossroad Apt. 855,Bank Transfer,2025-03-12,LOC020
ORD0003130,CUS000014,2025-03-06 01:23:41,Delivered,1576.41,Pick up in store,240 Lewis Park,240 Lewis Park,PayPal,2025-03-07,LOC018
ORD0003131,CUS000033,2025-03-05 15:19:41,Delivered,8618.68,Express,32833 Harris Fall,32833 Harris Fall,Bank Transfer,2025-03-08,LOC019
ORD0003132,CUS000059,2025-03-05 14:10:41,Delivered,1881.3600000000001,Pick up in store,604 Jones Courts Apt. 869,604 Jones Courts Apt. 869,Credit Card,2025-03-08,LOC001
ORD0003133,CUS000046,2025-03-05 21:06:41,Delivered,6784.17,Pick up in store,0384 Michelle Cape,0384 Michelle Cape,Credit Card,2025-03-11,LOC020
ORD0003134,CUS000037,2025-03-06 10:26:41,Delivered,5103.36,Express,536 Elizabeth Via,536 Elizabeth Via,PayPal,2025-03-12,LOC002
ORD0003135,CUS000061,2025-03-06 06:28:41,Delivered,5545.110000000001,Standard,8595 Joshua Pine,8595 Joshua Pine,Bank Transfer,2025-03-07,LOC016
ORD0003136,CUS000086,2025-03-06 03:41:41,Delivered,7575.550000000001,Next Day,023 Melissa Crossroad Apt. 855,023 Melissa Crossroad Apt. 855,Credit Card,2025-03-09,LOC014
ORD0003137,CUS000017,2025-03-05 21:06:41,Delivered,1930.68,Pick up in store,4207 Craig Causeway,4207 Craig Causeway,PayPal,2025-03-06,LOC005
ORD0003138,CUS000080,2025-03-05 16:54:41,Delivered,6878.48,Standard,84198 Mitchell Light,84198 Mitchell Light,Credit Card,2025-03-11,LOC005
ORD0003139,CUS000039,2025-03-06 00:33:41,Delivered,195.56,Standard,06077 Marcus Bypass,06077 Marcus Bypass,Credit Card,2025-03-07,LOC016
ORD0003140,CUS000072,2025-03-05 16:49:41,Delivered,1018.6800000000001,Standard,022 Brennan Vista,022 Brennan Vista,Bank Transfer,2025-03-07,LOC008
ORD0003141,CUS000021,2025-03-05 16:43:41,Delivered,508.72,Express,873 Paul Lakes,873 Paul Lakes,PayPal,2025-03-08,LOC006
ORD0003142,CUS000095,2025-03-05 14:36:41,Delivered,1159.92,Standard,1425 Williams Mountain,1425 Williams Mountain,PayPal,2025-03-12,LOC001
ORD0003143,CUS000028,2025-03-06 06:09:41,Delivered,1494.6,Next Day,4548 Rose Corner,4548 Rose Corner,Bank Transfer,2025-03-07,LOC011
ORD0003144,CUS000016,2025-03-06 10:50:41,Delivered,7860.75,Express,517 Lester Brook,517 Lester Brook,PayPal,2025-03-09,LOC002
ORD0003145,CUS000077,2025-03-05 23:19:41,Delivered,8643.31,Express,17316 Ashley Ridges Suite 345,17316 Ashley Ridges Suite 345,Bank Transfer,2025-03-07,LOC012
ORD0003146,CUS000096,2025-03-06 02:29:41,Delivered,4091.38,Standard,997 Debra Road,997 Debra Road,Credit Card,2025-03-07,LOC018
ORD0003147,CUS000027,2025-03-06 22:11:41,Delivered,1480.2,Express,8148 John Course Suite 159,8148 John Course Suite 159,Bank Transfer,2025-03-11,LOC014
ORD0003148,CUS000088,2025-03-06 16:34:41,Delivered,7553.639999999999,Pick up in store,50544 Penny Isle Suite 526,50544 Penny Isle Suite 526,Bank Transfer,2025-03-08,LOC014
ORD0003149,CUS000001,2025-03-06 20:49:41,Delivered,3000.93,Next Day,45447 Ryan Springs Suite 790,45447 Ryan Springs Suite 790,Bank Transfer,2025-03-07,LOC006
ORD0003150,CUS000071,2025-03-07 07:54:41,Delivered,7323.12,Pick up in store,085 Aaron Crescent Apt. 676,085 Aaron Crescent Apt. 676,PayPal,2025-03-09,LOC012
ORD0003151,CUS000018,2025-03-06 20:09:41,Delivered,6996.96,Pick up in store,693 Kathryn Extension,693 Kathryn Extension,PayPal,2025-03-12,LOC017
ORD0003152,CUS000060,2025-03-06 16:49:41,Delivered,2674.61,Pick up in store,50318 Kenneth Burg Suite 855,50318 Kenneth Burg Suite 855,Bank Transfer,2025-03-11,LOC003
ORD0003153,CUS000085,2025-03-07 04:48:41,Delivered,9888.58,Standard,65310 Smith Causeway,65310 Smith Causeway,PayPal,2025-03-12,LOC013
ORD0003154,CUS000079,2025-03-06 22:34:41,Delivered,5300.82,Standard,34676 Chan Brooks,34676 Chan Brooks,PayPal,2025-03-09,LOC016
ORD0003155,CUS000014,2025-03-06 14:07:41,Delivered,1133.8899999999999,Pick up in store,240 Lewis Park,240 Lewis Park,Credit Card,2025-03-10,LOC007
ORD0003156,CUS000007,2025-03-07 03:17:41,Delivered,2085.63,Next Day,64048 Golden Mount Suite 491,64048 Golden Mount Suite 491,Credit Card,2025-03-10,LOC001
ORD0003157,CUS000001,2025-03-06 21:48:41,Delivered,10363.45,Standard,45447 Ryan Springs Suite 790,45447 Ryan Springs Suite 790,PayPal,2025-03-09,LOC006
ORD0003158,CUS000008,2025-03-06 12:01:41,Delivered,4329.66,Next Day,949 Mueller Mission,949 Mueller Mission,PayPal,2025-03-12,LOC010
ORD0003159,CUS000016,2025-03-06 13:19:41,Delivered,3401.8900000000003,Standard,517 Lester Brook,517 Lester Brook,PayPal,2025-03-09,LOC009
ORD0003160,CUS000066,2025-03-07 05:45:41,Delivered,4848.69,Express,712 Andrew Ranch,712 Andrew Ranch,Bank Transfer,2025-03-09,LOC001
ORD0003161,CUS000026,2025-03-06 20:28:41,Delivered,4174.530000000001,Express,305 Newton Bypass,305 Newton Bypass,PayPal,2025-03-08,LOC004
ORD0003162,CUS000034,2025-03-06 19:41:41,Delivered,11939.320000000002,Standard,81729 Mccall Meadows,81729 Mccall Meadows,Bank Transfer,2025-03-07,LOC008
ORD0003163,CUS000045,2025-03-07 01:40:41,Delivered,2310.09,Next Day,14062 Oliver Spurs,14062 Oliver Spurs,Credit Card,2025-03-10,LOC015
ORD0003164,CUS000072,2025-03-06 18:55:41,Delivered,171.21,Express,022 Brennan Vista,022 Brennan Vista,PayPal,2025-03-12,LOC017
ORD0003165,CUS000025,2025-03-06 20:33:41,Delivered,6653.3099999999995,Standard,554 Phillips Spring,554 Phillips Spring,PayPal,2025-03-11,LOC018
ORD0003166,CUS000019,2025-03-06 20:37:41,Delivered,2780.13,Standard,3594 Long Wall Suite 248,3594 Long Wall Suite 248,Bank Transfer,2025-03-07,LOC005
ORD0003167,CUS000050,2025-03-06 22:38:41,Delivered,5240.35,Next Day,739 Garcia Spur Apt. 819,739 Garcia Spur Apt. 819,Credit Card,2025-03-07,LOC009
ORD0003168,CUS000070,2025-03-06 18:31:41,Delivered,3305.88,Pick up in store,17993 Lee Cove Apt. 976,17993 Lee Cove Apt. 976,PayPal,2025-03-08,LOC008
ORD0003169,CUS000020,2025-03-07 21:14:41,Delivered,5739.580000000001,Standard,63649 Robinson Court,63649 Robinson Court,Bank Transfer,2025-03-08,LOC017
ORD0003170,CUS000055,2025-03-07 15:13:41,Delivered,5267.71,Express,3345 Angela Lane Suite 782,3345 Angela Lane Suite 782,Bank Transfer,2025-03-11,LOC012
ORD0003171,CUS000085,2025-03-07 21:39:41,Delivered,1793.3999999999999,Pick up in store,65310 Smith Causeway,65310 Smith Causeway,Credit Card,2025-03-09,LOC015
ORD0003172,CUS000010,2025-03-07 18:13:41,Delivered,10404.14,Express,386 Brian Gateway,386 Brian Gateway,Bank Transfer,2025-03-08,LOC010
ORD0003173,CUS000095,2025-03-07 14:31:41,Delivered,8576.140000000001,Standard,1425 Williams Mountain,1425 Williams Mountain,Credit Card,2025-03-13,LOC005
ORD0003174,CUS000077,2025-03-08 03:07:41,Delivered,2237.64,Next Day,17316 Ashley Ridges Suite 345,17316 Ashley Ridges Suite 345,Bank Transfer,2025-03-14,LOC003
ORD0003175,CUS000077,2025-03-07 11:37:41,Delivered,5384.79,Next Day,17316 Ashley Ridges Suite 345,17316 Ashley Ridges Suite 345,Bank Transfer,2025-03-11,LOC009
ORD0003176,CUS000092,2025-03-07 18:04:41,Delivered,7481.68,Standard,441 Nichols Glen,441 Nichols Glen,PayPal,2025-03-09,LOC005
ORD0003177,CUS000072,2025-03-07 22:29:41,Delivered,7436.490000000001,Express,022 Brennan Vista,022 Brennan Vista,Bank Transfer,2025-03-14,LOC019
ORD0003178,CUS000012,2025-03-08 04:04:41,Delivered,6812.68,Pick up in store,753 Powell Manor Suite 888,753 Powell Manor Suite 888,PayPal,2025-03-10,LOC005
ORD0003179,CUS000078,2025-03-07 15:42:41,Delivered,2887.07,Express,783 Hudson Mill Suite 171,783 Hudson Mill Suite 171,PayPal,2025-03-12,LOC019
ORD0003180,CUS000015,2025-03-07 18:26:41,Delivered,1735.3,Express,943 Dawn Extension Apt. 032,943 Dawn Extension Apt. 032,Bank Transfer,2025-03-10,LOC006
ORD0003181,CUS000003,2025-03-08 03:33:41,Delivered,2967.79,Next Day,22024 Harrison Roads,22024 Harrison Roads,PayPal,2025-03-11,LOC009
ORD0003182,CUS000099,2025-03-07 23:21:41,Delivered,2930.1099999999997,Express,385 Diana Mountain,385 Diana Mountain,Bank Transfer,2025-03-14,LOC016
ORD0003183,CUS000006,2025-03-07 17:32:41,Delivered,8010.67,Standard,20878 Andersen Lock Suite 120,20878 Andersen Lock Suite 120,Credit Card,2025-03-09,LOC018
ORD0003184,CUS000017,2025-03-08 06:19:41,Delivered,5482.36,Standard,4207 Craig Causeway,4207 Craig Causeway,Bank Transfer,2025-03-14,LOC019
ORD0003185,CUS000021,2025-03-08 03:44:41,Delivered,5490.44,Pick up in store,873 Paul Lakes,873 Paul Lakes,PayPal,2025-03-15,LOC014
ORD0003186,CUS000072,2025-03-08 08:26:41,Delivered,2933.8099999999995,Next Day,022 Brennan Vista,022 Brennan Vista,Credit Card,2025-03-12,LOC003
ORD0003187,CUS000050,2025-03-08 02:53:41,Delivered,3526.65,Next Day,739 Garcia Spur Apt. 819,739 Garcia Spur Apt. 819,Bank Transfer,2025-03-11,LOC020
ORD0003188,CUS000003,2025-03-08 08:05:41,Delivered,3977.58,Next Day,22024 Harrison Roads,22024 Harrison Roads,Credit Card,2025-03-15,LOC018
ORD0003189,CUS000020,2025-03-07 17:44:41,Delivered,1175.04,Next Day,63649 Robinson Court,63649 Robinson Court,Credit Card,2025-03-10,LOC017
ORD0003190,CUS000079,2025-03-07 18:03:41,Delivered,7696.03,Pick up in store,34676 Chan Brooks,34676 Chan Brooks,Bank Transfer,2025-03-13,LOC014
ORD0003191,CUS000013,2025-03-08 07:15:41,Delivered,5251.839999999999,Express,54024 Miller Track Suite 763,54024 Miller Track Suite 763,PayPal,2025-03-09,LOC012
ORD0003192,CUS000067,2025-03-07 12:36:41,Delivered,1635.96,Pick up in store,4937 Brown Turnpike Suite 240,4937 Brown Turnpike Suite 240,Credit Card,2025-03-14,LOC018
ORD0003193,CUS000073,2025-03-09 04:32:41,Delivered,1732.0900000000001,Standard,598 Smith Mission Suite 623,598 Smith Mission Suite 623,PayPal,2025-03-14,LOC001
ORD0003194,CUS000078,2025-03-08 15:04:41,Delivered,10926.85,Pick up in store,783 Hudson Mill Suite 171,783 Hudson Mill Suite 171,PayPal,2025-03-10,LOC005
ORD0003195,CUS000087,2025-03-09 04:42:41,Delivered,1406.3,Next Day,99137 Scott Streets Suite 891,99137 Scott Streets Suite 891,Credit Card,2025-03-12,LOC002
ORD0003196,CUS000054,2025-03-08 11:54:41,Delivered,6620.89,Standard,00532 Matthew Fork Suite 143,00532 Matthew Fork Suite 143,Bank Transfer,2025-03-09,LOC014
ORD0003197,CUS000039,2025-03-09 01:26:41,Delivered,4675.03,Express,06077 Marcus Bypass,06077 Marcus Bypass,Credit Card,2025-03-15,LOC004
ORD0003198,CUS000004,2025-03-08 22:58:41,Delivered,6195.31,Express,86781 Webb Tunnel Apt. 880,86781 Webb Tunnel Apt. 880,Bank Transfer,2025-03-09,LOC004
ORD0003199,CUS000098,2025-03-08 11:54:41,Delivered,1071.5900000000001,Next Day,4693 Ashley Centers,4693 Ashley Centers,PayPal,2025-03-10,LOC001
ORD0003200,CUS000021,2025-03-09 10:00:41,Delivered,2682.9700000000003,Standard,873 Paul Lakes,873 Paul Lakes,PayPal,2025-03-10,LOC006
ORD0003201,CUS000009,2025-03-09 08:14:41,Delivered,3408.65,Pick up in store,4479 Hinton Heights Suite 425,4479 Hinton Heights Suite 425,Credit Card,2025-03-15,LOC001
ORD0003202,CUS000012,2025-03-09 08:20:41,Delivered,4898.69,Express,753 Powell Manor Suite 888,753 Powell Manor Suite 888,PayPal,2025-03-10,LOC003
ORD0003203,CUS000066,2025-03-09 18:51:41,Delivered,928.72,Express,712 Andrew Ranch,712 Andrew Ranch,Credit Card,2025-03-10,LOC006
ORD0003204,CUS000053,2025-03-10 08:34:41,Delivered,2413.35,Next Day,92512 Armstrong Station,92512 Armstrong Station,PayPal,2025-03-11,LOC002
ORD0003205,CUS000099,2025-03-10 06:49:41,Delivered,2270.36,Next Day,385 Diana Mountain,385 Diana Mountain,Bank Transfer,2025-03-16,LOC003
ORD0003206,CUS000004,2025-03-09 22:45:41,Delivered,4784.16,Standard,86781 Webb Tunnel Apt. 880,86781 Webb Tunnel Apt. 880,Credit Card,2025-03-15,LOC010
ORD0003207,CUS000008,2025-03-10 07:34:41,Delivered,11463.71,Express,949 Mueller Mission,949 Mueller Mission,PayPal,2025-03-13,LOC002
ORD0003208,CUS000011,2025-03-10 02:20:41,Delivered,4106.74,Express,627 Carol Vista,627 Carol Vista,PayPal,2025-03-13,LOC006
ORD0003209,CUS000024,2025-03-09 15:39:41,Delivered,1047.12,Standard,574 Gonzales Lodge Apt. 681,574 Gonzales Lodge Apt. 681,Bank Transfer,2025-03-13,LOC009
ORD0003210,CUS000089,2025-03-10 08:30:41,Delivered,173.18,Express,890 Fuller Harbor Apt. 884,890 Fuller Harbor Apt. 884,Credit Card,2025-03-12,LOC007
ORD0003211,CUS000006,2025-03-09 20:59:41,Delivered,7902.26,Pick up in store,20878 Andersen Lock Suite 120,20878 Andersen Lock Suite 120,Bank Transfer,2025-03-14,LOC010
ORD0003212,CUS000025,2025-03-10 04:40:41,Delivered,2449.5699999999997,Standard,554 Phillips Spring,554 Phillips Spring,Credit Card,2025-03-14,LOC001
ORD0003213,CUS000002,2025-03-09 22:17:41,Delivered,12431.300000000001,Express,7944 Rich Turnpike,7944 Rich Turnpike,Credit Card,2025-03-11,LOC020
ORD0003214,CUS000094,2025-03-09 10:52:41,Delivered,2778.12,Express,91800 Tony Lights Suite 800,91800 Tony Lights Suite 800,Bank Transfer,2025-03-13,LOC010
ORD0003215,CUS000097,2025-03-10 07:06:41,Delivered,6308.6,Next Day,728 Laurie Cape,728 Laurie Cape,Bank Transfer,2025-03-14,LOC006
ORD0003216,CUS000024,2025-03-09 11:45:41,Delivered,4184.66,Express,574 Gonzales Lodge Apt. 681,574 Gonzales Lodge Apt. 681,PayPal,2025-03-16,LOC007
ORD0003217,CUS000038,2025-03-10 22:37:41,Delivered,3355.88,Next Day,811 Leonard Ford Apt. 102,811 Leonard Ford Apt. 102,Credit Card,2025-03-16,LOC007
ORD0003218,CUS000018,2025-03-10 22:41:41,Delivered,1529.44,Standard,693 Kathryn Extension,693 Kathryn Extension,Credit Card,2025-03-13,LOC007
ORD0003219,CUS000076,2025-03-10 20:46:41,Delivered,924.38,Standard,8996 Amanda Plaza,8996 Amanda Plaza,Credit Card,2025-03-12,LOC018
ORD0003220,CUS000002,2025-03-10 13:58:41,Delivered,8136.05,Standard,7944 Rich Turnpike,7944 Rich Turnpike,Credit Card,2025-03-15,LOC001
ORD0003221,CUS000097,2025-03-11 10:08:41,Delivered,4576.08,Standard,728 Laurie Cape,728 Laurie Cape,Bank Transfer,2025-03-18,LOC018
ORD0003222,CUS000100,2025-03-11 02:44:41,Delivered,5158.39,Express,14536 Holly Trail,14536 Holly Trail,Bank Transfer,2025-03-12,LOC006
ORD0003223,CUS000001,2025-03-11 00:59:41,Delivered,1265.86,Standard,45447 Ryan Springs Suite 790,45447 Ryan Springs Suite 790,Credit Card,2025-03-15,LOC019
ORD0003224,CUS000066,2025-03-11 01:46:41,Delivered,1328.13,Pick up in store,712 Andrew Ranch,712 Andrew Ranch,PayPal,2025-03-18,LOC001
ORD0003225,CUS000004,2025-03-11 04:59:41,Delivered,3043.5299999999997,Next Day,86781 Webb Tunnel Apt. 880,86781 Webb Tunnel Apt. 880,Credit Card,2025-03-15,LOC011
ORD0003226,CUS000077,2025-03-11 03:42:41,Delivered,6249.39,Pick up in store,17316 Ashley Ridges Suite 345,17316 Ashley Ridges Suite 345,Credit Card,2025-03-15,LOC015
ORD0003227,CUS000059,2025-03-10 15:38:41,Delivered,8933.880000000001,Standard,604 Jones Courts Apt. 869,604 Jones Courts Apt. 869,PayPal,2025-03-17,LOC001
ORD0003228,CUS000081,2025-03-12 03:51:41,Delivered,2330.36,Pick up in store,335 Kyle Crescent Apt. 760,335 Kyle Crescent Apt. 760,Credit Card,2025-03-15,LOC004
ORD0003229,CUS000051,2025-03-12 03:34:41,Delivered,5224.64,Next Day,563 Jones Fields Suite 934,563 Jones Fields Suite 934,Credit Card,2025-03-17,LOC007
ORD0003230,CUS000067,2025-03-11 11:19:41,Delivered,2941.02,Standard,4937 Brown Turnpike Suite 240,4937 Brown Turnpike Suite 240,Bank Transfer,2025-03-18,LOC017
ORD0003231,CUS000086,2025-03-12 00:33:41,Delivered,4304.09,Pick up in store,023 Melissa Crossroad Apt. 855,023 Melissa Crossroad Apt. 855,PayPal,2025-03-18,LOC018
ORD0003232,CUS000053,2025-03-11 12:58:41,Delivered,5126.780000000001,Express,92512 Armstrong Station,92512 Armstrong Station,Bank Transfer,2025-03-16,LOC017
ORD0003233,CUS000071,2025-03-11 21:09:41,Delivered,10751.43,Standard,085 Aaron Crescent Apt. 676,085 Aaron Crescent Apt. 676,Bank Transfer,2025-03-13,LOC020
ORD0003234,CUS000088,2025-03-11 13:14:41,Delivered,4695.68,Pick up in store,50544 Penny Isle Suite 526,50544 Penny Isle Suite 526,Credit Card,2025-03-15,LOC020
ORD0003235,CUS000001,2025-03-12 08:33:41,Delivered,5285.53,Express,45447 Ryan Springs Suite 790,45447 Ryan Springs Suite 790,Credit Card,2025-03-18,LOC007
ORD0003236,CUS000082,2025-03-12 07:56:41,Delivered,2666.2700000000004,Pick up in store,3913 Chambers Park Apt. 634,3913 Chambers Park Apt. 634,Bank Transfer,2025-03-13,LOC008
ORD0003237,CUS000011,2025-03-12 01:34:41,Delivered,4903.820000000001,Next Day,627 Carol Vista,627 Carol Vista,PayPal,2025-03-18,LOC002
ORD0003238,CUS000050,2025-03-12 05:19:41,Delivered,2194.5,Next Day,739 Garcia Spur Apt. 819,739 Garcia Spur Apt. 819,Credit Card,2025-03-18,LOC005
ORD0003239,CUS000099,2025-03-11 19:13:41,Delivered,680.92,Next Day,385 Diana Mountain,385 Diana Mountain,Credit Card,2025-03-14,LOC013
ORD0003240,CUS000051,2025-03-11 14:08:41,Delivered,5403.48,Express,563 Jones Fields Suite 934,563 Jones Fields Suite 934,Bank Transfer,2025-03-14,LOC002
ORD0003241,CUS000085,2025-03-11 19:48:41,Delivered,1070.49,Express,65310 Smith Causeway,65310 Smith Causeway,Credit Card,2025-03-15,LOC012
ORD0003242,CUS000019,2025-03-11 15:20:41,Delivered,2691.42,Express,3594 Long Wall Suite 248,3594 Long Wall Suite 248,PayPal,2025-03-18,LOC010
ORD0003243,CUS000034,2025-03-11 22:06:41,Delivered,3234.9800000000005,Next Day,81729 Mccall Meadows,81729 Mccall Meadows,Bank Transfer,2025-03-15,LOC004
ORD0003244,CUS000075,2025-03-12 06:35:41,Delivered,3520.44,Next Day,10585 Shaun Squares Suite 674,10585 Shaun Squares Suite 674,Credit Card,2025-03-15,LOC016
ORD0003245,CUS000074,2025-03-11 11:11:41,Delivered,10273.24,Pick up in store,42549 Zavala Lakes Suite 652,42549 Zavala Lakes Suite 652,Credit Card,2025-03-17,LOC011
ORD0003246,CUS000069,2025-03-12 09:41:41,Delivered,4137.83,Pick up in store,56017 Michelle Trace Apt. 592,56017 Michelle Trace Apt. 592,PayPal,2025-03-18,LOC016
ORD0003247,CUS000043,2025-03-12 09:39:41,Delivered,1527.5200000000002,Express,1002 John Row Apt. 424,1002 John Row Apt. 424,PayPal,2025-03-19,LOC005
ORD0003248,CUS000074,2025-03-12 12:15:41,Delivered,2571.69,Pick up in store,42549 Zavala Lakes Suite 652,42549 Zavala Lakes Suite 652,PayPal,2025-03-19,LOC015
ORD0003249,CUS000031,2025-03-13 03:52:41,Delivered,3361.76,Standard,3219 Rodriguez Passage Suite 363,3219 Rodriguez Passage Suite 363,Bank Transfer,2025-03-19,LOC019
ORD0003250,CUS000027,2025-03-13 00:02:41,Delivered,3842.0800000000004,Pick up in store,8148 John Course Suite 159,8148 John Course Suite 159,PayPal,2025-03-19,LOC016
ORD0003251,CUS000066,2025-03-12 20:33:41,Delivered,6400.120000000001,Standard,712 Andrew Ranch,712 Andrew Ranch,Bank Transfer,2025-03-16,LOC003
ORD0003252,CUS000017,2025-03-12 17:37:41,Delivered,5581.52,Pick up in store,4207 Craig Causeway,4207 Craig Causeway,Credit Card,2025-03-16,LOC001
ORD0003253,CUS000020,2025-03-13 01:19:41,Delivered,1084.6599999999999,Standard,63649 Robinson Court,63649 Robinson Court,PayPal,2025-03-14,LOC007
ORD0003254,CUS000097,2025-03-13 04:31:41,Delivered,8798.32,Standard,728 Laurie Cape,728 Laurie Cape,Bank Transfer,2025-03-19,LOC008
ORD0003255,CUS000074,2025-03-13 06:51:41,Delivered,288.78000000000003,Pick up in store,42549 Zavala Lakes Suite 652,42549 Zavala Lakes Suite 652,Bank Transfer,2025-03-18,LOC013
ORD0003256,CUS000035,2025-03-12 18:20:41,Delivered,372.33,Standard,0435 Mullins Canyon,0435 Mullins Canyon,PayPal,2025-03-15,LOC002
ORD0003257,CUS000036,2025-03-13 04:21:41,Delivered,3860.59,Pick up in store,4716 Felicia Trafficway Apt. 051,4716 Felicia Trafficway Apt. 051,Credit Card,2025-03-18,LOC019
ORD0003258,CUS000046,2025-03-12 12:08:41,Delivered,4320.240000000001,Standard,0384 Michelle Cape,0384 Michelle Cape,PayPal,2025-03-15,LOC002
ORD0003259,CUS000056,2025-03-12 20:06:41,Delivered,1074.8700000000001,Next Day,5399 Pierce Gardens Suite 720,5399 Pierce Gardens Suite 720,Credit Card,2025-03-18,LOC015
ORD0003260,CUS000061,2025-03-13 02:28:41,Delivered,2409.9,Next Day,8595 Joshua Pine,8595 Joshua Pine,PayPal,2025-03-16,LOC014
ORD0003261,CUS000069,2025-03-12 19:40:41,Delivered,1892.85,Pick up in store,56017 Michelle Trace Apt. 592,56017 Michelle Trace Apt. 592,Credit Card,2025-03-18,LOC003
ORD0003262,CUS000020,2025-03-12 12:46:41,Delivered,7270.6,Pick up in store,63649 Robinson Court,63649 Robinson Court,PayPal,2025-03-17,LOC002
ORD0003263,CUS000079,2025-03-12 23:10:41,Delivered,10081.69,Standard,34676 Chan Brooks,34676 Chan Brooks,PayPal,2025-03-17,LOC015
ORD0003264,CUS000076,2025-03-12 13:34:41,Delivered,1127.9,Pick up in store,8996 Amanda Plaza,8996 Amanda Plaza,Credit Card,2025-03-19,LOC020
ORD0003265,CUS000076,2025-03-13 07:01:41,Delivered,62.2,Next Day,8996 Amanda Plaza,8996 Amanda Plaza,Credit Card,2025-03-18,LOC008
ORD0003266,CUS000092,2025-03-13 10:47:41,Delivered,2524.05,Standard,441 Nichols Glen,441 Nichols Glen,PayPal,2025-03-17,LOC003
ORD0003267,CUS000002,2025-03-13 00:11:41,Delivered,134.08,Standard,7944 Rich Turnpike,7944 Rich Turnpike,Bank Transfer,2025-03-15,LOC008
ORD0003268,CUS000008,2025-03-12 15:55:41,Delivered,4260.32,Pick up in store,949 Mueller Mission,949 Mueller Mission,Bank Transfer,2025-03-15,LOC007
ORD0003269,CUS000069,2025-03-13 05:50:41,Delivered,1193.85,Pick up in store,56017 Michelle Trace Apt. 592,56017 Michelle Trace Apt. 592,Credit Card,2025-03-17,LOC018
ORD0003270,CUS000020,2025-03-13 05:34:41,Delivered,850.12,Next Day,63649 Robinson Court,63649 Robinson Court,Bank Transfer,2025-03-18,LOC006
ORD0003271,CUS000025,2025-03-12 18:08:41,Delivered,9064.89,Express,554 Phillips Spring,554 Phillips Spring,Bank Transfer,2025-03-18,LOC005
ORD0003272,CUS000018,2025-03-13 19:13:41,Delivered,4691.2,Next Day,693 Kathryn Extension,693 Kathryn Extension,Credit Card,2025-03-16,LOC015
ORD0003273,CUS000092,2025-03-14 02:07:41,Delivered,5669.4,Express,441 Nichols Glen,441 Nichols Glen,Bank Transfer,2025-03-18,LOC013
ORD0003274,CUS000059,2025-03-14 08:26:41,Delivered,3032.2200000000003,Next Day,604 Jones Courts Apt. 869,604 Jones Courts Apt. 869,PayPal,2025-03-20,LOC010
ORD0003275,CUS000074,2025-03-13 16:58:41,Delivered,2768.96,Next Day,42549 Zavala Lakes Suite 652,42549 Zavala Lakes Suite 652,PayPal,2025-03-17,LOC009
ORD0003276,CUS000012,2025-03-14 09:57:41,Delivered,6737.09,Next Day,753 Powell Manor Suite 888,753 Powell Manor Suite 888,Bank Transfer,2025-03-15,LOC009
ORD0003277,CUS000069,2025-03-14 10:36:41,Delivered,59.2,Next Day,56017 Michelle Trace Apt. 592,56017 Michelle Trace Apt. 592,PayPal,2025-03-20,LOC015
ORD0003278,CUS000071,2025-03-13 14:24:41,Delivered,5414.62,Standard,085 Aaron Crescent Apt. 676,085 Aaron Crescent Apt. 676,PayPal,2025-03-18,LOC014
ORD0003279,CUS000040,2025-03-13 13:13:41,Delivered,366.64,Pick up in store,9433 Jackie Key,9433 Jackie Key,Bank Transfer,2025-03-17,LOC007
ORD0003280,CUS000093,2025-03-14 07:30:41,Delivered,4138.96,Standard,443 Evans Pine Apt. 602,443 Evans Pine Apt. 602,Credit Card,2025-03-19,LOC020
ORD0003281,CUS000040,2025-03-14 06:06:41,Delivered,852.1899999999999,Standard,9433 Jackie Key,9433 Jackie Key,Credit Card,2025-03-17,LOC014
ORD0003282,CUS000072,2025-03-14 03:25:41,Delivered,2365.42,Next Day,022 Brennan Vista,022 Brennan Vista,Credit Card,2025-03-21,LOC013
ORD0003283,CUS000094,2025-03-13 14:53:41,Delivered,7791.95,Next Day,91800 Tony Lights Suite 800,91800 Tony Lights Suite 800,PayPal,2025-03-18,LOC005
ORD0003284,CUS000063,2025-03-13 18:21:41,Delivered,6152.95,Express,6888 Emily Underpass,6888 Emily Underpass,Credit Card,2025-03-17,LOC005
ORD0003285,CUS000032,2025-03-13 11:50:41,Delivered,1288.28,Pick up in store,57334 Cooper Island,57334 Cooper Island,Credit Card,2025-03-18,LOC013
ORD0003286,CUS000095,2025-03-13 20:19:41,Delivered,4849.26,Pick up in store,1425 Williams Mountain,1425 Williams Mountain,Bank Transfer,2025-03-19,LOC015
ORD0003287,CUS000018,2025-03-14 23:15:41,Delivered,4003.96,Next Day,693 Kathryn Extension,693 Kathryn Extension,PayPal,2025-03-15,LOC020
ORD0003288,CUS000020,2025-03-15 09:49:41,Delivered,3443.88,Standard,63649 Robinson Court,63649 Robinson Court,Bank Transfer,2025-03-18,LOC007
ORD0003289,CUS000005,2025-03-15 03:23:41,Delivered,8338.28,Next Day,55835 Christopher Parkways Suite 486,55835 Christopher Parkways Suite 486,PayPal,2025-03-17,LOC010
ORD0003290,CUS000001,2025-03-14 22:39:41,Delivered,4341.77,Express,45447 Ryan Springs Suite 790,45447 Ryan Springs Suite 790,Bank Transfer,2025-03-15,LOC013
ORD0003291,CUS000075,2025-03-15 05:35:41,Delivered,4176.2699999999995,Express,10585 Shaun Squares Suite 674,10585 Shaun Squares Suite 674,Credit Card,2025-03-22,LOC017
ORD0003292,CUS000040,2025-03-15 05:07:41,Delivered,6167.87,Pick up in store,9433 Jackie Key,9433 Jackie Key,Bank Transfer,2025-03-17,LOC007
ORD0003293,CUS000086,2025-03-14 10:59:41,Delivered,274.71,Standard,023 Melissa Crossroad Apt. 855,023 Melissa Crossroad Apt. 855,PayPal,2025-03-18,LOC020
ORD0003294,CUS000025,2025-03-15 10:25:41,Delivered,551.79,Next Day,554 Phillips Spring,554 Phillips Spring,Credit Card,2025-03-18,LOC008
ORD0003295,CUS000061,2025-03-15 10:03:41,Delivered,6471.16,Standard,8595 Joshua Pine,8595 Joshua Pine,Credit Card,2025-03-19,LOC020
ORD0003296,CUS000038,2025-03-15 02:06:41,Delivered,2182.6,Next Day,811 Leonard Ford Apt. 102,811 Leonard Ford Apt. 102,Bank Transfer,2025-03-22,LOC020
ORD0003297,CUS000094,2025-03-14 18:27:41,Delivered,733.7,Express,91800 Tony Lights Suite 800,91800 Tony Lights Suite 800,Bank Transfer,2025-03-17,LOC018
ORD0003298,CUS000041,2025-03-14 23:02:41,Delivered,950.52,Express,312 Mathew Route Suite 835,312 Mathew Route Suite 835,Bank Transfer,2025-03-18,LOC020
ORD0003299,CUS000063,2025-03-14 14:17:41,Delivered,1133.01,Next Day,6888 Emily Underpass,6888 Emily Underpass,Bank Transfer,2025-03-18,LOC003
ORD0003300,CUS000074,2025-03-14 16:07:41,Delivered,2632.62,Next Day,42549 Zavala Lakes Suite 652,42549 Zavala Lakes Suite 652,Bank Transfer,2025-03-15,LOC020
ORD0003301,CUS000009,2025-03-15 00:28:41,Delivered,7613.49,Next Day,4479 Hinton Heights Suite 425,4479 Hinton Heights Suite 425,PayPal,2025-03-19,LOC020
ORD0003302,CUS000068,2025-03-15 07:27:41,Delivered,368.13,Express,165 Walker Mill,165 Walker Mill,Bank Transfer,2025-03-17,LOC018
ORD0003303,CUS000010,2025-03-15 10:41:41,Delivered,5510.3,Standard,386 Brian Gateway,386 Brian Gateway,PayPal,2025-03-20,LOC014
ORD0003304,CUS000058,2025-03-14 20:12:41,Delivered,3956.2799999999997,Next Day,6387 Susan Roads,6387 Susan Roads,PayPal,2025-03-18,LOC016
ORD0003305,CUS000007,2025-03-14 15:09:41,Delivered,10380.119999999999,Standard,64048 Golden Mount Suite 491,64048 Golden Mount Suite 491,Bank Transfer,2025-03-16,LOC004
ORD0003306,CUS000036,2025-03-14 19:11:41,Delivered,3173.09,Standard,4716 Felicia Trafficway Apt. 051,4716 Felicia Trafficway Apt. 051,Credit Card,2025-03-18,LOC010
ORD0003307,CUS000005,2025-03-14 21:44:41,Delivered,1502.64,Express,55835 Christopher Parkways Suite 486,55835 Christopher Parkways Suite 486,Credit Card,2025-03-20,LOC015
ORD0003308,CUS000078,2025-03-16 08:18:41,Delivered,2176.44,Next Day,783 Hudson Mill Suite 171,783 Hudson Mill Suite 171,Bank Transfer,2025-03-20,LOC004
ORD0003309,CUS000097,2025-03-15 20:51:41,Delivered,385.04,Express,728 Laurie Cape,728 Laurie Cape,Credit Card,2025-03-18,LOC015
ORD0003310,CUS000013,2025-03-16 07:52:41,Delivered,5346.7,Next Day,54024 Miller Track Suite 763,54024 Miller Track Suite 763,Bank Transfer,2025-03-21,LOC003
ORD0003311,CUS000036,2025-03-15 21:40:41,Delivered,7049.48,Standard,4716 Felicia Trafficway Apt. 051,4716 Felicia Trafficway Apt. 051,PayPal,2025-03-22,LOC004
ORD0003312,CUS000093,2025-03-15 21:27:41,Delivered,6489.210000000001,Express,443 Evans Pine Apt. 602,443 Evans Pine Apt. 602,Credit Card,2025-03-22,LOC013
ORD0003313,CUS000075,2025-03-15 14:14:41,Delivered,3720.86,Express,10585 Shaun Squares Suite 674,10585 Shaun Squares Suite 674,PayPal,2025-03-21,LOC004
ORD0003314,CUS000090,2025-03-16 02:17:41,Delivered,1364.48,Standard,9210 Morris Turnpike Suite 212,9210 Morris Turnpike Suite 212,PayPal,2025-03-22,LOC016
ORD0003315,CUS000094,2025-03-16 07:30:41,Delivered,9583.27,Next Day,91800 Tony Lights Suite 800,91800 Tony Lights Suite 800,Bank Transfer,2025-03-23,LOC014
ORD0003316,CUS000075,2025-03-15 13:50:41,Delivered,5060.42,Pick up in store,10585 Shaun Squares Suite 674,10585 Shaun Squares Suite 674,Credit Card,2025-03-18,LOC018
ORD0003317,CUS000005,2025-03-16 03:45:41,Delivered,3533.98,Express,55835 Christopher Parkways Suite 486,55835 Christopher Parkways Suite 486,Bank Transfer,2025-03-19,LOC016
ORD0003318,CUS000005,2025-03-15 22:57:41,Delivered,8165.750000000001,Next Day,55835 Christopher Parkways Suite 486,55835 Christopher Parkways Suite 486,Credit Card,2025-03-21,LOC007
ORD0003319,CUS000022,2025-03-16 08:59:41,Delivered,6396.62,Standard,290 Hodges Pine,290 Hodges Pine,Bank Transfer,2025-03-21,LOC017
ORD0003320,CUS000003,2025-03-16 00:01:41,Delivered,4483.59,Standard,22024 Harrison Roads,22024 Harrison Roads,PayPal,2025-03-21,LOC019
ORD0003321,CUS000003,2025-03-16 09:48:41,Delivered,2125.12,Standard,22024 Harrison Roads,22024 Harrison Roads,Bank Transfer,2025-03-20,LOC001
ORD0003322,CUS000056,2025-03-16 00:11:41,Delivered,870.37,Pick up in store,5399 Pierce Gardens Suite 720,5399 Pierce Gardens Suite 720,Credit Card,2025-03-19,LOC005
ORD0003323,CUS000068,2025-03-16 09:49:41,Delivered,2052.16,Next Day,165 Walker Mill,165 Walker Mill,Credit Card,2025-03-21,LOC004
ORD0003324,CUS000085,2025-03-15 12:54:41,Delivered,5749.35,Standard,65310 Smith Causeway,65310 Smith Causeway,PayPal,2025-03-19,LOC015
ORD0003325,CUS000065,2025-03-16 02:09:41,Delivered,620.55,Pick up in store,0316 Wendy Club Apt. 476,0316 Wendy Club Apt. 476,Credit Card,2025-03-23,LOC008
ORD0003326,CUS000042,2025-03-15 21:37:41,Delivered,906.08,Next Day,19899 Mark Way Suite 871,19899 Mark Way Suite 871,Credit Card,2025-03-19,LOC012
ORD0003327,CUS000008,2025-03-15 14:48:41,Delivered,10812.36,Standard,949 Mueller Mission,949 Mueller Mission,Bank Transfer,2025-03-22,LOC008
ORD0003328,CUS000008,2025-03-15 23:29:41,Delivered,3358.1600000000003,Standard,949 Mueller Mission,949 Mueller Mission,PayPal,2025-03-18,LOC004
ORD0003329,CUS000005,2025-03-16 05:45:41,Delivered,5492.83,Pick up in store,55835 Christopher Parkways Suite 486,55835 Christopher Parkways Suite 486,PayPal,2025-03-20,LOC004
ORD0003330,CUS000082,2025-03-15 22:42:41,Delivered,3638.32,Next Day,3913 Chambers Park Apt. 634,3913 Chambers Park Apt. 634,Bank Transfer,2025-03-21,LOC003
ORD0003331,CUS000060,2025-03-16 00:48:41,Delivered,928.84,Next Day,50318 Kenneth Burg Suite 855,50318 Kenneth Burg Suite 855,Credit Card,2025-03-18,LOC020
ORD0003332,CUS000056,2025-03-15 10:52:41,Delivered,9050.550000000001,Express,5399 Pierce Gardens Suite 720,5399 Pierce Gardens Suite 720,Credit Card,2025-03-21,LOC009
ORD0003333,CUS000064,2025-03-15 16:29:41,Delivered,1591.7199999999998,Next Day,93926 Jason Common Suite 790,93926 Jason Common Suite 790,PayPal,2025-03-18,LOC009
ORD0003334,CUS000031,2025-03-16 07:48:41,Delivered,4694.179999999999,Next Day,3219 Rodriguez Passage Suite 363,3219 Rodriguez Passage Suite 363,PayPal,2025-03-23,LOC009
ORD0003335,CUS000079,2025-03-15 12:58:41,Delivered,2569.5499999999997,Standard,34676 Chan Brooks,34676 Chan Brooks,PayPal,2025-03-22,LOC012
ORD0003336,CUS000048,2025-03-17 10:11:41,Delivered,1982.94,Pick up in store,1997 Shelly Shore,1997 Shelly Shore,PayPal,2025-03-20,LOC012
ORD0003337,CUS000034,2025-03-17 03:10:41,Delivered,7242.47,Next Day,81729 Mccall Meadows,81729 Mccall Meadows,Credit Card,2025-03-18,LOC001
ORD0003338,CUS000037,2025-03-16 20:22:41,Delivered,731.87,Standard,536 Elizabeth Via,536 Elizabeth Via,Bank Transfer,2025-03-20,LOC007
ORD0003339,CUS000004,2025-03-16 14:09:41,Delivered,8316.82,Next Day,86781 Webb Tunnel Apt. 880,86781 Webb Tunnel Apt. 880,PayPal,2025-03-20,LOC020
ORD0003340,CUS000054,2025-03-17 00:48:41,Delivered,9076.4,Pick up in store,00532 Matthew Fork Suite 143,00532 Matthew Fork Suite 143,Credit Card,2025-03-24,LOC019
ORD0003341,CUS000073,2025-03-16 20:39:41,Delivered,1740.63,Next Day,598 Smith Mission Suite 623,598 Smith Mission Suite 623,PayPal,2025-03-21,LOC009
ORD0003342,CUS000013,2025-03-16 17:33:41,Delivered,565.37,Next Day,54024 Miller Track Suite 763,54024 Miller Track Suite 763,PayPal,2025-03-20,LOC006
ORD0003343,CUS000058,2025-03-17 00:41:41,Delivered,1618.48,Pick up in store,6387 Susan Roads,6387 Susan Roads,Credit Card,2025-03-20,LOC014
ORD0003344,CUS000013,2025-03-17 02:46:41,Delivered,1156.1399999999999,Next Day,54024 Miller Track Suite 763,54024 Miller Track Suite 763,Bank Transfer,2025-03-18,LOC006
ORD0003345,CUS000011,2025-03-16 15:05:41,Delivered,2562.8,Express,627 Carol Vista,627 Carol Vista,PayPal,2025-03-23,LOC007
ORD0003346,CUS000013,2025-03-16 18:36:41,Delivered,167.60000000000002,Next Day,54024 Miller Track Suite 763,54024 Miller Track Suite 763,Credit Card,2025-03-18,LOC006
ORD0003347,CUS000013,2025-03-17 02:09:41,Delivered,4887.37,Standard,54024 Miller Track Suite 763,54024 Miller Track Suite 763,PayPal,2025-03-20,LOC014
ORD0003348,CUS000067,2025-03-16 11:00:41,Delivered,397.95,Standard,4937 Brown Turnpike Suite 240,4937 Brown Turnpike Suite 240,PayPal,2025-03-18,LOC013
ORD0003349,CUS000016,2025-03-16 23:44:41,Delivered,3850.35,Next Day,517 Lester Brook,517 Lester Brook,Bank Transfer,2025-03-21,LOC015
ORD0003350,CUS000031,2025-03-16 19:29:41,Delivered,1866.5300000000002,Pick up in store,3219 Rodriguez Passage Suite 363,3219 Rodriguez Passage Suite 363,Bank Transfer,2025-03-20,LOC004
ORD0003351,CUS000016,2025-03-16 20:18:41,Delivered,8481.46,Pick up in store,517 Lester Brook,517 Lester Brook,Bank Transfer,2025-03-23,LOC010
ORD0003352,CUS000052,2025-03-16 12:14:41,Delivered,647.86,Pick up in store,28803 Kyle Island,28803 Kyle Island,Credit Card,2025-03-22,LOC006
ORD0003353,CUS000018,2025-03-17 00:23:41,Delivered,8630.380000000001,Standard,693 Kathryn Extension,693 Kathryn Extension,Bank Transfer,2025-03-20,LOC012
ORD0003354,CUS000089,2025-03-17 10:25:41,Delivered,934.61,Express,890 Fuller Harbor Apt. 884,890 Fuller Harbor Apt. 884,PayPal,2025-03-20,LOC009
ORD0003355,CUS000091,2025-03-17 00:14:41,Delivered,1223.1,Express,7372 Marshall Haven,7372 Marshall Haven,Credit Card,2025-03-24,LOC019
ORD0003356,CUS000069,2025-03-17 00:37:41,Delivered,8714.73,Standard,56017 Michelle Trace Apt. 592,56017 Michelle Trace Apt. 592,PayPal,2025-03-19,LOC016
ORD0003357,CUS000039,2025-03-17 05:57:41,Delivered,5096.16,Next Day,06077 Marcus Bypass,06077 Marcus Bypass,Credit Card,2025-03-23,LOC001
ORD0003358,CUS000071,2025-03-17 02:44:41,Delivered,5382.240000000001,Standard,085 Aaron Crescent Apt. 676,085 Aaron Crescent Apt. 676,Credit Card,2025-03-20,LOC012
ORD0003359,CUS000071,2025-03-17 09:03:41,Delivered,3537.75,Pick up in store,085 Aaron Crescent Apt. 676,085 Aaron Crescent Apt. 676,Credit Card,2025-03-21,LOC018
ORD0003360,CUS000059,2025-03-17 22:50:41,Delivered,1822.31,Pick up in store,604 Jones Courts Apt. 869,604 Jones Courts Apt. 869,Bank Transfer,2025-03-24,LOC014
ORD0003361,CUS000023,2025-03-17 17:45:41,Delivered,7444.92,Pick up in store,245 Hall Cove,245 Hall Cove,PayPal,2025-03-24,LOC004
ORD0003362,CUS000044,2025-03-17 21:25:41,Delivered,2318.6400000000003,Next Day,28472 Anderson Bypass,28472 Anderson Bypass,Credit Card,2025-03-24,LOC010
ORD0003363,CUS000068,2025-03-18 05:14:41,Delivered,5332.93,Pick up in store,165 Walker Mill,165 Walker Mill,PayPal,2025-03-19,LOC009
ORD0003364,CUS000097,2025-03-18 02:07:41,Delivered,8407.7,Standard,728 Laurie Cape,728 Laurie Cape,Credit Card,2025-03-24,LOC014
ORD0003365,CUS000089,2025-03-17 15:01:41,Delivered,122.71,Next Day,890 Fuller Harbor Apt. 884,890 Fuller Harbor Apt. 884,Credit Card,2025-03-23,LOC005
ORD0003366,CUS000061,2025-03-18 05:36:41,Delivered,4686.540000000001,Standard,8595 Joshua Pine,8595 Joshua Pine,Bank Transfer,2025-03-22,LOC001
ORD0003367,CUS000084,2025-03-17 12:54:41,Delivered,5108.17,Pick up in store,3563 Ashley Wall Apt. 125,3563 Ashley Wall Apt. 125,Bank Transfer,2025-03-22,LOC005
ORD0003368,CUS000001,2025-03-18 09:58:41,Delivered,6171.4,Express,45447 Ryan Springs Suite 790,45447 Ryan Springs Suite 790,Bank Transfer,2025-03-23,LOC003
ORD0003369,CUS000046,2025-03-17 11:07:41,Delivered,751.71,Pick up in store,0384 Michelle Cape,0384 Michelle Cape,PayPal,2025-03-21,LOC017
ORD0003370,CUS000060,2025-03-17 19:58:41,Delivered,100.35,Pick up in store,50318 Kenneth Burg Suite 855,50318 Kenneth Burg Suite 855,PayPal,2025-03-21,LOC002
ORD0003371,CUS000077,2025-03-17 15:42:41,Delivered,8749.470000000001,Express,17316 Ashley Ridges Suite 345,17316 Ashley Ridges Suite 345,PayPal,2025-03-23,LOC016
ORD0003372,CUS000023,2025-03-18 10:05:41,Delivered,3224.6400000000003,Pick up in store,245 Hall Cove,245 Hall Cove,PayPal,2025-03-23,LOC003
ORD0003373,CUS000099,2025-03-18 03:11:41,Delivered,1364.48,Next Day,385 Diana Mountain,385 Diana Mountain,Bank Transfer,2025-03-19,LOC014
ORD0003374,CUS000091,2025-03-18 01:58:41,Delivered,554.32,Standard,7372 Marshall Haven,7372 Marshall Haven,PayPal,2025-03-25,LOC005
ORD0003375,CUS000041,2025-03-17 15:13:41,Delivered,2845.66,Pick up in store,312 Mathew Route Suite 835,312 Mathew Route Suite 835,Bank Transfer,2025-03-24,LOC019
ORD0003376,CUS000098,2025-03-18 03:48:41,Delivered,7458.89,Express,4693 Ashley Centers,4693 Ashley Centers,Bank Transfer,2025-03-19,LOC001
ORD0003377,CUS000010,2025-03-17 19:00:41,Delivered,2734.7200000000003,Next Day,386 Brian Gateway,386 Brian Gateway,PayPal,2025-03-24,LOC019
ORD0003378,CUS000029,2025-03-18 01:49:41,Delivered,1396.53,Standard,248 Schaefer Alley,248 Schaefer Alley,PayPal,2025-03-22,LOC011
ORD0003379,CUS000062,2025-03-18 17:43:41,Delivered,248.22,Next Day,9634 Thomas Vista,9634 Thomas Vista,PayPal,2025-03-22,LOC009
ORD0003380,CUS000018,2025-03-18 11:39:41,Delivered,1819.62,Express,693 Kathryn Extension,693 Kathryn Extension,Credit Card,2025-03-23,LOC020
ORD0003381,CUS000081,2025-03-18 19:09:41,Delivered,6459.93,Pick up in store,335 Kyle Crescent Apt. 760,335 Kyle Crescent Apt. 760,Bank Transfer,2025-03-19,LOC019
ORD0003382,CUS000022,2025-03-19 00:12:41,Delivered,6183.15,Express,290 Hodges Pine,290 Hodges Pine,Bank Transfer,2025-03-20,LOC010
ORD0003383,CUS000062,2025-03-18 14:30:41,Delivered,1322.51,Pick up in store,9634 Thomas Vista,9634 Thomas Vista,Credit Card,2025-03-24,LOC007
ORD0003384,CUS000006,2025-03-19 00:38:41,Delivered,4432.51,Standard,20878 Andersen Lock Suite 120,20878 Andersen Lock Suite 120,Credit Card,2025-03-25,LOC001
ORD0003385,CUS000068,2025-03-18 23:46:41,Delivered,3536.93,Standard,165 Walker Mill,165 Walker Mill,PayPal,2025-03-22,LOC015
ORD0003386,CUS000057,2025-03-19 06:03:41,Delivered,1713.3799999999999,Standard,647 Mcgee Manors,647 Mcgee Manors,PayPal,2025-03-23,LOC004
ORD0003387,CUS000066,2025-03-18 15:08:41,Delivered,1243.8,Standard,712 Andrew Ranch,712 Andrew Ranch,PayPal,2025-03-20,LOC020
ORD0003388,CUS000095,2025-03-19 00:04:41,Delivered,6667.63,Next Day,1425 Williams Mountain,1425 Williams Mountain,Credit Card,2025-03-22,LOC005
ORD0003389,CUS000022,2025-03-18 18:31:41,Delivered,171.21,Pick up in store,290 Hodges Pine,290 Hodges Pine,PayPal,2025-03-23,LOC002
ORD0003390,CUS000037,2025-03-19 01:39:41,Delivered,453.04,Next Day,536 Elizabeth Via,536 Elizabeth Via,Bank Transfer,2025-03-24,LOC002
ORD0003391,CUS000084,2025-03-19 04:01:41,Delivered,8098.47,Pick up in store,3563 Ashley Wall Apt. 125,3563 Ashley Wall Apt. 125,Bank Transfer,2025-03-26,LOC013
ORD0003392,CUS000001,2025-03-18 20:04:41,Delivered,622.14,Standard,45447 Ryan Springs Suite 790,45447 Ryan Springs Suite 790,Credit Card,2025-03-21,LOC013
ORD0003393,CUS000095,2025-03-18 13:04:41,Delivered,7825.880000000001,Next Day,1425 Williams Mountain,1425 Williams Mountain,Bank Transfer,2025-03-25,LOC008
ORD0003394,CUS000048,2025-03-18 16:15:41,Delivered,292.08,Express,1997 Shelly Shore,1997 Shelly Shore,Bank Transfer,2025-03-21,LOC019
ORD0003395,CUS000057,2025-03-19 04:47:41,Delivered,1364.48,Standard,647 Mcgee Manors,647 Mcgee Manors,Bank Transfer,2025-03-23,LOC001
ORD0003396,CUS000091,2025-03-19 07:56:41,Delivered,5072.59,Express,7372 Marshall Haven,7372 Marshall Haven,PayPal,2025-03-23,LOC003
ORD0003397,CUS000056,2025-03-18 12:23:41,Delivered,1732.8899999999999,Pick up in store,5399 Pierce Gardens Suite 720,5399 Pierce Gardens Suite 720,Bank Transfer,2025-03-22,LOC001
ORD0003398,CUS000026,2025-03-19 01:32:41,Delivered,1511.82,Next Day,305 Newton Bypass,305 Newton Bypass,Bank Transfer,2025-03-26,LOC015
ORD0003399,CUS000093,2025-03-18 18:07:41,Delivered,4066.17,Express,443 Evans Pine Apt. 602,443 Evans Pine Apt. 602,Credit Card,2025-03-19,LOC007
ORD0003400,CUS000009,2025-03-19 07:01:41,Delivered,5366.41,Next Day,4479 Hinton Heights Suite 425,4479 Hinton Heights Suite 425,PayPal,2025-03-23,LOC007
ORD0003401,CUS000041,2025-03-19 05:00:41,Delivered,3351.36,Next Day,312 Mathew Route Suite 835,312 Mathew Route Suite 835,Credit Card,2025-03-26,LOC003
ORD0003402,CUS000089,2025-03-18 16:15:41,Delivered,5530.14,Express,890 Fuller Harbor Apt. 884,890 Fuller Harbor Apt. 884,Credit Card,2025-03-24,LOC009
ORD0003403,CUS000036,2025-03-20 10:26:41,Delivered,1178.52,Pick up in store,4716 Felicia Trafficway Apt. 051,4716 Felicia Trafficway Apt. 051,Bank Transfer,2025-03-24,LOC020
ORD0003404,CUS000066,2025-03-20 02:01:41,Delivered,1911.8000000000002,Express,712 Andrew Ranch,712 Andrew Ranch,Bank Transfer,2025-03-25,LOC009
ORD0003405,CUS000014,2025-03-20 06:26:41,Delivered,1890.1000000000001,Pick up in store,240 Lewis Park,240 Lewis Park,Credit Card,2025-03-26,LOC008
ORD0003406,CUS000061,2025-03-19 11:40:41,Delivered,7623.990000000001,Express,8595 Joshua Pine,8595 Joshua Pine,Bank Transfer,2025-03-23,LOC005
ORD0003407,CUS000010,2025-03-19 20:42:41,Delivered,1147.08,Pick up in store,386 Brian Gateway,386 Brian Gateway,Bank Transfer,2025-03-20,LOC015
ORD0003408,CUS000012,2025-03-19 12:10:41,Delivered,8919.47,Standard,753 Powell Manor Suite 888,753 Powell Manor Suite 888,PayPal,2025-03-22,LOC018
ORD0003409,CUS000040,2025-03-19 11:17:41,Delivered,3841.51,Pick up in store,9433 Jackie Key,9433 Jackie Key,Credit Card,2025-03-23,LOC013
ORD0003410,CUS000045,2025-03-20 07:07:41,Delivered,8451.119999999999,Pick up in store,14062 Oliver Spurs,14062 Oliver Spurs,Credit Card,2025-03-26,LOC004
ORD0003411,CUS000096,2025-03-19 14:56:41,Delivered,707.15,Express,997 Debra Road,997 Debra Road,Bank Transfer,2025-03-20,LOC001
ORD0003412,CUS000060,2025-03-20 06:16:41,Delivered,8536.73,Standard,50318 Kenneth Burg Suite 855,50318 Kenneth Burg Suite 855,Credit Card,2025-03-25,LOC018
ORD0003413,CUS000069,2025-03-20 02:02:41,Delivered,2956.71,Pick up in store,56017 Michelle Trace Apt. 592,56017 Michelle Trace Apt. 592,Credit Card,2025-03-22,LOC007
ORD0003414,CUS000100,2025-03-20 07:38:41,Delivered,4746.740000000001,Express,14536 Holly Trail,14536 Holly Trail,Bank Transfer,2025-03-26,LOC013
ORD0003415,CUS000007,2025-03-19 16:45:41,Delivered,2066.02,Express,64048 Golden Mount Suite 491,64048 Golden Mount Suite 491,Credit Card,2025-03-20,LOC014
ORD0003416,CUS000035,2025-03-19 22:34:41,Delivered,3354.1800000000003,Next Day,0435 Mullins Canyon,0435 Mullins Canyon,PayPal,2025-03-26,LOC018
ORD0003417,CUS000072,2025-03-20 12:19:41,Delivered,3269.8399999999997,Express,022 Brennan Vista,022 Brennan Vista,PayPal,2025-03-24,LOC003
ORD0003418,CUS000067,2025-03-20 17:49:41,Delivered,8628.619999999999,Standard,4937 Brown Turnpike Suite 240,4937 Brown Turnpike Suite 240,Credit Card,2025-03-27,LOC013
ORD0003419,CUS000052,2025-03-21 05:29:41,Delivered,767.1800000000001,Standard,28803 Kyle Island,28803 Kyle Island,Credit Card,2025-03-25,LOC005
ORD0003420,CUS000093,2025-03-21 02:00:41,Delivered,785.0,Standard,443 Evans Pine Apt. 602,443 Evans Pine Apt. 602,Credit Card,2025-03-28,LOC015
ORD0003421,CUS000046,2025-03-20 15:19:41,Delivered,6604.129999999999,Next Day,0384 Michelle Cape,0384 Michelle Cape,Bank Transfer,2025-03-22,LOC006
ORD0003422,CUS000088,2025-03-20 16:59:41,Delivered,4565.28,Next Day,50544 Penny Isle Suite 526,50544 Penny Isle Suite 526,PayPal,2025-03-22,LOC008
ORD0003423,CUS000017,2025-03-20 15:22:41,Delivered,2928.3900000000003,Express,4207 Craig Causeway,4207 Craig Causeway,Bank Transfer,2025-03-22,LOC018
ORD0003424,CUS000078,2025-03-20 14:42:41,Delivered,3268.7200000000003,Standard,783 Hudson Mill Suite 171,783 Hudson Mill Suite 171,Bank Transfer,2025-03-25,LOC013
ORD0003425,CUS000022,2025-03-21 00:52:41,Delivered,4286.45,Next Day,290 Hodges Pine,290 Hodges Pine,PayPal,2025-03-23,LOC019
ORD0003426,CUS000006,2025-03-20 14:16:41,Delivered,6029.37,Next Day,20878 Andersen Lock Suite 120,20878 Andersen Lock Suite 120,Bank Transfer,2025-03-23,LOC011
ORD0003427,CUS000019,2025-03-21 06:42:41,Delivered,1591.8,Express,3594 Long Wall Suite 248,3594 Long Wall Suite 248,PayPal,2025-03-27,LOC012
ORD0003428,CUS000020,2025-03-21 01:37:41,Delivered,4700.83,Standard,63649 Robinson Court,63649 Robinson Court,Credit Card,2025-03-24,LOC012
ORD0003429,CUS000077,2025-03-21 08:09:41,Delivered,9496.779999999999,Next Day,17316 Ashley Ridges Suite 345,17316 Ashley Ridges Suite 345,Bank Transfer,2025-03-25,LOC012
ORD0003430,CUS000097,2025-03-20 14:48:41,Delivered,7982.72,Pick up in store,728 Laurie Cape,728 Laurie Cape,PayPal,2025-03-22,LOC001
ORD0003431,CUS000076,2025-03-21 05:17:41,Delivered,4202.0,Standard,8996 Amanda Plaza,8996 Amanda Plaza,Bank Transfer,2025-03-28,LOC019
ORD0003432,CUS000088,2025-03-21 01:01:41,Delivered,4387.7,Pick up in store,50544 Penny Isle Suite 526,50544 Penny Isle Suite 526,Credit Card,2025-03-24,LOC005
ORD0003433,CUS000005,2025-03-21 07:15:41,Delivered,3464.5699999999997,Standard,55835 Christopher Parkways Suite 486,55835 Christopher Parkways Suite 486,Bank Transfer,2025-03-27,LOC012
ORD0003434,CUS000018,2025-03-21 05:05:41,Delivered,4324.780000000001,Next Day,693 Kathryn Extension,693 Kathryn Extension,Bank Transfer,2025-03-24,LOC012
ORD0003435,CUS000033,2025-03-21 08:33:41,Delivered,4941.75,Express,32833 Harris Fall,32833 Harris Fall,PayPal,2025-03-26,LOC013
ORD0003436,CUS000019,2025-03-21 00:20:41,Delivered,862.0699999999999,Express,3594 Long Wall Suite 248,3594 Long Wall Suite 248,Credit Card,2025-03-23,LOC004
ORD0003437,CUS000064,2025-03-20 18:37:41,Delivered,8927.710000000001,Express,93926 Jason Common Suite 790,93926 Jason Common Suite 790,PayPal,2025-03-25,LOC019
ORD0003438,CUS000070,2025-03-22 10:29:41,Delivered,2768.96,Next Day,17993 Lee Cove Apt. 976,17993 Lee Cove Apt. 976,Bank Transfer,2025-03-24,LOC005
ORD0003439,CUS000058,2025-03-21 17:01:41,Delivered,589.26,Next Day,6387 Susan Roads,6387 Susan Roads,PayPal,2025-03-26,LOC011
ORD0003440,CUS000027,2025-03-21 19:36:41,Delivered,4833.1,Standard,8148 John Course Suite 159,8148 John Course Suite 159,Credit Card,2025-03-23,LOC007
ORD0003441,CUS000098,2025-03-21 19:21:41,Delivered,466.32,Standard,4693 Ashley Centers,4693 Ashley Centers,Credit Card,2025-03-26,LOC003
ORD0003442,CUS000036,2025-03-22 10:11:41,Delivered,596.77,Standard,4716 Felicia Trafficway Apt. 051,4716 Felicia Trafficway Apt. 051,Bank Transfer,2025-03-27,LOC018
ORD0003443,CUS000068,2025-03-22 07:21:41,Delivered,264.12,Express,165 Walker Mill,165 Walker Mill,Credit Card,2025-03-26,LOC007
ORD0003444,CUS000079,2025-03-21 11:26:41,Delivered,3190.32,Next Day,34676 Chan Brooks,34676 Chan Brooks,Bank Transfer,2025-03-28,LOC002
ORD0003445,CUS000036,2025-03-21 23:58:41,Delivered,458.29999999999995,Next Day,4716 Felicia Trafficway Apt. 051,4716 Felicia Trafficway Apt. 051,Bank Transfer,2025-03-26,LOC017
ORD0003446,CUS000076,2025-03-22 04:03:41,Delivered,5765.1,Standard,8996 Amanda Plaza,8996 Amanda Plaza,PayPal,2025-03-28,LOC015
ORD0003447,CUS000046,2025-03-22 04:35:41,Delivered,2371.76,Express,0384 Michelle Cape,0384 Michelle Cape,Bank Transfer,2025-03-26,LOC010
ORD0003448,CUS000060,2025-03-21 13:50:41,Delivered,5457.9400000000005,Next Day,50318 Kenneth Burg Suite 855,50318 Kenneth Burg Suite 855,Credit Card,2025-03-23,LOC016
ORD0003449,CUS000084,2025-03-21 11:54:41,Delivered,5168.4400000000005,Standard,3563 Ashley Wall Apt. 125,3563 Ashley Wall Apt. 125,PayPal,2025-03-24,LOC008
ORD0003450,CUS000077,2025-03-22 03:03:41,Delivered,452.90000000000003,Standard,17316 Ashley Ridges Suite 345,17316 Ashley Ridges Suite 345,PayPal,2025-03-28,LOC015
ORD0003451,CUS000029,2025-03-22 06:13:41,Delivered,2308.58,Standard,248 Schaefer Alley,248 Schaefer Alley,PayPal,2025-03-28,LOC009
ORD0003452,CUS000002,2025-03-22 08:23:41,Delivered,600.5300000000001,Express,7944 Rich Turnpike,7944 Rich Turnpike,Credit Card,2025-03-23,LOC019
ORD0003453,CUS000046,2025-03-21 11:41:41,Delivered,10543.289999999999,Standard,0384 Michelle Cape,0384 Michelle Cape,PayPal,2025-03-27,LOC013
ORD0003454,CUS000013,2025-03-21 21:18:41,Delivered,1614.42,Next Day,54024 Miller Track Suite 763,54024 Miller Track Suite 763,PayPal,2025-03-26,LOC014
ORD0003455,CUS000094,2025-03-22 04:30:41,Delivered,5322.7,Next Day,91800 Tony Lights Suite 800,91800 Tony Lights Suite 800,Bank Transfer,2025-03-24,LOC008
ORD0003456,CUS000054,2025-03-22 07:24:41,Delivered,4952.2,Next Day,00532 Matthew Fork Suite 143,00532 Matthew Fork Suite 143,Credit Card,2025-03-25,LOC012
ORD0003457,CUS000099,2025-03-23 02:36:41,Delivered,8211.92,Standard,385 Diana Mountain,385 Diana Mountain,Credit Card,2025-03-30,LOC020
ORD0003458,CUS000072,2025-03-22 23:13:41,Delivered,1331.0,Pick up in store,022 Brennan Vista,022 Brennan Vista,Credit Card,2025-03-29,LOC013
ORD0003459,CUS000086,2025-03-22 13:35:41,Delivered,3952.22,Express,023 Melissa Crossroad Apt. 855,023 Melissa Crossroad Apt. 855,PayPal,2025-03-26,LOC006
ORD0003460,CUS000042,2025-03-23 07:00:41,Delivered,3977.54,Pick up in store,19899 Mark Way Suite 871,19899 Mark Way Suite 871,PayPal,2025-03-24,LOC010
ORD0003461,CUS000048,2025-03-23 03:52:41,Delivered,8306.04,Next Day,1997 Shelly Shore,1997 Shelly Shore,Credit Card,2025-03-28,LOC013
ORD0003462,CUS000099,2025-03-22 13:11:41,Delivered,4798.81,Express,385 Diana Mountain,385 Diana Mountain,Credit Card,2025-03-24,LOC019
ORD0003463,CUS000007,2025-03-22 21:03:41,Delivered,9257.1,Standard,64048 Golden Mount Suite 491,64048 Golden Mount Suite 491,PayPal,2025-03-27,LOC007
ORD0003464,CUS000032,2025-03-23 08:55:41,Delivered,8632.74,Next Day,57334 Cooper Island,57334 Cooper Island,PayPal,2025-03-24,LOC004
ORD0003465,CUS000081,2025-03-22 17:48:41,Delivered,5875.6,Pick up in store,335 Kyle Crescent Apt. 760,335 Kyle Crescent Apt. 760,Bank Transfer,2025-03-27,LOC019
ORD0003466,CUS000038,2025-03-23 04:55:41,Delivered,1889.79,Next Day,811 Leonard Ford Apt. 102,811 Leonard Ford Apt. 102,Bank Transfer,2025-03-29,LOC005
ORD0003467,CUS000052,2025-03-23 10:15:41,Delivered,4124.68,Pick up in store,28803 Kyle Island,28803 Kyle Island,Credit Card,2025-03-28,LOC011
ORD0003468,CUS000014,2025-03-23 10:44:41,Delivered,292.08,Standard,240 Lewis Park,240 Lewis Park,Credit Card,2025-03-25,LOC006
ORD0003469,CUS000045,2025-03-22 20:39:41,Delivered,7237.35,Express,14062 Oliver Spurs,14062 Oliver Spurs,Credit Card,2025-03-29,LOC006
ORD0003470,CUS000001,2025-03-22 14:42:41,Delivered,5420.6,Next Day,45447 Ryan Springs Suite 790,45447 Ryan Springs Suite 790,Credit Card,2025-03-27,LOC002
ORD0003471,CUS000030,2025-03-22 13:00:41,Delivered,3289.48,Next Day,56818 Wright Drives,56818 Wright Drives,Credit Card,2025-03-26,LOC012
ORD0003472,CUS000035,2025-03-23 04:27:41,Delivered,9069.24,Standard,0435 Mullins Canyon,0435 Mullins Canyon,PayPal,2025-03-29,LOC006
ORD0003473,CUS000055,2025-03-22 16:06:41,Delivered,2881.27,Pick up in store,3345 Angela Lane Suite 782,3345 Angela Lane Suite 782,PayPal,2025-03-25,LOC011
ORD0003474,CUS000070,2025-03-23 07:08:41,Delivered,2160.03,Next Day,17993 Lee Cove Apt. 976,17993 Lee Cove Apt. 976,Credit Card,2025-03-25,LOC002
ORD0003475,CUS000081,2025-03-23 06:36:41,Delivered,5436.02,Pick up in store,335 Kyle Crescent Apt. 760,335 Kyle Crescent Apt. 760,Credit Card,2025-03-30,LOC020
ORD0003476,CUS000012,2025-03-23 06:39:41,Delivered,1540.8200000000002,Next Day,753 Powell Manor Suite 888,753 Powell Manor Suite 888,PayPal,2025-03-24,LOC004
ORD0003477,CUS000004,2025-03-22 21:11:41,Delivered,4084.63,Express,86781 Webb Tunnel Apt. 880,86781 Webb Tunnel Apt. 880,Bank Transfer,2025-03-25,LOC014
ORD0003478,CUS000075,2025-03-23 03:25:41,Delivered,6896.570000000001,Pick up in store,10585 Shaun Squares Suite 674,10585 Shaun Squares Suite 674,Credit Card,2025-03-30,LOC013
ORD0003479,CUS000078,2025-03-23 11:21:41,Delivered,1023.36,Next Day,783 Hudson Mill Suite 171,783 Hudson Mill Suite 171,Bank Transfer,2025-03-30,LOC007
ORD0003480,CUS000010,2025-03-24 07:01:41,Delivered,6589.82,Next Day,386 Brian Gateway,386 Brian Gateway,Bank Transfer,2025-03-27,LOC016
ORD0003481,CUS000089,2025-03-24 08:31:41,Delivered,9972.93,Standard,890 Fuller Harbor Apt. 884,890 Fuller Harbor Apt. 884,PayPal,2025-03-28,LOC007
ORD0003482,CUS000074,2025-03-24 01:45:41,Delivered,2516.83,Standard,42549 Zavala Lakes Suite 652,42549 Zavala Lakes Suite 652,PayPal,2025-03-31,LOC017
ORD0003483,CUS000050,2025-03-23 14:55:41,Delivered,3387.8599999999997,Express,739 Garcia Spur Apt. 819,739 Garcia Spur Apt. 819,Credit Card,2025-03-24,LOC014
ORD0003484,CUS000001,2025-03-24 07:27:41,Delivered,3200.9800000000005,Express,45447 Ryan Springs Suite 790,45447 Ryan Springs Suite 790,Credit Card,2025-03-28,LOC019
ORD0003485,CUS000024,2025-03-24 07:35:41,Delivered,9231.150000000001,Standard,574 Gonzales Lodge Apt. 681,574 Gonzales Lodge Apt. 681,Credit Card,2025-03-28,LOC004
ORD0003486,CUS000067,2025-03-23 15:25:41,Delivered,6129.06,Standard,4937 Brown Turnpike Suite 240,4937 Brown Turnpike Suite 240,Credit Card,2025-03-25,LOC004
ORD0003487,CUS000041,2025-03-24 06:59:41,Delivered,7352.289999999999,Express,312 Mathew Route Suite 835,312 Mathew Route Suite 835,Bank Transfer,2025-03-28,LOC020
ORD0003488,CUS000081,2025-03-24 02:18:41,Delivered,195.56,Pick up in store,335 Kyle Crescent Apt. 760,335 Kyle Crescent Apt. 760,PayPal,2025-03-30,LOC007
ORD0003489,CUS000086,2025-03-24 06:15:41,Delivered,7339.78,Standard,023 Melissa Crossroad Apt. 855,023 Melissa Crossroad Apt. 855,Credit Card,2025-03-26,LOC004
ORD0003490,CUS000042,2025-03-23 16:49:41,Delivered,4602.17,Standard,19899 Mark Way Suite 871,19899 Mark Way Suite 871,PayPal,2025-03-27,LOC008
ORD0003491,CUS000005,2025-03-24 08:41:41,Delivered,549.42,Standard,55835 Christopher Parkways Suite 486,55835 Christopher Parkways Suite 486,PayPal,2025-03-28,LOC017
ORD0003492,CUS000023,2025-03-23 17:05:41,Delivered,7000.67,Next Day,245 Hall Cove,245 Hall Cove,Credit Card,2025-03-29,LOC012
ORD0003493,CUS000073,2025-03-24 08:16:41,Delivered,2829.6,Pick up in store,598 Smith Mission Suite 623,598 Smith Mission Suite 623,Credit Card,2025-03-31,LOC010
ORD0003494,CUS000020,2025-03-24 02:03:41,Delivered,422.28,Express,63649 Robinson Court,63649 Robinson Court,Credit Card,2025-03-27,LOC002
ORD0003495,CUS000061,2025-03-24 10:40:41,Delivered,3430.2,Express,8595 Joshua Pine,8595 Joshua Pine,Bank Transfer,2025-03-25,LOC014
ORD0003496,CUS000089,2025-03-23 18:30:41,Delivered,3829.06,Pick up in store,890 Fuller Harbor Apt. 884,890 Fuller Harbor Apt. 884,Credit Card,2025-03-24,LOC011
ORD0003497,CUS000065,2025-03-23 12:20:41,Delivered,6681.08,Next Day,0316 Wendy Club Apt. 476,0316 Wendy Club Apt. 476,Credit Card,2025-03-29,LOC003
ORD0003498,CUS000021,2025-03-23 11:57:41,Delivered,2015.7,Pick up in store,873 Paul Lakes,873 Paul Lakes,PayPal,2025-03-26,LOC017
ORD0003499,CUS000004,2025-03-23 13:04:41,Delivered,8340.59,Express,86781 Webb Tunnel Apt. 880,86781 Webb Tunnel Apt. 880,PayPal,2025-03-25,LOC012
ORD0003500,CUS000020,2025-03-24 08:21:41,Delivered,4639.360000000001,Next Day,63649 Robinson Court,63649 Robinson Court,Credit Card,2025-03-27,LOC018
ORD0003501,CUS000019,2025-03-24 19:53:41,Delivered,14449.25,Express,3594 Long Wall Suite 248,3594 Long Wall Suite 248,Credit Card,2025-03-27,LOC003
ORD0003502,CUS000027,2025-03-25 01:54:41,Delivered,5532.23,Standard,8148 John Course Suite 159,8148 John Course Suite 159,Credit Card,2025-03-30,LOC004
ORD0003503,CUS000064,2025-03-24 12:23:41,Delivered,2965.96,Next Day,93926 Jason Common Suite 790,93926 Jason Common Suite 790,Credit Card,2025-03-28,LOC008
ORD0003504,CUS000068,2025-03-24 14:37:41,Delivered,5597.9800000000005,Express,165 Walker Mill,165 Walker Mill,Bank Transfer,2025-03-31,LOC011
ORD0003505,CUS000022,2025-03-24 19:00:41,Delivered,4427.34,Pick up in store,290 Hodges Pine,290 Hodges Pine,Credit Card,2025-03-29,LOC019
ORD0003506,CUS000061,2025-03-25 05:41:41,Delivered,5759.349999999999,Next Day,8595 Joshua Pine,8595 Joshua Pine,Credit Card,2025-03-28,LOC008
ORD0003507,CUS000086,2025-03-24 15:45:41,Delivered,10740.210000000001,Pick up in store,023 Melissa Crossroad Apt. 855,023 Melissa Crossroad Apt. 855,Bank Transfer,2025-03-25,LOC002
ORD0003508,CUS000043,2025-03-24 18:05:41,Delivered,2788.05,Next Day,1002 John Row Apt. 424,1002 John Row Apt. 424,Credit Card,2025-03-29,LOC014
ORD0003509,CUS000003,2025-03-24 14:59:41,Delivered,4404.51,Pick up in store,22024 Harrison Roads,22024 Harrison Roads,Credit Card,2025-03-30,LOC005
ORD0003510,CUS000073,2025-03-24 20:10:41,Delivered,6346.32,Pick up in store,598 Smith Mission Suite 623,598 Smith Mission Suite 623,PayPal,2025-03-29,LOC016
ORD0003511,CUS000061,2025-03-25 03:13:41,Delivered,4501.06,Express,8595 Joshua Pine,8595 Joshua Pine,Credit Card,2025-03-30,LOC013
ORD0003512,CUS000040,2025-03-24 17:09:41,Delivered,7263.2300000000005,Express,9433 Jackie Key,9433 Jackie Key,Credit Card,2025-03-31,LOC009
ORD0003513,CUS000088,2025-03-24 12:42:41,Delivered,6268.64,Standard,50544 Penny Isle Suite 526,50544 Penny Isle Suite 526,Bank Transfer,2025-03-31,LOC018
ORD0003514,CUS000038,2025-03-24 17:49:41,Delivered,1878.9299999999998,Standard,811 Leonard Ford Apt. 102,811 Leonard Ford Apt. 102,Bank Transfer,2025-03-29,LOC011
ORD0003515,CUS000035,2025-03-24 14:53:41,Delivered,8179.499999999999,Pick up in store,0435 Mullins Canyon,0435 Mullins Canyon,PayPal,2025-03-26,LOC012
ORD0003516,CUS000090,2025-03-25 08:57:41,Delivered,4192.08,Next Day,9210 Morris Turnpike Suite 212,9210 Morris Turnpike Suite 212,Bank Transfer,2025-03-27,LOC020
ORD0003517,CUS000083,2025-03-24 15:12:41,Delivered,3706.4,Express,808 Joseph Center Suite 987,808 Joseph Center Suite 987,Credit Card,2025-03-29,LOC007
ORD0003518,CUS000082,2025-03-24 22:44:41,Delivered,1366.8600000000001,Next Day,3913 Chambers Park Apt. 634,3913 Chambers Park Apt. 634,Credit Card,2025-03-30,LOC013
ORD0003519,CUS000042,2025-03-25 03:02:41,Delivered,5313.63,Express,19899 Mark Way Suite 871,19899 Mark Way Suite 871,Bank Transfer,2025-03-28,LOC008
ORD0003520,CUS000053,2025-03-24 16:25:41,Delivered,5668.4400000000005,Next Day,92512 Armstrong Station,92512 Armstrong Station,PayPal,2025-03-31,LOC012
ORD0003521,CUS000058,2025-03-25 05:41:41,Delivered,2184.2599999999998,Standard,6387 Susan Roads,6387 Susan Roads,Credit Card,2025-03-28,LOC016
ORD0003522,CUS000063,2025-03-25 04:12:41,Delivered,2281.25,Standard,6888 Emily Underpass,6888 Emily Underpass,PayPal,2025-03-27,LOC007
ORD0003523,CUS000044,2025-03-24 15:59:41,Delivered,1159.02,Express,28472 Anderson Bypass,28472 Anderson Bypass,Bank Transfer,2025-03-29,LOC002
ORD0003524,CUS000046,2025-03-26 00:18:41,Delivered,9535.31,Next Day,0384 Michelle Cape,0384 Michelle Cape,PayPal,2025-04-02,LOC014
ORD0003525,CUS000060,2025-03-25 20:22:41,Delivered,3068.6400000000003,Next Day,50318 Kenneth Burg Suite 855,50318 Kenneth Burg Suite 855,PayPal,2025-03-28,LOC014
ORD0003526,CUS000057,2025-03-25 15:06:41,Delivered,4730.12,Express,647 Mcgee Manors,647 Mcgee Manors,Bank Transfer,2025-03-26,LOC001
ORD0003527,CUS000063,2025-03-26 01:42:41,Delivered,2122.1200000000003,Pick up in store,6888 Emily Underpass,6888 Emily Underpass,Credit Card,2025-03-29,LOC015
ORD0003528,CUS000066,2025-03-25 19:59:41,Delivered,3652.9500000000003,Pick up in store,712 Andrew Ranch,712 Andrew Ranch,Bank Transfer,2025-03-28,LOC020
ORD0003529,CUS000013,2025-03-26 05:01:41,Delivered,600.73,Express,54024 Miller Track Suite 763,54024 Miller Track Suite 763,PayPal,2025-03-31,LOC006
ORD0003530,CUS000023,2025-03-25 23:18:41,Delivered,10291.220000000001,Standard,245 Hall Cove,245 Hall Cove,Credit Card,2025-03-26,LOC008
ORD0003531,CUS000068,2025-03-25 14:20:41,Delivered,6703.52,Pick up in store,165 Walker Mill,165 Walker Mill,Bank Transfer,2025-04-01,LOC008
ORD0003532,CUS000100,2025-03-26 01:13:41,Delivered,134.08,Pick up in store,14536 Holly Trail,14536 Holly Trail,Credit Card,2025-03-30,LOC014
ORD0003533,CUS000086,2025-03-25 22:25:41,Delivered,2922.92,Pick up in store,023 Melissa Crossroad Apt. 855,023 Melissa Crossroad Apt. 855,Bank Transfer,2025-03-28,LOC014
ORD0003534,CUS000008,2025-03-26 00:21:41,Delivered,1355.4299999999998,Next Day,949 Mueller Mission,949 Mueller Mission,Bank Transfer,2025-03-30,LOC014
ORD0003535,CUS000075,2025-03-25 12:44:41,Delivered,4388.32,Standard,10585 Shaun Squares Suite 674,10585 Shaun Squares Suite 674,Credit Card,2025-03-29,LOC005
ORD0003536,CUS000005,2025-03-26 05:06:41,Delivered,497.52,Pick up in store,55835 Christopher Parkways Suite 486,55835 Christopher Parkways Suite 486,Credit Card,2025-03-29,LOC003
ORD0003537,CUS000067,2025-03-27 10:35:41,Delivered,2728.7400000000002,Standard,4937 Brown Turnpike Suite 240,4937 Brown Turnpike Suite 240,Credit Card,2025-03-28,LOC020
ORD0003538,CUS000067,2025-03-27 06:14:41,Delivered,5563.870000000001,Next Day,4937 Brown Turnpike Suite 240,4937 Brown Turnpike Suite 240,Bank Transfer,2025-04-01,LOC005
ORD0003539,CUS000056,2025-03-26 15:38:41,Delivered,5915.68,Standard,5399 Pierce Gardens Suite 720,5399 Pierce Gardens Suite 720,Bank Transfer,2025-03-31,LOC004
ORD0003540,CUS000051,2025-03-27 10:19:41,Delivered,5088.02,Pick up in store,563 Jones Fields Suite 934,563 Jones Fields Suite 934,PayPal,2025-04-02,LOC002
ORD0003541,CUS000097,2025-03-26 20:25:41,Delivered,8407.99,Pick up in store,728 Laurie Cape,728 Laurie Cape,Bank Transfer,2025-03-28,LOC012
ORD0003542,CUS000066,2025-03-26 14:24:41,Delivered,4025.28,Pick up in store,712 Andrew Ranch,712 Andrew Ranch,PayPal,2025-03-31,LOC016
ORD0003543,CUS000010,2025-03-27 04:01:41,Delivered,6978.85,Standard,386 Brian Gateway,386 Brian Gateway,Credit Card,2025-04-01,LOC003
ORD0003544,CUS000044,2025-03-27 08:19:41,Delivered,6867.32,Next Day,28472 Anderson Bypass,28472 Anderson Bypass,Credit Card,2025-03-29,LOC018
ORD0003545,CUS000027,2025-03-27 02:26:41,Delivered,7861.599999999999,Express,8148 John Course Suite 159,8148 John Course Suite 159,Bank Transfer,2025-03-28,LOC012
ORD0003546,CUS000011,2025-03-26 17:16:41,Delivered,4451.26,Standard,627 Carol Vista,627 Carol Vista,PayPal,2025-04-01,LOC019
ORD0003547,CUS000098,2025-03-26 19:30:41,Delivered,592.08,Standard,4693 Ashley Centers,4693 Ashley Centers,Bank Transfer,2025-03-31,LOC010
ORD0003548,CUS000036,2025-03-27 02:47:41,Delivered,6939.8,Express,4716 Felicia Trafficway Apt. 051,4716 Felicia Trafficway Apt. 051,Bank Transfer,2025-04-01,LOC005
ORD0003549,CUS000063,2025-03-27 06:12:41,Delivered,5415.1,Express,6888 Emily Underpass,6888 Emily Underpass,Credit Card,2025-03-28,LOC011
ORD0003550,CUS000052,2025-03-27 03:08:41,Delivered,5746.95,Standard,28803 Kyle Island,28803 Kyle Island,PayPal,2025-03-31,LOC003
ORD0003551,CUS000061,2025-03-27 01:51:41,Delivered,3373.8999999999996,Standard,8595 Joshua Pine,8595 Joshua Pine,PayPal,2025-04-03,LOC014
ORD0003552,CUS000059,2025-03-27 07:12:41,Delivered,4459.99,Standard,604 Jones Courts Apt. 869,604 Jones Courts Apt. 869,PayPal,2025-03-30,LOC005
ORD0003553,CUS000041,2025-03-27 08:10:41,Delivered,4952.96,Express,312 Mathew Route Suite 835,312 Mathew Route Suite 835,Credit Card,2025-03-30,LOC013
ORD0003554,CUS000034,2025-03-27 07:25:41,Delivered,6575.73,Standard,81729 Mccall Meadows,81729 Mccall Meadows,Bank Transfer,2025-04-03,LOC006
ORD0003555,CUS000071,2025-03-26 15:33:41,Delivered,4199.41,Express,085 Aaron Crescent Apt. 676,085 Aaron Crescent Apt. 676,PayPal,2025-03-31,LOC017
ORD0003556,CUS000094,2025-03-27 07:09:41,Delivered,6978.02,Express,91800 Tony Lights Suite 800,91800 Tony Lights Suite 800,Credit Card,2025-04-02,LOC013
ORD0003557,CUS000030,2025-03-26 18:43:41,Delivered,1540.06,Express,56818 Wright Drives,56818 Wright Drives,Bank Transfer,2025-03-31,LOC004
ORD0003558,CUS000043,2025-03-26 22:36:41,Delivered,2426.98,Pick up in store,1002 John Row Apt. 424,1002 John Row Apt. 424,PayPal,2025-04-02,LOC020
ORD0003559,CUS000021,2025-03-27 09:50:41,Delivered,1812.16,Pick up in store,873 Paul Lakes,873 Paul Lakes,PayPal,2025-03-28,LOC009
ORD0003560,CUS000036,2025-03-26 14:16:41,Delivered,7399.7,Next Day,4716 Felicia Trafficway Apt. 051,4716 Felicia Trafficway Apt. 051,Credit Card,2025-03-31,LOC009
ORD0003561,CUS000077,2025-03-27 03:18:41,Delivered,7144.08,Pick up in store,17316 Ashley Ridges Suite 345,17316 Ashley Ridges Suite 345,PayPal,2025-03-30,LOC005
ORD0003562,CUS000068,2025-03-26 17:19:41,Delivered,2284.12,Express,165 Walker Mill,165 Walker Mill,Bank Transfer,2025-03-27,LOC009
ORD0003563,CUS000079,2025-03-27 03:58:41,Delivered,12600.43,Next Day,34676 Chan Brooks,34676 Chan Brooks,Credit Card,2025-03-28,LOC011
ORD0003564,CUS000069,2025-03-26 19:52:41,Delivered,11032.91,Standard,56017 Michelle Trace Apt. 592,56017 Michelle Trace Apt. 592,Credit Card,2025-03-28,LOC008
ORD0003565,CUS000017,2025-03-26 18:42:41,Delivered,6374.22,Express,4207 Craig Causeway,4207 Craig Causeway,Credit Card,2025-04-01,LOC012
ORD0003566,CUS000015,2025-03-28 05:29:41,Delivered,3938.17,Express,943 Dawn Extension Apt. 032,943 Dawn Extension Apt. 032,Bank Transfer,2025-03-31,LOC015
ORD0003567,CUS000061,2025-03-27 20:46:41,Delivered,770.76,Next Day,8595 Joshua Pine,8595 Joshua Pine,Bank Transfer,2025-04-01,LOC003
ORD0003568,CUS000004,2025-03-28 03:42:41,Delivered,96.26,Express,86781 Webb Tunnel Apt. 880,86781 Webb Tunnel Apt. 880,Credit Card,2025-03-31,LOC018
ORD0003569,CUS000051,2025-03-27 15:35:41,Delivered,6158.5,Standard,563 Jones Fields Suite 934,563 Jones Fields Suite 934,Bank Transfer,2025-03-30,LOC012
ORD0003570,CUS000005,2025-03-28 06:48:41,Delivered,3607.15,Standard,55835 Christopher Parkways Suite 486,55835 Christopher Parkways Suite 486,Bank Transfer,2025-03-30,LOC020
ORD0003571,CUS000062,2025-03-27 20:47:41,Delivered,1659.46,Express,9634 Thomas Vista,9634 Thomas Vista,PayPal,2025-04-02,LOC002
ORD0003572,CUS000083,2025-03-27 22:13:41,Delivered,1250.6,Standard,808 Joseph Center Suite 987,808 Joseph Center Suite 987,Bank Transfer,2025-03-28,LOC014
ORD0003573,CUS000081,2025-03-27 15:37:41,Delivered,5165.07,Pick up in store,335 Kyle Crescent Apt. 760,335 Kyle Crescent Apt. 760,Bank Transfer,2025-03-31,LOC005
ORD0003574,CUS000044,2025-03-28 10:05:41,Delivered,3475.3500000000004,Next Day,28472 Anderson Bypass,28472 Anderson Bypass,Bank Transfer,2025-04-04,LOC012
ORD0003575,CUS000077,2025-03-27 14:15:41,Delivered,2194.5,Express,17316 Ashley Ridges Suite 345,17316 Ashley Ridges Suite 345,PayPal,2025-03-28,LOC002
ORD0003576,CUS000048,2025-03-28 18:23:41,Delivered,6602.15,Standard,1997 Shelly Shore,1997 Shelly Shore,Bank Transfer,2025-04-01,LOC003
ORD0003577,CUS000041,2025-03-28 19:00:41,Delivered,692.24,Standard,312 Mathew Route Suite 835,312 Mathew Route Suite 835,PayPal,2025-04-04,LOC006
ORD0003578,CUS000016,2025-03-28 16:23:41,Delivered,7087.429999999999,Pick up in store,517 Lester Brook,517 Lester Brook,PayPal,2025-04-01,LOC010
ORD0003579,CUS000052,2025-03-29 06:37:41,Delivered,2774.8,Express,28803 Kyle Island,28803 Kyle Island,PayPal,2025-04-01,LOC004
ORD0003580,CUS000019,2025-03-28 13:33:41,Delivered,8488.0,Pick up in store,3594 Long Wall Suite 248,3594 Long Wall Suite 248,Credit Card,2025-03-29,LOC012
ORD0003581,CUS000073,2025-03-29 00:07:41,Delivered,10466.24,Next Day,598 Smith Mission Suite 623,598 Smith Mission Suite 623,PayPal,2025-04-04,LOC006
ORD0003582,CUS000012,2025-03-28 22:07:41,Delivered,3241.53,Express,753 Powell Manor Suite 888,753 Powell Manor Suite 888,Credit Card,2025-04-04,LOC020
ORD0003583,CUS000070,2025-03-29 04:07:41,Delivered,2331.9,Standard,17993 Lee Cove Apt. 976,17993 Lee Cove Apt. 976,PayPal,2025-04-04,LOC009
ORD0003584,CUS000028,2025-03-29 00:17:41,Delivered,1926.1699999999998,Next Day,4548 Rose Corner,4548 Rose Corner,Credit Card,2025-04-02,LOC016
ORD0003585,CUS000046,2025-03-28 11:55:41,Delivered,3285.15,Express,0384 Michelle Cape,0384 Michelle Cape,Credit Card,2025-04-02,LOC011
ORD0003586,CUS000024,2025-03-29 03:39:41,Delivered,5357.86,Express,574 Gonzales Lodge Apt. 681,574 Gonzales Lodge Apt. 681,Bank Transfer,2025-04-01,LOC008
ORD0003587,CUS000094,2025-03-28 22:48:41,Delivered,372.33,Express,91800 Tony Lights Suite 800,91800 Tony Lights Suite 800,Bank Transfer,2025-03-31,LOC012
ORD0003588,CUS000054,2025-03-28 11:46:41,Delivered,5852.570000000001,Next Day,00532 Matthew Fork Suite 143,00532 Matthew Fork Suite 143,PayPal,2025-04-02,LOC018
ORD0003589,CUS000022,2025-03-28 21:59:41,Delivered,6869.54,Next Day,290 Hodges Pine,290 Hodges Pine,Credit Card,2025-03-31,LOC019
ORD0003590,CUS000075,2025-03-28 23:01:41,Delivered,368.13,Next Day,10585 Shaun Squares Suite 674,10585 Shaun Squares Suite 674,Credit Card,2025-04-03,LOC005
ORD0003591,CUS000061,2025-03-28 16:56:41,Delivered,11486.66,Express,8595 Joshua Pine,8595 Joshua Pine,Bank Transfer,2025-04-01,LOC002
ORD0003592,CUS000088,2025-03-29 07:00:41,Delivered,7343.83,Express,50544 Penny Isle Suite 526,50544 Penny Isle Suite 526,PayPal,2025-03-31,LOC016
ORD0003593,CUS000033,2025-03-29 02:25:41,Delivered,588.02,Standard,32833 Harris Fall,32833 Harris Fall,Bank Transfer,2025-04-03,LOC015
ORD0003594,CUS000032,2025-03-29 08:44:41,Delivered,5090.2,Next Day,57334 Cooper Island,57334 Cooper Island,PayPal,2025-04-01,LOC007
ORD0003595,CUS000077,2025-03-29 07:09:41,Delivered,5081.18,Express,17316 Ashley Ridges Suite 345,17316 Ashley Ridges Suite 345,Bank Transfer,2025-04-03,LOC004
ORD0003596,CUS000015,2025-03-28 18:02:41,Delivered,2218.54,Express,943 Dawn Extension Apt. 032,943 Dawn Extension Apt. 032,Bank Transfer,2025-03-30,LOC007
ORD0003597,CUS000091,2025-03-28 16:03:41,Delivered,6929.339999999999,Pick up in store,7372 Marshall Haven,7372 Marshall Haven,Bank Transfer,2025-04-03,LOC019
ORD0003598,CUS000017,2025-03-29 07:32:41,Delivered,4663.95,Pick up in store,4207 Craig Causeway,4207 Craig Causeway,Bank Transfer,2025-04-02,LOC018
ORD0003599,CUS000029,2025-03-29 00:39:41,Delivered,1849.0,Express,248 Schaefer Alley,248 Schaefer Alley,Bank Transfer,2025-04-02,LOC011
ORD0003600,CUS000052,2025-03-29 05:35:41,Delivered,4164.44,Express,28803 Kyle Island,28803 Kyle Island,Bank Transfer,2025-04-01,LOC004
ORD0003601,CUS000057,2025-03-29 05:22:41,Delivered,2933.49,Express,647 Mcgee Manors,647 Mcgee Manors,Credit Card,2025-04-04,LOC019
ORD0003602,CUS000082,2025-03-28 14:17:41,Delivered,3003.65,Pick up in store,3913 Chambers Park Apt. 634,3913 Chambers Park Apt. 634,Bank Transfer,2025-03-31,LOC015
ORD0003603,CUS000007,2025-03-28 11:04:41,Delivered,8400.56,Express,64048 Golden Mount Suite 491,64048 Golden Mount Suite 491,Credit Card,2025-04-01,LOC019
ORD0003604,CUS000032,2025-03-30 00:46:41,Delivered,1028.3,Standard,57334 Cooper Island,57334 Cooper Island,Bank Transfer,2025-04-02,LOC019
ORD0003605,CUS000059,2025-03-30 06:46:41,Delivered,10064.240000000002,Pick up in store,604 Jones Courts Apt. 869,604 Jones Courts Apt. 869,Credit Card,2025-04-03,LOC008
ORD0003606,CUS000003,2025-03-29 19:00:41,Delivered,2944.73,Express,22024 Harrison Roads,22024 Harrison Roads,Bank Transfer,2025-04-02,LOC010
ORD0003607,CUS000028,2025-03-29 23:31:41,Delivered,4832.610000000001,Express,4548 Rose Corner,4548 Rose Corner,Bank Transfer,2025-04-04,LOC004
ORD0003608,CUS000072,2025-03-29 21:09:41,Delivered,8998.35,Next Day,022 Brennan Vista,022 Brennan Vista,Credit Card,2025-03-30,LOC017
ORD0003609,CUS000052,2025-03-29 15:02:41,Delivered,11704.79,Express,28803 Kyle Island,28803 Kyle Island,Bank Transfer,2025-04-02,LOC006
ORD0003610,CUS000059,2025-03-30 02:12:41,Delivered,1716.92,Standard,604 Jones Courts Apt. 869,604 Jones Courts Apt. 869,PayPal,2025-04-04,LOC008
ORD0003611,CUS000098,2025-03-29 14:29:41,Delivered,1675.68,Express,4693 Ashley Centers,4693 Ashley Centers,Credit Card,2025-04-01,LOC006
ORD0003612,CUS000099,2025-03-29 10:56:41,Delivered,1482.08,Standard,385 Diana Mountain,385 Diana Mountain,PayPal,2025-03-31,LOC013
ORD0003613,CUS000068,2025-03-29 11:06:41,Delivered,32.98,Standard,165 Walker Mill,165 Walker Mill,Bank Transfer,2025-03-30,LOC014
ORD0003614,CUS000003,2025-03-29 12:23:41,Delivered,7378.87,Express,22024 Harrison Roads,22024 Harrison Roads,PayPal,2025-04-01,LOC014
ORD0003615,CUS000096,2025-03-29 23:37:41,Delivered,2921.12,Standard,997 Debra Road,997 Debra Road,Bank Transfer,2025-03-31,LOC005
ORD0003616,CUS000029,2025-03-30 01:08:41,Delivered,5783.74,Next Day,248 Schaefer Alley,248 Schaefer Alley,Credit Card,2025-04-06,LOC001
ORD0003617,CUS000085,2025-03-29 14:16:41,Delivered,2708.16,Next Day,65310 Smith Causeway,65310 Smith Causeway,Bank Transfer,2025-04-04,LOC007
ORD0003618,CUS000046,2025-03-31 05:13:41,Delivered,4667.92,Next Day,0384 Michelle Cape,0384 Michelle Cape,PayPal,2025-04-03,LOC002
ORD0003619,CUS000008,2025-03-30 22:58:41,Delivered,4363.88,Express,949 Mueller Mission,949 Mueller Mission,Bank Transfer,2025-03-31,LOC003
ORD0003620,CUS000035,2025-03-30 23:17:41,Delivered,932.05,Next Day,0435 Mullins Canyon,0435 Mullins Canyon,PayPal,2025-04-04,LOC015
ORD0003621,CUS000085,2025-03-30 10:56:41,Delivered,1427.43,Next Day,65310 Smith Causeway,65310 Smith Causeway,Credit Card,2025-04-02,LOC020
ORD0003622,CUS000006,2025-03-30 21:16:41,Delivered,484.26,Pick up in store,20878 Andersen Lock Suite 120,20878 Andersen Lock Suite 120,Bank Transfer,2025-04-03,LOC007
ORD0003623,CUS000065,2025-03-30 20:27:41,Delivered,4215.620000000001,Pick up in store,0316 Wendy Club Apt. 476,0316 Wendy Club Apt. 476,Credit Card,2025-04-06,LOC010
ORD0003624,CUS000011,2025-03-31 03:11:41,Delivered,2125.3,Standard,627 Carol Vista,627 Carol Vista,Bank Transfer,2025-04-01,LOC001
ORD0003625,CUS000002,2025-03-30 13:43:41,Delivered,951.6,Express,7944 Rich Turnpike,7944 Rich Turnpike,Bank Transfer,2025-04-01,LOC008
ORD0003626,CUS000095,2025-03-30 13:15:41,Delivered,4210.65,Express,1425 Williams Mountain,1425 Williams Mountain,Credit Card,2025-04-06,LOC005
ORD0003627,CUS000046,2025-03-30 12:11:41,Delivered,1214.6399999999999,Express,0384 Michelle Cape,0384 Michelle Cape,Bank Transfer,2025-03-31,LOC019
ORD0003628,CUS000021,2025-03-30 11:39:41,Delivered,2037.69,Standard,873 Paul Lakes,873 Paul Lakes,PayPal,2025-04-01,LOC011
ORD0003629,CUS000031,2025-03-30 23:31:41,Delivered,5118.610000000001,Standard,3219 Rodriguez Passage Suite 363,3219 Rodriguez Passage Suite 363,PayPal,2025-04-02,LOC015
ORD0003630,CUS000020,2025-03-30 14:56:41,Delivered,5604.360000000001,Next Day,63649 Robinson Court,63649 Robinson Court,Credit Card,2025-04-06,LOC003
ORD0003631,CUS000045,2025-03-30 10:55:41,Delivered,3869.7700000000004,Standard,14062 Oliver Spurs,14062 Oliver Spurs,Bank Transfer,2025-03-31,LOC013
ORD0003632,CUS000065,2025-03-31 02:28:41,Delivered,6942.12,Pick up in store,0316 Wendy Club Apt. 476,0316 Wendy Club Apt. 476,PayPal,2025-04-07,LOC007
ORD0003633,CUS000081,2025-03-31 07:42:41,Delivered,5245.83,Standard,335 Kyle Crescent Apt. 760,335 Kyle Crescent Apt. 760,Credit Card,2025-04-03,LOC008
ORD0003634,CUS000023,2025-03-30 14:27:41,Delivered,591.78,Next Day,245 Hall Cove,245 Hall Cove,Credit Card,2025-04-03,LOC011
ORD0003635,CUS000020,2025-03-30 14:47:41,Delivered,7956.13,Next Day,63649 Robinson Court,63649 Robinson Court,Bank Transfer,2025-04-05,LOC010
ORD0003636,CUS000063,2025-03-31 05:40:41,Delivered,2101.88,Pick up in store,6888 Emily Underpass,6888 Emily Underpass,Bank Transfer,2025-04-05,LOC013
ORD0003637,CUS000086,2025-03-30 13:16:41,Delivered,4556.28,Standard,023 Melissa Crossroad Apt. 855,023 Melissa Crossroad Apt. 855,PayPal,2025-04-06,LOC015
ORD0003638,CUS000005,2025-04-01 10:01:41,Delivered,4968.6,Pick up in store,55835 Christopher Parkways Suite 486,55835 Christopher Parkways Suite 486,Credit Card,2025-04-08,LOC005
ORD0003639,CUS000019,2025-04-01 01:00:41,Delivered,1691.24,Pick up in store,3594 Long Wall Suite 248,3594 Long Wall Suite 248,PayPal,2025-04-02,LOC014
ORD0003640,CUS000048,2025-04-01 01:46:41,Delivered,1047.12,Pick up in store,1997 Shelly Shore,1997 Shelly Shore,Bank Transfer,2025-04-08,LOC001
ORD0003641,CUS000009,2025-04-01 09:42:41,Delivered,3627.97,Express,4479 Hinton Heights Suite 425,4479 Hinton Heights Suite 425,PayPal,2025-04-07,LOC017
ORD0003642,CUS000001,2025-04-01 09:57:41,Delivered,3366.9100000000003,Next Day,45447 Ryan Springs Suite 790,45447 Ryan Springs Suite 790,Bank Transfer,2025-04-04,LOC019
ORD0003643,CUS000074,2025-04-01 06:36:41,Delivered,6545.59,Standard,42549 Zavala Lakes Suite 652,42549 Zavala Lakes Suite 652,Credit Card,2025-04-04,LOC016
ORD0003644,CUS000007,2025-03-31 14:57:41,Delivered,1315.41,Next Day,64048 Golden Mount Suite 491,64048 Golden Mount Suite 491,Credit Card,2025-04-07,LOC009
ORD0003645,CUS000001,2025-03-31 16:47:41,Delivered,544.11,Express,45447 Ryan Springs Suite 790,45447 Ryan Springs Suite 790,Bank Transfer,2025-04-04,LOC005
ORD0003646,CUS000045,2025-04-01 04:50:41,Delivered,5346.32,Pick up in store,14062 Oliver Spurs,14062 Oliver Spurs,PayPal,2025-04-02,LOC020
ORD0003647,CUS000005,2025-04-01 05:01:41,Delivered,1358.24,Express,55835 Christopher Parkways Suite 486,55835 Christopher Parkways Suite 486,PayPal,2025-04-07,LOC004
ORD0003648,CUS000087,2025-04-01 06:01:41,Delivered,5199.610000000001,Next Day,99137 Scott Streets Suite 891,99137 Scott Streets Suite 891,Credit Card,2025-04-04,LOC010
ORD0003649,CUS000020,2025-03-31 22:19:41,Delivered,6033.24,Next Day,63649 Robinson Court,63649 Robinson Court,Bank Transfer,2025-04-01,LOC017
ORD0003650,CUS000050,2025-03-31 13:53:41,Delivered,613.55,Pick up in store,739 Garcia Spur Apt. 819,739 Garcia Spur Apt. 819,Bank Transfer,2025-04-05,LOC002
ORD0003651,CUS000089,2025-04-01 04:03:41,Delivered,4426.17,Express,890 Fuller Harbor Apt. 884,890 Fuller Harbor Apt. 884,PayPal,2025-04-02,LOC003
ORD0003652,CUS000072,2025-03-31 23:31:41,Delivered,4196.33,Pick up in store,022 Brennan Vista,022 Brennan Vista,Bank Transfer,2025-04-04,LOC011
ORD0003653,CUS000072,2025-04-01 06:13:41,Delivered,3668.5200000000004,Next Day,022 Brennan Vista,022 Brennan Vista,PayPal,2025-04-06,LOC006
ORD0003654,CUS000053,2025-03-31 22:35:41,Delivered,12877.26,Next Day,92512 Armstrong Station,92512 Armstrong Station,PayPal,2025-04-03,LOC016
ORD0003655,CUS000100,2025-03-31 16:27:41,Delivered,7457.610000000001,Pick up in store,14536 Holly Trail,14536 Holly Trail,Credit Card,2025-04-03,LOC007
ORD0003656,CUS000060,2025-04-01 05:47:41,Delivered,679.12,Express,50318 Kenneth Burg Suite 855,50318 Kenneth Burg Suite 855,PayPal,2025-04-03,LOC006
ORD0003657,CUS000097,2025-04-01 04:56:41,Delivered,7433.92,Pick up in store,728 Laurie Cape,728 Laurie Cape,Credit Card,2025-04-04,LOC001
ORD0003658,CUS000070,2025-04-01 09:28:41,Delivered,2133.5299999999997,Next Day,17993 Lee Cove Apt. 976,17993 Lee Cove Apt. 976,Credit Card,2025-04-02,LOC011
ORD0003659,CUS000049,2025-03-31 17:00:41,Delivered,5370.71,Standard,8581 Katelyn Pike Apt. 739,8581 Katelyn Pike Apt. 739,PayPal,2025-04-07,LOC006
ORD0003660,CUS000009,2025-04-01 07:18:41,Delivered,1668.75,Express,4479 Hinton Heights Suite 425,4479 Hinton Heights Suite 425,Bank Transfer,2025-04-04,LOC019
ORD0003661,CUS000009,2025-04-01 08:57:41,Delivered,928.24,Standard,4479 Hinton Heights Suite 425,4479 Hinton Heights Suite 425,Credit Card,2025-04-04,LOC011
ORD0003662,CUS000051,2025-03-31 17:36:41,Delivered,183.32,Standard,563 Jones Fields Suite 934,563 Jones Fields Suite 934,Bank Transfer,2025-04-02,LOC017
ORD0003663,CUS000006,2025-03-31 18:14:41,Delivered,7019.029999999999,Standard,20878 Andersen Lock Suite 120,20878 Andersen Lock Suite 120,Bank Transfer,2025-04-03,LOC020
ORD0003664,CUS000086,2025-03-31 12:53:41,Delivered,3784.58,Next Day,023 Melissa Crossroad Apt. 855,023 Melissa Crossroad Apt. 855,Credit Card,2025-04-05,LOC004
ORD0000001,CUS000055,2025-04-01 15:27:42,Pending,3763.3900000000003,Next Day,3345 Angela Lane Suite 782,3345 Angela Lane Suite 782,Bank Transfer,,LOC008
ORD0000002,CUS000083,2025-04-02 03:24:42,Pending,6877.24,Standard,808 Joseph Center Suite 987,808 Joseph Center Suite 987,Bank Transfer,,LOC003
ORD0000003,CUS000065,2025-04-02 06:48:42,Delivered,6274.52,Express,0316 Wendy Club Apt. 476,0316 Wendy Club Apt. 476,PayPal,2025-04-15,LOC008
ORD0000004,CUS000010,2025-04-02 03:32:42,Processing,1944.84,Standard,386 Brian Gateway,386 Brian Gateway,PayPal,2025-04-06,LOC001
ORD0000005,CUS000071,2025-04-01 18:32:42,Shipped,865.9000000000001,Next Day,085 Aaron Crescent Apt. 676,085 Aaron Crescent Apt. 676,PayPal,2025-04-10,LOC001
ORD0000006,CUS000037,2025-04-01 19:17:42,Pending,6880.570000000001,Next Day,536 Elizabeth Via,536 Elizabeth Via,Credit Card,,LOC010
ORD0000007,CUS000085,2025-04-01 17:06:42,Processing,6302.24,Express,65310 Smith Causeway,65310 Smith Causeway,Credit Card,2025-04-12,LOC002
ORD0000008,CUS000050,2025-04-02 09:31:42,Pending,8111.96,Express,739 Garcia Spur Apt. 819,739 Garcia Spur Apt. 819,Credit Card,,LOC009
ORD0000009,CUS000054,2025-04-02 01:41:42,Processing,8517.9,Pick up in store,00532 Matthew Fork Suite 143,00532 Matthew Fork Suite 143,PayPal,2025-04-06,LOC004
ORD0000010,CUS000035,2025-04-01 16:49:42,Shipped,11279.929999999998,Next Day,0435 Mullins Canyon,0435 Mullins Canyon,Bank Transfer,2025-04-09,LOC003
ORD0000011,CUS000027,2025-04-01 20:01:42,Delivered,10333.14,Pick up in store,8148 John Course Suite 159,8148 John Course Suite 159,PayPal,2025-04-10,LOC018
ORD0000012,CUS000031,2025-04-01 20:11:42,Delivered,5303.83,Pick up in store,3219 Rodriguez Passage Suite 363,3219 Rodriguez Passage Suite 363,Credit Card,2025-04-03,LOC017
ORD0000013,CUS000084,2025-04-02 03:50:42,Shipped,6045.709999999999,Standard,3563 Ashley Wall Apt. 125,3563 Ashley Wall Apt. 125,PayPal,2025-04-14,LOC017
ORD0000014,CUS000100,2025-04-01 22:53:42,Shipped,1747.23,Express,14536 Holly Trail,14536 Holly Trail,Bank Transfer,2025-04-09,LOC005
ORD0000015,CUS000030,2025-04-02 05:00:42,Processing,9448.15,Express,56818 Wright Drives,56818 Wright Drives,Credit Card,2025-04-10,LOC002
ORD0000016,CUS000065,2025-04-01 14:07:42,Pending,427.23,Next Day,0316 Wendy Club Apt. 476,0316 Wendy Club Apt. 476,PayPal,,LOC008
ORD0000017,CUS000038,2025-04-02 05:15:42,Pending,4384.97,Next Day,811 Leonard Ford Apt. 102,811 Leonard Ford Apt. 102,PayPal,,LOC013
ORD0000018,CUS000066,2025-04-01 23:13:42,Shipped,4497.0199999999995,Standard,712 Andrew Ranch,712 Andrew Ranch,PayPal,2025-04-15,LOC015
ORD0000019,CUS000011,2025-04-01 21:33:42,Pending,9537.509999999998,Express,627 Carol Vista,627 Carol Vista,Credit Card,,LOC012
ORD0000020,CUS000065,2025-04-01 20:17:42,Processing,8591.380000000001,Pick up in store,0316 Wendy Club Apt. 476,0316 Wendy Club Apt. 476,Bank Transfer,2025-04-04,LOC015
ORD0000021,CUS000007,2025-04-02 03:45:42,Processing,6996.7300000000005,Standard,64048 Golden Mount Suite 491,64048 Golden Mount Suite 491,Bank Transfer,2025-04-04,LOC015
ORD0000022,CUS000020,2025-04-02 03:04:42,Processing,8083.88,Next Day,63649 Robinson Court,63649 Robinson Court,Credit Card,2025-04-05,LOC011
ORD0000023,CUS000028,2025-04-02 04:47:42,Delivered,1678.46,Standard,4548 Rose Corner,4548 Rose Corner,Bank Transfer,2025-04-09,LOC001
ORD0000024,CUS000014,2025-04-02 02:01:42,Delivered,2040.0299999999997,Standard,240 Lewis Park,240 Lewis Park,Bank Transfer,2025-04-05,LOC002
ORD0000025,CUS000090,2025-04-01 18:44:42,Shipped,1151.0500000000002,Next Day,9210 Morris Turnpike Suite 212,9210 Morris Turnpike Suite 212,PayPal,2025-04-13,LOC008
ORD0000026,CUS000026,2025-04-01 22:47:42,Delivered,9654.880000000001,Next Day,305 Newton Bypass,305 Newton Bypass,Bank Transfer,2025-04-07,LOC017
ORD0000027,CUS000046,2025-04-02 10:39:42,Processing,2500.17,Pick up in store,0384 Michelle Cape,0384 Michelle Cape,Credit Card,2025-04-06,LOC019
ORD0000028,CUS000044,2025-04-01 23:40:42,Shipped,3591.87,Express,28472 Anderson Bypass,28472 Anderson Bypass,Credit Card,2025-04-09,LOC012
ORD0000029,CUS000057,2025-04-01 20:57:42,Pending,10679.630000000001,Standard,647 Mcgee Manors,647 Mcgee Manors,Bank Transfer,,LOC017
ORD0000030,CUS000065,2025-04-03 01:26:42,Processing,1574.7,Standard,0316 Wendy Club Apt. 476,0316 Wendy Club Apt. 476,Bank Transfer,2025-04-04,LOC003
ORD0000031,CUS000004,2025-04-02 22:22:42,Shipped,1740.63,Express,86781 Webb Tunnel Apt. 880,86781 Webb Tunnel Apt. 880,Bank Transfer,2025-04-13,LOC005
ORD0000032,CUS000085,2025-04-02 15:33:42,Pending,7115.71,Next Day,65310 Smith Causeway,65310 Smith Causeway,Credit Card,,LOC012
ORD0000033,CUS000093,2025-04-02 14:21:42,Delivered,1033.36,Standard,443 Evans Pine Apt. 602,443 Evans Pine Apt. 602,Bank Transfer,2025-04-12,LOC019
ORD0000034,CUS000053,2025-04-03 08:14:42,Delivered,7194.110000000001,Express,92512 Armstrong Station,92512 Armstrong Station,PayPal,2025-04-17,LOC016
ORD0000035,CUS000097,2025-04-03 08:59:42,Pending,8164.870000000001,Express,728 Laurie Cape,728 Laurie Cape,Credit Card,,LOC008
ORD0000036,CUS000096,2025-04-02 18:23:42,Shipped,2828.97,Standard,997 Debra Road,997 Debra Road,PayPal,2025-04-07,LOC002
ORD0000037,CUS000001,2025-04-03 09:55:42,Processing,10343.21,Express,45447 Ryan Springs Suite 790,45447 Ryan Springs Suite 790,Credit Card,2025-04-04,LOC005
ORD0000038,CUS000095,2025-04-02 12:48:42,Pending,1786.16,Standard,1425 Williams Mountain,1425 Williams Mountain,PayPal,,LOC005
ORD0000039,CUS000020,2025-04-03 09:28:42,Shipped,991.47,Next Day,63649 Robinson Court,63649 Robinson Court,Credit Card,2025-04-05,LOC012
ORD0000040,CUS000068,2025-04-02 23:10:42,Processing,5778.27,Express,165 Walker Mill,165 Walker Mill,Bank Transfer,2025-04-11,LOC014
ORD0000041,CUS000046,2025-04-02 22:20:42,Delivered,2612.1200000000003,Express,0384 Michelle Cape,0384 Michelle Cape,Bank Transfer,2025-04-04,LOC001
ORD0000042,CUS000041,2025-04-03 05:50:42,Shipped,2627.8100000000004,Pick up in store,312 Mathew Route Suite 835,312 Mathew Route Suite 835,PayPal,2025-04-09,LOC004
ORD0000043,CUS000062,2025-04-02 19:08:42,Processing,10232.16,Next Day,9634 Thomas Vista,9634 Thomas Vista,Credit Card,2025-04-09,LOC012
ORD0000044,CUS000015,2025-04-02 23:53:42,Processing,2252.2000000000003,Pick up in store,943 Dawn Extension Apt. 032,943 Dawn Extension Apt. 032,Bank Transfer,2025-04-04,LOC020
ORD0000045,CUS000073,2025-04-02 15:42:42,Shipped,5985.660000000001,Next Day,598 Smith Mission Suite 623,598 Smith Mission Suite 623,Bank Transfer,2025-04-04,LOC011
ORD0000046,CUS000040,2025-04-03 14:25:42,Shipped,7267.4,Standard,9433 Jackie Key,9433 Jackie Key,Credit Card,2025-04-17,LOC020
ORD0000047,CUS000065,2025-04-03 15:56:42,Pending,2773.14,Express,0316 Wendy Club Apt. 476,0316 Wendy Club Apt. 476,Credit Card,,LOC020
ORD0000048,CUS000081,2025-04-03 15:22:42,Pending,532.14,Pick up in store,335 Kyle Crescent Apt. 760,335 Kyle Crescent Apt. 760,Credit Card,,LOC016
ORD0000049,CUS000047,2025-04-03 15:12:42,Pending,5069.700000000001,Express,46161 Ortega Fork Apt. 399,46161 Ortega Fork Apt. 399,Bank Transfer,,LOC018
ORD0000050,CUS000012,2025-04-04 09:04:42,Shipped,5266.329999999999,Pick up in store,753 Powell Manor Suite 888,753 Powell Manor Suite 888,PayPal,2025-04-12,LOC011
ORD0000051,CUS000061,2025-04-04 01:35:42,Processing,1901.04,Express,8595 Joshua Pine,8595 Joshua Pine,Bank Transfer,2025-04-18,LOC019
ORD0000052,CUS000032,2025-04-03 18:17:42,Shipped,5410.39,Next Day,57334 Cooper Island,57334 Cooper Island,Credit Card,2025-04-08,LOC001
ORD0000053,CUS000011,2025-04-03 15:37:42,Delivered,2958.8999999999996,Pick up in store,627 Carol Vista,627 Carol Vista,PayPal,2025-04-05,LOC006
ORD0000054,CUS000094,2025-04-03 11:19:42,Processing,6367.59,Pick up in store,91800 Tony Lights Suite 800,91800 Tony Lights Suite 800,Credit Card,2025-04-13,LOC010
ORD0000055,CUS000057,2025-04-04 06:13:42,Delivered,5490.75,Pick up in store,647 Mcgee Manors,647 Mcgee Manors,PayPal,2025-04-08,LOC002
ORD0000056,CUS000098,2025-04-04 07:12:42,Delivered,6159.969999999999,Standard,4693 Ashley Centers,4693 Ashley Centers,PayPal,2025-04-05,LOC018
ORD0000057,CUS000057,2025-04-05 07:24:42,Pending,2913.84,Standard,647 Mcgee Manors,647 Mcgee Manors,Bank Transfer,,LOC015
ORD0000058,CUS000020,2025-04-04 16:28:42,Pending,2376.3,Standard,63649 Robinson Court,63649 Robinson Court,PayPal,,LOC004
ORD0000059,CUS000051,2025-04-04 22:04:42,Processing,838.86,Pick up in store,563 Jones Fields Suite 934,563 Jones Fields Suite 934,Credit Card,2025-04-08,LOC018
ORD0000060,CUS000053,2025-04-05 09:18:42,Delivered,2846.2,Standard,92512 Armstrong Station,92512 Armstrong Station,PayPal,2025-04-08,LOC008
ORD0000061,CUS000054,2025-04-04 20:02:42,Pending,8393.65,Standard,00532 Matthew Fork Suite 143,00532 Matthew Fork Suite 143,Bank Transfer,,LOC016
ORD0000062,CUS000050,2025-04-04 17:03:42,Pending,547.59,Pick up in store,739 Garcia Spur Apt. 819,739 Garcia Spur Apt. 819,Credit Card,,LOC011
ORD0000063,CUS000048,2025-04-04 22:58:42,Shipped,5754.64,Pick up in store,1997 Shelly Shore,1997 Shelly Shore,Bank Transfer,2025-04-16,LOC010
ORD0000064,CUS000035,2025-04-05 00:22:42,Pending,5453.55,Standard,0435 Mullins Canyon,0435 Mullins Canyon,Bank Transfer,,LOC018
ORD0000065,CUS000006,2025-04-05 06:13:42,Delivered,1266.84,Next Day,20878 Andersen Lock Suite 120,20878 Andersen Lock Suite 120,PayPal,2025-04-14,LOC019
ORD0000066,CUS000066,2025-04-04 21:04:42,Delivered,2901.05,Pick up in store,712 Andrew Ranch,712 Andrew Ranch,PayPal,2025-04-15,LOC015
ORD0000067,CUS000019,2025-04-05 02:08:42,Delivered,5579.46,Next Day,3594 Long Wall Suite 248,3594 Long Wall Suite 248,Credit Card,2025-04-06,LOC015
ORD0000068,CUS000054,2025-04-04 11:45:42,Delivered,815.17,Express,00532 Matthew Fork Suite 143,00532 Matthew Fork Suite 143,Credit Card,2025-04-18,LOC012
ORD0000069,CUS000008,2025-04-04 10:59:42,Shipped,888.1200000000001,Standard,949 Mueller Mission,949 Mueller Mission,Bank Transfer,2025-04-18,LOC015
ORD0000070,CUS000023,2025-04-05 00:51:42,Delivered,5149.52,Express,245 Hall Cove,245 Hall Cove,Bank Transfer,2025-04-07,LOC004
ORD0000071,CUS000053,2025-04-05 10:02:42,Delivered,7473.5,Next Day,92512 Armstrong Station,92512 Armstrong Station,Credit Card,2025-04-19,LOC018
ORD0000072,CUS000082,2025-04-05 01:28:42,Processing,7702.0199999999995,Pick up in store,3913 Chambers Park Apt. 634,3913 Chambers Park Apt. 634,Credit Card,2025-04-18,LOC001
ORD0000073,CUS000085,2025-04-04 16:44:42,Shipped,60.21,Express,65310 Smith Causeway,65310 Smith Causeway,PayPal,2025-04-10,LOC008
ORD0000074,CUS000032,2025-04-05 00:42:42,Shipped,1291.67,Pick up in store,57334 Cooper Island,57334 Cooper Island,Credit Card,2025-04-06,LOC017
ORD0000075,CUS000008,2025-04-05 10:19:42,Pending,11479.65,Next Day,949 Mueller Mission,949 Mueller Mission,Bank Transfer,,LOC006
ORD0000076,CUS000062,2025-04-04 16:40:42,Processing,2144.31,Pick up in store,9634 Thomas Vista,9634 Thomas Vista,Bank Transfer,2025-04-12,LOC010
ORD0000077,CUS000058,2025-04-04 14:39:42,Processing,6533.76,Pick up in store,6387 Susan Roads,6387 Susan Roads,Bank Transfer,2025-04-09,LOC004
ORD0000078,CUS000085,2025-04-04 18:14:42,Shipped,6906.820000000001,Express,65310 Smith Causeway,65310 Smith Causeway,Credit Card,2025-04-06,LOC008
ORD0000079,CUS000085,2025-04-04 14:03:42,Processing,5887.400000000001,Pick up in store,65310 Smith Causeway,65310 Smith Causeway,Bank Transfer,2025-04-06,LOC016
ORD0000080,CUS000063,2025-04-05 04:31:42,Pending,5348.87,Next Day,6888 Emily Underpass,6888 Emily Underpass,Bank Transfer,,LOC005
ORD0000081,CUS000044,2025-04-04 22:36:42,Delivered,2562.0299999999997,Next Day,28472 Anderson Bypass,28472 Anderson Bypass,Credit Card,2025-04-16,LOC001
ORD0000082,CUS000011,2025-04-04 17:39:42,Delivered,7154.3099999999995,Next Day,627 Carol Vista,627 Carol Vista,Credit Card,2025-04-08,LOC020
ORD0000083,CUS000006,2025-04-05 13:54:42,Delivered,9807.6,Pick up in store,20878 Andersen Lock Suite 120,20878 Andersen Lock Suite 120,PayPal,2025-04-13,LOC019
ORD0000084,CUS000014,2025-04-06 09:58:42,Delivered,2468.5,Next Day,240 Lewis Park,240 Lewis Park,PayPal,2025-04-09,LOC005
ORD0000085,CUS000053,2025-04-05 23:14:42,Processing,2633.17,Express,92512 Armstrong Station,92512 Armstrong Station,Credit Card,2025-04-17,LOC003
ORD0000086,CUS000027,2025-04-05 21:30:42,Pending,8661.8,Next Day,8148 John Course Suite 159,8148 John Course Suite 159,Credit Card,,LOC018
ORD0000087,CUS000061,2025-04-06 09:21:42,Shipped,1748.32,Standard,8595 Joshua Pine,8595 Joshua Pine,PayPal,2025-04-10,LOC016
ORD0000088,CUS000096,2025-04-06 06:33:42,Pending,1410.3,Express,997 Debra Road,997 Debra Road,Credit Card,,LOC008
ORD0000089,CUS000064,2025-04-06 03:36:42,Pending,3831.06,Pick up in store,93926 Jason Common Suite 790,93926 Jason Common Suite 790,Bank Transfer,,LOC020
ORD0000090,CUS000086,2025-04-05 18:35:42,Shipped,4027.67,Pick up in store,023 Melissa Crossroad Apt. 855,023 Melissa Crossroad Apt. 855,Credit Card,2025-04-16,LOC008
ORD0000091,CUS000029,2025-04-06 01:24:42,Shipped,1831.6,Next Day,248 Schaefer Alley,248 Schaefer Alley,PayPal,2025-04-17,LOC015
ORD0000092,CUS000043,2025-04-05 19:57:42,Pending,1864.44,Pick up in store,1002 John Row Apt. 424,1002 John Row Apt. 424,Credit Card,,LOC010
ORD0000093,CUS000001,2025-04-05 18:09:42,Delivered,10835.5,Next Day,45447 Ryan Springs Suite 790,45447 Ryan Springs Suite 790,PayPal,2025-04-09,LOC012
ORD0000094,CUS000001,2025-04-05 13:59:42,Processing,2331.79,Standard,45447 Ryan Springs Suite 790,45447 Ryan Springs Suite 790,Bank Transfer,2025-04-09,LOC020
ORD0000095,CUS000027,2025-04-06 04:02:42,Processing,1552.32,Pick up in store,8148 John Course Suite 159,8148 John Course Suite 159,Credit Card,2025-04-18,LOC015
ORD0000096,CUS000079,2025-04-05 21:27:42,Pending,4078.09,Next Day,34676 Chan Brooks,34676 Chan Brooks,PayPal,,LOC006
ORD0000097,CUS000046,2025-04-06 04:24:42,Pending,1444.1,Pick up in store,0384 Michelle Cape,0384 Michelle Cape,Bank Transfer,,LOC001
ORD0000098,CUS000020,2025-04-05 13:03:42,Processing,4206.75,Express,63649 Robinson Court,63649 Robinson Court,PayPal,2025-04-14,LOC005
ORD0000099,CUS000067,2025-04-05 17:47:42,Delivered,4877.71,Next Day,4937 Brown Turnpike Suite 240,4937 Brown Turnpike Suite 240,Bank Transfer,2025-04-11,LOC005
ORD0000100,CUS000078,2025-04-05 15:59:42,Processing,4485.57,Standard,783 Hudson Mill Suite 171,783 Hudson Mill Suite 171,PayPal,2025-04-12,LOC010
ORD0000101,CUS000008,2025-04-06 01:24:42,Shipped,149.61,Next Day,949 Mueller Mission,949 Mueller Mission,PayPal,2025-04-17,LOC020
ORD0000102,CUS000028,2025-04-05 17:22:42,Delivered,1050.94,Express,4548 Rose Corner,4548 Rose Corner,Credit Card,2025-04-18,LOC019
ORD0000103,CUS000050,2025-04-06 02:09:42,Pending,6810.330000000001,Pick up in store,739 Garcia Spur Apt. 819,739 Garcia Spur Apt. 819,Credit Card,,LOC013
ORD0000104,CUS000044,2025-04-06 00:39:42,Processing,3771.6000000000004,Pick up in store,28472 Anderson Bypass,28472 Anderson Bypass,PayPal,2025-04-09,LOC012
ORD0000105,CUS000005,2025-04-06 06:29:42,Delivered,642.84,Next Day,55835 Christopher Parkways Suite 486,55835 Christopher Parkways Suite 486,Credit Card,2025-04-11,LOC018
ORD0000106,CUS000008,2025-04-05 15:51:42,Shipped,4012.56,Pick up in store,949 Mueller Mission,949 Mueller Mission,Bank Transfer,2025-04-16,LOC009
ORD0000107,CUS000071,2025-04-05 17:15:42,Shipped,6283.59,Next Day,085 Aaron Crescent Apt. 676,085 Aaron Crescent Apt. 676,Credit Card,2025-04-17,LOC011
ORD0000108,CUS000097,2025-04-06 09:18:42,Processing,901.32,Pick up in store,728 Laurie Cape,728 Laurie Cape,Credit Card,2025-04-07,LOC002
ORD0000109,CUS000023,2025-04-05 12:08:42,Delivered,4578.08,Pick up in store,245 Hall Cove,245 Hall Cove,Bank Transfer,2025-04-12,LOC008
ORD0000110,CUS000076,2025-04-07 06:20:42,Processing,1386.75,Express,8996 Amanda Plaza,8996 Amanda Plaza,Bank Transfer,2025-04-17,LOC017
ORD0000111,CUS000071,2025-04-06 10:53:42,Pending,4032.62,Express,085 Aaron Crescent Apt. 676,085 Aaron Crescent Apt. 676,PayPal,,LOC018
ORD0000112,CUS000049,2025-04-07 07:33:42,Shipped,6550.2300000000005,Express,8581 Katelyn Pike Apt. 739,8581 Katelyn Pike Apt. 739,PayPal,2025-04-12,LOC016
ORD0000113,CUS000068,2025-04-06 13:10:42,Shipped,3992.72,Pick up in store,165 Walker Mill,165 Walker Mill,PayPal,2025-04-14,LOC018
ORD0000114,CUS000087,2025-04-07 01:30:42,Processing,3148.1900000000005,Pick up in store,99137 Scott Streets Suite 891,99137 Scott Streets Suite 891,PayPal,2025-04-13,LOC014
ORD0000115,CUS000095,2025-04-06 22:11:42,Delivered,3296.4000000000005,Standard,1425 Williams Mountain,1425 Williams Mountain,Credit Card,2025-04-08,LOC017
ORD0000116,CUS000091,2025-04-07 05:27:42,Pending,3323.0499999999997,Standard,7372 Marshall Haven,7372 Marshall Haven,Bank Transfer,,LOC003
ORD0000117,CUS000001,2025-04-06 15:55:42,Pending,2687.97,Next Day,45447 Ryan Springs Suite 790,45447 Ryan Springs Suite 790,PayPal,,LOC007
ORD0000118,CUS000072,2025-04-07 06:56:42,Delivered,4068.03,Standard,022 Brennan Vista,022 Brennan Vista,PayPal,2025-04-18,LOC003
ORD0000119,CUS000008,2025-04-06 18:57:42,Shipped,4351.85,Express,949 Mueller Mission,949 Mueller Mission,Credit Card,2025-04-12,LOC015
ORD0000120,CUS000011,2025-04-07 04:20:42,Delivered,5774.07,Next Day,627 Carol Vista,627 Carol Vista,PayPal,2025-04-12,LOC014
ORD0000121,CUS000030,2025-04-06 17:00:42,Processing,3322.05,Standard,56818 Wright Drives,56818 Wright Drives,Bank Transfer,2025-04-11,LOC017
ORD0000122,CUS000080,2025-04-06 13:35:42,Delivered,8300.03,Express,84198 Mitchell Light,84198 Mitchell Light,Credit Card,2025-04-10,LOC006
ORD0000123,CUS000096,2025-04-06 14:58:42,Processing,5263.07,Next Day,997 Debra Road,997 Debra Road,Credit Card,2025-04-15,LOC016
ORD0000124,CUS000087,2025-04-07 06:05:42,Processing,6117.759999999999,Standard,99137 Scott Streets Suite 891,99137 Scott Streets Suite 891,Bank Transfer,2025-04-10,LOC011
ORD0000125,CUS000098,2025-04-07 02:04:42,Processing,5297.860000000001,Pick up in store,4693 Ashley Centers,4693 Ashley Centers,Bank Transfer,2025-04-14,LOC002
ORD0000126,CUS000018,2025-04-06 22:56:42,Pending,5195.150000000001,Pick up in store,693 Kathryn Extension,693 Kathryn Extension,Bank Transfer,,LOC001
ORD0000127,CUS000035,2025-04-06 18:22:42,Pending,5609.5599999999995,Next Day,0435 Mullins Canyon,0435 Mullins Canyon,Credit Card,,LOC016
ORD0000128,CUS000009,2025-04-07 01:36:42,Processing,1996.5,Next Day,4479 Hinton Heights Suite 425,4479 Hinton Heights Suite 425,PayPal,2025-04-19,LOC007
ORD0000129,CUS000025,2025-04-07 23:23:42,Shipped,3196.0400000000004,Standard,554 Phillips Spring,554 Phillips Spring,Bank Transfer,2025-04-16,LOC018
ORD0000130,CUS000023,2025-04-08 02:14:42,Shipped,7882.42,Express,245 Hall Cove,245 Hall Cove,Bank Transfer,2025-04-21,LOC014
ORD0000131,CUS000083,2025-04-07 22:53:42,Shipped,2265.2000000000003,Standard,808 Joseph Center Suite 987,808 Joseph Center Suite 987,Credit Card,2025-04-11,LOC014
ORD0000132,CUS000097,2025-04-07 17:08:42,Pending,7021.92,Next Day,728 Laurie Cape,728 Laurie Cape,Bank Transfer,,LOC002
ORD0000133,CUS000038,2025-04-07 20:15:42,Delivered,1898.5,Next Day,811 Leonard Ford Apt. 102,811 Leonard Ford Apt. 102,Bank Transfer,2025-04-08,LOC019
ORD0000134,CUS000027,2025-04-08 00:05:42,Pending,3169.76,Next Day,8148 John Course Suite 159,8148 John Course Suite 159,PayPal,,LOC016
ORD0000135,CUS000086,2025-04-07 15:40:42,Processing,9215.23,Express,023 Melissa Crossroad Apt. 855,023 Melissa Crossroad Apt. 855,PayPal,2025-04-10,LOC006
ORD0000136,CUS000060,2025-04-08 01:40:42,Processing,2170.23,Express,50318 Kenneth Burg Suite 855,50318 Kenneth Burg Suite 855,PayPal,2025-04-09,LOC020
ORD0000137,CUS000075,2025-04-08 08:33:42,Shipped,1930.68,Pick up in store,10585 Shaun Squares Suite 674,10585 Shaun Squares Suite 674,PayPal,2025-04-16,LOC020
ORD0000138,CUS000050,2025-04-08 08:56:42,Pending,8466.43,Pick up in store,739 Garcia Spur Apt. 819,739 Garcia Spur Apt. 819,Credit Card,,LOC020
ORD0000139,CUS000004,2025-04-07 19:03:42,Delivered,727.51,Pick up in store,86781 Webb Tunnel Apt. 880,86781 Webb Tunnel Apt. 880,PayPal,2025-04-20,LOC008
ORD0000140,CUS000003,2025-04-08 07:03:42,Pending,6758.1900000000005,Pick up in store,22024 Harrison Roads,22024 Harrison Roads,Credit Card,,LOC012
ORD0000141,CUS000093,2025-04-08 04:55:42,Shipped,2009.66,Pick up in store,443 Evans Pine Apt. 602,443 Evans Pine Apt. 602,PayPal,2025-04-12,LOC015
ORD0000142,CUS000077,2025-04-08 09:35:42,Delivered,711.43,Express,17316 Ashley Ridges Suite 345,17316 Ashley Ridges Suite 345,Bank Transfer,2025-04-14,LOC008
ORD0000143,CUS000074,2025-04-07 18:31:42,Shipped,6776.18,Express,42549 Zavala Lakes Suite 652,42549 Zavala Lakes Suite 652,Credit Card,2025-04-19,LOC018
ORD0000144,CUS000018,2025-04-08 23:45:42,Processing,3521.68,Standard,693 Kathryn Extension,693 Kathryn Extension,Credit Card,2025-04-14,LOC018
ORD0000145,CUS000093,2025-04-09 00:42:42,Processing,7043.1900000000005,Pick up in store,443 Evans Pine Apt. 602,443 Evans Pine Apt. 602,Bank Transfer,2025-04-10,LOC020
ORD0000146,CUS000060,2025-04-09 09:49:42,Delivered,5423.639999999999,Next Day,50318 Kenneth Burg Suite 855,50318 Kenneth Burg Suite 855,PayPal,2025-04-11,LOC002
ORD0000147,CUS000056,2025-04-08 19:05:42,Delivered,8949.380000000001,Pick up in store,5399 Pierce Gardens Suite 720,5399 Pierce Gardens Suite 720,Bank Transfer,2025-04-17,LOC018
ORD0000148,CUS000048,2025-04-09 02:13:42,Shipped,3605.1499999999996,Express,1997 Shelly Shore,1997 Shelly Shore,Credit Card,2025-04-12,LOC003
ORD0000149,CUS000010,2025-04-09 00:19:42,Delivered,7209.93,Pick up in store,386 Brian Gateway,386 Brian Gateway,PayPal,2025-04-21,LOC004
ORD0000150,CUS000020,2025-04-09 06:35:42,Pending,7925.52,Standard,63649 Robinson Court,63649 Robinson Court,PayPal,,LOC013
ORD0000151,CUS000007,2025-04-09 05:03:42,Delivered,4003.63,Standard,64048 Golden Mount Suite 491,64048 Golden Mount Suite 491,PayPal,2025-04-10,LOC003
ORD0000152,CUS000051,2025-04-09 04:41:42,Delivered,1903.07,Standard,563 Jones Fields Suite 934,563 Jones Fields Suite 934,Bank Transfer,2025-04-16,LOC003
ORD0000153,CUS000031,2025-04-09 00:55:42,Processing,96.26,Express,3219 Rodriguez Passage Suite 363,3219 Rodriguez Passage Suite 363,Credit Card,2025-04-11,LOC011
ORD0000154,CUS000025,2025-04-09 02:17:42,Shipped,2364.2799999999997,Pick up in store,554 Phillips Spring,554 Phillips Spring,PayPal,2025-04-16,LOC019
ORD0000155,CUS000095,2025-04-09 19:58:42,Pending,392.5,Express,1425 Williams Mountain,1425 Williams Mountain,Bank Transfer,,LOC017
ORD0000156,CUS000099,2025-04-09 17:11:42,Processing,3080.12,Express,385 Diana Mountain,385 Diana Mountain,PayPal,2025-04-18,LOC012
ORD0000157,CUS000099,2025-04-10 08:04:42,Processing,4853.33,Standard,385 Diana Mountain,385 Diana Mountain,Bank Transfer,2025-04-24,LOC002
ORD0000158,CUS000093,2025-04-10 10:19:42,Pending,6422.88,Next Day,443 Evans Pine Apt. 602,443 Evans Pine Apt. 602,Credit Card,,LOC020
ORD0000159,CUS000029,2025-04-10 00:36:42,Processing,3917.17,Pick up in store,248 Schaefer Alley,248 Schaefer Alley,Bank Transfer,2025-04-11,LOC005
ORD0000160,CUS000039,2025-04-10 02:27:42,Pending,6398.22,Standard,06077 Marcus Bypass,06077 Marcus Bypass,Bank Transfer,,LOC007
ORD0000161,CUS000044,2025-04-10 08:28:42,Shipped,6212.44,Standard,28472 Anderson Bypass,28472 Anderson Bypass,Bank Transfer,2025-04-13,LOC020
ORD0000162,CUS000083,2025-04-09 19:30:42,Delivered,6502.3,Next Day,808 Joseph Center Suite 987,808 Joseph Center Suite 987,Credit Card,2025-04-22,LOC004
ORD0000163,CUS000098,2025-04-10 05:55:42,Shipped,1570.0,Pick up in store,4693 Ashley Centers,4693 Ashley Centers,Credit Card,2025-04-13,LOC008
ORD0000164,CUS000066,2025-04-09 21:13:42,Shipped,3773.6800000000003,Pick up in store,712 Andrew Ranch,712 Andrew Ranch,Bank Transfer,2025-04-23,LOC007
ORD0000165,CUS000092,2025-04-11 04:27:42,Processing,8311.410000000002,Next Day,441 Nichols Glen,441 Nichols Glen,Bank Transfer,2025-04-25,LOC007
ORD0000166,CUS000083,2025-04-10 21:05:42,Processing,9036.89,Next Day,808 Joseph Center Suite 987,808 Joseph Center Suite 987,Credit Card,2025-04-22,LOC020
ORD0000167,CUS000073,2025-04-10 22:49:42,Pending,3506.6999999999994,Pick up in store,598 Smith Mission Suite 623,598 Smith Mission Suite 623,Credit Card,,LOC012
ORD0000168,CUS000073,2025-04-10 18:20:42,Pending,4018.13,Standard,598 Smith Mission Suite 623,598 Smith Mission Suite 623,PayPal,,LOC017
ORD0000169,CUS000052,2025-04-11 01:23:42,Processing,4770.08,Express,28803 Kyle Island,28803 Kyle Island,Bank Transfer,2025-04-18,LOC004
ORD0000170,CUS000044,2025-04-11 05:58:42,Shipped,5719.41,Standard,28472 Anderson Bypass,28472 Anderson Bypass,PayPal,2025-04-13,LOC019
ORD0000171,CUS000094,2025-04-11 07:23:42,Shipped,1331.0,Standard,91800 Tony Lights Suite 800,91800 Tony Lights Suite 800,PayPal,2025-04-25,LOC019
ORD0000172,CUS000069,2025-04-11 09:16:42,Delivered,544.11,Standard,56017 Michelle Trace Apt. 592,56017 Michelle Trace Apt. 592,Bank Transfer,2025-04-18,LOC017
ORD0000173,CUS000052,2025-04-11 03:47:42,Pending,4303.320000000001,Next Day,28803 Kyle Island,28803 Kyle Island,Credit Card,,LOC012
ORD0000174,CUS000071,2025-04-10 18:44:42,Processing,1668.42,Pick up in store,085 Aaron Crescent Apt. 676,085 Aaron Crescent Apt. 676,Credit Card,2025-04-15,LOC017
ORD0000175,CUS000016,2025-04-10 13:19:42,Delivered,6637.9,Express,517 Lester Brook,517 Lester Brook,Bank Transfer,2025-04-12,LOC018
ORD0000176,CUS000023,2025-04-10 20:53:42,Delivered,4082.02,Pick up in store,245 Hall Cove,245 Hall Cove,Credit Card,2025-04-16,LOC016
ORD0000177,CUS000040,2025-04-10 11:14:42,Pending,8576.51,Next Day,9433 Jackie Key,9433 Jackie Key,Credit Card,,LOC009
ORD0000178,CUS000081,2025-04-10 18:24:42,Pending,4166.7699999999995,Express,335 Kyle Crescent Apt. 760,335 Kyle Crescent Apt. 760,Bank Transfer,,LOC017
ORD0000179,CUS000097,2025-04-10 18:29:42,Processing,712.05,Pick up in store,728 Laurie Cape,728 Laurie Cape,Bank Transfer,2025-04-22,LOC012
ORD0000180,CUS000085,2025-04-11 04:07:42,Processing,785.0,Standard,65310 Smith Causeway,65310 Smith Causeway,PayPal,2025-04-20,LOC001
ORD0000181,CUS000037,2025-04-11 07:46:42,Delivered,5449.889999999999,Standard,536 Elizabeth Via,536 Elizabeth Via,Bank Transfer,2025-04-17,LOC009
ORD0000182,CUS000051,2025-04-12 07:52:42,Pending,4709.88,Standard,563 Jones Fields Suite 934,563 Jones Fields Suite 934,Credit Card,,LOC005
ORD0000183,CUS000011,2025-04-11 15:27:42,Delivered,2211.87,Express,627 Carol Vista,627 Carol Vista,Bank Transfer,2025-04-16,LOC006
ORD0000184,CUS000001,2025-04-12 03:53:42,Shipped,1207.28,Next Day,45447 Ryan Springs Suite 790,45447 Ryan Springs Suite 790,PayPal,2025-04-18,LOC014
ORD0000185,CUS000067,2025-04-11 12:43:42,Shipped,3797.0,Express,4937 Brown Turnpike Suite 240,4937 Brown Turnpike Suite 240,Credit Card,2025-04-19,LOC017
ORD0000186,CUS000092,2025-04-11 12:07:42,Processing,2101.66,Express,441 Nichols Glen,441 Nichols Glen,Credit Card,2025-04-24,LOC008
ORD0000187,CUS000052,2025-04-12 02:50:42,Shipped,2232.12,Standard,28803 Kyle Island,28803 Kyle Island,PayPal,2025-04-23,LOC001
ORD0000188,CUS000051,2025-04-11 20:24:42,Shipped,100.35,Next Day,563 Jones Fields Suite 934,563 Jones Fields Suite 934,Bank Transfer,2025-04-12,LOC018
ORD0000189,CUS000091,2025-04-11 19:57:42,Processing,6411.870000000001,Next Day,7372 Marshall Haven,7372 Marshall Haven,PayPal,2025-04-18,LOC020
ORD0000190,CUS000092,2025-04-12 02:00:42,Delivered,2368.8,Express,441 Nichols Glen,441 Nichols Glen,PayPal,2025-04-23,LOC016
ORD0000191,CUS000032,2025-04-11 17:59:42,Processing,8242.95,Pick up in store,57334 Cooper Island,57334 Cooper Island,Bank Transfer,2025-04-14,LOC019
ORD0000192,CUS000038,2025-04-11 14:11:42,Delivered,5746.1,Pick up in store,811 Leonard Ford Apt. 102,811 Leonard Ford Apt. 102,PayPal,2025-04-23,LOC011
ORD0000193,CUS000065,2025-04-12 04:57:42,Pending,1819.16,Next Day,0316 Wendy Club Apt. 476,0316 Wendy Club Apt. 476,PayPal,,LOC017
ORD0000194,CUS000060,2025-04-11 11:21:42,Processing,8853.33,Express,50318 Kenneth Burg Suite 855,50318 Kenneth Burg Suite 855,Credit Card,2025-04-17,LOC016
ORD0000195,CUS000032,2025-04-11 22:03:42,Pending,7397.65,Express,57334 Cooper Island,57334 Cooper Island,PayPal,,LOC001
ORD0000196,CUS000094,2025-04-12 04:57:42,Shipped,7596.31,Next Day,91800 Tony Lights Suite 800,91800 Tony Lights Suite 800,PayPal,2025-04-23,LOC012
ORD0000197,CUS000017,2025-04-12 01:26:42,Processing,2803.9700000000003,Next Day,4207 Craig Causeway,4207 Craig Causeway,Bank Transfer,2025-04-25,LOC008
ORD0000198,CUS000064,2025-04-12 09:41:42,Delivered,464.36,Express,93926 Jason Common Suite 790,93926 Jason Common Suite 790,Credit Card,2025-04-26,LOC015
ORD0000199,CUS000030,2025-04-11 11:11:42,Shipped,8020.860000000001,Express,56818 Wright Drives,56818 Wright Drives,Credit Card,2025-04-12,LOC012
ORD0000200,CUS000037,2025-04-11 22:24:42,Shipped,5392.34,Next Day,536 Elizabeth Via,536 Elizabeth Via,Bank Transfer,2025-04-19,LOC012
ORD0000201,CUS000094,2025-04-11 22:54:42,Pending,2610.02,Pick up in store,91800 Tony Lights Suite 800,91800 Tony Lights Suite 800,Bank Transfer,,LOC011
ORD0000202,CUS000001,2025-04-11 23:36:42,Pending,7724.679999999999,Next Day,45447 Ryan Springs Suite 790,45447 Ryan Springs Suite 790,Bank Transfer,,LOC010
ORD0000203,CUS000042,2025-04-11 11:45:42,Shipped,6148.090000000001,Standard,19899 Mark Way Suite 871,19899 Mark Way Suite 871,PayPal,2025-04-16,LOC002
ORD0000204,CUS000077,2025-04-11 16:33:42,Pending,1364.48,Express,17316 Ashley Ridges Suite 345,17316 Ashley Ridges Suite 345,Bank Transfer,,LOC015
ORD0000205,CUS000096,2025-04-11 21:33:42,Processing,4938.64,Express,997 Debra Road,997 Debra Road,Credit Card,2025-04-22,LOC007
ORD0000206,CUS000100,2025-04-11 22:34:42,Shipped,2210.5999999999995,Next Day,14536 Holly Trail,14536 Holly Trail,Bank Transfer,2025-04-25,LOC004
ORD0000207,CUS000030,2025-04-11 14:43:42,Pending,6701.53,Pick up in store,56818 Wright Drives,56818 Wright Drives,Bank Transfer,,LOC001
ORD0000208,CUS000062,2025-04-12 10:22:42,Delivered,6789.27,Express,9634 Thomas Vista,9634 Thomas Vista,PayPal,2025-04-26,LOC013
ORD0000209,CUS000053,2025-04-11 20:35:42,Processing,10236.380000000001,Pick up in store,92512 Armstrong Station,92512 Armstrong Station,Bank Transfer,2025-04-19,LOC006
ORD0000210,CUS000057,2025-04-11 14:53:42,Pending,5493.800000000001,Pick up in store,647 Mcgee Manors,647 Mcgee Manors,Credit Card,,LOC003
ORD0000211,CUS000067,2025-04-13 03:41:42,Shipped,7858.850000000001,Express,4937 Brown Turnpike Suite 240,4937 Brown Turnpike Suite 240,Credit Card,2025-04-17,LOC010
ORD0000212,CUS000003,2025-04-13 08:33:42,Delivered,10949.1,Next Day,22024 Harrison Roads,22024 Harrison Roads,Bank Transfer,2025-04-23,LOC019
ORD0000213,CUS000014,2025-04-13 00:34:42,Shipped,8192.59,Pick up in store,240 Lewis Park,240 Lewis Park,Credit Card,2025-04-25,LOC014
ORD0000214,CUS000043,2025-04-13 08:23:42,Pending,6033.370000000001,Next Day,1002 John Row Apt. 424,1002 John Row Apt. 424,PayPal,,LOC019
ORD0000215,CUS000068,2025-04-13 01:44:42,Pending,9811.249999999998,Express,165 Walker Mill,165 Walker Mill,PayPal,,LOC003
ORD0000216,CUS000029,2025-04-13 04:34:42,Delivered,6368.13,Standard,248 Schaefer Alley,248 Schaefer Alley,Bank Transfer,2025-04-25,LOC010
ORD0000217,CUS000056,2025-04-12 17:17:42,Processing,6345.34,Next Day,5399 Pierce Gardens Suite 720,5399 Pierce Gardens Suite 720,PayPal,2025-04-25,LOC008
ORD0000218,CUS000097,2025-04-13 10:12:42,Delivered,837.84,Express,728 Laurie Cape,728 Laurie Cape,Bank Transfer,2025-04-23,LOC009
ORD0000219,CUS000059,2025-04-13 05:03:42,Delivered,5410.04,Express,604 Jones Courts Apt. 869,604 Jones Courts Apt. 869,Bank Transfer,2025-04-15,LOC010
ORD0000220,CUS000003,2025-04-13 06:58:42,Processing,3355.81,Express,22024 Harrison Roads,22024 Harrison Roads,PayPal,2025-04-18,LOC012
ORD0000221,CUS000015,2025-04-12 21:23:42,Shipped,1160.9,Next Day,943 Dawn Extension Apt. 032,943 Dawn Extension Apt. 032,Bank Transfer,2025-04-15,LOC004
ORD0000222,CUS000093,2025-04-12 11:48:42,Delivered,7512.7,Express,443 Evans Pine Apt. 602,443 Evans Pine Apt. 602,PayPal,2025-04-24,LOC013
ORD0000223,CUS000088,2025-04-12 17:48:42,Pending,1704.64,Express,50544 Penny Isle Suite 526,50544 Penny Isle Suite 526,Credit Card,,LOC020
ORD0000224,CUS000080,2025-04-12 22:21:42,Shipped,2296.06,Standard,84198 Mitchell Light,84198 Mitchell Light,PayPal,2025-04-26,LOC002
ORD0000225,CUS000001,2025-04-12 20:51:42,Shipped,5862.1900000000005,Pick up in store,45447 Ryan Springs Suite 790,45447 Ryan Springs Suite 790,Credit Card,2025-04-24,LOC012
ORD0000226,CUS000083,2025-04-13 08:31:42,Shipped,1849.0,Express,808 Joseph Center Suite 987,808 Joseph Center Suite 987,Bank Transfer,2025-04-14,LOC001
ORD0000227,CUS000058,2025-04-12 18:45:42,Shipped,4203.469999999999,Standard,6387 Susan Roads,6387 Susan Roads,Credit Card,2025-04-20,LOC008
ORD0000228,CUS000036,2025-04-12 18:21:42,Shipped,6133.96,Next Day,4716 Felicia Trafficway Apt. 051,4716 Felicia Trafficway Apt. 051,Credit Card,2025-04-17,LOC018
ORD0000229,CUS000018,2025-04-12 20:45:42,Delivered,1540.06,Standard,693 Kathryn Extension,693 Kathryn Extension,PayPal,2025-04-13,LOC002
ORD0000230,CUS000018,2025-04-13 01:51:42,Processing,1825.1,Standard,693 Kathryn Extension,693 Kathryn Extension,Bank Transfer,2025-04-19,LOC020
ORD0000231,CUS000078,2025-04-12 23:05:42,Processing,3559.8,Next Day,783 Hudson Mill Suite 171,783 Hudson Mill Suite 171,Credit Card,2025-04-20,LOC011
ORD0000232,CUS000079,2025-04-13 02:33:42,Shipped,3787.39,Express,34676 Chan Brooks,34676 Chan Brooks,PayPal,2025-04-22,LOC002
ORD0000233,CUS000014,2025-04-12 20:08:42,Processing,1714.3600000000001,Express,240 Lewis Park,240 Lewis Park,Bank Transfer,2025-04-25,LOC013
ORD0000234,CUS000054,2025-04-13 04:18:42,Pending,5056.85,Pick up in store,00532 Matthew Fork Suite 143,00532 Matthew Fork Suite 143,Bank Transfer,,LOC005
ORD0000235,CUS000028,2025-04-13 02:36:42,Delivered,5675.82,Express,4548 Rose Corner,4548 Rose Corner,Credit Card,2025-04-27,LOC013
ORD0000236,CUS000001,2025-04-13 06:14:42,Pending,365.09999999999997,Standard,45447 Ryan Springs Suite 790,45447 Ryan Springs Suite 790,Bank Transfer,,LOC008
ORD0000237,CUS000087,2025-04-13 00:23:42,Pending,2215.31,Standard,99137 Scott Streets Suite 891,99137 Scott Streets Suite 891,PayPal,,LOC010
ORD0000238,CUS000003,2025-04-12 22:57:42,Shipped,2863.4,Next Day,22024 Harrison Roads,22024 Harrison Roads,Bank Transfer,2025-04-22,LOC009
ORD0000239,CUS000070,2025-04-12 20:36:42,Pending,2148.36,Standard,17993 Lee Cove Apt. 976,17993 Lee Cove Apt. 976,Bank Transfer,,LOC011
ORD0000240,CUS000085,2025-04-13 14:28:42,Pending,1425.6399999999999,Next Day,65310 Smith Causeway,65310 Smith Causeway,Credit Card,,LOC019
ORD0000241,CUS000096,2025-04-14 10:01:42,Processing,12473.63,Pick up in store,997 Debra Road,997 Debra Road,Bank Transfer,2025-04-28,LOC012
ORD0000242,CUS000012,2025-04-14 09:59:42,Pending,7653.45,Next Day,753 Powell Manor Suite 888,753 Powell Manor Suite 888,Bank Transfer,,LOC009
ORD0000243,CUS000071,2025-04-13 21:37:42,Delivered,3427.1400000000003,Express,085 Aaron Crescent Apt. 676,085 Aaron Crescent Apt. 676,Bank Transfer,2025-04-21,LOC016
ORD0000244,CUS000085,2025-04-13 22:49:42,Delivered,7596.69,Standard,65310 Smith Causeway,65310 Smith Causeway,Credit Card,2025-04-25,LOC012
ORD0000245,CUS000038,2025-04-13 20:24:42,Processing,5079.25,Pick up in store,811 Leonard Ford Apt. 102,811 Leonard Ford Apt. 102,PayPal,2025-04-14,LOC006
ORD0000246,CUS000074,2025-04-13 18:34:42,Shipped,2237.64,Pick up in store,42549 Zavala Lakes Suite 652,42549 Zavala Lakes Suite 652,Bank Transfer,2025-04-25,LOC002
ORD0000247,CUS000072,2025-04-14 03:14:42,Delivered,7513.030000000001,Standard,022 Brennan Vista,022 Brennan Vista,PayPal,2025-04-27,LOC020
ORD0000248,CUS000100,2025-04-14 05:34:42,Shipped,2467.11,Express,14536 Holly Trail,14536 Holly Trail,Bank Transfer,2025-04-28,LOC015
ORD0000249,CUS000045,2025-04-14 10:40:42,Delivered,5936.6,Standard,14062 Oliver Spurs,14062 Oliver Spurs,Bank Transfer,2025-04-15,LOC020
ORD0000250,CUS000053,2025-04-14 01:57:42,Pending,909.58,Standard,92512 Armstrong Station,92512 Armstrong Station,Credit Card,,LOC014
ORD0000251,CUS000010,2025-04-13 19:54:42,Pending,614.52,Next Day,386 Brian Gateway,386 Brian Gateway,PayPal,,LOC002
ORD0000252,CUS000013,2025-04-14 06:39:42,Pending,11690.580000000002,Next Day,54024 Miller Track Suite 763,54024 Miller Track Suite 763,PayPal,,LOC018
ORD0000253,CUS000051,2025-04-14 02:46:42,Pending,8820.25,Next Day,563 Jones Fields Suite 934,563 Jones Fields Suite 934,PayPal,,LOC002
ORD0000254,CUS000084,2025-04-14 08:52:42,Processing,819.36,Standard,3563 Ashley Wall Apt. 125,3563 Ashley Wall Apt. 125,Credit Card,2025-04-22,LOC007
ORD0000255,CUS000078,2025-04-14 10:31:42,Processing,1632.33,Express,783 Hudson Mill Suite 171,783 Hudson Mill Suite 171,PayPal,2025-04-18,LOC013
ORD0000256,CUS000071,2025-04-13 15:34:42,Shipped,8138.56,Express,085 Aaron Crescent Apt. 676,085 Aaron Crescent Apt. 676,Bank Transfer,2025-04-21,LOC005
ORD0000257,CUS000075,2025-04-14 09:22:42,Pending,1751.3600000000001,Express,10585 Shaun Squares Suite 674,10585 Shaun Squares Suite 674,Credit Card,,LOC015
ORD0000258,CUS000014,2025-04-14 01:05:42,Pending,4417.06,Standard,240 Lewis Park,240 Lewis Park,PayPal,,LOC018
ORD0000259,CUS000001,2025-04-14 00:25:42,Shipped,6039.31,Express,45447 Ryan Springs Suite 790,45447 Ryan Springs Suite 790,Credit Card,2025-04-15,LOC003
ORD0000260,CUS000041,2025-04-14 03:29:42,Processing,10941.739999999998,Next Day,312 Mathew Route Suite 835,312 Mathew Route Suite 835,Credit Card,2025-04-24,LOC003
ORD0000261,CUS000080,2025-04-13 17:43:42,Shipped,3500.02,Pick up in store,84198 Mitchell Light,84198 Mitchell Light,Bank Transfer,2025-04-15,LOC013
ORD0000262,CUS000026,2025-04-13 11:42:42,Pending,3913.34,Pick up in store,305 Newton Bypass,305 Newton Bypass,Bank Transfer,,LOC003
ORD0000263,CUS000011,2025-04-14 08:25:42,Delivered,8091.82,Standard,627 Carol Vista,627 Carol Vista,Credit Card,2025-04-23,LOC016
ORD0000264,CUS000046,2025-04-14 21:58:42,Pending,4013.66,Next Day,0384 Michelle Cape,0384 Michelle Cape,PayPal,,LOC003
ORD0000265,CUS000091,2025-04-14 13:56:42,Shipped,5974.53,Next Day,7372 Marshall Haven,7372 Marshall Haven,Credit Card,2025-04-19,LOC010
ORD0000266,CUS000042,2025-04-14 22:35:42,Delivered,3338.91,Next Day,19899 Mark Way Suite 871,19899 Mark Way Suite 871,PayPal,2025-04-26,LOC015
ORD0000267,CUS000087,2025-04-15 00:51:42,Pending,3434.5600000000004,Standard,99137 Scott Streets Suite 891,99137 Scott Streets Suite 891,Credit Card,,LOC003
ORD0000268,CUS000049,2025-04-14 22:07:42,Shipped,5832.099999999999,Express,8581 Katelyn Pike Apt. 739,8581 Katelyn Pike Apt. 739,Credit Card,2025-04-16,LOC010
ORD0000269,CUS000082,2025-04-15 05:01:42,Pending,3775.28,Express,3913 Chambers Park Apt. 634,3913 Chambers Park Apt. 634,Credit Card,,LOC009
ORD0000270,CUS000072,2025-04-14 23:57:42,Processing,3409.28,Next Day,022 Brennan Vista,022 Brennan Vista,Bank Transfer,2025-04-24,LOC008
ORD0000271,CUS000074,2025-04-15 09:31:42,Pending,6083.84,Next Day,42549 Zavala Lakes Suite 652,42549 Zavala Lakes Suite 652,Credit Card,,LOC003
ORD0000272,CUS000054,2025-04-15 05:32:42,Shipped,7116.200000000001,Standard,00532 Matthew Fork Suite 143,00532 Matthew Fork Suite 143,Credit Card,2025-04-29,LOC020
ORD0000273,CUS000006,2025-04-14 19:16:42,Processing,3866.54,Express,20878 Andersen Lock Suite 120,20878 Andersen Lock Suite 120,Credit Card,2025-04-24,LOC008
ORD0000274,CUS000031,2025-04-14 15:55:42,Pending,4984.76,Pick up in store,3219 Rodriguez Passage Suite 363,3219 Rodriguez Passage Suite 363,Bank Transfer,,LOC012
ORD0000275,CUS000079,2025-04-14 18:32:42,Delivered,2577.56,Next Day,34676 Chan Brooks,34676 Chan Brooks,PayPal,2025-04-23,LOC001
ORD0000276,CUS000013,2025-04-14 14:12:42,Delivered,5224.960000000001,Next Day,54024 Miller Track Suite 763,54024 Miller Track Suite 763,Bank Transfer,2025-04-25,LOC016
ORD0000277,CUS000036,2025-04-15 09:23:42,Pending,528.24,Pick up in store,4716 Felicia Trafficway Apt. 051,4716 Felicia Trafficway Apt. 051,Bank Transfer,,LOC012
ORD0000278,CUS000029,2025-04-15 02:32:42,Processing,5046.22,Standard,248 Schaefer Alley,248 Schaefer Alley,PayPal,2025-04-29,LOC002
ORD0000279,CUS000066,2025-04-15 01:46:42,Shipped,6421.92,Standard,712 Andrew Ranch,712 Andrew Ranch,PayPal,2025-04-20,LOC010
ORD0000280,CUS000001,2025-04-15 04:52:42,Pending,5948.91,Express,45447 Ryan Springs Suite 790,45447 Ryan Springs Suite 790,PayPal,,LOC009
ORD0000281,CUS000087,2025-04-15 04:13:42,Processing,1098.84,Pick up in store,99137 Scott Streets Suite 891,99137 Scott Streets Suite 891,Credit Card,2025-04-16,LOC020
ORD0000282,CUS000058,2025-04-14 19:57:42,Delivered,5582.68,Express,6387 Susan Roads,6387 Susan Roads,Bank Transfer,2025-04-19,LOC004
ORD0000283,CUS000049,2025-04-15 03:36:42,Delivered,2342.87,Next Day,8581 Katelyn Pike Apt. 739,8581 Katelyn Pike Apt. 739,Credit Card,2025-04-27,LOC002
ORD0000284,CUS000002,2025-04-14 11:50:42,Delivered,3027.93,Pick up in store,7944 Rich Turnpike,7944 Rich Turnpike,Bank Transfer,2025-04-26,LOC012
ORD0000285,CUS000049,2025-04-15 00:22:42,Delivered,3214.55,Standard,8581 Katelyn Pike Apt. 739,8581 Katelyn Pike Apt. 739,Credit Card,2025-04-16,LOC010
ORD0000286,CUS000084,2025-04-14 18:06:42,Shipped,6637.56,Pick up in store,3563 Ashley Wall Apt. 125,3563 Ashley Wall Apt. 125,Credit Card,2025-04-24,LOC018
ORD0000287,CUS000093,2025-04-15 09:43:42,Shipped,1186.73,Standard,443 Evans Pine Apt. 602,443 Evans Pine Apt. 602,Credit Card,2025-04-24,LOC004
ORD0000288,CUS000076,2025-04-16 07:06:42,Shipped,8355.470000000001,Express,8996 Amanda Plaza,8996 Amanda Plaza,Credit Card,2025-04-29,LOC019
ORD0000289,CUS000012,2025-04-15 11:14:42,Processing,2539.3500000000004,Next Day,753 Powell Manor Suite 888,753 Powell Manor Suite 888,Bank Transfer,2025-04-21,LOC017
ORD0000290,CUS000059,2025-04-15 12:14:42,Shipped,4823.49,Express,604 Jones Courts Apt. 869,604 Jones Courts Apt. 869,Bank Transfer,2025-04-19,LOC002
ORD0000291,CUS000045,2025-04-15 21:39:42,Delivered,5090.64,Pick up in store,14062 Oliver Spurs,14062 Oliver Spurs,PayPal,2025-04-22,LOC006
ORD0000292,CUS000009,2025-04-15 16:35:42,Pending,9276.490000000002,Pick up in store,4479 Hinton Heights Suite 425,4479 Hinton Heights Suite 425,Bank Transfer,,LOC006
ORD0000293,CUS000046,2025-04-15 18:46:42,Pending,7657.03,Express,0384 Michelle Cape,0384 Michelle Cape,Credit Card,,LOC002
ORD0000294,CUS000031,2025-04-16 06:28:42,Processing,4137.14,Pick up in store,3219 Rodriguez Passage Suite 363,3219 Rodriguez Passage Suite 363,Bank Transfer,2025-04-27,LOC001
ORD0000295,CUS000004,2025-04-16 09:26:42,Shipped,3127.99,Standard,86781 Webb Tunnel Apt. 880,86781 Webb Tunnel Apt. 880,Credit Card,2025-04-27,LOC014
ORD0000296,CUS000054,2025-04-15 12:47:42,Delivered,3891.86,Pick up in store,00532 Matthew Fork Suite 143,00532 Matthew Fork Suite 143,Credit Card,2025-04-21,LOC013
ORD0000297,CUS000091,2025-04-16 10:05:42,Shipped,5416.639999999999,Pick up in store,7372 Marshall Haven,7372 Marshall Haven,Credit Card,2025-04-30,LOC008
ORD0000298,CUS000022,2025-04-15 18:12:42,Pending,4013.41,Next Day,290 Hodges Pine,290 Hodges Pine,Credit Card,,LOC009
ORD0000299,CUS000079,2025-04-15 12:51:42,Shipped,684.84,Standard,34676 Chan Brooks,34676 Chan Brooks,Bank Transfer,2025-04-22,LOC005
ORD0000300,CUS000053,2025-04-16 02:51:42,Shipped,1179.08,Pick up in store,92512 Armstrong Station,92512 Armstrong Station,PayPal,2025-04-19,LOC006
ORD0000301,CUS000012,2025-04-15 21:42:42,Pending,2430.17,Standard,753 Powell Manor Suite 888,753 Powell Manor Suite 888,Bank Transfer,,LOC008
ORD0000302,CUS000009,2025-04-15 12:31:42,Processing,6700.570000000001,Next Day,4479 Hinton Heights Suite 425,4479 Hinton Heights Suite 425,PayPal,2025-04-19,LOC003
ORD0000303,CUS000098,2025-04-16 09:29:42,Shipped,6928.0199999999995,Express,4693 Ashley Centers,4693 Ashley Centers,Credit Card,2025-04-28,LOC018
ORD0000304,CUS000059,2025-04-16 06:41:42,Pending,2513.52,Standard,604 Jones Courts Apt. 869,604 Jones Courts Apt. 869,Bank Transfer,,LOC003
ORD0000305,CUS000087,2025-04-16 18:39:42,Shipped,5558.72,Standard,99137 Scott Streets Suite 891,99137 Scott Streets Suite 891,PayPal,2025-04-23,LOC012
ORD0000306,CUS000039,2025-04-16 19:01:42,Delivered,523.56,Next Day,06077 Marcus Bypass,06077 Marcus Bypass,PayPal,2025-04-18,LOC017
ORD0000307,CUS000064,2025-04-16 12:46:42,Delivered,294.77,Pick up in store,93926 Jason Common Suite 790,93926 Jason Common Suite 790,Credit Card,2025-04-27,LOC009
ORD0000308,CUS000065,2025-04-17 00:30:42,Pending,5842.860000000001,Next Day,0316 Wendy Club Apt. 476,0316 Wendy Club Apt. 476,PayPal,,LOC005
ORD0000309,CUS000008,2025-04-17 05:56:42,Pending,1732.3,Express,949 Mueller Mission,949 Mueller Mission,PayPal,,LOC002
ORD0000310,CUS000064,2025-04-16 12:27:42,Shipped,1744.94,Express,93926 Jason Common Suite 790,93926 Jason Common Suite 790,Credit Card,2025-04-25,LOC012
ORD0000311,CUS000088,2025-04-16 18:25:42,Pending,5232.5,Standard,50544 Penny Isle Suite 526,50544 Penny Isle Suite 526,Credit Card,,LOC007
ORD0000312,CUS000051,2025-04-16 16:07:42,Shipped,5427.6900000000005,Express,563 Jones Fields Suite 934,563 Jones Fields Suite 934,Credit Card,2025-04-22,LOC013
ORD0000313,CUS000044,2025-04-16 19:14:42,Shipped,5248.700000000001,Next Day,28472 Anderson Bypass,28472 Anderson Bypass,PayPal,2025-04-19,LOC017
ORD0000314,CUS000026,2025-04-16 21:05:42,Processing,2961.26,Express,305 Newton Bypass,305 Newton Bypass,PayPal,2025-04-29,LOC020
ORD0000315,CUS000100,2025-04-17 02:18:42,Pending,9066.31,Standard,14536 Holly Trail,14536 Holly Trail,Credit Card,,LOC007
ORD0000316,CUS000010,2025-04-16 13:33:42,Delivered,12220.02,Next Day,386 Brian Gateway,386 Brian Gateway,Credit Card,2025-04-25,LOC009
ORD0000317,CUS000058,2025-04-16 16:23:42,Pending,8746.05,Next Day,6387 Susan Roads,6387 Susan Roads,Credit Card,,LOC019
ORD0000318,CUS000026,2025-04-18 09:55:42,Processing,2297.04,Next Day,305 Newton Bypass,305 Newton Bypass,Bank Transfer,2025-04-25,LOC013
ORD0000319,CUS000012,2025-04-18 07:41:42,Pending,5106.340000000001,Pick up in store,753 Powell Manor Suite 888,753 Powell Manor Suite 888,PayPal,,LOC015
ORD0000320,CUS000018,2025-04-17 22:45:42,Processing,3327.5,Pick up in store,693 Kathryn Extension,693 Kathryn Extension,Bank Transfer,2025-04-28,LOC011
ORD0000321,CUS000025,2025-04-17 23:28:42,Shipped,4317.139999999999,Express,554 Phillips Spring,554 Phillips Spring,PayPal,2025-04-28,LOC009
ORD0000322,CUS000079,2025-04-18 00:41:42,Pending,3949.63,Next Day,34676 Chan Brooks,34676 Chan Brooks,PayPal,,LOC009
ORD0000323,CUS000024,2025-04-18 03:25:42,Pending,1384.48,Express,574 Gonzales Lodge Apt. 681,574 Gonzales Lodge Apt. 681,Bank Transfer,,LOC011
ORD0000324,CUS000054,2025-04-18 10:36:42,Pending,1941.69,Express,00532 Matthew Fork Suite 143,00532 Matthew Fork Suite 143,PayPal,,LOC014
ORD0000325,CUS000022,2025-04-18 03:44:42,Pending,7941.950000000001,Next Day,290 Hodges Pine,290 Hodges Pine,Credit Card,,LOC009
ORD0000326,CUS000072,2025-04-18 04:33:42,Pending,3161.26,Next Day,022 Brennan Vista,022 Brennan Vista,Credit Card,,LOC009
ORD0000327,CUS000007,2025-04-17 23:46:42,Delivered,5633.290000000001,Standard,64048 Golden Mount Suite 491,64048 Golden Mount Suite 491,PayPal,2025-04-21,LOC006
ORD0000328,CUS000058,2025-04-17 18:45:42,Processing,5919.25,Next Day,6387 Susan Roads,6387 Susan Roads,PayPal,2025-04-20,LOC008
ORD0000329,CUS000079,2025-04-17 21:17:42,Pending,2278.4300000000003,Standard,34676 Chan Brooks,34676 Chan Brooks,Bank Transfer,,LOC001
ORD0000330,CUS000068,2025-04-18 05:15:42,Processing,7041.45,Express,165 Walker Mill,165 Walker Mill,PayPal,2025-05-02,LOC011
ORD0000331,CUS000066,2025-04-17 13:39:42,Pending,2514.9,Standard,712 Andrew Ranch,712 Andrew Ranch,PayPal,,LOC014
ORD0000332,CUS000071,2025-04-17 14:46:42,Shipped,2487.2000000000003,Express,085 Aaron Crescent Apt. 676,085 Aaron Crescent Apt. 676,Credit Card,2025-04-20,LOC007
ORD0000333,CUS000064,2025-04-18 09:49:42,Shipped,3994.1400000000003,Next Day,93926 Jason Common Suite 790,93926 Jason Common Suite 790,Bank Transfer,2025-04-30,LOC014
ORD0000334,CUS000034,2025-04-17 13:16:42,Delivered,4811.76,Standard,81729 Mccall Meadows,81729 Mccall Meadows,Bank Transfer,2025-04-20,LOC002
ORD0000335,CUS000025,2025-04-17 17:11:42,Shipped,2569.13,Next Day,554 Phillips Spring,554 Phillips Spring,Bank Transfer,2025-04-20,LOC003
ORD0000336,CUS000086,2025-04-18 14:07:42,Pending,10175.09,Pick up in store,023 Melissa Crossroad Apt. 855,023 Melissa Crossroad Apt. 855,PayPal,,LOC019
ORD0000337,CUS000086,2025-04-18 15:13:42,Pending,6762.5199999999995,Pick up in store,023 Melissa Crossroad Apt. 855,023 Melissa Crossroad Apt. 855,PayPal,,LOC001
ORD0000338,CUS000022,2025-04-18 11:00:42,Processing,2951.41,Standard,290 Hodges Pine,290 Hodges Pine,Credit Card,2025-04-30,LOC002
ORD0000339,CUS000065,2025-04-18 21:10:42,Delivered,7701.09,Pick up in store,0316 Wendy Club Apt. 476,0316 Wendy Club Apt. 476,PayPal,2025-04-21,LOC005
ORD0000340,CUS000060,2025-04-19 07:59:42,Processing,2847.75,Standard,50318 Kenneth Burg Suite 855,50318 Kenneth Burg Suite 855,Bank Transfer,2025-04-22,LOC011
ORD0000341,CUS000075,2025-04-18 20:32:42,Pending,770.42,Next Day,10585 Shaun Squares Suite 674,10585 Shaun Squares Suite 674,Bank Transfer,,LOC014
ORD0000342,CUS000084,2025-04-19 00:52:42,Delivered,9002.95,Next Day,3563 Ashley Wall Apt. 125,3563 Ashley Wall Apt. 125,PayPal,2025-04-25,LOC003
ORD0000343,CUS000055,2025-04-19 09:23:42,Shipped,6393.42,Express,3345 Angela Lane Suite 782,3345 Angela Lane Suite 782,PayPal,2025-04-24,LOC008
ORD0000344,CUS000046,2025-04-18 23:41:42,Processing,3555.54,Pick up in store,0384 Michelle Cape,0384 Michelle Cape,Credit Card,2025-04-26,LOC017
ORD0000345,CUS000033,2025-04-19 00:35:42,Shipped,5332.58,Express,32833 Harris Fall,32833 Harris Fall,Bank Transfer,2025-04-20,LOC012
ORD0000346,CUS000026,2025-04-18 21:40:42,Delivered,9087.740000000002,Express,305 Newton Bypass,305 Newton Bypass,PayPal,2025-04-28,LOC007
ORD0000347,CUS000022,2025-04-19 04:18:42,Pending,3815.2400000000002,Standard,290 Hodges Pine,290 Hodges Pine,PayPal,,LOC009
ORD0000348,CUS000045,2025-04-18 17:22:42,Pending,3900.56,Express,14062 Oliver Spurs,14062 Oliver Spurs,Credit Card,,LOC018
ORD0000349,CUS000032,2025-04-18 13:48:42,Processing,2767.88,Pick up in store,57334 Cooper Island,57334 Cooper Island,Credit Card,2025-04-26,LOC013
ORD0000350,CUS000006,2025-04-18 22:28:42,Processing,4928.849999999999,Standard,20878 Andersen Lock Suite 120,20878 Andersen Lock Suite 120,PayPal,2025-04-24,LOC006
ORD0000351,CUS000060,2025-04-18 17:25:42,Shipped,5102.86,Standard,50318 Kenneth Burg Suite 855,50318 Kenneth Burg Suite 855,Bank Transfer,2025-04-26,LOC009
ORD0000352,CUS000069,2025-04-18 20:44:42,Delivered,6040.259999999999,Express,56017 Michelle Trace Apt. 592,56017 Michelle Trace Apt. 592,Credit Card,2025-04-27,LOC015
ORD0000353,CUS000044,2025-04-18 13:54:42,Pending,10289.7,Pick up in store,28472 Anderson Bypass,28472 Anderson Bypass,Bank Transfer,,LOC013
ORD0000354,CUS000003,2025-04-19 09:39:42,Pending,850.12,Standard,22024 Harrison Roads,22024 Harrison Roads,PayPal,,LOC007
ORD0000355,CUS000019,2025-04-19 08:34:42,Delivered,236.8,Next Day,3594 Long Wall Suite 248,3594 Long Wall Suite 248,Credit Card,2025-04-27,LOC017
ORD0000356,CUS000060,2025-04-18 11:42:42,Delivered,4819.63,Next Day,50318 Kenneth Burg Suite 855,50318 Kenneth Burg Suite 855,Credit Card,2025-04-29,LOC007
ORD0000357,CUS000098,2025-04-19 02:44:42,Pending,2437.5,Next Day,4693 Ashley Centers,4693 Ashley Centers,PayPal,,LOC014
ORD0000358,CUS000059,2025-04-18 15:54:42,Delivered,5355.18,Next Day,604 Jones Courts Apt. 869,604 Jones Courts Apt. 869,Bank Transfer,2025-04-22,LOC012
ORD0000359,CUS000080,2025-04-18 18:41:42,Pending,3532.5499999999997,Pick up in store,84198 Mitchell Light,84198 Mitchell Light,PayPal,,LOC012
ORD0000360,CUS000041,2025-04-18 15:31:42,Delivered,1096.08,Standard,312 Mathew Route Suite 835,312 Mathew Route Suite 835,Credit Card,2025-04-19,LOC007
ORD0000361,CUS000069,2025-04-19 05:33:42,Pending,2235.5099999999998,Standard,56017 Michelle Trace Apt. 592,56017 Michelle Trace Apt. 592,Credit Card,,LOC012
ORD0000362,CUS000035,2025-04-18 19:33:42,Shipped,3754.47,Pick up in store,0435 Mullins Canyon,0435 Mullins Canyon,Bank Transfer,2025-04-24,LOC015
ORD0000363,CUS000072,2025-04-18 14:53:42,Processing,2792.3999999999996,Express,022 Brennan Vista,022 Brennan Vista,Credit Card,2025-04-30,LOC005
ORD0000364,CUS000005,2025-04-20 00:47:42,Delivered,3060.6499999999996,Pick up in store,55835 Christopher Parkways Suite 486,55835 Christopher Parkways Suite 486,PayPal,2025-04-30,LOC011
ORD0000365,CUS000093,2025-04-19 15:16:42,Shipped,4942.44,Pick up in store,443 Evans Pine Apt. 602,443 Evans Pine Apt. 602,PayPal,2025-05-03,LOC005
ORD0000366,CUS000060,2025-04-19 14:19:42,Processing,4662.8,Next Day,50318 Kenneth Burg Suite 855,50318 Kenneth Burg Suite 855,Credit Card,2025-05-03,LOC008
ORD0000367,CUS000076,2025-04-19 22:48:42,Shipped,5631.040000000001,Pick up in store,8996 Amanda Plaza,8996 Amanda Plaza,Credit Card,2025-04-30,LOC020
ORD0000368,CUS000039,2025-04-20 08:15:42,Delivered,2396.91,Pick up in store,06077 Marcus Bypass,06077 Marcus Bypass,Credit Card,2025-05-04,LOC018
ORD0000369,CUS000041,2025-04-19 15:38:42,Processing,6064.81,Express,312 Mathew Route Suite 835,312 Mathew Route Suite 835,PayPal,2025-04-26,LOC020
ORD0000370,CUS000032,2025-04-20 07:24:42,Pending,9247.87,Next Day,57334 Cooper Island,57334 Cooper Island,Credit Card,,LOC006
ORD0000371,CUS000076,2025-04-19 16:56:42,Delivered,106.54,Pick up in store,8996 Amanda Plaza,8996 Amanda Plaza,Bank Transfer,2025-04-23,LOC004
ORD0000372,CUS000001,2025-04-19 19:00:42,Delivered,655.9599999999999,Standard,45447 Ryan Springs Suite 790,45447 Ryan Springs Suite 790,Bank Transfer,2025-04-23,LOC002
ORD0000373,CUS000063,2025-04-20 06:02:42,Pending,236.8,Pick up in store,6888 Emily Underpass,6888 Emily Underpass,Credit Card,,LOC002
ORD0000374,CUS000010,2025-04-20 06:46:42,Pending,6140.76,Pick up in store,386 Brian Gateway,386 Brian Gateway,Bank Transfer,,LOC017
ORD0000375,CUS000073,2025-04-19 21:10:42,Processing,5219.33,Next Day,598 Smith Mission Suite 623,598 Smith Mission Suite 623,Credit Card,2025-04-21,LOC019
ORD0000376,CUS000011,2025-04-20 06:49:42,Shipped,5313.6,Next Day,627 Carol Vista,627 Carol Vista,Bank Transfer,2025-05-03,LOC004
ORD0000377,CUS000086,2025-04-19 18:38:42,Delivered,915.8,Standard,023 Melissa Crossroad Apt. 855,023 Melissa Crossroad Apt. 855,Credit Card,2025-05-03,LOC006
ORD0000378,CUS000037,2025-04-19 22:54:42,Pending,9213.98,Standard,536 Elizabeth Via,536 Elizabeth Via,Credit Card,,LOC017
ORD0000379,CUS000072,2025-04-19 13:54:42,Processing,3838.88,Next Day,022 Brennan Vista,022 Brennan Vista,PayPal,2025-04-25,LOC006
ORD0000380,CUS000044,2025-04-20 00:41:42,Shipped,7643.56,Next Day,28472 Anderson Bypass,28472 Anderson Bypass,Credit Card,2025-05-04,LOC008
ORD0000381,CUS000100,2025-04-19 14:29:42,Delivered,2194.5,Next Day,14536 Holly Trail,14536 Holly Trail,PayPal,2025-05-02,LOC006
ORD0000382,CUS000097,2025-04-19 12:25:42,Processing,1098.84,Pick up in store,728 Laurie Cape,728 Laurie Cape,PayPal,2025-04-23,LOC002
ORD0000383,CUS000027,2025-04-19 15:42:42,Pending,3518.05,Express,8148 John Course Suite 159,8148 John Course Suite 159,Bank Transfer,,LOC019
ORD0000384,CUS000099,2025-04-19 22:01:42,Pending,7445.93,Pick up in store,385 Diana Mountain,385 Diana Mountain,PayPal,,LOC009
ORD0000385,CUS000028,2025-04-19 20:04:42,Delivered,8296.15,Express,4548 Rose Corner,4548 Rose Corner,Bank Transfer,2025-04-25,LOC008
ORD0000386,CUS000068,2025-04-19 23:27:42,Delivered,4806.4,Standard,165 Walker Mill,165 Walker Mill,Bank Transfer,2025-05-03,LOC005
ORD0000387,CUS000048,2025-04-19 14:11:42,Pending,940.3800000000001,Pick up in store,1997 Shelly Shore,1997 Shelly Shore,PayPal,,LOC011
ORD0000388,CUS000049,2025-04-20 08:40:42,Processing,2617.02,Express,8581 Katelyn Pike Apt. 739,8581 Katelyn Pike Apt. 739,Credit Card,2025-04-26,LOC003
ORD0000389,CUS000044,2025-04-19 14:13:42,Processing,13773.43,Standard,28472 Anderson Bypass,28472 Anderson Bypass,Bank Transfer,2025-04-20,LOC006
ORD0000390,CUS000010,2025-04-20 06:41:42,Shipped,4682.6,Next Day,386 Brian Gateway,386 Brian Gateway,Bank Transfer,2025-04-24,LOC004
ORD0000391,CUS000088,2025-04-20 16:32:42,Shipped,2193.83,Standard,50544 Penny Isle Suite 526,50544 Penny Isle Suite 526,PayPal,2025-04-21,LOC012
ORD0000392,CUS000090,2025-04-21 08:30:42,Processing,1539.3,Next Day,9210 Morris Turnpike Suite 212,9210 Morris Turnpike Suite 212,Bank Transfer,2025-04-24,LOC004
ORD0000393,CUS000045,2025-04-21 03:01:42,Delivered,6750.490000000001,Express,14062 Oliver Spurs,14062 Oliver Spurs,PayPal,2025-04-22,LOC015
ORD0000394,CUS000011,2025-04-20 23:03:42,Processing,4307.74,Standard,627 Carol Vista,627 Carol Vista,Bank Transfer,2025-04-24,LOC015
ORD0000395,CUS000060,2025-04-21 10:49:42,Pending,4334.29,Standard,50318 Kenneth Burg Suite 855,50318 Kenneth Burg Suite 855,PayPal,,LOC010
ORD0000396,CUS000086,2025-04-21 01:44:42,Delivered,5761.05,Standard,023 Melissa Crossroad Apt. 855,023 Melissa Crossroad Apt. 855,PayPal,2025-04-23,LOC006
ORD0000397,CUS000094,2025-04-21 09:28:42,Processing,8746.53,Express,91800 Tony Lights Suite 800,91800 Tony Lights Suite 800,PayPal,2025-04-24,LOC017
ORD0000398,CUS000046,2025-04-21 06:23:42,Shipped,6993.969999999999,Pick up in store,0384 Michelle Cape,0384 Michelle Cape,Credit Card,2025-04-29,LOC014
ORD0000399,CUS000037,2025-04-21 04:40:42,Shipped,9748.15,Pick up in store,536 Elizabeth Via,536 Elizabeth Via,PayPal,2025-04-30,LOC010
ORD0000400,CUS000063,2025-04-20 13:42:42,Processing,2002.92,Standard,6888 Emily Underpass,6888 Emily Underpass,PayPal,2025-04-26,LOC019
ORD0000401,CUS000002,2025-04-20 23:08:42,Processing,692.72,Next Day,7944 Rich Turnpike,7944 Rich Turnpike,PayPal,2025-04-21,LOC005
ORD0000402,CUS000042,2025-04-20 17:11:42,Shipped,1395.4099999999999,Express,19899 Mark Way Suite 871,19899 Mark Way Suite 871,PayPal,2025-04-26,LOC008
ORD0000403,CUS000016,2025-04-20 16:17:42,Pending,5529.54,Standard,517 Lester Brook,517 Lester Brook,PayPal,,LOC020
ORD0000404,CUS000062,2025-04-21 00:49:42,Processing,2367.68,Standard,9634 Thomas Vista,9634 Thomas Vista,PayPal,2025-04-22,LOC015
ORD0000405,CUS000016,2025-04-21 01:40:42,Pending,5465.360000000001,Next Day,517 Lester Brook,517 Lester Brook,Credit Card,,LOC018
ORD0000406,CUS000046,2025-04-21 06:30:42,Delivered,5610.94,Standard,0384 Michelle Cape,0384 Michelle Cape,Credit Card,2025-04-25,LOC009
ORD0000407,CUS000050,2025-04-21 00:40:42,Processing,4477.71,Next Day,739 Garcia Spur Apt. 819,739 Garcia Spur Apt. 819,PayPal,2025-05-02,LOC009
ORD0000408,CUS000058,2025-04-22 00:52:42,Delivered,149.61,Pick up in store,6387 Susan Roads,6387 Susan Roads,Credit Card,2025-05-03,LOC001
ORD0000409,CUS000025,2025-04-22 08:03:42,Shipped,4730.9400000000005,Next Day,554 Phillips Spring,554 Phillips Spring,Credit Card,2025-05-03,LOC004
ORD0000410,CUS000090,2025-04-22 02:03:42,Pending,854.01,Standard,9210 Morris Turnpike Suite 212,9210 Morris Turnpike Suite 212,Credit Card,,LOC019
ORD0000411,CUS000091,2025-04-21 18:46:42,Processing,5902.25,Next Day,7372 Marshall Haven,7372 Marshall Haven,Bank Transfer,2025-04-27,LOC011
ORD0000412,CUS000067,2025-04-22 05:43:42,Shipped,1331.02,Pick up in store,4937 Brown Turnpike Suite 240,4937 Brown Turnpike Suite 240,PayPal,2025-04-27,LOC008
ORD0000413,CUS000003,2025-04-21 14:46:42,Processing,2131.19,Next Day,22024 Harrison Roads,22024 Harrison Roads,PayPal,2025-05-04,LOC014
ORD0000414,CUS000092,2025-04-22 04:53:42,Processing,3877.09,Next Day,441 Nichols Glen,441 Nichols Glen,Credit Card,2025-04-23,LOC010
ORD0000415,CUS000045,2025-04-22 00:42:42,Pending,5942.8099999999995,Next Day,14062 Oliver Spurs,14062 Oliver Spurs,Bank Transfer,,LOC014
ORD0000416,CUS000003,2025-04-22 08:15:42,Processing,6341.89,Standard,22024 Harrison Roads,22024 Harrison Roads,Bank Transfer,2025-05-06,LOC007
ORD0000417,CUS000058,2025-04-21 17:22:42,Delivered,7443.72,Next Day,6387 Susan Roads,6387 Susan Roads,Credit Card,2025-05-03,LOC004
ORD0000418,CUS000038,2025-04-21 21:24:42,Pending,462.25,Next Day,811 Leonard Ford Apt. 102,811 Leonard Ford Apt. 102,Credit Card,,LOC015
ORD0000419,CUS000073,2025-04-21 11:09:42,Shipped,627.12,Standard,598 Smith Mission Suite 623,598 Smith Mission Suite 623,Credit Card,2025-05-02,LOC010
ORD0000420,CUS000090,2025-04-23 04:33:42,Pending,948.12,Express,9210 Morris Turnpike Suite 212,9210 Morris Turnpike Suite 212,PayPal,,LOC004
ORD0000421,CUS000022,2025-04-23 03:26:42,Delivered,3102.9100000000003,Pick up in store,290 Hodges Pine,290 Hodges Pine,Bank Transfer,2025-04-27,LOC019
ORD0000422,CUS000059,2025-04-22 23:53:42,Processing,808.24,Next Day,604 Jones Courts Apt. 869,604 Jones Courts Apt. 869,Credit Card,2025-05-03,LOC018
ORD0000423,CUS000055,2025-04-22 17:38:42,Processing,3793.9399999999996,Next Day,3345 Angela Lane Suite 782,3345 Angela Lane Suite 782,Credit Card,2025-04-25,LOC016
ORD0000424,CUS000068,2025-04-23 00:04:42,Pending,132.06,Express,165 Walker Mill,165 Walker Mill,PayPal,,LOC019
ORD0000425,CUS000003,2025-04-22 22:00:42,Shipped,2761.7400000000002,Express,22024 Harrison Roads,22024 Harrison Roads,Bank Transfer,2025-04-30,LOC003
ORD0000426,CUS000044,2025-04-22 11:01:42,Delivered,2637.95,Next Day,28472 Anderson Bypass,28472 Anderson Bypass,Credit Card,2025-04-25,LOC003
ORD0000427,CUS000059,2025-04-23 04:56:42,Delivered,438.9,Pick up in store,604 Jones Courts Apt. 869,604 Jones Courts Apt. 869,Bank Transfer,2025-05-05,LOC009
ORD0000428,CUS000071,2025-04-22 11:18:42,Pending,618.47,Express,085 Aaron Crescent Apt. 676,085 Aaron Crescent Apt. 676,Credit Card,,LOC020
ORD0000429,CUS000068,2025-04-23 10:35:42,Shipped,8092.359999999999,Pick up in store,165 Walker Mill,165 Walker Mill,Credit Card,2025-04-25,LOC003
ORD0000430,CUS000073,2025-04-23 10:16:42,Shipped,8986.619999999999,Pick up in store,598 Smith Mission Suite 623,598 Smith Mission Suite 623,PayPal,2025-04-28,LOC003
ORD0000431,CUS000002,2025-04-22 15:46:42,Shipped,647.23,Standard,7944 Rich Turnpike,7944 Rich Turnpike,Credit Card,2025-05-06,LOC012
ORD0000432,CUS000061,2025-04-23 04:45:42,Processing,2773.14,Standard,8595 Joshua Pine,8595 Joshua Pine,PayPal,2025-04-27,LOC020
ORD0000433,CUS000002,2025-04-22 15:17:42,Shipped,962.73,Pick up in store,7944 Rich Turnpike,7944 Rich Turnpike,PayPal,2025-05-02,LOC020
ORD0000434,CUS000088,2025-04-23 04:35:42,Delivered,4740.72,Express,50544 Penny Isle Suite 526,50544 Penny Isle Suite 526,Credit Card,2025-04-29,LOC014
ORD0000435,CUS000040,2025-04-23 04:59:42,Pending,1842.37,Next Day,9433 Jackie Key,9433 Jackie Key,Bank Transfer,,LOC012
ORD0000436,CUS000020,2025-04-23 05:10:42,Processing,3532.02,Express,63649 Robinson Court,63649 Robinson Court,Credit Card,2025-05-02,LOC010
ORD0000437,CUS000082,2025-04-23 06:28:42,Processing,4621.9,Standard,3913 Chambers Park Apt. 634,3913 Chambers Park Apt. 634,PayPal,2025-05-01,LOC013
ORD0000438,CUS000020,2025-04-23 09:34:42,Processing,427.23,Next Day,63649 Robinson Court,63649 Robinson Court,PayPal,2025-05-01,LOC015
ORD0000439,CUS000098,2025-04-23 00:27:42,Shipped,2812.46,Next Day,4693 Ashley Centers,4693 Ashley Centers,PayPal,2025-04-26,LOC012
ORD0000440,CUS000059,2025-04-22 13:47:42,Shipped,2971.3700000000003,Express,604 Jones Courts Apt. 869,604 Jones Courts Apt. 869,Credit Card,2025-05-01,LOC011
ORD0000441,CUS000070,2025-04-22 18:47:42,Pending,8596.64,Express,17993 Lee Cove Apt. 976,17993 Lee Cove Apt. 976,Bank Transfer,,LOC003
ORD0000442,CUS000049,2025-04-23 00:52:42,Pending,5717.18,Express,8581 Katelyn Pike Apt. 739,8581 Katelyn Pike Apt. 739,Credit Card,,LOC019
ORD0000443,CUS000018,2025-04-23 01:47:42,Shipped,13308.55,Pick up in store,693 Kathryn Extension,693 Kathryn Extension,PayPal,2025-04-28,LOC018
ORD0000444,CUS000006,2025-04-23 01:08:42,Delivered,2926.57,Pick up in store,20878 Andersen Lock Suite 120,20878 Andersen Lock Suite 120,Bank Transfer,2025-04-29,LOC020
ORD0000445,CUS000060,2025-04-22 20:20:42,Delivered,3152.7700000000004,Express,50318 Kenneth Burg Suite 855,50318 Kenneth Burg Suite 855,Bank Transfer,2025-05-05,LOC005
ORD0000446,CUS000080,2025-04-23 10:01:42,Pending,665.5,Standard,84198 Mitchell Light,84198 Mitchell Light,Bank Transfer,,LOC012
ORD0000447,CUS000025,2025-04-23 06:09:42,Shipped,5512.700000000001,Express,554 Phillips Spring,554 Phillips Spring,Credit Card,2025-05-01,LOC020
ORD0000448,CUS000024,2025-04-23 01:02:42,Delivered,5974.889999999999,Express,574 Gonzales Lodge Apt. 681,574 Gonzales Lodge Apt. 681,Bank Transfer,2025-05-04,LOC018
ORD0000449,CUS000037,2025-04-23 09:22:42,Pending,3074.99,Pick up in store,536 Elizabeth Via,536 Elizabeth Via,Credit Card,,LOC012
ORD0000450,CUS000001,2025-04-23 11:11:42,Processing,3616.58,Express,45447 Ryan Springs Suite 790,45447 Ryan Springs Suite 790,PayPal,2025-04-28,LOC018
ORD0000451,CUS000033,2025-04-24 05:07:42,Shipped,2987.7000000000003,Next Day,32833 Harris Fall,32833 Harris Fall,PayPal,2025-04-26,LOC011
ORD0000452,CUS000023,2025-04-24 08:48:42,Processing,4597.35,Next Day,245 Hall Cove,245 Hall Cove,Bank Transfer,2025-05-06,LOC001
ORD0000453,CUS000043,2025-04-23 14:18:42,Delivered,4886.63,Express,1002 John Row Apt. 424,1002 John Row Apt. 424,Credit Card,2025-04-30,LOC011
ORD0000454,CUS000070,2025-04-23 23:37:42,Delivered,876.0600000000001,Standard,17993 Lee Cove Apt. 976,17993 Lee Cove Apt. 976,PayPal,2025-05-03,LOC001
ORD0000455,CUS000015,2025-04-24 04:15:42,Shipped,1433.88,Pick up in store,943 Dawn Extension Apt. 032,943 Dawn Extension Apt. 032,PayPal,2025-05-04,LOC002
ORD0000456,CUS000004,2025-04-23 16:21:42,Delivered,8270.35,Express,86781 Webb Tunnel Apt. 880,86781 Webb Tunnel Apt. 880,Credit Card,2025-04-29,LOC008
ORD0000457,CUS000001,2025-04-24 09:54:42,Shipped,6006.139999999999,Express,45447 Ryan Springs Suite 790,45447 Ryan Springs Suite 790,PayPal,2025-05-03,LOC007
ORD0000458,CUS000020,2025-04-24 04:21:42,Delivered,1050.94,Standard,63649 Robinson Court,63649 Robinson Court,PayPal,2025-05-07,LOC007
ORD0000459,CUS000045,2025-04-24 06:20:42,Pending,4280.18,Next Day,14062 Oliver Spurs,14062 Oliver Spurs,PayPal,,LOC020
ORD0000460,CUS000027,2025-04-23 13:12:42,Delivered,4091.63,Express,8148 John Course Suite 159,8148 John Course Suite 159,PayPal,2025-04-24,LOC013
ORD0000461,CUS000074,2025-04-23 13:49:42,Delivered,438.9,Next Day,42549 Zavala Lakes Suite 652,42549 Zavala Lakes Suite 652,Credit Card,2025-04-26,LOC017
ORD0000462,CUS000033,2025-04-24 07:56:42,Shipped,1686.12,Next Day,32833 Harris Fall,32833 Harris Fall,PayPal,2025-05-04,LOC014
ORD0000463,CUS000008,2025-04-24 09:30:42,Shipped,4840.72,Next Day,949 Mueller Mission,949 Mueller Mission,Bank Transfer,2025-05-03,LOC020
ORD0000464,CUS000046,2025-04-24 10:04:42,Processing,4613.51,Express,0384 Michelle Cape,0384 Michelle Cape,Bank Transfer,2025-04-28,LOC003
ORD0000465,CUS000055,2025-04-23 19:01:42,Pending,4736.110000000001,Pick up in store,3345 Angela Lane Suite 782,3345 Angela Lane Suite 782,PayPal,,LOC009
ORD0000466,CUS000041,2025-04-24 08:07:42,Shipped,2631.67,Next Day,312 Mathew Route Suite 835,312 Mathew Route Suite 835,PayPal,2025-04-29,LOC015
ORD0000467,CUS000081,2025-04-24 06:03:42,Pending,2646.75,Express,335 Kyle Crescent Apt. 760,335 Kyle Crescent Apt. 760,PayPal,,LOC014
ORD0000468,CUS000033,2025-04-23 22:24:42,Pending,5824.219999999999,Standard,32833 Harris Fall,32833 Harris Fall,Bank Transfer,,LOC014
ORD0000469,CUS000027,2025-04-23 23:54:42,Processing,3558.06,Pick up in store,8148 John Course Suite 159,8148 John Course Suite 159,Bank Transfer,2025-04-26,LOC019
ORD0000470,CUS000075,2025-04-23 23:01:42,Shipped,6264.110000000001,Pick up in store,10585 Shaun Squares Suite 674,10585 Shaun Squares Suite 674,Credit Card,2025-05-01,LOC008
ORD0000471,CUS000081,2025-04-24 18:09:42,Processing,7328.919999999999,Next Day,335 Kyle Crescent Apt. 760,335 Kyle Crescent Apt. 760,PayPal,2025-05-03,LOC016
ORD0000472,CUS000061,2025-04-24 23:51:42,Shipped,1417.69,Express,8595 Joshua Pine,8595 Joshua Pine,PayPal,2025-05-05,LOC004
ORD0000473,CUS000054,2025-04-24 20:35:42,Shipped,6551.209999999999,Next Day,00532 Matthew Fork Suite 143,00532 Matthew Fork Suite 143,PayPal,2025-05-03,LOC011
ORD0000474,CUS000048,2025-04-24 11:20:42,Pending,1403.01,Next Day,1997 Shelly Shore,1997 Shelly Shore,PayPal,,LOC017
ORD0000475,CUS000091,2025-04-25 08:29:42,Delivered,2176.6,Express,7372 Marshall Haven,7372 Marshall Haven,Credit Card,2025-05-04,LOC003
ORD0000476,CUS000085,2025-04-24 20:41:42,Shipped,288.78000000000003,Express,65310 Smith Causeway,65310 Smith Causeway,Credit Card,2025-05-02,LOC015
ORD0000477,CUS000034,2025-04-24 20:40:42,Pending,7647.93,Express,81729 Mccall Meadows,81729 Mccall Meadows,Bank Transfer,,LOC002
ORD0000478,CUS000054,2025-04-24 13:06:42,Pending,1786.16,Next Day,00532 Matthew Fork Suite 143,00532 Matthew Fork Suite 143,Credit Card,,LOC013
ORD0000479,CUS000030,2025-04-24 15:18:42,Shipped,2286.8,Next Day,56818 Wright Drives,56818 Wright Drives,Bank Transfer,2025-04-28,LOC018
ORD0000480,CUS000004,2025-04-24 16:48:42,Delivered,6126.43,Next Day,86781 Webb Tunnel Apt. 880,86781 Webb Tunnel Apt. 880,PayPal,2025-05-01,LOC020
ORD0000481,CUS000035,2025-04-25 05:33:42,Processing,80.28,Standard,0435 Mullins Canyon,0435 Mullins Canyon,Credit Card,2025-05-08,LOC006
ORD0000482,CUS000059,2025-04-24 14:31:42,Processing,9048.52,Next Day,604 Jones Courts Apt. 869,604 Jones Courts Apt. 869,Bank Transfer,2025-04-26,LOC020
ORD0000483,CUS000011,2025-04-25 09:31:42,Delivered,3572.19,Standard,627 Carol Vista,627 Carol Vista,Credit Card,2025-04-27,LOC019
ORD0000484,CUS000007,2025-04-24 15:19:42,Delivered,4597.51,Pick up in store,64048 Golden Mount Suite 491,64048 Golden Mount Suite 491,Credit Card,2025-04-29,LOC013
ORD0000485,CUS000080,2025-04-24 13:17:42,Delivered,6527.299999999999,Express,84198 Mitchell Light,84198 Mitchell Light,Bank Transfer,2025-04-30,LOC006
ORD0000486,CUS000076,2025-04-24 15:22:42,Shipped,1521.9099999999999,Standard,8996 Amanda Plaza,8996 Amanda Plaza,Bank Transfer,2025-05-06,LOC005
ORD0000487,CUS000030,2025-04-24 14:18:42,Processing,5535.849999999999,Next Day,56818 Wright Drives,56818 Wright Drives,Bank Transfer,2025-04-29,LOC019
ORD0000488,CUS000040,2025-04-25 07:28:42,Pending,2947.0,Express,9433 Jackie Key,9433 Jackie Key,Credit Card,,LOC011
ORD0000489,CUS000045,2025-04-25 05:26:42,Pending,5533.59,Next Day,14062 Oliver Spurs,14062 Oliver Spurs,Credit Card,,LOC013
ORD0000490,CUS000054,2025-04-25 01:53:42,Processing,1413.6100000000001,Express,00532 Matthew Fork Suite 143,00532 Matthew Fork Suite 143,Credit Card,2025-05-05,LOC005
ORD0000491,CUS000068,2025-04-24 20:15:42,Delivered,5472.120000000001,Express,165 Walker Mill,165 Walker Mill,Credit Card,2025-05-07,LOC001
ORD0000492,CUS000031,2025-04-25 10:32:42,Shipped,1311.89,Express,3219 Rodriguez Passage Suite 363,3219 Rodriguez Passage Suite 363,PayPal,2025-05-02,LOC016
ORD0000493,CUS000016,2025-04-24 23:21:42,Shipped,7203.0,Next Day,517 Lester Brook,517 Lester Brook,Bank Transfer,2025-04-26,LOC011
ORD0000494,CUS000052,2025-04-24 14:46:42,Delivered,665.5,Express,28803 Kyle Island,28803 Kyle Island,PayPal,2025-04-30,LOC013
ORD0000495,CUS000014,2025-04-25 01:43:42,Processing,4474.66,Next Day,240 Lewis Park,240 Lewis Park,Credit Card,2025-04-30,LOC017
ORD0000496,CUS000084,2025-04-24 16:39:42,Delivered,3289.48,Pick up in store,3563 Ashley Wall Apt. 125,3563 Ashley Wall Apt. 125,Bank Transfer,2025-05-05,LOC012
ORD0000497,CUS000062,2025-04-25 07:20:42,Delivered,6569.02,Express,9634 Thomas Vista,9634 Thomas Vista,Credit Card,2025-04-27,LOC017
ORD0000498,CUS000097,2025-04-24 22:33:42,Shipped,13700.900000000001,Express,728 Laurie Cape,728 Laurie Cape,PayPal,2025-05-04,LOC006
ORD0000499,CUS000069,2025-04-25 13:43:42,Shipped,5225.29,Next Day,56017 Michelle Trace Apt. 592,56017 Michelle Trace Apt. 592,Bank Transfer,2025-04-29,LOC004
ORD0000500,CUS000024,2025-04-25 17:41:42,Delivered,1317.8999999999999,Standard,574 Gonzales Lodge Apt. 681,574 Gonzales Lodge Apt. 681,Credit Card,2025-05-03,LOC013
ORD0000501,CUS000091,2025-04-25 11:31:42,Processing,4430.629999999999,Express,7372 Marshall Haven,7372 Marshall Haven,Credit Card,2025-04-26,LOC020
ORD0000502,CUS000024,2025-04-26 05:56:42,Pending,4290.0,Express,574 Gonzales Lodge Apt. 681,574 Gonzales Lodge Apt. 681,Bank Transfer,,LOC013
ORD0000503,CUS000065,2025-04-26 03:51:42,Pending,5348.66,Next Day,0316 Wendy Club Apt. 476,0316 Wendy Club Apt. 476,PayPal,,LOC003
ORD0000504,CUS000016,2025-04-25 20:23:42,Pending,5358.92,Express,517 Lester Brook,517 Lester Brook,PayPal,,LOC008
ORD0000505,CUS000008,2025-04-26 02:18:42,Shipped,1648.2,Pick up in store,949 Mueller Mission,949 Mueller Mission,PayPal,2025-05-01,LOC003
ORD0000506,CUS000059,2025-04-26 09:35:42,Delivered,1860.9,Next Day,604 Jones Courts Apt. 869,604 Jones Courts Apt. 869,Credit Card,2025-05-04,LOC007
ORD0000507,CUS000064,2025-04-26 08:37:42,Shipped,5326.03,Express,93926 Jason Common Suite 790,93926 Jason Common Suite 790,Credit Card,2025-05-05,LOC018
ORD0000508,CUS000076,2025-04-26 06:35:42,Shipped,10723.66,Next Day,8996 Amanda Plaza,8996 Amanda Plaza,PayPal,2025-04-27,LOC007
ORD0000509,CUS000056,2025-04-25 12:24:42,Pending,3737.32,Pick up in store,5399 Pierce Gardens Suite 720,5399 Pierce Gardens Suite 720,Credit Card,,LOC019
ORD0000510,CUS000028,2025-04-26 07:31:42,Delivered,7052.840000000001,Express,4548 Rose Corner,4548 Rose Corner,Bank Transfer,2025-04-28,LOC008
ORD0000511,CUS000082,2025-04-26 07:41:42,Pending,4253.8,Standard,3913 Chambers Park Apt. 634,3913 Chambers Park Apt. 634,PayPal,,LOC013
ORD0000512,CUS000099,2025-04-26 02:16:42,Pending,4663.03,Next Day,385 Diana Mountain,385 Diana Mountain,PayPal,,LOC002
ORD0000513,CUS000006,2025-04-25 14:52:42,Delivered,6322.779999999999,Express,20878 Andersen Lock Suite 120,20878 Andersen Lock Suite 120,PayPal,2025-04-26,LOC009
ORD0000514,CUS000035,2025-04-26 06:00:42,Delivered,2024.5599999999997,Express,0435 Mullins Canyon,0435 Mullins Canyon,PayPal,2025-05-07,LOC018
ORD0000515,CUS000034,2025-04-26 00:16:42,Delivered,7169.66,Standard,81729 Mccall Meadows,81729 Mccall Meadows,PayPal,2025-05-01,LOC004
ORD0000516,CUS000047,2025-04-26 04:38:42,Delivered,10096.3,Pick up in store,46161 Ortega Fork Apt. 399,46161 Ortega Fork Apt. 399,Bank Transfer,2025-05-01,LOC008
ORD0000517,CUS000075,2025-04-25 15:14:42,Shipped,2777.2599999999998,Standard,10585 Shaun Squares Suite 674,10585 Shaun Squares Suite 674,Bank Transfer,2025-05-08,LOC011
ORD0000518,CUS000022,2025-04-25 20:43:42,Pending,1607.87,Pick up in store,290 Hodges Pine,290 Hodges Pine,Bank Transfer,,LOC019
ORD0000519,CUS000094,2025-04-25 21:48:42,Pending,676.74,Standard,91800 Tony Lights Suite 800,91800 Tony Lights Suite 800,Credit Card,,LOC018
ORD0000520,CUS000063,2025-04-26 06:37:42,Delivered,2765.42,Express,6888 Emily Underpass,6888 Emily Underpass,PayPal,2025-04-29,LOC007
ORD0000521,CUS000055,2025-04-26 05:10:42,Shipped,3958.2100000000005,Standard,3345 Angela Lane Suite 782,3345 Angela Lane Suite 782,Bank Transfer,2025-05-05,LOC010
ORD0000522,CUS000025,2025-04-26 04:25:42,Processing,1903.24,Standard,554 Phillips Spring,554 Phillips Spring,PayPal,2025-05-01,LOC014
ORD0000523,CUS000033,2025-04-26 05:33:42,Processing,5579.299999999999,Pick up in store,32833 Harris Fall,32833 Harris Fall,Credit Card,2025-05-08,LOC013
ORD0000524,CUS000040,2025-04-25 23:09:42,Shipped,1668.42,Express,9433 Jackie Key,9433 Jackie Key,Bank Transfer,2025-04-30,LOC015
ORD0000525,CUS000099,2025-04-26 10:32:42,Pending,10131.56,Next Day,385 Diana Mountain,385 Diana Mountain,Bank Transfer,,LOC020
ORD0000526,CUS000019,2025-04-26 07:01:42,Delivered,4674.650000000001,Next Day,3594 Long Wall Suite 248,3594 Long Wall Suite 248,Bank Transfer,2025-04-30,LOC013
ORD0000527,CUS000025,2025-04-26 12:28:42,Delivered,1376.33,Standard,554 Phillips Spring,554 Phillips Spring,Credit Card,2025-05-04,LOC004
ORD0000528,CUS000044,2025-04-27 03:12:42,Shipped,6277.78,Next Day,28472 Anderson Bypass,28472 Anderson Bypass,PayPal,2025-05-10,LOC006
ORD0000529,CUS000069,2025-04-26 13:54:42,Shipped,1682.7,Next Day,56017 Michelle Trace Apt. 592,56017 Michelle Trace Apt. 592,Credit Card,2025-05-08,LOC017
ORD0000530,CUS000024,2025-04-27 04:05:42,Processing,3087.17,Next Day,574 Gonzales Lodge Apt. 681,574 Gonzales Lodge Apt. 681,Credit Card,2025-05-07,LOC017
ORD0000531,CUS000019,2025-04-27 07:15:42,Shipped,5084.48,Express,3594 Long Wall Suite 248,3594 Long Wall Suite 248,Credit Card,2025-05-03,LOC012
ORD0000532,CUS000055,2025-04-27 07:16:42,Pending,5194.98,Express,3345 Angela Lane Suite 782,3345 Angela Lane Suite 782,Credit Card,,LOC017
ORD0000533,CUS000096,2025-04-26 17:55:42,Pending,4044.73,Express,997 Debra Road,997 Debra Road,PayPal,,LOC013
ORD0000534,CUS000016,2025-04-27 04:15:42,Pending,1419.88,Standard,517 Lester Brook,517 Lester Brook,PayPal,,LOC005
ORD0000535,CUS000049,2025-04-26 20:49:42,Processing,5464.01,Standard,8581 Katelyn Pike Apt. 739,8581 Katelyn Pike Apt. 739,Credit Card,2025-05-10,LOC009
ORD0000536,CUS000045,2025-04-27 04:44:42,Shipped,1142.45,Next Day,14062 Oliver Spurs,14062 Oliver Spurs,Bank Transfer,2025-05-01,LOC004
ORD0000537,CUS000032,2025-04-27 09:30:42,Shipped,3054.6299999999997,Next Day,57334 Cooper Island,57334 Cooper Island,PayPal,2025-05-03,LOC013
ORD0000538,CUS000028,2025-04-26 18:16:42,Processing,8109.36,Standard,4548 Rose Corner,4548 Rose Corner,Credit Card,2025-04-29,LOC016
ORD0000539,CUS000093,2025-04-26 12:18:42,Delivered,8707.529999999999,Standard,443 Evans Pine Apt. 602,443 Evans Pine Apt. 602,Bank Transfer,2025-05-08,LOC017
ORD0000540,CUS000045,2025-04-27 06:27:42,Shipped,8034.99,Next Day,14062 Oliver Spurs,14062 Oliver Spurs,Bank Transfer,2025-05-11,LOC020
ORD0000541,CUS000034,2025-04-26 22:32:42,Pending,1221.92,Standard,81729 Mccall Meadows,81729 Mccall Meadows,PayPal,,LOC019
ORD0000542,CUS000053,2025-04-26 13:24:42,Delivered,5737.629999999999,Standard,92512 Armstrong Station,92512 Armstrong Station,Credit Card,2025-05-08,LOC011
ORD0000543,CUS000013,2025-04-26 20:04:42,Delivered,3973.4400000000005,Express,54024 Miller Track Suite 763,54024 Miller Track Suite 763,Bank Transfer,2025-05-06,LOC017
ORD0000544,CUS000007,2025-04-27 22:08:42,Processing,5546.9400000000005,Pick up in store,64048 Golden Mount Suite 491,64048 Golden Mount Suite 491,Bank Transfer,2025-04-29,LOC020
ORD0000545,CUS000041,2025-04-28 06:13:42,Pending,9586.91,Express,312 Mathew Route Suite 835,312 Mathew Route Suite 835,Bank Transfer,,LOC017
ORD0000546,CUS000055,2025-04-27 20:02:42,Shipped,792.51,Next Day,3345 Angela Lane Suite 782,3345 Angela Lane Suite 782,Credit Card,2025-05-10,LOC011
ORD0000547,CUS000089,2025-04-27 21:15:42,Shipped,4205.06,Next Day,890 Fuller Harbor Apt. 884,890 Fuller Harbor Apt. 884,Credit Card,2025-05-10,LOC006
ORD0000548,CUS000039,2025-04-28 09:55:42,Pending,8370.83,Standard,06077 Marcus Bypass,06077 Marcus Bypass,PayPal,,LOC014
ORD0000549,CUS000072,2025-04-28 08:38:42,Processing,6953.160000000001,Express,022 Brennan Vista,022 Brennan Vista,PayPal,2025-05-06,LOC005
ORD0000550,CUS000036,2025-04-27 11:20:42,Processing,3960.5,Standard,4716 Felicia Trafficway Apt. 051,4716 Felicia Trafficway Apt. 051,Bank Transfer,2025-05-01,LOC002
ORD0000551,CUS000023,2025-04-28 10:19:42,Delivered,4251.780000000001,Pick up in store,245 Hall Cove,245 Hall Cove,Credit Card,2025-05-07,LOC008
ORD0000552,CUS000005,2025-04-27 19:57:42,Processing,4546.31,Next Day,55835 Christopher Parkways Suite 486,55835 Christopher Parkways Suite 486,Credit Card,2025-05-03,LOC017
ORD0000553,CUS000024,2025-04-27 21:32:42,Delivered,6872.99,Pick up in store,574 Gonzales Lodge Apt. 681,574 Gonzales Lodge Apt. 681,Credit Card,2025-05-05,LOC013
ORD0000554,CUS000082,2025-04-27 21:19:42,Processing,616.98,Next Day,3913 Chambers Park Apt. 634,3913 Chambers Park Apt. 634,Bank Transfer,2025-05-04,LOC003
ORD0000555,CUS000048,2025-04-28 02:18:42,Delivered,2179.03,Pick up in store,1997 Shelly Shore,1997 Shelly Shore,Bank Transfer,2025-05-10,LOC001
ORD0000556,CUS000045,2025-04-28 06:36:42,Pending,6140.68,Express,14062 Oliver Spurs,14062 Oliver Spurs,Credit Card,,LOC011
ORD0000557,CUS000057,2025-04-27 22:30:42,Delivered,4148.62,Pick up in store,647 Mcgee Manors,647 Mcgee Manors,PayPal,2025-05-06,LOC005
ORD0000558,CUS000037,2025-04-27 17:36:42,Processing,774.25,Pick up in store,536 Elizabeth Via,536 Elizabeth Via,Bank Transfer,2025-05-09,LOC012
ORD0000559,CUS000080,2025-04-27 11:00:42,Delivered,1401.22,Standard,84198 Mitchell Light,84198 Mitchell Light,Credit Card,2025-04-29,LOC007
ORD0000560,CUS000016,2025-04-27 15:20:42,Delivered,746.28,Express,517 Lester Brook,517 Lester Brook,PayPal,2025-04-29,LOC006
ORD0000561,CUS000041,2025-04-27 22:57:42,Pending,4004.64,Pick up in store,312 Mathew Route Suite 835,312 Mathew Route Suite 835,PayPal,,LOC010
ORD0000562,CUS000046,2025-04-28 04:58:42,Shipped,475.8,Express,0384 Michelle Cape,0384 Michelle Cape,Credit Card,2025-05-07,LOC002
ORD0000563,CUS000011,2025-04-28 09:04:42,Shipped,7120.33,Pick up in store,627 Carol Vista,627 Carol Vista,Credit Card,2025-05-01,LOC011
ORD0000564,CUS000042,2025-04-28 08:21:42,Delivered,3157.35,Pick up in store,19899 Mark Way Suite 871,19899 Mark Way Suite 871,Credit Card,2025-05-03,LOC006
ORD0000565,CUS000072,2025-04-27 18:34:42,Shipped,1473.15,Standard,022 Brennan Vista,022 Brennan Vista,Bank Transfer,2025-05-05,LOC014
ORD0000566,CUS000085,2025-04-27 16:45:42,Shipped,3138.78,Next Day,65310 Smith Causeway,65310 Smith Causeway,Bank Transfer,2025-04-28,LOC007
ORD0000567,CUS000059,2025-04-28 06:25:42,Pending,565.57,Next Day,604 Jones Courts Apt. 869,604 Jones Courts Apt. 869,Bank Transfer,,LOC012
ORD0000568,CUS000071,2025-04-27 13:35:42,Delivered,9800.28,Pick up in store,085 Aaron Crescent Apt. 676,085 Aaron Crescent Apt. 676,Credit Card,2025-05-09,LOC011
ORD0000569,CUS000042,2025-04-27 14:33:42,Processing,3099.91,Express,19899 Mark Way Suite 871,19899 Mark Way Suite 871,PayPal,2025-05-07,LOC020
ORD0000570,CUS000013,2025-04-28 05:39:42,Delivered,1340.64,Next Day,54024 Miller Track Suite 763,54024 Miller Track Suite 763,PayPal,2025-05-09,LOC019
ORD0000571,CUS000055,2025-04-29 04:58:42,Shipped,6184.279999999999,Standard,3345 Angela Lane Suite 782,3345 Angela Lane Suite 782,PayPal,2025-05-01,LOC001
ORD0000572,CUS000036,2025-04-28 18:46:42,Processing,225.58,Express,4716 Felicia Trafficway Apt. 051,4716 Felicia Trafficway Apt. 051,PayPal,2025-04-29,LOC020
ORD0000573,CUS000025,2025-04-28 22:39:42,Delivered,192.52,Next Day,554 Phillips Spring,554 Phillips Spring,Credit Card,2025-05-01,LOC001
ORD0000574,CUS000047,2025-04-29 01:52:42,Shipped,7892.170000000001,Pick up in store,46161 Ortega Fork Apt. 399,46161 Ortega Fork Apt. 399,PayPal,2025-05-13,LOC018
ORD0000575,CUS000073,2025-04-29 07:48:42,Processing,3601.03,Express,598 Smith Mission Suite 623,598 Smith Mission Suite 623,Credit Card,2025-05-09,LOC010
ORD0000576,CUS000038,2025-04-28 16:13:42,Processing,6746.07,Express,811 Leonard Ford Apt. 102,811 Leonard Ford Apt. 102,PayPal,2025-05-11,LOC004
ORD0000577,CUS000032,2025-04-29 10:11:42,Processing,11410.17,Express,57334 Cooper Island,57334 Cooper Island,PayPal,2025-05-12,LOC008
ORD0000578,CUS000027,2025-04-28 20:44:42,Shipped,11867.05,Pick up in store,8148 John Course Suite 159,8148 John Course Suite 159,Credit Card,2025-05-09,LOC015
ORD0000579,CUS000010,2025-04-28 20:39:42,Processing,5675.83,Standard,386 Brian Gateway,386 Brian Gateway,Bank Transfer,2025-05-09,LOC012
ORD0000580,CUS000009,2025-04-28 17:16:42,Shipped,4438.82,Next Day,4479 Hinton Heights Suite 425,4479 Hinton Heights Suite 425,PayPal,2025-05-01,LOC003
ORD0000581,CUS000013,2025-04-28 13:00:42,Processing,1569.95,Express,54024 Miller Track Suite 763,54024 Miller Track Suite 763,Credit Card,2025-05-01,LOC015
ORD0000582,CUS000085,2025-04-29 01:36:42,Pending,1936.8799999999999,Standard,65310 Smith Causeway,65310 Smith Causeway,PayPal,,LOC008
ORD0000583,CUS000052,2025-04-28 19:46:42,Processing,4022.58,Express,28803 Kyle Island,28803 Kyle Island,Credit Card,2025-05-06,LOC014
ORD0000584,CUS000036,2025-04-29 04:14:42,Processing,6140.389999999999,Express,4716 Felicia Trafficway Apt. 051,4716 Felicia Trafficway Apt. 051,Bank Transfer,2025-05-11,LOC001
ORD0000585,CUS000081,2025-04-30 09:18:42,Shipped,6402.300000000001,Pick up in store,335 Kyle Crescent Apt. 760,335 Kyle Crescent Apt. 760,Bank Transfer,2025-05-13,LOC004
ORD0000586,CUS000089,2025-04-29 16:12:42,Pending,12597.52,Pick up in store,890 Fuller Harbor Apt. 884,890 Fuller Harbor Apt. 884,Bank Transfer,,LOC006
ORD0000587,CUS000055,2025-04-29 12:44:42,Pending,6510.25,Standard,3345 Angela Lane Suite 782,3345 Angela Lane Suite 782,Bank Transfer,,LOC008
ORD0000588,CUS000054,2025-04-30 08:28:42,Shipped,7624.85,Standard,00532 Matthew Fork Suite 143,00532 Matthew Fork Suite 143,Bank Transfer,2025-05-08,LOC012
ORD0000589,CUS000022,2025-04-30 06:09:42,Processing,8137.999999999999,Express,290 Hodges Pine,290 Hodges Pine,Credit Card,2025-05-04,LOC008
ORD0000590,CUS000066,2025-04-30 06:01:42,Pending,5976.56,Pick up in store,712 Andrew Ranch,712 Andrew Ranch,Credit Card,,LOC017
ORD0000591,CUS000057,2025-04-29 13:26:42,Processing,1668.42,Next Day,647 Mcgee Manors,647 Mcgee Manors,Credit Card,2025-05-03,LOC010
ORD0000592,CUS000002,2025-04-30 03:16:42,Processing,2615.12,Next Day,7944 Rich Turnpike,7944 Rich Turnpike,PayPal,2025-05-04,LOC017
ORD0000593,CUS000063,2025-04-29 11:07:42,Pending,7472.68,Pick up in store,6888 Emily Underpass,6888 Emily Underpass,PayPal,,LOC011
ORD0000594,CUS000071,2025-04-29 16:36:42,Shipped,5950.82,Next Day,085 Aaron Crescent Apt. 676,085 Aaron Crescent Apt. 676,Bank Transfer,2025-05-06,LOC009
ORD0000595,CUS000046,2025-04-29 15:57:42,Shipped,2499.74,Express,0384 Michelle Cape,0384 Michelle Cape,Bank Transfer,2025-05-03,LOC002
ORD0000596,CUS000061,2025-04-30 08:05:42,Pending,6785.34,Standard,8595 Joshua Pine,8595 Joshua Pine,Bank Transfer,,LOC013
ORD0000597,CUS000035,2025-04-29 17:37:42,Shipped,296.0,Express,0435 Mullins Canyon,0435 Mullins Canyon,Credit Card,2025-05-13,LOC019
ORD0000598,CUS000072,2025-04-30 10:10:42,Processing,2084.97,Standard,022 Brennan Vista,022 Brennan Vista,Credit Card,2025-05-04,LOC006
ORD0000599,CUS000027,2025-04-30 03:32:42,Shipped,10703.67,Pick up in store,8148 John Course Suite 159,8148 John Course Suite 159,Bank Transfer,2025-05-14,LOC014
ORD0000600,CUS000026,2025-04-30 07:52:42,Processing,96.26,Express,305 Newton Bypass,305 Newton Bypass,Bank Transfer,2025-05-12,LOC008
ORD0000601,CUS000078,2025-04-30 06:40:42,Processing,2919.92,Next Day,783 Hudson Mill Suite 171,783 Hudson Mill Suite 171,Credit Card,2025-05-06,LOC003
ORD0000602,CUS000098,2025-04-30 09:11:42,Shipped,1243.8,Express,4693 Ashley Centers,4693 Ashley Centers,PayPal,2025-05-12,LOC019
ORD0000603,CUS000045,2025-04-30 02:22:42,Pending,2111.3999999999996,Express,14062 Oliver Spurs,14062 Oliver Spurs,Bank Transfer,,LOC007
ORD0000604,CUS000002,2025-04-29 23:48:42,Processing,3593.54,Express,7944 Rich Turnpike,7944 Rich Turnpike,Bank Transfer,2025-05-08,LOC009
ORD0000605,CUS000023,2025-04-29 16:19:42,Delivered,4569.31,Standard,245 Hall Cove,245 Hall Cove,PayPal,2025-05-10,LOC007
ORD0000606,CUS000057,2025-04-29 22:52:42,Processing,1261.75,Standard,647 Mcgee Manors,647 Mcgee Manors,PayPal,2025-05-06,LOC015
ORD0000607,CUS000074,2025-05-01 06:42:42,Shipped,7248.490000000001,Standard,42549 Zavala Lakes Suite 652,42549 Zavala Lakes Suite 652,Credit Card,2025-05-12,LOC019
ORD0000608,CUS000023,2025-05-01 00:55:42,Processing,40.14,Express,245 Hall Cove,245 Hall Cove,Credit Card,2025-05-08,LOC013
ORD0000609,CUS000043,2025-04-30 20:57:42,Shipped,2564.58,Standard,1002 John Row Apt. 424,1002 John Row Apt. 424,Credit Card,2025-05-03,LOC018
ORD0000610,CUS000012,2025-05-01 10:05:42,Delivered,2320.84,Standard,753 Powell Manor Suite 888,753 Powell Manor Suite 888,Credit Card,2025-05-12,LOC019
ORD0000611,CUS000058,2025-05-01 09:57:42,Processing,9383.93,Next Day,6387 Susan Roads,6387 Susan Roads,Credit Card,2025-05-12,LOC017
ORD0000612,CUS000079,2025-05-01 01:33:42,Processing,3771.6000000000004,Standard,34676 Chan Brooks,34676 Chan Brooks,PayPal,2025-05-03,LOC003
ORD0000613,CUS000096,2025-04-30 17:12:42,Processing,1802.19,Standard,997 Debra Road,997 Debra Road,Bank Transfer,2025-05-14,LOC007
ORD0000614,CUS000079,2025-05-01 01:55:42,Shipped,5687.74,Standard,34676 Chan Brooks,34676 Chan Brooks,Bank Transfer,2025-05-12,LOC011
ORD0000615,CUS000009,2025-05-01 03:18:42,Pending,4250.97,Next Day,4479 Hinton Heights Suite 425,4479 Hinton Heights Suite 425,Bank Transfer,,LOC008
ORD0000616,CUS000040,2025-04-30 22:01:42,Delivered,4745.679999999999,Pick up in store,9433 Jackie Key,9433 Jackie Key,Credit Card,2025-05-04,LOC003
ORD0000617,CUS000069,2025-04-30 19:31:42,Delivered,5538.32,Pick up in store,56017 Michelle Trace Apt. 592,56017 Michelle Trace Apt. 592,PayPal,2025-05-09,LOC020
ORD0000618,CUS000084,2025-05-01 05:18:42,Pending,5645.42,Next Day,3563 Ashley Wall Apt. 125,3563 Ashley Wall Apt. 125,Credit Card,,LOC007
ORD0000619,CUS000040,2025-04-30 21:53:42,Delivered,107.21,Standard,9433 Jackie Key,9433 Jackie Key,Bank Transfer,2025-05-08,LOC006
ORD0000620,CUS000049,2025-05-01 13:59:42,Shipped,4937.96,Standard,8581 Katelyn Pike Apt. 739,8581 Katelyn Pike Apt. 739,Bank Transfer,2025-05-15,LOC008
ORD0000621,CUS000006,2025-05-02 07:02:42,Delivered,600.73,Standard,20878 Andersen Lock Suite 120,20878 Andersen Lock Suite 120,PayPal,2025-05-10,LOC001
ORD0000622,CUS000032,2025-05-01 15:15:42,Pending,4311.84,Next Day,57334 Cooper Island,57334 Cooper Island,Credit Card,,LOC006
ORD0000623,CUS000039,2025-05-02 04:34:42,Pending,5103.28,Next Day,06077 Marcus Bypass,06077 Marcus Bypass,Bank Transfer,,LOC016
ORD0000624,CUS000088,2025-05-02 08:36:42,Pending,8846.59,Next Day,50544 Penny Isle Suite 526,50544 Penny Isle Suite 526,Credit Card,,LOC010
ORD0000625,CUS000035,2025-05-01 20:10:42,Delivered,8173.6900000000005,Express,0435 Mullins Canyon,0435 Mullins Canyon,Credit Card,2025-05-12,LOC014
ORD0000626,CUS000051,2025-05-02 10:36:42,Pending,416.19,Standard,563 Jones Fields Suite 934,563 Jones Fields Suite 934,Credit Card,,LOC002
ORD0000627,CUS000058,2025-05-02 03:37:42,Delivered,3180.85,Pick up in store,6387 Susan Roads,6387 Susan Roads,Bank Transfer,2025-05-03,LOC020
ORD0000628,CUS000035,2025-05-01 15:58:42,Shipped,4706.05,Standard,0435 Mullins Canyon,0435 Mullins Canyon,Bank Transfer,2025-05-03,LOC002
ORD0000629,CUS000095,2025-05-01 20:01:42,Processing,5850.380000000001,Express,1425 Williams Mountain,1425 Williams Mountain,PayPal,2025-05-12,LOC004
ORD0000630,CUS000061,2025-05-02 00:33:42,Shipped,1454.9399999999998,Standard,8595 Joshua Pine,8595 Joshua Pine,Bank Transfer,2025-05-04,LOC016
ORD0000631,CUS000014,2025-05-01 17:58:42,Delivered,5642.32,Pick up in store,240 Lewis Park,240 Lewis Park,Bank Transfer,2025-05-05,LOC003
ORD0000632,CUS000017,2025-05-02 04:54:42,Shipped,270.74,Standard,4207 Craig Causeway,4207 Craig Causeway,Credit Card,2025-05-09,LOC014
ORD0000633,CUS000043,2025-05-02 10:01:42,Processing,3805.45,Standard,1002 John Row Apt. 424,1002 John Row Apt. 424,PayPal,2025-05-10,LOC009
ORD0000634,CUS000059,2025-05-01 18:27:42,Shipped,5493.63,Standard,604 Jones Courts Apt. 869,604 Jones Courts Apt. 869,Credit Card,2025-05-03,LOC012
ORD0000635,CUS000074,2025-05-02 03:26:42,Pending,3904.62,Pick up in store,42549 Zavala Lakes Suite 652,42549 Zavala Lakes Suite 652,Credit Card,,LOC002
ORD0000636,CUS000016,2025-05-02 10:58:42,Processing,9547.810000000001,Express,517 Lester Brook,517 Lester Brook,Bank Transfer,2025-05-06,LOC004
ORD0000637,CUS000054,2025-05-03 09:56:42,Pending,7680.76,Pick up in store,00532 Matthew Fork Suite 143,00532 Matthew Fork Suite 143,PayPal,,LOC015
ORD0000638,CUS000022,2025-05-03 01:03:42,Pending,6818.51,Next Day,290 Hodges Pine,290 Hodges Pine,Credit Card,,LOC011
ORD0000639,CUS000088,2025-05-03 10:26:42,Shipped,3437.89,Next Day,50544 Penny Isle Suite 526,50544 Penny Isle Suite 526,PayPal,2025-05-15,LOC008
ORD0000640,CUS000013,2025-05-02 23:30:42,Pending,7454.58,Pick up in store,54024 Miller Track Suite 763,54024 Miller Track Suite 763,Bank Transfer,,LOC001
ORD0000641,CUS000011,2025-05-03 09:38:42,Shipped,3402.2000000000003,Express,627 Carol Vista,627 Carol Vista,PayPal,2025-05-09,LOC014
ORD0000642,CUS000010,2025-05-03 08:43:42,Processing,1457.9900000000002,Next Day,386 Brian Gateway,386 Brian Gateway,PayPal,2025-05-10,LOC010
ORD0000643,CUS000056,2025-05-03 01:55:42,Shipped,3619.6400000000003,Pick up in store,5399 Pierce Gardens Suite 720,5399 Pierce Gardens Suite 720,PayPal,2025-05-08,LOC016
ORD0000644,CUS000091,2025-05-02 12:16:42,Shipped,9695.02,Pick up in store,7372 Marshall Haven,7372 Marshall Haven,Bank Transfer,2025-05-16,LOC006
ORD0000645,CUS000073,2025-05-02 17:39:42,Pending,8492.54,Standard,598 Smith Mission Suite 623,598 Smith Mission Suite 623,Credit Card,,LOC019
ORD0000646,CUS000045,2025-05-02 22:57:42,Processing,3189.8,Pick up in store,14062 Oliver Spurs,14062 Oliver Spurs,PayPal,2025-05-15,LOC018
ORD0000647,CUS000044,2025-05-02 16:29:42,Delivered,2147.27,Express,28472 Anderson Bypass,28472 Anderson Bypass,Bank Transfer,2025-05-15,LOC018
ORD0000648,CUS000068,2025-05-03 01:58:42,Shipped,346.36,Pick up in store,165 Walker Mill,165 Walker Mill,Credit Card,2025-05-12,LOC013
ORD0000649,CUS000095,2025-05-03 09:17:42,Processing,6611.04,Next Day,1425 Williams Mountain,1425 Williams Mountain,Bank Transfer,2025-05-14,LOC005
ORD0000650,CUS000086,2025-05-02 17:54:42,Processing,385.38,Pick up in store,023 Melissa Crossroad Apt. 855,023 Melissa Crossroad Apt. 855,Bank Transfer,2025-05-16,LOC013
ORD0000651,CUS000080,2025-05-02 22:50:42,Processing,7094.91,Next Day,84198 Mitchell Light,84198 Mitchell Light,PayPal,2025-05-05,LOC019
ORD0000652,CUS000073,2025-05-02 13:17:42,Pending,4674.83,Express,598 Smith Mission Suite 623,598 Smith Mission Suite 623,Credit Card,,LOC002
ORD0000653,CUS000020,2025-05-02 13:44:42,Shipped,6894.67,Pick up in store,63649 Robinson Court,63649 Robinson Court,Bank Transfer,2025-05-12,LOC011
ORD0000654,CUS000007,2025-05-02 11:58:42,Shipped,3651.3999999999996,Standard,64048 Golden Mount Suite 491,64048 Golden Mount Suite 491,PayPal,2025-05-12,LOC009
ORD0000655,CUS000054,2025-05-02 18:36:42,Delivered,3384.79,Express,00532 Matthew Fork Suite 143,00532 Matthew Fork Suite 143,Bank Transfer,2025-05-04,LOC020
ORD0000656,CUS000094,2025-05-03 10:30:42,Delivered,2399.41,Standard,91800 Tony Lights Suite 800,91800 Tony Lights Suite 800,Bank Transfer,2025-05-05,LOC010
ORD0000657,CUS000040,2025-05-02 21:12:42,Delivered,551.79,Next Day,9433 Jackie Key,9433 Jackie Key,Bank Transfer,2025-05-07,LOC013
ORD0000658,CUS000085,2025-05-03 05:58:42,Pending,13594.69,Standard,65310 Smith Causeway,65310 Smith Causeway,Bank Transfer,,LOC002
ORD0000659,CUS000020,2025-05-02 22:03:42,Shipped,91.66,Pick up in store,63649 Robinson Court,63649 Robinson Court,PayPal,2025-05-16,LOC018
ORD0000660,CUS000098,2025-05-03 23:48:42,Delivered,4597.26,Next Day,4693 Ashley Centers,4693 Ashley Centers,Credit Card,2025-05-05,LOC006
ORD0000661,CUS000010,2025-05-04 01:52:42,Delivered,8240.37,Next Day,386 Brian Gateway,386 Brian Gateway,Bank Transfer,2025-05-06,LOC016
ORD0000662,CUS000043,2025-05-03 23:29:42,Delivered,4875.9,Standard,1002 John Row Apt. 424,1002 John Row Apt. 424,Credit Card,2025-05-17,LOC016
ORD0000663,CUS000080,2025-05-04 04:06:42,Pending,747.2,Next Day,84198 Mitchell Light,84198 Mitchell Light,Bank Transfer,,LOC010
ORD0000664,CUS000052,2025-05-04 06:20:42,Delivered,3363.29,Pick up in store,28803 Kyle Island,28803 Kyle Island,Credit Card,2025-05-18,LOC012
ORD0000665,CUS000078,2025-05-03 21:49:42,Shipped,845.1099999999999,Next Day,783 Hudson Mill Suite 171,783 Hudson Mill Suite 171,PayPal,2025-05-07,LOC013
ORD0000666,CUS000085,2025-05-04 09:03:42,Pending,1900.2,Express,65310 Smith Causeway,65310 Smith Causeway,Bank Transfer,,LOC002
ORD0000667,CUS000024,2025-05-03 19:16:42,Processing,1359.1200000000001,Pick up in store,574 Gonzales Lodge Apt. 681,574 Gonzales Lodge Apt. 681,PayPal,2025-05-04,LOC018
ORD0000668,CUS000005,2025-05-03 15:10:42,Delivered,6340.01,Pick up in store,55835 Christopher Parkways Suite 486,55835 Christopher Parkways Suite 486,PayPal,2025-05-11,LOC017
ORD0000669,CUS000062,2025-05-04 00:19:42,Pending,7885.84,Express,9634 Thomas Vista,9634 Thomas Vista,Bank Transfer,,LOC012
ORD0000670,CUS000081,2025-05-03 19:32:42,Delivered,7289.860000000001,Standard,335 Kyle Crescent Apt. 760,335 Kyle Crescent Apt. 760,PayPal,2025-05-17,LOC009
ORD0000671,CUS000050,2025-05-03 22:32:42,Delivered,3073.6800000000003,Standard,739 Garcia Spur Apt. 819,739 Garcia Spur Apt. 819,Bank Transfer,2025-05-13,LOC002
ORD0000672,CUS000015,2025-05-03 16:26:42,Pending,6987.9,Standard,943 Dawn Extension Apt. 032,943 Dawn Extension Apt. 032,Bank Transfer,,LOC012
ORD0000673,CUS000022,2025-05-03 12:53:42,Pending,4433.67,Standard,290 Hodges Pine,290 Hodges Pine,Credit Card,,LOC013
ORD0000674,CUS000045,2025-05-03 16:39:42,Processing,614.52,Express,14062 Oliver Spurs,14062 Oliver Spurs,Bank Transfer,2025-05-12,LOC017
ORD0000675,CUS000044,2025-05-03 11:08:42,Shipped,3179.35,Express,28472 Anderson Bypass,28472 Anderson Bypass,PayPal,2025-05-15,LOC007
ORD0000676,CUS000035,2025-05-03 12:56:42,Processing,4703.99,Next Day,0435 Mullins Canyon,0435 Mullins Canyon,Credit Card,2025-05-11,LOC015
ORD0000677,CUS000044,2025-05-04 05:51:42,Processing,2409.0299999999997,Next Day,28472 Anderson Bypass,28472 Anderson Bypass,PayPal,2025-05-05,LOC008
ORD0000678,CUS000021,2025-05-04 10:16:42,Shipped,5621.83,Standard,873 Paul Lakes,873 Paul Lakes,Credit Card,2025-05-16,LOC019
ORD0000679,CUS000033,2025-05-04 08:12:42,Delivered,3753.96,Next Day,32833 Harris Fall,32833 Harris Fall,PayPal,2025-05-11,LOC018
ORD0000680,CUS000016,2025-05-03 15:24:42,Pending,11523.919999999998,Pick up in store,517 Lester Brook,517 Lester Brook,PayPal,,LOC009
ORD0000681,CUS000040,2025-05-04 09:38:42,Shipped,3419.92,Express,9433 Jackie Key,9433 Jackie Key,Bank Transfer,2025-05-14,LOC013
ORD0000682,CUS000050,2025-05-03 11:03:42,Shipped,3141.67,Express,739 Garcia Spur Apt. 819,739 Garcia Spur Apt. 819,PayPal,2025-05-07,LOC007
ORD0000683,CUS000045,2025-05-03 20:09:42,Shipped,884.31,Next Day,14062 Oliver Spurs,14062 Oliver Spurs,Credit Card,2025-05-16,LOC002
ORD0000684,CUS000001,2025-05-04 05:25:42,Delivered,3636.81,Pick up in store,45447 Ryan Springs Suite 790,45447 Ryan Springs Suite 790,Bank Transfer,2025-05-12,LOC017
ORD0000685,CUS000072,2025-05-03 15:54:42,Shipped,3941.2000000000003,Next Day,022 Brennan Vista,022 Brennan Vista,Credit Card,2025-05-07,LOC015
ORD0000686,CUS000044,2025-05-05 09:59:42,Shipped,985.57,Pick up in store,28472 Anderson Bypass,28472 Anderson Bypass,Credit Card,2025-05-08,LOC001
ORD0000687,CUS000037,2025-05-05 09:43:42,Delivered,288.78000000000003,Next Day,536 Elizabeth Via,536 Elizabeth Via,PayPal,2025-05-08,LOC017
ORD0000688,CUS000094,2025-05-04 22:48:42,Delivered,245.42,Express,91800 Tony Lights Suite 800,91800 Tony Lights Suite 800,PayPal,2025-05-15,LOC019
ORD0000689,CUS000055,2025-05-05 10:18:42,Pending,5438.7699999999995,Pick up in store,3345 Angela Lane Suite 782,3345 Angela Lane Suite 782,Credit Card,,LOC017
ORD0000690,CUS000083,2025-05-04 13:17:42,Processing,6080.389999999999,Pick up in store,808 Joseph Center Suite 987,808 Joseph Center Suite 987,PayPal,2025-05-16,LOC002
ORD0000691,CUS000093,2025-05-04 22:54:42,Processing,5597.2699999999995,Next Day,443 Evans Pine Apt. 602,443 Evans Pine Apt. 602,PayPal,2025-05-15,LOC005
ORD0000692,CUS000089,2025-05-05 10:40:42,Shipped,7308.469999999999,Pick up in store,890 Fuller Harbor Apt. 884,890 Fuller Harbor Apt. 884,PayPal,2025-05-06,LOC009
ORD0000693,CUS000063,2025-05-04 14:07:42,Shipped,3080.12,Standard,6888 Emily Underpass,6888 Emily Underpass,PayPal,2025-05-18,LOC010
ORD0000694,CUS000048,2025-05-05 09:22:42,Processing,8864.43,Pick up in store,1997 Shelly Shore,1997 Shelly Shore,Credit Card,2025-05-16,LOC010
ORD0000695,CUS000037,2025-05-04 15:25:42,Pending,9766.13,Pick up in store,536 Elizabeth Via,536 Elizabeth Via,PayPal,,LOC015
ORD0000696,CUS000015,2025-05-04 17:08:42,Delivered,3604.96,Express,943 Dawn Extension Apt. 032,943 Dawn Extension Apt. 032,Credit Card,2025-05-10,LOC004
ORD0000697,CUS000084,2025-05-04 20:50:42,Shipped,15213.0,Next Day,3563 Ashley Wall Apt. 125,3563 Ashley Wall Apt. 125,Credit Card,2025-05-10,LOC018
ORD0000698,CUS000090,2025-05-04 16:56:42,Delivered,6630.450000000001,Express,9210 Morris Turnpike Suite 212,9210 Morris Turnpike Suite 212,Credit Card,2025-05-16,LOC001
ORD0000699,CUS000097,2025-05-04 22:38:42,Processing,2291.06,Express,728 Laurie Cape,728 Laurie Cape,Bank Transfer,2025-05-18,LOC016
ORD0000700,CUS000024,2025-05-04 22:29:42,Delivered,2506.5,Express,574 Gonzales Lodge Apt. 681,574 Gonzales Lodge Apt. 681,Bank Transfer,2025-05-05,LOC003
ORD0000701,CUS000069,2025-05-05 10:51:42,Shipped,943.7700000000001,Standard,56017 Michelle Trace Apt. 592,56017 Michelle Trace Apt. 592,PayPal,2025-05-12,LOC010
ORD0000702,CUS000086,2025-05-05 17:11:42,Delivered,2932.19,Pick up in store,023 Melissa Crossroad Apt. 855,023 Melissa Crossroad Apt. 855,Bank Transfer,2025-05-13,LOC010
ORD0000703,CUS000032,2025-05-05 23:06:42,Processing,3109.4900000000002,Standard,57334 Cooper Island,57334 Cooper Island,PayPal,2025-05-11,LOC013
ORD0000704,CUS000051,2025-05-05 21:17:42,Pending,9537.97,Next Day,563 Jones Fields Suite 934,563 Jones Fields Suite 934,Credit Card,,LOC013
ORD0000705,CUS000068,2025-05-05 15:28:42,Delivered,4233.54,Express,165 Walker Mill,165 Walker Mill,Bank Transfer,2025-05-17,LOC014
ORD0000706,CUS000010,2025-05-05 17:43:42,Shipped,5914.2300000000005,Standard,386 Brian Gateway,386 Brian Gateway,Credit Card,2025-05-10,LOC013
ORD0000707,CUS000038,2025-05-05 14:46:42,Pending,173.18,Pick up in store,811 Leonard Ford Apt. 102,811 Leonard Ford Apt. 102,PayPal,,LOC012
ORD0000708,CUS000024,2025-05-05 19:45:42,Delivered,3797.82,Express,574 Gonzales Lodge Apt. 681,574 Gonzales Lodge Apt. 681,Credit Card,2025-05-13,LOC020
ORD0000709,CUS000039,2025-05-06 03:24:42,Shipped,1440.8099999999997,Express,06077 Marcus Bypass,06077 Marcus Bypass,Credit Card,2025-05-11,LOC011
ORD0000710,CUS000098,2025-05-05 17:01:42,Shipped,5357.9800000000005,Pick up in store,4693 Ashley Centers,4693 Ashley Centers,Credit Card,2025-05-18,LOC001
ORD0000711,CUS000041,2025-05-05 16:09:42,Delivered,1734.07,Next Day,312 Mathew Route Suite 835,312 Mathew Route Suite 835,Credit Card,2025-05-17,LOC004
ORD0000712,CUS000078,2025-05-06 22:31:42,Delivered,1831.8700000000001,Express,783 Hudson Mill Suite 171,783 Hudson Mill Suite 171,Bank Transfer,2025-05-15,LOC005
ORD0000713,CUS000038,2025-05-07 03:44:42,Shipped,3489.5600000000004,Next Day,811 Leonard Ford Apt. 102,811 Leonard Ford Apt. 102,Credit Card,2025-05-13,LOC020
ORD0000714,CUS000027,2025-05-07 03:21:42,Delivered,1156.1399999999999,Pick up in store,8148 John Course Suite 159,8148 John Course Suite 159,Bank Transfer,2025-05-11,LOC002
ORD0000715,CUS000067,2025-05-07 04:48:42,Shipped,5080.08,Next Day,4937 Brown Turnpike Suite 240,4937 Brown Turnpike Suite 240,PayPal,2025-05-17,LOC005
ORD0000716,CUS000076,2025-05-06 12:20:42,Pending,8447.94,Pick up in store,8996 Amanda Plaza,8996 Amanda Plaza,PayPal,,LOC006
ORD0000717,CUS000042,2025-05-07 01:12:42,Delivered,1898.5,Express,19899 Mark Way Suite 871,19899 Mark Way Suite 871,PayPal,2025-05-11,LOC005
ORD0000718,CUS000096,2025-05-07 00:37:42,Shipped,2171.38,Standard,997 Debra Road,997 Debra Road,Credit Card,2025-05-19,LOC010
ORD0000719,CUS000007,2025-05-06 23:05:42,Processing,4520.33,Next Day,64048 Golden Mount Suite 491,64048 Golden Mount Suite 491,PayPal,2025-05-15,LOC016
ORD0000720,CUS000067,2025-05-06 13:09:42,Shipped,157.42,Standard,4937 Brown Turnpike Suite 240,4937 Brown Turnpike Suite 240,Bank Transfer,2025-05-13,LOC015
ORD0000721,CUS000062,2025-05-06 19:12:42,Processing,1189.5,Pick up in store,9634 Thomas Vista,9634 Thomas Vista,Bank Transfer,2025-05-14,LOC006
ORD0000722,CUS000006,2025-05-07 01:08:42,Shipped,5066.82,Pick up in store,20878 Andersen Lock Suite 120,20878 Andersen Lock Suite 120,Bank Transfer,2025-05-08,LOC009
ORD0000723,CUS000086,2025-05-07 09:27:42,Shipped,3308.37,Next Day,023 Melissa Crossroad Apt. 855,023 Melissa Crossroad Apt. 855,PayPal,2025-05-18,LOC003
ORD0000724,CUS000081,2025-05-07 07:55:42,Pending,3279.05,Next Day,335 Kyle Crescent Apt. 760,335 Kyle Crescent Apt. 760,Bank Transfer,,LOC011
ORD0000725,CUS000047,2025-05-06 13:35:42,Processing,3496.65,Pick up in store,46161 Ortega Fork Apt. 399,46161 Ortega Fork Apt. 399,Credit Card,2025-05-13,LOC004
ORD0000726,CUS000008,2025-05-06 12:04:42,Delivered,723.93,Pick up in store,949 Mueller Mission,949 Mueller Mission,Credit Card,2025-05-12,LOC019
ORD0000727,CUS000056,2025-05-06 22:09:42,Processing,324.92,Express,5399 Pierce Gardens Suite 720,5399 Pierce Gardens Suite 720,Credit Card,2025-05-10,LOC002
ORD0000728,CUS000010,2025-05-06 15:43:42,Pending,2005.25,Next Day,386 Brian Gateway,386 Brian Gateway,Bank Transfer,,LOC017
ORD0000729,CUS000042,2025-05-07 00:07:42,Pending,2812.3599999999997,Standard,19899 Mark Way Suite 871,19899 Mark Way Suite 871,PayPal,,LOC016
ORD0000730,CUS000010,2025-05-06 12:14:42,Delivered,4815.46,Standard,386 Brian Gateway,386 Brian Gateway,Credit Card,2025-05-08,LOC005
ORD0000731,CUS000014,2025-05-06 17:00:42,Pending,4119.08,Pick up in store,240 Lewis Park,240 Lewis Park,Bank Transfer,,LOC009
ORD0000732,CUS000019,2025-05-06 23:32:42,Delivered,635.6,Express,3594 Long Wall Suite 248,3594 Long Wall Suite 248,PayPal,2025-05-13,LOC009
ORD0000733,CUS000019,2025-05-06 16:59:42,Delivered,5759.379999999999,Standard,3594 Long Wall Suite 248,3594 Long Wall Suite 248,Bank Transfer,2025-05-13,LOC018
ORD0000734,CUS000066,2025-05-07 06:23:42,Delivered,630.09,Next Day,712 Andrew Ranch,712 Andrew Ranch,PayPal,2025-05-14,LOC005
ORD0000735,CUS000081,2025-05-06 20:54:42,Delivered,565.57,Pick up in store,335 Kyle Crescent Apt. 760,335 Kyle Crescent Apt. 760,PayPal,2025-05-09,LOC014
ORD0000736,CUS000022,2025-05-06 19:06:42,Pending,9967.21,Pick up in store,290 Hodges Pine,290 Hodges Pine,Bank Transfer,,LOC006
ORD0000737,CUS000056,2025-05-06 12:02:42,Pending,5316.55,Pick up in store,5399 Pierce Gardens Suite 720,5399 Pierce Gardens Suite 720,PayPal,,LOC017
ORD0000738,CUS000098,2025-05-07 05:59:42,Shipped,9346.43,Next Day,4693 Ashley Centers,4693 Ashley Centers,Credit Card,2025-05-11,LOC012
ORD0000739,CUS000017,2025-05-07 01:34:42,Processing,1425.04,Pick up in store,4207 Craig Causeway,4207 Craig Causeway,PayPal,2025-05-15,LOC017
ORD0000740,CUS000034,2025-05-06 13:55:42,Shipped,67.04,Standard,81729 Mccall Meadows,81729 Mccall Meadows,PayPal,2025-05-18,LOC017
ORD0000741,CUS000034,2025-05-07 05:28:42,Delivered,2086.36,Next Day,81729 Mccall Meadows,81729 Mccall Meadows,PayPal,2025-05-21,LOC020
ORD0000742,CUS000013,2025-05-07 22:10:42,Pending,2464.88,Standard,54024 Miller Track Suite 763,54024 Miller Track Suite 763,Credit Card,,LOC003
ORD0000743,CUS000046,2025-05-07 15:13:42,Delivered,1281.6399999999999,Standard,0384 Michelle Cape,0384 Michelle Cape,PayPal,2025-05-20,LOC011
ORD0000744,CUS000013,2025-05-07 11:23:42,Pending,949.25,Next Day,54024 Miller Track Suite 763,54024 Miller Track Suite 763,Bank Transfer,,LOC001
ORD0000745,CUS000042,2025-05-08 03:43:42,Pending,2446.13,Standard,19899 Mark Way Suite 871,19899 Mark Way Suite 871,PayPal,,LOC011
ORD0000746,CUS000063,2025-05-07 19:22:42,Shipped,2382.42,Pick up in store,6888 Emily Underpass,6888 Emily Underpass,Bank Transfer,2025-05-15,LOC017
ORD0000747,CUS000034,2025-05-08 08:41:42,Processing,6070.85,Next Day,81729 Mccall Meadows,81729 Mccall Meadows,Credit Card,2025-05-10,LOC015
ORD0000748,CUS000023,2025-05-07 19:06:42,Processing,7955.64,Standard,245 Hall Cove,245 Hall Cove,Bank Transfer,2025-05-14,LOC013
ORD0000749,CUS000069,2025-05-08 10:19:42,Processing,1934.48,Standard,56017 Michelle Trace Apt. 592,56017 Michelle Trace Apt. 592,Credit Card,2025-05-14,LOC006
ORD0000750,CUS000097,2025-05-07 13:42:42,Shipped,173.18,Pick up in store,728 Laurie Cape,728 Laurie Cape,Credit Card,2025-05-09,LOC013
ORD0000751,CUS000001,2025-05-07 11:53:42,Shipped,2360.8,Next Day,45447 Ryan Springs Suite 790,45447 Ryan Springs Suite 790,Credit Card,2025-05-16,LOC014
ORD0000752,CUS000027,2025-05-07 16:22:42,Shipped,9341.36,Pick up in store,8148 John Course Suite 159,8148 John Course Suite 159,Credit Card,2025-05-13,LOC018
ORD0000753,CUS000093,2025-05-07 19:52:42,Processing,4452.219999999999,Next Day,443 Evans Pine Apt. 602,443 Evans Pine Apt. 602,PayPal,2025-05-09,LOC001
ORD0000754,CUS000095,2025-05-07 16:38:42,Pending,225.58,Express,1425 Williams Mountain,1425 Williams Mountain,Bank Transfer,,LOC009
ORD0000755,CUS000070,2025-05-07 11:45:42,Pending,1583.1999999999998,Express,17993 Lee Cove Apt. 976,17993 Lee Cove Apt. 976,PayPal,,LOC017
ORD0000756,CUS000093,2025-05-08 02:00:42,Processing,8638.49,Standard,443 Evans Pine Apt. 602,443 Evans Pine Apt. 602,Bank Transfer,2025-05-21,LOC008
ORD0000757,CUS000036,2025-05-07 15:07:42,Processing,4204.24,Pick up in store,4716 Felicia Trafficway Apt. 051,4716 Felicia Trafficway Apt. 051,PayPal,2025-05-19,LOC015
ORD0000758,CUS000058,2025-05-07 11:40:42,Processing,4769.790000000001,Express,6387 Susan Roads,6387 Susan Roads,Credit Card,2025-05-11,LOC001
ORD0000759,CUS000075,2025-05-08 06:03:42,Delivered,6540.38,Next Day,10585 Shaun Squares Suite 674,10585 Shaun Squares Suite 674,PayPal,2025-05-13,LOC019
ORD0000760,CUS000040,2025-05-07 18:48:42,Pending,274.98,Pick up in store,9433 Jackie Key,9433 Jackie Key,Bank Transfer,,LOC010
ORD0000761,CUS000015,2025-05-08 06:47:42,Shipped,2989.7300000000005,Standard,943 Dawn Extension Apt. 032,943 Dawn Extension Apt. 032,Bank Transfer,2025-05-10,LOC020
ORD0000762,CUS000054,2025-05-08 00:42:42,Pending,2142.75,Pick up in store,00532 Matthew Fork Suite 143,00532 Matthew Fork Suite 143,Bank Transfer,,LOC015
ORD0000763,CUS000071,2025-05-07 23:50:42,Delivered,8571.87,Standard,085 Aaron Crescent Apt. 676,085 Aaron Crescent Apt. 676,Credit Card,2025-05-20,LOC005
ORD0000764,CUS000007,2025-05-07 14:43:42,Processing,3655.2199999999993,Standard,64048 Golden Mount Suite 491,64048 Golden Mount Suite 491,Credit Card,2025-05-11,LOC019
ORD0000765,CUS000010,2025-05-08 04:09:42,Processing,854.48,Next Day,386 Brian Gateway,386 Brian Gateway,Credit Card,2025-05-21,LOC006
ORD0000766,CUS000050,2025-05-08 06:19:42,Pending,7648.18,Express,739 Garcia Spur Apt. 819,739 Garcia Spur Apt. 819,Bank Transfer,,LOC003
ORD0000767,CUS000063,2025-05-08 02:32:42,Delivered,5477.93,Standard,6888 Emily Underpass,6888 Emily Underpass,Bank Transfer,2025-05-15,LOC018
ORD0000768,CUS000068,2025-05-08 10:21:42,Shipped,8830.86,Next Day,165 Walker Mill,165 Walker Mill,Bank Transfer,2025-05-19,LOC007
ORD0000769,CUS000033,2025-05-07 23:31:42,Shipped,1156.1399999999999,Standard,32833 Harris Fall,32833 Harris Fall,Bank Transfer,2025-05-13,LOC020
ORD0000770,CUS000036,2025-05-08 13:22:42,Pending,3332.76,Standard,4716 Felicia Trafficway Apt. 051,4716 Felicia Trafficway Apt. 051,PayPal,,LOC001
ORD0000771,CUS000043,2025-05-08 18:21:42,Processing,7045.050000000001,Standard,1002 John Row Apt. 424,1002 John Row Apt. 424,Bank Transfer,2025-05-21,LOC002
ORD0000772,CUS000039,2025-05-08 13:21:42,Processing,4964.02,Express,06077 Marcus Bypass,06077 Marcus Bypass,Bank Transfer,2025-05-19,LOC004
ORD0000773,CUS000065,2025-05-08 20:17:42,Pending,4544.74,Express,0316 Wendy Club Apt. 476,0316 Wendy Club Apt. 476,Credit Card,,LOC003
ORD0000774,CUS000004,2025-05-08 20:32:42,Shipped,3268.9100000000003,Express,86781 Webb Tunnel Apt. 880,86781 Webb Tunnel Apt. 880,PayPal,2025-05-14,LOC016
ORD0000775,CUS000048,2025-05-08 19:19:42,Pending,4618.92,Standard,1997 Shelly Shore,1997 Shelly Shore,PayPal,,LOC012
ORD0000776,CUS000027,2025-05-09 05:52:42,Pending,232.18,Standard,8148 John Course Suite 159,8148 John Course Suite 159,PayPal,,LOC016
ORD0000777,CUS000042,2025-05-08 21:14:42,Delivered,4074.2700000000004,Pick up in store,19899 Mark Way Suite 871,19899 Mark Way Suite 871,PayPal,2025-05-15,LOC007
ORD0000778,CUS000089,2025-05-09 03:12:42,Processing,3716.34,Express,890 Fuller Harbor Apt. 884,890 Fuller Harbor Apt. 884,Credit Card,2025-05-13,LOC012
ORD0000779,CUS000087,2025-05-08 12:03:42,Delivered,4605.52,Pick up in store,99137 Scott Streets Suite 891,99137 Scott Streets Suite 891,Bank Transfer,2025-05-20,LOC010
ORD0000780,CUS000098,2025-05-09 01:03:42,Processing,928.24,Standard,4693 Ashley Centers,4693 Ashley Centers,PayPal,2025-05-22,LOC011
ORD0000781,CUS000048,2025-05-09 05:01:42,Shipped,1722.69,Next Day,1997 Shelly Shore,1997 Shelly Shore,Credit Card,2025-05-23,LOC011
ORD0000782,CUS000066,2025-05-09 07:00:42,Delivered,1996.62,Pick up in store,712 Andrew Ranch,712 Andrew Ranch,Credit Card,2025-05-11,LOC012
ORD0000783,CUS000035,2025-05-09 01:49:42,Pending,5611.7699999999995,Pick up in store,0435 Mullins Canyon,0435 Mullins Canyon,PayPal,,LOC017
ORD0000784,CUS000080,2025-05-08 17:40:42,Delivered,745.88,Next Day,84198 Mitchell Light,84198 Mitchell Light,Bank Transfer,2025-05-11,LOC014
ORD0000785,CUS000004,2025-05-08 15:33:42,Processing,11163.91,Next Day,86781 Webb Tunnel Apt. 880,86781 Webb Tunnel Apt. 880,Credit Card,2025-05-22,LOC008
ORD0000786,CUS000030,2025-05-09 00:15:42,Shipped,2964.15,Standard,56818 Wright Drives,56818 Wright Drives,Credit Card,2025-05-17,LOC013
ORD0000787,CUS000086,2025-05-09 02:17:42,Delivered,4439.87,Pick up in store,023 Melissa Crossroad Apt. 855,023 Melissa Crossroad Apt. 855,Bank Transfer,2025-05-15,LOC010
ORD0000788,CUS000039,2025-05-08 12:18:42,Processing,7201.93,Standard,06077 Marcus Bypass,06077 Marcus Bypass,PayPal,2025-05-17,LOC014
ORD0000789,CUS000085,2025-05-08 23:21:42,Delivered,950.52,Standard,65310 Smith Causeway,65310 Smith Causeway,Bank Transfer,2025-05-22,LOC001
ORD0000790,CUS000040,2025-05-08 14:58:42,Shipped,4344.29,Next Day,9433 Jackie Key,9433 Jackie Key,PayPal,2025-05-14,LOC004
ORD0000791,CUS000083,2025-05-08 20:40:42,Shipped,716.62,Pick up in store,808 Joseph Center Suite 987,808 Joseph Center Suite 987,Bank Transfer,2025-05-13,LOC004
ORD0000792,CUS000062,2025-05-09 10:24:42,Pending,3944.58,Standard,9634 Thomas Vista,9634 Thomas Vista,Credit Card,,LOC008
ORD0000793,CUS000003,2025-05-09 09:30:42,Processing,3818.11,Next Day,22024 Harrison Roads,22024 Harrison Roads,Credit Card,2025-05-20,LOC014
ORD0000794,CUS000022,2025-05-09 00:20:42,Delivered,4212.5,Next Day,290 Hodges Pine,290 Hodges Pine,Bank Transfer,2025-05-23,LOC006
ORD0000795,CUS000053,2025-05-08 12:10:42,Shipped,1095.9099999999999,Pick up in store,92512 Armstrong Station,92512 Armstrong Station,Bank Transfer,2025-05-21,LOC016
ORD0000796,CUS000084,2025-05-09 05:37:42,Shipped,2265.2000000000003,Express,3563 Ashley Wall Apt. 125,3563 Ashley Wall Apt. 125,Bank Transfer,2025-05-19,LOC014
ORD0000797,CUS000005,2025-05-08 16:05:42,Delivered,3858.8599999999997,Express,55835 Christopher Parkways Suite 486,55835 Christopher Parkways Suite 486,Bank Transfer,2025-05-11,LOC017
ORD0000798,CUS000072,2025-05-10 05:18:42,Pending,3680.4300000000003,Express,022 Brennan Vista,022 Brennan Vista,PayPal,,LOC006
ORD0000799,CUS000096,2025-05-09 13:10:42,Delivered,8123.38,Next Day,997 Debra Road,997 Debra Road,Bank Transfer,2025-05-18,LOC008
ORD0000800,CUS000070,2025-05-10 02:56:42,Delivered,4014.4500000000003,Standard,17993 Lee Cove Apt. 976,17993 Lee Cove Apt. 976,Bank Transfer,2025-05-18,LOC010
ORD0000801,CUS000090,2025-05-09 16:52:42,Processing,782.24,Standard,9210 Morris Turnpike Suite 212,9210 Morris Turnpike Suite 212,Credit Card,2025-05-23,LOC008
ORD0000802,CUS000078,2025-05-10 02:34:42,Delivered,6859.95,Next Day,783 Hudson Mill Suite 171,783 Hudson Mill Suite 171,Bank Transfer,2025-05-13,LOC003
ORD0000803,CUS000007,2025-05-09 20:50:42,Processing,6257.73,Next Day,64048 Golden Mount Suite 491,64048 Golden Mount Suite 491,PayPal,2025-05-11,LOC010
ORD0000804,CUS000034,2025-05-10 07:32:42,Pending,4745.09,Next Day,81729 Mccall Meadows,81729 Mccall Meadows,PayPal,,LOC005
ORD0000805,CUS000082,2025-05-10 07:40:42,Delivered,8170.040000000001,Pick up in store,3913 Chambers Park Apt. 634,3913 Chambers Park Apt. 634,PayPal,2025-05-12,LOC003
ORD0000806,CUS000076,2025-05-09 14:33:42,Processing,4759.88,Pick up in store,8996 Amanda Plaza,8996 Amanda Plaza,Credit Card,2025-05-16,LOC007
ORD0000807,CUS000003,2025-05-09 22:31:42,Shipped,6598.18,Pick up in store,22024 Harrison Roads,22024 Harrison Roads,PayPal,2025-05-11,LOC009
ORD0000808,CUS000027,2025-05-10 04:36:42,Delivered,6162.58,Standard,8148 John Course Suite 159,8148 John Course Suite 159,PayPal,2025-05-13,LOC008
ORD0000809,CUS000067,2025-05-09 23:00:42,Pending,9490.43,Pick up in store,4937 Brown Turnpike Suite 240,4937 Brown Turnpike Suite 240,Credit Card,,LOC015
ORD0000810,CUS000041,2025-05-09 22:34:42,Shipped,7819.08,Pick up in store,312 Mathew Route Suite 835,312 Mathew Route Suite 835,PayPal,2025-05-12,LOC015
ORD0000811,CUS000054,2025-05-10 00:06:42,Delivered,3572.55,Standard,00532 Matthew Fork Suite 143,00532 Matthew Fork Suite 143,PayPal,2025-05-13,LOC003
ORD0000812,CUS000098,2025-05-09 21:11:42,Shipped,7250.29,Pick up in store,4693 Ashley Centers,4693 Ashley Centers,Bank Transfer,2025-05-23,LOC019
ORD0000813,CUS000067,2025-05-10 01:10:42,Pending,9872.079999999998,Express,4937 Brown Turnpike Suite 240,4937 Brown Turnpike Suite 240,Bank Transfer,,LOC012
ORD0000814,CUS000015,2025-05-10 03:32:42,Processing,3076.1000000000004,Next Day,943 Dawn Extension Apt. 032,943 Dawn Extension Apt. 032,Credit Card,2025-05-11,LOC011
ORD0000815,CUS000071,2025-05-10 08:33:42,Processing,730.64,Standard,085 Aaron Crescent Apt. 676,085 Aaron Crescent Apt. 676,PayPal,2025-05-12,LOC020
ORD0000816,CUS000078,2025-05-09 21:11:42,Shipped,9389.95,Next Day,783 Hudson Mill Suite 171,783 Hudson Mill Suite 171,Bank Transfer,2025-05-10,LOC009
ORD0000817,CUS000089,2025-05-10 00:00:42,Processing,1386.75,Next Day,890 Fuller Harbor Apt. 884,890 Fuller Harbor Apt. 884,Bank Transfer,2025-05-19,LOC008
ORD0000818,CUS000013,2025-05-09 13:31:42,Delivered,2122.7200000000003,Express,54024 Miller Track Suite 763,54024 Miller Track Suite 763,Bank Transfer,2025-05-12,LOC011
ORD0000819,CUS000083,2025-05-09 21:02:42,Pending,10464.02,Pick up in store,808 Joseph Center Suite 987,808 Joseph Center Suite 987,Credit Card,,LOC001
ORD0000820,CUS000035,2025-05-09 16:31:42,Shipped,4842.28,Pick up in store,0435 Mullins Canyon,0435 Mullins Canyon,Credit Card,2025-05-11,LOC019
ORD0000821,CUS000071,2025-05-09 23:17:42,Pending,2797.34,Next Day,085 Aaron Crescent Apt. 676,085 Aaron Crescent Apt. 676,Bank Transfer,,LOC001
ORD0000822,CUS000062,2025-05-09 16:15:42,Delivered,915.8,Pick up in store,9634 Thomas Vista,9634 Thomas Vista,Credit Card,2025-05-20,LOC004
ORD0000823,CUS000052,2025-05-10 04:54:42,Processing,8753.1,Next Day,28803 Kyle Island,28803 Kyle Island,Bank Transfer,2025-05-17,LOC017
ORD0000824,CUS000059,2025-05-09 14:41:42,Processing,4066.9100000000003,Pick up in store,604 Jones Courts Apt. 869,604 Jones Courts Apt. 869,Bank Transfer,2025-05-20,LOC008
ORD0000825,CUS000014,2025-05-10 10:42:42,Processing,385.04,Pick up in store,240 Lewis Park,240 Lewis Park,Credit Card,2025-05-13,LOC006
ORD0000826,CUS000071,2025-05-09 19:48:42,Delivered,8444.26,Pick up in store,085 Aaron Crescent Apt. 676,085 Aaron Crescent Apt. 676,Credit Card,2025-05-19,LOC016
ORD0000827,CUS000038,2025-05-09 15:44:42,Processing,2660.07,Next Day,811 Leonard Ford Apt. 102,811 Leonard Ford Apt. 102,PayPal,2025-05-11,LOC019
ORD0000828,CUS000079,2025-05-10 20:35:42,Pending,9446.15,Standard,34676 Chan Brooks,34676 Chan Brooks,PayPal,,LOC006
ORD0000829,CUS000048,2025-05-10 21:12:42,Pending,884.1600000000001,Standard,1997 Shelly Shore,1997 Shelly Shore,PayPal,,LOC016
ORD0000830,CUS000082,2025-05-11 07:46:42,Shipped,4694.91,Pick up in store,3913 Chambers Park Apt. 634,3913 Chambers Park Apt. 634,Bank Transfer,2025-05-18,LOC009
ORD0000831,CUS000090,2025-05-10 18:03:42,Pending,3087.2200000000003,Express,9210 Morris Turnpike Suite 212,9210 Morris Turnpike Suite 212,Bank Transfer,,LOC016
ORD0000832,CUS000011,2025-05-11 03:56:42,Pending,4440.57,Pick up in store,627 Carol Vista,627 Carol Vista,Credit Card,,LOC011
ORD0000833,CUS000080,2025-05-10 15:42:42,Delivered,2319.46,Next Day,84198 Mitchell Light,84198 Mitchell Light,Credit Card,2025-05-20,LOC001
ORD0000834,CUS000020,2025-05-11 02:20:42,Processing,613.55,Standard,63649 Robinson Court,63649 Robinson Court,Bank Transfer,2025-05-22,LOC015
ORD0000835,CUS000062,2025-05-11 08:34:42,Pending,7913.43,Express,9634 Thomas Vista,9634 Thomas Vista,PayPal,,LOC017
ORD0000836,CUS000050,2025-05-11 05:35:42,Delivered,2570.58,Next Day,739 Garcia Spur Apt. 819,739 Garcia Spur Apt. 819,Bank Transfer,2025-05-20,LOC014
ORD0000837,CUS000012,2025-05-10 22:32:42,Delivered,3312.66,Next Day,753 Powell Manor Suite 888,753 Powell Manor Suite 888,Bank Transfer,2025-05-17,LOC018
ORD0000838,CUS000046,2025-05-11 07:41:42,Delivered,5317.76,Express,0384 Michelle Cape,0384 Michelle Cape,Bank Transfer,2025-05-22,LOC010
ORD0000839,CUS000093,2025-05-10 13:55:42,Pending,192.52,Pick up in store,443 Evans Pine Apt. 602,443 Evans Pine Apt. 602,PayPal,,LOC001
ORD0000840,CUS000033,2025-05-12 03:36:42,Delivered,6991.61,Express,32833 Harris Fall,32833 Harris Fall,PayPal,2025-05-21,LOC015
ORD0000841,CUS000041,2025-05-12 06:19:42,Delivered,6601.92,Pick up in store,312 Mathew Route Suite 835,312 Mathew Route Suite 835,Credit Card,2025-05-14,LOC004
ORD0000842,CUS000073,2025-05-11 13:29:42,Delivered,2007.8000000000002,Pick up in store,598 Smith Mission Suite 623,598 Smith Mission Suite 623,Credit Card,2025-05-14,LOC015
ORD0000843,CUS000021,2025-05-12 01:36:42,Shipped,2230.65,Pick up in store,873 Paul Lakes,873 Paul Lakes,Credit Card,2025-05-21,LOC016
ORD0000844,CUS000030,2025-05-11 20:06:42,Pending,11222.529999999999,Pick up in store,56818 Wright Drives,56818 Wright Drives,Credit Card,,LOC014
ORD0000845,CUS000066,2025-05-11 23:19:42,Processing,7704.58,Pick up in store,712 Andrew Ranch,712 Andrew Ranch,PayPal,2025-05-13,LOC016
ORD0000846,CUS000024,2025-05-11 21:24:42,Delivered,4179.6900000000005,Pick up in store,574 Gonzales Lodge Apt. 681,574 Gonzales Lodge Apt. 681,Bank Transfer,2025-05-13,LOC009
ORD0000847,CUS000067,2025-05-11 18:33:42,Delivered,6211.029999999999,Express,4937 Brown Turnpike Suite 240,4937 Brown Turnpike Suite 240,PayPal,2025-05-20,LOC014
ORD0000848,CUS000066,2025-05-11 17:51:42,Pending,3680.3399999999997,Next Day,712 Andrew Ranch,712 Andrew Ranch,Credit Card,,LOC011
ORD0000849,CUS000086,2025-05-11 12:53:42,Processing,4461.97,Pick up in store,023 Melissa Crossroad Apt. 855,023 Melissa Crossroad Apt. 855,Bank Transfer,2025-05-19,LOC015
ORD0000850,CUS000054,2025-05-12 08:31:42,Delivered,11532.400000000001,Pick up in store,00532 Matthew Fork Suite 143,00532 Matthew Fork Suite 143,PayPal,2025-05-26,LOC004
ORD0000851,CUS000018,2025-05-11 18:46:42,Delivered,5537.679999999999,Standard,693 Kathryn Extension,693 Kathryn Extension,Credit Card,2025-05-16,LOC015
ORD0000852,CUS000001,2025-05-12 08:06:42,Pending,4327.040000000001,Next Day,45447 Ryan Springs Suite 790,45447 Ryan Springs Suite 790,Bank Transfer,,LOC013
ORD0000853,CUS000007,2025-05-12 07:36:42,Shipped,2376.3,Express,64048 Golden Mount Suite 491,64048 Golden Mount Suite 491,PayPal,2025-05-24,LOC003
ORD0000854,CUS000012,2025-05-12 02:45:42,Shipped,8774.44,Next Day,753 Powell Manor Suite 888,753 Powell Manor Suite 888,Credit Card,2025-05-17,LOC003
ORD0000855,CUS000097,2025-05-11 23:22:42,Pending,3697.52,Pick up in store,728 Laurie Cape,728 Laurie Cape,Credit Card,,LOC020
ORD0000856,CUS000082,2025-05-12 05:10:42,Shipped,6480.28,Express,3913 Chambers Park Apt. 634,3913 Chambers Park Apt. 634,PayPal,2025-05-14,LOC013
ORD0000857,CUS000006,2025-05-11 13:41:42,Shipped,3275.63,Express,20878 Andersen Lock Suite 120,20878 Andersen Lock Suite 120,PayPal,2025-05-12,LOC001
ORD0000858,CUS000097,2025-05-12 15:01:42,Processing,1544.08,Standard,728 Laurie Cape,728 Laurie Cape,PayPal,2025-05-13,LOC005
ORD0000859,CUS000049,2025-05-12 17:47:42,Processing,12090.630000000001,Express,8581 Katelyn Pike Apt. 739,8581 Katelyn Pike Apt. 739,Credit Card,2025-05-26,LOC004
ORD0000860,CUS000056,2025-05-12 13:46:42,Pending,12270.23,Next Day,5399 Pierce Gardens Suite 720,5399 Pierce Gardens Suite 720,Bank Transfer,,LOC001
ORD0000861,CUS000047,2025-05-13 08:10:42,Pending,5014.66,Pick up in store,46161 Ortega Fork Apt. 399,46161 Ortega Fork Apt. 399,PayPal,,LOC007
ORD0000862,CUS000077,2025-05-12 20:16:42,Delivered,5568.68,Standard,17316 Ashley Ridges Suite 345,17316 Ashley Ridges Suite 345,Bank Transfer,2025-05-21,LOC018
ORD0000863,CUS000079,2025-05-12 23:59:42,Pending,10311.830000000002,Standard,34676 Chan Brooks,34676 Chan Brooks,Credit Card,,LOC016
ORD0000864,CUS000011,2025-05-12 19:37:42,Shipped,3805.6000000000004,Express,627 Carol Vista,627 Carol Vista,PayPal,2025-05-20,LOC014
ORD0000865,CUS000067,2025-05-13 05:28:42,Processing,3443.8999999999996,Pick up in store,4937 Brown Turnpike Suite 240,4937 Brown Turnpike Suite 240,PayPal,2025-05-20,LOC015
ORD0000866,CUS000097,2025-05-12 17:04:42,Processing,4766.820000000001,Express,728 Laurie Cape,728 Laurie Cape,Bank Transfer,2025-05-19,LOC014
ORD0000867,CUS000007,2025-05-12 20:10:42,Shipped,9935.43,Pick up in store,64048 Golden Mount Suite 491,64048 Golden Mount Suite 491,Bank Transfer,2025-05-26,LOC010
ORD0000868,CUS000097,2025-05-12 18:17:42,Delivered,261.78,Express,728 Laurie Cape,728 Laurie Cape,Credit Card,2025-05-25,LOC002
ORD0000869,CUS000058,2025-05-13 09:53:42,Delivered,6402.530000000001,Standard,6387 Susan Roads,6387 Susan Roads,Credit Card,2025-05-27,LOC019
ORD0000870,CUS000056,2025-05-14 02:11:42,Pending,6122.81,Express,5399 Pierce Gardens Suite 720,5399 Pierce Gardens Suite 720,PayPal,,LOC014
ORD0000871,CUS000007,2025-05-13 20:10:42,Shipped,2898.15,Next Day,64048 Golden Mount Suite 491,64048 Golden Mount Suite 491,Credit Card,2025-05-20,LOC020
ORD0000872,CUS000017,2025-05-14 08:26:42,Processing,8095.570000000001,Pick up in store,4207 Craig Causeway,4207 Craig Causeway,Credit Card,2025-05-25,LOC004
ORD0000873,CUS000017,2025-05-13 21:51:42,Shipped,7859.430000000001,Pick up in store,4207 Craig Causeway,4207 Craig Causeway,Bank Transfer,2025-05-15,LOC008
ORD0000874,CUS000019,2025-05-14 01:20:42,Pending,33.52,Next Day,3594 Long Wall Suite 248,3594 Long Wall Suite 248,PayPal,,LOC004
ORD0000875,CUS000052,2025-05-13 23:02:42,Delivered,11669.779999999999,Express,28803 Kyle Island,28803 Kyle Island,Bank Transfer,2025-05-26,LOC001
ORD0000876,CUS000058,2025-05-13 13:59:42,Shipped,2195.27,Standard,6387 Susan Roads,6387 Susan Roads,PayPal,2025-05-27,LOC003
ORD0000877,CUS000070,2025-05-14 09:05:42,Pending,3409.28,Standard,17993 Lee Cove Apt. 976,17993 Lee Cove Apt. 976,PayPal,,LOC016
ORD0000878,CUS000062,2025-05-13 18:33:42,Delivered,3243.1099999999997,Express,9634 Thomas Vista,9634 Thomas Vista,Credit Card,2025-05-22,LOC007
ORD0000879,CUS000100,2025-05-14 03:12:42,Delivered,8136.93,Next Day,14536 Holly Trail,14536 Holly Trail,Bank Transfer,2025-05-22,LOC009
ORD0000880,CUS000044,2025-05-13 17:30:42,Processing,10180.66,Standard,28472 Anderson Bypass,28472 Anderson Bypass,PayPal,2025-05-17,LOC020
ORD0000881,CUS000079,2025-05-14 08:24:42,Pending,4361.16,Express,34676 Chan Brooks,34676 Chan Brooks,Bank Transfer,,LOC006
ORD0000882,CUS000040,2025-05-14 03:44:42,Processing,1812.16,Express,9433 Jackie Key,9433 Jackie Key,PayPal,2025-05-18,LOC007
ORD0000883,CUS000085,2025-05-13 19:27:42,Shipped,3412.5200000000004,Standard,65310 Smith Causeway,65310 Smith Causeway,Bank Transfer,2025-05-14,LOC012
ORD0000884,CUS000081,2025-05-14 05:58:42,Processing,5607.17,Standard,335 Kyle Crescent Apt. 760,335 Kyle Crescent Apt. 760,Bank Transfer,2025-05-20,LOC018
ORD0000885,CUS000055,2025-05-14 22:49:42,Delivered,1317.5500000000002,Next Day,3345 Angela Lane Suite 782,3345 Angela Lane Suite 782,Credit Card,2025-05-17,LOC012
ORD0000886,CUS000031,2025-05-14 11:18:42,Pending,2377.9599999999996,Pick up in store,3219 Rodriguez Passage Suite 363,3219 Rodriguez Passage Suite 363,Bank Transfer,,LOC005
ORD0000887,CUS000014,2025-05-15 06:11:42,Pending,5488.02,Standard,240 Lewis Park,240 Lewis Park,Credit Card,,LOC008
ORD0000888,CUS000070,2025-05-15 07:55:42,Delivered,730.81,Standard,17993 Lee Cove Apt. 976,17993 Lee Cove Apt. 976,Credit Card,2025-05-16,LOC014
ORD0000889,CUS000021,2025-05-15 07:09:42,Processing,5446.449999999999,Pick up in store,873 Paul Lakes,873 Paul Lakes,Credit Card,2025-05-25,LOC012
ORD0000890,CUS000054,2025-05-15 08:38:42,Delivered,2194.5,Standard,00532 Matthew Fork Suite 143,00532 Matthew Fork Suite 143,Credit Card,2025-05-27,LOC012
ORD0000891,CUS000059,2025-05-15 02:56:42,Pending,4496.4,Express,604 Jones Courts Apt. 869,604 Jones Courts Apt. 869,Bank Transfer,,LOC011
ORD0000892,CUS000035,2025-05-15 00:28:42,Delivered,4778.64,Standard,0435 Mullins Canyon,0435 Mullins Canyon,Credit Card,2025-05-18,LOC006
ORD0000893,CUS000085,2025-05-14 22:45:42,Delivered,4575.58,Standard,65310 Smith Causeway,65310 Smith Causeway,Credit Card,2025-05-25,LOC005
ORD0000894,CUS000041,2025-05-15 00:49:42,Delivered,10356.29,Express,312 Mathew Route Suite 835,312 Mathew Route Suite 835,PayPal,2025-05-21,LOC015
ORD0000895,CUS000027,2025-05-15 01:47:42,Delivered,3888.6,Express,8148 John Course Suite 159,8148 John Course Suite 159,Credit Card,2025-05-17,LOC010
ORD0000896,CUS000050,2025-05-14 18:15:42,Pending,812.5,Pick up in store,739 Garcia Spur Apt. 819,739 Garcia Spur Apt. 819,PayPal,,LOC014
ORD0000897,CUS000040,2025-05-15 01:57:42,Pending,9170.06,Express,9433 Jackie Key,9433 Jackie Key,Credit Card,,LOC008
ORD0000898,CUS000098,2025-05-15 07:29:42,Processing,10887.310000000001,Pick up in store,4693 Ashley Centers,4693 Ashley Centers,Credit Card,2025-05-28,LOC011
ORD0000899,CUS000090,2025-05-14 22:22:42,Processing,6232.91,Express,9210 Morris Turnpike Suite 212,9210 Morris Turnpike Suite 212,PayPal,2025-05-24,LOC010
ORD0000900,CUS000064,2025-05-14 22:16:42,Processing,2311.25,Express,93926 Jason Common Suite 790,93926 Jason Common Suite 790,PayPal,2025-05-24,LOC007
ORD0000901,CUS000058,2025-05-14 14:51:42,Pending,2440.0,Standard,6387 Susan Roads,6387 Susan Roads,PayPal,,LOC009
ORD0000902,CUS000077,2025-05-14 19:33:42,Delivered,5461.55,Next Day,17316 Ashley Ridges Suite 345,17316 Ashley Ridges Suite 345,Credit Card,2025-05-25,LOC007
ORD0000903,CUS000039,2025-05-14 16:17:42,Processing,100.56,Express,06077 Marcus Bypass,06077 Marcus Bypass,Bank Transfer,2025-05-19,LOC013
ORD0000904,CUS000092,2025-05-14 22:41:42,Pending,3063.88,Express,441 Nichols Glen,441 Nichols Glen,Credit Card,,LOC014
ORD0000905,CUS000005,2025-05-14 16:15:42,Shipped,9607.02,Express,55835 Christopher Parkways Suite 486,55835 Christopher Parkways Suite 486,Credit Card,2025-05-18,LOC009
ORD0000906,CUS000036,2025-05-15 10:50:42,Shipped,822.64,Next Day,4716 Felicia Trafficway Apt. 051,4716 Felicia Trafficway Apt. 051,PayPal,2025-05-18,LOC020
ORD0000907,CUS000066,2025-05-15 04:15:42,Shipped,4706.05,Next Day,712 Andrew Ranch,712 Andrew Ranch,PayPal,2025-05-21,LOC003
ORD0000908,CUS000065,2025-05-16 00:15:42,Shipped,822.37,Standard,0316 Wendy Club Apt. 476,0316 Wendy Club Apt. 476,PayPal,2025-05-21,LOC001
ORD0000909,CUS000046,2025-05-15 19:21:42,Processing,3441.5800000000004,Standard,0384 Michelle Cape,0384 Michelle Cape,Bank Transfer,2025-05-18,LOC019
ORD0000910,CUS000080,2025-05-15 19:07:42,Pending,183.32,Express,84198 Mitchell Light,84198 Mitchell Light,Bank Transfer,,LOC019
ORD0000911,CUS000054,2025-05-16 00:18:42,Processing,5207.530000000001,Pick up in store,00532 Matthew Fork Suite 143,00532 Matthew Fork Suite 143,Bank Transfer,2025-05-21,LOC010
ORD0000912,CUS000085,2025-05-16 10:28:42,Delivered,6000.93,Next Day,65310 Smith Causeway,65310 Smith Causeway,PayPal,2025-05-27,LOC006
ORD0000913,CUS000046,2025-05-16 07:08:42,Delivered,1338.95,Express,0384 Michelle Cape,0384 Michelle Cape,PayPal,2025-05-17,LOC017
ORD0000914,CUS000086,2025-05-15 20:41:42,Shipped,6983.64,Express,023 Melissa Crossroad Apt. 855,023 Melissa Crossroad Apt. 855,Bank Transfer,2025-05-29,LOC007
ORD0000915,CUS000077,2025-05-15 16:56:42,Processing,294.63,Pick up in store,17316 Ashley Ridges Suite 345,17316 Ashley Ridges Suite 345,PayPal,2025-05-17,LOC007
ORD0000916,CUS000049,2025-05-15 18:33:42,Processing,6888.45,Next Day,8581 Katelyn Pike Apt. 739,8581 Katelyn Pike Apt. 739,Credit Card,2025-05-16,LOC011
ORD0000917,CUS000097,2025-05-15 15:00:42,Shipped,2423.6800000000003,Pick up in store,728 Laurie Cape,728 Laurie Cape,Bank Transfer,2025-05-28,LOC004
ORD0000918,CUS000068,2025-05-15 23:26:42,Delivered,8054.81,Next Day,165 Walker Mill,165 Walker Mill,PayPal,2025-05-19,LOC017
ORD0000919,CUS000060,2025-05-16 04:38:42,Delivered,3278.1600000000003,Next Day,50318 Kenneth Burg Suite 855,50318 Kenneth Burg Suite 855,Bank Transfer,2025-05-24,LOC004
ORD0000920,CUS000092,2025-05-16 10:37:42,Shipped,4722.639999999999,Standard,441 Nichols Glen,441 Nichols Glen,Bank Transfer,2025-05-27,LOC002
ORD0000921,CUS000049,2025-05-16 06:00:42,Delivered,1496.9500000000003,Express,8581 Katelyn Pike Apt. 739,8581 Katelyn Pike Apt. 739,PayPal,2025-05-18,LOC019
ORD0000922,CUS000049,2025-05-15 22:02:42,Delivered,6520.42,Express,8581 Katelyn Pike Apt. 739,8581 Katelyn Pike Apt. 739,Credit Card,2025-05-29,LOC020
ORD0000923,CUS000097,2025-05-15 19:16:42,Processing,1632.33,Next Day,728 Laurie Cape,728 Laurie Cape,Credit Card,2025-05-24,LOC018
ORD0000924,CUS000035,2025-05-15 15:09:42,Pending,5194.32,Pick up in store,0435 Mullins Canyon,0435 Mullins Canyon,Bank Transfer,,LOC003
ORD0000925,CUS000090,2025-05-16 10:42:42,Pending,5716.5,Next Day,9210 Morris Turnpike Suite 212,9210 Morris Turnpike Suite 212,Credit Card,,LOC015
ORD0000926,CUS000092,2025-05-16 22:49:42,Pending,4581.79,Standard,441 Nichols Glen,441 Nichols Glen,Bank Transfer,,LOC013
ORD0000927,CUS000069,2025-05-17 10:36:42,Pending,2372.11,Express,56017 Michelle Trace Apt. 592,56017 Michelle Trace Apt. 592,Bank Transfer,,LOC015
ORD0000928,CUS000073,2025-05-17 05:20:42,Shipped,2698.08,Pick up in store,598 Smith Mission Suite 623,598 Smith Mission Suite 623,Credit Card,2025-05-21,LOC008
ORD0000929,CUS000086,2025-05-16 11:14:42,Pending,9457.01,Pick up in store,023 Melissa Crossroad Apt. 855,023 Melissa Crossroad Apt. 855,PayPal,,LOC014
ORD0000930,CUS000013,2025-05-17 06:06:42,Processing,14029.330000000002,Express,54024 Miller Track Suite 763,54024 Miller Track Suite 763,Bank Transfer,2025-05-30,LOC015
ORD0000931,CUS000081,2025-05-16 18:56:42,Shipped,5300.08,Standard,335 Kyle Crescent Apt. 760,335 Kyle Crescent Apt. 760,Bank Transfer,2025-05-17,LOC017
ORD0000932,CUS000016,2025-05-17 01:44:42,Pending,10066.85,Pick up in store,517 Lester Brook,517 Lester Brook,Credit Card,,LOC006
ORD0000933,CUS000029,2025-05-17 08:53:42,Delivered,8561.550000000001,Next Day,248 Schaefer Alley,248 Schaefer Alley,Credit Card,2025-05-23,LOC008
ORD0000934,CUS000040,2025-05-17 03:50:42,Processing,4642.83,Pick up in store,9433 Jackie Key,9433 Jackie Key,PayPal,2025-05-31,LOC020
ORD0000935,CUS000069,2025-05-16 11:50:42,Processing,2459.34,Standard,56017 Michelle Trace Apt. 592,56017 Michelle Trace Apt. 592,Credit Card,2025-05-22,LOC014
ORD0000936,CUS000029,2025-05-17 05:55:42,Shipped,4425.75,Next Day,248 Schaefer Alley,248 Schaefer Alley,PayPal,2025-05-19,LOC014
ORD0000937,CUS000018,2025-05-16 13:34:42,Processing,6353.469999999999,Next Day,693 Kathryn Extension,693 Kathryn Extension,Credit Card,2025-05-24,LOC008
ORD0000938,CUS000085,2025-05-17 06:20:42,Pending,3300.82,Express,65310 Smith Causeway,65310 Smith Causeway,Bank Transfer,,LOC003
ORD0000939,CUS000038,2025-05-16 19:29:42,Processing,919.6500000000001,Next Day,811 Leonard Ford Apt. 102,811 Leonard Ford Apt. 102,Bank Transfer,2025-05-18,LOC008
ORD0000940,CUS000054,2025-05-16 13:23:42,Processing,1840.38,Express,00532 Matthew Fork Suite 143,00532 Matthew Fork Suite 143,Bank Transfer,2025-05-27,LOC010
ORD0000941,CUS000087,2025-05-16 23:00:42,Processing,6582.93,Express,99137 Scott Streets Suite 891,99137 Scott Streets Suite 891,Credit Card,2025-05-27,LOC016
ORD0000942,CUS000026,2025-05-16 19:02:42,Pending,7856.130000000001,Standard,305 Newton Bypass,305 Newton Bypass,PayPal,,LOC006
ORD0000943,CUS000092,2025-05-16 15:13:42,Processing,3725.26,Next Day,441 Nichols Glen,441 Nichols Glen,PayPal,2025-05-18,LOC013
ORD0000944,CUS000073,2025-05-16 16:26:42,Delivered,5127.4400000000005,Next Day,598 Smith Mission Suite 623,598 Smith Mission Suite 623,Bank Transfer,2025-05-24,LOC013
ORD0000945,CUS000062,2025-05-16 22:21:42,Pending,6754.31,Next Day,9634 Thomas Vista,9634 Thomas Vista,Bank Transfer,,LOC008
ORD0000946,CUS000023,2025-05-17 01:13:42,Delivered,1334.58,Standard,245 Hall Cove,245 Hall Cove,Credit Card,2025-05-31,LOC014
ORD0000947,CUS000066,2025-05-17 05:54:42,Shipped,195.56,Pick up in store,712 Andrew Ranch,712 Andrew Ranch,Bank Transfer,2025-05-23,LOC014
ORD0000948,CUS000093,2025-05-17 08:28:42,Delivered,3335.13,Next Day,443 Evans Pine Apt. 602,443 Evans Pine Apt. 602,Bank Transfer,2025-05-22,LOC007
ORD0000949,CUS000063,2025-05-16 19:32:42,Shipped,770.76,Express,6888 Emily Underpass,6888 Emily Underpass,Credit Card,2025-05-17,LOC014
ORD0000950,CUS000033,2025-05-17 00:50:42,Delivered,5589.780000000001,Standard,32833 Harris Fall,32833 Harris Fall,PayPal,2025-05-27,LOC004
ORD0000951,CUS000075,2025-05-16 18:45:42,Delivered,3019.6499999999996,Standard,10585 Shaun Squares Suite 674,10585 Shaun Squares Suite 674,PayPal,2025-05-25,LOC012
ORD0000952,CUS000081,2025-05-17 03:33:42,Pending,7712.57,Pick up in store,335 Kyle Crescent Apt. 760,335 Kyle Crescent Apt. 760,Credit Card,,LOC008
ORD0000953,CUS000033,2025-05-17 09:08:42,Pending,12717.869999999999,Next Day,32833 Harris Fall,32833 Harris Fall,PayPal,,LOC014
ORD0000954,CUS000014,2025-05-16 13:30:42,Processing,616.98,Pick up in store,240 Lewis Park,240 Lewis Park,PayPal,2025-05-29,LOC012
ORD0000955,CUS000092,2025-05-17 16:02:42,Pending,1796.17,Next Day,441 Nichols Glen,441 Nichols Glen,PayPal,,LOC008
ORD0000956,CUS000044,2025-05-18 05:51:42,Shipped,5895.2,Pick up in store,28472 Anderson Bypass,28472 Anderson Bypass,Bank Transfer,2025-05-21,LOC012
ORD0000957,CUS000021,2025-05-18 09:15:42,Processing,10214.67,Standard,873 Paul Lakes,873 Paul Lakes,Bank Transfer,2025-05-20,LOC007
ORD0000958,CUS000012,2025-05-18 05:29:42,Processing,4959.93,Pick up in store,753 Powell Manor Suite 888,753 Powell Manor Suite 888,PayPal,2025-05-28,LOC008
ORD0000959,CUS000002,2025-05-18 05:12:42,Pending,8700.02,Express,7944 Rich Turnpike,7944 Rich Turnpike,Bank Transfer,,LOC013
ORD0000960,CUS000040,2025-05-17 14:47:42,Shipped,7742.799999999999,Standard,9433 Jackie Key,9433 Jackie Key,PayPal,2025-05-27,LOC002
ORD0000961,CUS000041,2025-05-17 19:46:42,Shipped,2505.34,Pick up in store,312 Mathew Route Suite 835,312 Mathew Route Suite 835,Credit Card,2025-05-21,LOC002
ORD0000962,CUS000012,2025-05-18 09:56:42,Pending,7118.17,Standard,753 Powell Manor Suite 888,753 Powell Manor Suite 888,PayPal,,LOC017
ORD0000963,CUS000034,2025-05-18 08:28:42,Processing,6109.6,Pick up in store,81729 Mccall Meadows,81729 Mccall Meadows,PayPal,2025-05-23,LOC002
ORD0000964,CUS000021,2025-05-17 20:00:42,Pending,2098.27,Express,873 Paul Lakes,873 Paul Lakes,Credit Card,,LOC004
ORD0000965,CUS000002,2025-05-17 16:20:42,Shipped,4422.57,Pick up in store,7944 Rich Turnpike,7944 Rich Turnpike,Bank Transfer,2025-05-19,LOC018
ORD0000966,CUS000069,2025-05-18 07:04:42,Delivered,7956.110000000001,Pick up in store,56017 Michelle Trace Apt. 592,56017 Michelle Trace Apt. 592,PayPal,2025-05-20,LOC015
ORD0000967,CUS000075,2025-05-18 05:44:42,Processing,3549.7000000000003,Standard,10585 Shaun Squares Suite 674,10585 Shaun Squares Suite 674,Bank Transfer,2025-05-23,LOC018
ORD0000968,CUS000050,2025-05-17 23:47:42,Processing,4529.12,Pick up in store,739 Garcia Spur Apt. 819,739 Garcia Spur Apt. 819,Bank Transfer,2025-05-26,LOC007
ORD0000969,CUS000027,2025-05-17 23:27:42,Shipped,1946.55,Standard,8148 John Course Suite 159,8148 John Course Suite 159,Bank Transfer,2025-05-29,LOC016
ORD0000970,CUS000057,2025-05-17 22:28:42,Processing,3400.89,Standard,647 Mcgee Manors,647 Mcgee Manors,Bank Transfer,2025-05-24,LOC005
ORD0000971,CUS000025,2025-05-17 21:09:42,Processing,2630.7200000000003,Express,554 Phillips Spring,554 Phillips Spring,Credit Card,2025-05-27,LOC013
ORD0000972,CUS000004,2025-05-17 12:09:42,Pending,6616.540000000001,Express,86781 Webb Tunnel Apt. 880,86781 Webb Tunnel Apt. 880,Bank Transfer,,LOC004
ORD0000973,CUS000077,2025-05-18 03:41:42,Shipped,4796.04,Next Day,17316 Ashley Ridges Suite 345,17316 Ashley Ridges Suite 345,PayPal,2025-05-25,LOC010
ORD0000974,CUS000070,2025-05-18 01:43:42,Pending,1452.1399999999999,Standard,17993 Lee Cove Apt. 976,17993 Lee Cove Apt. 976,Bank Transfer,,LOC010
ORD0000975,CUS000013,2025-05-18 16:32:42,Shipped,2458.72,Pick up in store,54024 Miller Track Suite 763,54024 Miller Track Suite 763,Bank Transfer,2025-05-26,LOC010
ORD0000976,CUS000027,2025-05-18 23:01:42,Shipped,3521.54,Next Day,8148 John Course Suite 159,8148 John Course Suite 159,PayPal,2025-05-31,LOC020
ORD0000977,CUS000055,2025-05-19 09:49:42,Pending,1926.9,Standard,3345 Angela Lane Suite 782,3345 Angela Lane Suite 782,Bank Transfer,,LOC006
ORD0000978,CUS000056,2025-05-19 05:45:42,Delivered,2165.35,Standard,5399 Pierce Gardens Suite 720,5399 Pierce Gardens Suite 720,Bank Transfer,2025-06-02,LOC013
ORD0000979,CUS000067,2025-05-19 03:24:42,Processing,5790.85,Pick up in store,4937 Brown Turnpike Suite 240,4937 Brown Turnpike Suite 240,Credit Card,2025-05-30,LOC012
ORD0000980,CUS000016,2025-05-18 17:57:42,Delivered,8322.69,Pick up in store,517 Lester Brook,517 Lester Brook,PayPal,2025-05-19,LOC001
ORD0000981,CUS000003,2025-05-19 05:14:42,Delivered,4579.0,Standard,22024 Harrison Roads,22024 Harrison Roads,PayPal,2025-06-02,LOC010
ORD0000982,CUS000050,2025-05-19 05:44:42,Shipped,551.79,Pick up in store,739 Garcia Spur Apt. 819,739 Garcia Spur Apt. 819,Bank Transfer,2025-05-27,LOC017
ORD0000983,CUS000049,2025-05-18 21:15:42,Shipped,1937.41,Standard,8581 Katelyn Pike Apt. 739,8581 Katelyn Pike Apt. 739,PayPal,2025-05-29,LOC004
ORD0000984,CUS000042,2025-05-19 00:57:42,Shipped,225.58,Pick up in store,19899 Mark Way Suite 871,19899 Mark Way Suite 871,Bank Transfer,2025-05-27,LOC008
ORD0000985,CUS000032,2025-05-18 14:35:42,Pending,1177.5,Standard,57334 Cooper Island,57334 Cooper Island,Bank Transfer,,LOC014
ORD0000986,CUS000083,2025-05-19 05:43:42,Delivered,4516.97,Pick up in store,808 Joseph Center Suite 987,808 Joseph Center Suite 987,Credit Card,2025-05-24,LOC014
ORD0000987,CUS000012,2025-05-18 17:06:42,Pending,11051.16,Standard,753 Powell Manor Suite 888,753 Powell Manor Suite 888,Credit Card,,LOC020
ORD0000988,CUS000098,2025-05-18 20:21:42,Delivered,682.24,Standard,4693 Ashley Centers,4693 Ashley Centers,Credit Card,2025-05-26,LOC017
ORD0000989,CUS000041,2025-05-18 21:15:42,Pending,3250.0,Express,312 Mathew Route Suite 835,312 Mathew Route Suite 835,PayPal,,LOC002
ORD0000990,CUS000030,2025-05-18 12:04:42,Processing,5901.610000000001,Pick up in store,56818 Wright Drives,56818 Wright Drives,Credit Card,2025-05-25,LOC014
ORD0000991,CUS000016,2025-05-20 08:51:42,Pending,844.56,Standard,517 Lester Brook,517 Lester Brook,Bank Transfer,,LOC005
ORD0000992,CUS000006,2025-05-20 09:09:42,Delivered,1696.71,Express,20878 Andersen Lock Suite 120,20878 Andersen Lock Suite 120,Bank Transfer,2025-05-22,LOC017
ORD0000993,CUS000059,2025-05-19 15:12:42,Processing,7189.219999999999,Pick up in store,604 Jones Courts Apt. 869,604 Jones Courts Apt. 869,PayPal,2025-06-01,LOC005
ORD0000994,CUS000018,2025-05-20 10:48:42,Shipped,5516.639999999999,Pick up in store,693 Kathryn Extension,693 Kathryn Extension,PayPal,2025-05-28,LOC010
ORD0000995,CUS000035,2025-05-19 12:53:42,Processing,7233.530000000001,Next Day,0435 Mullins Canyon,0435 Mullins Canyon,Bank Transfer,2025-05-21,LOC007
ORD0000996,CUS000022,2025-05-19 22:22:42,Shipped,6095.92,Next Day,290 Hodges Pine,290 Hodges Pine,Credit Card,2025-05-30,LOC011
ORD0000997,CUS000049,2025-05-19 21:03:42,Shipped,232.18,Express,8581 Katelyn Pike Apt. 739,8581 Katelyn Pike Apt. 739,Credit Card,2025-05-21,LOC017
ORD0000998,CUS000092,2025-05-19 16:02:42,Delivered,4428.29,Standard,441 Nichols Glen,441 Nichols Glen,Bank Transfer,2025-05-20,LOC019
ORD0000999,CUS000028,2025-05-20 03:15:42,Shipped,5553.52,Standard,4548 Rose Corner,4548 Rose Corner,Credit Card,2025-05-23,LOC016
ORD0001000,CUS000013,2025-05-19 19:15:42,Shipped,10008.400000000001,Next Day,54024 Miller Track Suite 763,54024 Miller Track Suite 763,PayPal,2025-05-23,LOC012
ORD0001001,CUS000060,2025-05-19 21:53:42,Processing,6236.18,Pick up in store,50318 Kenneth Burg Suite 855,50318 Kenneth Burg Suite 855,Bank Transfer,2025-05-25,LOC019
ORD0001002,CUS000093,2025-05-19 23:31:42,Pending,9260.66,Standard,443 Evans Pine Apt. 602,443 Evans Pine Apt. 602,Credit Card,,LOC017
ORD0001003,CUS000095,2025-05-20 05:20:42,Delivered,556.59,Express,1425 Williams Mountain,1425 Williams Mountain,Bank Transfer,2025-05-25,LOC012
ORD0001004,CUS000012,2025-05-20 15:09:42,Processing,2289.62,Pick up in store,753 Powell Manor Suite 888,753 Powell Manor Suite 888,Credit Card,2025-05-30,LOC017
ORD0001005,CUS000024,2025-05-20 12:54:42,Shipped,3744.6400000000003,Pick up in store,574 Gonzales Lodge Apt. 681,574 Gonzales Lodge Apt. 681,Credit Card,2025-06-02,LOC019
ORD0001006,CUS000071,2025-05-20 15:57:42,Pending,696.54,Standard,085 Aaron Crescent Apt. 676,085 Aaron Crescent Apt. 676,PayPal,,LOC002
ORD0001007,CUS000019,2025-05-20 15:22:42,Pending,890.09,Pick up in store,3594 Long Wall Suite 248,3594 Long Wall Suite 248,Credit Card,,LOC008
ORD0001008,CUS000011,2025-05-21 05:58:42,Processing,1448.01,Pick up in store,627 Carol Vista,627 Carol Vista,Bank Transfer,2025-06-04,LOC018
ORD0001009,CUS000042,2025-05-21 04:14:42,Shipped,3570.23,Standard,19899 Mark Way Suite 871,19899 Mark Way Suite 871,Credit Card,2025-05-28,LOC015
ORD0001010,CUS000068,2025-05-20 12:23:42,Shipped,4511.0599999999995,Standard,165 Walker Mill,165 Walker Mill,Bank Transfer,2025-05-23,LOC004
ORD0001011,CUS000017,2025-05-20 23:21:42,Processing,4012.5,Next Day,4207 Craig Causeway,4207 Craig Causeway,PayPal,2025-05-27,LOC004
ORD0001012,CUS000066,2025-05-20 23:41:42,Delivered,6344.030000000001,Standard,712 Andrew Ranch,712 Andrew Ranch,PayPal,2025-06-02,LOC013
ORD0001013,CUS000090,2025-05-20 17:02:42,Pending,870.37,Standard,9210 Morris Turnpike Suite 212,9210 Morris Turnpike Suite 212,Bank Transfer,,LOC001
ORD0001014,CUS000006,2025-05-20 22:33:42,Processing,4236.15,Pick up in store,20878 Andersen Lock Suite 120,20878 Andersen Lock Suite 120,PayPal,2025-05-30,LOC014
ORD0001015,CUS000008,2025-05-20 14:38:42,Processing,385.04,Standard,949 Mueller Mission,949 Mueller Mission,Credit Card,2025-05-27,LOC011
ORD0001016,CUS000081,2025-05-21 06:37:42,Processing,2508.48,Pick up in store,335 Kyle Crescent Apt. 760,335 Kyle Crescent Apt. 760,PayPal,2025-06-02,LOC001
ORD0001017,CUS000099,2025-05-21 01:27:42,Shipped,991.47,Express,385 Diana Mountain,385 Diana Mountain,Credit Card,2025-06-01,LOC008
ORD0001018,CUS000022,2025-05-20 15:51:42,Pending,5588.64,Express,290 Hodges Pine,290 Hodges Pine,Bank Transfer,,LOC012
ORD0001019,CUS000080,2025-05-21 07:18:42,Shipped,12520.779999999999,Pick up in store,84198 Mitchell Light,84198 Mitchell Light,Credit Card,2025-05-28,LOC002
ORD0001020,CUS000031,2025-05-20 20:47:42,Pending,3388.16,Express,3219 Rodriguez Passage Suite 363,3219 Rodriguez Passage Suite 363,PayPal,,LOC017
ORD0001021,CUS000032,2025-05-20 18:26:42,Processing,3893.0800000000004,Next Day,57334 Cooper Island,57334 Cooper Island,PayPal,2025-05-25,LOC003
ORD0001022,CUS000075,2025-05-21 09:05:42,Processing,4026.3799999999997,Pick up in store,10585 Shaun Squares Suite 674,10585 Shaun Squares Suite 674,Bank Transfer,2025-05-30,LOC005
ORD0001023,CUS000058,2025-05-21 05:42:42,Shipped,3267.75,Next Day,6387 Susan Roads,6387 Susan Roads,PayPal,2025-06-04,LOC015
ORD0001024,CUS000023,2025-05-21 10:17:42,Pending,525.47,Next Day,245 Hall Cove,245 Hall Cove,Credit Card,,LOC013
ORD0001025,CUS000066,2025-05-20 15:11:42,Pending,1363.56,Pick up in store,712 Andrew Ranch,712 Andrew Ranch,Credit Card,,LOC006
ORD0001026,CUS000080,2025-05-20 23:22:42,Shipped,4878.360000000001,Pick up in store,84198 Mitchell Light,84198 Mitchell Light,Bank Transfer,2025-06-02,LOC004
ORD0001027,CUS000080,2025-05-20 18:04:42,Processing,6278.780000000001,Pick up in store,84198 Mitchell Light,84198 Mitchell Light,Bank Transfer,2025-05-25,LOC004
ORD0001028,CUS000017,2025-05-20 15:32:42,Processing,2369.09,Standard,4207 Craig Causeway,4207 Craig Causeway,Credit Card,2025-05-21,LOC007
ORD0001029,CUS000070,2025-05-20 22:54:42,Pending,1097.88,Pick up in store,17993 Lee Cove Apt. 976,17993 Lee Cove Apt. 976,Credit Card,,LOC006
ORD0001030,CUS000019,2025-05-20 16:35:42,Pending,1801.6799999999998,Express,3594 Long Wall Suite 248,3594 Long Wall Suite 248,Credit Card,,LOC017
ORD0001031,CUS000072,2025-05-21 13:03:42,Pending,5529.0599999999995,Next Day,022 Brennan Vista,022 Brennan Vista,PayPal,,LOC004
ORD0001032,CUS000003,2025-05-22 02:25:42,Delivered,9317.640000000001,Express,22024 Harrison Roads,22024 Harrison Roads,Credit Card,2025-05-23,LOC002
ORD0001033,CUS000077,2025-05-21 11:52:42,Shipped,6159.5,Pick up in store,17316 Ashley Ridges Suite 345,17316 Ashley Ridges Suite 345,Credit Card,2025-05-28,LOC015
ORD0001034,CUS000054,2025-05-21 11:19:42,Shipped,2663.72,Pick up in store,00532 Matthew Fork Suite 143,00532 Matthew Fork Suite 143,PayPal,2025-06-04,LOC012
ORD0001035,CUS000043,2025-05-21 13:28:42,Delivered,11173.75,Pick up in store,1002 John Row Apt. 424,1002 John Row Apt. 424,Bank Transfer,2025-05-25,LOC014
ORD0001036,CUS000016,2025-05-21 14:02:42,Processing,897.12,Next Day,517 Lester Brook,517 Lester Brook,PayPal,2025-05-26,LOC002
ORD0001037,CUS000093,2025-05-21 18:15:42,Delivered,2791.25,Pick up in store,443 Evans Pine Apt. 602,443 Evans Pine Apt. 602,PayPal,2025-05-22,LOC004
ORD0001038,CUS000026,2025-05-21 17:34:42,Shipped,5343.22,Express,305 Newton Bypass,305 Newton Bypass,Credit Card,2025-05-23,LOC019
ORD0001039,CUS000096,2025-05-22 08:22:42,Pending,2888.01,Next Day,997 Debra Road,997 Debra Road,Bank Transfer,,LOC018
ORD0001040,CUS000075,2025-05-22 04:15:42,Pending,6262.82,Standard,10585 Shaun Squares Suite 674,10585 Shaun Squares Suite 674,Bank Transfer,,LOC005
ORD0001041,CUS000067,2025-05-21 15:52:42,Shipped,884.31,Next Day,4937 Brown Turnpike Suite 240,4937 Brown Turnpike Suite 240,PayPal,2025-06-03,LOC017
ORD0001042,CUS000049,2025-05-21 22:22:42,Pending,2681.28,Express,8581 Katelyn Pike Apt. 739,8581 Katelyn Pike Apt. 739,Bank Transfer,,LOC020
ORD0001043,CUS000077,2025-05-21 20:53:42,Delivered,1178.52,Pick up in store,17316 Ashley Ridges Suite 345,17316 Ashley Ridges Suite 345,PayPal,2025-05-30,LOC019
ORD0001044,CUS000049,2025-05-21 16:18:42,Processing,8958.61,Express,8581 Katelyn Pike Apt. 739,8581 Katelyn Pike Apt. 739,Bank Transfer,2025-05-27,LOC004
ORD0001045,CUS000078,2025-05-22 00:36:42,Delivered,10142.26,Express,783 Hudson Mill Suite 171,783 Hudson Mill Suite 171,Credit Card,2025-06-04,LOC010
ORD0001046,CUS000015,2025-05-21 17:13:42,Pending,8841.72,Express,943 Dawn Extension Apt. 032,943 Dawn Extension Apt. 032,PayPal,,LOC012
ORD0001047,CUS000001,2025-05-22 10:25:42,Processing,6193.67,Next Day,45447 Ryan Springs Suite 790,45447 Ryan Springs Suite 790,Bank Transfer,2025-06-05,LOC003
ORD0001048,CUS000061,2025-05-22 05:22:42,Shipped,6082.990000000001,Next Day,8595 Joshua Pine,8595 Joshua Pine,PayPal,2025-06-02,LOC001
ORD0001049,CUS000010,2025-05-22 03:42:42,Shipped,5300.13,Next Day,386 Brian Gateway,386 Brian Gateway,Credit Card,2025-06-01,LOC002
ORD0001050,CUS000019,2025-05-22 01:27:42,Processing,134.08,Next Day,3594 Long Wall Suite 248,3594 Long Wall Suite 248,Bank Transfer,2025-05-25,LOC002
ORD0001051,CUS000025,2025-05-21 17:35:42,Delivered,9516.789999999999,Pick up in store,554 Phillips Spring,554 Phillips Spring,Credit Card,2025-05-27,LOC012
ORD0001052,CUS000062,2025-05-22 09:54:42,Shipped,3530.76,Next Day,9634 Thomas Vista,9634 Thomas Vista,Bank Transfer,2025-05-26,LOC019
ORD0001053,CUS000090,2025-05-23 08:57:42,Pending,1681.38,Next Day,9210 Morris Turnpike Suite 212,9210 Morris Turnpike Suite 212,Bank Transfer,,LOC011
ORD0001054,CUS000038,2025-05-23 09:34:42,Pending,7450.78,Express,811 Leonard Ford Apt. 102,811 Leonard Ford Apt. 102,PayPal,,LOC003
ORD0001055,CUS000022,2025-05-22 16:52:42,Delivered,2864.27,Standard,290 Hodges Pine,290 Hodges Pine,Bank Transfer,2025-05-23,LOC006
ORD0001056,CUS000022,2025-05-22 13:16:42,Pending,924.38,Next Day,290 Hodges Pine,290 Hodges Pine,Credit Card,,LOC017
ORD0001057,CUS000041,2025-05-22 14:38:42,Processing,1127.9,Next Day,312 Mathew Route Suite 835,312 Mathew Route Suite 835,Bank Transfer,2025-05-29,LOC011
ORD0001058,CUS000091,2025-05-22 22:02:42,Processing,5216.51,Pick up in store,7372 Marshall Haven,7372 Marshall Haven,Credit Card,2025-05-24,LOC006
ORD0001059,CUS000093,2025-05-22 20:26:42,Shipped,1025.79,Pick up in store,443 Evans Pine Apt. 602,443 Evans Pine Apt. 602,PayPal,2025-05-26,LOC010
ORD0001060,CUS000075,2025-05-23 09:44:42,Delivered,475.81,Standard,10585 Shaun Squares Suite 674,10585 Shaun Squares Suite 674,Credit Card,2025-05-24,LOC013
ORD0001061,CUS000014,2025-05-22 12:02:42,Processing,8004.200000000001,Standard,240 Lewis Park,240 Lewis Park,PayPal,2025-05-25,LOC002
ORD0001062,CUS000095,2025-05-22 11:29:42,Delivered,6555.8,Express,1425 Williams Mountain,1425 Williams Mountain,Credit Card,2025-05-28,LOC002
ORD0001063,CUS000092,2025-05-23 09:33:42,Pending,1962.89,Pick up in store,441 Nichols Glen,441 Nichols Glen,Credit Card,,LOC016
ORD0001064,CUS000044,2025-05-23 04:16:42,Pending,7195.549999999999,Express,28472 Anderson Bypass,28472 Anderson Bypass,Credit Card,,LOC016
ORD0001065,CUS000097,2025-05-23 03:33:42,Delivered,4821.85,Standard,728 Laurie Cape,728 Laurie Cape,Credit Card,2025-05-27,LOC007
ORD0001066,CUS000019,2025-05-22 18:32:42,Pending,2764.04,Next Day,3594 Long Wall Suite 248,3594 Long Wall Suite 248,Credit Card,,LOC001
ORD0001067,CUS000063,2025-05-22 21:59:42,Shipped,264.12,Next Day,6888 Emily Underpass,6888 Emily Underpass,Bank Transfer,2025-06-02,LOC004
ORD0001068,CUS000076,2025-05-23 06:00:42,Delivered,1037.93,Express,8996 Amanda Plaza,8996 Amanda Plaza,Bank Transfer,2025-06-02,LOC009
ORD0001069,CUS000066,2025-05-22 23:10:42,Shipped,742.24,Standard,712 Andrew Ranch,712 Andrew Ranch,Bank Transfer,2025-05-27,LOC008
ORD0001070,CUS000081,2025-05-23 07:57:42,Processing,2768.26,Standard,335 Kyle Crescent Apt. 760,335 Kyle Crescent Apt. 760,Credit Card,2025-05-30,LOC001
ORD0001071,CUS000032,2025-05-22 12:00:42,Processing,1416.77,Express,57334 Cooper Island,57334 Cooper Island,Bank Transfer,2025-06-04,LOC002
ORD0001072,CUS000036,2025-05-22 17:09:42,Shipped,4602.38,Standard,4716 Felicia Trafficway Apt. 051,4716 Felicia Trafficway Apt. 051,Bank Transfer,2025-05-27,LOC018
ORD0001073,CUS000028,2025-05-22 16:52:42,Pending,2398.88,Express,4548 Rose Corner,4548 Rose Corner,Bank Transfer,,LOC009
ORD0001074,CUS000008,2025-05-22 16:29:42,Shipped,3422.39,Pick up in store,949 Mueller Mission,949 Mueller Mission,Credit Card,2025-06-04,LOC012
ORD0001075,CUS000006,2025-05-23 08:45:42,Shipped,6534.51,Next Day,20878 Andersen Lock Suite 120,20878 Andersen Lock Suite 120,Bank Transfer,2025-06-04,LOC011
ORD0001076,CUS000084,2025-05-23 06:41:42,Delivered,7155.66,Next Day,3563 Ashley Wall Apt. 125,3563 Ashley Wall Apt. 125,PayPal,2025-06-06,LOC004
ORD0001077,CUS000057,2025-05-22 11:04:42,Pending,3477.51,Next Day,647 Mcgee Manors,647 Mcgee Manors,PayPal,,LOC012
ORD0001078,CUS000016,2025-05-24 03:05:42,Delivered,4882.87,Express,517 Lester Brook,517 Lester Brook,Bank Transfer,2025-06-06,LOC009
ORD0001079,CUS000067,2025-05-23 14:04:42,Pending,3529.5899999999997,Next Day,4937 Brown Turnpike Suite 240,4937 Brown Turnpike Suite 240,Credit Card,,LOC008
ORD0001080,CUS000099,2025-05-23 13:01:42,Delivered,248.76,Pick up in store,385 Diana Mountain,385 Diana Mountain,PayPal,2025-06-06,LOC001
ORD0001081,CUS000014,2025-05-24 01:32:42,Processing,10755.36,Standard,240 Lewis Park,240 Lewis Park,Bank Transfer,2025-06-07,LOC016
ORD0001082,CUS000036,2025-05-24 01:48:42,Processing,4429.56,Standard,4716 Felicia Trafficway Apt. 051,4716 Felicia Trafficway Apt. 051,PayPal,2025-06-03,LOC015
ORD0001083,CUS000064,2025-05-23 12:13:42,Processing,974.22,Standard,93926 Jason Common Suite 790,93926 Jason Common Suite 790,PayPal,2025-05-27,LOC013
ORD0001084,CUS000075,2025-05-24 00:03:42,Pending,2573.8199999999997,Express,10585 Shaun Squares Suite 674,10585 Shaun Squares Suite 674,PayPal,,LOC006
ORD0001085,CUS000050,2025-05-24 09:45:42,Delivered,3850.1499999999996,Express,739 Garcia Spur Apt. 819,739 Garcia Spur Apt. 819,Credit Card,2025-06-07,LOC004
ORD0001086,CUS000021,2025-05-24 03:15:42,Delivered,5091.33,Next Day,873 Paul Lakes,873 Paul Lakes,PayPal,2025-06-02,LOC017
ORD0001087,CUS000012,2025-05-23 22:58:42,Processing,3631.4299999999994,Next Day,753 Powell Manor Suite 888,753 Powell Manor Suite 888,PayPal,2025-05-27,LOC009
ORD0001088,CUS000051,2025-05-23 12:50:42,Pending,8918.54,Pick up in store,563 Jones Fields Suite 934,563 Jones Fields Suite 934,Credit Card,,LOC018
ORD0001089,CUS000088,2025-05-23 19:22:42,Delivered,1583.27,Express,50544 Penny Isle Suite 526,50544 Penny Isle Suite 526,Bank Transfer,2025-05-30,LOC007
ORD0001090,CUS000045,2025-05-24 04:13:42,Pending,3237.4800000000005,Standard,14062 Oliver Spurs,14062 Oliver Spurs,Bank Transfer,,LOC008
ORD0001091,CUS000065,2025-05-24 09:37:42,Delivered,3816.7900000000004,Next Day,0316 Wendy Club Apt. 476,0316 Wendy Club Apt. 476,PayPal,2025-06-03,LOC002
ORD0001092,CUS000060,2025-05-23 19:04:42,Shipped,2470.12,Standard,50318 Kenneth Burg Suite 855,50318 Kenneth Burg Suite 855,Bank Transfer,2025-06-05,LOC001
ORD0001093,CUS000026,2025-05-24 02:19:42,Shipped,5675.2,Standard,305 Newton Bypass,305 Newton Bypass,Bank Transfer,2025-06-05,LOC013
ORD0001094,CUS000012,2025-05-23 21:49:42,Processing,4333.6,Standard,753 Powell Manor Suite 888,753 Powell Manor Suite 888,Credit Card,2025-06-04,LOC008
ORD0001095,CUS000050,2025-05-24 07:55:42,Pending,679.12,Standard,739 Garcia Spur Apt. 819,739 Garcia Spur Apt. 819,Bank Transfer,,LOC020
ORD0001096,CUS000044,2025-05-24 08:03:42,Processing,248.76,Pick up in store,28472 Anderson Bypass,28472 Anderson Bypass,PayPal,2025-05-29,LOC018
ORD0001097,CUS000077,2025-05-24 07:18:42,Delivered,5734.52,Pick up in store,17316 Ashley Ridges Suite 345,17316 Ashley Ridges Suite 345,PayPal,2025-05-30,LOC015
ORD0001098,CUS000028,2025-05-23 16:11:42,Processing,1088.22,Next Day,4548 Rose Corner,4548 Rose Corner,Credit Card,2025-06-04,LOC006
ORD0001099,CUS000032,2025-05-23 12:24:42,Processing,438.9,Pick up in store,57334 Cooper Island,57334 Cooper Island,Credit Card,2025-05-25,LOC004
ORD0001100,CUS000031,2025-05-23 19:16:42,Shipped,8903.539999999999,Next Day,3219 Rodriguez Passage Suite 363,3219 Rodriguez Passage Suite 363,PayPal,2025-05-31,LOC019
ORD0001101,CUS000072,2025-05-24 00:17:42,Processing,1645.3000000000002,Express,022 Brennan Vista,022 Brennan Vista,Bank Transfer,2025-05-25,LOC020
ORD0001102,CUS000002,2025-05-24 05:24:42,Pending,6341.550000000001,Pick up in store,7944 Rich Turnpike,7944 Rich Turnpike,Credit Card,,LOC018
ORD0001103,CUS000008,2025-05-23 16:42:42,Shipped,7492.1900000000005,Standard,949 Mueller Mission,949 Mueller Mission,PayPal,2025-06-05,LOC017
ORD0001104,CUS000072,2025-05-23 23:25:42,Processing,5741.1,Express,022 Brennan Vista,022 Brennan Vista,Bank Transfer,2025-06-06,LOC007
ORD0001105,CUS000066,2025-05-23 21:33:42,Processing,2797.55,Express,712 Andrew Ranch,712 Andrew Ranch,Bank Transfer,2025-05-31,LOC015
ORD0001106,CUS000040,2025-05-24 17:37:42,Processing,2379.05,Express,9433 Jackie Key,9433 Jackie Key,Credit Card,2025-05-31,LOC018
ORD0001107,CUS000024,2025-05-25 06:34:42,Delivered,2421.8599999999997,Next Day,574 Gonzales Lodge Apt. 681,574 Gonzales Lodge Apt. 681,Bank Transfer,2025-06-01,LOC013
ORD0001108,CUS000002,2025-05-24 10:57:42,Processing,852.29,Next Day,7944 Rich Turnpike,7944 Rich Turnpike,Bank Transfer,2025-05-26,LOC020
ORD0001109,CUS000060,2025-05-24 14:29:42,Pending,600.73,Express,50318 Kenneth Burg Suite 855,50318 Kenneth Burg Suite 855,Bank Transfer,,LOC002
ORD0001110,CUS000028,2025-05-24 15:25:42,Shipped,3764.84,Next Day,4548 Rose Corner,4548 Rose Corner,Bank Transfer,2025-06-02,LOC003
ORD0001111,CUS000019,2025-05-25 02:26:42,Shipped,12426.710000000001,Next Day,3594 Long Wall Suite 248,3594 Long Wall Suite 248,PayPal,2025-05-30,LOC002
ORD0001112,CUS000051,2025-05-24 21:03:42,Pending,5386.3099999999995,Next Day,563 Jones Fields Suite 934,563 Jones Fields Suite 934,PayPal,,LOC002
ORD0001113,CUS000064,2025-05-25 00:38:42,Processing,6843.52,Express,93926 Jason Common Suite 790,93926 Jason Common Suite 790,PayPal,2025-05-30,LOC018
ORD0001114,CUS000044,2025-05-25 01:12:42,Delivered,4255.09,Express,28472 Anderson Bypass,28472 Anderson Bypass,PayPal,2025-05-27,LOC019
ORD0001115,CUS000020,2025-05-24 16:19:42,Processing,6311.070000000001,Standard,63649 Robinson Court,63649 Robinson Court,Credit Card,2025-05-27,LOC016
ORD0001116,CUS000064,2025-05-24 19:12:42,Shipped,7163.82,Pick up in store,93926 Jason Common Suite 790,93926 Jason Common Suite 790,Bank Transfer,2025-06-07,LOC018
ORD0001117,CUS000057,2025-05-25 01:05:42,Processing,6075.02,Pick up in store,647 Mcgee Manors,647 Mcgee Manors,Credit Card,2025-06-05,LOC017
ORD0001118,CUS000025,2025-05-25 09:00:42,Shipped,3651.3999999999996,Standard,554 Phillips Spring,554 Phillips Spring,Credit Card,2025-05-29,LOC010
ORD0001119,CUS000064,2025-05-25 03:55:42,Processing,2876.33,Express,93926 Jason Common Suite 790,93926 Jason Common Suite 790,Credit Card,2025-06-01,LOC001
ORD0001120,CUS000011,2025-05-24 16:54:42,Pending,4252.34,Standard,627 Carol Vista,627 Carol Vista,Bank Transfer,,LOC011
ORD0001121,CUS000021,2025-05-25 06:44:42,Delivered,2919.72,Express,873 Paul Lakes,873 Paul Lakes,Bank Transfer,2025-06-05,LOC012
ORD0001122,CUS000087,2025-05-25 10:51:42,Processing,4911.599999999999,Standard,99137 Scott Streets Suite 891,99137 Scott Streets Suite 891,Bank Transfer,2025-05-30,LOC005
ORD0001123,CUS000048,2025-05-24 12:26:42,Pending,1854.74,Express,1997 Shelly Shore,1997 Shelly Shore,PayPal,,LOC002
ORD0001124,CUS000084,2025-05-25 02:32:42,Pending,1766.6000000000001,Next Day,3563 Ashley Wall Apt. 125,3563 Ashley Wall Apt. 125,Bank Transfer,,LOC012
ORD0001125,CUS000042,2025-05-24 12:27:42,Processing,1667.02,Express,19899 Mark Way Suite 871,19899 Mark Way Suite 871,Credit Card,2025-05-27,LOC006
ORD0001126,CUS000042,2025-05-24 19:07:42,Delivered,9072.74,Standard,19899 Mark Way Suite 871,19899 Mark Way Suite 871,Credit Card,2025-06-03,LOC019
ORD0001127,CUS000009,2025-05-25 10:25:42,Shipped,299.22,Pick up in store,4479 Hinton Heights Suite 425,4479 Hinton Heights Suite 425,Bank Transfer,2025-05-27,LOC004
ORD0001128,CUS000012,2025-05-25 00:34:42,Delivered,2898.2999999999997,Standard,753 Powell Manor Suite 888,753 Powell Manor Suite 888,PayPal,2025-06-03,LOC006
ORD0001129,CUS000008,2025-05-24 18:59:42,Delivered,8474.33,Pick up in store,949 Mueller Mission,949 Mueller Mission,Credit Card,2025-06-07,LOC006
ORD0001130,CUS000100,2025-05-25 08:33:42,Delivered,4732.01,Standard,14536 Holly Trail,14536 Holly Trail,PayPal,2025-06-04,LOC017
ORD0001131,CUS000048,2025-05-24 15:25:42,Shipped,2975.5099999999998,Express,1997 Shelly Shore,1997 Shelly Shore,PayPal,2025-06-07,LOC013
ORD0001132,CUS000019,2025-05-24 15:01:42,Delivered,2259.74,Express,3594 Long Wall Suite 248,3594 Long Wall Suite 248,Bank Transfer,2025-05-28,LOC003
ORD0001133,CUS000040,2025-05-25 00:50:42,Delivered,4885.16,Pick up in store,9433 Jackie Key,9433 Jackie Key,PayPal,2025-05-29,LOC018
ORD0001134,CUS000019,2025-05-25 19:15:42,Shipped,4801.66,Next Day,3594 Long Wall Suite 248,3594 Long Wall Suite 248,PayPal,2025-05-30,LOC017
ORD0001135,CUS000015,2025-05-25 11:29:42,Pending,1022.0699999999999,Express,943 Dawn Extension Apt. 032,943 Dawn Extension Apt. 032,PayPal,,LOC012
ORD0001136,CUS000043,2025-05-25 17:38:42,Processing,8293.77,Pick up in store,1002 John Row Apt. 424,1002 John Row Apt. 424,PayPal,2025-06-05,LOC012
ORD0001137,CUS000086,2025-05-26 08:34:42,Delivered,4113.64,Next Day,023 Melissa Crossroad Apt. 855,023 Melissa Crossroad Apt. 855,PayPal,2025-06-05,LOC001
ORD0001138,CUS000075,2025-05-25 16:57:42,Shipped,4839.96,Express,10585 Shaun Squares Suite 674,10585 Shaun Squares Suite 674,PayPal,2025-06-03,LOC002
ORD0001139,CUS000090,2025-05-25 15:55:42,Pending,1103.69,Pick up in store,9210 Morris Turnpike Suite 212,9210 Morris Turnpike Suite 212,PayPal,,LOC017
ORD0001140,CUS000068,2025-05-26 08:39:42,Delivered,5620.54,Standard,165 Walker Mill,165 Walker Mill,PayPal,2025-05-27,LOC005
ORD0001141,CUS000072,2025-05-26 09:31:42,Shipped,2600.38,Pick up in store,022 Brennan Vista,022 Brennan Vista,Credit Card,2025-05-29,LOC007
ORD0001142,CUS000041,2025-05-26 02:58:42,Pending,5834.84,Standard,312 Mathew Route Suite 835,312 Mathew Route Suite 835,Credit Card,,LOC020
ORD0001143,CUS000071,2025-05-26 04:45:42,Delivered,1819.16,Standard,085 Aaron Crescent Apt. 676,085 Aaron Crescent Apt. 676,Credit Card,2025-05-30,LOC001
ORD0001144,CUS000059,2025-05-25 15:45:42,Shipped,5537.0199999999995,Standard,604 Jones Courts Apt. 869,604 Jones Courts Apt. 869,Credit Card,2025-06-07,LOC002
ORD0001145,CUS000051,2025-05-26 21:50:42,Delivered,4580.32,Pick up in store,563 Jones Fields Suite 934,563 Jones Fields Suite 934,PayPal,2025-06-05,LOC005
ORD0001146,CUS000042,2025-05-27 07:15:42,Shipped,2471.21,Standard,19899 Mark Way Suite 871,19899 Mark Way Suite 871,Credit Card,2025-06-06,LOC007
ORD0001147,CUS000052,2025-05-27 09:14:42,Delivered,5672.32,Express,28803 Kyle Island,28803 Kyle Island,PayPal,2025-06-07,LOC003
ORD0001148,CUS000069,2025-05-26 11:47:42,Shipped,2866.73,Standard,56017 Michelle Trace Apt. 592,56017 Michelle Trace Apt. 592,Credit Card,2025-05-27,LOC008
ORD0001149,CUS000089,2025-05-26 15:31:42,Processing,5130.22,Next Day,890 Fuller Harbor Apt. 884,890 Fuller Harbor Apt. 884,PayPal,2025-05-29,LOC008
ORD0001150,CUS000047,2025-05-27 01:13:42,Pending,1469.0700000000002,Next Day,46161 Ortega Fork Apt. 399,46161 Ortega Fork Apt. 399,Bank Transfer,,LOC011
ORD0001151,CUS000009,2025-05-26 15:23:42,Delivered,4387.7,Express,4479 Hinton Heights Suite 425,4479 Hinton Heights Suite 425,Bank Transfer,2025-06-08,LOC016
ORD0001152,CUS000070,2025-05-27 06:42:42,Shipped,4015.05,Express,17993 Lee Cove Apt. 976,17993 Lee Cove Apt. 976,PayPal,2025-05-28,LOC013
ORD0001153,CUS000098,2025-05-26 23:08:42,Processing,785.3399999999999,Express,4693 Ashley Centers,4693 Ashley Centers,PayPal,2025-05-29,LOC002
ORD0001154,CUS000098,2025-05-26 13:38:42,Delivered,7230.750000000001,Standard,4693 Ashley Centers,4693 Ashley Centers,Bank Transfer,2025-06-01,LOC019
ORD0001155,CUS000097,2025-05-26 18:16:42,Processing,5558.200000000001,Next Day,728 Laurie Cape,728 Laurie Cape,Credit Card,2025-06-06,LOC007
ORD0001156,CUS000069,2025-05-27 02:04:42,Shipped,446.54,Pick up in store,56017 Michelle Trace Apt. 592,56017 Michelle Trace Apt. 592,Credit Card,2025-06-04,LOC019
ORD0001157,CUS000013,2025-05-26 20:46:42,Processing,5160.0199999999995,Standard,54024 Miller Track Suite 763,54024 Miller Track Suite 763,Bank Transfer,2025-06-09,LOC013
ORD0001158,CUS000009,2025-05-27 09:14:42,Processing,9490.350000000002,Pick up in store,4479 Hinton Heights Suite 425,4479 Hinton Heights Suite 425,Credit Card,2025-06-09,LOC015
ORD0001159,CUS000070,2025-05-27 04:01:42,Pending,852.32,Pick up in store,17993 Lee Cove Apt. 976,17993 Lee Cove Apt. 976,Bank Transfer,,LOC001
ORD0001160,CUS000039,2025-05-26 10:52:42,Delivered,8558.45,Standard,06077 Marcus Bypass,06077 Marcus Bypass,Bank Transfer,2025-06-03,LOC001
ORD0001161,CUS000051,2025-05-27 03:45:42,Delivered,2216.54,Express,563 Jones Fields Suite 934,563 Jones Fields Suite 934,Bank Transfer,2025-05-29,LOC002
ORD0001162,CUS000036,2025-05-26 22:21:42,Pending,915.8,Express,4716 Felicia Trafficway Apt. 051,4716 Felicia Trafficway Apt. 051,Credit Card,,LOC010
ORD0001163,CUS000075,2025-05-27 10:24:42,Pending,9638.79,Next Day,10585 Shaun Squares Suite 674,10585 Shaun Squares Suite 674,Bank Transfer,,LOC002
ORD0001164,CUS000071,2025-05-27 01:56:42,Delivered,4931.42,Express,085 Aaron Crescent Apt. 676,085 Aaron Crescent Apt. 676,Credit Card,2025-06-05,LOC002
ORD0001165,CUS000075,2025-05-27 01:28:42,Pending,33.52,Pick up in store,10585 Shaun Squares Suite 674,10585 Shaun Squares Suite 674,Credit Card,,LOC018
ORD0001166,CUS000024,2025-05-26 16:09:42,Shipped,2923.24,Next Day,574 Gonzales Lodge Apt. 681,574 Gonzales Lodge Apt. 681,Bank Transfer,2025-06-01,LOC003
ORD0001167,CUS000036,2025-05-26 22:47:42,Shipped,2368.54,Express,4716 Felicia Trafficway Apt. 051,4716 Felicia Trafficway Apt. 051,PayPal,2025-05-31,LOC011
ORD0001168,CUS000043,2025-05-26 19:55:42,Pending,2673.14,Pick up in store,1002 John Row Apt. 424,1002 John Row Apt. 424,PayPal,,LOC005
ORD0001169,CUS000069,2025-05-26 20:40:42,Pending,2325.26,Express,56017 Michelle Trace Apt. 592,56017 Michelle Trace Apt. 592,Bank Transfer,,LOC011
ORD0001170,CUS000030,2025-05-27 02:33:42,Delivered,11635.12,Next Day,56818 Wright Drives,56818 Wright Drives,Bank Transfer,2025-06-05,LOC020
ORD0001171,CUS000053,2025-05-28 06:56:42,Delivered,6639.37,Pick up in store,92512 Armstrong Station,92512 Armstrong Station,Credit Card,2025-06-08,LOC016
ORD0001172,CUS000059,2025-05-27 21:45:42,Processing,4702.55,Pick up in store,604 Jones Courts Apt. 869,604 Jones Courts Apt. 869,PayPal,2025-05-28,LOC011
ORD0001173,CUS000093,2025-05-28 07:03:42,Processing,106.54,Express,443 Evans Pine Apt. 602,443 Evans Pine Apt. 602,Credit Card,2025-06-11,LOC013
ORD0001174,CUS000074,2025-05-28 02:46:42,Processing,1417.7399999999998,Express,42549 Zavala Lakes Suite 652,42549 Zavala Lakes Suite 652,Bank Transfer,2025-06-11,LOC015
ORD0001175,CUS000061,2025-05-28 09:56:42,Shipped,3650.8900000000003,Express,8595 Joshua Pine,8595 Joshua Pine,PayPal,2025-05-31,LOC013
ORD0001176,CUS000046,2025-05-28 03:16:42,Delivered,4040.42,Standard,0384 Michelle Cape,0384 Michelle Cape,Bank Transfer,2025-06-06,LOC004
ORD0001177,CUS000031,2025-05-28 00:54:42,Pending,4649.52,Pick up in store,3219 Rodriguez Passage Suite 363,3219 Rodriguez Passage Suite 363,Credit Card,,LOC019
ORD0001178,CUS000066,2025-05-27 11:35:42,Delivered,225.58,Express,712 Andrew Ranch,712 Andrew Ranch,Credit Card,2025-06-04,LOC016
ORD0001179,CUS000082,2025-05-27 16:53:42,Pending,1402.6799999999998,Next Day,3913 Chambers Park Apt. 634,3913 Chambers Park Apt. 634,Credit Card,,LOC009
ORD0001180,CUS000085,2025-05-28 10:11:42,Processing,11119.86,Pick up in store,65310 Smith Causeway,65310 Smith Causeway,Credit Card,2025-06-06,LOC015
ORD0001181,CUS000021,2025-05-27 22:52:42,Pending,13317.58,Next Day,873 Paul Lakes,873 Paul Lakes,Bank Transfer,,LOC018
ORD0001182,CUS000025,2025-05-27 19:14:42,Delivered,854.01,Pick up in store,554 Phillips Spring,554 Phillips Spring,Bank Transfer,2025-05-30,LOC012
ORD0001183,CUS000074,2025-05-28 15:12:42,Processing,5388.4,Standard,42549 Zavala Lakes Suite 652,42549 Zavala Lakes Suite 652,PayPal,2025-06-02,LOC002
ORD0001184,CUS000056,2025-05-28 23:53:42,Delivered,7263.81,Next Day,5399 Pierce Gardens Suite 720,5399 Pierce Gardens Suite 720,Bank Transfer,2025-06-06,LOC007
ORD0001185,CUS000002,2025-05-28 19:51:42,Delivered,6538.0599999999995,Pick up in store,7944 Rich Turnpike,7944 Rich Turnpike,Credit Card,2025-06-07,LOC007
ORD0001186,CUS000060,2025-05-28 13:32:42,Delivered,3376.6299999999997,Standard,50318 Kenneth Burg Suite 855,50318 Kenneth Burg Suite 855,Bank Transfer,2025-05-29,LOC016
ORD0001187,CUS000093,2025-05-29 04:59:42,Shipped,2019.58,Next Day,443 Evans Pine Apt. 602,443 Evans Pine Apt. 602,Bank Transfer,2025-06-06,LOC018
ORD0001188,CUS000065,2025-05-29 00:55:42,Pending,4580.59,Express,0316 Wendy Club Apt. 476,0316 Wendy Club Apt. 476,Credit Card,,LOC017
ORD0001189,CUS000038,2025-05-29 07:23:42,Delivered,4252.68,Pick up in store,811 Leonard Ford Apt. 102,811 Leonard Ford Apt. 102,Bank Transfer,2025-06-09,LOC014
ORD0001190,CUS000002,2025-05-28 22:15:42,Pending,3672.84,Express,7944 Rich Turnpike,7944 Rich Turnpike,PayPal,,LOC016
ORD0001191,CUS000085,2025-05-29 03:12:42,Processing,1024.2,Next Day,65310 Smith Causeway,65310 Smith Causeway,PayPal,2025-06-11,LOC015
ORD0001192,CUS000084,2025-05-29 10:16:42,Pending,2227.6099999999997,Express,3563 Ashley Wall Apt. 125,3563 Ashley Wall Apt. 125,PayPal,,LOC004
ORD0001193,CUS000002,2025-05-28 10:56:42,Delivered,559.14,Next Day,7944 Rich Turnpike,7944 Rich Turnpike,PayPal,2025-06-11,LOC008
ORD0001194,CUS000014,2025-05-28 17:20:42,Processing,236.8,Standard,240 Lewis Park,240 Lewis Park,PayPal,2025-06-09,LOC014
ORD0001195,CUS000041,2025-05-29 16:01:42,Processing,1687.4,Next Day,312 Mathew Route Suite 835,312 Mathew Route Suite 835,PayPal,2025-06-02,LOC010
ORD0001196,CUS000100,2025-05-29 22:38:42,Delivered,5780.67,Next Day,14536 Holly Trail,14536 Holly Trail,Credit Card,2025-06-03,LOC018
ORD0001197,CUS000047,2025-05-30 09:45:42,Pending,622.14,Pick up in store,46161 Ortega Fork Apt. 399,46161 Ortega Fork Apt. 399,PayPal,,LOC015
ORD0001198,CUS000091,2025-05-29 15:35:42,Shipped,474.06,Pick up in store,7372 Marshall Haven,7372 Marshall Haven,Bank Transfer,2025-05-30,LOC007
ORD0001199,CUS000063,2025-05-30 06:31:42,Delivered,1576.41,Pick up in store,6888 Emily Underpass,6888 Emily Underpass,PayPal,2025-06-01,LOC013
ORD0001200,CUS000094,2025-05-29 22:47:42,Shipped,4219.19,Pick up in store,91800 Tony Lights Suite 800,91800 Tony Lights Suite 800,Bank Transfer,2025-05-30,LOC006
ORD0001201,CUS000067,2025-05-30 01:47:42,Pending,3920.76,Pick up in store,4937 Brown Turnpike Suite 240,4937 Brown Turnpike Suite 240,Credit Card,,LOC001
ORD0001202,CUS000019,2025-05-29 16:01:42,Shipped,3325.59,Pick up in store,3594 Long Wall Suite 248,3594 Long Wall Suite 248,Credit Card,2025-05-31,LOC004
ORD0001203,CUS000002,2025-05-29 16:48:42,Delivered,4514.719999999999,Express,7944 Rich Turnpike,7944 Rich Turnpike,Bank Transfer,2025-06-10,LOC012
ORD0001204,CUS000094,2025-05-30 04:40:42,Delivered,1893.48,Express,91800 Tony Lights Suite 800,91800 Tony Lights Suite 800,Bank Transfer,2025-06-07,LOC016
ORD0001205,CUS000099,2025-05-29 18:05:42,Delivered,1075.79,Standard,385 Diana Mountain,385 Diana Mountain,PayPal,2025-06-04,LOC012
ORD0001206,CUS000017,2025-05-30 10:31:42,Processing,5097.27,Pick up in store,4207 Craig Causeway,4207 Craig Causeway,Credit Card,2025-06-02,LOC011
ORD0001207,CUS000020,2025-05-30 08:03:42,Processing,3438.56,Pick up in store,63649 Robinson Court,63649 Robinson Court,Bank Transfer,2025-06-13,LOC020
ORD0001208,CUS000037,2025-05-29 19:39:42,Processing,422.28,Standard,536 Elizabeth Via,536 Elizabeth Via,Bank Transfer,2025-06-06,LOC004
ORD0001209,CUS000090,2025-05-30 08:56:42,Shipped,6357.74,Standard,9210 Morris Turnpike Suite 212,9210 Morris Turnpike Suite 212,Credit Card,2025-06-01,LOC018
ORD0001210,CUS000046,2025-05-29 22:03:42,Processing,3277.5899999999997,Express,0384 Michelle Cape,0384 Michelle Cape,Bank Transfer,2025-06-05,LOC016
ORD0001211,CUS000045,2025-05-30 05:11:42,Pending,8264.69,Next Day,14062 Oliver Spurs,14062 Oliver Spurs,Bank Transfer,,LOC010
ORD0001212,CUS000040,2025-05-29 17:22:42,Pending,5051.97,Standard,9433 Jackie Key,9433 Jackie Key,PayPal,,LOC005
ORD0001213,CUS000057,2025-05-30 01:45:42,Processing,2917.36,Standard,647 Mcgee Manors,647 Mcgee Manors,Credit Card,2025-06-06,LOC019
ORD0001214,CUS000054,2025-05-29 22:43:42,Processing,5659.86,Standard,00532 Matthew Fork Suite 143,00532 Matthew Fork Suite 143,PayPal,2025-06-06,LOC014
ORD0001215,CUS000093,2025-05-29 22:19:42,Pending,2664.84,Next Day,443 Evans Pine Apt. 602,443 Evans Pine Apt. 602,Bank Transfer,,LOC006
ORD0001216,CUS000094,2025-05-30 03:44:42,Pending,1999.46,Standard,91800 Tony Lights Suite 800,91800 Tony Lights Suite 800,Bank Transfer,,LOC017
ORD0001217,CUS000089,2025-05-30 08:22:42,Delivered,580.21,Express,890 Fuller Harbor Apt. 884,890 Fuller Harbor Apt. 884,Bank Transfer,2025-06-07,LOC015
ORD0001218,CUS000071,2025-05-29 15:00:42,Delivered,2087.22,Pick up in store,085 Aaron Crescent Apt. 676,085 Aaron Crescent Apt. 676,PayPal,2025-06-05,LOC009
ORD0001219,CUS000021,2025-05-30 06:33:42,Shipped,2707.6000000000004,Next Day,873 Paul Lakes,873 Paul Lakes,PayPal,2025-06-06,LOC020
ORD0001220,CUS000034,2025-05-29 21:14:42,Shipped,3553.48,Express,81729 Mccall Meadows,81729 Mccall Meadows,PayPal,2025-06-01,LOC003
ORD0001221,CUS000032,2025-05-29 15:22:42,Pending,4949.69,Next Day,57334 Cooper Island,57334 Cooper Island,Credit Card,,LOC014
ORD0001222,CUS000070,2025-05-31 09:41:42,Pending,5206.900000000001,Pick up in store,17993 Lee Cove Apt. 976,17993 Lee Cove Apt. 976,PayPal,,LOC010
ORD0001223,CUS000069,2025-05-30 14:31:42,Pending,248.22,Standard,56017 Michelle Trace Apt. 592,56017 Michelle Trace Apt. 592,Bank Transfer,,LOC017
ORD0001224,CUS000040,2025-05-31 02:02:42,Delivered,31.1,Pick up in store,9433 Jackie Key,9433 Jackie Key,Bank Transfer,2025-06-12,LOC015
ORD0001225,CUS000065,2025-05-31 07:49:42,Processing,3037.13,Express,0316 Wendy Club Apt. 476,0316 Wendy Club Apt. 476,Credit Card,2025-06-06,LOC002
ORD0001226,CUS000035,2025-05-30 14:39:42,Shipped,3780.16,Express,0435 Mullins Canyon,0435 Mullins Canyon,Bank Transfer,2025-06-03,LOC003
ORD0001227,CUS000019,2025-05-30 11:26:42,Delivered,6981.629999999999,Pick up in store,3594 Long Wall Suite 248,3594 Long Wall Suite 248,Credit Card,2025-06-13,LOC018
ORD0001228,CUS000034,2025-05-30 16:47:42,Delivered,6555.41,Pick up in store,81729 Mccall Meadows,81729 Mccall Meadows,PayPal,2025-06-01,LOC014
ORD0001229,CUS000051,2025-05-31 09:17:42,Processing,1962.5,Pick up in store,563 Jones Fields Suite 934,563 Jones Fields Suite 934,Credit Card,2025-06-01,LOC002
ORD0001230,CUS000079,2025-05-30 15:34:42,Shipped,3183.56,Standard,34676 Chan Brooks,34676 Chan Brooks,Credit Card,2025-06-11,LOC003
ORD0001231,CUS000004,2025-05-31 05:35:42,Processing,4856.22,Express,86781 Webb Tunnel Apt. 880,86781 Webb Tunnel Apt. 880,PayPal,2025-06-01,LOC010
ORD0001232,CUS000029,2025-05-31 14:28:42,Processing,1527.81,Next Day,248 Schaefer Alley,248 Schaefer Alley,Credit Card,2025-06-08,LOC018
ORD0001233,CUS000009,2025-05-31 20:00:42,Pending,3212.84,Pick up in store,4479 Hinton Heights Suite 425,4479 Hinton Heights Suite 425,Bank Transfer,,LOC019
ORD0001234,CUS000036,2025-06-01 04:51:42,Processing,2662.44,Next Day,4716 Felicia Trafficway Apt. 051,4716 Felicia Trafficway Apt. 051,Credit Card,2025-06-09,LOC020
ORD0001235,CUS000092,2025-05-31 19:25:42,Shipped,3956.62,Next Day,441 Nichols Glen,441 Nichols Glen,Bank Transfer,2025-06-07,LOC002
ORD0001236,CUS000052,2025-06-01 09:39:42,Shipped,2911.61,Next Day,28803 Kyle Island,28803 Kyle Island,Credit Card,2025-06-03,LOC014
ORD0001237,CUS000100,2025-06-01 07:12:42,Shipped,10807.939999999999,Pick up in store,14536 Holly Trail,14536 Holly Trail,PayPal,2025-06-14,LOC001
ORD0001238,CUS000068,2025-05-31 15:13:42,Delivered,592.08,Standard,165 Walker Mill,165 Walker Mill,Credit Card,2025-06-11,LOC001
ORD0001239,CUS000018,2025-05-31 15:57:42,Shipped,5924.76,Standard,693 Kathryn Extension,693 Kathryn Extension,Bank Transfer,2025-06-07,LOC003
ORD0001240,CUS000054,2025-06-01 00:50:42,Delivered,8504.740000000002,Standard,00532 Matthew Fork Suite 143,00532 Matthew Fork Suite 143,PayPal,2025-06-05,LOC020
ORD0001241,CUS000052,2025-05-31 15:57:42,Pending,3995.54,Pick up in store,28803 Kyle Island,28803 Kyle Island,Bank Transfer,,LOC001
ORD0001242,CUS000045,2025-06-01 08:06:42,Pending,5529.54,Next Day,14062 Oliver Spurs,14062 Oliver Spurs,PayPal,,LOC008
ORD0001243,CUS000082,2025-05-31 15:03:42,Pending,10569.27,Express,3913 Chambers Park Apt. 634,3913 Chambers Park Apt. 634,PayPal,,LOC001
ORD0001244,CUS000079,2025-06-01 09:07:42,Pending,6594.639999999999,Next Day,34676 Chan Brooks,34676 Chan Brooks,PayPal,,LOC004
ORD0001245,CUS000093,2025-06-01 03:34:42,Pending,6127.43,Next Day,443 Evans Pine Apt. 602,443 Evans Pine Apt. 602,PayPal,,LOC020
ORD0001246,CUS000037,2025-06-01 01:25:42,Pending,3214.1400000000003,Pick up in store,536 Elizabeth Via,536 Elizabeth Via,PayPal,,LOC012
ORD0001247,CUS000072,2025-05-31 13:30:42,Shipped,5078.65,Express,022 Brennan Vista,022 Brennan Vista,Credit Card,2025-06-12,LOC009
ORD0001248,CUS000028,2025-06-01 03:20:42,Shipped,4743.07,Standard,4548 Rose Corner,4548 Rose Corner,Bank Transfer,2025-06-10,LOC008
ORD0001249,CUS000100,2025-05-31 19:56:42,Shipped,3558.55,Standard,14536 Holly Trail,14536 Holly Trail,Credit Card,2025-06-10,LOC014
ORD0001250,CUS000094,2025-05-31 21:14:42,Processing,9562.14,Standard,91800 Tony Lights Suite 800,91800 Tony Lights Suite 800,PayPal,2025-06-03,LOC009
ORD0001251,CUS000097,2025-06-01 01:58:42,Pending,5691.14,Express,728 Laurie Cape,728 Laurie Cape,Credit Card,,LOC018
ORD0001252,CUS000041,2025-05-31 22:48:42,Delivered,5694.9800000000005,Pick up in store,312 Mathew Route Suite 835,312 Mathew Route Suite 835,Credit Card,2025-06-04,LOC019
ORD0001253,CUS000024,2025-05-31 16:08:42,Shipped,4805.82,Express,574 Gonzales Lodge Apt. 681,574 Gonzales Lodge Apt. 681,Bank Transfer,2025-06-10,LOC015
ORD0001254,CUS000093,2025-06-01 00:03:42,Shipped,1084.73,Next Day,443 Evans Pine Apt. 602,443 Evans Pine Apt. 602,PayPal,2025-06-05,LOC013
ORD0001255,CUS000049,2025-05-31 13:00:42,Shipped,5250.9,Express,8581 Katelyn Pike Apt. 739,8581 Katelyn Pike Apt. 739,PayPal,2025-06-09,LOC018
ORD0001256,CUS000039,2025-05-31 22:40:42,Pending,1569.2,Standard,06077 Marcus Bypass,06077 Marcus Bypass,Credit Card,,LOC010
