forecast_date,product_id,site_id,top_category,sub_category,brand,point_forecast,lower_bound,upper_bound,confidence_level,is_promotional,forecast_generated_date,unit_cost,unit_price,expected_revenue,expected_cost,expected_profit
2025-04-01,P000001,LOC011,Apparel,Footwear,Gap,0,0,0,0.8,False,2025-04-14,283.9,571.03,0.0,0.0,0.0
2025-04-02,P000001,LOC011,Apparel,Footwear,Gap,0,0,0,0.8,True,2025-04-14,283.9,571.03,0.0,0.0,0.0
2025-04-03,P000001,LOC011,Apparel,Footwear,Gap,0,0,0,0.8,False,2025-04-14,283.9,571.03,0.0,0.0,0.0
2025-04-04,P000001,LOC011,Apparel,Footwear,Gap,0,0,0,0.8,False,2025-04-14,283.9,571.03,0.0,0.0,0.0
2025-04-05,P000001,LOC011,Apparel,Footwear,Gap,0,0,0,0.8,False,2025-04-14,283.9,571.03,0.0,0.0,0.0
2025-04-06,P000001,LOC011,Apparel,Footwear,Gap,0,0,0,0.8,True,2025-04-14,283.9,571.03,0.0,0.0,0.0
2025-04-07,P000001,LOC011,Apparel,Footwear,Gap,0,0,0,0.8,False,2025-04-14,283.9,571.03,0.0,0.0,0.0
2025-04-08,P000001,LOC011,Apparel,Footwear,Gap,0,0,0,0.8,True,2025-04-14,283.9,571.03,0.0,0.0,0.0
2025-04-09,P000001,LOC011,Apparel,Footwear,Gap,0,0,0,0.8,False,2025-04-14,283.9,571.03,0.0,0.0,0.0
2025-04-10,P000001,LOC011,Apparel,Footwear,Gap,0,0,0,0.8,False,2025-04-14,283.9,571.03,0.0,0.0,0.0
2025-04-11,P000001,LOC011,Apparel,Footwear,Gap,0,0,0,0.8,False,2025-04-14,283.9,571.03,0.0,0.0,0.0
2025-04-12,P000001,LOC011,Apparel,Footwear,Gap,0,0,0,0.8,False,2025-04-14,283.9,571.03,0.0,0.0,0.0
2025-04-13,P000001,LOC011,Apparel,Footwear,Gap,0,0,0,0.8,False,2025-04-14,283.9,571.03,0.0,0.0,0.0
2025-04-14,P000001,LOC011,Apparel,Footwear,Gap,0,0,0,0.8,False,2025-04-14,283.9,571.03,0.0,0.0,0.0
2025-04-15,P000001,LOC011,Apparel,Footwear,Gap,0,0,0,0.8,False,2025-04-14,283.9,571.03,0.0,0.0,0.0
2025-04-16,P000001,LOC011,Apparel,Footwear,Gap,0,0,0,0.8,False,2025-04-14,283.9,571.03,0.0,0.0,0.0
2025-04-17,P000001,LOC011,Apparel,Footwear,Gap,0,0,0,0.8,False,2025-04-14,283.9,571.03,0.0,0.0,0.0
2025-04-18,P000001,LOC011,Apparel,Footwear,Gap,0,0,0,0.8,False,2025-04-14,283.9,571.03,0.0,0.0,0.0
2025-04-19,P000001,LOC011,Apparel,Footwear,Gap,0,0,0,0.8,False,2025-04-14,283.9,571.03,0.0,0.0,0.0
2025-04-20,P000001,LOC011,Apparel,Footwear,Gap,0,0,0,0.8,False,2025-04-14,283.9,571.03,0.0,0.0,0.0
2025-04-21,P000001,LOC011,Apparel,Footwear,Gap,0,0,0,0.8,False,2025-04-14,283.9,571.03,0.0,0.0,0.0
2025-04-22,P000001,LOC011,Apparel,Footwear,Gap,0,0,0,0.8,False,2025-04-14,283.9,571.03,0.0,0.0,0.0
2025-04-23,P000001,LOC011,Apparel,Footwear,Gap,0,0,0,0.8,False,2025-04-14,283.9,571.03,0.0,0.0,0.0
2025-04-24,P000001,LOC011,Apparel,Footwear,Gap,0,0,0,0.8,False,2025-04-14,283.9,571.03,0.0,0.0,0.0
2025-04-25,P000001,LOC011,Apparel,Footwear,Gap,0,0,0,0.8,False,2025-04-14,283.9,571.03,0.0,0.0,0.0
2025-04-26,P000001,LOC011,Apparel,Footwear,Gap,0,0,0,0.8,False,2025-04-14,283.9,571.03,0.0,0.0,0.0
2025-04-27,P000001,LOC011,Apparel,Footwear,Gap,0,0,0,0.8,False,2025-04-14,283.9,571.03,0.0,0.0,0.0
2025-04-28,P000001,LOC011,Apparel,Footwear,Gap,0,0,0,0.8,False,2025-04-14,283.9,571.03,0.0,0.0,0.0
2025-04-29,P000001,LOC011,Apparel,Footwear,Gap,0,0,0,0.8,False,2025-04-14,283.9,571.03,0.0,0.0,0.0
2025-04-01,P000003,LOC015,Home & Living,Decor,IKEA,2,1,2,0.8,False,2025-04-14,578.19,924.38,1848.76,1156.38,692.3799999999999
2025-04-02,P000003,LOC015,Home & Living,Decor,IKEA,2,1,2,0.8,False,2025-04-14,578.19,924.38,1848.76,1156.38,692.3799999999999
2025-04-03,P000003,LOC015,Home & Living,Decor,IKEA,3,2,3,0.8,True,2025-04-14,578.19,924.38,2773.14,1734.5700000000002,1038.5699999999997
2025-04-04,P000003,LOC015,Home & Living,Decor,IKEA,2,1,2,0.8,False,2025-04-14,578.19,924.38,1848.76,1156.38,692.3799999999999
2025-04-05,P000003,LOC015,Home & Living,Decor,IKEA,2,1,2,0.8,False,2025-04-14,578.19,924.38,1848.76,1156.38,692.3799999999999
2025-04-06,P000003,LOC015,Home & Living,Decor,IKEA,3,2,3,0.8,True,2025-04-14,578.19,924.38,2773.14,1734.5700000000002,1038.5699999999997
2025-04-07,P000003,LOC015,Home & Living,Decor,IKEA,2,1,2,0.8,False,2025-04-14,578.19,924.38,1848.76,1156.38,692.3799999999999
2025-04-08,P000003,LOC015,Home & Living,Decor,IKEA,3,2,3,0.8,False,2025-04-14,578.19,924.38,2773.14,1734.5700000000002,1038.5699999999997
2025-04-09,P000003,LOC015,Home & Living,Decor,IKEA,3,2,3,0.8,True,2025-04-14,578.19,924.38,2773.14,1734.5700000000002,1038.5699999999997
2025-04-10,P000003,LOC015,Home & Living,Decor,IKEA,3,2,3,0.8,False,2025-04-14,578.19,924.38,2773.14,1734.5700000000002,1038.5699999999997
2025-04-11,P000003,LOC015,Home & Living,Decor,IKEA,2,1,2,0.8,False,2025-04-14,578.19,924.38,1848.76,1156.38,692.3799999999999
2025-04-12,P000003,LOC015,Home & Living,Decor,IKEA,2,1,2,0.8,False,2025-04-14,578.19,924.38,1848.76,1156.38,692.3799999999999
2025-04-13,P000003,LOC015,Home & Living,Decor,IKEA,3,2,3,0.8,False,2025-04-14,578.19,924.38,2773.14,1734.5700000000002,1038.5699999999997
2025-04-14,P000003,LOC015,Home & Living,Decor,IKEA,2,1,2,0.8,False,2025-04-14,578.19,924.38,1848.76,1156.38,692.3799999999999
2025-04-15,P000003,LOC015,Home & Living,Decor,IKEA,2,1,2,0.8,False,2025-04-14,578.19,924.38,1848.76,1156.38,692.3799999999999
2025-04-16,P000003,LOC015,Home & Living,Decor,IKEA,3,2,3,0.8,True,2025-04-14,578.19,924.38,2773.14,1734.5700000000002,1038.5699999999997
2025-04-17,P000003,LOC015,Home & Living,Decor,IKEA,2,1,2,0.8,False,2025-04-14,578.19,924.38,1848.76,1156.38,692.3799999999999
2025-04-18,P000003,LOC015,Home & Living,Decor,IKEA,2,1,2,0.8,False,2025-04-14,578.19,924.38,1848.76,1156.38,692.3799999999999
2025-04-19,P000003,LOC015,Home & Living,Decor,IKEA,3,2,3,0.8,False,2025-04-14,578.19,924.38,2773.14,1734.5700000000002,1038.5699999999997
2025-04-20,P000003,LOC015,Home & Living,Decor,IKEA,3,2,3,0.8,False,2025-04-14,578.19,924.38,2773.14,1734.5700000000002,1038.5699999999997
2025-04-21,P000003,LOC015,Home & Living,Decor,IKEA,2,1,2,0.8,False,2025-04-14,578.19,924.38,1848.76,1156.38,692.3799999999999
2025-04-22,P000003,LOC015,Home & Living,Decor,IKEA,2,1,2,0.8,False,2025-04-14,578.19,924.38,1848.76,1156.38,692.3799999999999
2025-04-23,P000003,LOC015,Home & Living,Decor,IKEA,3,2,3,0.8,False,2025-04-14,578.19,924.38,2773.14,1734.5700000000002,1038.5699999999997
2025-04-24,P000003,LOC015,Home & Living,Decor,IKEA,2,1,2,0.8,False,2025-04-14,578.19,924.38,1848.76,1156.38,692.3799999999999
2025-04-25,P000003,LOC015,Home & Living,Decor,IKEA,2,1,2,0.8,False,2025-04-14,578.19,924.38,1848.76,1156.38,692.3799999999999
2025-04-26,P000003,LOC015,Home & Living,Decor,IKEA,2,1,2,0.8,False,2025-04-14,578.19,924.38,1848.76,1156.38,692.3799999999999
2025-04-27,P000003,LOC015,Home & Living,Decor,IKEA,2,1,2,0.8,False,2025-04-14,578.19,924.38,1848.76,1156.38,692.3799999999999
2025-04-28,P000003,LOC015,Home & Living,Decor,IKEA,2,1,2,0.8,True,2025-04-14,578.19,924.38,1848.76,1156.38,692.3799999999999
2025-04-29,P000003,LOC015,Home & Living,Decor,IKEA,2,1,2,0.8,False,2025-04-14,578.19,924.38,1848.76,1156.38,692.3799999999999
2025-04-01,P000006,LOC013,Beauty & Personal Care,Makeup,MAC,2,1,2,0.8,False,2025-04-14,180.43,339.56,679.12,360.86,318.26
2025-04-02,P000006,LOC013,Beauty & Personal Care,Makeup,MAC,2,1,2,0.8,False,2025-04-14,180.43,339.56,679.12,360.86,318.26
2025-04-03,P000006,LOC013,Beauty & Personal Care,Makeup,MAC,1,0,1,0.8,False,2025-04-14,180.43,339.56,339.56,180.43,159.13
2025-04-04,P000006,LOC013,Beauty & Personal Care,Makeup,MAC,2,1,2,0.8,False,2025-04-14,180.43,339.56,679.12,360.86,318.26
2025-04-05,P000006,LOC013,Beauty & Personal Care,Makeup,MAC,2,1,2,0.8,False,2025-04-14,180.43,339.56,679.12,360.86,318.26
2025-04-06,P000006,LOC013,Beauty & Personal Care,Makeup,MAC,1,0,1,0.8,False,2025-04-14,180.43,339.56,339.56,180.43,159.13
2025-04-07,P000006,LOC013,Beauty & Personal Care,Makeup,MAC,2,1,2,0.8,False,2025-04-14,180.43,339.56,679.12,360.86,318.26
2025-04-08,P000006,LOC013,Beauty & Personal Care,Makeup,MAC,2,1,2,0.8,False,2025-04-14,180.43,339.56,679.12,360.86,318.26
2025-04-09,P000006,LOC013,Beauty & Personal Care,Makeup,MAC,2,1,2,0.8,False,2025-04-14,180.43,339.56,679.12,360.86,318.26
2025-04-10,P000006,LOC013,Beauty & Personal Care,Makeup,MAC,2,1,2,0.8,False,2025-04-14,180.43,339.56,679.12,360.86,318.26
2025-04-11,P000006,LOC013,Beauty & Personal Care,Makeup,MAC,2,1,2,0.8,True,2025-04-14,180.43,339.56,679.12,360.86,318.26
2025-04-12,P000006,LOC013,Beauty & Personal Care,Makeup,MAC,2,1,2,0.8,False,2025-04-14,180.43,339.56,679.12,360.86,318.26
2025-04-13,P000006,LOC013,Beauty & Personal Care,Makeup,MAC,1,0,1,0.8,False,2025-04-14,180.43,339.56,339.56,180.43,159.13
2025-04-14,P000006,LOC013,Beauty & Personal Care,Makeup,MAC,2,1,2,0.8,False,2025-04-14,180.43,339.56,679.12,360.86,318.26
2025-04-15,P000006,LOC013,Beauty & Personal Care,Makeup,MAC,2,1,2,0.8,False,2025-04-14,180.43,339.56,679.12,360.86,318.26
2025-04-16,P000006,LOC013,Beauty & Personal Care,Makeup,MAC,2,1,2,0.8,False,2025-04-14,180.43,339.56,679.12,360.86,318.26
2025-04-17,P000006,LOC013,Beauty & Personal Care,Makeup,MAC,2,1,2,0.8,False,2025-04-14,180.43,339.56,679.12,360.86,318.26
2025-04-18,P000006,LOC013,Beauty & Personal Care,Makeup,MAC,2,1,2,0.8,False,2025-04-14,180.43,339.56,679.12,360.86,318.26
2025-04-19,P000006,LOC013,Beauty & Personal Care,Makeup,MAC,2,1,2,0.8,False,2025-04-14,180.43,339.56,679.12,360.86,318.26
2025-04-20,P000006,LOC013,Beauty & Personal Care,Makeup,MAC,2,1,2,0.8,False,2025-04-14,180.43,339.56,679.12,360.86,318.26
2025-04-21,P000006,LOC013,Beauty & Personal Care,Makeup,MAC,2,1,2,0.8,False,2025-04-14,180.43,339.56,679.12,360.86,318.26
2025-04-22,P000006,LOC013,Beauty & Personal Care,Makeup,MAC,2,1,2,0.8,False,2025-04-14,180.43,339.56,679.12,360.86,318.26
2025-04-23,P000006,LOC013,Beauty & Personal Care,Makeup,MAC,2,1,2,0.8,False,2025-04-14,180.43,339.56,679.12,360.86,318.26
2025-04-24,P000006,LOC013,Beauty & Personal Care,Makeup,MAC,2,1,2,0.8,False,2025-04-14,180.43,339.56,679.12,360.86,318.26
2025-04-25,P000006,LOC013,Beauty & Personal Care,Makeup,MAC,2,1,2,0.8,False,2025-04-14,180.43,339.56,679.12,360.86,318.26
2025-04-26,P000006,LOC013,Beauty & Personal Care,Makeup,MAC,2,1,2,0.8,True,2025-04-14,180.43,339.56,679.12,360.86,318.26
2025-04-27,P000006,LOC013,Beauty & Personal Care,Makeup,MAC,2,1,2,0.8,True,2025-04-14,180.43,339.56,679.12,360.86,318.26
2025-04-28,P000006,LOC013,Beauty & Personal Care,Makeup,MAC,2,1,2,0.8,False,2025-04-14,180.43,339.56,679.12,360.86,318.26
2025-04-29,P000006,LOC013,Beauty & Personal Care,Makeup,MAC,2,1,2,0.8,True,2025-04-14,180.43,339.56,679.12,360.86,318.26
2025-04-01,P000009,LOC005,Food & Beverages,Health Foods,Nestle,4,3,4,0.8,False,2025-04-14,305.59,462.25,1849.0,1222.36,626.6400000000001
2025-04-02,P000009,LOC005,Food & Beverages,Health Foods,Nestle,3,2,3,0.8,False,2025-04-14,305.59,462.25,1386.75,916.77,469.98
2025-04-03,P000009,LOC005,Food & Beverages,Health Foods,Nestle,3,2,3,0.8,False,2025-04-14,305.59,462.25,1386.75,916.77,469.98
2025-04-04,P000009,LOC005,Food & Beverages,Health Foods,Nestle,4,3,4,0.8,False,2025-04-14,305.59,462.25,1849.0,1222.36,626.6400000000001
2025-04-05,P000009,LOC005,Food & Beverages,Health Foods,Nestle,3,2,3,0.8,False,2025-04-14,305.59,462.25,1386.75,916.77,469.98
2025-04-06,P000009,LOC005,Food & Beverages,Health Foods,Nestle,3,2,3,0.8,False,2025-04-14,305.59,462.25,1386.75,916.77,469.98
2025-04-07,P000009,LOC005,Food & Beverages,Health Foods,Nestle,3,2,3,0.8,False,2025-04-14,305.59,462.25,1386.75,916.77,469.98
2025-04-08,P000009,LOC005,Food & Beverages,Health Foods,Nestle,4,3,4,0.8,False,2025-04-14,305.59,462.25,1849.0,1222.36,626.6400000000001
2025-04-09,P000009,LOC005,Food & Beverages,Health Foods,Nestle,3,2,3,0.8,False,2025-04-14,305.59,462.25,1386.75,916.77,469.98
2025-04-10,P000009,LOC005,Food & Beverages,Health Foods,Nestle,3,2,3,0.8,False,2025-04-14,305.59,462.25,1386.75,916.77,469.98
2025-04-11,P000009,LOC005,Food & Beverages,Health Foods,Nestle,4,3,4,0.8,False,2025-04-14,305.59,462.25,1849.0,1222.36,626.6400000000001
2025-04-12,P000009,LOC005,Food & Beverages,Health Foods,Nestle,3,2,3,0.8,False,2025-04-14,305.59,462.25,1386.75,916.77,469.98
2025-04-13,P000009,LOC005,Food & Beverages,Health Foods,Nestle,4,3,4,0.8,False,2025-04-14,305.59,462.25,1849.0,1222.36,626.6400000000001
2025-04-14,P000009,LOC005,Food & Beverages,Health Foods,Nestle,3,2,3,0.8,False,2025-04-14,305.59,462.25,1386.75,916.77,469.98
2025-04-15,P000009,LOC005,Food & Beverages,Health Foods,Nestle,3,2,3,0.8,False,2025-04-14,305.59,462.25,1386.75,916.77,469.98
2025-04-16,P000009,LOC005,Food & Beverages,Health Foods,Nestle,3,2,3,0.8,False,2025-04-14,305.59,462.25,1386.75,916.77,469.98
2025-04-17,P000009,LOC005,Food & Beverages,Health Foods,Nestle,4,3,4,0.8,False,2025-04-14,305.59,462.25,1849.0,1222.36,626.6400000000001
2025-04-18,P000009,LOC005,Food & Beverages,Health Foods,Nestle,4,3,4,0.8,False,2025-04-14,305.59,462.25,1849.0,1222.36,626.6400000000001
2025-04-19,P000009,LOC005,Food & Beverages,Health Foods,Nestle,3,2,3,0.8,False,2025-04-14,305.59,462.25,1386.75,916.77,469.98
2025-04-20,P000009,LOC005,Food & Beverages,Health Foods,Nestle,3,2,3,0.8,False,2025-04-14,305.59,462.25,1386.75,916.77,469.98
2025-04-21,P000009,LOC005,Food & Beverages,Health Foods,Nestle,3,2,3,0.8,False,2025-04-14,305.59,462.25,1386.75,916.77,469.98
2025-04-22,P000009,LOC005,Food & Beverages,Health Foods,Nestle,3,2,3,0.8,False,2025-04-14,305.59,462.25,1386.75,916.77,469.98
2025-04-23,P000009,LOC005,Food & Beverages,Health Foods,Nestle,3,2,3,0.8,False,2025-04-14,305.59,462.25,1386.75,916.77,469.98
2025-04-24,P000009,LOC005,Food & Beverages,Health Foods,Nestle,3,2,3,0.8,False,2025-04-14,305.59,462.25,1386.75,916.77,469.98
2025-04-25,P000009,LOC005,Food & Beverages,Health Foods,Nestle,3,2,3,0.8,False,2025-04-14,305.59,462.25,1386.75,916.77,469.98
2025-04-26,P000009,LOC005,Food & Beverages,Health Foods,Nestle,4,3,4,0.8,False,2025-04-14,305.59,462.25,1849.0,1222.36,626.6400000000001
2025-04-27,P000009,LOC005,Food & Beverages,Health Foods,Nestle,3,2,3,0.8,False,2025-04-14,305.59,462.25,1386.75,916.77,469.98
2025-04-28,P000009,LOC005,Food & Beverages,Health Foods,Nestle,4,3,4,0.8,False,2025-04-14,305.59,462.25,1849.0,1222.36,626.6400000000001
2025-04-29,P000009,LOC005,Food & Beverages,Health Foods,Nestle,3,2,3,0.8,False,2025-04-14,305.59,462.25,1386.75,916.77,469.98
2025-04-01,P000010,LOC008,Electronics,Gaming,HP,4,3,4,0.8,False,2025-04-14,128.51,183.93,735.72,514.04,221.68000000000006
2025-04-02,P000010,LOC008,Electronics,Gaming,HP,4,3,4,0.8,False,2025-04-14,128.51,183.93,735.72,514.04,221.68000000000006
2025-04-03,P000010,LOC008,Electronics,Gaming,HP,6,4,7,0.8,True,2025-04-14,128.51,183.93,1103.58,771.06,332.52
2025-04-04,P000010,LOC008,Electronics,Gaming,HP,3,2,3,0.8,False,2025-04-14,128.51,183.93,551.79,385.53,166.26
2025-04-05,P000010,LOC008,Electronics,Gaming,HP,3,2,3,0.8,False,2025-04-14,128.51,183.93,551.79,385.53,166.26
2025-04-06,P000010,LOC008,Electronics,Gaming,HP,6,4,7,0.8,True,2025-04-14,128.51,183.93,1103.58,771.06,332.52
2025-04-07,P000010,LOC008,Electronics,Gaming,HP,5,4,6,0.8,True,2025-04-14,128.51,183.93,919.6500000000001,642.55,277.10000000000014
2025-04-08,P000010,LOC008,Electronics,Gaming,HP,3,2,3,0.8,False,2025-04-14,128.51,183.93,551.79,385.53,166.26
2025-04-09,P000010,LOC008,Electronics,Gaming,HP,4,3,4,0.8,False,2025-04-14,128.51,183.93,735.72,514.04,221.68000000000006
2025-04-10,P000010,LOC008,Electronics,Gaming,HP,4,3,4,0.8,False,2025-04-14,128.51,183.93,735.72,514.04,221.68000000000006
2025-04-11,P000010,LOC008,Electronics,Gaming,HP,4,3,4,0.8,False,2025-04-14,128.51,183.93,735.72,514.04,221.68000000000006
2025-04-12,P000010,LOC008,Electronics,Gaming,HP,3,2,3,0.8,False,2025-04-14,128.51,183.93,551.79,385.53,166.26
2025-04-13,P000010,LOC008,Electronics,Gaming,HP,4,3,4,0.8,False,2025-04-14,128.51,183.93,735.72,514.04,221.68000000000006
2025-04-14,P000010,LOC008,Electronics,Gaming,HP,4,3,4,0.8,False,2025-04-14,128.51,183.93,735.72,514.04,221.68000000000006
2025-04-15,P000010,LOC008,Electronics,Gaming,HP,4,3,4,0.8,False,2025-04-14,128.51,183.93,735.72,514.04,221.68000000000006
2025-04-16,P000010,LOC008,Electronics,Gaming,HP,4,3,4,0.8,False,2025-04-14,128.51,183.93,735.72,514.04,221.68000000000006
2025-04-17,P000010,LOC008,Electronics,Gaming,HP,3,2,3,0.8,False,2025-04-14,128.51,183.93,551.79,385.53,166.26
2025-04-18,P000010,LOC008,Electronics,Gaming,HP,3,2,3,0.8,False,2025-04-14,128.51,183.93,551.79,385.53,166.26
2025-04-19,P000010,LOC008,Electronics,Gaming,HP,3,2,3,0.8,False,2025-04-14,128.51,183.93,551.79,385.53,166.26
2025-04-20,P000010,LOC008,Electronics,Gaming,HP,4,3,4,0.8,False,2025-04-14,128.51,183.93,735.72,514.04,221.68000000000006
2025-04-21,P000010,LOC008,Electronics,Gaming,HP,3,2,3,0.8,False,2025-04-14,128.51,183.93,551.79,385.53,166.26
2025-04-22,P000010,LOC008,Electronics,Gaming,HP,3,2,3,0.8,False,2025-04-14,128.51,183.93,551.79,385.53,166.26
2025-04-23,P000010,LOC008,Electronics,Gaming,HP,5,4,6,0.8,True,2025-04-14,128.51,183.93,919.6500000000001,642.55,277.10000000000014
2025-04-24,P000010,LOC008,Electronics,Gaming,HP,4,3,4,0.8,False,2025-04-14,128.51,183.93,735.72,514.04,221.68000000000006
2025-04-25,P000010,LOC008,Electronics,Gaming,HP,3,2,3,0.8,False,2025-04-14,128.51,183.93,551.79,385.53,166.26
2025-04-26,P000010,LOC008,Electronics,Gaming,HP,3,2,3,0.8,False,2025-04-14,128.51,183.93,551.79,385.53,166.26
2025-04-27,P000010,LOC008,Electronics,Gaming,HP,4,3,4,0.8,False,2025-04-14,128.51,183.93,735.72,514.04,221.68000000000006
2025-04-28,P000010,LOC008,Electronics,Gaming,HP,3,2,3,0.8,False,2025-04-14,128.51,183.93,551.79,385.53,166.26
2025-04-29,P000010,LOC008,Electronics,Gaming,HP,4,3,4,0.8,False,2025-04-14,128.51,183.93,735.72,514.04,221.68000000000006
2025-04-01,P000012,LOC008,Apparel,Kids' Clothing,H&M,0,0,0,0.8,True,2025-04-14,442.56,770.03,0.0,0.0,0.0
2025-04-02,P000012,LOC008,Apparel,Kids' Clothing,H&M,0,0,0,0.8,False,2025-04-14,442.56,770.03,0.0,0.0,0.0
2025-04-03,P000012,LOC008,Apparel,Kids' Clothing,H&M,0,0,0,0.8,False,2025-04-14,442.56,770.03,0.0,0.0,0.0
2025-04-04,P000012,LOC008,Apparel,Kids' Clothing,H&M,0,0,0,0.8,False,2025-04-14,442.56,770.03,0.0,0.0,0.0
2025-04-05,P000012,LOC008,Apparel,Kids' Clothing,H&M,0,0,0,0.8,True,2025-04-14,442.56,770.03,0.0,0.0,0.0
2025-04-06,P000012,LOC008,Apparel,Kids' Clothing,H&M,0,0,0,0.8,False,2025-04-14,442.56,770.03,0.0,0.0,0.0
2025-04-07,P000012,LOC008,Apparel,Kids' Clothing,H&M,0,0,0,0.8,False,2025-04-14,442.56,770.03,0.0,0.0,0.0
2025-04-08,P000012,LOC008,Apparel,Kids' Clothing,H&M,0,0,0,0.8,False,2025-04-14,442.56,770.03,0.0,0.0,0.0
2025-04-09,P000012,LOC008,Apparel,Kids' Clothing,H&M,0,0,0,0.8,False,2025-04-14,442.56,770.03,0.0,0.0,0.0
2025-04-10,P000012,LOC008,Apparel,Kids' Clothing,H&M,0,0,0,0.8,True,2025-04-14,442.56,770.03,0.0,0.0,0.0
2025-04-11,P000012,LOC008,Apparel,Kids' Clothing,H&M,0,0,0,0.8,False,2025-04-14,442.56,770.03,0.0,0.0,0.0
2025-04-12,P000012,LOC008,Apparel,Kids' Clothing,H&M,0,0,0,0.8,False,2025-04-14,442.56,770.03,0.0,0.0,0.0
2025-04-13,P000012,LOC008,Apparel,Kids' Clothing,H&M,0,0,0,0.8,False,2025-04-14,442.56,770.03,0.0,0.0,0.0
2025-04-14,P000012,LOC008,Apparel,Kids' Clothing,H&M,0,0,0,0.8,False,2025-04-14,442.56,770.03,0.0,0.0,0.0
2025-04-15,P000012,LOC008,Apparel,Kids' Clothing,H&M,0,0,0,0.8,False,2025-04-14,442.56,770.03,0.0,0.0,0.0
2025-04-16,P000012,LOC008,Apparel,Kids' Clothing,H&M,0,0,0,0.8,False,2025-04-14,442.56,770.03,0.0,0.0,0.0
2025-04-17,P000012,LOC008,Apparel,Kids' Clothing,H&M,0,0,0,0.8,False,2025-04-14,442.56,770.03,0.0,0.0,0.0
2025-04-18,P000012,LOC008,Apparel,Kids' Clothing,H&M,0,0,0,0.8,False,2025-04-14,442.56,770.03,0.0,0.0,0.0
2025-04-19,P000012,LOC008,Apparel,Kids' Clothing,H&M,0,0,0,0.8,False,2025-04-14,442.56,770.03,0.0,0.0,0.0
2025-04-20,P000012,LOC008,Apparel,Kids' Clothing,H&M,0,0,0,0.8,False,2025-04-14,442.56,770.03,0.0,0.0,0.0
2025-04-21,P000012,LOC008,Apparel,Kids' Clothing,H&M,0,0,0,0.8,True,2025-04-14,442.56,770.03,0.0,0.0,0.0
2025-04-22,P000012,LOC008,Apparel,Kids' Clothing,H&M,0,0,0,0.8,False,2025-04-14,442.56,770.03,0.0,0.0,0.0
2025-04-23,P000012,LOC008,Apparel,Kids' Clothing,H&M,0,0,0,0.8,False,2025-04-14,442.56,770.03,0.0,0.0,0.0
2025-04-24,P000012,LOC008,Apparel,Kids' Clothing,H&M,0,0,0,0.8,False,2025-04-14,442.56,770.03,0.0,0.0,0.0
2025-04-25,P000012,LOC008,Apparel,Kids' Clothing,H&M,0,0,0,0.8,True,2025-04-14,442.56,770.03,0.0,0.0,0.0
2025-04-26,P000012,LOC008,Apparel,Kids' Clothing,H&M,0,0,0,0.8,False,2025-04-14,442.56,770.03,0.0,0.0,0.0
2025-04-27,P000012,LOC008,Apparel,Kids' Clothing,H&M,0,0,0,0.8,False,2025-04-14,442.56,770.03,0.0,0.0,0.0
2025-04-28,P000012,LOC008,Apparel,Kids' Clothing,H&M,0,0,0,0.8,False,2025-04-14,442.56,770.03,0.0,0.0,0.0
2025-04-29,P000012,LOC008,Apparel,Kids' Clothing,H&M,0,0,0,0.8,False,2025-04-14,442.56,770.03,0.0,0.0,0.0
2025-04-01,P000012,LOC009,Apparel,Kids' Clothing,H&M,2,1,2,0.8,False,2025-04-14,442.56,770.03,1540.06,885.12,654.9399999999999
2025-04-02,P000012,LOC009,Apparel,Kids' Clothing,H&M,2,1,2,0.8,False,2025-04-14,442.56,770.03,1540.06,885.12,654.9399999999999
2025-04-03,P000012,LOC009,Apparel,Kids' Clothing,H&M,2,1,2,0.8,False,2025-04-14,442.56,770.03,1540.06,885.12,654.9399999999999
2025-04-04,P000012,LOC009,Apparel,Kids' Clothing,H&M,2,1,2,0.8,False,2025-04-14,442.56,770.03,1540.06,885.12,654.9399999999999
2025-04-05,P000012,LOC009,Apparel,Kids' Clothing,H&M,2,1,2,0.8,False,2025-04-14,442.56,770.03,1540.06,885.12,654.9399999999999
2025-04-06,P000012,LOC009,Apparel,Kids' Clothing,H&M,2,1,2,0.8,False,2025-04-14,442.56,770.03,1540.06,885.12,654.9399999999999
2025-04-07,P000012,LOC009,Apparel,Kids' Clothing,H&M,2,1,2,0.8,False,2025-04-14,442.56,770.03,1540.06,885.12,654.9399999999999
2025-04-08,P000012,LOC009,Apparel,Kids' Clothing,H&M,2,1,2,0.8,False,2025-04-14,442.56,770.03,1540.06,885.12,654.9399999999999
2025-04-09,P000012,LOC009,Apparel,Kids' Clothing,H&M,2,1,2,0.8,False,2025-04-14,442.56,770.03,1540.06,885.12,654.9399999999999
2025-04-10,P000012,LOC009,Apparel,Kids' Clothing,H&M,2,1,2,0.8,False,2025-04-14,442.56,770.03,1540.06,885.12,654.9399999999999
2025-04-11,P000012,LOC009,Apparel,Kids' Clothing,H&M,2,1,2,0.8,False,2025-04-14,442.56,770.03,1540.06,885.12,654.9399999999999
2025-04-12,P000012,LOC009,Apparel,Kids' Clothing,H&M,2,1,2,0.8,False,2025-04-14,442.56,770.03,1540.06,885.12,654.9399999999999
2025-04-13,P000012,LOC009,Apparel,Kids' Clothing,H&M,3,2,3,0.8,True,2025-04-14,442.56,770.03,2310.09,1327.68,982.4100000000001
2025-04-14,P000012,LOC009,Apparel,Kids' Clothing,H&M,2,1,2,0.8,False,2025-04-14,442.56,770.03,1540.06,885.12,654.9399999999999
2025-04-15,P000012,LOC009,Apparel,Kids' Clothing,H&M,2,1,2,0.8,False,2025-04-14,442.56,770.03,1540.06,885.12,654.9399999999999
2025-04-16,P000012,LOC009,Apparel,Kids' Clothing,H&M,3,2,3,0.8,True,2025-04-14,442.56,770.03,2310.09,1327.68,982.4100000000001
2025-04-17,P000012,LOC009,Apparel,Kids' Clothing,H&M,2,1,2,0.8,False,2025-04-14,442.56,770.03,1540.06,885.12,654.9399999999999
2025-04-18,P000012,LOC009,Apparel,Kids' Clothing,H&M,2,1,2,0.8,False,2025-04-14,442.56,770.03,1540.06,885.12,654.9399999999999
2025-04-19,P000012,LOC009,Apparel,Kids' Clothing,H&M,2,1,2,0.8,False,2025-04-14,442.56,770.03,1540.06,885.12,654.9399999999999
2025-04-20,P000012,LOC009,Apparel,Kids' Clothing,H&M,2,1,2,0.8,False,2025-04-14,442.56,770.03,1540.06,885.12,654.9399999999999
2025-04-21,P000012,LOC009,Apparel,Kids' Clothing,H&M,2,1,2,0.8,False,2025-04-14,442.56,770.03,1540.06,885.12,654.9399999999999
2025-04-22,P000012,LOC009,Apparel,Kids' Clothing,H&M,3,2,3,0.8,True,2025-04-14,442.56,770.03,2310.09,1327.68,982.4100000000001
2025-04-23,P000012,LOC009,Apparel,Kids' Clothing,H&M,2,1,2,0.8,False,2025-04-14,442.56,770.03,1540.06,885.12,654.9399999999999
2025-04-24,P000012,LOC009,Apparel,Kids' Clothing,H&M,2,1,2,0.8,False,2025-04-14,442.56,770.03,1540.06,885.12,654.9399999999999
2025-04-25,P000012,LOC009,Apparel,Kids' Clothing,H&M,2,1,2,0.8,False,2025-04-14,442.56,770.03,1540.06,885.12,654.9399999999999
2025-04-26,P000012,LOC009,Apparel,Kids' Clothing,H&M,2,1,2,0.8,False,2025-04-14,442.56,770.03,1540.06,885.12,654.9399999999999
2025-04-27,P000012,LOC009,Apparel,Kids' Clothing,H&M,2,1,2,0.8,False,2025-04-14,442.56,770.03,1540.06,885.12,654.9399999999999
2025-04-28,P000012,LOC009,Apparel,Kids' Clothing,H&M,2,1,2,0.8,False,2025-04-14,442.56,770.03,1540.06,885.12,654.9399999999999
2025-04-29,P000012,LOC009,Apparel,Kids' Clothing,H&M,2,1,2,0.8,False,2025-04-14,442.56,770.03,1540.06,885.12,654.9399999999999
2025-04-01,P000013,LOC016,Home & Living,Furniture,Wayfair,2,1,2,0.8,False,2025-04-14,471.47,877.54,1755.08,942.94,812.1399999999999
2025-04-02,P000013,LOC016,Home & Living,Furniture,Wayfair,2,1,2,0.8,False,2025-04-14,471.47,877.54,1755.08,942.94,812.1399999999999
2025-04-03,P000013,LOC016,Home & Living,Furniture,Wayfair,2,1,2,0.8,False,2025-04-14,471.47,877.54,1755.08,942.94,812.1399999999999
2025-04-04,P000013,LOC016,Home & Living,Furniture,Wayfair,1,0,1,0.8,False,2025-04-14,471.47,877.54,877.54,471.47,406.06999999999994
2025-04-05,P000013,LOC016,Home & Living,Furniture,Wayfair,2,1,2,0.8,False,2025-04-14,471.47,877.54,1755.08,942.94,812.1399999999999
2025-04-06,P000013,LOC016,Home & Living,Furniture,Wayfair,2,1,2,0.8,False,2025-04-14,471.47,877.54,1755.08,942.94,812.1399999999999
2025-04-07,P000013,LOC016,Home & Living,Furniture,Wayfair,1,0,1,0.8,False,2025-04-14,471.47,877.54,877.54,471.47,406.06999999999994
2025-04-08,P000013,LOC016,Home & Living,Furniture,Wayfair,2,1,2,0.8,False,2025-04-14,471.47,877.54,1755.08,942.94,812.1399999999999
2025-04-09,P000013,LOC016,Home & Living,Furniture,Wayfair,2,1,2,0.8,False,2025-04-14,471.47,877.54,1755.08,942.94,812.1399999999999
2025-04-10,P000013,LOC016,Home & Living,Furniture,Wayfair,2,1,2,0.8,False,2025-04-14,471.47,877.54,1755.08,942.94,812.1399999999999
2025-04-11,P000013,LOC016,Home & Living,Furniture,Wayfair,2,1,2,0.8,False,2025-04-14,471.47,877.54,1755.08,942.94,812.1399999999999
2025-04-12,P000013,LOC016,Home & Living,Furniture,Wayfair,2,1,2,0.8,False,2025-04-14,471.47,877.54,1755.08,942.94,812.1399999999999
2025-04-13,P000013,LOC016,Home & Living,Furniture,Wayfair,2,1,2,0.8,False,2025-04-14,471.47,877.54,1755.08,942.94,812.1399999999999
2025-04-14,P000013,LOC016,Home & Living,Furniture,Wayfair,2,1,2,0.8,False,2025-04-14,471.47,877.54,1755.08,942.94,812.1399999999999
2025-04-15,P000013,LOC016,Home & Living,Furniture,Wayfair,1,0,1,0.8,False,2025-04-14,471.47,877.54,877.54,471.47,406.06999999999994
2025-04-16,P000013,LOC016,Home & Living,Furniture,Wayfair,2,1,2,0.8,False,2025-04-14,471.47,877.54,1755.08,942.94,812.1399999999999
2025-04-17,P000013,LOC016,Home & Living,Furniture,Wayfair,2,1,2,0.8,False,2025-04-14,471.47,877.54,1755.08,942.94,812.1399999999999
2025-04-18,P000013,LOC016,Home & Living,Furniture,Wayfair,2,1,2,0.8,False,2025-04-14,471.47,877.54,1755.08,942.94,812.1399999999999
2025-04-19,P000013,LOC016,Home & Living,Furniture,Wayfair,2,1,2,0.8,False,2025-04-14,471.47,877.54,1755.08,942.94,812.1399999999999
2025-04-20,P000013,LOC016,Home & Living,Furniture,Wayfair,1,0,1,0.8,False,2025-04-14,471.47,877.54,877.54,471.47,406.06999999999994
2025-04-21,P000013,LOC016,Home & Living,Furniture,Wayfair,2,1,2,0.8,False,2025-04-14,471.47,877.54,1755.08,942.94,812.1399999999999
2025-04-22,P000013,LOC016,Home & Living,Furniture,Wayfair,2,1,2,0.8,False,2025-04-14,471.47,877.54,1755.08,942.94,812.1399999999999
2025-04-23,P000013,LOC016,Home & Living,Furniture,Wayfair,2,1,2,0.8,False,2025-04-14,471.47,877.54,1755.08,942.94,812.1399999999999
2025-04-24,P000013,LOC016,Home & Living,Furniture,Wayfair,2,1,2,0.8,False,2025-04-14,471.47,877.54,1755.08,942.94,812.1399999999999
2025-04-25,P000013,LOC016,Home & Living,Furniture,Wayfair,2,1,2,0.8,False,2025-04-14,471.47,877.54,1755.08,942.94,812.1399999999999
2025-04-26,P000013,LOC016,Home & Living,Furniture,Wayfair,1,0,1,0.8,False,2025-04-14,471.47,877.54,877.54,471.47,406.06999999999994
2025-04-27,P000013,LOC016,Home & Living,Furniture,Wayfair,1,0,1,0.8,False,2025-04-14,471.47,877.54,877.54,471.47,406.06999999999994
2025-04-28,P000013,LOC016,Home & Living,Furniture,Wayfair,1,0,1,0.8,False,2025-04-14,471.47,877.54,877.54,471.47,406.06999999999994
2025-04-29,P000013,LOC016,Home & Living,Furniture,Wayfair,2,1,2,0.8,False,2025-04-14,471.47,877.54,1755.08,942.94,812.1399999999999
2025-04-01,P000020,LOC004,Electronics,Smartphones,Apple,0,0,0,0.8,False,2025-04-14,8.91,15.55,0.0,0.0,0.0
2025-04-02,P000020,LOC004,Electronics,Smartphones,Apple,0,0,0,0.8,False,2025-04-14,8.91,15.55,0.0,0.0,0.0
2025-04-03,P000020,LOC004,Electronics,Smartphones,Apple,0,0,0,0.8,False,2025-04-14,8.91,15.55,0.0,0.0,0.0
2025-04-04,P000020,LOC004,Electronics,Smartphones,Apple,0,0,0,0.8,False,2025-04-14,8.91,15.55,0.0,0.0,0.0
2025-04-05,P000020,LOC004,Electronics,Smartphones,Apple,0,0,0,0.8,False,2025-04-14,8.91,15.55,0.0,0.0,0.0
2025-04-06,P000020,LOC004,Electronics,Smartphones,Apple,0,0,0,0.8,False,2025-04-14,8.91,15.55,0.0,0.0,0.0
2025-04-07,P000020,LOC004,Electronics,Smartphones,Apple,0,0,0,0.8,False,2025-04-14,8.91,15.55,0.0,0.0,0.0
2025-04-08,P000020,LOC004,Electronics,Smartphones,Apple,0,0,0,0.8,True,2025-04-14,8.91,15.55,0.0,0.0,0.0
2025-04-09,P000020,LOC004,Electronics,Smartphones,Apple,0,0,0,0.8,False,2025-04-14,8.91,15.55,0.0,0.0,0.0
2025-04-10,P000020,LOC004,Electronics,Smartphones,Apple,0,0,0,0.8,False,2025-04-14,8.91,15.55,0.0,0.0,0.0
2025-04-11,P000020,LOC004,Electronics,Smartphones,Apple,0,0,0,0.8,True,2025-04-14,8.91,15.55,0.0,0.0,0.0
2025-04-12,P000020,LOC004,Electronics,Smartphones,Apple,0,0,0,0.8,False,2025-04-14,8.91,15.55,0.0,0.0,0.0
2025-04-13,P000020,LOC004,Electronics,Smartphones,Apple,0,0,0,0.8,True,2025-04-14,8.91,15.55,0.0,0.0,0.0
2025-04-14,P000020,LOC004,Electronics,Smartphones,Apple,0,0,0,0.8,False,2025-04-14,8.91,15.55,0.0,0.0,0.0
2025-04-15,P000020,LOC004,Electronics,Smartphones,Apple,0,0,0,0.8,False,2025-04-14,8.91,15.55,0.0,0.0,0.0
2025-04-16,P000020,LOC004,Electronics,Smartphones,Apple,0,0,0,0.8,False,2025-04-14,8.91,15.55,0.0,0.0,0.0
2025-04-17,P000020,LOC004,Electronics,Smartphones,Apple,0,0,0,0.8,False,2025-04-14,8.91,15.55,0.0,0.0,0.0
2025-04-18,P000020,LOC004,Electronics,Smartphones,Apple,0,0,0,0.8,False,2025-04-14,8.91,15.55,0.0,0.0,0.0
2025-04-19,P000020,LOC004,Electronics,Smartphones,Apple,0,0,0,0.8,False,2025-04-14,8.91,15.55,0.0,0.0,0.0
2025-04-20,P000020,LOC004,Electronics,Smartphones,Apple,0,0,0,0.8,False,2025-04-14,8.91,15.55,0.0,0.0,0.0
2025-04-21,P000020,LOC004,Electronics,Smartphones,Apple,0,0,0,0.8,False,2025-04-14,8.91,15.55,0.0,0.0,0.0
2025-04-22,P000020,LOC004,Electronics,Smartphones,Apple,0,0,0,0.8,False,2025-04-14,8.91,15.55,0.0,0.0,0.0
2025-04-23,P000020,LOC004,Electronics,Smartphones,Apple,0,0,0,0.8,False,2025-04-14,8.91,15.55,0.0,0.0,0.0
2025-04-24,P000020,LOC004,Electronics,Smartphones,Apple,0,0,0,0.8,False,2025-04-14,8.91,15.55,0.0,0.0,0.0
2025-04-25,P000020,LOC004,Electronics,Smartphones,Apple,0,0,0,0.8,False,2025-04-14,8.91,15.55,0.0,0.0,0.0
2025-04-26,P000020,LOC004,Electronics,Smartphones,Apple,0,0,0,0.8,False,2025-04-14,8.91,15.55,0.0,0.0,0.0
2025-04-27,P000020,LOC004,Electronics,Smartphones,Apple,0,0,0,0.8,False,2025-04-14,8.91,15.55,0.0,0.0,0.0
2025-04-28,P000020,LOC004,Electronics,Smartphones,Apple,0,0,0,0.8,False,2025-04-14,8.91,15.55,0.0,0.0,0.0
2025-04-29,P000020,LOC004,Electronics,Smartphones,Apple,0,0,0,0.8,False,2025-04-14,8.91,15.55,0.0,0.0,0.0
2025-04-01,P000023,LOC008,Apparel,Men's Clothing,Gap,2,1,2,0.8,False,2025-04-14,303.16,670.32,1340.64,606.32,734.32
2025-04-02,P000023,LOC008,Apparel,Men's Clothing,Gap,2,1,2,0.8,False,2025-04-14,303.16,670.32,1340.64,606.32,734.32
2025-04-03,P000023,LOC008,Apparel,Men's Clothing,Gap,2,1,2,0.8,False,2025-04-14,303.16,670.32,1340.64,606.32,734.32
2025-04-04,P000023,LOC008,Apparel,Men's Clothing,Gap,2,1,2,0.8,False,2025-04-14,303.16,670.32,1340.64,606.32,734.32
2025-04-05,P000023,LOC008,Apparel,Men's Clothing,Gap,2,1,2,0.8,False,2025-04-14,303.16,670.32,1340.64,606.32,734.32
2025-04-06,P000023,LOC008,Apparel,Men's Clothing,Gap,2,1,2,0.8,False,2025-04-14,303.16,670.32,1340.64,606.32,734.32
2025-04-07,P000023,LOC008,Apparel,Men's Clothing,Gap,2,1,2,0.8,False,2025-04-14,303.16,670.32,1340.64,606.32,734.32
2025-04-08,P000023,LOC008,Apparel,Men's Clothing,Gap,2,1,2,0.8,False,2025-04-14,303.16,670.32,1340.64,606.32,734.32
2025-04-09,P000023,LOC008,Apparel,Men's Clothing,Gap,2,1,2,0.8,False,2025-04-14,303.16,670.32,1340.64,606.32,734.32
2025-04-10,P000023,LOC008,Apparel,Men's Clothing,Gap,2,1,2,0.8,False,2025-04-14,303.16,670.32,1340.64,606.32,734.32
2025-04-11,P000023,LOC008,Apparel,Men's Clothing,Gap,2,1,2,0.8,False,2025-04-14,303.16,670.32,1340.64,606.32,734.32
2025-04-12,P000023,LOC008,Apparel,Men's Clothing,Gap,2,1,2,0.8,False,2025-04-14,303.16,670.32,1340.64,606.32,734.32
2025-04-13,P000023,LOC008,Apparel,Men's Clothing,Gap,3,2,3,0.8,True,2025-04-14,303.16,670.32,2010.96,909.48,1101.48
2025-04-14,P000023,LOC008,Apparel,Men's Clothing,Gap,2,1,2,0.8,False,2025-04-14,303.16,670.32,1340.64,606.32,734.32
2025-04-15,P000023,LOC008,Apparel,Men's Clothing,Gap,3,2,3,0.8,True,2025-04-14,303.16,670.32,2010.96,909.48,1101.48
2025-04-16,P000023,LOC008,Apparel,Men's Clothing,Gap,3,2,3,0.8,True,2025-04-14,303.16,670.32,2010.96,909.48,1101.48
2025-04-17,P000023,LOC008,Apparel,Men's Clothing,Gap,2,1,2,0.8,False,2025-04-14,303.16,670.32,1340.64,606.32,734.32
2025-04-18,P000023,LOC008,Apparel,Men's Clothing,Gap,2,1,2,0.8,False,2025-04-14,303.16,670.32,1340.64,606.32,734.32
2025-04-19,P000023,LOC008,Apparel,Men's Clothing,Gap,2,1,2,0.8,False,2025-04-14,303.16,670.32,1340.64,606.32,734.32
2025-04-20,P000023,LOC008,Apparel,Men's Clothing,Gap,3,2,3,0.8,False,2025-04-14,303.16,670.32,2010.96,909.48,1101.48
2025-04-21,P000023,LOC008,Apparel,Men's Clothing,Gap,2,1,2,0.8,False,2025-04-14,303.16,670.32,1340.64,606.32,734.32
2025-04-22,P000023,LOC008,Apparel,Men's Clothing,Gap,2,1,2,0.8,False,2025-04-14,303.16,670.32,1340.64,606.32,734.32
2025-04-23,P000023,LOC008,Apparel,Men's Clothing,Gap,2,1,2,0.8,False,2025-04-14,303.16,670.32,1340.64,606.32,734.32
2025-04-24,P000023,LOC008,Apparel,Men's Clothing,Gap,2,1,2,0.8,False,2025-04-14,303.16,670.32,1340.64,606.32,734.32
2025-04-25,P000023,LOC008,Apparel,Men's Clothing,Gap,2,1,2,0.8,False,2025-04-14,303.16,670.32,1340.64,606.32,734.32
2025-04-26,P000023,LOC008,Apparel,Men's Clothing,Gap,2,1,2,0.8,False,2025-04-14,303.16,670.32,1340.64,606.32,734.32
2025-04-27,P000023,LOC008,Apparel,Men's Clothing,Gap,2,1,2,0.8,False,2025-04-14,303.16,670.32,1340.64,606.32,734.32
2025-04-28,P000023,LOC008,Apparel,Men's Clothing,Gap,3,2,3,0.8,False,2025-04-14,303.16,670.32,2010.96,909.48,1101.48
2025-04-29,P000023,LOC008,Apparel,Men's Clothing,Gap,3,2,3,0.8,False,2025-04-14,303.16,670.32,2010.96,909.48,1101.48
2025-04-01,P000025,LOC008,Beauty & Personal Care,Skincare,Maybelline,4,3,4,0.8,False,2025-04-14,653.63,985.57,3942.28,2614.52,1327.7600000000002
2025-04-02,P000025,LOC008,Beauty & Personal Care,Skincare,Maybelline,4,3,4,0.8,False,2025-04-14,653.63,985.57,3942.28,2614.52,1327.7600000000002
2025-04-03,P000025,LOC008,Beauty & Personal Care,Skincare,Maybelline,3,2,3,0.8,False,2025-04-14,653.63,985.57,2956.71,1960.8899999999999,995.8200000000002
2025-04-04,P000025,LOC008,Beauty & Personal Care,Skincare,Maybelline,3,2,3,0.8,False,2025-04-14,653.63,985.57,2956.71,1960.8899999999999,995.8200000000002
2025-04-05,P000025,LOC008,Beauty & Personal Care,Skincare,Maybelline,4,3,4,0.8,False,2025-04-14,653.63,985.57,3942.28,2614.52,1327.7600000000002
2025-04-06,P000025,LOC008,Beauty & Personal Care,Skincare,Maybelline,3,2,3,0.8,False,2025-04-14,653.63,985.57,2956.71,1960.8899999999999,995.8200000000002
2025-04-07,P000025,LOC008,Beauty & Personal Care,Skincare,Maybelline,3,2,3,0.8,False,2025-04-14,653.63,985.57,2956.71,1960.8899999999999,995.8200000000002
2025-04-08,P000025,LOC008,Beauty & Personal Care,Skincare,Maybelline,3,2,3,0.8,False,2025-04-14,653.63,985.57,2956.71,1960.8899999999999,995.8200000000002
2025-04-09,P000025,LOC008,Beauty & Personal Care,Skincare,Maybelline,4,3,4,0.8,False,2025-04-14,653.63,985.57,3942.28,2614.52,1327.7600000000002
2025-04-10,P000025,LOC008,Beauty & Personal Care,Skincare,Maybelline,4,3,4,0.8,False,2025-04-14,653.63,985.57,3942.28,2614.52,1327.7600000000002
2025-04-11,P000025,LOC008,Beauty & Personal Care,Skincare,Maybelline,4,3,4,0.8,False,2025-04-14,653.63,985.57,3942.28,2614.52,1327.7600000000002
2025-04-12,P000025,LOC008,Beauty & Personal Care,Skincare,Maybelline,4,3,4,0.8,False,2025-04-14,653.63,985.57,3942.28,2614.52,1327.7600000000002
2025-04-13,P000025,LOC008,Beauty & Personal Care,Skincare,Maybelline,3,2,3,0.8,False,2025-04-14,653.63,985.57,2956.71,1960.8899999999999,995.8200000000002
2025-04-14,P000025,LOC008,Beauty & Personal Care,Skincare,Maybelline,4,3,4,0.8,False,2025-04-14,653.63,985.57,3942.28,2614.52,1327.7600000000002
2025-04-15,P000025,LOC008,Beauty & Personal Care,Skincare,Maybelline,3,2,3,0.8,False,2025-04-14,653.63,985.57,2956.71,1960.8899999999999,995.8200000000002
2025-04-16,P000025,LOC008,Beauty & Personal Care,Skincare,Maybelline,4,3,4,0.8,False,2025-04-14,653.63,985.57,3942.28,2614.52,1327.7600000000002
2025-04-17,P000025,LOC008,Beauty & Personal Care,Skincare,Maybelline,4,3,4,0.8,False,2025-04-14,653.63,985.57,3942.28,2614.52,1327.7600000000002
2025-04-18,P000025,LOC008,Beauty & Personal Care,Skincare,Maybelline,4,3,4,0.8,False,2025-04-14,653.63,985.57,3942.28,2614.52,1327.7600000000002
2025-04-19,P000025,LOC008,Beauty & Personal Care,Skincare,Maybelline,4,3,4,0.8,False,2025-04-14,653.63,985.57,3942.28,2614.52,1327.7600000000002
2025-04-20,P000025,LOC008,Beauty & Personal Care,Skincare,Maybelline,4,3,4,0.8,False,2025-04-14,653.63,985.57,3942.28,2614.52,1327.7600000000002
2025-04-21,P000025,LOC008,Beauty & Personal Care,Skincare,Maybelline,3,2,3,0.8,False,2025-04-14,653.63,985.57,2956.71,1960.8899999999999,995.8200000000002
2025-04-22,P000025,LOC008,Beauty & Personal Care,Skincare,Maybelline,3,2,3,0.8,False,2025-04-14,653.63,985.57,2956.71,1960.8899999999999,995.8200000000002
2025-04-23,P000025,LOC008,Beauty & Personal Care,Skincare,Maybelline,3,2,3,0.8,False,2025-04-14,653.63,985.57,2956.71,1960.8899999999999,995.8200000000002
2025-04-24,P000025,LOC008,Beauty & Personal Care,Skincare,Maybelline,4,3,4,0.8,False,2025-04-14,653.63,985.57,3942.28,2614.52,1327.7600000000002
2025-04-25,P000025,LOC008,Beauty & Personal Care,Skincare,Maybelline,4,3,4,0.8,False,2025-04-14,653.63,985.57,3942.28,2614.52,1327.7600000000002
2025-04-26,P000025,LOC008,Beauty & Personal Care,Skincare,Maybelline,3,2,3,0.8,False,2025-04-14,653.63,985.57,2956.71,1960.8899999999999,995.8200000000002
2025-04-27,P000025,LOC008,Beauty & Personal Care,Skincare,Maybelline,3,2,3,0.8,False,2025-04-14,653.63,985.57,2956.71,1960.8899999999999,995.8200000000002
2025-04-28,P000025,LOC008,Beauty & Personal Care,Skincare,Maybelline,4,3,4,0.8,False,2025-04-14,653.63,985.57,3942.28,2614.52,1327.7600000000002
2025-04-29,P000025,LOC008,Beauty & Personal Care,Skincare,Maybelline,4,3,4,0.8,False,2025-04-14,653.63,985.57,3942.28,2614.52,1327.7600000000002
2025-04-01,P000025,LOC015,Beauty & Personal Care,Skincare,Maybelline,2,1,2,0.8,False,2025-04-14,653.63,985.57,1971.14,1307.26,663.8800000000001
2025-04-02,P000025,LOC015,Beauty & Personal Care,Skincare,Maybelline,2,1,2,0.8,False,2025-04-14,653.63,985.57,1971.14,1307.26,663.8800000000001
2025-04-03,P000025,LOC015,Beauty & Personal Care,Skincare,Maybelline,1,0,1,0.8,False,2025-04-14,653.63,985.57,985.57,653.63,331.94000000000005
2025-04-04,P000025,LOC015,Beauty & Personal Care,Skincare,Maybelline,2,1,2,0.8,False,2025-04-14,653.63,985.57,1971.14,1307.26,663.8800000000001
2025-04-05,P000025,LOC015,Beauty & Personal Care,Skincare,Maybelline,2,1,2,0.8,False,2025-04-14,653.63,985.57,1971.14,1307.26,663.8800000000001
2025-04-06,P000025,LOC015,Beauty & Personal Care,Skincare,Maybelline,1,0,1,0.8,False,2025-04-14,653.63,985.57,985.57,653.63,331.94000000000005
2025-04-07,P000025,LOC015,Beauty & Personal Care,Skincare,Maybelline,1,0,1,0.8,False,2025-04-14,653.63,985.57,985.57,653.63,331.94000000000005
2025-04-08,P000025,LOC015,Beauty & Personal Care,Skincare,Maybelline,2,1,2,0.8,False,2025-04-14,653.63,985.57,1971.14,1307.26,663.8800000000001
2025-04-09,P000025,LOC015,Beauty & Personal Care,Skincare,Maybelline,2,1,2,0.8,False,2025-04-14,653.63,985.57,1971.14,1307.26,663.8800000000001
2025-04-10,P000025,LOC015,Beauty & Personal Care,Skincare,Maybelline,2,1,2,0.8,True,2025-04-14,653.63,985.57,1971.14,1307.26,663.8800000000001
2025-04-11,P000025,LOC015,Beauty & Personal Care,Skincare,Maybelline,2,1,2,0.8,False,2025-04-14,653.63,985.57,1971.14,1307.26,663.8800000000001
2025-04-12,P000025,LOC015,Beauty & Personal Care,Skincare,Maybelline,2,1,2,0.8,True,2025-04-14,653.63,985.57,1971.14,1307.26,663.8800000000001
2025-04-13,P000025,LOC015,Beauty & Personal Care,Skincare,Maybelline,2,1,2,0.8,False,2025-04-14,653.63,985.57,1971.14,1307.26,663.8800000000001
2025-04-14,P000025,LOC015,Beauty & Personal Care,Skincare,Maybelline,1,0,1,0.8,False,2025-04-14,653.63,985.57,985.57,653.63,331.94000000000005
2025-04-15,P000025,LOC015,Beauty & Personal Care,Skincare,Maybelline,1,0,1,0.8,False,2025-04-14,653.63,985.57,985.57,653.63,331.94000000000005
2025-04-16,P000025,LOC015,Beauty & Personal Care,Skincare,Maybelline,2,1,2,0.8,False,2025-04-14,653.63,985.57,1971.14,1307.26,663.8800000000001
2025-04-17,P000025,LOC015,Beauty & Personal Care,Skincare,Maybelline,2,1,2,0.8,False,2025-04-14,653.63,985.57,1971.14,1307.26,663.8800000000001
2025-04-18,P000025,LOC015,Beauty & Personal Care,Skincare,Maybelline,1,0,1,0.8,False,2025-04-14,653.63,985.57,985.57,653.63,331.94000000000005
2025-04-19,P000025,LOC015,Beauty & Personal Care,Skincare,Maybelline,1,0,1,0.8,False,2025-04-14,653.63,985.57,985.57,653.63,331.94000000000005
2025-04-20,P000025,LOC015,Beauty & Personal Care,Skincare,Maybelline,2,1,2,0.8,False,2025-04-14,653.63,985.57,1971.14,1307.26,663.8800000000001
2025-04-21,P000025,LOC015,Beauty & Personal Care,Skincare,Maybelline,2,1,2,0.8,False,2025-04-14,653.63,985.57,1971.14,1307.26,663.8800000000001
2025-04-22,P000025,LOC015,Beauty & Personal Care,Skincare,Maybelline,2,1,2,0.8,False,2025-04-14,653.63,985.57,1971.14,1307.26,663.8800000000001
2025-04-23,P000025,LOC015,Beauty & Personal Care,Skincare,Maybelline,2,1,2,0.8,False,2025-04-14,653.63,985.57,1971.14,1307.26,663.8800000000001
2025-04-24,P000025,LOC015,Beauty & Personal Care,Skincare,Maybelline,1,0,1,0.8,False,2025-04-14,653.63,985.57,985.57,653.63,331.94000000000005
2025-04-25,P000025,LOC015,Beauty & Personal Care,Skincare,Maybelline,3,2,3,0.8,True,2025-04-14,653.63,985.57,2956.71,1960.8899999999999,995.8200000000002
2025-04-26,P000025,LOC015,Beauty & Personal Care,Skincare,Maybelline,2,1,2,0.8,False,2025-04-14,653.63,985.57,1971.14,1307.26,663.8800000000001
2025-04-27,P000025,LOC015,Beauty & Personal Care,Skincare,Maybelline,2,1,2,0.8,False,2025-04-14,653.63,985.57,1971.14,1307.26,663.8800000000001
2025-04-28,P000025,LOC015,Beauty & Personal Care,Skincare,Maybelline,1,0,1,0.8,False,2025-04-14,653.63,985.57,985.57,653.63,331.94000000000005
2025-04-29,P000025,LOC015,Beauty & Personal Care,Skincare,Maybelline,1,0,1,0.8,False,2025-04-14,653.63,985.57,985.57,653.63,331.94000000000005
2025-04-01,P000027,LOC004,Beauty & Personal Care,Skincare,Dove,3,2,3,0.8,False,2025-04-14,506.27,945.04,2835.12,1518.81,1316.31
2025-04-02,P000027,LOC004,Beauty & Personal Care,Skincare,Dove,3,2,3,0.8,False,2025-04-14,506.27,945.04,2835.12,1518.81,1316.31
2025-04-03,P000027,LOC004,Beauty & Personal Care,Skincare,Dove,3,2,3,0.8,False,2025-04-14,506.27,945.04,2835.12,1518.81,1316.31
2025-04-04,P000027,LOC004,Beauty & Personal Care,Skincare,Dove,4,3,4,0.8,False,2025-04-14,506.27,945.04,3780.16,2025.08,1755.08
2025-04-05,P000027,LOC004,Beauty & Personal Care,Skincare,Dove,4,3,4,0.8,True,2025-04-14,506.27,945.04,3780.16,2025.08,1755.08
2025-04-06,P000027,LOC004,Beauty & Personal Care,Skincare,Dove,4,3,4,0.8,False,2025-04-14,506.27,945.04,3780.16,2025.08,1755.08
2025-04-07,P000027,LOC004,Beauty & Personal Care,Skincare,Dove,4,3,4,0.8,False,2025-04-14,506.27,945.04,3780.16,2025.08,1755.08
2025-04-08,P000027,LOC004,Beauty & Personal Care,Skincare,Dove,5,4,6,0.8,True,2025-04-14,506.27,945.04,4725.2,2531.35,2193.85
2025-04-09,P000027,LOC004,Beauty & Personal Care,Skincare,Dove,3,2,3,0.8,False,2025-04-14,506.27,945.04,2835.12,1518.81,1316.31
2025-04-10,P000027,LOC004,Beauty & Personal Care,Skincare,Dove,3,2,3,0.8,False,2025-04-14,506.27,945.04,2835.12,1518.81,1316.31
2025-04-11,P000027,LOC004,Beauty & Personal Care,Skincare,Dove,4,3,4,0.8,False,2025-04-14,506.27,945.04,3780.16,2025.08,1755.08
2025-04-12,P000027,LOC004,Beauty & Personal Care,Skincare,Dove,3,2,3,0.8,False,2025-04-14,506.27,945.04,2835.12,1518.81,1316.31
2025-04-13,P000027,LOC004,Beauty & Personal Care,Skincare,Dove,5,4,6,0.8,True,2025-04-14,506.27,945.04,4725.2,2531.35,2193.85
2025-04-14,P000027,LOC004,Beauty & Personal Care,Skincare,Dove,4,3,4,0.8,False,2025-04-14,506.27,945.04,3780.16,2025.08,1755.08
2025-04-15,P000027,LOC004,Beauty & Personal Care,Skincare,Dove,4,3,4,0.8,False,2025-04-14,506.27,945.04,3780.16,2025.08,1755.08
2025-04-16,P000027,LOC004,Beauty & Personal Care,Skincare,Dove,3,2,3,0.8,False,2025-04-14,506.27,945.04,2835.12,1518.81,1316.31
2025-04-17,P000027,LOC004,Beauty & Personal Care,Skincare,Dove,3,2,3,0.8,False,2025-04-14,506.27,945.04,2835.12,1518.81,1316.31
2025-04-18,P000027,LOC004,Beauty & Personal Care,Skincare,Dove,4,3,4,0.8,False,2025-04-14,506.27,945.04,3780.16,2025.08,1755.08
2025-04-19,P000027,LOC004,Beauty & Personal Care,Skincare,Dove,3,2,3,0.8,False,2025-04-14,506.27,945.04,2835.12,1518.81,1316.31
2025-04-20,P000027,LOC004,Beauty & Personal Care,Skincare,Dove,3,2,3,0.8,False,2025-04-14,506.27,945.04,2835.12,1518.81,1316.31
2025-04-21,P000027,LOC004,Beauty & Personal Care,Skincare,Dove,4,3,4,0.8,False,2025-04-14,506.27,945.04,3780.16,2025.08,1755.08
2025-04-22,P000027,LOC004,Beauty & Personal Care,Skincare,Dove,3,2,3,0.8,False,2025-04-14,506.27,945.04,2835.12,1518.81,1316.31
2025-04-23,P000027,LOC004,Beauty & Personal Care,Skincare,Dove,4,3,4,0.8,True,2025-04-14,506.27,945.04,3780.16,2025.08,1755.08
2025-04-24,P000027,LOC004,Beauty & Personal Care,Skincare,Dove,3,2,3,0.8,False,2025-04-14,506.27,945.04,2835.12,1518.81,1316.31
2025-04-25,P000027,LOC004,Beauty & Personal Care,Skincare,Dove,4,3,4,0.8,False,2025-04-14,506.27,945.04,3780.16,2025.08,1755.08
2025-04-26,P000027,LOC004,Beauty & Personal Care,Skincare,Dove,3,2,3,0.8,False,2025-04-14,506.27,945.04,2835.12,1518.81,1316.31
2025-04-27,P000027,LOC004,Beauty & Personal Care,Skincare,Dove,4,3,4,0.8,False,2025-04-14,506.27,945.04,3780.16,2025.08,1755.08
2025-04-28,P000027,LOC004,Beauty & Personal Care,Skincare,Dove,3,2,3,0.8,False,2025-04-14,506.27,945.04,2835.12,1518.81,1316.31
2025-04-29,P000027,LOC004,Beauty & Personal Care,Skincare,Dove,4,3,4,0.8,False,2025-04-14,506.27,945.04,3780.16,2025.08,1755.08
2025-04-01,P000027,LOC008,Beauty & Personal Care,Skincare,Dove,2,1,2,0.8,False,2025-04-14,506.27,945.04,1890.08,1012.54,877.54
2025-04-02,P000027,LOC008,Beauty & Personal Care,Skincare,Dove,2,1,2,0.8,False,2025-04-14,506.27,945.04,1890.08,1012.54,877.54
2025-04-03,P000027,LOC008,Beauty & Personal Care,Skincare,Dove,3,2,3,0.8,False,2025-04-14,506.27,945.04,2835.12,1518.81,1316.31
2025-04-04,P000027,LOC008,Beauty & Personal Care,Skincare,Dove,2,1,2,0.8,False,2025-04-14,506.27,945.04,1890.08,1012.54,877.54
2025-04-05,P000027,LOC008,Beauty & Personal Care,Skincare,Dove,3,2,3,0.8,True,2025-04-14,506.27,945.04,2835.12,1518.81,1316.31
2025-04-06,P000027,LOC008,Beauty & Personal Care,Skincare,Dove,3,2,3,0.8,False,2025-04-14,506.27,945.04,2835.12,1518.81,1316.31
2025-04-07,P000027,LOC008,Beauty & Personal Care,Skincare,Dove,2,1,2,0.8,False,2025-04-14,506.27,945.04,1890.08,1012.54,877.54
2025-04-08,P000027,LOC008,Beauty & Personal Care,Skincare,Dove,2,1,2,0.8,False,2025-04-14,506.27,945.04,1890.08,1012.54,877.54
2025-04-09,P000027,LOC008,Beauty & Personal Care,Skincare,Dove,2,1,2,0.8,False,2025-04-14,506.27,945.04,1890.08,1012.54,877.54
2025-04-10,P000027,LOC008,Beauty & Personal Care,Skincare,Dove,2,1,2,0.8,False,2025-04-14,506.27,945.04,1890.08,1012.54,877.54
2025-04-11,P000027,LOC008,Beauty & Personal Care,Skincare,Dove,2,1,2,0.8,False,2025-04-14,506.27,945.04,1890.08,1012.54,877.54
2025-04-12,P000027,LOC008,Beauty & Personal Care,Skincare,Dove,2,1,2,0.8,False,2025-04-14,506.27,945.04,1890.08,1012.54,877.54
2025-04-13,P000027,LOC008,Beauty & Personal Care,Skincare,Dove,2,1,2,0.8,False,2025-04-14,506.27,945.04,1890.08,1012.54,877.54
2025-04-14,P000027,LOC008,Beauty & Personal Care,Skincare,Dove,2,1,2,0.8,False,2025-04-14,506.27,945.04,1890.08,1012.54,877.54
2025-04-15,P000027,LOC008,Beauty & Personal Care,Skincare,Dove,2,1,2,0.8,False,2025-04-14,506.27,945.04,1890.08,1012.54,877.54
2025-04-16,P000027,LOC008,Beauty & Personal Care,Skincare,Dove,2,1,2,0.8,False,2025-04-14,506.27,945.04,1890.08,1012.54,877.54
2025-04-17,P000027,LOC008,Beauty & Personal Care,Skincare,Dove,2,1,2,0.8,False,2025-04-14,506.27,945.04,1890.08,1012.54,877.54
2025-04-18,P000027,LOC008,Beauty & Personal Care,Skincare,Dove,2,1,2,0.8,False,2025-04-14,506.27,945.04,1890.08,1012.54,877.54
2025-04-19,P000027,LOC008,Beauty & Personal Care,Skincare,Dove,2,1,2,0.8,False,2025-04-14,506.27,945.04,1890.08,1012.54,877.54
2025-04-20,P000027,LOC008,Beauty & Personal Care,Skincare,Dove,2,1,2,0.8,False,2025-04-14,506.27,945.04,1890.08,1012.54,877.54
2025-04-21,P000027,LOC008,Beauty & Personal Care,Skincare,Dove,3,2,3,0.8,False,2025-04-14,506.27,945.04,2835.12,1518.81,1316.31
2025-04-22,P000027,LOC008,Beauty & Personal Care,Skincare,Dove,2,1,2,0.8,False,2025-04-14,506.27,945.04,1890.08,1012.54,877.54
2025-04-23,P000027,LOC008,Beauty & Personal Care,Skincare,Dove,2,1,2,0.8,False,2025-04-14,506.27,945.04,1890.08,1012.54,877.54
2025-04-24,P000027,LOC008,Beauty & Personal Care,Skincare,Dove,2,1,2,0.8,False,2025-04-14,506.27,945.04,1890.08,1012.54,877.54
2025-04-25,P000027,LOC008,Beauty & Personal Care,Skincare,Dove,2,1,2,0.8,False,2025-04-14,506.27,945.04,1890.08,1012.54,877.54
2025-04-26,P000027,LOC008,Beauty & Personal Care,Skincare,Dove,3,2,3,0.8,False,2025-04-14,506.27,945.04,2835.12,1518.81,1316.31
2025-04-27,P000027,LOC008,Beauty & Personal Care,Skincare,Dove,2,1,2,0.8,False,2025-04-14,506.27,945.04,1890.08,1012.54,877.54
2025-04-28,P000027,LOC008,Beauty & Personal Care,Skincare,Dove,2,1,2,0.8,False,2025-04-14,506.27,945.04,1890.08,1012.54,877.54
2025-04-29,P000027,LOC008,Beauty & Personal Care,Skincare,Dove,2,1,2,0.8,False,2025-04-14,506.27,945.04,1890.08,1012.54,877.54
2025-04-01,P000029,LOC006,Beauty & Personal Care,Personal Hygiene,Dove,5,4,6,0.8,False,2025-04-14,46.15,96.26,481.3,230.75,250.55
2025-04-02,P000029,LOC006,Beauty & Personal Care,Personal Hygiene,Dove,5,4,6,0.8,True,2025-04-14,46.15,96.26,481.3,230.75,250.55
2025-04-03,P000029,LOC006,Beauty & Personal Care,Personal Hygiene,Dove,4,3,4,0.8,False,2025-04-14,46.15,96.26,385.04,184.6,200.44000000000003
2025-04-04,P000029,LOC006,Beauty & Personal Care,Personal Hygiene,Dove,4,3,4,0.8,False,2025-04-14,46.15,96.26,385.04,184.6,200.44000000000003
2025-04-05,P000029,LOC006,Beauty & Personal Care,Personal Hygiene,Dove,5,4,6,0.8,False,2025-04-14,46.15,96.26,481.3,230.75,250.55
2025-04-06,P000029,LOC006,Beauty & Personal Care,Personal Hygiene,Dove,4,3,4,0.8,False,2025-04-14,46.15,96.26,385.04,184.6,200.44000000000003
2025-04-07,P000029,LOC006,Beauty & Personal Care,Personal Hygiene,Dove,3,2,3,0.8,False,2025-04-14,46.15,96.26,288.78000000000003,138.45,150.33000000000004
2025-04-08,P000029,LOC006,Beauty & Personal Care,Personal Hygiene,Dove,3,2,3,0.8,False,2025-04-14,46.15,96.26,288.78000000000003,138.45,150.33000000000004
2025-04-09,P000029,LOC006,Beauty & Personal Care,Personal Hygiene,Dove,4,3,4,0.8,False,2025-04-14,46.15,96.26,385.04,184.6,200.44000000000003
2025-04-10,P000029,LOC006,Beauty & Personal Care,Personal Hygiene,Dove,3,2,3,0.8,False,2025-04-14,46.15,96.26,288.78000000000003,138.45,150.33000000000004
2025-04-11,P000029,LOC006,Beauty & Personal Care,Personal Hygiene,Dove,4,3,4,0.8,False,2025-04-14,46.15,96.26,385.04,184.6,200.44000000000003
2025-04-12,P000029,LOC006,Beauty & Personal Care,Personal Hygiene,Dove,4,3,4,0.8,False,2025-04-14,46.15,96.26,385.04,184.6,200.44000000000003
2025-04-13,P000029,LOC006,Beauty & Personal Care,Personal Hygiene,Dove,5,4,6,0.8,False,2025-04-14,46.15,96.26,481.3,230.75,250.55
2025-04-14,P000029,LOC006,Beauty & Personal Care,Personal Hygiene,Dove,4,3,4,0.8,False,2025-04-14,46.15,96.26,385.04,184.6,200.44000000000003
2025-04-15,P000029,LOC006,Beauty & Personal Care,Personal Hygiene,Dove,5,4,6,0.8,False,2025-04-14,46.15,96.26,481.3,230.75,250.55
2025-04-16,P000029,LOC006,Beauty & Personal Care,Personal Hygiene,Dove,7,5,8,0.8,True,2025-04-14,46.15,96.26,673.82,323.05,350.77000000000004
2025-04-17,P000029,LOC006,Beauty & Personal Care,Personal Hygiene,Dove,5,4,6,0.8,False,2025-04-14,46.15,96.26,481.3,230.75,250.55
2025-04-18,P000029,LOC006,Beauty & Personal Care,Personal Hygiene,Dove,4,3,4,0.8,False,2025-04-14,46.15,96.26,385.04,184.6,200.44000000000003
2025-04-19,P000029,LOC006,Beauty & Personal Care,Personal Hygiene,Dove,4,3,4,0.8,False,2025-04-14,46.15,96.26,385.04,184.6,200.44000000000003
2025-04-20,P000029,LOC006,Beauty & Personal Care,Personal Hygiene,Dove,3,2,3,0.8,False,2025-04-14,46.15,96.26,288.78000000000003,138.45,150.33000000000004
2025-04-21,P000029,LOC006,Beauty & Personal Care,Personal Hygiene,Dove,4,3,4,0.8,False,2025-04-14,46.15,96.26,385.04,184.6,200.44000000000003
2025-04-22,P000029,LOC006,Beauty & Personal Care,Personal Hygiene,Dove,6,4,7,0.8,True,2025-04-14,46.15,96.26,577.5600000000001,276.9,300.6600000000001
2025-04-23,P000029,LOC006,Beauty & Personal Care,Personal Hygiene,Dove,4,3,4,0.8,False,2025-04-14,46.15,96.26,385.04,184.6,200.44000000000003
2025-04-24,P000029,LOC006,Beauty & Personal Care,Personal Hygiene,Dove,4,3,4,0.8,False,2025-04-14,46.15,96.26,385.04,184.6,200.44000000000003
2025-04-25,P000029,LOC006,Beauty & Personal Care,Personal Hygiene,Dove,4,3,4,0.8,True,2025-04-14,46.15,96.26,385.04,184.6,200.44000000000003
2025-04-26,P000029,LOC006,Beauty & Personal Care,Personal Hygiene,Dove,4,3,4,0.8,False,2025-04-14,46.15,96.26,385.04,184.6,200.44000000000003
2025-04-27,P000029,LOC006,Beauty & Personal Care,Personal Hygiene,Dove,4,3,4,0.8,False,2025-04-14,46.15,96.26,385.04,184.6,200.44000000000003
2025-04-28,P000029,LOC006,Beauty & Personal Care,Personal Hygiene,Dove,5,4,6,0.8,False,2025-04-14,46.15,96.26,481.3,230.75,250.55
2025-04-29,P000029,LOC006,Beauty & Personal Care,Personal Hygiene,Dove,5,4,6,0.8,True,2025-04-14,46.15,96.26,481.3,230.75,250.55
2025-04-01,P000029,LOC015,Beauty & Personal Care,Personal Hygiene,Dove,4,3,4,0.8,False,2025-04-14,46.15,96.26,385.04,184.6,200.44000000000003
2025-04-02,P000029,LOC015,Beauty & Personal Care,Personal Hygiene,Dove,5,4,6,0.8,False,2025-04-14,46.15,96.26,481.3,230.75,250.55
2025-04-03,P000029,LOC015,Beauty & Personal Care,Personal Hygiene,Dove,6,4,7,0.8,False,2025-04-14,46.15,96.26,577.5600000000001,276.9,300.6600000000001
2025-04-04,P000029,LOC015,Beauty & Personal Care,Personal Hygiene,Dove,4,3,4,0.8,False,2025-04-14,46.15,96.26,385.04,184.6,200.44000000000003
2025-04-05,P000029,LOC015,Beauty & Personal Care,Personal Hygiene,Dove,5,4,6,0.8,False,2025-04-14,46.15,96.26,481.3,230.75,250.55
2025-04-06,P000029,LOC015,Beauty & Personal Care,Personal Hygiene,Dove,5,4,6,0.8,False,2025-04-14,46.15,96.26,481.3,230.75,250.55
2025-04-07,P000029,LOC015,Beauty & Personal Care,Personal Hygiene,Dove,5,4,6,0.8,False,2025-04-14,46.15,96.26,481.3,230.75,250.55
2025-04-08,P000029,LOC015,Beauty & Personal Care,Personal Hygiene,Dove,5,4,6,0.8,False,2025-04-14,46.15,96.26,481.3,230.75,250.55
2025-04-09,P000029,LOC015,Beauty & Personal Care,Personal Hygiene,Dove,5,4,6,0.8,False,2025-04-14,46.15,96.26,481.3,230.75,250.55
2025-04-10,P000029,LOC015,Beauty & Personal Care,Personal Hygiene,Dove,5,4,6,0.8,False,2025-04-14,46.15,96.26,481.3,230.75,250.55
2025-04-11,P000029,LOC015,Beauty & Personal Care,Personal Hygiene,Dove,4,3,4,0.8,False,2025-04-14,46.15,96.26,385.04,184.6,200.44000000000003
2025-04-12,P000029,LOC015,Beauty & Personal Care,Personal Hygiene,Dove,4,3,4,0.8,False,2025-04-14,46.15,96.26,385.04,184.6,200.44000000000003
2025-04-13,P000029,LOC015,Beauty & Personal Care,Personal Hygiene,Dove,4,3,4,0.8,False,2025-04-14,46.15,96.26,385.04,184.6,200.44000000000003
2025-04-14,P000029,LOC015,Beauty & Personal Care,Personal Hygiene,Dove,6,4,7,0.8,False,2025-04-14,46.15,96.26,577.5600000000001,276.9,300.6600000000001
2025-04-15,P000029,LOC015,Beauty & Personal Care,Personal Hygiene,Dove,5,4,6,0.8,False,2025-04-14,46.15,96.26,481.3,230.75,250.55
2025-04-16,P000029,LOC015,Beauty & Personal Care,Personal Hygiene,Dove,6,4,7,0.8,False,2025-04-14,46.15,96.26,577.5600000000001,276.9,300.6600000000001
2025-04-17,P000029,LOC015,Beauty & Personal Care,Personal Hygiene,Dove,4,3,4,0.8,False,2025-04-14,46.15,96.26,385.04,184.6,200.44000000000003
2025-04-18,P000029,LOC015,Beauty & Personal Care,Personal Hygiene,Dove,6,4,7,0.8,False,2025-04-14,46.15,96.26,577.5600000000001,276.9,300.6600000000001
2025-04-19,P000029,LOC015,Beauty & Personal Care,Personal Hygiene,Dove,6,4,7,0.8,False,2025-04-14,46.15,96.26,577.5600000000001,276.9,300.6600000000001
2025-04-20,P000029,LOC015,Beauty & Personal Care,Personal Hygiene,Dove,6,4,7,0.8,False,2025-04-14,46.15,96.26,577.5600000000001,276.9,300.6600000000001
2025-04-21,P000029,LOC015,Beauty & Personal Care,Personal Hygiene,Dove,5,4,6,0.8,False,2025-04-14,46.15,96.26,481.3,230.75,250.55
2025-04-22,P000029,LOC015,Beauty & Personal Care,Personal Hygiene,Dove,6,4,7,0.8,False,2025-04-14,46.15,96.26,577.5600000000001,276.9,300.6600000000001
2025-04-23,P000029,LOC015,Beauty & Personal Care,Personal Hygiene,Dove,7,5,8,0.8,True,2025-04-14,46.15,96.26,673.82,323.05,350.77000000000004
2025-04-24,P000029,LOC015,Beauty & Personal Care,Personal Hygiene,Dove,5,4,6,0.8,False,2025-04-14,46.15,96.26,481.3,230.75,250.55
2025-04-25,P000029,LOC015,Beauty & Personal Care,Personal Hygiene,Dove,4,3,4,0.8,False,2025-04-14,46.15,96.26,385.04,184.6,200.44000000000003
2025-04-26,P000029,LOC015,Beauty & Personal Care,Personal Hygiene,Dove,4,3,4,0.8,False,2025-04-14,46.15,96.26,385.04,184.6,200.44000000000003
2025-04-27,P000029,LOC015,Beauty & Personal Care,Personal Hygiene,Dove,5,4,6,0.8,False,2025-04-14,46.15,96.26,481.3,230.75,250.55
2025-04-28,P000029,LOC015,Beauty & Personal Care,Personal Hygiene,Dove,5,4,6,0.8,False,2025-04-14,46.15,96.26,481.3,230.75,250.55
2025-04-29,P000029,LOC015,Beauty & Personal Care,Personal Hygiene,Dove,4,3,4,0.8,False,2025-04-14,46.15,96.26,385.04,184.6,200.44000000000003
2025-04-01,P000029,LOC016,Beauty & Personal Care,Personal Hygiene,Dove,3,2,3,0.8,False,2025-04-14,46.15,96.26,288.78000000000003,138.45,150.33000000000004
2025-04-02,P000029,LOC016,Beauty & Personal Care,Personal Hygiene,Dove,3,2,3,0.8,False,2025-04-14,46.15,96.26,288.78000000000003,138.45,150.33000000000004
2025-04-03,P000029,LOC016,Beauty & Personal Care,Personal Hygiene,Dove,3,2,3,0.8,False,2025-04-14,46.15,96.26,288.78000000000003,138.45,150.33000000000004
2025-04-04,P000029,LOC016,Beauty & Personal Care,Personal Hygiene,Dove,3,2,3,0.8,False,2025-04-14,46.15,96.26,288.78000000000003,138.45,150.33000000000004
2025-04-05,P000029,LOC016,Beauty & Personal Care,Personal Hygiene,Dove,3,2,3,0.8,False,2025-04-14,46.15,96.26,288.78000000000003,138.45,150.33000000000004
2025-04-06,P000029,LOC016,Beauty & Personal Care,Personal Hygiene,Dove,3,2,3,0.8,False,2025-04-14,46.15,96.26,288.78000000000003,138.45,150.33000000000004
2025-04-07,P000029,LOC016,Beauty & Personal Care,Personal Hygiene,Dove,3,2,3,0.8,False,2025-04-14,46.15,96.26,288.78000000000003,138.45,150.33000000000004
2025-04-08,P000029,LOC016,Beauty & Personal Care,Personal Hygiene,Dove,3,2,3,0.8,False,2025-04-14,46.15,96.26,288.78000000000003,138.45,150.33000000000004
2025-04-09,P000029,LOC016,Beauty & Personal Care,Personal Hygiene,Dove,2,1,2,0.8,False,2025-04-14,46.15,96.26,192.52,92.3,100.22000000000001
2025-04-10,P000029,LOC016,Beauty & Personal Care,Personal Hygiene,Dove,3,2,3,0.8,False,2025-04-14,46.15,96.26,288.78000000000003,138.45,150.33000000000004
2025-04-11,P000029,LOC016,Beauty & Personal Care,Personal Hygiene,Dove,3,2,3,0.8,False,2025-04-14,46.15,96.26,288.78000000000003,138.45,150.33000000000004
2025-04-12,P000029,LOC016,Beauty & Personal Care,Personal Hygiene,Dove,3,2,3,0.8,False,2025-04-14,46.15,96.26,288.78000000000003,138.45,150.33000000000004
2025-04-13,P000029,LOC016,Beauty & Personal Care,Personal Hygiene,Dove,3,2,3,0.8,False,2025-04-14,46.15,96.26,288.78000000000003,138.45,150.33000000000004
2025-04-14,P000029,LOC016,Beauty & Personal Care,Personal Hygiene,Dove,3,2,3,0.8,False,2025-04-14,46.15,96.26,288.78000000000003,138.45,150.33000000000004
2025-04-15,P000029,LOC016,Beauty & Personal Care,Personal Hygiene,Dove,3,2,3,0.8,False,2025-04-14,46.15,96.26,288.78000000000003,138.45,150.33000000000004
2025-04-16,P000029,LOC016,Beauty & Personal Care,Personal Hygiene,Dove,3,2,3,0.8,False,2025-04-14,46.15,96.26,288.78000000000003,138.45,150.33000000000004
2025-04-17,P000029,LOC016,Beauty & Personal Care,Personal Hygiene,Dove,3,2,3,0.8,False,2025-04-14,46.15,96.26,288.78000000000003,138.45,150.33000000000004
2025-04-18,P000029,LOC016,Beauty & Personal Care,Personal Hygiene,Dove,4,3,4,0.8,True,2025-04-14,46.15,96.26,385.04,184.6,200.44000000000003
2025-04-19,P000029,LOC016,Beauty & Personal Care,Personal Hygiene,Dove,3,2,3,0.8,False,2025-04-14,46.15,96.26,288.78000000000003,138.45,150.33000000000004
2025-04-20,P000029,LOC016,Beauty & Personal Care,Personal Hygiene,Dove,3,2,3,0.8,False,2025-04-14,46.15,96.26,288.78000000000003,138.45,150.33000000000004
2025-04-21,P000029,LOC016,Beauty & Personal Care,Personal Hygiene,Dove,3,2,3,0.8,False,2025-04-14,46.15,96.26,288.78000000000003,138.45,150.33000000000004
2025-04-22,P000029,LOC016,Beauty & Personal Care,Personal Hygiene,Dove,3,2,3,0.8,False,2025-04-14,46.15,96.26,288.78000000000003,138.45,150.33000000000004
2025-04-23,P000029,LOC016,Beauty & Personal Care,Personal Hygiene,Dove,3,2,3,0.8,False,2025-04-14,46.15,96.26,288.78000000000003,138.45,150.33000000000004
2025-04-24,P000029,LOC016,Beauty & Personal Care,Personal Hygiene,Dove,3,2,3,0.8,False,2025-04-14,46.15,96.26,288.78000000000003,138.45,150.33000000000004
2025-04-25,P000029,LOC016,Beauty & Personal Care,Personal Hygiene,Dove,3,2,3,0.8,False,2025-04-14,46.15,96.26,288.78000000000003,138.45,150.33000000000004
2025-04-26,P000029,LOC016,Beauty & Personal Care,Personal Hygiene,Dove,2,1,2,0.8,False,2025-04-14,46.15,96.26,192.52,92.3,100.22000000000001
2025-04-27,P000029,LOC016,Beauty & Personal Care,Personal Hygiene,Dove,3,2,3,0.8,False,2025-04-14,46.15,96.26,288.78000000000003,138.45,150.33000000000004
2025-04-28,P000029,LOC016,Beauty & Personal Care,Personal Hygiene,Dove,3,2,3,0.8,False,2025-04-14,46.15,96.26,288.78000000000003,138.45,150.33000000000004
2025-04-29,P000029,LOC016,Beauty & Personal Care,Personal Hygiene,Dove,3,2,3,0.8,False,2025-04-14,46.15,96.26,288.78000000000003,138.45,150.33000000000004
2025-04-01,P000034,LOC004,Beauty & Personal Care,Fragrances,Maybelline,3,2,3,0.8,False,2025-04-14,582.94,927.37,2782.11,1748.8200000000002,1033.29
2025-04-02,P000034,LOC004,Beauty & Personal Care,Fragrances,Maybelline,2,1,2,0.8,False,2025-04-14,582.94,927.37,1854.74,1165.88,688.8599999999999
2025-04-03,P000034,LOC004,Beauty & Personal Care,Fragrances,Maybelline,3,2,3,0.8,False,2025-04-14,582.94,927.37,2782.11,1748.8200000000002,1033.29
2025-04-04,P000034,LOC004,Beauty & Personal Care,Fragrances,Maybelline,2,1,2,0.8,False,2025-04-14,582.94,927.37,1854.74,1165.88,688.8599999999999
2025-04-05,P000034,LOC004,Beauty & Personal Care,Fragrances,Maybelline,4,3,4,0.8,True,2025-04-14,582.94,927.37,3709.48,2331.76,1377.7199999999998
2025-04-06,P000034,LOC004,Beauty & Personal Care,Fragrances,Maybelline,3,2,3,0.8,True,2025-04-14,582.94,927.37,2782.11,1748.8200000000002,1033.29
2025-04-07,P000034,LOC004,Beauty & Personal Care,Fragrances,Maybelline,3,2,3,0.8,False,2025-04-14,582.94,927.37,2782.11,1748.8200000000002,1033.29
2025-04-08,P000034,LOC004,Beauty & Personal Care,Fragrances,Maybelline,3,2,3,0.8,False,2025-04-14,582.94,927.37,2782.11,1748.8200000000002,1033.29
2025-04-09,P000034,LOC004,Beauty & Personal Care,Fragrances,Maybelline,3,2,3,0.8,False,2025-04-14,582.94,927.37,2782.11,1748.8200000000002,1033.29
2025-04-10,P000034,LOC004,Beauty & Personal Care,Fragrances,Maybelline,2,1,2,0.8,False,2025-04-14,582.94,927.37,1854.74,1165.88,688.8599999999999
2025-04-11,P000034,LOC004,Beauty & Personal Care,Fragrances,Maybelline,2,1,2,0.8,False,2025-04-14,582.94,927.37,1854.74,1165.88,688.8599999999999
2025-04-12,P000034,LOC004,Beauty & Personal Care,Fragrances,Maybelline,2,1,2,0.8,False,2025-04-14,582.94,927.37,1854.74,1165.88,688.8599999999999
2025-04-13,P000034,LOC004,Beauty & Personal Care,Fragrances,Maybelline,3,2,3,0.8,False,2025-04-14,582.94,927.37,2782.11,1748.8200000000002,1033.29
2025-04-14,P000034,LOC004,Beauty & Personal Care,Fragrances,Maybelline,3,2,3,0.8,False,2025-04-14,582.94,927.37,2782.11,1748.8200000000002,1033.29
2025-04-15,P000034,LOC004,Beauty & Personal Care,Fragrances,Maybelline,3,2,3,0.8,False,2025-04-14,582.94,927.37,2782.11,1748.8200000000002,1033.29
2025-04-16,P000034,LOC004,Beauty & Personal Care,Fragrances,Maybelline,3,2,3,0.8,False,2025-04-14,582.94,927.37,2782.11,1748.8200000000002,1033.29
2025-04-17,P000034,LOC004,Beauty & Personal Care,Fragrances,Maybelline,2,1,2,0.8,False,2025-04-14,582.94,927.37,1854.74,1165.88,688.8599999999999
2025-04-18,P000034,LOC004,Beauty & Personal Care,Fragrances,Maybelline,3,2,3,0.8,True,2025-04-14,582.94,927.37,2782.11,1748.8200000000002,1033.29
2025-04-19,P000034,LOC004,Beauty & Personal Care,Fragrances,Maybelline,2,1,2,0.8,False,2025-04-14,582.94,927.37,1854.74,1165.88,688.8599999999999
2025-04-20,P000034,LOC004,Beauty & Personal Care,Fragrances,Maybelline,2,1,2,0.8,False,2025-04-14,582.94,927.37,1854.74,1165.88,688.8599999999999
2025-04-21,P000034,LOC004,Beauty & Personal Care,Fragrances,Maybelline,2,1,2,0.8,False,2025-04-14,582.94,927.37,1854.74,1165.88,688.8599999999999
2025-04-22,P000034,LOC004,Beauty & Personal Care,Fragrances,Maybelline,2,1,2,0.8,False,2025-04-14,582.94,927.37,1854.74,1165.88,688.8599999999999
2025-04-23,P000034,LOC004,Beauty & Personal Care,Fragrances,Maybelline,3,2,3,0.8,False,2025-04-14,582.94,927.37,2782.11,1748.8200000000002,1033.29
2025-04-24,P000034,LOC004,Beauty & Personal Care,Fragrances,Maybelline,3,2,3,0.8,False,2025-04-14,582.94,927.37,2782.11,1748.8200000000002,1033.29
2025-04-25,P000034,LOC004,Beauty & Personal Care,Fragrances,Maybelline,3,2,3,0.8,False,2025-04-14,582.94,927.37,2782.11,1748.8200000000002,1033.29
2025-04-26,P000034,LOC004,Beauty & Personal Care,Fragrances,Maybelline,2,1,2,0.8,False,2025-04-14,582.94,927.37,1854.74,1165.88,688.8599999999999
2025-04-27,P000034,LOC004,Beauty & Personal Care,Fragrances,Maybelline,3,2,3,0.8,False,2025-04-14,582.94,927.37,2782.11,1748.8200000000002,1033.29
2025-04-28,P000034,LOC004,Beauty & Personal Care,Fragrances,Maybelline,2,1,2,0.8,False,2025-04-14,582.94,927.37,1854.74,1165.88,688.8599999999999
2025-04-29,P000034,LOC004,Beauty & Personal Care,Fragrances,Maybelline,2,1,2,0.8,False,2025-04-14,582.94,927.37,1854.74,1165.88,688.8599999999999
2025-04-01,P000039,LOC004,Beauty & Personal Care,Personal Hygiene,L'Oreal,0,0,0,0.8,False,2025-04-14,585.47,929.35,0.0,0.0,0.0
2025-04-02,P000039,LOC004,Beauty & Personal Care,Personal Hygiene,L'Oreal,0,0,0,0.8,True,2025-04-14,585.47,929.35,0.0,0.0,0.0
2025-04-03,P000039,LOC004,Beauty & Personal Care,Personal Hygiene,L'Oreal,0,0,0,0.8,False,2025-04-14,585.47,929.35,0.0,0.0,0.0
2025-04-04,P000039,LOC004,Beauty & Personal Care,Personal Hygiene,L'Oreal,0,0,0,0.8,False,2025-04-14,585.47,929.35,0.0,0.0,0.0
2025-04-05,P000039,LOC004,Beauty & Personal Care,Personal Hygiene,L'Oreal,0,0,0,0.8,True,2025-04-14,585.47,929.35,0.0,0.0,0.0
2025-04-06,P000039,LOC004,Beauty & Personal Care,Personal Hygiene,L'Oreal,0,0,0,0.8,False,2025-04-14,585.47,929.35,0.0,0.0,0.0
2025-04-07,P000039,LOC004,Beauty & Personal Care,Personal Hygiene,L'Oreal,0,0,0,0.8,False,2025-04-14,585.47,929.35,0.0,0.0,0.0
2025-04-08,P000039,LOC004,Beauty & Personal Care,Personal Hygiene,L'Oreal,0,0,0,0.8,False,2025-04-14,585.47,929.35,0.0,0.0,0.0
2025-04-09,P000039,LOC004,Beauty & Personal Care,Personal Hygiene,L'Oreal,0,0,0,0.8,False,2025-04-14,585.47,929.35,0.0,0.0,0.0
2025-04-10,P000039,LOC004,Beauty & Personal Care,Personal Hygiene,L'Oreal,0,0,0,0.8,True,2025-04-14,585.47,929.35,0.0,0.0,0.0
2025-04-11,P000039,LOC004,Beauty & Personal Care,Personal Hygiene,L'Oreal,0,0,0,0.8,False,2025-04-14,585.47,929.35,0.0,0.0,0.0
2025-04-12,P000039,LOC004,Beauty & Personal Care,Personal Hygiene,L'Oreal,0,0,0,0.8,False,2025-04-14,585.47,929.35,0.0,0.0,0.0
2025-04-13,P000039,LOC004,Beauty & Personal Care,Personal Hygiene,L'Oreal,0,0,0,0.8,False,2025-04-14,585.47,929.35,0.0,0.0,0.0
2025-04-14,P000039,LOC004,Beauty & Personal Care,Personal Hygiene,L'Oreal,0,0,0,0.8,False,2025-04-14,585.47,929.35,0.0,0.0,0.0
2025-04-15,P000039,LOC004,Beauty & Personal Care,Personal Hygiene,L'Oreal,0,0,0,0.8,False,2025-04-14,585.47,929.35,0.0,0.0,0.0
2025-04-16,P000039,LOC004,Beauty & Personal Care,Personal Hygiene,L'Oreal,0,0,0,0.8,False,2025-04-14,585.47,929.35,0.0,0.0,0.0
2025-04-17,P000039,LOC004,Beauty & Personal Care,Personal Hygiene,L'Oreal,0,0,0,0.8,False,2025-04-14,585.47,929.35,0.0,0.0,0.0
2025-04-18,P000039,LOC004,Beauty & Personal Care,Personal Hygiene,L'Oreal,0,0,0,0.8,False,2025-04-14,585.47,929.35,0.0,0.0,0.0
2025-04-19,P000039,LOC004,Beauty & Personal Care,Personal Hygiene,L'Oreal,0,0,0,0.8,True,2025-04-14,585.47,929.35,0.0,0.0,0.0
2025-04-20,P000039,LOC004,Beauty & Personal Care,Personal Hygiene,L'Oreal,0,0,0,0.8,False,2025-04-14,585.47,929.35,0.0,0.0,0.0
2025-04-21,P000039,LOC004,Beauty & Personal Care,Personal Hygiene,L'Oreal,0,0,0,0.8,False,2025-04-14,585.47,929.35,0.0,0.0,0.0
2025-04-22,P000039,LOC004,Beauty & Personal Care,Personal Hygiene,L'Oreal,0,0,0,0.8,False,2025-04-14,585.47,929.35,0.0,0.0,0.0
2025-04-23,P000039,LOC004,Beauty & Personal Care,Personal Hygiene,L'Oreal,0,0,0,0.8,False,2025-04-14,585.47,929.35,0.0,0.0,0.0
2025-04-24,P000039,LOC004,Beauty & Personal Care,Personal Hygiene,L'Oreal,0,0,0,0.8,False,2025-04-14,585.47,929.35,0.0,0.0,0.0
2025-04-25,P000039,LOC004,Beauty & Personal Care,Personal Hygiene,L'Oreal,0,0,0,0.8,False,2025-04-14,585.47,929.35,0.0,0.0,0.0
2025-04-26,P000039,LOC004,Beauty & Personal Care,Personal Hygiene,L'Oreal,0,0,0,0.8,False,2025-04-14,585.47,929.35,0.0,0.0,0.0
2025-04-27,P000039,LOC004,Beauty & Personal Care,Personal Hygiene,L'Oreal,0,0,0,0.8,False,2025-04-14,585.47,929.35,0.0,0.0,0.0
2025-04-28,P000039,LOC004,Beauty & Personal Care,Personal Hygiene,L'Oreal,0,0,0,0.8,False,2025-04-14,585.47,929.35,0.0,0.0,0.0
2025-04-29,P000039,LOC004,Beauty & Personal Care,Personal Hygiene,L'Oreal,0,0,0,0.8,False,2025-04-14,585.47,929.35,0.0,0.0,0.0
2025-04-01,P000039,LOC006,Beauty & Personal Care,Personal Hygiene,L'Oreal,2,1,2,0.8,False,2025-04-14,585.47,929.35,1858.7,1170.94,687.76
2025-04-02,P000039,LOC006,Beauty & Personal Care,Personal Hygiene,L'Oreal,2,1,2,0.8,False,2025-04-14,585.47,929.35,1858.7,1170.94,687.76
2025-04-03,P000039,LOC006,Beauty & Personal Care,Personal Hygiene,L'Oreal,2,1,2,0.8,False,2025-04-14,585.47,929.35,1858.7,1170.94,687.76
2025-04-04,P000039,LOC006,Beauty & Personal Care,Personal Hygiene,L'Oreal,2,1,2,0.8,False,2025-04-14,585.47,929.35,1858.7,1170.94,687.76
2025-04-05,P000039,LOC006,Beauty & Personal Care,Personal Hygiene,L'Oreal,2,1,2,0.8,True,2025-04-14,585.47,929.35,1858.7,1170.94,687.76
2025-04-06,P000039,LOC006,Beauty & Personal Care,Personal Hygiene,L'Oreal,2,1,2,0.8,False,2025-04-14,585.47,929.35,1858.7,1170.94,687.76
2025-04-07,P000039,LOC006,Beauty & Personal Care,Personal Hygiene,L'Oreal,2,1,2,0.8,False,2025-04-14,585.47,929.35,1858.7,1170.94,687.76
2025-04-08,P000039,LOC006,Beauty & Personal Care,Personal Hygiene,L'Oreal,2,1,2,0.8,False,2025-04-14,585.47,929.35,1858.7,1170.94,687.76
2025-04-09,P000039,LOC006,Beauty & Personal Care,Personal Hygiene,L'Oreal,2,1,2,0.8,False,2025-04-14,585.47,929.35,1858.7,1170.94,687.76
2025-04-10,P000039,LOC006,Beauty & Personal Care,Personal Hygiene,L'Oreal,2,1,2,0.8,True,2025-04-14,585.47,929.35,1858.7,1170.94,687.76
2025-04-11,P000039,LOC006,Beauty & Personal Care,Personal Hygiene,L'Oreal,2,1,2,0.8,False,2025-04-14,585.47,929.35,1858.7,1170.94,687.76
2025-04-12,P000039,LOC006,Beauty & Personal Care,Personal Hygiene,L'Oreal,2,1,2,0.8,False,2025-04-14,585.47,929.35,1858.7,1170.94,687.76
2025-04-13,P000039,LOC006,Beauty & Personal Care,Personal Hygiene,L'Oreal,2,1,2,0.8,False,2025-04-14,585.47,929.35,1858.7,1170.94,687.76
2025-04-14,P000039,LOC006,Beauty & Personal Care,Personal Hygiene,L'Oreal,2,1,2,0.8,False,2025-04-14,585.47,929.35,1858.7,1170.94,687.76
2025-04-15,P000039,LOC006,Beauty & Personal Care,Personal Hygiene,L'Oreal,2,1,2,0.8,False,2025-04-14,585.47,929.35,1858.7,1170.94,687.76
2025-04-16,P000039,LOC006,Beauty & Personal Care,Personal Hygiene,L'Oreal,3,2,3,0.8,True,2025-04-14,585.47,929.35,2788.05,1756.41,1031.64
2025-04-17,P000039,LOC006,Beauty & Personal Care,Personal Hygiene,L'Oreal,3,2,3,0.8,True,2025-04-14,585.47,929.35,2788.05,1756.41,1031.64
2025-04-18,P000039,LOC006,Beauty & Personal Care,Personal Hygiene,L'Oreal,2,1,2,0.8,False,2025-04-14,585.47,929.35,1858.7,1170.94,687.76
2025-04-19,P000039,LOC006,Beauty & Personal Care,Personal Hygiene,L'Oreal,2,1,2,0.8,False,2025-04-14,585.47,929.35,1858.7,1170.94,687.76
2025-04-20,P000039,LOC006,Beauty & Personal Care,Personal Hygiene,L'Oreal,2,1,2,0.8,False,2025-04-14,585.47,929.35,1858.7,1170.94,687.76
2025-04-21,P000039,LOC006,Beauty & Personal Care,Personal Hygiene,L'Oreal,2,1,2,0.8,False,2025-04-14,585.47,929.35,1858.7,1170.94,687.76
2025-04-22,P000039,LOC006,Beauty & Personal Care,Personal Hygiene,L'Oreal,2,1,2,0.8,False,2025-04-14,585.47,929.35,1858.7,1170.94,687.76
2025-04-23,P000039,LOC006,Beauty & Personal Care,Personal Hygiene,L'Oreal,2,1,2,0.8,False,2025-04-14,585.47,929.35,1858.7,1170.94,687.76
2025-04-24,P000039,LOC006,Beauty & Personal Care,Personal Hygiene,L'Oreal,2,1,2,0.8,False,2025-04-14,585.47,929.35,1858.7,1170.94,687.76
2025-04-25,P000039,LOC006,Beauty & Personal Care,Personal Hygiene,L'Oreal,2,1,2,0.8,False,2025-04-14,585.47,929.35,1858.7,1170.94,687.76
2025-04-26,P000039,LOC006,Beauty & Personal Care,Personal Hygiene,L'Oreal,2,1,2,0.8,False,2025-04-14,585.47,929.35,1858.7,1170.94,687.76
2025-04-27,P000039,LOC006,Beauty & Personal Care,Personal Hygiene,L'Oreal,2,1,2,0.8,False,2025-04-14,585.47,929.35,1858.7,1170.94,687.76
2025-04-28,P000039,LOC006,Beauty & Personal Care,Personal Hygiene,L'Oreal,2,1,2,0.8,False,2025-04-14,585.47,929.35,1858.7,1170.94,687.76
2025-04-29,P000039,LOC006,Beauty & Personal Care,Personal Hygiene,L'Oreal,2,1,2,0.8,False,2025-04-14,585.47,929.35,1858.7,1170.94,687.76
2025-04-01,P000041,LOC002,Beauty & Personal Care,Haircare,Maybelline,1,0,1,0.8,False,2025-04-14,424.53,730.28,730.28,424.53,305.75
2025-04-02,P000041,LOC002,Beauty & Personal Care,Haircare,Maybelline,1,0,1,0.8,False,2025-04-14,424.53,730.28,730.28,424.53,305.75
2025-04-03,P000041,LOC002,Beauty & Personal Care,Haircare,Maybelline,1,0,1,0.8,False,2025-04-14,424.53,730.28,730.28,424.53,305.75
2025-04-04,P000041,LOC002,Beauty & Personal Care,Haircare,Maybelline,1,0,1,0.8,False,2025-04-14,424.53,730.28,730.28,424.53,305.75
2025-04-05,P000041,LOC002,Beauty & Personal Care,Haircare,Maybelline,1,0,1,0.8,False,2025-04-14,424.53,730.28,730.28,424.53,305.75
2025-04-06,P000041,LOC002,Beauty & Personal Care,Haircare,Maybelline,1,0,1,0.8,False,2025-04-14,424.53,730.28,730.28,424.53,305.75
2025-04-07,P000041,LOC002,Beauty & Personal Care,Haircare,Maybelline,1,0,1,0.8,False,2025-04-14,424.53,730.28,730.28,424.53,305.75
2025-04-08,P000041,LOC002,Beauty & Personal Care,Haircare,Maybelline,1,0,1,0.8,False,2025-04-14,424.53,730.28,730.28,424.53,305.75
2025-04-09,P000041,LOC002,Beauty & Personal Care,Haircare,Maybelline,1,0,1,0.8,False,2025-04-14,424.53,730.28,730.28,424.53,305.75
2025-04-10,P000041,LOC002,Beauty & Personal Care,Haircare,Maybelline,1,0,1,0.8,False,2025-04-14,424.53,730.28,730.28,424.53,305.75
2025-04-11,P000041,LOC002,Beauty & Personal Care,Haircare,Maybelline,1,0,1,0.8,False,2025-04-14,424.53,730.28,730.28,424.53,305.75
2025-04-12,P000041,LOC002,Beauty & Personal Care,Haircare,Maybelline,1,0,1,0.8,False,2025-04-14,424.53,730.28,730.28,424.53,305.75
2025-04-13,P000041,LOC002,Beauty & Personal Care,Haircare,Maybelline,1,0,1,0.8,False,2025-04-14,424.53,730.28,730.28,424.53,305.75
2025-04-14,P000041,LOC002,Beauty & Personal Care,Haircare,Maybelline,1,0,1,0.8,False,2025-04-14,424.53,730.28,730.28,424.53,305.75
2025-04-15,P000041,LOC002,Beauty & Personal Care,Haircare,Maybelline,1,0,1,0.8,False,2025-04-14,424.53,730.28,730.28,424.53,305.75
2025-04-16,P000041,LOC002,Beauty & Personal Care,Haircare,Maybelline,1,0,1,0.8,False,2025-04-14,424.53,730.28,730.28,424.53,305.75
2025-04-17,P000041,LOC002,Beauty & Personal Care,Haircare,Maybelline,1,0,1,0.8,False,2025-04-14,424.53,730.28,730.28,424.53,305.75
2025-04-18,P000041,LOC002,Beauty & Personal Care,Haircare,Maybelline,1,0,1,0.8,False,2025-04-14,424.53,730.28,730.28,424.53,305.75
2025-04-19,P000041,LOC002,Beauty & Personal Care,Haircare,Maybelline,1,0,1,0.8,False,2025-04-14,424.53,730.28,730.28,424.53,305.75
2025-04-20,P000041,LOC002,Beauty & Personal Care,Haircare,Maybelline,1,0,1,0.8,False,2025-04-14,424.53,730.28,730.28,424.53,305.75
2025-04-21,P000041,LOC002,Beauty & Personal Care,Haircare,Maybelline,1,0,1,0.8,True,2025-04-14,424.53,730.28,730.28,424.53,305.75
2025-04-22,P000041,LOC002,Beauty & Personal Care,Haircare,Maybelline,1,0,1,0.8,False,2025-04-14,424.53,730.28,730.28,424.53,305.75
2025-04-23,P000041,LOC002,Beauty & Personal Care,Haircare,Maybelline,1,0,1,0.8,False,2025-04-14,424.53,730.28,730.28,424.53,305.75
2025-04-24,P000041,LOC002,Beauty & Personal Care,Haircare,Maybelline,1,0,1,0.8,False,2025-04-14,424.53,730.28,730.28,424.53,305.75
2025-04-25,P000041,LOC002,Beauty & Personal Care,Haircare,Maybelline,1,0,1,0.8,False,2025-04-14,424.53,730.28,730.28,424.53,305.75
2025-04-26,P000041,LOC002,Beauty & Personal Care,Haircare,Maybelline,1,0,1,0.8,True,2025-04-14,424.53,730.28,730.28,424.53,305.75
2025-04-27,P000041,LOC002,Beauty & Personal Care,Haircare,Maybelline,1,0,1,0.8,False,2025-04-14,424.53,730.28,730.28,424.53,305.75
2025-04-28,P000041,LOC002,Beauty & Personal Care,Haircare,Maybelline,1,0,1,0.8,False,2025-04-14,424.53,730.28,730.28,424.53,305.75
2025-04-29,P000041,LOC002,Beauty & Personal Care,Haircare,Maybelline,1,0,1,0.8,False,2025-04-14,424.53,730.28,730.28,424.53,305.75
2025-04-01,P000042,LOC012,Apparel,Women's Clothing,H&M,1,0,1,0.8,False,2025-04-14,156.65,274.71,274.71,156.65,118.05999999999997
2025-04-02,P000042,LOC012,Apparel,Women's Clothing,H&M,1,0,1,0.8,False,2025-04-14,156.65,274.71,274.71,156.65,118.05999999999997
2025-04-03,P000042,LOC012,Apparel,Women's Clothing,H&M,1,0,1,0.8,False,2025-04-14,156.65,274.71,274.71,156.65,118.05999999999997
2025-04-04,P000042,LOC012,Apparel,Women's Clothing,H&M,1,0,1,0.8,False,2025-04-14,156.65,274.71,274.71,156.65,118.05999999999997
2025-04-05,P000042,LOC012,Apparel,Women's Clothing,H&M,1,0,1,0.8,False,2025-04-14,156.65,274.71,274.71,156.65,118.05999999999997
2025-04-06,P000042,LOC012,Apparel,Women's Clothing,H&M,1,0,1,0.8,False,2025-04-14,156.65,274.71,274.71,156.65,118.05999999999997
2025-04-07,P000042,LOC012,Apparel,Women's Clothing,H&M,1,0,1,0.8,False,2025-04-14,156.65,274.71,274.71,156.65,118.05999999999997
2025-04-08,P000042,LOC012,Apparel,Women's Clothing,H&M,1,0,1,0.8,False,2025-04-14,156.65,274.71,274.71,156.65,118.05999999999997
2025-04-09,P000042,LOC012,Apparel,Women's Clothing,H&M,1,0,1,0.8,False,2025-04-14,156.65,274.71,274.71,156.65,118.05999999999997
2025-04-10,P000042,LOC012,Apparel,Women's Clothing,H&M,1,0,1,0.8,False,2025-04-14,156.65,274.71,274.71,156.65,118.05999999999997
2025-04-11,P000042,LOC012,Apparel,Women's Clothing,H&M,1,0,1,0.8,False,2025-04-14,156.65,274.71,274.71,156.65,118.05999999999997
2025-04-12,P000042,LOC012,Apparel,Women's Clothing,H&M,1,0,1,0.8,False,2025-04-14,156.65,274.71,274.71,156.65,118.05999999999997
2025-04-13,P000042,LOC012,Apparel,Women's Clothing,H&M,1,0,1,0.8,False,2025-04-14,156.65,274.71,274.71,156.65,118.05999999999997
2025-04-14,P000042,LOC012,Apparel,Women's Clothing,H&M,1,0,1,0.8,False,2025-04-14,156.65,274.71,274.71,156.65,118.05999999999997
2025-04-15,P000042,LOC012,Apparel,Women's Clothing,H&M,1,0,1,0.8,False,2025-04-14,156.65,274.71,274.71,156.65,118.05999999999997
2025-04-16,P000042,LOC012,Apparel,Women's Clothing,H&M,1,0,1,0.8,False,2025-04-14,156.65,274.71,274.71,156.65,118.05999999999997
2025-04-17,P000042,LOC012,Apparel,Women's Clothing,H&M,1,0,1,0.8,False,2025-04-14,156.65,274.71,274.71,156.65,118.05999999999997
2025-04-18,P000042,LOC012,Apparel,Women's Clothing,H&M,1,0,1,0.8,False,2025-04-14,156.65,274.71,274.71,156.65,118.05999999999997
2025-04-19,P000042,LOC012,Apparel,Women's Clothing,H&M,1,0,1,0.8,False,2025-04-14,156.65,274.71,274.71,156.65,118.05999999999997
2025-04-20,P000042,LOC012,Apparel,Women's Clothing,H&M,1,0,1,0.8,False,2025-04-14,156.65,274.71,274.71,156.65,118.05999999999997
2025-04-21,P000042,LOC012,Apparel,Women's Clothing,H&M,1,0,1,0.8,False,2025-04-14,156.65,274.71,274.71,156.65,118.05999999999997
2025-04-22,P000042,LOC012,Apparel,Women's Clothing,H&M,1,0,1,0.8,False,2025-04-14,156.65,274.71,274.71,156.65,118.05999999999997
2025-04-23,P000042,LOC012,Apparel,Women's Clothing,H&M,1,0,1,0.8,False,2025-04-14,156.65,274.71,274.71,156.65,118.05999999999997
2025-04-24,P000042,LOC012,Apparel,Women's Clothing,H&M,1,0,1,0.8,False,2025-04-14,156.65,274.71,274.71,156.65,118.05999999999997
2025-04-25,P000042,LOC012,Apparel,Women's Clothing,H&M,1,0,1,0.8,False,2025-04-14,156.65,274.71,274.71,156.65,118.05999999999997
2025-04-26,P000042,LOC012,Apparel,Women's Clothing,H&M,1,0,1,0.8,False,2025-04-14,156.65,274.71,274.71,156.65,118.05999999999997
2025-04-27,P000042,LOC012,Apparel,Women's Clothing,H&M,1,0,1,0.8,False,2025-04-14,156.65,274.71,274.71,156.65,118.05999999999997
2025-04-28,P000042,LOC012,Apparel,Women's Clothing,H&M,1,0,1,0.8,False,2025-04-14,156.65,274.71,274.71,156.65,118.05999999999997
2025-04-29,P000042,LOC012,Apparel,Women's Clothing,H&M,1,0,1,0.8,False,2025-04-14,156.65,274.71,274.71,156.65,118.05999999999997
2025-04-01,P000043,LOC003,Electronics,Audio Devices,Dell,1,0,1,0.8,True,2025-04-14,133.43,232.18,232.18,133.43,98.75
2025-04-02,P000043,LOC003,Electronics,Audio Devices,Dell,1,0,1,0.8,False,2025-04-14,133.43,232.18,232.18,133.43,98.75
2025-04-03,P000043,LOC003,Electronics,Audio Devices,Dell,0,0,0,0.8,False,2025-04-14,133.43,232.18,0.0,0.0,0.0
2025-04-04,P000043,LOC003,Electronics,Audio Devices,Dell,0,0,0,0.8,False,2025-04-14,133.43,232.18,0.0,0.0,0.0
2025-04-05,P000043,LOC003,Electronics,Audio Devices,Dell,1,0,1,0.8,False,2025-04-14,133.43,232.18,232.18,133.43,98.75
2025-04-06,P000043,LOC003,Electronics,Audio Devices,Dell,0,0,0,0.8,False,2025-04-14,133.43,232.18,0.0,0.0,0.0
2025-04-07,P000043,LOC003,Electronics,Audio Devices,Dell,0,0,0,0.8,False,2025-04-14,133.43,232.18,0.0,0.0,0.0
2025-04-08,P000043,LOC003,Electronics,Audio Devices,Dell,1,0,1,0.8,False,2025-04-14,133.43,232.18,232.18,133.43,98.75
2025-04-09,P000043,LOC003,Electronics,Audio Devices,Dell,1,0,1,0.8,False,2025-04-14,133.43,232.18,232.18,133.43,98.75
2025-04-10,P000043,LOC003,Electronics,Audio Devices,Dell,1,0,1,0.8,False,2025-04-14,133.43,232.18,232.18,133.43,98.75
2025-04-11,P000043,LOC003,Electronics,Audio Devices,Dell,1,0,1,0.8,False,2025-04-14,133.43,232.18,232.18,133.43,98.75
2025-04-12,P000043,LOC003,Electronics,Audio Devices,Dell,1,0,1,0.8,False,2025-04-14,133.43,232.18,232.18,133.43,98.75
2025-04-13,P000043,LOC003,Electronics,Audio Devices,Dell,1,0,1,0.8,False,2025-04-14,133.43,232.18,232.18,133.43,98.75
2025-04-14,P000043,LOC003,Electronics,Audio Devices,Dell,0,0,0,0.8,False,2025-04-14,133.43,232.18,0.0,0.0,0.0
2025-04-15,P000043,LOC003,Electronics,Audio Devices,Dell,0,0,0,0.8,False,2025-04-14,133.43,232.18,0.0,0.0,0.0
2025-04-16,P000043,LOC003,Electronics,Audio Devices,Dell,1,0,1,0.8,True,2025-04-14,133.43,232.18,232.18,133.43,98.75
2025-04-17,P000043,LOC003,Electronics,Audio Devices,Dell,0,0,0,0.8,False,2025-04-14,133.43,232.18,0.0,0.0,0.0
2025-04-18,P000043,LOC003,Electronics,Audio Devices,Dell,1,0,1,0.8,False,2025-04-14,133.43,232.18,232.18,133.43,98.75
2025-04-19,P000043,LOC003,Electronics,Audio Devices,Dell,1,0,1,0.8,False,2025-04-14,133.43,232.18,232.18,133.43,98.75
2025-04-20,P000043,LOC003,Electronics,Audio Devices,Dell,1,0,1,0.8,False,2025-04-14,133.43,232.18,232.18,133.43,98.75
2025-04-21,P000043,LOC003,Electronics,Audio Devices,Dell,0,0,0,0.8,False,2025-04-14,133.43,232.18,0.0,0.0,0.0
2025-04-22,P000043,LOC003,Electronics,Audio Devices,Dell,1,0,1,0.8,True,2025-04-14,133.43,232.18,232.18,133.43,98.75
2025-04-23,P000043,LOC003,Electronics,Audio Devices,Dell,1,0,1,0.8,False,2025-04-14,133.43,232.18,232.18,133.43,98.75
2025-04-24,P000043,LOC003,Electronics,Audio Devices,Dell,0,0,0,0.8,False,2025-04-14,133.43,232.18,0.0,0.0,0.0
2025-04-25,P000043,LOC003,Electronics,Audio Devices,Dell,1,0,1,0.8,False,2025-04-14,133.43,232.18,232.18,133.43,98.75
2025-04-26,P000043,LOC003,Electronics,Audio Devices,Dell,0,0,0,0.8,False,2025-04-14,133.43,232.18,0.0,0.0,0.0
2025-04-27,P000043,LOC003,Electronics,Audio Devices,Dell,0,0,0,0.8,False,2025-04-14,133.43,232.18,0.0,0.0,0.0
2025-04-28,P000043,LOC003,Electronics,Audio Devices,Dell,1,0,1,0.8,False,2025-04-14,133.43,232.18,232.18,133.43,98.75
2025-04-29,P000043,LOC003,Electronics,Audio Devices,Dell,1,0,1,0.8,False,2025-04-14,133.43,232.18,232.18,133.43,98.75
2025-04-01,P000056,LOC016,Beauty & Personal Care,Haircare,Dove,1,0,1,0.8,False,2025-04-14,130.93,195.56,195.56,130.93,64.63
2025-04-02,P000056,LOC016,Beauty & Personal Care,Haircare,Dove,1,0,1,0.8,False,2025-04-14,130.93,195.56,195.56,130.93,64.63
2025-04-03,P000056,LOC016,Beauty & Personal Care,Haircare,Dove,1,0,1,0.8,False,2025-04-14,130.93,195.56,195.56,130.93,64.63
2025-04-04,P000056,LOC016,Beauty & Personal Care,Haircare,Dove,1,0,1,0.8,False,2025-04-14,130.93,195.56,195.56,130.93,64.63
2025-04-05,P000056,LOC016,Beauty & Personal Care,Haircare,Dove,1,0,1,0.8,False,2025-04-14,130.93,195.56,195.56,130.93,64.63
2025-04-06,P000056,LOC016,Beauty & Personal Care,Haircare,Dove,1,0,1,0.8,False,2025-04-14,130.93,195.56,195.56,130.93,64.63
2025-04-07,P000056,LOC016,Beauty & Personal Care,Haircare,Dove,1,0,1,0.8,False,2025-04-14,130.93,195.56,195.56,130.93,64.63
2025-04-08,P000056,LOC016,Beauty & Personal Care,Haircare,Dove,1,0,1,0.8,False,2025-04-14,130.93,195.56,195.56,130.93,64.63
2025-04-09,P000056,LOC016,Beauty & Personal Care,Haircare,Dove,1,0,1,0.8,False,2025-04-14,130.93,195.56,195.56,130.93,64.63
2025-04-10,P000056,LOC016,Beauty & Personal Care,Haircare,Dove,2,1,2,0.8,True,2025-04-14,130.93,195.56,391.12,261.86,129.26
2025-04-11,P000056,LOC016,Beauty & Personal Care,Haircare,Dove,1,0,1,0.8,False,2025-04-14,130.93,195.56,195.56,130.93,64.63
2025-04-12,P000056,LOC016,Beauty & Personal Care,Haircare,Dove,1,0,1,0.8,False,2025-04-14,130.93,195.56,195.56,130.93,64.63
2025-04-13,P000056,LOC016,Beauty & Personal Care,Haircare,Dove,1,0,1,0.8,False,2025-04-14,130.93,195.56,195.56,130.93,64.63
2025-04-14,P000056,LOC016,Beauty & Personal Care,Haircare,Dove,1,0,1,0.8,False,2025-04-14,130.93,195.56,195.56,130.93,64.63
2025-04-15,P000056,LOC016,Beauty & Personal Care,Haircare,Dove,1,0,1,0.8,False,2025-04-14,130.93,195.56,195.56,130.93,64.63
2025-04-16,P000056,LOC016,Beauty & Personal Care,Haircare,Dove,2,1,2,0.8,True,2025-04-14,130.93,195.56,391.12,261.86,129.26
2025-04-17,P000056,LOC016,Beauty & Personal Care,Haircare,Dove,1,0,1,0.8,False,2025-04-14,130.93,195.56,195.56,130.93,64.63
2025-04-18,P000056,LOC016,Beauty & Personal Care,Haircare,Dove,1,0,1,0.8,False,2025-04-14,130.93,195.56,195.56,130.93,64.63
2025-04-19,P000056,LOC016,Beauty & Personal Care,Haircare,Dove,1,0,1,0.8,False,2025-04-14,130.93,195.56,195.56,130.93,64.63
2025-04-20,P000056,LOC016,Beauty & Personal Care,Haircare,Dove,1,0,1,0.8,False,2025-04-14,130.93,195.56,195.56,130.93,64.63
2025-04-21,P000056,LOC016,Beauty & Personal Care,Haircare,Dove,1,0,1,0.8,False,2025-04-14,130.93,195.56,195.56,130.93,64.63
2025-04-22,P000056,LOC016,Beauty & Personal Care,Haircare,Dove,1,0,1,0.8,False,2025-04-14,130.93,195.56,195.56,130.93,64.63
2025-04-23,P000056,LOC016,Beauty & Personal Care,Haircare,Dove,1,0,1,0.8,False,2025-04-14,130.93,195.56,195.56,130.93,64.63
2025-04-24,P000056,LOC016,Beauty & Personal Care,Haircare,Dove,1,0,1,0.8,False,2025-04-14,130.93,195.56,195.56,130.93,64.63
2025-04-25,P000056,LOC016,Beauty & Personal Care,Haircare,Dove,1,0,1,0.8,False,2025-04-14,130.93,195.56,195.56,130.93,64.63
2025-04-26,P000056,LOC016,Beauty & Personal Care,Haircare,Dove,1,0,1,0.8,False,2025-04-14,130.93,195.56,195.56,130.93,64.63
2025-04-27,P000056,LOC016,Beauty & Personal Care,Haircare,Dove,1,0,1,0.8,False,2025-04-14,130.93,195.56,195.56,130.93,64.63
2025-04-28,P000056,LOC016,Beauty & Personal Care,Haircare,Dove,1,0,1,0.8,False,2025-04-14,130.93,195.56,195.56,130.93,64.63
2025-04-29,P000056,LOC016,Beauty & Personal Care,Haircare,Dove,1,0,1,0.8,False,2025-04-14,130.93,195.56,195.56,130.93,64.63
2025-04-01,P000058,LOC006,Home & Living,Bedding,Wayfair,2,1,2,0.8,False,2025-04-14,239.32,473.76,947.52,478.64,468.88
2025-04-02,P000058,LOC006,Home & Living,Bedding,Wayfair,2,1,2,0.8,True,2025-04-14,239.32,473.76,947.52,478.64,468.88
2025-04-03,P000058,LOC006,Home & Living,Bedding,Wayfair,3,2,3,0.8,True,2025-04-14,239.32,473.76,1421.28,717.96,703.3199999999999
2025-04-04,P000058,LOC006,Home & Living,Bedding,Wayfair,2,1,2,0.8,False,2025-04-14,239.32,473.76,947.52,478.64,468.88
2025-04-05,P000058,LOC006,Home & Living,Bedding,Wayfair,2,1,2,0.8,False,2025-04-14,239.32,473.76,947.52,478.64,468.88
2025-04-06,P000058,LOC006,Home & Living,Bedding,Wayfair,2,1,2,0.8,False,2025-04-14,239.32,473.76,947.52,478.64,468.88
2025-04-07,P000058,LOC006,Home & Living,Bedding,Wayfair,2,1,2,0.8,False,2025-04-14,239.32,473.76,947.52,478.64,468.88
2025-04-08,P000058,LOC006,Home & Living,Bedding,Wayfair,2,1,2,0.8,False,2025-04-14,239.32,473.76,947.52,478.64,468.88
2025-04-09,P000058,LOC006,Home & Living,Bedding,Wayfair,2,1,2,0.8,False,2025-04-14,239.32,473.76,947.52,478.64,468.88
2025-04-10,P000058,LOC006,Home & Living,Bedding,Wayfair,2,1,2,0.8,False,2025-04-14,239.32,473.76,947.52,478.64,468.88
2025-04-11,P000058,LOC006,Home & Living,Bedding,Wayfair,3,2,3,0.8,True,2025-04-14,239.32,473.76,1421.28,717.96,703.3199999999999
2025-04-12,P000058,LOC006,Home & Living,Bedding,Wayfair,3,2,3,0.8,True,2025-04-14,239.32,473.76,1421.28,717.96,703.3199999999999
2025-04-13,P000058,LOC006,Home & Living,Bedding,Wayfair,3,2,3,0.8,False,2025-04-14,239.32,473.76,1421.28,717.96,703.3199999999999
2025-04-14,P000058,LOC006,Home & Living,Bedding,Wayfair,2,1,2,0.8,False,2025-04-14,239.32,473.76,947.52,478.64,468.88
2025-04-15,P000058,LOC006,Home & Living,Bedding,Wayfair,2,1,2,0.8,False,2025-04-14,239.32,473.76,947.52,478.64,468.88
2025-04-16,P000058,LOC006,Home & Living,Bedding,Wayfair,2,1,2,0.8,False,2025-04-14,239.32,473.76,947.52,478.64,468.88
2025-04-17,P000058,LOC006,Home & Living,Bedding,Wayfair,2,1,2,0.8,False,2025-04-14,239.32,473.76,947.52,478.64,468.88
2025-04-18,P000058,LOC006,Home & Living,Bedding,Wayfair,2,1,2,0.8,False,2025-04-14,239.32,473.76,947.52,478.64,468.88
2025-04-19,P000058,LOC006,Home & Living,Bedding,Wayfair,2,1,2,0.8,False,2025-04-14,239.32,473.76,947.52,478.64,468.88
2025-04-20,P000058,LOC006,Home & Living,Bedding,Wayfair,2,1,2,0.8,False,2025-04-14,239.32,473.76,947.52,478.64,468.88
2025-04-21,P000058,LOC006,Home & Living,Bedding,Wayfair,3,2,3,0.8,False,2025-04-14,239.32,473.76,1421.28,717.96,703.3199999999999
2025-04-22,P000058,LOC006,Home & Living,Bedding,Wayfair,3,2,3,0.8,True,2025-04-14,239.32,473.76,1421.28,717.96,703.3199999999999
2025-04-23,P000058,LOC006,Home & Living,Bedding,Wayfair,2,1,2,0.8,False,2025-04-14,239.32,473.76,947.52,478.64,468.88
2025-04-24,P000058,LOC006,Home & Living,Bedding,Wayfair,2,1,2,0.8,False,2025-04-14,239.32,473.76,947.52,478.64,468.88
2025-04-25,P000058,LOC006,Home & Living,Bedding,Wayfair,2,1,2,0.8,False,2025-04-14,239.32,473.76,947.52,478.64,468.88
2025-04-26,P000058,LOC006,Home & Living,Bedding,Wayfair,2,1,2,0.8,False,2025-04-14,239.32,473.76,947.52,478.64,468.88
2025-04-27,P000058,LOC006,Home & Living,Bedding,Wayfair,2,1,2,0.8,False,2025-04-14,239.32,473.76,947.52,478.64,468.88
2025-04-28,P000058,LOC006,Home & Living,Bedding,Wayfair,2,1,2,0.8,False,2025-04-14,239.32,473.76,947.52,478.64,468.88
2025-04-29,P000058,LOC006,Home & Living,Bedding,Wayfair,2,1,2,0.8,False,2025-04-14,239.32,473.76,947.52,478.64,468.88
2025-04-01,P000059,LOC008,Electronics,Gaming,Apple,1,0,1,0.8,False,2025-04-14,134.06,225.97,225.97,134.06,91.91
2025-04-02,P000059,LOC008,Electronics,Gaming,Apple,1,0,1,0.8,False,2025-04-14,134.06,225.97,225.97,134.06,91.91
2025-04-03,P000059,LOC008,Electronics,Gaming,Apple,1,0,1,0.8,False,2025-04-14,134.06,225.97,225.97,134.06,91.91
2025-04-04,P000059,LOC008,Electronics,Gaming,Apple,1,0,1,0.8,False,2025-04-14,134.06,225.97,225.97,134.06,91.91
2025-04-05,P000059,LOC008,Electronics,Gaming,Apple,1,0,1,0.8,False,2025-04-14,134.06,225.97,225.97,134.06,91.91
2025-04-06,P000059,LOC008,Electronics,Gaming,Apple,1,0,1,0.8,False,2025-04-14,134.06,225.97,225.97,134.06,91.91
2025-04-07,P000059,LOC008,Electronics,Gaming,Apple,1,0,1,0.8,False,2025-04-14,134.06,225.97,225.97,134.06,91.91
2025-04-08,P000059,LOC008,Electronics,Gaming,Apple,1,0,1,0.8,False,2025-04-14,134.06,225.97,225.97,134.06,91.91
2025-04-09,P000059,LOC008,Electronics,Gaming,Apple,1,0,1,0.8,False,2025-04-14,134.06,225.97,225.97,134.06,91.91
2025-04-10,P000059,LOC008,Electronics,Gaming,Apple,1,0,1,0.8,False,2025-04-14,134.06,225.97,225.97,134.06,91.91
2025-04-11,P000059,LOC008,Electronics,Gaming,Apple,1,0,1,0.8,False,2025-04-14,134.06,225.97,225.97,134.06,91.91
2025-04-12,P000059,LOC008,Electronics,Gaming,Apple,1,0,1,0.8,True,2025-04-14,134.06,225.97,225.97,134.06,91.91
2025-04-13,P000059,LOC008,Electronics,Gaming,Apple,1,0,1,0.8,False,2025-04-14,134.06,225.97,225.97,134.06,91.91
2025-04-14,P000059,LOC008,Electronics,Gaming,Apple,1,0,1,0.8,False,2025-04-14,134.06,225.97,225.97,134.06,91.91
2025-04-15,P000059,LOC008,Electronics,Gaming,Apple,1,0,1,0.8,False,2025-04-14,134.06,225.97,225.97,134.06,91.91
2025-04-16,P000059,LOC008,Electronics,Gaming,Apple,1,0,1,0.8,False,2025-04-14,134.06,225.97,225.97,134.06,91.91
2025-04-17,P000059,LOC008,Electronics,Gaming,Apple,1,0,1,0.8,False,2025-04-14,134.06,225.97,225.97,134.06,91.91
2025-04-18,P000059,LOC008,Electronics,Gaming,Apple,1,0,1,0.8,False,2025-04-14,134.06,225.97,225.97,134.06,91.91
2025-04-19,P000059,LOC008,Electronics,Gaming,Apple,1,0,1,0.8,False,2025-04-14,134.06,225.97,225.97,134.06,91.91
2025-04-20,P000059,LOC008,Electronics,Gaming,Apple,1,0,1,0.8,False,2025-04-14,134.06,225.97,225.97,134.06,91.91
2025-04-21,P000059,LOC008,Electronics,Gaming,Apple,1,0,1,0.8,False,2025-04-14,134.06,225.97,225.97,134.06,91.91
2025-04-22,P000059,LOC008,Electronics,Gaming,Apple,1,0,1,0.8,False,2025-04-14,134.06,225.97,225.97,134.06,91.91
2025-04-23,P000059,LOC008,Electronics,Gaming,Apple,1,0,1,0.8,False,2025-04-14,134.06,225.97,225.97,134.06,91.91
2025-04-24,P000059,LOC008,Electronics,Gaming,Apple,1,0,1,0.8,False,2025-04-14,134.06,225.97,225.97,134.06,91.91
2025-04-25,P000059,LOC008,Electronics,Gaming,Apple,1,0,1,0.8,False,2025-04-14,134.06,225.97,225.97,134.06,91.91
2025-04-26,P000059,LOC008,Electronics,Gaming,Apple,1,0,1,0.8,False,2025-04-14,134.06,225.97,225.97,134.06,91.91
2025-04-27,P000059,LOC008,Electronics,Gaming,Apple,1,0,1,0.8,False,2025-04-14,134.06,225.97,225.97,134.06,91.91
2025-04-28,P000059,LOC008,Electronics,Gaming,Apple,1,0,1,0.8,False,2025-04-14,134.06,225.97,225.97,134.06,91.91
2025-04-29,P000059,LOC008,Electronics,Gaming,Apple,1,0,1,0.8,True,2025-04-14,134.06,225.97,225.97,134.06,91.91
2025-04-01,P000059,LOC017,Electronics,Gaming,Apple,3,2,3,0.8,True,2025-04-14,134.06,225.97,677.91,402.18,275.72999999999996
2025-04-02,P000059,LOC017,Electronics,Gaming,Apple,2,1,2,0.8,False,2025-04-14,134.06,225.97,451.94,268.12,183.82
2025-04-03,P000059,LOC017,Electronics,Gaming,Apple,2,1,2,0.8,False,2025-04-14,134.06,225.97,451.94,268.12,183.82
2025-04-04,P000059,LOC017,Electronics,Gaming,Apple,2,1,2,0.8,False,2025-04-14,134.06,225.97,451.94,268.12,183.82
2025-04-05,P000059,LOC017,Electronics,Gaming,Apple,2,1,2,0.8,False,2025-04-14,134.06,225.97,451.94,268.12,183.82
2025-04-06,P000059,LOC017,Electronics,Gaming,Apple,2,1,2,0.8,False,2025-04-14,134.06,225.97,451.94,268.12,183.82
2025-04-07,P000059,LOC017,Electronics,Gaming,Apple,2,1,2,0.8,False,2025-04-14,134.06,225.97,451.94,268.12,183.82
2025-04-08,P000059,LOC017,Electronics,Gaming,Apple,3,2,3,0.8,True,2025-04-14,134.06,225.97,677.91,402.18,275.72999999999996
2025-04-09,P000059,LOC017,Electronics,Gaming,Apple,2,1,2,0.8,False,2025-04-14,134.06,225.97,451.94,268.12,183.82
2025-04-10,P000059,LOC017,Electronics,Gaming,Apple,2,1,2,0.8,False,2025-04-14,134.06,225.97,451.94,268.12,183.82
2025-04-11,P000059,LOC017,Electronics,Gaming,Apple,1,0,1,0.8,False,2025-04-14,134.06,225.97,225.97,134.06,91.91
2025-04-12,P000059,LOC017,Electronics,Gaming,Apple,2,1,2,0.8,False,2025-04-14,134.06,225.97,451.94,268.12,183.82
2025-04-13,P000059,LOC017,Electronics,Gaming,Apple,2,1,2,0.8,False,2025-04-14,134.06,225.97,451.94,268.12,183.82
2025-04-14,P000059,LOC017,Electronics,Gaming,Apple,2,1,2,0.8,False,2025-04-14,134.06,225.97,451.94,268.12,183.82
2025-04-15,P000059,LOC017,Electronics,Gaming,Apple,2,1,2,0.8,False,2025-04-14,134.06,225.97,451.94,268.12,183.82
2025-04-16,P000059,LOC017,Electronics,Gaming,Apple,1,0,1,0.8,False,2025-04-14,134.06,225.97,225.97,134.06,91.91
2025-04-17,P000059,LOC017,Electronics,Gaming,Apple,2,1,2,0.8,False,2025-04-14,134.06,225.97,451.94,268.12,183.82
2025-04-18,P000059,LOC017,Electronics,Gaming,Apple,2,1,2,0.8,False,2025-04-14,134.06,225.97,451.94,268.12,183.82
2025-04-19,P000059,LOC017,Electronics,Gaming,Apple,2,1,2,0.8,False,2025-04-14,134.06,225.97,451.94,268.12,183.82
2025-04-20,P000059,LOC017,Electronics,Gaming,Apple,2,1,2,0.8,False,2025-04-14,134.06,225.97,451.94,268.12,183.82
2025-04-21,P000059,LOC017,Electronics,Gaming,Apple,1,0,1,0.8,False,2025-04-14,134.06,225.97,225.97,134.06,91.91
2025-04-22,P000059,LOC017,Electronics,Gaming,Apple,2,1,2,0.8,False,2025-04-14,134.06,225.97,451.94,268.12,183.82
2025-04-23,P000059,LOC017,Electronics,Gaming,Apple,2,1,2,0.8,False,2025-04-14,134.06,225.97,451.94,268.12,183.82
2025-04-24,P000059,LOC017,Electronics,Gaming,Apple,2,1,2,0.8,True,2025-04-14,134.06,225.97,451.94,268.12,183.82
2025-04-25,P000059,LOC017,Electronics,Gaming,Apple,2,1,2,0.8,False,2025-04-14,134.06,225.97,451.94,268.12,183.82
2025-04-26,P000059,LOC017,Electronics,Gaming,Apple,2,1,2,0.8,False,2025-04-14,134.06,225.97,451.94,268.12,183.82
2025-04-27,P000059,LOC017,Electronics,Gaming,Apple,3,2,3,0.8,True,2025-04-14,134.06,225.97,677.91,402.18,275.72999999999996
2025-04-28,P000059,LOC017,Electronics,Gaming,Apple,2,1,2,0.8,False,2025-04-14,134.06,225.97,451.94,268.12,183.82
2025-04-29,P000059,LOC017,Electronics,Gaming,Apple,2,1,2,0.8,False,2025-04-14,134.06,225.97,451.94,268.12,183.82
2025-04-01,P000064,LOC005,Food & Beverages,Health Foods,Kellogg's,0,0,0,0.8,False,2025-04-14,66.14,135.37,0.0,0.0,0.0
2025-04-02,P000064,LOC005,Food & Beverages,Health Foods,Kellogg's,0,0,0,0.8,False,2025-04-14,66.14,135.37,0.0,0.0,0.0
2025-04-03,P000064,LOC005,Food & Beverages,Health Foods,Kellogg's,0,0,0,0.8,False,2025-04-14,66.14,135.37,0.0,0.0,0.0
2025-04-04,P000064,LOC005,Food & Beverages,Health Foods,Kellogg's,0,0,0,0.8,False,2025-04-14,66.14,135.37,0.0,0.0,0.0
2025-04-05,P000064,LOC005,Food & Beverages,Health Foods,Kellogg's,0,0,0,0.8,False,2025-04-14,66.14,135.37,0.0,0.0,0.0
2025-04-06,P000064,LOC005,Food & Beverages,Health Foods,Kellogg's,0,0,0,0.8,False,2025-04-14,66.14,135.37,0.0,0.0,0.0
2025-04-07,P000064,LOC005,Food & Beverages,Health Foods,Kellogg's,0,0,0,0.8,False,2025-04-14,66.14,135.37,0.0,0.0,0.0
2025-04-08,P000064,LOC005,Food & Beverages,Health Foods,Kellogg's,0,0,0,0.8,True,2025-04-14,66.14,135.37,0.0,0.0,0.0
2025-04-09,P000064,LOC005,Food & Beverages,Health Foods,Kellogg's,0,0,0,0.8,False,2025-04-14,66.14,135.37,0.0,0.0,0.0
2025-04-10,P000064,LOC005,Food & Beverages,Health Foods,Kellogg's,0,0,0,0.8,False,2025-04-14,66.14,135.37,0.0,0.0,0.0
2025-04-11,P000064,LOC005,Food & Beverages,Health Foods,Kellogg's,0,0,0,0.8,False,2025-04-14,66.14,135.37,0.0,0.0,0.0
2025-04-12,P000064,LOC005,Food & Beverages,Health Foods,Kellogg's,0,0,0,0.8,False,2025-04-14,66.14,135.37,0.0,0.0,0.0
2025-04-13,P000064,LOC005,Food & Beverages,Health Foods,Kellogg's,0,0,0,0.8,False,2025-04-14,66.14,135.37,0.0,0.0,0.0
2025-04-14,P000064,LOC005,Food & Beverages,Health Foods,Kellogg's,0,0,0,0.8,True,2025-04-14,66.14,135.37,0.0,0.0,0.0
2025-04-15,P000064,LOC005,Food & Beverages,Health Foods,Kellogg's,0,0,0,0.8,True,2025-04-14,66.14,135.37,0.0,0.0,0.0
2025-04-16,P000064,LOC005,Food & Beverages,Health Foods,Kellogg's,0,0,0,0.8,False,2025-04-14,66.14,135.37,0.0,0.0,0.0
2025-04-17,P000064,LOC005,Food & Beverages,Health Foods,Kellogg's,0,0,0,0.8,False,2025-04-14,66.14,135.37,0.0,0.0,0.0
2025-04-18,P000064,LOC005,Food & Beverages,Health Foods,Kellogg's,0,0,0,0.8,False,2025-04-14,66.14,135.37,0.0,0.0,0.0
2025-04-19,P000064,LOC005,Food & Beverages,Health Foods,Kellogg's,0,0,0,0.8,False,2025-04-14,66.14,135.37,0.0,0.0,0.0
2025-04-20,P000064,LOC005,Food & Beverages,Health Foods,Kellogg's,0,0,0,0.8,False,2025-04-14,66.14,135.37,0.0,0.0,0.0
2025-04-21,P000064,LOC005,Food & Beverages,Health Foods,Kellogg's,0,0,0,0.8,False,2025-04-14,66.14,135.37,0.0,0.0,0.0
2025-04-22,P000064,LOC005,Food & Beverages,Health Foods,Kellogg's,0,0,0,0.8,True,2025-04-14,66.14,135.37,0.0,0.0,0.0
2025-04-23,P000064,LOC005,Food & Beverages,Health Foods,Kellogg's,0,0,0,0.8,False,2025-04-14,66.14,135.37,0.0,0.0,0.0
2025-04-24,P000064,LOC005,Food & Beverages,Health Foods,Kellogg's,0,0,0,0.8,False,2025-04-14,66.14,135.37,0.0,0.0,0.0
2025-04-25,P000064,LOC005,Food & Beverages,Health Foods,Kellogg's,0,0,0,0.8,False,2025-04-14,66.14,135.37,0.0,0.0,0.0
2025-04-26,P000064,LOC005,Food & Beverages,Health Foods,Kellogg's,0,0,0,0.8,False,2025-04-14,66.14,135.37,0.0,0.0,0.0
2025-04-27,P000064,LOC005,Food & Beverages,Health Foods,Kellogg's,0,0,0,0.8,False,2025-04-14,66.14,135.37,0.0,0.0,0.0
2025-04-28,P000064,LOC005,Food & Beverages,Health Foods,Kellogg's,0,0,0,0.8,False,2025-04-14,66.14,135.37,0.0,0.0,0.0
2025-04-29,P000064,LOC005,Food & Beverages,Health Foods,Kellogg's,0,0,0,0.8,False,2025-04-14,66.14,135.37,0.0,0.0,0.0
2025-04-01,P000069,LOC004,Electronics,Laptops,HP,2,1,2,0.8,False,2025-04-14,532.65,822.37,1644.74,1065.3,579.44
2025-04-02,P000069,LOC004,Electronics,Laptops,HP,2,1,2,0.8,False,2025-04-14,532.65,822.37,1644.74,1065.3,579.44
2025-04-03,P000069,LOC004,Electronics,Laptops,HP,2,1,2,0.8,False,2025-04-14,532.65,822.37,1644.74,1065.3,579.44
2025-04-04,P000069,LOC004,Electronics,Laptops,HP,3,2,3,0.8,True,2025-04-14,532.65,822.37,2467.11,1597.9499999999998,869.1600000000003
2025-04-05,P000069,LOC004,Electronics,Laptops,HP,2,1,2,0.8,False,2025-04-14,532.65,822.37,1644.74,1065.3,579.44
2025-04-06,P000069,LOC004,Electronics,Laptops,HP,2,1,2,0.8,False,2025-04-14,532.65,822.37,1644.74,1065.3,579.44
2025-04-07,P000069,LOC004,Electronics,Laptops,HP,2,1,2,0.8,False,2025-04-14,532.65,822.37,1644.74,1065.3,579.44
2025-04-08,P000069,LOC004,Electronics,Laptops,HP,2,1,2,0.8,False,2025-04-14,532.65,822.37,1644.74,1065.3,579.44
2025-04-09,P000069,LOC004,Electronics,Laptops,HP,2,1,2,0.8,False,2025-04-14,532.65,822.37,1644.74,1065.3,579.44
2025-04-10,P000069,LOC004,Electronics,Laptops,HP,2,1,2,0.8,False,2025-04-14,532.65,822.37,1644.74,1065.3,579.44
2025-04-11,P000069,LOC004,Electronics,Laptops,HP,2,1,2,0.8,False,2025-04-14,532.65,822.37,1644.74,1065.3,579.44
2025-04-12,P000069,LOC004,Electronics,Laptops,HP,2,1,2,0.8,False,2025-04-14,532.65,822.37,1644.74,1065.3,579.44
2025-04-13,P000069,LOC004,Electronics,Laptops,HP,2,1,2,0.8,False,2025-04-14,532.65,822.37,1644.74,1065.3,579.44
2025-04-14,P000069,LOC004,Electronics,Laptops,HP,2,1,2,0.8,False,2025-04-14,532.65,822.37,1644.74,1065.3,579.44
2025-04-15,P000069,LOC004,Electronics,Laptops,HP,2,1,2,0.8,False,2025-04-14,532.65,822.37,1644.74,1065.3,579.44
2025-04-16,P000069,LOC004,Electronics,Laptops,HP,2,1,2,0.8,False,2025-04-14,532.65,822.37,1644.74,1065.3,579.44
2025-04-17,P000069,LOC004,Electronics,Laptops,HP,2,1,2,0.8,False,2025-04-14,532.65,822.37,1644.74,1065.3,579.44
2025-04-18,P000069,LOC004,Electronics,Laptops,HP,2,1,2,0.8,False,2025-04-14,532.65,822.37,1644.74,1065.3,579.44
2025-04-19,P000069,LOC004,Electronics,Laptops,HP,2,1,2,0.8,False,2025-04-14,532.65,822.37,1644.74,1065.3,579.44
2025-04-20,P000069,LOC004,Electronics,Laptops,HP,2,1,2,0.8,False,2025-04-14,532.65,822.37,1644.74,1065.3,579.44
2025-04-21,P000069,LOC004,Electronics,Laptops,HP,2,1,2,0.8,False,2025-04-14,532.65,822.37,1644.74,1065.3,579.44
2025-04-22,P000069,LOC004,Electronics,Laptops,HP,2,1,2,0.8,False,2025-04-14,532.65,822.37,1644.74,1065.3,579.44
2025-04-23,P000069,LOC004,Electronics,Laptops,HP,2,1,2,0.8,False,2025-04-14,532.65,822.37,1644.74,1065.3,579.44
2025-04-24,P000069,LOC004,Electronics,Laptops,HP,2,1,2,0.8,False,2025-04-14,532.65,822.37,1644.74,1065.3,579.44
2025-04-25,P000069,LOC004,Electronics,Laptops,HP,2,1,2,0.8,False,2025-04-14,532.65,822.37,1644.74,1065.3,579.44
2025-04-26,P000069,LOC004,Electronics,Laptops,HP,2,1,2,0.8,False,2025-04-14,532.65,822.37,1644.74,1065.3,579.44
2025-04-27,P000069,LOC004,Electronics,Laptops,HP,2,1,2,0.8,False,2025-04-14,532.65,822.37,1644.74,1065.3,579.44
2025-04-28,P000069,LOC004,Electronics,Laptops,HP,2,1,2,0.8,False,2025-04-14,532.65,822.37,1644.74,1065.3,579.44
2025-04-29,P000069,LOC004,Electronics,Laptops,HP,2,1,2,0.8,False,2025-04-14,532.65,822.37,1644.74,1065.3,579.44
2025-04-01,P000070,LOC008,Beauty & Personal Care,Makeup,Nivea,0,0,0,0.8,False,2025-04-14,344.0,692.24,0.0,0.0,0.0
2025-04-02,P000070,LOC008,Beauty & Personal Care,Makeup,Nivea,0,0,0,0.8,False,2025-04-14,344.0,692.24,0.0,0.0,0.0
2025-04-03,P000070,LOC008,Beauty & Personal Care,Makeup,Nivea,0,0,0,0.8,False,2025-04-14,344.0,692.24,0.0,0.0,0.0
2025-04-04,P000070,LOC008,Beauty & Personal Care,Makeup,Nivea,0,0,0,0.8,False,2025-04-14,344.0,692.24,0.0,0.0,0.0
2025-04-05,P000070,LOC008,Beauty & Personal Care,Makeup,Nivea,0,0,0,0.8,False,2025-04-14,344.0,692.24,0.0,0.0,0.0
2025-04-06,P000070,LOC008,Beauty & Personal Care,Makeup,Nivea,0,0,0,0.8,False,2025-04-14,344.0,692.24,0.0,0.0,0.0
2025-04-07,P000070,LOC008,Beauty & Personal Care,Makeup,Nivea,0,0,0,0.8,False,2025-04-14,344.0,692.24,0.0,0.0,0.0
2025-04-08,P000070,LOC008,Beauty & Personal Care,Makeup,Nivea,0,0,0,0.8,False,2025-04-14,344.0,692.24,0.0,0.0,0.0
2025-04-09,P000070,LOC008,Beauty & Personal Care,Makeup,Nivea,0,0,0,0.8,False,2025-04-14,344.0,692.24,0.0,0.0,0.0
2025-04-10,P000070,LOC008,Beauty & Personal Care,Makeup,Nivea,0,0,0,0.8,False,2025-04-14,344.0,692.24,0.0,0.0,0.0
2025-04-11,P000070,LOC008,Beauty & Personal Care,Makeup,Nivea,0,0,0,0.8,False,2025-04-14,344.0,692.24,0.0,0.0,0.0
2025-04-12,P000070,LOC008,Beauty & Personal Care,Makeup,Nivea,0,0,0,0.8,False,2025-04-14,344.0,692.24,0.0,0.0,0.0
2025-04-13,P000070,LOC008,Beauty & Personal Care,Makeup,Nivea,0,0,0,0.8,False,2025-04-14,344.0,692.24,0.0,0.0,0.0
2025-04-14,P000070,LOC008,Beauty & Personal Care,Makeup,Nivea,0,0,0,0.8,False,2025-04-14,344.0,692.24,0.0,0.0,0.0
2025-04-15,P000070,LOC008,Beauty & Personal Care,Makeup,Nivea,0,0,0,0.8,False,2025-04-14,344.0,692.24,0.0,0.0,0.0
2025-04-16,P000070,LOC008,Beauty & Personal Care,Makeup,Nivea,0,0,0,0.8,False,2025-04-14,344.0,692.24,0.0,0.0,0.0
2025-04-17,P000070,LOC008,Beauty & Personal Care,Makeup,Nivea,0,0,0,0.8,False,2025-04-14,344.0,692.24,0.0,0.0,0.0
2025-04-18,P000070,LOC008,Beauty & Personal Care,Makeup,Nivea,0,0,0,0.8,False,2025-04-14,344.0,692.24,0.0,0.0,0.0
2025-04-19,P000070,LOC008,Beauty & Personal Care,Makeup,Nivea,0,0,0,0.8,False,2025-04-14,344.0,692.24,0.0,0.0,0.0
2025-04-20,P000070,LOC008,Beauty & Personal Care,Makeup,Nivea,0,0,0,0.8,False,2025-04-14,344.0,692.24,0.0,0.0,0.0
2025-04-21,P000070,LOC008,Beauty & Personal Care,Makeup,Nivea,0,0,0,0.8,False,2025-04-14,344.0,692.24,0.0,0.0,0.0
2025-04-22,P000070,LOC008,Beauty & Personal Care,Makeup,Nivea,0,0,0,0.8,False,2025-04-14,344.0,692.24,0.0,0.0,0.0
2025-04-23,P000070,LOC008,Beauty & Personal Care,Makeup,Nivea,0,0,0,0.8,False,2025-04-14,344.0,692.24,0.0,0.0,0.0
2025-04-24,P000070,LOC008,Beauty & Personal Care,Makeup,Nivea,0,0,0,0.8,False,2025-04-14,344.0,692.24,0.0,0.0,0.0
2025-04-25,P000070,LOC008,Beauty & Personal Care,Makeup,Nivea,0,0,0,0.8,False,2025-04-14,344.0,692.24,0.0,0.0,0.0
2025-04-26,P000070,LOC008,Beauty & Personal Care,Makeup,Nivea,0,0,0,0.8,False,2025-04-14,344.0,692.24,0.0,0.0,0.0
2025-04-27,P000070,LOC008,Beauty & Personal Care,Makeup,Nivea,0,0,0,0.8,True,2025-04-14,344.0,692.24,0.0,0.0,0.0
2025-04-28,P000070,LOC008,Beauty & Personal Care,Makeup,Nivea,0,0,0,0.8,False,2025-04-14,344.0,692.24,0.0,0.0,0.0
2025-04-29,P000070,LOC008,Beauty & Personal Care,Makeup,Nivea,0,0,0,0.8,False,2025-04-14,344.0,692.24,0.0,0.0,0.0
2025-04-01,P000074,LOC008,Beauty & Personal Care,Haircare,Nivea,3,2,3,0.8,False,2025-04-14,596.92,915.8,2747.3999999999996,1790.7599999999998,956.6399999999999
2025-04-02,P000074,LOC008,Beauty & Personal Care,Haircare,Nivea,4,3,4,0.8,True,2025-04-14,596.92,915.8,3663.2,2387.68,1275.52
2025-04-03,P000074,LOC008,Beauty & Personal Care,Haircare,Nivea,2,1,2,0.8,False,2025-04-14,596.92,915.8,1831.6,1193.84,637.76
2025-04-04,P000074,LOC008,Beauty & Personal Care,Haircare,Nivea,3,2,3,0.8,False,2025-04-14,596.92,915.8,2747.3999999999996,1790.7599999999998,956.6399999999999
2025-04-05,P000074,LOC008,Beauty & Personal Care,Haircare,Nivea,3,2,3,0.8,False,2025-04-14,596.92,915.8,2747.3999999999996,1790.7599999999998,956.6399999999999
2025-04-06,P000074,LOC008,Beauty & Personal Care,Haircare,Nivea,3,2,3,0.8,False,2025-04-14,596.92,915.8,2747.3999999999996,1790.7599999999998,956.6399999999999
2025-04-07,P000074,LOC008,Beauty & Personal Care,Haircare,Nivea,3,2,3,0.8,False,2025-04-14,596.92,915.8,2747.3999999999996,1790.7599999999998,956.6399999999999
2025-04-08,P000074,LOC008,Beauty & Personal Care,Haircare,Nivea,3,2,3,0.8,False,2025-04-14,596.92,915.8,2747.3999999999996,1790.7599999999998,956.6399999999999
2025-04-09,P000074,LOC008,Beauty & Personal Care,Haircare,Nivea,3,2,3,0.8,False,2025-04-14,596.92,915.8,2747.3999999999996,1790.7599999999998,956.6399999999999
2025-04-10,P000074,LOC008,Beauty & Personal Care,Haircare,Nivea,3,2,3,0.8,False,2025-04-14,596.92,915.8,2747.3999999999996,1790.7599999999998,956.6399999999999
2025-04-11,P000074,LOC008,Beauty & Personal Care,Haircare,Nivea,2,1,2,0.8,False,2025-04-14,596.92,915.8,1831.6,1193.84,637.76
2025-04-12,P000074,LOC008,Beauty & Personal Care,Haircare,Nivea,3,2,3,0.8,False,2025-04-14,596.92,915.8,2747.3999999999996,1790.7599999999998,956.6399999999999
2025-04-13,P000074,LOC008,Beauty & Personal Care,Haircare,Nivea,3,2,3,0.8,False,2025-04-14,596.92,915.8,2747.3999999999996,1790.7599999999998,956.6399999999999
2025-04-14,P000074,LOC008,Beauty & Personal Care,Haircare,Nivea,3,2,3,0.8,False,2025-04-14,596.92,915.8,2747.3999999999996,1790.7599999999998,956.6399999999999
2025-04-15,P000074,LOC008,Beauty & Personal Care,Haircare,Nivea,2,1,2,0.8,False,2025-04-14,596.92,915.8,1831.6,1193.84,637.76
2025-04-16,P000074,LOC008,Beauty & Personal Care,Haircare,Nivea,3,2,3,0.8,False,2025-04-14,596.92,915.8,2747.3999999999996,1790.7599999999998,956.6399999999999
2025-04-17,P000074,LOC008,Beauty & Personal Care,Haircare,Nivea,3,2,3,0.8,False,2025-04-14,596.92,915.8,2747.3999999999996,1790.7599999999998,956.6399999999999
2025-04-18,P000074,LOC008,Beauty & Personal Care,Haircare,Nivea,3,2,3,0.8,True,2025-04-14,596.92,915.8,2747.3999999999996,1790.7599999999998,956.6399999999999
2025-04-19,P000074,LOC008,Beauty & Personal Care,Haircare,Nivea,4,3,4,0.8,True,2025-04-14,596.92,915.8,3663.2,2387.68,1275.52
2025-04-20,P000074,LOC008,Beauty & Personal Care,Haircare,Nivea,3,2,3,0.8,True,2025-04-14,596.92,915.8,2747.3999999999996,1790.7599999999998,956.6399999999999
2025-04-21,P000074,LOC008,Beauty & Personal Care,Haircare,Nivea,3,2,3,0.8,False,2025-04-14,596.92,915.8,2747.3999999999996,1790.7599999999998,956.6399999999999
2025-04-22,P000074,LOC008,Beauty & Personal Care,Haircare,Nivea,3,2,3,0.8,False,2025-04-14,596.92,915.8,2747.3999999999996,1790.7599999999998,956.6399999999999
2025-04-23,P000074,LOC008,Beauty & Personal Care,Haircare,Nivea,3,2,3,0.8,False,2025-04-14,596.92,915.8,2747.3999999999996,1790.7599999999998,956.6399999999999
2025-04-24,P000074,LOC008,Beauty & Personal Care,Haircare,Nivea,3,2,3,0.8,False,2025-04-14,596.92,915.8,2747.3999999999996,1790.7599999999998,956.6399999999999
2025-04-25,P000074,LOC008,Beauty & Personal Care,Haircare,Nivea,4,3,4,0.8,True,2025-04-14,596.92,915.8,3663.2,2387.68,1275.52
2025-04-26,P000074,LOC008,Beauty & Personal Care,Haircare,Nivea,3,2,3,0.8,False,2025-04-14,596.92,915.8,2747.3999999999996,1790.7599999999998,956.6399999999999
2025-04-27,P000074,LOC008,Beauty & Personal Care,Haircare,Nivea,3,2,3,0.8,False,2025-04-14,596.92,915.8,2747.3999999999996,1790.7599999999998,956.6399999999999
2025-04-28,P000074,LOC008,Beauty & Personal Care,Haircare,Nivea,3,2,3,0.8,False,2025-04-14,596.92,915.8,2747.3999999999996,1790.7599999999998,956.6399999999999
2025-04-29,P000074,LOC008,Beauty & Personal Care,Haircare,Nivea,3,2,3,0.8,False,2025-04-14,596.92,915.8,2747.3999999999996,1790.7599999999998,956.6399999999999
2025-04-01,P000075,LOC002,Electronics,Laptops,Samsung,2,1,2,0.8,False,2025-04-14,273.05,438.9,877.8,546.1,331.69999999999993
2025-04-02,P000075,LOC002,Electronics,Laptops,Samsung,2,1,2,0.8,False,2025-04-14,273.05,438.9,877.8,546.1,331.69999999999993
2025-04-03,P000075,LOC002,Electronics,Laptops,Samsung,2,1,2,0.8,False,2025-04-14,273.05,438.9,877.8,546.1,331.69999999999993
2025-04-04,P000075,LOC002,Electronics,Laptops,Samsung,2,1,2,0.8,False,2025-04-14,273.05,438.9,877.8,546.1,331.69999999999993
2025-04-05,P000075,LOC002,Electronics,Laptops,Samsung,2,1,2,0.8,False,2025-04-14,273.05,438.9,877.8,546.1,331.69999999999993
2025-04-06,P000075,LOC002,Electronics,Laptops,Samsung,1,0,1,0.8,False,2025-04-14,273.05,438.9,438.9,273.05,165.84999999999997
2025-04-07,P000075,LOC002,Electronics,Laptops,Samsung,2,1,2,0.8,False,2025-04-14,273.05,438.9,877.8,546.1,331.69999999999993
2025-04-08,P000075,LOC002,Electronics,Laptops,Samsung,1,0,1,0.8,False,2025-04-14,273.05,438.9,438.9,273.05,165.84999999999997
2025-04-09,P000075,LOC002,Electronics,Laptops,Samsung,1,0,1,0.8,False,2025-04-14,273.05,438.9,438.9,273.05,165.84999999999997
2025-04-10,P000075,LOC002,Electronics,Laptops,Samsung,2,1,2,0.8,False,2025-04-14,273.05,438.9,877.8,546.1,331.69999999999993
2025-04-11,P000075,LOC002,Electronics,Laptops,Samsung,2,1,2,0.8,False,2025-04-14,273.05,438.9,877.8,546.1,331.69999999999993
2025-04-12,P000075,LOC002,Electronics,Laptops,Samsung,1,0,1,0.8,False,2025-04-14,273.05,438.9,438.9,273.05,165.84999999999997
2025-04-13,P000075,LOC002,Electronics,Laptops,Samsung,1,0,1,0.8,False,2025-04-14,273.05,438.9,438.9,273.05,165.84999999999997
2025-04-14,P000075,LOC002,Electronics,Laptops,Samsung,1,0,1,0.8,False,2025-04-14,273.05,438.9,438.9,273.05,165.84999999999997
2025-04-15,P000075,LOC002,Electronics,Laptops,Samsung,2,1,2,0.8,False,2025-04-14,273.05,438.9,877.8,546.1,331.69999999999993
2025-04-16,P000075,LOC002,Electronics,Laptops,Samsung,2,1,2,0.8,False,2025-04-14,273.05,438.9,877.8,546.1,331.69999999999993
2025-04-17,P000075,LOC002,Electronics,Laptops,Samsung,2,1,2,0.8,False,2025-04-14,273.05,438.9,877.8,546.1,331.69999999999993
2025-04-18,P000075,LOC002,Electronics,Laptops,Samsung,2,1,2,0.8,False,2025-04-14,273.05,438.9,877.8,546.1,331.69999999999993
2025-04-19,P000075,LOC002,Electronics,Laptops,Samsung,1,0,1,0.8,False,2025-04-14,273.05,438.9,438.9,273.05,165.84999999999997
2025-04-20,P000075,LOC002,Electronics,Laptops,Samsung,1,0,1,0.8,False,2025-04-14,273.05,438.9,438.9,273.05,165.84999999999997
2025-04-21,P000075,LOC002,Electronics,Laptops,Samsung,2,1,2,0.8,False,2025-04-14,273.05,438.9,877.8,546.1,331.69999999999993
2025-04-22,P000075,LOC002,Electronics,Laptops,Samsung,2,1,2,0.8,False,2025-04-14,273.05,438.9,877.8,546.1,331.69999999999993
2025-04-23,P000075,LOC002,Electronics,Laptops,Samsung,1,0,1,0.8,False,2025-04-14,273.05,438.9,438.9,273.05,165.84999999999997
2025-04-24,P000075,LOC002,Electronics,Laptops,Samsung,2,1,2,0.8,False,2025-04-14,273.05,438.9,877.8,546.1,331.69999999999993
2025-04-25,P000075,LOC002,Electronics,Laptops,Samsung,1,0,1,0.8,False,2025-04-14,273.05,438.9,438.9,273.05,165.84999999999997
2025-04-26,P000075,LOC002,Electronics,Laptops,Samsung,1,0,1,0.8,False,2025-04-14,273.05,438.9,438.9,273.05,165.84999999999997
2025-04-27,P000075,LOC002,Electronics,Laptops,Samsung,2,1,2,0.8,False,2025-04-14,273.05,438.9,877.8,546.1,331.69999999999993
2025-04-28,P000075,LOC002,Electronics,Laptops,Samsung,1,0,1,0.8,False,2025-04-14,273.05,438.9,438.9,273.05,165.84999999999997
2025-04-29,P000075,LOC002,Electronics,Laptops,Samsung,1,0,1,0.8,False,2025-04-14,273.05,438.9,438.9,273.05,165.84999999999997
2025-04-01,P000079,LOC002,Apparel,Kids' Clothing,Nike,4,3,4,0.8,False,2025-04-14,312.06,565.57,2262.28,1248.24,1014.0400000000002
2025-04-02,P000079,LOC002,Apparel,Kids' Clothing,Nike,4,3,4,0.8,False,2025-04-14,312.06,565.57,2262.28,1248.24,1014.0400000000002
2025-04-03,P000079,LOC002,Apparel,Kids' Clothing,Nike,6,4,7,0.8,True,2025-04-14,312.06,565.57,3393.42,1872.3600000000001,1521.06
2025-04-04,P000079,LOC002,Apparel,Kids' Clothing,Nike,6,4,7,0.8,False,2025-04-14,312.06,565.57,3393.42,1872.3600000000001,1521.06
2025-04-05,P000079,LOC002,Apparel,Kids' Clothing,Nike,4,3,4,0.8,False,2025-04-14,312.06,565.57,2262.28,1248.24,1014.0400000000002
2025-04-06,P000079,LOC002,Apparel,Kids' Clothing,Nike,5,4,6,0.8,False,2025-04-14,312.06,565.57,2827.8500000000004,1560.3,1267.5500000000004
2025-04-07,P000079,LOC002,Apparel,Kids' Clothing,Nike,6,4,7,0.8,False,2025-04-14,312.06,565.57,3393.42,1872.3600000000001,1521.06
2025-04-08,P000079,LOC002,Apparel,Kids' Clothing,Nike,4,3,4,0.8,False,2025-04-14,312.06,565.57,2262.28,1248.24,1014.0400000000002
2025-04-09,P000079,LOC002,Apparel,Kids' Clothing,Nike,4,3,4,0.8,False,2025-04-14,312.06,565.57,2262.28,1248.24,1014.0400000000002
2025-04-10,P000079,LOC002,Apparel,Kids' Clothing,Nike,5,4,6,0.8,False,2025-04-14,312.06,565.57,2827.8500000000004,1560.3,1267.5500000000004
2025-04-11,P000079,LOC002,Apparel,Kids' Clothing,Nike,4,3,4,0.8,False,2025-04-14,312.06,565.57,2262.28,1248.24,1014.0400000000002
2025-04-12,P000079,LOC002,Apparel,Kids' Clothing,Nike,4,3,4,0.8,False,2025-04-14,312.06,565.57,2262.28,1248.24,1014.0400000000002
2025-04-13,P000079,LOC002,Apparel,Kids' Clothing,Nike,5,4,6,0.8,False,2025-04-14,312.06,565.57,2827.8500000000004,1560.3,1267.5500000000004
2025-04-14,P000079,LOC002,Apparel,Kids' Clothing,Nike,4,3,4,0.8,False,2025-04-14,312.06,565.57,2262.28,1248.24,1014.0400000000002
2025-04-15,P000079,LOC002,Apparel,Kids' Clothing,Nike,4,3,4,0.8,False,2025-04-14,312.06,565.57,2262.28,1248.24,1014.0400000000002
2025-04-16,P000079,LOC002,Apparel,Kids' Clothing,Nike,6,4,7,0.8,False,2025-04-14,312.06,565.57,3393.42,1872.3600000000001,1521.06
2025-04-17,P000079,LOC002,Apparel,Kids' Clothing,Nike,4,3,4,0.8,False,2025-04-14,312.06,565.57,2262.28,1248.24,1014.0400000000002
2025-04-18,P000079,LOC002,Apparel,Kids' Clothing,Nike,5,4,6,0.8,False,2025-04-14,312.06,565.57,2827.8500000000004,1560.3,1267.5500000000004
2025-04-19,P000079,LOC002,Apparel,Kids' Clothing,Nike,4,3,4,0.8,False,2025-04-14,312.06,565.57,2262.28,1248.24,1014.0400000000002
2025-04-20,P000079,LOC002,Apparel,Kids' Clothing,Nike,5,4,6,0.8,False,2025-04-14,312.06,565.57,2827.8500000000004,1560.3,1267.5500000000004
2025-04-21,P000079,LOC002,Apparel,Kids' Clothing,Nike,5,4,6,0.8,False,2025-04-14,312.06,565.57,2827.8500000000004,1560.3,1267.5500000000004
2025-04-22,P000079,LOC002,Apparel,Kids' Clothing,Nike,5,4,6,0.8,False,2025-04-14,312.06,565.57,2827.8500000000004,1560.3,1267.5500000000004
2025-04-23,P000079,LOC002,Apparel,Kids' Clothing,Nike,7,5,8,0.8,True,2025-04-14,312.06,565.57,3958.9900000000002,2184.42,1774.5700000000002
2025-04-24,P000079,LOC002,Apparel,Kids' Clothing,Nike,5,4,6,0.8,False,2025-04-14,312.06,565.57,2827.8500000000004,1560.3,1267.5500000000004
2025-04-25,P000079,LOC002,Apparel,Kids' Clothing,Nike,5,4,6,0.8,False,2025-04-14,312.06,565.57,2827.8500000000004,1560.3,1267.5500000000004
2025-04-26,P000079,LOC002,Apparel,Kids' Clothing,Nike,5,4,6,0.8,True,2025-04-14,312.06,565.57,2827.8500000000004,1560.3,1267.5500000000004
2025-04-27,P000079,LOC002,Apparel,Kids' Clothing,Nike,4,3,4,0.8,False,2025-04-14,312.06,565.57,2262.28,1248.24,1014.0400000000002
2025-04-28,P000079,LOC002,Apparel,Kids' Clothing,Nike,5,4,6,0.8,False,2025-04-14,312.06,565.57,2827.8500000000004,1560.3,1267.5500000000004
2025-04-29,P000079,LOC002,Apparel,Kids' Clothing,Nike,5,4,6,0.8,False,2025-04-14,312.06,565.57,2827.8500000000004,1560.3,1267.5500000000004
2025-04-01,P000079,LOC007,Apparel,Kids' Clothing,Nike,2,1,2,0.8,True,2025-04-14,312.06,565.57,1131.14,624.12,507.0200000000001
2025-04-02,P000079,LOC007,Apparel,Kids' Clothing,Nike,2,1,2,0.8,False,2025-04-14,312.06,565.57,1131.14,624.12,507.0200000000001
2025-04-03,P000079,LOC007,Apparel,Kids' Clothing,Nike,2,1,2,0.8,False,2025-04-14,312.06,565.57,1131.14,624.12,507.0200000000001
2025-04-04,P000079,LOC007,Apparel,Kids' Clothing,Nike,2,1,2,0.8,False,2025-04-14,312.06,565.57,1131.14,624.12,507.0200000000001
2025-04-05,P000079,LOC007,Apparel,Kids' Clothing,Nike,2,1,2,0.8,False,2025-04-14,312.06,565.57,1131.14,624.12,507.0200000000001
2025-04-06,P000079,LOC007,Apparel,Kids' Clothing,Nike,2,1,2,0.8,False,2025-04-14,312.06,565.57,1131.14,624.12,507.0200000000001
2025-04-07,P000079,LOC007,Apparel,Kids' Clothing,Nike,2,1,2,0.8,False,2025-04-14,312.06,565.57,1131.14,624.12,507.0200000000001
2025-04-08,P000079,LOC007,Apparel,Kids' Clothing,Nike,2,1,2,0.8,False,2025-04-14,312.06,565.57,1131.14,624.12,507.0200000000001
2025-04-09,P000079,LOC007,Apparel,Kids' Clothing,Nike,1,0,1,0.8,False,2025-04-14,312.06,565.57,565.57,312.06,253.51000000000005
2025-04-10,P000079,LOC007,Apparel,Kids' Clothing,Nike,2,1,2,0.8,False,2025-04-14,312.06,565.57,1131.14,624.12,507.0200000000001
2025-04-11,P000079,LOC007,Apparel,Kids' Clothing,Nike,2,1,2,0.8,False,2025-04-14,312.06,565.57,1131.14,624.12,507.0200000000001
2025-04-12,P000079,LOC007,Apparel,Kids' Clothing,Nike,2,1,2,0.8,False,2025-04-14,312.06,565.57,1131.14,624.12,507.0200000000001
2025-04-13,P000079,LOC007,Apparel,Kids' Clothing,Nike,2,1,2,0.8,False,2025-04-14,312.06,565.57,1131.14,624.12,507.0200000000001
2025-04-14,P000079,LOC007,Apparel,Kids' Clothing,Nike,1,0,1,0.8,False,2025-04-14,312.06,565.57,565.57,312.06,253.51000000000005
2025-04-15,P000079,LOC007,Apparel,Kids' Clothing,Nike,2,1,2,0.8,False,2025-04-14,312.06,565.57,1131.14,624.12,507.0200000000001
2025-04-16,P000079,LOC007,Apparel,Kids' Clothing,Nike,1,0,1,0.8,False,2025-04-14,312.06,565.57,565.57,312.06,253.51000000000005
2025-04-17,P000079,LOC007,Apparel,Kids' Clothing,Nike,2,1,2,0.8,False,2025-04-14,312.06,565.57,1131.14,624.12,507.0200000000001
2025-04-18,P000079,LOC007,Apparel,Kids' Clothing,Nike,2,1,2,0.8,False,2025-04-14,312.06,565.57,1131.14,624.12,507.0200000000001
2025-04-19,P000079,LOC007,Apparel,Kids' Clothing,Nike,2,1,2,0.8,False,2025-04-14,312.06,565.57,1131.14,624.12,507.0200000000001
2025-04-20,P000079,LOC007,Apparel,Kids' Clothing,Nike,1,0,1,0.8,False,2025-04-14,312.06,565.57,565.57,312.06,253.51000000000005
2025-04-21,P000079,LOC007,Apparel,Kids' Clothing,Nike,2,1,2,0.8,False,2025-04-14,312.06,565.57,1131.14,624.12,507.0200000000001
2025-04-22,P000079,LOC007,Apparel,Kids' Clothing,Nike,1,0,1,0.8,False,2025-04-14,312.06,565.57,565.57,312.06,253.51000000000005
2025-04-23,P000079,LOC007,Apparel,Kids' Clothing,Nike,1,0,1,0.8,False,2025-04-14,312.06,565.57,565.57,312.06,253.51000000000005
2025-04-24,P000079,LOC007,Apparel,Kids' Clothing,Nike,1,0,1,0.8,False,2025-04-14,312.06,565.57,565.57,312.06,253.51000000000005
2025-04-25,P000079,LOC007,Apparel,Kids' Clothing,Nike,2,1,2,0.8,False,2025-04-14,312.06,565.57,1131.14,624.12,507.0200000000001
2025-04-26,P000079,LOC007,Apparel,Kids' Clothing,Nike,2,1,2,0.8,False,2025-04-14,312.06,565.57,1131.14,624.12,507.0200000000001
2025-04-27,P000079,LOC007,Apparel,Kids' Clothing,Nike,2,1,2,0.8,False,2025-04-14,312.06,565.57,1131.14,624.12,507.0200000000001
2025-04-28,P000079,LOC007,Apparel,Kids' Clothing,Nike,2,1,2,0.8,False,2025-04-14,312.06,565.57,1131.14,624.12,507.0200000000001
2025-04-29,P000079,LOC007,Apparel,Kids' Clothing,Nike,2,1,2,0.8,False,2025-04-14,312.06,565.57,1131.14,624.12,507.0200000000001
2025-04-01,P000080,LOC005,Food & Beverages,Confectionery,Kellogg's,4,3,4,0.8,False,2025-04-14,253.9,425.06,1700.24,1015.6,684.64
2025-04-02,P000080,LOC005,Food & Beverages,Confectionery,Kellogg's,4,3,4,0.8,False,2025-04-14,253.9,425.06,1700.24,1015.6,684.64
2025-04-03,P000080,LOC005,Food & Beverages,Confectionery,Kellogg's,4,3,4,0.8,False,2025-04-14,253.9,425.06,1700.24,1015.6,684.64
2025-04-04,P000080,LOC005,Food & Beverages,Confectionery,Kellogg's,4,3,4,0.8,True,2025-04-14,253.9,425.06,1700.24,1015.6,684.64
2025-04-05,P000080,LOC005,Food & Beverages,Confectionery,Kellogg's,4,3,4,0.8,False,2025-04-14,253.9,425.06,1700.24,1015.6,684.64
2025-04-06,P000080,LOC005,Food & Beverages,Confectionery,Kellogg's,4,3,4,0.8,False,2025-04-14,253.9,425.06,1700.24,1015.6,684.64
2025-04-07,P000080,LOC005,Food & Beverages,Confectionery,Kellogg's,5,4,6,0.8,True,2025-04-14,253.9,425.06,2125.3,1269.5,855.8000000000002
2025-04-08,P000080,LOC005,Food & Beverages,Confectionery,Kellogg's,4,3,4,0.8,False,2025-04-14,253.9,425.06,1700.24,1015.6,684.64
2025-04-09,P000080,LOC005,Food & Beverages,Confectionery,Kellogg's,4,3,4,0.8,False,2025-04-14,253.9,425.06,1700.24,1015.6,684.64
2025-04-10,P000080,LOC005,Food & Beverages,Confectionery,Kellogg's,4,3,4,0.8,False,2025-04-14,253.9,425.06,1700.24,1015.6,684.64
2025-04-11,P000080,LOC005,Food & Beverages,Confectionery,Kellogg's,3,2,3,0.8,False,2025-04-14,253.9,425.06,1275.18,761.7,513.48
2025-04-12,P000080,LOC005,Food & Beverages,Confectionery,Kellogg's,4,3,4,0.8,False,2025-04-14,253.9,425.06,1700.24,1015.6,684.64
2025-04-13,P000080,LOC005,Food & Beverages,Confectionery,Kellogg's,4,3,4,0.8,False,2025-04-14,253.9,425.06,1700.24,1015.6,684.64
2025-04-14,P000080,LOC005,Food & Beverages,Confectionery,Kellogg's,4,3,4,0.8,False,2025-04-14,253.9,425.06,1700.24,1015.6,684.64
2025-04-15,P000080,LOC005,Food & Beverages,Confectionery,Kellogg's,3,2,3,0.8,False,2025-04-14,253.9,425.06,1275.18,761.7,513.48
2025-04-16,P000080,LOC005,Food & Beverages,Confectionery,Kellogg's,3,2,3,0.8,False,2025-04-14,253.9,425.06,1275.18,761.7,513.48
2025-04-17,P000080,LOC005,Food & Beverages,Confectionery,Kellogg's,3,2,3,0.8,False,2025-04-14,253.9,425.06,1275.18,761.7,513.48
2025-04-18,P000080,LOC005,Food & Beverages,Confectionery,Kellogg's,3,2,3,0.8,False,2025-04-14,253.9,425.06,1275.18,761.7,513.48
2025-04-19,P000080,LOC005,Food & Beverages,Confectionery,Kellogg's,3,2,3,0.8,False,2025-04-14,253.9,425.06,1275.18,761.7,513.48
2025-04-20,P000080,LOC005,Food & Beverages,Confectionery,Kellogg's,3,2,3,0.8,False,2025-04-14,253.9,425.06,1275.18,761.7,513.48
2025-04-21,P000080,LOC005,Food & Beverages,Confectionery,Kellogg's,5,4,6,0.8,True,2025-04-14,253.9,425.06,2125.3,1269.5,855.8000000000002
2025-04-22,P000080,LOC005,Food & Beverages,Confectionery,Kellogg's,4,3,4,0.8,False,2025-04-14,253.9,425.06,1700.24,1015.6,684.64
2025-04-23,P000080,LOC005,Food & Beverages,Confectionery,Kellogg's,4,3,4,0.8,False,2025-04-14,253.9,425.06,1700.24,1015.6,684.64
2025-04-24,P000080,LOC005,Food & Beverages,Confectionery,Kellogg's,5,4,6,0.8,True,2025-04-14,253.9,425.06,2125.3,1269.5,855.8000000000002
2025-04-25,P000080,LOC005,Food & Beverages,Confectionery,Kellogg's,3,2,3,0.8,False,2025-04-14,253.9,425.06,1275.18,761.7,513.48
2025-04-26,P000080,LOC005,Food & Beverages,Confectionery,Kellogg's,4,3,4,0.8,False,2025-04-14,253.9,425.06,1700.24,1015.6,684.64
2025-04-27,P000080,LOC005,Food & Beverages,Confectionery,Kellogg's,6,4,7,0.8,True,2025-04-14,253.9,425.06,2550.36,1523.4,1026.96
2025-04-28,P000080,LOC005,Food & Beverages,Confectionery,Kellogg's,3,2,3,0.8,False,2025-04-14,253.9,425.06,1275.18,761.7,513.48
2025-04-29,P000080,LOC005,Food & Beverages,Confectionery,Kellogg's,4,3,4,0.8,False,2025-04-14,253.9,425.06,1700.24,1015.6,684.64
2025-04-01,P000082,LOC002,Beauty & Personal Care,Personal Hygiene,L'Oreal,1,0,1,0.8,False,2025-04-14,453.52,797.58,797.58,453.52,344.06000000000006
2025-04-02,P000082,LOC002,Beauty & Personal Care,Personal Hygiene,L'Oreal,2,1,2,0.8,False,2025-04-14,453.52,797.58,1595.16,907.04,688.1200000000001
2025-04-03,P000082,LOC002,Beauty & Personal Care,Personal Hygiene,L'Oreal,2,1,2,0.8,False,2025-04-14,453.52,797.58,1595.16,907.04,688.1200000000001
2025-04-04,P000082,LOC002,Beauty & Personal Care,Personal Hygiene,L'Oreal,2,1,2,0.8,False,2025-04-14,453.52,797.58,1595.16,907.04,688.1200000000001
2025-04-05,P000082,LOC002,Beauty & Personal Care,Personal Hygiene,L'Oreal,2,1,2,0.8,False,2025-04-14,453.52,797.58,1595.16,907.04,688.1200000000001
2025-04-06,P000082,LOC002,Beauty & Personal Care,Personal Hygiene,L'Oreal,2,1,2,0.8,False,2025-04-14,453.52,797.58,1595.16,907.04,688.1200000000001
2025-04-07,P000082,LOC002,Beauty & Personal Care,Personal Hygiene,L'Oreal,1,0,1,0.8,False,2025-04-14,453.52,797.58,797.58,453.52,344.06000000000006
2025-04-08,P000082,LOC002,Beauty & Personal Care,Personal Hygiene,L'Oreal,2,1,2,0.8,False,2025-04-14,453.52,797.58,1595.16,907.04,688.1200000000001
2025-04-09,P000082,LOC002,Beauty & Personal Care,Personal Hygiene,L'Oreal,1,0,1,0.8,False,2025-04-14,453.52,797.58,797.58,453.52,344.06000000000006
2025-04-10,P000082,LOC002,Beauty & Personal Care,Personal Hygiene,L'Oreal,2,1,2,0.8,True,2025-04-14,453.52,797.58,1595.16,907.04,688.1200000000001
2025-04-11,P000082,LOC002,Beauty & Personal Care,Personal Hygiene,L'Oreal,2,1,2,0.8,False,2025-04-14,453.52,797.58,1595.16,907.04,688.1200000000001
2025-04-12,P000082,LOC002,Beauty & Personal Care,Personal Hygiene,L'Oreal,2,1,2,0.8,False,2025-04-14,453.52,797.58,1595.16,907.04,688.1200000000001
2025-04-13,P000082,LOC002,Beauty & Personal Care,Personal Hygiene,L'Oreal,1,0,1,0.8,False,2025-04-14,453.52,797.58,797.58,453.52,344.06000000000006
2025-04-14,P000082,LOC002,Beauty & Personal Care,Personal Hygiene,L'Oreal,1,0,1,0.8,False,2025-04-14,453.52,797.58,797.58,453.52,344.06000000000006
2025-04-15,P000082,LOC002,Beauty & Personal Care,Personal Hygiene,L'Oreal,1,0,1,0.8,False,2025-04-14,453.52,797.58,797.58,453.52,344.06000000000006
2025-04-16,P000082,LOC002,Beauty & Personal Care,Personal Hygiene,L'Oreal,1,0,1,0.8,False,2025-04-14,453.52,797.58,797.58,453.52,344.06000000000006
2025-04-17,P000082,LOC002,Beauty & Personal Care,Personal Hygiene,L'Oreal,2,1,2,0.8,False,2025-04-14,453.52,797.58,1595.16,907.04,688.1200000000001
2025-04-18,P000082,LOC002,Beauty & Personal Care,Personal Hygiene,L'Oreal,2,1,2,0.8,False,2025-04-14,453.52,797.58,1595.16,907.04,688.1200000000001
2025-04-19,P000082,LOC002,Beauty & Personal Care,Personal Hygiene,L'Oreal,2,1,2,0.8,False,2025-04-14,453.52,797.58,1595.16,907.04,688.1200000000001
2025-04-20,P000082,LOC002,Beauty & Personal Care,Personal Hygiene,L'Oreal,1,0,1,0.8,False,2025-04-14,453.52,797.58,797.58,453.52,344.06000000000006
2025-04-21,P000082,LOC002,Beauty & Personal Care,Personal Hygiene,L'Oreal,1,0,1,0.8,False,2025-04-14,453.52,797.58,797.58,453.52,344.06000000000006
2025-04-22,P000082,LOC002,Beauty & Personal Care,Personal Hygiene,L'Oreal,1,0,1,0.8,False,2025-04-14,453.52,797.58,797.58,453.52,344.06000000000006
2025-04-23,P000082,LOC002,Beauty & Personal Care,Personal Hygiene,L'Oreal,2,1,2,0.8,False,2025-04-14,453.52,797.58,1595.16,907.04,688.1200000000001
2025-04-24,P000082,LOC002,Beauty & Personal Care,Personal Hygiene,L'Oreal,2,1,2,0.8,False,2025-04-14,453.52,797.58,1595.16,907.04,688.1200000000001
2025-04-25,P000082,LOC002,Beauty & Personal Care,Personal Hygiene,L'Oreal,1,0,1,0.8,False,2025-04-14,453.52,797.58,797.58,453.52,344.06000000000006
2025-04-26,P000082,LOC002,Beauty & Personal Care,Personal Hygiene,L'Oreal,1,0,1,0.8,False,2025-04-14,453.52,797.58,797.58,453.52,344.06000000000006
2025-04-27,P000082,LOC002,Beauty & Personal Care,Personal Hygiene,L'Oreal,1,0,1,0.8,False,2025-04-14,453.52,797.58,797.58,453.52,344.06000000000006
2025-04-28,P000082,LOC002,Beauty & Personal Care,Personal Hygiene,L'Oreal,1,0,1,0.8,False,2025-04-14,453.52,797.58,797.58,453.52,344.06000000000006
2025-04-29,P000082,LOC002,Beauty & Personal Care,Personal Hygiene,L'Oreal,2,1,2,0.8,False,2025-04-14,453.52,797.58,1595.16,907.04,688.1200000000001
2025-04-01,P000082,LOC017,Beauty & Personal Care,Personal Hygiene,L'Oreal,0,0,0,0.8,False,2025-04-14,453.52,797.58,0.0,0.0,0.0
2025-04-02,P000082,LOC017,Beauty & Personal Care,Personal Hygiene,L'Oreal,0,0,0,0.8,True,2025-04-14,453.52,797.58,0.0,0.0,0.0
2025-04-03,P000082,LOC017,Beauty & Personal Care,Personal Hygiene,L'Oreal,0,0,0,0.8,False,2025-04-14,453.52,797.58,0.0,0.0,0.0
2025-04-04,P000082,LOC017,Beauty & Personal Care,Personal Hygiene,L'Oreal,0,0,0,0.8,False,2025-04-14,453.52,797.58,0.0,0.0,0.0
2025-04-05,P000082,LOC017,Beauty & Personal Care,Personal Hygiene,L'Oreal,0,0,0,0.8,False,2025-04-14,453.52,797.58,0.0,0.0,0.0
2025-04-06,P000082,LOC017,Beauty & Personal Care,Personal Hygiene,L'Oreal,0,0,0,0.8,False,2025-04-14,453.52,797.58,0.0,0.0,0.0
2025-04-07,P000082,LOC017,Beauty & Personal Care,Personal Hygiene,L'Oreal,0,0,0,0.8,True,2025-04-14,453.52,797.58,0.0,0.0,0.0
2025-04-08,P000082,LOC017,Beauty & Personal Care,Personal Hygiene,L'Oreal,0,0,0,0.8,False,2025-04-14,453.52,797.58,0.0,0.0,0.0
2025-04-09,P000082,LOC017,Beauty & Personal Care,Personal Hygiene,L'Oreal,0,0,0,0.8,True,2025-04-14,453.52,797.58,0.0,0.0,0.0
2025-04-10,P000082,LOC017,Beauty & Personal Care,Personal Hygiene,L'Oreal,0,0,0,0.8,False,2025-04-14,453.52,797.58,0.0,0.0,0.0
2025-04-11,P000082,LOC017,Beauty & Personal Care,Personal Hygiene,L'Oreal,0,0,0,0.8,False,2025-04-14,453.52,797.58,0.0,0.0,0.0
2025-04-12,P000082,LOC017,Beauty & Personal Care,Personal Hygiene,L'Oreal,0,0,0,0.8,True,2025-04-14,453.52,797.58,0.0,0.0,0.0
2025-04-13,P000082,LOC017,Beauty & Personal Care,Personal Hygiene,L'Oreal,0,0,0,0.8,False,2025-04-14,453.52,797.58,0.0,0.0,0.0
2025-04-14,P000082,LOC017,Beauty & Personal Care,Personal Hygiene,L'Oreal,0,0,0,0.8,False,2025-04-14,453.52,797.58,0.0,0.0,0.0
2025-04-15,P000082,LOC017,Beauty & Personal Care,Personal Hygiene,L'Oreal,0,0,0,0.8,False,2025-04-14,453.52,797.58,0.0,0.0,0.0
2025-04-16,P000082,LOC017,Beauty & Personal Care,Personal Hygiene,L'Oreal,0,0,0,0.8,False,2025-04-14,453.52,797.58,0.0,0.0,0.0
2025-04-17,P000082,LOC017,Beauty & Personal Care,Personal Hygiene,L'Oreal,0,0,0,0.8,False,2025-04-14,453.52,797.58,0.0,0.0,0.0
2025-04-18,P000082,LOC017,Beauty & Personal Care,Personal Hygiene,L'Oreal,0,0,0,0.8,False,2025-04-14,453.52,797.58,0.0,0.0,0.0
2025-04-19,P000082,LOC017,Beauty & Personal Care,Personal Hygiene,L'Oreal,0,0,0,0.8,False,2025-04-14,453.52,797.58,0.0,0.0,0.0
2025-04-20,P000082,LOC017,Beauty & Personal Care,Personal Hygiene,L'Oreal,0,0,0,0.8,False,2025-04-14,453.52,797.58,0.0,0.0,0.0
2025-04-21,P000082,LOC017,Beauty & Personal Care,Personal Hygiene,L'Oreal,0,0,0,0.8,False,2025-04-14,453.52,797.58,0.0,0.0,0.0
2025-04-22,P000082,LOC017,Beauty & Personal Care,Personal Hygiene,L'Oreal,0,0,0,0.8,False,2025-04-14,453.52,797.58,0.0,0.0,0.0
2025-04-23,P000082,LOC017,Beauty & Personal Care,Personal Hygiene,L'Oreal,0,0,0,0.8,False,2025-04-14,453.52,797.58,0.0,0.0,0.0
2025-04-24,P000082,LOC017,Beauty & Personal Care,Personal Hygiene,L'Oreal,0,0,0,0.8,False,2025-04-14,453.52,797.58,0.0,0.0,0.0
2025-04-25,P000082,LOC017,Beauty & Personal Care,Personal Hygiene,L'Oreal,0,0,0,0.8,False,2025-04-14,453.52,797.58,0.0,0.0,0.0
2025-04-26,P000082,LOC017,Beauty & Personal Care,Personal Hygiene,L'Oreal,0,0,0,0.8,False,2025-04-14,453.52,797.58,0.0,0.0,0.0
2025-04-27,P000082,LOC017,Beauty & Personal Care,Personal Hygiene,L'Oreal,0,0,0,0.8,False,2025-04-14,453.52,797.58,0.0,0.0,0.0
2025-04-28,P000082,LOC017,Beauty & Personal Care,Personal Hygiene,L'Oreal,0,0,0,0.8,False,2025-04-14,453.52,797.58,0.0,0.0,0.0
2025-04-29,P000082,LOC017,Beauty & Personal Care,Personal Hygiene,L'Oreal,0,0,0,0.8,True,2025-04-14,453.52,797.58,0.0,0.0,0.0
2025-04-01,P000088,LOC017,Electronics,Laptops,Sony,0,0,0,0.8,False,2025-04-14,474.78,730.81,0.0,0.0,0.0
2025-04-02,P000088,LOC017,Electronics,Laptops,Sony,0,0,0,0.8,False,2025-04-14,474.78,730.81,0.0,0.0,0.0
2025-04-03,P000088,LOC017,Electronics,Laptops,Sony,0,0,0,0.8,False,2025-04-14,474.78,730.81,0.0,0.0,0.0
2025-04-04,P000088,LOC017,Electronics,Laptops,Sony,0,0,0,0.8,False,2025-04-14,474.78,730.81,0.0,0.0,0.0
2025-04-05,P000088,LOC017,Electronics,Laptops,Sony,0,0,0,0.8,False,2025-04-14,474.78,730.81,0.0,0.0,0.0
2025-04-06,P000088,LOC017,Electronics,Laptops,Sony,0,0,0,0.8,False,2025-04-14,474.78,730.81,0.0,0.0,0.0
2025-04-07,P000088,LOC017,Electronics,Laptops,Sony,0,0,0,0.8,False,2025-04-14,474.78,730.81,0.0,0.0,0.0
2025-04-08,P000088,LOC017,Electronics,Laptops,Sony,0,0,0,0.8,False,2025-04-14,474.78,730.81,0.0,0.0,0.0
2025-04-09,P000088,LOC017,Electronics,Laptops,Sony,0,0,0,0.8,False,2025-04-14,474.78,730.81,0.0,0.0,0.0
2025-04-10,P000088,LOC017,Electronics,Laptops,Sony,0,0,0,0.8,False,2025-04-14,474.78,730.81,0.0,0.0,0.0
2025-04-11,P000088,LOC017,Electronics,Laptops,Sony,0,0,0,0.8,True,2025-04-14,474.78,730.81,0.0,0.0,0.0
2025-04-12,P000088,LOC017,Electronics,Laptops,Sony,0,0,0,0.8,False,2025-04-14,474.78,730.81,0.0,0.0,0.0
2025-04-13,P000088,LOC017,Electronics,Laptops,Sony,0,0,0,0.8,False,2025-04-14,474.78,730.81,0.0,0.0,0.0
2025-04-14,P000088,LOC017,Electronics,Laptops,Sony,0,0,0,0.8,False,2025-04-14,474.78,730.81,0.0,0.0,0.0
2025-04-15,P000088,LOC017,Electronics,Laptops,Sony,0,0,0,0.8,False,2025-04-14,474.78,730.81,0.0,0.0,0.0
2025-04-16,P000088,LOC017,Electronics,Laptops,Sony,0,0,0,0.8,False,2025-04-14,474.78,730.81,0.0,0.0,0.0
2025-04-17,P000088,LOC017,Electronics,Laptops,Sony,0,0,0,0.8,False,2025-04-14,474.78,730.81,0.0,0.0,0.0
2025-04-18,P000088,LOC017,Electronics,Laptops,Sony,0,0,0,0.8,False,2025-04-14,474.78,730.81,0.0,0.0,0.0
2025-04-19,P000088,LOC017,Electronics,Laptops,Sony,0,0,0,0.8,False,2025-04-14,474.78,730.81,0.0,0.0,0.0
2025-04-20,P000088,LOC017,Electronics,Laptops,Sony,0,0,0,0.8,False,2025-04-14,474.78,730.81,0.0,0.0,0.0
2025-04-21,P000088,LOC017,Electronics,Laptops,Sony,0,0,0,0.8,False,2025-04-14,474.78,730.81,0.0,0.0,0.0
2025-04-22,P000088,LOC017,Electronics,Laptops,Sony,0,0,0,0.8,False,2025-04-14,474.78,730.81,0.0,0.0,0.0
2025-04-23,P000088,LOC017,Electronics,Laptops,Sony,0,0,0,0.8,False,2025-04-14,474.78,730.81,0.0,0.0,0.0
2025-04-24,P000088,LOC017,Electronics,Laptops,Sony,0,0,0,0.8,False,2025-04-14,474.78,730.81,0.0,0.0,0.0
2025-04-25,P000088,LOC017,Electronics,Laptops,Sony,0,0,0,0.8,False,2025-04-14,474.78,730.81,0.0,0.0,0.0
2025-04-26,P000088,LOC017,Electronics,Laptops,Sony,0,0,0,0.8,False,2025-04-14,474.78,730.81,0.0,0.0,0.0
2025-04-27,P000088,LOC017,Electronics,Laptops,Sony,0,0,0,0.8,False,2025-04-14,474.78,730.81,0.0,0.0,0.0
2025-04-28,P000088,LOC017,Electronics,Laptops,Sony,0,0,0,0.8,False,2025-04-14,474.78,730.81,0.0,0.0,0.0
2025-04-29,P000088,LOC017,Electronics,Laptops,Sony,0,0,0,0.8,False,2025-04-14,474.78,730.81,0.0,0.0,0.0
2025-04-01,P000090,LOC017,Food & Beverages,Health Foods,Kraft,2,1,2,0.8,False,2025-04-14,373.12,890.09,1780.18,746.24,1033.94
2025-04-02,P000090,LOC017,Food & Beverages,Health Foods,Kraft,2,1,2,0.8,False,2025-04-14,373.12,890.09,1780.18,746.24,1033.94
2025-04-03,P000090,LOC017,Food & Beverages,Health Foods,Kraft,2,1,2,0.8,False,2025-04-14,373.12,890.09,1780.18,746.24,1033.94
2025-04-04,P000090,LOC017,Food & Beverages,Health Foods,Kraft,2,1,2,0.8,False,2025-04-14,373.12,890.09,1780.18,746.24,1033.94
2025-04-05,P000090,LOC017,Food & Beverages,Health Foods,Kraft,2,1,2,0.8,False,2025-04-14,373.12,890.09,1780.18,746.24,1033.94
2025-04-06,P000090,LOC017,Food & Beverages,Health Foods,Kraft,2,1,2,0.8,False,2025-04-14,373.12,890.09,1780.18,746.24,1033.94
2025-04-07,P000090,LOC017,Food & Beverages,Health Foods,Kraft,2,1,2,0.8,False,2025-04-14,373.12,890.09,1780.18,746.24,1033.94
2025-04-08,P000090,LOC017,Food & Beverages,Health Foods,Kraft,2,1,2,0.8,False,2025-04-14,373.12,890.09,1780.18,746.24,1033.94
2025-04-09,P000090,LOC017,Food & Beverages,Health Foods,Kraft,2,1,2,0.8,False,2025-04-14,373.12,890.09,1780.18,746.24,1033.94
2025-04-10,P000090,LOC017,Food & Beverages,Health Foods,Kraft,2,1,2,0.8,False,2025-04-14,373.12,890.09,1780.18,746.24,1033.94
2025-04-11,P000090,LOC017,Food & Beverages,Health Foods,Kraft,2,1,2,0.8,True,2025-04-14,373.12,890.09,1780.18,746.24,1033.94
2025-04-12,P000090,LOC017,Food & Beverages,Health Foods,Kraft,2,1,2,0.8,False,2025-04-14,373.12,890.09,1780.18,746.24,1033.94
2025-04-13,P000090,LOC017,Food & Beverages,Health Foods,Kraft,2,1,2,0.8,False,2025-04-14,373.12,890.09,1780.18,746.24,1033.94
2025-04-14,P000090,LOC017,Food & Beverages,Health Foods,Kraft,2,1,2,0.8,False,2025-04-14,373.12,890.09,1780.18,746.24,1033.94
2025-04-15,P000090,LOC017,Food & Beverages,Health Foods,Kraft,2,1,2,0.8,False,2025-04-14,373.12,890.09,1780.18,746.24,1033.94
2025-04-16,P000090,LOC017,Food & Beverages,Health Foods,Kraft,2,1,2,0.8,False,2025-04-14,373.12,890.09,1780.18,746.24,1033.94
2025-04-17,P000090,LOC017,Food & Beverages,Health Foods,Kraft,2,1,2,0.8,False,2025-04-14,373.12,890.09,1780.18,746.24,1033.94
2025-04-18,P000090,LOC017,Food & Beverages,Health Foods,Kraft,2,1,2,0.8,False,2025-04-14,373.12,890.09,1780.18,746.24,1033.94
2025-04-19,P000090,LOC017,Food & Beverages,Health Foods,Kraft,2,1,2,0.8,False,2025-04-14,373.12,890.09,1780.18,746.24,1033.94
2025-04-20,P000090,LOC017,Food & Beverages,Health Foods,Kraft,2,1,2,0.8,False,2025-04-14,373.12,890.09,1780.18,746.24,1033.94
2025-04-21,P000090,LOC017,Food & Beverages,Health Foods,Kraft,2,1,2,0.8,False,2025-04-14,373.12,890.09,1780.18,746.24,1033.94
2025-04-22,P000090,LOC017,Food & Beverages,Health Foods,Kraft,2,1,2,0.8,False,2025-04-14,373.12,890.09,1780.18,746.24,1033.94
2025-04-23,P000090,LOC017,Food & Beverages,Health Foods,Kraft,2,1,2,0.8,False,2025-04-14,373.12,890.09,1780.18,746.24,1033.94
2025-04-24,P000090,LOC017,Food & Beverages,Health Foods,Kraft,2,1,2,0.8,False,2025-04-14,373.12,890.09,1780.18,746.24,1033.94
2025-04-25,P000090,LOC017,Food & Beverages,Health Foods,Kraft,2,1,2,0.8,False,2025-04-14,373.12,890.09,1780.18,746.24,1033.94
2025-04-26,P000090,LOC017,Food & Beverages,Health Foods,Kraft,2,1,2,0.8,False,2025-04-14,373.12,890.09,1780.18,746.24,1033.94
2025-04-27,P000090,LOC017,Food & Beverages,Health Foods,Kraft,2,1,2,0.8,False,2025-04-14,373.12,890.09,1780.18,746.24,1033.94
2025-04-28,P000090,LOC017,Food & Beverages,Health Foods,Kraft,2,1,2,0.8,True,2025-04-14,373.12,890.09,1780.18,746.24,1033.94
2025-04-29,P000090,LOC017,Food & Beverages,Health Foods,Kraft,2,1,2,0.8,False,2025-04-14,373.12,890.09,1780.18,746.24,1033.94
2025-04-01,P000093,LOC001,Electronics,Audio Devices,Sony,3,2,3,0.8,True,2025-04-14,242.83,475.81,1427.43,728.49,698.94
2025-04-02,P000093,LOC001,Electronics,Audio Devices,Sony,2,1,2,0.8,False,2025-04-14,242.83,475.81,951.62,485.66,465.96
2025-04-03,P000093,LOC001,Electronics,Audio Devices,Sony,2,1,2,0.8,False,2025-04-14,242.83,475.81,951.62,485.66,465.96
2025-04-04,P000093,LOC001,Electronics,Audio Devices,Sony,2,1,2,0.8,False,2025-04-14,242.83,475.81,951.62,485.66,465.96
2025-04-05,P000093,LOC001,Electronics,Audio Devices,Sony,2,1,2,0.8,False,2025-04-14,242.83,475.81,951.62,485.66,465.96
2025-04-06,P000093,LOC001,Electronics,Audio Devices,Sony,2,1,2,0.8,False,2025-04-14,242.83,475.81,951.62,485.66,465.96
2025-04-07,P000093,LOC001,Electronics,Audio Devices,Sony,2,1,2,0.8,False,2025-04-14,242.83,475.81,951.62,485.66,465.96
2025-04-08,P000093,LOC001,Electronics,Audio Devices,Sony,2,1,2,0.8,False,2025-04-14,242.83,475.81,951.62,485.66,465.96
2025-04-09,P000093,LOC001,Electronics,Audio Devices,Sony,2,1,2,0.8,False,2025-04-14,242.83,475.81,951.62,485.66,465.96
2025-04-10,P000093,LOC001,Electronics,Audio Devices,Sony,2,1,2,0.8,False,2025-04-14,242.83,475.81,951.62,485.66,465.96
2025-04-11,P000093,LOC001,Electronics,Audio Devices,Sony,2,1,2,0.8,False,2025-04-14,242.83,475.81,951.62,485.66,465.96
2025-04-12,P000093,LOC001,Electronics,Audio Devices,Sony,2,1,2,0.8,False,2025-04-14,242.83,475.81,951.62,485.66,465.96
2025-04-13,P000093,LOC001,Electronics,Audio Devices,Sony,2,1,2,0.8,False,2025-04-14,242.83,475.81,951.62,485.66,465.96
2025-04-14,P000093,LOC001,Electronics,Audio Devices,Sony,2,1,2,0.8,False,2025-04-14,242.83,475.81,951.62,485.66,465.96
2025-04-15,P000093,LOC001,Electronics,Audio Devices,Sony,2,1,2,0.8,False,2025-04-14,242.83,475.81,951.62,485.66,465.96
2025-04-16,P000093,LOC001,Electronics,Audio Devices,Sony,2,1,2,0.8,False,2025-04-14,242.83,475.81,951.62,485.66,465.96
2025-04-17,P000093,LOC001,Electronics,Audio Devices,Sony,2,1,2,0.8,False,2025-04-14,242.83,475.81,951.62,485.66,465.96
2025-04-18,P000093,LOC001,Electronics,Audio Devices,Sony,2,1,2,0.8,False,2025-04-14,242.83,475.81,951.62,485.66,465.96
2025-04-19,P000093,LOC001,Electronics,Audio Devices,Sony,2,1,2,0.8,False,2025-04-14,242.83,475.81,951.62,485.66,465.96
2025-04-20,P000093,LOC001,Electronics,Audio Devices,Sony,2,1,2,0.8,False,2025-04-14,242.83,475.81,951.62,485.66,465.96
2025-04-21,P000093,LOC001,Electronics,Audio Devices,Sony,2,1,2,0.8,False,2025-04-14,242.83,475.81,951.62,485.66,465.96
2025-04-22,P000093,LOC001,Electronics,Audio Devices,Sony,2,1,2,0.8,False,2025-04-14,242.83,475.81,951.62,485.66,465.96
2025-04-23,P000093,LOC001,Electronics,Audio Devices,Sony,2,1,2,0.8,False,2025-04-14,242.83,475.81,951.62,485.66,465.96
2025-04-24,P000093,LOC001,Electronics,Audio Devices,Sony,2,1,2,0.8,False,2025-04-14,242.83,475.81,951.62,485.66,465.96
2025-04-25,P000093,LOC001,Electronics,Audio Devices,Sony,2,1,2,0.8,False,2025-04-14,242.83,475.81,951.62,485.66,465.96
2025-04-26,P000093,LOC001,Electronics,Audio Devices,Sony,2,1,2,0.8,False,2025-04-14,242.83,475.81,951.62,485.66,465.96
2025-04-27,P000093,LOC001,Electronics,Audio Devices,Sony,2,1,2,0.8,True,2025-04-14,242.83,475.81,951.62,485.66,465.96
2025-04-28,P000093,LOC001,Electronics,Audio Devices,Sony,2,1,2,0.8,False,2025-04-14,242.83,475.81,951.62,485.66,465.96
2025-04-29,P000093,LOC001,Electronics,Audio Devices,Sony,2,1,2,0.8,False,2025-04-14,242.83,475.81,951.62,485.66,465.96
2025-04-01,P000098,LOC013,Electronics,Smartphones,HP,2,1,2,0.8,False,2025-04-14,406.73,647.23,1294.46,813.46,481.0
2025-04-02,P000098,LOC013,Electronics,Smartphones,HP,3,2,3,0.8,False,2025-04-14,406.73,647.23,1941.69,1220.19,721.5
2025-04-03,P000098,LOC013,Electronics,Smartphones,HP,2,1,2,0.8,False,2025-04-14,406.73,647.23,1294.46,813.46,481.0
2025-04-04,P000098,LOC013,Electronics,Smartphones,HP,3,2,3,0.8,False,2025-04-14,406.73,647.23,1941.69,1220.19,721.5
2025-04-05,P000098,LOC013,Electronics,Smartphones,HP,3,2,3,0.8,False,2025-04-14,406.73,647.23,1941.69,1220.19,721.5
2025-04-06,P000098,LOC013,Electronics,Smartphones,HP,3,2,3,0.8,False,2025-04-14,406.73,647.23,1941.69,1220.19,721.5
2025-04-07,P000098,LOC013,Electronics,Smartphones,HP,3,2,3,0.8,False,2025-04-14,406.73,647.23,1941.69,1220.19,721.5
2025-04-08,P000098,LOC013,Electronics,Smartphones,HP,4,3,4,0.8,False,2025-04-14,406.73,647.23,2588.92,1626.92,962.0
2025-04-09,P000098,LOC013,Electronics,Smartphones,HP,3,2,3,0.8,False,2025-04-14,406.73,647.23,1941.69,1220.19,721.5
2025-04-10,P000098,LOC013,Electronics,Smartphones,HP,4,3,4,0.8,True,2025-04-14,406.73,647.23,2588.92,1626.92,962.0
2025-04-11,P000098,LOC013,Electronics,Smartphones,HP,3,2,3,0.8,False,2025-04-14,406.73,647.23,1941.69,1220.19,721.5
2025-04-12,P000098,LOC013,Electronics,Smartphones,HP,3,2,3,0.8,True,2025-04-14,406.73,647.23,1941.69,1220.19,721.5
2025-04-13,P000098,LOC013,Electronics,Smartphones,HP,3,2,3,0.8,False,2025-04-14,406.73,647.23,1941.69,1220.19,721.5
2025-04-14,P000098,LOC013,Electronics,Smartphones,HP,3,2,3,0.8,False,2025-04-14,406.73,647.23,1941.69,1220.19,721.5
2025-04-15,P000098,LOC013,Electronics,Smartphones,HP,2,1,2,0.8,False,2025-04-14,406.73,647.23,1294.46,813.46,481.0
2025-04-16,P000098,LOC013,Electronics,Smartphones,HP,4,3,4,0.8,True,2025-04-14,406.73,647.23,2588.92,1626.92,962.0
2025-04-17,P000098,LOC013,Electronics,Smartphones,HP,3,2,3,0.8,True,2025-04-14,406.73,647.23,1941.69,1220.19,721.5
2025-04-18,P000098,LOC013,Electronics,Smartphones,HP,3,2,3,0.8,False,2025-04-14,406.73,647.23,1941.69,1220.19,721.5
2025-04-19,P000098,LOC013,Electronics,Smartphones,HP,3,2,3,0.8,False,2025-04-14,406.73,647.23,1941.69,1220.19,721.5
2025-04-20,P000098,LOC013,Electronics,Smartphones,HP,3,2,3,0.8,False,2025-04-14,406.73,647.23,1941.69,1220.19,721.5
2025-04-21,P000098,LOC013,Electronics,Smartphones,HP,3,2,3,0.8,False,2025-04-14,406.73,647.23,1941.69,1220.19,721.5
2025-04-22,P000098,LOC013,Electronics,Smartphones,HP,3,2,3,0.8,False,2025-04-14,406.73,647.23,1941.69,1220.19,721.5
2025-04-23,P000098,LOC013,Electronics,Smartphones,HP,3,2,3,0.8,False,2025-04-14,406.73,647.23,1941.69,1220.19,721.5
2025-04-24,P000098,LOC013,Electronics,Smartphones,HP,3,2,3,0.8,False,2025-04-14,406.73,647.23,1941.69,1220.19,721.5
2025-04-25,P000098,LOC013,Electronics,Smartphones,HP,3,2,3,0.8,False,2025-04-14,406.73,647.23,1941.69,1220.19,721.5
2025-04-26,P000098,LOC013,Electronics,Smartphones,HP,2,1,2,0.8,False,2025-04-14,406.73,647.23,1294.46,813.46,481.0
2025-04-27,P000098,LOC013,Electronics,Smartphones,HP,3,2,3,0.8,False,2025-04-14,406.73,647.23,1941.69,1220.19,721.5
2025-04-28,P000098,LOC013,Electronics,Smartphones,HP,4,3,4,0.8,True,2025-04-14,406.73,647.23,2588.92,1626.92,962.0
2025-04-29,P000098,LOC013,Electronics,Smartphones,HP,4,3,4,0.8,False,2025-04-14,406.73,647.23,2588.92,1626.92,962.0
