date,product_id,site_id,quantity_sold,forecasted_quantity,absolute_error,percentage_error,squared_error
2024-10-31,P000001,LOC003,6,7,1,16.666666666666664,1
2024-10-31,P000001,LOC004,5,4,1,20.0,1
2024-10-31,P000001,LOC005,4,4,0,0.0,0
2024-10-31,P000001,LOC007,1,1,0,0.0,0
2024-10-31,P000001,LOC008,2,2,0,0.0,0
2024-10-31,P000001,LOC009,7,6,1,14.285714285714285,1
2024-10-31,P000001,LOC011,1,1,0,0.0,0
2024-10-31,P000001,LOC013,3,3,0,0.0,0
2024-10-31,P000001,LOC015,5,6,1,20.0,1
2024-10-31,P000001,LOC016,10,11,1,10.0,1
2024-10-31,P000001,LOC017,8,7,1,12.5,1
2024-10-31,P000001,LOC018,14,13,1,7.142857142857142,1
2024-10-31,P000001,LOC019,7,6,1,14.285714285714285,1
2024-10-31,P000002,LOC001,13,11,2,15.384615384615385,4
2024-10-31,P000002,LOC002,3,3,0,0.0,0
2024-10-31,P000002,LOC003,14,13,1,7.142857142857142,1
2024-10-31,P000002,LOC004,7,8,1,14.285714285714285,1
2024-10-31,P000002,LOC007,3,2,1,33.33333333333333,1
2024-10-31,P000002,LOC008,9,8,1,11.11111111111111,1
2024-10-31,P000002,LOC010,6,6,0,0.0,0
2024-10-31,P000002,LOC013,7,7,0,0.0,0
2024-10-31,P000002,LOC014,4,4,0,0.0,0
2024-10-31,P000002,LOC015,7,6,1,14.285714285714285,1
2024-10-31,P000002,LOC016,2,2,0,0.0,0
2024-10-31,P000002,LOC018,8,9,1,12.5,1
2024-10-31,P000002,LOC020,1,1,0,0.0,0
2024-10-31,P000003,LOC001,5,4,1,20.0,1
2024-10-31,P000003,LOC002,7,7,0,0.0,0
2024-10-31,P000003,LOC004,7,6,1,14.285714285714285,1
2024-10-31,P000003,LOC005,8,9,1,12.5,1
2024-10-31,P000003,LOC006,2,2,0,0.0,0
2024-10-31,P000003,LOC008,5,6,1,20.0,1
2024-10-31,P000003,LOC009,7,7,0,0.0,0
2024-10-31,P000003,LOC012,6,6,0,0.0,0
2024-10-31,P000003,LOC015,12,10,2,16.666666666666664,4
2024-10-31,P000003,LOC016,4,4,0,0.0,0
2024-10-31,P000003,LOC017,6,7,1,16.666666666666664,1
2024-10-31,P000003,LOC018,1,1,0,0.0,0
2024-10-31,P000003,LOC019,4,3,1,25.0,1
2024-10-31,P000003,LOC020,3,3,0,0.0,0
2024-10-31,P000004,LOC001,6,6,0,0.0,0
2024-10-31,P000004,LOC002,10,8,2,20.0,4
2024-10-31,P000004,LOC003,7,7,0,0.0,0
2024-10-31,P000004,LOC004,2,2,0,0.0,0
2024-10-31,P000004,LOC005,4,3,1,25.0,1
2024-10-31,P000004,LOC006,2,2,0,0.0,0
2024-10-31,P000004,LOC007,2,2,0,0.0,0
2024-10-31,P000004,LOC008,3,3,0,0.0,0
2024-10-31,P000004,LOC009,2,2,0,0.0,0
2024-10-31,P000004,LOC010,4,5,1,25.0,1
2024-10-31,P000004,LOC011,4,3,1,25.0,1
2024-10-31,P000004,LOC012,17,18,1,5.88235294117647,1
2024-10-31,P000004,LOC013,20,21,1,5.0,1
2024-10-31,P000004,LOC014,4,5,1,25.0,1
2024-10-31,P000004,LOC015,9,9,0,0.0,0
2024-10-31,P000004,LOC016,3,3,0,0.0,0
2024-10-31,P000004,LOC017,4,4,0,0.0,0
2024-10-31,P000004,LOC018,15,17,2,13.333333333333334,4
2024-10-31,P000004,LOC019,4,4,0,0.0,0
2024-10-31,P000004,LOC020,5,4,1,20.0,1
2024-10-31,P000005,LOC001,5,6,1,20.0,1
2024-10-31,P000005,LOC002,14,15,1,7.142857142857142,1
2024-10-31,P000005,LOC004,5,6,1,20.0,1
2024-10-31,P000005,LOC005,14,14,0,0.0,0
2024-10-31,P000005,LOC006,1,1,0,0.0,0
2024-10-31,P000005,LOC008,6,7,1,16.666666666666664,1
2024-10-31,P000005,LOC009,18,15,3,16.666666666666664,9
2024-10-31,P000005,LOC010,3,3,0,0.0,0
2024-10-31,P000005,LOC011,6,7,1,16.666666666666664,1
2024-10-31,P000005,LOC012,3,3,0,0.0,0
2024-10-31,P000005,LOC014,10,8,2,20.0,4
2024-10-31,P000005,LOC015,9,9,0,0.0,0
2024-10-31,P000005,LOC016,9,8,1,11.11111111111111,1
2024-10-31,P000005,LOC017,7,7,0,0.0,0
2024-10-31,P000005,LOC018,5,5,0,0.0,0
2024-10-31,P000005,LOC019,12,14,2,16.666666666666664,4
2024-10-31,P000005,LOC020,5,5,0,0.0,0
2024-10-31,P000006,LOC001,7,7,0,0.0,0
2024-10-31,P000006,LOC002,1,1,0,0.0,0
2024-10-31,P000006,LOC003,4,5,1,25.0,1
2024-10-31,P000006,LOC004,2,2,0,0.0,0
2024-10-31,P000006,LOC006,1,1,0,0.0,0
2024-10-31,P000006,LOC007,5,6,1,20.0,1
2024-10-31,P000006,LOC009,3,4,1,33.33333333333333,1
2024-10-31,P000006,LOC010,8,9,1,12.5,1
2024-10-31,P000006,LOC011,6,5,1,16.666666666666664,1
2024-10-31,P000006,LOC012,1,1,0,0.0,0
2024-10-31,P000006,LOC013,5,5,0,0.0,0
2024-10-31,P000006,LOC014,13,11,2,15.384615384615385,4
2024-10-31,P000006,LOC015,4,3,1,25.0,1
2024-10-31,P000006,LOC016,9,9,0,0.0,0
2024-10-31,P000006,LOC017,5,5,0,0.0,0
2024-10-31,P000006,LOC018,6,7,1,16.666666666666664,1
2024-10-31,P000006,LOC019,9,8,1,11.11111111111111,1
2024-10-31,P000006,LOC020,1,1,0,0.0,0
2024-10-31,P000007,LOC001,3,3,0,0.0,0
2024-10-31,P000007,LOC002,12,10,2,16.666666666666664,4
2024-10-31,P000007,LOC003,5,5,0,0.0,0
2024-10-31,P000007,LOC004,10,11,1,10.0,1
2024-10-31,P000007,LOC008,12,11,1,8.333333333333332,1
2024-10-31,P000007,LOC009,4,3,1,25.0,1
2024-10-31,P000007,LOC010,8,6,2,25.0,4
2024-10-31,P000007,LOC011,11,13,2,18.181818181818183,4
2024-10-31,P000007,LOC013,4,4,0,0.0,0
2024-10-31,P000007,LOC015,1,1,0,0.0,0
2024-10-31,P000007,LOC016,16,14,2,12.5,4
2024-10-31,P000007,LOC017,6,6,0,0.0,0
2024-10-31,P000007,LOC018,3,3,0,0.0,0
2024-10-31,P000007,LOC019,5,5,0,0.0,0
2024-10-31,P000007,LOC020,9,8,1,11.11111111111111,1
2024-10-31,P000008,LOC001,4,4,0,0.0,0
2024-10-31,P000008,LOC003,1,1,0,0.0,0
2024-10-31,P000008,LOC004,1,1,0,0.0,0
2024-10-31,P000008,LOC009,9,10,1,11.11111111111111,1
2024-10-31,P000008,LOC010,4,5,1,25.0,1
2024-10-31,P000008,LOC011,5,5,0,0.0,0
2024-10-31,P000008,LOC014,10,12,2,20.0,4
2024-10-31,P000008,LOC015,3,2,1,33.33333333333333,1
2024-10-31,P000008,LOC016,13,11,2,15.384615384615385,4
2024-10-31,P000008,LOC017,11,10,1,9.090909090909092,1
2024-10-31,P000008,LOC018,8,9,1,12.5,1
2024-10-31,P000008,LOC019,5,5,0,0.0,0
2024-10-31,P000008,LOC020,11,11,0,0.0,0
2024-10-31,P000009,LOC001,1,1,0,0.0,0
2024-10-31,P000009,LOC002,6,6,0,0.0,0
2024-10-31,P000009,LOC003,6,7,1,16.666666666666664,1
2024-10-31,P000009,LOC004,5,5,0,0.0,0
2024-10-31,P000009,LOC005,9,10,1,11.11111111111111,1
2024-10-31,P000009,LOC006,4,4,0,0.0,0
2024-10-31,P000009,LOC007,1,1,0,0.0,0
2024-10-31,P000009,LOC008,6,6,0,0.0,0
2024-10-31,P000009,LOC010,7,6,1,14.285714285714285,1
2024-10-31,P000009,LOC011,3,2,1,33.33333333333333,1
2024-10-31,P000009,LOC012,2,2,0,0.0,0
2024-10-31,P000009,LOC013,3,3,0,0.0,0
2024-10-31,P000009,LOC014,5,6,1,20.0,1
2024-10-31,P000009,LOC015,8,8,0,0.0,0
2024-10-31,P000009,LOC016,9,10,1,11.11111111111111,1
2024-10-31,P000009,LOC017,7,7,0,0.0,0
2024-10-31,P000009,LOC019,9,8,1,11.11111111111111,1
2024-10-31,P000009,LOC020,6,6,0,0.0,0
2024-10-31,P000010,LOC001,7,6,1,14.285714285714285,1
2024-10-31,P000010,LOC003,2,2,0,0.0,0
2024-10-31,P000010,LOC004,8,8,0,0.0,0
2024-10-31,P000010,LOC005,3,3,0,0.0,0
2024-10-31,P000010,LOC006,5,5,0,0.0,0
2024-10-31,P000010,LOC007,2,2,0,0.0,0
2024-10-31,P000010,LOC008,14,16,2,14.285714285714285,4
2024-10-31,P000010,LOC009,5,6,1,20.0,1
2024-10-31,P000010,LOC010,4,4,0,0.0,0
2024-10-31,P000010,LOC011,9,9,0,0.0,0
2024-10-31,P000010,LOC012,6,6,0,0.0,0
2024-10-31,P000010,LOC013,5,5,0,0.0,0
2024-10-31,P000010,LOC015,1,1,0,0.0,0
2024-10-31,P000010,LOC016,7,7,0,0.0,0
2024-10-31,P000010,LOC017,4,4,0,0.0,0
2024-10-31,P000010,LOC018,4,4,0,0.0,0
2024-10-31,P000010,LOC020,2,2,0,0.0,0
2024-10-31,P000011,LOC002,3,3,0,0.0,0
2024-10-31,P000011,LOC003,2,2,0,0.0,0
2024-10-31,P000011,LOC004,10,12,2,20.0,4
2024-10-31,P000011,LOC005,7,8,1,14.285714285714285,1
2024-10-31,P000011,LOC006,1,1,0,0.0,0
2024-10-31,P000011,LOC007,11,12,1,9.090909090909092,1
2024-10-31,P000011,LOC008,5,5,0,0.0,0
2024-10-31,P000011,LOC009,3,3,0,0.0,0
2024-10-31,P000011,LOC011,5,6,1,20.0,1
2024-10-31,P000011,LOC012,9,10,1,11.11111111111111,1
2024-10-31,P000011,LOC013,8,9,1,12.5,1
2024-10-31,P000011,LOC014,17,15,2,11.76470588235294,4
2024-10-31,P000011,LOC015,4,4,0,0.0,0
2024-10-31,P000011,LOC016,5,5,0,0.0,0
2024-10-31,P000011,LOC017,3,3,0,0.0,0
2024-10-31,P000011,LOC018,10,9,1,10.0,1
2024-10-31,P000011,LOC020,7,7,0,0.0,0
2024-10-31,P000012,LOC001,9,8,1,11.11111111111111,1
2024-10-31,P000012,LOC002,4,3,1,25.0,1
2024-10-31,P000012,LOC003,2,2,0,0.0,0
2024-10-31,P000012,LOC004,1,1,0,0.0,0
2024-10-31,P000012,LOC005,10,9,1,10.0,1
2024-10-31,P000012,LOC006,5,6,1,20.0,1
2024-10-31,P000012,LOC007,5,5,0,0.0,0
2024-10-31,P000012,LOC008,7,6,1,14.285714285714285,1
2024-10-31,P000012,LOC009,9,8,1,11.11111111111111,1
2024-10-31,P000012,LOC010,6,6,0,0.0,0
2024-10-31,P000012,LOC011,4,4,0,0.0,0
2024-10-31,P000012,LOC013,3,3,0,0.0,0
2024-10-31,P000012,LOC014,9,7,2,22.22222222222222,4
2024-10-31,P000012,LOC015,2,2,0,0.0,0
2024-10-31,P000012,LOC016,13,15,2,15.384615384615385,4
2024-10-31,P000012,LOC017,5,4,1,20.0,1
2024-10-31,P000012,LOC018,7,8,1,14.285714285714285,1
2024-10-31,P000012,LOC019,10,11,1,10.0,1
2024-10-31,P000012,LOC020,3,3,0,0.0,0
2024-10-31,P000013,LOC001,11,12,1,9.090909090909092,1
2024-10-31,P000013,LOC002,10,9,1,10.0,1
2024-10-31,P000013,LOC003,2,2,0,0.0,0
2024-10-31,P000013,LOC004,4,4,0,0.0,0
2024-10-31,P000013,LOC005,5,6,1,20.0,1
2024-10-31,P000013,LOC008,9,10,1,11.11111111111111,1
2024-10-31,P000013,LOC009,6,6,0,0.0,0
2024-10-31,P000013,LOC010,10,10,0,0.0,0
2024-10-31,P000013,LOC011,3,2,1,33.33333333333333,1
2024-10-31,P000013,LOC012,4,4,0,0.0,0
2024-10-31,P000013,LOC013,5,5,0,0.0,0
2024-10-31,P000013,LOC014,5,6,1,20.0,1
2024-10-31,P000013,LOC015,12,14,2,16.666666666666664,4
2024-10-31,P000013,LOC016,13,14,1,7.6923076923076925,1
2024-10-31,P000013,LOC017,12,12,0,0.0,0
2024-10-31,P000013,LOC018,6,6,0,0.0,0
2024-10-31,P000013,LOC019,12,13,1,8.333333333333332,1
2024-10-31,P000014,LOC001,8,7,1,12.5,1
2024-10-31,P000014,LOC002,7,8,1,14.285714285714285,1
2024-10-31,P000014,LOC004,3,3,0,0.0,0
2024-10-31,P000014,LOC006,3,3,0,0.0,0
2024-10-31,P000014,LOC007,2,2,0,0.0,0
2024-10-31,P000014,LOC008,7,6,1,14.285714285714285,1
2024-10-31,P000014,LOC010,4,4,0,0.0,0
2024-10-31,P000014,LOC011,10,11,1,10.0,1
2024-10-31,P000014,LOC012,7,8,1,14.285714285714285,1
2024-10-31,P000014,LOC013,5,5,0,0.0,0
2024-10-31,P000014,LOC014,9,10,1,11.11111111111111,1
2024-10-31,P000014,LOC016,11,10,1,9.090909090909092,1
2024-10-31,P000014,LOC018,13,12,1,7.6923076923076925,1
2024-10-31,P000014,LOC019,4,4,0,0.0,0
2024-10-31,P000014,LOC020,1,1,0,0.0,0
2024-10-31,P000015,LOC001,5,4,1,20.0,1
2024-10-31,P000015,LOC002,2,2,0,0.0,0
2024-10-31,P000015,LOC003,4,4,0,0.0,0
2024-10-31,P000015,LOC004,3,3,0,0.0,0
2024-10-31,P000015,LOC005,7,7,0,0.0,0
2024-10-31,P000015,LOC006,1,1,0,0.0,0
2024-10-31,P000015,LOC008,5,6,1,20.0,1
2024-10-31,P000015,LOC010,5,5,0,0.0,0
2024-10-31,P000015,LOC011,3,3,0,0.0,0
2024-10-31,P000015,LOC012,1,1,0,0.0,0
2024-10-31,P000015,LOC013,1,1,0,0.0,0
2024-10-31,P000015,LOC014,6,6,0,0.0,0
2024-10-31,P000015,LOC015,3,4,1,33.33333333333333,1
2024-10-31,P000015,LOC016,11,13,2,18.181818181818183,4
2024-10-31,P000015,LOC017,3,3,0,0.0,0
2024-10-31,P000015,LOC019,8,9,1,12.5,1
2024-10-31,P000015,LOC020,6,5,1,16.666666666666664,1
2024-10-31,P000016,LOC001,5,6,1,20.0,1
2024-10-31,P000016,LOC002,2,2,0,0.0,0
2024-10-31,P000016,LOC003,4,5,1,25.0,1
2024-10-31,P000016,LOC004,5,5,0,0.0,0
2024-10-31,P000016,LOC005,4,4,0,0.0,0
2024-10-31,P000016,LOC006,8,9,1,12.5,1
2024-10-31,P000016,LOC009,3,3,0,0.0,0
2024-10-31,P000016,LOC010,2,2,0,0.0,0
2024-10-31,P000016,LOC011,2,2,0,0.0,0
2024-10-31,P000016,LOC012,5,5,0,0.0,0
2024-10-31,P000016,LOC013,1,1,0,0.0,0
2024-10-31,P000016,LOC014,5,5,0,0.0,0
2024-10-31,P000016,LOC015,4,3,1,25.0,1
2024-10-31,P000016,LOC017,4,4,0,0.0,0
2024-10-31,P000016,LOC018,8,7,1,12.5,1
2024-10-31,P000016,LOC019,3,4,1,33.33333333333333,1
2024-10-31,P000016,LOC020,2,2,0,0.0,0
2024-10-31,P000017,LOC002,5,6,1,20.0,1
2024-10-31,P000017,LOC003,16,15,1,6.25,1
2024-10-31,P000017,LOC004,10,11,1,10.0,1
2024-10-31,P000017,LOC005,6,5,1,16.666666666666664,1
2024-10-31,P000017,LOC006,4,4,0,0.0,0
2024-10-31,P000017,LOC007,4,4,0,0.0,0
2024-10-31,P000017,LOC008,10,9,1,10.0,1
2024-10-31,P000017,LOC009,1,1,0,0.0,0
2024-10-31,P000017,LOC010,5,6,1,20.0,1
2024-10-31,P000017,LOC011,7,6,1,14.285714285714285,1
2024-10-31,P000017,LOC013,1,1,0,0.0,0
2024-10-31,P000017,LOC014,9,10,1,11.11111111111111,1
2024-10-31,P000017,LOC015,2,2,0,0.0,0
2024-10-31,P000017,LOC016,5,5,0,0.0,0
2024-10-31,P000017,LOC017,7,8,1,14.285714285714285,1
2024-10-31,P000017,LOC018,4,4,0,0.0,0
2024-10-31,P000017,LOC019,5,4,1,20.0,1
2024-10-31,P000017,LOC020,4,4,0,0.0,0
2024-10-31,P000018,LOC001,2,2,0,0.0,0
2024-10-31,P000018,LOC002,3,3,0,0.0,0
2024-10-31,P000018,LOC003,2,2,0,0.0,0
2024-10-31,P000018,LOC004,3,3,0,0.0,0
2024-10-31,P000018,LOC006,1,1,0,0.0,0
2024-10-31,P000018,LOC007,6,6,0,0.0,0
2024-10-31,P000018,LOC008,1,1,0,0.0,0
2024-10-31,P000018,LOC009,3,2,1,33.33333333333333,1
2024-10-31,P000018,LOC011,7,7,0,0.0,0
2024-10-31,P000018,LOC012,1,1,0,0.0,0
2024-10-31,P000018,LOC013,12,14,2,16.666666666666664,4
2024-10-31,P000018,LOC014,1,1,0,0.0,0
2024-10-31,P000018,LOC015,13,15,2,15.384615384615385,4
2024-10-31,P000018,LOC017,3,3,0,0.0,0
2024-10-31,P000018,LOC018,5,4,1,20.0,1
2024-10-31,P000018,LOC019,5,4,1,20.0,1
2024-10-31,P000019,LOC001,1,1,0,0.0,0
2024-10-31,P000019,LOC004,1,1,0,0.0,0
2024-10-31,P000019,LOC005,8,8,0,0.0,0
2024-10-31,P000019,LOC007,1,1,0,0.0,0
2024-10-31,P000019,LOC008,9,8,1,11.11111111111111,1
2024-10-31,P000019,LOC009,2,2,0,0.0,0
2024-10-31,P000019,LOC011,3,3,0,0.0,0
2024-10-31,P000019,LOC013,1,1,0,0.0,0
2024-10-31,P000019,LOC014,4,3,1,25.0,1
2024-10-31,P000019,LOC015,9,10,1,11.11111111111111,1
2024-10-31,P000019,LOC017,7,8,1,14.285714285714285,1
2024-10-31,P000019,LOC018,7,8,1,14.285714285714285,1
2024-10-31,P000019,LOC020,2,2,0,0.0,0
2024-10-31,P000020,LOC001,7,8,1,14.285714285714285,1
2024-10-31,P000020,LOC002,7,7,0,0.0,0
2024-10-31,P000020,LOC003,2,2,0,0.0,0
2024-10-31,P000020,LOC004,17,16,1,5.88235294117647,1
2024-10-31,P000020,LOC005,8,7,1,12.5,1
2024-10-31,P000020,LOC006,4,4,0,0.0,0
2024-10-31,P000020,LOC007,3,3,0,0.0,0
2024-10-31,P000020,LOC008,6,6,0,0.0,0
2024-10-31,P000020,LOC010,7,7,0,0.0,0
2024-10-31,P000020,LOC011,7,8,1,14.285714285714285,1
2024-10-31,P000020,LOC012,4,3,1,25.0,1
2024-10-31,P000020,LOC015,10,9,1,10.0,1
2024-10-31,P000020,LOC016,2,2,0,0.0,0
2024-10-31,P000020,LOC017,8,7,1,12.5,1
2024-10-31,P000020,LOC018,9,7,2,22.22222222222222,4
2024-10-31,P000020,LOC019,5,4,1,20.0,1
2024-10-31,P000020,LOC020,16,13,3,18.75,9
2024-10-31,P000021,LOC001,10,12,2,20.0,4
2024-10-31,P000021,LOC002,8,9,1,12.5,1
2024-10-31,P000021,LOC004,9,8,1,11.11111111111111,1
2024-10-31,P000021,LOC005,6,7,1,16.666666666666664,1
2024-10-31,P000021,LOC006,7,6,1,14.285714285714285,1
2024-10-31,P000021,LOC009,1,1,0,0.0,0
2024-10-31,P000021,LOC010,1,1,0,0.0,0
2024-10-31,P000021,LOC011,2,2,0,0.0,0
2024-10-31,P000021,LOC012,9,11,2,22.22222222222222,4
2024-10-31,P000021,LOC013,7,7,0,0.0,0
2024-10-31,P000021,LOC014,9,9,0,0.0,0
2024-10-31,P000021,LOC015,5,5,0,0.0,0
2024-10-31,P000021,LOC016,4,5,1,25.0,1
2024-10-31,P000021,LOC017,5,6,1,20.0,1
2024-10-31,P000021,LOC018,9,9,0,0.0,0
2024-10-31,P000021,LOC020,3,3,0,0.0,0
2024-10-31,P000022,LOC001,2,2,0,0.0,0
2024-10-31,P000022,LOC002,3,3,0,0.0,0
2024-10-31,P000022,LOC003,5,4,1,20.0,1
2024-10-31,P000022,LOC004,9,9,0,0.0,0
2024-10-31,P000022,LOC005,4,5,1,25.0,1
2024-10-31,P000022,LOC006,2,2,0,0.0,0
2024-10-31,P000022,LOC007,10,11,1,10.0,1
2024-10-31,P000022,LOC008,9,10,1,11.11111111111111,1
2024-10-31,P000022,LOC011,1,1,0,0.0,0
2024-10-31,P000022,LOC012,6,7,1,16.666666666666664,1
2024-10-31,P000022,LOC013,13,15,2,15.384615384615385,4
2024-10-31,P000022,LOC014,8,8,0,0.0,0
2024-10-31,P000022,LOC016,9,8,1,11.11111111111111,1
2024-10-31,P000022,LOC017,4,4,0,0.0,0
2024-10-31,P000022,LOC018,8,9,1,12.5,1
2024-10-31,P000022,LOC019,7,8,1,14.285714285714285,1
2024-10-31,P000022,LOC020,5,6,1,20.0,1
2024-10-31,P000023,LOC001,5,4,1,20.0,1
2024-10-31,P000023,LOC002,2,2,0,0.0,0
2024-10-31,P000023,LOC003,7,8,1,14.285714285714285,1
2024-10-31,P000023,LOC004,6,7,1,16.666666666666664,1
2024-10-31,P000023,LOC005,3,2,1,33.33333333333333,1
2024-10-31,P000023,LOC007,2,2,0,0.0,0
2024-10-31,P000023,LOC008,17,14,3,17.647058823529413,9
2024-10-31,P000023,LOC011,4,3,1,25.0,1
2024-10-31,P000023,LOC012,3,3,0,0.0,0
2024-10-31,P000023,LOC014,11,12,1,9.090909090909092,1
2024-10-31,P000023,LOC016,1,1,0,0.0,0
2024-10-31,P000023,LOC017,2,2,0,0.0,0
2024-10-31,P000023,LOC018,8,8,0,0.0,0
2024-10-31,P000023,LOC019,5,5,0,0.0,0
2024-10-31,P000023,LOC020,5,4,1,20.0,1
2024-10-31,P000024,LOC002,3,3,0,0.0,0
2024-10-31,P000024,LOC003,14,17,3,21.428571428571427,9
2024-10-31,P000024,LOC005,3,3,0,0.0,0
2024-10-31,P000024,LOC006,1,1,0,0.0,0
2024-10-31,P000024,LOC007,4,4,0,0.0,0
2024-10-31,P000024,LOC008,1,1,0,0.0,0
2024-10-31,P000024,LOC009,1,1,0,0.0,0
2024-10-31,P000024,LOC011,8,7,1,12.5,1
2024-10-31,P000024,LOC012,4,4,0,0.0,0
2024-10-31,P000024,LOC013,3,3,0,0.0,0
2024-10-31,P000024,LOC014,1,1,0,0.0,0
2024-10-31,P000024,LOC015,4,4,0,0.0,0
2024-10-31,P000024,LOC016,11,11,0,0.0,0
2024-10-31,P000024,LOC018,10,9,1,10.0,1
2024-10-31,P000024,LOC019,1,1,0,0.0,0
2024-10-31,P000024,LOC020,4,4,0,0.0,0
2024-10-31,P000025,LOC003,5,4,1,20.0,1
2024-10-31,P000025,LOC004,4,4,0,0.0,0
2024-10-31,P000025,LOC005,5,5,0,0.0,0
2024-10-31,P000025,LOC006,6,6,0,0.0,0
2024-10-31,P000025,LOC008,18,16,2,11.11111111111111,4
2024-10-31,P000025,LOC009,3,3,0,0.0,0
2024-10-31,P000025,LOC010,6,6,0,0.0,0
2024-10-31,P000025,LOC011,11,11,0,0.0,0
2024-10-31,P000025,LOC012,2,2,0,0.0,0
2024-10-31,P000025,LOC013,3,3,0,0.0,0
2024-10-31,P000025,LOC014,6,5,1,16.666666666666664,1
2024-10-31,P000025,LOC015,12,12,0,0.0,0
2024-10-31,P000025,LOC016,12,11,1,8.333333333333332,1
2024-10-31,P000025,LOC017,5,6,1,20.0,1
2024-10-31,P000025,LOC018,4,5,1,25.0,1
2024-10-31,P000025,LOC019,8,7,1,12.5,1
2024-10-31,P000025,LOC020,2,2,0,0.0,0
2024-10-31,P000026,LOC002,1,1,0,0.0,0
2024-10-31,P000026,LOC003,5,4,1,20.0,1
2024-10-31,P000026,LOC004,1,1,0,0.0,0
2024-10-31,P000026,LOC005,10,9,1,10.0,1
2024-10-31,P000026,LOC006,5,5,0,0.0,0
2024-10-31,P000026,LOC008,13,11,2,15.384615384615385,4
2024-10-31,P000026,LOC010,4,4,0,0.0,0
2024-10-31,P000026,LOC012,1,1,0,0.0,0
2024-10-31,P000026,LOC013,1,1,0,0.0,0
2024-10-31,P000026,LOC014,3,3,0,0.0,0
2024-10-31,P000026,LOC015,1,1,0,0.0,0
2024-10-31,P000026,LOC016,12,12,0,0.0,0
2024-10-31,P000026,LOC017,1,1,0,0.0,0
2024-10-31,P000026,LOC018,10,8,2,20.0,4
2024-10-31,P000026,LOC019,3,3,0,0.0,0
2024-10-31,P000027,LOC001,6,7,1,16.666666666666664,1
2024-10-31,P000027,LOC002,13,15,2,15.384615384615385,4
2024-10-31,P000027,LOC004,10,10,0,0.0,0
2024-10-31,P000027,LOC005,1,1,0,0.0,0
2024-10-31,P000027,LOC006,3,3,0,0.0,0
2024-10-31,P000027,LOC008,13,12,1,7.6923076923076925,1
2024-10-31,P000027,LOC009,6,7,1,16.666666666666664,1
2024-10-31,P000027,LOC010,4,4,0,0.0,0
2024-10-31,P000027,LOC011,2,2,0,0.0,0
2024-10-31,P000027,LOC012,2,2,0,0.0,0
2024-10-31,P000027,LOC013,4,4,0,0.0,0
2024-10-31,P000027,LOC015,7,7,0,0.0,0
2024-10-31,P000027,LOC016,4,3,1,25.0,1
2024-10-31,P000027,LOC017,5,6,1,20.0,1
2024-10-31,P000027,LOC018,1,1,0,0.0,0
2024-10-31,P000027,LOC019,7,6,1,14.285714285714285,1
2024-10-31,P000027,LOC020,1,1,0,0.0,0
2024-10-31,P000028,LOC002,13,14,1,7.6923076923076925,1
2024-10-31,P000028,LOC003,17,15,2,11.76470588235294,4
2024-10-31,P000028,LOC004,3,4,1,33.33333333333333,1
2024-10-31,P000028,LOC005,4,5,1,25.0,1
2024-10-31,P000028,LOC006,1,1,0,0.0,0
2024-10-31,P000028,LOC008,15,16,1,6.666666666666667,1
2024-10-31,P000028,LOC009,9,8,1,11.11111111111111,1
2024-10-31,P000028,LOC010,2,2,0,0.0,0
2024-10-31,P000028,LOC012,3,3,0,0.0,0
2024-10-31,P000028,LOC013,5,4,1,20.0,1
2024-10-31,P000028,LOC014,5,6,1,20.0,1
2024-10-31,P000028,LOC015,6,7,1,16.666666666666664,1
2024-10-31,P000028,LOC016,17,17,0,0.0,0
2024-10-31,P000028,LOC017,5,6,1,20.0,1
2024-10-31,P000028,LOC018,6,6,0,0.0,0
2024-10-31,P000028,LOC019,4,4,0,0.0,0
2024-10-31,P000029,LOC003,8,8,0,0.0,0
2024-10-31,P000029,LOC005,1,1,0,0.0,0
2024-10-31,P000029,LOC007,4,4,0,0.0,0
2024-10-31,P000029,LOC008,1,1,0,0.0,0
2024-10-31,P000029,LOC009,11,10,1,9.090909090909092,1
2024-10-31,P000029,LOC010,2,2,0,0.0,0
2024-10-31,P000029,LOC011,9,11,2,22.22222222222222,4
2024-10-31,P000029,LOC013,4,4,0,0.0,0
2024-10-31,P000029,LOC015,11,10,1,9.090909090909092,1
2024-10-31,P000029,LOC016,19,19,0,0.0,0
2024-10-31,P000029,LOC017,6,5,1,16.666666666666664,1
2024-10-31,P000029,LOC018,5,5,0,0.0,0
2024-10-31,P000029,LOC019,6,5,1,16.666666666666664,1
2024-10-31,P000030,LOC001,4,4,0,0.0,0
2024-10-31,P000030,LOC002,4,5,1,25.0,1
2024-10-31,P000030,LOC003,5,5,0,0.0,0
2024-10-31,P000030,LOC004,8,7,1,12.5,1
2024-10-31,P000030,LOC005,12,11,1,8.333333333333332,1
2024-10-31,P000030,LOC006,4,4,0,0.0,0
2024-10-31,P000030,LOC008,15,16,1,6.666666666666667,1
2024-10-31,P000030,LOC009,4,4,0,0.0,0
2024-10-31,P000030,LOC011,4,4,0,0.0,0
2024-10-31,P000030,LOC012,3,3,0,0.0,0
2024-10-31,P000030,LOC013,7,7,0,0.0,0
2024-10-31,P000030,LOC014,3,3,0,0.0,0
2024-10-31,P000030,LOC015,7,8,1,14.285714285714285,1
2024-10-31,P000030,LOC016,7,8,1,14.285714285714285,1
2024-10-31,P000030,LOC017,10,10,0,0.0,0
2024-10-31,P000030,LOC019,2,2,0,0.0,0
2024-10-31,P000031,LOC001,7,6,1,14.285714285714285,1
2024-10-31,P000031,LOC002,8,7,1,12.5,1
2024-10-31,P000031,LOC003,10,10,0,0.0,0
2024-10-31,P000031,LOC005,2,2,0,0.0,0
2024-10-31,P000031,LOC006,8,7,1,12.5,1
2024-10-31,P000031,LOC007,1,1,0,0.0,0
2024-10-31,P000031,LOC008,4,4,0,0.0,0
2024-10-31,P000031,LOC009,1,1,0,0.0,0
2024-10-31,P000031,LOC010,1,1,0,0.0,0
2024-10-31,P000031,LOC011,4,4,0,0.0,0
2024-10-31,P000031,LOC012,3,3,0,0.0,0
2024-10-31,P000031,LOC013,5,5,0,0.0,0
2024-10-31,P000031,LOC014,8,10,2,25.0,4
2024-10-31,P000031,LOC015,5,4,1,20.0,1
2024-10-31,P000031,LOC016,4,4,0,0.0,0
2024-10-31,P000031,LOC017,13,14,1,7.6923076923076925,1
2024-10-31,P000031,LOC018,3,3,0,0.0,0
2024-10-31,P000031,LOC019,7,6,1,14.285714285714285,1
2024-10-31,P000032,LOC001,3,4,1,33.33333333333333,1
2024-10-31,P000032,LOC002,7,8,1,14.285714285714285,1
2024-10-31,P000032,LOC003,8,9,1,12.5,1
2024-10-31,P000032,LOC004,3,3,0,0.0,0
2024-10-31,P000032,LOC005,3,3,0,0.0,0
2024-10-31,P000032,LOC006,10,8,2,20.0,4
2024-10-31,P000032,LOC007,5,5,0,0.0,0
2024-10-31,P000032,LOC008,1,1,0,0.0,0
2024-10-31,P000032,LOC009,3,3,0,0.0,0
2024-10-31,P000032,LOC010,4,5,1,25.0,1
2024-10-31,P000032,LOC011,3,3,0,0.0,0
2024-10-31,P000032,LOC012,5,6,1,20.0,1
2024-10-31,P000032,LOC014,6,6,0,0.0,0
2024-10-31,P000032,LOC015,8,9,1,12.5,1
2024-10-31,P000032,LOC016,4,4,0,0.0,0
2024-10-31,P000032,LOC017,5,4,1,20.0,1
2024-10-31,P000032,LOC018,2,2,0,0.0,0
2024-10-31,P000032,LOC019,4,5,1,25.0,1
2024-10-31,P000033,LOC001,14,13,1,7.142857142857142,1
2024-10-31,P000033,LOC002,8,8,0,0.0,0
2024-10-31,P000033,LOC003,8,8,0,0.0,0
2024-10-31,P000033,LOC004,4,3,1,25.0,1
2024-10-31,P000033,LOC005,2,2,0,0.0,0
2024-10-31,P000033,LOC006,1,1,0,0.0,0
2024-10-31,P000033,LOC008,4,3,1,25.0,1
2024-10-31,P000033,LOC009,3,3,0,0.0,0
2024-10-31,P000033,LOC010,6,5,1,16.666666666666664,1
2024-10-31,P000033,LOC011,5,6,1,20.0,1
2024-10-31,P000033,LOC012,3,3,0,0.0,0
2024-10-31,P000033,LOC013,2,2,0,0.0,0
2024-10-31,P000033,LOC014,2,2,0,0.0,0
2024-10-31,P000033,LOC015,1,1,0,0.0,0
2024-10-31,P000033,LOC016,11,12,1,9.090909090909092,1
2024-10-31,P000033,LOC017,6,5,1,16.666666666666664,1
2024-10-31,P000033,LOC018,13,14,1,7.6923076923076925,1
2024-10-31,P000033,LOC019,6,6,0,0.0,0
2024-10-31,P000033,LOC020,1,1,0,0.0,0
2024-10-31,P000034,LOC001,5,5,0,0.0,0
2024-10-31,P000034,LOC002,4,5,1,25.0,1
2024-10-31,P000034,LOC003,11,10,1,9.090909090909092,1
2024-10-31,P000034,LOC004,6,7,1,16.666666666666664,1
2024-10-31,P000034,LOC005,5,6,1,20.0,1
2024-10-31,P000034,LOC006,8,7,1,12.5,1
2024-10-31,P000034,LOC007,2,2,0,0.0,0
2024-10-31,P000034,LOC008,5,5,0,0.0,0
2024-10-31,P000034,LOC010,5,4,1,20.0,1
2024-10-31,P000034,LOC013,1,1,0,0.0,0
2024-10-31,P000034,LOC014,1,1,0,0.0,0
2024-10-31,P000034,LOC015,9,7,2,22.22222222222222,4
2024-10-31,P000034,LOC017,8,7,1,12.5,1
2024-10-31,P000034,LOC018,8,8,0,0.0,0
2024-10-31,P000034,LOC019,1,1,0,0.0,0
2024-10-31,P000034,LOC020,3,4,1,33.33333333333333,1
2024-10-31,P000035,LOC001,4,4,0,0.0,0
2024-10-31,P000035,LOC003,6,7,1,16.666666666666664,1
2024-10-31,P000035,LOC006,4,4,0,0.0,0
2024-10-31,P000035,LOC008,2,2,0,0.0,0
2024-10-31,P000035,LOC009,6,5,1,16.666666666666664,1
2024-10-31,P000035,LOC010,7,8,1,14.285714285714285,1
2024-10-31,P000035,LOC012,7,7,0,0.0,0
2024-10-31,P000035,LOC013,7,7,0,0.0,0
2024-10-31,P000035,LOC015,4,4,0,0.0,0
2024-10-31,P000035,LOC016,2,2,0,0.0,0
2024-10-31,P000035,LOC017,5,4,1,20.0,1
2024-10-31,P000035,LOC018,17,14,3,17.647058823529413,9
2024-10-31,P000035,LOC020,6,5,1,16.666666666666664,1
2024-10-31,P000036,LOC001,4,4,0,0.0,0
2024-10-31,P000036,LOC002,7,6,1,14.285714285714285,1
2024-10-31,P000036,LOC003,3,2,1,33.33333333333333,1
2024-10-31,P000036,LOC004,19,18,1,5.263157894736842,1
2024-10-31,P000036,LOC005,7,7,0,0.0,0
2024-10-31,P000036,LOC006,12,13,1,8.333333333333332,1
2024-10-31,P000036,LOC008,1,1,0,0.0,0
2024-10-31,P000036,LOC009,6,7,1,16.666666666666664,1
2024-10-31,P000036,LOC010,7,7,0,0.0,0
2024-10-31,P000036,LOC011,2,2,0,0.0,0
2024-10-31,P000036,LOC012,1,1,0,0.0,0
2024-10-31,P000036,LOC013,8,8,0,0.0,0
2024-10-31,P000036,LOC014,3,3,0,0.0,0
2024-10-31,P000036,LOC015,1,1,0,0.0,0
2024-10-31,P000036,LOC016,7,6,1,14.285714285714285,1
2024-10-31,P000036,LOC017,2,2,0,0.0,0
2024-10-31,P000036,LOC018,14,12,2,14.285714285714285,4
2024-10-31,P000036,LOC019,8,9,1,12.5,1
2024-10-31,P000036,LOC020,5,4,1,20.0,1
2024-10-31,P000037,LOC001,9,7,2,22.22222222222222,4
2024-10-31,P000037,LOC002,12,12,0,0.0,0
2024-10-31,P000037,LOC003,4,4,0,0.0,0
2024-10-31,P000037,LOC004,8,9,1,12.5,1
2024-10-31,P000037,LOC005,6,6,0,0.0,0
2024-10-31,P000037,LOC006,2,2,0,0.0,0
2024-10-31,P000037,LOC008,4,4,0,0.0,0
2024-10-31,P000037,LOC009,6,5,1,16.666666666666664,1
2024-10-31,P000037,LOC010,6,7,1,16.666666666666664,1
2024-10-31,P000037,LOC013,4,4,0,0.0,0
2024-10-31,P000037,LOC014,4,4,0,0.0,0
2024-10-31,P000037,LOC015,9,8,1,11.11111111111111,1
2024-10-31,P000037,LOC016,8,7,1,12.5,1
2024-10-31,P000037,LOC017,7,8,1,14.285714285714285,1
2024-10-31,P000037,LOC018,11,11,0,0.0,0
2024-10-31,P000037,LOC019,4,3,1,25.0,1
2024-10-31,P000038,LOC001,11,10,1,9.090909090909092,1
2024-10-31,P000038,LOC002,2,2,0,0.0,0
2024-10-31,P000038,LOC005,2,2,0,0.0,0
2024-10-31,P000038,LOC006,2,2,0,0.0,0
2024-10-31,P000038,LOC008,8,7,1,12.5,1
2024-10-31,P000038,LOC009,10,12,2,20.0,4
2024-10-31,P000038,LOC011,4,5,1,25.0,1
2024-10-31,P000038,LOC012,3,4,1,33.33333333333333,1
2024-10-31,P000038,LOC014,1,1,0,0.0,0
2024-10-31,P000038,LOC015,1,1,0,0.0,0
2024-10-31,P000038,LOC017,9,10,1,11.11111111111111,1
2024-10-31,P000038,LOC018,3,3,0,0.0,0
2024-10-31,P000038,LOC019,2,2,0,0.0,0
2024-10-31,P000038,LOC020,7,6,1,14.285714285714285,1
2024-10-31,P000039,LOC001,3,3,0,0.0,0
2024-10-31,P000039,LOC002,11,9,2,18.181818181818183,4
2024-10-31,P000039,LOC004,16,17,1,6.25,1
2024-10-31,P000039,LOC005,5,5,0,0.0,0
2024-10-31,P000039,LOC006,6,5,1,16.666666666666664,1
2024-10-31,P000039,LOC007,1,1,0,0.0,0
2024-10-31,P000039,LOC008,3,3,0,0.0,0
2024-10-31,P000039,LOC009,1,1,0,0.0,0
2024-10-31,P000039,LOC010,4,4,0,0.0,0
2024-10-31,P000039,LOC011,17,20,3,17.647058823529413,9
2024-10-31,P000039,LOC012,5,5,0,0.0,0
2024-10-31,P000039,LOC013,7,8,1,14.285714285714285,1
2024-10-31,P000039,LOC014,5,5,0,0.0,0
2024-10-31,P000039,LOC015,4,4,0,0.0,0
2024-10-31,P000039,LOC016,5,5,0,0.0,0
2024-10-31,P000039,LOC017,6,6,0,0.0,0
2024-10-31,P000039,LOC018,6,6,0,0.0,0
2024-10-31,P000039,LOC019,4,4,0,0.0,0
2024-10-31,P000039,LOC020,4,4,0,0.0,0
2024-10-31,P000040,LOC001,1,1,0,0.0,0
2024-10-31,P000040,LOC002,5,5,0,0.0,0
2024-10-31,P000040,LOC003,6,7,1,16.666666666666664,1
2024-10-31,P000040,LOC004,10,12,2,20.0,4
2024-10-31,P000040,LOC005,9,9,0,0.0,0
2024-10-31,P000040,LOC006,2,2,0,0.0,0
2024-10-31,P000040,LOC007,4,4,0,0.0,0
2024-10-31,P000040,LOC008,2,2,0,0.0,0
2024-10-31,P000040,LOC009,1,1,0,0.0,0
2024-10-31,P000040,LOC010,6,6,0,0.0,0
2024-10-31,P000040,LOC011,11,11,0,0.0,0
2024-10-31,P000040,LOC012,5,5,0,0.0,0
2024-10-31,P000040,LOC014,8,7,1,12.5,1
2024-10-31,P000040,LOC015,6,5,1,16.666666666666664,1
2024-10-31,P000040,LOC016,2,2,0,0.0,0
2024-10-31,P000040,LOC017,8,8,0,0.0,0
2024-10-31,P000040,LOC020,2,2,0,0.0,0
2024-10-31,P000041,LOC001,1,1,0,0.0,0
2024-10-31,P000041,LOC002,24,27,3,12.5,9
2024-10-31,P000041,LOC003,5,6,1,20.0,1
2024-10-31,P000041,LOC004,1,1,0,0.0,0
2024-10-31,P000041,LOC005,2,2,0,0.0,0
2024-10-31,P000041,LOC007,2,2,0,0.0,0
2024-10-31,P000041,LOC008,1,1,0,0.0,0
2024-10-31,P000041,LOC009,3,3,0,0.0,0
2024-10-31,P000041,LOC010,4,3,1,25.0,1
2024-10-31,P000041,LOC012,2,2,0,0.0,0
2024-10-31,P000041,LOC016,13,13,0,0.0,0
2024-10-31,P000041,LOC017,10,12,2,20.0,4
2024-10-31,P000041,LOC018,5,4,1,20.0,1
2024-10-31,P000042,LOC001,3,3,0,0.0,0
2024-10-31,P000042,LOC002,6,5,1,16.666666666666664,1
2024-10-31,P000042,LOC003,8,8,0,0.0,0
2024-10-31,P000042,LOC004,8,8,0,0.0,0
2024-10-31,P000042,LOC005,4,4,0,0.0,0
2024-10-31,P000042,LOC006,4,5,1,25.0,1
2024-10-31,P000042,LOC007,3,3,0,0.0,0
2024-10-31,P000042,LOC008,2,2,0,0.0,0
2024-10-31,P000042,LOC009,7,8,1,14.285714285714285,1
2024-10-31,P000042,LOC010,10,8,2,20.0,4
2024-10-31,P000042,LOC011,6,5,1,16.666666666666664,1
2024-10-31,P000042,LOC012,4,4,0,0.0,0
2024-10-31,P000042,LOC013,1,1,0,0.0,0
2024-10-31,P000042,LOC014,14,14,0,0.0,0
2024-10-31,P000042,LOC015,4,5,1,25.0,1
2024-10-31,P000042,LOC016,9,9,0,0.0,0
2024-10-31,P000042,LOC017,4,5,1,25.0,1
2024-10-31,P000042,LOC018,4,4,0,0.0,0
2024-10-31,P000042,LOC019,9,11,2,22.22222222222222,4
2024-10-31,P000042,LOC020,3,4,1,33.33333333333333,1
2024-10-31,P000043,LOC001,4,4,0,0.0,0
2024-10-31,P000043,LOC002,1,1,0,0.0,0
2024-10-31,P000043,LOC003,7,7,0,0.0,0
2024-10-31,P000043,LOC004,6,5,1,16.666666666666664,1
2024-10-31,P000043,LOC005,8,7,1,12.5,1
2024-10-31,P000043,LOC006,9,7,2,22.22222222222222,4
2024-10-31,P000043,LOC007,10,11,1,10.0,1
2024-10-31,P000043,LOC008,4,4,0,0.0,0
2024-10-31,P000043,LOC009,3,4,1,33.33333333333333,1
2024-10-31,P000043,LOC010,8,7,1,12.5,1
2024-10-31,P000043,LOC011,3,4,1,33.33333333333333,1
2024-10-31,P000043,LOC012,7,8,1,14.285714285714285,1
2024-10-31,P000043,LOC013,5,4,1,20.0,1
2024-10-31,P000043,LOC014,9,9,0,0.0,0
2024-10-31,P000043,LOC015,11,12,1,9.090909090909092,1
2024-10-31,P000043,LOC016,4,4,0,0.0,0
2024-10-31,P000043,LOC017,14,14,0,0.0,0
2024-10-31,P000043,LOC018,4,4,0,0.0,0
2024-10-31,P000044,LOC001,9,7,2,22.22222222222222,4
2024-10-31,P000044,LOC002,5,5,0,0.0,0
2024-10-31,P000044,LOC003,4,3,1,25.0,1
2024-10-31,P000044,LOC005,12,12,0,0.0,0
2024-10-31,P000044,LOC006,2,2,0,0.0,0
2024-10-31,P000044,LOC008,4,4,0,0.0,0
2024-10-31,P000044,LOC009,7,6,1,14.285714285714285,1
2024-10-31,P000044,LOC010,8,8,0,0.0,0
2024-10-31,P000044,LOC011,12,12,0,0.0,0
2024-10-31,P000044,LOC013,5,5,0,0.0,0
2024-10-31,P000044,LOC014,5,4,1,20.0,1
2024-10-31,P000044,LOC015,5,6,1,20.0,1
2024-10-31,P000044,LOC016,3,3,0,0.0,0
2024-10-31,P000044,LOC017,4,4,0,0.0,0
2024-10-31,P000044,LOC019,4,5,1,25.0,1
2024-10-31,P000044,LOC020,9,9,0,0.0,0
2024-10-31,P000045,LOC001,3,3,0,0.0,0
2024-10-31,P000045,LOC003,7,8,1,14.285714285714285,1
2024-10-31,P000045,LOC004,8,8,0,0.0,0
2024-10-31,P000045,LOC005,4,4,0,0.0,0
2024-10-31,P000045,LOC006,6,5,1,16.666666666666664,1
2024-10-31,P000045,LOC007,9,10,1,11.11111111111111,1
2024-10-31,P000045,LOC008,10,10,0,0.0,0
2024-10-31,P000045,LOC009,6,5,1,16.666666666666664,1
2024-10-31,P000045,LOC010,1,1,0,0.0,0
2024-10-31,P000045,LOC012,7,7,0,0.0,0
2024-10-31,P000045,LOC013,10,10,0,0.0,0
2024-10-31,P000045,LOC014,8,8,0,0.0,0
2024-10-31,P000045,LOC015,4,4,0,0.0,0
2024-10-31,P000045,LOC017,12,12,0,0.0,0
2024-10-31,P000045,LOC019,1,1,0,0.0,0
2024-10-31,P000046,LOC001,8,8,0,0.0,0
2024-10-31,P000046,LOC002,9,11,2,22.22222222222222,4
2024-10-31,P000046,LOC003,6,5,1,16.666666666666664,1
2024-10-31,P000046,LOC004,6,6,0,0.0,0
2024-10-31,P000046,LOC005,4,4,0,0.0,0
2024-10-31,P000046,LOC006,14,16,2,14.285714285714285,4
2024-10-31,P000046,LOC007,4,4,0,0.0,0
2024-10-31,P000046,LOC008,15,15,0,0.0,0
2024-10-31,P000046,LOC009,2,2,0,0.0,0
2024-10-31,P000046,LOC010,1,1,0,0.0,0
2024-10-31,P000046,LOC011,5,5,0,0.0,0
2024-10-31,P000046,LOC012,13,15,2,15.384615384615385,4
2024-10-31,P000046,LOC013,12,13,1,8.333333333333332,1
2024-10-31,P000046,LOC014,4,4,0,0.0,0
2024-10-31,P000046,LOC015,1,1,0,0.0,0
2024-10-31,P000046,LOC016,4,4,0,0.0,0
2024-10-31,P000046,LOC017,10,11,1,10.0,1
2024-10-31,P000046,LOC018,9,10,1,11.11111111111111,1
2024-10-31,P000046,LOC019,4,3,1,25.0,1
2024-10-31,P000046,LOC020,8,9,1,12.5,1
2024-10-31,P000047,LOC001,4,4,0,0.0,0
2024-10-31,P000047,LOC002,13,14,1,7.6923076923076925,1
2024-10-31,P000047,LOC004,6,6,0,0.0,0
2024-10-31,P000047,LOC005,3,3,0,0.0,0
2024-10-31,P000047,LOC007,2,2,0,0.0,0
2024-10-31,P000047,LOC008,4,3,1,25.0,1
2024-10-31,P000047,LOC009,3,3,0,0.0,0
2024-10-31,P000047,LOC010,3,3,0,0.0,0
2024-10-31,P000047,LOC011,8,8,0,0.0,0
2024-10-31,P000047,LOC012,5,5,0,0.0,0
2024-10-31,P000047,LOC013,6,7,1,16.666666666666664,1
2024-10-31,P000047,LOC014,10,8,2,20.0,4
2024-10-31,P000047,LOC015,14,12,2,14.285714285714285,4
2024-10-31,P000047,LOC017,3,4,1,33.33333333333333,1
2024-10-31,P000047,LOC018,7,8,1,14.285714285714285,1
2024-10-31,P000047,LOC019,3,3,0,0.0,0
2024-10-31,P000047,LOC020,3,4,1,33.33333333333333,1
2024-10-31,P000048,LOC001,4,3,1,25.0,1
2024-10-31,P000048,LOC002,2,2,0,0.0,0
2024-10-31,P000048,LOC003,2,2,0,0.0,0
2024-10-31,P000048,LOC004,3,3,0,0.0,0
2024-10-31,P000048,LOC005,6,7,1,16.666666666666664,1
2024-10-31,P000048,LOC008,5,4,1,20.0,1
2024-10-31,P000048,LOC009,5,4,1,20.0,1
2024-10-31,P000048,LOC010,6,7,1,16.666666666666664,1
2024-10-31,P000048,LOC012,9,9,0,0.0,0
2024-10-31,P000048,LOC013,3,3,0,0.0,0
2024-10-31,P000048,LOC014,15,14,1,6.666666666666667,1
2024-10-31,P000048,LOC015,6,6,0,0.0,0
2024-10-31,P000048,LOC016,8,9,1,12.5,1
2024-10-31,P000048,LOC017,1,1,0,0.0,0
2024-10-31,P000048,LOC018,13,15,2,15.384615384615385,4
2024-10-31,P000048,LOC019,1,1,0,0.0,0
2024-10-31,P000049,LOC001,5,5,0,0.0,0
2024-10-31,P000049,LOC002,3,3,0,0.0,0
2024-10-31,P000049,LOC003,4,5,1,25.0,1
2024-10-31,P000049,LOC004,7,6,1,14.285714285714285,1
2024-10-31,P000049,LOC005,9,9,0,0.0,0
2024-10-31,P000049,LOC006,8,9,1,12.5,1
2024-10-31,P000049,LOC007,3,3,0,0.0,0
2024-10-31,P000049,LOC008,3,3,0,0.0,0
2024-10-31,P000049,LOC009,7,8,1,14.285714285714285,1
2024-10-31,P000049,LOC010,5,6,1,20.0,1
2024-10-31,P000049,LOC011,4,5,1,25.0,1
2024-10-31,P000049,LOC013,11,10,1,9.090909090909092,1
2024-10-31,P000049,LOC014,16,16,0,0.0,0
2024-10-31,P000049,LOC015,1,1,0,0.0,0
2024-10-31,P000049,LOC016,6,7,1,16.666666666666664,1
2024-10-31,P000049,LOC017,8,9,1,12.5,1
2024-10-31,P000049,LOC018,3,3,0,0.0,0
2024-10-31,P000049,LOC020,9,10,1,11.11111111111111,1
2024-10-31,P000050,LOC001,1,1,0,0.0,0
2024-10-31,P000050,LOC002,9,7,2,22.22222222222222,4
2024-10-31,P000050,LOC003,1,1,0,0.0,0
2024-10-31,P000050,LOC004,7,8,1,14.285714285714285,1
2024-10-31,P000050,LOC005,7,6,1,14.285714285714285,1
2024-10-31,P000050,LOC006,2,2,0,0.0,0
2024-10-31,P000050,LOC007,1,1,0,0.0,0
2024-10-31,P000050,LOC008,10,10,0,0.0,0
2024-10-31,P000050,LOC009,11,11,0,0.0,0
2024-10-31,P000050,LOC011,1,1,0,0.0,0
2024-10-31,P000050,LOC012,3,3,0,0.0,0
2024-10-31,P000050,LOC013,9,10,1,11.11111111111111,1
2024-10-31,P000050,LOC014,6,6,0,0.0,0
2024-10-31,P000050,LOC015,8,7,1,12.5,1
2024-10-31,P000050,LOC016,9,9,0,0.0,0
2024-10-31,P000050,LOC017,5,5,0,0.0,0
2024-10-31,P000050,LOC018,3,2,1,33.33333333333333,1
2024-10-31,P000050,LOC020,4,4,0,0.0,0
2024-10-31,P000051,LOC001,12,11,1,8.333333333333332,1
2024-10-31,P000051,LOC002,3,3,0,0.0,0
2024-10-31,P000051,LOC003,1,1,0,0.0,0
2024-10-31,P000051,LOC004,3,3,0,0.0,0
2024-10-31,P000051,LOC005,13,12,1,7.6923076923076925,1
2024-10-31,P000051,LOC006,11,11,0,0.0,0
2024-10-31,P000051,LOC007,1,1,0,0.0,0
2024-10-31,P000051,LOC008,3,2,1,33.33333333333333,1
2024-10-31,P000051,LOC009,5,4,1,20.0,1
2024-10-31,P000051,LOC010,10,8,2,20.0,4
2024-10-31,P000051,LOC011,1,1,0,0.0,0
2024-10-31,P000051,LOC012,11,11,0,0.0,0
2024-10-31,P000051,LOC013,8,7,1,12.5,1
2024-10-31,P000051,LOC014,5,5,0,0.0,0
2024-10-31,P000051,LOC015,1,1,0,0.0,0
2024-10-31,P000051,LOC016,7,6,1,14.285714285714285,1
2024-10-31,P000051,LOC017,1,1,0,0.0,0
2024-10-31,P000051,LOC018,10,12,2,20.0,4
2024-10-31,P000051,LOC019,6,5,1,16.666666666666664,1
2024-10-31,P000051,LOC020,2,2,0,0.0,0
2024-10-31,P000052,LOC001,9,8,1,11.11111111111111,1
2024-10-31,P000052,LOC003,7,6,1,14.285714285714285,1
2024-10-31,P000052,LOC004,7,8,1,14.285714285714285,1
2024-10-31,P000052,LOC005,4,5,1,25.0,1
2024-10-31,P000052,LOC007,7,8,1,14.285714285714285,1
2024-10-31,P000052,LOC008,1,1,0,0.0,0
2024-10-31,P000052,LOC009,5,5,0,0.0,0
2024-10-31,P000052,LOC010,11,12,1,9.090909090909092,1
2024-10-31,P000052,LOC012,3,3,0,0.0,0
2024-10-31,P000052,LOC013,7,8,1,14.285714285714285,1
2024-10-31,P000052,LOC015,5,5,0,0.0,0
2024-10-31,P000052,LOC016,10,12,2,20.0,4
2024-10-31,P000052,LOC017,4,4,0,0.0,0
2024-10-31,P000052,LOC018,6,6,0,0.0,0
2024-10-31,P000052,LOC019,7,8,1,14.285714285714285,1
2024-10-31,P000052,LOC020,1,1,0,0.0,0
2024-10-31,P000053,LOC001,8,7,1,12.5,1
2024-10-31,P000053,LOC002,6,5,1,16.666666666666664,1
2024-10-31,P000053,LOC003,2,2,0,0.0,0
2024-10-31,P000053,LOC004,6,7,1,16.666666666666664,1
2024-10-31,P000053,LOC005,5,6,1,20.0,1
2024-10-31,P000053,LOC006,11,13,2,18.181818181818183,4
2024-10-31,P000053,LOC007,3,3,0,0.0,0
2024-10-31,P000053,LOC009,2,2,0,0.0,0
2024-10-31,P000053,LOC010,3,3,0,0.0,0
2024-10-31,P000053,LOC011,4,3,1,25.0,1
2024-10-31,P000053,LOC012,1,1,0,0.0,0
2024-10-31,P000053,LOC013,2,2,0,0.0,0
2024-10-31,P000053,LOC014,1,1,0,0.0,0
2024-10-31,P000053,LOC015,4,4,0,0.0,0
2024-10-31,P000053,LOC016,1,1,0,0.0,0
2024-10-31,P000053,LOC017,2,2,0,0.0,0
2024-10-31,P000053,LOC018,11,10,1,9.090909090909092,1
2024-10-31,P000053,LOC019,3,3,0,0.0,0
2024-10-31,P000053,LOC020,4,4,0,0.0,0
2024-10-31,P000054,LOC001,3,3,0,0.0,0
2024-10-31,P000054,LOC003,3,3,0,0.0,0
2024-10-31,P000054,LOC006,8,9,1,12.5,1
2024-10-31,P000054,LOC007,2,2,0,0.0,0
2024-10-31,P000054,LOC008,15,18,3,20.0,9
2024-10-31,P000054,LOC009,8,9,1,12.5,1
2024-10-31,P000054,LOC010,2,2,0,0.0,0
2024-10-31,P000054,LOC011,5,4,1,20.0,1
2024-10-31,P000054,LOC012,8,7,1,12.5,1
2024-10-31,P000054,LOC013,4,4,0,0.0,0
2024-10-31,P000054,LOC014,10,10,0,0.0,0
2024-10-31,P000054,LOC015,5,6,1,20.0,1
2024-10-31,P000054,LOC016,7,7,0,0.0,0
2024-10-31,P000054,LOC017,3,3,0,0.0,0
2024-10-31,P000054,LOC018,5,5,0,0.0,0
2024-10-31,P000054,LOC019,3,3,0,0.0,0
2024-10-31,P000054,LOC020,1,1,0,0.0,0
2024-10-31,P000055,LOC002,7,7,0,0.0,0
2024-10-31,P000055,LOC004,7,7,0,0.0,0
2024-10-31,P000055,LOC005,9,10,1,11.11111111111111,1
2024-10-31,P000055,LOC006,9,10,1,11.11111111111111,1
2024-10-31,P000055,LOC007,4,4,0,0.0,0
2024-10-31,P000055,LOC008,3,3,0,0.0,0
2024-10-31,P000055,LOC009,2,2,0,0.0,0
2024-10-31,P000055,LOC011,5,5,0,0.0,0
2024-10-31,P000055,LOC012,9,8,1,11.11111111111111,1
2024-10-31,P000055,LOC013,2,2,0,0.0,0
2024-10-31,P000055,LOC014,3,3,0,0.0,0
2024-10-31,P000055,LOC015,9,11,2,22.22222222222222,4
2024-10-31,P000055,LOC016,5,5,0,0.0,0
2024-10-31,P000055,LOC017,6,6,0,0.0,0
2024-10-31,P000055,LOC018,15,17,2,13.333333333333334,4
2024-10-31,P000055,LOC019,3,3,0,0.0,0
2024-10-31,P000055,LOC020,2,2,0,0.0,0
2024-10-31,P000056,LOC002,18,16,2,11.11111111111111,4
2024-10-31,P000056,LOC003,1,1,0,0.0,0
2024-10-31,P000056,LOC005,3,3,0,0.0,0
2024-10-31,P000056,LOC006,8,7,1,12.5,1
2024-10-31,P000056,LOC007,1,1,0,0.0,0
2024-10-31,P000056,LOC008,5,4,1,20.0,1
2024-10-31,P000056,LOC009,7,6,1,14.285714285714285,1
2024-10-31,P000056,LOC011,6,6,0,0.0,0
2024-10-31,P000056,LOC012,2,2,0,0.0,0
2024-10-31,P000056,LOC013,5,4,1,20.0,1
2024-10-31,P000056,LOC014,8,9,1,12.5,1
2024-10-31,P000056,LOC015,4,4,0,0.0,0
2024-10-31,P000056,LOC016,4,3,1,25.0,1
2024-10-31,P000056,LOC017,8,7,1,12.5,1
2024-10-31,P000056,LOC018,12,10,2,16.666666666666664,4
2024-10-31,P000056,LOC019,2,2,0,0.0,0
2024-10-31,P000057,LOC001,9,8,1,11.11111111111111,1
2024-10-31,P000057,LOC002,3,3,0,0.0,0
2024-10-31,P000057,LOC004,4,4,0,0.0,0
2024-10-31,P000057,LOC005,12,10,2,16.666666666666664,4
2024-10-31,P000057,LOC006,1,1,0,0.0,0
2024-10-31,P000057,LOC008,2,2,0,0.0,0
2024-10-31,P000057,LOC009,1,1,0,0.0,0
2024-10-31,P000057,LOC010,3,4,1,33.33333333333333,1
2024-10-31,P000057,LOC011,8,9,1,12.5,1
2024-10-31,P000057,LOC012,7,8,1,14.285714285714285,1
2024-10-31,P000057,LOC013,1,1,0,0.0,0
2024-10-31,P000057,LOC015,7,7,0,0.0,0
2024-10-31,P000057,LOC016,8,8,0,0.0,0
2024-10-31,P000057,LOC017,4,5,1,25.0,1
2024-10-31,P000057,LOC018,4,4,0,0.0,0
2024-10-31,P000057,LOC019,11,13,2,18.181818181818183,4
2024-10-31,P000057,LOC020,8,9,1,12.5,1
2024-10-31,P000058,LOC001,9,9,0,0.0,0
2024-10-31,P000058,LOC004,9,10,1,11.11111111111111,1
2024-10-31,P000058,LOC005,8,8,0,0.0,0
2024-10-31,P000058,LOC006,24,25,1,4.166666666666666,1
2024-10-31,P000058,LOC008,10,9,1,10.0,1
2024-10-31,P000058,LOC009,4,5,1,25.0,1
2024-10-31,P000058,LOC011,2,2,0,0.0,0
2024-10-31,P000058,LOC012,5,5,0,0.0,0
2024-10-31,P000058,LOC013,4,4,0,0.0,0
2024-10-31,P000058,LOC014,5,6,1,20.0,1
2024-10-31,P000058,LOC015,11,11,0,0.0,0
2024-10-31,P000058,LOC016,3,3,0,0.0,0
2024-10-31,P000058,LOC017,14,14,0,0.0,0
2024-10-31,P000058,LOC018,13,14,1,7.6923076923076925,1
2024-10-31,P000058,LOC019,7,8,1,14.285714285714285,1
2024-10-31,P000058,LOC020,3,3,0,0.0,0
2024-10-31,P000059,LOC001,16,18,2,12.5,4
2024-10-31,P000059,LOC002,3,3,0,0.0,0
2024-10-31,P000059,LOC003,3,3,0,0.0,0
2024-10-31,P000059,LOC004,3,3,0,0.0,0
2024-10-31,P000059,LOC005,12,14,2,16.666666666666664,4
2024-10-31,P000059,LOC006,1,1,0,0.0,0
2024-10-31,P000059,LOC007,5,5,0,0.0,0
2024-10-31,P000059,LOC008,19,17,2,10.526315789473683,4
2024-10-31,P000059,LOC009,5,6,1,20.0,1
2024-10-31,P000059,LOC010,5,5,0,0.0,0
2024-10-31,P000059,LOC012,5,6,1,20.0,1
2024-10-31,P000059,LOC014,4,4,0,0.0,0
2024-10-31,P000059,LOC015,4,4,0,0.0,0
2024-10-31,P000059,LOC016,11,13,2,18.181818181818183,4
2024-10-31,P000059,LOC017,16,17,1,6.25,1
2024-10-31,P000059,LOC018,6,6,0,0.0,0
2024-10-31,P000059,LOC019,5,5,0,0.0,0
2024-10-31,P000059,LOC020,2,2,0,0.0,0
2024-10-31,P000060,LOC001,1,1,0,0.0,0
2024-10-31,P000060,LOC002,8,8,0,0.0,0
2024-10-31,P000060,LOC003,2,2,0,0.0,0
2024-10-31,P000060,LOC004,5,4,1,20.0,1
2024-10-31,P000060,LOC005,4,3,1,25.0,1
2024-10-31,P000060,LOC006,6,5,1,16.666666666666664,1
2024-10-31,P000060,LOC008,11,13,2,18.181818181818183,4
2024-10-31,P000060,LOC009,2,2,0,0.0,0
2024-10-31,P000060,LOC011,10,10,0,0.0,0
2024-10-31,P000060,LOC012,2,2,0,0.0,0
2024-10-31,P000060,LOC013,1,1,0,0.0,0
2024-10-31,P000060,LOC014,11,10,1,9.090909090909092,1
2024-10-31,P000060,LOC015,3,3,0,0.0,0
2024-10-31,P000060,LOC016,3,3,0,0.0,0
2024-10-31,P000060,LOC017,4,4,0,0.0,0
2024-10-31,P000060,LOC018,8,7,1,12.5,1
2024-10-31,P000060,LOC020,7,8,1,14.285714285714285,1
2024-10-31,P000061,LOC001,5,4,1,20.0,1
2024-10-31,P000061,LOC002,4,4,0,0.0,0
2024-10-31,P000061,LOC003,3,2,1,33.33333333333333,1
2024-10-31,P000061,LOC004,13,15,2,15.384615384615385,4
2024-10-31,P000061,LOC005,7,7,0,0.0,0
2024-10-31,P000061,LOC006,4,4,0,0.0,0
2024-10-31,P000061,LOC007,6,5,1,16.666666666666664,1
2024-10-31,P000061,LOC008,10,11,1,10.0,1
2024-10-31,P000061,LOC009,2,2,0,0.0,0
2024-10-31,P000061,LOC010,1,1,0,0.0,0
2024-10-31,P000061,LOC011,7,6,1,14.285714285714285,1
2024-10-31,P000061,LOC012,2,2,0,0.0,0
2024-10-31,P000061,LOC013,8,9,1,12.5,1
2024-10-31,P000061,LOC014,4,3,1,25.0,1
2024-10-31,P000061,LOC015,7,6,1,14.285714285714285,1
2024-10-31,P000061,LOC016,10,11,1,10.0,1
2024-10-31,P000061,LOC017,8,7,1,12.5,1
2024-10-31,P000061,LOC018,6,6,0,0.0,0
2024-10-31,P000061,LOC019,4,5,1,25.0,1
2024-10-31,P000061,LOC020,5,5,0,0.0,0
2024-10-31,P000062,LOC001,4,3,1,25.0,1
2024-10-31,P000062,LOC002,9,10,1,11.11111111111111,1
2024-10-31,P000062,LOC003,12,13,1,8.333333333333332,1
2024-10-31,P000062,LOC005,2,2,0,0.0,0
2024-10-31,P000062,LOC006,6,7,1,16.666666666666664,1
2024-10-31,P000062,LOC007,1,1,0,0.0,0
2024-10-31,P000062,LOC009,2,2,0,0.0,0
2024-10-31,P000062,LOC010,4,3,1,25.0,1
2024-10-31,P000062,LOC012,6,6,0,0.0,0
2024-10-31,P000062,LOC013,1,1,0,0.0,0
2024-10-31,P000062,LOC014,3,3,0,0.0,0
2024-10-31,P000062,LOC016,6,7,1,16.666666666666664,1
2024-10-31,P000062,LOC017,7,7,0,0.0,0
2024-10-31,P000062,LOC018,3,3,0,0.0,0
2024-10-31,P000063,LOC002,1,1,0,0.0,0
2024-10-31,P000063,LOC003,7,7,0,0.0,0
2024-10-31,P000063,LOC004,6,6,0,0.0,0
2024-10-31,P000063,LOC005,4,3,1,25.0,1
2024-10-31,P000063,LOC007,2,2,0,0.0,0
2024-10-31,P000063,LOC008,8,10,2,25.0,4
2024-10-31,P000063,LOC009,2,2,0,0.0,0
2024-10-31,P000063,LOC010,4,4,0,0.0,0
2024-10-31,P000063,LOC011,3,3,0,0.0,0
2024-10-31,P000063,LOC012,9,9,0,0.0,0
2024-10-31,P000063,LOC013,2,2,0,0.0,0
2024-10-31,P000063,LOC014,16,13,3,18.75,9
2024-10-31,P000063,LOC016,3,3,0,0.0,0
2024-10-31,P000063,LOC017,1,1,0,0.0,0
2024-10-31,P000063,LOC018,3,3,0,0.0,0
2024-10-31,P000063,LOC019,2,2,0,0.0,0
2024-10-31,P000063,LOC020,9,8,1,11.11111111111111,1
2024-10-31,P000064,LOC001,1,1,0,0.0,0
2024-10-31,P000064,LOC002,4,4,0,0.0,0
2024-10-31,P000064,LOC004,6,5,1,16.666666666666664,1
2024-10-31,P000064,LOC005,8,8,0,0.0,0
2024-10-31,P000064,LOC006,8,8,0,0.0,0
2024-10-31,P000064,LOC008,6,6,0,0.0,0
2024-10-31,P000064,LOC009,5,6,1,20.0,1
2024-10-31,P000064,LOC011,5,5,0,0.0,0
2024-10-31,P000064,LOC012,7,8,1,14.285714285714285,1
2024-10-31,P000064,LOC013,2,2,0,0.0,0
2024-10-31,P000064,LOC015,1,1,0,0.0,0
2024-10-31,P000064,LOC016,7,6,1,14.285714285714285,1
2024-10-31,P000064,LOC017,3,3,0,0.0,0
2024-10-31,P000064,LOC018,6,6,0,0.0,0
2024-10-31,P000064,LOC019,5,4,1,20.0,1
2024-10-31,P000065,LOC001,4,3,1,25.0,1
2024-10-31,P000065,LOC002,8,9,1,12.5,1
2024-10-31,P000065,LOC003,8,7,1,12.5,1
2024-10-31,P000065,LOC004,2,2,0,0.0,0
2024-10-31,P000065,LOC005,2,2,0,0.0,0
2024-10-31,P000065,LOC008,4,5,1,25.0,1
2024-10-31,P000065,LOC009,3,3,0,0.0,0
2024-10-31,P000065,LOC010,6,5,1,16.666666666666664,1
2024-10-31,P000065,LOC011,8,9,1,12.5,1
2024-10-31,P000065,LOC013,2,2,0,0.0,0
2024-10-31,P000065,LOC014,13,14,1,7.6923076923076925,1
2024-10-31,P000065,LOC015,4,5,1,25.0,1
2024-10-31,P000065,LOC016,6,5,1,16.666666666666664,1
2024-10-31,P000065,LOC017,13,12,1,7.6923076923076925,1
2024-10-31,P000065,LOC018,3,3,0,0.0,0
2024-10-31,P000065,LOC020,4,5,1,25.0,1
2024-10-31,P000066,LOC001,11,10,1,9.090909090909092,1
2024-10-31,P000066,LOC002,9,10,1,11.11111111111111,1
2024-10-31,P000066,LOC004,3,3,0,0.0,0
2024-10-31,P000066,LOC006,7,7,0,0.0,0
2024-10-31,P000066,LOC007,5,5,0,0.0,0
2024-10-31,P000066,LOC008,2,2,0,0.0,0
2024-10-31,P000066,LOC009,4,5,1,25.0,1
2024-10-31,P000066,LOC010,6,5,1,16.666666666666664,1
2024-10-31,P000066,LOC011,12,11,1,8.333333333333332,1
2024-10-31,P000066,LOC014,10,8,2,20.0,4
2024-10-31,P000066,LOC015,4,4,0,0.0,0
2024-10-31,P000066,LOC016,10,11,1,10.0,1
2024-10-31,P000066,LOC017,2,2,0,0.0,0
2024-10-31,P000066,LOC018,3,3,0,0.0,0
2024-10-31,P000066,LOC019,1,1,0,0.0,0
2024-10-31,P000066,LOC020,3,4,1,33.33333333333333,1
2024-10-31,P000067,LOC001,8,7,1,12.5,1
2024-10-31,P000067,LOC002,7,8,1,14.285714285714285,1
2024-10-31,P000067,LOC003,6,6,0,0.0,0
2024-10-31,P000067,LOC004,14,16,2,14.285714285714285,4
2024-10-31,P000067,LOC005,7,6,1,14.285714285714285,1
2024-10-31,P000067,LOC006,5,4,1,20.0,1
2024-10-31,P000067,LOC007,2,2,0,0.0,0
2024-10-31,P000067,LOC008,3,3,0,0.0,0
2024-10-31,P000067,LOC009,1,1,0,0.0,0
2024-10-31,P000067,LOC010,3,3,0,0.0,0
2024-10-31,P000067,LOC011,10,9,1,10.0,1
2024-10-31,P000067,LOC012,7,8,1,14.285714285714285,1
2024-10-31,P000067,LOC014,2,2,0,0.0,0
2024-10-31,P000067,LOC016,12,14,2,16.666666666666664,4
2024-10-31,P000067,LOC017,7,8,1,14.285714285714285,1
2024-10-31,P000067,LOC018,7,6,1,14.285714285714285,1
2024-10-31,P000067,LOC019,12,12,0,0.0,0
2024-10-31,P000068,LOC001,6,7,1,16.666666666666664,1
2024-10-31,P000068,LOC002,4,4,0,0.0,0
2024-10-31,P000068,LOC004,14,12,2,14.285714285714285,4
2024-10-31,P000068,LOC005,13,13,0,0.0,0
2024-10-31,P000068,LOC007,13,11,2,15.384615384615385,4
2024-10-31,P000068,LOC008,19,16,3,15.789473684210526,9
2024-10-31,P000068,LOC009,6,7,1,16.666666666666664,1
2024-10-31,P000068,LOC010,8,9,1,12.5,1
2024-10-31,P000068,LOC011,5,4,1,20.0,1
2024-10-31,P000068,LOC012,4,5,1,25.0,1
2024-10-31,P000068,LOC013,4,4,0,0.0,0
2024-10-31,P000068,LOC014,5,6,1,20.0,1
2024-10-31,P000068,LOC015,9,11,2,22.22222222222222,4
2024-10-31,P000068,LOC016,1,1,0,0.0,0
2024-10-31,P000068,LOC017,10,12,2,20.0,4
2024-10-31,P000068,LOC020,8,7,1,12.5,1
2024-10-31,P000069,LOC001,5,6,1,20.0,1
2024-10-31,P000069,LOC002,10,9,1,10.0,1
2024-10-31,P000069,LOC003,11,11,0,0.0,0
2024-10-31,P000069,LOC004,16,17,1,6.25,1
2024-10-31,P000069,LOC005,3,3,0,0.0,0
2024-10-31,P000069,LOC006,3,3,0,0.0,0
2024-10-31,P000069,LOC009,3,3,0,0.0,0
2024-10-31,P000069,LOC010,10,11,1,10.0,1
2024-10-31,P000069,LOC011,6,6,0,0.0,0
2024-10-31,P000069,LOC014,9,10,1,11.11111111111111,1
2024-10-31,P000069,LOC015,2,2,0,0.0,0
2024-10-31,P000069,LOC016,4,3,1,25.0,1
2024-10-31,P000069,LOC017,11,11,0,0.0,0
2024-10-31,P000069,LOC018,7,6,1,14.285714285714285,1
2024-10-31,P000069,LOC019,5,6,1,20.0,1
2024-10-31,P000069,LOC020,2,2,0,0.0,0
2024-10-31,P000070,LOC001,9,9,0,0.0,0
2024-10-31,P000070,LOC004,3,3,0,0.0,0
2024-10-31,P000070,LOC005,1,1,0,0.0,0
2024-10-31,P000070,LOC006,12,12,0,0.0,0
2024-10-31,P000070,LOC008,12,12,0,0.0,0
2024-10-31,P000070,LOC009,8,7,1,12.5,1
2024-10-31,P000070,LOC010,8,8,0,0.0,0
2024-10-31,P000070,LOC011,2,2,0,0.0,0
2024-10-31,P000070,LOC012,12,10,2,16.666666666666664,4
2024-10-31,P000070,LOC015,2,2,0,0.0,0
2024-10-31,P000070,LOC016,7,6,1,14.285714285714285,1
2024-10-31,P000070,LOC017,8,8,0,0.0,0
2024-10-31,P000070,LOC019,4,5,1,25.0,1
2024-10-31,P000070,LOC020,5,6,1,20.0,1
2024-10-31,P000071,LOC001,6,7,1,16.666666666666664,1
2024-10-31,P000071,LOC004,4,5,1,25.0,1
2024-10-31,P000071,LOC005,7,8,1,14.285714285714285,1
2024-10-31,P000071,LOC006,2,2,0,0.0,0
2024-10-31,P000071,LOC007,10,11,1,10.0,1
2024-10-31,P000071,LOC008,7,8,1,14.285714285714285,1
2024-10-31,P000071,LOC010,1,1,0,0.0,0
2024-10-31,P000071,LOC012,3,3,0,0.0,0
2024-10-31,P000071,LOC013,6,5,1,16.666666666666664,1
2024-10-31,P000071,LOC014,7,7,0,0.0,0
2024-10-31,P000071,LOC015,1,1,0,0.0,0
2024-10-31,P000071,LOC017,4,4,0,0.0,0
2024-10-31,P000071,LOC018,7,8,1,14.285714285714285,1
2024-10-31,P000071,LOC020,5,4,1,20.0,1
2024-10-31,P000072,LOC001,8,8,0,0.0,0
2024-10-31,P000072,LOC002,9,9,0,0.0,0
2024-10-31,P000072,LOC004,3,3,0,0.0,0
2024-10-31,P000072,LOC005,10,10,0,0.0,0
2024-10-31,P000072,LOC006,2,2,0,0.0,0
2024-10-31,P000072,LOC008,4,3,1,25.0,1
2024-10-31,P000072,LOC010,2,2,0,0.0,0
2024-10-31,P000072,LOC011,1,1,0,0.0,0
2024-10-31,P000072,LOC012,8,7,1,12.5,1
2024-10-31,P000072,LOC013,5,6,1,20.0,1
2024-10-31,P000072,LOC014,2,2,0,0.0,0
2024-10-31,P000072,LOC015,6,6,0,0.0,0
2024-10-31,P000072,LOC016,1,1,0,0.0,0
2024-10-31,P000072,LOC017,7,6,1,14.285714285714285,1
2024-10-31,P000072,LOC018,4,4,0,0.0,0
2024-10-31,P000072,LOC019,1,1,0,0.0,0
2024-10-31,P000072,LOC020,1,1,0,0.0,0
2024-10-31,P000073,LOC001,3,3,0,0.0,0
2024-10-31,P000073,LOC002,6,6,0,0.0,0
2024-10-31,P000073,LOC003,3,3,0,0.0,0
2024-10-31,P000073,LOC004,3,3,0,0.0,0
2024-10-31,P000073,LOC005,7,7,0,0.0,0
2024-10-31,P000073,LOC006,3,3,0,0.0,0
2024-10-31,P000073,LOC008,5,4,1,20.0,1
2024-10-31,P000073,LOC009,2,2,0,0.0,0
2024-10-31,P000073,LOC010,2,2,0,0.0,0
2024-10-31,P000073,LOC012,18,15,3,16.666666666666664,9
2024-10-31,P000073,LOC013,4,4,0,0.0,0
2024-10-31,P000073,LOC015,4,4,0,0.0,0
2024-10-31,P000073,LOC016,4,3,1,25.0,1
2024-10-31,P000073,LOC017,7,6,1,14.285714285714285,1
2024-10-31,P000073,LOC018,3,3,0,0.0,0
2024-10-31,P000073,LOC019,5,5,0,0.0,0
2024-10-31,P000073,LOC020,4,4,0,0.0,0
2024-10-31,P000074,LOC001,1,1,0,0.0,0
2024-10-31,P000074,LOC002,1,1,0,0.0,0
2024-10-31,P000074,LOC003,4,4,0,0.0,0
2024-10-31,P000074,LOC004,1,1,0,0.0,0
2024-10-31,P000074,LOC005,7,7,0,0.0,0
2024-10-31,P000074,LOC008,20,19,1,5.0,1
2024-10-31,P000074,LOC009,9,9,0,0.0,0
2024-10-31,P000074,LOC011,1,1,0,0.0,0
2024-10-31,P000074,LOC013,6,6,0,0.0,0
2024-10-31,P000074,LOC014,8,8,0,0.0,0
2024-10-31,P000074,LOC015,12,11,1,8.333333333333332,1
2024-10-31,P000074,LOC016,9,7,2,22.22222222222222,4
2024-10-31,P000074,LOC017,6,7,1,16.666666666666664,1
2024-10-31,P000074,LOC018,3,3,0,0.0,0
2024-10-31,P000074,LOC019,10,8,2,20.0,4
2024-10-31,P000075,LOC001,8,7,1,12.5,1
2024-10-31,P000075,LOC002,14,15,1,7.142857142857142,1
2024-10-31,P000075,LOC003,2,2,0,0.0,0
2024-10-31,P000075,LOC004,1,1,0,0.0,0
2024-10-31,P000075,LOC005,9,7,2,22.22222222222222,4
2024-10-31,P000075,LOC006,12,11,1,8.333333333333332,1
2024-10-31,P000075,LOC008,6,6,0,0.0,0
2024-10-31,P000075,LOC010,1,1,0,0.0,0
2024-10-31,P000075,LOC011,5,4,1,20.0,1
2024-10-31,P000075,LOC012,7,6,1,14.285714285714285,1
2024-10-31,P000075,LOC013,11,11,0,0.0,0
2024-10-31,P000075,LOC014,6,7,1,16.666666666666664,1
2024-10-31,P000075,LOC015,1,1,0,0.0,0
2024-10-31,P000075,LOC016,14,17,3,21.428571428571427,9
2024-10-31,P000075,LOC017,7,6,1,14.285714285714285,1
2024-10-31,P000075,LOC018,3,3,0,0.0,0
2024-10-31,P000075,LOC019,4,4,0,0.0,0
2024-10-31,P000075,LOC020,9,9,0,0.0,0
2024-10-31,P000076,LOC001,2,2,0,0.0,0
2024-10-31,P000076,LOC002,1,1,0,0.0,0
2024-10-31,P000076,LOC003,1,1,0,0.0,0
2024-10-31,P000076,LOC004,2,2,0,0.0,0
2024-10-31,P000076,LOC006,7,6,1,14.285714285714285,1
2024-10-31,P000076,LOC007,2,2,0,0.0,0
2024-10-31,P000076,LOC008,4,4,0,0.0,0
2024-10-31,P000076,LOC009,13,14,1,7.6923076923076925,1
2024-10-31,P000076,LOC010,13,15,2,15.384615384615385,4
2024-10-31,P000076,LOC011,2,2,0,0.0,0
2024-10-31,P000076,LOC012,8,7,1,12.5,1
2024-10-31,P000076,LOC013,3,3,0,0.0,0
2024-10-31,P000076,LOC014,4,3,1,25.0,1
2024-10-31,P000076,LOC015,1,1,0,0.0,0
2024-10-31,P000076,LOC016,10,11,1,10.0,1
2024-10-31,P000076,LOC017,4,3,1,25.0,1
2024-10-31,P000077,LOC001,8,9,1,12.5,1
2024-10-31,P000077,LOC003,3,3,0,0.0,0
2024-10-31,P000077,LOC004,4,4,0,0.0,0
2024-10-31,P000077,LOC005,3,3,0,0.0,0
2024-10-31,P000077,LOC008,1,1,0,0.0,0
2024-10-31,P000077,LOC010,3,3,0,0.0,0
2024-10-31,P000077,LOC011,4,4,0,0.0,0
2024-10-31,P000077,LOC012,4,4,0,0.0,0
2024-10-31,P000077,LOC013,12,10,2,16.666666666666664,4
2024-10-31,P000077,LOC014,5,5,0,0.0,0
2024-10-31,P000077,LOC015,1,1,0,0.0,0
2024-10-31,P000077,LOC016,4,4,0,0.0,0
2024-10-31,P000077,LOC017,11,9,2,18.181818181818183,4
2024-10-31,P000077,LOC018,8,9,1,12.5,1
2024-10-31,P000077,LOC019,2,2,0,0.0,0
2024-10-31,P000077,LOC020,2,2,0,0.0,0
2024-10-31,P000078,LOC001,1,1,0,0.0,0
2024-10-31,P000078,LOC002,7,8,1,14.285714285714285,1
2024-10-31,P000078,LOC003,1,1,0,0.0,0
2024-10-31,P000078,LOC004,2,2,0,0.0,0
2024-10-31,P000078,LOC006,6,5,1,16.666666666666664,1
2024-10-31,P000078,LOC008,4,4,0,0.0,0
2024-10-31,P000078,LOC009,5,5,0,0.0,0
2024-10-31,P000078,LOC010,3,2,1,33.33333333333333,1
2024-10-31,P000078,LOC015,3,3,0,0.0,0
2024-10-31,P000078,LOC016,3,3,0,0.0,0
2024-10-31,P000078,LOC017,7,6,1,14.285714285714285,1
2024-10-31,P000078,LOC018,2,2,0,0.0,0
2024-10-31,P000078,LOC019,4,4,0,0.0,0
2024-10-31,P000078,LOC020,5,6,1,20.0,1
2024-10-31,P000079,LOC001,3,2,1,33.33333333333333,1
2024-10-31,P000079,LOC002,16,15,1,6.25,1
2024-10-31,P000079,LOC003,11,10,1,9.090909090909092,1
2024-10-31,P000079,LOC004,1,1,0,0.0,0
2024-10-31,P000079,LOC007,11,10,1,9.090909090909092,1
2024-10-31,P000079,LOC008,6,7,1,16.666666666666664,1
2024-10-31,P000079,LOC009,7,7,0,0.0,0
2024-10-31,P000079,LOC010,5,5,0,0.0,0
2024-10-31,P000079,LOC011,3,2,1,33.33333333333333,1
2024-10-31,P000079,LOC012,11,10,1,9.090909090909092,1
2024-10-31,P000079,LOC013,3,3,0,0.0,0
2024-10-31,P000079,LOC014,1,1,0,0.0,0
2024-10-31,P000079,LOC015,1,1,0,0.0,0
2024-10-31,P000079,LOC016,1,1,0,0.0,0
2024-10-31,P000079,LOC017,3,3,0,0.0,0
2024-10-31,P000079,LOC018,1,1,0,0.0,0
2024-10-31,P000079,LOC019,3,3,0,0.0,0
2024-10-31,P000080,LOC001,10,10,0,0.0,0
2024-10-31,P000080,LOC003,5,4,1,20.0,1
2024-10-31,P000080,LOC004,16,13,3,18.75,9
2024-10-31,P000080,LOC005,7,8,1,14.285714285714285,1
2024-10-31,P000080,LOC007,1,1,0,0.0,0
2024-10-31,P000080,LOC008,4,4,0,0.0,0
2024-10-31,P000080,LOC009,4,5,1,25.0,1
2024-10-31,P000080,LOC010,1,1,0,0.0,0
2024-10-31,P000080,LOC011,11,12,1,9.090909090909092,1
2024-10-31,P000080,LOC012,2,2,0,0.0,0
2024-10-31,P000080,LOC013,2,2,0,0.0,0
2024-10-31,P000080,LOC014,6,5,1,16.666666666666664,1
2024-10-31,P000080,LOC016,3,3,0,0.0,0
2024-10-31,P000080,LOC017,2,2,0,0.0,0
2024-10-31,P000080,LOC019,1,1,0,0.0,0
2024-10-31,P000080,LOC020,4,4,0,0.0,0
2024-10-31,P000081,LOC001,5,4,1,20.0,1
2024-10-31,P000081,LOC002,11,13,2,18.181818181818183,4
2024-10-31,P000081,LOC003,6,6,0,0.0,0
2024-10-31,P000081,LOC004,9,8,1,11.11111111111111,1
2024-10-31,P000081,LOC005,2,2,0,0.0,0
2024-10-31,P000081,LOC011,5,5,0,0.0,0
2024-10-31,P000081,LOC012,1,1,0,0.0,0
2024-10-31,P000081,LOC013,11,9,2,18.181818181818183,4
2024-10-31,P000081,LOC015,8,9,1,12.5,1
2024-10-31,P000081,LOC016,8,9,1,12.5,1
2024-10-31,P000081,LOC017,8,8,0,0.0,0
2024-10-31,P000081,LOC018,6,6,0,0.0,0
2024-10-31,P000081,LOC019,1,1,0,0.0,0
2024-10-31,P000082,LOC001,5,5,0,0.0,0
2024-10-31,P000082,LOC002,12,14,2,16.666666666666664,4
2024-10-31,P000082,LOC004,9,8,1,11.11111111111111,1
2024-10-31,P000082,LOC007,6,6,0,0.0,0
2024-10-31,P000082,LOC009,5,6,1,20.0,1
2024-10-31,P000082,LOC010,11,9,2,18.181818181818183,4
2024-10-31,P000082,LOC011,7,6,1,14.285714285714285,1
2024-10-31,P000082,LOC013,12,10,2,16.666666666666664,4
2024-10-31,P000082,LOC014,3,3,0,0.0,0
2024-10-31,P000082,LOC015,13,12,1,7.6923076923076925,1
2024-10-31,P000082,LOC016,13,10,3,23.076923076923077,9
2024-10-31,P000082,LOC017,12,11,1,8.333333333333332,1
2024-10-31,P000082,LOC018,5,4,1,20.0,1
2024-10-31,P000082,LOC019,4,4,0,0.0,0
2024-10-31,P000082,LOC020,5,5,0,0.0,0
2024-10-31,P000083,LOC001,5,5,0,0.0,0
2024-10-31,P000083,LOC002,8,8,0,0.0,0
2024-10-31,P000083,LOC003,7,6,1,14.285714285714285,1
2024-10-31,P000083,LOC004,4,4,0,0.0,0
2024-10-31,P000083,LOC005,3,4,1,33.33333333333333,1
2024-10-31,P000083,LOC006,2,2,0,0.0,0
2024-10-31,P000083,LOC007,4,4,0,0.0,0
2024-10-31,P000083,LOC008,12,11,1,8.333333333333332,1
2024-10-31,P000083,LOC009,7,6,1,14.285714285714285,1
2024-10-31,P000083,LOC010,6,5,1,16.666666666666664,1
2024-10-31,P000083,LOC012,10,11,1,10.0,1
2024-10-31,P000083,LOC013,5,4,1,20.0,1
2024-10-31,P000083,LOC014,3,3,0,0.0,0
2024-10-31,P000083,LOC016,2,2,0,0.0,0
2024-10-31,P000083,LOC018,4,4,0,0.0,0
2024-10-31,P000083,LOC020,4,3,1,25.0,1
2024-10-31,P000084,LOC001,8,8,0,0.0,0
2024-10-31,P000084,LOC002,2,2,0,0.0,0
2024-10-31,P000084,LOC003,3,3,0,0.0,0
2024-10-31,P000084,LOC004,6,5,1,16.666666666666664,1
2024-10-31,P000084,LOC005,8,7,1,12.5,1
2024-10-31,P000084,LOC007,6,5,1,16.666666666666664,1
2024-10-31,P000084,LOC008,3,3,0,0.0,0
2024-10-31,P000084,LOC009,3,3,0,0.0,0
2024-10-31,P000084,LOC010,7,7,0,0.0,0
2024-10-31,P000084,LOC012,6,5,1,16.666666666666664,1
2024-10-31,P000084,LOC014,1,1,0,0.0,0
2024-10-31,P000084,LOC015,9,8,1,11.11111111111111,1
2024-10-31,P000084,LOC016,1,1,0,0.0,0
2024-10-31,P000084,LOC017,1,1,0,0.0,0
2024-10-31,P000084,LOC019,1,1,0,0.0,0
2024-10-31,P000084,LOC020,1,1,0,0.0,0
2024-10-31,P000085,LOC001,10,9,1,10.0,1
2024-10-31,P000085,LOC002,13,15,2,15.384615384615385,4
2024-10-31,P000085,LOC004,5,4,1,20.0,1
2024-10-31,P000085,LOC006,4,3,1,25.0,1
2024-10-31,P000085,LOC008,2,2,0,0.0,0
2024-10-31,P000085,LOC009,3,3,0,0.0,0
2024-10-31,P000085,LOC010,6,6,0,0.0,0
2024-10-31,P000085,LOC011,1,1,0,0.0,0
2024-10-31,P000085,LOC012,3,3,0,0.0,0
2024-10-31,P000085,LOC014,13,14,1,7.6923076923076925,1
2024-10-31,P000085,LOC015,3,3,0,0.0,0
2024-10-31,P000085,LOC016,4,4,0,0.0,0
2024-10-31,P000085,LOC017,9,10,1,11.11111111111111,1
2024-10-31,P000086,LOC001,20,18,2,10.0,4
2024-10-31,P000086,LOC002,5,6,1,20.0,1
2024-10-31,P000086,LOC003,1,1,0,0.0,0
2024-10-31,P000086,LOC004,2,2,0,0.0,0
2024-10-31,P000086,LOC005,11,13,2,18.181818181818183,4
2024-10-31,P000086,LOC008,6,7,1,16.666666666666664,1
2024-10-31,P000086,LOC009,3,3,0,0.0,0
2024-10-31,P000086,LOC010,7,7,0,0.0,0
2024-10-31,P000086,LOC011,4,4,0,0.0,0
2024-10-31,P000086,LOC012,1,1,0,0.0,0
2024-10-31,P000086,LOC013,3,3,0,0.0,0
2024-10-31,P000086,LOC014,13,14,1,7.6923076923076925,1
2024-10-31,P000086,LOC015,7,7,0,0.0,0
2024-10-31,P000086,LOC016,16,16,0,0.0,0
2024-10-31,P000086,LOC017,10,9,1,10.0,1
2024-10-31,P000086,LOC018,8,7,1,12.5,1
2024-10-31,P000086,LOC019,7,7,0,0.0,0
2024-10-31,P000086,LOC020,7,7,0,0.0,0
2024-10-31,P000087,LOC001,2,2,0,0.0,0
2024-10-31,P000087,LOC002,4,4,0,0.0,0
2024-10-31,P000087,LOC004,9,8,1,11.11111111111111,1
2024-10-31,P000087,LOC005,3,3,0,0.0,0
2024-10-31,P000087,LOC007,1,1,0,0.0,0
2024-10-31,P000087,LOC008,7,7,0,0.0,0
2024-10-31,P000087,LOC009,2,2,0,0.0,0
2024-10-31,P000087,LOC010,5,6,1,20.0,1
2024-10-31,P000087,LOC011,5,4,1,20.0,1
2024-10-31,P000087,LOC012,4,4,0,0.0,0
2024-10-31,P000087,LOC013,2,2,0,0.0,0
2024-10-31,P000087,LOC014,8,9,1,12.5,1
2024-10-31,P000087,LOC015,1,1,0,0.0,0
2024-10-31,P000087,LOC016,13,13,0,0.0,0
2024-10-31,P000087,LOC017,12,10,2,16.666666666666664,4
2024-10-31,P000087,LOC018,8,8,0,0.0,0
2024-10-31,P000087,LOC020,4,4,0,0.0,0
2024-10-31,P000088,LOC001,2,2,0,0.0,0
2024-10-31,P000088,LOC002,6,6,0,0.0,0
2024-10-31,P000088,LOC003,9,7,2,22.22222222222222,4
2024-10-31,P000088,LOC004,22,20,2,9.090909090909092,4
2024-10-31,P000088,LOC006,1,1,0,0.0,0
2024-10-31,P000088,LOC007,4,3,1,25.0,1
2024-10-31,P000088,LOC008,12,10,2,16.666666666666664,4
2024-10-31,P000088,LOC010,3,3,0,0.0,0
2024-10-31,P000088,LOC011,7,8,1,14.285714285714285,1
2024-10-31,P000088,LOC014,8,8,0,0.0,0
2024-10-31,P000088,LOC016,25,23,2,8.0,4
2024-10-31,P000088,LOC017,19,16,3,15.789473684210526,9
2024-10-31,P000088,LOC018,10,8,2,20.0,4
2024-10-31,P000088,LOC020,3,3,0,0.0,0
2024-10-31,P000089,LOC001,9,10,1,11.11111111111111,1
2024-10-31,P000089,LOC002,11,11,0,0.0,0
2024-10-31,P000089,LOC003,1,1,0,0.0,0
2024-10-31,P000089,LOC004,7,6,1,14.285714285714285,1
2024-10-31,P000089,LOC005,13,14,1,7.6923076923076925,1
2024-10-31,P000089,LOC006,3,3,0,0.0,0
2024-10-31,P000089,LOC008,5,6,1,20.0,1
2024-10-31,P000089,LOC009,2,2,0,0.0,0
2024-10-31,P000089,LOC010,5,5,0,0.0,0
2024-10-31,P000089,LOC011,4,3,1,25.0,1
2024-10-31,P000089,LOC013,2,2,0,0.0,0
2024-10-31,P000089,LOC014,1,1,0,0.0,0
2024-10-31,P000089,LOC015,9,10,1,11.11111111111111,1
2024-10-31,P000089,LOC016,7,8,1,14.285714285714285,1
2024-10-31,P000089,LOC017,2,2,0,0.0,0
2024-10-31,P000089,LOC018,5,5,0,0.0,0
2024-10-31,P000089,LOC019,2,2,0,0.0,0
2024-10-31,P000090,LOC001,7,6,1,14.285714285714285,1
2024-10-31,P000090,LOC002,6,5,1,16.666666666666664,1
2024-10-31,P000090,LOC003,1,1,0,0.0,0
2024-10-31,P000090,LOC004,7,7,0,0.0,0
2024-10-31,P000090,LOC005,1,1,0,0.0,0
2024-10-31,P000090,LOC006,7,6,1,14.285714285714285,1
2024-10-31,P000090,LOC008,2,2,0,0.0,0
2024-10-31,P000090,LOC010,2,2,0,0.0,0
2024-10-31,P000090,LOC011,1,1,0,0.0,0
2024-10-31,P000090,LOC012,2,2,0,0.0,0
2024-10-31,P000090,LOC013,2,2,0,0.0,0
2024-10-31,P000090,LOC014,2,2,0,0.0,0
2024-10-31,P000090,LOC015,8,7,1,12.5,1
2024-10-31,P000090,LOC017,5,5,0,0.0,0
2024-10-31,P000090,LOC018,10,10,0,0.0,0
2024-10-31,P000090,LOC019,6,7,1,16.666666666666664,1
2024-10-31,P000090,LOC020,7,6,1,14.285714285714285,1
2024-10-31,P000091,LOC001,9,9,0,0.0,0
2024-10-31,P000091,LOC002,2,2,0,0.0,0
2024-10-31,P000091,LOC004,7,7,0,0.0,0
2024-10-31,P000091,LOC006,4,4,0,0.0,0
2024-10-31,P000091,LOC007,5,4,1,20.0,1
2024-10-31,P000091,LOC008,5,5,0,0.0,0
2024-10-31,P000091,LOC009,4,4,0,0.0,0
2024-10-31,P000091,LOC010,6,6,0,0.0,0
2024-10-31,P000091,LOC011,4,5,1,25.0,1
2024-10-31,P000091,LOC012,6,5,1,16.666666666666664,1
2024-10-31,P000091,LOC013,3,3,0,0.0,0
2024-10-31,P000091,LOC014,10,10,0,0.0,0
2024-10-31,P000091,LOC015,4,4,0,0.0,0
2024-10-31,P000091,LOC016,2,2,0,0.0,0
2024-10-31,P000091,LOC017,5,6,1,20.0,1
2024-10-31,P000091,LOC018,9,11,2,22.22222222222222,4
2024-10-31,P000091,LOC019,4,4,0,0.0,0
2024-10-31,P000091,LOC020,3,2,1,33.33333333333333,1
2024-10-31,P000092,LOC001,7,8,1,14.285714285714285,1
2024-10-31,P000092,LOC002,5,5,0,0.0,0
2024-10-31,P000092,LOC003,5,5,0,0.0,0
2024-10-31,P000092,LOC004,5,5,0,0.0,0
2024-10-31,P000092,LOC005,4,4,0,0.0,0
2024-10-31,P000092,LOC006,2,2,0,0.0,0
2024-10-31,P000092,LOC007,2,2,0,0.0,0
2024-10-31,P000092,LOC008,17,15,2,11.76470588235294,4
2024-10-31,P000092,LOC009,9,9,0,0.0,0
2024-10-31,P000092,LOC010,5,5,0,0.0,0
2024-10-31,P000092,LOC011,1,1,0,0.0,0
2024-10-31,P000092,LOC012,4,4,0,0.0,0
2024-10-31,P000092,LOC014,4,4,0,0.0,0
2024-10-31,P000092,LOC015,11,12,1,9.090909090909092,1
2024-10-31,P000092,LOC016,3,3,0,0.0,0
2024-10-31,P000092,LOC017,2,2,0,0.0,0
2024-10-31,P000092,LOC018,8,9,1,12.5,1
2024-10-31,P000092,LOC019,12,13,1,8.333333333333332,1
2024-10-31,P000093,LOC001,5,4,1,20.0,1
2024-10-31,P000093,LOC002,4,4,0,0.0,0
2024-10-31,P000093,LOC003,1,1,0,0.0,0
2024-10-31,P000093,LOC006,4,4,0,0.0,0
2024-10-31,P000093,LOC007,1,1,0,0.0,0
2024-10-31,P000093,LOC008,4,4,0,0.0,0
2024-10-31,P000093,LOC009,7,6,1,14.285714285714285,1
2024-10-31,P000093,LOC010,4,4,0,0.0,0
2024-10-31,P000093,LOC011,2,2,0,0.0,0
2024-10-31,P000093,LOC012,2,2,0,0.0,0
2024-10-31,P000093,LOC013,4,4,0,0.0,0
2024-10-31,P000093,LOC014,6,5,1,16.666666666666664,1
2024-10-31,P000093,LOC015,13,12,1,7.6923076923076925,1
2024-10-31,P000093,LOC016,1,1,0,0.0,0
2024-10-31,P000093,LOC017,3,3,0,0.0,0
2024-10-31,P000093,LOC019,5,5,0,0.0,0
2024-10-31,P000093,LOC020,3,3,0,0.0,0
2024-10-31,P000094,LOC001,5,4,1,20.0,1
2024-10-31,P000094,LOC002,5,4,1,20.0,1
2024-10-31,P000094,LOC003,7,6,1,14.285714285714285,1
2024-10-31,P000094,LOC008,5,6,1,20.0,1
2024-10-31,P000094,LOC009,5,5,0,0.0,0
2024-10-31,P000094,LOC010,1,1,0,0.0,0
2024-10-31,P000094,LOC011,1,1,0,0.0,0
2024-10-31,P000094,LOC012,3,3,0,0.0,0
2024-10-31,P000094,LOC013,12,10,2,16.666666666666664,4
2024-10-31,P000094,LOC014,2,2,0,0.0,0
2024-10-31,P000094,LOC015,1,1,0,0.0,0
2024-10-31,P000094,LOC016,7,7,0,0.0,0
2024-10-31,P000094,LOC017,7,8,1,14.285714285714285,1
2024-10-31,P000094,LOC018,9,10,1,11.11111111111111,1
2024-10-31,P000094,LOC019,4,5,1,25.0,1
2024-10-31,P000094,LOC020,2,2,0,0.0,0
2024-10-31,P000095,LOC001,8,8,0,0.0,0
2024-10-31,P000095,LOC002,5,4,1,20.0,1
2024-10-31,P000095,LOC003,3,4,1,33.33333333333333,1
2024-10-31,P000095,LOC004,11,12,1,9.090909090909092,1
2024-10-31,P000095,LOC005,9,7,2,22.22222222222222,4
2024-10-31,P000095,LOC006,5,6,1,20.0,1
2024-10-31,P000095,LOC007,1,1,0,0.0,0
2024-10-31,P000095,LOC008,5,4,1,20.0,1
2024-10-31,P000095,LOC009,1,1,0,0.0,0
2024-10-31,P000095,LOC010,8,9,1,12.5,1
2024-10-31,P000095,LOC012,3,3,0,0.0,0
2024-10-31,P000095,LOC013,12,13,1,8.333333333333332,1
2024-10-31,P000095,LOC014,4,4,0,0.0,0
2024-10-31,P000095,LOC015,12,14,2,16.666666666666664,4
2024-10-31,P000095,LOC016,5,5,0,0.0,0
2024-10-31,P000095,LOC017,5,5,0,0.0,0
2024-10-31,P000095,LOC018,3,3,0,0.0,0
2024-10-31,P000095,LOC019,7,7,0,0.0,0
2024-10-31,P000095,LOC020,4,4,0,0.0,0
2024-10-31,P000096,LOC001,21,19,2,9.523809523809524,4
2024-10-31,P000096,LOC002,9,10,1,11.11111111111111,1
2024-10-31,P000096,LOC003,4,4,0,0.0,0
2024-10-31,P000096,LOC006,5,5,0,0.0,0
2024-10-31,P000096,LOC007,1,1,0,0.0,0
2024-10-31,P000096,LOC008,9,8,1,11.11111111111111,1
2024-10-31,P000096,LOC010,7,7,0,0.0,0
2024-10-31,P000096,LOC011,1,1,0,0.0,0
2024-10-31,P000096,LOC012,5,5,0,0.0,0
2024-10-31,P000096,LOC014,8,9,1,12.5,1
2024-10-31,P000096,LOC015,5,5,0,0.0,0
2024-10-31,P000096,LOC016,7,6,1,14.285714285714285,1
2024-10-31,P000096,LOC018,8,6,2,25.0,4
2024-10-31,P000096,LOC019,3,3,0,0.0,0
2024-10-31,P000097,LOC002,7,8,1,14.285714285714285,1
2024-10-31,P000097,LOC003,8,9,1,12.5,1
2024-10-31,P000097,LOC004,11,13,2,18.181818181818183,4
2024-10-31,P000097,LOC005,4,4,0,0.0,0
2024-10-31,P000097,LOC007,2,2,0,0.0,0
2024-10-31,P000097,LOC008,5,5,0,0.0,0
2024-10-31,P000097,LOC009,9,7,2,22.22222222222222,4
2024-10-31,P000097,LOC010,6,6,0,0.0,0
2024-10-31,P000097,LOC012,1,1,0,0.0,0
2024-10-31,P000097,LOC013,1,1,0,0.0,0
2024-10-31,P000097,LOC014,15,15,0,0.0,0
2024-10-31,P000097,LOC015,2,2,0,0.0,0
2024-10-31,P000097,LOC016,10,11,1,10.0,1
2024-10-31,P000097,LOC017,2,2,0,0.0,0
2024-10-31,P000097,LOC018,3,3,0,0.0,0
2024-10-31,P000097,LOC019,3,3,0,0.0,0
2024-10-31,P000098,LOC002,4,5,1,25.0,1
2024-10-31,P000098,LOC004,1,1,0,0.0,0
2024-10-31,P000098,LOC005,5,4,1,20.0,1
2024-10-31,P000098,LOC006,2,2,0,0.0,0
2024-10-31,P000098,LOC007,7,8,1,14.285714285714285,1
2024-10-31,P000098,LOC008,12,13,1,8.333333333333332,1
2024-10-31,P000098,LOC009,2,2,0,0.0,0
2024-10-31,P000098,LOC010,8,8,0,0.0,0
2024-10-31,P000098,LOC011,16,13,3,18.75,9
2024-10-31,P000098,LOC012,3,3,0,0.0,0
2024-10-31,P000098,LOC013,5,4,1,20.0,1
2024-10-31,P000098,LOC014,2,2,0,0.0,0
2024-10-31,P000098,LOC015,3,4,1,33.33333333333333,1
2024-10-31,P000098,LOC016,2,2,0,0.0,0
2024-10-31,P000098,LOC017,1,1,0,0.0,0
2024-10-31,P000098,LOC018,7,7,0,0.0,0
2024-10-31,P000098,LOC019,7,7,0,0.0,0
2024-10-31,P000098,LOC020,1,1,0,0.0,0
2024-10-31,P000099,LOC001,5,5,0,0.0,0
2024-10-31,P000099,LOC004,7,7,0,0.0,0
2024-10-31,P000099,LOC005,5,5,0,0.0,0
2024-10-31,P000099,LOC006,6,7,1,16.666666666666664,1
2024-10-31,P000099,LOC007,2,2,0,0.0,0
2024-10-31,P000099,LOC008,3,3,0,0.0,0
2024-10-31,P000099,LOC011,8,9,1,12.5,1
2024-10-31,P000099,LOC012,3,3,0,0.0,0
2024-10-31,P000099,LOC013,7,6,1,14.285714285714285,1
2024-10-31,P000099,LOC014,5,4,1,20.0,1
2024-10-31,P000099,LOC015,1,1,0,0.0,0
2024-10-31,P000099,LOC016,8,7,1,12.5,1
2024-10-31,P000099,LOC017,10,10,0,0.0,0
2024-10-31,P000099,LOC018,4,4,0,0.0,0
2024-10-31,P000099,LOC019,11,11,0,0.0,0
2024-10-31,P000099,LOC020,1,1,0,0.0,0
2024-10-31,P000100,LOC002,4,4,0,0.0,0
2024-10-31,P000100,LOC003,10,9,1,10.0,1
2024-10-31,P000100,LOC004,2,2,0,0.0,0
2024-10-31,P000100,LOC005,8,8,0,0.0,0
2024-10-31,P000100,LOC006,2,2,0,0.0,0
2024-10-31,P000100,LOC007,1,1,0,0.0,0
2024-10-31,P000100,LOC008,9,11,2,22.22222222222222,4
2024-10-31,P000100,LOC010,4,4,0,0.0,0
2024-10-31,P000100,LOC011,7,6,1,14.285714285714285,1
2024-10-31,P000100,LOC014,9,7,2,22.22222222222222,4
2024-10-31,P000100,LOC015,10,10,0,0.0,0
2024-10-31,P000100,LOC016,15,16,1,6.666666666666667,1
2024-10-31,P000100,LOC017,6,5,1,16.666666666666664,1
2024-10-31,P000100,LOC019,4,3,1,25.0,1
2024-10-31,P000100,LOC020,8,9,1,12.5,1
2024-11-30,P000001,LOC001,3,3,0,0.0,0
2024-11-30,P000001,LOC002,1,1,0,0.0,0
2024-11-30,P000001,LOC003,14,15,1,7.142857142857142,1
2024-11-30,P000001,LOC004,8,7,1,12.5,1
2024-11-30,P000001,LOC005,13,14,1,7.6923076923076925,1
2024-11-30,P000001,LOC006,8,9,1,12.5,1
2024-11-30,P000001,LOC007,9,9,0,0.0,0
2024-11-30,P000001,LOC008,13,12,1,7.6923076923076925,1
2024-11-30,P000001,LOC009,4,4,0,0.0,0
2024-11-30,P000001,LOC010,9,8,1,11.11111111111111,1
2024-11-30,P000001,LOC011,14,17,3,21.428571428571427,9
2024-11-30,P000001,LOC012,7,7,0,0.0,0
2024-11-30,P000001,LOC013,4,4,0,0.0,0
2024-11-30,P000001,LOC016,11,12,1,9.090909090909092,1
2024-11-30,P000001,LOC017,7,8,1,14.285714285714285,1
2024-11-30,P000001,LOC018,1,1,0,0.0,0
2024-11-30,P000001,LOC020,5,6,1,20.0,1
2024-11-30,P000002,LOC001,1,1,0,0.0,0
2024-11-30,P000002,LOC002,18,17,1,5.555555555555555,1
2024-11-30,P000002,LOC003,7,8,1,14.285714285714285,1
2024-11-30,P000002,LOC004,4,4,0,0.0,0
2024-11-30,P000002,LOC005,13,15,2,15.384615384615385,4
2024-11-30,P000002,LOC006,3,3,0,0.0,0
2024-11-30,P000002,LOC008,6,6,0,0.0,0
2024-11-30,P000002,LOC009,7,7,0,0.0,0
2024-11-30,P000002,LOC010,9,8,1,11.11111111111111,1
2024-11-30,P000002,LOC011,1,1,0,0.0,0
2024-11-30,P000002,LOC012,4,3,1,25.0,1
2024-11-30,P000002,LOC014,5,5,0,0.0,0
2024-11-30,P000002,LOC015,6,7,1,16.666666666666664,1
2024-11-30,P000002,LOC016,6,6,0,0.0,0
2024-11-30,P000002,LOC017,4,4,0,0.0,0
2024-11-30,P000002,LOC019,5,6,1,20.0,1
2024-11-30,P000003,LOC002,14,15,1,7.142857142857142,1
2024-11-30,P000003,LOC003,5,4,1,20.0,1
2024-11-30,P000003,LOC004,3,3,0,0.0,0
2024-11-30,P000003,LOC005,4,4,0,0.0,0
2024-11-30,P000003,LOC007,17,17,0,0.0,0
2024-11-30,P000003,LOC008,1,1,0,0.0,0
2024-11-30,P000003,LOC009,5,5,0,0.0,0
2024-11-30,P000003,LOC010,9,10,1,11.11111111111111,1
2024-11-30,P000003,LOC011,12,14,2,16.666666666666664,4
2024-11-30,P000003,LOC012,1,1,0,0.0,0
2024-11-30,P000003,LOC013,14,16,2,14.285714285714285,4
2024-11-30,P000003,LOC014,6,6,0,0.0,0
2024-11-30,P000003,LOC015,11,11,0,0.0,0
2024-11-30,P000003,LOC016,19,17,2,10.526315789473683,4
2024-11-30,P000003,LOC017,6,7,1,16.666666666666664,1
2024-11-30,P000003,LOC018,1,1,0,0.0,0
2024-11-30,P000003,LOC019,7,7,0,0.0,0
2024-11-30,P000003,LOC020,1,1,0,0.0,0
2024-11-30,P000004,LOC001,2,2,0,0.0,0
2024-11-30,P000004,LOC002,19,19,0,0.0,0
2024-11-30,P000004,LOC003,8,8,0,0.0,0
2024-11-30,P000004,LOC004,6,5,1,16.666666666666664,1
2024-11-30,P000004,LOC005,6,7,1,16.666666666666664,1
2024-11-30,P000004,LOC006,11,10,1,9.090909090909092,1
2024-11-30,P000004,LOC007,3,3,0,0.0,0
2024-11-30,P000004,LOC008,8,8,0,0.0,0
2024-11-30,P000004,LOC009,4,3,1,25.0,1
2024-11-30,P000004,LOC010,6,6,0,0.0,0
2024-11-30,P000004,LOC011,9,9,0,0.0,0
2024-11-30,P000004,LOC012,3,2,1,33.33333333333333,1
2024-11-30,P000004,LOC013,6,5,1,16.666666666666664,1
2024-11-30,P000004,LOC014,2,2,0,0.0,0
2024-11-30,P000004,LOC016,12,11,1,8.333333333333332,1
2024-11-30,P000004,LOC017,5,4,1,20.0,1
2024-11-30,P000004,LOC018,4,3,1,25.0,1
2024-11-30,P000004,LOC019,3,3,0,0.0,0
2024-11-30,P000004,LOC020,2,2,0,0.0,0
2024-11-30,P000005,LOC002,3,3,0,0.0,0
2024-11-30,P000005,LOC003,1,1,0,0.0,0
2024-11-30,P000005,LOC004,3,3,0,0.0,0
2024-11-30,P000005,LOC005,5,5,0,0.0,0
2024-11-30,P000005,LOC006,11,12,1,9.090909090909092,1
2024-11-30,P000005,LOC008,4,4,0,0.0,0
2024-11-30,P000005,LOC009,12,10,2,16.666666666666664,4
2024-11-30,P000005,LOC010,2,2,0,0.0,0
2024-11-30,P000005,LOC011,6,7,1,16.666666666666664,1
2024-11-30,P000005,LOC012,4,4,0,0.0,0
2024-11-30,P000005,LOC013,10,8,2,20.0,4
2024-11-30,P000005,LOC014,4,3,1,25.0,1
2024-11-30,P000005,LOC016,8,9,1,12.5,1
2024-11-30,P000005,LOC017,8,10,2,25.0,4
2024-11-30,P000005,LOC018,8,8,0,0.0,0
2024-11-30,P000005,LOC019,3,2,1,33.33333333333333,1
2024-11-30,P000005,LOC020,6,5,1,16.666666666666664,1
2024-11-30,P000006,LOC001,3,2,1,33.33333333333333,1
2024-11-30,P000006,LOC002,11,11,0,0.0,0
2024-11-30,P000006,LOC004,5,5,0,0.0,0
2024-11-30,P000006,LOC005,15,12,3,20.0,9
2024-11-30,P000006,LOC006,7,6,1,14.285714285714285,1
2024-11-30,P000006,LOC007,6,6,0,0.0,0
2024-11-30,P000006,LOC009,6,7,1,16.666666666666664,1
2024-11-30,P000006,LOC010,6,5,1,16.666666666666664,1
2024-11-30,P000006,LOC011,7,7,0,0.0,0
2024-11-30,P000006,LOC012,9,8,1,11.11111111111111,1
2024-11-30,P000006,LOC013,12,14,2,16.666666666666664,4
2024-11-30,P000006,LOC015,4,3,1,25.0,1
2024-11-30,P000006,LOC016,1,1,0,0.0,0
2024-11-30,P000006,LOC018,7,7,0,0.0,0
2024-11-30,P000006,LOC020,10,9,1,10.0,1
2024-11-30,P000007,LOC003,7,6,1,14.285714285714285,1
2024-11-30,P000007,LOC004,4,3,1,25.0,1
2024-11-30,P000007,LOC006,2,2,0,0.0,0
2024-11-30,P000007,LOC007,5,5,0,0.0,0
2024-11-30,P000007,LOC008,5,5,0,0.0,0
2024-11-30,P000007,LOC009,9,9,0,0.0,0
2024-11-30,P000007,LOC010,2,2,0,0.0,0
2024-11-30,P000007,LOC011,5,5,0,0.0,0
2024-11-30,P000007,LOC012,3,3,0,0.0,0
2024-11-30,P000007,LOC013,6,5,1,16.666666666666664,1
2024-11-30,P000007,LOC014,3,3,0,0.0,0
2024-11-30,P000007,LOC015,8,8,0,0.0,0
2024-11-30,P000007,LOC016,2,2,0,0.0,0
2024-11-30,P000007,LOC017,3,3,0,0.0,0
2024-11-30,P000007,LOC018,6,7,1,16.666666666666664,1
2024-11-30,P000007,LOC019,8,8,0,0.0,0
2024-11-30,P000007,LOC020,2,2,0,0.0,0
2024-11-30,P000008,LOC001,3,3,0,0.0,0
2024-11-30,P000008,LOC002,16,16,0,0.0,0
2024-11-30,P000008,LOC003,3,3,0,0.0,0
2024-11-30,P000008,LOC004,3,3,0,0.0,0
2024-11-30,P000008,LOC005,15,17,2,13.333333333333334,4
2024-11-30,P000008,LOC006,11,13,2,18.181818181818183,4
2024-11-30,P000008,LOC007,12,13,1,8.333333333333332,1
2024-11-30,P000008,LOC008,4,4,0,0.0,0
2024-11-30,P000008,LOC010,4,4,0,0.0,0
2024-11-30,P000008,LOC011,8,7,1,12.5,1
2024-11-30,P000008,LOC012,2,2,0,0.0,0
2024-11-30,P000008,LOC013,13,12,1,7.6923076923076925,1
2024-11-30,P000008,LOC014,1,1,0,0.0,0
2024-11-30,P000008,LOC016,7,8,1,14.285714285714285,1
2024-11-30,P000008,LOC017,4,4,0,0.0,0
2024-11-30,P000008,LOC018,13,13,0,0.0,0
2024-11-30,P000008,LOC019,6,6,0,0.0,0
2024-11-30,P000008,LOC020,1,1,0,0.0,0
2024-11-30,P000009,LOC001,3,4,1,33.33333333333333,1
2024-11-30,P000009,LOC002,7,8,1,14.285714285714285,1
2024-11-30,P000009,LOC003,5,6,1,20.0,1
2024-11-30,P000009,LOC004,15,16,1,6.666666666666667,1
2024-11-30,P000009,LOC005,6,5,1,16.666666666666664,1
2024-11-30,P000009,LOC006,14,13,1,7.142857142857142,1
2024-11-30,P000009,LOC007,3,3,0,0.0,0
2024-11-30,P000009,LOC008,8,9,1,12.5,1
2024-11-30,P000009,LOC009,16,13,3,18.75,9
2024-11-30,P000009,LOC010,3,3,0,0.0,0
2024-11-30,P000009,LOC011,10,11,1,10.0,1
2024-11-30,P000009,LOC012,4,4,0,0.0,0
2024-11-30,P000009,LOC013,4,4,0,0.0,0
2024-11-30,P000009,LOC015,6,5,1,16.666666666666664,1
2024-11-30,P000009,LOC017,4,3,1,25.0,1
2024-11-30,P000009,LOC018,10,11,1,10.0,1
2024-11-30,P000009,LOC019,5,5,0,0.0,0
2024-11-30,P000009,LOC020,8,7,1,12.5,1
2024-11-30,P000010,LOC001,2,2,0,0.0,0
2024-11-30,P000010,LOC002,29,28,1,3.4482758620689653,1
2024-11-30,P000010,LOC003,8,8,0,0.0,0
2024-11-30,P000010,LOC004,2,2,0,0.0,0
2024-11-30,P000010,LOC005,19,19,0,0.0,0
2024-11-30,P000010,LOC006,6,6,0,0.0,0
2024-11-30,P000010,LOC007,2,2,0,0.0,0
2024-11-30,P000010,LOC008,8,7,1,12.5,1
2024-11-30,P000010,LOC010,10,10,0,0.0,0
2024-11-30,P000010,LOC011,1,1,0,0.0,0
2024-11-30,P000010,LOC014,10,12,2,20.0,4
2024-11-30,P000010,LOC015,2,2,0,0.0,0
2024-11-30,P000010,LOC016,2,2,0,0.0,0
2024-11-30,P000010,LOC017,10,8,2,20.0,4
2024-11-30,P000010,LOC018,5,4,1,20.0,1
2024-11-30,P000010,LOC019,4,4,0,0.0,0
2024-11-30,P000010,LOC020,2,2,0,0.0,0
2024-11-30,P000011,LOC001,7,8,1,14.285714285714285,1
2024-11-30,P000011,LOC002,5,6,1,20.0,1
2024-11-30,P000011,LOC003,14,11,3,21.428571428571427,9
2024-11-30,P000011,LOC004,7,6,1,14.285714285714285,1
2024-11-30,P000011,LOC005,13,15,2,15.384615384615385,4
2024-11-30,P000011,LOC006,7,6,1,14.285714285714285,1
2024-11-30,P000011,LOC007,6,6,0,0.0,0
2024-11-30,P000011,LOC008,10,11,1,10.0,1
2024-11-30,P000011,LOC009,4,4,0,0.0,0
2024-11-30,P000011,LOC011,9,10,1,11.11111111111111,1
2024-11-30,P000011,LOC012,2,2,0,0.0,0
2024-11-30,P000011,LOC013,11,11,0,0.0,0
2024-11-30,P000011,LOC014,8,7,1,12.5,1
2024-11-30,P000011,LOC015,7,6,1,14.285714285714285,1
2024-11-30,P000011,LOC018,6,7,1,16.666666666666664,1
2024-11-30,P000012,LOC001,4,3,1,25.0,1
2024-11-30,P000012,LOC002,9,9,0,0.0,0
2024-11-30,P000012,LOC003,10,9,1,10.0,1
2024-11-30,P000012,LOC004,8,8,0,0.0,0
2024-11-30,P000012,LOC005,5,4,1,20.0,1
2024-11-30,P000012,LOC007,7,8,1,14.285714285714285,1
2024-11-30,P000012,LOC008,15,17,2,13.333333333333334,4
2024-11-30,P000012,LOC009,8,9,1,12.5,1
2024-11-30,P000012,LOC010,9,10,1,11.11111111111111,1
2024-11-30,P000012,LOC011,3,3,0,0.0,0
2024-11-30,P000012,LOC012,9,10,1,11.11111111111111,1
2024-11-30,P000012,LOC014,3,3,0,0.0,0
2024-11-30,P000012,LOC015,6,6,0,0.0,0
2024-11-30,P000012,LOC016,9,8,1,11.11111111111111,1
2024-11-30,P000012,LOC017,12,14,2,16.666666666666664,4
2024-11-30,P000012,LOC018,13,11,2,15.384615384615385,4
2024-11-30,P000012,LOC020,5,4,1,20.0,1
2024-11-30,P000013,LOC001,9,9,0,0.0,0
2024-11-30,P000013,LOC002,9,10,1,11.11111111111111,1
2024-11-30,P000013,LOC004,4,4,0,0.0,0
2024-11-30,P000013,LOC005,1,1,0,0.0,0
2024-11-30,P000013,LOC008,8,9,1,12.5,1
2024-11-30,P000013,LOC010,4,4,0,0.0,0
2024-11-30,P000013,LOC011,9,9,0,0.0,0
2024-11-30,P000013,LOC013,2,2,0,0.0,0
2024-11-30,P000013,LOC014,3,3,0,0.0,0
2024-11-30,P000013,LOC015,22,19,3,13.636363636363635,9
2024-11-30,P000013,LOC016,13,14,1,7.6923076923076925,1
2024-11-30,P000013,LOC017,13,11,2,15.384615384615385,4
2024-11-30,P000013,LOC018,3,3,0,0.0,0
2024-11-30,P000013,LOC019,3,3,0,0.0,0
2024-11-30,P000013,LOC020,11,10,1,9.090909090909092,1
2024-11-30,P000014,LOC001,6,7,1,16.666666666666664,1
2024-11-30,P000014,LOC002,6,7,1,16.666666666666664,1
2024-11-30,P000014,LOC003,2,2,0,0.0,0
2024-11-30,P000014,LOC004,10,11,1,10.0,1
2024-11-30,P000014,LOC005,1,1,0,0.0,0
2024-11-30,P000014,LOC006,11,10,1,9.090909090909092,1
2024-11-30,P000014,LOC007,4,4,0,0.0,0
2024-11-30,P000014,LOC009,2,2,0,0.0,0
2024-11-30,P000014,LOC010,4,5,1,25.0,1
2024-11-30,P000014,LOC012,5,4,1,20.0,1
2024-11-30,P000014,LOC013,5,6,1,20.0,1
2024-11-30,P000014,LOC015,4,4,0,0.0,0
2024-11-30,P000014,LOC016,5,6,1,20.0,1
2024-11-30,P000014,LOC017,5,5,0,0.0,0
2024-11-30,P000014,LOC018,3,4,1,33.33333333333333,1
2024-11-30,P000014,LOC019,7,6,1,14.285714285714285,1
2024-11-30,P000014,LOC020,10,9,1,10.0,1
2024-11-30,P000015,LOC002,6,5,1,16.666666666666664,1
2024-11-30,P000015,LOC003,6,7,1,16.666666666666664,1
2024-11-30,P000015,LOC004,5,4,1,20.0,1
2024-11-30,P000015,LOC005,1,1,0,0.0,0
2024-11-30,P000015,LOC006,12,11,1,8.333333333333332,1
2024-11-30,P000015,LOC007,13,16,3,23.076923076923077,9
2024-11-30,P000015,LOC008,4,4,0,0.0,0
2024-11-30,P000015,LOC009,2,2,0,0.0,0
2024-11-30,P000015,LOC010,7,6,1,14.285714285714285,1
2024-11-30,P000015,LOC011,16,18,2,12.5,4
2024-11-30,P000015,LOC012,14,14,0,0.0,0
2024-11-30,P000015,LOC013,17,20,3,17.647058823529413,9
2024-11-30,P000015,LOC014,3,3,0,0.0,0
2024-11-30,P000015,LOC015,11,11,0,0.0,0
2024-11-30,P000015,LOC016,8,8,0,0.0,0
2024-11-30,P000015,LOC017,2,2,0,0.0,0
2024-11-30,P000015,LOC019,11,11,0,0.0,0
2024-11-30,P000015,LOC020,7,7,0,0.0,0
2024-11-30,P000016,LOC001,6,6,0,0.0,0
2024-11-30,P000016,LOC002,12,12,0,0.0,0
2024-11-30,P000016,LOC003,8,9,1,12.5,1
2024-11-30,P000016,LOC004,6,7,1,16.666666666666664,1
2024-11-30,P000016,LOC005,23,19,4,17.391304347826086,16
2024-11-30,P000016,LOC006,1,1,0,0.0,0
2024-11-30,P000016,LOC007,6,6,0,0.0,0
2024-11-30,P000016,LOC009,4,4,0,0.0,0
2024-11-30,P000016,LOC010,3,3,0,0.0,0
2024-11-30,P000016,LOC011,4,4,0,0.0,0
2024-11-30,P000016,LOC013,9,8,1,11.11111111111111,1
2024-11-30,P000016,LOC014,2,2,0,0.0,0
2024-11-30,P000016,LOC015,5,5,0,0.0,0
2024-11-30,P000016,LOC016,4,4,0,0.0,0
2024-11-30,P000016,LOC017,4,4,0,0.0,0
2024-11-30,P000016,LOC019,10,9,1,10.0,1
2024-11-30,P000016,LOC020,7,6,1,14.285714285714285,1
2024-11-30,P000017,LOC001,9,8,1,11.11111111111111,1
2024-11-30,P000017,LOC002,8,7,1,12.5,1
2024-11-30,P000017,LOC003,6,6,0,0.0,0
2024-11-30,P000017,LOC004,1,1,0,0.0,0
2024-11-30,P000017,LOC005,9,9,0,0.0,0
2024-11-30,P000017,LOC006,15,13,2,13.333333333333334,4
2024-11-30,P000017,LOC007,9,10,1,11.11111111111111,1
2024-11-30,P000017,LOC008,3,4,1,33.33333333333333,1
2024-11-30,P000017,LOC010,2,2,0,0.0,0
2024-11-30,P000017,LOC011,6,5,1,16.666666666666664,1
2024-11-30,P000017,LOC012,4,4,0,0.0,0
2024-11-30,P000017,LOC013,9,9,0,0.0,0
2024-11-30,P000017,LOC014,5,4,1,20.0,1
2024-11-30,P000017,LOC015,8,8,0,0.0,0
2024-11-30,P000017,LOC016,10,8,2,20.0,4
2024-11-30,P000017,LOC017,6,6,0,0.0,0
2024-11-30,P000017,LOC019,3,3,0,0.0,0
2024-11-30,P000017,LOC020,2,2,0,0.0,0
2024-11-30,P000018,LOC002,5,5,0,0.0,0
2024-11-30,P000018,LOC003,4,3,1,25.0,1
2024-11-30,P000018,LOC004,4,3,1,25.0,1
2024-11-30,P000018,LOC005,6,5,1,16.666666666666664,1
2024-11-30,P000018,LOC006,4,4,0,0.0,0
2024-11-30,P000018,LOC007,5,4,1,20.0,1
2024-11-30,P000018,LOC008,3,3,0,0.0,0
2024-11-30,P000018,LOC009,2,2,0,0.0,0
2024-11-30,P000018,LOC010,10,9,1,10.0,1
2024-11-30,P000018,LOC011,10,9,1,10.0,1
2024-11-30,P000018,LOC012,4,4,0,0.0,0
2024-11-30,P000018,LOC013,1,1,0,0.0,0
2024-11-30,P000018,LOC014,11,10,1,9.090909090909092,1
2024-11-30,P000018,LOC015,5,6,1,20.0,1
2024-11-30,P000018,LOC016,7,8,1,14.285714285714285,1
2024-11-30,P000018,LOC017,8,9,1,12.5,1
2024-11-30,P000018,LOC019,7,6,1,14.285714285714285,1
2024-11-30,P000018,LOC020,3,2,1,33.33333333333333,1
2024-11-30,P000019,LOC001,1,1,0,0.0,0
2024-11-30,P000019,LOC002,20,17,3,15.0,9
2024-11-30,P000019,LOC003,14,12,2,14.285714285714285,4
2024-11-30,P000019,LOC004,2,2,0,0.0,0
2024-11-30,P000019,LOC005,8,9,1,12.5,1
2024-11-30,P000019,LOC006,3,3,0,0.0,0
2024-11-30,P000019,LOC007,7,8,1,14.285714285714285,1
2024-11-30,P000019,LOC008,3,3,0,0.0,0
2024-11-30,P000019,LOC009,4,4,0,0.0,0
2024-11-30,P000019,LOC010,3,3,0,0.0,0
2024-11-30,P000019,LOC012,8,9,1,12.5,1
2024-11-30,P000019,LOC013,7,6,1,14.285714285714285,1
2024-11-30,P000019,LOC015,4,4,0,0.0,0
2024-11-30,P000019,LOC016,4,4,0,0.0,0
2024-11-30,P000019,LOC017,9,8,1,11.11111111111111,1
2024-11-30,P000019,LOC018,6,7,1,16.666666666666664,1
2024-11-30,P000019,LOC019,4,4,0,0.0,0
2024-11-30,P000019,LOC020,7,6,1,14.285714285714285,1
2024-11-30,P000020,LOC001,3,2,1,33.33333333333333,1
2024-11-30,P000020,LOC002,10,9,1,10.0,1
2024-11-30,P000020,LOC003,9,9,0,0.0,0
2024-11-30,P000020,LOC004,1,1,0,0.0,0
2024-11-30,P000020,LOC005,13,13,0,0.0,0
2024-11-30,P000020,LOC006,4,4,0,0.0,0
2024-11-30,P000020,LOC007,5,6,1,20.0,1
2024-11-30,P000020,LOC008,2,2,0,0.0,0
2024-11-30,P000020,LOC009,8,7,1,12.5,1
2024-11-30,P000020,LOC010,6,7,1,16.666666666666664,1
2024-11-30,P000020,LOC011,4,5,1,25.0,1
2024-11-30,P000020,LOC012,4,4,0,0.0,0
2024-11-30,P000020,LOC014,6,6,0,0.0,0
2024-11-30,P000020,LOC015,4,4,0,0.0,0
2024-11-30,P000020,LOC016,4,5,1,25.0,1
2024-11-30,P000020,LOC017,4,4,0,0.0,0
2024-11-30,P000020,LOC018,5,5,0,0.0,0
2024-11-30,P000020,LOC020,6,5,1,16.666666666666664,1
2024-11-30,P000021,LOC001,9,8,1,11.11111111111111,1
2024-11-30,P000021,LOC002,4,3,1,25.0,1
2024-11-30,P000021,LOC003,4,3,1,25.0,1
2024-11-30,P000021,LOC004,6,7,1,16.666666666666664,1
2024-11-30,P000021,LOC005,7,6,1,14.285714285714285,1
2024-11-30,P000021,LOC006,4,4,0,0.0,0
2024-11-30,P000021,LOC007,4,5,1,25.0,1
2024-11-30,P000021,LOC008,6,5,1,16.666666666666664,1
2024-11-30,P000021,LOC009,1,1,0,0.0,0
2024-11-30,P000021,LOC011,4,3,1,25.0,1
2024-11-30,P000021,LOC012,7,8,1,14.285714285714285,1
2024-11-30,P000021,LOC013,11,9,2,18.181818181818183,4
2024-11-30,P000021,LOC015,2,2,0,0.0,0
2024-11-30,P000021,LOC017,4,3,1,25.0,1
2024-11-30,P000021,LOC018,1,1,0,0.0,0
2024-11-30,P000021,LOC019,10,11,1,10.0,1
2024-11-30,P000021,LOC020,8,8,0,0.0,0
2024-11-30,P000022,LOC001,9,9,0,0.0,0
2024-11-30,P000022,LOC002,6,6,0,0.0,0
2024-11-30,P000022,LOC003,11,10,1,9.090909090909092,1
2024-11-30,P000022,LOC004,2,2,0,0.0,0
2024-11-30,P000022,LOC005,6,6,0,0.0,0
2024-11-30,P000022,LOC007,13,15,2,15.384615384615385,4
2024-11-30,P000022,LOC009,3,3,0,0.0,0
2024-11-30,P000022,LOC010,9,10,1,11.11111111111111,1
2024-11-30,P000022,LOC011,4,4,0,0.0,0
2024-11-30,P000022,LOC012,2,2,0,0.0,0
2024-11-30,P000022,LOC013,6,6,0,0.0,0
2024-11-30,P000022,LOC014,4,3,1,25.0,1
2024-11-30,P000022,LOC015,4,3,1,25.0,1
2024-11-30,P000022,LOC016,8,8,0,0.0,0
2024-11-30,P000022,LOC018,1,1,0,0.0,0
2024-11-30,P000022,LOC019,4,4,0,0.0,0
2024-11-30,P000022,LOC020,10,10,0,0.0,0
2024-11-30,P000023,LOC003,7,8,1,14.285714285714285,1
2024-11-30,P000023,LOC005,8,8,0,0.0,0
2024-11-30,P000023,LOC006,8,7,1,12.5,1
2024-11-30,P000023,LOC007,3,3,0,0.0,0
2024-11-30,P000023,LOC008,10,9,1,10.0,1
2024-11-30,P000023,LOC009,12,14,2,16.666666666666664,4
2024-11-30,P000023,LOC011,5,4,1,20.0,1
2024-11-30,P000023,LOC012,8,8,0,0.0,0
2024-11-30,P000023,LOC013,9,10,1,11.11111111111111,1
2024-11-30,P000023,LOC014,6,6,0,0.0,0
2024-11-30,P000023,LOC015,9,9,0,0.0,0
2024-11-30,P000023,LOC016,12,12,0,0.0,0
2024-11-30,P000023,LOC017,3,2,1,33.33333333333333,1
2024-11-30,P000023,LOC018,1,1,0,0.0,0
2024-11-30,P000023,LOC019,3,2,1,33.33333333333333,1
2024-11-30,P000024,LOC001,1,1,0,0.0,0
2024-11-30,P000024,LOC002,8,8,0,0.0,0
2024-11-30,P000024,LOC003,8,7,1,12.5,1
2024-11-30,P000024,LOC004,3,3,0,0.0,0
2024-11-30,P000024,LOC006,17,14,3,17.647058823529413,9
2024-11-30,P000024,LOC007,5,5,0,0.0,0
2024-11-30,P000024,LOC009,6,5,1,16.666666666666664,1
2024-11-30,P000024,LOC010,2,2,0,0.0,0
2024-11-30,P000024,LOC011,4,4,0,0.0,0
2024-11-30,P000024,LOC012,4,4,0,0.0,0
2024-11-30,P000024,LOC013,10,11,1,10.0,1
2024-11-30,P000024,LOC014,6,6,0,0.0,0
2024-11-30,P000024,LOC015,5,6,1,20.0,1
2024-11-30,P000024,LOC016,4,4,0,0.0,0
2024-11-30,P000024,LOC017,17,18,1,5.88235294117647,1
2024-11-30,P000024,LOC019,2,2,0,0.0,0
2024-11-30,P000024,LOC020,18,19,1,5.555555555555555,1
2024-11-30,P000025,LOC001,7,7,0,0.0,0
2024-11-30,P000025,LOC002,7,7,0,0.0,0
2024-11-30,P000025,LOC003,7,7,0,0.0,0
2024-11-30,P000025,LOC005,6,7,1,16.666666666666664,1
2024-11-30,P000025,LOC006,3,3,0,0.0,0
2024-11-30,P000025,LOC007,4,4,0,0.0,0
2024-11-30,P000025,LOC008,21,18,3,14.285714285714285,9
2024-11-30,P000025,LOC009,2,2,0,0.0,0
2024-11-30,P000025,LOC010,1,1,0,0.0,0
2024-11-30,P000025,LOC011,1,1,0,0.0,0
2024-11-30,P000025,LOC012,2,2,0,0.0,0
2024-11-30,P000025,LOC014,4,5,1,25.0,1
2024-11-30,P000025,LOC015,9,10,1,11.11111111111111,1
2024-11-30,P000025,LOC016,6,7,1,16.666666666666664,1
2024-11-30,P000025,LOC018,2,2,0,0.0,0
2024-11-30,P000025,LOC019,9,8,1,11.11111111111111,1
2024-11-30,P000025,LOC020,4,5,1,25.0,1
2024-11-30,P000026,LOC002,12,10,2,16.666666666666664,4
2024-11-30,P000026,LOC003,2,2,0,0.0,0
2024-11-30,P000026,LOC005,7,8,1,14.285714285714285,1
2024-11-30,P000026,LOC006,2,2,0,0.0,0
2024-11-30,P000026,LOC008,2,2,0,0.0,0
2024-11-30,P000026,LOC010,1,1,0,0.0,0
2024-11-30,P000026,LOC011,8,7,1,12.5,1
2024-11-30,P000026,LOC013,11,10,1,9.090909090909092,1
2024-11-30,P000026,LOC014,4,4,0,0.0,0
2024-11-30,P000026,LOC015,5,4,1,20.0,1
2024-11-30,P000026,LOC016,5,4,1,20.0,1
2024-11-30,P000026,LOC017,11,12,1,9.090909090909092,1
2024-11-30,P000026,LOC020,3,3,0,0.0,0
2024-11-30,P000027,LOC002,1,1,0,0.0,0
2024-11-30,P000027,LOC003,12,14,2,16.666666666666664,4
2024-11-30,P000027,LOC004,3,3,0,0.0,0
2024-11-30,P000027,LOC005,1,1,0,0.0,0
2024-11-30,P000027,LOC006,5,4,1,20.0,1
2024-11-30,P000027,LOC007,3,4,1,33.33333333333333,1
2024-11-30,P000027,LOC008,21,20,1,4.761904761904762,1
2024-11-30,P000027,LOC009,8,7,1,12.5,1
2024-11-30,P000027,LOC011,7,7,0,0.0,0
2024-11-30,P000027,LOC012,1,1,0,0.0,0
2024-11-30,P000027,LOC013,18,20,2,11.11111111111111,4
2024-11-30,P000027,LOC014,4,3,1,25.0,1
2024-11-30,P000027,LOC015,5,5,0,0.0,0
2024-11-30,P000027,LOC016,4,4,0,0.0,0
2024-11-30,P000027,LOC017,4,4,0,0.0,0
2024-11-30,P000027,LOC018,4,4,0,0.0,0
2024-11-30,P000027,LOC020,15,14,1,6.666666666666667,1
2024-11-30,P000028,LOC001,6,7,1,16.666666666666664,1
2024-11-30,P000028,LOC002,8,8,0,0.0,0
2024-11-30,P000028,LOC003,7,7,0,0.0,0
2024-11-30,P000028,LOC004,3,4,1,33.33333333333333,1
2024-11-30,P000028,LOC006,2,2,0,0.0,0
2024-11-30,P000028,LOC007,12,13,1,8.333333333333332,1
2024-11-30,P000028,LOC008,6,6,0,0.0,0
2024-11-30,P000028,LOC009,6,6,0,0.0,0
2024-11-30,P000028,LOC010,5,5,0,0.0,0
2024-11-30,P000028,LOC011,10,9,1,10.0,1
2024-11-30,P000028,LOC012,7,7,0,0.0,0
2024-11-30,P000028,LOC013,2,2,0,0.0,0
2024-11-30,P000028,LOC014,9,10,1,11.11111111111111,1
2024-11-30,P000028,LOC015,8,10,2,25.0,4
2024-11-30,P000028,LOC016,1,1,0,0.0,0
2024-11-30,P000028,LOC018,1,1,0,0.0,0
2024-11-30,P000028,LOC019,5,5,0,0.0,0
2024-11-30,P000028,LOC020,13,13,0,0.0,0
2024-11-30,P000029,LOC001,3,3,0,0.0,0
2024-11-30,P000029,LOC002,1,1,0,0.0,0
2024-11-30,P000029,LOC003,14,11,3,21.428571428571427,9
2024-11-30,P000029,LOC004,3,3,0,0.0,0
2024-11-30,P000029,LOC005,1,1,0,0.0,0
2024-11-30,P000029,LOC006,11,13,2,18.181818181818183,4
2024-11-30,P000029,LOC007,1,1,0,0.0,0
2024-11-30,P000029,LOC009,2,2,0,0.0,0
2024-11-30,P000029,LOC010,7,7,0,0.0,0
2024-11-30,P000029,LOC011,10,12,2,20.0,4
2024-11-30,P000029,LOC012,1,1,0,0.0,0
2024-11-30,P000029,LOC013,1,1,0,0.0,0
2024-11-30,P000029,LOC014,2,2,0,0.0,0
2024-11-30,P000029,LOC015,4,4,0,0.0,0
2024-11-30,P000029,LOC016,8,7,1,12.5,1
2024-11-30,P000029,LOC017,12,13,1,8.333333333333332,1
2024-11-30,P000029,LOC018,8,7,1,12.5,1
2024-11-30,P000029,LOC020,2,2,0,0.0,0
2024-11-30,P000030,LOC001,10,11,1,10.0,1
2024-11-30,P000030,LOC002,12,13,1,8.333333333333332,1
2024-11-30,P000030,LOC003,2,2,0,0.0,0
2024-11-30,P000030,LOC004,6,7,1,16.666666666666664,1
2024-11-30,P000030,LOC005,7,7,0,0.0,0
2024-11-30,P000030,LOC006,5,5,0,0.0,0
2024-11-30,P000030,LOC007,4,4,0,0.0,0
2024-11-30,P000030,LOC008,2,2,0,0.0,0
2024-11-30,P000030,LOC009,4,5,1,25.0,1
2024-11-30,P000030,LOC011,5,5,0,0.0,0
2024-11-30,P000030,LOC013,7,8,1,14.285714285714285,1
2024-11-30,P000030,LOC014,6,5,1,16.666666666666664,1
2024-11-30,P000030,LOC015,5,4,1,20.0,1
2024-11-30,P000030,LOC016,4,4,0,0.0,0
2024-11-30,P000030,LOC017,3,3,0,0.0,0
2024-11-30,P000030,LOC018,13,11,2,15.384615384615385,4
2024-11-30,P000030,LOC019,1,1,0,0.0,0
2024-11-30,P000030,LOC020,4,4,0,0.0,0
2024-11-30,P000031,LOC001,15,14,1,6.666666666666667,1
2024-11-30,P000031,LOC002,6,6,0,0.0,0
2024-11-30,P000031,LOC003,8,10,2,25.0,4
2024-11-30,P000031,LOC004,1,1,0,0.0,0
2024-11-30,P000031,LOC005,7,7,0,0.0,0
2024-11-30,P000031,LOC006,14,15,1,7.142857142857142,1
2024-11-30,P000031,LOC007,20,18,2,10.0,4
2024-11-30,P000031,LOC008,4,3,1,25.0,1
2024-11-30,P000031,LOC009,4,4,0,0.0,0
2024-11-30,P000031,LOC010,8,9,1,12.5,1
2024-11-30,P000031,LOC011,8,9,1,12.5,1
2024-11-30,P000031,LOC012,7,7,0,0.0,0
2024-11-30,P000031,LOC013,4,5,1,25.0,1
2024-11-30,P000031,LOC014,1,1,0,0.0,0
2024-11-30,P000031,LOC016,2,2,0,0.0,0
2024-11-30,P000031,LOC017,8,8,0,0.0,0
2024-11-30,P000031,LOC018,8,9,1,12.5,1
2024-11-30,P000031,LOC020,8,7,1,12.5,1
2024-11-30,P000032,LOC001,8,8,0,0.0,0
2024-11-30,P000032,LOC002,15,16,1,6.666666666666667,1
2024-11-30,P000032,LOC003,6,6,0,0.0,0
2024-11-30,P000032,LOC004,3,3,0,0.0,0
2024-11-30,P000032,LOC005,5,5,0,0.0,0
2024-11-30,P000032,LOC006,3,3,0,0.0,0
2024-11-30,P000032,LOC007,7,6,1,14.285714285714285,1
2024-11-30,P000032,LOC008,2,2,0,0.0,0
2024-11-30,P000032,LOC009,11,10,1,9.090909090909092,1
2024-11-30,P000032,LOC010,9,10,1,11.11111111111111,1
2024-11-30,P000032,LOC011,6,6,0,0.0,0
2024-11-30,P000032,LOC013,5,5,0,0.0,0
2024-11-30,P000032,LOC014,6,6,0,0.0,0
2024-11-30,P000032,LOC016,7,6,1,14.285714285714285,1
2024-11-30,P000032,LOC017,12,10,2,16.666666666666664,4
2024-11-30,P000032,LOC018,7,7,0,0.0,0
2024-11-30,P000032,LOC020,4,4,0,0.0,0
2024-11-30,P000033,LOC002,13,13,0,0.0,0
2024-11-30,P000033,LOC003,3,3,0,0.0,0
2024-11-30,P000033,LOC004,11,11,0,0.0,0
2024-11-30,P000033,LOC005,11,10,1,9.090909090909092,1
2024-11-30,P000033,LOC007,1,1,0,0.0,0
2024-11-30,P000033,LOC008,10,11,1,10.0,1
2024-11-30,P000033,LOC011,1,1,0,0.0,0
2024-11-30,P000033,LOC012,4,5,1,25.0,1
2024-11-30,P000033,LOC014,6,6,0,0.0,0
2024-11-30,P000033,LOC016,5,5,0,0.0,0
2024-11-30,P000033,LOC017,5,6,1,20.0,1
2024-11-30,P000033,LOC018,2,2,0,0.0,0
2024-11-30,P000033,LOC020,10,12,2,20.0,4
2024-11-30,P000034,LOC001,6,6,0,0.0,0
2024-11-30,P000034,LOC003,5,4,1,20.0,1
2024-11-30,P000034,LOC005,6,6,0,0.0,0
2024-11-30,P000034,LOC006,3,4,1,33.33333333333333,1
2024-11-30,P000034,LOC007,5,4,1,20.0,1
2024-11-30,P000034,LOC008,17,19,2,11.76470588235294,4
2024-11-30,P000034,LOC009,3,3,0,0.0,0
2024-11-30,P000034,LOC010,7,8,1,14.285714285714285,1
2024-11-30,P000034,LOC011,8,7,1,12.5,1
2024-11-30,P000034,LOC013,4,4,0,0.0,0
2024-11-30,P000034,LOC014,4,4,0,0.0,0
2024-11-30,P000034,LOC015,1,1,0,0.0,0
2024-11-30,P000034,LOC016,6,6,0,0.0,0
2024-11-30,P000034,LOC017,5,5,0,0.0,0
2024-11-30,P000034,LOC018,8,9,1,12.5,1
2024-11-30,P000034,LOC019,2,2,0,0.0,0
2024-11-30,P000034,LOC020,1,1,0,0.0,0
2024-11-30,P000035,LOC001,7,8,1,14.285714285714285,1
2024-11-30,P000035,LOC002,20,18,2,10.0,4
2024-11-30,P000035,LOC003,4,4,0,0.0,0
2024-11-30,P000035,LOC004,3,3,0,0.0,0
2024-11-30,P000035,LOC005,7,6,1,14.285714285714285,1
2024-11-30,P000035,LOC006,12,13,1,8.333333333333332,1
2024-11-30,P000035,LOC007,4,3,1,25.0,1
2024-11-30,P000035,LOC008,1,1,0,0.0,0
2024-11-30,P000035,LOC010,4,4,0,0.0,0
2024-11-30,P000035,LOC011,11,9,2,18.181818181818183,4
2024-11-30,P000035,LOC014,1,1,0,0.0,0
2024-11-30,P000035,LOC015,4,4,0,0.0,0
2024-11-30,P000035,LOC016,3,3,0,0.0,0
2024-11-30,P000035,LOC017,7,8,1,14.285714285714285,1
2024-11-30,P000035,LOC019,1,1,0,0.0,0
2024-11-30,P000035,LOC020,4,5,1,25.0,1
2024-11-30,P000036,LOC002,5,4,1,20.0,1
2024-11-30,P000036,LOC003,2,2,0,0.0,0
2024-11-30,P000036,LOC005,15,17,2,13.333333333333334,4
2024-11-30,P000036,LOC007,8,9,1,12.5,1
2024-11-30,P000036,LOC008,3,3,0,0.0,0
2024-11-30,P000036,LOC009,5,6,1,20.0,1
2024-11-30,P000036,LOC010,4,4,0,0.0,0
2024-11-30,P000036,LOC011,7,8,1,14.285714285714285,1
2024-11-30,P000036,LOC012,1,1,0,0.0,0
2024-11-30,P000036,LOC014,1,1,0,0.0,0
2024-11-30,P000036,LOC015,2,2,0,0.0,0
2024-11-30,P000036,LOC016,1,1,0,0.0,0
2024-11-30,P000036,LOC018,1,1,0,0.0,0
2024-11-30,P000036,LOC019,3,3,0,0.0,0
2024-11-30,P000036,LOC020,4,4,0,0.0,0
2024-11-30,P000037,LOC002,16,18,2,12.5,4
2024-11-30,P000037,LOC003,13,14,1,7.6923076923076925,1
2024-11-30,P000037,LOC004,3,3,0,0.0,0
2024-11-30,P000037,LOC005,8,8,0,0.0,0
2024-11-30,P000037,LOC006,1,1,0,0.0,0
2024-11-30,P000037,LOC008,2,2,0,0.0,0
2024-11-30,P000037,LOC009,21,18,3,14.285714285714285,9
2024-11-30,P000037,LOC011,5,6,1,20.0,1
2024-11-30,P000037,LOC013,7,6,1,14.285714285714285,1
2024-11-30,P000037,LOC014,6,7,1,16.666666666666664,1
2024-11-30,P000037,LOC016,7,8,1,14.285714285714285,1
2024-11-30,P000037,LOC017,4,4,0,0.0,0
2024-11-30,P000037,LOC018,5,5,0,0.0,0
2024-11-30,P000037,LOC019,7,7,0,0.0,0
2024-11-30,P000037,LOC020,1,1,0,0.0,0
2024-11-30,P000038,LOC001,2,2,0,0.0,0
2024-11-30,P000038,LOC002,11,12,1,9.090909090909092,1
2024-11-30,P000038,LOC003,11,12,1,9.090909090909092,1
2024-11-30,P000038,LOC004,2,2,0,0.0,0
2024-11-30,P000038,LOC005,6,5,1,16.666666666666664,1
2024-11-30,P000038,LOC006,2,2,0,0.0,0
2024-11-30,P000038,LOC007,2,2,0,0.0,0
2024-11-30,P000038,LOC009,9,10,1,11.11111111111111,1
2024-11-30,P000038,LOC011,5,6,1,20.0,1
2024-11-30,P000038,LOC013,7,7,0,0.0,0
2024-11-30,P000038,LOC014,15,18,3,20.0,9
2024-11-30,P000038,LOC015,3,3,0,0.0,0
2024-11-30,P000038,LOC016,5,4,1,20.0,1
2024-11-30,P000038,LOC017,4,5,1,25.0,1
2024-11-30,P000038,LOC018,10,9,1,10.0,1
2024-11-30,P000038,LOC019,14,13,1,7.142857142857142,1
2024-11-30,P000038,LOC020,6,7,1,16.666666666666664,1
2024-11-30,P000039,LOC001,3,4,1,33.33333333333333,1
2024-11-30,P000039,LOC002,6,6,0,0.0,0
2024-11-30,P000039,LOC003,5,5,0,0.0,0
2024-11-30,P000039,LOC005,5,6,1,20.0,1
2024-11-30,P000039,LOC006,4,3,1,25.0,1
2024-11-30,P000039,LOC008,9,8,1,11.11111111111111,1
2024-11-30,P000039,LOC009,13,15,2,15.384615384615385,4
2024-11-30,P000039,LOC010,6,7,1,16.666666666666664,1
2024-11-30,P000039,LOC011,5,5,0,0.0,0
2024-11-30,P000039,LOC012,10,10,0,0.0,0
2024-11-30,P000039,LOC013,8,8,0,0.0,0
2024-11-30,P000039,LOC014,6,7,1,16.666666666666664,1
2024-11-30,P000039,LOC015,4,3,1,25.0,1
2024-11-30,P000039,LOC017,9,10,1,11.11111111111111,1
2024-11-30,P000039,LOC018,4,4,0,0.0,0
2024-11-30,P000039,LOC019,7,6,1,14.285714285714285,1
2024-11-30,P000039,LOC020,9,9,0,0.0,0
2024-11-30,P000040,LOC002,7,7,0,0.0,0
2024-11-30,P000040,LOC003,13,11,2,15.384615384615385,4
2024-11-30,P000040,LOC004,1,1,0,0.0,0
2024-11-30,P000040,LOC005,5,5,0,0.0,0
2024-11-30,P000040,LOC006,13,11,2,15.384615384615385,4
2024-11-30,P000040,LOC007,12,11,1,8.333333333333332,1
2024-11-30,P000040,LOC008,7,6,1,14.285714285714285,1
2024-11-30,P000040,LOC010,3,3,0,0.0,0
2024-11-30,P000040,LOC011,10,10,0,0.0,0
2024-11-30,P000040,LOC012,3,3,0,0.0,0
2024-11-30,P000040,LOC014,4,3,1,25.0,1
2024-11-30,P000040,LOC015,12,14,2,16.666666666666664,4
2024-11-30,P000040,LOC016,2,2,0,0.0,0
2024-11-30,P000040,LOC017,4,3,1,25.0,1
2024-11-30,P000040,LOC018,7,7,0,0.0,0
2024-11-30,P000040,LOC019,7,6,1,14.285714285714285,1
2024-11-30,P000040,LOC020,9,10,1,11.11111111111111,1
2024-11-30,P000041,LOC001,6,6,0,0.0,0
2024-11-30,P000041,LOC003,6,5,1,16.666666666666664,1
2024-11-30,P000041,LOC005,11,9,2,18.181818181818183,4
2024-11-30,P000041,LOC006,6,6,0,0.0,0
2024-11-30,P000041,LOC007,5,5,0,0.0,0
2024-11-30,P000041,LOC008,3,3,0,0.0,0
2024-11-30,P000041,LOC009,2,2,0,0.0,0
2024-11-30,P000041,LOC010,2,2,0,0.0,0
2024-11-30,P000041,LOC011,10,10,0,0.0,0
2024-11-30,P000041,LOC013,6,7,1,16.666666666666664,1
2024-11-30,P000041,LOC014,3,3,0,0.0,0
2024-11-30,P000041,LOC015,4,5,1,25.0,1
2024-11-30,P000041,LOC016,1,1,0,0.0,0
2024-11-30,P000041,LOC017,1,1,0,0.0,0
2024-11-30,P000041,LOC018,6,6,0,0.0,0
2024-11-30,P000041,LOC019,7,7,0,0.0,0
2024-11-30,P000041,LOC020,4,3,1,25.0,1
2024-11-30,P000042,LOC002,7,6,1,14.285714285714285,1
2024-11-30,P000042,LOC004,3,3,0,0.0,0
2024-11-30,P000042,LOC006,1,1,0,0.0,0
2024-11-30,P000042,LOC007,9,9,0,0.0,0
2024-11-30,P000042,LOC008,2,2,0,0.0,0
2024-11-30,P000042,LOC009,7,7,0,0.0,0
2024-11-30,P000042,LOC010,11,10,1,9.090909090909092,1
2024-11-30,P000042,LOC011,9,8,1,11.11111111111111,1
2024-11-30,P000042,LOC012,13,11,2,15.384615384615385,4
2024-11-30,P000042,LOC013,5,5,0,0.0,0
2024-11-30,P000042,LOC014,9,10,1,11.11111111111111,1
2024-11-30,P000042,LOC015,4,4,0,0.0,0
2024-11-30,P000042,LOC016,5,4,1,20.0,1
2024-11-30,P000042,LOC017,8,6,2,25.0,4
2024-11-30,P000042,LOC018,4,4,0,0.0,0
2024-11-30,P000042,LOC019,3,3,0,0.0,0
2024-11-30,P000042,LOC020,3,3,0,0.0,0
2024-11-30,P000043,LOC001,2,2,0,0.0,0
2024-11-30,P000043,LOC002,4,4,0,0.0,0
2024-11-30,P000043,LOC003,19,16,3,15.789473684210526,9
2024-11-30,P000043,LOC004,16,16,0,0.0,0
2024-11-30,P000043,LOC006,7,7,0,0.0,0
2024-11-30,P000043,LOC007,2,2,0,0.0,0
2024-11-30,P000043,LOC008,6,5,1,16.666666666666664,1
2024-11-30,P000043,LOC009,2,2,0,0.0,0
2024-11-30,P000043,LOC010,14,14,0,0.0,0
2024-11-30,P000043,LOC011,5,4,1,20.0,1
2024-11-30,P000043,LOC013,6,6,0,0.0,0
2024-11-30,P000043,LOC014,1,1,0,0.0,0
2024-11-30,P000043,LOC015,2,2,0,0.0,0
2024-11-30,P000043,LOC016,1,1,0,0.0,0
2024-11-30,P000043,LOC017,6,5,1,16.666666666666664,1
2024-11-30,P000043,LOC018,9,9,0,0.0,0
2024-11-30,P000043,LOC020,1,1,0,0.0,0
2024-11-30,P000044,LOC001,10,10,0,0.0,0
2024-11-30,P000044,LOC002,5,4,1,20.0,1
2024-11-30,P000044,LOC003,5,4,1,20.0,1
2024-11-30,P000044,LOC004,1,1,0,0.0,0
2024-11-30,P000044,LOC005,10,8,2,20.0,4
2024-11-30,P000044,LOC006,8,9,1,12.5,1
2024-11-30,P000044,LOC007,3,3,0,0.0,0
2024-11-30,P000044,LOC008,2,2,0,0.0,0
2024-11-30,P000044,LOC009,10,9,1,10.0,1
2024-11-30,P000044,LOC011,6,6,0,0.0,0
2024-11-30,P000044,LOC012,2,2,0,0.0,0
2024-11-30,P000044,LOC013,10,11,1,10.0,1
2024-11-30,P000044,LOC014,6,5,1,16.666666666666664,1
2024-11-30,P000044,LOC015,3,2,1,33.33333333333333,1
2024-11-30,P000044,LOC016,1,1,0,0.0,0
2024-11-30,P000044,LOC017,5,5,0,0.0,0
2024-11-30,P000044,LOC018,3,3,0,0.0,0
2024-11-30,P000044,LOC019,6,7,1,16.666666666666664,1
2024-11-30,P000044,LOC020,2,2,0,0.0,0
2024-11-30,P000045,LOC001,3,3,0,0.0,0
2024-11-30,P000045,LOC002,7,8,1,14.285714285714285,1
2024-11-30,P000045,LOC003,8,7,1,12.5,1
2024-11-30,P000045,LOC004,7,7,0,0.0,0
2024-11-30,P000045,LOC005,3,3,0,0.0,0
2024-11-30,P000045,LOC006,7,7,0,0.0,0
2024-11-30,P000045,LOC007,13,13,0,0.0,0
2024-11-30,P000045,LOC008,5,4,1,20.0,1
2024-11-30,P000045,LOC011,1,1,0,0.0,0
2024-11-30,P000045,LOC012,1,1,0,0.0,0
2024-11-30,P000045,LOC013,5,6,1,20.0,1
2024-11-30,P000045,LOC014,4,4,0,0.0,0
2024-11-30,P000045,LOC015,1,1,0,0.0,0
2024-11-30,P000045,LOC016,6,6,0,0.0,0
2024-11-30,P000045,LOC017,5,4,1,20.0,1
2024-11-30,P000045,LOC018,1,1,0,0.0,0
2024-11-30,P000045,LOC019,9,11,2,22.22222222222222,4
2024-11-30,P000045,LOC020,1,1,0,0.0,0
2024-11-30,P000046,LOC001,12,13,1,8.333333333333332,1
2024-11-30,P000046,LOC002,7,8,1,14.285714285714285,1
2024-11-30,P000046,LOC003,12,14,2,16.666666666666664,4
2024-11-30,P000046,LOC005,1,1,0,0.0,0
2024-11-30,P000046,LOC006,6,7,1,16.666666666666664,1
2024-11-30,P000046,LOC007,5,4,1,20.0,1
2024-11-30,P000046,LOC008,8,7,1,12.5,1
2024-11-30,P000046,LOC009,2,2,0,0.0,0
2024-11-30,P000046,LOC011,5,4,1,20.0,1
2024-11-30,P000046,LOC012,1,1,0,0.0,0
2024-11-30,P000046,LOC013,5,4,1,20.0,1
2024-11-30,P000046,LOC014,17,16,1,5.88235294117647,1
2024-11-30,P000046,LOC015,3,3,0,0.0,0
2024-11-30,P000046,LOC016,7,7,0,0.0,0
2024-11-30,P000046,LOC017,11,9,2,18.181818181818183,4
2024-11-30,P000046,LOC018,3,3,0,0.0,0
2024-11-30,P000046,LOC020,2,2,0,0.0,0
2024-11-30,P000047,LOC001,5,6,1,20.0,1
2024-11-30,P000047,LOC002,5,5,0,0.0,0
2024-11-30,P000047,LOC003,7,7,0,0.0,0
2024-11-30,P000047,LOC004,4,4,0,0.0,0
2024-11-30,P000047,LOC006,4,4,0,0.0,0
2024-11-30,P000047,LOC008,8,9,1,12.5,1
2024-11-30,P000047,LOC009,2,2,0,0.0,0
2024-11-30,P000047,LOC010,3,3,0,0.0,0
2024-11-30,P000047,LOC011,11,10,1,9.090909090909092,1
2024-11-30,P000047,LOC012,9,7,2,22.22222222222222,4
2024-11-30,P000047,LOC014,1,1,0,0.0,0
2024-11-30,P000047,LOC015,4,4,0,0.0,0
2024-11-30,P000047,LOC017,4,4,0,0.0,0
2024-11-30,P000047,LOC018,14,13,1,7.142857142857142,1
2024-11-30,P000047,LOC020,4,4,0,0.0,0
2024-11-30,P000048,LOC001,5,5,0,0.0,0
2024-11-30,P000048,LOC002,6,6,0,0.0,0
2024-11-30,P000048,LOC003,3,2,1,33.33333333333333,1
2024-11-30,P000048,LOC004,1,1,0,0.0,0
2024-11-30,P000048,LOC005,8,8,0,0.0,0
2024-11-30,P000048,LOC006,4,4,0,0.0,0
2024-11-30,P000048,LOC007,2,2,0,0.0,0
2024-11-30,P000048,LOC008,8,9,1,12.5,1
2024-11-30,P000048,LOC009,5,6,1,20.0,1
2024-11-30,P000048,LOC011,15,13,2,13.333333333333334,4
2024-11-30,P000048,LOC012,6,5,1,16.666666666666664,1
2024-11-30,P000048,LOC013,2,2,0,0.0,0
2024-11-30,P000048,LOC014,6,6,0,0.0,0
2024-11-30,P000048,LOC015,4,3,1,25.0,1
2024-11-30,P000048,LOC016,1,1,0,0.0,0
2024-11-30,P000048,LOC017,6,6,0,0.0,0
2024-11-30,P000048,LOC019,1,1,0,0.0,0
2024-11-30,P000048,LOC020,4,5,1,25.0,1
2024-11-30,P000049,LOC002,4,4,0,0.0,0
2024-11-30,P000049,LOC004,8,8,0,0.0,0
2024-11-30,P000049,LOC005,2,2,0,0.0,0
2024-11-30,P000049,LOC006,10,8,2,20.0,4
2024-11-30,P000049,LOC007,12,11,1,8.333333333333332,1
2024-11-30,P000049,LOC008,1,1,0,0.0,0
2024-11-30,P000049,LOC009,6,6,0,0.0,0
2024-11-30,P000049,LOC010,10,9,1,10.0,1
2024-11-30,P000049,LOC011,8,9,1,12.5,1
2024-11-30,P000049,LOC012,1,1,0,0.0,0
2024-11-30,P000049,LOC013,10,12,2,20.0,4
2024-11-30,P000049,LOC016,9,10,1,11.11111111111111,1
2024-11-30,P000049,LOC017,9,9,0,0.0,0
2024-11-30,P000049,LOC019,1,1,0,0.0,0
2024-11-30,P000049,LOC020,7,8,1,14.285714285714285,1
2024-11-30,P000050,LOC001,10,9,1,10.0,1
2024-11-30,P000050,LOC002,12,14,2,16.666666666666664,4
2024-11-30,P000050,LOC003,10,9,1,10.0,1
2024-11-30,P000050,LOC004,3,3,0,0.0,0
2024-11-30,P000050,LOC005,2,2,0,0.0,0
2024-11-30,P000050,LOC006,1,1,0,0.0,0
2024-11-30,P000050,LOC007,10,11,1,10.0,1
2024-11-30,P000050,LOC008,4,4,0,0.0,0
2024-11-30,P000050,LOC009,7,8,1,14.285714285714285,1
2024-11-30,P000050,LOC010,9,11,2,22.22222222222222,4
2024-11-30,P000050,LOC011,2,2,0,0.0,0
2024-11-30,P000050,LOC012,8,8,0,0.0,0
2024-11-30,P000050,LOC013,3,3,0,0.0,0
2024-11-30,P000050,LOC014,5,5,0,0.0,0
2024-11-30,P000050,LOC016,10,9,1,10.0,1
2024-11-30,P000050,LOC018,3,3,0,0.0,0
2024-11-30,P000050,LOC019,1,1,0,0.0,0
2024-11-30,P000050,LOC020,6,6,0,0.0,0
2024-11-30,P000051,LOC001,4,4,0,0.0,0
2024-11-30,P000051,LOC002,8,7,1,12.5,1
2024-11-30,P000051,LOC003,5,5,0,0.0,0
2024-11-30,P000051,LOC004,1,1,0,0.0,0
2024-11-30,P000051,LOC005,3,3,0,0.0,0
2024-11-30,P000051,LOC007,3,3,0,0.0,0
2024-11-30,P000051,LOC008,13,13,0,0.0,0
2024-11-30,P000051,LOC009,7,7,0,0.0,0
2024-11-30,P000051,LOC010,3,4,1,33.33333333333333,1
2024-11-30,P000051,LOC011,3,4,1,33.33333333333333,1
2024-11-30,P000051,LOC012,1,1,0,0.0,0
2024-11-30,P000051,LOC013,8,7,1,12.5,1
2024-11-30,P000051,LOC014,12,11,1,8.333333333333332,1
2024-11-30,P000051,LOC016,2,2,0,0.0,0
2024-11-30,P000051,LOC017,6,6,0,0.0,0
2024-11-30,P000052,LOC001,3,3,0,0.0,0
2024-11-30,P000052,LOC002,3,3,0,0.0,0
2024-11-30,P000052,LOC003,10,12,2,20.0,4
2024-11-30,P000052,LOC004,10,10,0,0.0,0
2024-11-30,P000052,LOC005,5,4,1,20.0,1
2024-11-30,P000052,LOC006,6,6,0,0.0,0
2024-11-30,P000052,LOC007,4,4,0,0.0,0
2024-11-30,P000052,LOC008,4,4,0,0.0,0
2024-11-30,P000052,LOC009,2,2,0,0.0,0
2024-11-30,P000052,LOC010,7,7,0,0.0,0
2024-11-30,P000052,LOC011,7,8,1,14.285714285714285,1
2024-11-30,P000052,LOC012,2,2,0,0.0,0
2024-11-30,P000052,LOC013,7,7,0,0.0,0
2024-11-30,P000052,LOC014,4,3,1,25.0,1
2024-11-30,P000052,LOC015,11,13,2,18.181818181818183,4
2024-11-30,P000052,LOC016,3,3,0,0.0,0
2024-11-30,P000052,LOC017,14,12,2,14.285714285714285,4
2024-11-30,P000052,LOC018,3,3,0,0.0,0
2024-11-30,P000052,LOC019,8,7,1,12.5,1
2024-11-30,P000053,LOC001,7,6,1,14.285714285714285,1
2024-11-30,P000053,LOC002,1,1,0,0.0,0
2024-11-30,P000053,LOC003,6,6,0,0.0,0
2024-11-30,P000053,LOC004,2,2,0,0.0,0
2024-11-30,P000053,LOC005,5,5,0,0.0,0
2024-11-30,P000053,LOC006,2,2,0,0.0,0
2024-11-30,P000053,LOC007,3,4,1,33.33333333333333,1
2024-11-30,P000053,LOC008,7,6,1,14.285714285714285,1
2024-11-30,P000053,LOC009,5,5,0,0.0,0
2024-11-30,P000053,LOC010,5,5,0,0.0,0
2024-11-30,P000053,LOC011,7,6,1,14.285714285714285,1
2024-11-30,P000053,LOC012,4,4,0,0.0,0
2024-11-30,P000053,LOC013,18,15,3,16.666666666666664,9
2024-11-30,P000053,LOC014,7,7,0,0.0,0
2024-11-30,P000053,LOC015,4,4,0,0.0,0
2024-11-30,P000053,LOC016,5,5,0,0.0,0
2024-11-30,P000053,LOC017,7,8,1,14.285714285714285,1
2024-11-30,P000053,LOC018,1,1,0,0.0,0
2024-11-30,P000053,LOC019,3,3,0,0.0,0
2024-11-30,P000054,LOC001,5,5,0,0.0,0
2024-11-30,P000054,LOC002,6,6,0,0.0,0
2024-11-30,P000054,LOC004,12,14,2,16.666666666666664,4
2024-11-30,P000054,LOC005,4,4,0,0.0,0
2024-11-30,P000054,LOC006,6,5,1,16.666666666666664,1
2024-11-30,P000054,LOC007,1,1,0,0.0,0
2024-11-30,P000054,LOC008,6,6,0,0.0,0
2024-11-30,P000054,LOC011,2,2,0,0.0,0
2024-11-30,P000054,LOC013,5,5,0,0.0,0
2024-11-30,P000054,LOC014,6,6,0,0.0,0
2024-11-30,P000054,LOC015,17,19,2,11.76470588235294,4
2024-11-30,P000054,LOC016,4,4,0,0.0,0
2024-11-30,P000054,LOC017,10,9,1,10.0,1
2024-11-30,P000054,LOC018,3,3,0,0.0,0
2024-11-30,P000054,LOC019,1,1,0,0.0,0
2024-11-30,P000055,LOC001,10,9,1,10.0,1
2024-11-30,P000055,LOC003,6,5,1,16.666666666666664,1
2024-11-30,P000055,LOC004,3,3,0,0.0,0
2024-11-30,P000055,LOC005,8,7,1,12.5,1
2024-11-30,P000055,LOC006,6,7,1,16.666666666666664,1
2024-11-30,P000055,LOC007,4,3,1,25.0,1
2024-11-30,P000055,LOC008,11,9,2,18.181818181818183,4
2024-11-30,P000055,LOC010,10,8,2,20.0,4
2024-11-30,P000055,LOC011,12,14,2,16.666666666666664,4
2024-11-30,P000055,LOC012,2,2,0,0.0,0
2024-11-30,P000055,LOC013,6,7,1,16.666666666666664,1
2024-11-30,P000055,LOC014,5,5,0,0.0,0
2024-11-30,P000055,LOC015,11,10,1,9.090909090909092,1
2024-11-30,P000055,LOC016,4,5,1,25.0,1
2024-11-30,P000055,LOC017,5,5,0,0.0,0
2024-11-30,P000055,LOC019,1,1,0,0.0,0
2024-11-30,P000055,LOC020,3,3,0,0.0,0
2024-11-30,P000056,LOC001,3,3,0,0.0,0
2024-11-30,P000056,LOC002,10,9,1,10.0,1
2024-11-30,P000056,LOC003,7,8,1,14.285714285714285,1
2024-11-30,P000056,LOC004,3,2,1,33.33333333333333,1
2024-11-30,P000056,LOC005,2,2,0,0.0,0
2024-11-30,P000056,LOC006,6,7,1,16.666666666666664,1
2024-11-30,P000056,LOC007,4,4,0,0.0,0
2024-11-30,P000056,LOC009,3,2,1,33.33333333333333,1
2024-11-30,P000056,LOC010,1,1,0,0.0,0
2024-11-30,P000056,LOC011,1,1,0,0.0,0
2024-11-30,P000056,LOC012,4,4,0,0.0,0
2024-11-30,P000056,LOC013,3,3,0,0.0,0
2024-11-30,P000056,LOC014,1,1,0,0.0,0
2024-11-30,P000056,LOC015,4,4,0,0.0,0
2024-11-30,P000056,LOC016,6,7,1,16.666666666666664,1
2024-11-30,P000056,LOC017,2,2,0,0.0,0
2024-11-30,P000056,LOC019,6,6,0,0.0,0
2024-11-30,P000056,LOC020,2,2,0,0.0,0
2024-11-30,P000057,LOC001,4,4,0,0.0,0
2024-11-30,P000057,LOC002,6,7,1,16.666666666666664,1
2024-11-30,P000057,LOC003,3,3,0,0.0,0
2024-11-30,P000057,LOC004,8,7,1,12.5,1
2024-11-30,P000057,LOC005,10,8,2,20.0,4
2024-11-30,P000057,LOC006,5,4,1,20.0,1
2024-11-30,P000057,LOC007,17,16,1,5.88235294117647,1
2024-11-30,P000057,LOC008,10,9,1,10.0,1
2024-11-30,P000057,LOC009,6,7,1,16.666666666666664,1
2024-11-30,P000057,LOC011,5,5,0,0.0,0
2024-11-30,P000057,LOC012,2,2,0,0.0,0
2024-11-30,P000057,LOC013,15,12,3,20.0,9
2024-11-30,P000057,LOC014,13,12,1,7.6923076923076925,1
2024-11-30,P000057,LOC015,6,5,1,16.666666666666664,1
2024-11-30,P000057,LOC016,3,3,0,0.0,0
2024-11-30,P000057,LOC018,3,4,1,33.33333333333333,1
2024-11-30,P000057,LOC019,3,4,1,33.33333333333333,1
2024-11-30,P000058,LOC002,2,2,0,0.0,0
2024-11-30,P000058,LOC004,8,7,1,12.5,1
2024-11-30,P000058,LOC005,9,11,2,22.22222222222222,4
2024-11-30,P000058,LOC006,7,8,1,14.285714285714285,1
2024-11-30,P000058,LOC007,8,7,1,12.5,1
2024-11-30,P000058,LOC008,6,7,1,16.666666666666664,1
2024-11-30,P000058,LOC009,12,14,2,16.666666666666664,4
2024-11-30,P000058,LOC010,2,2,0,0.0,0
2024-11-30,P000058,LOC011,2,2,0,0.0,0
2024-11-30,P000058,LOC012,4,4,0,0.0,0
2024-11-30,P000058,LOC013,7,8,1,14.285714285714285,1
2024-11-30,P000058,LOC014,1,1,0,0.0,0
2024-11-30,P000058,LOC017,6,6,0,0.0,0
2024-11-30,P000058,LOC018,4,4,0,0.0,0
2024-11-30,P000058,LOC019,5,5,0,0.0,0
2024-11-30,P000058,LOC020,5,5,0,0.0,0
2024-11-30,P000059,LOC001,3,3,0,0.0,0
2024-11-30,P000059,LOC002,1,1,0,0.0,0
2024-11-30,P000059,LOC003,3,3,0,0.0,0
2024-11-30,P000059,LOC004,6,7,1,16.666666666666664,1
2024-11-30,P000059,LOC005,1,1,0,0.0,0
2024-11-30,P000059,LOC007,5,5,0,0.0,0
2024-11-30,P000059,LOC008,3,3,0,0.0,0
2024-11-30,P000059,LOC010,5,6,1,20.0,1
2024-11-30,P000059,LOC011,5,5,0,0.0,0
2024-11-30,P000059,LOC012,6,7,1,16.666666666666664,1
2024-11-30,P000059,LOC014,5,6,1,20.0,1
2024-11-30,P000059,LOC016,3,2,1,33.33333333333333,1
2024-11-30,P000059,LOC017,5,4,1,20.0,1
2024-11-30,P000059,LOC019,2,2,0,0.0,0
2024-11-30,P000060,LOC001,5,5,0,0.0,0
2024-11-30,P000060,LOC002,4,4,0,0.0,0
2024-11-30,P000060,LOC003,19,21,2,10.526315789473683,4
2024-11-30,P000060,LOC004,5,5,0,0.0,0
2024-11-30,P000060,LOC005,17,15,2,11.76470588235294,4
2024-11-30,P000060,LOC007,3,3,0,0.0,0
2024-11-30,P000060,LOC008,6,6,0,0.0,0
2024-11-30,P000060,LOC009,10,11,1,10.0,1
2024-11-30,P000060,LOC010,7,7,0,0.0,0
2024-11-30,P000060,LOC011,7,7,0,0.0,0
2024-11-30,P000060,LOC012,10,9,1,10.0,1
2024-11-30,P000060,LOC013,1,1,0,0.0,0
2024-11-30,P000060,LOC014,10,10,0,0.0,0
2024-11-30,P000060,LOC015,13,12,1,7.6923076923076925,1
2024-11-30,P000060,LOC016,3,3,0,0.0,0
2024-11-30,P000060,LOC017,9,10,1,11.11111111111111,1
2024-11-30,P000060,LOC019,1,1,0,0.0,0
2024-11-30,P000060,LOC020,5,4,1,20.0,1
2024-11-30,P000061,LOC001,6,7,1,16.666666666666664,1
2024-11-30,P000061,LOC002,10,11,1,10.0,1
2024-11-30,P000061,LOC003,1,1,0,0.0,0
2024-11-30,P000061,LOC004,6,7,1,16.666666666666664,1
2024-11-30,P000061,LOC005,4,4,0,0.0,0
2024-11-30,P000061,LOC006,1,1,0,0.0,0
2024-11-30,P000061,LOC007,14,16,2,14.285714285714285,4
2024-11-30,P000061,LOC009,2,2,0,0.0,0
2024-11-30,P000061,LOC010,9,10,1,11.11111111111111,1
2024-11-30,P000061,LOC011,18,16,2,11.11111111111111,4
2024-11-30,P000061,LOC012,4,3,1,25.0,1
2024-11-30,P000061,LOC013,7,7,0,0.0,0
2024-11-30,P000061,LOC014,6,5,1,16.666666666666664,1
2024-11-30,P000061,LOC015,9,9,0,0.0,0
2024-11-30,P000061,LOC016,2,2,0,0.0,0
2024-11-30,P000061,LOC017,7,8,1,14.285714285714285,1
2024-11-30,P000061,LOC018,3,3,0,0.0,0
2024-11-30,P000061,LOC020,3,3,0,0.0,0
2024-11-30,P000062,LOC001,2,2,0,0.0,0
2024-11-30,P000062,LOC002,7,6,1,14.285714285714285,1
2024-11-30,P000062,LOC003,15,13,2,13.333333333333334,4
2024-11-30,P000062,LOC004,4,5,1,25.0,1
2024-11-30,P000062,LOC005,1,1,0,0.0,0
2024-11-30,P000062,LOC006,2,2,0,0.0,0
2024-11-30,P000062,LOC007,4,4,0,0.0,0
2024-11-30,P000062,LOC009,3,3,0,0.0,0
2024-11-30,P000062,LOC010,4,5,1,25.0,1
2024-11-30,P000062,LOC011,11,11,0,0.0,0
2024-11-30,P000062,LOC012,4,5,1,25.0,1
2024-11-30,P000062,LOC013,10,9,1,10.0,1
2024-11-30,P000062,LOC014,10,11,1,10.0,1
2024-11-30,P000062,LOC015,2,2,0,0.0,0
2024-11-30,P000062,LOC016,9,8,1,11.11111111111111,1
2024-11-30,P000062,LOC017,6,5,1,16.666666666666664,1
2024-11-30,P000062,LOC018,4,4,0,0.0,0
2024-11-30,P000062,LOC019,1,1,0,0.0,0
2024-11-30,P000062,LOC020,2,2,0,0.0,0
2024-11-30,P000063,LOC002,3,3,0,0.0,0
2024-11-30,P000063,LOC003,4,3,1,25.0,1
2024-11-30,P000063,LOC004,3,3,0,0.0,0
2024-11-30,P000063,LOC005,10,11,1,10.0,1
2024-11-30,P000063,LOC006,12,10,2,16.666666666666664,4
2024-11-30,P000063,LOC007,7,7,0,0.0,0
2024-11-30,P000063,LOC008,5,5,0,0.0,0
2024-11-30,P000063,LOC009,1,1,0,0.0,0
2024-11-30,P000063,LOC011,6,5,1,16.666666666666664,1
2024-11-30,P000063,LOC012,3,3,0,0.0,0
2024-11-30,P000063,LOC014,5,5,0,0.0,0
2024-11-30,P000063,LOC015,9,9,0,0.0,0
2024-11-30,P000063,LOC016,6,7,1,16.666666666666664,1
2024-11-30,P000063,LOC017,12,13,1,8.333333333333332,1
2024-11-30,P000063,LOC020,6,6,0,0.0,0
2024-11-30,P000064,LOC001,3,3,0,0.0,0
2024-11-30,P000064,LOC002,8,9,1,12.5,1
2024-11-30,P000064,LOC003,3,3,0,0.0,0
2024-11-30,P000064,LOC005,18,20,2,11.11111111111111,4
2024-11-30,P000064,LOC006,1,1,0,0.0,0
2024-11-30,P000064,LOC007,3,2,1,33.33333333333333,1
2024-11-30,P000064,LOC008,7,8,1,14.285714285714285,1
2024-11-30,P000064,LOC009,3,3,0,0.0,0
2024-11-30,P000064,LOC011,6,6,0,0.0,0
2024-11-30,P000064,LOC012,4,4,0,0.0,0
2024-11-30,P000064,LOC013,7,7,0,0.0,0
2024-11-30,P000064,LOC015,1,1,0,0.0,0
2024-11-30,P000064,LOC016,3,3,0,0.0,0
2024-11-30,P000064,LOC019,2,2,0,0.0,0
2024-11-30,P000064,LOC020,4,3,1,25.0,1
2024-11-30,P000065,LOC001,5,4,1,20.0,1
2024-11-30,P000065,LOC002,4,3,1,25.0,1
2024-11-30,P000065,LOC003,4,5,1,25.0,1
2024-11-30,P000065,LOC004,3,3,0,0.0,0
2024-11-30,P000065,LOC006,13,15,2,15.384615384615385,4
2024-11-30,P000065,LOC007,7,8,1,14.285714285714285,1
2024-11-30,P000065,LOC008,4,4,0,0.0,0
2024-11-30,P000065,LOC009,2,2,0,0.0,0
2024-11-30,P000065,LOC010,4,4,0,0.0,0
2024-11-30,P000065,LOC011,4,4,0,0.0,0
2024-11-30,P000065,LOC012,8,8,0,0.0,0
2024-11-30,P000065,LOC013,5,4,1,20.0,1
2024-11-30,P000065,LOC014,2,2,0,0.0,0
2024-11-30,P000065,LOC015,4,4,0,0.0,0
2024-11-30,P000065,LOC016,3,3,0,0.0,0
2024-11-30,P000065,LOC017,8,9,1,12.5,1
2024-11-30,P000065,LOC018,3,4,1,33.33333333333333,1
2024-11-30,P000065,LOC019,7,8,1,14.285714285714285,1
2024-11-30,P000066,LOC002,14,12,2,14.285714285714285,4
2024-11-30,P000066,LOC003,2,2,0,0.0,0
2024-11-30,P000066,LOC004,4,4,0,0.0,0
2024-11-30,P000066,LOC005,9,9,0,0.0,0
2024-11-30,P000066,LOC006,5,5,0,0.0,0
2024-11-30,P000066,LOC007,3,3,0,0.0,0
2024-11-30,P000066,LOC008,4,4,0,0.0,0
2024-11-30,P000066,LOC009,6,6,0,0.0,0
2024-11-30,P000066,LOC010,4,4,0,0.0,0
2024-11-30,P000066,LOC011,1,1,0,0.0,0
2024-11-30,P000066,LOC012,8,9,1,12.5,1
2024-11-30,P000066,LOC014,1,1,0,0.0,0
2024-11-30,P000066,LOC015,10,10,0,0.0,0
2024-11-30,P000066,LOC016,3,2,1,33.33333333333333,1
2024-11-30,P000066,LOC017,2,2,0,0.0,0
2024-11-30,P000066,LOC020,1,1,0,0.0,0
2024-11-30,P000067,LOC001,4,4,0,0.0,0
2024-11-30,P000067,LOC002,8,8,0,0.0,0
2024-11-30,P000067,LOC003,4,4,0,0.0,0
2024-11-30,P000067,LOC004,1,1,0,0.0,0
2024-11-30,P000067,LOC005,6,6,0,0.0,0
2024-11-30,P000067,LOC007,11,10,1,9.090909090909092,1
2024-11-30,P000067,LOC008,9,9,0,0.0,0
2024-11-30,P000067,LOC009,12,12,0,0.0,0
2024-11-30,P000067,LOC010,1,1,0,0.0,0
2024-11-30,P000067,LOC011,16,15,1,6.25,1
2024-11-30,P000067,LOC012,5,6,1,20.0,1
2024-11-30,P000067,LOC013,10,8,2,20.0,4
2024-11-30,P000067,LOC014,11,12,1,9.090909090909092,1
2024-11-30,P000067,LOC015,2,2,0,0.0,0
2024-11-30,P000067,LOC016,4,4,0,0.0,0
2024-11-30,P000067,LOC017,10,10,0,0.0,0
2024-11-30,P000067,LOC018,2,2,0,0.0,0
2024-11-30,P000067,LOC019,1,1,0,0.0,0
2024-11-30,P000067,LOC020,1,1,0,0.0,0
2024-11-30,P000068,LOC001,12,10,2,16.666666666666664,4
2024-11-30,P000068,LOC002,2,2,0,0.0,0
2024-11-30,P000068,LOC003,10,12,2,20.0,4
2024-11-30,P000068,LOC004,6,5,1,16.666666666666664,1
2024-11-30,P000068,LOC005,7,8,1,14.285714285714285,1
2024-11-30,P000068,LOC006,5,4,1,20.0,1
2024-11-30,P000068,LOC007,5,6,1,20.0,1
2024-11-30,P000068,LOC008,3,3,0,0.0,0
2024-11-30,P000068,LOC009,5,6,1,20.0,1
2024-11-30,P000068,LOC011,5,5,0,0.0,0
2024-11-30,P000068,LOC013,2,2,0,0.0,0
2024-11-30,P000068,LOC014,2,2,0,0.0,0
2024-11-30,P000068,LOC016,8,8,0,0.0,0
2024-11-30,P000068,LOC017,6,6,0,0.0,0
2024-11-30,P000068,LOC018,6,7,1,16.666666666666664,1
2024-11-30,P000068,LOC019,5,5,0,0.0,0
2024-11-30,P000068,LOC020,12,10,2,16.666666666666664,4
2024-11-30,P000069,LOC002,11,10,1,9.090909090909092,1
2024-11-30,P000069,LOC003,24,28,4,16.666666666666664,16
2024-11-30,P000069,LOC004,8,7,1,12.5,1
2024-11-30,P000069,LOC005,4,3,1,25.0,1
2024-11-30,P000069,LOC006,3,3,0,0.0,0
2024-11-30,P000069,LOC007,7,7,0,0.0,0
2024-11-30,P000069,LOC008,1,1,0,0.0,0
2024-11-30,P000069,LOC009,7,6,1,14.285714285714285,1
2024-11-30,P000069,LOC011,6,6,0,0.0,0
2024-11-30,P000069,LOC012,4,4,0,0.0,0
2024-11-30,P000069,LOC013,9,9,0,0.0,0
2024-11-30,P000069,LOC015,9,8,1,11.11111111111111,1
2024-11-30,P000069,LOC016,9,11,2,22.22222222222222,4
2024-11-30,P000069,LOC017,2,2,0,0.0,0
2024-11-30,P000069,LOC018,7,6,1,14.285714285714285,1
2024-11-30,P000069,LOC019,3,3,0,0.0,0
2024-11-30,P000070,LOC001,7,8,1,14.285714285714285,1
2024-11-30,P000070,LOC002,12,12,0,0.0,0
2024-11-30,P000070,LOC003,2,2,0,0.0,0
2024-11-30,P000070,LOC004,3,3,0,0.0,0
2024-11-30,P000070,LOC005,2,2,0,0.0,0
2024-11-30,P000070,LOC006,2,2,0,0.0,0
2024-11-30,P000070,LOC007,13,15,2,15.384615384615385,4
2024-11-30,P000070,LOC008,8,9,1,12.5,1
2024-11-30,P000070,LOC009,1,1,0,0.0,0
2024-11-30,P000070,LOC010,1,1,0,0.0,0
2024-11-30,P000070,LOC011,2,2,0,0.0,0
2024-11-30,P000070,LOC013,11,12,1,9.090909090909092,1
2024-11-30,P000070,LOC014,4,4,0,0.0,0
2024-11-30,P000070,LOC015,1,1,0,0.0,0
2024-11-30,P000070,LOC017,7,8,1,14.285714285714285,1
2024-11-30,P000070,LOC018,4,5,1,25.0,1
2024-11-30,P000070,LOC019,6,6,0,0.0,0
2024-11-30,P000071,LOC002,12,10,2,16.666666666666664,4
2024-11-30,P000071,LOC003,2,2,0,0.0,0
2024-11-30,P000071,LOC004,2,2,0,0.0,0
2024-11-30,P000071,LOC006,14,15,1,7.142857142857142,1
2024-11-30,P000071,LOC007,14,15,1,7.142857142857142,1
2024-11-30,P000071,LOC008,5,5,0,0.0,0
2024-11-30,P000071,LOC009,6,6,0,0.0,0
2024-11-30,P000071,LOC011,7,6,1,14.285714285714285,1
2024-11-30,P000071,LOC012,4,4,0,0.0,0
2024-11-30,P000071,LOC014,4,5,1,25.0,1
2024-11-30,P000071,LOC015,3,3,0,0.0,0
2024-11-30,P000071,LOC016,6,6,0,0.0,0
2024-11-30,P000071,LOC017,3,3,0,0.0,0
2024-11-30,P000071,LOC018,1,1,0,0.0,0
2024-11-30,P000071,LOC019,2,2,0,0.0,0
2024-11-30,P000072,LOC001,3,3,0,0.0,0
2024-11-30,P000072,LOC002,1,1,0,0.0,0
2024-11-30,P000072,LOC003,8,9,1,12.5,1
2024-11-30,P000072,LOC004,2,2,0,0.0,0
2024-11-30,P000072,LOC005,12,10,2,16.666666666666664,4
2024-11-30,P000072,LOC007,2,2,0,0.0,0
2024-11-30,P000072,LOC008,6,6,0,0.0,0
2024-11-30,P000072,LOC010,6,5,1,16.666666666666664,1
2024-11-30,P000072,LOC011,10,11,1,10.0,1
2024-11-30,P000072,LOC013,1,1,0,0.0,0
2024-11-30,P000072,LOC014,4,4,0,0.0,0
2024-11-30,P000072,LOC015,3,3,0,0.0,0
2024-11-30,P000072,LOC016,5,6,1,20.0,1
2024-11-30,P000072,LOC017,5,6,1,20.0,1
2024-11-30,P000072,LOC018,2,2,0,0.0,0
2024-11-30,P000072,LOC019,7,8,1,14.285714285714285,1
2024-11-30,P000072,LOC020,4,4,0,0.0,0
2024-11-30,P000073,LOC002,14,12,2,14.285714285714285,4
2024-11-30,P000073,LOC003,4,4,0,0.0,0
2024-11-30,P000073,LOC005,4,4,0,0.0,0
2024-11-30,P000073,LOC006,17,18,1,5.88235294117647,1
2024-11-30,P000073,LOC007,4,4,0,0.0,0
2024-11-30,P000073,LOC009,6,6,0,0.0,0
2024-11-30,P000073,LOC010,2,2,0,0.0,0
2024-11-30,P000073,LOC011,15,17,2,13.333333333333334,4
2024-11-30,P000073,LOC013,7,6,1,14.285714285714285,1
2024-11-30,P000073,LOC014,4,3,1,25.0,1
2024-11-30,P000073,LOC016,8,7,1,12.5,1
2024-11-30,P000073,LOC017,6,5,1,16.666666666666664,1
2024-11-30,P000073,LOC018,6,5,1,16.666666666666664,1
2024-11-30,P000073,LOC019,7,7,0,0.0,0
2024-11-30,P000073,LOC020,4,3,1,25.0,1
2024-11-30,P000074,LOC001,4,4,0,0.0,0
2024-11-30,P000074,LOC002,10,8,2,20.0,4
2024-11-30,P000074,LOC003,4,4,0,0.0,0
2024-11-30,P000074,LOC004,1,1,0,0.0,0
2024-11-30,P000074,LOC005,12,11,1,8.333333333333332,1
2024-11-30,P000074,LOC006,13,11,2,15.384615384615385,4
2024-11-30,P000074,LOC007,7,8,1,14.285714285714285,1
2024-11-30,P000074,LOC008,4,4,0,0.0,0
2024-11-30,P000074,LOC009,2,2,0,0.0,0
2024-11-30,P000074,LOC010,8,9,1,12.5,1
2024-11-30,P000074,LOC011,7,8,1,14.285714285714285,1
2024-11-30,P000074,LOC012,10,10,0,0.0,0
2024-11-30,P000074,LOC013,1,1,0,0.0,0
2024-11-30,P000074,LOC014,10,12,2,20.0,4
2024-11-30,P000074,LOC015,1,1,0,0.0,0
2024-11-30,P000074,LOC017,8,7,1,12.5,1
2024-11-30,P000074,LOC018,1,1,0,0.0,0
2024-11-30,P000074,LOC019,6,5,1,16.666666666666664,1
2024-11-30,P000075,LOC002,10,10,0,0.0,0
2024-11-30,P000075,LOC003,7,6,1,14.285714285714285,1
2024-11-30,P000075,LOC004,9,9,0,0.0,0
2024-11-30,P000075,LOC005,6,6,0,0.0,0
2024-11-30,P000075,LOC008,5,4,1,20.0,1
2024-11-30,P000075,LOC009,4,4,0,0.0,0
2024-11-30,P000075,LOC010,6,7,1,16.666666666666664,1
2024-11-30,P000075,LOC011,5,5,0,0.0,0
2024-11-30,P000075,LOC012,4,4,0,0.0,0
2024-11-30,P000075,LOC013,2,2,0,0.0,0
2024-11-30,P000075,LOC014,3,3,0,0.0,0
2024-11-30,P000075,LOC016,5,5,0,0.0,0
2024-11-30,P000075,LOC017,10,11,1,10.0,1
2024-11-30,P000075,LOC019,9,8,1,11.11111111111111,1
2024-11-30,P000075,LOC020,2,2,0,0.0,0
2024-11-30,P000076,LOC001,7,6,1,14.285714285714285,1
2024-11-30,P000076,LOC002,4,5,1,25.0,1
2024-11-30,P000076,LOC003,2,2,0,0.0,0
2024-11-30,P000076,LOC004,12,10,2,16.666666666666664,4
2024-11-30,P000076,LOC005,11,10,1,9.090909090909092,1
2024-11-30,P000076,LOC006,5,5,0,0.0,0
2024-11-30,P000076,LOC007,11,9,2,18.181818181818183,4
2024-11-30,P000076,LOC008,5,5,0,0.0,0
2024-11-30,P000076,LOC009,1,1,0,0.0,0
2024-11-30,P000076,LOC010,6,6,0,0.0,0
2024-11-30,P000076,LOC011,6,6,0,0.0,0
2024-11-30,P000076,LOC013,9,10,1,11.11111111111111,1
2024-11-30,P000076,LOC014,3,3,0,0.0,0
2024-11-30,P000076,LOC015,11,11,0,0.0,0
2024-11-30,P000076,LOC016,8,8,0,0.0,0
2024-11-30,P000076,LOC018,4,3,1,25.0,1
2024-11-30,P000076,LOC019,1,1,0,0.0,0
2024-11-30,P000077,LOC001,2,2,0,0.0,0
2024-11-30,P000077,LOC002,11,11,0,0.0,0
2024-11-30,P000077,LOC003,10,8,2,20.0,4
2024-11-30,P000077,LOC004,1,1,0,0.0,0
2024-11-30,P000077,LOC005,6,6,0,0.0,0
2024-11-30,P000077,LOC006,3,3,0,0.0,0
2024-11-30,P000077,LOC007,11,11,0,0.0,0
2024-11-30,P000077,LOC008,2,2,0,0.0,0
2024-11-30,P000077,LOC009,3,3,0,0.0,0
2024-11-30,P000077,LOC010,7,6,1,14.285714285714285,1
2024-11-30,P000077,LOC011,11,10,1,9.090909090909092,1
2024-11-30,P000077,LOC012,2,2,0,0.0,0
2024-11-30,P000077,LOC013,4,5,1,25.0,1
2024-11-30,P000077,LOC015,8,9,1,12.5,1
2024-11-30,P000077,LOC016,3,2,1,33.33333333333333,1
2024-11-30,P000077,LOC017,6,7,1,16.666666666666664,1
2024-11-30,P000077,LOC019,14,12,2,14.285714285714285,4
2024-11-30,P000077,LOC020,8,8,0,0.0,0
2024-11-30,P000078,LOC002,6,6,0,0.0,0
2024-11-30,P000078,LOC003,6,7,1,16.666666666666664,1
2024-11-30,P000078,LOC004,4,4,0,0.0,0
2024-11-30,P000078,LOC005,4,5,1,25.0,1
2024-11-30,P000078,LOC007,6,5,1,16.666666666666664,1
2024-11-30,P000078,LOC008,2,2,0,0.0,0
2024-11-30,P000078,LOC009,3,3,0,0.0,0
2024-11-30,P000078,LOC010,6,5,1,16.666666666666664,1
2024-11-30,P000078,LOC011,19,17,2,10.526315789473683,4
2024-11-30,P000078,LOC012,3,2,1,33.33333333333333,1
2024-11-30,P000078,LOC013,6,7,1,16.666666666666664,1
2024-11-30,P000078,LOC014,6,6,0,0.0,0
2024-11-30,P000078,LOC015,4,5,1,25.0,1
2024-11-30,P000078,LOC016,7,6,1,14.285714285714285,1
2024-11-30,P000078,LOC017,4,4,0,0.0,0
2024-11-30,P000078,LOC019,8,7,1,12.5,1
2024-11-30,P000078,LOC020,6,6,0,0.0,0
2024-11-30,P000079,LOC001,5,4,1,20.0,1
2024-11-30,P000079,LOC002,4,4,0,0.0,0
2024-11-30,P000079,LOC003,2,2,0,0.0,0
2024-11-30,P000079,LOC004,1,1,0,0.0,0
2024-11-30,P000079,LOC005,12,12,0,0.0,0
2024-11-30,P000079,LOC006,12,11,1,8.333333333333332,1
2024-11-30,P000079,LOC007,2,2,0,0.0,0
2024-11-30,P000079,LOC008,8,7,1,12.5,1
2024-11-30,P000079,LOC009,1,1,0,0.0,0
2024-11-30,P000079,LOC010,12,10,2,16.666666666666664,4
2024-11-30,P000079,LOC011,7,7,0,0.0,0
2024-11-30,P000079,LOC012,9,10,1,11.11111111111111,1
2024-11-30,P000079,LOC014,4,4,0,0.0,0
2024-11-30,P000079,LOC015,5,5,0,0.0,0
2024-11-30,P000079,LOC016,16,14,2,12.5,4
2024-11-30,P000079,LOC017,3,3,0,0.0,0
2024-11-30,P000079,LOC018,3,3,0,0.0,0
2024-11-30,P000079,LOC019,2,2,0,0.0,0
2024-11-30,P000079,LOC020,9,8,1,11.11111111111111,1
2024-11-30,P000080,LOC001,7,8,1,14.285714285714285,1
2024-11-30,P000080,LOC002,2,2,0,0.0,0
2024-11-30,P000080,LOC004,6,7,1,16.666666666666664,1
2024-11-30,P000080,LOC005,19,23,4,21.052631578947366,16
2024-11-30,P000080,LOC006,2,2,0,0.0,0
2024-11-30,P000080,LOC007,8,7,1,12.5,1
2024-11-30,P000080,LOC009,6,5,1,16.666666666666664,1
2024-11-30,P000080,LOC011,7,8,1,14.285714285714285,1
2024-11-30,P000080,LOC012,6,6,0,0.0,0
2024-11-30,P000080,LOC013,1,1,0,0.0,0
2024-11-30,P000080,LOC015,1,1,0,0.0,0
2024-11-30,P000080,LOC016,2,2,0,0.0,0
2024-11-30,P000080,LOC017,7,7,0,0.0,0
2024-11-30,P000080,LOC018,1,1,0,0.0,0
2024-11-30,P000080,LOC019,1,1,0,0.0,0
2024-11-30,P000081,LOC001,1,1,0,0.0,0
2024-11-30,P000081,LOC002,7,6,1,14.285714285714285,1
2024-11-30,P000081,LOC003,8,7,1,12.5,1
2024-11-30,P000081,LOC005,6,7,1,16.666666666666664,1
2024-11-30,P000081,LOC006,10,9,1,10.0,1
2024-11-30,P000081,LOC007,4,4,0,0.0,0
2024-11-30,P000081,LOC008,13,12,1,7.6923076923076925,1
2024-11-30,P000081,LOC009,1,1,0,0.0,0
2024-11-30,P000081,LOC010,2,2,0,0.0,0
2024-11-30,P000081,LOC011,22,20,2,9.090909090909092,4
2024-11-30,P000081,LOC012,3,3,0,0.0,0
2024-11-30,P000081,LOC013,8,7,1,12.5,1
2024-11-30,P000081,LOC014,5,4,1,20.0,1
2024-11-30,P000081,LOC016,5,5,0,0.0,0
2024-11-30,P000081,LOC017,4,5,1,25.0,1
2024-11-30,P000081,LOC018,3,3,0,0.0,0
2024-11-30,P000081,LOC019,6,7,1,16.666666666666664,1
2024-11-30,P000081,LOC020,4,4,0,0.0,0
2024-11-30,P000082,LOC002,11,10,1,9.090909090909092,1
2024-11-30,P000082,LOC003,12,12,0,0.0,0
2024-11-30,P000082,LOC004,1,1,0,0.0,0
2024-11-30,P000082,LOC005,1,1,0,0.0,0
2024-11-30,P000082,LOC006,7,6,1,14.285714285714285,1
2024-11-30,P000082,LOC007,8,9,1,12.5,1
2024-11-30,P000082,LOC008,1,1,0,0.0,0
2024-11-30,P000082,LOC009,12,13,1,8.333333333333332,1
2024-11-30,P000082,LOC010,1,1,0,0.0,0
2024-11-30,P000082,LOC011,8,9,1,12.5,1
2024-11-30,P000082,LOC012,3,3,0,0.0,0
2024-11-30,P000082,LOC013,13,13,0,0.0,0
2024-11-30,P000082,LOC014,2,2,0,0.0,0
2024-11-30,P000082,LOC015,2,2,0,0.0,0
2024-11-30,P000082,LOC016,6,5,1,16.666666666666664,1
2024-11-30,P000082,LOC017,9,10,1,11.11111111111111,1
2024-11-30,P000082,LOC019,9,8,1,11.11111111111111,1
2024-11-30,P000082,LOC020,2,2,0,0.0,0
2024-11-30,P000083,LOC001,4,4,0,0.0,0
2024-11-30,P000083,LOC002,14,12,2,14.285714285714285,4
2024-11-30,P000083,LOC003,3,3,0,0.0,0
2024-11-30,P000083,LOC004,3,3,0,0.0,0
2024-11-30,P000083,LOC005,1,1,0,0.0,0
2024-11-30,P000083,LOC006,2,2,0,0.0,0
2024-11-30,P000083,LOC007,1,1,0,0.0,0
2024-11-30,P000083,LOC008,8,7,1,12.5,1
2024-11-30,P000083,LOC009,1,1,0,0.0,0
2024-11-30,P000083,LOC011,7,7,0,0.0,0
2024-11-30,P000083,LOC012,11,11,0,0.0,0
2024-11-30,P000083,LOC013,1,1,0,0.0,0
2024-11-30,P000083,LOC014,1,1,0,0.0,0
2024-11-30,P000083,LOC015,4,4,0,0.0,0
2024-11-30,P000083,LOC016,4,3,1,25.0,1
2024-11-30,P000083,LOC019,1,1,0,0.0,0
2024-11-30,P000083,LOC020,8,7,1,12.5,1
2024-11-30,P000084,LOC001,5,5,0,0.0,0
2024-11-30,P000084,LOC002,4,4,0,0.0,0
2024-11-30,P000084,LOC003,3,3,0,0.0,0
2024-11-30,P000084,LOC004,4,5,1,25.0,1
2024-11-30,P000084,LOC007,1,1,0,0.0,0
2024-11-30,P000084,LOC008,5,6,1,20.0,1
2024-11-30,P000084,LOC009,6,5,1,16.666666666666664,1
2024-11-30,P000084,LOC010,9,9,0,0.0,0
2024-11-30,P000084,LOC011,8,9,1,12.5,1
2024-11-30,P000084,LOC012,5,5,0,0.0,0
2024-11-30,P000084,LOC014,1,1,0,0.0,0
2024-11-30,P000084,LOC015,4,5,1,25.0,1
2024-11-30,P000084,LOC016,6,6,0,0.0,0
2024-11-30,P000084,LOC017,1,1,0,0.0,0
2024-11-30,P000084,LOC019,11,10,1,9.090909090909092,1
2024-11-30,P000084,LOC020,5,5,0,0.0,0
2024-11-30,P000085,LOC001,4,4,0,0.0,0
2024-11-30,P000085,LOC002,4,5,1,25.0,1
2024-11-30,P000085,LOC003,8,8,0,0.0,0
2024-11-30,P000085,LOC004,1,1,0,0.0,0
2024-11-30,P000085,LOC005,6,5,1,16.666666666666664,1
2024-11-30,P000085,LOC007,4,4,0,0.0,0
2024-11-30,P000085,LOC008,5,5,0,0.0,0
2024-11-30,P000085,LOC009,6,6,0,0.0,0
2024-11-30,P000085,LOC010,2,2,0,0.0,0
2024-11-30,P000085,LOC012,2,2,0,0.0,0
2024-11-30,P000085,LOC013,11,10,1,9.090909090909092,1
2024-11-30,P000085,LOC015,3,3,0,0.0,0
2024-11-30,P000085,LOC016,4,4,0,0.0,0
2024-11-30,P000085,LOC017,1,1,0,0.0,0
2024-11-30,P000085,LOC018,1,1,0,0.0,0
2024-11-30,P000086,LOC002,10,8,2,20.0,4
2024-11-30,P000086,LOC003,11,13,2,18.181818181818183,4
2024-11-30,P000086,LOC004,14,14,0,0.0,0
2024-11-30,P000086,LOC005,3,3,0,0.0,0
2024-11-30,P000086,LOC008,4,4,0,0.0,0
2024-11-30,P000086,LOC009,2,2,0,0.0,0
2024-11-30,P000086,LOC010,11,11,0,0.0,0
2024-11-30,P000086,LOC011,4,4,0,0.0,0
2024-11-30,P000086,LOC014,16,14,2,12.5,4
2024-11-30,P000086,LOC015,7,6,1,14.285714285714285,1
2024-11-30,P000086,LOC016,1,1,0,0.0,0
2024-11-30,P000086,LOC017,5,5,0,0.0,0
2024-11-30,P000086,LOC019,9,9,0,0.0,0
2024-11-30,P000086,LOC020,3,4,1,33.33333333333333,1
2024-11-30,P000087,LOC001,2,2,0,0.0,0
2024-11-30,P000087,LOC002,2,2,0,0.0,0
2024-11-30,P000087,LOC003,4,4,0,0.0,0
2024-11-30,P000087,LOC005,1,1,0,0.0,0
2024-11-30,P000087,LOC006,4,4,0,0.0,0
2024-11-30,P000087,LOC007,1,1,0,0.0,0
2024-11-30,P000087,LOC008,10,10,0,0.0,0
2024-11-30,P000087,LOC010,1,1,0,0.0,0
2024-11-30,P000087,LOC011,10,11,1,10.0,1
2024-11-30,P000087,LOC014,1,1,0,0.0,0
2024-11-30,P000087,LOC015,4,5,1,25.0,1
2024-11-30,P000087,LOC016,3,3,0,0.0,0
2024-11-30,P000087,LOC017,5,4,1,20.0,1
2024-11-30,P000087,LOC019,3,4,1,33.33333333333333,1
2024-11-30,P000087,LOC020,4,3,1,25.0,1
2024-11-30,P000088,LOC001,4,4,0,0.0,0
2024-11-30,P000088,LOC002,2,2,0,0.0,0
2024-11-30,P000088,LOC003,4,5,1,25.0,1
2024-11-30,P000088,LOC004,7,7,0,0.0,0
2024-11-30,P000088,LOC006,4,3,1,25.0,1
2024-11-30,P000088,LOC007,4,4,0,0.0,0
2024-11-30,P000088,LOC008,7,8,1,14.285714285714285,1
2024-11-30,P000088,LOC009,4,3,1,25.0,1
2024-11-30,P000088,LOC011,2,2,0,0.0,0
2024-11-30,P000088,LOC014,5,4,1,20.0,1
2024-11-30,P000088,LOC015,14,14,0,0.0,0
2024-11-30,P000088,LOC016,10,11,1,10.0,1
2024-11-30,P000088,LOC017,1,1,0,0.0,0
2024-11-30,P000088,LOC018,17,15,2,11.76470588235294,4
2024-11-30,P000088,LOC019,4,4,0,0.0,0
2024-11-30,P000088,LOC020,7,7,0,0.0,0
2024-11-30,P000089,LOC001,1,1,0,0.0,0
2024-11-30,P000089,LOC002,9,10,1,11.11111111111111,1
2024-11-30,P000089,LOC003,13,15,2,15.384615384615385,4
2024-11-30,P000089,LOC004,4,5,1,25.0,1
2024-11-30,P000089,LOC005,7,7,0,0.0,0
2024-11-30,P000089,LOC006,11,10,1,9.090909090909092,1
2024-11-30,P000089,LOC007,7,6,1,14.285714285714285,1
2024-11-30,P000089,LOC008,7,6,1,14.285714285714285,1
2024-11-30,P000089,LOC009,1,1,0,0.0,0
2024-11-30,P000089,LOC010,6,7,1,16.666666666666664,1
2024-11-30,P000089,LOC011,11,11,0,0.0,0
2024-11-30,P000089,LOC012,3,3,0,0.0,0
2024-11-30,P000089,LOC013,5,5,0,0.0,0
2024-11-30,P000089,LOC014,1,1,0,0.0,0
2024-11-30,P000089,LOC015,21,22,1,4.761904761904762,1
2024-11-30,P000089,LOC017,8,7,1,12.5,1
2024-11-30,P000089,LOC019,3,4,1,33.33333333333333,1
2024-11-30,P000089,LOC020,12,13,1,8.333333333333332,1
2024-11-30,P000090,LOC002,11,9,2,18.181818181818183,4
2024-11-30,P000090,LOC003,8,9,1,12.5,1
2024-11-30,P000090,LOC005,6,7,1,16.666666666666664,1
2024-11-30,P000090,LOC007,7,8,1,14.285714285714285,1
2024-11-30,P000090,LOC008,4,5,1,25.0,1
2024-11-30,P000090,LOC009,8,7,1,12.5,1
2024-11-30,P000090,LOC010,11,10,1,9.090909090909092,1
2024-11-30,P000090,LOC011,6,6,0,0.0,0
2024-11-30,P000090,LOC012,2,2,0,0.0,0
2024-11-30,P000090,LOC013,7,8,1,14.285714285714285,1
2024-11-30,P000090,LOC014,3,3,0,0.0,0
2024-11-30,P000090,LOC015,6,5,1,16.666666666666664,1
2024-11-30,P000090,LOC016,12,12,0,0.0,0
2024-11-30,P000090,LOC017,9,10,1,11.11111111111111,1
2024-11-30,P000090,LOC019,7,7,0,0.0,0
2024-11-30,P000091,LOC001,2,2,0,0.0,0
2024-11-30,P000091,LOC002,12,14,2,16.666666666666664,4
2024-11-30,P000091,LOC003,5,5,0,0.0,0
2024-11-30,P000091,LOC005,3,3,0,0.0,0
2024-11-30,P000091,LOC007,12,14,2,16.666666666666664,4
2024-11-30,P000091,LOC008,2,2,0,0.0,0
2024-11-30,P000091,LOC009,3,3,0,0.0,0
2024-11-30,P000091,LOC010,4,4,0,0.0,0
2024-11-30,P000091,LOC011,1,1,0,0.0,0
2024-11-30,P000091,LOC012,5,6,1,20.0,1
2024-11-30,P000091,LOC013,10,11,1,10.0,1
2024-11-30,P000091,LOC014,22,21,1,4.545454545454546,1
2024-11-30,P000091,LOC016,10,8,2,20.0,4
2024-11-30,P000091,LOC017,3,3,0,0.0,0
2024-11-30,P000091,LOC018,4,4,0,0.0,0
2024-11-30,P000091,LOC019,7,8,1,14.285714285714285,1
2024-11-30,P000091,LOC020,2,2,0,0.0,0
2024-11-30,P000092,LOC001,3,3,0,0.0,0
2024-11-30,P000092,LOC002,10,12,2,20.0,4
2024-11-30,P000092,LOC003,8,8,0,0.0,0
2024-11-30,P000092,LOC004,6,5,1,16.666666666666664,1
2024-11-30,P000092,LOC005,2,2,0,0.0,0
2024-11-30,P000092,LOC007,12,11,1,8.333333333333332,1
2024-11-30,P000092,LOC008,3,3,0,0.0,0
2024-11-30,P000092,LOC009,9,10,1,11.11111111111111,1
2024-11-30,P000092,LOC010,4,4,0,0.0,0
2024-11-30,P000092,LOC011,8,7,1,12.5,1
2024-11-30,P000092,LOC013,3,3,0,0.0,0
2024-11-30,P000092,LOC015,11,13,2,18.181818181818183,4
2024-11-30,P000092,LOC016,11,11,0,0.0,0
2024-11-30,P000092,LOC017,15,14,1,6.666666666666667,1
2024-11-30,P000092,LOC018,4,4,0,0.0,0
2024-11-30,P000092,LOC019,2,2,0,0.0,0
2024-11-30,P000092,LOC020,13,14,1,7.6923076923076925,1
2024-11-30,P000093,LOC001,10,9,1,10.0,1
2024-11-30,P000093,LOC002,9,9,0,0.0,0
2024-11-30,P000093,LOC003,4,4,0,0.0,0
2024-11-30,P000093,LOC004,5,6,1,20.0,1
2024-11-30,P000093,LOC005,8,8,0,0.0,0
2024-11-30,P000093,LOC006,2,2,0,0.0,0
2024-11-30,P000093,LOC007,9,9,0,0.0,0
2024-11-30,P000093,LOC009,3,2,1,33.33333333333333,1
2024-11-30,P000093,LOC010,3,3,0,0.0,0
2024-11-30,P000093,LOC011,7,7,0,0.0,0
2024-11-30,P000093,LOC013,9,10,1,11.11111111111111,1
2024-11-30,P000093,LOC014,11,9,2,18.181818181818183,4
2024-11-30,P000093,LOC015,8,8,0,0.0,0
2024-11-30,P000093,LOC016,12,12,0,0.0,0
2024-11-30,P000093,LOC017,4,4,0,0.0,0
2024-11-30,P000093,LOC019,6,7,1,16.666666666666664,1
2024-11-30,P000093,LOC020,10,9,1,10.0,1
2024-11-30,P000094,LOC002,5,4,1,20.0,1
2024-11-30,P000094,LOC003,16,15,1,6.25,1
2024-11-30,P000094,LOC004,1,1,0,0.0,0
2024-11-30,P000094,LOC005,2,2,0,0.0,0
2024-11-30,P000094,LOC006,6,5,1,16.666666666666664,1
2024-11-30,P000094,LOC007,3,3,0,0.0,0
2024-11-30,P000094,LOC008,12,14,2,16.666666666666664,4
2024-11-30,P000094,LOC009,7,8,1,14.285714285714285,1
2024-11-30,P000094,LOC010,4,5,1,25.0,1
2024-11-30,P000094,LOC011,9,9,0,0.0,0
2024-11-30,P000094,LOC013,6,6,0,0.0,0
2024-11-30,P000094,LOC015,1,1,0,0.0,0
2024-11-30,P000094,LOC016,2,2,0,0.0,0
2024-11-30,P000094,LOC017,6,6,0,0.0,0
2024-11-30,P000094,LOC018,14,12,2,14.285714285714285,4
2024-11-30,P000094,LOC019,13,11,2,15.384615384615385,4
2024-11-30,P000094,LOC020,7,7,0,0.0,0
2024-11-30,P000095,LOC001,4,3,1,25.0,1
2024-11-30,P000095,LOC002,6,5,1,16.666666666666664,1
2024-11-30,P000095,LOC003,16,17,1,6.25,1
2024-11-30,P000095,LOC007,4,4,0,0.0,0
2024-11-30,P000095,LOC008,2,2,0,0.0,0
2024-11-30,P000095,LOC009,7,8,1,14.285714285714285,1
2024-11-30,P000095,LOC010,8,8,0,0.0,0
2024-11-30,P000095,LOC011,5,5,0,0.0,0
2024-11-30,P000095,LOC012,6,5,1,16.666666666666664,1
2024-11-30,P000095,LOC013,3,3,0,0.0,0
2024-11-30,P000095,LOC014,9,10,1,11.11111111111111,1
2024-11-30,P000095,LOC015,4,4,0,0.0,0
2024-11-30,P000095,LOC016,2,2,0,0.0,0
2024-11-30,P000095,LOC017,1,1,0,0.0,0
2024-11-30,P000095,LOC019,4,4,0,0.0,0
2024-11-30,P000095,LOC020,3,3,0,0.0,0
2024-11-30,P000096,LOC003,11,12,1,9.090909090909092,1
2024-11-30,P000096,LOC004,2,2,0,0.0,0
2024-11-30,P000096,LOC005,9,9,0,0.0,0
2024-11-30,P000096,LOC006,4,4,0,0.0,0
2024-11-30,P000096,LOC007,7,6,1,14.285714285714285,1
2024-11-30,P000096,LOC008,5,5,0,0.0,0
2024-11-30,P000096,LOC009,10,11,1,10.0,1
2024-11-30,P000096,LOC011,2,2,0,0.0,0
2024-11-30,P000096,LOC012,1,1,0,0.0,0
2024-11-30,P000096,LOC013,1,1,0,0.0,0
2024-11-30,P000096,LOC014,12,13,1,8.333333333333332,1
2024-11-30,P000096,LOC015,5,4,1,20.0,1
2024-11-30,P000096,LOC016,2,2,0,0.0,0
2024-11-30,P000096,LOC017,11,12,1,9.090909090909092,1
2024-11-30,P000096,LOC019,2,2,0,0.0,0
2024-11-30,P000096,LOC020,1,1,0,0.0,0
2024-11-30,P000097,LOC001,12,11,1,8.333333333333332,1
2024-11-30,P000097,LOC002,6,5,1,16.666666666666664,1
2024-11-30,P000097,LOC003,2,2,0,0.0,0
2024-11-30,P000097,LOC004,5,4,1,20.0,1
2024-11-30,P000097,LOC005,23,22,1,4.3478260869565215,1
2024-11-30,P000097,LOC006,4,4,0,0.0,0
2024-11-30,P000097,LOC007,5,5,0,0.0,0
2024-11-30,P000097,LOC008,6,7,1,16.666666666666664,1
2024-11-30,P000097,LOC009,10,9,1,10.0,1
2024-11-30,P000097,LOC010,4,5,1,25.0,1
2024-11-30,P000097,LOC011,10,9,1,10.0,1
2024-11-30,P000097,LOC014,5,5,0,0.0,0
2024-11-30,P000097,LOC015,4,4,0,0.0,0
2024-11-30,P000097,LOC016,9,9,0,0.0,0
2024-11-30,P000097,LOC018,1,1,0,0.0,0
2024-11-30,P000097,LOC019,6,7,1,16.666666666666664,1
2024-11-30,P000097,LOC020,2,2,0,0.0,0
2024-11-30,P000098,LOC001,5,5,0,0.0,0
2024-11-30,P000098,LOC003,5,5,0,0.0,0
2024-11-30,P000098,LOC005,5,4,1,20.0,1
2024-11-30,P000098,LOC006,10,9,1,10.0,1
2024-11-30,P000098,LOC007,3,3,0,0.0,0
2024-11-30,P000098,LOC008,1,1,0,0.0,0
2024-11-30,P000098,LOC010,1,1,0,0.0,0
2024-11-30,P000098,LOC012,4,3,1,25.0,1
2024-11-30,P000098,LOC013,9,8,1,11.11111111111111,1
2024-11-30,P000098,LOC014,7,7,0,0.0,0
2024-11-30,P000098,LOC015,2,2,0,0.0,0
2024-11-30,P000098,LOC016,5,5,0,0.0,0
2024-11-30,P000098,LOC017,13,15,2,15.384615384615385,4
2024-11-30,P000098,LOC019,10,10,0,0.0,0
2024-11-30,P000098,LOC020,5,5,0,0.0,0
2024-11-30,P000099,LOC002,1,1,0,0.0,0
2024-11-30,P000099,LOC004,5,4,1,20.0,1
2024-11-30,P000099,LOC006,6,6,0,0.0,0
2024-11-30,P000099,LOC007,3,3,0,0.0,0
2024-11-30,P000099,LOC008,5,6,1,20.0,1
2024-11-30,P000099,LOC009,2,2,0,0.0,0
2024-11-30,P000099,LOC011,18,20,2,11.11111111111111,4
2024-11-30,P000099,LOC013,6,5,1,16.666666666666664,1
2024-11-30,P000099,LOC014,4,5,1,25.0,1
2024-11-30,P000099,LOC015,1,1,0,0.0,0
2024-11-30,P000099,LOC016,8,8,0,0.0,0
2024-11-30,P000099,LOC017,2,2,0,0.0,0
2024-11-30,P000099,LOC018,2,2,0,0.0,0
2024-11-30,P000099,LOC019,6,7,1,16.666666666666664,1
2024-11-30,P000100,LOC001,3,3,0,0.0,0
2024-11-30,P000100,LOC002,1,1,0,0.0,0
2024-11-30,P000100,LOC003,5,6,1,20.0,1
2024-11-30,P000100,LOC004,4,4,0,0.0,0
2024-11-30,P000100,LOC005,4,4,0,0.0,0
2024-11-30,P000100,LOC006,9,8,1,11.11111111111111,1
2024-11-30,P000100,LOC007,9,9,0,0.0,0
2024-11-30,P000100,LOC008,8,8,0,0.0,0
2024-11-30,P000100,LOC009,3,3,0,0.0,0
2024-11-30,P000100,LOC010,6,5,1,16.666666666666664,1
2024-11-30,P000100,LOC011,7,6,1,14.285714285714285,1
2024-11-30,P000100,LOC014,8,7,1,12.5,1
2024-11-30,P000100,LOC015,3,3,0,0.0,0
2024-11-30,P000100,LOC016,14,17,3,21.428571428571427,9
2024-11-30,P000100,LOC017,10,8,2,20.0,4
2024-11-30,P000100,LOC019,7,7,0,0.0,0
2024-11-30,P000100,LOC020,2,2,0,0.0,0
2024-12-31,P000001,LOC001,7,8,1,14.285714285714285,1
2024-12-31,P000001,LOC002,18,19,1,5.555555555555555,1
2024-12-31,P000001,LOC004,3,3,0,0.0,0
2024-12-31,P000001,LOC005,6,5,1,16.666666666666664,1
2024-12-31,P000001,LOC007,2,2,0,0.0,0
2024-12-31,P000001,LOC008,5,4,1,20.0,1
2024-12-31,P000001,LOC009,8,7,1,12.5,1
2024-12-31,P000001,LOC011,3,3,0,0.0,0
2024-12-31,P000001,LOC012,13,15,2,15.384615384615385,4
2024-12-31,P000001,LOC013,2,2,0,0.0,0
2024-12-31,P000001,LOC019,5,6,1,20.0,1
2024-12-31,P000001,LOC020,4,4,0,0.0,0
2024-12-31,P000002,LOC002,1,1,0,0.0,0
2024-12-31,P000002,LOC003,1,1,0,0.0,0
2024-12-31,P000002,LOC004,11,12,1,9.090909090909092,1
2024-12-31,P000002,LOC010,2,2,0,0.0,0
2024-12-31,P000002,LOC012,6,5,1,16.666666666666664,1
2024-12-31,P000002,LOC014,1,1,0,0.0,0
2024-12-31,P000002,LOC015,9,8,1,11.11111111111111,1
2024-12-31,P000002,LOC016,1,1,0,0.0,0
2024-12-31,P000002,LOC018,5,5,0,0.0,0
2024-12-31,P000002,LOC019,13,15,2,15.384615384615385,4
2024-12-31,P000002,LOC020,6,7,1,16.666666666666664,1
2024-12-31,P000003,LOC001,2,2,0,0.0,0
2024-12-31,P000003,LOC002,3,3,0,0.0,0
2024-12-31,P000003,LOC006,14,15,1,7.142857142857142,1
2024-12-31,P000003,LOC007,13,11,2,15.384615384615385,4
2024-12-31,P000003,LOC008,1,1,0,0.0,0
2024-12-31,P000003,LOC010,5,4,1,20.0,1
2024-12-31,P000003,LOC011,8,8,0,0.0,0
2024-12-31,P000003,LOC012,5,6,1,20.0,1
2024-12-31,P000003,LOC013,1,1,0,0.0,0
2024-12-31,P000003,LOC015,7,8,1,14.285714285714285,1
2024-12-31,P000003,LOC016,2,2,0,0.0,0
2024-12-31,P000003,LOC017,2,2,0,0.0,0
2024-12-31,P000003,LOC018,5,6,1,20.0,1
2024-12-31,P000003,LOC019,6,5,1,16.666666666666664,1
2024-12-31,P000003,LOC020,3,2,1,33.33333333333333,1
2024-12-31,P000004,LOC001,7,6,1,14.285714285714285,1
2024-12-31,P000004,LOC003,1,1,0,0.0,0
2024-12-31,P000004,LOC004,1,1,0,0.0,0
2024-12-31,P000004,LOC008,2,2,0,0.0,0
2024-12-31,P000004,LOC010,8,8,0,0.0,0
2024-12-31,P000004,LOC012,12,11,1,8.333333333333332,1
2024-12-31,P000004,LOC017,3,3,0,0.0,0
2024-12-31,P000004,LOC018,4,5,1,25.0,1
2024-12-31,P000004,LOC020,7,8,1,14.285714285714285,1
2024-12-31,P000005,LOC001,1,1,0,0.0,0
2024-12-31,P000005,LOC002,1,1,0,0.0,0
2024-12-31,P000005,LOC004,9,8,1,11.11111111111111,1
2024-12-31,P000005,LOC006,3,3,0,0.0,0
2024-12-31,P000005,LOC007,4,3,1,25.0,1
2024-12-31,P000005,LOC008,3,3,0,0.0,0
2024-12-31,P000005,LOC009,1,1,0,0.0,0
2024-12-31,P000005,LOC012,5,5,0,0.0,0
2024-12-31,P000005,LOC015,11,13,2,18.181818181818183,4
2024-12-31,P000005,LOC016,2,2,0,0.0,0
2024-12-31,P000005,LOC017,3,2,1,33.33333333333333,1
2024-12-31,P000005,LOC019,1,1,0,0.0,0
2024-12-31,P000006,LOC002,8,7,1,12.5,1
2024-12-31,P000006,LOC003,1,1,0,0.0,0
2024-12-31,P000006,LOC006,8,8,0,0.0,0
2024-12-31,P000006,LOC009,3,3,0,0.0,0
2024-12-31,P000006,LOC010,3,3,0,0.0,0
2024-12-31,P000006,LOC011,5,5,0,0.0,0
2024-12-31,P000006,LOC013,5,5,0,0.0,0
2024-12-31,P000006,LOC014,9,10,1,11.11111111111111,1
2024-12-31,P000006,LOC015,9,8,1,11.11111111111111,1
2024-12-31,P000006,LOC016,6,6,0,0.0,0
2024-12-31,P000006,LOC017,2,2,0,0.0,0
2024-12-31,P000006,LOC019,5,4,1,20.0,1
2024-12-31,P000006,LOC020,17,15,2,11.76470588235294,4
2024-12-31,P000007,LOC001,3,3,0,0.0,0
2024-12-31,P000007,LOC004,4,4,0,0.0,0
2024-12-31,P000007,LOC005,5,6,1,20.0,1
2024-12-31,P000007,LOC007,11,10,1,9.090909090909092,1
2024-12-31,P000007,LOC008,11,13,2,18.181818181818183,4
2024-12-31,P000007,LOC009,2,2,0,0.0,0
2024-12-31,P000007,LOC012,3,3,0,0.0,0
2024-12-31,P000007,LOC015,6,5,1,16.666666666666664,1
2024-12-31,P000007,LOC016,4,4,0,0.0,0
2024-12-31,P000007,LOC017,2,2,0,0.0,0
2024-12-31,P000007,LOC018,3,3,0,0.0,0
2024-12-31,P000007,LOC019,8,7,1,12.5,1
2024-12-31,P000007,LOC020,5,5,0,0.0,0
2024-12-31,P000008,LOC001,5,5,0,0.0,0
2024-12-31,P000008,LOC002,4,3,1,25.0,1
2024-12-31,P000008,LOC003,1,1,0,0.0,0
2024-12-31,P000008,LOC004,7,7,0,0.0,0
2024-12-31,P000008,LOC005,1,1,0,0.0,0
2024-12-31,P000008,LOC006,4,3,1,25.0,1
2024-12-31,P000008,LOC010,5,5,0,0.0,0
2024-12-31,P000008,LOC011,2,2,0,0.0,0
2024-12-31,P000008,LOC012,8,8,0,0.0,0
2024-12-31,P000008,LOC014,5,4,1,20.0,1
2024-12-31,P000008,LOC016,1,1,0,0.0,0
2024-12-31,P000008,LOC017,10,11,1,10.0,1
2024-12-31,P000008,LOC018,2,2,0,0.0,0
2024-12-31,P000008,LOC019,5,5,0,0.0,0
2024-12-31,P000008,LOC020,6,5,1,16.666666666666664,1
2024-12-31,P000009,LOC001,2,2,0,0.0,0
2024-12-31,P000009,LOC002,7,8,1,14.285714285714285,1
2024-12-31,P000009,LOC003,3,3,0,0.0,0
2024-12-31,P000009,LOC004,3,3,0,0.0,0
2024-12-31,P000009,LOC005,1,1,0,0.0,0
2024-12-31,P000009,LOC006,5,5,0,0.0,0
2024-12-31,P000009,LOC007,5,4,1,20.0,1
2024-12-31,P000009,LOC008,3,3,0,0.0,0
2024-12-31,P000009,LOC009,10,11,1,10.0,1
2024-12-31,P000009,LOC011,2,2,0,0.0,0
2024-12-31,P000009,LOC012,5,5,0,0.0,0
2024-12-31,P000009,LOC013,6,6,0,0.0,0
2024-12-31,P000009,LOC014,8,8,0,0.0,0
2024-12-31,P000009,LOC015,1,1,0,0.0,0
2024-12-31,P000009,LOC016,2,2,0,0.0,0
2024-12-31,P000009,LOC017,6,5,1,16.666666666666664,1
2024-12-31,P000009,LOC018,7,6,1,14.285714285714285,1
2024-12-31,P000009,LOC019,10,11,1,10.0,1
2024-12-31,P000009,LOC020,3,3,0,0.0,0
2024-12-31,P000010,LOC001,5,4,1,20.0,1
2024-12-31,P000010,LOC002,1,1,0,0.0,0
2024-12-31,P000010,LOC004,2,2,0,0.0,0
2024-12-31,P000010,LOC005,9,10,1,11.11111111111111,1
2024-12-31,P000010,LOC006,3,3,0,0.0,0
2024-12-31,P000010,LOC009,5,4,1,20.0,1
2024-12-31,P000010,LOC013,5,5,0,0.0,0
2024-12-31,P000010,LOC017,5,4,1,20.0,1
2024-12-31,P000010,LOC020,2,2,0,0.0,0
2024-12-31,P000011,LOC002,2,2,0,0.0,0
2024-12-31,P000011,LOC004,6,6,0,0.0,0
2024-12-31,P000011,LOC006,4,4,0,0.0,0
2024-12-31,P000011,LOC007,2,2,0,0.0,0
2024-12-31,P000011,LOC008,3,3,0,0.0,0
2024-12-31,P000011,LOC011,3,4,1,33.33333333333333,1
2024-12-31,P000011,LOC012,5,5,0,0.0,0
2024-12-31,P000011,LOC014,3,3,0,0.0,0
2024-12-31,P000011,LOC017,2,2,0,0.0,0
2024-12-31,P000011,LOC018,5,4,1,20.0,1
2024-12-31,P000011,LOC020,1,1,0,0.0,0
2024-12-31,P000012,LOC001,4,5,1,25.0,1
2024-12-31,P000012,LOC002,1,1,0,0.0,0
2024-12-31,P000012,LOC003,2,2,0,0.0,0
2024-12-31,P000012,LOC004,2,2,0,0.0,0
2024-12-31,P000012,LOC006,7,7,0,0.0,0
2024-12-31,P000012,LOC008,4,4,0,0.0,0
2024-12-31,P000012,LOC009,7,7,0,0.0,0
2024-12-31,P000012,LOC011,1,1,0,0.0,0
2024-12-31,P000012,LOC012,2,2,0,0.0,0
2024-12-31,P000012,LOC013,3,3,0,0.0,0
2024-12-31,P000012,LOC014,8,8,0,0.0,0
2024-12-31,P000012,LOC017,4,4,0,0.0,0
2024-12-31,P000012,LOC018,2,2,0,0.0,0
2024-12-31,P000012,LOC019,6,7,1,16.666666666666664,1
2024-12-31,P000012,LOC020,3,2,1,33.33333333333333,1
2024-12-31,P000013,LOC001,3,3,0,0.0,0
2024-12-31,P000013,LOC003,3,4,1,33.33333333333333,1
2024-12-31,P000013,LOC004,5,5,0,0.0,0
2024-12-31,P000013,LOC005,11,10,1,9.090909090909092,1
2024-12-31,P000013,LOC006,1,1,0,0.0,0
2024-12-31,P000013,LOC007,5,6,1,20.0,1
2024-12-31,P000013,LOC010,2,2,0,0.0,0
2024-12-31,P000013,LOC011,5,5,0,0.0,0
2024-12-31,P000013,LOC012,8,7,1,12.5,1
2024-12-31,P000013,LOC013,1,1,0,0.0,0
2024-12-31,P000013,LOC015,7,7,0,0.0,0
2024-12-31,P000013,LOC018,3,3,0,0.0,0
2024-12-31,P000013,LOC020,7,6,1,14.285714285714285,1
2024-12-31,P000014,LOC002,6,7,1,16.666666666666664,1
2024-12-31,P000014,LOC003,2,2,0,0.0,0
2024-12-31,P000014,LOC004,6,6,0,0.0,0
2024-12-31,P000014,LOC005,3,3,0,0.0,0
2024-12-31,P000014,LOC006,3,3,0,0.0,0
2024-12-31,P000014,LOC007,6,6,0,0.0,0
2024-12-31,P000014,LOC008,3,4,1,33.33333333333333,1
2024-12-31,P000014,LOC009,13,11,2,15.384615384615385,4
2024-12-31,P000014,LOC010,11,12,1,9.090909090909092,1
2024-12-31,P000014,LOC012,1,1,0,0.0,0
2024-12-31,P000014,LOC013,2,2,0,0.0,0
2024-12-31,P000014,LOC015,1,1,0,0.0,0
2024-12-31,P000014,LOC019,1,1,0,0.0,0
2024-12-31,P000015,LOC001,9,10,1,11.11111111111111,1
2024-12-31,P000015,LOC003,2,2,0,0.0,0
2024-12-31,P000015,LOC004,5,4,1,20.0,1
2024-12-31,P000015,LOC007,2,2,0,0.0,0
2024-12-31,P000015,LOC008,2,2,0,0.0,0
2024-12-31,P000015,LOC009,1,1,0,0.0,0
2024-12-31,P000015,LOC010,3,3,0,0.0,0
2024-12-31,P000015,LOC011,3,3,0,0.0,0
2024-12-31,P000015,LOC015,4,5,1,25.0,1
2024-12-31,P000015,LOC016,11,10,1,9.090909090909092,1
2024-12-31,P000015,LOC017,1,1,0,0.0,0
2024-12-31,P000015,LOC020,11,12,1,9.090909090909092,1
2024-12-31,P000016,LOC001,3,3,0,0.0,0
2024-12-31,P000016,LOC002,2,2,0,0.0,0
2024-12-31,P000016,LOC003,1,1,0,0.0,0
2024-12-31,P000016,LOC006,1,1,0,0.0,0
2024-12-31,P000016,LOC007,2,2,0,0.0,0
2024-12-31,P000016,LOC012,15,17,2,13.333333333333334,4
2024-12-31,P000016,LOC013,5,4,1,20.0,1
2024-12-31,P000016,LOC016,4,4,0,0.0,0
2024-12-31,P000016,LOC017,5,5,0,0.0,0
2024-12-31,P000016,LOC020,10,12,2,20.0,4
2024-12-31,P000017,LOC001,2,2,0,0.0,0
2024-12-31,P000017,LOC002,3,3,0,0.0,0
2024-12-31,P000017,LOC008,2,2,0,0.0,0
2024-12-31,P000017,LOC011,6,6,0,0.0,0
2024-12-31,P000017,LOC012,3,3,0,0.0,0
2024-12-31,P000017,LOC013,2,2,0,0.0,0
2024-12-31,P000017,LOC017,5,6,1,20.0,1
2024-12-31,P000017,LOC018,2,2,0,0.0,0
2024-12-31,P000017,LOC019,1,1,0,0.0,0
2024-12-31,P000017,LOC020,2,2,0,0.0,0
2024-12-31,P000018,LOC001,5,5,0,0.0,0
2024-12-31,P000018,LOC002,13,14,1,7.6923076923076925,1
2024-12-31,P000018,LOC004,3,3,0,0.0,0
2024-12-31,P000018,LOC006,5,5,0,0.0,0
2024-12-31,P000018,LOC007,5,6,1,20.0,1
2024-12-31,P000018,LOC008,7,8,1,14.285714285714285,1
2024-12-31,P000018,LOC011,8,6,2,25.0,4
2024-12-31,P000018,LOC012,5,4,1,20.0,1
2024-12-31,P000018,LOC016,10,8,2,20.0,4
2024-12-31,P000018,LOC018,1,1,0,0.0,0
2024-12-31,P000018,LOC019,3,3,0,0.0,0
2024-12-31,P000018,LOC020,5,6,1,20.0,1
2024-12-31,P000019,LOC003,2,2,0,0.0,0
2024-12-31,P000019,LOC004,2,2,0,0.0,0
2024-12-31,P000019,LOC005,3,3,0,0.0,0
2024-12-31,P000019,LOC006,1,1,0,0.0,0
2024-12-31,P000019,LOC007,11,12,1,9.090909090909092,1
2024-12-31,P000019,LOC009,14,16,2,14.285714285714285,4
2024-12-31,P000019,LOC010,6,5,1,16.666666666666664,1
2024-12-31,P000019,LOC011,7,8,1,14.285714285714285,1
2024-12-31,P000019,LOC012,6,6,0,0.0,0
2024-12-31,P000019,LOC013,5,5,0,0.0,0
2024-12-31,P000019,LOC015,14,14,0,0.0,0
2024-12-31,P000019,LOC019,7,8,1,14.285714285714285,1
2024-12-31,P000020,LOC001,1,1,0,0.0,0
2024-12-31,P000020,LOC002,1,1,0,0.0,0
2024-12-31,P000020,LOC004,1,1,0,0.0,0
2024-12-31,P000020,LOC005,5,5,0,0.0,0
2024-12-31,P000020,LOC006,1,1,0,0.0,0
2024-12-31,P000020,LOC007,5,5,0,0.0,0
2024-12-31,P000020,LOC012,5,6,1,20.0,1
2024-12-31,P000020,LOC013,4,4,0,0.0,0
2024-12-31,P000020,LOC014,2,2,0,0.0,0
2024-12-31,P000020,LOC017,7,7,0,0.0,0
2024-12-31,P000020,LOC020,3,3,0,0.0,0
2024-12-31,P000021,LOC001,2,2,0,0.0,0
2024-12-31,P000021,LOC002,2,2,0,0.0,0
2024-12-31,P000021,LOC007,2,2,0,0.0,0
2024-12-31,P000021,LOC009,4,4,0,0.0,0
2024-12-31,P000021,LOC010,2,2,0,0.0,0
2024-12-31,P000021,LOC013,1,1,0,0.0,0
2024-12-31,P000021,LOC015,3,3,0,0.0,0
2024-12-31,P000021,LOC016,13,15,2,15.384615384615385,4
2024-12-31,P000021,LOC017,1,1,0,0.0,0
2024-12-31,P000021,LOC019,5,6,1,20.0,1
2024-12-31,P000021,LOC020,3,3,0,0.0,0
2024-12-31,P000022,LOC001,4,5,1,25.0,1
2024-12-31,P000022,LOC002,1,1,0,0.0,0
2024-12-31,P000022,LOC004,5,4,1,20.0,1
2024-12-31,P000022,LOC005,3,4,1,33.33333333333333,1
2024-12-31,P000022,LOC009,17,17,0,0.0,0
2024-12-31,P000022,LOC010,2,2,0,0.0,0
2024-12-31,P000022,LOC011,5,4,1,20.0,1
2024-12-31,P000022,LOC012,4,4,0,0.0,0
2024-12-31,P000022,LOC013,2,2,0,0.0,0
2024-12-31,P000022,LOC014,1,1,0,0.0,0
2024-12-31,P000022,LOC016,6,6,0,0.0,0
2024-12-31,P000022,LOC017,2,2,0,0.0,0
2024-12-31,P000022,LOC018,10,11,1,10.0,1
2024-12-31,P000022,LOC020,1,1,0,0.0,0
2024-12-31,P000023,LOC001,5,6,1,20.0,1
2024-12-31,P000023,LOC003,1,1,0,0.0,0
2024-12-31,P000023,LOC004,1,1,0,0.0,0
2024-12-31,P000023,LOC005,8,7,1,12.5,1
2024-12-31,P000023,LOC006,2,2,0,0.0,0
2024-12-31,P000023,LOC007,5,5,0,0.0,0
2024-12-31,P000023,LOC008,2,2,0,0.0,0
2024-12-31,P000023,LOC009,7,7,0,0.0,0
2024-12-31,P000023,LOC010,1,1,0,0.0,0
2024-12-31,P000023,LOC012,11,11,0,0.0,0
2024-12-31,P000023,LOC013,4,4,0,0.0,0
2024-12-31,P000023,LOC015,3,3,0,0.0,0
2024-12-31,P000023,LOC016,1,1,0,0.0,0
2024-12-31,P000023,LOC017,8,7,1,12.5,1
2024-12-31,P000023,LOC019,8,6,2,25.0,4
2024-12-31,P000023,LOC020,6,7,1,16.666666666666664,1
2024-12-31,P000024,LOC001,1,1,0,0.0,0
2024-12-31,P000024,LOC002,2,2,0,0.0,0
2024-12-31,P000024,LOC004,1,1,0,0.0,0
2024-12-31,P000024,LOC005,2,2,0,0.0,0
2024-12-31,P000024,LOC006,3,3,0,0.0,0
2024-12-31,P000024,LOC009,11,12,1,9.090909090909092,1
2024-12-31,P000024,LOC010,4,4,0,0.0,0
2024-12-31,P000024,LOC011,2,2,0,0.0,0
2024-12-31,P000024,LOC012,5,4,1,20.0,1
2024-12-31,P000024,LOC013,2,2,0,0.0,0
2024-12-31,P000024,LOC014,3,3,0,0.0,0
2024-12-31,P000024,LOC015,1,1,0,0.0,0
2024-12-31,P000024,LOC016,2,2,0,0.0,0
2024-12-31,P000024,LOC018,10,9,1,10.0,1
2024-12-31,P000024,LOC019,3,3,0,0.0,0
2024-12-31,P000024,LOC020,5,5,0,0.0,0
2024-12-31,P000025,LOC001,5,5,0,0.0,0
2024-12-31,P000025,LOC003,3,3,0,0.0,0
2024-12-31,P000025,LOC004,9,8,1,11.11111111111111,1
2024-12-31,P000025,LOC009,2,2,0,0.0,0
2024-12-31,P000025,LOC011,1,1,0,0.0,0
2024-12-31,P000025,LOC015,10,10,0,0.0,0
2024-12-31,P000025,LOC018,2,2,0,0.0,0
2024-12-31,P000025,LOC019,4,5,1,25.0,1
2024-12-31,P000026,LOC001,13,10,3,23.076923076923077,9
2024-12-31,P000026,LOC002,8,7,1,12.5,1
2024-12-31,P000026,LOC004,8,6,2,25.0,4
2024-12-31,P000026,LOC005,2,2,0,0.0,0
2024-12-31,P000026,LOC008,10,12,2,20.0,4
2024-12-31,P000026,LOC009,4,4,0,0.0,0
2024-12-31,P000026,LOC010,1,1,0,0.0,0
2024-12-31,P000026,LOC011,5,5,0,0.0,0
2024-12-31,P000026,LOC012,9,9,0,0.0,0
2024-12-31,P000026,LOC014,3,3,0,0.0,0
2024-12-31,P000026,LOC016,3,3,0,0.0,0
2024-12-31,P000026,LOC020,1,1,0,0.0,0
2024-12-31,P000027,LOC001,5,4,1,20.0,1
2024-12-31,P000027,LOC003,2,2,0,0.0,0
2024-12-31,P000027,LOC005,3,4,1,33.33333333333333,1
2024-12-31,P000027,LOC006,2,2,0,0.0,0
2024-12-31,P000027,LOC007,1,1,0,0.0,0
2024-12-31,P000027,LOC008,2,2,0,0.0,0
2024-12-31,P000027,LOC009,2,2,0,0.0,0
2024-12-31,P000027,LOC012,3,3,0,0.0,0
2024-12-31,P000027,LOC015,2,2,0,0.0,0
2024-12-31,P000027,LOC016,2,2,0,0.0,0
2024-12-31,P000027,LOC018,2,2,0,0.0,0
2024-12-31,P000028,LOC001,1,1,0,0.0,0
2024-12-31,P000028,LOC003,1,1,0,0.0,0
2024-12-31,P000028,LOC004,1,1,0,0.0,0
2024-12-31,P000028,LOC005,7,8,1,14.285714285714285,1
2024-12-31,P000028,LOC007,2,2,0,0.0,0
2024-12-31,P000028,LOC009,9,10,1,11.11111111111111,1
2024-12-31,P000028,LOC010,3,3,0,0.0,0
2024-12-31,P000028,LOC013,6,5,1,16.666666666666664,1
2024-12-31,P000028,LOC014,3,3,0,0.0,0
2024-12-31,P000028,LOC015,5,5,0,0.0,0
2024-12-31,P000028,LOC019,3,3,0,0.0,0
2024-12-31,P000028,LOC020,4,3,1,25.0,1
2024-12-31,P000029,LOC001,2,2,0,0.0,0
2024-12-31,P000029,LOC002,7,8,1,14.285714285714285,1
2024-12-31,P000029,LOC003,3,3,0,0.0,0
2024-12-31,P000029,LOC005,1,1,0,0.0,0
2024-12-31,P000029,LOC006,12,12,0,0.0,0
2024-12-31,P000029,LOC007,6,6,0,0.0,0
2024-12-31,P000029,LOC009,1,1,0,0.0,0
2024-12-31,P000029,LOC010,5,6,1,20.0,1
2024-12-31,P000029,LOC011,5,5,0,0.0,0
2024-12-31,P000029,LOC012,4,4,0,0.0,0
2024-12-31,P000029,LOC013,3,3,0,0.0,0
2024-12-31,P000029,LOC015,10,11,1,10.0,1
2024-12-31,P000029,LOC016,3,3,0,0.0,0
2024-12-31,P000029,LOC017,4,3,1,25.0,1
2024-12-31,P000029,LOC018,3,4,1,33.33333333333333,1
2024-12-31,P000029,LOC019,3,3,0,0.0,0
2024-12-31,P000030,LOC001,3,3,0,0.0,0
2024-12-31,P000030,LOC002,1,1,0,0.0,0
2024-12-31,P000030,LOC004,2,2,0,0.0,0
2024-12-31,P000030,LOC005,5,5,0,0.0,0
2024-12-31,P000030,LOC007,12,12,0,0.0,0
2024-12-31,P000030,LOC009,6,7,1,16.666666666666664,1
2024-12-31,P000030,LOC010,10,12,2,20.0,4
2024-12-31,P000030,LOC011,1,1,0,0.0,0
2024-12-31,P000030,LOC013,3,2,1,33.33333333333333,1
2024-12-31,P000030,LOC015,7,6,1,14.285714285714285,1
2024-12-31,P000030,LOC017,3,3,0,0.0,0
2024-12-31,P000030,LOC020,7,6,1,14.285714285714285,1
2024-12-31,P000031,LOC001,6,7,1,16.666666666666664,1
2024-12-31,P000031,LOC002,2,2,0,0.0,0
2024-12-31,P000031,LOC004,7,7,0,0.0,0
2024-12-31,P000031,LOC005,7,6,1,14.285714285714285,1
2024-12-31,P000031,LOC006,5,6,1,20.0,1
2024-12-31,P000031,LOC007,6,5,1,16.666666666666664,1
2024-12-31,P000031,LOC008,4,5,1,25.0,1
2024-12-31,P000031,LOC009,1,1,0,0.0,0
2024-12-31,P000031,LOC010,1,1,0,0.0,0
2024-12-31,P000031,LOC011,2,2,0,0.0,0
2024-12-31,P000031,LOC012,2,2,0,0.0,0
2024-12-31,P000031,LOC013,5,5,0,0.0,0
2024-12-31,P000031,LOC015,1,1,0,0.0,0
2024-12-31,P000031,LOC016,3,3,0,0.0,0
2024-12-31,P000031,LOC017,6,5,1,16.666666666666664,1
2024-12-31,P000031,LOC018,1,1,0,0.0,0
2024-12-31,P000031,LOC019,3,3,0,0.0,0
2024-12-31,P000031,LOC020,2,2,0,0.0,0
2024-12-31,P000032,LOC001,9,8,1,11.11111111111111,1
2024-12-31,P000032,LOC002,4,4,0,0.0,0
2024-12-31,P000032,LOC003,3,3,0,0.0,0
2024-12-31,P000032,LOC004,7,7,0,0.0,0
2024-12-31,P000032,LOC006,6,6,0,0.0,0
2024-12-31,P000032,LOC008,1,1,0,0.0,0
2024-12-31,P000032,LOC009,5,4,1,20.0,1
2024-12-31,P000032,LOC010,1,1,0,0.0,0
2024-12-31,P000032,LOC013,9,9,0,0.0,0
2024-12-31,P000032,LOC017,6,5,1,16.666666666666664,1
2024-12-31,P000032,LOC018,1,1,0,0.0,0
2024-12-31,P000032,LOC019,1,1,0,0.0,0
2024-12-31,P000033,LOC001,8,7,1,12.5,1
2024-12-31,P000033,LOC002,3,3,0,0.0,0
2024-12-31,P000033,LOC003,5,6,1,20.0,1
2024-12-31,P000033,LOC004,9,8,1,11.11111111111111,1
2024-12-31,P000033,LOC007,1,1,0,0.0,0
2024-12-31,P000033,LOC009,9,10,1,11.11111111111111,1
2024-12-31,P000033,LOC010,8,9,1,12.5,1
2024-12-31,P000033,LOC012,6,5,1,16.666666666666664,1
2024-12-31,P000033,LOC014,2,2,0,0.0,0
2024-12-31,P000033,LOC015,6,6,0,0.0,0
2024-12-31,P000033,LOC016,7,6,1,14.285714285714285,1
2024-12-31,P000033,LOC017,7,7,0,0.0,0
2024-12-31,P000033,LOC018,3,3,0,0.0,0
2024-12-31,P000033,LOC019,1,1,0,0.0,0
2024-12-31,P000033,LOC020,3,3,0,0.0,0
2024-12-31,P000034,LOC002,3,3,0,0.0,0
2024-12-31,P000034,LOC003,2,2,0,0.0,0
2024-12-31,P000034,LOC004,12,11,1,8.333333333333332,1
2024-12-31,P000034,LOC006,5,5,0,0.0,0
2024-12-31,P000034,LOC009,2,2,0,0.0,0
2024-12-31,P000034,LOC010,5,4,1,20.0,1
2024-12-31,P000034,LOC011,2,2,0,0.0,0
2024-12-31,P000034,LOC012,3,4,1,33.33333333333333,1
2024-12-31,P000034,LOC013,10,8,2,20.0,4
2024-12-31,P000034,LOC015,1,1,0,0.0,0
2024-12-31,P000034,LOC016,1,1,0,0.0,0
2024-12-31,P000034,LOC017,6,5,1,16.666666666666664,1
2024-12-31,P000034,LOC018,1,1,0,0.0,0
2024-12-31,P000035,LOC001,3,4,1,33.33333333333333,1
2024-12-31,P000035,LOC002,2,2,0,0.0,0
2024-12-31,P000035,LOC004,8,9,1,12.5,1
2024-12-31,P000035,LOC006,7,8,1,14.285714285714285,1
2024-12-31,P000035,LOC007,5,5,0,0.0,0
2024-12-31,P000035,LOC008,6,7,1,16.666666666666664,1
2024-12-31,P000035,LOC009,3,3,0,0.0,0
2024-12-31,P000035,LOC010,8,9,1,12.5,1
2024-12-31,P000035,LOC011,1,1,0,0.0,0
2024-12-31,P000035,LOC012,1,1,0,0.0,0
2024-12-31,P000035,LOC013,3,3,0,0.0,0
2024-12-31,P000035,LOC016,1,1,0,0.0,0
2024-12-31,P000035,LOC017,10,11,1,10.0,1
2024-12-31,P000035,LOC019,1,1,0,0.0,0
2024-12-31,P000035,LOC020,2,2,0,0.0,0
2024-12-31,P000036,LOC001,5,5,0,0.0,0
2024-12-31,P000036,LOC004,2,2,0,0.0,0
2024-12-31,P000036,LOC008,3,3,0,0.0,0
2024-12-31,P000036,LOC010,7,7,0,0.0,0
2024-12-31,P000036,LOC012,10,9,1,10.0,1
2024-12-31,P000036,LOC013,3,3,0,0.0,0
2024-12-31,P000036,LOC014,6,6,0,0.0,0
2024-12-31,P000036,LOC015,5,5,0,0.0,0
2024-12-31,P000036,LOC016,5,6,1,20.0,1
2024-12-31,P000036,LOC017,2,2,0,0.0,0
2024-12-31,P000036,LOC019,8,9,1,12.5,1
2024-12-31,P000037,LOC001,5,4,1,20.0,1
2024-12-31,P000037,LOC003,1,1,0,0.0,0
2024-12-31,P000037,LOC004,4,5,1,25.0,1
2024-12-31,P000037,LOC006,2,2,0,0.0,0
2024-12-31,P000037,LOC007,6,6,0,0.0,0
2024-12-31,P000037,LOC009,4,4,0,0.0,0
2024-12-31,P000037,LOC010,2,2,0,0.0,0
2024-12-31,P000037,LOC012,3,3,0,0.0,0
2024-12-31,P000037,LOC013,1,1,0,0.0,0
2024-12-31,P000037,LOC014,4,4,0,0.0,0
2024-12-31,P000037,LOC015,5,6,1,20.0,1
2024-12-31,P000037,LOC016,1,1,0,0.0,0
2024-12-31,P000037,LOC018,2,2,0,0.0,0
2024-12-31,P000037,LOC019,3,4,1,33.33333333333333,1
2024-12-31,P000037,LOC020,2,2,0,0.0,0
2024-12-31,P000038,LOC001,5,5,0,0.0,0
2024-12-31,P000038,LOC003,1,1,0,0.0,0
2024-12-31,P000038,LOC004,1,1,0,0.0,0
2024-12-31,P000038,LOC005,6,5,1,16.666666666666664,1
2024-12-31,P000038,LOC009,12,12,0,0.0,0
2024-12-31,P000038,LOC011,1,1,0,0.0,0
2024-12-31,P000038,LOC013,5,5,0,0.0,0
2024-12-31,P000038,LOC014,8,9,1,12.5,1
2024-12-31,P000038,LOC015,1,1,0,0.0,0
2024-12-31,P000038,LOC016,3,3,0,0.0,0
2024-12-31,P000038,LOC017,1,1,0,0.0,0
2024-12-31,P000038,LOC018,2,2,0,0.0,0
2024-12-31,P000039,LOC001,9,10,1,11.11111111111111,1
2024-12-31,P000039,LOC002,1,1,0,0.0,0
2024-12-31,P000039,LOC004,10,11,1,10.0,1
2024-12-31,P000039,LOC005,3,3,0,0.0,0
2024-12-31,P000039,LOC010,2,2,0,0.0,0
2024-12-31,P000039,LOC012,1,1,0,0.0,0
2024-12-31,P000039,LOC013,4,5,1,25.0,1
2024-12-31,P000039,LOC016,13,12,1,7.6923076923076925,1
2024-12-31,P000039,LOC017,5,5,0,0.0,0
2024-12-31,P000039,LOC018,5,5,0,0.0,0
2024-12-31,P000039,LOC019,9,8,1,11.11111111111111,1
2024-12-31,P000039,LOC020,6,5,1,16.666666666666664,1
2024-12-31,P000040,LOC001,4,3,1,25.0,1
2024-12-31,P000040,LOC002,6,5,1,16.666666666666664,1
2024-12-31,P000040,LOC004,12,10,2,16.666666666666664,4
2024-12-31,P000040,LOC006,3,3,0,0.0,0
2024-12-31,P000040,LOC009,6,7,1,16.666666666666664,1
2024-12-31,P000040,LOC010,5,4,1,20.0,1
2024-12-31,P000040,LOC011,5,5,0,0.0,0
2024-12-31,P000040,LOC012,7,8,1,14.285714285714285,1
2024-12-31,P000040,LOC013,1,1,0,0.0,0
2024-12-31,P000040,LOC014,2,2,0,0.0,0
2024-12-31,P000040,LOC016,5,6,1,20.0,1
2024-12-31,P000040,LOC017,3,3,0,0.0,0
2024-12-31,P000040,LOC019,5,6,1,20.0,1
2024-12-31,P000040,LOC020,2,2,0,0.0,0
2024-12-31,P000041,LOC001,7,7,0,0.0,0
2024-12-31,P000041,LOC002,9,11,2,22.22222222222222,4
2024-12-31,P000041,LOC004,12,11,1,8.333333333333332,1
2024-12-31,P000041,LOC005,1,1,0,0.0,0
2024-12-31,P000041,LOC006,11,11,0,0.0,0
2024-12-31,P000041,LOC007,3,3,0,0.0,0
2024-12-31,P000041,LOC009,5,4,1,20.0,1
2024-12-31,P000041,LOC011,1,1,0,0.0,0
2024-12-31,P000041,LOC013,3,2,1,33.33333333333333,1
2024-12-31,P000041,LOC016,10,12,2,20.0,4
2024-12-31,P000041,LOC017,6,5,1,16.666666666666664,1
2024-12-31,P000041,LOC018,1,1,0,0.0,0
2024-12-31,P000041,LOC019,7,7,0,0.0,0
2024-12-31,P000042,LOC003,1,1,0,0.0,0
2024-12-31,P000042,LOC004,5,5,0,0.0,0
2024-12-31,P000042,LOC005,6,5,1,16.666666666666664,1
2024-12-31,P000042,LOC007,5,5,0,0.0,0
2024-12-31,P000042,LOC008,3,3,0,0.0,0
2024-12-31,P000042,LOC009,1,1,0,0.0,0
2024-12-31,P000042,LOC011,8,9,1,12.5,1
2024-12-31,P000042,LOC012,13,11,2,15.384615384615385,4
2024-12-31,P000042,LOC013,3,3,0,0.0,0
2024-12-31,P000042,LOC014,7,6,1,14.285714285714285,1
2024-12-31,P000042,LOC015,10,10,0,0.0,0
2024-12-31,P000042,LOC016,8,9,1,12.5,1
2024-12-31,P000043,LOC001,1,1,0,0.0,0
2024-12-31,P000043,LOC002,4,4,0,0.0,0
2024-12-31,P000043,LOC004,13,14,1,7.6923076923076925,1
2024-12-31,P000043,LOC006,8,8,0,0.0,0
2024-12-31,P000043,LOC008,3,3,0,0.0,0
2024-12-31,P000043,LOC009,7,7,0,0.0,0
2024-12-31,P000043,LOC010,8,8,0,0.0,0
2024-12-31,P000043,LOC014,8,9,1,12.5,1
2024-12-31,P000043,LOC015,3,3,0,0.0,0
2024-12-31,P000043,LOC016,10,10,0,0.0,0
2024-12-31,P000043,LOC018,11,12,1,9.090909090909092,1
2024-12-31,P000043,LOC019,4,4,0,0.0,0
2024-12-31,P000044,LOC001,9,10,1,11.11111111111111,1
2024-12-31,P000044,LOC002,6,6,0,0.0,0
2024-12-31,P000044,LOC003,6,6,0,0.0,0
2024-12-31,P000044,LOC005,3,2,1,33.33333333333333,1
2024-12-31,P000044,LOC006,8,7,1,12.5,1
2024-12-31,P000044,LOC007,11,12,1,9.090909090909092,1
2024-12-31,P000044,LOC008,2,2,0,0.0,0
2024-12-31,P000044,LOC009,8,10,2,25.0,4
2024-12-31,P000044,LOC010,2,2,0,0.0,0
2024-12-31,P000044,LOC011,3,3,0,0.0,0
2024-12-31,P000044,LOC012,5,4,1,20.0,1
2024-12-31,P000044,LOC013,3,3,0,0.0,0
2024-12-31,P000044,LOC014,8,9,1,12.5,1
2024-12-31,P000044,LOC015,10,9,1,10.0,1
2024-12-31,P000044,LOC017,2,2,0,0.0,0
2024-12-31,P000044,LOC019,3,3,0,0.0,0
2024-12-31,P000045,LOC002,1,1,0,0.0,0
2024-12-31,P000045,LOC003,5,5,0,0.0,0
2024-12-31,P000045,LOC004,6,6,0,0.0,0
2024-12-31,P000045,LOC006,2,2,0,0.0,0
2024-12-31,P000045,LOC009,9,9,0,0.0,0
2024-12-31,P000045,LOC010,5,6,1,20.0,1
2024-12-31,P000045,LOC012,2,2,0,0.0,0
2024-12-31,P000045,LOC013,8,8,0,0.0,0
2024-12-31,P000045,LOC014,8,9,1,12.5,1
2024-12-31,P000045,LOC016,1,1,0,0.0,0
2024-12-31,P000045,LOC017,6,5,1,16.666666666666664,1
2024-12-31,P000045,LOC018,5,6,1,20.0,1
2024-12-31,P000045,LOC020,3,3,0,0.0,0
2024-12-31,P000046,LOC001,2,2,0,0.0,0
2024-12-31,P000046,LOC003,6,5,1,16.666666666666664,1
2024-12-31,P000046,LOC005,2,2,0,0.0,0
2024-12-31,P000046,LOC007,2,2,0,0.0,0
2024-12-31,P000046,LOC009,12,11,1,8.333333333333332,1
2024-12-31,P000046,LOC010,1,1,0,0.0,0
2024-12-31,P000046,LOC013,6,6,0,0.0,0
2024-12-31,P000046,LOC014,11,11,0,0.0,0
2024-12-31,P000046,LOC015,5,6,1,20.0,1
2024-12-31,P000046,LOC016,1,1,0,0.0,0
2024-12-31,P000046,LOC019,3,3,0,0.0,0
2024-12-31,P000046,LOC020,5,4,1,20.0,1
2024-12-31,P000047,LOC001,12,14,2,16.666666666666664,4
2024-12-31,P000047,LOC002,2,2,0,0.0,0
2024-12-31,P000047,LOC003,2,2,0,0.0,0
2024-12-31,P000047,LOC004,8,7,1,12.5,1
2024-12-31,P000047,LOC006,2,2,0,0.0,0
2024-12-31,P000047,LOC007,13,13,0,0.0,0
2024-12-31,P000047,LOC010,5,5,0,0.0,0
2024-12-31,P000047,LOC012,10,9,1,10.0,1
2024-12-31,P000047,LOC014,1,1,0,0.0,0
2024-12-31,P000047,LOC016,4,3,1,25.0,1
2024-12-31,P000047,LOC017,1,1,0,0.0,0
2024-12-31,P000047,LOC019,8,9,1,12.5,1
2024-12-31,P000047,LOC020,2,2,0,0.0,0
2024-12-31,P000048,LOC001,5,5,0,0.0,0
2024-12-31,P000048,LOC003,6,6,0,0.0,0
2024-12-31,P000048,LOC005,3,3,0,0.0,0
2024-12-31,P000048,LOC006,1,1,0,0.0,0
2024-12-31,P000048,LOC007,5,5,0,0.0,0
2024-12-31,P000048,LOC008,6,6,0,0.0,0
2024-12-31,P000048,LOC009,11,10,1,9.090909090909092,1
2024-12-31,P000048,LOC010,1,1,0,0.0,0
2024-12-31,P000048,LOC013,5,5,0,0.0,0
2024-12-31,P000048,LOC015,1,1,0,0.0,0
2024-12-31,P000048,LOC016,3,3,0,0.0,0
2024-12-31,P000048,LOC017,8,8,0,0.0,0
2024-12-31,P000048,LOC020,1,1,0,0.0,0
2024-12-31,P000049,LOC001,5,5,0,0.0,0
2024-12-31,P000049,LOC002,8,9,1,12.5,1
2024-12-31,P000049,LOC003,2,2,0,0.0,0
2024-12-31,P000049,LOC004,6,5,1,16.666666666666664,1
2024-12-31,P000049,LOC005,1,1,0,0.0,0
2024-12-31,P000049,LOC006,1,1,0,0.0,0
2024-12-31,P000049,LOC007,4,5,1,25.0,1
2024-12-31,P000049,LOC008,1,1,0,0.0,0
2024-12-31,P000049,LOC009,1,1,0,0.0,0
2024-12-31,P000049,LOC010,5,5,0,0.0,0
2024-12-31,P000049,LOC012,6,5,1,16.666666666666664,1
2024-12-31,P000049,LOC014,10,11,1,10.0,1
2024-12-31,P000049,LOC015,5,6,1,20.0,1
2024-12-31,P000049,LOC016,20,23,3,15.0,9
2024-12-31,P000049,LOC018,3,3,0,0.0,0
2024-12-31,P000049,LOC019,3,3,0,0.0,0
2024-12-31,P000050,LOC001,4,4,0,0.0,0
2024-12-31,P000050,LOC002,6,5,1,16.666666666666664,1
2024-12-31,P000050,LOC003,6,7,1,16.666666666666664,1
2024-12-31,P000050,LOC004,3,3,0,0.0,0
2024-12-31,P000050,LOC005,1,1,0,0.0,0
2024-12-31,P000050,LOC007,4,3,1,25.0,1
2024-12-31,P000050,LOC009,3,3,0,0.0,0
2024-12-31,P000050,LOC011,3,3,0,0.0,0
2024-12-31,P000050,LOC012,6,6,0,0.0,0
2024-12-31,P000050,LOC015,4,4,0,0.0,0
2024-12-31,P000050,LOC016,1,1,0,0.0,0
2024-12-31,P000050,LOC017,8,7,1,12.5,1
2024-12-31,P000050,LOC018,5,5,0,0.0,0
2024-12-31,P000051,LOC001,6,6,0,0.0,0
2024-12-31,P000051,LOC003,6,7,1,16.666666666666664,1
2024-12-31,P000051,LOC004,5,5,0,0.0,0
2024-12-31,P000051,LOC005,4,4,0,0.0,0
2024-12-31,P000051,LOC006,6,5,1,16.666666666666664,1
2024-12-31,P000051,LOC008,16,19,3,18.75,9
2024-12-31,P000051,LOC009,2,2,0,0.0,0
2024-12-31,P000051,LOC012,1,1,0,0.0,0
2024-12-31,P000051,LOC013,6,7,1,16.666666666666664,1
2024-12-31,P000051,LOC014,7,6,1,14.285714285714285,1
2024-12-31,P000051,LOC018,8,8,0,0.0,0
2024-12-31,P000051,LOC019,6,7,1,16.666666666666664,1
2024-12-31,P000051,LOC020,9,8,1,11.11111111111111,1
2024-12-31,P000052,LOC001,5,6,1,20.0,1
2024-12-31,P000052,LOC003,2,2,0,0.0,0
2024-12-31,P000052,LOC004,11,12,1,9.090909090909092,1
2024-12-31,P000052,LOC006,2,2,0,0.0,0
2024-12-31,P000052,LOC008,5,5,0,0.0,0
2024-12-31,P000052,LOC010,5,5,0,0.0,0
2024-12-31,P000052,LOC012,11,13,2,18.181818181818183,4
2024-12-31,P000052,LOC014,2,2,0,0.0,0
2024-12-31,P000052,LOC015,3,3,0,0.0,0
2024-12-31,P000052,LOC016,3,3,0,0.0,0
2024-12-31,P000052,LOC018,2,2,0,0.0,0
2024-12-31,P000053,LOC003,3,2,1,33.33333333333333,1
2024-12-31,P000053,LOC005,5,5,0,0.0,0
2024-12-31,P000053,LOC006,5,5,0,0.0,0
2024-12-31,P000053,LOC009,5,6,1,20.0,1
2024-12-31,P000053,LOC011,8,9,1,12.5,1
2024-12-31,P000053,LOC013,5,4,1,20.0,1
2024-12-31,P000053,LOC015,11,11,0,0.0,0
2024-12-31,P000053,LOC016,6,5,1,16.666666666666664,1
2024-12-31,P000053,LOC017,3,3,0,0.0,0
2024-12-31,P000053,LOC018,1,1,0,0.0,0
2024-12-31,P000054,LOC001,1,1,0,0.0,0
2024-12-31,P000054,LOC002,5,6,1,20.0,1
2024-12-31,P000054,LOC003,1,1,0,0.0,0
2024-12-31,P000054,LOC004,5,4,1,20.0,1
2024-12-31,P000054,LOC005,7,6,1,14.285714285714285,1
2024-12-31,P000054,LOC006,1,1,0,0.0,0
2024-12-31,P000054,LOC007,1,1,0,0.0,0
2024-12-31,P000054,LOC010,1,1,0,0.0,0
2024-12-31,P000054,LOC011,2,2,0,0.0,0
2024-12-31,P000054,LOC012,6,7,1,16.666666666666664,1
2024-12-31,P000054,LOC013,6,5,1,16.666666666666664,1
2024-12-31,P000054,LOC015,7,6,1,14.285714285714285,1
2024-12-31,P000055,LOC002,1,1,0,0.0,0
2024-12-31,P000055,LOC004,6,6,0,0.0,0
2024-12-31,P000055,LOC006,7,7,0,0.0,0
2024-12-31,P000055,LOC007,6,6,0,0.0,0
2024-12-31,P000055,LOC008,9,10,1,11.11111111111111,1
2024-12-31,P000055,LOC009,10,10,0,0.0,0
2024-12-31,P000055,LOC011,5,6,1,20.0,1
2024-12-31,P000055,LOC012,2,2,0,0.0,0
2024-12-31,P000055,LOC013,3,3,0,0.0,0
2024-12-31,P000055,LOC015,2,2,0,0.0,0
2024-12-31,P000055,LOC017,5,4,1,20.0,1
2024-12-31,P000055,LOC020,5,4,1,20.0,1
2024-12-31,P000056,LOC002,3,3,0,0.0,0
2024-12-31,P000056,LOC004,6,6,0,0.0,0
2024-12-31,P000056,LOC005,7,6,1,14.285714285714285,1
2024-12-31,P000056,LOC006,2,2,0,0.0,0
2024-12-31,P000056,LOC007,2,2,0,0.0,0
2024-12-31,P000056,LOC009,1,1,0,0.0,0
2024-12-31,P000056,LOC012,5,6,1,20.0,1
2024-12-31,P000056,LOC014,4,5,1,25.0,1
2024-12-31,P000056,LOC015,3,3,0,0.0,0
2024-12-31,P000056,LOC016,3,3,0,0.0,0
2024-12-31,P000056,LOC017,1,1,0,0.0,0
2024-12-31,P000056,LOC018,5,4,1,20.0,1
2024-12-31,P000056,LOC020,11,11,0,0.0,0
2024-12-31,P000057,LOC002,3,3,0,0.0,0
2024-12-31,P000057,LOC003,5,4,1,20.0,1
2024-12-31,P000057,LOC004,3,3,0,0.0,0
2024-12-31,P000057,LOC006,6,5,1,16.666666666666664,1
2024-12-31,P000057,LOC007,11,12,1,9.090909090909092,1
2024-12-31,P000057,LOC010,1,1,0,0.0,0
2024-12-31,P000057,LOC011,1,1,0,0.0,0
2024-12-31,P000057,LOC016,18,19,1,5.555555555555555,1
2024-12-31,P000057,LOC017,5,6,1,20.0,1
2024-12-31,P000057,LOC019,1,1,0,0.0,0
2024-12-31,P000057,LOC020,4,3,1,25.0,1
2024-12-31,P000058,LOC001,7,8,1,14.285714285714285,1
2024-12-31,P000058,LOC003,9,10,1,11.11111111111111,1
2024-12-31,P000058,LOC007,5,4,1,20.0,1
2024-12-31,P000058,LOC008,5,5,0,0.0,0
2024-12-31,P000058,LOC009,3,3,0,0.0,0
2024-12-31,P000058,LOC012,2,2,0,0.0,0
2024-12-31,P000058,LOC013,9,9,0,0.0,0
2024-12-31,P000058,LOC014,6,5,1,16.666666666666664,1
2024-12-31,P000058,LOC015,4,4,0,0.0,0
2024-12-31,P000058,LOC016,5,6,1,20.0,1
2024-12-31,P000058,LOC017,5,5,0,0.0,0
2024-12-31,P000058,LOC018,5,5,0,0.0,0
2024-12-31,P000059,LOC004,11,12,1,9.090909090909092,1
2024-12-31,P000059,LOC008,6,5,1,16.666666666666664,1
2024-12-31,P000059,LOC009,5,5,0,0.0,0
2024-12-31,P000059,LOC012,5,5,0,0.0,0
2024-12-31,P000059,LOC014,3,3,0,0.0,0
2024-12-31,P000059,LOC016,1,1,0,0.0,0
2024-12-31,P000059,LOC017,5,6,1,20.0,1
2024-12-31,P000059,LOC019,5,5,0,0.0,0
2024-12-31,P000060,LOC001,4,3,1,25.0,1
2024-12-31,P000060,LOC002,9,10,1,11.11111111111111,1
2024-12-31,P000060,LOC004,6,7,1,16.666666666666664,1
2024-12-31,P000060,LOC007,4,4,0,0.0,0
2024-12-31,P000060,LOC008,6,5,1,16.666666666666664,1
2024-12-31,P000060,LOC009,7,6,1,14.285714285714285,1
2024-12-31,P000060,LOC012,6,6,0,0.0,0
2024-12-31,P000060,LOC013,7,6,1,14.285714285714285,1
2024-12-31,P000060,LOC015,3,3,0,0.0,0
2024-12-31,P000060,LOC016,1,1,0,0.0,0
2024-12-31,P000060,LOC017,8,6,2,25.0,4
2024-12-31,P000060,LOC019,11,13,2,18.181818181818183,4
2024-12-31,P000061,LOC001,8,10,2,25.0,4
2024-12-31,P000061,LOC005,5,5,0,0.0,0
2024-12-31,P000061,LOC009,4,3,1,25.0,1
2024-12-31,P000061,LOC010,10,9,1,10.0,1
2024-12-31,P000061,LOC012,5,4,1,20.0,1
2024-12-31,P000061,LOC013,3,3,0,0.0,0
2024-12-31,P000061,LOC016,5,5,0,0.0,0
2024-12-31,P000061,LOC018,6,7,1,16.666666666666664,1
2024-12-31,P000061,LOC019,3,2,1,33.33333333333333,1
2024-12-31,P000062,LOC001,8,7,1,12.5,1
2024-12-31,P000062,LOC002,1,1,0,0.0,0
2024-12-31,P000062,LOC005,6,6,0,0.0,0
2024-12-31,P000062,LOC006,6,7,1,16.666666666666664,1
2024-12-31,P000062,LOC007,3,3,0,0.0,0
2024-12-31,P000062,LOC008,4,4,0,0.0,0
2024-12-31,P000062,LOC009,3,3,0,0.0,0
2024-12-31,P000062,LOC010,1,1,0,0.0,0
2024-12-31,P000062,LOC012,2,2,0,0.0,0
2024-12-31,P000062,LOC013,1,1,0,0.0,0
2024-12-31,P000062,LOC015,3,4,1,33.33333333333333,1
2024-12-31,P000062,LOC016,3,3,0,0.0,0
2024-12-31,P000062,LOC017,8,9,1,12.5,1
2024-12-31,P000062,LOC019,11,12,1,9.090909090909092,1
2024-12-31,P000063,LOC001,2,2,0,0.0,0
2024-12-31,P000063,LOC002,5,4,1,20.0,1
2024-12-31,P000063,LOC004,6,5,1,16.666666666666664,1
2024-12-31,P000063,LOC008,6,7,1,16.666666666666664,1
2024-12-31,P000063,LOC011,1,1,0,0.0,0
2024-12-31,P000063,LOC012,1,1,0,0.0,0
2024-12-31,P000063,LOC013,6,6,0,0.0,0
2024-12-31,P000063,LOC014,5,6,1,20.0,1
2024-12-31,P000063,LOC015,5,4,1,20.0,1
2024-12-31,P000063,LOC017,5,5,0,0.0,0
2024-12-31,P000063,LOC019,5,6,1,20.0,1
2024-12-31,P000063,LOC020,1,1,0,0.0,0
2024-12-31,P000064,LOC001,2,2,0,0.0,0
2024-12-31,P000064,LOC002,3,3,0,0.0,0
2024-12-31,P000064,LOC004,11,9,2,18.181818181818183,4
2024-12-31,P000064,LOC005,2,2,0,0.0,0
2024-12-31,P000064,LOC008,11,11,0,0.0,0
2024-12-31,P000064,LOC009,9,8,1,11.11111111111111,1
2024-12-31,P000064,LOC011,1,1,0,0.0,0
2024-12-31,P000064,LOC012,1,1,0,0.0,0
2024-12-31,P000064,LOC014,3,3,0,0.0,0
2024-12-31,P000064,LOC016,5,5,0,0.0,0
2024-12-31,P000064,LOC017,3,3,0,0.0,0
2024-12-31,P000064,LOC020,3,3,0,0.0,0
2024-12-31,P000065,LOC001,1,1,0,0.0,0
2024-12-31,P000065,LOC002,3,3,0,0.0,0
2024-12-31,P000065,LOC003,5,5,0,0.0,0
2024-12-31,P000065,LOC004,3,3,0,0.0,0
2024-12-31,P000065,LOC005,3,3,0,0.0,0
2024-12-31,P000065,LOC006,5,4,1,20.0,1
2024-12-31,P000065,LOC007,13,13,0,0.0,0
2024-12-31,P000065,LOC008,1,1,0,0.0,0
2024-12-31,P000065,LOC009,2,2,0,0.0,0
2024-12-31,P000065,LOC010,11,12,1,9.090909090909092,1
2024-12-31,P000065,LOC012,3,3,0,0.0,0
2024-12-31,P000065,LOC013,3,2,1,33.33333333333333,1
2024-12-31,P000065,LOC014,5,5,0,0.0,0
2024-12-31,P000065,LOC015,11,9,2,18.181818181818183,4
2024-12-31,P000065,LOC016,1,1,0,0.0,0
2024-12-31,P000065,LOC018,7,7,0,0.0,0
2024-12-31,P000065,LOC019,1,1,0,0.0,0
2024-12-31,P000066,LOC001,5,6,1,20.0,1
2024-12-31,P000066,LOC002,5,5,0,0.0,0
2024-12-31,P000066,LOC003,4,4,0,0.0,0
2024-12-31,P000066,LOC005,1,1,0,0.0,0
2024-12-31,P000066,LOC007,1,1,0,0.0,0
2024-12-31,P000066,LOC009,5,6,1,20.0,1
2024-12-31,P000066,LOC010,1,1,0,0.0,0
2024-12-31,P000066,LOC012,7,7,0,0.0,0
2024-12-31,P000066,LOC013,1,1,0,0.0,0
2024-12-31,P000066,LOC015,2,2,0,0.0,0
2024-12-31,P000066,LOC017,6,5,1,16.666666666666664,1
2024-12-31,P000066,LOC018,3,3,0,0.0,0
2024-12-31,P000066,LOC020,7,7,0,0.0,0
2024-12-31,P000067,LOC001,3,3,0,0.0,0
2024-12-31,P000067,LOC002,3,3,0,0.0,0
2024-12-31,P000067,LOC003,1,1,0,0.0,0
2024-12-31,P000067,LOC007,6,7,1,16.666666666666664,1
2024-12-31,P000067,LOC008,8,10,2,25.0,4
2024-12-31,P000067,LOC009,5,5,0,0.0,0
2024-12-31,P000067,LOC010,4,4,0,0.0,0
2024-12-31,P000067,LOC012,10,9,1,10.0,1
2024-12-31,P000067,LOC013,2,2,0,0.0,0
2024-12-31,P000067,LOC014,3,3,0,0.0,0
2024-12-31,P000067,LOC015,1,1,0,0.0,0
2024-12-31,P000067,LOC017,5,6,1,20.0,1
2024-12-31,P000067,LOC018,2,2,0,0.0,0
2024-12-31,P000068,LOC002,2,2,0,0.0,0
2024-12-31,P000068,LOC003,7,8,1,14.285714285714285,1
2024-12-31,P000068,LOC004,2,2,0,0.0,0
2024-12-31,P000068,LOC005,5,6,1,20.0,1
2024-12-31,P000068,LOC006,3,4,1,33.33333333333333,1
2024-12-31,P000068,LOC008,7,8,1,14.285714285714285,1
2024-12-31,P000068,LOC010,9,7,2,22.22222222222222,4
2024-12-31,P000068,LOC013,3,3,0,0.0,0
2024-12-31,P000068,LOC015,2,2,0,0.0,0
2024-12-31,P000068,LOC016,2,2,0,0.0,0
2024-12-31,P000068,LOC017,5,5,0,0.0,0
2024-12-31,P000068,LOC018,5,4,1,20.0,1
2024-12-31,P000068,LOC019,5,5,0,0.0,0
2024-12-31,P000069,LOC001,5,5,0,0.0,0
2024-12-31,P000069,LOC002,6,5,1,16.666666666666664,1
2024-12-31,P000069,LOC003,1,1,0,0.0,0
2024-12-31,P000069,LOC004,5,5,0,0.0,0
2024-12-31,P000069,LOC009,12,14,2,16.666666666666664,4
2024-12-31,P000069,LOC010,1,1,0,0.0,0
2024-12-31,P000069,LOC012,4,4,0,0.0,0
2024-12-31,P000069,LOC014,8,7,1,12.5,1
2024-12-31,P000069,LOC016,5,4,1,20.0,1
2024-12-31,P000069,LOC017,4,5,1,25.0,1
2024-12-31,P000069,LOC019,1,1,0,0.0,0
2024-12-31,P000070,LOC002,7,8,1,14.285714285714285,1
2024-12-31,P000070,LOC003,2,2,0,0.0,0
2024-12-31,P000070,LOC004,1,1,0,0.0,0
2024-12-31,P000070,LOC007,7,7,0,0.0,0
2024-12-31,P000070,LOC008,3,3,0,0.0,0
2024-12-31,P000070,LOC011,2,2,0,0.0,0
2024-12-31,P000070,LOC012,2,2,0,0.0,0
2024-12-31,P000070,LOC015,1,1,0,0.0,0
2024-12-31,P000070,LOC018,5,4,1,20.0,1
2024-12-31,P000070,LOC019,4,4,0,0.0,0
2024-12-31,P000070,LOC020,4,4,0,0.0,0
2024-12-31,P000071,LOC001,3,3,0,0.0,0
2024-12-31,P000071,LOC003,7,7,0,0.0,0
2024-12-31,P000071,LOC004,2,2,0,0.0,0
2024-12-31,P000071,LOC005,10,10,0,0.0,0
2024-12-31,P000071,LOC007,1,1,0,0.0,0
2024-12-31,P000071,LOC008,8,9,1,12.5,1
2024-12-31,P000071,LOC010,11,10,1,9.090909090909092,1
2024-12-31,P000071,LOC011,2,2,0,0.0,0
2024-12-31,P000071,LOC012,5,4,1,20.0,1
2024-12-31,P000071,LOC014,2,2,0,0.0,0
2024-12-31,P000071,LOC015,2,2,0,0.0,0
2024-12-31,P000071,LOC016,1,1,0,0.0,0
2024-12-31,P000071,LOC017,12,12,0,0.0,0
2024-12-31,P000071,LOC019,1,1,0,0.0,0
2024-12-31,P000072,LOC001,2,2,0,0.0,0
2024-12-31,P000072,LOC003,1,1,0,0.0,0
2024-12-31,P000072,LOC004,1,1,0,0.0,0
2024-12-31,P000072,LOC005,2,2,0,0.0,0
2024-12-31,P000072,LOC006,6,7,1,16.666666666666664,1
2024-12-31,P000072,LOC007,3,3,0,0.0,0
2024-12-31,P000072,LOC008,5,6,1,20.0,1
2024-12-31,P000072,LOC009,4,5,1,25.0,1
2024-12-31,P000072,LOC010,3,2,1,33.33333333333333,1
2024-12-31,P000072,LOC011,6,5,1,16.666666666666664,1
2024-12-31,P000072,LOC012,3,3,0,0.0,0
2024-12-31,P000072,LOC013,8,6,2,25.0,4
2024-12-31,P000072,LOC014,2,2,0,0.0,0
2024-12-31,P000072,LOC015,6,6,0,0.0,0
2024-12-31,P000072,LOC017,2,2,0,0.0,0
2024-12-31,P000072,LOC019,1,1,0,0.0,0
2024-12-31,P000072,LOC020,4,4,0,0.0,0
2024-12-31,P000073,LOC001,6,7,1,16.666666666666664,1
2024-12-31,P000073,LOC002,2,2,0,0.0,0
2024-12-31,P000073,LOC003,5,6,1,20.0,1
2024-12-31,P000073,LOC004,6,5,1,16.666666666666664,1
2024-12-31,P000073,LOC006,2,2,0,0.0,0
2024-12-31,P000073,LOC009,7,7,0,0.0,0
2024-12-31,P000073,LOC012,7,7,0,0.0,0
2024-12-31,P000073,LOC013,5,6,1,20.0,1
2024-12-31,P000073,LOC016,2,2,0,0.0,0
2024-12-31,P000073,LOC018,7,7,0,0.0,0
2024-12-31,P000073,LOC019,3,3,0,0.0,0
2024-12-31,P000073,LOC020,9,8,1,11.11111111111111,1
2024-12-31,P000074,LOC002,2,2,0,0.0,0
2024-12-31,P000074,LOC004,1,1,0,0.0,0
2024-12-31,P000074,LOC005,2,2,0,0.0,0
2024-12-31,P000074,LOC006,5,5,0,0.0,0
2024-12-31,P000074,LOC007,1,1,0,0.0,0
2024-12-31,P000074,LOC008,5,5,0,0.0,0
2024-12-31,P000074,LOC009,4,4,0,0.0,0
2024-12-31,P000074,LOC011,11,11,0,0.0,0
2024-12-31,P000074,LOC013,5,5,0,0.0,0
2024-12-31,P000074,LOC014,3,3,0,0.0,0
2024-12-31,P000074,LOC015,4,5,1,25.0,1
2024-12-31,P000074,LOC017,2,2,0,0.0,0
2024-12-31,P000075,LOC002,3,3,0,0.0,0
2024-12-31,P000075,LOC003,1,1,0,0.0,0
2024-12-31,P000075,LOC005,2,2,0,0.0,0
2024-12-31,P000075,LOC008,6,6,0,0.0,0
2024-12-31,P000075,LOC012,3,3,0,0.0,0
2024-12-31,P000075,LOC015,7,8,1,14.285714285714285,1
2024-12-31,P000075,LOC017,2,2,0,0.0,0
2024-12-31,P000075,LOC020,2,2,0,0.0,0
2024-12-31,P000076,LOC001,3,3,0,0.0,0
2024-12-31,P000076,LOC006,8,8,0,0.0,0
2024-12-31,P000076,LOC009,3,3,0,0.0,0
2024-12-31,P000076,LOC012,7,8,1,14.285714285714285,1
2024-12-31,P000076,LOC013,3,3,0,0.0,0
2024-12-31,P000076,LOC016,4,4,0,0.0,0
2024-12-31,P000076,LOC017,1,1,0,0.0,0
2024-12-31,P000076,LOC019,3,3,0,0.0,0
2024-12-31,P000077,LOC001,1,1,0,0.0,0
2024-12-31,P000077,LOC003,6,7,1,16.666666666666664,1
2024-12-31,P000077,LOC004,3,2,1,33.33333333333333,1
2024-12-31,P000077,LOC005,1,1,0,0.0,0
2024-12-31,P000077,LOC007,3,3,0,0.0,0
2024-12-31,P000077,LOC009,6,6,0,0.0,0
2024-12-31,P000077,LOC010,3,3,0,0.0,0
2024-12-31,P000077,LOC011,10,8,2,20.0,4
2024-12-31,P000077,LOC013,3,3,0,0.0,0
2024-12-31,P000077,LOC014,3,3,0,0.0,0
2024-12-31,P000077,LOC015,3,3,0,0.0,0
2024-12-31,P000077,LOC017,6,6,0,0.0,0
2024-12-31,P000077,LOC018,9,7,2,22.22222222222222,4
2024-12-31,P000077,LOC019,6,6,0,0.0,0
2024-12-31,P000077,LOC020,4,4,0,0.0,0
2024-12-31,P000078,LOC002,6,6,0,0.0,0
2024-12-31,P000078,LOC004,5,5,0,0.0,0
2024-12-31,P000078,LOC005,2,2,0,0.0,0
2024-12-31,P000078,LOC006,3,3,0,0.0,0
2024-12-31,P000078,LOC007,2,2,0,0.0,0
2024-12-31,P000078,LOC008,8,8,0,0.0,0
2024-12-31,P000078,LOC011,6,6,0,0.0,0
2024-12-31,P000078,LOC012,3,3,0,0.0,0
2024-12-31,P000078,LOC013,1,1,0,0.0,0
2024-12-31,P000078,LOC015,7,6,1,14.285714285714285,1
2024-12-31,P000078,LOC016,5,5,0,0.0,0
2024-12-31,P000078,LOC017,3,3,0,0.0,0
2024-12-31,P000078,LOC018,6,6,0,0.0,0
2024-12-31,P000078,LOC019,7,8,1,14.285714285714285,1
2024-12-31,P000078,LOC020,5,5,0,0.0,0
2024-12-31,P000079,LOC001,2,2,0,0.0,0
2024-12-31,P000079,LOC002,3,3,0,0.0,0
2024-12-31,P000079,LOC003,2,2,0,0.0,0
2024-12-31,P000079,LOC004,2,2,0,0.0,0
2024-12-31,P000079,LOC005,3,3,0,0.0,0
2024-12-31,P000079,LOC007,2,2,0,0.0,0
2024-12-31,P000079,LOC008,3,3,0,0.0,0
2024-12-31,P000079,LOC009,1,1,0,0.0,0
2024-12-31,P000079,LOC011,5,6,1,20.0,1
2024-12-31,P000079,LOC013,11,10,1,9.090909090909092,1
2024-12-31,P000079,LOC016,6,5,1,16.666666666666664,1
2024-12-31,P000079,LOC017,2,2,0,0.0,0
2024-12-31,P000079,LOC018,1,1,0,0.0,0
2024-12-31,P000080,LOC001,2,2,0,0.0,0
2024-12-31,P000080,LOC002,5,5,0,0.0,0
2024-12-31,P000080,LOC004,3,3,0,0.0,0
2024-12-31,P000080,LOC005,3,3,0,0.0,0
2024-12-31,P000080,LOC006,7,8,1,14.285714285714285,1
2024-12-31,P000080,LOC009,8,9,1,12.5,1
2024-12-31,P000080,LOC010,4,4,0,0.0,0
2024-12-31,P000080,LOC012,9,9,0,0.0,0
2024-12-31,P000080,LOC015,3,3,0,0.0,0
2024-12-31,P000080,LOC016,5,5,0,0.0,0
2024-12-31,P000080,LOC017,5,4,1,20.0,1
2024-12-31,P000080,LOC018,1,1,0,0.0,0
2024-12-31,P000080,LOC019,5,6,1,20.0,1
2024-12-31,P000080,LOC020,1,1,0,0.0,0
2024-12-31,P000081,LOC001,5,5,0,0.0,0
2024-12-31,P000081,LOC002,3,3,0,0.0,0
2024-12-31,P000081,LOC003,2,2,0,0.0,0
2024-12-31,P000081,LOC004,10,11,1,10.0,1
2024-12-31,P000081,LOC008,3,3,0,0.0,0
2024-12-31,P000081,LOC009,7,7,0,0.0,0
2024-12-31,P000081,LOC010,6,5,1,16.666666666666664,1
2024-12-31,P000081,LOC011,1,1,0,0.0,0
2024-12-31,P000081,LOC012,6,7,1,16.666666666666664,1
2024-12-31,P000081,LOC013,1,1,0,0.0,0
2024-12-31,P000081,LOC015,1,1,0,0.0,0
2024-12-31,P000081,LOC016,8,8,0,0.0,0
2024-12-31,P000081,LOC017,2,2,0,0.0,0
2024-12-31,P000081,LOC019,3,2,1,33.33333333333333,1
2024-12-31,P000081,LOC020,1,1,0,0.0,0
2024-12-31,P000082,LOC001,18,16,2,11.11111111111111,4
2024-12-31,P000082,LOC002,5,5,0,0.0,0
2024-12-31,P000082,LOC004,1,1,0,0.0,0
2024-12-31,P000082,LOC005,3,3,0,0.0,0
2024-12-31,P000082,LOC008,2,2,0,0.0,0
2024-12-31,P000082,LOC009,3,3,0,0.0,0
2024-12-31,P000082,LOC010,1,1,0,0.0,0
2024-12-31,P000082,LOC011,1,1,0,0.0,0
2024-12-31,P000082,LOC013,6,6,0,0.0,0
2024-12-31,P000082,LOC014,1,1,0,0.0,0
2024-12-31,P000082,LOC017,1,1,0,0.0,0
2024-12-31,P000082,LOC018,9,10,1,11.11111111111111,1
2024-12-31,P000082,LOC019,2,2,0,0.0,0
2024-12-31,P000082,LOC020,9,9,0,0.0,0
2024-12-31,P000083,LOC003,14,12,2,14.285714285714285,4
2024-12-31,P000083,LOC004,3,3,0,0.0,0
2024-12-31,P000083,LOC005,11,11,0,0.0,0
2024-12-31,P000083,LOC008,9,8,1,11.11111111111111,1
2024-12-31,P000083,LOC009,1,1,0,0.0,0
2024-12-31,P000083,LOC010,9,9,0,0.0,0
2024-12-31,P000083,LOC012,9,9,0,0.0,0
2024-12-31,P000083,LOC016,1,1,0,0.0,0
2024-12-31,P000083,LOC017,3,3,0,0.0,0
2024-12-31,P000083,LOC018,5,6,1,20.0,1
2024-12-31,P000083,LOC019,3,3,0,0.0,0
2024-12-31,P000083,LOC020,9,9,0,0.0,0
2024-12-31,P000084,LOC003,4,3,1,25.0,1
2024-12-31,P000084,LOC005,10,12,2,20.0,4
2024-12-31,P000084,LOC006,5,4,1,20.0,1
2024-12-31,P000084,LOC008,12,10,2,16.666666666666664,4
2024-12-31,P000084,LOC010,6,7,1,16.666666666666664,1
2024-12-31,P000084,LOC013,6,5,1,16.666666666666664,1
2024-12-31,P000084,LOC014,1,1,0,0.0,0
2024-12-31,P000084,LOC016,8,7,1,12.5,1
2024-12-31,P000084,LOC018,8,10,2,25.0,4
2024-12-31,P000084,LOC019,6,6,0,0.0,0
2024-12-31,P000084,LOC020,5,4,1,20.0,1
2024-12-31,P000085,LOC001,6,7,1,16.666666666666664,1
2024-12-31,P000085,LOC002,8,8,0,0.0,0
2024-12-31,P000085,LOC004,11,12,1,9.090909090909092,1
2024-12-31,P000085,LOC005,1,1,0,0.0,0
2024-12-31,P000085,LOC007,2,2,0,0.0,0
2024-12-31,P000085,LOC008,3,3,0,0.0,0
2024-12-31,P000085,LOC009,8,8,0,0.0,0
2024-12-31,P000085,LOC010,8,9,1,12.5,1
2024-12-31,P000085,LOC011,5,5,0,0.0,0
2024-12-31,P000085,LOC012,3,3,0,0.0,0
2024-12-31,P000085,LOC013,1,1,0,0.0,0
2024-12-31,P000085,LOC016,1,1,0,0.0,0
2024-12-31,P000085,LOC017,1,1,0,0.0,0
2024-12-31,P000085,LOC019,3,3,0,0.0,0
2024-12-31,P000085,LOC020,4,4,0,0.0,0
2024-12-31,P000086,LOC001,1,1,0,0.0,0
2024-12-31,P000086,LOC002,3,3,0,0.0,0
2024-12-31,P000086,LOC003,5,4,1,20.0,1
2024-12-31,P000086,LOC004,3,3,0,0.0,0
2024-12-31,P000086,LOC005,4,4,0,0.0,0
2024-12-31,P000086,LOC006,3,3,0,0.0,0
2024-12-31,P000086,LOC009,2,2,0,0.0,0
2024-12-31,P000086,LOC012,1,1,0,0.0,0
2024-12-31,P000086,LOC013,3,2,1,33.33333333333333,1
2024-12-31,P000086,LOC015,6,5,1,16.666666666666664,1
2024-12-31,P000086,LOC016,3,2,1,33.33333333333333,1
2024-12-31,P000086,LOC017,9,8,1,11.11111111111111,1
2024-12-31,P000086,LOC019,5,6,1,20.0,1
2024-12-31,P000086,LOC020,4,5,1,25.0,1
2024-12-31,P000087,LOC001,6,6,0,0.0,0
2024-12-31,P000087,LOC002,6,6,0,0.0,0
2024-12-31,P000087,LOC004,1,1,0,0.0,0
2024-12-31,P000087,LOC005,5,4,1,20.0,1
2024-12-31,P000087,LOC006,2,2,0,0.0,0
2024-12-31,P000087,LOC008,14,12,2,14.285714285714285,4
2024-12-31,P000087,LOC009,6,5,1,16.666666666666664,1
2024-12-31,P000087,LOC010,3,3,0,0.0,0
2024-12-31,P000087,LOC012,2,2,0,0.0,0
2024-12-31,P000087,LOC013,7,7,0,0.0,0
2024-12-31,P000087,LOC016,3,3,0,0.0,0
2024-12-31,P000087,LOC017,6,7,1,16.666666666666664,1
2024-12-31,P000087,LOC018,1,1,0,0.0,0
2024-12-31,P000087,LOC019,3,3,0,0.0,0
2024-12-31,P000088,LOC002,1,1,0,0.0,0
2024-12-31,P000088,LOC004,5,5,0,0.0,0
2024-12-31,P000088,LOC005,1,1,0,0.0,0
2024-12-31,P000088,LOC007,3,4,1,33.33333333333333,1
2024-12-31,P000088,LOC011,5,5,0,0.0,0
2024-12-31,P000088,LOC012,3,3,0,0.0,0
2024-12-31,P000088,LOC013,9,8,1,11.11111111111111,1
2024-12-31,P000088,LOC015,2,2,0,0.0,0
2024-12-31,P000088,LOC017,8,9,1,12.5,1
2024-12-31,P000088,LOC018,7,7,0,0.0,0
2024-12-31,P000088,LOC020,3,3,0,0.0,0
2024-12-31,P000089,LOC001,7,8,1,14.285714285714285,1
2024-12-31,P000089,LOC002,7,7,0,0.0,0
2024-12-31,P000089,LOC003,3,3,0,0.0,0
2024-12-31,P000089,LOC004,3,3,0,0.0,0
2024-12-31,P000089,LOC005,10,8,2,20.0,4
2024-12-31,P000089,LOC007,2,2,0,0.0,0
2024-12-31,P000089,LOC009,3,3,0,0.0,0
2024-12-31,P000089,LOC010,4,4,0,0.0,0
2024-12-31,P000089,LOC012,2,2,0,0.0,0
2024-12-31,P000089,LOC015,6,6,0,0.0,0
2024-12-31,P000089,LOC017,2,2,0,0.0,0
2024-12-31,P000089,LOC019,5,6,1,20.0,1
2024-12-31,P000089,LOC020,1,1,0,0.0,0
2024-12-31,P000090,LOC001,3,3,0,0.0,0
2024-12-31,P000090,LOC002,1,1,0,0.0,0
2024-12-31,P000090,LOC004,4,4,0,0.0,0
2024-12-31,P000090,LOC005,4,4,0,0.0,0
2024-12-31,P000090,LOC006,3,3,0,0.0,0
2024-12-31,P000090,LOC008,2,2,0,0.0,0
2024-12-31,P000090,LOC009,1,1,0,0.0,0
2024-12-31,P000090,LOC012,4,4,0,0.0,0
2024-12-31,P000090,LOC013,3,3,0,0.0,0
2024-12-31,P000090,LOC014,5,5,0,0.0,0
2024-12-31,P000090,LOC015,1,1,0,0.0,0
2024-12-31,P000090,LOC017,3,3,0,0.0,0
2024-12-31,P000090,LOC019,2,2,0,0.0,0
2024-12-31,P000091,LOC001,3,3,0,0.0,0
2024-12-31,P000091,LOC002,11,13,2,18.181818181818183,4
2024-12-31,P000091,LOC003,3,3,0,0.0,0
2024-12-31,P000091,LOC004,3,4,1,33.33333333333333,1
2024-12-31,P000091,LOC005,2,2,0,0.0,0
2024-12-31,P000091,LOC010,2,2,0,0.0,0
2024-12-31,P000091,LOC012,10,8,2,20.0,4
2024-12-31,P000091,LOC013,6,6,0,0.0,0
2024-12-31,P000091,LOC014,6,5,1,16.666666666666664,1
2024-12-31,P000091,LOC016,5,6,1,20.0,1
2024-12-31,P000091,LOC017,4,4,0,0.0,0
2024-12-31,P000091,LOC018,2,2,0,0.0,0
2024-12-31,P000091,LOC019,2,2,0,0.0,0
2024-12-31,P000092,LOC003,10,8,2,20.0,4
2024-12-31,P000092,LOC005,2,2,0,0.0,0
2024-12-31,P000092,LOC006,2,2,0,0.0,0
2024-12-31,P000092,LOC007,8,7,1,12.5,1
2024-12-31,P000092,LOC009,12,10,2,16.666666666666664,4
2024-12-31,P000092,LOC010,3,3,0,0.0,0
2024-12-31,P000092,LOC012,5,5,0,0.0,0
2024-12-31,P000092,LOC013,2,2,0,0.0,0
2024-12-31,P000092,LOC014,3,3,0,0.0,0
2024-12-31,P000092,LOC015,5,4,1,20.0,1
2024-12-31,P000092,LOC016,7,8,1,14.285714285714285,1
2024-12-31,P000092,LOC020,7,7,0,0.0,0
2024-12-31,P000093,LOC001,9,10,1,11.11111111111111,1
2024-12-31,P000093,LOC002,6,5,1,16.666666666666664,1
2024-12-31,P000093,LOC004,7,6,1,14.285714285714285,1
2024-12-31,P000093,LOC005,11,13,2,18.181818181818183,4
2024-12-31,P000093,LOC007,6,7,1,16.666666666666664,1
2024-12-31,P000093,LOC008,11,12,1,9.090909090909092,1
2024-12-31,P000093,LOC009,2,2,0,0.0,0
2024-12-31,P000093,LOC010,6,7,1,16.666666666666664,1
2024-12-31,P000093,LOC011,2,2,0,0.0,0
2024-12-31,P000093,LOC012,6,6,0,0.0,0
2024-12-31,P000093,LOC013,6,6,0,0.0,0
2024-12-31,P000093,LOC014,3,3,0,0.0,0
2024-12-31,P000093,LOC016,1,1,0,0.0,0
2024-12-31,P000093,LOC018,5,5,0,0.0,0
2024-12-31,P000093,LOC019,5,5,0,0.0,0
2024-12-31,P000093,LOC020,6,7,1,16.666666666666664,1
2024-12-31,P000094,LOC001,2,2,0,0.0,0
2024-12-31,P000094,LOC003,6,6,0,0.0,0
2024-12-31,P000094,LOC005,9,9,0,0.0,0
2024-12-31,P000094,LOC007,2,2,0,0.0,0
2024-12-31,P000094,LOC008,5,6,1,20.0,1
2024-12-31,P000094,LOC012,1,1,0,0.0,0
2024-12-31,P000094,LOC014,8,9,1,12.5,1
2024-12-31,P000094,LOC015,5,5,0,0.0,0
2024-12-31,P000094,LOC016,3,3,0,0.0,0
2024-12-31,P000094,LOC017,12,11,1,8.333333333333332,1
2024-12-31,P000095,LOC004,5,5,0,0.0,0
2024-12-31,P000095,LOC006,10,11,1,10.0,1
2024-12-31,P000095,LOC007,7,7,0,0.0,0
2024-12-31,P000095,LOC008,3,3,0,0.0,0
2024-12-31,P000095,LOC009,5,6,1,20.0,1
2024-12-31,P000095,LOC011,6,6,0,0.0,0
2024-12-31,P000095,LOC012,2,2,0,0.0,0
2024-12-31,P000095,LOC015,4,4,0,0.0,0
2024-12-31,P000095,LOC016,1,1,0,0.0,0
2024-12-31,P000095,LOC017,5,5,0,0.0,0
2024-12-31,P000095,LOC020,5,5,0,0.0,0
2024-12-31,P000096,LOC002,3,3,0,0.0,0
2024-12-31,P000096,LOC004,7,8,1,14.285714285714285,1
2024-12-31,P000096,LOC006,3,2,1,33.33333333333333,1
2024-12-31,P000096,LOC009,7,7,0,0.0,0
2024-12-31,P000096,LOC011,7,6,1,14.285714285714285,1
2024-12-31,P000096,LOC012,7,6,1,14.285714285714285,1
2024-12-31,P000096,LOC013,1,1,0,0.0,0
2024-12-31,P000096,LOC015,7,8,1,14.285714285714285,1
2024-12-31,P000096,LOC016,3,3,0,0.0,0
2024-12-31,P000096,LOC017,7,7,0,0.0,0
2024-12-31,P000096,LOC018,6,6,0,0.0,0
2024-12-31,P000096,LOC019,15,16,1,6.666666666666667,1
2024-12-31,P000097,LOC001,5,5,0,0.0,0
2024-12-31,P000097,LOC002,1,1,0,0.0,0
2024-12-31,P000097,LOC004,2,2,0,0.0,0
2024-12-31,P000097,LOC006,6,7,1,16.666666666666664,1
2024-12-31,P000097,LOC007,5,5,0,0.0,0
2024-12-31,P000097,LOC013,10,11,1,10.0,1
2024-12-31,P000097,LOC014,2,2,0,0.0,0
2024-12-31,P000097,LOC015,1,1,0,0.0,0
2024-12-31,P000097,LOC020,3,4,1,33.33333333333333,1
2024-12-31,P000098,LOC002,3,4,1,33.33333333333333,1
2024-12-31,P000098,LOC003,5,4,1,20.0,1
2024-12-31,P000098,LOC004,1,1,0,0.0,0
2024-12-31,P000098,LOC007,3,3,0,0.0,0
2024-12-31,P000098,LOC008,3,3,0,0.0,0
2024-12-31,P000098,LOC009,3,3,0,0.0,0
2024-12-31,P000098,LOC011,6,5,1,16.666666666666664,1
2024-12-31,P000098,LOC012,17,18,1,5.88235294117647,1
2024-12-31,P000098,LOC013,9,7,2,22.22222222222222,4
2024-12-31,P000098,LOC014,1,1,0,0.0,0
2024-12-31,P000098,LOC015,3,3,0,0.0,0
2024-12-31,P000098,LOC016,7,6,1,14.285714285714285,1
2024-12-31,P000098,LOC020,9,10,1,11.11111111111111,1
2024-12-31,P000099,LOC001,1,1,0,0.0,0
2024-12-31,P000099,LOC003,6,5,1,16.666666666666664,1
2024-12-31,P000099,LOC004,2,2,0,0.0,0
2024-12-31,P000099,LOC005,1,1,0,0.0,0
2024-12-31,P000099,LOC006,6,6,0,0.0,0
2024-12-31,P000099,LOC009,1,1,0,0.0,0
2024-12-31,P000099,LOC012,10,8,2,20.0,4
2024-12-31,P000099,LOC013,1,1,0,0.0,0
2024-12-31,P000099,LOC014,2,2,0,0.0,0
2024-12-31,P000099,LOC015,8,9,1,12.5,1
2024-12-31,P000099,LOC016,12,10,2,16.666666666666664,4
2024-12-31,P000099,LOC019,11,11,0,0.0,0
2024-12-31,P000099,LOC020,11,10,1,9.090909090909092,1
2024-12-31,P000100,LOC002,5,6,1,20.0,1
2024-12-31,P000100,LOC004,2,2,0,0.0,0
2024-12-31,P000100,LOC007,2,2,0,0.0,0
2024-12-31,P000100,LOC009,6,5,1,16.666666666666664,1
2024-12-31,P000100,LOC012,1,1,0,0.0,0
2024-12-31,P000100,LOC015,3,3,0,0.0,0
2024-12-31,P000100,LOC016,5,4,1,20.0,1
2024-12-31,P000100,LOC017,7,7,0,0.0,0
2024-12-31,P000100,LOC019,1,1,0,0.0,0
2024-12-31,P000100,LOC020,3,3,0,0.0,0
2025-01-31,P000001,LOC002,4,3,1,25.0,1
2025-01-31,P000001,LOC004,3,3,0,0.0,0
2025-01-31,P000001,LOC006,3,3,0,0.0,0
2025-01-31,P000001,LOC007,4,3,1,25.0,1
2025-01-31,P000001,LOC009,1,1,0,0.0,0
2025-01-31,P000001,LOC010,3,3,0,0.0,0
2025-01-31,P000001,LOC011,0,0,0,,0
2025-01-31,P000001,LOC012,0,0,0,,0
2025-01-31,P000001,LOC013,2,2,0,0.0,0
2025-01-31,P000001,LOC014,8,7,1,12.5,1
2025-01-31,P000001,LOC015,4,4,0,0.0,0
2025-01-31,P000001,LOC016,0,0,0,,0
2025-01-31,P000001,LOC019,2,2,0,0.0,0
2025-01-31,P000001,LOC020,0,0,0,,0
2025-01-31,P000002,LOC002,4,5,1,25.0,1
2025-01-31,P000002,LOC004,2,2,0,0.0,0
2025-01-31,P000002,LOC005,3,3,0,0.0,0
2025-01-31,P000002,LOC006,6,6,0,0.0,0
2025-01-31,P000002,LOC007,0,0,0,,0
2025-01-31,P000002,LOC008,2,2,0,0.0,0
2025-01-31,P000002,LOC009,2,2,0,0.0,0
2025-01-31,P000002,LOC011,1,1,0,0.0,0
2025-01-31,P000002,LOC012,2,2,0,0.0,0
2025-01-31,P000002,LOC013,5,5,0,0.0,0
2025-01-31,P000002,LOC014,2,2,0,0.0,0
2025-01-31,P000002,LOC015,0,0,0,,0
2025-01-31,P000002,LOC016,0,0,0,,0
2025-01-31,P000002,LOC017,0,0,0,,0
2025-01-31,P000002,LOC018,3,3,0,0.0,0
2025-01-31,P000002,LOC020,2,2,0,0.0,0
2025-01-31,P000003,LOC001,1,1,0,0.0,0
2025-01-31,P000003,LOC004,3,2,1,33.33333333333333,1
2025-01-31,P000003,LOC005,3,3,0,0.0,0
2025-01-31,P000003,LOC006,4,4,0,0.0,0
2025-01-31,P000003,LOC007,0,0,0,,0
2025-01-31,P000003,LOC008,7,7,0,0.0,0
2025-01-31,P000003,LOC009,0,0,0,,0
2025-01-31,P000003,LOC010,3,4,1,33.33333333333333,1
2025-01-31,P000003,LOC012,2,2,0,0.0,0
2025-01-31,P000003,LOC013,8,7,1,12.5,1
2025-01-31,P000003,LOC014,0,0,0,,0
2025-01-31,P000003,LOC015,2,2,0,0.0,0
2025-01-31,P000003,LOC016,1,1,0,0.0,0
2025-01-31,P000003,LOC017,0,0,0,,0
2025-01-31,P000003,LOC018,0,0,0,,0
2025-01-31,P000003,LOC019,0,0,0,,0
2025-01-31,P000003,LOC020,0,0,0,,0
2025-01-31,P000004,LOC001,2,2,0,0.0,0
2025-01-31,P000004,LOC004,9,7,2,22.22222222222222,4
2025-01-31,P000004,LOC005,4,4,0,0.0,0
2025-01-31,P000004,LOC006,0,0,0,,0
2025-01-31,P000004,LOC010,3,3,0,0.0,0
2025-01-31,P000004,LOC011,0,0,0,,0
2025-01-31,P000004,LOC014,0,0,0,,0
2025-01-31,P000004,LOC015,12,11,1,8.333333333333332,1
2025-01-31,P000004,LOC018,3,3,0,0.0,0
2025-01-31,P000004,LOC019,3,3,0,0.0,0
2025-01-31,P000005,LOC001,1,1,0,0.0,0
2025-01-31,P000005,LOC002,1,1,0,0.0,0
2025-01-31,P000005,LOC005,3,3,0,0.0,0
2025-01-31,P000005,LOC007,2,2,0,0.0,0
2025-01-31,P000005,LOC011,3,3,0,0.0,0
2025-01-31,P000005,LOC013,5,4,1,20.0,1
2025-01-31,P000005,LOC014,3,3,0,0.0,0
2025-01-31,P000005,LOC016,0,0,0,,0
2025-01-31,P000005,LOC018,1,1,0,0.0,0
2025-01-31,P000006,LOC001,1,1,0,0.0,0
2025-01-31,P000006,LOC005,2,2,0,0.0,0
2025-01-31,P000006,LOC006,1,1,0,0.0,0
2025-01-31,P000006,LOC009,4,4,0,0.0,0
2025-01-31,P000006,LOC013,2,2,0,0.0,0
2025-01-31,P000006,LOC014,12,13,1,8.333333333333332,1
2025-01-31,P000006,LOC016,5,5,0,0.0,0
2025-01-31,P000006,LOC017,1,1,0,0.0,0
2025-01-31,P000006,LOC018,3,3,0,0.0,0
2025-01-31,P000006,LOC019,2,2,0,0.0,0
2025-01-31,P000007,LOC001,1,1,0,0.0,0
2025-01-31,P000007,LOC003,7,7,0,0.0,0
2025-01-31,P000007,LOC005,0,0,0,,0
2025-01-31,P000007,LOC006,4,4,0,0.0,0
2025-01-31,P000007,LOC007,0,0,0,,0
2025-01-31,P000007,LOC011,0,0,0,,0
2025-01-31,P000007,LOC012,2,2,0,0.0,0
2025-01-31,P000007,LOC013,2,2,0,0.0,0
2025-01-31,P000007,LOC014,3,3,0,0.0,0
2025-01-31,P000007,LOC015,7,6,1,14.285714285714285,1
2025-01-31,P000007,LOC017,1,1,0,0.0,0
2025-01-31,P000007,LOC018,1,1,0,0.0,0
2025-01-31,P000007,LOC020,3,3,0,0.0,0
2025-01-31,P000008,LOC002,0,0,0,,0
2025-01-31,P000008,LOC003,0,0,0,,0
2025-01-31,P000008,LOC004,1,1,0,0.0,0
2025-01-31,P000008,LOC006,4,3,1,25.0,1
2025-01-31,P000008,LOC007,1,1,0,0.0,0
2025-01-31,P000008,LOC008,1,1,0,0.0,0
2025-01-31,P000008,LOC009,0,0,0,,0
2025-01-31,P000008,LOC010,2,2,0,0.0,0
2025-01-31,P000008,LOC011,5,5,0,0.0,0
2025-01-31,P000008,LOC013,1,1,0,0.0,0
2025-01-31,P000008,LOC014,0,0,0,,0
2025-01-31,P000008,LOC015,0,0,0,,0
2025-01-31,P000008,LOC017,1,1,0,0.0,0
2025-01-31,P000008,LOC019,1,1,0,0.0,0
2025-01-31,P000009,LOC001,2,2,0,0.0,0
2025-01-31,P000009,LOC002,3,4,1,33.33333333333333,1
2025-01-31,P000009,LOC003,3,4,1,33.33333333333333,1
2025-01-31,P000009,LOC004,8,7,1,12.5,1
2025-01-31,P000009,LOC005,1,1,0,0.0,0
2025-01-31,P000009,LOC006,0,0,0,,0
2025-01-31,P000009,LOC008,2,2,0,0.0,0
2025-01-31,P000009,LOC009,2,2,0,0.0,0
2025-01-31,P000009,LOC010,1,1,0,0.0,0
2025-01-31,P000009,LOC012,0,0,0,,0
2025-01-31,P000009,LOC013,2,2,0,0.0,0
2025-01-31,P000009,LOC015,2,2,0,0.0,0
2025-01-31,P000009,LOC016,1,1,0,0.0,0
2025-01-31,P000009,LOC018,2,2,0,0.0,0
2025-01-31,P000009,LOC020,0,0,0,,0
2025-01-31,P000010,LOC001,0,0,0,,0
2025-01-31,P000010,LOC004,1,1,0,0.0,0
2025-01-31,P000010,LOC008,3,3,0,0.0,0
2025-01-31,P000010,LOC010,3,3,0,0.0,0
2025-01-31,P000010,LOC011,3,3,0,0.0,0
2025-01-31,P000010,LOC012,1,1,0,0.0,0
2025-01-31,P000010,LOC013,6,6,0,0.0,0
2025-01-31,P000010,LOC014,8,7,1,12.5,1
2025-01-31,P000010,LOC015,3,2,1,33.33333333333333,1
2025-01-31,P000010,LOC018,3,3,0,0.0,0
2025-01-31,P000010,LOC019,4,3,1,25.0,1
2025-01-31,P000010,LOC020,1,1,0,0.0,0
2025-01-31,P000011,LOC001,1,1,0,0.0,0
2025-01-31,P000011,LOC002,2,2,0,0.0,0
2025-01-31,P000011,LOC004,4,4,0,0.0,0
2025-01-31,P000011,LOC005,4,5,1,25.0,1
2025-01-31,P000011,LOC006,0,0,0,,0
2025-01-31,P000011,LOC007,7,6,1,14.285714285714285,1
2025-01-31,P000011,LOC008,2,2,0,0.0,0
2025-01-31,P000011,LOC009,3,3,0,0.0,0
2025-01-31,P000011,LOC011,4,4,0,0.0,0
2025-01-31,P000011,LOC012,4,4,0,0.0,0
2025-01-31,P000011,LOC013,1,1,0,0.0,0
2025-01-31,P000011,LOC014,4,4,0,0.0,0
2025-01-31,P000011,LOC015,4,5,1,25.0,1
2025-01-31,P000011,LOC017,2,2,0,0.0,0
2025-01-31,P000011,LOC018,0,0,0,,0
2025-01-31,P000011,LOC019,1,1,0,0.0,0
2025-01-31,P000012,LOC001,2,2,0,0.0,0
2025-01-31,P000012,LOC003,1,1,0,0.0,0
2025-01-31,P000012,LOC005,4,5,1,25.0,1
2025-01-31,P000012,LOC006,2,2,0,0.0,0
2025-01-31,P000012,LOC007,0,0,0,,0
2025-01-31,P000012,LOC009,1,1,0,0.0,0
2025-01-31,P000012,LOC012,0,0,0,,0
2025-01-31,P000012,LOC014,6,7,1,16.666666666666664,1
2025-01-31,P000012,LOC016,0,0,0,,0
2025-01-31,P000012,LOC017,3,2,1,33.33333333333333,1
2025-01-31,P000012,LOC020,2,2,0,0.0,0
2025-01-31,P000013,LOC001,3,4,1,33.33333333333333,1
2025-01-31,P000013,LOC004,0,0,0,,0
2025-01-31,P000013,LOC006,1,1,0,0.0,0
2025-01-31,P000013,LOC007,2,2,0,0.0,0
2025-01-31,P000013,LOC008,2,2,0,0.0,0
2025-01-31,P000013,LOC009,3,3,0,0.0,0
2025-01-31,P000013,LOC011,2,2,0,0.0,0
2025-01-31,P000013,LOC014,6,6,0,0.0,0
2025-01-31,P000013,LOC016,7,6,1,14.285714285714285,1
2025-01-31,P000014,LOC002,4,4,0,0.0,0
2025-01-31,P000014,LOC003,0,0,0,,0
2025-01-31,P000014,LOC005,4,5,1,25.0,1
2025-01-31,P000014,LOC007,3,3,0,0.0,0
2025-01-31,P000014,LOC008,4,4,0,0.0,0
2025-01-31,P000014,LOC009,0,0,0,,0
2025-01-31,P000014,LOC011,4,4,0,0.0,0
2025-01-31,P000014,LOC012,7,7,0,0.0,0
2025-01-31,P000014,LOC013,4,4,0,0.0,0
2025-01-31,P000014,LOC014,3,3,0,0.0,0
2025-01-31,P000014,LOC015,0,0,0,,0
2025-01-31,P000014,LOC016,4,4,0,0.0,0
2025-01-31,P000014,LOC018,0,0,0,,0
2025-01-31,P000014,LOC019,5,5,0,0.0,0
2025-01-31,P000015,LOC001,1,1,0,0.0,0
2025-01-31,P000015,LOC002,3,3,0,0.0,0
2025-01-31,P000015,LOC003,6,6,0,0.0,0
2025-01-31,P000015,LOC004,3,3,0,0.0,0
2025-01-31,P000015,LOC006,1,1,0,0.0,0
2025-01-31,P000015,LOC007,3,2,1,33.33333333333333,1
2025-01-31,P000015,LOC009,5,4,1,20.0,1
2025-01-31,P000015,LOC010,0,0,0,,0
2025-01-31,P000015,LOC012,5,6,1,20.0,1
2025-01-31,P000015,LOC013,9,10,1,11.11111111111111,1
2025-01-31,P000015,LOC015,1,1,0,0.0,0
2025-01-31,P000015,LOC017,1,1,0,0.0,0
2025-01-31,P000015,LOC018,1,1,0,0.0,0
2025-01-31,P000015,LOC019,0,0,0,,0
2025-01-31,P000015,LOC020,3,3,0,0.0,0
2025-01-31,P000016,LOC002,0,0,0,,0
2025-01-31,P000016,LOC003,3,2,1,33.33333333333333,1
2025-01-31,P000016,LOC005,1,1,0,0.0,0
2025-01-31,P000016,LOC007,6,5,1,16.666666666666664,1
2025-01-31,P000016,LOC008,2,2,0,0.0,0
2025-01-31,P000016,LOC009,2,2,0,0.0,0
2025-01-31,P000016,LOC015,3,3,0,0.0,0
2025-01-31,P000016,LOC016,4,4,0,0.0,0
2025-01-31,P000016,LOC019,2,2,0,0.0,0
2025-01-31,P000016,LOC020,5,4,1,20.0,1
2025-01-31,P000017,LOC002,4,5,1,25.0,1
2025-01-31,P000017,LOC006,7,8,1,14.285714285714285,1
2025-01-31,P000017,LOC007,4,5,1,25.0,1
2025-01-31,P000017,LOC009,1,1,0,0.0,0
2025-01-31,P000017,LOC010,0,0,0,,0
2025-01-31,P000017,LOC012,1,1,0,0.0,0
2025-01-31,P000017,LOC013,5,6,1,20.0,1
2025-01-31,P000017,LOC014,3,3,0,0.0,0
2025-01-31,P000017,LOC015,2,2,0,0.0,0
2025-01-31,P000017,LOC018,2,2,0,0.0,0
2025-01-31,P000017,LOC019,3,2,1,33.33333333333333,1
2025-01-31,P000018,LOC001,3,3,0,0.0,0
2025-01-31,P000018,LOC002,5,4,1,20.0,1
2025-01-31,P000018,LOC003,2,2,0,0.0,0
2025-01-31,P000018,LOC004,2,2,0,0.0,0
2025-01-31,P000018,LOC005,1,1,0,0.0,0
2025-01-31,P000018,LOC006,3,3,0,0.0,0
2025-01-31,P000018,LOC008,0,0,0,,0
2025-01-31,P000018,LOC009,2,2,0,0.0,0
2025-01-31,P000018,LOC012,0,0,0,,0
2025-01-31,P000018,LOC013,1,1,0,0.0,0
2025-01-31,P000018,LOC014,2,2,0,0.0,0
2025-01-31,P000018,LOC015,1,1,0,0.0,0
2025-01-31,P000018,LOC016,4,5,1,25.0,1
2025-01-31,P000018,LOC017,0,0,0,,0
2025-01-31,P000018,LOC018,0,0,0,,0
2025-01-31,P000019,LOC002,3,3,0,0.0,0
2025-01-31,P000019,LOC005,3,3,0,0.0,0
2025-01-31,P000019,LOC006,8,10,2,25.0,4
2025-01-31,P000019,LOC008,2,2,0,0.0,0
2025-01-31,P000019,LOC009,4,4,0,0.0,0
2025-01-31,P000019,LOC010,2,2,0,0.0,0
2025-01-31,P000019,LOC013,3,4,1,33.33333333333333,1
2025-01-31,P000019,LOC014,3,3,0,0.0,0
2025-01-31,P000019,LOC015,2,2,0,0.0,0
2025-01-31,P000019,LOC017,6,5,1,16.666666666666664,1
2025-01-31,P000019,LOC018,1,1,0,0.0,0
2025-01-31,P000020,LOC001,1,1,0,0.0,0
2025-01-31,P000020,LOC003,1,1,0,0.0,0
2025-01-31,P000020,LOC004,2,2,0,0.0,0
2025-01-31,P000020,LOC006,0,0,0,,0
2025-01-31,P000020,LOC008,4,4,0,0.0,0
2025-01-31,P000020,LOC009,4,4,0,0.0,0
2025-01-31,P000020,LOC011,3,3,0,0.0,0
2025-01-31,P000020,LOC014,0,0,0,,0
2025-01-31,P000020,LOC015,0,0,0,,0
2025-01-31,P000020,LOC017,3,3,0,0.0,0
2025-01-31,P000020,LOC019,10,11,1,10.0,1
2025-01-31,P000021,LOC003,3,3,0,0.0,0
2025-01-31,P000021,LOC004,1,1,0,0.0,0
2025-01-31,P000021,LOC005,1,1,0,0.0,0
2025-01-31,P000021,LOC009,1,1,0,0.0,0
2025-01-31,P000021,LOC010,4,4,0,0.0,0
2025-01-31,P000021,LOC012,3,3,0,0.0,0
2025-01-31,P000021,LOC013,7,8,1,14.285714285714285,1
2025-01-31,P000021,LOC014,6,5,1,16.666666666666664,1
2025-01-31,P000021,LOC015,0,0,0,,0
2025-01-31,P000021,LOC016,6,5,1,16.666666666666664,1
2025-01-31,P000021,LOC018,4,4,0,0.0,0
2025-01-31,P000022,LOC002,1,1,0,0.0,0
2025-01-31,P000022,LOC003,1,1,0,0.0,0
2025-01-31,P000022,LOC004,2,2,0,0.0,0
2025-01-31,P000022,LOC005,3,3,0,0.0,0
2025-01-31,P000022,LOC009,0,0,0,,0
2025-01-31,P000022,LOC011,1,1,0,0.0,0
2025-01-31,P000022,LOC012,2,2,0,0.0,0
2025-01-31,P000022,LOC014,7,7,0,0.0,0
2025-01-31,P000022,LOC017,4,4,0,0.0,0
2025-01-31,P000022,LOC018,0,0,0,,0
2025-01-31,P000022,LOC019,0,0,0,,0
2025-01-31,P000023,LOC002,2,2,0,0.0,0
2025-01-31,P000023,LOC006,3,2,1,33.33333333333333,1
2025-01-31,P000023,LOC007,0,0,0,,0
2025-01-31,P000023,LOC008,2,2,0,0.0,0
2025-01-31,P000023,LOC009,0,0,0,,0
2025-01-31,P000023,LOC010,2,2,0,0.0,0
2025-01-31,P000023,LOC011,2,2,0,0.0,0
2025-01-31,P000023,LOC012,0,0,0,,0
2025-01-31,P000023,LOC014,0,0,0,,0
2025-01-31,P000023,LOC016,0,0,0,,0
2025-01-31,P000023,LOC017,3,3,0,0.0,0
2025-01-31,P000023,LOC018,4,4,0,0.0,0
2025-01-31,P000023,LOC019,0,0,0,,0
2025-01-31,P000024,LOC001,2,2,0,0.0,0
2025-01-31,P000024,LOC002,4,4,0,0.0,0
2025-01-31,P000024,LOC003,0,0,0,,0
2025-01-31,P000024,LOC004,4,4,0,0.0,0
2025-01-31,P000024,LOC005,0,0,0,,0
2025-01-31,P000024,LOC007,0,0,0,,0
2025-01-31,P000024,LOC008,5,5,0,0.0,0
2025-01-31,P000024,LOC010,0,0,0,,0
2025-01-31,P000024,LOC013,1,1,0,0.0,0
2025-01-31,P000024,LOC017,2,2,0,0.0,0
2025-01-31,P000024,LOC018,0,0,0,,0
2025-01-31,P000024,LOC019,3,3,0,0.0,0
2025-01-31,P000025,LOC003,0,0,0,,0
2025-01-31,P000025,LOC005,0,0,0,,0
2025-01-31,P000025,LOC006,1,1,0,0.0,0
2025-01-31,P000025,LOC008,2,2,0,0.0,0
2025-01-31,P000025,LOC009,5,4,1,20.0,1
2025-01-31,P000025,LOC010,9,11,2,22.22222222222222,4
2025-01-31,P000025,LOC011,2,2,0,0.0,0
2025-01-31,P000025,LOC015,2,2,0,0.0,0
2025-01-31,P000025,LOC016,3,3,0,0.0,0
2025-01-31,P000025,LOC018,0,0,0,,0
2025-01-31,P000025,LOC019,2,2,0,0.0,0
2025-01-31,P000026,LOC001,3,3,0,0.0,0
2025-01-31,P000026,LOC003,3,4,1,33.33333333333333,1
2025-01-31,P000026,LOC006,0,0,0,,0
2025-01-31,P000026,LOC007,4,4,0,0.0,0
2025-01-31,P000026,LOC010,2,2,0,0.0,0
2025-01-31,P000026,LOC012,0,0,0,,0
2025-01-31,P000026,LOC014,1,1,0,0.0,0
2025-01-31,P000026,LOC018,0,0,0,,0
2025-01-31,P000027,LOC001,0,0,0,,0
2025-01-31,P000027,LOC002,1,1,0,0.0,0
2025-01-31,P000027,LOC003,0,0,0,,0
2025-01-31,P000027,LOC004,4,4,0,0.0,0
2025-01-31,P000027,LOC006,2,2,0,0.0,0
2025-01-31,P000027,LOC007,1,1,0,0.0,0
2025-01-31,P000027,LOC009,1,1,0,0.0,0
2025-01-31,P000027,LOC010,3,3,0,0.0,0
2025-01-31,P000027,LOC011,1,1,0,0.0,0
2025-01-31,P000027,LOC012,2,2,0,0.0,0
2025-01-31,P000027,LOC013,4,4,0,0.0,0
2025-01-31,P000027,LOC014,4,4,0,0.0,0
2025-01-31,P000027,LOC016,0,0,0,,0
2025-01-31,P000027,LOC017,3,4,1,33.33333333333333,1
2025-01-31,P000027,LOC018,1,1,0,0.0,0
2025-01-31,P000027,LOC019,0,0,0,,0
2025-01-31,P000027,LOC020,3,4,1,33.33333333333333,1
2025-01-31,P000028,LOC001,1,1,0,0.0,0
2025-01-31,P000028,LOC002,1,1,0,0.0,0
2025-01-31,P000028,LOC007,0,0,0,,0
2025-01-31,P000028,LOC009,4,4,0,0.0,0
2025-01-31,P000028,LOC011,2,2,0,0.0,0
2025-01-31,P000028,LOC013,3,2,1,33.33333333333333,1
2025-01-31,P000028,LOC014,4,5,1,25.0,1
2025-01-31,P000028,LOC015,0,0,0,,0
2025-01-31,P000028,LOC016,2,2,0,0.0,0
2025-01-31,P000028,LOC017,3,3,0,0.0,0
2025-01-31,P000028,LOC019,2,2,0,0.0,0
2025-01-31,P000028,LOC020,4,3,1,25.0,1
2025-01-31,P000029,LOC001,1,1,0,0.0,0
2025-01-31,P000029,LOC003,1,1,0,0.0,0
2025-01-31,P000029,LOC004,0,0,0,,0
2025-01-31,P000029,LOC005,0,0,0,,0
2025-01-31,P000029,LOC006,2,2,0,0.0,0
2025-01-31,P000029,LOC008,2,2,0,0.0,0
2025-01-31,P000029,LOC009,6,7,1,16.666666666666664,1
2025-01-31,P000029,LOC011,0,0,0,,0
2025-01-31,P000029,LOC012,1,1,0,0.0,0
2025-01-31,P000029,LOC013,0,0,0,,0
2025-01-31,P000029,LOC014,4,4,0,0.0,0
2025-01-31,P000029,LOC015,3,3,0,0.0,0
2025-01-31,P000029,LOC016,3,2,1,33.33333333333333,1
2025-01-31,P000029,LOC017,3,3,0,0.0,0
2025-01-31,P000029,LOC019,6,7,1,16.666666666666664,1
2025-01-31,P000029,LOC020,4,4,0,0.0,0
2025-01-31,P000030,LOC001,0,0,0,,0
2025-01-31,P000030,LOC007,4,5,1,25.0,1
2025-01-31,P000030,LOC008,5,6,1,20.0,1
2025-01-31,P000030,LOC009,4,4,0,0.0,0
2025-01-31,P000030,LOC010,2,2,0,0.0,0
2025-01-31,P000030,LOC012,0,0,0,,0
2025-01-31,P000030,LOC013,5,5,0,0.0,0
2025-01-31,P000030,LOC015,3,3,0,0.0,0
2025-01-31,P000030,LOC018,0,0,0,,0
2025-01-31,P000030,LOC019,9,9,0,0.0,0
2025-01-31,P000031,LOC001,2,2,0,0.0,0
2025-01-31,P000031,LOC002,1,1,0,0.0,0
2025-01-31,P000031,LOC003,3,3,0,0.0,0
2025-01-31,P000031,LOC005,3,3,0,0.0,0
2025-01-31,P000031,LOC006,0,0,0,,0
2025-01-31,P000031,LOC007,2,2,0,0.0,0
2025-01-31,P000031,LOC008,0,0,0,,0
2025-01-31,P000031,LOC009,0,0,0,,0
2025-01-31,P000031,LOC011,0,0,0,,0
2025-01-31,P000031,LOC015,0,0,0,,0
2025-01-31,P000031,LOC018,8,7,1,12.5,1
2025-01-31,P000031,LOC020,1,1,0,0.0,0
2025-01-31,P000032,LOC001,2,2,0,0.0,0
2025-01-31,P000032,LOC002,3,2,1,33.33333333333333,1
2025-01-31,P000032,LOC003,6,5,1,16.666666666666664,1
2025-01-31,P000032,LOC004,0,0,0,,0
2025-01-31,P000032,LOC005,3,3,0,0.0,0
2025-01-31,P000032,LOC006,1,1,0,0.0,0
2025-01-31,P000032,LOC007,1,1,0,0.0,0
2025-01-31,P000032,LOC010,2,2,0,0.0,0
2025-01-31,P000032,LOC013,3,4,1,33.33333333333333,1
2025-01-31,P000032,LOC014,2,2,0,0.0,0
2025-01-31,P000032,LOC015,5,6,1,20.0,1
2025-01-31,P000032,LOC016,0,0,0,,0
2025-01-31,P000032,LOC019,4,3,1,25.0,1
2025-01-31,P000032,LOC020,3,3,0,0.0,0
2025-01-31,P000033,LOC004,4,4,0,0.0,0
2025-01-31,P000033,LOC005,1,1,0,0.0,0
2025-01-31,P000033,LOC007,0,0,0,,0
2025-01-31,P000033,LOC008,3,3,0,0.0,0
2025-01-31,P000033,LOC009,6,6,0,0.0,0
2025-01-31,P000033,LOC011,0,0,0,,0
2025-01-31,P000033,LOC013,2,2,0,0.0,0
2025-01-31,P000033,LOC014,0,0,0,,0
2025-01-31,P000033,LOC015,0,0,0,,0
2025-01-31,P000034,LOC002,4,3,1,25.0,1
2025-01-31,P000034,LOC003,5,4,1,20.0,1
2025-01-31,P000034,LOC004,6,5,1,16.666666666666664,1
2025-01-31,P000034,LOC006,0,0,0,,0
2025-01-31,P000034,LOC007,1,1,0,0.0,0
2025-01-31,P000034,LOC009,0,0,0,,0
2025-01-31,P000034,LOC010,2,2,0,0.0,0
2025-01-31,P000034,LOC011,2,2,0,0.0,0
2025-01-31,P000034,LOC013,1,1,0,0.0,0
2025-01-31,P000034,LOC014,2,2,0,0.0,0
2025-01-31,P000034,LOC015,3,2,1,33.33333333333333,1
2025-01-31,P000034,LOC016,2,2,0,0.0,0
2025-01-31,P000034,LOC017,7,6,1,14.285714285714285,1
2025-01-31,P000034,LOC018,4,5,1,25.0,1
2025-01-31,P000034,LOC019,3,3,0,0.0,0
2025-01-31,P000035,LOC003,3,3,0,0.0,0
2025-01-31,P000035,LOC008,0,0,0,,0
2025-01-31,P000035,LOC009,3,3,0,0.0,0
2025-01-31,P000035,LOC010,3,3,0,0.0,0
2025-01-31,P000035,LOC011,2,2,0,0.0,0
2025-01-31,P000035,LOC012,0,0,0,,0
2025-01-31,P000035,LOC013,3,3,0,0.0,0
2025-01-31,P000035,LOC016,1,1,0,0.0,0
2025-01-31,P000035,LOC019,4,3,1,25.0,1
2025-01-31,P000035,LOC020,2,2,0,0.0,0
2025-01-31,P000036,LOC002,3,3,0,0.0,0
2025-01-31,P000036,LOC003,8,7,1,12.5,1
2025-01-31,P000036,LOC004,3,2,1,33.33333333333333,1
2025-01-31,P000036,LOC005,4,4,0,0.0,0
2025-01-31,P000036,LOC007,1,1,0,0.0,0
2025-01-31,P000036,LOC008,4,5,1,25.0,1
2025-01-31,P000036,LOC009,0,0,0,,0
2025-01-31,P000036,LOC010,4,4,0,0.0,0
2025-01-31,P000036,LOC011,0,0,0,,0
2025-01-31,P000036,LOC012,0,0,0,,0
2025-01-31,P000036,LOC013,3,3,0,0.0,0
2025-01-31,P000036,LOC014,3,3,0,0.0,0
2025-01-31,P000036,LOC018,0,0,0,,0
2025-01-31,P000037,LOC002,3,3,0,0.0,0
2025-01-31,P000037,LOC004,1,1,0,0.0,0
2025-01-31,P000037,LOC005,2,2,0,0.0,0
2025-01-31,P000037,LOC007,0,0,0,,0
2025-01-31,P000037,LOC011,6,5,1,16.666666666666664,1
2025-01-31,P000037,LOC014,1,1,0,0.0,0
2025-01-31,P000037,LOC017,0,0,0,,0
2025-01-31,P000037,LOC020,4,5,1,25.0,1
2025-01-31,P000038,LOC003,0,0,0,,0
2025-01-31,P000038,LOC004,0,0,0,,0
2025-01-31,P000038,LOC006,1,1,0,0.0,0
2025-01-31,P000038,LOC007,1,1,0,0.0,0
2025-01-31,P000038,LOC009,2,2,0,0.0,0
2025-01-31,P000038,LOC010,1,1,0,0.0,0
2025-01-31,P000038,LOC011,3,3,0,0.0,0
2025-01-31,P000038,LOC012,0,0,0,,0
2025-01-31,P000038,LOC014,0,0,0,,0
2025-01-31,P000038,LOC015,4,3,1,25.0,1
2025-01-31,P000038,LOC018,3,3,0,0.0,0
2025-01-31,P000038,LOC019,2,2,0,0.0,0
2025-01-31,P000039,LOC001,1,1,0,0.0,0
2025-01-31,P000039,LOC003,0,0,0,,0
2025-01-31,P000039,LOC004,9,7,2,22.22222222222222,4
2025-01-31,P000039,LOC006,1,1,0,0.0,0
2025-01-31,P000039,LOC010,2,2,0,0.0,0
2025-01-31,P000039,LOC012,2,2,0,0.0,0
2025-01-31,P000039,LOC013,1,1,0,0.0,0
2025-01-31,P000039,LOC014,3,3,0,0.0,0
2025-01-31,P000039,LOC015,3,2,1,33.33333333333333,1
2025-01-31,P000039,LOC016,2,2,0,0.0,0
2025-01-31,P000039,LOC018,2,2,0,0.0,0
2025-01-31,P000039,LOC020,0,0,0,,0
2025-01-31,P000040,LOC003,3,3,0,0.0,0
2025-01-31,P000040,LOC004,1,1,0,0.0,0
2025-01-31,P000040,LOC005,1,1,0,0.0,0
2025-01-31,P000040,LOC008,3,3,0,0.0,0
2025-01-31,P000040,LOC009,5,4,1,20.0,1
2025-01-31,P000040,LOC011,7,7,0,0.0,0
2025-01-31,P000040,LOC013,1,1,0,0.0,0
2025-01-31,P000040,LOC015,6,6,0,0.0,0
2025-01-31,P000040,LOC016,4,4,0,0.0,0
2025-01-31,P000040,LOC019,2,2,0,0.0,0
2025-01-31,P000041,LOC004,0,0,0,,0
2025-01-31,P000041,LOC006,3,3,0,0.0,0
2025-01-31,P000041,LOC007,2,2,0,0.0,0
2025-01-31,P000041,LOC008,2,2,0,0.0,0
2025-01-31,P000041,LOC009,0,0,0,,0
2025-01-31,P000041,LOC010,0,0,0,,0
2025-01-31,P000041,LOC011,4,3,1,25.0,1
2025-01-31,P000041,LOC013,0,0,0,,0
2025-01-31,P000041,LOC015,3,3,0,0.0,0
2025-01-31,P000041,LOC017,3,3,0,0.0,0
2025-01-31,P000041,LOC018,3,3,0,0.0,0
2025-01-31,P000041,LOC019,1,1,0,0.0,0
2025-01-31,P000041,LOC020,1,1,0,0.0,0
2025-01-31,P000042,LOC001,4,4,0,0.0,0
2025-01-31,P000042,LOC002,2,2,0,0.0,0
2025-01-31,P000042,LOC003,1,1,0,0.0,0
2025-01-31,P000042,LOC004,0,0,0,,0
2025-01-31,P000042,LOC005,0,0,0,,0
2025-01-31,P000042,LOC006,7,8,1,14.285714285714285,1
2025-01-31,P000042,LOC009,0,0,0,,0
2025-01-31,P000042,LOC010,3,3,0,0.0,0
2025-01-31,P000042,LOC012,2,2,0,0.0,0
2025-01-31,P000042,LOC013,0,0,0,,0
2025-01-31,P000042,LOC015,3,3,0,0.0,0
2025-01-31,P000042,LOC016,0,0,0,,0
2025-01-31,P000042,LOC018,4,4,0,0.0,0
2025-01-31,P000042,LOC019,3,3,0,0.0,0
2025-01-31,P000042,LOC020,0,0,0,,0
2025-01-31,P000043,LOC001,2,2,0,0.0,0
2025-01-31,P000043,LOC003,2,2,0,0.0,0
2025-01-31,P000043,LOC004,4,4,0,0.0,0
2025-01-31,P000043,LOC005,0,0,0,,0
2025-01-31,P000043,LOC007,4,4,0,0.0,0
2025-01-31,P000043,LOC008,3,3,0,0.0,0
2025-01-31,P000043,LOC009,0,0,0,,0
2025-01-31,P000043,LOC010,0,0,0,,0
2025-01-31,P000043,LOC012,4,4,0,0.0,0
2025-01-31,P000043,LOC013,1,1,0,0.0,0
2025-01-31,P000043,LOC014,4,3,1,25.0,1
2025-01-31,P000043,LOC015,4,4,0,0.0,0
2025-01-31,P000043,LOC017,0,0,0,,0
2025-01-31,P000043,LOC019,3,3,0,0.0,0
2025-01-31,P000043,LOC020,2,2,0,0.0,0
2025-01-31,P000044,LOC002,5,4,1,20.0,1
2025-01-31,P000044,LOC003,4,3,1,25.0,1
2025-01-31,P000044,LOC004,4,4,0,0.0,0
2025-01-31,P000044,LOC005,3,3,0,0.0,0
2025-01-31,P000044,LOC006,3,3,0,0.0,0
2025-01-31,P000044,LOC007,4,3,1,25.0,1
2025-01-31,P000044,LOC009,5,5,0,0.0,0
2025-01-31,P000044,LOC011,3,2,1,33.33333333333333,1
2025-01-31,P000044,LOC012,2,2,0,0.0,0
2025-01-31,P000044,LOC013,3,3,0,0.0,0
2025-01-31,P000044,LOC014,5,5,0,0.0,0
2025-01-31,P000044,LOC017,0,0,0,,0
2025-01-31,P000044,LOC018,0,0,0,,0
2025-01-31,P000045,LOC001,1,1,0,0.0,0
2025-01-31,P000045,LOC003,1,1,0,0.0,0
2025-01-31,P000045,LOC005,1,1,0,0.0,0
2025-01-31,P000045,LOC006,4,4,0,0.0,0
2025-01-31,P000045,LOC008,2,2,0,0.0,0
2025-01-31,P000045,LOC010,0,0,0,,0
2025-01-31,P000045,LOC011,0,0,0,,0
2025-01-31,P000045,LOC012,3,3,0,0.0,0
2025-01-31,P000045,LOC013,6,7,1,16.666666666666664,1
2025-01-31,P000045,LOC014,2,2,0,0.0,0
2025-01-31,P000045,LOC015,6,6,0,0.0,0
2025-01-31,P000045,LOC020,2,2,0,0.0,0
2025-01-31,P000046,LOC001,4,5,1,25.0,1
2025-01-31,P000046,LOC003,6,5,1,16.666666666666664,1
2025-01-31,P000046,LOC006,2,2,0,0.0,0
2025-01-31,P000046,LOC007,1,1,0,0.0,0
2025-01-31,P000046,LOC009,2,2,0,0.0,0
2025-01-31,P000046,LOC010,4,3,1,25.0,1
2025-01-31,P000046,LOC013,1,1,0,0.0,0
2025-01-31,P000046,LOC014,1,1,0,0.0,0
2025-01-31,P000046,LOC015,1,1,0,0.0,0
2025-01-31,P000046,LOC016,2,2,0,0.0,0
2025-01-31,P000046,LOC018,2,2,0,0.0,0
2025-01-31,P000047,LOC001,0,0,0,,0
2025-01-31,P000047,LOC004,4,5,1,25.0,1
2025-01-31,P000047,LOC007,4,3,1,25.0,1
2025-01-31,P000047,LOC011,1,1,0,0.0,0
2025-01-31,P000047,LOC013,6,5,1,16.666666666666664,1
2025-01-31,P000047,LOC014,0,0,0,,0
2025-01-31,P000047,LOC015,3,3,0,0.0,0
2025-01-31,P000047,LOC016,3,2,1,33.33333333333333,1
2025-01-31,P000047,LOC018,2,2,0,0.0,0
2025-01-31,P000047,LOC019,4,4,0,0.0,0
2025-01-31,P000047,LOC020,0,0,0,,0
2025-01-31,P000048,LOC003,1,1,0,0.0,0
2025-01-31,P000048,LOC004,0,0,0,,0
2025-01-31,P000048,LOC005,0,0,0,,0
2025-01-31,P000048,LOC006,1,1,0,0.0,0
2025-01-31,P000048,LOC009,3,3,0,0.0,0
2025-01-31,P000048,LOC012,2,2,0,0.0,0
2025-01-31,P000048,LOC014,1,1,0,0.0,0
2025-01-31,P000048,LOC015,4,4,0,0.0,0
2025-01-31,P000049,LOC001,4,4,0,0.0,0
2025-01-31,P000049,LOC002,6,5,1,16.666666666666664,1
2025-01-31,P000049,LOC003,1,1,0,0.0,0
2025-01-31,P000049,LOC008,0,0,0,,0
2025-01-31,P000049,LOC009,1,1,0,0.0,0
2025-01-31,P000049,LOC010,0,0,0,,0
2025-01-31,P000049,LOC011,5,6,1,20.0,1
2025-01-31,P000049,LOC014,3,3,0,0.0,0
2025-01-31,P000049,LOC015,2,2,0,0.0,0
2025-01-31,P000049,LOC016,0,0,0,,0
2025-01-31,P000049,LOC017,0,0,0,,0
2025-01-31,P000049,LOC019,6,7,1,16.666666666666664,1
2025-01-31,P000049,LOC020,0,0,0,,0
2025-01-31,P000050,LOC003,0,0,0,,0
2025-01-31,P000050,LOC005,6,6,0,0.0,0
2025-01-31,P000050,LOC006,4,4,0,0.0,0
2025-01-31,P000050,LOC008,2,2,0,0.0,0
2025-01-31,P000050,LOC009,4,4,0,0.0,0
2025-01-31,P000050,LOC010,7,6,1,14.285714285714285,1
2025-01-31,P000050,LOC011,1,1,0,0.0,0
2025-01-31,P000050,LOC013,2,2,0,0.0,0
2025-01-31,P000050,LOC014,0,0,0,,0
2025-01-31,P000050,LOC015,1,1,0,0.0,0
2025-01-31,P000050,LOC016,1,1,0,0.0,0
2025-01-31,P000050,LOC017,1,1,0,0.0,0
2025-01-31,P000050,LOC019,2,2,0,0.0,0
2025-01-31,P000050,LOC020,1,1,0,0.0,0
2025-01-31,P000051,LOC001,2,2,0,0.0,0
2025-01-31,P000051,LOC002,1,1,0,0.0,0
2025-01-31,P000051,LOC003,3,3,0,0.0,0
2025-01-31,P000051,LOC004,0,0,0,,0
2025-01-31,P000051,LOC005,3,4,1,33.33333333333333,1
2025-01-31,P000051,LOC006,3,3,0,0.0,0
2025-01-31,P000051,LOC009,4,4,0,0.0,0
2025-01-31,P000051,LOC011,0,0,0,,0
2025-01-31,P000051,LOC013,4,4,0,0.0,0
2025-01-31,P000051,LOC014,0,0,0,,0
2025-01-31,P000051,LOC015,0,0,0,,0
2025-01-31,P000051,LOC019,3,4,1,33.33333333333333,1
2025-01-31,P000052,LOC003,0,0,0,,0
2025-01-31,P000052,LOC004,4,4,0,0.0,0
2025-01-31,P000052,LOC005,2,2,0,0.0,0
2025-01-31,P000052,LOC006,5,5,0,0.0,0
2025-01-31,P000052,LOC008,4,3,1,25.0,1
2025-01-31,P000052,LOC009,0,0,0,,0
2025-01-31,P000052,LOC010,4,4,0,0.0,0
2025-01-31,P000052,LOC011,2,2,0,0.0,0
2025-01-31,P000052,LOC012,3,3,0,0.0,0
2025-01-31,P000052,LOC013,3,3,0,0.0,0
2025-01-31,P000052,LOC014,0,0,0,,0
2025-01-31,P000052,LOC015,5,6,1,20.0,1
2025-01-31,P000052,LOC016,0,0,0,,0
2025-01-31,P000052,LOC017,5,6,1,20.0,1
2025-01-31,P000052,LOC018,0,0,0,,0
2025-01-31,P000052,LOC019,4,4,0,0.0,0
2025-01-31,P000053,LOC001,2,2,0,0.0,0
2025-01-31,P000053,LOC002,0,0,0,,0
2025-01-31,P000053,LOC006,0,0,0,,0
2025-01-31,P000053,LOC008,2,2,0,0.0,0
2025-01-31,P000053,LOC009,0,0,0,,0
2025-01-31,P000053,LOC011,6,7,1,16.666666666666664,1
2025-01-31,P000053,LOC012,5,4,1,20.0,1
2025-01-31,P000053,LOC013,3,4,1,33.33333333333333,1
2025-01-31,P000053,LOC014,3,3,0,0.0,0
2025-01-31,P000053,LOC015,2,2,0,0.0,0
2025-01-31,P000053,LOC016,0,0,0,,0
2025-01-31,P000053,LOC018,0,0,0,,0
2025-01-31,P000053,LOC019,4,4,0,0.0,0
2025-01-31,P000053,LOC020,1,1,0,0.0,0
2025-01-31,P000054,LOC001,5,5,0,0.0,0
2025-01-31,P000054,LOC003,0,0,0,,0
2025-01-31,P000054,LOC004,0,0,0,,0
2025-01-31,P000054,LOC005,4,4,0,0.0,0
2025-01-31,P000054,LOC006,2,2,0,0.0,0
2025-01-31,P000054,LOC010,0,0,0,,0
2025-01-31,P000054,LOC013,6,5,1,16.666666666666664,1
2025-01-31,P000054,LOC014,2,2,0,0.0,0
2025-01-31,P000054,LOC016,0,0,0,,0
2025-01-31,P000054,LOC017,2,2,0,0.0,0
2025-01-31,P000054,LOC019,2,2,0,0.0,0
2025-01-31,P000054,LOC020,4,3,1,25.0,1
2025-01-31,P000055,LOC001,0,0,0,,0
2025-01-31,P000055,LOC002,3,3,0,0.0,0
2025-01-31,P000055,LOC003,0,0,0,,0
2025-01-31,P000055,LOC008,5,6,1,20.0,1
2025-01-31,P000055,LOC009,2,2,0,0.0,0
2025-01-31,P000055,LOC013,6,7,1,16.666666666666664,1
2025-01-31,P000055,LOC014,1,1,0,0.0,0
2025-01-31,P000055,LOC015,3,4,1,33.33333333333333,1
2025-01-31,P000055,LOC016,1,1,0,0.0,0
2025-01-31,P000055,LOC018,5,5,0,0.0,0
2025-01-31,P000055,LOC019,0,0,0,,0
2025-01-31,P000055,LOC020,2,2,0,0.0,0
2025-01-31,P000056,LOC002,0,0,0,,0
2025-01-31,P000056,LOC003,1,1,0,0.0,0
2025-01-31,P000056,LOC005,0,0,0,,0
2025-01-31,P000056,LOC006,2,2,0,0.0,0
2025-01-31,P000056,LOC009,1,1,0,0.0,0
2025-01-31,P000056,LOC011,3,3,0,0.0,0
2025-01-31,P000056,LOC012,2,2,0,0.0,0
2025-01-31,P000056,LOC013,4,4,0,0.0,0
2025-01-31,P000056,LOC015,5,6,1,20.0,1
2025-01-31,P000056,LOC016,7,6,1,14.285714285714285,1
2025-01-31,P000056,LOC017,2,2,0,0.0,0
2025-01-31,P000056,LOC020,2,2,0,0.0,0
2025-01-31,P000057,LOC003,1,1,0,0.0,0
2025-01-31,P000057,LOC006,2,2,0,0.0,0
2025-01-31,P000057,LOC008,2,2,0,0.0,0
2025-01-31,P000057,LOC010,5,6,1,20.0,1
2025-01-31,P000057,LOC011,6,6,0,0.0,0
2025-01-31,P000057,LOC013,2,2,0,0.0,0
2025-01-31,P000057,LOC014,7,6,1,14.285714285714285,1
2025-01-31,P000057,LOC015,4,4,0,0.0,0
2025-01-31,P000057,LOC016,5,4,1,20.0,1
2025-01-31,P000057,LOC018,2,2,0,0.0,0
2025-01-31,P000057,LOC019,0,0,0,,0
2025-01-31,P000058,LOC001,3,3,0,0.0,0
2025-01-31,P000058,LOC002,12,12,0,0.0,0
2025-01-31,P000058,LOC005,2,2,0,0.0,0
2025-01-31,P000058,LOC007,1,1,0,0.0,0
2025-01-31,P000058,LOC008,4,4,0,0.0,0
2025-01-31,P000058,LOC009,1,1,0,0.0,0
2025-01-31,P000058,LOC011,1,1,0,0.0,0
2025-01-31,P000058,LOC013,7,6,1,14.285714285714285,1
2025-01-31,P000058,LOC018,3,3,0,0.0,0
2025-01-31,P000059,LOC001,3,3,0,0.0,0
2025-01-31,P000059,LOC002,7,8,1,14.285714285714285,1
2025-01-31,P000059,LOC003,1,1,0,0.0,0
2025-01-31,P000059,LOC004,3,3,0,0.0,0
2025-01-31,P000059,LOC006,2,2,0,0.0,0
2025-01-31,P000059,LOC007,0,0,0,,0
2025-01-31,P000059,LOC009,3,2,1,33.33333333333333,1
2025-01-31,P000059,LOC010,7,6,1,14.285714285714285,1
2025-01-31,P000059,LOC017,1,1,0,0.0,0
2025-01-31,P000059,LOC018,0,0,0,,0
2025-01-31,P000059,LOC019,1,1,0,0.0,0
2025-01-31,P000059,LOC020,3,3,0,0.0,0
2025-01-31,P000060,LOC002,0,0,0,,0
2025-01-31,P000060,LOC003,2,2,0,0.0,0
2025-01-31,P000060,LOC005,1,1,0,0.0,0
2025-01-31,P000060,LOC006,10,11,1,10.0,1
2025-01-31,P000060,LOC007,5,5,0,0.0,0
2025-01-31,P000060,LOC009,0,0,0,,0
2025-01-31,P000060,LOC011,1,1,0,0.0,0
2025-01-31,P000060,LOC012,4,4,0,0.0,0
2025-01-31,P000060,LOC013,7,6,1,14.285714285714285,1
2025-01-31,P000060,LOC014,4,3,1,25.0,1
2025-01-31,P000060,LOC020,2,2,0,0.0,0
2025-01-31,P000061,LOC003,6,7,1,16.666666666666664,1
2025-01-31,P000061,LOC004,0,0,0,,0
2025-01-31,P000061,LOC005,0,0,0,,0
2025-01-31,P000061,LOC012,4,3,1,25.0,1
2025-01-31,P000061,LOC013,1,1,0,0.0,0
2025-01-31,P000061,LOC015,0,0,0,,0
2025-01-31,P000061,LOC016,0,0,0,,0
2025-01-31,P000061,LOC018,2,2,0,0.0,0
2025-01-31,P000061,LOC019,3,3,0,0.0,0
2025-01-31,P000061,LOC020,0,0,0,,0
2025-01-31,P000062,LOC002,4,4,0,0.0,0
2025-01-31,P000062,LOC003,2,2,0,0.0,0
2025-01-31,P000062,LOC004,1,1,0,0.0,0
2025-01-31,P000062,LOC005,2,2,0,0.0,0
2025-01-31,P000062,LOC006,1,1,0,0.0,0
2025-01-31,P000062,LOC008,0,0,0,,0
2025-01-31,P000062,LOC009,4,4,0,0.0,0
2025-01-31,P000062,LOC010,5,6,1,20.0,1
2025-01-31,P000062,LOC011,4,3,1,25.0,1
2025-01-31,P000062,LOC012,0,0,0,,0
2025-01-31,P000062,LOC013,4,4,0,0.0,0
2025-01-31,P000062,LOC016,3,3,0,0.0,0
2025-01-31,P000062,LOC017,0,0,0,,0
2025-01-31,P000062,LOC018,2,2,0,0.0,0
2025-01-31,P000062,LOC019,0,0,0,,0
2025-01-31,P000063,LOC003,5,6,1,20.0,1
2025-01-31,P000063,LOC005,0,0,0,,0
2025-01-31,P000063,LOC006,2,2,0,0.0,0
2025-01-31,P000063,LOC008,1,1,0,0.0,0
2025-01-31,P000063,LOC012,2,2,0,0.0,0
2025-01-31,P000063,LOC013,5,6,1,20.0,1
2025-01-31,P000063,LOC016,2,2,0,0.0,0
2025-01-31,P000063,LOC017,3,4,1,33.33333333333333,1
2025-01-31,P000063,LOC018,0,0,0,,0
2025-01-31,P000064,LOC001,6,6,0,0.0,0
2025-01-31,P000064,LOC003,2,2,0,0.0,0
2025-01-31,P000064,LOC004,4,5,1,25.0,1
2025-01-31,P000064,LOC005,2,2,0,0.0,0
2025-01-31,P000064,LOC006,3,3,0,0.0,0
2025-01-31,P000064,LOC007,4,3,1,25.0,1
2025-01-31,P000064,LOC009,4,5,1,25.0,1
2025-01-31,P000064,LOC011,0,0,0,,0
2025-01-31,P000064,LOC013,4,5,1,25.0,1
2025-01-31,P000064,LOC016,2,2,0,0.0,0
2025-01-31,P000064,LOC017,6,6,0,0.0,0
2025-01-31,P000064,LOC018,6,7,1,16.666666666666664,1
2025-01-31,P000064,LOC019,3,3,0,0.0,0
2025-01-31,P000065,LOC001,2,2,0,0.0,0
2025-01-31,P000065,LOC004,2,2,0,0.0,0
2025-01-31,P000065,LOC006,0,0,0,,0
2025-01-31,P000065,LOC007,5,5,0,0.0,0
2025-01-31,P000065,LOC008,6,5,1,16.666666666666664,1
2025-01-31,P000065,LOC009,1,1,0,0.0,0
2025-01-31,P000065,LOC010,3,3,0,0.0,0
2025-01-31,P000065,LOC011,3,3,0,0.0,0
2025-01-31,P000065,LOC013,8,9,1,12.5,1
2025-01-31,P000065,LOC014,0,0,0,,0
2025-01-31,P000065,LOC015,4,4,0,0.0,0
2025-01-31,P000065,LOC016,1,1,0,0.0,0
2025-01-31,P000065,LOC017,2,2,0,0.0,0
2025-01-31,P000065,LOC018,3,3,0,0.0,0
2025-01-31,P000066,LOC003,3,3,0,0.0,0
2025-01-31,P000066,LOC008,3,3,0,0.0,0
2025-01-31,P000066,LOC010,0,0,0,,0
2025-01-31,P000066,LOC012,4,4,0,0.0,0
2025-01-31,P000066,LOC015,1,1,0,0.0,0
2025-01-31,P000066,LOC016,2,2,0,0.0,0
2025-01-31,P000066,LOC017,2,2,0,0.0,0
2025-01-31,P000066,LOC018,2,2,0,0.0,0
2025-01-31,P000066,LOC020,1,1,0,0.0,0
2025-01-31,P000067,LOC004,2,2,0,0.0,0
2025-01-31,P000067,LOC005,0,0,0,,0
2025-01-31,P000067,LOC009,2,2,0,0.0,0
2025-01-31,P000067,LOC011,0,0,0,,0
2025-01-31,P000067,LOC012,1,1,0,0.0,0
2025-01-31,P000067,LOC015,0,0,0,,0
2025-01-31,P000067,LOC017,3,3,0,0.0,0
2025-01-31,P000067,LOC019,1,1,0,0.0,0
2025-01-31,P000067,LOC020,1,1,0,0.0,0
2025-01-31,P000068,LOC001,2,2,0,0.0,0
2025-01-31,P000068,LOC003,3,3,0,0.0,0
2025-01-31,P000068,LOC004,4,4,0,0.0,0
2025-01-31,P000068,LOC007,6,6,0,0.0,0
2025-01-31,P000068,LOC009,3,3,0,0.0,0
2025-01-31,P000068,LOC012,0,0,0,,0
2025-01-31,P000068,LOC013,3,3,0,0.0,0
2025-01-31,P000068,LOC014,4,4,0,0.0,0
2025-01-31,P000068,LOC016,2,2,0,0.0,0
2025-01-31,P000068,LOC017,6,7,1,16.666666666666664,1
2025-01-31,P000068,LOC019,2,2,0,0.0,0
2025-01-31,P000068,LOC020,1,1,0,0.0,0
2025-01-31,P000069,LOC001,0,0,0,,0
2025-01-31,P000069,LOC002,3,3,0,0.0,0
2025-01-31,P000069,LOC004,1,1,0,0.0,0
2025-01-31,P000069,LOC005,2,2,0,0.0,0
2025-01-31,P000069,LOC008,3,2,1,33.33333333333333,1
2025-01-31,P000069,LOC009,0,0,0,,0
2025-01-31,P000069,LOC010,2,2,0,0.0,0
2025-01-31,P000069,LOC011,5,6,1,20.0,1
2025-01-31,P000069,LOC012,3,3,0,0.0,0
2025-01-31,P000069,LOC017,2,2,0,0.0,0
2025-01-31,P000070,LOC002,1,1,0,0.0,0
2025-01-31,P000070,LOC007,4,4,0,0.0,0
2025-01-31,P000070,LOC008,0,0,0,,0
2025-01-31,P000070,LOC009,4,5,1,25.0,1
2025-01-31,P000070,LOC010,1,1,0,0.0,0
2025-01-31,P000070,LOC011,3,3,0,0.0,0
2025-01-31,P000070,LOC012,2,2,0,0.0,0
2025-01-31,P000070,LOC013,5,6,1,20.0,1
2025-01-31,P000070,LOC014,7,7,0,0.0,0
2025-01-31,P000070,LOC015,5,4,1,20.0,1
2025-01-31,P000070,LOC016,1,1,0,0.0,0
2025-01-31,P000070,LOC017,1,1,0,0.0,0
2025-01-31,P000070,LOC018,0,0,0,,0
2025-01-31,P000070,LOC019,2,2,0,0.0,0
2025-01-31,P000071,LOC001,3,3,0,0.0,0
2025-01-31,P000071,LOC003,0,0,0,,0
2025-01-31,P000071,LOC004,4,3,1,25.0,1
2025-01-31,P000071,LOC005,2,2,0,0.0,0
2025-01-31,P000071,LOC007,4,3,1,25.0,1
2025-01-31,P000071,LOC009,4,4,0,0.0,0
2025-01-31,P000071,LOC010,3,3,0,0.0,0
2025-01-31,P000071,LOC011,5,5,0,0.0,0
2025-01-31,P000071,LOC012,0,0,0,,0
2025-01-31,P000071,LOC016,1,1,0,0.0,0
2025-01-31,P000071,LOC017,2,2,0,0.0,0
2025-01-31,P000071,LOC018,3,3,0,0.0,0
2025-01-31,P000071,LOC019,0,0,0,,0
2025-01-31,P000072,LOC004,7,8,1,14.285714285714285,1
2025-01-31,P000072,LOC006,10,11,1,10.0,1
2025-01-31,P000072,LOC007,2,2,0,0.0,0
2025-01-31,P000072,LOC009,3,3,0,0.0,0
2025-01-31,P000072,LOC010,2,2,0,0.0,0
2025-01-31,P000072,LOC011,2,2,0,0.0,0
2025-01-31,P000072,LOC013,6,6,0,0.0,0
2025-01-31,P000072,LOC014,4,4,0,0.0,0
2025-01-31,P000072,LOC015,3,3,0,0.0,0
2025-01-31,P000072,LOC016,0,0,0,,0
2025-01-31,P000072,LOC017,2,2,0,0.0,0
2025-01-31,P000072,LOC019,3,3,0,0.0,0
2025-01-31,P000072,LOC020,4,3,1,25.0,1
2025-01-31,P000073,LOC002,2,2,0,0.0,0
2025-01-31,P000073,LOC005,3,3,0,0.0,0
2025-01-31,P000073,LOC007,2,2,0,0.0,0
2025-01-31,P000073,LOC008,2,2,0,0.0,0
2025-01-31,P000073,LOC009,4,5,1,25.0,1
2025-01-31,P000073,LOC010,3,3,0,0.0,0
2025-01-31,P000073,LOC011,1,1,0,0.0,0
2025-01-31,P000073,LOC012,1,1,0,0.0,0
2025-01-31,P000073,LOC013,1,1,0,0.0,0
2025-01-31,P000073,LOC014,3,3,0,0.0,0
2025-01-31,P000073,LOC015,1,1,0,0.0,0
2025-01-31,P000073,LOC016,2,2,0,0.0,0
2025-01-31,P000073,LOC017,1,1,0,0.0,0
2025-01-31,P000074,LOC003,1,1,0,0.0,0
2025-01-31,P000074,LOC004,4,4,0,0.0,0
2025-01-31,P000074,LOC006,6,6,0,0.0,0
2025-01-31,P000074,LOC007,5,5,0,0.0,0
2025-01-31,P000074,LOC011,3,3,0,0.0,0
2025-01-31,P000074,LOC013,2,2,0,0.0,0
2025-01-31,P000074,LOC014,3,3,0,0.0,0
2025-01-31,P000074,LOC018,4,5,1,25.0,1
2025-01-31,P000074,LOC019,1,1,0,0.0,0
2025-01-31,P000075,LOC002,4,4,0,0.0,0
2025-01-31,P000075,LOC004,2,2,0,0.0,0
2025-01-31,P000075,LOC007,5,5,0,0.0,0
2025-01-31,P000075,LOC008,4,4,0,0.0,0
2025-01-31,P000075,LOC009,2,2,0,0.0,0
2025-01-31,P000075,LOC012,3,3,0,0.0,0
2025-01-31,P000075,LOC013,1,1,0,0.0,0
2025-01-31,P000075,LOC014,2,2,0,0.0,0
2025-01-31,P000075,LOC015,3,3,0,0.0,0
2025-01-31,P000075,LOC018,4,4,0,0.0,0
2025-01-31,P000076,LOC003,0,0,0,,0
2025-01-31,P000076,LOC004,0,0,0,,0
2025-01-31,P000076,LOC005,2,2,0,0.0,0
2025-01-31,P000076,LOC007,1,1,0,0.0,0
2025-01-31,P000076,LOC008,0,0,0,,0
2025-01-31,P000076,LOC009,3,3,0,0.0,0
2025-01-31,P000076,LOC011,1,1,0,0.0,0
2025-01-31,P000076,LOC013,7,6,1,14.285714285714285,1
2025-01-31,P000076,LOC014,2,2,0,0.0,0
2025-01-31,P000076,LOC015,0,0,0,,0
2025-01-31,P000076,LOC017,10,11,1,10.0,1
2025-01-31,P000076,LOC018,2,2,0,0.0,0
2025-01-31,P000076,LOC019,4,5,1,25.0,1
2025-01-31,P000076,LOC020,2,2,0,0.0,0
2025-01-31,P000077,LOC002,3,3,0,0.0,0
2025-01-31,P000077,LOC004,3,3,0,0.0,0
2025-01-31,P000077,LOC006,2,2,0,0.0,0
2025-01-31,P000077,LOC007,2,2,0,0.0,0
2025-01-31,P000077,LOC008,2,2,0,0.0,0
2025-01-31,P000077,LOC009,3,3,0,0.0,0
2025-01-31,P000077,LOC010,0,0,0,,0
2025-01-31,P000077,LOC011,2,2,0,0.0,0
2025-01-31,P000077,LOC012,4,4,0,0.0,0
2025-01-31,P000077,LOC013,4,4,0,0.0,0
2025-01-31,P000077,LOC015,4,4,0,0.0,0
2025-01-31,P000077,LOC018,0,0,0,,0
2025-01-31,P000077,LOC019,1,1,0,0.0,0
2025-01-31,P000078,LOC004,1,1,0,0.0,0
2025-01-31,P000078,LOC005,0,0,0,,0
2025-01-31,P000078,LOC006,1,1,0,0.0,0
2025-01-31,P000078,LOC008,2,2,0,0.0,0
2025-01-31,P000078,LOC009,0,0,0,,0
2025-01-31,P000078,LOC010,6,6,0,0.0,0
2025-01-31,P000078,LOC011,1,1,0,0.0,0
2025-01-31,P000078,LOC013,3,3,0,0.0,0
2025-01-31,P000078,LOC014,2,2,0,0.0,0
2025-01-31,P000078,LOC015,6,7,1,16.666666666666664,1
2025-01-31,P000078,LOC017,4,4,0,0.0,0
2025-01-31,P000078,LOC019,3,2,1,33.33333333333333,1
2025-01-31,P000078,LOC020,4,5,1,25.0,1
2025-01-31,P000079,LOC001,0,0,0,,0
2025-01-31,P000079,LOC002,0,0,0,,0
2025-01-31,P000079,LOC003,3,3,0,0.0,0
2025-01-31,P000079,LOC005,6,6,0,0.0,0
2025-01-31,P000079,LOC006,0,0,0,,0
2025-01-31,P000079,LOC007,2,2,0,0.0,0
2025-01-31,P000079,LOC009,3,3,0,0.0,0
2025-01-31,P000079,LOC011,2,2,0,0.0,0
2025-01-31,P000079,LOC013,0,0,0,,0
2025-01-31,P000079,LOC014,0,0,0,,0
2025-01-31,P000079,LOC015,4,4,0,0.0,0
2025-01-31,P000079,LOC016,3,3,0,0.0,0
2025-01-31,P000079,LOC019,8,9,1,12.5,1
2025-01-31,P000079,LOC020,3,3,0,0.0,0
2025-01-31,P000080,LOC001,2,2,0,0.0,0
2025-01-31,P000080,LOC002,3,3,0,0.0,0
2025-01-31,P000080,LOC003,1,1,0,0.0,0
2025-01-31,P000080,LOC005,9,7,2,22.22222222222222,4
2025-01-31,P000080,LOC007,1,1,0,0.0,0
2025-01-31,P000080,LOC009,3,2,1,33.33333333333333,1
2025-01-31,P000080,LOC011,4,4,0,0.0,0
2025-01-31,P000080,LOC012,2,2,0,0.0,0
2025-01-31,P000080,LOC013,3,4,1,33.33333333333333,1
2025-01-31,P000080,LOC014,0,0,0,,0
2025-01-31,P000080,LOC015,4,3,1,25.0,1
2025-01-31,P000080,LOC016,4,5,1,25.0,1
2025-01-31,P000080,LOC017,4,4,0,0.0,0
2025-01-31,P000080,LOC018,3,3,0,0.0,0
2025-01-31,P000080,LOC019,5,5,0,0.0,0
2025-01-31,P000080,LOC020,2,2,0,0.0,0
2025-01-31,P000081,LOC005,9,8,1,11.11111111111111,1
2025-01-31,P000081,LOC006,6,7,1,16.666666666666664,1
2025-01-31,P000081,LOC007,2,2,0,0.0,0
2025-01-31,P000081,LOC009,1,1,0,0.0,0
2025-01-31,P000081,LOC010,2,2,0,0.0,0
2025-01-31,P000081,LOC013,7,6,1,14.285714285714285,1
2025-01-31,P000081,LOC015,2,2,0,0.0,0
2025-01-31,P000081,LOC019,3,3,0,0.0,0
2025-01-31,P000081,LOC020,0,0,0,,0
2025-01-31,P000082,LOC001,2,2,0,0.0,0
2025-01-31,P000082,LOC006,3,3,0,0.0,0
2025-01-31,P000082,LOC007,5,6,1,20.0,1
2025-01-31,P000082,LOC011,1,1,0,0.0,0
2025-01-31,P000082,LOC013,2,2,0,0.0,0
2025-01-31,P000082,LOC014,0,0,0,,0
2025-01-31,P000082,LOC015,2,2,0,0.0,0
2025-01-31,P000082,LOC016,3,4,1,33.33333333333333,1
2025-01-31,P000082,LOC017,3,3,0,0.0,0
2025-01-31,P000082,LOC018,0,0,0,,0
2025-01-31,P000083,LOC004,1,1,0,0.0,0
2025-01-31,P000083,LOC006,3,3,0,0.0,0
2025-01-31,P000083,LOC007,2,2,0,0.0,0
2025-01-31,P000083,LOC008,0,0,0,,0
2025-01-31,P000083,LOC011,0,0,0,,0
2025-01-31,P000083,LOC012,3,3,0,0.0,0
2025-01-31,P000083,LOC015,3,3,0,0.0,0
2025-01-31,P000083,LOC016,3,3,0,0.0,0
2025-01-31,P000083,LOC018,1,1,0,0.0,0
2025-01-31,P000083,LOC019,3,3,0,0.0,0
2025-01-31,P000084,LOC001,0,0,0,,0
2025-01-31,P000084,LOC002,3,3,0,0.0,0
2025-01-31,P000084,LOC003,3,3,0,0.0,0
2025-01-31,P000084,LOC004,2,2,0,0.0,0
2025-01-31,P000084,LOC007,3,3,0,0.0,0
2025-01-31,P000084,LOC008,4,4,0,0.0,0
2025-01-31,P000084,LOC011,2,2,0,0.0,0
2025-01-31,P000084,LOC012,4,4,0,0.0,0
2025-01-31,P000084,LOC013,2,2,0,0.0,0
2025-01-31,P000084,LOC014,3,3,0,0.0,0
2025-01-31,P000084,LOC015,0,0,0,,0
2025-01-31,P000084,LOC017,4,3,1,25.0,1
2025-01-31,P000084,LOC018,3,3,0,0.0,0
2025-01-31,P000084,LOC019,1,1,0,0.0,0
2025-01-31,P000084,LOC020,3,3,0,0.0,0
2025-01-31,P000085,LOC001,0,0,0,,0
2025-01-31,P000085,LOC002,3,3,0,0.0,0
2025-01-31,P000085,LOC003,4,3,1,25.0,1
2025-01-31,P000085,LOC005,4,4,0,0.0,0
2025-01-31,P000085,LOC006,2,2,0,0.0,0
2025-01-31,P000085,LOC008,1,1,0,0.0,0
2025-01-31,P000085,LOC009,4,4,0,0.0,0
2025-01-31,P000085,LOC010,2,2,0,0.0,0
2025-01-31,P000085,LOC013,8,9,1,12.5,1
2025-01-31,P000085,LOC014,1,1,0,0.0,0
2025-01-31,P000085,LOC016,0,0,0,,0
2025-01-31,P000085,LOC017,3,3,0,0.0,0
2025-01-31,P000085,LOC018,3,3,0,0.0,0
2025-01-31,P000085,LOC020,0,0,0,,0
2025-01-31,P000086,LOC004,0,0,0,,0
2025-01-31,P000086,LOC005,3,3,0,0.0,0
2025-01-31,P000086,LOC006,8,7,1,12.5,1
2025-01-31,P000086,LOC010,2,2,0,0.0,0
2025-01-31,P000086,LOC011,5,5,0,0.0,0
2025-01-31,P000086,LOC012,0,0,0,,0
2025-01-31,P000086,LOC013,4,4,0,0.0,0
2025-01-31,P000086,LOC015,3,3,0,0.0,0
2025-01-31,P000086,LOC016,2,2,0,0.0,0
2025-01-31,P000086,LOC017,0,0,0,,0
2025-01-31,P000086,LOC019,1,1,0,0.0,0
2025-01-31,P000087,LOC001,4,3,1,25.0,1
2025-01-31,P000087,LOC003,5,5,0,0.0,0
2025-01-31,P000087,LOC004,6,7,1,16.666666666666664,1
2025-01-31,P000087,LOC006,0,0,0,,0
2025-01-31,P000087,LOC012,1,1,0,0.0,0
2025-01-31,P000087,LOC013,0,0,0,,0
2025-01-31,P000087,LOC014,3,3,0,0.0,0
2025-01-31,P000087,LOC016,2,2,0,0.0,0
2025-01-31,P000087,LOC017,2,2,0,0.0,0
2025-01-31,P000087,LOC019,7,8,1,14.285714285714285,1
2025-01-31,P000088,LOC001,1,1,0,0.0,0
2025-01-31,P000088,LOC002,2,2,0,0.0,0
2025-01-31,P000088,LOC007,3,3,0,0.0,0
2025-01-31,P000088,LOC008,3,2,1,33.33333333333333,1
2025-01-31,P000088,LOC010,4,4,0,0.0,0
2025-01-31,P000088,LOC011,1,1,0,0.0,0
2025-01-31,P000088,LOC013,5,4,1,20.0,1
2025-01-31,P000088,LOC015,6,5,1,16.666666666666664,1
2025-01-31,P000088,LOC017,6,7,1,16.666666666666664,1
2025-01-31,P000088,LOC018,0,0,0,,0
2025-01-31,P000088,LOC020,4,4,0,0.0,0
2025-01-31,P000089,LOC001,4,4,0,0.0,0
2025-01-31,P000089,LOC002,2,2,0,0.0,0
2025-01-31,P000089,LOC003,1,1,0,0.0,0
2025-01-31,P000089,LOC004,0,0,0,,0
2025-01-31,P000089,LOC005,0,0,0,,0
2025-01-31,P000089,LOC007,4,4,0,0.0,0
2025-01-31,P000089,LOC010,2,2,0,0.0,0
2025-01-31,P000089,LOC014,1,1,0,0.0,0
2025-01-31,P000089,LOC015,0,0,0,,0
2025-01-31,P000089,LOC016,4,5,1,25.0,1
2025-01-31,P000089,LOC018,3,3,0,0.0,0
2025-01-31,P000089,LOC019,2,2,0,0.0,0
2025-01-31,P000089,LOC020,1,1,0,0.0,0
2025-01-31,P000090,LOC001,3,3,0,0.0,0
2025-01-31,P000090,LOC004,2,2,0,0.0,0
2025-01-31,P000090,LOC005,0,0,0,,0
2025-01-31,P000090,LOC006,6,5,1,16.666666666666664,1
2025-01-31,P000090,LOC008,2,2,0,0.0,0
2025-01-31,P000090,LOC009,1,1,0,0.0,0
2025-01-31,P000090,LOC010,4,5,1,25.0,1
2025-01-31,P000090,LOC011,1,1,0,0.0,0
2025-01-31,P000090,LOC013,0,0,0,,0
2025-01-31,P000090,LOC014,2,2,0,0.0,0
2025-01-31,P000090,LOC016,3,3,0,0.0,0
2025-01-31,P000090,LOC017,0,0,0,,0
2025-01-31,P000091,LOC001,0,0,0,,0
2025-01-31,P000091,LOC002,3,3,0,0.0,0
2025-01-31,P000091,LOC005,4,4,0,0.0,0
2025-01-31,P000091,LOC007,4,4,0,0.0,0
2025-01-31,P000091,LOC008,1,1,0,0.0,0
2025-01-31,P000091,LOC009,2,2,0,0.0,0
2025-01-31,P000091,LOC011,8,7,1,12.5,1
2025-01-31,P000091,LOC013,4,3,1,25.0,1
2025-01-31,P000091,LOC014,3,3,0,0.0,0
2025-01-31,P000091,LOC016,2,2,0,0.0,0
2025-01-31,P000091,LOC018,0,0,0,,0
2025-01-31,P000091,LOC019,0,0,0,,0
2025-01-31,P000092,LOC002,3,3,0,0.0,0
2025-01-31,P000092,LOC003,3,4,1,33.33333333333333,1
2025-01-31,P000092,LOC004,3,3,0,0.0,0
2025-01-31,P000092,LOC006,4,4,0,0.0,0
2025-01-31,P000092,LOC007,2,2,0,0.0,0
2025-01-31,P000092,LOC008,0,0,0,,0
2025-01-31,P000092,LOC010,4,4,0,0.0,0
2025-01-31,P000092,LOC013,3,3,0,0.0,0
2025-01-31,P000092,LOC014,3,4,1,33.33333333333333,1
2025-01-31,P000092,LOC016,0,0,0,,0
2025-01-31,P000092,LOC017,3,3,0,0.0,0
2025-01-31,P000092,LOC018,2,2,0,0.0,0
2025-01-31,P000092,LOC020,5,4,1,20.0,1
2025-01-31,P000093,LOC001,6,6,0,0.0,0
2025-01-31,P000093,LOC003,7,7,0,0.0,0
2025-01-31,P000093,LOC005,2,2,0,0.0,0
2025-01-31,P000093,LOC007,3,3,0,0.0,0
2025-01-31,P000093,LOC009,2,2,0,0.0,0
2025-01-31,P000093,LOC010,1,1,0,0.0,0
2025-01-31,P000093,LOC011,0,0,0,,0
2025-01-31,P000093,LOC014,4,4,0,0.0,0
2025-01-31,P000093,LOC015,0,0,0,,0
2025-01-31,P000093,LOC017,0,0,0,,0
2025-01-31,P000093,LOC018,4,4,0,0.0,0
2025-01-31,P000094,LOC001,0,0,0,,0
2025-01-31,P000094,LOC002,4,3,1,25.0,1
2025-01-31,P000094,LOC005,0,0,0,,0
2025-01-31,P000094,LOC007,7,8,1,14.285714285714285,1
2025-01-31,P000094,LOC011,2,2,0,0.0,0
2025-01-31,P000094,LOC016,3,3,0,0.0,0
2025-01-31,P000094,LOC017,0,0,0,,0
2025-01-31,P000094,LOC020,0,0,0,,0
2025-01-31,P000095,LOC001,3,3,0,0.0,0
2025-01-31,P000095,LOC002,1,1,0,0.0,0
2025-01-31,P000095,LOC003,0,0,0,,0
2025-01-31,P000095,LOC004,3,3,0,0.0,0
2025-01-31,P000095,LOC005,4,4,0,0.0,0
2025-01-31,P000095,LOC008,3,3,0,0.0,0
2025-01-31,P000095,LOC010,4,4,0,0.0,0
2025-01-31,P000095,LOC014,5,6,1,20.0,1
2025-01-31,P000095,LOC016,1,1,0,0.0,0
2025-01-31,P000095,LOC017,3,3,0,0.0,0
2025-01-31,P000095,LOC019,2,2,0,0.0,0
2025-01-31,P000096,LOC001,1,1,0,0.0,0
2025-01-31,P000096,LOC006,3,3,0,0.0,0
2025-01-31,P000096,LOC008,2,2,0,0.0,0
2025-01-31,P000096,LOC009,4,4,0,0.0,0
2025-01-31,P000096,LOC010,2,2,0,0.0,0
2025-01-31,P000096,LOC011,0,0,0,,0
2025-01-31,P000096,LOC013,1,1,0,0.0,0
2025-01-31,P000096,LOC014,4,4,0,0.0,0
2025-01-31,P000096,LOC016,0,0,0,,0
2025-01-31,P000096,LOC017,2,2,0,0.0,0
2025-01-31,P000096,LOC018,1,1,0,0.0,0
2025-01-31,P000096,LOC020,4,3,1,25.0,1
2025-01-31,P000097,LOC001,5,4,1,20.0,1
2025-01-31,P000097,LOC003,5,6,1,20.0,1
2025-01-31,P000097,LOC004,4,4,0,0.0,0
2025-01-31,P000097,LOC005,1,1,0,0.0,0
2025-01-31,P000097,LOC007,9,11,2,22.22222222222222,4
2025-01-31,P000097,LOC009,6,5,1,16.666666666666664,1
2025-01-31,P000097,LOC010,5,5,0,0.0,0
2025-01-31,P000097,LOC012,0,0,0,,0
2025-01-31,P000097,LOC013,1,1,0,0.0,0
2025-01-31,P000097,LOC014,4,4,0,0.0,0
2025-01-31,P000097,LOC016,0,0,0,,0
2025-01-31,P000097,LOC017,1,1,0,0.0,0
2025-01-31,P000097,LOC019,4,4,0,0.0,0
2025-01-31,P000097,LOC020,3,2,1,33.33333333333333,1
2025-01-31,P000098,LOC004,0,0,0,,0
2025-01-31,P000098,LOC006,3,2,1,33.33333333333333,1
2025-01-31,P000098,LOC007,4,4,0,0.0,0
2025-01-31,P000098,LOC008,6,5,1,16.666666666666664,1
2025-01-31,P000098,LOC009,0,0,0,,0
2025-01-31,P000098,LOC010,0,0,0,,0
2025-01-31,P000098,LOC011,0,0,0,,0
2025-01-31,P000098,LOC012,4,4,0,0.0,0
2025-01-31,P000098,LOC013,3,3,0,0.0,0
2025-01-31,P000098,LOC016,4,4,0,0.0,0
2025-01-31,P000098,LOC019,5,5,0,0.0,0
2025-01-31,P000098,LOC020,2,2,0,0.0,0
2025-01-31,P000099,LOC001,4,4,0,0.0,0
2025-01-31,P000099,LOC004,4,5,1,25.0,1
2025-01-31,P000099,LOC006,0,0,0,,0
2025-01-31,P000099,LOC007,1,1,0,0.0,0
2025-01-31,P000099,LOC008,2,2,0,0.0,0
2025-01-31,P000099,LOC009,4,4,0,0.0,0
2025-01-31,P000099,LOC010,4,5,1,25.0,1
2025-01-31,P000099,LOC011,0,0,0,,0
2025-01-31,P000099,LOC012,7,6,1,14.285714285714285,1
2025-01-31,P000099,LOC013,3,3,0,0.0,0
2025-01-31,P000099,LOC015,1,1,0,0.0,0
2025-01-31,P000099,LOC019,6,6,0,0.0,0
2025-01-31,P000099,LOC020,3,3,0,0.0,0
2025-01-31,P000100,LOC001,0,0,0,,0
2025-01-31,P000100,LOC002,9,10,1,11.11111111111111,1
2025-01-31,P000100,LOC006,3,3,0,0.0,0
2025-01-31,P000100,LOC007,0,0,0,,0
2025-01-31,P000100,LOC008,3,3,0,0.0,0
2025-01-31,P000100,LOC009,8,7,1,12.5,1
2025-01-31,P000100,LOC010,3,2,1,33.33333333333333,1
2025-01-31,P000100,LOC013,5,5,0,0.0,0
2025-01-31,P000100,LOC014,0,0,0,,0
2025-01-31,P000100,LOC017,4,4,0,0.0,0
2025-01-31,P000100,LOC018,1,1,0,0.0,0
2025-01-31,P000100,LOC019,6,6,0,0.0,0
2025-01-31,P000100,LOC020,0,0,0,,0
2025-02-28,P000001,LOC005,4,4,0,0.0,0
2025-02-28,P000001,LOC006,5,5,0,0.0,0
2025-02-28,P000001,LOC007,3,4,1,33.33333333333333,1
2025-02-28,P000001,LOC008,2,2,0,0.0,0
2025-02-28,P000001,LOC011,4,5,1,25.0,1
2025-02-28,P000001,LOC012,4,4,0,0.0,0
2025-02-28,P000001,LOC013,4,4,0,0.0,0
2025-02-28,P000001,LOC014,3,3,0,0.0,0
2025-02-28,P000001,LOC017,2,2,0,0.0,0
2025-02-28,P000001,LOC018,1,1,0,0.0,0
2025-02-28,P000001,LOC020,0,0,0,,0
2025-02-28,P000002,LOC002,4,4,0,0.0,0
2025-02-28,P000002,LOC003,4,4,0,0.0,0
2025-02-28,P000002,LOC005,3,3,0,0.0,0
2025-02-28,P000002,LOC009,3,3,0,0.0,0
2025-02-28,P000002,LOC012,1,1,0,0.0,0
2025-02-28,P000002,LOC013,3,3,0,0.0,0
2025-02-28,P000002,LOC014,3,3,0,0.0,0
2025-02-28,P000002,LOC015,4,3,1,25.0,1
2025-02-28,P000002,LOC016,2,2,0,0.0,0
2025-02-28,P000002,LOC017,4,4,0,0.0,0
2025-02-28,P000002,LOC020,1,1,0,0.0,0
2025-02-28,P000003,LOC001,3,3,0,0.0,0
2025-02-28,P000003,LOC003,0,0,0,,0
2025-02-28,P000003,LOC004,0,0,0,,0
2025-02-28,P000003,LOC006,4,5,1,25.0,1
2025-02-28,P000003,LOC007,4,4,0,0.0,0
2025-02-28,P000003,LOC010,4,5,1,25.0,1
2025-02-28,P000003,LOC011,1,1,0,0.0,0
2025-02-28,P000003,LOC012,3,3,0,0.0,0
2025-02-28,P000003,LOC015,6,6,0,0.0,0
2025-02-28,P000003,LOC017,3,3,0,0.0,0
2025-02-28,P000003,LOC018,0,0,0,,0
2025-02-28,P000003,LOC020,6,6,0,0.0,0
2025-02-28,P000004,LOC001,1,1,0,0.0,0
2025-02-28,P000004,LOC003,2,2,0,0.0,0
2025-02-28,P000004,LOC008,2,2,0,0.0,0
2025-02-28,P000004,LOC009,0,0,0,,0
2025-02-28,P000004,LOC010,2,2,0,0.0,0
2025-02-28,P000004,LOC012,0,0,0,,0
2025-02-28,P000004,LOC015,0,0,0,,0
2025-02-28,P000004,LOC016,1,1,0,0.0,0
2025-02-28,P000004,LOC018,4,3,1,25.0,1
2025-02-28,P000004,LOC019,3,3,0,0.0,0
2025-02-28,P000005,LOC004,2,2,0,0.0,0
2025-02-28,P000005,LOC006,3,3,0,0.0,0
2025-02-28,P000005,LOC007,1,1,0,0.0,0
2025-02-28,P000005,LOC008,0,0,0,,0
2025-02-28,P000005,LOC009,1,1,0,0.0,0
2025-02-28,P000005,LOC010,2,2,0,0.0,0
2025-02-28,P000005,LOC011,3,3,0,0.0,0
2025-02-28,P000005,LOC017,0,0,0,,0
2025-02-28,P000005,LOC020,6,6,0,0.0,0
2025-02-28,P000006,LOC003,3,3,0,0.0,0
2025-02-28,P000006,LOC004,1,1,0,0.0,0
2025-02-28,P000006,LOC005,3,3,0,0.0,0
2025-02-28,P000006,LOC006,0,0,0,,0
2025-02-28,P000006,LOC009,0,0,0,,0
2025-02-28,P000006,LOC010,0,0,0,,0
2025-02-28,P000006,LOC012,3,3,0,0.0,0
2025-02-28,P000006,LOC013,5,6,1,20.0,1
2025-02-28,P000006,LOC014,4,4,0,0.0,0
2025-02-28,P000006,LOC015,0,0,0,,0
2025-02-28,P000006,LOC018,7,8,1,14.285714285714285,1
2025-02-28,P000006,LOC019,1,1,0,0.0,0
2025-02-28,P000006,LOC020,2,2,0,0.0,0
2025-02-28,P000007,LOC001,0,0,0,,0
2025-02-28,P000007,LOC004,4,3,1,25.0,1
2025-02-28,P000007,LOC006,0,0,0,,0
2025-02-28,P000007,LOC007,0,0,0,,0
2025-02-28,P000007,LOC008,5,5,0,0.0,0
2025-02-28,P000007,LOC009,1,1,0,0.0,0
2025-02-28,P000007,LOC010,4,3,1,25.0,1
2025-02-28,P000007,LOC015,1,1,0,0.0,0
2025-02-28,P000007,LOC016,0,0,0,,0
2025-02-28,P000007,LOC018,0,0,0,,0
2025-02-28,P000007,LOC019,0,0,0,,0
2025-02-28,P000007,LOC020,2,2,0,0.0,0
2025-02-28,P000008,LOC001,3,3,0,0.0,0
2025-02-28,P000008,LOC003,1,1,0,0.0,0
2025-02-28,P000008,LOC004,0,0,0,,0
2025-02-28,P000008,LOC005,6,7,1,16.666666666666664,1
2025-02-28,P000008,LOC007,3,3,0,0.0,0
2025-02-28,P000008,LOC008,6,5,1,16.666666666666664,1
2025-02-28,P000008,LOC009,4,4,0,0.0,0
2025-02-28,P000008,LOC010,1,1,0,0.0,0
2025-02-28,P000008,LOC011,3,3,0,0.0,0
2025-02-28,P000008,LOC014,0,0,0,,0
2025-02-28,P000008,LOC016,3,3,0,0.0,0
2025-02-28,P000008,LOC019,3,3,0,0.0,0
2025-02-28,P000009,LOC002,3,3,0,0.0,0
2025-02-28,P000009,LOC003,0,0,0,,0
2025-02-28,P000009,LOC004,1,1,0,0.0,0
2025-02-28,P000009,LOC005,3,3,0,0.0,0
2025-02-28,P000009,LOC007,7,7,0,0.0,0
2025-02-28,P000009,LOC008,2,2,0,0.0,0
2025-02-28,P000009,LOC009,0,0,0,,0
2025-02-28,P000009,LOC010,0,0,0,,0
2025-02-28,P000009,LOC012,0,0,0,,0
2025-02-28,P000009,LOC013,5,4,1,20.0,1
2025-02-28,P000009,LOC014,3,3,0,0.0,0
2025-02-28,P000009,LOC019,2,2,0,0.0,0
2025-02-28,P000009,LOC020,0,0,0,,0
2025-02-28,P000010,LOC001,2,2,0,0.0,0
2025-02-28,P000010,LOC003,3,3,0,0.0,0
2025-02-28,P000010,LOC004,4,3,1,25.0,1
2025-02-28,P000010,LOC005,4,4,0,0.0,0
2025-02-28,P000010,LOC007,0,0,0,,0
2025-02-28,P000010,LOC008,4,4,0,0.0,0
2025-02-28,P000010,LOC009,2,2,0,0.0,0
2025-02-28,P000010,LOC010,2,2,0,0.0,0
2025-02-28,P000010,LOC011,6,7,1,16.666666666666664,1
2025-02-28,P000010,LOC012,2,2,0,0.0,0
2025-02-28,P000010,LOC013,4,4,0,0.0,0
2025-02-28,P000010,LOC015,4,4,0,0.0,0
2025-02-28,P000010,LOC017,3,3,0,0.0,0
2025-02-28,P000010,LOC018,3,3,0,0.0,0
2025-02-28,P000010,LOC019,0,0,0,,0
2025-02-28,P000011,LOC001,1,1,0,0.0,0
2025-02-28,P000011,LOC002,1,1,0,0.0,0
2025-02-28,P000011,LOC004,4,5,1,25.0,1
2025-02-28,P000011,LOC005,7,8,1,14.285714285714285,1
2025-02-28,P000011,LOC006,3,3,0,0.0,0
2025-02-28,P000011,LOC007,3,3,0,0.0,0
2025-02-28,P000011,LOC008,0,0,0,,0
2025-02-28,P000011,LOC009,7,6,1,14.285714285714285,1
2025-02-28,P000011,LOC012,1,1,0,0.0,0
2025-02-28,P000011,LOC014,0,0,0,,0
2025-02-28,P000011,LOC016,2,2,0,0.0,0
2025-02-28,P000011,LOC018,4,4,0,0.0,0
2025-02-28,P000012,LOC001,3,4,1,33.33333333333333,1
2025-02-28,P000012,LOC005,2,2,0,0.0,0
2025-02-28,P000012,LOC006,1,1,0,0.0,0
2025-02-28,P000012,LOC008,4,4,0,0.0,0
2025-02-28,P000012,LOC009,3,3,0,0.0,0
2025-02-28,P000012,LOC010,0,0,0,,0
2025-02-28,P000012,LOC011,0,0,0,,0
2025-02-28,P000012,LOC013,2,2,0,0.0,0
2025-02-28,P000012,LOC014,0,0,0,,0
2025-02-28,P000012,LOC017,3,3,0,0.0,0
2025-02-28,P000012,LOC019,1,1,0,0.0,0
2025-02-28,P000012,LOC020,3,3,0,0.0,0
2025-02-28,P000013,LOC001,2,2,0,0.0,0
2025-02-28,P000013,LOC002,0,0,0,,0
2025-02-28,P000013,LOC003,7,7,0,0.0,0
2025-02-28,P000013,LOC004,0,0,0,,0
2025-02-28,P000013,LOC005,1,1,0,0.0,0
2025-02-28,P000013,LOC007,4,4,0,0.0,0
2025-02-28,P000013,LOC008,0,0,0,,0
2025-02-28,P000013,LOC009,0,0,0,,0
2025-02-28,P000013,LOC011,1,1,0,0.0,0
2025-02-28,P000013,LOC012,3,3,0,0.0,0
2025-02-28,P000013,LOC016,5,5,0,0.0,0
2025-02-28,P000013,LOC017,1,1,0,0.0,0
2025-02-28,P000013,LOC020,1,1,0,0.0,0
2025-02-28,P000014,LOC001,1,1,0,0.0,0
2025-02-28,P000014,LOC004,0,0,0,,0
2025-02-28,P000014,LOC008,3,3,0,0.0,0
2025-02-28,P000014,LOC015,1,1,0,0.0,0
2025-02-28,P000014,LOC016,1,1,0,0.0,0
2025-02-28,P000014,LOC017,1,1,0,0.0,0
2025-02-28,P000014,LOC018,6,6,0,0.0,0
2025-02-28,P000014,LOC019,0,0,0,,0
2025-02-28,P000015,LOC004,1,1,0,0.0,0
2025-02-28,P000015,LOC005,4,4,0,0.0,0
2025-02-28,P000015,LOC006,0,0,0,,0
2025-02-28,P000015,LOC008,1,1,0,0.0,0
2025-02-28,P000015,LOC009,4,3,1,25.0,1
2025-02-28,P000015,LOC011,1,1,0,0.0,0
2025-02-28,P000015,LOC012,3,3,0,0.0,0
2025-02-28,P000015,LOC013,0,0,0,,0
2025-02-28,P000015,LOC016,6,7,1,16.666666666666664,1
2025-02-28,P000015,LOC017,3,3,0,0.0,0
2025-02-28,P000015,LOC019,3,3,0,0.0,0
2025-02-28,P000016,LOC001,0,0,0,,0
2025-02-28,P000016,LOC003,6,5,1,16.666666666666664,1
2025-02-28,P000016,LOC004,2,2,0,0.0,0
2025-02-28,P000016,LOC006,5,5,0,0.0,0
2025-02-28,P000016,LOC007,1,1,0,0.0,0
2025-02-28,P000016,LOC009,5,5,0,0.0,0
2025-02-28,P000016,LOC010,0,0,0,,0
2025-02-28,P000016,LOC011,3,3,0,0.0,0
2025-02-28,P000016,LOC013,5,5,0,0.0,0
2025-02-28,P000016,LOC015,2,2,0,0.0,0
2025-02-28,P000016,LOC017,3,4,1,33.33333333333333,1
2025-02-28,P000016,LOC020,1,1,0,0.0,0
2025-02-28,P000017,LOC001,0,0,0,,0
2025-02-28,P000017,LOC002,5,5,0,0.0,0
2025-02-28,P000017,LOC004,2,2,0,0.0,0
2025-02-28,P000017,LOC005,4,4,0,0.0,0
2025-02-28,P000017,LOC007,3,3,0,0.0,0
2025-02-28,P000017,LOC009,1,1,0,0.0,0
2025-02-28,P000017,LOC011,3,4,1,33.33333333333333,1
2025-02-28,P000017,LOC015,0,0,0,,0
2025-02-28,P000017,LOC019,5,4,1,20.0,1
2025-02-28,P000018,LOC001,4,4,0,0.0,0
2025-02-28,P000018,LOC002,3,2,1,33.33333333333333,1
2025-02-28,P000018,LOC005,0,0,0,,0
2025-02-28,P000018,LOC011,0,0,0,,0
2025-02-28,P000018,LOC012,5,5,0,0.0,0
2025-02-28,P000018,LOC013,2,2,0,0.0,0
2025-02-28,P000018,LOC015,3,3,0,0.0,0
2025-02-28,P000018,LOC019,3,2,1,33.33333333333333,1
2025-02-28,P000018,LOC020,1,1,0,0.0,0
2025-02-28,P000019,LOC005,0,0,0,,0
2025-02-28,P000019,LOC008,1,1,0,0.0,0
2025-02-28,P000019,LOC010,0,0,0,,0
2025-02-28,P000019,LOC011,3,3,0,0.0,0
2025-02-28,P000019,LOC012,0,0,0,,0
2025-02-28,P000019,LOC015,4,4,0,0.0,0
2025-02-28,P000019,LOC016,3,3,0,0.0,0
2025-02-28,P000019,LOC017,1,1,0,0.0,0
2025-02-28,P000019,LOC020,4,4,0,0.0,0
2025-02-28,P000020,LOC002,0,0,0,,0
2025-02-28,P000020,LOC003,2,2,0,0.0,0
2025-02-28,P000020,LOC004,5,5,0,0.0,0
2025-02-28,P000020,LOC006,7,8,1,14.285714285714285,1
2025-02-28,P000020,LOC007,2,2,0,0.0,0
2025-02-28,P000020,LOC008,5,5,0,0.0,0
2025-02-28,P000020,LOC009,2,2,0,0.0,0
2025-02-28,P000020,LOC011,3,3,0,0.0,0
2025-02-28,P000020,LOC013,3,3,0,0.0,0
2025-02-28,P000020,LOC017,4,3,1,25.0,1
2025-02-28,P000020,LOC020,3,3,0,0.0,0
2025-02-28,P000021,LOC001,1,1,0,0.0,0
2025-02-28,P000021,LOC002,0,0,0,,0
2025-02-28,P000021,LOC005,0,0,0,,0
2025-02-28,P000021,LOC006,0,0,0,,0
2025-02-28,P000021,LOC007,1,1,0,0.0,0
2025-02-28,P000021,LOC009,4,3,1,25.0,1
2025-02-28,P000021,LOC010,6,5,1,16.666666666666664,1
2025-02-28,P000021,LOC012,3,3,0,0.0,0
2025-02-28,P000021,LOC016,3,3,0,0.0,0
2025-02-28,P000021,LOC018,2,2,0,0.0,0
2025-02-28,P000021,LOC019,4,4,0,0.0,0
2025-02-28,P000022,LOC001,0,0,0,,0
2025-02-28,P000022,LOC003,1,1,0,0.0,0
2025-02-28,P000022,LOC004,2,2,0,0.0,0
2025-02-28,P000022,LOC005,1,1,0,0.0,0
2025-02-28,P000022,LOC007,1,1,0,0.0,0
2025-02-28,P000022,LOC009,3,3,0,0.0,0
2025-02-28,P000022,LOC010,4,4,0,0.0,0
2025-02-28,P000022,LOC011,3,3,0,0.0,0
2025-02-28,P000022,LOC015,4,5,1,25.0,1
2025-02-28,P000022,LOC016,4,4,0,0.0,0
2025-02-28,P000022,LOC017,2,2,0,0.0,0
2025-02-28,P000022,LOC018,4,4,0,0.0,0
2025-02-28,P000023,LOC001,5,6,1,20.0,1
2025-02-28,P000023,LOC003,2,2,0,0.0,0
2025-02-28,P000023,LOC004,1,1,0,0.0,0
2025-02-28,P000023,LOC005,2,2,0,0.0,0
2025-02-28,P000023,LOC008,2,2,0,0.0,0
2025-02-28,P000023,LOC011,7,8,1,14.285714285714285,1
2025-02-28,P000023,LOC013,2,2,0,0.0,0
2025-02-28,P000023,LOC014,1,1,0,0.0,0
2025-02-28,P000023,LOC018,0,0,0,,0
2025-02-28,P000023,LOC019,3,2,1,33.33333333333333,1
2025-02-28,P000024,LOC001,0,0,0,,0
2025-02-28,P000024,LOC002,3,3,0,0.0,0
2025-02-28,P000024,LOC003,3,3,0,0.0,0
2025-02-28,P000024,LOC004,0,0,0,,0
2025-02-28,P000024,LOC005,3,3,0,0.0,0
2025-02-28,P000024,LOC007,0,0,0,,0
2025-02-28,P000024,LOC008,2,2,0,0.0,0
2025-02-28,P000024,LOC009,0,0,0,,0
2025-02-28,P000024,LOC010,8,9,1,12.5,1
2025-02-28,P000024,LOC011,3,3,0,0.0,0
2025-02-28,P000024,LOC012,2,2,0,0.0,0
2025-02-28,P000024,LOC019,2,2,0,0.0,0
2025-02-28,P000024,LOC020,4,4,0,0.0,0
2025-02-28,P000025,LOC002,3,2,1,33.33333333333333,1
2025-02-28,P000025,LOC004,2,2,0,0.0,0
2025-02-28,P000025,LOC006,0,0,0,,0
2025-02-28,P000025,LOC008,3,3,0,0.0,0
2025-02-28,P000025,LOC009,0,0,0,,0
2025-02-28,P000025,LOC010,4,5,1,25.0,1
2025-02-28,P000025,LOC011,0,0,0,,0
2025-02-28,P000025,LOC012,8,9,1,12.5,1
2025-02-28,P000025,LOC015,4,4,0,0.0,0
2025-02-28,P000025,LOC016,0,0,0,,0
2025-02-28,P000025,LOC019,1,1,0,0.0,0
2025-02-28,P000025,LOC020,0,0,0,,0
2025-02-28,P000026,LOC001,3,3,0,0.0,0
2025-02-28,P000026,LOC002,3,3,0,0.0,0
2025-02-28,P000026,LOC003,3,3,0,0.0,0
2025-02-28,P000026,LOC004,4,5,1,25.0,1
2025-02-28,P000026,LOC006,6,6,0,0.0,0
2025-02-28,P000026,LOC007,2,2,0,0.0,0
2025-02-28,P000026,LOC010,4,4,0,0.0,0
2025-02-28,P000026,LOC016,1,1,0,0.0,0
2025-02-28,P000026,LOC018,2,2,0,0.0,0
2025-02-28,P000027,LOC001,0,0,0,,0
2025-02-28,P000027,LOC002,7,7,0,0.0,0
2025-02-28,P000027,LOC003,4,3,1,25.0,1
2025-02-28,P000027,LOC004,2,2,0,0.0,0
2025-02-28,P000027,LOC007,2,2,0,0.0,0
2025-02-28,P000027,LOC008,3,3,0,0.0,0
2025-02-28,P000027,LOC009,3,3,0,0.0,0
2025-02-28,P000027,LOC010,6,6,0,0.0,0
2025-02-28,P000027,LOC011,2,2,0,0.0,0
2025-02-28,P000027,LOC012,3,3,0,0.0,0
2025-02-28,P000027,LOC016,1,1,0,0.0,0
2025-02-28,P000028,LOC001,0,0,0,,0
2025-02-28,P000028,LOC002,0,0,0,,0
2025-02-28,P000028,LOC003,1,1,0,0.0,0
2025-02-28,P000028,LOC005,0,0,0,,0
2025-02-28,P000028,LOC008,2,2,0,0.0,0
2025-02-28,P000028,LOC009,4,3,1,25.0,1
2025-02-28,P000028,LOC011,0,0,0,,0
2025-02-28,P000028,LOC012,2,2,0,0.0,0
2025-02-28,P000028,LOC013,4,5,1,25.0,1
2025-02-28,P000028,LOC014,6,5,1,16.666666666666664,1
2025-02-28,P000028,LOC017,1,1,0,0.0,0
2025-02-28,P000028,LOC018,0,0,0,,0
2025-02-28,P000028,LOC020,2,2,0,0.0,0
2025-02-28,P000029,LOC002,0,0,0,,0
2025-02-28,P000029,LOC003,0,0,0,,0
2025-02-28,P000029,LOC004,0,0,0,,0
2025-02-28,P000029,LOC005,1,1,0,0.0,0
2025-02-28,P000029,LOC006,10,11,1,10.0,1
2025-02-28,P000029,LOC008,4,3,1,25.0,1
2025-02-28,P000029,LOC010,3,3,0,0.0,0
2025-02-28,P000029,LOC013,3,2,1,33.33333333333333,1
2025-02-28,P000029,LOC014,1,1,0,0.0,0
2025-02-28,P000029,LOC015,2,2,0,0.0,0
2025-02-28,P000030,LOC001,4,5,1,25.0,1
2025-02-28,P000030,LOC003,4,4,0,0.0,0
2025-02-28,P000030,LOC004,3,2,1,33.33333333333333,1
2025-02-28,P000030,LOC007,4,4,0,0.0,0
2025-02-28,P000030,LOC009,2,2,0,0.0,0
2025-02-28,P000030,LOC012,1,1,0,0.0,0
2025-02-28,P000030,LOC013,0,0,0,,0
2025-02-28,P000030,LOC015,4,5,1,25.0,1
2025-02-28,P000030,LOC017,0,0,0,,0
2025-02-28,P000030,LOC019,1,1,0,0.0,0
2025-02-28,P000031,LOC001,1,1,0,0.0,0
2025-02-28,P000031,LOC002,6,5,1,16.666666666666664,1
2025-02-28,P000031,LOC004,3,3,0,0.0,0
2025-02-28,P000031,LOC008,2,2,0,0.0,0
2025-02-28,P000031,LOC010,0,0,0,,0
2025-02-28,P000031,LOC011,2,2,0,0.0,0
2025-02-28,P000031,LOC012,0,0,0,,0
2025-02-28,P000031,LOC013,4,4,0,0.0,0
2025-02-28,P000031,LOC015,1,1,0,0.0,0
2025-02-28,P000031,LOC017,3,3,0,0.0,0
2025-02-28,P000031,LOC019,3,3,0,0.0,0
2025-02-28,P000031,LOC020,4,4,0,0.0,0
2025-02-28,P000032,LOC002,0,0,0,,0
2025-02-28,P000032,LOC005,3,3,0,0.0,0
2025-02-28,P000032,LOC006,2,2,0,0.0,0
2025-02-28,P000032,LOC007,0,0,0,,0
2025-02-28,P000032,LOC009,3,3,0,0.0,0
2025-02-28,P000032,LOC011,4,4,0,0.0,0
2025-02-28,P000032,LOC013,4,5,1,25.0,1
2025-02-28,P000032,LOC016,6,6,0,0.0,0
2025-02-28,P000032,LOC017,7,8,1,14.285714285714285,1
2025-02-28,P000032,LOC020,6,5,1,16.666666666666664,1
2025-02-28,P000033,LOC003,1,1,0,0.0,0
2025-02-28,P000033,LOC004,0,0,0,,0
2025-02-28,P000033,LOC005,2,2,0,0.0,0
2025-02-28,P000033,LOC006,2,2,0,0.0,0
2025-02-28,P000033,LOC010,0,0,0,,0
2025-02-28,P000033,LOC011,3,3,0,0.0,0
2025-02-28,P000033,LOC015,0,0,0,,0
2025-02-28,P000033,LOC018,2,2,0,0.0,0
2025-02-28,P000033,LOC019,0,0,0,,0
2025-02-28,P000034,LOC004,4,4,0,0.0,0
2025-02-28,P000034,LOC005,0,0,0,,0
2025-02-28,P000034,LOC006,0,0,0,,0
2025-02-28,P000034,LOC008,1,1,0,0.0,0
2025-02-28,P000034,LOC010,3,2,1,33.33333333333333,1
2025-02-28,P000034,LOC011,3,3,0,0.0,0
2025-02-28,P000034,LOC012,5,6,1,20.0,1
2025-02-28,P000034,LOC013,0,0,0,,0
2025-02-28,P000034,LOC017,3,3,0,0.0,0
2025-02-28,P000034,LOC020,0,0,0,,0
2025-02-28,P000035,LOC001,3,3,0,0.0,0
2025-02-28,P000035,LOC003,3,3,0,0.0,0
2025-02-28,P000035,LOC006,2,2,0,0.0,0
2025-02-28,P000035,LOC007,3,3,0,0.0,0
2025-02-28,P000035,LOC010,0,0,0,,0
2025-02-28,P000035,LOC012,3,3,0,0.0,0
2025-02-28,P000035,LOC013,5,4,1,20.0,1
2025-02-28,P000035,LOC014,3,3,0,0.0,0
2025-02-28,P000035,LOC016,1,1,0,0.0,0
2025-02-28,P000035,LOC017,1,1,0,0.0,0
2025-02-28,P000035,LOC020,1,1,0,0.0,0
2025-02-28,P000036,LOC002,0,0,0,,0
2025-02-28,P000036,LOC007,0,0,0,,0
2025-02-28,P000036,LOC008,5,5,0,0.0,0
2025-02-28,P000036,LOC009,3,3,0,0.0,0
2025-02-28,P000036,LOC010,2,2,0,0.0,0
2025-02-28,P000036,LOC011,2,2,0,0.0,0
2025-02-28,P000036,LOC013,3,3,0,0.0,0
2025-02-28,P000036,LOC015,4,5,1,25.0,1
2025-02-28,P000036,LOC016,2,2,0,0.0,0
2025-02-28,P000036,LOC017,4,4,0,0.0,0
2025-02-28,P000036,LOC018,2,2,0,0.0,0
2025-02-28,P000036,LOC020,2,2,0,0.0,0
2025-02-28,P000037,LOC001,1,1,0,0.0,0
2025-02-28,P000037,LOC004,3,2,1,33.33333333333333,1
2025-02-28,P000037,LOC005,3,3,0,0.0,0
2025-02-28,P000037,LOC007,0,0,0,,0
2025-02-28,P000037,LOC009,3,3,0,0.0,0
2025-02-28,P000037,LOC012,2,2,0,0.0,0
2025-02-28,P000037,LOC014,3,3,0,0.0,0
2025-02-28,P000037,LOC018,2,2,0,0.0,0
2025-02-28,P000038,LOC004,1,1,0,0.0,0
2025-02-28,P000038,LOC005,3,3,0,0.0,0
2025-02-28,P000038,LOC006,3,3,0,0.0,0
2025-02-28,P000038,LOC009,3,3,0,0.0,0
2025-02-28,P000038,LOC011,3,3,0,0.0,0
2025-02-28,P000038,LOC012,1,1,0,0.0,0
2025-02-28,P000038,LOC013,3,3,0,0.0,0
2025-02-28,P000039,LOC004,4,4,0,0.0,0
2025-02-28,P000039,LOC005,3,3,0,0.0,0
2025-02-28,P000039,LOC006,4,4,0,0.0,0
2025-02-28,P000039,LOC008,7,6,1,14.285714285714285,1
2025-02-28,P000039,LOC009,3,3,0,0.0,0
2025-02-28,P000039,LOC010,3,4,1,33.33333333333333,1
2025-02-28,P000039,LOC011,4,4,0,0.0,0
2025-02-28,P000039,LOC012,5,4,1,20.0,1
2025-02-28,P000039,LOC015,1,1,0,0.0,0
2025-02-28,P000039,LOC016,1,1,0,0.0,0
2025-02-28,P000039,LOC017,2,2,0,0.0,0
2025-02-28,P000039,LOC020,0,0,0,,0
2025-02-28,P000040,LOC002,0,0,0,,0
2025-02-28,P000040,LOC005,2,2,0,0.0,0
2025-02-28,P000040,LOC006,3,4,1,33.33333333333333,1
2025-02-28,P000040,LOC007,0,0,0,,0
2025-02-28,P000040,LOC008,3,3,0,0.0,0
2025-02-28,P000040,LOC009,0,0,0,,0
2025-02-28,P000040,LOC010,6,7,1,16.666666666666664,1
2025-02-28,P000040,LOC011,1,1,0,0.0,0
2025-02-28,P000040,LOC013,0,0,0,,0
2025-02-28,P000040,LOC016,3,3,0,0.0,0
2025-02-28,P000041,LOC001,4,4,0,0.0,0
2025-02-28,P000041,LOC002,1,1,0,0.0,0
2025-02-28,P000041,LOC003,1,1,0,0.0,0
2025-02-28,P000041,LOC004,3,3,0,0.0,0
2025-02-28,P000041,LOC005,0,0,0,,0
2025-02-28,P000041,LOC006,3,3,0,0.0,0
2025-02-28,P000041,LOC009,1,1,0,0.0,0
2025-02-28,P000041,LOC010,0,0,0,,0
2025-02-28,P000041,LOC011,1,1,0,0.0,0
2025-02-28,P000041,LOC016,1,1,0,0.0,0
2025-02-28,P000041,LOC019,4,4,0,0.0,0
2025-02-28,P000042,LOC001,1,1,0,0.0,0
2025-02-28,P000042,LOC002,3,3,0,0.0,0
2025-02-28,P000042,LOC004,0,0,0,,0
2025-02-28,P000042,LOC005,0,0,0,,0
2025-02-28,P000042,LOC006,2,2,0,0.0,0
2025-02-28,P000042,LOC008,0,0,0,,0
2025-02-28,P000042,LOC009,0,0,0,,0
2025-02-28,P000042,LOC010,4,5,1,25.0,1
2025-02-28,P000042,LOC012,5,5,0,0.0,0
2025-02-28,P000042,LOC014,4,4,0,0.0,0
2025-02-28,P000042,LOC015,0,0,0,,0
2025-02-28,P000042,LOC016,3,3,0,0.0,0
2025-02-28,P000042,LOC018,4,4,0,0.0,0
2025-02-28,P000043,LOC002,4,4,0,0.0,0
2025-02-28,P000043,LOC003,4,4,0,0.0,0
2025-02-28,P000043,LOC004,3,3,0,0.0,0
2025-02-28,P000043,LOC005,0,0,0,,0
2025-02-28,P000043,LOC008,1,1,0,0.0,0
2025-02-28,P000043,LOC010,0,0,0,,0
2025-02-28,P000043,LOC014,4,5,1,25.0,1
2025-02-28,P000043,LOC015,2,2,0,0.0,0
2025-02-28,P000043,LOC017,2,2,0,0.0,0
2025-02-28,P000043,LOC018,0,0,0,,0
2025-02-28,P000043,LOC020,3,3,0,0.0,0
2025-02-28,P000044,LOC001,4,4,0,0.0,0
2025-02-28,P000044,LOC003,0,0,0,,0
2025-02-28,P000044,LOC005,2,2,0,0.0,0
2025-02-28,P000044,LOC007,3,4,1,33.33333333333333,1
2025-02-28,P000044,LOC012,1,1,0,0.0,0
2025-02-28,P000044,LOC013,3,3,0,0.0,0
2025-02-28,P000044,LOC014,3,3,0,0.0,0
2025-02-28,P000044,LOC018,6,6,0,0.0,0
2025-02-28,P000044,LOC019,1,1,0,0.0,0
2025-02-28,P000045,LOC001,3,4,1,33.33333333333333,1
2025-02-28,P000045,LOC004,1,1,0,0.0,0
2025-02-28,P000045,LOC005,3,3,0,0.0,0
2025-02-28,P000045,LOC006,4,4,0,0.0,0
2025-02-28,P000045,LOC007,4,4,0,0.0,0
2025-02-28,P000045,LOC008,1,1,0,0.0,0
2025-02-28,P000045,LOC009,2,2,0,0.0,0
2025-02-28,P000045,LOC010,1,1,0,0.0,0
2025-02-28,P000045,LOC012,1,1,0,0.0,0
2025-02-28,P000045,LOC014,3,3,0,0.0,0
2025-02-28,P000045,LOC015,2,2,0,0.0,0
2025-02-28,P000045,LOC020,5,5,0,0.0,0
2025-02-28,P000046,LOC002,4,3,1,25.0,1
2025-02-28,P000046,LOC003,0,0,0,,0
2025-02-28,P000046,LOC004,3,3,0,0.0,0
2025-02-28,P000046,LOC007,0,0,0,,0
2025-02-28,P000046,LOC011,0,0,0,,0
2025-02-28,P000046,LOC012,4,5,1,25.0,1
2025-02-28,P000046,LOC015,2,2,0,0.0,0
2025-02-28,P000046,LOC016,6,7,1,16.666666666666664,1
2025-02-28,P000046,LOC019,2,2,0,0.0,0
2025-02-28,P000046,LOC020,2,2,0,0.0,0
2025-02-28,P000047,LOC001,4,3,1,25.0,1
2025-02-28,P000047,LOC002,2,2,0,0.0,0
2025-02-28,P000047,LOC004,3,3,0,0.0,0
2025-02-28,P000047,LOC005,2,2,0,0.0,0
2025-02-28,P000047,LOC006,0,0,0,,0
2025-02-28,P000047,LOC008,0,0,0,,0
2025-02-28,P000047,LOC010,0,0,0,,0
2025-02-28,P000047,LOC011,1,1,0,0.0,0
2025-02-28,P000047,LOC012,0,0,0,,0
2025-02-28,P000047,LOC014,3,3,0,0.0,0
2025-02-28,P000047,LOC017,3,2,1,33.33333333333333,1
2025-02-28,P000047,LOC018,0,0,0,,0
2025-02-28,P000047,LOC019,2,2,0,0.0,0
2025-02-28,P000047,LOC020,0,0,0,,0
2025-02-28,P000048,LOC003,1,1,0,0.0,0
2025-02-28,P000048,LOC008,2,2,0,0.0,0
2025-02-28,P000048,LOC009,3,2,1,33.33333333333333,1
2025-02-28,P000048,LOC010,3,3,0,0.0,0
2025-02-28,P000048,LOC014,3,4,1,33.33333333333333,1
2025-02-28,P000048,LOC016,0,0,0,,0
2025-02-28,P000048,LOC017,0,0,0,,0
2025-02-28,P000048,LOC020,5,4,1,20.0,1
2025-02-28,P000049,LOC001,3,3,0,0.0,0
2025-02-28,P000049,LOC002,3,3,0,0.0,0
2025-02-28,P000049,LOC003,4,4,0,0.0,0
2025-02-28,P000049,LOC005,0,0,0,,0
2025-02-28,P000049,LOC008,4,4,0,0.0,0
2025-02-28,P000049,LOC009,5,4,1,20.0,1
2025-02-28,P000049,LOC010,3,3,0,0.0,0
2025-02-28,P000049,LOC011,1,1,0,0.0,0
2025-02-28,P000049,LOC013,1,1,0,0.0,0
2025-02-28,P000049,LOC014,3,3,0,0.0,0
2025-02-28,P000049,LOC017,3,3,0,0.0,0
2025-02-28,P000049,LOC018,3,3,0,0.0,0
2025-02-28,P000050,LOC002,3,3,0,0.0,0
2025-02-28,P000050,LOC004,2,2,0,0.0,0
2025-02-28,P000050,LOC006,3,3,0,0.0,0
2025-02-28,P000050,LOC008,2,2,0,0.0,0
2025-02-28,P000050,LOC009,1,1,0,0.0,0
2025-02-28,P000050,LOC010,2,2,0,0.0,0
2025-02-28,P000050,LOC011,2,2,0,0.0,0
2025-02-28,P000050,LOC012,4,4,0,0.0,0
2025-02-28,P000050,LOC013,3,3,0,0.0,0
2025-02-28,P000050,LOC014,2,2,0,0.0,0
2025-02-28,P000050,LOC015,1,1,0,0.0,0
2025-02-28,P000050,LOC016,0,0,0,,0
2025-02-28,P000050,LOC017,4,4,0,0.0,0
2025-02-28,P000050,LOC018,1,1,0,0.0,0
2025-02-28,P000051,LOC002,0,0,0,,0
2025-02-28,P000051,LOC008,0,0,0,,0
2025-02-28,P000051,LOC009,6,6,0,0.0,0
2025-02-28,P000051,LOC010,3,2,1,33.33333333333333,1
2025-02-28,P000051,LOC012,1,1,0,0.0,0
2025-02-28,P000051,LOC014,1,1,0,0.0,0
2025-02-28,P000051,LOC015,4,4,0,0.0,0
2025-02-28,P000051,LOC017,0,0,0,,0
2025-02-28,P000051,LOC019,0,0,0,,0
2025-02-28,P000052,LOC001,2,2,0,0.0,0
2025-02-28,P000052,LOC002,1,1,0,0.0,0
2025-02-28,P000052,LOC005,0,0,0,,0
2025-02-28,P000052,LOC007,4,4,0,0.0,0
2025-02-28,P000052,LOC011,3,3,0,0.0,0
2025-02-28,P000052,LOC012,4,4,0,0.0,0
2025-02-28,P000052,LOC013,3,4,1,33.33333333333333,1
2025-02-28,P000052,LOC014,4,3,1,25.0,1
2025-02-28,P000052,LOC015,1,1,0,0.0,0
2025-02-28,P000052,LOC016,0,0,0,,0
2025-02-28,P000052,LOC020,3,4,1,33.33333333333333,1
2025-02-28,P000053,LOC003,0,0,0,,0
2025-02-28,P000053,LOC004,4,4,0,0.0,0
2025-02-28,P000053,LOC009,3,3,0,0.0,0
2025-02-28,P000053,LOC010,5,5,0,0.0,0
2025-02-28,P000053,LOC012,3,3,0,0.0,0
2025-02-28,P000053,LOC016,3,3,0,0.0,0
2025-02-28,P000053,LOC017,0,0,0,,0
2025-02-28,P000053,LOC019,3,3,0,0.0,0
2025-02-28,P000054,LOC001,3,3,0,0.0,0
2025-02-28,P000054,LOC002,2,2,0,0.0,0
2025-02-28,P000054,LOC003,0,0,0,,0
2025-02-28,P000054,LOC005,4,4,0,0.0,0
2025-02-28,P000054,LOC006,4,4,0,0.0,0
2025-02-28,P000054,LOC007,3,3,0,0.0,0
2025-02-28,P000054,LOC008,3,4,1,33.33333333333333,1
2025-02-28,P000054,LOC009,0,0,0,,0
2025-02-28,P000054,LOC010,4,5,1,25.0,1
2025-02-28,P000054,LOC012,3,3,0,0.0,0
2025-02-28,P000054,LOC014,0,0,0,,0
2025-02-28,P000054,LOC016,2,2,0,0.0,0
2025-02-28,P000054,LOC017,2,2,0,0.0,0
2025-02-28,P000054,LOC019,2,2,0,0.0,0
2025-02-28,P000054,LOC020,1,1,0,0.0,0
2025-02-28,P000055,LOC002,0,0,0,,0
2025-02-28,P000055,LOC003,0,0,0,,0
2025-02-28,P000055,LOC004,0,0,0,,0
2025-02-28,P000055,LOC006,5,5,0,0.0,0
2025-02-28,P000055,LOC007,4,4,0,0.0,0
2025-02-28,P000055,LOC011,2,2,0,0.0,0
2025-02-28,P000055,LOC012,4,4,0,0.0,0
2025-02-28,P000055,LOC013,0,0,0,,0
2025-02-28,P000055,LOC015,1,1,0,0.0,0
2025-02-28,P000055,LOC016,3,2,1,33.33333333333333,1
2025-02-28,P000055,LOC017,2,2,0,0.0,0
2025-02-28,P000055,LOC018,2,2,0,0.0,0
2025-02-28,P000055,LOC019,0,0,0,,0
2025-02-28,P000055,LOC020,1,1,0,0.0,0
2025-02-28,P000056,LOC001,3,3,0,0.0,0
2025-02-28,P000056,LOC004,2,2,0,0.0,0
2025-02-28,P000056,LOC005,2,2,0,0.0,0
2025-02-28,P000056,LOC006,6,5,1,16.666666666666664,1
2025-02-28,P000056,LOC008,3,3,0,0.0,0
2025-02-28,P000056,LOC010,0,0,0,,0
2025-02-28,P000056,LOC011,2,2,0,0.0,0
2025-02-28,P000056,LOC012,1,1,0,0.0,0
2025-02-28,P000056,LOC013,2,2,0,0.0,0
2025-02-28,P000056,LOC014,1,1,0,0.0,0
2025-02-28,P000056,LOC015,2,2,0,0.0,0
2025-02-28,P000056,LOC016,3,3,0,0.0,0
2025-02-28,P000056,LOC017,1,1,0,0.0,0
2025-02-28,P000057,LOC002,0,0,0,,0
2025-02-28,P000057,LOC003,4,4,0,0.0,0
2025-02-28,P000057,LOC004,3,3,0,0.0,0
2025-02-28,P000057,LOC007,0,0,0,,0
2025-02-28,P000057,LOC008,0,0,0,,0
2025-02-28,P000057,LOC009,0,0,0,,0
2025-02-28,P000057,LOC010,1,1,0,0.0,0
2025-02-28,P000057,LOC011,2,2,0,0.0,0
2025-02-28,P000057,LOC012,4,5,1,25.0,1
2025-02-28,P000057,LOC014,1,1,0,0.0,0
2025-02-28,P000057,LOC016,7,6,1,14.285714285714285,1
2025-02-28,P000057,LOC017,4,4,0,0.0,0
2025-02-28,P000058,LOC001,1,1,0,0.0,0
2025-02-28,P000058,LOC002,3,4,1,33.33333333333333,1
2025-02-28,P000058,LOC003,3,3,0,0.0,0
2025-02-28,P000058,LOC004,8,7,1,12.5,1
2025-02-28,P000058,LOC005,3,3,0,0.0,0
2025-02-28,P000058,LOC008,2,2,0,0.0,0
2025-02-28,P000058,LOC009,2,2,0,0.0,0
2025-02-28,P000058,LOC011,0,0,0,,0
2025-02-28,P000058,LOC013,2,2,0,0.0,0
2025-02-28,P000058,LOC014,0,0,0,,0
2025-02-28,P000058,LOC020,3,3,0,0.0,0
2025-02-28,P000059,LOC002,1,1,0,0.0,0
2025-02-28,P000059,LOC003,2,2,0,0.0,0
2025-02-28,P000059,LOC004,4,4,0,0.0,0
2025-02-28,P000059,LOC008,8,9,1,12.5,1
2025-02-28,P000059,LOC010,4,4,0,0.0,0
2025-02-28,P000059,LOC012,3,3,0,0.0,0
2025-02-28,P000059,LOC014,2,2,0,0.0,0
2025-02-28,P000059,LOC015,4,4,0,0.0,0
2025-02-28,P000059,LOC016,0,0,0,,0
2025-02-28,P000059,LOC017,4,3,1,25.0,1
2025-02-28,P000059,LOC018,3,2,1,33.33333333333333,1
2025-02-28,P000059,LOC020,0,0,0,,0
2025-02-28,P000060,LOC001,1,1,0,0.0,0
2025-02-28,P000060,LOC003,3,3,0,0.0,0
2025-02-28,P000060,LOC004,2,2,0,0.0,0
2025-02-28,P000060,LOC005,0,0,0,,0
2025-02-28,P000060,LOC006,3,3,0,0.0,0
2025-02-28,P000060,LOC007,2,2,0,0.0,0
2025-02-28,P000060,LOC008,1,1,0,0.0,0
2025-02-28,P000060,LOC010,0,0,0,,0
2025-02-28,P000060,LOC011,2,2,0,0.0,0
2025-02-28,P000060,LOC013,3,4,1,33.33333333333333,1
2025-02-28,P000060,LOC015,0,0,0,,0
2025-02-28,P000060,LOC017,1,1,0,0.0,0
2025-02-28,P000060,LOC018,5,4,1,20.0,1
2025-02-28,P000060,LOC019,1,1,0,0.0,0
2025-02-28,P000060,LOC020,5,4,1,20.0,1
2025-02-28,P000061,LOC001,3,4,1,33.33333333333333,1
2025-02-28,P000061,LOC002,10,9,1,10.0,1
2025-02-28,P000061,LOC004,1,1,0,0.0,0
2025-02-28,P000061,LOC005,8,6,2,25.0,4
2025-02-28,P000061,LOC006,2,2,0,0.0,0
2025-02-28,P000061,LOC008,3,3,0,0.0,0
2025-02-28,P000061,LOC009,2,2,0,0.0,0
2025-02-28,P000061,LOC010,1,1,0,0.0,0
2025-02-28,P000061,LOC015,1,1,0,0.0,0
2025-02-28,P000062,LOC004,3,3,0,0.0,0
2025-02-28,P000062,LOC005,1,1,0,0.0,0
2025-02-28,P000062,LOC007,8,9,1,12.5,1
2025-02-28,P000062,LOC008,4,4,0,0.0,0
2025-02-28,P000062,LOC009,0,0,0,,0
2025-02-28,P000062,LOC010,11,13,2,18.181818181818183,4
2025-02-28,P000062,LOC014,0,0,0,,0
2025-02-28,P000062,LOC015,7,6,1,14.285714285714285,1
2025-02-28,P000062,LOC017,0,0,0,,0
2025-02-28,P000062,LOC019,1,1,0,0.0,0
2025-02-28,P000063,LOC001,0,0,0,,0
2025-02-28,P000063,LOC002,3,3,0,0.0,0
2025-02-28,P000063,LOC005,8,7,1,12.5,1
2025-02-28,P000063,LOC006,1,1,0,0.0,0
2025-02-28,P000063,LOC007,3,2,1,33.33333333333333,1
2025-02-28,P000063,LOC010,0,0,0,,0
2025-02-28,P000063,LOC011,3,3,0,0.0,0
2025-02-28,P000063,LOC012,1,1,0,0.0,0
2025-02-28,P000063,LOC015,3,3,0,0.0,0
2025-02-28,P000063,LOC016,0,0,0,,0
2025-02-28,P000063,LOC018,3,3,0,0.0,0
2025-02-28,P000064,LOC003,2,2,0,0.0,0
2025-02-28,P000064,LOC005,1,1,0,0.0,0
2025-02-28,P000064,LOC007,4,4,0,0.0,0
2025-02-28,P000064,LOC013,0,0,0,,0
2025-02-28,P000064,LOC014,3,3,0,0.0,0
2025-02-28,P000064,LOC015,2,2,0,0.0,0
2025-02-28,P000064,LOC017,0,0,0,,0
2025-02-28,P000065,LOC002,3,3,0,0.0,0
2025-02-28,P000065,LOC004,5,6,1,20.0,1
2025-02-28,P000065,LOC005,3,3,0,0.0,0
2025-02-28,P000065,LOC006,4,4,0,0.0,0
2025-02-28,P000065,LOC007,0,0,0,,0
2025-02-28,P000065,LOC008,2,2,0,0.0,0
2025-02-28,P000065,LOC009,2,2,0,0.0,0
2025-02-28,P000065,LOC011,4,4,0,0.0,0
2025-02-28,P000065,LOC012,2,2,0,0.0,0
2025-02-28,P000065,LOC013,0,0,0,,0
2025-02-28,P000065,LOC016,3,3,0,0.0,0
2025-02-28,P000065,LOC017,4,3,1,25.0,1
2025-02-28,P000065,LOC018,1,1,0,0.0,0
2025-02-28,P000065,LOC019,0,0,0,,0
2025-02-28,P000066,LOC003,2,2,0,0.0,0
2025-02-28,P000066,LOC004,3,3,0,0.0,0
2025-02-28,P000066,LOC005,6,5,1,16.666666666666664,1
2025-02-28,P000066,LOC008,2,2,0,0.0,0
2025-02-28,P000066,LOC010,1,1,0,0.0,0
2025-02-28,P000066,LOC011,5,5,0,0.0,0
2025-02-28,P000066,LOC012,2,2,0,0.0,0
2025-02-28,P000066,LOC013,3,3,0,0.0,0
2025-02-28,P000066,LOC014,4,4,0,0.0,0
2025-02-28,P000066,LOC015,2,2,0,0.0,0
2025-02-28,P000066,LOC016,4,4,0,0.0,0
2025-02-28,P000066,LOC017,6,7,1,16.666666666666664,1
2025-02-28,P000066,LOC018,2,2,0,0.0,0
2025-02-28,P000066,LOC020,1,1,0,0.0,0
2025-02-28,P000067,LOC004,2,2,0,0.0,0
2025-02-28,P000067,LOC005,2,2,0,0.0,0
2025-02-28,P000067,LOC006,2,2,0,0.0,0
2025-02-28,P000067,LOC008,2,2,0,0.0,0
2025-02-28,P000067,LOC009,0,0,0,,0
2025-02-28,P000067,LOC010,7,7,0,0.0,0
2025-02-28,P000067,LOC012,0,0,0,,0
2025-02-28,P000067,LOC015,0,0,0,,0
2025-02-28,P000067,LOC017,2,2,0,0.0,0
2025-02-28,P000067,LOC018,0,0,0,,0
2025-02-28,P000067,LOC019,2,2,0,0.0,0
2025-02-28,P000067,LOC020,4,4,0,0.0,0
2025-02-28,P000068,LOC001,0,0,0,,0
2025-02-28,P000068,LOC003,1,1,0,0.0,0
2025-02-28,P000068,LOC005,2,2,0,0.0,0
2025-02-28,P000068,LOC007,2,2,0,0.0,0
2025-02-28,P000068,LOC010,0,0,0,,0
2025-02-28,P000068,LOC011,2,2,0,0.0,0
2025-02-28,P000068,LOC012,2,2,0,0.0,0
2025-02-28,P000068,LOC013,0,0,0,,0
2025-02-28,P000068,LOC014,4,5,1,25.0,1
2025-02-28,P000068,LOC020,2,2,0,0.0,0
2025-02-28,P000069,LOC001,1,1,0,0.0,0
2025-02-28,P000069,LOC003,3,3,0,0.0,0
2025-02-28,P000069,LOC004,0,0,0,,0
2025-02-28,P000069,LOC008,4,4,0,0.0,0
2025-02-28,P000069,LOC009,0,0,0,,0
2025-02-28,P000069,LOC011,2,2,0,0.0,0
2025-02-28,P000069,LOC013,6,7,1,16.666666666666664,1
2025-02-28,P000069,LOC014,3,4,1,33.33333333333333,1
2025-02-28,P000069,LOC015,4,3,1,25.0,1
2025-02-28,P000069,LOC016,0,0,0,,0
2025-02-28,P000069,LOC017,4,4,0,0.0,0
2025-02-28,P000069,LOC019,2,2,0,0.0,0
2025-02-28,P000069,LOC020,0,0,0,,0
2025-02-28,P000070,LOC002,6,7,1,16.666666666666664,1
2025-02-28,P000070,LOC003,5,5,0,0.0,0
2025-02-28,P000070,LOC005,0,0,0,,0
2025-02-28,P000070,LOC006,9,10,1,11.11111111111111,1
2025-02-28,P000070,LOC008,2,2,0,0.0,0
2025-02-28,P000070,LOC009,0,0,0,,0
2025-02-28,P000070,LOC011,1,1,0,0.0,0
2025-02-28,P000070,LOC014,3,2,1,33.33333333333333,1
2025-02-28,P000070,LOC016,0,0,0,,0
2025-02-28,P000071,LOC001,1,1,0,0.0,0
2025-02-28,P000071,LOC003,3,3,0,0.0,0
2025-02-28,P000071,LOC005,3,3,0,0.0,0
2025-02-28,P000071,LOC007,2,2,0,0.0,0
2025-02-28,P000071,LOC008,2,2,0,0.0,0
2025-02-28,P000071,LOC009,4,3,1,25.0,1
2025-02-28,P000071,LOC010,6,6,0,0.0,0
2025-02-28,P000071,LOC014,3,3,0,0.0,0
2025-02-28,P000071,LOC015,7,6,1,14.285714285714285,1
2025-02-28,P000071,LOC016,2,2,0,0.0,0
2025-02-28,P000071,LOC018,3,4,1,33.33333333333333,1
2025-02-28,P000071,LOC019,1,1,0,0.0,0
2025-02-28,P000071,LOC020,2,2,0,0.0,0
2025-02-28,P000072,LOC004,5,4,1,20.0,1
2025-02-28,P000072,LOC007,7,6,1,14.285714285714285,1
2025-02-28,P000072,LOC008,0,0,0,,0
2025-02-28,P000072,LOC010,3,3,0,0.0,0
2025-02-28,P000072,LOC012,0,0,0,,0
2025-02-28,P000072,LOC015,3,3,0,0.0,0
2025-02-28,P000072,LOC017,0,0,0,,0
2025-02-28,P000072,LOC018,1,1,0,0.0,0
2025-02-28,P000072,LOC019,4,3,1,25.0,1
2025-02-28,P000072,LOC020,1,1,0,0.0,0
2025-02-28,P000073,LOC001,3,3,0,0.0,0
2025-02-28,P000073,LOC002,0,0,0,,0
2025-02-28,P000073,LOC003,0,0,0,,0
2025-02-28,P000073,LOC004,6,6,0,0.0,0
2025-02-28,P000073,LOC005,3,3,0,0.0,0
2025-02-28,P000073,LOC007,0,0,0,,0
2025-02-28,P000073,LOC008,5,4,1,20.0,1
2025-02-28,P000073,LOC009,3,3,0,0.0,0
2025-02-28,P000073,LOC014,1,1,0,0.0,0
2025-02-28,P000073,LOC015,0,0,0,,0
2025-02-28,P000073,LOC017,0,0,0,,0
2025-02-28,P000074,LOC001,2,2,0,0.0,0
2025-02-28,P000074,LOC003,8,9,1,12.5,1
2025-02-28,P000074,LOC004,7,6,1,14.285714285714285,1
2025-02-28,P000074,LOC005,5,5,0,0.0,0
2025-02-28,P000074,LOC008,0,0,0,,0
2025-02-28,P000074,LOC012,4,5,1,25.0,1
2025-02-28,P000074,LOC013,2,2,0,0.0,0
2025-02-28,P000074,LOC014,3,3,0,0.0,0
2025-02-28,P000074,LOC017,1,1,0,0.0,0
2025-02-28,P000074,LOC018,2,2,0,0.0,0
2025-02-28,P000074,LOC019,1,1,0,0.0,0
2025-02-28,P000075,LOC003,2,2,0,0.0,0
2025-02-28,P000075,LOC007,7,7,0,0.0,0
2025-02-28,P000075,LOC008,2,2,0,0.0,0
2025-02-28,P000075,LOC010,2,2,0,0.0,0
2025-02-28,P000075,LOC013,0,0,0,,0
2025-02-28,P000075,LOC014,3,3,0,0.0,0
2025-02-28,P000075,LOC015,3,2,1,33.33333333333333,1
2025-02-28,P000075,LOC016,0,0,0,,0
2025-02-28,P000076,LOC003,0,0,0,,0
2025-02-28,P000076,LOC004,0,0,0,,0
2025-02-28,P000076,LOC005,0,0,0,,0
2025-02-28,P000076,LOC007,3,3,0,0.0,0
2025-02-28,P000076,LOC008,3,2,1,33.33333333333333,1
2025-02-28,P000076,LOC009,0,0,0,,0
2025-02-28,P000076,LOC010,0,0,0,,0
2025-02-28,P000076,LOC011,0,0,0,,0
2025-02-28,P000076,LOC012,2,2,0,0.0,0
2025-02-28,P000076,LOC014,3,4,1,33.33333333333333,1
2025-02-28,P000076,LOC015,4,4,0,0.0,0
2025-02-28,P000076,LOC017,0,0,0,,0
2025-02-28,P000076,LOC020,0,0,0,,0
2025-02-28,P000077,LOC001,1,1,0,0.0,0
2025-02-28,P000077,LOC002,0,0,0,,0
2025-02-28,P000077,LOC005,1,1,0,0.0,0
2025-02-28,P000077,LOC006,1,1,0,0.0,0
2025-02-28,P000077,LOC007,2,2,0,0.0,0
2025-02-28,P000077,LOC008,1,1,0,0.0,0
2025-02-28,P000077,LOC010,0,0,0,,0
2025-02-28,P000077,LOC014,6,6,0,0.0,0
2025-02-28,P000077,LOC019,3,4,1,33.33333333333333,1
2025-02-28,P000078,LOC004,0,0,0,,0
2025-02-28,P000078,LOC007,3,3,0,0.0,0
2025-02-28,P000078,LOC012,0,0,0,,0
2025-02-28,P000078,LOC013,6,6,0,0.0,0
2025-02-28,P000078,LOC014,2,2,0,0.0,0
2025-02-28,P000078,LOC015,0,0,0,,0
2025-02-28,P000078,LOC017,2,2,0,0.0,0
2025-02-28,P000078,LOC019,2,2,0,0.0,0
2025-02-28,P000078,LOC020,5,5,0,0.0,0
2025-02-28,P000079,LOC001,5,4,1,20.0,1
2025-02-28,P000079,LOC003,2,2,0,0.0,0
2025-02-28,P000079,LOC004,2,2,0,0.0,0
2025-02-28,P000079,LOC005,1,1,0,0.0,0
2025-02-28,P000079,LOC006,2,2,0,0.0,0
2025-02-28,P000079,LOC007,4,5,1,25.0,1
2025-02-28,P000079,LOC008,5,6,1,20.0,1
2025-02-28,P000079,LOC009,2,2,0,0.0,0
2025-02-28,P000079,LOC010,1,1,0,0.0,0
2025-02-28,P000079,LOC011,0,0,0,,0
2025-02-28,P000079,LOC012,5,6,1,20.0,1
2025-02-28,P000079,LOC013,3,3,0,0.0,0
2025-02-28,P000079,LOC014,4,4,0,0.0,0
2025-02-28,P000079,LOC017,4,5,1,25.0,1
2025-02-28,P000079,LOC019,3,3,0,0.0,0
2025-02-28,P000079,LOC020,2,2,0,0.0,0
2025-02-28,P000080,LOC004,3,3,0,0.0,0
2025-02-28,P000080,LOC008,0,0,0,,0
2025-02-28,P000080,LOC011,3,3,0,0.0,0
2025-02-28,P000080,LOC012,3,3,0,0.0,0
2025-02-28,P000080,LOC013,2,2,0,0.0,0
2025-02-28,P000080,LOC017,0,0,0,,0
2025-02-28,P000080,LOC018,3,3,0,0.0,0
2025-02-28,P000080,LOC020,2,2,0,0.0,0
2025-02-28,P000081,LOC001,5,4,1,20.0,1
2025-02-28,P000081,LOC002,0,0,0,,0
2025-02-28,P000081,LOC003,2,2,0,0.0,0
2025-02-28,P000081,LOC006,0,0,0,,0
2025-02-28,P000081,LOC007,4,4,0,0.0,0
2025-02-28,P000081,LOC008,2,2,0,0.0,0
2025-02-28,P000081,LOC009,7,6,1,14.285714285714285,1
2025-02-28,P000081,LOC010,0,0,0,,0
2025-02-28,P000081,LOC012,0,0,0,,0
2025-02-28,P000081,LOC013,0,0,0,,0
2025-02-28,P000081,LOC014,0,0,0,,0
2025-02-28,P000081,LOC015,2,2,0,0.0,0
2025-02-28,P000081,LOC016,0,0,0,,0
2025-02-28,P000081,LOC018,5,5,0,0.0,0
2025-02-28,P000082,LOC002,2,2,0,0.0,0
2025-02-28,P000082,LOC003,1,1,0,0.0,0
2025-02-28,P000082,LOC005,3,3,0,0.0,0
2025-02-28,P000082,LOC006,0,0,0,,0
2025-02-28,P000082,LOC007,0,0,0,,0
2025-02-28,P000082,LOC008,3,3,0,0.0,0
2025-02-28,P000082,LOC012,0,0,0,,0
2025-02-28,P000082,LOC013,1,1,0,0.0,0
2025-02-28,P000082,LOC014,1,1,0,0.0,0
2025-02-28,P000082,LOC017,0,0,0,,0
2025-02-28,P000082,LOC020,5,4,1,20.0,1
2025-02-28,P000083,LOC002,4,4,0,0.0,0
2025-02-28,P000083,LOC008,1,1,0,0.0,0
2025-02-28,P000083,LOC010,4,4,0,0.0,0
2025-02-28,P000083,LOC011,0,0,0,,0
2025-02-28,P000083,LOC013,3,3,0,0.0,0
2025-02-28,P000083,LOC017,2,2,0,0.0,0
2025-02-28,P000083,LOC018,2,2,0,0.0,0
2025-02-28,P000084,LOC001,1,1,0,0.0,0
2025-02-28,P000084,LOC002,7,6,1,14.285714285714285,1
2025-02-28,P000084,LOC003,3,3,0,0.0,0
2025-02-28,P000084,LOC004,3,3,0,0.0,0
2025-02-28,P000084,LOC005,0,0,0,,0
2025-02-28,P000084,LOC006,0,0,0,,0
2025-02-28,P000084,LOC009,0,0,0,,0
2025-02-28,P000084,LOC010,2,2,0,0.0,0
2025-02-28,P000084,LOC011,3,4,1,33.33333333333333,1
2025-02-28,P000084,LOC012,1,1,0,0.0,0
2025-02-28,P000084,LOC013,4,3,1,25.0,1
2025-02-28,P000084,LOC014,3,4,1,33.33333333333333,1
2025-02-28,P000084,LOC015,0,0,0,,0
2025-02-28,P000084,LOC016,2,2,0,0.0,0
2025-02-28,P000084,LOC017,1,1,0,0.0,0
2025-02-28,P000084,LOC020,4,5,1,25.0,1
2025-02-28,P000085,LOC003,2,2,0,0.0,0
2025-02-28,P000085,LOC004,3,3,0,0.0,0
2025-02-28,P000085,LOC006,2,2,0,0.0,0
2025-02-28,P000085,LOC007,2,2,0,0.0,0
2025-02-28,P000085,LOC008,0,0,0,,0
2025-02-28,P000085,LOC009,0,0,0,,0
2025-02-28,P000085,LOC010,0,0,0,,0
2025-02-28,P000085,LOC011,0,0,0,,0
2025-02-28,P000085,LOC013,0,0,0,,0
2025-02-28,P000085,LOC014,1,1,0,0.0,0
2025-02-28,P000085,LOC016,3,3,0,0.0,0
2025-02-28,P000085,LOC017,2,2,0,0.0,0
2025-02-28,P000085,LOC019,3,3,0,0.0,0
2025-02-28,P000085,LOC020,0,0,0,,0
2025-02-28,P000086,LOC001,0,0,0,,0
2025-02-28,P000086,LOC004,0,0,0,,0
2025-02-28,P000086,LOC009,4,4,0,0.0,0
2025-02-28,P000086,LOC014,5,6,1,20.0,1
2025-02-28,P000086,LOC017,2,2,0,0.0,0
2025-02-28,P000086,LOC019,0,0,0,,0
2025-02-28,P000086,LOC020,1,1,0,0.0,0
2025-02-28,P000087,LOC001,0,0,0,,0
2025-02-28,P000087,LOC002,0,0,0,,0
2025-02-28,P000087,LOC003,1,1,0,0.0,0
2025-02-28,P000087,LOC005,4,4,0,0.0,0
2025-02-28,P000087,LOC007,2,2,0,0.0,0
2025-02-28,P000087,LOC008,8,7,1,12.5,1
2025-02-28,P000087,LOC009,1,1,0,0.0,0
2025-02-28,P000087,LOC010,3,3,0,0.0,0
2025-02-28,P000087,LOC011,5,4,1,20.0,1
2025-02-28,P000087,LOC015,1,1,0,0.0,0
2025-02-28,P000087,LOC016,4,4,0,0.0,0
2025-02-28,P000087,LOC017,2,2,0,0.0,0
2025-02-28,P000087,LOC018,1,1,0,0.0,0
2025-02-28,P000087,LOC019,7,7,0,0.0,0
2025-02-28,P000087,LOC020,0,0,0,,0
2025-02-28,P000088,LOC001,0,0,0,,0
2025-02-28,P000088,LOC002,3,3,0,0.0,0
2025-02-28,P000088,LOC005,1,1,0,0.0,0
2025-02-28,P000088,LOC006,3,3,0,0.0,0
2025-02-28,P000088,LOC007,2,2,0,0.0,0
2025-02-28,P000088,LOC008,3,3,0,0.0,0
2025-02-28,P000088,LOC010,3,2,1,33.33333333333333,1
2025-02-28,P000088,LOC012,2,2,0,0.0,0
2025-02-28,P000088,LOC013,2,2,0,0.0,0
2025-02-28,P000088,LOC016,4,4,0,0.0,0
2025-02-28,P000088,LOC017,1,1,0,0.0,0
2025-02-28,P000088,LOC019,4,4,0,0.0,0
2025-02-28,P000088,LOC020,1,1,0,0.0,0
2025-02-28,P000089,LOC002,1,1,0,0.0,0
2025-02-28,P000089,LOC003,3,3,0,0.0,0
2025-02-28,P000089,LOC008,2,2,0,0.0,0
2025-02-28,P000089,LOC010,2,2,0,0.0,0
2025-02-28,P000089,LOC014,2,2,0,0.0,0
2025-02-28,P000089,LOC020,0,0,0,,0
2025-02-28,P000090,LOC004,3,4,1,33.33333333333333,1
2025-02-28,P000090,LOC006,2,2,0,0.0,0
2025-02-28,P000090,LOC008,4,4,0,0.0,0
2025-02-28,P000090,LOC009,1,1,0,0.0,0
2025-02-28,P000090,LOC010,4,4,0,0.0,0
2025-02-28,P000090,LOC011,3,3,0,0.0,0
2025-02-28,P000090,LOC014,0,0,0,,0
2025-02-28,P000090,LOC015,0,0,0,,0
2025-02-28,P000090,LOC016,2,2,0,0.0,0
2025-02-28,P000090,LOC017,5,6,1,20.0,1
2025-02-28,P000090,LOC019,4,4,0,0.0,0
2025-02-28,P000090,LOC020,4,5,1,25.0,1
2025-02-28,P000091,LOC003,3,4,1,33.33333333333333,1
2025-02-28,P000091,LOC006,2,2,0,0.0,0
2025-02-28,P000091,LOC008,3,3,0,0.0,0
2025-02-28,P000091,LOC009,1,1,0,0.0,0
2025-02-28,P000091,LOC012,3,3,0,0.0,0
2025-02-28,P000091,LOC015,0,0,0,,0
2025-02-28,P000091,LOC017,6,6,0,0.0,0
2025-02-28,P000091,LOC018,3,4,1,33.33333333333333,1
2025-02-28,P000091,LOC020,1,1,0,0.0,0
2025-02-28,P000092,LOC004,3,3,0,0.0,0
2025-02-28,P000092,LOC005,9,10,1,11.11111111111111,1
2025-02-28,P000092,LOC006,0,0,0,,0
2025-02-28,P000092,LOC007,5,5,0,0.0,0
2025-02-28,P000092,LOC008,3,3,0,0.0,0
2025-02-28,P000092,LOC009,6,5,1,16.666666666666664,1
2025-02-28,P000092,LOC011,4,3,1,25.0,1
2025-02-28,P000092,LOC013,2,2,0,0.0,0
2025-02-28,P000092,LOC014,0,0,0,,0
2025-02-28,P000092,LOC015,5,5,0,0.0,0
2025-02-28,P000093,LOC001,1,1,0,0.0,0
2025-02-28,P000093,LOC002,1,1,0,0.0,0
2025-02-28,P000093,LOC003,4,5,1,25.0,1
2025-02-28,P000093,LOC004,0,0,0,,0
2025-02-28,P000093,LOC005,3,3,0,0.0,0
2025-02-28,P000093,LOC007,4,4,0,0.0,0
2025-02-28,P000093,LOC008,3,3,0,0.0,0
2025-02-28,P000093,LOC009,0,0,0,,0
2025-02-28,P000093,LOC010,4,3,1,25.0,1
2025-02-28,P000093,LOC011,0,0,0,,0
2025-02-28,P000093,LOC012,6,7,1,16.666666666666664,1
2025-02-28,P000093,LOC014,0,0,0,,0
2025-02-28,P000093,LOC015,3,3,0,0.0,0
2025-02-28,P000093,LOC016,0,0,0,,0
2025-02-28,P000093,LOC017,3,2,1,33.33333333333333,1
2025-02-28,P000093,LOC018,13,13,0,0.0,0
2025-02-28,P000093,LOC019,0,0,0,,0
2025-02-28,P000093,LOC020,3,3,0,0.0,0
2025-02-28,P000094,LOC002,1,1,0,0.0,0
2025-02-28,P000094,LOC004,0,0,0,,0
2025-02-28,P000094,LOC007,2,2,0,0.0,0
2025-02-28,P000094,LOC008,2,2,0,0.0,0
2025-02-28,P000094,LOC009,4,5,1,25.0,1
2025-02-28,P000094,LOC010,4,3,1,25.0,1
2025-02-28,P000094,LOC011,0,0,0,,0
2025-02-28,P000094,LOC012,3,2,1,33.33333333333333,1
2025-02-28,P000094,LOC013,3,3,0,0.0,0
2025-02-28,P000094,LOC017,4,4,0,0.0,0
2025-02-28,P000095,LOC005,2,2,0,0.0,0
2025-02-28,P000095,LOC006,4,3,1,25.0,1
2025-02-28,P000095,LOC007,8,9,1,12.5,1
2025-02-28,P000095,LOC008,1,1,0,0.0,0
2025-02-28,P000095,LOC009,4,4,0,0.0,0
2025-02-28,P000095,LOC010,6,6,0,0.0,0
2025-02-28,P000095,LOC012,5,4,1,20.0,1
2025-02-28,P000095,LOC013,0,0,0,,0
2025-02-28,P000095,LOC014,3,3,0,0.0,0
2025-02-28,P000095,LOC017,2,2,0,0.0,0
2025-02-28,P000095,LOC019,0,0,0,,0
2025-02-28,P000095,LOC020,2,2,0,0.0,0
2025-02-28,P000096,LOC001,3,4,1,33.33333333333333,1
2025-02-28,P000096,LOC003,0,0,0,,0
2025-02-28,P000096,LOC004,0,0,0,,0
2025-02-28,P000096,LOC005,1,1,0,0.0,0
2025-02-28,P000096,LOC008,5,5,0,0.0,0
2025-02-28,P000096,LOC009,4,4,0,0.0,0
2025-02-28,P000096,LOC012,6,5,1,16.666666666666664,1
2025-02-28,P000096,LOC013,1,1,0,0.0,0
2025-02-28,P000096,LOC015,1,1,0,0.0,0
2025-02-28,P000096,LOC019,4,4,0,0.0,0
2025-02-28,P000096,LOC020,0,0,0,,0
2025-02-28,P000097,LOC004,3,4,1,33.33333333333333,1
2025-02-28,P000097,LOC005,6,7,1,16.666666666666664,1
2025-02-28,P000097,LOC006,1,1,0,0.0,0
2025-02-28,P000097,LOC008,0,0,0,,0
2025-02-28,P000097,LOC009,0,0,0,,0
2025-02-28,P000097,LOC010,1,1,0,0.0,0
2025-02-28,P000097,LOC011,2,2,0,0.0,0
2025-02-28,P000097,LOC014,0,0,0,,0
2025-02-28,P000097,LOC016,1,1,0,0.0,0
2025-02-28,P000097,LOC017,0,0,0,,0
2025-02-28,P000097,LOC019,0,0,0,,0
2025-02-28,P000098,LOC001,0,0,0,,0
2025-02-28,P000098,LOC003,2,2,0,0.0,0
2025-02-28,P000098,LOC004,3,3,0,0.0,0
2025-02-28,P000098,LOC005,2,2,0,0.0,0
2025-02-28,P000098,LOC006,2,2,0,0.0,0
2025-02-28,P000098,LOC009,3,2,1,33.33333333333333,1
2025-02-28,P000098,LOC012,8,9,1,12.5,1
2025-02-28,P000098,LOC013,4,4,0,0.0,0
2025-02-28,P000098,LOC014,0,0,0,,0
2025-02-28,P000098,LOC019,3,3,0,0.0,0
2025-02-28,P000099,LOC001,0,0,0,,0
2025-02-28,P000099,LOC002,3,3,0,0.0,0
2025-02-28,P000099,LOC003,0,0,0,,0
2025-02-28,P000099,LOC004,4,5,1,25.0,1
2025-02-28,P000099,LOC005,3,3,0,0.0,0
2025-02-28,P000099,LOC006,0,0,0,,0
2025-02-28,P000099,LOC008,2,2,0,0.0,0
2025-02-28,P000099,LOC009,1,1,0,0.0,0
2025-02-28,P000099,LOC010,1,1,0,0.0,0
2025-02-28,P000099,LOC011,7,8,1,14.285714285714285,1
2025-02-28,P000099,LOC013,2,2,0,0.0,0
2025-02-28,P000099,LOC019,3,3,0,0.0,0
2025-02-28,P000099,LOC020,1,1,0,0.0,0
2025-02-28,P000100,LOC002,3,3,0,0.0,0
2025-02-28,P000100,LOC004,3,3,0,0.0,0
2025-02-28,P000100,LOC005,3,3,0,0.0,0
2025-02-28,P000100,LOC007,0,0,0,,0
2025-02-28,P000100,LOC009,3,3,0,0.0,0
2025-02-28,P000100,LOC010,3,3,0,0.0,0
2025-02-28,P000100,LOC019,3,3,0,0.0,0
2025-02-28,P000100,LOC020,2,2,0,0.0,0
2025-03-31,P000001,LOC002,2,2,0,0.0,0
2025-03-31,P000001,LOC003,1,1,0,0.0,0
2025-03-31,P000001,LOC004,8,8,0,0.0,0
2025-03-31,P000001,LOC005,4,4,0,0.0,0
2025-03-31,P000001,LOC007,3,4,1,33.33333333333333,1
2025-03-31,P000001,LOC009,4,4,0,0.0,0
2025-03-31,P000001,LOC012,10,8,2,20.0,4
2025-03-31,P000001,LOC014,1,1,0,0.0,0
2025-03-31,P000001,LOC015,1,1,0,0.0,0
2025-03-31,P000001,LOC016,4,4,0,0.0,0
2025-03-31,P000001,LOC018,4,4,0,0.0,0
2025-03-31,P000001,LOC020,1,1,0,0.0,0
2025-03-31,P000002,LOC003,6,5,1,16.666666666666664,1
2025-03-31,P000002,LOC004,4,3,1,25.0,1
2025-03-31,P000002,LOC005,6,6,0,0.0,0
2025-03-31,P000002,LOC006,2,2,0,0.0,0
2025-03-31,P000002,LOC008,7,8,1,14.285714285714285,1
2025-03-31,P000002,LOC012,2,2,0,0.0,0
2025-03-31,P000002,LOC013,12,11,1,8.333333333333332,1
2025-03-31,P000002,LOC020,4,4,0,0.0,0
2025-03-31,P000003,LOC002,2,2,0,0.0,0
2025-03-31,P000003,LOC004,3,3,0,0.0,0
2025-03-31,P000003,LOC006,8,9,1,12.5,1
2025-03-31,P000003,LOC007,9,8,1,11.11111111111111,1
2025-03-31,P000003,LOC008,3,3,0,0.0,0
2025-03-31,P000003,LOC009,7,6,1,14.285714285714285,1
2025-03-31,P000003,LOC012,2,2,0,0.0,0
2025-03-31,P000003,LOC013,1,1,0,0.0,0
2025-03-31,P000003,LOC014,1,1,0,0.0,0
2025-03-31,P000003,LOC015,3,3,0,0.0,0
2025-03-31,P000003,LOC018,1,1,0,0.0,0
2025-03-31,P000003,LOC019,1,1,0,0.0,0
2025-03-31,P000003,LOC020,3,3,0,0.0,0
2025-03-31,P000004,LOC003,4,4,0,0.0,0
2025-03-31,P000004,LOC005,3,3,0,0.0,0
2025-03-31,P000004,LOC006,4,4,0,0.0,0
2025-03-31,P000004,LOC010,4,4,0,0.0,0
2025-03-31,P000004,LOC012,1,1,0,0.0,0
2025-03-31,P000004,LOC013,3,3,0,0.0,0
2025-03-31,P000004,LOC016,5,4,1,20.0,1
2025-03-31,P000004,LOC019,2,2,0,0.0,0
2025-03-31,P000004,LOC020,5,5,0,0.0,0
2025-03-31,P000005,LOC001,2,2,0,0.0,0
2025-03-31,P000005,LOC003,5,4,1,20.0,1
2025-03-31,P000005,LOC005,5,5,0,0.0,0
2025-03-31,P000005,LOC008,5,5,0,0.0,0
2025-03-31,P000005,LOC010,2,2,0,0.0,0
2025-03-31,P000005,LOC011,1,1,0,0.0,0
2025-03-31,P000005,LOC012,4,4,0,0.0,0
2025-03-31,P000005,LOC014,4,5,1,25.0,1
2025-03-31,P000005,LOC016,2,2,0,0.0,0
2025-03-31,P000005,LOC018,1,1,0,0.0,0
2025-03-31,P000005,LOC019,4,4,0,0.0,0
2025-03-31,P000006,LOC004,3,3,0,0.0,0
2025-03-31,P000006,LOC006,3,3,0,0.0,0
2025-03-31,P000006,LOC007,5,6,1,20.0,1
2025-03-31,P000006,LOC008,2,2,0,0.0,0
2025-03-31,P000006,LOC010,8,8,0,0.0,0
2025-03-31,P000006,LOC013,5,5,0,0.0,0
2025-03-31,P000006,LOC014,4,4,0,0.0,0
2025-03-31,P000006,LOC016,4,4,0,0.0,0
2025-03-31,P000006,LOC018,2,2,0,0.0,0
2025-03-31,P000006,LOC020,4,4,0,0.0,0
2025-03-31,P000007,LOC002,5,4,1,20.0,1
2025-03-31,P000007,LOC004,5,6,1,20.0,1
2025-03-31,P000007,LOC005,3,3,0,0.0,0
2025-03-31,P000007,LOC006,5,5,0,0.0,0
2025-03-31,P000007,LOC007,2,2,0,0.0,0
2025-03-31,P000007,LOC009,9,9,0,0.0,0
2025-03-31,P000007,LOC012,1,1,0,0.0,0
2025-03-31,P000007,LOC015,5,4,1,20.0,1
2025-03-31,P000007,LOC016,4,3,1,25.0,1
2025-03-31,P000007,LOC017,5,6,1,20.0,1
2025-03-31,P000007,LOC018,1,1,0,0.0,0
2025-03-31,P000008,LOC002,4,3,1,25.0,1
2025-03-31,P000008,LOC003,4,4,0,0.0,0
2025-03-31,P000008,LOC008,3,3,0,0.0,0
2025-03-31,P000008,LOC010,2,2,0,0.0,0
2025-03-31,P000008,LOC012,4,4,0,0.0,0
2025-03-31,P000008,LOC013,2,2,0,0.0,0
2025-03-31,P000008,LOC014,9,10,1,11.11111111111111,1
2025-03-31,P000008,LOC015,1,1,0,0.0,0
2025-03-31,P000008,LOC016,3,3,0,0.0,0
2025-03-31,P000008,LOC018,5,6,1,20.0,1
2025-03-31,P000008,LOC019,7,7,0,0.0,0
2025-03-31,P000008,LOC020,2,2,0,0.0,0
2025-03-31,P000009,LOC001,8,8,0,0.0,0
2025-03-31,P000009,LOC002,1,1,0,0.0,0
2025-03-31,P000009,LOC005,10,12,2,20.0,4
2025-03-31,P000009,LOC010,11,11,0,0.0,0
2025-03-31,P000009,LOC011,4,4,0,0.0,0
2025-03-31,P000009,LOC012,4,4,0,0.0,0
2025-03-31,P000009,LOC013,4,3,1,25.0,1
2025-03-31,P000009,LOC018,5,4,1,20.0,1
2025-03-31,P000010,LOC002,2,2,0,0.0,0
2025-03-31,P000010,LOC003,2,2,0,0.0,0
2025-03-31,P000010,LOC005,1,1,0,0.0,0
2025-03-31,P000010,LOC006,2,2,0,0.0,0
2025-03-31,P000010,LOC008,13,14,1,7.6923076923076925,1
2025-03-31,P000010,LOC009,7,8,1,14.285714285714285,1
2025-03-31,P000010,LOC010,9,9,0,0.0,0
2025-03-31,P000010,LOC011,7,6,1,14.285714285714285,1
2025-03-31,P000010,LOC017,3,3,0,0.0,0
2025-03-31,P000010,LOC018,2,2,0,0.0,0
2025-03-31,P000010,LOC019,7,6,1,14.285714285714285,1
2025-03-31,P000011,LOC002,1,1,0,0.0,0
2025-03-31,P000011,LOC003,6,6,0,0.0,0
2025-03-31,P000011,LOC005,4,4,0,0.0,0
2025-03-31,P000011,LOC006,1,1,0,0.0,0
2025-03-31,P000011,LOC009,4,5,1,25.0,1
2025-03-31,P000011,LOC010,5,5,0,0.0,0
2025-03-31,P000011,LOC012,2,2,0,0.0,0
2025-03-31,P000011,LOC015,9,9,0,0.0,0
2025-03-31,P000011,LOC016,7,7,0,0.0,0
2025-03-31,P000011,LOC020,1,1,0,0.0,0
2025-03-31,P000012,LOC001,3,4,1,33.33333333333333,1
2025-03-31,P000012,LOC004,5,6,1,20.0,1
2025-03-31,P000012,LOC006,1,1,0,0.0,0
2025-03-31,P000012,LOC007,3,3,0,0.0,0
2025-03-31,P000012,LOC008,1,1,0,0.0,0
2025-03-31,P000012,LOC009,4,4,0,0.0,0
2025-03-31,P000012,LOC012,5,4,1,20.0,1
2025-03-31,P000012,LOC013,5,5,0,0.0,0
2025-03-31,P000012,LOC014,7,6,1,14.285714285714285,1
2025-03-31,P000012,LOC015,3,3,0,0.0,0
2025-03-31,P000012,LOC018,4,3,1,25.0,1
2025-03-31,P000012,LOC020,3,3,0,0.0,0
2025-03-31,P000013,LOC001,9,9,0,0.0,0
2025-03-31,P000013,LOC002,1,1,0,0.0,0
2025-03-31,P000013,LOC003,4,5,1,25.0,1
2025-03-31,P000013,LOC004,1,1,0,0.0,0
2025-03-31,P000013,LOC005,5,5,0,0.0,0
2025-03-31,P000013,LOC006,5,4,1,20.0,1
2025-03-31,P000013,LOC008,2,2,0,0.0,0
2025-03-31,P000013,LOC009,6,6,0,0.0,0
2025-03-31,P000013,LOC014,2,2,0,0.0,0
2025-03-31,P000013,LOC020,2,2,0,0.0,0
2025-03-31,P000014,LOC003,8,9,1,12.5,1
2025-03-31,P000014,LOC004,1,1,0,0.0,0
2025-03-31,P000014,LOC005,5,6,1,20.0,1
2025-03-31,P000014,LOC008,6,6,0,0.0,0
2025-03-31,P000014,LOC012,3,3,0,0.0,0
2025-03-31,P000014,LOC013,3,3,0,0.0,0
2025-03-31,P000014,LOC014,3,3,0,0.0,0
2025-03-31,P000014,LOC015,1,1,0,0.0,0
2025-03-31,P000014,LOC016,1,1,0,0.0,0
2025-03-31,P000014,LOC020,4,4,0,0.0,0
2025-03-31,P000015,LOC009,3,3,0,0.0,0
2025-03-31,P000015,LOC010,1,1,0,0.0,0
2025-03-31,P000015,LOC011,4,5,1,25.0,1
2025-03-31,P000015,LOC013,1,1,0,0.0,0
2025-03-31,P000015,LOC014,1,1,0,0.0,0
2025-03-31,P000015,LOC015,7,8,1,14.285714285714285,1
2025-03-31,P000015,LOC016,2,2,0,0.0,0
2025-03-31,P000015,LOC017,2,2,0,0.0,0
2025-03-31,P000015,LOC018,3,3,0,0.0,0
2025-03-31,P000015,LOC019,2,2,0,0.0,0
2025-03-31,P000015,LOC020,5,5,0,0.0,0
2025-03-31,P000016,LOC002,5,6,1,20.0,1
2025-03-31,P000016,LOC003,3,2,1,33.33333333333333,1
2025-03-31,P000016,LOC004,5,6,1,20.0,1
2025-03-31,P000016,LOC005,3,3,0,0.0,0
2025-03-31,P000016,LOC006,5,5,0,0.0,0
2025-03-31,P000016,LOC009,1,1,0,0.0,0
2025-03-31,P000016,LOC011,1,1,0,0.0,0
2025-03-31,P000016,LOC013,4,5,1,25.0,1
2025-03-31,P000016,LOC014,6,6,0,0.0,0
2025-03-31,P000016,LOC015,3,2,1,33.33333333333333,1
2025-03-31,P000016,LOC018,5,5,0,0.0,0
2025-03-31,P000016,LOC019,4,4,0,0.0,0
2025-03-31,P000017,LOC001,2,2,0,0.0,0
2025-03-31,P000017,LOC002,3,3,0,0.0,0
2025-03-31,P000017,LOC004,4,4,0,0.0,0
2025-03-31,P000017,LOC005,7,6,1,14.285714285714285,1
2025-03-31,P000017,LOC007,1,1,0,0.0,0
2025-03-31,P000017,LOC010,6,5,1,16.666666666666664,1
2025-03-31,P000017,LOC013,9,11,2,22.22222222222222,4
2025-03-31,P000017,LOC015,3,3,0,0.0,0
2025-03-31,P000017,LOC016,4,4,0,0.0,0
2025-03-31,P000017,LOC017,2,2,0,0.0,0
2025-03-31,P000017,LOC018,2,2,0,0.0,0
2025-03-31,P000017,LOC019,4,5,1,25.0,1
2025-03-31,P000018,LOC002,5,6,1,20.0,1
2025-03-31,P000018,LOC003,4,5,1,25.0,1
2025-03-31,P000018,LOC004,4,4,0,0.0,0
2025-03-31,P000018,LOC007,3,3,0,0.0,0
2025-03-31,P000018,LOC009,5,6,1,20.0,1
2025-03-31,P000018,LOC011,3,3,0,0.0,0
2025-03-31,P000018,LOC013,6,7,1,16.666666666666664,1
2025-03-31,P000018,LOC014,1,1,0,0.0,0
2025-03-31,P000018,LOC015,4,4,0,0.0,0
2025-03-31,P000018,LOC016,3,3,0,0.0,0
2025-03-31,P000018,LOC017,3,3,0,0.0,0
2025-03-31,P000019,LOC001,2,2,0,0.0,0
2025-03-31,P000019,LOC002,4,3,1,25.0,1
2025-03-31,P000019,LOC004,8,7,1,12.5,1
2025-03-31,P000019,LOC005,6,7,1,16.666666666666664,1
2025-03-31,P000019,LOC006,4,4,0,0.0,0
2025-03-31,P000019,LOC008,1,1,0,0.0,0
2025-03-31,P000019,LOC010,11,10,1,9.090909090909092,1
2025-03-31,P000019,LOC012,3,3,0,0.0,0
2025-03-31,P000019,LOC013,5,4,1,20.0,1
2025-03-31,P000019,LOC014,3,3,0,0.0,0
2025-03-31,P000019,LOC016,7,7,0,0.0,0
2025-03-31,P000019,LOC018,4,4,0,0.0,0
2025-03-31,P000019,LOC020,1,1,0,0.0,0
2025-03-31,P000020,LOC001,3,3,0,0.0,0
2025-03-31,P000020,LOC003,4,4,0,0.0,0
2025-03-31,P000020,LOC004,1,1,0,0.0,0
2025-03-31,P000020,LOC005,5,5,0,0.0,0
2025-03-31,P000020,LOC008,3,3,0,0.0,0
2025-03-31,P000020,LOC009,3,3,0,0.0,0
2025-03-31,P000020,LOC011,5,6,1,20.0,1
2025-03-31,P000020,LOC013,1,1,0,0.0,0
2025-03-31,P000020,LOC014,10,11,1,10.0,1
2025-03-31,P000020,LOC015,4,4,0,0.0,0
2025-03-31,P000020,LOC018,2,2,0,0.0,0
2025-03-31,P000020,LOC019,3,4,1,33.33333333333333,1
2025-03-31,P000021,LOC002,6,7,1,16.666666666666664,1
2025-03-31,P000021,LOC004,6,6,0,0.0,0
2025-03-31,P000021,LOC005,5,6,1,20.0,1
2025-03-31,P000021,LOC007,5,4,1,20.0,1
2025-03-31,P000021,LOC009,3,3,0,0.0,0
2025-03-31,P000021,LOC010,6,6,0,0.0,0
2025-03-31,P000021,LOC012,6,6,0,0.0,0
2025-03-31,P000021,LOC015,4,4,0,0.0,0
2025-03-31,P000021,LOC016,3,4,1,33.33333333333333,1
2025-03-31,P000021,LOC019,1,1,0,0.0,0
2025-03-31,P000021,LOC020,3,3,0,0.0,0
2025-03-31,P000022,LOC001,1,1,0,0.0,0
2025-03-31,P000022,LOC002,2,2,0,0.0,0
2025-03-31,P000022,LOC003,2,2,0,0.0,0
2025-03-31,P000022,LOC004,6,6,0,0.0,0
2025-03-31,P000022,LOC005,4,3,1,25.0,1
2025-03-31,P000022,LOC006,4,4,0,0.0,0
2025-03-31,P000022,LOC008,4,4,0,0.0,0
2025-03-31,P000022,LOC010,2,2,0,0.0,0
2025-03-31,P000022,LOC014,3,2,1,33.33333333333333,1
2025-03-31,P000022,LOC019,5,5,0,0.0,0
2025-03-31,P000022,LOC020,2,2,0,0.0,0
2025-03-31,P000023,LOC001,3,3,0,0.0,0
2025-03-31,P000023,LOC004,3,3,0,0.0,0
2025-03-31,P000023,LOC007,2,2,0,0.0,0
2025-03-31,P000023,LOC008,10,12,2,20.0,4
2025-03-31,P000023,LOC012,6,6,0,0.0,0
2025-03-31,P000023,LOC013,8,8,0,0.0,0
2025-03-31,P000023,LOC014,11,9,2,18.181818181818183,4
2025-03-31,P000023,LOC015,4,4,0,0.0,0
2025-03-31,P000023,LOC016,2,2,0,0.0,0
2025-03-31,P000023,LOC017,7,7,0,0.0,0
2025-03-31,P000023,LOC020,4,4,0,0.0,0
2025-03-31,P000024,LOC001,5,4,1,20.0,1
2025-03-31,P000024,LOC004,5,5,0,0.0,0
2025-03-31,P000024,LOC005,4,3,1,25.0,1
2025-03-31,P000024,LOC006,10,10,0,0.0,0
2025-03-31,P000024,LOC007,4,3,1,25.0,1
2025-03-31,P000024,LOC008,3,3,0,0.0,0
2025-03-31,P000024,LOC011,1,1,0,0.0,0
2025-03-31,P000024,LOC012,1,1,0,0.0,0
2025-03-31,P000024,LOC014,5,5,0,0.0,0
2025-03-31,P000024,LOC015,7,6,1,14.285714285714285,1
2025-03-31,P000024,LOC018,1,1,0,0.0,0
2025-03-31,P000024,LOC019,4,4,0,0.0,0
2025-03-31,P000024,LOC020,5,6,1,20.0,1
2025-03-31,P000025,LOC001,3,2,1,33.33333333333333,1
2025-03-31,P000025,LOC003,4,4,0,0.0,0
2025-03-31,P000025,LOC004,3,3,0,0.0,0
2025-03-31,P000025,LOC005,6,6,0,0.0,0
2025-03-31,P000025,LOC007,2,2,0,0.0,0
2025-03-31,P000025,LOC008,16,19,3,18.75,9
2025-03-31,P000025,LOC010,5,5,0,0.0,0
2025-03-31,P000025,LOC012,2,2,0,0.0,0
2025-03-31,P000025,LOC013,4,4,0,0.0,0
2025-03-31,P000025,LOC014,1,1,0,0.0,0
2025-03-31,P000025,LOC016,10,10,0,0.0,0
2025-03-31,P000025,LOC018,4,5,1,25.0,1
2025-03-31,P000025,LOC019,5,6,1,20.0,1
2025-03-31,P000025,LOC020,2,2,0,0.0,0
2025-03-31,P000026,LOC001,5,5,0,0.0,0
2025-03-31,P000026,LOC002,5,5,0,0.0,0
2025-03-31,P000026,LOC004,5,5,0,0.0,0
2025-03-31,P000026,LOC005,1,1,0,0.0,0
2025-03-31,P000026,LOC007,1,1,0,0.0,0
2025-03-31,P000026,LOC008,2,2,0,0.0,0
2025-03-31,P000026,LOC009,1,1,0,0.0,0
2025-03-31,P000026,LOC011,3,3,0,0.0,0
2025-03-31,P000026,LOC012,7,8,1,14.285714285714285,1
2025-03-31,P000026,LOC013,3,3,0,0.0,0
2025-03-31,P000026,LOC015,5,5,0,0.0,0
2025-03-31,P000026,LOC016,6,5,1,16.666666666666664,1
2025-03-31,P000026,LOC018,1,1,0,0.0,0
2025-03-31,P000026,LOC020,4,4,0,0.0,0
2025-03-31,P000027,LOC003,3,3,0,0.0,0
2025-03-31,P000027,LOC004,11,10,1,9.090909090909092,1
2025-03-31,P000027,LOC005,2,2,0,0.0,0
2025-03-31,P000027,LOC006,1,1,0,0.0,0
2025-03-31,P000027,LOC007,1,1,0,0.0,0
2025-03-31,P000027,LOC008,4,5,1,25.0,1
2025-03-31,P000027,LOC009,2,2,0,0.0,0
2025-03-31,P000027,LOC010,5,5,0,0.0,0
2025-03-31,P000027,LOC012,8,8,0,0.0,0
2025-03-31,P000027,LOC013,3,2,1,33.33333333333333,1
2025-03-31,P000027,LOC016,1,1,0,0.0,0
2025-03-31,P000027,LOC017,3,2,1,33.33333333333333,1
2025-03-31,P000027,LOC019,3,3,0,0.0,0
2025-03-31,P000028,LOC002,4,4,0,0.0,0
2025-03-31,P000028,LOC005,2,2,0,0.0,0
2025-03-31,P000028,LOC007,1,1,0,0.0,0
2025-03-31,P000028,LOC008,2,2,0,0.0,0
2025-03-31,P000028,LOC009,1,1,0,0.0,0
2025-03-31,P000028,LOC010,2,2,0,0.0,0
2025-03-31,P000028,LOC011,1,1,0,0.0,0
2025-03-31,P000028,LOC013,5,6,1,20.0,1
2025-03-31,P000028,LOC015,2,2,0,0.0,0
2025-03-31,P000028,LOC017,7,8,1,14.285714285714285,1
2025-03-31,P000028,LOC018,1,1,0,0.0,0
2025-03-31,P000028,LOC019,4,4,0,0.0,0
2025-03-31,P000028,LOC020,5,6,1,20.0,1
2025-03-31,P000029,LOC005,5,6,1,20.0,1
2025-03-31,P000029,LOC006,6,5,1,16.666666666666664,1
2025-03-31,P000029,LOC007,6,7,1,16.666666666666664,1
2025-03-31,P000029,LOC009,8,8,0,0.0,0
2025-03-31,P000029,LOC010,1,1,0,0.0,0
2025-03-31,P000029,LOC012,6,5,1,16.666666666666664,1
2025-03-31,P000029,LOC013,3,4,1,33.33333333333333,1
2025-03-31,P000029,LOC015,7,8,1,14.285714285714285,1
2025-03-31,P000029,LOC018,3,3,0,0.0,0
2025-03-31,P000029,LOC019,4,4,0,0.0,0
2025-03-31,P000029,LOC020,6,6,0,0.0,0
2025-03-31,P000030,LOC001,5,6,1,20.0,1
2025-03-31,P000030,LOC005,1,1,0,0.0,0
2025-03-31,P000030,LOC006,3,3,0,0.0,0
2025-03-31,P000030,LOC008,2,2,0,0.0,0
2025-03-31,P000030,LOC009,1,1,0,0.0,0
2025-03-31,P000030,LOC010,2,2,0,0.0,0
2025-03-31,P000030,LOC011,3,2,1,33.33333333333333,1
2025-03-31,P000030,LOC012,9,10,1,11.11111111111111,1
2025-03-31,P000030,LOC014,3,3,0,0.0,0
2025-03-31,P000030,LOC015,1,1,0,0.0,0
2025-03-31,P000030,LOC017,4,4,0,0.0,0
2025-03-31,P000030,LOC018,1,1,0,0.0,0
2025-03-31,P000030,LOC020,2,2,0,0.0,0
2025-03-31,P000031,LOC001,3,3,0,0.0,0
2025-03-31,P000031,LOC002,2,2,0,0.0,0
2025-03-31,P000031,LOC003,11,13,2,18.181818181818183,4
2025-03-31,P000031,LOC004,1,1,0,0.0,0
2025-03-31,P000031,LOC005,3,3,0,0.0,0
2025-03-31,P000031,LOC006,3,2,1,33.33333333333333,1
2025-03-31,P000031,LOC007,4,4,0,0.0,0
2025-03-31,P000031,LOC008,8,9,1,12.5,1
2025-03-31,P000031,LOC013,2,2,0,0.0,0
2025-03-31,P000031,LOC016,3,3,0,0.0,0
2025-03-31,P000031,LOC017,4,4,0,0.0,0
2025-03-31,P000031,LOC018,4,4,0,0.0,0
2025-03-31,P000031,LOC019,2,2,0,0.0,0
2025-03-31,P000031,LOC020,3,3,0,0.0,0
2025-03-31,P000032,LOC003,4,5,1,25.0,1
2025-03-31,P000032,LOC005,9,11,2,22.22222222222222,4
2025-03-31,P000032,LOC006,1,1,0,0.0,0
2025-03-31,P000032,LOC007,1,1,0,0.0,0
2025-03-31,P000032,LOC010,1,1,0,0.0,0
2025-03-31,P000032,LOC012,4,4,0,0.0,0
2025-03-31,P000032,LOC013,5,4,1,20.0,1
2025-03-31,P000032,LOC015,1,1,0,0.0,0
2025-03-31,P000032,LOC018,10,9,1,10.0,1
2025-03-31,P000032,LOC020,4,3,1,25.0,1
2025-03-31,P000033,LOC001,1,1,0,0.0,0
2025-03-31,P000033,LOC002,3,3,0,0.0,0
2025-03-31,P000033,LOC007,4,4,0,0.0,0
2025-03-31,P000033,LOC008,3,3,0,0.0,0
2025-03-31,P000033,LOC010,2,2,0,0.0,0
2025-03-31,P000033,LOC011,2,2,0,0.0,0
2025-03-31,P000033,LOC012,1,1,0,0.0,0
2025-03-31,P000033,LOC013,2,2,0,0.0,0
2025-03-31,P000033,LOC015,4,4,0,0.0,0
2025-03-31,P000033,LOC016,1,1,0,0.0,0
2025-03-31,P000033,LOC019,8,9,1,12.5,1
2025-03-31,P000034,LOC002,1,1,0,0.0,0
2025-03-31,P000034,LOC003,3,3,0,0.0,0
2025-03-31,P000034,LOC004,6,6,0,0.0,0
2025-03-31,P000034,LOC006,2,2,0,0.0,0
2025-03-31,P000034,LOC008,2,2,0,0.0,0
2025-03-31,P000034,LOC009,2,2,0,0.0,0
2025-03-31,P000034,LOC010,2,2,0,0.0,0
2025-03-31,P000034,LOC011,6,7,1,16.666666666666664,1
2025-03-31,P000034,LOC014,3,3,0,0.0,0
2025-03-31,P000034,LOC018,7,7,0,0.0,0
2025-03-31,P000034,LOC020,6,5,1,16.666666666666664,1
2025-03-31,P000035,LOC002,3,3,0,0.0,0
2025-03-31,P000035,LOC003,9,10,1,11.11111111111111,1
2025-03-31,P000035,LOC007,4,4,0,0.0,0
2025-03-31,P000035,LOC010,4,4,0,0.0,0
2025-03-31,P000035,LOC011,5,5,0,0.0,0
2025-03-31,P000035,LOC012,5,4,1,20.0,1
2025-03-31,P000035,LOC015,3,3,0,0.0,0
2025-03-31,P000035,LOC018,2,2,0,0.0,0
2025-03-31,P000035,LOC020,5,5,0,0.0,0
2025-03-31,P000036,LOC004,1,1,0,0.0,0
2025-03-31,P000036,LOC005,4,3,1,25.0,1
2025-03-31,P000036,LOC006,1,1,0,0.0,0
2025-03-31,P000036,LOC007,3,3,0,0.0,0
2025-03-31,P000036,LOC008,3,3,0,0.0,0
2025-03-31,P000036,LOC012,4,4,0,0.0,0
2025-03-31,P000036,LOC013,8,8,0,0.0,0
2025-03-31,P000036,LOC014,4,4,0,0.0,0
2025-03-31,P000036,LOC015,1,1,0,0.0,0
2025-03-31,P000036,LOC016,1,1,0,0.0,0
2025-03-31,P000036,LOC018,5,6,1,20.0,1
2025-03-31,P000036,LOC020,6,7,1,16.666666666666664,1
2025-03-31,P000037,LOC001,2,2,0,0.0,0
2025-03-31,P000037,LOC004,4,4,0,0.0,0
2025-03-31,P000037,LOC005,1,1,0,0.0,0
2025-03-31,P000037,LOC007,2,2,0,0.0,0
2025-03-31,P000037,LOC008,5,5,0,0.0,0
2025-03-31,P000037,LOC010,1,1,0,0.0,0
2025-03-31,P000037,LOC011,2,2,0,0.0,0
2025-03-31,P000037,LOC015,6,5,1,16.666666666666664,1
2025-03-31,P000037,LOC016,1,1,0,0.0,0
2025-03-31,P000037,LOC019,11,10,1,9.090909090909092,1
2025-03-31,P000037,LOC020,1,1,0,0.0,0
2025-03-31,P000038,LOC001,3,3,0,0.0,0
2025-03-31,P000038,LOC002,8,7,1,12.5,1
2025-03-31,P000038,LOC004,4,4,0,0.0,0
2025-03-31,P000038,LOC007,3,3,0,0.0,0
2025-03-31,P000038,LOC008,3,3,0,0.0,0
2025-03-31,P000038,LOC010,4,3,1,25.0,1
2025-03-31,P000038,LOC011,4,3,1,25.0,1
2025-03-31,P000038,LOC012,3,2,1,33.33333333333333,1
2025-03-31,P000038,LOC013,3,3,0,0.0,0
2025-03-31,P000038,LOC014,2,2,0,0.0,0
2025-03-31,P000038,LOC015,1,1,0,0.0,0
2025-03-31,P000038,LOC016,1,1,0,0.0,0
2025-03-31,P000038,LOC017,2,2,0,0.0,0
2025-03-31,P000038,LOC018,1,1,0,0.0,0
2025-03-31,P000038,LOC019,3,3,0,0.0,0
2025-03-31,P000039,LOC002,3,4,1,33.33333333333333,1
2025-03-31,P000039,LOC003,7,6,1,14.285714285714285,1
2025-03-31,P000039,LOC004,4,4,0,0.0,0
2025-03-31,P000039,LOC006,4,4,0,0.0,0
2025-03-31,P000039,LOC008,2,2,0,0.0,0
2025-03-31,P000039,LOC011,4,4,0,0.0,0
2025-03-31,P000039,LOC013,4,5,1,25.0,1
2025-03-31,P000039,LOC014,11,11,0,0.0,0
2025-03-31,P000039,LOC015,2,2,0,0.0,0
2025-03-31,P000039,LOC016,3,4,1,33.33333333333333,1
2025-03-31,P000039,LOC018,2,2,0,0.0,0
2025-03-31,P000040,LOC001,5,4,1,20.0,1
2025-03-31,P000040,LOC002,3,3,0,0.0,0
2025-03-31,P000040,LOC005,1,1,0,0.0,0
2025-03-31,P000040,LOC007,5,5,0,0.0,0
2025-03-31,P000040,LOC008,1,1,0,0.0,0
2025-03-31,P000040,LOC010,3,2,1,33.33333333333333,1
2025-03-31,P000040,LOC011,4,3,1,25.0,1
2025-03-31,P000040,LOC012,1,1,0,0.0,0
2025-03-31,P000040,LOC014,1,1,0,0.0,0
2025-03-31,P000040,LOC015,2,2,0,0.0,0
2025-03-31,P000040,LOC018,2,2,0,0.0,0
2025-03-31,P000040,LOC020,3,3,0,0.0,0
2025-03-31,P000041,LOC002,4,4,0,0.0,0
2025-03-31,P000041,LOC004,8,9,1,12.5,1
2025-03-31,P000041,LOC005,4,4,0,0.0,0
2025-03-31,P000041,LOC006,3,3,0,0.0,0
2025-03-31,P000041,LOC010,2,2,0,0.0,0
2025-03-31,P000041,LOC011,1,1,0,0.0,0
2025-03-31,P000041,LOC012,8,9,1,12.5,1
2025-03-31,P000041,LOC013,6,6,0,0.0,0
2025-03-31,P000041,LOC014,4,4,0,0.0,0
2025-03-31,P000041,LOC015,3,3,0,0.0,0
2025-03-31,P000041,LOC016,3,3,0,0.0,0
2025-03-31,P000041,LOC018,6,7,1,16.666666666666664,1
2025-03-31,P000041,LOC019,7,6,1,14.285714285714285,1
2025-03-31,P000042,LOC002,4,3,1,25.0,1
2025-03-31,P000042,LOC003,2,2,0,0.0,0
2025-03-31,P000042,LOC004,4,3,1,25.0,1
2025-03-31,P000042,LOC005,4,4,0,0.0,0
2025-03-31,P000042,LOC007,1,1,0,0.0,0
2025-03-31,P000042,LOC008,6,7,1,16.666666666666664,1
2025-03-31,P000042,LOC011,6,6,0,0.0,0
2025-03-31,P000042,LOC012,4,4,0,0.0,0
2025-03-31,P000042,LOC015,5,5,0,0.0,0
2025-03-31,P000042,LOC017,2,2,0,0.0,0
2025-03-31,P000042,LOC018,1,1,0,0.0,0
2025-03-31,P000042,LOC020,1,1,0,0.0,0
2025-03-31,P000043,LOC001,1,1,0,0.0,0
2025-03-31,P000043,LOC003,4,5,1,25.0,1
2025-03-31,P000043,LOC005,4,4,0,0.0,0
2025-03-31,P000043,LOC006,3,3,0,0.0,0
2025-03-31,P000043,LOC007,9,9,0,0.0,0
2025-03-31,P000043,LOC008,6,5,1,16.666666666666664,1
2025-03-31,P000043,LOC010,5,5,0,0.0,0
2025-03-31,P000043,LOC013,3,3,0,0.0,0
2025-03-31,P000043,LOC014,1,1,0,0.0,0
2025-03-31,P000043,LOC016,1,1,0,0.0,0
2025-03-31,P000043,LOC017,5,5,0,0.0,0
2025-03-31,P000043,LOC019,1,1,0,0.0,0
2025-03-31,P000043,LOC020,4,3,1,25.0,1
2025-03-31,P000044,LOC004,9,8,1,11.11111111111111,1
2025-03-31,P000044,LOC005,2,2,0,0.0,0
2025-03-31,P000044,LOC006,7,6,1,14.285714285714285,1
2025-03-31,P000044,LOC007,5,6,1,20.0,1
2025-03-31,P000044,LOC008,6,6,0,0.0,0
2025-03-31,P000044,LOC009,2,2,0,0.0,0
2025-03-31,P000044,LOC010,2,2,0,0.0,0
2025-03-31,P000044,LOC014,1,1,0,0.0,0
2025-03-31,P000044,LOC016,4,5,1,25.0,1
2025-03-31,P000044,LOC017,5,6,1,20.0,1
2025-03-31,P000044,LOC019,9,8,1,11.11111111111111,1
2025-03-31,P000044,LOC020,4,3,1,25.0,1
2025-03-31,P000045,LOC004,4,3,1,25.0,1
2025-03-31,P000045,LOC008,6,6,0,0.0,0
2025-03-31,P000045,LOC012,3,3,0,0.0,0
2025-03-31,P000045,LOC014,1,1,0,0.0,0
2025-03-31,P000045,LOC016,1,1,0,0.0,0
2025-03-31,P000045,LOC018,6,6,0,0.0,0
2025-03-31,P000046,LOC003,1,1,0,0.0,0
2025-03-31,P000046,LOC004,1,1,0,0.0,0
2025-03-31,P000046,LOC005,8,7,1,12.5,1
2025-03-31,P000046,LOC007,3,3,0,0.0,0
2025-03-31,P000046,LOC008,4,4,0,0.0,0
2025-03-31,P000046,LOC009,3,3,0,0.0,0
2025-03-31,P000046,LOC010,4,4,0,0.0,0
2025-03-31,P000046,LOC011,3,3,0,0.0,0
2025-03-31,P000046,LOC014,3,3,0,0.0,0
2025-03-31,P000046,LOC016,1,1,0,0.0,0
2025-03-31,P000046,LOC018,3,3,0,0.0,0
2025-03-31,P000046,LOC019,6,5,1,16.666666666666664,1
2025-03-31,P000046,LOC020,4,4,0,0.0,0
2025-03-31,P000047,LOC001,1,1,0,0.0,0
2025-03-31,P000047,LOC002,3,3,0,0.0,0
2025-03-31,P000047,LOC003,10,11,1,10.0,1
2025-03-31,P000047,LOC004,2,2,0,0.0,0
2025-03-31,P000047,LOC006,4,4,0,0.0,0
2025-03-31,P000047,LOC007,4,4,0,0.0,0
2025-03-31,P000047,LOC008,4,4,0,0.0,0
2025-03-31,P000047,LOC011,2,2,0,0.0,0
2025-03-31,P000047,LOC012,5,4,1,20.0,1
2025-03-31,P000047,LOC015,2,2,0,0.0,0
2025-03-31,P000047,LOC017,2,2,0,0.0,0
2025-03-31,P000047,LOC018,1,1,0,0.0,0
2025-03-31,P000047,LOC019,6,6,0,0.0,0
2025-03-31,P000047,LOC020,6,7,1,16.666666666666664,1
2025-03-31,P000048,LOC001,8,7,1,12.5,1
2025-03-31,P000048,LOC003,9,7,2,22.22222222222222,4
2025-03-31,P000048,LOC004,6,7,1,16.666666666666664,1
2025-03-31,P000048,LOC005,3,2,1,33.33333333333333,1
2025-03-31,P000048,LOC006,1,1,0,0.0,0
2025-03-31,P000048,LOC007,1,1,0,0.0,0
2025-03-31,P000048,LOC009,5,5,0,0.0,0
2025-03-31,P000048,LOC011,4,4,0,0.0,0
2025-03-31,P000048,LOC012,1,1,0,0.0,0
2025-03-31,P000048,LOC013,1,1,0,0.0,0
2025-03-31,P000048,LOC014,3,4,1,33.33333333333333,1
2025-03-31,P000048,LOC016,4,4,0,0.0,0
2025-03-31,P000048,LOC018,5,4,1,20.0,1
2025-03-31,P000048,LOC019,1,1,0,0.0,0
2025-03-31,P000048,LOC020,13,12,1,7.6923076923076925,1
2025-03-31,P000049,LOC001,8,9,1,12.5,1
2025-03-31,P000049,LOC003,1,1,0,0.0,0
2025-03-31,P000049,LOC011,4,4,0,0.0,0
2025-03-31,P000049,LOC012,4,4,0,0.0,0
2025-03-31,P000049,LOC013,1,1,0,0.0,0
2025-03-31,P000049,LOC014,4,5,1,25.0,1
2025-03-31,P000049,LOC016,1,1,0,0.0,0
2025-03-31,P000049,LOC018,7,8,1,14.285714285714285,1
2025-03-31,P000049,LOC020,2,2,0,0.0,0
2025-03-31,P000050,LOC001,6,5,1,16.666666666666664,1
2025-03-31,P000050,LOC003,1,1,0,0.0,0
2025-03-31,P000050,LOC004,3,3,0,0.0,0
2025-03-31,P000050,LOC006,4,3,1,25.0,1
2025-03-31,P000050,LOC007,1,1,0,0.0,0
2025-03-31,P000050,LOC008,5,5,0,0.0,0
2025-03-31,P000050,LOC009,2,2,0,0.0,0
2025-03-31,P000050,LOC010,4,4,0,0.0,0
2025-03-31,P000050,LOC012,2,2,0,0.0,0
2025-03-31,P000050,LOC013,2,2,0,0.0,0
2025-03-31,P000050,LOC014,5,6,1,20.0,1
2025-03-31,P000050,LOC015,5,5,0,0.0,0
2025-03-31,P000050,LOC017,1,1,0,0.0,0
2025-03-31,P000050,LOC020,7,8,1,14.285714285714285,1
2025-03-31,P000051,LOC001,1,1,0,0.0,0
2025-03-31,P000051,LOC003,3,2,1,33.33333333333333,1
2025-03-31,P000051,LOC004,4,3,1,25.0,1
2025-03-31,P000051,LOC005,1,1,0,0.0,0
2025-03-31,P000051,LOC007,3,4,1,33.33333333333333,1
2025-03-31,P000051,LOC009,5,4,1,20.0,1
2025-03-31,P000051,LOC011,5,6,1,20.0,1
2025-03-31,P000051,LOC012,5,4,1,20.0,1
2025-03-31,P000051,LOC016,2,2,0,0.0,0
2025-03-31,P000051,LOC017,7,8,1,14.285714285714285,1
2025-03-31,P000051,LOC018,2,2,0,0.0,0
2025-03-31,P000052,LOC001,1,1,0,0.0,0
2025-03-31,P000052,LOC005,4,4,0,0.0,0
2025-03-31,P000052,LOC010,1,1,0,0.0,0
2025-03-31,P000052,LOC011,1,1,0,0.0,0
2025-03-31,P000052,LOC012,4,4,0,0.0,0
2025-03-31,P000052,LOC013,3,3,0,0.0,0
2025-03-31,P000052,LOC014,9,9,0,0.0,0
2025-03-31,P000052,LOC015,4,3,1,25.0,1
2025-03-31,P000052,LOC016,3,3,0,0.0,0
2025-03-31,P000053,LOC001,4,3,1,25.0,1
2025-03-31,P000053,LOC003,1,1,0,0.0,0
2025-03-31,P000053,LOC004,4,5,1,25.0,1
2025-03-31,P000053,LOC009,2,2,0,0.0,0
2025-03-31,P000053,LOC013,5,4,1,20.0,1
2025-03-31,P000053,LOC014,3,3,0,0.0,0
2025-03-31,P000053,LOC015,6,7,1,16.666666666666664,1
2025-03-31,P000053,LOC018,1,1,0,0.0,0
2025-03-31,P000053,LOC019,10,9,1,10.0,1
2025-03-31,P000054,LOC001,3,3,0,0.0,0
2025-03-31,P000054,LOC002,2,2,0,0.0,0
2025-03-31,P000054,LOC003,2,2,0,0.0,0
2025-03-31,P000054,LOC004,9,11,2,22.22222222222222,4
2025-03-31,P000054,LOC005,2,2,0,0.0,0
2025-03-31,P000054,LOC008,10,9,1,10.0,1
2025-03-31,P000054,LOC012,5,5,0,0.0,0
2025-03-31,P000054,LOC013,3,3,0,0.0,0
2025-03-31,P000054,LOC014,1,1,0,0.0,0
2025-03-31,P000054,LOC015,4,4,0,0.0,0
2025-03-31,P000054,LOC017,1,1,0,0.0,0
2025-03-31,P000054,LOC018,5,5,0,0.0,0
2025-03-31,P000054,LOC020,4,4,0,0.0,0
2025-03-31,P000055,LOC002,4,3,1,25.0,1
2025-03-31,P000055,LOC003,1,1,0,0.0,0
2025-03-31,P000055,LOC004,1,1,0,0.0,0
2025-03-31,P000055,LOC005,4,3,1,25.0,1
2025-03-31,P000055,LOC007,1,1,0,0.0,0
2025-03-31,P000055,LOC008,9,8,1,11.11111111111111,1
2025-03-31,P000055,LOC013,1,1,0,0.0,0
2025-03-31,P000055,LOC015,1,1,0,0.0,0
2025-03-31,P000055,LOC016,9,10,1,11.11111111111111,1
2025-03-31,P000055,LOC018,1,1,0,0.0,0
2025-03-31,P000055,LOC019,4,4,0,0.0,0
2025-03-31,P000055,LOC020,9,9,0,0.0,0
2025-03-31,P000056,LOC002,2,2,0,0.0,0
2025-03-31,P000056,LOC004,2,2,0,0.0,0
2025-03-31,P000056,LOC006,3,3,0,0.0,0
2025-03-31,P000056,LOC007,7,7,0,0.0,0
2025-03-31,P000056,LOC008,10,11,1,10.0,1
2025-03-31,P000056,LOC009,3,3,0,0.0,0
2025-03-31,P000056,LOC010,3,3,0,0.0,0
2025-03-31,P000056,LOC011,5,4,1,20.0,1
2025-03-31,P000056,LOC014,7,8,1,14.285714285714285,1
2025-03-31,P000056,LOC015,2,2,0,0.0,0
2025-03-31,P000056,LOC016,1,1,0,0.0,0
2025-03-31,P000056,LOC018,3,3,0,0.0,0
2025-03-31,P000056,LOC020,5,5,0,0.0,0
2025-03-31,P000057,LOC002,4,4,0,0.0,0
2025-03-31,P000057,LOC003,2,2,0,0.0,0
2025-03-31,P000057,LOC005,4,3,1,25.0,1
2025-03-31,P000057,LOC006,6,7,1,16.666666666666664,1
2025-03-31,P000057,LOC007,5,5,0,0.0,0
2025-03-31,P000057,LOC008,4,4,0,0.0,0
2025-03-31,P000057,LOC009,2,2,0,0.0,0
2025-03-31,P000057,LOC010,3,3,0,0.0,0
2025-03-31,P000057,LOC011,8,7,1,12.5,1
2025-03-31,P000057,LOC012,3,3,0,0.0,0
2025-03-31,P000057,LOC013,2,2,0,0.0,0
2025-03-31,P000057,LOC017,3,3,0,0.0,0
2025-03-31,P000057,LOC018,1,1,0,0.0,0
2025-03-31,P000057,LOC019,9,8,1,11.11111111111111,1
2025-03-31,P000057,LOC020,3,3,0,0.0,0
2025-03-31,P000058,LOC001,5,4,1,20.0,1
2025-03-31,P000058,LOC002,4,4,0,0.0,0
2025-03-31,P000058,LOC004,6,6,0,0.0,0
2025-03-31,P000058,LOC005,3,3,0,0.0,0
2025-03-31,P000058,LOC006,1,1,0,0.0,0
2025-03-31,P000058,LOC007,4,4,0,0.0,0
2025-03-31,P000058,LOC008,1,1,0,0.0,0
2025-03-31,P000058,LOC009,10,8,2,20.0,4
2025-03-31,P000058,LOC013,4,4,0,0.0,0
2025-03-31,P000058,LOC017,3,3,0,0.0,0
2025-03-31,P000058,LOC018,1,1,0,0.0,0
2025-03-31,P000058,LOC019,4,4,0,0.0,0
2025-03-31,P000059,LOC001,5,5,0,0.0,0
2025-03-31,P000059,LOC002,6,5,1,16.666666666666664,1
2025-03-31,P000059,LOC011,5,5,0,0.0,0
2025-03-31,P000059,LOC012,3,3,0,0.0,0
2025-03-31,P000059,LOC014,8,9,1,12.5,1
2025-03-31,P000059,LOC017,6,5,1,16.666666666666664,1
2025-03-31,P000059,LOC019,4,4,0,0.0,0
2025-03-31,P000060,LOC001,1,1,0,0.0,0
2025-03-31,P000060,LOC002,3,3,0,0.0,0
2025-03-31,P000060,LOC007,6,5,1,16.666666666666664,1
2025-03-31,P000060,LOC009,1,1,0,0.0,0
2025-03-31,P000060,LOC010,7,8,1,14.285714285714285,1
2025-03-31,P000060,LOC012,6,7,1,16.666666666666664,1
2025-03-31,P000060,LOC013,1,1,0,0.0,0
2025-03-31,P000060,LOC014,5,5,0,0.0,0
2025-03-31,P000060,LOC015,1,1,0,0.0,0
2025-03-31,P000060,LOC018,1,1,0,0.0,0
2025-03-31,P000060,LOC019,4,4,0,0.0,0
2025-03-31,P000061,LOC001,6,6,0,0.0,0
2025-03-31,P000061,LOC002,5,5,0,0.0,0
2025-03-31,P000061,LOC004,7,6,1,14.285714285714285,1
2025-03-31,P000061,LOC005,5,4,1,20.0,1
2025-03-31,P000061,LOC006,4,4,0,0.0,0
2025-03-31,P000061,LOC008,1,1,0,0.0,0
2025-03-31,P000061,LOC009,5,4,1,20.0,1
2025-03-31,P000061,LOC011,2,2,0,0.0,0
2025-03-31,P000061,LOC012,1,1,0,0.0,0
2025-03-31,P000061,LOC015,4,3,1,25.0,1
2025-03-31,P000061,LOC018,3,3,0,0.0,0
2025-03-31,P000061,LOC019,4,5,1,25.0,1
2025-03-31,P000061,LOC020,4,4,0,0.0,0
2025-03-31,P000062,LOC001,3,3,0,0.0,0
2025-03-31,P000062,LOC002,2,2,0,0.0,0
2025-03-31,P000062,LOC003,2,2,0,0.0,0
2025-03-31,P000062,LOC004,2,2,0,0.0,0
2025-03-31,P000062,LOC005,6,6,0,0.0,0
2025-03-31,P000062,LOC006,4,4,0,0.0,0
2025-03-31,P000062,LOC007,1,1,0,0.0,0
2025-03-31,P000062,LOC008,8,6,2,25.0,4
2025-03-31,P000062,LOC009,3,3,0,0.0,0
2025-03-31,P000062,LOC011,4,4,0,0.0,0
2025-03-31,P000062,LOC012,4,4,0,0.0,0
2025-03-31,P000062,LOC013,1,1,0,0.0,0
2025-03-31,P000062,LOC015,2,2,0,0.0,0
2025-03-31,P000062,LOC017,1,1,0,0.0,0
2025-03-31,P000062,LOC018,5,5,0,0.0,0
2025-03-31,P000062,LOC019,12,13,1,8.333333333333332,1
2025-03-31,P000063,LOC002,4,4,0,0.0,0
2025-03-31,P000063,LOC005,1,1,0,0.0,0
2025-03-31,P000063,LOC006,4,4,0,0.0,0
2025-03-31,P000063,LOC007,4,4,0,0.0,0
2025-03-31,P000063,LOC010,8,9,1,12.5,1
2025-03-31,P000063,LOC013,4,4,0,0.0,0
2025-03-31,P000063,LOC014,10,10,0,0.0,0
2025-03-31,P000063,LOC015,4,4,0,0.0,0
2025-03-31,P000063,LOC018,2,2,0,0.0,0
2025-03-31,P000063,LOC019,12,11,1,8.333333333333332,1
2025-03-31,P000064,LOC001,1,1,0,0.0,0
2025-03-31,P000064,LOC004,4,4,0,0.0,0
2025-03-31,P000064,LOC005,9,10,1,11.11111111111111,1
2025-03-31,P000064,LOC006,8,7,1,12.5,1
2025-03-31,P000064,LOC008,3,3,0,0.0,0
2025-03-31,P000064,LOC010,7,6,1,14.285714285714285,1
2025-03-31,P000064,LOC011,5,5,0,0.0,0
2025-03-31,P000064,LOC014,4,5,1,25.0,1
2025-03-31,P000064,LOC016,1,1,0,0.0,0
2025-03-31,P000064,LOC017,1,1,0,0.0,0
2025-03-31,P000064,LOC019,4,4,0,0.0,0
2025-03-31,P000065,LOC001,1,1,0,0.0,0
2025-03-31,P000065,LOC002,1,1,0,0.0,0
2025-03-31,P000065,LOC003,1,1,0,0.0,0
2025-03-31,P000065,LOC004,4,3,1,25.0,1
2025-03-31,P000065,LOC006,3,3,0,0.0,0
2025-03-31,P000065,LOC007,4,4,0,0.0,0
2025-03-31,P000065,LOC009,2,2,0,0.0,0
2025-03-31,P000065,LOC010,2,2,0,0.0,0
2025-03-31,P000065,LOC011,3,3,0,0.0,0
2025-03-31,P000065,LOC012,1,1,0,0.0,0
2025-03-31,P000065,LOC014,4,5,1,25.0,1
2025-03-31,P000065,LOC015,5,5,0,0.0,0
2025-03-31,P000065,LOC018,9,9,0,0.0,0
2025-03-31,P000065,LOC019,4,4,0,0.0,0
2025-03-31,P000066,LOC001,1,1,0,0.0,0
2025-03-31,P000066,LOC004,1,1,0,0.0,0
2025-03-31,P000066,LOC005,3,3,0,0.0,0
2025-03-31,P000066,LOC007,5,6,1,20.0,1
2025-03-31,P000066,LOC008,5,6,1,20.0,1
2025-03-31,P000066,LOC009,6,6,0,0.0,0
2025-03-31,P000066,LOC010,5,4,1,20.0,1
2025-03-31,P000066,LOC011,3,3,0,0.0,0
2025-03-31,P000066,LOC013,2,2,0,0.0,0
2025-03-31,P000066,LOC015,3,3,0,0.0,0
2025-03-31,P000066,LOC018,2,2,0,0.0,0
2025-03-31,P000066,LOC019,3,3,0,0.0,0
2025-03-31,P000067,LOC005,7,7,0,0.0,0
2025-03-31,P000067,LOC006,5,6,1,20.0,1
2025-03-31,P000067,LOC007,8,8,0,0.0,0
2025-03-31,P000067,LOC010,4,5,1,25.0,1
2025-03-31,P000067,LOC011,4,4,0,0.0,0
2025-03-31,P000067,LOC013,9,9,0,0.0,0
2025-03-31,P000067,LOC014,5,5,0,0.0,0
2025-03-31,P000067,LOC015,8,9,1,12.5,1
2025-03-31,P000067,LOC018,1,1,0,0.0,0
2025-03-31,P000067,LOC019,2,2,0,0.0,0
2025-03-31,P000067,LOC020,10,9,1,10.0,1
2025-03-31,P000068,LOC001,4,3,1,25.0,1
2025-03-31,P000068,LOC002,10,10,0,0.0,0
2025-03-31,P000068,LOC004,3,3,0,0.0,0
2025-03-31,P000068,LOC005,7,7,0,0.0,0
2025-03-31,P000068,LOC006,4,3,1,25.0,1
2025-03-31,P000068,LOC007,4,4,0,0.0,0
2025-03-31,P000068,LOC009,5,5,0,0.0,0
2025-03-31,P000068,LOC011,1,1,0,0.0,0
2025-03-31,P000068,LOC012,2,2,0,0.0,0
2025-03-31,P000068,LOC020,1,1,0,0.0,0
2025-03-31,P000069,LOC001,6,5,1,16.666666666666664,1
2025-03-31,P000069,LOC002,7,7,0,0.0,0
2025-03-31,P000069,LOC004,5,5,0,0.0,0
2025-03-31,P000069,LOC005,9,9,0,0.0,0
2025-03-31,P000069,LOC006,8,9,1,12.5,1
2025-03-31,P000069,LOC007,3,3,0,0.0,0
2025-03-31,P000069,LOC008,3,3,0,0.0,0
2025-03-31,P000069,LOC010,2,2,0,0.0,0
2025-03-31,P000069,LOC012,3,2,1,33.33333333333333,1
2025-03-31,P000069,LOC013,4,5,1,25.0,1
2025-03-31,P000069,LOC014,3,3,0,0.0,0
2025-03-31,P000069,LOC016,4,5,1,25.0,1
2025-03-31,P000069,LOC019,5,4,1,20.0,1
2025-03-31,P000069,LOC020,2,2,0,0.0,0
2025-03-31,P000070,LOC001,6,7,1,16.666666666666664,1
2025-03-31,P000070,LOC002,3,3,0,0.0,0
2025-03-31,P000070,LOC005,3,3,0,0.0,0
2025-03-31,P000070,LOC006,4,3,1,25.0,1
2025-03-31,P000070,LOC007,1,1,0,0.0,0
2025-03-31,P000070,LOC008,2,2,0,0.0,0
2025-03-31,P000070,LOC009,4,5,1,25.0,1
2025-03-31,P000070,LOC010,3,2,1,33.33333333333333,1
2025-03-31,P000070,LOC011,9,9,0,0.0,0
2025-03-31,P000070,LOC012,10,10,0,0.0,0
2025-03-31,P000070,LOC019,1,1,0,0.0,0
2025-03-31,P000071,LOC001,1,1,0,0.0,0
2025-03-31,P000071,LOC003,4,4,0,0.0,0
2025-03-31,P000071,LOC004,4,4,0,0.0,0
2025-03-31,P000071,LOC007,5,4,1,20.0,1
2025-03-31,P000071,LOC008,4,4,0,0.0,0
2025-03-31,P000071,LOC010,3,3,0,0.0,0
2025-03-31,P000071,LOC011,3,3,0,0.0,0
2025-03-31,P000071,LOC012,1,1,0,0.0,0
2025-03-31,P000071,LOC013,1,1,0,0.0,0
2025-03-31,P000071,LOC015,6,7,1,16.666666666666664,1
2025-03-31,P000071,LOC018,12,14,2,16.666666666666664,4
2025-03-31,P000071,LOC019,8,9,1,12.5,1
2025-03-31,P000072,LOC001,5,5,0,0.0,0
2025-03-31,P000072,LOC003,4,3,1,25.0,1
2025-03-31,P000072,LOC004,2,2,0,0.0,0
2025-03-31,P000072,LOC005,9,8,1,11.11111111111111,1
2025-03-31,P000072,LOC006,1,1,0,0.0,0
2025-03-31,P000072,LOC008,5,6,1,20.0,1
2025-03-31,P000072,LOC009,2,2,0,0.0,0
2025-03-31,P000072,LOC010,3,3,0,0.0,0
2025-03-31,P000072,LOC012,5,5,0,0.0,0
2025-03-31,P000072,LOC013,2,2,0,0.0,0
2025-03-31,P000072,LOC014,3,3,0,0.0,0
2025-03-31,P000072,LOC016,3,3,0,0.0,0
2025-03-31,P000072,LOC018,4,3,1,25.0,1
2025-03-31,P000072,LOC019,4,5,1,25.0,1
2025-03-31,P000072,LOC020,7,6,1,14.285714285714285,1
2025-03-31,P000073,LOC001,4,4,0,0.0,0
2025-03-31,P000073,LOC002,5,4,1,20.0,1
2025-03-31,P000073,LOC003,6,6,0,0.0,0
2025-03-31,P000073,LOC004,4,5,1,25.0,1
2025-03-31,P000073,LOC005,3,3,0,0.0,0
2025-03-31,P000073,LOC008,1,1,0,0.0,0
2025-03-31,P000073,LOC011,1,1,0,0.0,0
2025-03-31,P000073,LOC012,4,3,1,25.0,1
2025-03-31,P000073,LOC013,3,3,0,0.0,0
2025-03-31,P000073,LOC018,8,8,0,0.0,0
2025-03-31,P000073,LOC019,5,5,0,0.0,0
2025-03-31,P000074,LOC001,5,5,0,0.0,0
2025-03-31,P000074,LOC002,4,4,0,0.0,0
2025-03-31,P000074,LOC003,4,4,0,0.0,0
2025-03-31,P000074,LOC004,1,1,0,0.0,0
2025-03-31,P000074,LOC005,5,5,0,0.0,0
2025-03-31,P000074,LOC006,1,1,0,0.0,0
2025-03-31,P000074,LOC008,10,12,2,20.0,4
2025-03-31,P000074,LOC010,1,1,0,0.0,0
2025-03-31,P000074,LOC012,8,8,0,0.0,0
2025-03-31,P000074,LOC013,3,3,0,0.0,0
2025-03-31,P000074,LOC014,4,4,0,0.0,0
2025-03-31,P000074,LOC016,2,2,0,0.0,0
2025-03-31,P000074,LOC018,3,4,1,33.33333333333333,1
2025-03-31,P000074,LOC019,7,6,1,14.285714285714285,1
2025-03-31,P000074,LOC020,1,1,0,0.0,0
2025-03-31,P000075,LOC001,2,2,0,0.0,0
2025-03-31,P000075,LOC002,6,5,1,16.666666666666664,1
2025-03-31,P000075,LOC003,3,3,0,0.0,0
2025-03-31,P000075,LOC005,12,13,1,8.333333333333332,1
2025-03-31,P000075,LOC006,1,1,0,0.0,0
2025-03-31,P000075,LOC008,1,1,0,0.0,0
2025-03-31,P000075,LOC011,1,1,0,0.0,0
2025-03-31,P000075,LOC012,2,2,0,0.0,0
2025-03-31,P000075,LOC013,4,4,0,0.0,0
2025-03-31,P000075,LOC014,5,5,0,0.0,0
2025-03-31,P000075,LOC016,4,5,1,25.0,1
2025-03-31,P000075,LOC018,3,3,0,0.0,0
2025-03-31,P000075,LOC020,3,3,0,0.0,0
2025-03-31,P000076,LOC001,3,3,0,0.0,0
2025-03-31,P000076,LOC002,1,1,0,0.0,0
2025-03-31,P000076,LOC007,7,8,1,14.285714285714285,1
2025-03-31,P000076,LOC008,3,3,0,0.0,0
2025-03-31,P000076,LOC009,2,2,0,0.0,0
2025-03-31,P000076,LOC012,5,5,0,0.0,0
2025-03-31,P000076,LOC013,2,2,0,0.0,0
2025-03-31,P000076,LOC015,4,5,1,25.0,1
2025-03-31,P000076,LOC017,5,6,1,20.0,1
2025-03-31,P000076,LOC018,2,2,0,0.0,0
2025-03-31,P000076,LOC020,3,3,0,0.0,0
2025-03-31,P000077,LOC001,1,1,0,0.0,0
2025-03-31,P000077,LOC003,3,3,0,0.0,0
2025-03-31,P000077,LOC004,5,5,0,0.0,0
2025-03-31,P000077,LOC006,4,3,1,25.0,1
2025-03-31,P000077,LOC007,6,7,1,16.666666666666664,1
2025-03-31,P000077,LOC008,5,5,0,0.0,0
2025-03-31,P000077,LOC010,3,3,0,0.0,0
2025-03-31,P000077,LOC012,6,7,1,16.666666666666664,1
2025-03-31,P000077,LOC013,3,2,1,33.33333333333333,1
2025-03-31,P000077,LOC014,5,5,0,0.0,0
2025-03-31,P000077,LOC017,4,4,0,0.0,0
2025-03-31,P000077,LOC018,3,3,0,0.0,0
2025-03-31,P000077,LOC019,2,2,0,0.0,0
2025-03-31,P000077,LOC020,7,7,0,0.0,0
2025-03-31,P000078,LOC002,4,4,0,0.0,0
2025-03-31,P000078,LOC006,4,4,0,0.0,0
2025-03-31,P000078,LOC010,7,8,1,14.285714285714285,1
2025-03-31,P000078,LOC013,2,2,0,0.0,0
2025-03-31,P000078,LOC018,2,2,0,0.0,0
2025-03-31,P000078,LOC019,7,6,1,14.285714285714285,1
2025-03-31,P000078,LOC020,2,2,0,0.0,0
2025-03-31,P000079,LOC001,3,3,0,0.0,0
2025-03-31,P000079,LOC002,9,11,2,22.22222222222222,4
2025-03-31,P000079,LOC004,1,1,0,0.0,0
2025-03-31,P000079,LOC007,6,5,1,16.666666666666664,1
2025-03-31,P000079,LOC009,3,3,0,0.0,0
2025-03-31,P000079,LOC010,4,4,0,0.0,0
2025-03-31,P000079,LOC012,3,3,0,0.0,0
2025-03-31,P000079,LOC014,7,8,1,14.285714285714285,1
2025-03-31,P000079,LOC016,2,2,0,0.0,0
2025-03-31,P000079,LOC019,3,3,0,0.0,0
2025-03-31,P000079,LOC020,3,3,0,0.0,0
2025-03-31,P000080,LOC001,4,4,0,0.0,0
2025-03-31,P000080,LOC003,1,1,0,0.0,0
2025-03-31,P000080,LOC004,6,6,0,0.0,0
2025-03-31,P000080,LOC005,5,5,0,0.0,0
2025-03-31,P000080,LOC006,1,1,0,0.0,0
2025-03-31,P000080,LOC007,1,1,0,0.0,0
2025-03-31,P000080,LOC008,4,4,0,0.0,0
2025-03-31,P000080,LOC010,3,3,0,0.0,0
2025-03-31,P000080,LOC012,4,4,0,0.0,0
2025-03-31,P000080,LOC014,2,2,0,0.0,0
2025-03-31,P000080,LOC019,4,4,0,0.0,0
2025-03-31,P000080,LOC020,2,2,0,0.0,0
2025-03-31,P000081,LOC001,1,1,0,0.0,0
2025-03-31,P000081,LOC002,10,9,1,10.0,1
2025-03-31,P000081,LOC003,1,1,0,0.0,0
2025-03-31,P000081,LOC005,2,2,0,0.0,0
2025-03-31,P000081,LOC006,1,1,0,0.0,0
2025-03-31,P000081,LOC008,3,3,0,0.0,0
2025-03-31,P000081,LOC009,2,2,0,0.0,0
2025-03-31,P000081,LOC012,4,3,1,25.0,1
2025-03-31,P000081,LOC015,1,1,0,0.0,0
2025-03-31,P000081,LOC018,1,1,0,0.0,0
2025-03-31,P000081,LOC020,2,2,0,0.0,0
2025-03-31,P000082,LOC002,5,5,0,0.0,0
2025-03-31,P000082,LOC003,4,4,0,0.0,0
2025-03-31,P000082,LOC005,6,6,0,0.0,0
2025-03-31,P000082,LOC006,2,2,0,0.0,0
2025-03-31,P000082,LOC008,1,1,0,0.0,0
2025-03-31,P000082,LOC012,6,5,1,16.666666666666664,1
2025-03-31,P000082,LOC013,4,4,0,0.0,0
2025-03-31,P000082,LOC016,1,1,0,0.0,0
2025-03-31,P000082,LOC019,6,6,0,0.0,0
2025-03-31,P000083,LOC001,9,10,1,11.11111111111111,1
2025-03-31,P000083,LOC003,5,5,0,0.0,0
2025-03-31,P000083,LOC004,5,5,0,0.0,0
2025-03-31,P000083,LOC005,11,11,0,0.0,0
2025-03-31,P000083,LOC006,3,2,1,33.33333333333333,1
2025-03-31,P000083,LOC007,7,7,0,0.0,0
2025-03-31,P000083,LOC010,4,4,0,0.0,0
2025-03-31,P000083,LOC011,2,2,0,0.0,0
2025-03-31,P000083,LOC013,1,1,0,0.0,0
2025-03-31,P000083,LOC015,4,3,1,25.0,1
2025-03-31,P000083,LOC018,1,1,0,0.0,0
2025-03-31,P000084,LOC001,1,1,0,0.0,0
2025-03-31,P000084,LOC002,3,3,0,0.0,0
2025-03-31,P000084,LOC004,5,5,0,0.0,0
2025-03-31,P000084,LOC007,2,2,0,0.0,0
2025-03-31,P000084,LOC009,1,1,0,0.0,0
2025-03-31,P000084,LOC012,3,3,0,0.0,0
2025-03-31,P000084,LOC013,4,5,1,25.0,1
2025-03-31,P000084,LOC014,1,1,0,0.0,0
2025-03-31,P000084,LOC019,9,11,2,22.22222222222222,4
2025-03-31,P000084,LOC020,2,2,0,0.0,0
2025-03-31,P000085,LOC001,3,3,0,0.0,0
2025-03-31,P000085,LOC003,6,6,0,0.0,0
2025-03-31,P000085,LOC004,4,5,1,25.0,1
2025-03-31,P000085,LOC005,4,4,0,0.0,0
2025-03-31,P000085,LOC006,1,1,0,0.0,0
2025-03-31,P000085,LOC007,1,1,0,0.0,0
2025-03-31,P000085,LOC010,4,4,0,0.0,0
2025-03-31,P000085,LOC011,1,1,0,0.0,0
2025-03-31,P000085,LOC014,4,4,0,0.0,0
2025-03-31,P000085,LOC017,2,2,0,0.0,0
2025-03-31,P000085,LOC018,6,6,0,0.0,0
2025-03-31,P000085,LOC019,7,6,1,14.285714285714285,1
2025-03-31,P000086,LOC003,3,4,1,33.33333333333333,1
2025-03-31,P000086,LOC004,5,5,0,0.0,0
2025-03-31,P000086,LOC006,5,5,0,0.0,0
2025-03-31,P000086,LOC007,10,11,1,10.0,1
2025-03-31,P000086,LOC009,8,7,1,12.5,1
2025-03-31,P000086,LOC011,7,7,0,0.0,0
2025-03-31,P000086,LOC012,6,7,1,16.666666666666664,1
2025-03-31,P000086,LOC013,9,9,0,0.0,0
2025-03-31,P000086,LOC014,6,5,1,16.666666666666664,1
2025-03-31,P000086,LOC015,4,4,0,0.0,0
2025-03-31,P000086,LOC017,3,3,0,0.0,0
2025-03-31,P000086,LOC018,4,3,1,25.0,1
2025-03-31,P000086,LOC020,5,5,0,0.0,0
2025-03-31,P000087,LOC001,7,8,1,14.285714285714285,1
2025-03-31,P000087,LOC002,7,7,0,0.0,0
2025-03-31,P000087,LOC003,4,4,0,0.0,0
2025-03-31,P000087,LOC004,2,2,0,0.0,0
2025-03-31,P000087,LOC005,1,1,0,0.0,0
2025-03-31,P000087,LOC006,6,5,1,16.666666666666664,1
2025-03-31,P000087,LOC009,2,2,0,0.0,0
2025-03-31,P000087,LOC011,2,2,0,0.0,0
2025-03-31,P000087,LOC014,4,4,0,0.0,0
2025-03-31,P000087,LOC016,3,3,0,0.0,0
2025-03-31,P000087,LOC017,4,3,1,25.0,1
2025-03-31,P000087,LOC018,3,3,0,0.0,0
2025-03-31,P000087,LOC020,1,1,0,0.0,0
2025-03-31,P000088,LOC003,4,4,0,0.0,0
2025-03-31,P000088,LOC004,8,9,1,12.5,1
2025-03-31,P000088,LOC006,5,6,1,20.0,1
2025-03-31,P000088,LOC008,8,8,0,0.0,0
2025-03-31,P000088,LOC009,7,7,0,0.0,0
2025-03-31,P000088,LOC011,2,2,0,0.0,0
2025-03-31,P000088,LOC012,3,4,1,33.33333333333333,1
2025-03-31,P000088,LOC016,3,3,0,0.0,0
2025-03-31,P000088,LOC018,3,4,1,33.33333333333333,1
2025-03-31,P000088,LOC020,3,4,1,33.33333333333333,1
2025-03-31,P000089,LOC001,6,6,0,0.0,0
2025-03-31,P000089,LOC002,1,1,0,0.0,0
2025-03-31,P000089,LOC003,2,2,0,0.0,0
2025-03-31,P000089,LOC004,1,1,0,0.0,0
2025-03-31,P000089,LOC006,3,4,1,33.33333333333333,1
2025-03-31,P000089,LOC009,8,9,1,12.5,1
2025-03-31,P000089,LOC012,4,3,1,25.0,1
2025-03-31,P000089,LOC013,1,1,0,0.0,0
2025-03-31,P000089,LOC018,3,4,1,33.33333333333333,1
2025-03-31,P000090,LOC001,7,7,0,0.0,0
2025-03-31,P000090,LOC002,3,3,0,0.0,0
2025-03-31,P000090,LOC003,13,12,1,7.6923076923076925,1
2025-03-31,P000090,LOC004,3,3,0,0.0,0
2025-03-31,P000090,LOC005,2,2,0,0.0,0
2025-03-31,P000090,LOC006,3,3,0,0.0,0
2025-03-31,P000090,LOC007,3,3,0,0.0,0
2025-03-31,P000090,LOC008,2,2,0,0.0,0
2025-03-31,P000090,LOC009,5,4,1,20.0,1
2025-03-31,P000090,LOC011,3,2,1,33.33333333333333,1
2025-03-31,P000090,LOC012,3,3,0,0.0,0
2025-03-31,P000090,LOC015,5,5,0,0.0,0
2025-03-31,P000090,LOC017,5,5,0,0.0,0
2025-03-31,P000090,LOC020,6,6,0,0.0,0
2025-03-31,P000091,LOC002,1,1,0,0.0,0
2025-03-31,P000091,LOC003,2,2,0,0.0,0
2025-03-31,P000091,LOC004,4,4,0,0.0,0
2025-03-31,P000091,LOC007,5,5,0,0.0,0
2025-03-31,P000091,LOC008,10,9,1,10.0,1
2025-03-31,P000091,LOC010,2,2,0,0.0,0
2025-03-31,P000091,LOC011,5,5,0,0.0,0
2025-03-31,P000091,LOC012,1,1,0,0.0,0
2025-03-31,P000091,LOC015,5,6,1,20.0,1
2025-03-31,P000091,LOC017,5,5,0,0.0,0
2025-03-31,P000091,LOC018,3,2,1,33.33333333333333,1
2025-03-31,P000091,LOC019,3,4,1,33.33333333333333,1
2025-03-31,P000092,LOC001,1,1,0,0.0,0
2025-03-31,P000092,LOC002,7,7,0,0.0,0
2025-03-31,P000092,LOC003,3,3,0,0.0,0
2025-03-31,P000092,LOC004,6,6,0,0.0,0
2025-03-31,P000092,LOC007,3,3,0,0.0,0
2025-03-31,P000092,LOC008,1,1,0,0.0,0
2025-03-31,P000092,LOC009,2,2,0,0.0,0
2025-03-31,P000092,LOC010,1,1,0,0.0,0
2025-03-31,P000092,LOC012,5,5,0,0.0,0
2025-03-31,P000092,LOC013,7,7,0,0.0,0
2025-03-31,P000092,LOC014,2,2,0,0.0,0
2025-03-31,P000092,LOC016,7,8,1,14.285714285714285,1
2025-03-31,P000092,LOC019,2,2,0,0.0,0
2025-03-31,P000092,LOC020,3,3,0,0.0,0
2025-03-31,P000093,LOC001,3,3,0,0.0,0
2025-03-31,P000093,LOC004,1,1,0,0.0,0
2025-03-31,P000093,LOC005,5,6,1,20.0,1
2025-03-31,P000093,LOC006,8,9,1,12.5,1
2025-03-31,P000093,LOC007,3,3,0,0.0,0
2025-03-31,P000093,LOC008,2,2,0,0.0,0
2025-03-31,P000093,LOC012,3,4,1,33.33333333333333,1
2025-03-31,P000093,LOC014,3,3,0,0.0,0
2025-03-31,P000093,LOC019,4,5,1,25.0,1
2025-03-31,P000093,LOC020,3,3,0,0.0,0
2025-03-31,P000094,LOC001,7,8,1,14.285714285714285,1
2025-03-31,P000094,LOC004,3,3,0,0.0,0
2025-03-31,P000094,LOC005,5,6,1,20.0,1
2025-03-31,P000094,LOC006,1,1,0,0.0,0
2025-03-31,P000094,LOC007,2,2,0,0.0,0
2025-03-31,P000094,LOC008,5,5,0,0.0,0
2025-03-31,P000094,LOC011,2,2,0,0.0,0
2025-03-31,P000094,LOC012,2,2,0,0.0,0
2025-03-31,P000094,LOC013,10,12,2,20.0,4
2025-03-31,P000094,LOC014,8,8,0,0.0,0
2025-03-31,P000094,LOC015,1,1,0,0.0,0
2025-03-31,P000094,LOC016,4,4,0,0.0,0
2025-03-31,P000094,LOC017,1,1,0,0.0,0
2025-03-31,P000094,LOC018,6,7,1,16.666666666666664,1
2025-03-31,P000094,LOC019,5,5,0,0.0,0
2025-03-31,P000095,LOC001,7,7,0,0.0,0
2025-03-31,P000095,LOC002,8,7,1,12.5,1
2025-03-31,P000095,LOC004,6,7,1,16.666666666666664,1
2025-03-31,P000095,LOC005,2,2,0,0.0,0
2025-03-31,P000095,LOC006,2,2,0,0.0,0
2025-03-31,P000095,LOC009,1,1,0,0.0,0
2025-03-31,P000095,LOC011,1,1,0,0.0,0
2025-03-31,P000095,LOC012,1,1,0,0.0,0
2025-03-31,P000095,LOC013,1,1,0,0.0,0
2025-03-31,P000095,LOC014,1,1,0,0.0,0
2025-03-31,P000095,LOC015,2,2,0,0.0,0
2025-03-31,P000095,LOC016,2,2,0,0.0,0
2025-03-31,P000095,LOC018,4,3,1,25.0,1
2025-03-31,P000095,LOC019,4,4,0,0.0,0
2025-03-31,P000095,LOC020,4,3,1,25.0,1
2025-03-31,P000096,LOC001,4,4,0,0.0,0
2025-03-31,P000096,LOC002,2,2,0,0.0,0
2025-03-31,P000096,LOC003,3,3,0,0.0,0
2025-03-31,P000096,LOC005,2,2,0,0.0,0
2025-03-31,P000096,LOC006,1,1,0,0.0,0
2025-03-31,P000096,LOC008,2,2,0,0.0,0
2025-03-31,P000096,LOC009,5,5,0,0.0,0
2025-03-31,P000096,LOC010,8,9,1,12.5,1
2025-03-31,P000096,LOC012,3,3,0,0.0,0
2025-03-31,P000096,LOC013,5,4,1,20.0,1
2025-03-31,P000096,LOC016,1,1,0,0.0,0
2025-03-31,P000096,LOC018,2,2,0,0.0,0
2025-03-31,P000096,LOC019,2,2,0,0.0,0
2025-03-31,P000096,LOC020,1,1,0,0.0,0
2025-03-31,P000097,LOC004,9,8,1,11.11111111111111,1
2025-03-31,P000097,LOC005,2,2,0,0.0,0
2025-03-31,P000097,LOC009,4,4,0,0.0,0
2025-03-31,P000097,LOC010,2,2,0,0.0,0
2025-03-31,P000097,LOC012,4,3,1,25.0,1
2025-03-31,P000097,LOC013,2,2,0,0.0,0
2025-03-31,P000097,LOC014,1,1,0,0.0,0
2025-03-31,P000097,LOC015,1,1,0,0.0,0
2025-03-31,P000097,LOC018,4,3,1,25.0,1
2025-03-31,P000097,LOC020,2,2,0,0.0,0
2025-03-31,P000098,LOC001,3,3,0,0.0,0
2025-03-31,P000098,LOC002,3,2,1,33.33333333333333,1
2025-03-31,P000098,LOC005,2,2,0,0.0,0
2025-03-31,P000098,LOC007,7,6,1,14.285714285714285,1
2025-03-31,P000098,LOC010,3,3,0,0.0,0
2025-03-31,P000098,LOC013,5,6,1,20.0,1
2025-03-31,P000098,LOC015,1,1,0,0.0,0
2025-03-31,P000098,LOC017,8,6,2,25.0,4
2025-03-31,P000098,LOC018,4,4,0,0.0,0
2025-03-31,P000098,LOC020,4,4,0,0.0,0
2025-03-31,P000099,LOC002,5,4,1,20.0,1
2025-03-31,P000099,LOC003,3,2,1,33.33333333333333,1
2025-03-31,P000099,LOC006,4,5,1,25.0,1
2025-03-31,P000099,LOC007,1,1,0,0.0,0
2025-03-31,P000099,LOC010,6,6,0,0.0,0
2025-03-31,P000099,LOC012,4,3,1,25.0,1
2025-03-31,P000099,LOC013,1,1,0,0.0,0
2025-03-31,P000099,LOC014,1,1,0,0.0,0
2025-03-31,P000099,LOC015,3,3,0,0.0,0
2025-03-31,P000099,LOC016,6,5,1,16.666666666666664,1
2025-03-31,P000099,LOC018,4,4,0,0.0,0
2025-03-31,P000099,LOC019,2,2,0,0.0,0
2025-03-31,P000099,LOC020,5,5,0,0.0,0
2025-03-31,P000100,LOC001,6,7,1,16.666666666666664,1
2025-03-31,P000100,LOC003,2,2,0,0.0,0
2025-03-31,P000100,LOC004,3,2,1,33.33333333333333,1
2025-03-31,P000100,LOC007,5,4,1,20.0,1
2025-03-31,P000100,LOC010,5,5,0,0.0,0
2025-03-31,P000100,LOC013,5,6,1,20.0,1
2025-03-31,P000100,LOC014,1,1,0,0.0,0
2025-03-31,P000100,LOC016,2,2,0,0.0,0
2025-03-31,P000100,LOC019,7,8,1,14.285714285714285,1
2025-03-31,P000100,LOC020,4,4,0,0.0,0
