date,product_id,site_id,quantity,unit_cost,supplier_id,last_restock_date,reorder_point,max_stock_level
2024-10-02,P000001,LOC001,252,294.57,S0011,2024-09-07,32,867
2024-11-01,P000001,LOC001,254,289.02,S0011,2024-10-11,32,867
2024-12-01,P000001,LOC001,249,271.21,S0011,2024-11-21,32,867
2024-12-31,P000001,LOC001,337,284.17,S0011,2024-12-02,32,867
2025-01-30,P000001,LOC001,352,281.47,S0011,2025-01-09,32,867
2025-03-01,P000001,LOC001,399,275.17,S0011,2025-02-27,32,867
2025-03-31,P000001,LOC001,428,293.89,S0011,2025-03-15,32,867
2024-10-02,P000001,LOC002,314,281.45,S0011,2024-09-22,32,867
2024-11-01,P000001,LOC002,377,282.64,S0011,2024-10-08,32,867
2024-12-01,P000001,LOC002,364,278.11,S0011,2024-11-28,32,867
2024-12-31,P000001,LOC002,391,288.25,S0011,2024-12-09,32,867
2025-01-30,P000001,LOC002,442,277.61,S0011,2025-01-19,32,867
2025-03-01,P000001,LOC002,434,292.02,S0011,2025-02-13,32,867
2025-03-31,P000001,LOC002,386,295.39,S0011,2025-03-17,32,867
2024-10-02,P000001,LOC003,191,289.03,S0011,2024-09-21,32,867
2024-11-01,P000001,LOC003,185,279.07,S0011,2024-10-14,32,867
2024-12-01,P000001,LOC003,230,283.74,S0011,2024-11-09,32,867
2024-12-31,P000001,LOC003,188,271.66,S0011,2024-12-12,32,867
2025-01-30,P000001,LOC003,202,270.15,S0011,2025-01-22,32,867
2025-03-01,P000001,LOC003,293,292.82,S0011,2025-02-13,32,867
2025-03-31,P000001,LOC003,283,278.79,S0011,2025-03-22,32,867
2024-10-02,P000001,LOC004,303,296.6,S0011,2024-09-12,32,867
2024-11-01,P000001,LOC004,379,289.48,S0011,2024-10-25,32,867
2024-12-01,P000001,LOC004,464,281.14,S0011,2024-11-06,32,867
2024-12-31,P000001,LOC004,462,290.86,S0011,2024-12-18,32,867
2025-01-30,P000001,LOC004,423,293.2,S0011,2025-01-24,32,867
2025-03-01,P000001,LOC004,477,272.21,S0011,2025-02-06,32,867
2025-03-31,P000001,LOC004,546,275.32,S0011,2025-03-21,32,867
2024-10-02,P000001,LOC005,240,290.98,S0011,2024-09-06,32,867
2024-11-01,P000001,LOC005,277,272.04,S0011,2024-10-18,32,867
2024-12-01,P000001,LOC005,307,296.76,S0011,2024-11-18,32,867
2024-12-31,P000001,LOC005,320,270.44,S0011,2024-12-26,32,867
2025-01-30,P000001,LOC005,348,286.95,S0011,2025-01-17,32,867
2025-03-01,P000001,LOC005,387,277.09,S0011,2025-02-04,32,867
2025-03-31,P000001,LOC005,356,274.15,S0011,2025-03-21,32,867
2024-10-02,P000001,LOC006,317,273.77,S0011,2024-09-12,32,867
2024-11-01,P000001,LOC006,324,291.83,S0011,2024-10-28,32,867
2024-12-01,P000001,LOC006,414,271.34,S0011,2024-11-02,32,867
2024-12-31,P000001,LOC006,474,282.92,S0011,2024-12-19,32,867
2025-01-30,P000001,LOC006,431,275.39,S0011,2025-01-22,32,867
2025-03-01,P000001,LOC006,502,281.34,S0011,2025-02-19,32,867
2025-03-31,P000001,LOC006,598,277.68,S0011,2025-03-03,32,867
2024-10-02,P000001,LOC007,239,284.89,S0011,2024-09-02,32,867
2024-11-01,P000001,LOC007,248,271.7,S0011,2024-10-06,32,867
2024-12-01,P000001,LOC007,318,274.46,S0011,2024-11-30,32,867
2024-12-31,P000001,LOC007,378,272.51,S0011,2024-12-14,32,867
2025-01-30,P000001,LOC007,379,272.84,S0011,2024-12-31,32,867
2025-03-01,P000001,LOC007,387,286.0,S0011,2025-02-28,32,867
2025-03-31,P000001,LOC007,422,274.96,S0011,2025-03-10,32,867
2024-10-02,P000001,LOC008,246,276.29,S0011,2024-09-08,32,867
2024-11-01,P000001,LOC008,201,282.54,S0011,2024-10-29,32,867
2024-12-01,P000001,LOC008,172,292.6,S0011,2024-11-21,32,867
2024-12-31,P000001,LOC008,242,289.14,S0011,2024-12-29,32,867
2025-01-30,P000001,LOC008,197,283.61,S0011,2025-01-17,32,867
2025-03-01,P000001,LOC008,297,296.12,S0011,2025-02-17,32,867
2025-03-31,P000001,LOC008,254,278.74,S0011,2025-03-14,32,867
2024-10-02,P000001,LOC009,204,273.16,S0011,2024-09-20,32,867
2024-11-01,P000001,LOC009,163,284.45,S0011,2024-10-14,32,867
2024-12-01,P000001,LOC009,174,283.34,S0011,2024-11-02,32,867
2024-12-31,P000001,LOC009,172,292.7,S0011,2024-12-21,32,867
2025-01-30,P000001,LOC009,140,293.69,S0011,2025-01-18,32,867
2025-03-01,P000001,LOC009,237,283.23,S0011,2025-02-03,32,867
2025-03-31,P000001,LOC009,305,274.97,S0011,2025-03-23,32,867
2024-10-02,P000001,LOC010,206,276.6,S0011,2024-09-14,32,867
2024-11-01,P000001,LOC010,301,288.99,S0011,2024-10-26,32,867
2024-12-01,P000001,LOC010,367,290.33,S0011,2024-11-18,32,867
2024-12-31,P000001,LOC010,397,291.93,S0011,2024-12-19,32,867
2025-01-30,P000001,LOC010,362,285.5,S0011,2025-01-18,32,867
2025-03-01,P000001,LOC010,417,272.03,S0011,2025-02-28,32,867
2025-03-31,P000001,LOC010,487,287.68,S0011,2025-03-26,32,867
2024-10-02,P000001,LOC011,274,296.99,S0011,2024-09-19,32,867
2024-11-01,P000001,LOC011,290,281.91,S0011,2024-10-05,32,867
2024-12-01,P000001,LOC011,310,297.77,S0011,2024-11-14,32,867
2024-12-31,P000001,LOC011,314,279.45,S0011,2024-12-13,32,867
2025-01-30,P000001,LOC011,305,290.53,S0011,2025-01-24,32,867
2025-03-01,P000001,LOC011,360,275.21,S0011,2025-02-16,32,867
2025-03-31,P000001,LOC011,327,295.12,S0011,2025-03-20,32,867
2024-10-02,P000001,LOC012,194,284.6,S0011,2024-09-27,32,867
2024-11-01,P000001,LOC012,177,292.17,S0011,2024-10-31,32,867
2024-12-01,P000001,LOC012,220,291.04,S0011,2024-11-23,32,867
2024-12-31,P000001,LOC012,291,280.66,S0011,2024-12-17,32,867
2025-01-30,P000001,LOC012,299,270.18,S0011,2025-01-10,32,867
2025-03-01,P000001,LOC012,363,292.8,S0011,2025-02-18,32,867
2025-03-31,P000001,LOC012,318,277.73,S0011,2025-03-21,32,867
2024-10-02,P000001,LOC013,282,296.15,S0011,2024-09-09,32,867
2024-11-01,P000001,LOC013,340,285.62,S0011,2024-10-16,32,867
2024-12-01,P000001,LOC013,315,296.06,S0011,2024-11-14,32,867
2024-12-31,P000001,LOC013,356,288.75,S0011,2024-12-04,32,867
2025-01-30,P000001,LOC013,359,270.05,S0011,2024-12-31,32,867
2025-03-01,P000001,LOC013,322,296.86,S0011,2025-02-11,32,867
2025-03-31,P000001,LOC013,408,279.86,S0011,2025-03-02,32,867
2024-10-02,P000001,LOC014,333,274.07,S0011,2024-09-04,32,867
2024-11-01,P000001,LOC014,388,297.17,S0011,2024-10-12,32,867
2024-12-01,P000001,LOC014,443,283.24,S0011,2024-11-29,32,867
2024-12-31,P000001,LOC014,428,298.0,S0011,2024-12-18,32,867
2025-01-30,P000001,LOC014,448,273.4,S0011,2025-01-15,32,867
2025-03-01,P000001,LOC014,483,283.85,S0011,2025-02-26,32,867
2025-03-31,P000001,LOC014,525,293.73,S0011,2025-03-01,32,867
2024-10-02,P000001,LOC015,268,279.88,S0011,2024-09-09,32,867
2024-11-01,P000001,LOC015,349,273.98,S0011,2024-10-21,32,867
2024-12-01,P000001,LOC015,389,282.51,S0011,2024-11-08,32,867
2024-12-31,P000001,LOC015,382,296.89,S0011,2024-12-21,32,867
2025-01-30,P000001,LOC015,378,286.13,S0011,2025-01-29,32,867
2025-03-01,P000001,LOC015,467,283.67,S0011,2025-02-09,32,867
2025-03-31,P000001,LOC015,455,277.9,S0011,2025-03-14,32,867
2024-10-02,P000001,LOC016,293,292.36,S0011,2024-09-06,32,867
2024-11-01,P000001,LOC016,280,286.86,S0011,2024-10-10,32,867
2024-12-01,P000001,LOC016,369,275.12,S0011,2024-11-27,32,867
2024-12-31,P000001,LOC016,435,280.98,S0011,2024-12-24,32,867
2025-01-30,P000001,LOC016,480,288.53,S0011,2025-01-16,32,867
2025-03-01,P000001,LOC016,432,282.17,S0011,2025-02-17,32,867
2025-03-31,P000001,LOC016,492,285.43,S0011,2025-03-18,32,867
2024-10-02,P000001,LOC017,333,295.53,S0011,2024-09-09,32,867
2024-11-01,P000001,LOC017,338,276.41,S0011,2024-10-23,32,867
2024-12-01,P000001,LOC017,429,280.82,S0011,2024-11-15,32,867
2024-12-31,P000001,LOC017,438,277.0,S0011,2024-12-09,32,867
2025-01-30,P000001,LOC017,388,280.13,S0011,2025-01-06,32,867
2025-03-01,P000001,LOC017,484,288.26,S0011,2025-01-31,32,867
2025-03-31,P000001,LOC017,440,292.72,S0011,2025-03-12,32,867
2024-10-02,P000001,LOC018,301,292.29,S0011,2024-09-27,32,867
2024-11-01,P000001,LOC018,295,273.32,S0011,2024-10-04,32,867
2024-12-01,P000001,LOC018,260,282.86,S0011,2024-11-15,32,867
2024-12-31,P000001,LOC018,262,283.23,S0011,2024-12-21,32,867
2025-01-30,P000001,LOC018,242,292.22,S0011,2024-12-31,32,867
2025-03-01,P000001,LOC018,240,280.39,S0011,2025-02-27,32,867
2025-03-31,P000001,LOC018,270,284.96,S0011,2025-03-17,32,867
2024-10-02,P000001,LOC019,295,275.71,S0011,2024-09-28,32,867
2024-11-01,P000001,LOC019,267,291.76,S0011,2024-10-18,32,867
2024-12-01,P000001,LOC019,232,274.27,S0011,2024-11-10,32,867
2024-12-31,P000001,LOC019,277,289.86,S0011,2024-12-25,32,867
2025-01-30,P000001,LOC019,310,279.18,S0011,2025-01-29,32,867
2025-03-01,P000001,LOC019,274,273.1,S0011,2025-02-16,32,867
2025-03-31,P000001,LOC019,252,292.38,S0011,2025-03-26,32,867
2024-10-02,P000001,LOC020,254,271.09,S0011,2024-09-10,32,867
2024-11-01,P000001,LOC020,343,292.04,S0011,2024-10-20,32,867
2024-12-01,P000001,LOC020,399,274.87,S0011,2024-11-16,32,867
2024-12-31,P000001,LOC020,499,291.15,S0011,2024-12-25,32,867
2025-01-30,P000001,LOC020,485,272.13,S0011,2025-01-18,32,867
2025-03-01,P000001,LOC020,535,289.81,S0011,2025-02-10,32,867
2025-03-31,P000001,LOC020,497,284.02,S0011,2025-03-18,32,867
2024-10-02,P000002,LOC001,117,335.85,S0027,2024-09-11,45,155
2024-11-01,P000002,LOC001,112,349.23,S0027,2024-10-31,45,155
2024-12-01,P000002,LOC001,119,356.34,S0027,2024-11-17,45,155
2024-12-31,P000002,LOC001,133,354.06,S0027,2024-12-26,45,155
2025-01-30,P000002,LOC001,122,359.66,S0027,2025-01-07,45,155
2025-03-01,P000002,LOC001,122,355.57,S0027,2025-02-26,45,155
2025-03-31,P000002,LOC001,116,358.88,S0027,2025-03-04,45,155
2024-10-02,P000002,LOC002,118,338.92,S0027,2024-09-24,45,155
2024-11-01,P000002,LOC002,144,340.17,S0027,2024-10-02,45,155
2024-12-01,P000002,LOC002,133,357.47,S0027,2024-11-05,45,155
2024-12-31,P000002,LOC002,132,362.55,S0027,2024-12-27,45,155
2025-01-30,P000002,LOC002,115,354.18,S0027,2025-01-08,45,155
2025-03-01,P000002,LOC002,136,337.88,S0027,2025-02-28,45,155
2025-03-31,P000002,LOC002,114,336.31,S0027,2025-03-22,45,155
2024-10-02,P000002,LOC003,123,357.22,S0027,2024-09-05,45,155
2024-11-01,P000002,LOC003,146,353.92,S0027,2024-10-06,45,155
2024-12-01,P000002,LOC003,133,341.47,S0027,2024-11-18,45,155
2024-12-31,P000002,LOC003,130,348.98,S0027,2024-12-19,45,155
2025-01-30,P000002,LOC003,135,328.31,S0027,2025-01-16,45,155
2025-03-01,P000002,LOC003,141,358.07,S0027,2025-02-05,45,155
2025-03-31,P000002,LOC003,138,350.18,S0027,2025-03-18,45,155
2024-10-02,P000002,LOC004,117,343.49,S0027,2024-09-12,45,155
2024-11-01,P000002,LOC004,109,353.0,S0027,2024-10-12,45,155
2024-12-01,P000002,LOC004,120,329.99,S0027,2024-11-29,45,155
2024-12-31,P000002,LOC004,118,332.16,S0027,2024-12-05,45,155
2025-01-30,P000002,LOC004,116,355.82,S0027,2025-01-01,45,155
2025-03-01,P000002,LOC004,145,342.13,S0027,2025-01-30,45,155
2025-03-31,P000002,LOC004,142,329.09,S0027,2025-03-04,45,155
2024-10-02,P000002,LOC005,120,336.52,S0027,2024-09-24,45,155
2024-11-01,P000002,LOC005,133,341.72,S0027,2024-10-18,45,155
2024-12-01,P000002,LOC005,123,351.79,S0027,2024-11-23,45,155
2024-12-31,P000002,LOC005,143,359.88,S0027,2024-12-20,45,155
2025-01-30,P000002,LOC005,126,338.4,S0027,2025-01-21,45,155
2025-03-01,P000002,LOC005,118,332.1,S0027,2025-02-03,45,155
2025-03-31,P000002,LOC005,118,328.66,S0027,2025-03-09,45,155
2024-10-02,P000002,LOC006,130,351.78,S0027,2024-09-14,45,155
2024-11-01,P000002,LOC006,118,354.11,S0027,2024-10-04,45,155
2024-12-01,P000002,LOC006,131,337.11,S0027,2024-11-05,45,155
2024-12-31,P000002,LOC006,143,355.1,S0027,2024-12-02,45,155
2025-01-30,P000002,LOC006,123,341.63,S0027,2025-01-06,45,155
2025-03-01,P000002,LOC006,116,329.13,S0027,2025-01-30,45,155
2025-03-31,P000002,LOC006,147,347.86,S0027,2025-03-26,45,155
2024-10-02,P000002,LOC007,128,356.65,S0027,2024-09-29,45,155
2024-11-01,P000002,LOC007,112,351.37,S0027,2024-10-29,45,155
2024-12-01,P000002,LOC007,110,346.98,S0027,2024-11-06,45,155
2024-12-31,P000002,LOC007,112,337.75,S0027,2024-12-29,45,155
2025-01-30,P000002,LOC007,132,344.43,S0027,2025-01-29,45,155
2025-03-01,P000002,LOC007,139,360.39,S0027,2025-02-27,45,155
2025-03-31,P000002,LOC007,124,339.28,S0027,2025-03-02,45,155
2024-10-02,P000002,LOC008,110,346.5,S0027,2024-09-15,45,155
2024-11-01,P000002,LOC008,123,355.76,S0027,2024-10-29,45,155
2024-12-01,P000002,LOC008,147,336.78,S0027,2024-11-27,45,155
2024-12-31,P000002,LOC008,129,348.88,S0027,2024-12-20,45,155
2025-01-30,P000002,LOC008,146,347.04,S0027,2025-01-11,45,155
2025-03-01,P000002,LOC008,141,358.97,S0027,2025-02-12,45,155
2025-03-31,P000002,LOC008,108,352.15,S0027,2025-03-18,45,155
2024-10-02,P000002,LOC009,136,338.94,S0027,2024-09-14,45,155
2024-11-01,P000002,LOC009,134,354.99,S0027,2024-10-11,45,155
2024-12-01,P000002,LOC009,129,339.8,S0027,2024-11-29,45,155
2024-12-31,P000002,LOC009,118,340.41,S0027,2024-12-23,45,155
2025-01-30,P000002,LOC009,133,344.65,S0027,2025-01-13,45,155
2025-03-01,P000002,LOC009,112,354.03,S0027,2025-02-13,45,155
2025-03-31,P000002,LOC009,125,355.0,S0027,2025-03-14,45,155
2024-10-02,P000002,LOC010,126,357.88,S0027,2024-09-04,45,155
2024-11-01,P000002,LOC010,145,360.76,S0027,2024-10-11,45,155
2024-12-01,P000002,LOC010,142,334.26,S0027,2024-11-25,45,155
2024-12-31,P000002,LOC010,118,339.37,S0027,2024-12-11,45,155
2025-01-30,P000002,LOC010,127,360.92,S0027,2025-01-20,45,155
2025-03-01,P000002,LOC010,115,350.47,S0027,2025-02-28,45,155
2025-03-31,P000002,LOC010,143,333.64,S0027,2025-03-05,45,155
2024-10-02,P000002,LOC011,142,355.46,S0027,2024-09-17,45,155
2024-11-01,P000002,LOC011,120,341.04,S0027,2024-10-29,45,155
2024-12-01,P000002,LOC011,133,359.1,S0027,2024-11-24,45,155
2024-12-31,P000002,LOC011,132,344.69,S0027,2024-12-14,45,155
2025-01-30,P000002,LOC011,114,347.81,S0027,2025-01-09,45,155
2025-03-01,P000002,LOC011,138,359.9,S0027,2025-02-28,45,155
2025-03-31,P000002,LOC011,129,342.87,S0027,2025-03-20,45,155
2024-10-02,P000002,LOC012,138,341.16,S0027,2024-09-06,45,155
2024-11-01,P000002,LOC012,129,359.11,S0027,2024-10-03,45,155
2024-12-01,P000002,LOC012,108,349.19,S0027,2024-11-07,45,155
2024-12-31,P000002,LOC012,121,361.35,S0027,2024-12-23,45,155
2025-01-30,P000002,LOC012,109,333.54,S0027,2025-01-18,45,155
2025-03-01,P000002,LOC012,144,355.62,S0027,2025-02-21,45,155
2025-03-31,P000002,LOC012,142,357.94,S0027,2025-03-06,45,155
2024-10-02,P000002,LOC013,140,332.8,S0027,2024-09-15,45,155
2024-11-01,P000002,LOC013,120,351.48,S0027,2024-10-08,45,155
2024-12-01,P000002,LOC013,110,361.19,S0027,2024-11-04,45,155
2024-12-31,P000002,LOC013,142,346.64,S0027,2024-12-13,45,155
2025-01-30,P000002,LOC013,145,357.3,S0027,2025-01-22,45,155
2025-03-01,P000002,LOC013,111,331.95,S0027,2025-02-20,45,155
2025-03-31,P000002,LOC013,127,348.08,S0027,2025-03-02,45,155
2024-10-02,P000002,LOC014,111,361.61,S0027,2024-09-13,45,155
2024-11-01,P000002,LOC014,137,328.41,S0027,2024-10-08,45,155
2024-12-01,P000002,LOC014,138,349.38,S0027,2024-11-06,45,155
2024-12-31,P000002,LOC014,113,347.79,S0027,2024-12-30,45,155
2025-01-30,P000002,LOC014,126,344.39,S0027,2024-12-31,45,155
2025-03-01,P000002,LOC014,129,332.29,S0027,2025-02-19,45,155
2025-03-31,P000002,LOC014,118,352.51,S0027,2025-03-04,45,155
2024-10-02,P000002,LOC015,142,334.95,S0027,2024-09-08,45,155
2024-11-01,P000002,LOC015,124,337.85,S0027,2024-10-10,45,155
2024-12-01,P000002,LOC015,116,334.48,S0027,2024-11-16,45,155
2024-12-31,P000002,LOC015,129,338.78,S0027,2024-12-23,45,155
2025-01-30,P000002,LOC015,136,344.93,S0027,2025-01-02,45,155
2025-03-01,P000002,LOC015,116,347.79,S0027,2025-02-05,45,155
2025-03-31,P000002,LOC015,120,353.79,S0027,2025-03-15,45,155
2024-10-02,P000002,LOC016,147,352.94,S0027,2024-09-11,45,155
2024-11-01,P000002,LOC016,133,339.61,S0027,2024-10-24,45,155
2024-12-01,P000002,LOC016,125,355.71,S0027,2024-11-04,45,155
2024-12-31,P000002,LOC016,128,356.4,S0027,2024-12-27,45,155
2025-01-30,P000002,LOC016,113,351.48,S0027,2025-01-22,45,155
2025-03-01,P000002,LOC016,117,343.25,S0027,2025-02-12,45,155
2025-03-31,P000002,LOC016,121,342.73,S0027,2025-03-27,45,155
2024-10-02,P000002,LOC017,131,336.45,S0027,2024-09-13,45,155
2024-11-01,P000002,LOC017,117,359.73,S0027,2024-10-25,45,155
2024-12-01,P000002,LOC017,117,355.55,S0027,2024-11-21,45,155
2024-12-31,P000002,LOC017,111,352.48,S0027,2024-12-30,45,155
2025-01-30,P000002,LOC017,132,344.5,S0027,2025-01-04,45,155
2025-03-01,P000002,LOC017,117,338.74,S0027,2025-02-08,45,155
2025-03-31,P000002,LOC017,143,357.48,S0027,2025-03-27,45,155
2024-10-02,P000002,LOC018,141,342.07,S0027,2024-09-26,45,155
2024-11-01,P000002,LOC018,111,336.16,S0027,2024-10-30,45,155
2024-12-01,P000002,LOC018,117,357.79,S0027,2024-11-07,45,155
2024-12-31,P000002,LOC018,134,332.78,S0027,2024-12-26,45,155
2025-01-30,P000002,LOC018,116,339.2,S0027,2025-01-09,45,155
2025-03-01,P000002,LOC018,113,344.04,S0027,2025-02-21,45,155
2025-03-31,P000002,LOC018,144,328.54,S0027,2025-03-27,45,155
2024-10-02,P000002,LOC019,130,356.68,S0027,2024-09-24,45,155
2024-11-01,P000002,LOC019,126,355.77,S0027,2024-10-28,45,155
2024-12-01,P000002,LOC019,138,355.32,S0027,2024-11-07,45,155
2024-12-31,P000002,LOC019,139,355.77,S0027,2024-12-03,45,155
2025-01-30,P000002,LOC019,115,362.44,S0027,2025-01-15,45,155
2025-03-01,P000002,LOC019,112,330.03,S0027,2025-02-13,45,155
2025-03-31,P000002,LOC019,125,357.32,S0027,2025-03-06,45,155
2024-10-02,P000002,LOC020,124,354.38,S0027,2024-09-04,45,155
2024-11-01,P000002,LOC020,126,329.81,S0027,2024-10-21,45,155
2024-12-01,P000002,LOC020,136,336.59,S0027,2024-11-28,45,155
2024-12-31,P000002,LOC020,134,343.97,S0027,2024-12-05,45,155
2025-01-30,P000002,LOC020,146,351.46,S0027,2025-01-05,45,155
2025-03-01,P000002,LOC020,112,352.06,S0027,2025-02-05,45,155
2025-03-31,P000002,LOC020,124,351.64,S0027,2025-03-01,45,155
2024-10-02,P000003,LOC001,792,590.95,S0009,2024-09-19,37,845
2024-11-01,P000003,LOC001,663,562.99,S0009,2024-10-18,37,845
2024-12-01,P000003,LOC001,773,561.5,S0009,2024-11-01,37,845
2024-12-31,P000003,LOC001,644,584.32,S0009,2024-12-29,37,845
2025-01-30,P000003,LOC001,631,579.45,S0009,2025-01-14,37,845
2025-03-01,P000003,LOC001,686,597.42,S0009,2025-02-12,37,845
2025-03-31,P000003,LOC001,680,589.13,S0009,2025-03-29,37,845
2024-10-02,P000003,LOC002,795,578.96,S0009,2024-09-03,37,845
2024-11-01,P000003,LOC002,650,574.08,S0009,2024-10-04,37,845
2024-12-01,P000003,LOC002,834,566.08,S0009,2024-11-14,37,845
2024-12-31,P000003,LOC002,644,594.79,S0009,2024-12-27,37,845
2025-01-30,P000003,LOC002,786,589.83,S0009,2025-01-14,37,845
2025-03-01,P000003,LOC002,685,559.57,S0009,2025-02-16,37,845
2025-03-31,P000003,LOC002,773,569.72,S0009,2025-03-15,37,845
2024-10-02,P000003,LOC003,781,579.6,S0009,2024-09-04,37,845
2024-11-01,P000003,LOC003,739,566.79,S0009,2024-10-20,37,845
2024-12-01,P000003,LOC003,708,560.84,S0009,2024-11-20,37,845
2024-12-31,P000003,LOC003,797,596.97,S0009,2024-12-14,37,845
2025-01-30,P000003,LOC003,834,561.7,S0009,2025-01-24,37,845
2025-03-01,P000003,LOC003,707,562.05,S0009,2025-02-24,37,845
2025-03-31,P000003,LOC003,602,593.98,S0009,2025-03-27,37,845
2024-10-02,P000003,LOC004,802,573.52,S0009,2024-09-08,37,845
2024-11-01,P000003,LOC004,768,550.16,S0009,2024-10-28,37,845
2024-12-01,P000003,LOC004,796,550.95,S0009,2024-11-02,37,845
2024-12-31,P000003,LOC004,787,570.77,S0009,2024-12-26,37,845
2025-01-30,P000003,LOC004,770,581.82,S0009,2025-01-19,37,845
2025-03-01,P000003,LOC004,626,567.72,S0009,2025-02-15,37,845
2025-03-31,P000003,LOC004,694,585.23,S0009,2025-03-08,37,845
2024-10-02,P000003,LOC005,785,561.35,S0009,2024-09-17,37,845
2024-11-01,P000003,LOC005,806,576.2,S0009,2024-10-27,37,845
2024-12-01,P000003,LOC005,776,596.34,S0009,2024-11-27,37,845
2024-12-31,P000003,LOC005,810,597.67,S0009,2024-12-28,37,845
2025-01-30,P000003,LOC005,636,595.01,S0009,2025-01-02,37,845
2025-03-01,P000003,LOC005,676,597.69,S0009,2025-02-14,37,845
2025-03-31,P000003,LOC005,603,587.68,S0009,2025-03-06,37,845
2024-10-02,P000003,LOC006,751,593.74,S0009,2024-09-18,37,845
2024-11-01,P000003,LOC006,792,557.29,S0009,2024-10-26,37,845
2024-12-01,P000003,LOC006,844,576.14,S0009,2024-11-08,37,845
2024-12-31,P000003,LOC006,821,607.09,S0009,2024-12-20,37,845
2025-01-30,P000003,LOC006,671,556.19,S0009,2025-01-09,37,845
2025-03-01,P000003,LOC006,799,554.58,S0009,2025-02-10,37,845
2025-03-31,P000003,LOC006,647,595.21,S0009,2025-03-27,37,845
2024-10-02,P000003,LOC007,805,585.47,S0009,2024-09-08,37,845
2024-11-01,P000003,LOC007,757,583.49,S0009,2024-10-29,37,845
2024-12-01,P000003,LOC007,687,575.83,S0009,2024-11-04,37,845
2024-12-31,P000003,LOC007,680,559.58,S0009,2024-12-08,37,845
2025-01-30,P000003,LOC007,793,589.47,S0009,2025-01-26,37,845
2025-03-01,P000003,LOC007,801,560.87,S0009,2025-02-12,37,845
2025-03-31,P000003,LOC007,708,603.77,S0009,2025-03-12,37,845
2024-10-02,P000003,LOC008,743,604.34,S0009,2024-09-17,37,845
2024-11-01,P000003,LOC008,624,597.95,S0009,2024-10-10,37,845
2024-12-01,P000003,LOC008,654,595.49,S0009,2024-11-03,37,845
2024-12-31,P000003,LOC008,796,592.56,S0009,2024-12-07,37,845
2025-01-30,P000003,LOC008,713,568.59,S0009,2025-01-23,37,845
2025-03-01,P000003,LOC008,706,596.86,S0009,2025-02-03,37,845
2025-03-31,P000003,LOC008,749,579.15,S0009,2025-03-08,37,845
2024-10-02,P000003,LOC009,740,600.41,S0009,2024-09-16,37,845
2024-11-01,P000003,LOC009,739,588.76,S0009,2024-10-04,37,845
2024-12-01,P000003,LOC009,751,593.99,S0009,2024-11-06,37,845
2024-12-31,P000003,LOC009,766,596.75,S0009,2024-12-12,37,845
2025-01-30,P000003,LOC009,842,565.94,S0009,2025-01-28,37,845
2025-03-01,P000003,LOC009,603,579.35,S0009,2025-02-11,37,845
2025-03-31,P000003,LOC009,714,603.37,S0009,2025-03-27,37,845
2024-10-02,P000003,LOC010,697,574.22,S0009,2024-09-18,37,845
2024-11-01,P000003,LOC010,771,565.13,S0009,2024-10-04,37,845
2024-12-01,P000003,LOC010,624,568.89,S0009,2024-11-08,37,845
2024-12-31,P000003,LOC010,832,591.39,S0009,2024-12-11,37,845
2025-01-30,P000003,LOC010,828,557.68,S0009,2024-12-31,37,845
2025-03-01,P000003,LOC010,783,606.54,S0009,2025-02-26,37,845
2025-03-31,P000003,LOC010,829,556.71,S0009,2025-03-26,37,845
2024-10-02,P000003,LOC011,835,594.97,S0009,2024-09-09,37,845
2024-11-01,P000003,LOC011,810,596.34,S0009,2024-10-09,37,845
2024-12-01,P000003,LOC011,794,555.66,S0009,2024-11-05,37,845
2024-12-31,P000003,LOC011,608,594.92,S0009,2024-12-25,37,845
2025-01-30,P000003,LOC011,630,602.92,S0009,2025-01-19,37,845
2025-03-01,P000003,LOC011,717,565.35,S0009,2025-02-17,37,845
2025-03-31,P000003,LOC011,734,586.68,S0009,2025-03-14,37,845
2024-10-02,P000003,LOC012,641,589.35,S0009,2024-09-26,37,845
2024-11-01,P000003,LOC012,616,588.54,S0009,2024-10-19,37,845
2024-12-01,P000003,LOC012,779,600.41,S0009,2024-11-11,37,845
2024-12-31,P000003,LOC012,643,574.64,S0009,2024-12-30,37,845
2025-01-30,P000003,LOC012,845,570.5,S0009,2025-01-03,37,845
2025-03-01,P000003,LOC012,717,568.06,S0009,2025-02-08,37,845
2025-03-31,P000003,LOC012,722,601.35,S0009,2025-03-01,37,845
2024-10-02,P000003,LOC013,680,585.8,S0009,2024-09-28,37,845
2024-11-01,P000003,LOC013,844,570.04,S0009,2024-10-29,37,845
2024-12-01,P000003,LOC013,714,594.1,S0009,2024-11-13,37,845
2024-12-31,P000003,LOC013,701,600.74,S0009,2024-12-17,37,845
2025-01-30,P000003,LOC013,788,560.16,S0009,2025-01-25,37,845
2025-03-01,P000003,LOC013,634,563.26,S0009,2025-02-17,37,845
2025-03-31,P000003,LOC013,742,557.9,S0009,2025-03-20,37,845
2024-10-02,P000003,LOC014,724,562.66,S0009,2024-09-20,37,845
2024-11-01,P000003,LOC014,700,604.71,S0009,2024-10-09,37,845
2024-12-01,P000003,LOC014,737,559.67,S0009,2024-11-14,37,845
2024-12-31,P000003,LOC014,758,584.91,S0009,2024-12-05,37,845
2025-01-30,P000003,LOC014,782,596.74,S0009,2025-01-27,37,845
2025-03-01,P000003,LOC014,734,574.12,S0009,2025-02-23,37,845
2025-03-31,P000003,LOC014,820,592.02,S0009,2025-03-12,37,845
2024-10-02,P000003,LOC015,743,599.94,S0009,2024-09-29,37,845
2024-11-01,P000003,LOC015,830,558.08,S0009,2024-10-16,37,845
2024-12-01,P000003,LOC015,814,592.31,S0009,2024-11-25,37,845
2024-12-31,P000003,LOC015,780,552.27,S0009,2024-12-26,37,845
2025-01-30,P000003,LOC015,832,581.6,S0009,2025-01-14,37,845
2025-03-01,P000003,LOC015,825,565.03,S0009,2025-02-24,37,845
2025-03-31,P000003,LOC015,641,573.31,S0009,2025-03-03,37,845
2024-10-02,P000003,LOC016,675,590.12,S0009,2024-09-26,37,845
2024-11-01,P000003,LOC016,733,599.44,S0009,2024-10-16,37,845
2024-12-01,P000003,LOC016,803,555.8,S0009,2024-11-16,37,845
2024-12-31,P000003,LOC016,826,605.03,S0009,2024-12-19,37,845
2025-01-30,P000003,LOC016,826,568.89,S0009,2025-01-23,37,845
2025-03-01,P000003,LOC016,799,556.8,S0009,2025-02-15,37,845
2025-03-31,P000003,LOC016,654,590.1,S0009,2025-03-26,37,845
2024-10-02,P000003,LOC017,786,552.44,S0009,2024-09-13,37,845
2024-11-01,P000003,LOC017,745,552.4,S0009,2024-10-21,37,845
2024-12-01,P000003,LOC017,717,568.47,S0009,2024-11-25,37,845
2024-12-31,P000003,LOC017,794,587.06,S0009,2024-12-21,37,845
2025-01-30,P000003,LOC017,803,555.14,S0009,2025-01-24,37,845
2025-03-01,P000003,LOC017,759,605.18,S0009,2025-02-21,37,845
2025-03-31,P000003,LOC017,823,565.99,S0009,2025-03-02,37,845
2024-10-02,P000003,LOC018,773,587.69,S0009,2024-09-12,37,845
2024-11-01,P000003,LOC018,658,570.75,S0009,2024-10-12,37,845
2024-12-01,P000003,LOC018,750,589.54,S0009,2024-11-22,37,845
2024-12-31,P000003,LOC018,606,564.81,S0009,2024-12-02,37,845
2025-01-30,P000003,LOC018,688,588.96,S0009,2025-01-23,37,845
2025-03-01,P000003,LOC018,802,579.34,S0009,2025-02-20,37,845
2025-03-31,P000003,LOC018,801,596.61,S0009,2025-03-06,37,845
2024-10-02,P000003,LOC019,768,599.49,S0009,2024-09-02,37,845
2024-11-01,P000003,LOC019,720,551.86,S0009,2024-10-27,37,845
2024-12-01,P000003,LOC019,717,564.47,S0009,2024-11-15,37,845
2024-12-31,P000003,LOC019,691,572.18,S0009,2024-12-21,37,845
2025-01-30,P000003,LOC019,788,552.71,S0009,2025-01-09,37,845
2025-03-01,P000003,LOC019,792,566.74,S0009,2025-02-16,37,845
2025-03-31,P000003,LOC019,765,600.49,S0009,2025-03-28,37,845
2024-10-02,P000003,LOC020,737,599.59,S0009,2024-09-29,37,845
2024-11-01,P000003,LOC020,689,594.85,S0009,2024-10-25,37,845
2024-12-01,P000003,LOC020,653,599.64,S0009,2024-11-20,37,845
2024-12-31,P000003,LOC020,674,594.69,S0009,2024-12-03,37,845
2025-01-30,P000003,LOC020,660,595.08,S0009,2025-01-06,37,845
2025-03-01,P000003,LOC020,704,576.55,S0009,2025-02-26,37,845
2025-03-31,P000003,LOC020,701,587.09,S0009,2025-03-23,37,845
2024-10-02,P000004,LOC001,446,479.42,S0021,2024-09-20,39,622
2024-11-01,P000004,LOC001,468,468.99,S0021,2024-10-09,39,622
2024-12-01,P000004,LOC001,476,475.3,S0021,2024-11-14,39,622
2024-12-31,P000004,LOC001,580,447.47,S0021,2024-12-28,39,622
2025-01-30,P000004,LOC001,572,466.88,S0021,2025-01-15,39,622
2025-03-01,P000004,LOC001,572,484.14,S0021,2025-01-30,39,622
2025-03-31,P000004,LOC001,492,485.12,S0021,2025-03-13,39,622
2024-10-02,P000004,LOC002,459,457.62,S0021,2024-09-21,39,622
2024-11-01,P000004,LOC002,565,468.5,S0021,2024-10-28,39,622
2024-12-01,P000004,LOC002,544,467.53,S0021,2024-11-23,39,622
2024-12-31,P000004,LOC002,530,476.35,S0021,2024-12-17,39,622
2025-01-30,P000004,LOC002,588,483.65,S0021,2025-01-05,39,622
2025-03-01,P000004,LOC002,537,444.58,S0021,2025-02-20,39,622
2025-03-31,P000004,LOC002,436,478.07,S0021,2025-03-27,39,622
2024-10-02,P000004,LOC003,562,457.63,S0021,2024-09-16,39,622
2024-11-01,P000004,LOC003,481,454.61,S0021,2024-10-25,39,622
2024-12-01,P000004,LOC003,538,468.52,S0021,2024-11-06,39,622
2024-12-31,P000004,LOC003,581,442.45,S0021,2024-12-11,39,622
2025-01-30,P000004,LOC003,456,478.82,S0021,2025-01-28,39,622
2025-03-01,P000004,LOC003,453,470.27,S0021,2025-02-10,39,622
2025-03-31,P000004,LOC003,452,460.34,S0021,2025-03-20,39,622
2024-10-02,P000004,LOC004,521,450.99,S0021,2024-09-26,39,622
2024-11-01,P000004,LOC004,477,465.62,S0021,2024-10-04,39,622
2024-12-01,P000004,LOC004,529,455.76,S0021,2024-11-18,39,622
2024-12-31,P000004,LOC004,546,443.35,S0021,2024-12-23,39,622
2025-01-30,P000004,LOC004,467,453.52,S0021,2025-01-11,39,622
2025-03-01,P000004,LOC004,534,457.34,S0021,2025-02-19,39,622
2025-03-31,P000004,LOC004,476,440.97,S0021,2025-03-08,39,622
2024-10-02,P000004,LOC005,511,481.33,S0021,2024-09-12,39,622
2024-11-01,P000004,LOC005,576,453.79,S0021,2024-10-10,39,622
2024-12-01,P000004,LOC005,566,481.0,S0021,2024-11-22,39,622
2024-12-31,P000004,LOC005,449,466.85,S0021,2024-12-01,39,622
2025-01-30,P000004,LOC005,501,463.53,S0021,2025-01-20,39,622
2025-03-01,P000004,LOC005,478,454.13,S0021,2025-02-11,39,622
2025-03-31,P000004,LOC005,435,448.66,S0021,2025-03-19,39,622
2024-10-02,P000004,LOC006,555,444.53,S0021,2024-09-25,39,622
2024-11-01,P000004,LOC006,534,447.03,S0021,2024-10-29,39,622
2024-12-01,P000004,LOC006,476,464.78,S0021,2024-11-05,39,622
2024-12-31,P000004,LOC006,550,443.82,S0021,2024-12-02,39,622
2025-01-30,P000004,LOC006,521,446.69,S0021,2025-01-26,39,622
2025-03-01,P000004,LOC006,501,479.67,S0021,2025-02-09,39,622
2025-03-31,P000004,LOC006,436,454.73,S0021,2025-03-11,39,622
2024-10-02,P000004,LOC007,447,455.08,S0021,2024-09-10,39,622
2024-11-01,P000004,LOC007,572,464.66,S0021,2024-10-28,39,622
2024-12-01,P000004,LOC007,575,460.71,S0021,2024-11-17,39,622
2024-12-31,P000004,LOC007,520,481.48,S0021,2024-12-28,39,622
2025-01-30,P000004,LOC007,565,459.15,S0021,2025-01-28,39,622
2025-03-01,P000004,LOC007,525,466.45,S0021,2025-02-14,39,622
2025-03-31,P000004,LOC007,458,448.56,S0021,2025-03-04,39,622
2024-10-02,P000004,LOC008,455,453.04,S0021,2024-09-19,39,622
2024-11-01,P000004,LOC008,483,460.54,S0021,2024-10-14,39,622
2024-12-01,P000004,LOC008,575,471.92,S0021,2024-11-26,39,622
2024-12-31,P000004,LOC008,559,486.41,S0021,2024-12-23,39,622
2025-01-30,P000004,LOC008,569,470.02,S0021,2025-01-19,39,622
2025-03-01,P000004,LOC008,575,471.06,S0021,2025-02-15,39,622
2025-03-31,P000004,LOC008,468,477.11,S0021,2025-03-30,39,622
2024-10-02,P000004,LOC009,474,451.1,S0021,2024-09-12,39,622
2024-11-01,P000004,LOC009,451,447.87,S0021,2024-10-14,39,622
2024-12-01,P000004,LOC009,556,448.95,S0021,2024-11-03,39,622
2024-12-31,P000004,LOC009,572,473.88,S0021,2024-12-16,39,622
2025-01-30,P000004,LOC009,498,485.93,S0021,2025-01-11,39,622
2025-03-01,P000004,LOC009,531,459.19,S0021,2025-02-06,39,622
2025-03-31,P000004,LOC009,459,447.62,S0021,2025-03-30,39,622
2024-10-02,P000004,LOC010,579,455.54,S0021,2024-09-28,39,622
2024-11-01,P000004,LOC010,569,459.95,S0021,2024-10-05,39,622
2024-12-01,P000004,LOC010,587,446.9,S0021,2024-11-18,39,622
2024-12-31,P000004,LOC010,561,465.24,S0021,2024-12-16,39,622
2025-01-30,P000004,LOC010,572,476.06,S0021,2025-01-06,39,622
2025-03-01,P000004,LOC010,439,456.41,S0021,2025-02-24,39,622
2025-03-31,P000004,LOC010,549,442.07,S0021,2025-03-15,39,622
2024-10-02,P000004,LOC011,487,483.59,S0021,2024-09-30,39,622
2024-11-01,P000004,LOC011,580,468.24,S0021,2024-10-25,39,622
2024-12-01,P000004,LOC011,560,456.26,S0021,2024-11-19,39,622
2024-12-31,P000004,LOC011,569,446.59,S0021,2024-12-25,39,622
2025-01-30,P000004,LOC011,561,473.6,S0021,2025-01-18,39,622
2025-03-01,P000004,LOC011,476,463.41,S0021,2025-02-17,39,622
2025-03-31,P000004,LOC011,557,467.14,S0021,2025-03-09,39,622
2024-10-02,P000004,LOC012,452,474.62,S0021,2024-09-16,39,622
2024-11-01,P000004,LOC012,571,452.84,S0021,2024-10-19,39,622
2024-12-01,P000004,LOC012,568,446.55,S0021,2024-11-03,39,622
2024-12-31,P000004,LOC012,469,442.58,S0021,2024-12-08,39,622
2025-01-30,P000004,LOC012,562,479.11,S0021,2025-01-02,39,622
2025-03-01,P000004,LOC012,506,467.33,S0021,2025-02-21,39,622
2025-03-31,P000004,LOC012,482,463.17,S0021,2025-03-19,39,622
2024-10-02,P000004,LOC013,559,473.26,S0021,2024-09-22,39,622
2024-11-01,P000004,LOC013,470,463.4,S0021,2024-10-05,39,622
2024-12-01,P000004,LOC013,439,455.64,S0021,2024-11-03,39,622
2024-12-31,P000004,LOC013,465,465.23,S0021,2024-12-30,39,622
2025-01-30,P000004,LOC013,486,483.54,S0021,2025-01-14,39,622
2025-03-01,P000004,LOC013,569,479.67,S0021,2025-02-10,39,622
2025-03-31,P000004,LOC013,585,442.83,S0021,2025-03-25,39,622
2024-10-02,P000004,LOC014,478,441.9,S0021,2024-09-13,39,622
2024-11-01,P000004,LOC014,535,444.25,S0021,2024-10-08,39,622
2024-12-01,P000004,LOC014,497,482.14,S0021,2024-11-15,39,622
2024-12-31,P000004,LOC014,587,466.89,S0021,2024-12-13,39,622
2025-01-30,P000004,LOC014,518,477.38,S0021,2025-01-20,39,622
2025-03-01,P000004,LOC014,581,462.91,S0021,2025-02-27,39,622
2025-03-31,P000004,LOC014,453,479.68,S0021,2025-03-12,39,622
2024-10-02,P000004,LOC015,586,481.52,S0021,2024-09-14,39,622
2024-11-01,P000004,LOC015,463,453.46,S0021,2024-10-23,39,622
2024-12-01,P000004,LOC015,585,448.36,S0021,2024-11-26,39,622
2024-12-31,P000004,LOC015,476,450.84,S0021,2024-12-20,39,622
2025-01-30,P000004,LOC015,452,476.31,S0021,2025-01-24,39,622
2025-03-01,P000004,LOC015,502,455.16,S0021,2025-02-26,39,622
2025-03-31,P000004,LOC015,548,466.31,S0021,2025-03-11,39,622
2024-10-02,P000004,LOC016,484,446.39,S0021,2024-09-15,39,622
2024-11-01,P000004,LOC016,529,448.01,S0021,2024-10-20,39,622
2024-12-01,P000004,LOC016,514,457.76,S0021,2024-11-01,39,622
2024-12-31,P000004,LOC016,495,480.91,S0021,2024-12-13,39,622
2025-01-30,P000004,LOC016,525,456.68,S0021,2025-01-20,39,622
2025-03-01,P000004,LOC016,475,476.25,S0021,2025-02-26,39,622
2025-03-31,P000004,LOC016,545,465.75,S0021,2025-03-04,39,622
2024-10-02,P000004,LOC017,435,479.3,S0021,2024-09-03,39,622
2024-11-01,P000004,LOC017,579,442.1,S0021,2024-10-23,39,622
2024-12-01,P000004,LOC017,519,481.34,S0021,2024-11-14,39,622
2024-12-31,P000004,LOC017,547,446.33,S0021,2024-12-26,39,622
2025-01-30,P000004,LOC017,550,474.08,S0021,2025-01-18,39,622
2025-03-01,P000004,LOC017,539,455.25,S0021,2025-02-02,39,622
2025-03-31,P000004,LOC017,492,475.05,S0021,2025-03-07,39,622
2024-10-02,P000004,LOC018,446,463.68,S0021,2024-09-27,39,622
2024-11-01,P000004,LOC018,538,472.88,S0021,2024-10-18,39,622
2024-12-01,P000004,LOC018,486,450.45,S0021,2024-11-17,39,622
2024-12-31,P000004,LOC018,484,442.71,S0021,2024-12-07,39,622
2025-01-30,P000004,LOC018,567,465.59,S0021,2025-01-20,39,622
2025-03-01,P000004,LOC018,547,471.95,S0021,2025-02-18,39,622
2025-03-31,P000004,LOC018,482,474.11,S0021,2025-03-24,39,622
2024-10-02,P000004,LOC019,483,447.48,S0021,2024-10-01,39,622
2024-11-01,P000004,LOC019,498,477.36,S0021,2024-10-26,39,622
2024-12-01,P000004,LOC019,497,460.38,S0021,2024-11-29,39,622
2024-12-31,P000004,LOC019,481,469.31,S0021,2024-12-23,39,622
2025-01-30,P000004,LOC019,455,469.87,S0021,2025-01-04,39,622
2025-03-01,P000004,LOC019,500,480.22,S0021,2025-02-11,39,622
2025-03-31,P000004,LOC019,581,461.41,S0021,2025-03-01,39,622
2024-10-02,P000004,LOC020,540,476.94,S0021,2024-09-25,39,622
2024-11-01,P000004,LOC020,575,463.46,S0021,2024-10-26,39,622
2024-12-01,P000004,LOC020,531,462.74,S0021,2024-11-23,39,622
2024-12-31,P000004,LOC020,482,455.76,S0021,2024-12-27,39,622
2025-01-30,P000004,LOC020,520,460.04,S0021,2025-01-29,39,622
2025-03-01,P000004,LOC020,435,460.8,S0021,2025-02-26,39,622
2025-03-31,P000004,LOC020,480,470.54,S0021,2025-03-25,39,622
2024-10-02,P000005,LOC001,310,91.48,S0021,2024-09-23,41,831
2024-11-01,P000005,LOC001,397,93.54,S0021,2024-10-09,41,831
2024-12-01,P000005,LOC001,400,99.18,S0021,2024-11-08,41,831
2024-12-31,P000005,LOC001,487,99.5,S0021,2024-12-27,41,831
2025-01-30,P000005,LOC001,520,96.98,S0021,2025-01-20,41,831
2025-03-01,P000005,LOC001,490,98.32,S0021,2025-02-25,41,831
2025-03-31,P000005,LOC001,508,98.05,S0021,2025-03-03,41,831
2024-10-02,P000005,LOC002,365,92.92,S0021,2024-09-28,41,831
2024-11-01,P000005,LOC002,317,91.63,S0021,2024-10-06,41,831
2024-12-01,P000005,LOC002,415,92.66,S0021,2024-11-28,41,831
2024-12-31,P000005,LOC002,409,92.66,S0021,2024-12-21,41,831
2025-01-30,P000005,LOC002,486,96.02,S0021,2025-01-20,41,831
2025-03-01,P000005,LOC002,553,90.31,S0021,2025-02-20,41,831
2025-03-31,P000005,LOC002,608,92.44,S0021,2025-03-18,41,831
2024-10-02,P000005,LOC003,297,98.64,S0021,2024-09-26,41,831
2024-11-01,P000005,LOC003,324,95.78,S0021,2024-10-21,41,831
2024-12-01,P000005,LOC003,387,93.14,S0021,2024-11-11,41,831
2024-12-31,P000005,LOC003,412,98.42,S0021,2024-12-17,41,831
2025-01-30,P000005,LOC003,388,97.47,S0021,2025-01-07,41,831
2025-03-01,P000005,LOC003,486,93.91,S0021,2025-02-12,41,831
2025-03-31,P000005,LOC003,572,93.94,S0021,2025-03-29,41,831
2024-10-02,P000005,LOC004,234,94.52,S0021,2024-09-24,41,831
2024-11-01,P000005,LOC004,233,96.14,S0021,2024-10-24,41,831
2024-12-01,P000005,LOC004,245,94.34,S0021,2024-11-19,41,831
2024-12-31,P000005,LOC004,292,95.33,S0021,2024-12-29,41,831
2025-01-30,P000005,LOC004,364,94.02,S0021,2025-01-27,41,831
2025-03-01,P000005,LOC004,409,92.55,S0021,2025-02-09,41,831
2025-03-31,P000005,LOC004,391,98.51,S0021,2025-03-10,41,831
2024-10-02,P000005,LOC005,318,91.89,S0021,2024-09-23,41,831
2024-11-01,P000005,LOC005,404,94.21,S0021,2024-10-06,41,831
2024-12-01,P000005,LOC005,413,97.0,S0021,2024-11-10,41,831
2024-12-31,P000005,LOC005,412,90.58,S0021,2024-12-01,41,831
2025-01-30,P000005,LOC005,491,95.62,S0021,2025-01-05,41,831
2025-03-01,P000005,LOC005,453,90.49,S0021,2025-02-25,41,831
2025-03-31,P000005,LOC005,464,92.05,S0021,2025-03-27,41,831
2024-10-02,P000005,LOC006,284,95.78,S0021,2024-09-15,41,831
2024-11-01,P000005,LOC006,319,90.78,S0021,2024-10-23,41,831
2024-12-01,P000005,LOC006,310,91.44,S0021,2024-11-25,41,831
2024-12-31,P000005,LOC006,283,94.74,S0021,2024-12-28,41,831
2025-01-30,P000005,LOC006,294,93.28,S0021,2025-01-21,41,831
2025-03-01,P000005,LOC006,276,92.57,S0021,2025-02-21,41,831
2025-03-31,P000005,LOC006,275,95.65,S0021,2025-03-03,41,831
2024-10-02,P000005,LOC007,341,99.03,S0021,2024-09-02,41,831
2024-11-01,P000005,LOC007,437,93.76,S0021,2024-10-10,41,831
2024-12-01,P000005,LOC007,419,95.51,S0021,2024-11-04,41,831
2024-12-31,P000005,LOC007,479,98.93,S0021,2024-12-22,41,831
2025-01-30,P000005,LOC007,494,98.23,S0021,2025-01-22,41,831
2025-03-01,P000005,LOC007,587,91.52,S0021,2025-02-26,41,831
2025-03-31,P000005,LOC007,593,97.31,S0021,2025-03-19,41,831
2024-10-02,P000005,LOC008,306,96.51,S0021,2024-09-21,41,831
2024-11-01,P000005,LOC008,348,96.79,S0021,2024-10-07,41,831
2024-12-01,P000005,LOC008,373,98.79,S0021,2024-11-15,41,831
2024-12-31,P000005,LOC008,451,98.12,S0021,2024-12-18,41,831
2025-01-30,P000005,LOC008,533,98.31,S0021,2025-01-27,41,831
2025-03-01,P000005,LOC008,618,99.13,S0021,2025-02-04,41,831
2025-03-31,P000005,LOC008,644,98.16,S0021,2025-03-14,41,831
2024-10-02,P000005,LOC009,291,96.63,S0021,2024-09-24,41,831
2024-11-01,P000005,LOC009,339,92.18,S0021,2024-10-17,41,831
2024-12-01,P000005,LOC009,413,90.73,S0021,2024-11-16,41,831
2024-12-31,P000005,LOC009,369,91.29,S0021,2024-12-03,41,831
2025-01-30,P000005,LOC009,382,96.26,S0021,2025-01-22,41,831
2025-03-01,P000005,LOC009,348,91.38,S0021,2025-02-24,41,831
2025-03-31,P000005,LOC009,425,92.1,S0021,2025-03-16,41,831
2024-10-02,P000005,LOC010,232,96.87,S0021,2024-09-18,41,831
2024-11-01,P000005,LOC010,268,94.53,S0021,2024-10-18,41,831
2024-12-01,P000005,LOC010,283,97.48,S0021,2024-11-10,41,831
2024-12-31,P000005,LOC010,255,93.7,S0021,2024-12-06,41,831
2025-01-30,P000005,LOC010,229,90.47,S0021,2025-01-18,41,831
2025-03-01,P000005,LOC010,307,95.34,S0021,2025-02-05,41,831
2025-03-31,P000005,LOC010,296,96.27,S0021,2025-03-21,41,831
2024-10-02,P000005,LOC011,218,96.2,S0021,2024-09-03,41,831
2024-11-01,P000005,LOC011,184,98.11,S0021,2024-10-20,41,831
2024-12-01,P000005,LOC011,177,99.17,S0021,2024-11-29,41,831
2024-12-31,P000005,LOC011,160,93.61,S0021,2024-12-29,41,831
2025-01-30,P000005,LOC011,171,96.85,S0021,2025-01-08,41,831
2025-03-01,P000005,LOC011,201,97.17,S0021,2025-02-04,41,831
2025-03-31,P000005,LOC011,189,91.81,S0021,2025-03-12,41,831
2024-10-02,P000005,LOC012,327,97.95,S0021,2024-09-09,41,831
2024-11-01,P000005,LOC012,314,98.19,S0021,2024-10-07,41,831
2024-12-01,P000005,LOC012,334,96.9,S0021,2024-11-30,41,831
2024-12-31,P000005,LOC012,370,97.13,S0021,2024-12-20,41,831
2025-01-30,P000005,LOC012,449,97.05,S0021,2025-01-15,41,831
2025-03-01,P000005,LOC012,408,95.51,S0021,2025-01-31,41,831
2025-03-31,P000005,LOC012,440,91.98,S0021,2025-03-30,41,831
2024-10-02,P000005,LOC013,290,94.69,S0021,2024-09-09,41,831
2024-11-01,P000005,LOC013,317,95.67,S0021,2024-10-21,41,831
2024-12-01,P000005,LOC013,389,96.51,S0021,2024-11-05,41,831
2024-12-31,P000005,LOC013,474,93.27,S0021,2024-12-26,41,831
2025-01-30,P000005,LOC013,440,92.48,S0021,2025-01-23,41,831
2025-03-01,P000005,LOC013,414,99.3,S0021,2025-02-27,41,831
2025-03-31,P000005,LOC013,399,90.43,S0021,2025-03-02,41,831
2024-10-02,P000005,LOC014,274,94.57,S0021,2024-09-13,41,831
2024-11-01,P000005,LOC014,349,92.13,S0021,2024-10-05,41,831
2024-12-01,P000005,LOC014,317,93.96,S0021,2024-11-17,41,831
2024-12-31,P000005,LOC014,308,94.93,S0021,2024-12-27,41,831
2025-01-30,P000005,LOC014,326,90.62,S0021,2025-01-14,41,831
2025-03-01,P000005,LOC014,397,94.6,S0021,2025-02-24,41,831
2025-03-31,P000005,LOC014,439,98.7,S0021,2025-03-01,41,831
2024-10-02,P000005,LOC015,301,90.65,S0021,2024-09-27,41,831
2024-11-01,P000005,LOC015,396,93.95,S0021,2024-10-02,41,831
2024-12-01,P000005,LOC015,471,94.93,S0021,2024-11-27,41,831
2024-12-31,P000005,LOC015,521,91.05,S0021,2024-12-12,41,831
2025-01-30,P000005,LOC015,581,95.78,S0021,2025-01-01,41,831
2025-03-01,P000005,LOC015,557,93.36,S0021,2025-02-27,41,831
2025-03-31,P000005,LOC015,539,92.68,S0021,2025-03-12,41,831
2024-10-02,P000005,LOC016,302,91.49,S0021,2024-09-12,41,831
2024-11-01,P000005,LOC016,339,95.12,S0021,2024-10-14,41,831
2024-12-01,P000005,LOC016,374,96.82,S0021,2024-11-15,41,831
2024-12-31,P000005,LOC016,417,90.42,S0021,2024-12-29,41,831
2025-01-30,P000005,LOC016,412,97.77,S0021,2025-01-14,41,831
2025-03-01,P000005,LOC016,510,91.22,S0021,2025-02-08,41,831
2025-03-31,P000005,LOC016,523,94.8,S0021,2025-03-02,41,831
2024-10-02,P000005,LOC017,313,99.33,S0021,2024-09-25,41,831
2024-11-01,P000005,LOC017,266,92.9,S0021,2024-10-04,41,831
2024-12-01,P000005,LOC017,288,99.22,S0021,2024-11-18,41,831
2024-12-31,P000005,LOC017,364,93.47,S0021,2024-12-22,41,831
2025-01-30,P000005,LOC017,403,96.81,S0021,2025-01-23,41,831
2025-03-01,P000005,LOC017,371,94.5,S0021,2025-02-11,41,831
2025-03-31,P000005,LOC017,439,95.11,S0021,2025-03-06,41,831
2024-10-02,P000005,LOC018,331,98.35,S0021,2024-09-26,41,831
2024-11-01,P000005,LOC018,359,96.94,S0021,2024-10-29,41,831
2024-12-01,P000005,LOC018,436,97.5,S0021,2024-11-25,41,831
2024-12-31,P000005,LOC018,442,91.55,S0021,2024-12-22,41,831
2025-01-30,P000005,LOC018,444,95.33,S0021,2025-01-07,41,831
2025-03-01,P000005,LOC018,453,92.86,S0021,2025-02-07,41,831
2025-03-31,P000005,LOC018,488,96.0,S0021,2025-03-11,41,831
2024-10-02,P000005,LOC019,330,93.65,S0021,2024-09-22,41,831
2024-11-01,P000005,LOC019,428,91.0,S0021,2024-10-23,41,831
2024-12-01,P000005,LOC019,437,94.75,S0021,2024-11-22,41,831
2024-12-31,P000005,LOC019,516,94.07,S0021,2024-12-19,41,831
2025-01-30,P000005,LOC019,530,90.95,S0021,2025-01-06,41,831
2025-03-01,P000005,LOC019,526,92.26,S0021,2025-02-05,41,831
2025-03-31,P000005,LOC019,564,99.1,S0021,2025-03-13,41,831
2024-10-02,P000005,LOC020,247,91.21,S0021,2024-09-06,41,831
2024-11-01,P000005,LOC020,282,97.52,S0021,2024-10-02,41,831
2024-12-01,P000005,LOC020,279,93.31,S0021,2024-11-07,41,831
2024-12-31,P000005,LOC020,369,98.89,S0021,2024-12-26,41,831
2025-01-30,P000005,LOC020,324,98.91,S0021,2025-01-15,41,831
2025-03-01,P000005,LOC020,336,90.86,S0021,2025-02-13,41,831
2025-03-31,P000005,LOC020,382,95.67,S0021,2025-03-01,41,831
2024-10-02,P000006,LOC001,75,174.43,S0024,2024-09-27,41,1079
2024-11-01,P000006,LOC001,28,183.44,S0024,2024-10-15,41,1079
2024-12-01,P000006,LOC001,0,188.12,S0024,2024-11-26,41,1079
2024-12-31,P000006,LOC001,89,184.69,S0024,2024-12-19,41,1079
2025-01-30,P000006,LOC001,54,184.09,S0024,2025-01-17,41,1079
2025-03-01,P000006,LOC001,11,179.88,S0024,2025-02-06,41,1079
2025-03-31,P000006,LOC001,1,186.31,S0024,2025-03-12,41,1079
2024-10-02,P000006,LOC002,0,188.32,S0024,2024-09-14,41,1079
2024-11-01,P000006,LOC002,0,172.37,S0024,2024-10-27,41,1079
2024-12-01,P000006,LOC002,18,176.53,S0024,2024-11-22,41,1079
2024-12-31,P000006,LOC002,39,171.89,S0024,2024-12-14,41,1079
2025-01-30,P000006,LOC002,117,181.82,S0024,2025-01-17,41,1079
2025-03-01,P000006,LOC002,213,185.2,S0024,2025-01-31,41,1079
2025-03-31,P000006,LOC002,206,173.01,S0024,2025-03-03,41,1079
2024-10-02,P000006,LOC003,0,185.62,S0024,2024-09-30,41,1079
2024-11-01,P000006,LOC003,47,183.03,S0024,2024-10-27,41,1079
2024-12-01,P000006,LOC003,26,189.06,S0024,2024-11-04,41,1079
2024-12-31,P000006,LOC003,0,175.86,S0024,2024-12-15,41,1079
2025-01-30,P000006,LOC003,0,183.28,S0024,2025-01-08,41,1079
2025-03-01,P000006,LOC003,75,180.15,S0024,2025-02-08,41,1079
2025-03-31,P000006,LOC003,105,172.73,S0024,2025-03-27,41,1079
2024-10-02,P000006,LOC004,0,180.54,S0024,2024-09-07,41,1079
2024-11-01,P000006,LOC004,37,175.34,S0024,2024-10-19,41,1079
2024-12-01,P000006,LOC004,69,171.98,S0024,2024-11-16,41,1079
2024-12-31,P000006,LOC004,82,188.16,S0024,2024-12-09,41,1079
2025-01-30,P000006,LOC004,35,183.19,S0024,2025-01-16,41,1079
2025-03-01,P000006,LOC004,76,177.72,S0024,2025-02-22,41,1079
2025-03-31,P000006,LOC004,104,176.29,S0024,2025-03-09,41,1079
2024-10-02,P000006,LOC005,0,181.96,S0024,2024-09-27,41,1079
2024-11-01,P000006,LOC005,0,185.62,S0024,2024-10-08,41,1079
2024-12-01,P000006,LOC005,0,180.01,S0024,2024-11-28,41,1079
2024-12-31,P000006,LOC005,45,182.51,S0024,2024-12-07,41,1079
2025-01-30,P000006,LOC005,16,189.19,S0024,2025-01-21,41,1079
2025-03-01,P000006,LOC005,0,181.9,S0024,2025-02-05,41,1079
2025-03-31,P000006,LOC005,76,183.98,S0024,2025-03-25,41,1079
2024-10-02,P000006,LOC006,1,173.99,S0024,2024-09-18,41,1079
2024-11-01,P000006,LOC006,51,175.27,S0024,2024-10-31,41,1079
2024-12-01,P000006,LOC006,53,175.68,S0024,2024-11-10,41,1079
2024-12-31,P000006,LOC006,135,176.84,S0024,2024-12-13,41,1079
2025-01-30,P000006,LOC006,124,180.99,S0024,2025-01-08,41,1079
2025-03-01,P000006,LOC006,92,185.31,S0024,2025-02-06,41,1079
2025-03-31,P000006,LOC006,135,172.93,S0024,2025-03-06,41,1079
2024-10-02,P000006,LOC007,0,185.83,S0024,2024-09-02,41,1079
2024-11-01,P000006,LOC007,67,178.81,S0024,2024-10-25,41,1079
2024-12-01,P000006,LOC007,111,177.18,S0024,2024-11-23,41,1079
2024-12-31,P000006,LOC007,195,175.69,S0024,2024-12-03,41,1079
2025-01-30,P000006,LOC007,262,179.04,S0024,2025-01-22,41,1079
2025-03-01,P000006,LOC007,242,185.79,S0024,2025-02-16,41,1079
2025-03-31,P000006,LOC007,236,186.01,S0024,2025-03-02,41,1079
2024-10-02,P000006,LOC008,36,172.63,S0024,2024-09-15,41,1079
2024-11-01,P000006,LOC008,7,180.95,S0024,2024-10-13,41,1079
2024-12-01,P000006,LOC008,0,184.88,S0024,2024-11-21,41,1079
2024-12-31,P000006,LOC008,0,172.36,S0024,2024-12-19,41,1079
2025-01-30,P000006,LOC008,0,185.01,S0024,2025-01-21,41,1079
2025-03-01,P000006,LOC008,31,179.32,S0024,2025-02-22,41,1079
2025-03-31,P000006,LOC008,40,185.05,S0024,2025-03-24,41,1079
2024-10-02,P000006,LOC009,25,184.76,S0024,2024-09-11,41,1079
2024-11-01,P000006,LOC009,78,174.93,S0024,2024-10-11,41,1079
2024-12-01,P000006,LOC009,136,183.29,S0024,2024-11-02,41,1079
2024-12-31,P000006,LOC009,89,176.9,S0024,2024-12-09,41,1079
2025-01-30,P000006,LOC009,94,173.99,S0024,2025-01-05,41,1079
2025-03-01,P000006,LOC009,136,175.73,S0024,2025-02-17,41,1079
2025-03-31,P000006,LOC009,211,181.55,S0024,2025-03-21,41,1079
2024-10-02,P000006,LOC010,0,183.27,S0024,2024-09-27,41,1079
2024-11-01,P000006,LOC010,20,185.78,S0024,2024-10-19,41,1079
2024-12-01,P000006,LOC010,0,185.15,S0024,2024-11-29,41,1079
2024-12-31,P000006,LOC010,0,187.16,S0024,2024-12-18,41,1079
2025-01-30,P000006,LOC010,69,185.27,S0024,2025-01-13,41,1079
2025-03-01,P000006,LOC010,29,176.08,S0024,2025-02-22,41,1079
2025-03-31,P000006,LOC010,52,173.37,S0024,2025-03-27,41,1079
2024-10-02,P000006,LOC011,0,176.65,S0024,2024-09-19,41,1079
2024-11-01,P000006,LOC011,18,174.95,S0024,2024-10-03,41,1079
2024-12-01,P000006,LOC011,104,182.73,S0024,2024-11-02,41,1079
2024-12-31,P000006,LOC011,182,180.98,S0024,2024-12-24,41,1079
2025-01-30,P000006,LOC011,185,181.3,S0024,2025-01-23,41,1079
2025-03-01,P000006,LOC011,272,174.57,S0024,2025-02-12,41,1079
2025-03-31,P000006,LOC011,287,187.4,S0024,2025-03-22,41,1079
2024-10-02,P000006,LOC012,115,179.93,S0024,2024-09-25,41,1079
2024-11-01,P000006,LOC012,164,175.69,S0024,2024-10-05,41,1079
2024-12-01,P000006,LOC012,253,186.78,S0024,2024-11-25,41,1079
2024-12-31,P000006,LOC012,232,185.07,S0024,2024-12-05,41,1079
2025-01-30,P000006,LOC012,215,185.72,S0024,2025-01-10,41,1079
2025-03-01,P000006,LOC012,222,187.78,S0024,2025-02-10,41,1079
2025-03-31,P000006,LOC012,214,186.56,S0024,2025-03-28,41,1079
2024-10-02,P000006,LOC013,0,177.88,S0024,2024-09-11,41,1079
2024-11-01,P000006,LOC013,0,182.54,S0024,2024-10-04,41,1079
2024-12-01,P000006,LOC013,0,189.19,S0024,2024-11-07,41,1079
2024-12-31,P000006,LOC013,0,179.8,S0024,2024-12-15,41,1079
2025-01-30,P000006,LOC013,16,178.77,S0024,2025-01-26,41,1079
2025-03-01,P000006,LOC013,114,186.11,S0024,2025-02-25,41,1079
2025-03-31,P000006,LOC013,84,172.87,S0024,2025-03-02,41,1079
2024-10-02,P000006,LOC014,1,189.42,S0024,2024-09-16,41,1079
2024-11-01,P000006,LOC014,0,180.21,S0024,2024-10-07,41,1079
2024-12-01,P000006,LOC014,31,178.87,S0024,2024-11-11,41,1079
2024-12-31,P000006,LOC014,89,181.28,S0024,2024-12-03,41,1079
2025-01-30,P000006,LOC014,108,187.33,S0024,2025-01-02,41,1079
2025-03-01,P000006,LOC014,119,171.97,S0024,2025-02-09,41,1079
2025-03-31,P000006,LOC014,184,171.78,S0024,2025-03-11,41,1079
2024-10-02,P000006,LOC015,0,180.53,S0024,2024-09-14,41,1079
2024-11-01,P000006,LOC015,62,177.59,S0024,2024-10-17,41,1079
2024-12-01,P000006,LOC015,110,177.68,S0024,2024-11-23,41,1079
2024-12-31,P000006,LOC015,164,180.9,S0024,2024-12-19,41,1079
2025-01-30,P000006,LOC015,202,179.05,S0024,2025-01-21,41,1079
2025-03-01,P000006,LOC015,259,185.14,S0024,2025-02-19,41,1079
2025-03-31,P000006,LOC015,268,186.07,S0024,2025-03-18,41,1079
2024-10-02,P000006,LOC016,37,173.66,S0024,2024-09-19,41,1079
2024-11-01,P000006,LOC016,31,183.95,S0024,2024-10-28,41,1079
2024-12-01,P000006,LOC016,4,182.51,S0024,2024-11-27,41,1079
2024-12-31,P000006,LOC016,89,173.21,S0024,2024-12-17,41,1079
2025-01-30,P000006,LOC016,179,178.72,S0024,2025-01-07,41,1079
2025-03-01,P000006,LOC016,215,183.77,S0024,2025-02-13,41,1079
2025-03-31,P000006,LOC016,248,187.57,S0024,2025-03-17,41,1079
2024-10-02,P000006,LOC017,16,177.77,S0024,2024-09-20,41,1079
2024-11-01,P000006,LOC017,28,184.06,S0024,2024-10-07,41,1079
2024-12-01,P000006,LOC017,109,189.23,S0024,2024-11-08,41,1079
2024-12-31,P000006,LOC017,101,183.56,S0024,2024-12-04,41,1079
2025-01-30,P000006,LOC017,58,184.93,S0024,2025-01-04,41,1079
2025-03-01,P000006,LOC017,54,175.17,S0024,2025-02-03,41,1079
2025-03-31,P000006,LOC017,126,174.92,S0024,2025-03-04,41,1079
2024-10-02,P000006,LOC018,40,177.0,S0024,2024-09-08,41,1079
2024-11-01,P000006,LOC018,0,176.53,S0024,2024-10-27,41,1079
2024-12-01,P000006,LOC018,5,174.5,S0024,2024-11-16,41,1079
2024-12-31,P000006,LOC018,0,174.67,S0024,2024-12-10,41,1079
2025-01-30,P000006,LOC018,29,184.68,S0024,2025-01-12,41,1079
2025-03-01,P000006,LOC018,73,171.76,S0024,2025-02-26,41,1079
2025-03-31,P000006,LOC018,42,175.87,S0024,2025-03-10,41,1079
2024-10-02,P000006,LOC019,77,181.35,S0024,2024-09-22,41,1079
2024-11-01,P000006,LOC019,62,185.83,S0024,2024-10-21,41,1079
2024-12-01,P000006,LOC019,63,174.57,S0024,2024-11-21,41,1079
2024-12-31,P000006,LOC019,69,180.61,S0024,2024-12-26,41,1079
2025-01-30,P000006,LOC019,141,185.77,S0024,2024-12-31,41,1079
2025-03-01,P000006,LOC019,187,181.99,S0024,2025-01-31,41,1079
2025-03-31,P000006,LOC019,216,189.41,S0024,2025-03-17,41,1079
2024-10-02,P000006,LOC020,38,186.87,S0024,2024-09-22,41,1079
2024-11-01,P000006,LOC020,78,176.84,S0024,2024-10-26,41,1079
2024-12-01,P000006,LOC020,120,176.04,S0024,2024-11-06,41,1079
2024-12-31,P000006,LOC020,108,186.63,S0024,2024-12-13,41,1079
2025-01-30,P000006,LOC020,149,176.47,S0024,2025-01-07,41,1079
2025-03-01,P000006,LOC020,138,185.0,S0024,2025-02-07,41,1079
2025-03-31,P000006,LOC020,108,175.98,S0024,2025-03-16,41,1079
2024-10-02,P000007,LOC001,715,12.68,S0026,2024-09-18,39,719
2024-11-01,P000007,LOC001,673,12.42,S0026,2024-10-14,39,719
2024-12-01,P000007,LOC001,672,13.48,S0026,2024-11-29,39,719
2024-12-31,P000007,LOC001,580,12.68,S0026,2024-12-10,39,719
2025-01-30,P000007,LOC001,704,12.93,S0026,2025-01-08,39,719
2025-03-01,P000007,LOC001,658,13.4,S0026,2025-02-06,39,719
2025-03-31,P000007,LOC001,630,12.88,S0026,2025-03-25,39,719
2024-10-02,P000007,LOC002,581,13.48,S0026,2024-09-28,39,719
2024-11-01,P000007,LOC002,549,13.42,S0026,2024-10-28,39,719
2024-12-01,P000007,LOC002,539,13.32,S0026,2024-11-05,39,719
2024-12-31,P000007,LOC002,579,12.62,S0026,2024-12-01,39,719
2025-01-30,P000007,LOC002,580,13.25,S0026,2025-01-04,39,719
2025-03-01,P000007,LOC002,604,13.61,S0026,2025-02-04,39,719
2025-03-31,P000007,LOC002,611,13.1,S0026,2025-03-03,39,719
2024-10-02,P000007,LOC003,635,12.84,S0026,2024-09-02,39,719
2024-11-01,P000007,LOC003,670,12.85,S0026,2024-10-21,39,719
2024-12-01,P000007,LOC003,607,13.57,S0026,2024-11-17,39,719
2024-12-31,P000007,LOC003,680,13.07,S0026,2024-12-24,39,719
2025-01-30,P000007,LOC003,703,13.26,S0026,2025-01-29,39,719
2025-03-01,P000007,LOC003,690,12.94,S0026,2025-02-06,39,719
2025-03-31,P000007,LOC003,651,13.48,S0026,2025-03-03,39,719
2024-10-02,P000007,LOC004,690,13.43,S0026,2024-09-15,39,719
2024-11-01,P000007,LOC004,620,12.97,S0026,2024-10-22,39,719
2024-12-01,P000007,LOC004,586,13.29,S0026,2024-11-21,39,719
2024-12-31,P000007,LOC004,582,12.61,S0026,2024-12-24,39,719
2025-01-30,P000007,LOC004,541,13.03,S0026,2025-01-29,39,719
2025-03-01,P000007,LOC004,588,12.74,S0026,2025-01-31,39,719
2025-03-31,P000007,LOC004,665,12.46,S0026,2025-03-17,39,719
2024-10-02,P000007,LOC005,651,13.57,S0026,2024-09-24,39,719
2024-11-01,P000007,LOC005,646,13.11,S0026,2024-10-13,39,719
2024-12-01,P000007,LOC005,533,12.61,S0026,2024-11-12,39,719
2024-12-31,P000007,LOC005,518,12.85,S0026,2024-12-17,39,719
2025-01-30,P000007,LOC005,595,12.59,S0026,2025-01-14,39,719
2025-03-01,P000007,LOC005,617,12.94,S0026,2025-01-31,39,719
2025-03-31,P000007,LOC005,563,12.49,S0026,2025-03-03,39,719
2024-10-02,P000007,LOC006,717,13.35,S0026,2024-09-17,39,719
2024-11-01,P000007,LOC006,650,12.94,S0026,2024-10-17,39,719
2024-12-01,P000007,LOC006,638,13.18,S0026,2024-11-30,39,719
2024-12-31,P000007,LOC006,624,13.49,S0026,2024-12-10,39,719
2025-01-30,P000007,LOC006,543,13.21,S0026,2025-01-19,39,719
2025-03-01,P000007,LOC006,539,13.15,S0026,2025-02-27,39,719
2025-03-31,P000007,LOC006,507,12.82,S0026,2025-03-24,39,719
2024-10-02,P000007,LOC007,658,12.35,S0026,2024-09-26,39,719
2024-11-01,P000007,LOC007,547,12.51,S0026,2024-10-13,39,719
2024-12-01,P000007,LOC007,588,12.93,S0026,2024-11-10,39,719
2024-12-31,P000007,LOC007,656,13.5,S0026,2024-12-16,39,719
2025-01-30,P000007,LOC007,516,12.37,S0026,2025-01-18,39,719
2025-03-01,P000007,LOC007,577,12.69,S0026,2025-02-05,39,719
2025-03-31,P000007,LOC007,616,13.11,S0026,2025-03-29,39,719
2024-10-02,P000007,LOC008,652,13.1,S0026,2024-09-30,39,719
2024-11-01,P000007,LOC008,609,12.87,S0026,2024-10-12,39,719
2024-12-01,P000007,LOC008,667,13.34,S0026,2024-11-13,39,719
2024-12-31,P000007,LOC008,718,12.38,S0026,2024-12-11,39,719
2025-01-30,P000007,LOC008,696,13.35,S0026,2025-01-15,39,719
2025-03-01,P000007,LOC008,538,12.62,S0026,2025-02-08,39,719
2025-03-31,P000007,LOC008,713,13.34,S0026,2025-03-21,39,719
2024-10-02,P000007,LOC009,584,12.97,S0026,2024-09-15,39,719
2024-11-01,P000007,LOC009,613,12.82,S0026,2024-10-11,39,719
2024-12-01,P000007,LOC009,662,12.36,S0026,2024-11-05,39,719
2024-12-31,P000007,LOC009,628,13.16,S0026,2024-12-02,39,719
2025-01-30,P000007,LOC009,592,12.97,S0026,2025-01-09,39,719
2025-03-01,P000007,LOC009,547,13.51,S0026,2025-02-27,39,719
2025-03-31,P000007,LOC009,621,13.18,S0026,2025-03-15,39,719
2024-10-02,P000007,LOC010,612,13.35,S0026,2024-09-14,39,719
2024-11-01,P000007,LOC010,668,12.56,S0026,2024-10-26,39,719
2024-12-01,P000007,LOC010,664,12.57,S0026,2024-11-03,39,719
2024-12-31,P000007,LOC010,717,13.35,S0026,2024-12-30,39,719
2025-01-30,P000007,LOC010,504,12.5,S0026,2025-01-10,39,719
2025-03-01,P000007,LOC010,638,12.65,S0026,2025-02-16,39,719
2025-03-31,P000007,LOC010,641,13.47,S0026,2025-03-06,39,719
2024-10-02,P000007,LOC011,627,13.52,S0026,2024-09-22,39,719
2024-11-01,P000007,LOC011,522,13.4,S0026,2024-10-02,39,719
2024-12-01,P000007,LOC011,579,13.31,S0026,2024-11-14,39,719
2024-12-31,P000007,LOC011,534,13.08,S0026,2024-12-15,39,719
2025-01-30,P000007,LOC011,717,12.86,S0026,2025-01-16,39,719
2025-03-01,P000007,LOC011,714,12.59,S0026,2025-02-27,39,719
2025-03-31,P000007,LOC011,675,13.46,S0026,2025-03-29,39,719
2024-10-02,P000007,LOC012,676,12.51,S0026,2024-09-14,39,719
2024-11-01,P000007,LOC012,630,12.34,S0026,2024-10-02,39,719
2024-12-01,P000007,LOC012,610,13.36,S0026,2024-11-23,39,719
2024-12-31,P000007,LOC012,578,13.22,S0026,2024-12-11,39,719
2025-01-30,P000007,LOC012,541,13.04,S0026,2025-01-04,39,719
2025-03-01,P000007,LOC012,605,13.28,S0026,2025-02-14,39,719
2025-03-31,P000007,LOC012,639,12.87,S0026,2025-03-13,39,719
2024-10-02,P000007,LOC013,717,13.58,S0026,2024-09-30,39,719
2024-11-01,P000007,LOC013,596,12.76,S0026,2024-10-25,39,719
2024-12-01,P000007,LOC013,512,12.57,S0026,2024-11-21,39,719
2024-12-31,P000007,LOC013,548,13.14,S0026,2024-12-11,39,719
2025-01-30,P000007,LOC013,655,13.1,S0026,2025-01-15,39,719
2025-03-01,P000007,LOC013,585,12.49,S0026,2025-02-01,39,719
2025-03-31,P000007,LOC013,647,13.2,S0026,2025-03-26,39,719
2024-10-02,P000007,LOC014,583,12.76,S0026,2024-09-02,39,719
2024-11-01,P000007,LOC014,578,13.04,S0026,2024-10-24,39,719
2024-12-01,P000007,LOC014,591,13.12,S0026,2024-11-15,39,719
2024-12-31,P000007,LOC014,611,12.34,S0026,2024-12-17,39,719
2025-01-30,P000007,LOC014,650,13.47,S0026,2025-01-08,39,719
2025-03-01,P000007,LOC014,623,12.9,S0026,2025-02-11,39,719
2025-03-31,P000007,LOC014,680,13.01,S0026,2025-03-21,39,719
2024-10-02,P000007,LOC015,674,12.67,S0026,2024-09-23,39,719
2024-11-01,P000007,LOC015,689,13.54,S0026,2024-10-15,39,719
2024-12-01,P000007,LOC015,610,13.22,S0026,2024-11-11,39,719
2024-12-31,P000007,LOC015,674,13.34,S0026,2024-12-26,39,719
2025-01-30,P000007,LOC015,663,13.33,S0026,2025-01-14,39,719
2025-03-01,P000007,LOC015,613,13.34,S0026,2025-02-10,39,719
2025-03-31,P000007,LOC015,632,12.64,S0026,2025-03-06,39,719
2024-10-02,P000007,LOC016,656,12.78,S0026,2024-09-06,39,719
2024-11-01,P000007,LOC016,706,13.14,S0026,2024-10-11,39,719
2024-12-01,P000007,LOC016,679,12.52,S0026,2024-11-18,39,719
2024-12-31,P000007,LOC016,637,12.75,S0026,2024-12-13,39,719
2025-01-30,P000007,LOC016,650,12.69,S0026,2025-01-29,39,719
2025-03-01,P000007,LOC016,706,13.0,S0026,2025-02-25,39,719
2025-03-31,P000007,LOC016,656,12.45,S0026,2025-03-07,39,719
2024-10-02,P000007,LOC017,634,13.48,S0026,2024-09-28,39,719
2024-11-01,P000007,LOC017,623,12.74,S0026,2024-10-29,39,719
2024-12-01,P000007,LOC017,592,13.1,S0026,2024-11-30,39,719
2024-12-31,P000007,LOC017,629,13.01,S0026,2024-12-04,39,719
2025-01-30,P000007,LOC017,715,13.11,S0026,2025-01-23,39,719
2025-03-01,P000007,LOC017,711,12.41,S0026,2025-02-04,39,719
2025-03-31,P000007,LOC017,684,12.9,S0026,2025-03-24,39,719
2024-10-02,P000007,LOC018,638,13.31,S0026,2024-09-14,39,719
2024-11-01,P000007,LOC018,620,13.19,S0026,2024-10-28,39,719
2024-12-01,P000007,LOC018,629,13.54,S0026,2024-11-12,39,719
2024-12-31,P000007,LOC018,686,12.85,S0026,2024-12-15,39,719
2025-01-30,P000007,LOC018,705,13.07,S0026,2025-01-14,39,719
2025-03-01,P000007,LOC018,594,13.22,S0026,2025-02-19,39,719
2025-03-31,P000007,LOC018,652,12.56,S0026,2025-03-12,39,719
2024-10-02,P000007,LOC019,710,13.04,S0026,2024-09-17,39,719
2024-11-01,P000007,LOC019,601,12.68,S0026,2024-10-12,39,719
2024-12-01,P000007,LOC019,664,13.19,S0026,2024-11-30,39,719
2024-12-31,P000007,LOC019,636,12.92,S0026,2024-12-06,39,719
2025-01-30,P000007,LOC019,588,12.43,S0026,2025-01-16,39,719
2025-03-01,P000007,LOC019,549,12.48,S0026,2025-02-24,39,719
2025-03-31,P000007,LOC019,547,13.39,S0026,2025-03-26,39,719
2024-10-02,P000007,LOC020,694,12.82,S0026,2024-09-06,39,719
2024-11-01,P000007,LOC020,681,13.06,S0026,2024-10-27,39,719
2024-12-01,P000007,LOC020,690,12.46,S0026,2024-11-25,39,719
2024-12-31,P000007,LOC020,617,12.54,S0026,2024-12-28,39,719
2025-01-30,P000007,LOC020,640,13.29,S0026,2025-01-05,39,719
2025-03-01,P000007,LOC020,597,12.6,S0026,2025-01-30,39,719
2025-03-31,P000007,LOC020,615,12.41,S0026,2025-03-27,39,719
2024-10-02,P000008,LOC001,553,130.5,S0028,2024-09-02,25,654
2024-11-01,P000008,LOC001,630,133.85,S0028,2024-10-15,25,654
2024-12-01,P000008,LOC001,502,128.67,S0028,2024-11-22,25,654
2024-12-31,P000008,LOC001,470,135.75,S0028,2024-12-07,25,654
2025-01-30,P000008,LOC001,504,134.19,S0028,2025-01-25,25,654
2025-03-01,P000008,LOC001,502,136.9,S0028,2025-02-01,25,654
2025-03-31,P000008,LOC001,510,126.03,S0028,2025-03-20,25,654
2024-10-02,P000008,LOC002,439,131.45,S0028,2024-09-19,25,654
2024-11-01,P000008,LOC002,493,137.44,S0028,2024-10-25,25,654
2024-12-01,P000008,LOC002,551,129.17,S0028,2024-11-11,25,654
2024-12-31,P000008,LOC002,610,126.22,S0028,2024-12-10,25,654
2025-01-30,P000008,LOC002,546,132.3,S0028,2025-01-26,25,654
2025-03-01,P000008,LOC002,480,137.38,S0028,2025-02-03,25,654
2025-03-31,P000008,LOC002,495,135.77,S0028,2025-03-10,25,654
2024-10-02,P000008,LOC003,453,129.2,S0028,2024-09-03,25,654
2024-11-01,P000008,LOC003,406,128.17,S0028,2024-10-23,25,654
2024-12-01,P000008,LOC003,456,133.69,S0028,2024-11-22,25,654
2024-12-31,P000008,LOC003,547,126.89,S0028,2024-12-21,25,654
2025-01-30,P000008,LOC003,634,134.38,S0028,2025-01-10,25,654
2025-03-01,P000008,LOC003,571,135.21,S0028,2025-02-23,25,654
2025-03-31,P000008,LOC003,573,127.31,S0028,2025-03-12,25,654
2024-10-02,P000008,LOC004,485,132.84,S0028,2024-09-02,25,654
2024-11-01,P000008,LOC004,490,133.34,S0028,2024-10-22,25,654
2024-12-01,P000008,LOC004,581,130.84,S0028,2024-11-18,25,654
2024-12-31,P000008,LOC004,468,125.72,S0028,2024-12-20,25,654
2025-01-30,P000008,LOC004,524,137.07,S0028,2025-01-13,25,654
2025-03-01,P000008,LOC004,546,133.08,S0028,2025-02-17,25,654
2025-03-31,P000008,LOC004,525,135.8,S0028,2025-03-06,25,654
2024-10-02,P000008,LOC005,506,133.8,S0028,2024-09-27,25,654
2024-11-01,P000008,LOC005,469,136.31,S0028,2024-10-10,25,654
2024-12-01,P000008,LOC005,497,129.25,S0028,2024-11-12,25,654
2024-12-31,P000008,LOC005,569,134.67,S0028,2024-12-28,25,654
2025-01-30,P000008,LOC005,652,134.46,S0028,2025-01-11,25,654
2025-03-01,P000008,LOC005,491,137.08,S0028,2025-02-16,25,654
2025-03-31,P000008,LOC005,526,134.05,S0028,2025-03-28,25,654
2024-10-02,P000008,LOC006,481,134.09,S0028,2024-09-11,25,654
2024-11-01,P000008,LOC006,488,126.27,S0028,2024-10-26,25,654
2024-12-01,P000008,LOC006,503,137.85,S0028,2024-11-16,25,654
2024-12-31,P000008,LOC006,502,132.71,S0028,2024-12-28,25,654
2025-01-30,P000008,LOC006,466,128.67,S0028,2025-01-10,25,654
2025-03-01,P000008,LOC006,523,135.59,S0028,2025-02-17,25,654
2025-03-31,P000008,LOC006,594,134.81,S0028,2025-03-10,25,654
2024-10-02,P000008,LOC007,455,132.41,S0028,2024-09-09,25,654
2024-11-01,P000008,LOC007,494,130.41,S0028,2024-10-28,25,654
2024-12-01,P000008,LOC007,569,132.25,S0028,2024-11-02,25,654
2024-12-31,P000008,LOC007,646,133.57,S0028,2024-12-26,25,654
2025-01-30,P000008,LOC007,623,137.83,S0028,2025-01-12,25,654
2025-03-01,P000008,LOC007,605,134.21,S0028,2025-02-14,25,654
2025-03-31,P000008,LOC007,553,127.66,S0028,2025-03-27,25,654
2024-10-02,P000008,LOC008,427,129.13,S0028,2024-09-18,25,654
2024-11-01,P000008,LOC008,442,126.17,S0028,2024-10-08,25,654
2024-12-01,P000008,LOC008,396,131.09,S0028,2024-11-03,25,654
2024-12-31,P000008,LOC008,491,129.44,S0028,2024-12-20,25,654
2025-01-30,P000008,LOC008,570,125.56,S0028,2025-01-04,25,654
2025-03-01,P000008,LOC008,642,131.37,S0028,2025-02-01,25,654
2025-03-31,P000008,LOC008,636,131.02,S0028,2025-03-14,25,654
2024-10-02,P000008,LOC009,547,126.98,S0028,2024-09-08,25,654
2024-11-01,P000008,LOC009,546,134.87,S0028,2024-10-11,25,654
2024-12-01,P000008,LOC009,531,131.67,S0028,2024-11-27,25,654
2024-12-31,P000008,LOC009,579,128.39,S0028,2024-12-11,25,654
2025-01-30,P000008,LOC009,580,134.38,S0028,2025-01-19,25,654
2025-03-01,P000008,LOC009,609,124.94,S0028,2025-02-18,25,654
2025-03-31,P000008,LOC009,636,134.98,S0028,2025-03-25,25,654
2024-10-02,P000008,LOC010,474,129.9,S0028,2024-09-06,25,654
2024-11-01,P000008,LOC010,478,132.88,S0028,2024-10-17,25,654
2024-12-01,P000008,LOC010,544,132.73,S0028,2024-11-10,25,654
2024-12-31,P000008,LOC010,628,135.91,S0028,2024-12-15,25,654
2025-01-30,P000008,LOC010,638,136.62,S0028,2025-01-26,25,654
2025-03-01,P000008,LOC010,571,129.73,S0028,2025-02-17,25,654
2025-03-31,P000008,LOC010,597,129.86,S0028,2025-03-17,25,654
2024-10-02,P000008,LOC011,461,134.18,S0028,2024-09-11,25,654
2024-11-01,P000008,LOC011,534,131.93,S0028,2024-10-29,25,654
2024-12-01,P000008,LOC011,577,134.68,S0028,2024-11-06,25,654
2024-12-31,P000008,LOC011,560,126.42,S0028,2024-12-03,25,654
2025-01-30,P000008,LOC011,566,127.69,S0028,2025-01-22,25,654
2025-03-01,P000008,LOC011,628,127.93,S0028,2025-02-23,25,654
2025-03-31,P000008,LOC011,582,127.66,S0028,2025-03-18,25,654
2024-10-02,P000008,LOC012,461,135.16,S0028,2024-09-22,25,654
2024-11-01,P000008,LOC012,507,124.8,S0028,2024-10-09,25,654
2024-12-01,P000008,LOC012,597,134.82,S0028,2024-11-12,25,654
2024-12-31,P000008,LOC012,519,129.69,S0028,2024-12-02,25,654
2025-01-30,P000008,LOC012,458,130.55,S0028,2025-01-28,25,654
2025-03-01,P000008,LOC012,515,131.14,S0028,2025-02-10,25,654
2025-03-31,P000008,LOC012,580,126.08,S0028,2025-03-22,25,654
2024-10-02,P000008,LOC013,443,136.64,S0028,2024-09-20,25,654
2024-11-01,P000008,LOC013,448,133.47,S0028,2024-10-20,25,654
2024-12-01,P000008,LOC013,445,127.15,S0028,2024-11-05,25,654
2024-12-31,P000008,LOC013,543,130.62,S0028,2024-12-08,25,654
2025-01-30,P000008,LOC013,572,125.71,S0028,2024-12-31,25,654
2025-03-01,P000008,LOC013,544,137.07,S0028,2025-01-31,25,654
2025-03-31,P000008,LOC013,586,136.67,S0028,2025-03-30,25,654
2024-10-02,P000008,LOC014,519,128.83,S0028,2024-09-06,25,654
2024-11-01,P000008,LOC014,601,134.42,S0028,2024-10-15,25,654
2024-12-01,P000008,LOC014,584,132.52,S0028,2024-11-28,25,654
2024-12-31,P000008,LOC014,601,135.08,S0028,2024-12-21,25,654
2025-01-30,P000008,LOC014,597,127.0,S0028,2025-01-22,25,654
2025-03-01,P000008,LOC014,653,130.12,S0028,2025-02-23,25,654
2025-03-31,P000008,LOC014,623,126.87,S0028,2025-03-01,25,654
2024-10-02,P000008,LOC015,550,134.0,S0028,2024-09-11,25,654
2024-11-01,P000008,LOC015,629,125.85,S0028,2024-10-31,25,654
2024-12-01,P000008,LOC015,633,137.42,S0028,2024-11-10,25,654
2024-12-31,P000008,LOC015,613,131.16,S0028,2024-12-23,25,654
2025-01-30,P000008,LOC015,526,136.41,S0028,2025-01-07,25,654
2025-03-01,P000008,LOC015,580,133.76,S0028,2025-02-04,25,654
2025-03-31,P000008,LOC015,547,128.03,S0028,2025-03-04,25,654
2024-10-02,P000008,LOC016,489,128.25,S0028,2024-09-21,25,654
2024-11-01,P000008,LOC016,547,136.31,S0028,2024-10-07,25,654
2024-12-01,P000008,LOC016,638,125.62,S0028,2024-11-14,25,654
2024-12-31,P000008,LOC016,556,128.26,S0028,2024-12-25,25,654
2025-01-30,P000008,LOC016,493,135.63,S0028,2025-01-12,25,654
2025-03-01,P000008,LOC016,493,135.66,S0028,2025-02-11,25,654
2025-03-31,P000008,LOC016,529,134.94,S0028,2025-03-11,25,654
2024-10-02,P000008,LOC017,459,136.55,S0028,2024-09-13,25,654
2024-11-01,P000008,LOC017,423,128.95,S0028,2024-10-27,25,654
2024-12-01,P000008,LOC017,386,132.64,S0028,2024-11-27,25,654
2024-12-31,P000008,LOC017,384,135.9,S0028,2024-12-04,25,654
2025-01-30,P000008,LOC017,383,135.65,S0028,2025-01-20,25,654
2025-03-01,P000008,LOC017,473,132.8,S0028,2025-02-21,25,654
2025-03-31,P000008,LOC017,486,136.76,S0028,2025-03-20,25,654
2024-10-02,P000008,LOC018,490,136.15,S0028,2024-09-26,25,654
2024-11-01,P000008,LOC018,462,137.06,S0028,2024-10-05,25,654
2024-12-01,P000008,LOC018,548,136.26,S0028,2024-11-23,25,654
2024-12-31,P000008,LOC018,648,134.03,S0028,2024-12-04,25,654
2025-01-30,P000008,LOC018,628,135.96,S0028,2025-01-12,25,654
2025-03-01,P000008,LOC018,462,135.09,S0028,2025-02-07,25,654
2025-03-31,P000008,LOC018,512,127.67,S0028,2025-03-28,25,654
2024-10-02,P000008,LOC019,527,128.99,S0028,2024-09-18,25,654
2024-11-01,P000008,LOC019,563,135.58,S0028,2024-10-24,25,654
2024-12-01,P000008,LOC019,568,127.67,S0028,2024-11-08,25,654
2024-12-31,P000008,LOC019,647,130.84,S0028,2024-12-26,25,654
2025-01-30,P000008,LOC019,523,125.96,S0028,2025-01-12,25,654
2025-03-01,P000008,LOC019,484,135.13,S0028,2025-02-26,25,654
2025-03-31,P000008,LOC019,534,133.91,S0028,2025-03-20,25,654
2024-10-02,P000008,LOC020,490,125.57,S0028,2024-10-01,25,654
2024-11-01,P000008,LOC020,544,129.0,S0028,2024-10-04,25,654
2024-12-01,P000008,LOC020,587,137.69,S0028,2024-11-08,25,654
2024-12-31,P000008,LOC020,551,129.97,S0028,2024-12-28,25,654
2025-01-30,P000008,LOC020,598,131.05,S0028,2025-01-14,25,654
2025-03-01,P000008,LOC020,631,130.26,S0028,2025-02-21,25,654
2025-03-31,P000008,LOC020,592,131.4,S0028,2025-03-14,25,654
2024-10-02,P000009,LOC001,213,299.97,S0007,2024-09-12,22,840
2024-11-01,P000009,LOC001,169,318.65,S0007,2024-10-29,22,840
2024-12-01,P000009,LOC001,216,306.0,S0007,2024-11-04,22,840
2024-12-31,P000009,LOC001,207,317.41,S0007,2024-12-27,22,840
2025-01-30,P000009,LOC001,299,319.93,S0007,2025-01-02,22,840
2025-03-01,P000009,LOC001,358,309.37,S0007,2025-02-21,22,840
2025-03-31,P000009,LOC001,310,300.39,S0007,2025-03-05,22,840
2024-10-02,P000009,LOC002,260,312.99,S0007,2024-09-04,22,840
2024-11-01,P000009,LOC002,278,306.07,S0007,2024-10-16,22,840
2024-12-01,P000009,LOC002,334,291.5,S0007,2024-11-19,22,840
2024-12-31,P000009,LOC002,352,298.22,S0007,2024-12-04,22,840
2025-01-30,P000009,LOC002,303,303.04,S0007,2025-01-04,22,840
2025-03-01,P000009,LOC002,298,303.68,S0007,2025-02-10,22,840
2025-03-31,P000009,LOC002,359,317.1,S0007,2025-03-22,22,840
2024-10-02,P000009,LOC003,280,317.38,S0007,2024-09-18,22,840
2024-11-01,P000009,LOC003,364,313.23,S0007,2024-10-13,22,840
2024-12-01,P000009,LOC003,407,313.68,S0007,2024-11-22,22,840
2024-12-31,P000009,LOC003,375,297.29,S0007,2024-12-07,22,840
2025-01-30,P000009,LOC003,351,299.65,S0007,2025-01-25,22,840
2025-03-01,P000009,LOC003,309,311.2,S0007,2025-02-26,22,840
2025-03-31,P000009,LOC003,370,311.42,S0007,2025-03-21,22,840
2024-10-02,P000009,LOC004,209,295.06,S0007,2024-09-08,22,840
2024-11-01,P000009,LOC004,264,304.29,S0007,2024-10-15,22,840
2024-12-01,P000009,LOC004,223,305.86,S0007,2024-11-02,22,840
2024-12-31,P000009,LOC004,309,314.46,S0007,2024-12-13,22,840
2025-01-30,P000009,LOC004,355,298.36,S0007,2025-01-19,22,840
2025-03-01,P000009,LOC004,420,306.24,S0007,2025-02-07,22,840
2025-03-31,P000009,LOC004,413,296.09,S0007,2025-03-14,22,840
2024-10-02,P000009,LOC005,259,300.84,S0007,2024-09-09,22,840
2024-11-01,P000009,LOC005,247,319.11,S0007,2024-10-21,22,840
2024-12-01,P000009,LOC005,241,312.71,S0007,2024-11-15,22,840
2024-12-31,P000009,LOC005,262,315.26,S0007,2024-12-10,22,840
2025-01-30,P000009,LOC005,247,290.92,S0007,2025-01-01,22,840
2025-03-01,P000009,LOC005,343,304.03,S0007,2025-02-02,22,840
2025-03-31,P000009,LOC005,417,318.45,S0007,2025-03-15,22,840
2024-10-02,P000009,LOC006,187,305.84,S0007,2024-09-29,22,840
2024-11-01,P000009,LOC006,238,310.83,S0007,2024-10-29,22,840
2024-12-01,P000009,LOC006,259,301.87,S0007,2024-11-01,22,840
2024-12-31,P000009,LOC006,333,301.28,S0007,2024-12-16,22,840
2025-01-30,P000009,LOC006,294,308.44,S0007,2025-01-05,22,840
2025-03-01,P000009,LOC006,256,296.06,S0007,2025-02-14,22,840
2025-03-31,P000009,LOC006,279,312.87,S0007,2025-03-12,22,840
2024-10-02,P000009,LOC007,304,319.48,S0007,2024-09-25,22,840
2024-11-01,P000009,LOC007,354,304.52,S0007,2024-10-05,22,840
2024-12-01,P000009,LOC007,443,309.16,S0007,2024-11-25,22,840
2024-12-31,P000009,LOC007,439,312.31,S0007,2024-12-17,22,840
2025-01-30,P000009,LOC007,406,296.62,S0007,2025-01-22,22,840
2025-03-01,P000009,LOC007,420,296.94,S0007,2025-02-04,22,840
2025-03-31,P000009,LOC007,485,300.92,S0007,2025-03-08,22,840
2024-10-02,P000009,LOC008,276,315.88,S0007,2024-09-25,22,840
2024-11-01,P000009,LOC008,231,291.46,S0007,2024-10-21,22,840
2024-12-01,P000009,LOC008,183,311.87,S0007,2024-11-01,22,840
2024-12-31,P000009,LOC008,276,318.85,S0007,2024-12-21,22,840
2025-01-30,P000009,LOC008,251,293.35,S0007,2025-01-15,22,840
2025-03-01,P000009,LOC008,291,292.95,S0007,2025-02-11,22,840
2025-03-31,P000009,LOC008,346,319.28,S0007,2025-03-13,22,840
2024-10-02,P000009,LOC009,193,295.92,S0007,2024-09-03,22,840
2024-11-01,P000009,LOC009,185,305.95,S0007,2024-10-24,22,840
2024-12-01,P000009,LOC009,273,293.2,S0007,2024-11-19,22,840
2024-12-31,P000009,LOC009,251,312.32,S0007,2024-12-15,22,840
2025-01-30,P000009,LOC009,345,312.21,S0007,2025-01-10,22,840
2025-03-01,P000009,LOC009,406,316.11,S0007,2025-02-01,22,840
2025-03-31,P000009,LOC009,457,310.43,S0007,2025-03-08,22,840
2024-10-02,P000009,LOC010,209,318.21,S0007,2024-09-16,22,840
2024-11-01,P000009,LOC010,302,290.77,S0007,2024-10-08,22,840
2024-12-01,P000009,LOC010,377,314.66,S0007,2024-11-01,22,840
2024-12-31,P000009,LOC010,380,291.12,S0007,2024-12-12,22,840
2025-01-30,P000009,LOC010,419,315.24,S0007,2025-01-17,22,840
2025-03-01,P000009,LOC010,416,311.08,S0007,2025-02-12,22,840
2025-03-31,P000009,LOC010,398,292.32,S0007,2025-03-12,22,840
2024-10-02,P000009,LOC011,218,300.56,S0007,2024-09-06,22,840
2024-11-01,P000009,LOC011,238,314.53,S0007,2024-10-28,22,840
2024-12-01,P000009,LOC011,314,318.03,S0007,2024-11-04,22,840
2024-12-31,P000009,LOC011,333,315.8,S0007,2024-12-10,22,840
2025-01-30,P000009,LOC011,292,293.56,S0007,2025-01-06,22,840
2025-03-01,P000009,LOC011,343,317.74,S0007,2025-02-08,22,840
2025-03-31,P000009,LOC011,340,313.88,S0007,2025-03-16,22,840
2024-10-02,P000009,LOC012,166,305.31,S0007,2024-09-30,22,840
2024-11-01,P000009,LOC012,177,316.63,S0007,2024-10-02,22,840
2024-12-01,P000009,LOC012,243,319.85,S0007,2024-11-01,22,840
2024-12-31,P000009,LOC012,282,293.06,S0007,2024-12-01,22,840
2025-01-30,P000009,LOC012,380,311.33,S0007,2025-01-27,22,840
2025-03-01,P000009,LOC012,450,294.44,S0007,2025-02-22,22,840
2025-03-31,P000009,LOC012,426,305.37,S0007,2025-03-15,22,840
2024-10-02,P000009,LOC013,210,294.49,S0007,2024-09-26,22,840
2024-11-01,P000009,LOC013,167,308.26,S0007,2024-10-10,22,840
2024-12-01,P000009,LOC013,253,295.76,S0007,2024-11-01,22,840
2024-12-31,P000009,LOC013,239,312.64,S0007,2024-12-02,22,840
2025-01-30,P000009,LOC013,289,300.63,S0007,2025-01-23,22,840
2025-03-01,P000009,LOC013,279,300.95,S0007,2025-02-25,22,840
2025-03-31,P000009,LOC013,247,297.64,S0007,2025-03-01,22,840
2024-10-02,P000009,LOC014,161,304.4,S0007,2024-09-27,22,840
2024-11-01,P000009,LOC014,148,299.96,S0007,2024-10-08,22,840
2024-12-01,P000009,LOC014,146,300.18,S0007,2024-11-05,22,840
2024-12-31,P000009,LOC014,136,291.73,S0007,2024-12-02,22,840
2025-01-30,P000009,LOC014,129,298.35,S0007,2025-01-24,22,840
2025-03-01,P000009,LOC014,127,303.04,S0007,2025-02-10,22,840
2025-03-31,P000009,LOC014,190,309.19,S0007,2025-03-14,22,840
2024-10-02,P000009,LOC015,221,296.46,S0007,2024-09-19,22,840
2024-11-01,P000009,LOC015,222,295.33,S0007,2024-10-11,22,840
2024-12-01,P000009,LOC015,193,304.21,S0007,2024-11-04,22,840
2024-12-31,P000009,LOC015,215,308.22,S0007,2024-12-17,22,840
2025-01-30,P000009,LOC015,275,292.06,S0007,2025-01-22,22,840
2025-03-01,P000009,LOC015,282,310.53,S0007,2025-02-04,22,840
2025-03-31,P000009,LOC015,313,320.09,S0007,2025-03-08,22,840
2024-10-02,P000009,LOC016,263,297.76,S0007,2024-09-14,22,840
2024-11-01,P000009,LOC016,302,307.61,S0007,2024-10-22,22,840
2024-12-01,P000009,LOC016,342,300.43,S0007,2024-11-29,22,840
2024-12-31,P000009,LOC016,389,303.47,S0007,2024-12-03,22,840
2025-01-30,P000009,LOC016,444,306.42,S0007,2025-01-16,22,840
2025-03-01,P000009,LOC016,522,319.01,S0007,2025-02-10,22,840
2025-03-31,P000009,LOC016,514,296.31,S0007,2025-03-18,22,840
2024-10-02,P000009,LOC017,308,313.88,S0007,2024-09-11,22,840
2024-11-01,P000009,LOC017,325,297.31,S0007,2024-10-24,22,840
2024-12-01,P000009,LOC017,294,305.62,S0007,2024-11-18,22,840
2024-12-31,P000009,LOC017,316,314.62,S0007,2024-12-18,22,840
2025-01-30,P000009,LOC017,334,298.47,S0007,2025-01-08,22,840
2025-03-01,P000009,LOC017,383,303.6,S0007,2025-02-24,22,840
2025-03-31,P000009,LOC017,341,298.95,S0007,2025-03-30,22,840
2024-10-02,P000009,LOC018,169,291.6,S0007,2024-09-11,22,840
2024-11-01,P000009,LOC018,142,292.03,S0007,2024-10-05,22,840
2024-12-01,P000009,LOC018,200,292.37,S0007,2024-11-24,22,840
2024-12-31,P000009,LOC018,210,304.62,S0007,2024-12-22,22,840
2025-01-30,P000009,LOC018,286,311.93,S0007,2025-01-26,22,840
2025-03-01,P000009,LOC018,296,299.63,S0007,2025-02-15,22,840
2025-03-31,P000009,LOC018,289,302.16,S0007,2025-03-13,22,840
2024-10-02,P000009,LOC019,261,310.48,S0007,2024-09-09,22,840
2024-11-01,P000009,LOC019,252,318.97,S0007,2024-10-24,22,840
2024-12-01,P000009,LOC019,305,318.82,S0007,2024-11-21,22,840
2024-12-31,P000009,LOC019,361,306.71,S0007,2024-12-07,22,840
2025-01-30,P000009,LOC019,442,312.25,S0007,2025-01-16,22,840
2025-03-01,P000009,LOC019,506,310.61,S0007,2025-01-31,22,840
2025-03-31,P000009,LOC019,590,305.51,S0007,2025-03-24,22,840
2024-10-02,P000009,LOC020,228,302.19,S0007,2024-09-26,22,840
2024-11-01,P000009,LOC020,257,301.58,S0007,2024-10-28,22,840
2024-12-01,P000009,LOC020,315,315.88,S0007,2024-11-30,22,840
2024-12-31,P000009,LOC020,305,308.11,S0007,2024-12-04,22,840
2025-01-30,P000009,LOC020,398,308.97,S0007,2025-01-17,22,840
2025-03-01,P000009,LOC020,495,296.73,S0007,2025-02-11,22,840
2025-03-31,P000009,LOC020,511,298.97,S0007,2025-03-09,22,840
2024-10-02,P000010,LOC001,125,130.12,S0024,2024-09-30,32,171
2024-11-01,P000010,LOC001,146,127.4,S0024,2024-10-21,32,171
2024-12-01,P000010,LOC001,120,133.15,S0024,2024-11-09,32,171
2024-12-31,P000010,LOC001,136,124.52,S0024,2024-12-17,32,171
2025-01-30,P000010,LOC001,143,134.22,S0024,2025-01-15,32,171
2025-03-01,P000010,LOC001,120,124.02,S0024,2025-02-14,32,171
2025-03-31,P000010,LOC001,147,122.19,S0024,2025-03-02,32,171
2024-10-02,P000010,LOC002,125,131.87,S0024,2024-09-15,32,171
2024-11-01,P000010,LOC002,139,123.84,S0024,2024-10-12,32,171
2024-12-01,P000010,LOC002,121,123.22,S0024,2024-11-14,32,171
2024-12-31,P000010,LOC002,135,130.5,S0024,2024-12-20,32,171
2025-01-30,P000010,LOC002,128,128.15,S0024,2025-01-23,32,171
2025-03-01,P000010,LOC002,133,132.06,S0024,2025-02-16,32,171
2025-03-31,P000010,LOC002,152,128.58,S0024,2025-03-13,32,171
2024-10-02,P000010,LOC003,135,124.26,S0024,2024-09-23,32,171
2024-11-01,P000010,LOC003,151,124.73,S0024,2024-10-14,32,171
2024-12-01,P000010,LOC003,155,130.85,S0024,2024-11-11,32,171
2024-12-31,P000010,LOC003,130,125.84,S0024,2024-12-13,32,171
2025-01-30,P000010,LOC003,123,126.68,S0024,2025-01-23,32,171
2025-03-01,P000010,LOC003,120,122.52,S0024,2025-02-21,32,171
2025-03-31,P000010,LOC003,142,129.92,S0024,2025-03-15,32,171
2024-10-02,P000010,LOC004,162,128.36,S0024,2024-09-15,32,171
2024-11-01,P000010,LOC004,134,126.99,S0024,2024-10-13,32,171
2024-12-01,P000010,LOC004,147,134.27,S0024,2024-11-05,32,171
2024-12-31,P000010,LOC004,153,123.07,S0024,2024-12-05,32,171
2025-01-30,P000010,LOC004,147,128.29,S0024,2025-01-05,32,171
2025-03-01,P000010,LOC004,151,134.56,S0024,2025-02-07,32,171
2025-03-31,P000010,LOC004,160,126.16,S0024,2025-03-28,32,171
2024-10-02,P000010,LOC005,128,127.69,S0024,2024-10-01,32,171
2024-11-01,P000010,LOC005,120,131.87,S0024,2024-10-14,32,171
2024-12-01,P000010,LOC005,126,128.02,S0024,2024-11-02,32,171
2024-12-31,P000010,LOC005,125,134.55,S0024,2024-12-12,32,171
2025-01-30,P000010,LOC005,148,122.57,S0024,2025-01-27,32,171
2025-03-01,P000010,LOC005,143,122.88,S0024,2025-02-17,32,171
2025-03-31,P000010,LOC005,129,131.85,S0024,2025-03-15,32,171
2024-10-02,P000010,LOC006,149,131.37,S0024,2024-09-06,32,171
2024-11-01,P000010,LOC006,152,133.86,S0024,2024-10-09,32,171
2024-12-01,P000010,LOC006,126,123.31,S0024,2024-11-06,32,171
2024-12-31,P000010,LOC006,145,130.46,S0024,2024-12-27,32,171
2025-01-30,P000010,LOC006,151,131.63,S0024,2025-01-16,32,171
2025-03-01,P000010,LOC006,124,130.94,S0024,2025-02-08,32,171
2025-03-31,P000010,LOC006,154,126.1,S0024,2025-03-30,32,171
2024-10-02,P000010,LOC007,160,125.09,S0024,2024-09-24,32,171
2024-11-01,P000010,LOC007,124,126.48,S0024,2024-10-18,32,171
2024-12-01,P000010,LOC007,120,127.72,S0024,2024-11-17,32,171
2024-12-31,P000010,LOC007,133,125.3,S0024,2024-12-07,32,171
2025-01-30,P000010,LOC007,148,127.69,S0024,2025-01-07,32,171
2025-03-01,P000010,LOC007,160,133.3,S0024,2025-02-18,32,171
2025-03-31,P000010,LOC007,136,125.77,S0024,2025-03-09,32,171
2024-10-02,P000010,LOC008,150,126.0,S0024,2024-09-10,32,171
2024-11-01,P000010,LOC008,122,134.92,S0024,2024-10-25,32,171
2024-12-01,P000010,LOC008,149,128.08,S0024,2024-11-28,32,171
2024-12-31,P000010,LOC008,146,129.54,S0024,2024-12-15,32,171
2025-01-30,P000010,LOC008,124,122.2,S0024,2025-01-17,32,171
2025-03-01,P000010,LOC008,152,125.08,S0024,2025-02-17,32,171
2025-03-31,P000010,LOC008,156,129.07,S0024,2025-03-26,32,171
2024-10-02,P000010,LOC009,145,122.52,S0024,2024-09-19,32,171
2024-11-01,P000010,LOC009,124,130.2,S0024,2024-10-10,32,171
2024-12-01,P000010,LOC009,161,133.57,S0024,2024-11-12,32,171
2024-12-31,P000010,LOC009,153,125.11,S0024,2024-12-02,32,171
2025-01-30,P000010,LOC009,134,132.91,S0024,2025-01-29,32,171
2025-03-01,P000010,LOC009,138,129.45,S0024,2025-01-31,32,171
2025-03-31,P000010,LOC009,135,125.49,S0024,2025-03-21,32,171
2024-10-02,P000010,LOC010,141,129.23,S0024,2024-09-02,32,171
2024-11-01,P000010,LOC010,134,133.43,S0024,2024-10-23,32,171
2024-12-01,P000010,LOC010,156,127.32,S0024,2024-11-14,32,171
2024-12-31,P000010,LOC010,154,130.57,S0024,2024-12-28,32,171
2025-01-30,P000010,LOC010,124,122.9,S0024,2025-01-03,32,171
2025-03-01,P000010,LOC010,160,128.05,S0024,2025-02-19,32,171
2025-03-31,P000010,LOC010,146,133.83,S0024,2025-03-07,32,171
2024-10-02,P000010,LOC011,155,125.34,S0024,2024-09-14,32,171
2024-11-01,P000010,LOC011,149,123.89,S0024,2024-10-08,32,171
2024-12-01,P000010,LOC011,138,125.09,S0024,2024-11-01,32,171
2024-12-31,P000010,LOC011,151,134.31,S0024,2024-12-19,32,171
2025-01-30,P000010,LOC011,160,131.33,S0024,2025-01-08,32,171
2025-03-01,P000010,LOC011,131,122.35,S0024,2025-02-14,32,171
2025-03-31,P000010,LOC011,154,133.74,S0024,2025-03-15,32,171
2024-10-02,P000010,LOC012,142,131.61,S0024,2024-09-28,32,171
2024-11-01,P000010,LOC012,140,122.38,S0024,2024-10-11,32,171
2024-12-01,P000010,LOC012,138,130.37,S0024,2024-11-02,32,171
2024-12-31,P000010,LOC012,150,122.98,S0024,2024-12-27,32,171
2025-01-30,P000010,LOC012,131,125.57,S0024,2025-01-29,32,171
2025-03-01,P000010,LOC012,156,126.26,S0024,2025-02-23,32,171
2025-03-31,P000010,LOC012,155,125.4,S0024,2025-03-25,32,171
2024-10-02,P000010,LOC013,123,122.24,S0024,2024-09-02,32,171
2024-11-01,P000010,LOC013,157,132.81,S0024,2024-10-18,32,171
2024-12-01,P000010,LOC013,130,129.92,S0024,2024-11-27,32,171
2024-12-31,P000010,LOC013,139,130.99,S0024,2024-12-15,32,171
2025-01-30,P000010,LOC013,145,123.64,S0024,2025-01-24,32,171
2025-03-01,P000010,LOC013,135,122.53,S0024,2025-02-07,32,171
2025-03-31,P000010,LOC013,120,122.39,S0024,2025-03-30,32,171
2024-10-02,P000010,LOC014,156,130.82,S0024,2024-09-21,32,171
2024-11-01,P000010,LOC014,127,125.38,S0024,2024-10-20,32,171
2024-12-01,P000010,LOC014,128,131.72,S0024,2024-11-27,32,171
2024-12-31,P000010,LOC014,153,128.43,S0024,2024-12-07,32,171
2025-01-30,P000010,LOC014,134,122.76,S0024,2025-01-18,32,171
2025-03-01,P000010,LOC014,157,123.06,S0024,2025-02-18,32,171
2025-03-31,P000010,LOC014,149,129.48,S0024,2025-03-21,32,171
2024-10-02,P000010,LOC015,131,129.03,S0024,2024-09-02,32,171
2024-11-01,P000010,LOC015,120,129.2,S0024,2024-10-11,32,171
2024-12-01,P000010,LOC015,160,131.33,S0024,2024-11-03,32,171
2024-12-31,P000010,LOC015,123,122.21,S0024,2024-12-02,32,171
2025-01-30,P000010,LOC015,150,127.03,S0024,2025-01-28,32,171
2025-03-01,P000010,LOC015,140,129.73,S0024,2025-02-18,32,171
2025-03-31,P000010,LOC015,152,133.11,S0024,2025-03-21,32,171
2024-10-02,P000010,LOC016,149,131.87,S0024,2024-09-11,32,171
2024-11-01,P000010,LOC016,147,124.22,S0024,2024-10-28,32,171
2024-12-01,P000010,LOC016,140,122.16,S0024,2024-11-26,32,171
2024-12-31,P000010,LOC016,153,126.73,S0024,2024-12-11,32,171
2025-01-30,P000010,LOC016,123,128.12,S0024,2025-01-25,32,171
2025-03-01,P000010,LOC016,129,129.56,S0024,2025-02-13,32,171
2025-03-31,P000010,LOC016,149,128.01,S0024,2025-03-09,32,171
2024-10-02,P000010,LOC017,132,123.86,S0024,2024-09-17,32,171
2024-11-01,P000010,LOC017,144,132.22,S0024,2024-10-09,32,171
2024-12-01,P000010,LOC017,139,123.21,S0024,2024-11-08,32,171
2024-12-31,P000010,LOC017,142,125.59,S0024,2024-12-02,32,171
2025-01-30,P000010,LOC017,137,130.47,S0024,2025-01-27,32,171
2025-03-01,P000010,LOC017,151,124.55,S0024,2025-02-21,32,171
2025-03-31,P000010,LOC017,133,128.05,S0024,2025-03-16,32,171
2024-10-02,P000010,LOC018,149,122.95,S0024,2024-09-02,32,171
2024-11-01,P000010,LOC018,131,122.9,S0024,2024-10-09,32,171
2024-12-01,P000010,LOC018,130,123.63,S0024,2024-11-23,32,171
2024-12-31,P000010,LOC018,124,123.61,S0024,2024-12-22,32,171
2025-01-30,P000010,LOC018,127,131.39,S0024,2025-01-29,32,171
2025-03-01,P000010,LOC018,124,124.8,S0024,2025-02-14,32,171
2025-03-31,P000010,LOC018,142,129.62,S0024,2025-03-25,32,171
2024-10-02,P000010,LOC019,152,132.88,S0024,2024-09-16,32,171
2024-11-01,P000010,LOC019,127,125.39,S0024,2024-10-09,32,171
2024-12-01,P000010,LOC019,128,130.96,S0024,2024-11-19,32,171
2024-12-31,P000010,LOC019,140,124.08,S0024,2024-12-08,32,171
2025-01-30,P000010,LOC019,150,128.2,S0024,2025-01-06,32,171
2025-03-01,P000010,LOC019,161,126.03,S0024,2025-02-01,32,171
2025-03-31,P000010,LOC019,142,132.98,S0024,2025-03-14,32,171
2024-10-02,P000010,LOC020,131,123.78,S0024,2024-09-10,32,171
2024-11-01,P000010,LOC020,123,122.96,S0024,2024-10-24,32,171
2024-12-01,P000010,LOC020,127,122.75,S0024,2024-11-28,32,171
2024-12-31,P000010,LOC020,129,130.91,S0024,2024-12-15,32,171
2025-01-30,P000010,LOC020,127,123.46,S0024,2025-01-25,32,171
2025-03-01,P000010,LOC020,120,132.07,S0024,2025-02-24,32,171
2025-03-31,P000010,LOC020,142,132.5,S0024,2025-03-27,32,171
2024-10-02,P000011,LOC001,87,380.36,S0029,2024-09-21,25,309
2024-11-01,P000011,LOC001,187,395.98,S0029,2024-10-10,25,309
2024-12-01,P000011,LOC001,142,406.63,S0029,2024-11-03,25,309
2024-12-31,P000011,LOC001,184,415.78,S0029,2024-12-15,25,309
2025-01-30,P000011,LOC001,208,395.66,S0029,2025-01-16,25,309
2025-03-01,P000011,LOC001,209,377.28,S0029,2025-02-06,25,309
2025-03-31,P000011,LOC001,291,382.28,S0029,2025-03-22,25,309
2024-10-02,P000011,LOC002,165,400.92,S0029,2024-09-28,25,309
2024-11-01,P000011,LOC002,212,380.4,S0029,2024-10-31,25,309
2024-12-01,P000011,LOC002,256,378.89,S0029,2024-11-03,25,309
2024-12-31,P000011,LOC002,237,381.94,S0029,2024-12-24,25,309
2025-01-30,P000011,LOC002,309,406.34,S0029,2024-12-31,25,309
2025-03-01,P000011,LOC002,291,400.39,S0029,2025-02-16,25,309
2025-03-31,P000011,LOC002,259,401.66,S0029,2025-03-12,25,309
2024-10-02,P000011,LOC003,85,408.52,S0029,2024-09-21,25,309
2024-11-01,P000011,LOC003,175,396.11,S0029,2024-10-05,25,309
2024-12-01,P000011,LOC003,219,390.3,S0029,2024-11-19,25,309
2024-12-31,P000011,LOC003,239,388.83,S0029,2024-12-30,25,309
2025-01-30,P000011,LOC003,251,388.84,S0029,2025-01-07,25,309
2025-03-01,P000011,LOC003,255,389.19,S0029,2025-01-31,25,309
2025-03-31,P000011,LOC003,270,394.65,S0029,2025-03-29,25,309
2024-10-02,P000011,LOC004,90,389.34,S0029,2024-09-24,25,309
2024-11-01,P000011,LOC004,163,385.06,S0029,2024-10-10,25,309
2024-12-01,P000011,LOC004,216,400.45,S0029,2024-11-01,25,309
2024-12-31,P000011,LOC004,258,415.89,S0029,2024-12-21,25,309
2025-01-30,P000011,LOC004,226,379.69,S0029,2025-01-27,25,309
2025-03-01,P000011,LOC004,283,386.73,S0029,2025-02-17,25,309
2025-03-31,P000011,LOC004,254,383.77,S0029,2025-03-04,25,309
2024-10-02,P000011,LOC005,203,414.15,S0029,2024-09-15,25,309
2024-11-01,P000011,LOC005,300,382.21,S0029,2024-10-30,25,309
2024-12-01,P000011,LOC005,259,402.81,S0029,2024-11-15,25,309
2024-12-31,P000011,LOC005,224,385.07,S0029,2024-12-21,25,309
2025-01-30,P000011,LOC005,194,397.63,S0029,2025-01-09,25,309
2025-03-01,P000011,LOC005,256,376.98,S0029,2025-02-04,25,309
2025-03-31,P000011,LOC005,214,387.51,S0029,2025-03-18,25,309
2024-10-02,P000011,LOC006,155,400.96,S0029,2024-09-30,25,309
2024-11-01,P000011,LOC006,189,400.03,S0029,2024-10-20,25,309
2024-12-01,P000011,LOC006,241,400.49,S0029,2024-11-07,25,309
2024-12-31,P000011,LOC006,273,400.13,S0029,2024-12-12,25,309
2025-01-30,P000011,LOC006,283,389.56,S0029,2025-01-01,25,309
2025-03-01,P000011,LOC006,260,393.28,S0029,2025-02-07,25,309
2025-03-31,P000011,LOC006,252,376.81,S0029,2025-03-09,25,309
2024-10-02,P000011,LOC007,102,388.04,S0029,2024-09-02,25,309
2024-11-01,P000011,LOC007,102,390.23,S0029,2024-10-12,25,309
2024-12-01,P000011,LOC007,158,413.16,S0029,2024-11-15,25,309
2024-12-31,P000011,LOC007,159,401.67,S0029,2024-12-16,25,309
2025-01-30,P000011,LOC007,110,399.78,S0029,2025-01-04,25,309
2025-03-01,P000011,LOC007,128,411.93,S0029,2025-01-31,25,309
2025-03-31,P000011,LOC007,88,413.86,S0029,2025-03-05,25,309
2024-10-02,P000011,LOC008,101,404.12,S0029,2024-10-01,25,309
2024-11-01,P000011,LOC008,62,381.52,S0029,2024-10-14,25,309
2024-12-01,P000011,LOC008,143,379.93,S0029,2024-11-16,25,309
2024-12-31,P000011,LOC008,105,405.0,S0029,2024-12-27,25,309
2025-01-30,P000011,LOC008,179,409.51,S0029,2025-01-14,25,309
2025-03-01,P000011,LOC008,220,412.14,S0029,2025-02-20,25,309
2025-03-31,P000011,LOC008,302,397.76,S0029,2025-03-04,25,309
2024-10-02,P000011,LOC009,166,410.15,S0029,2024-09-10,25,309
2024-11-01,P000011,LOC009,158,377.09,S0029,2024-10-06,25,309
2024-12-01,P000011,LOC009,123,380.73,S0029,2024-11-12,25,309
2024-12-31,P000011,LOC009,124,410.26,S0029,2024-12-27,25,309
2025-01-30,P000011,LOC009,142,403.79,S0029,2025-01-09,25,309
2025-03-01,P000011,LOC009,162,379.03,S0029,2025-02-12,25,309
2025-03-31,P000011,LOC009,180,387.09,S0029,2025-03-15,25,309
2024-10-02,P000011,LOC010,207,403.48,S0029,2024-09-21,25,309
2024-11-01,P000011,LOC010,306,376.67,S0029,2024-10-19,25,309
2024-12-01,P000011,LOC010,250,415.8,S0029,2024-11-22,25,309
2024-12-31,P000011,LOC010,230,397.01,S0029,2024-12-30,25,309
2025-01-30,P000011,LOC010,220,406.84,S0029,2025-01-21,25,309
2025-03-01,P000011,LOC010,288,396.62,S0029,2025-02-02,25,309
2025-03-31,P000011,LOC010,253,415.93,S0029,2025-03-23,25,309
2024-10-02,P000011,LOC011,188,386.87,S0029,2024-09-24,25,309
2024-11-01,P000011,LOC011,287,387.08,S0029,2024-10-19,25,309
2024-12-01,P000011,LOC011,279,402.66,S0029,2024-11-29,25,309
2024-12-31,P000011,LOC011,247,381.76,S0029,2024-12-19,25,309
2025-01-30,P000011,LOC011,222,413.83,S0029,2024-12-31,25,309
2025-03-01,P000011,LOC011,264,388.98,S0029,2025-02-23,25,309
2025-03-31,P000011,LOC011,220,388.53,S0029,2025-03-30,25,309
2024-10-02,P000011,LOC012,162,408.49,S0029,2024-09-14,25,309
2024-11-01,P000011,LOC012,120,393.67,S0029,2024-10-14,25,309
2024-12-01,P000011,LOC012,185,381.82,S0029,2024-11-22,25,309
2024-12-31,P000011,LOC012,249,395.41,S0029,2024-12-08,25,309
2025-01-30,P000011,LOC012,227,388.16,S0029,2025-01-23,25,309
2025-03-01,P000011,LOC012,259,406.9,S0029,2025-02-25,25,309
2025-03-31,P000011,LOC012,239,381.89,S0029,2025-03-10,25,309
2024-10-02,P000011,LOC013,136,406.68,S0029,2024-09-24,25,309
2024-11-01,P000011,LOC013,183,400.25,S0029,2024-10-15,25,309
2024-12-01,P000011,LOC013,167,395.21,S0029,2024-11-16,25,309
2024-12-31,P000011,LOC013,243,415.36,S0029,2024-12-01,25,309
2025-01-30,P000011,LOC013,197,392.52,S0029,2025-01-22,25,309
2025-03-01,P000011,LOC013,267,405.58,S0029,2025-02-20,25,309
2025-03-31,P000011,LOC013,293,377.54,S0029,2025-03-09,25,309
2024-10-02,P000011,LOC014,172,380.05,S0029,2024-09-27,25,309
2024-11-01,P000011,LOC014,145,415.24,S0029,2024-10-18,25,309
2024-12-01,P000011,LOC014,159,410.88,S0029,2024-11-30,25,309
2024-12-31,P000011,LOC014,111,397.45,S0029,2024-12-11,25,309
2025-01-30,P000011,LOC014,144,411.64,S0029,2025-01-20,25,309
2025-03-01,P000011,LOC014,216,405.35,S0029,2025-02-02,25,309
2025-03-31,P000011,LOC014,287,389.82,S0029,2025-03-01,25,309
2024-10-02,P000011,LOC015,88,387.75,S0029,2024-09-20,25,309
2024-11-01,P000011,LOC015,139,412.09,S0029,2024-10-26,25,309
2024-12-01,P000011,LOC015,188,389.64,S0029,2024-11-14,25,309
2024-12-31,P000011,LOC015,159,405.7,S0029,2024-12-15,25,309
2025-01-30,P000011,LOC015,176,386.62,S0029,2025-01-26,25,309
2025-03-01,P000011,LOC015,226,388.91,S0029,2025-02-11,25,309
2025-03-31,P000011,LOC015,283,407.19,S0029,2025-03-18,25,309
2024-10-02,P000011,LOC016,184,409.51,S0029,2024-09-20,25,309
2024-11-01,P000011,LOC016,218,398.08,S0029,2024-10-18,25,309
2024-12-01,P000011,LOC016,251,386.73,S0029,2024-11-12,25,309
2024-12-31,P000011,LOC016,225,385.24,S0029,2024-12-12,25,309
2025-01-30,P000011,LOC016,275,400.45,S0029,2025-01-07,25,309
2025-03-01,P000011,LOC016,263,407.02,S0029,2025-02-18,25,309
2025-03-31,P000011,LOC016,277,393.18,S0029,2025-03-10,25,309
2024-10-02,P000011,LOC017,187,415.39,S0029,2024-09-14,25,309
2024-11-01,P000011,LOC017,287,387.23,S0029,2024-10-19,25,309
2024-12-01,P000011,LOC017,233,413.46,S0029,2024-11-04,25,309
2024-12-31,P000011,LOC017,256,410.92,S0029,2024-12-22,25,309
2025-01-30,P000011,LOC017,251,401.74,S0029,2025-01-21,25,309
2025-03-01,P000011,LOC017,250,397.85,S0029,2025-02-02,25,309
2025-03-31,P000011,LOC017,282,398.08,S0029,2025-03-24,25,309
2024-10-02,P000011,LOC018,217,411.02,S0029,2024-09-27,25,309
2024-11-01,P000011,LOC018,200,386.81,S0029,2024-10-15,25,309
2024-12-01,P000011,LOC018,230,409.07,S0029,2024-11-06,25,309
2024-12-31,P000011,LOC018,212,397.02,S0029,2024-12-24,25,309
2025-01-30,P000011,LOC018,201,410.89,S0029,2025-01-02,25,309
2025-03-01,P000011,LOC018,171,379.81,S0029,2025-02-21,25,309
2025-03-31,P000011,LOC018,258,408.68,S0029,2025-03-20,25,309
2024-10-02,P000011,LOC019,200,409.6,S0029,2024-09-27,25,309
2024-11-01,P000011,LOC019,278,410.17,S0029,2024-10-05,25,309
2024-12-01,P000011,LOC019,274,412.93,S0029,2024-11-15,25,309
2024-12-31,P000011,LOC019,285,397.08,S0029,2024-12-26,25,309
2025-01-30,P000011,LOC019,292,400.98,S0029,2025-01-04,25,309
2025-03-01,P000011,LOC019,239,385.19,S0029,2025-02-11,25,309
2025-03-31,P000011,LOC019,264,378.66,S0029,2025-03-20,25,309
2024-10-02,P000011,LOC020,70,384.31,S0029,2024-09-30,25,309
2024-11-01,P000011,LOC020,160,409.7,S0029,2024-10-21,25,309
2024-12-01,P000011,LOC020,254,386.29,S0029,2024-11-21,25,309
2024-12-31,P000011,LOC020,275,406.69,S0029,2024-12-25,25,309
2025-01-30,P000011,LOC020,263,386.77,S0029,2025-01-13,25,309
2025-03-01,P000011,LOC020,273,391.92,S0029,2025-02-24,25,309
2025-03-31,P000011,LOC020,289,387.07,S0029,2025-03-14,25,309
2024-10-02,P000012,LOC001,87,423.74,S0022,2024-09-20,10,116
2024-11-01,P000012,LOC001,87,425.47,S0022,2024-10-08,10,116
2024-12-01,P000012,LOC001,100,426.05,S0022,2024-11-10,10,116
2024-12-31,P000012,LOC001,85,432.51,S0022,2024-12-06,10,116
2025-01-30,P000012,LOC001,86,444.34,S0022,2025-01-02,10,116
2025-03-01,P000012,LOC001,83,431.7,S0022,2025-02-17,10,116
2025-03-31,P000012,LOC001,81,425.46,S0022,2025-03-09,10,116
2024-10-02,P000012,LOC002,94,448.36,S0022,2024-09-14,10,116
2024-11-01,P000012,LOC002,98,427.75,S0022,2024-10-10,10,116
2024-12-01,P000012,LOC002,89,438.97,S0022,2024-11-18,10,116
2024-12-31,P000012,LOC002,87,455.79,S0022,2024-12-05,10,116
2025-01-30,P000012,LOC002,101,461.29,S0022,2025-01-24,10,116
2025-03-01,P000012,LOC002,101,437.37,S0022,2025-02-06,10,116
2025-03-31,P000012,LOC002,94,455.08,S0022,2025-03-09,10,116
2024-10-02,P000012,LOC003,101,452.47,S0022,2024-09-06,10,116
2024-11-01,P000012,LOC003,107,439.26,S0022,2024-10-21,10,116
2024-12-01,P000012,LOC003,104,456.29,S0022,2024-11-06,10,116
2024-12-31,P000012,LOC003,99,450.04,S0022,2024-12-12,10,116
2025-01-30,P000012,LOC003,100,441.87,S0022,2025-01-24,10,116
2025-03-01,P000012,LOC003,108,429.36,S0022,2025-02-26,10,116
2025-03-31,P000012,LOC003,93,454.66,S0022,2025-03-08,10,116
2024-10-02,P000012,LOC004,96,437.24,S0022,2024-09-04,10,116
2024-11-01,P000012,LOC004,99,431.95,S0022,2024-10-11,10,116
2024-12-01,P000012,LOC004,107,458.18,S0022,2024-11-06,10,116
2024-12-31,P000012,LOC004,105,454.44,S0022,2024-12-04,10,116
2025-01-30,P000012,LOC004,83,443.53,S0022,2025-01-19,10,116
2025-03-01,P000012,LOC004,86,428.76,S0022,2025-02-23,10,116
2025-03-31,P000012,LOC004,90,453.63,S0022,2025-03-09,10,116
2024-10-02,P000012,LOC005,102,461.23,S0022,2024-09-16,10,116
2024-11-01,P000012,LOC005,97,434.16,S0022,2024-10-14,10,116
2024-12-01,P000012,LOC005,89,453.61,S0022,2024-11-02,10,116
2024-12-31,P000012,LOC005,84,439.85,S0022,2024-12-18,10,116
2025-01-30,P000012,LOC005,101,462.43,S0022,2024-12-31,10,116
2025-03-01,P000012,LOC005,101,444.23,S0022,2025-02-16,10,116
2025-03-31,P000012,LOC005,108,458.73,S0022,2025-03-02,10,116
2024-10-02,P000012,LOC006,95,442.31,S0022,2024-09-11,10,116
2024-11-01,P000012,LOC006,95,442.7,S0022,2024-10-29,10,116
2024-12-01,P000012,LOC006,83,460.77,S0022,2024-11-23,10,116
2024-12-31,P000012,LOC006,82,438.38,S0022,2024-12-04,10,116
2025-01-30,P000012,LOC006,93,460.7,S0022,2025-01-16,10,116
2025-03-01,P000012,LOC006,90,448.05,S0022,2025-02-25,10,116
2025-03-31,P000012,LOC006,88,461.02,S0022,2025-03-09,10,116
2024-10-02,P000012,LOC007,83,429.95,S0022,2024-09-09,10,116
2024-11-01,P000012,LOC007,109,433.55,S0022,2024-10-04,10,116
2024-12-01,P000012,LOC007,105,458.45,S0022,2024-11-05,10,116
2024-12-31,P000012,LOC007,97,437.89,S0022,2024-12-24,10,116
2025-01-30,P000012,LOC007,108,445.94,S0022,2025-01-16,10,116
2025-03-01,P000012,LOC007,110,433.11,S0022,2025-02-02,10,116
2025-03-31,P000012,LOC007,100,453.49,S0022,2025-03-16,10,116
2024-10-02,P000012,LOC008,89,448.04,S0022,2024-09-15,10,116
2024-11-01,P000012,LOC008,82,424.3,S0022,2024-10-13,10,116
2024-12-01,P000012,LOC008,103,460.18,S0022,2024-11-17,10,116
2024-12-31,P000012,LOC008,94,444.06,S0022,2024-12-14,10,116
2025-01-30,P000012,LOC008,100,448.69,S0022,2025-01-25,10,116
2025-03-01,P000012,LOC008,107,421.05,S0022,2025-02-02,10,116
2025-03-31,P000012,LOC008,86,457.86,S0022,2025-03-09,10,116
2024-10-02,P000012,LOC009,98,444.79,S0022,2024-09-10,10,116
2024-11-01,P000012,LOC009,99,427.56,S0022,2024-10-13,10,116
2024-12-01,P000012,LOC009,95,450.11,S0022,2024-11-27,10,116
2024-12-31,P000012,LOC009,83,462.79,S0022,2024-12-06,10,116
2025-01-30,P000012,LOC009,91,422.83,S0022,2025-01-18,10,116
2025-03-01,P000012,LOC009,90,424.84,S0022,2025-02-15,10,116
2025-03-31,P000012,LOC009,100,428.49,S0022,2025-03-15,10,116
2024-10-02,P000012,LOC010,106,448.13,S0022,2024-09-21,10,116
2024-11-01,P000012,LOC010,90,454.74,S0022,2024-10-27,10,116
2024-12-01,P000012,LOC010,101,454.15,S0022,2024-11-09,10,116
2024-12-31,P000012,LOC010,89,462.36,S0022,2024-12-30,10,116
2025-01-30,P000012,LOC010,108,440.28,S0022,2025-01-26,10,116
2025-03-01,P000012,LOC010,104,451.32,S0022,2025-02-08,10,116
2025-03-31,P000012,LOC010,97,429.92,S0022,2025-03-26,10,116
2024-10-02,P000012,LOC011,94,442.07,S0022,2024-09-16,10,116
2024-11-01,P000012,LOC011,90,464.19,S0022,2024-10-21,10,116
2024-12-01,P000012,LOC011,90,434.53,S0022,2024-11-25,10,116
2024-12-31,P000012,LOC011,109,444.88,S0022,2024-12-12,10,116
2025-01-30,P000012,LOC011,92,450.99,S0022,2025-01-14,10,116
2025-03-01,P000012,LOC011,96,428.58,S0022,2025-02-17,10,116
2025-03-31,P000012,LOC011,109,459.26,S0022,2025-03-18,10,116
2024-10-02,P000012,LOC012,100,444.24,S0022,2024-09-16,10,116
2024-11-01,P000012,LOC012,96,447.55,S0022,2024-10-30,10,116
2024-12-01,P000012,LOC012,93,432.99,S0022,2024-11-25,10,116
2024-12-31,P000012,LOC012,86,463.96,S0022,2024-12-18,10,116
2025-01-30,P000012,LOC012,91,444.46,S0022,2025-01-07,10,116
2025-03-01,P000012,LOC012,103,423.4,S0022,2025-02-20,10,116
2025-03-31,P000012,LOC012,99,430.77,S0022,2025-03-06,10,116
2024-10-02,P000012,LOC013,103,429.89,S0022,2024-09-02,10,116
2024-11-01,P000012,LOC013,87,453.2,S0022,2024-10-12,10,116
2024-12-01,P000012,LOC013,97,455.23,S0022,2024-11-20,10,116
2024-12-31,P000012,LOC013,108,434.2,S0022,2024-12-12,10,116
2025-01-30,P000012,LOC013,93,436.45,S0022,2024-12-31,10,116
2025-03-01,P000012,LOC013,101,455.13,S0022,2025-02-23,10,116
2025-03-31,P000012,LOC013,84,455.67,S0022,2025-03-22,10,116
2024-10-02,P000012,LOC014,109,433.48,S0022,2024-09-13,10,116
2024-11-01,P000012,LOC014,98,441.78,S0022,2024-10-11,10,116
2024-12-01,P000012,LOC014,88,433.59,S0022,2024-11-28,10,116
2024-12-31,P000012,LOC014,85,431.17,S0022,2024-12-11,10,116
2025-01-30,P000012,LOC014,97,442.97,S0022,2025-01-26,10,116
2025-03-01,P000012,LOC014,97,464.0,S0022,2025-02-19,10,116
2025-03-31,P000012,LOC014,83,452.73,S0022,2025-03-21,10,116
2024-10-02,P000012,LOC015,109,445.94,S0022,2024-10-01,10,116
2024-11-01,P000012,LOC015,107,422.27,S0022,2024-10-03,10,116
2024-12-01,P000012,LOC015,94,450.47,S0022,2024-11-11,10,116
2024-12-31,P000012,LOC015,84,426.67,S0022,2024-12-09,10,116
2025-01-30,P000012,LOC015,105,446.99,S0022,2025-01-03,10,116
2025-03-01,P000012,LOC015,95,457.18,S0022,2025-02-26,10,116
2025-03-31,P000012,LOC015,101,442.94,S0022,2025-03-10,10,116
2024-10-02,P000012,LOC016,95,458.79,S0022,2024-09-05,10,116
2024-11-01,P000012,LOC016,89,433.34,S0022,2024-10-02,10,116
2024-12-01,P000012,LOC016,105,426.89,S0022,2024-11-01,10,116
2024-12-31,P000012,LOC016,109,460.51,S0022,2024-12-22,10,116
2025-01-30,P000012,LOC016,88,421.69,S0022,2025-01-14,10,116
2025-03-01,P000012,LOC016,97,423.55,S0022,2025-02-24,10,116
2025-03-31,P000012,LOC016,92,444.42,S0022,2025-03-20,10,116
2024-10-02,P000012,LOC017,107,442.47,S0022,2024-09-08,10,116
2024-11-01,P000012,LOC017,95,425.03,S0022,2024-10-31,10,116
2024-12-01,P000012,LOC017,106,450.99,S0022,2024-11-29,10,116
2024-12-31,P000012,LOC017,106,455.49,S0022,2024-12-26,10,116
2025-01-30,P000012,LOC017,89,428.63,S0022,2025-01-08,10,116
2025-03-01,P000012,LOC017,104,458.33,S0022,2025-02-24,10,116
2025-03-31,P000012,LOC017,93,455.06,S0022,2025-03-03,10,116
2024-10-02,P000012,LOC018,108,445.76,S0022,2024-09-03,10,116
2024-11-01,P000012,LOC018,95,454.07,S0022,2024-10-10,10,116
2024-12-01,P000012,LOC018,104,432.87,S0022,2024-11-27,10,116
2024-12-31,P000012,LOC018,89,448.81,S0022,2024-12-15,10,116
2025-01-30,P000012,LOC018,89,423.2,S0022,2025-01-10,10,116
2025-03-01,P000012,LOC018,98,442.23,S0022,2025-02-20,10,116
2025-03-31,P000012,LOC018,110,442.66,S0022,2025-03-18,10,116
2024-10-02,P000012,LOC019,95,424.0,S0022,2024-09-03,10,116
2024-11-01,P000012,LOC019,85,437.77,S0022,2024-10-13,10,116
2024-12-01,P000012,LOC019,96,428.16,S0022,2024-11-17,10,116
2024-12-31,P000012,LOC019,91,437.63,S0022,2024-12-10,10,116
2025-01-30,P000012,LOC019,97,453.38,S0022,2025-01-27,10,116
2025-03-01,P000012,LOC019,96,439.07,S0022,2025-02-26,10,116
2025-03-31,P000012,LOC019,94,460.54,S0022,2025-03-22,10,116
2024-10-02,P000012,LOC020,90,424.41,S0022,2024-09-04,10,116
2024-11-01,P000012,LOC020,86,436.64,S0022,2024-10-26,10,116
2024-12-01,P000012,LOC020,101,425.77,S0022,2024-11-03,10,116
2024-12-31,P000012,LOC020,97,438.39,S0022,2024-12-25,10,116
2025-01-30,P000012,LOC020,87,430.53,S0022,2025-01-11,10,116
2025-03-01,P000012,LOC020,103,437.86,S0022,2025-02-02,10,116
2025-03-31,P000012,LOC020,82,463.32,S0022,2025-03-28,10,116
2024-10-02,P000013,LOC001,163,448.07,S0025,2024-09-20,45,185
2024-11-01,P000013,LOC001,162,490.96,S0025,2024-10-26,45,185
2024-12-01,P000013,LOC001,167,480.32,S0025,2024-11-20,45,185
2024-12-31,P000013,LOC001,147,466.77,S0025,2024-12-11,45,185
2025-01-30,P000013,LOC001,160,465.7,S0025,2025-01-12,45,185
2025-03-01,P000013,LOC001,167,448.96,S0025,2025-02-25,45,185
2025-03-31,P000013,LOC001,174,457.72,S0025,2025-03-02,45,185
2024-10-02,P000013,LOC002,152,485.2,S0025,2024-09-18,45,185
2024-11-01,P000013,LOC002,131,465.22,S0025,2024-10-13,45,185
2024-12-01,P000013,LOC002,152,459.9,S0025,2024-11-19,45,185
2024-12-31,P000013,LOC002,156,476.3,S0025,2024-12-27,45,185
2025-01-30,P000013,LOC002,169,451.16,S0025,2025-01-07,45,185
2025-03-01,P000013,LOC002,169,479.65,S0025,2025-02-02,45,185
2025-03-31,P000013,LOC002,149,473.81,S0025,2025-03-02,45,185
2024-10-02,P000013,LOC003,153,463.08,S0025,2024-09-15,45,185
2024-11-01,P000013,LOC003,150,473.04,S0025,2024-10-02,45,185
2024-12-01,P000013,LOC003,162,463.28,S0025,2024-11-21,45,185
2024-12-31,P000013,LOC003,148,482.58,S0025,2024-12-30,45,185
2025-01-30,P000013,LOC003,159,490.15,S0025,2025-01-04,45,185
2025-03-01,P000013,LOC003,136,454.31,S0025,2025-01-30,45,185
2025-03-31,P000013,LOC003,151,456.65,S0025,2025-03-28,45,185
2024-10-02,P000013,LOC004,174,472.28,S0025,2024-09-11,45,185
2024-11-01,P000013,LOC004,145,464.11,S0025,2024-10-05,45,185
2024-12-01,P000013,LOC004,161,491.51,S0025,2024-11-18,45,185
2024-12-31,P000013,LOC004,159,483.34,S0025,2024-12-13,45,185
2025-01-30,P000013,LOC004,168,465.16,S0025,2025-01-26,45,185
2025-03-01,P000013,LOC004,168,493.99,S0025,2025-02-09,45,185
2025-03-31,P000013,LOC004,169,474.85,S0025,2025-03-30,45,185
2024-10-02,P000013,LOC005,147,448.09,S0025,2024-09-17,45,185
2024-11-01,P000013,LOC005,144,465.91,S0025,2024-10-23,45,185
2024-12-01,P000013,LOC005,162,488.7,S0025,2024-11-08,45,185
2024-12-31,P000013,LOC005,164,464.92,S0025,2024-12-12,45,185
2025-01-30,P000013,LOC005,169,464.26,S0025,2025-01-05,45,185
2025-03-01,P000013,LOC005,131,488.18,S0025,2025-02-25,45,185
2025-03-31,P000013,LOC005,132,493.28,S0025,2025-03-15,45,185
2024-10-02,P000013,LOC006,158,450.95,S0025,2024-09-25,45,185
2024-11-01,P000013,LOC006,172,447.95,S0025,2024-10-06,45,185
2024-12-01,P000013,LOC006,184,460.72,S0025,2024-11-07,45,185
2024-12-31,P000013,LOC006,175,470.04,S0025,2024-12-26,45,185
2025-01-30,P000013,LOC006,164,475.71,S0025,2025-01-26,45,185
2025-03-01,P000013,LOC006,149,475.66,S0025,2025-02-09,45,185
2025-03-31,P000013,LOC006,134,467.05,S0025,2025-03-22,45,185
2024-10-02,P000013,LOC007,158,484.58,S0025,2024-09-16,45,185
2024-11-01,P000013,LOC007,169,494.16,S0025,2024-10-13,45,185
2024-12-01,P000013,LOC007,150,449.25,S0025,2024-11-06,45,185
2024-12-31,P000013,LOC007,161,473.11,S0025,2024-12-17,45,185
2025-01-30,P000013,LOC007,171,484.1,S0025,2025-01-22,45,185
2025-03-01,P000013,LOC007,131,448.3,S0025,2025-02-04,45,185
2025-03-31,P000013,LOC007,166,491.5,S0025,2025-03-19,45,185
2024-10-02,P000013,LOC008,143,476.3,S0025,2024-09-22,45,185
2024-11-01,P000013,LOC008,146,453.42,S0025,2024-10-26,45,185
2024-12-01,P000013,LOC008,136,494.84,S0025,2024-11-17,45,185
2024-12-31,P000013,LOC008,154,474.39,S0025,2024-12-06,45,185
2025-01-30,P000013,LOC008,155,463.68,S0025,2025-01-28,45,185
2025-03-01,P000013,LOC008,166,471.73,S0025,2025-02-09,45,185
2025-03-31,P000013,LOC008,137,486.43,S0025,2025-03-14,45,185
2024-10-02,P000013,LOC009,133,462.05,S0025,2024-09-19,45,185
2024-11-01,P000013,LOC009,169,456.06,S0025,2024-10-30,45,185
2024-12-01,P000013,LOC009,158,461.55,S0025,2024-11-04,45,185
2024-12-31,P000013,LOC009,140,472.39,S0025,2024-12-18,45,185
2025-01-30,P000013,LOC009,171,462.01,S0025,2025-01-20,45,185
2025-03-01,P000013,LOC009,136,460.83,S0025,2025-02-05,45,185
2025-03-31,P000013,LOC009,150,475.58,S0025,2025-03-21,45,185
2024-10-02,P000013,LOC010,141,449.38,S0025,2024-09-04,45,185
2024-11-01,P000013,LOC010,141,482.79,S0025,2024-10-29,45,185
2024-12-01,P000013,LOC010,129,473.62,S0025,2024-11-13,45,185
2024-12-31,P000013,LOC010,166,467.28,S0025,2024-12-26,45,185
2025-01-30,P000013,LOC010,171,448.7,S0025,2025-01-14,45,185
2025-03-01,P000013,LOC010,160,475.46,S0025,2025-01-30,45,185
2025-03-31,P000013,LOC010,136,473.22,S0025,2025-03-29,45,185
2024-10-02,P000013,LOC011,149,451.14,S0025,2024-09-13,45,185
2024-11-01,P000013,LOC011,145,459.66,S0025,2024-10-21,45,185
2024-12-01,P000013,LOC011,156,489.05,S0025,2024-11-28,45,185
2024-12-31,P000013,LOC011,159,453.09,S0025,2024-12-30,45,185
2025-01-30,P000013,LOC011,149,471.11,S0025,2025-01-24,45,185
2025-03-01,P000013,LOC011,141,476.33,S0025,2025-02-14,45,185
2025-03-31,P000013,LOC011,168,471.6,S0025,2025-03-20,45,185
2024-10-02,P000013,LOC012,138,488.43,S0025,2024-09-09,45,185
2024-11-01,P000013,LOC012,147,475.84,S0025,2024-10-14,45,185
2024-12-01,P000013,LOC012,151,462.16,S0025,2024-11-17,45,185
2024-12-31,P000013,LOC012,140,483.36,S0025,2024-12-04,45,185
2025-01-30,P000013,LOC012,155,494.72,S0025,2025-01-13,45,185
2025-03-01,P000013,LOC012,156,451.16,S0025,2025-02-10,45,185
2025-03-31,P000013,LOC012,175,489.62,S0025,2025-03-22,45,185
2024-10-02,P000013,LOC013,143,490.94,S0025,2024-09-29,45,185
2024-11-01,P000013,LOC013,174,482.08,S0025,2024-10-30,45,185
2024-12-01,P000013,LOC013,159,466.54,S0025,2024-11-25,45,185
2024-12-31,P000013,LOC013,142,453.82,S0025,2024-12-24,45,185
2025-01-30,P000013,LOC013,155,465.2,S0025,2025-01-26,45,185
2025-03-01,P000013,LOC013,161,461.79,S0025,2025-02-13,45,185
2025-03-31,P000013,LOC013,163,485.28,S0025,2025-03-27,45,185
2024-10-02,P000013,LOC014,131,448.98,S0025,2024-09-12,45,185
2024-11-01,P000013,LOC014,157,476.54,S0025,2024-10-03,45,185
2024-12-01,P000013,LOC014,152,469.08,S0025,2024-11-18,45,185
2024-12-31,P000013,LOC014,171,468.11,S0025,2024-12-14,45,185
2025-01-30,P000013,LOC014,142,493.5,S0025,2025-01-10,45,185
2025-03-01,P000013,LOC014,166,489.53,S0025,2025-02-11,45,185
2025-03-31,P000013,LOC014,157,454.4,S0025,2025-03-26,45,185
2024-10-02,P000013,LOC015,145,493.15,S0025,2024-09-20,45,185
2024-11-01,P000013,LOC015,158,458.55,S0025,2024-10-20,45,185
2024-12-01,P000013,LOC015,158,472.96,S0025,2024-11-30,45,185
2024-12-31,P000013,LOC015,160,475.98,S0025,2024-12-24,45,185
2025-01-30,P000013,LOC015,162,473.86,S0025,2025-01-18,45,185
2025-03-01,P000013,LOC015,159,475.41,S0025,2025-02-16,45,185
2025-03-31,P000013,LOC015,168,473.17,S0025,2025-03-12,45,185
2024-10-02,P000013,LOC016,158,480.33,S0025,2024-09-16,45,185
2024-11-01,P000013,LOC016,171,482.43,S0025,2024-10-18,45,185
2024-12-01,P000013,LOC016,159,463.24,S0025,2024-11-12,45,185
2024-12-31,P000013,LOC016,143,465.43,S0025,2024-12-23,45,185
2025-01-30,P000013,LOC016,149,458.76,S0025,2025-01-10,45,185
2025-03-01,P000013,LOC016,156,460.56,S0025,2025-02-11,45,185
2025-03-31,P000013,LOC016,163,467.25,S0025,2025-03-12,45,185
2024-10-02,P000013,LOC017,133,456.65,S0025,2024-09-10,45,185
2024-11-01,P000013,LOC017,143,468.78,S0025,2024-10-07,45,185
2024-12-01,P000013,LOC017,164,463.35,S0025,2024-11-18,45,185
2024-12-31,P000013,LOC017,137,482.39,S0025,2024-12-16,45,185
2025-01-30,P000013,LOC017,135,467.62,S0025,2025-01-26,45,185
2025-03-01,P000013,LOC017,154,487.48,S0025,2025-02-24,45,185
2025-03-31,P000013,LOC017,174,475.09,S0025,2025-03-11,45,185
2024-10-02,P000013,LOC018,154,488.83,S0025,2024-09-04,45,185
2024-11-01,P000013,LOC018,171,470.74,S0025,2024-10-15,45,185
2024-12-01,P000013,LOC018,167,457.97,S0025,2024-11-22,45,185
2024-12-31,P000013,LOC018,141,482.76,S0025,2024-12-20,45,185
2025-01-30,P000013,LOC018,167,467.51,S0025,2025-01-23,45,185
2025-03-01,P000013,LOC018,151,452.1,S0025,2025-02-20,45,185
2025-03-31,P000013,LOC018,166,494.42,S0025,2025-03-19,45,185
2024-10-02,P000013,LOC019,164,448.02,S0025,2024-10-01,45,185
2024-11-01,P000013,LOC019,145,481.41,S0025,2024-10-11,45,185
2024-12-01,P000013,LOC019,134,488.44,S0025,2024-11-20,45,185
2024-12-31,P000013,LOC019,174,483.37,S0025,2024-12-15,45,185
2025-01-30,P000013,LOC019,136,492.55,S0025,2025-01-29,45,185
2025-03-01,P000013,LOC019,174,489.95,S0025,2025-02-12,45,185
2025-03-31,P000013,LOC019,169,486.42,S0025,2025-03-30,45,185
2024-10-02,P000013,LOC020,162,468.19,S0025,2024-09-16,45,185
2024-11-01,P000013,LOC020,174,493.25,S0025,2024-10-15,45,185
2024-12-01,P000013,LOC020,174,481.3,S0025,2024-11-03,45,185
2024-12-31,P000013,LOC020,166,461.7,S0025,2024-12-08,45,185
2025-01-30,P000013,LOC020,146,493.08,S0025,2025-01-19,45,185
2025-03-01,P000013,LOC020,166,454.81,S0025,2025-02-09,45,185
2025-03-31,P000013,LOC020,130,487.01,S0025,2025-03-12,45,185
2024-10-02,P000014,LOC001,286,401.03,S0024,2024-09-10,11,344
2024-11-01,P000014,LOC001,279,417.83,S0024,2024-10-19,11,344
2024-12-01,P000014,LOC001,298,410.11,S0024,2024-11-17,11,344
2024-12-31,P000014,LOC001,298,403.49,S0024,2024-12-18,11,344
2025-01-30,P000014,LOC001,291,430.5,S0024,2025-01-23,11,344
2025-03-01,P000014,LOC001,311,404.96,S0024,2025-02-20,11,344
2025-03-31,P000014,LOC001,321,417.21,S0024,2025-03-15,11,344
2024-10-02,P000014,LOC002,250,409.59,S0024,2024-09-02,11,344
2024-11-01,P000014,LOC002,260,427.98,S0024,2024-10-04,11,344
2024-12-01,P000014,LOC002,242,431.03,S0024,2024-11-10,11,344
2024-12-31,P000014,LOC002,316,424.01,S0024,2024-12-27,11,344
2025-01-30,P000014,LOC002,289,427.25,S0024,2025-01-05,11,344
2025-03-01,P000014,LOC002,319,395.01,S0024,2025-02-12,11,344
2025-03-31,P000014,LOC002,259,421.18,S0024,2025-03-24,11,344
2024-10-02,P000014,LOC003,246,429.38,S0024,2024-09-15,11,344
2024-11-01,P000014,LOC003,311,433.03,S0024,2024-10-13,11,344
2024-12-01,P000014,LOC003,319,401.21,S0024,2024-11-13,11,344
2024-12-31,P000014,LOC003,266,412.55,S0024,2024-12-15,11,344
2025-01-30,P000014,LOC003,275,418.03,S0024,2025-01-12,11,344
2025-03-01,P000014,LOC003,252,409.04,S0024,2025-02-26,11,344
2025-03-31,P000014,LOC003,322,410.31,S0024,2025-03-30,11,344
2024-10-02,P000014,LOC004,266,412.58,S0024,2024-09-10,11,344
2024-11-01,P000014,LOC004,283,392.99,S0024,2024-10-06,11,344
2024-12-01,P000014,LOC004,249,428.51,S0024,2024-11-21,11,344
2024-12-31,P000014,LOC004,317,418.74,S0024,2024-12-16,11,344
2025-01-30,P000014,LOC004,252,415.68,S0024,2025-01-18,11,344
2025-03-01,P000014,LOC004,279,392.87,S0024,2025-02-14,11,344
2025-03-31,P000014,LOC004,298,419.28,S0024,2025-03-15,11,344
2024-10-02,P000014,LOC005,304,414.7,S0024,2024-09-03,11,344
2024-11-01,P000014,LOC005,322,411.67,S0024,2024-10-20,11,344
2024-12-01,P000014,LOC005,276,412.22,S0024,2024-11-14,11,344
2024-12-31,P000014,LOC005,304,431.88,S0024,2024-12-07,11,344
2025-01-30,P000014,LOC005,254,409.36,S0024,2024-12-31,11,344
2025-03-01,P000014,LOC005,276,418.26,S0024,2025-02-04,11,344
2025-03-31,P000014,LOC005,249,420.29,S0024,2025-03-19,11,344
2024-10-02,P000014,LOC006,282,407.68,S0024,2024-09-29,11,344
2024-11-01,P000014,LOC006,275,411.8,S0024,2024-10-27,11,344
2024-12-01,P000014,LOC006,322,427.28,S0024,2024-11-13,11,344
2024-12-31,P000014,LOC006,243,414.89,S0024,2024-12-01,11,344
2025-01-30,P000014,LOC006,272,414.93,S0024,2025-01-15,11,344
2025-03-01,P000014,LOC006,278,416.18,S0024,2025-02-10,11,344
2025-03-31,P000014,LOC006,322,399.5,S0024,2025-03-21,11,344
2024-10-02,P000014,LOC007,314,425.51,S0024,2024-09-21,11,344
2024-11-01,P000014,LOC007,249,429.05,S0024,2024-10-31,11,344
2024-12-01,P000014,LOC007,299,405.16,S0024,2024-11-07,11,344
2024-12-31,P000014,LOC007,287,412.71,S0024,2024-12-16,11,344
2025-01-30,P000014,LOC007,324,397.5,S0024,2025-01-23,11,344
2025-03-01,P000014,LOC007,271,424.4,S0024,2025-02-07,11,344
2025-03-31,P000014,LOC007,275,408.95,S0024,2025-03-21,11,344
2024-10-02,P000014,LOC008,257,427.74,S0024,2024-09-29,11,344
2024-11-01,P000014,LOC008,251,394.09,S0024,2024-10-08,11,344
2024-12-01,P000014,LOC008,313,403.79,S0024,2024-11-08,11,344
2024-12-31,P000014,LOC008,279,414.31,S0024,2024-12-04,11,344
2025-01-30,P000014,LOC008,297,401.31,S0024,2025-01-17,11,344
2025-03-01,P000014,LOC008,295,429.54,S0024,2025-02-03,11,344
2025-03-31,P000014,LOC008,292,392.56,S0024,2025-03-05,11,344
2024-10-02,P000014,LOC009,242,423.09,S0024,2024-09-13,11,344
2024-11-01,P000014,LOC009,308,427.88,S0024,2024-10-17,11,344
2024-12-01,P000014,LOC009,261,421.83,S0024,2024-11-20,11,344
2024-12-31,P000014,LOC009,251,410.51,S0024,2024-12-06,11,344
2025-01-30,P000014,LOC009,289,420.14,S0024,2025-01-04,11,344
2025-03-01,P000014,LOC009,246,419.58,S0024,2025-02-20,11,344
2025-03-31,P000014,LOC009,306,395.65,S0024,2025-03-03,11,344
2024-10-02,P000014,LOC010,258,395.84,S0024,2024-09-13,11,344
2024-11-01,P000014,LOC010,259,403.71,S0024,2024-10-09,11,344
2024-12-01,P000014,LOC010,315,420.05,S0024,2024-11-13,11,344
2024-12-31,P000014,LOC010,269,419.32,S0024,2024-12-13,11,344
2025-01-30,P000014,LOC010,253,398.2,S0024,2025-01-08,11,344
2025-03-01,P000014,LOC010,318,421.11,S0024,2025-01-31,11,344
2025-03-31,P000014,LOC010,241,431.2,S0024,2025-03-02,11,344
2024-10-02,P000014,LOC011,314,412.79,S0024,2024-09-17,11,344
2024-11-01,P000014,LOC011,253,421.05,S0024,2024-10-12,11,344
2024-12-01,P000014,LOC011,251,405.47,S0024,2024-11-03,11,344
2024-12-31,P000014,LOC011,262,399.08,S0024,2024-12-27,11,344
2025-01-30,P000014,LOC011,255,415.56,S0024,2025-01-04,11,344
2025-03-01,P000014,LOC011,297,402.37,S0024,2025-02-09,11,344
2025-03-31,P000014,LOC011,243,424.84,S0024,2025-03-06,11,344
2024-10-02,P000014,LOC012,242,405.26,S0024,2024-09-11,11,344
2024-11-01,P000014,LOC012,308,428.54,S0024,2024-10-21,11,344
2024-12-01,P000014,LOC012,261,416.52,S0024,2024-11-10,11,344
2024-12-31,P000014,LOC012,268,415.97,S0024,2024-12-10,11,344
2025-01-30,P000014,LOC012,255,428.74,S0024,2025-01-19,11,344
2025-03-01,P000014,LOC012,245,400.1,S0024,2025-02-06,11,344
2025-03-31,P000014,LOC012,304,404.93,S0024,2025-03-20,11,344
2024-10-02,P000014,LOC013,286,433.48,S0024,2024-09-20,11,344
2024-11-01,P000014,LOC013,304,422.11,S0024,2024-10-13,11,344
2024-12-01,P000014,LOC013,281,425.76,S0024,2024-11-07,11,344
2024-12-31,P000014,LOC013,307,403.56,S0024,2024-12-25,11,344
2025-01-30,P000014,LOC013,284,416.41,S0024,2025-01-13,11,344
2025-03-01,P000014,LOC013,250,417.89,S0024,2025-02-14,11,344
2025-03-31,P000014,LOC013,284,402.56,S0024,2025-03-06,11,344
2024-10-02,P000014,LOC014,322,405.27,S0024,2024-09-14,11,344
2024-11-01,P000014,LOC014,244,398.97,S0024,2024-10-12,11,344
2024-12-01,P000014,LOC014,308,412.69,S0024,2024-11-18,11,344
2024-12-31,P000014,LOC014,315,426.76,S0024,2024-12-04,11,344
2025-01-30,P000014,LOC014,285,415.52,S0024,2025-01-13,11,344
2025-03-01,P000014,LOC014,280,399.12,S0024,2025-02-27,11,344
2025-03-31,P000014,LOC014,323,418.09,S0024,2025-03-23,11,344
2024-10-02,P000014,LOC015,246,430.6,S0024,2024-09-04,11,344
2024-11-01,P000014,LOC015,281,428.02,S0024,2024-10-19,11,344
2024-12-01,P000014,LOC015,275,424.73,S0024,2024-11-17,11,344
2024-12-31,P000014,LOC015,299,399.04,S0024,2024-12-11,11,344
2025-01-30,P000014,LOC015,282,410.21,S0024,2025-01-02,11,344
2025-03-01,P000014,LOC015,319,427.03,S0024,2025-02-07,11,344
2025-03-31,P000014,LOC015,247,417.93,S0024,2025-03-09,11,344
2024-10-02,P000014,LOC016,247,411.87,S0024,2024-09-14,11,344
2024-11-01,P000014,LOC016,293,431.5,S0024,2024-10-22,11,344
2024-12-01,P000014,LOC016,246,396.71,S0024,2024-11-28,11,344
2024-12-31,P000014,LOC016,264,410.06,S0024,2024-12-27,11,344
2025-01-30,P000014,LOC016,295,414.17,S0024,2025-01-09,11,344
2025-03-01,P000014,LOC016,287,426.14,S0024,2025-02-11,11,344
2025-03-31,P000014,LOC016,268,417.86,S0024,2025-03-30,11,344
2024-10-02,P000014,LOC017,326,402.26,S0024,2024-09-12,11,344
2024-11-01,P000014,LOC017,286,397.81,S0024,2024-10-18,11,344
2024-12-01,P000014,LOC017,279,414.76,S0024,2024-11-02,11,344
2024-12-31,P000014,LOC017,292,415.26,S0024,2024-12-10,11,344
2025-01-30,P000014,LOC017,249,417.72,S0024,2025-01-14,11,344
2025-03-01,P000014,LOC017,301,419.64,S0024,2025-02-27,11,344
2025-03-31,P000014,LOC017,314,421.34,S0024,2025-03-05,11,344
2024-10-02,P000014,LOC018,296,424.19,S0024,2024-09-06,11,344
2024-11-01,P000014,LOC018,306,408.17,S0024,2024-10-16,11,344
2024-12-01,P000014,LOC018,302,393.9,S0024,2024-11-20,11,344
2024-12-31,P000014,LOC018,259,412.18,S0024,2024-12-19,11,344
2025-01-30,P000014,LOC018,279,422.62,S0024,2025-01-07,11,344
2025-03-01,P000014,LOC018,260,395.65,S0024,2025-02-13,11,344
2025-03-31,P000014,LOC018,269,416.68,S0024,2025-03-13,11,344
2024-10-02,P000014,LOC019,279,395.54,S0024,2024-09-30,11,344
2024-11-01,P000014,LOC019,276,415.31,S0024,2024-10-29,11,344
2024-12-01,P000014,LOC019,248,413.12,S0024,2024-11-17,11,344
2024-12-31,P000014,LOC019,277,421.91,S0024,2024-12-28,11,344
2025-01-30,P000014,LOC019,297,420.43,S0024,2024-12-31,11,344
2025-03-01,P000014,LOC019,272,416.51,S0024,2025-02-12,11,344
2025-03-31,P000014,LOC019,253,404.77,S0024,2025-03-16,11,344
2024-10-02,P000014,LOC020,320,421.85,S0024,2024-09-02,11,344
2024-11-01,P000014,LOC020,246,421.51,S0024,2024-10-29,11,344
2024-12-01,P000014,LOC020,312,409.02,S0024,2024-11-05,11,344
2024-12-31,P000014,LOC020,248,410.03,S0024,2024-12-20,11,344
2025-01-30,P000014,LOC020,249,405.02,S0024,2025-01-26,11,344
2025-03-01,P000014,LOC020,304,404.24,S0024,2025-02-04,11,344
2025-03-31,P000014,LOC020,310,395.12,S0024,2025-03-01,11,344
2024-10-02,P000015,LOC001,282,561.53,S0025,2024-09-04,11,337
2024-11-01,P000015,LOC001,285,550.54,S0025,2024-10-08,11,337
2024-12-01,P000015,LOC001,283,579.33,S0025,2024-11-10,11,337
2024-12-31,P000015,LOC001,263,564.59,S0025,2024-12-16,11,337
2025-01-30,P000015,LOC001,246,553.08,S0025,2025-01-14,11,337
2025-03-01,P000015,LOC001,265,565.83,S0025,2025-02-13,11,337
2025-03-31,P000015,LOC001,291,551.97,S0025,2025-03-07,11,337
2024-10-02,P000015,LOC002,299,541.0,S0025,2024-09-21,11,337
2024-11-01,P000015,LOC002,309,543.55,S0025,2024-10-19,11,337
2024-12-01,P000015,LOC002,296,534.53,S0025,2024-11-22,11,337
2024-12-31,P000015,LOC002,317,549.79,S0025,2024-12-29,11,337
2025-01-30,P000015,LOC002,286,577.86,S0025,2025-01-25,11,337
2025-03-01,P000015,LOC002,265,541.8,S0025,2025-02-02,11,337
2025-03-31,P000015,LOC002,284,557.61,S0025,2025-03-13,11,337
2024-10-02,P000015,LOC003,253,576.45,S0025,2024-09-24,11,337
2024-11-01,P000015,LOC003,291,534.22,S0025,2024-10-22,11,337
2024-12-01,P000015,LOC003,254,546.46,S0025,2024-11-29,11,337
2024-12-31,P000015,LOC003,245,555.0,S0025,2024-12-19,11,337
2025-01-30,P000015,LOC003,307,565.63,S0025,2025-01-21,11,337
2025-03-01,P000015,LOC003,266,568.7,S0025,2025-02-06,11,337
2025-03-31,P000015,LOC003,300,581.05,S0025,2025-03-14,11,337
2024-10-02,P000015,LOC004,284,569.72,S0025,2024-09-15,11,337
2024-11-01,P000015,LOC004,303,561.76,S0025,2024-10-31,11,337
2024-12-01,P000015,LOC004,307,530.97,S0025,2024-11-11,11,337
2024-12-31,P000015,LOC004,318,564.92,S0025,2024-12-12,11,337
2025-01-30,P000015,LOC004,304,559.13,S0025,2025-01-14,11,337
2025-03-01,P000015,LOC004,287,559.11,S0025,2025-02-25,11,337
2025-03-31,P000015,LOC004,290,536.08,S0025,2025-03-05,11,337
2024-10-02,P000015,LOC005,238,535.14,S0025,2024-09-11,11,337
2024-11-01,P000015,LOC005,314,540.74,S0025,2024-10-24,11,337
2024-12-01,P000015,LOC005,305,581.36,S0025,2024-11-16,11,337
2024-12-31,P000015,LOC005,258,576.99,S0025,2024-12-25,11,337
2025-01-30,P000015,LOC005,251,555.78,S0025,2025-01-15,11,337
2025-03-01,P000015,LOC005,295,542.98,S0025,2025-02-13,11,337
2025-03-31,P000015,LOC005,261,572.52,S0025,2025-03-29,11,337
2024-10-02,P000015,LOC006,264,545.01,S0025,2024-09-06,11,337
2024-11-01,P000015,LOC006,236,576.86,S0025,2024-10-05,11,337
2024-12-01,P000015,LOC006,309,542.37,S0025,2024-11-28,11,337
2024-12-31,P000015,LOC006,283,540.54,S0025,2024-12-28,11,337
2025-01-30,P000015,LOC006,269,536.93,S0025,2025-01-07,11,337
2025-03-01,P000015,LOC006,247,578.22,S0025,2025-02-28,11,337
2025-03-31,P000015,LOC006,289,575.81,S0025,2025-03-25,11,337
2024-10-02,P000015,LOC007,238,548.71,S0025,2024-09-26,11,337
2024-11-01,P000015,LOC007,298,532.03,S0025,2024-10-30,11,337
2024-12-01,P000015,LOC007,254,570.49,S0025,2024-11-18,11,337
2024-12-31,P000015,LOC007,271,581.64,S0025,2024-12-17,11,337
2025-01-30,P000015,LOC007,264,530.97,S0025,2025-01-12,11,337
2025-03-01,P000015,LOC007,267,534.57,S0025,2025-02-01,11,337
2025-03-31,P000015,LOC007,296,530.9,S0025,2025-03-19,11,337
2024-10-02,P000015,LOC008,301,557.04,S0025,2024-09-02,11,337
2024-11-01,P000015,LOC008,283,541.84,S0025,2024-10-21,11,337
2024-12-01,P000015,LOC008,243,581.6,S0025,2024-11-05,11,337
2024-12-31,P000015,LOC008,240,565.58,S0025,2024-12-21,11,337
2025-01-30,P000015,LOC008,249,567.51,S0025,2025-01-02,11,337
2025-03-01,P000015,LOC008,287,530.95,S0025,2025-02-03,11,337
2025-03-31,P000015,LOC008,292,582.57,S0025,2025-03-18,11,337
2024-10-02,P000015,LOC009,258,541.15,S0025,2024-09-28,11,337
2024-11-01,P000015,LOC009,291,556.66,S0025,2024-10-31,11,337
2024-12-01,P000015,LOC009,276,546.48,S0025,2024-11-27,11,337
2024-12-31,P000015,LOC009,273,580.77,S0025,2024-12-10,11,337
2025-01-30,P000015,LOC009,258,574.8,S0025,2025-01-21,11,337
2025-03-01,P000015,LOC009,299,546.21,S0025,2025-01-31,11,337
2025-03-31,P000015,LOC009,245,531.72,S0025,2025-03-11,11,337
2024-10-02,P000015,LOC010,272,544.49,S0025,2024-09-30,11,337
2024-11-01,P000015,LOC010,259,530.31,S0025,2024-10-09,11,337
2024-12-01,P000015,LOC010,293,534.29,S0025,2024-11-13,11,337
2024-12-31,P000015,LOC010,276,558.92,S0025,2024-12-02,11,337
2025-01-30,P000015,LOC010,292,578.78,S0025,2025-01-09,11,337
2025-03-01,P000015,LOC010,239,541.33,S0025,2025-02-18,11,337
2025-03-31,P000015,LOC010,269,573.13,S0025,2025-03-22,11,337
2024-10-02,P000015,LOC011,286,571.33,S0025,2024-09-29,11,337
2024-11-01,P000015,LOC011,236,549.48,S0025,2024-10-06,11,337
2024-12-01,P000015,LOC011,261,559.06,S0025,2024-11-10,11,337
2024-12-31,P000015,LOC011,253,572.3,S0025,2024-12-13,11,337
2025-01-30,P000015,LOC011,247,581.59,S0025,2025-01-13,11,337
2025-03-01,P000015,LOC011,257,553.69,S0025,2025-02-05,11,337
2025-03-31,P000015,LOC011,263,533.68,S0025,2025-03-16,11,337
2024-10-02,P000015,LOC012,236,541.86,S0025,2024-09-12,11,337
2024-11-01,P000015,LOC012,298,565.77,S0025,2024-10-30,11,337
2024-12-01,P000015,LOC012,250,548.45,S0025,2024-11-14,11,337
2024-12-31,P000015,LOC012,267,580.55,S0025,2024-12-10,11,337
2025-01-30,P000015,LOC012,295,569.85,S0025,2025-01-16,11,337
2025-03-01,P000015,LOC012,278,566.8,S0025,2025-01-30,11,337
2025-03-31,P000015,LOC012,306,574.95,S0025,2025-03-18,11,337
2024-10-02,P000015,LOC013,303,538.69,S0025,2024-09-26,11,337
2024-11-01,P000015,LOC013,241,570.88,S0025,2024-10-31,11,337
2024-12-01,P000015,LOC013,308,583.07,S0025,2024-11-06,11,337
2024-12-31,P000015,LOC013,239,531.35,S0025,2024-12-09,11,337
2025-01-30,P000015,LOC013,237,550.46,S0025,2025-01-07,11,337
2025-03-01,P000015,LOC013,313,568.1,S0025,2025-02-21,11,337
2025-03-31,P000015,LOC013,308,580.69,S0025,2025-03-25,11,337
2024-10-02,P000015,LOC014,284,574.95,S0025,2024-09-16,11,337
2024-11-01,P000015,LOC014,284,558.18,S0025,2024-10-23,11,337
2024-12-01,P000015,LOC014,295,557.11,S0025,2024-11-15,11,337
2024-12-31,P000015,LOC014,271,563.42,S0025,2024-12-08,11,337
2025-01-30,P000015,LOC014,245,549.97,S0025,2025-01-22,11,337
2025-03-01,P000015,LOC014,237,562.75,S0025,2025-02-06,11,337
2025-03-31,P000015,LOC014,263,562.92,S0025,2025-03-25,11,337
2024-10-02,P000015,LOC015,303,579.74,S0025,2024-09-14,11,337
2024-11-01,P000015,LOC015,287,571.03,S0025,2024-10-08,11,337
2024-12-01,P000015,LOC015,305,562.92,S0025,2024-11-03,11,337
2024-12-31,P000015,LOC015,313,556.49,S0025,2024-12-17,11,337
2025-01-30,P000015,LOC015,243,574.7,S0025,2025-01-11,11,337
2025-03-01,P000015,LOC015,307,574.49,S0025,2025-02-01,11,337
2025-03-31,P000015,LOC015,256,581.35,S0025,2025-03-23,11,337
2024-10-02,P000015,LOC016,285,583.95,S0025,2024-09-02,11,337
2024-11-01,P000015,LOC016,280,584.49,S0025,2024-10-31,11,337
2024-12-01,P000015,LOC016,269,565.86,S0025,2024-11-19,11,337
2024-12-31,P000015,LOC016,262,581.77,S0025,2024-12-09,11,337
2025-01-30,P000015,LOC016,264,531.83,S0025,2025-01-11,11,337
2025-03-01,P000015,LOC016,263,554.36,S0025,2025-02-05,11,337
2025-03-31,P000015,LOC016,250,579.04,S0025,2025-03-29,11,337
2024-10-02,P000015,LOC017,278,577.43,S0025,2024-09-14,11,337
2024-11-01,P000015,LOC017,245,584.05,S0025,2024-10-19,11,337
2024-12-01,P000015,LOC017,278,552.86,S0025,2024-11-06,11,337
2024-12-31,P000015,LOC017,312,554.2,S0025,2024-12-29,11,337
2025-01-30,P000015,LOC017,265,543.8,S0025,2025-01-07,11,337
2025-03-01,P000015,LOC017,297,576.55,S0025,2025-02-04,11,337
2025-03-31,P000015,LOC017,304,530.47,S0025,2025-03-02,11,337
2024-10-02,P000015,LOC018,304,535.82,S0025,2024-09-14,11,337
2024-11-01,P000015,LOC018,255,573.89,S0025,2024-10-22,11,337
2024-12-01,P000015,LOC018,248,530.08,S0025,2024-11-27,11,337
2024-12-31,P000015,LOC018,252,572.2,S0025,2024-12-21,11,337
2025-01-30,P000015,LOC018,286,533.16,S0025,2025-01-23,11,337
2025-03-01,P000015,LOC018,299,540.96,S0025,2025-01-31,11,337
2025-03-31,P000015,LOC018,291,564.61,S0025,2025-03-01,11,337
2024-10-02,P000015,LOC019,250,531.33,S0025,2024-09-24,11,337
2024-11-01,P000015,LOC019,301,559.3,S0025,2024-10-03,11,337
2024-12-01,P000015,LOC019,277,569.64,S0025,2024-11-05,11,337
2024-12-31,P000015,LOC019,299,566.27,S0025,2024-12-03,11,337
2025-01-30,P000015,LOC019,299,534.04,S0025,2025-01-25,11,337
2025-03-01,P000015,LOC019,273,569.93,S0025,2025-02-13,11,337
2025-03-31,P000015,LOC019,313,557.12,S0025,2025-03-09,11,337
2024-10-02,P000015,LOC020,283,552.05,S0025,2024-09-24,11,337
2024-11-01,P000015,LOC020,289,539.48,S0025,2024-10-06,11,337
2024-12-01,P000015,LOC020,288,572.91,S0025,2024-11-29,11,337
2024-12-31,P000015,LOC020,308,545.39,S0025,2024-12-07,11,337
2025-01-30,P000015,LOC020,288,557.33,S0025,2025-01-24,11,337
2025-03-01,P000015,LOC020,248,537.87,S0025,2025-01-31,11,337
2025-03-31,P000015,LOC020,241,552.74,S0025,2025-03-01,11,337
2024-10-02,P000016,LOC001,259,62.04,S0019,2024-09-29,25,956
2024-11-01,P000016,LOC001,222,57.23,S0019,2024-10-24,25,956
2024-12-01,P000016,LOC001,223,61.6,S0019,2024-11-18,25,956
2024-12-31,P000016,LOC001,303,58.69,S0019,2024-12-11,25,956
2025-01-30,P000016,LOC001,285,61.08,S0019,2025-01-24,25,956
2025-03-01,P000016,LOC001,324,58.46,S0019,2025-02-27,25,956
2025-03-31,P000016,LOC001,349,61.09,S0019,2025-03-01,25,956
2024-10-02,P000016,LOC002,201,60.47,S0019,2024-09-17,25,956
2024-11-01,P000016,LOC002,247,62.36,S0019,2024-10-25,25,956
2024-12-01,P000016,LOC002,310,60.22,S0019,2024-11-21,25,956
2024-12-31,P000016,LOC002,336,61.16,S0019,2024-12-06,25,956
2025-01-30,P000016,LOC002,331,57.67,S0019,2025-01-17,25,956
2025-03-01,P000016,LOC002,354,57.14,S0019,2025-02-27,25,956
2025-03-31,P000016,LOC002,361,59.14,S0019,2025-03-24,25,956
2024-10-02,P000016,LOC003,216,61.12,S0019,2024-09-21,25,956
2024-11-01,P000016,LOC003,201,57.19,S0019,2024-10-06,25,956
2024-12-01,P000016,LOC003,230,59.42,S0019,2024-11-29,25,956
2024-12-31,P000016,LOC003,263,59.3,S0019,2024-12-21,25,956
2025-01-30,P000016,LOC003,264,59.76,S0019,2025-01-15,25,956
2025-03-01,P000016,LOC003,357,59.0,S0019,2025-02-22,25,956
2025-03-31,P000016,LOC003,394,58.44,S0019,2025-03-29,25,956
2024-10-02,P000016,LOC004,214,61.0,S0019,2024-09-02,25,956
2024-11-01,P000016,LOC004,279,62.46,S0019,2024-10-16,25,956
2024-12-01,P000016,LOC004,282,57.09,S0019,2024-11-07,25,956
2024-12-31,P000016,LOC004,275,58.79,S0019,2024-12-20,25,956
2025-01-30,P000016,LOC004,365,59.96,S0019,2025-01-28,25,956
2025-03-01,P000016,LOC004,356,60.58,S0019,2025-02-23,25,956
2025-03-31,P000016,LOC004,314,57.0,S0019,2025-03-16,25,956
2024-10-02,P000016,LOC005,171,58.42,S0019,2024-09-21,25,956
2024-11-01,P000016,LOC005,261,58.73,S0019,2024-10-10,25,956
2024-12-01,P000016,LOC005,342,60.99,S0019,2024-11-04,25,956
2024-12-31,P000016,LOC005,354,60.52,S0019,2024-12-16,25,956
2025-01-30,P000016,LOC005,332,61.4,S0019,2025-01-13,25,956
2025-03-01,P000016,LOC005,292,59.93,S0019,2025-01-30,25,956
2025-03-31,P000016,LOC005,295,62.43,S0019,2025-03-16,25,956
2024-10-02,P000016,LOC006,297,58.65,S0019,2024-09-14,25,956
2024-11-01,P000016,LOC006,279,57.56,S0019,2024-10-03,25,956
2024-12-01,P000016,LOC006,297,59.8,S0019,2024-11-30,25,956
2024-12-31,P000016,LOC006,300,59.39,S0019,2024-12-20,25,956
2025-01-30,P000016,LOC006,288,61.08,S0019,2025-01-01,25,956
2025-03-01,P000016,LOC006,349,60.45,S0019,2025-02-16,25,956
2025-03-31,P000016,LOC006,437,61.55,S0019,2025-03-18,25,956
2024-10-02,P000016,LOC007,293,57.54,S0019,2024-09-14,25,956
2024-11-01,P000016,LOC007,245,61.1,S0019,2024-10-06,25,956
2024-12-01,P000016,LOC007,318,61.02,S0019,2024-11-28,25,956
2024-12-31,P000016,LOC007,396,60.34,S0019,2024-12-06,25,956
2025-01-30,P000016,LOC007,408,57.28,S0019,2024-12-31,25,956
2025-03-01,P000016,LOC007,430,59.18,S0019,2025-02-06,25,956
2025-03-31,P000016,LOC007,416,59.41,S0019,2025-03-14,25,956
2024-10-02,P000016,LOC008,295,61.59,S0019,2024-09-20,25,956
2024-11-01,P000016,LOC008,332,58.5,S0019,2024-10-29,25,956
2024-12-01,P000016,LOC008,383,61.81,S0019,2024-11-07,25,956
2024-12-31,P000016,LOC008,427,61.16,S0019,2024-12-19,25,956
2025-01-30,P000016,LOC008,463,60.74,S0019,2025-01-28,25,956
2025-03-01,P000016,LOC008,488,58.4,S0019,2025-02-01,25,956
2025-03-31,P000016,LOC008,479,58.86,S0019,2025-03-14,25,956
2024-10-02,P000016,LOC009,257,61.13,S0019,2024-09-10,25,956
2024-11-01,P000016,LOC009,253,56.95,S0019,2024-10-14,25,956
2024-12-01,P000016,LOC009,228,61.92,S0019,2024-11-15,25,956
2024-12-31,P000016,LOC009,267,61.33,S0019,2024-12-20,25,956
2025-01-30,P000016,LOC009,234,57.45,S0019,2025-01-01,25,956
2025-03-01,P000016,LOC009,227,61.2,S0019,2025-02-01,25,956
2025-03-31,P000016,LOC009,301,57.57,S0019,2025-03-24,25,956
2024-10-02,P000016,LOC010,208,58.84,S0019,2024-09-09,25,956
2024-11-01,P000016,LOC010,227,60.76,S0019,2024-10-02,25,956
2024-12-01,P000016,LOC010,178,57.85,S0019,2024-11-30,25,956
2024-12-31,P000016,LOC010,179,60.49,S0019,2024-12-18,25,956
2025-01-30,P000016,LOC010,149,59.49,S0019,2025-01-24,25,956
2025-03-01,P000016,LOC010,183,57.03,S0019,2025-02-26,25,956
2025-03-31,P000016,LOC010,141,58.17,S0019,2025-03-12,25,956
2024-10-02,P000016,LOC011,225,58.97,S0019,2024-10-01,25,956
2024-11-01,P000016,LOC011,273,62.38,S0019,2024-10-02,25,956
2024-12-01,P000016,LOC011,323,61.41,S0019,2024-11-06,25,956
2024-12-31,P000016,LOC011,349,61.84,S0019,2024-12-01,25,956
2025-01-30,P000016,LOC011,356,61.01,S0019,2025-01-23,25,956
2025-03-01,P000016,LOC011,351,59.97,S0019,2025-02-10,25,956
2025-03-31,P000016,LOC011,344,60.79,S0019,2025-03-22,25,956
2024-10-02,P000016,LOC012,271,56.81,S0019,2024-09-05,25,956
2024-11-01,P000016,LOC012,320,58.32,S0019,2024-10-10,25,956
2024-12-01,P000016,LOC012,412,61.37,S0019,2024-11-23,25,956
2024-12-31,P000016,LOC012,439,62.3,S0019,2024-12-21,25,956
2025-01-30,P000016,LOC012,468,59.53,S0019,2025-01-08,25,956
2025-03-01,P000016,LOC012,556,62.15,S0019,2025-02-16,25,956
2025-03-31,P000016,LOC012,624,59.49,S0019,2025-03-08,25,956
2024-10-02,P000016,LOC013,256,61.29,S0019,2024-09-26,25,956
2024-11-01,P000016,LOC013,298,59.18,S0019,2024-10-19,25,956
2024-12-01,P000016,LOC013,279,60.01,S0019,2024-11-15,25,956
2024-12-31,P000016,LOC013,335,62.17,S0019,2024-12-04,25,956
2025-01-30,P000016,LOC013,383,58.27,S0019,2025-01-01,25,956
2025-03-01,P000016,LOC013,432,58.16,S0019,2025-02-27,25,956
2025-03-31,P000016,LOC013,520,61.27,S0019,2025-03-12,25,956
2024-10-02,P000016,LOC014,183,58.75,S0019,2024-09-30,25,956
2024-11-01,P000016,LOC014,265,58.93,S0019,2024-10-20,25,956
2024-12-01,P000016,LOC014,218,60.88,S0019,2024-11-16,25,956
2024-12-31,P000016,LOC014,181,62.05,S0019,2024-12-10,25,956
2025-01-30,P000016,LOC014,259,57.31,S0019,2025-01-16,25,956
2025-03-01,P000016,LOC014,272,56.56,S0019,2025-01-31,25,956
2025-03-31,P000016,LOC014,368,59.26,S0019,2025-03-12,25,956
2024-10-02,P000016,LOC015,223,58.1,S0019,2024-09-26,25,956
2024-11-01,P000016,LOC015,311,56.58,S0019,2024-10-03,25,956
2024-12-01,P000016,LOC015,288,60.49,S0019,2024-11-21,25,956
2024-12-31,P000016,LOC015,293,57.17,S0019,2024-12-25,25,956
2025-01-30,P000016,LOC015,375,56.86,S0019,2024-12-31,25,956
2025-03-01,P000016,LOC015,468,58.06,S0019,2025-02-13,25,956
2025-03-31,P000016,LOC015,471,58.71,S0019,2025-03-17,25,956
2024-10-02,P000016,LOC016,169,56.7,S0019,2024-09-02,25,956
2024-11-01,P000016,LOC016,205,60.12,S0019,2024-10-30,25,956
2024-12-01,P000016,LOC016,182,58.72,S0019,2024-11-01,25,956
2024-12-31,P000016,LOC016,248,59.81,S0019,2024-12-10,25,956
2025-01-30,P000016,LOC016,321,58.89,S0019,2025-01-06,25,956
2025-03-01,P000016,LOC016,303,59.74,S0019,2025-02-01,25,956
2025-03-31,P000016,LOC016,258,60.18,S0019,2025-03-20,25,956
2024-10-02,P000016,LOC017,265,59.72,S0019,2024-09-26,25,956
2024-11-01,P000016,LOC017,334,57.72,S0019,2024-10-29,25,956
2024-12-01,P000016,LOC017,423,61.68,S0019,2024-11-13,25,956
2024-12-31,P000016,LOC017,486,60.4,S0019,2024-12-02,25,956
2025-01-30,P000016,LOC017,562,60.58,S0019,2025-01-10,25,956
2025-03-01,P000016,LOC017,611,59.14,S0019,2025-02-13,25,956
2025-03-31,P000016,LOC017,606,61.93,S0019,2025-03-06,25,956
2024-10-02,P000016,LOC018,224,62.23,S0019,2024-09-25,25,956
2024-11-01,P000016,LOC018,286,61.36,S0019,2024-10-14,25,956
2024-12-01,P000016,LOC018,357,56.81,S0019,2024-11-11,25,956
2024-12-31,P000016,LOC018,378,59.22,S0019,2024-12-16,25,956
2025-01-30,P000016,LOC018,366,59.16,S0019,2025-01-06,25,956
2025-03-01,P000016,LOC018,461,57.7,S0019,2025-02-02,25,956
2025-03-31,P000016,LOC018,535,61.54,S0019,2025-03-12,25,956
2024-10-02,P000016,LOC019,313,61.2,S0019,2024-09-05,25,956
2024-11-01,P000016,LOC019,380,60.82,S0019,2024-10-12,25,956
2024-12-01,P000016,LOC019,478,56.74,S0019,2024-11-20,25,956
2024-12-31,P000016,LOC019,449,57.85,S0019,2024-12-29,25,956
2025-01-30,P000016,LOC019,520,58.91,S0019,2025-01-14,25,956
2025-03-01,P000016,LOC019,618,62.24,S0019,2025-02-08,25,956
2025-03-31,P000016,LOC019,674,57.42,S0019,2025-03-30,25,956
2024-10-02,P000016,LOC020,294,61.08,S0019,2024-09-12,25,956
2024-11-01,P000016,LOC020,291,58.01,S0019,2024-10-08,25,956
2024-12-01,P000016,LOC020,247,60.82,S0019,2024-11-14,25,956
2024-12-31,P000016,LOC020,342,57.3,S0019,2024-12-09,25,956
2025-01-30,P000016,LOC020,438,61.25,S0019,2024-12-31,25,956
2025-03-01,P000016,LOC020,462,60.47,S0019,2025-02-09,25,956
2025-03-31,P000016,LOC020,480,61.38,S0019,2025-03-26,25,956
2024-10-02,P000017,LOC001,170,259.78,S0023,2024-09-27,33,210
2024-11-01,P000017,LOC001,162,251.82,S0023,2024-10-09,33,210
2024-12-01,P000017,LOC001,161,260.37,S0023,2024-11-03,33,210
2024-12-31,P000017,LOC001,149,264.37,S0023,2024-12-09,33,210
2025-01-30,P000017,LOC001,173,261.78,S0023,2025-01-12,33,210
2025-03-01,P000017,LOC001,163,255.99,S0023,2025-02-28,33,210
2025-03-31,P000017,LOC001,170,267.05,S0023,2025-03-07,33,210
2024-10-02,P000017,LOC002,149,244.49,S0023,2024-09-04,33,210
2024-11-01,P000017,LOC002,190,244.83,S0023,2024-10-11,33,210
2024-12-01,P000017,LOC002,151,262.93,S0023,2024-11-25,33,210
2024-12-31,P000017,LOC002,192,255.25,S0023,2024-12-08,33,210
2025-01-30,P000017,LOC002,191,264.92,S0023,2025-01-27,33,210
2025-03-01,P000017,LOC002,179,261.97,S0023,2025-02-07,33,210
2025-03-31,P000017,LOC002,173,244.32,S0023,2025-03-16,33,210
2024-10-02,P000017,LOC003,171,248.84,S0023,2024-09-18,33,210
2024-11-01,P000017,LOC003,176,258.99,S0023,2024-10-30,33,210
2024-12-01,P000017,LOC003,188,259.06,S0023,2024-11-07,33,210
2024-12-31,P000017,LOC003,194,261.19,S0023,2024-12-08,33,210
2025-01-30,P000017,LOC003,170,269.31,S0023,2025-01-16,33,210
2025-03-01,P000017,LOC003,189,245.65,S0023,2025-01-30,33,210
2025-03-31,P000017,LOC003,181,269.16,S0023,2025-03-28,33,210
2024-10-02,P000017,LOC004,163,251.61,S0023,2024-09-13,33,210
2024-11-01,P000017,LOC004,171,253.73,S0023,2024-10-16,33,210
2024-12-01,P000017,LOC004,154,248.95,S0023,2024-11-23,33,210
2024-12-31,P000017,LOC004,150,265.21,S0023,2024-12-26,33,210
2025-01-30,P000017,LOC004,152,254.57,S0023,2025-01-01,33,210
2025-03-01,P000017,LOC004,194,253.35,S0023,2025-02-15,33,210
2025-03-31,P000017,LOC004,165,260.03,S0023,2025-03-20,33,210
2024-10-02,P000017,LOC005,184,263.6,S0023,2024-09-26,33,210
2024-11-01,P000017,LOC005,173,267.0,S0023,2024-10-25,33,210
2024-12-01,P000017,LOC005,156,255.62,S0023,2024-11-18,33,210
2024-12-31,P000017,LOC005,160,265.2,S0023,2024-12-29,33,210
2025-01-30,P000017,LOC005,169,263.48,S0023,2025-01-02,33,210
2025-03-01,P000017,LOC005,170,246.7,S0023,2025-02-15,33,210
2025-03-31,P000017,LOC005,174,255.78,S0023,2025-03-10,33,210
2024-10-02,P000017,LOC006,155,261.03,S0023,2024-09-21,33,210
2024-11-01,P000017,LOC006,166,261.16,S0023,2024-10-16,33,210
2024-12-01,P000017,LOC006,161,248.27,S0023,2024-11-11,33,210
2024-12-31,P000017,LOC006,168,245.79,S0023,2024-12-28,33,210
2025-01-30,P000017,LOC006,164,265.55,S0023,2025-01-24,33,210
2025-03-01,P000017,LOC006,178,259.3,S0023,2025-02-28,33,210
2025-03-31,P000017,LOC006,188,264.23,S0023,2025-03-07,33,210
2024-10-02,P000017,LOC007,180,252.85,S0023,2024-09-11,33,210
2024-11-01,P000017,LOC007,150,260.49,S0023,2024-10-30,33,210
2024-12-01,P000017,LOC007,151,255.13,S0023,2024-11-12,33,210
2024-12-31,P000017,LOC007,182,253.42,S0023,2024-12-30,33,210
2025-01-30,P000017,LOC007,161,244.32,S0023,2025-01-27,33,210
2025-03-01,P000017,LOC007,184,255.74,S0023,2025-02-05,33,210
2025-03-31,P000017,LOC007,181,250.33,S0023,2025-03-04,33,210
2024-10-02,P000017,LOC008,194,260.76,S0023,2024-09-07,33,210
2024-11-01,P000017,LOC008,192,266.41,S0023,2024-10-18,33,210
2024-12-01,P000017,LOC008,164,245.84,S0023,2024-11-28,33,210
2024-12-31,P000017,LOC008,177,245.01,S0023,2024-12-05,33,210
2025-01-30,P000017,LOC008,154,259.97,S0023,2025-01-23,33,210
2025-03-01,P000017,LOC008,165,253.77,S0023,2025-02-06,33,210
2025-03-31,P000017,LOC008,197,254.72,S0023,2025-03-26,33,210
2024-10-02,P000017,LOC009,183,244.28,S0023,2024-09-24,33,210
2024-11-01,P000017,LOC009,167,264.8,S0023,2024-10-24,33,210
2024-12-01,P000017,LOC009,178,267.34,S0023,2024-11-26,33,210
2024-12-31,P000017,LOC009,196,260.74,S0023,2024-12-02,33,210
2025-01-30,P000017,LOC009,163,247.43,S0023,2025-01-27,33,210
2025-03-01,P000017,LOC009,166,249.05,S0023,2025-02-17,33,210
2025-03-31,P000017,LOC009,188,257.72,S0023,2025-03-22,33,210
2024-10-02,P000017,LOC010,189,261.05,S0023,2024-09-18,33,210
2024-11-01,P000017,LOC010,182,268.92,S0023,2024-10-15,33,210
2024-12-01,P000017,LOC010,190,265.06,S0023,2024-11-17,33,210
2024-12-31,P000017,LOC010,185,268.05,S0023,2024-12-19,33,210
2025-01-30,P000017,LOC010,182,259.64,S0023,2025-01-24,33,210
2025-03-01,P000017,LOC010,174,268.97,S0023,2025-02-08,33,210
2025-03-31,P000017,LOC010,180,249.09,S0023,2025-03-01,33,210
2024-10-02,P000017,LOC011,169,256.9,S0023,2024-09-26,33,210
2024-11-01,P000017,LOC011,165,248.91,S0023,2024-10-28,33,210
2024-12-01,P000017,LOC011,166,258.05,S0023,2024-11-12,33,210
2024-12-31,P000017,LOC011,156,259.38,S0023,2024-12-01,33,210
2025-01-30,P000017,LOC011,158,252.84,S0023,2025-01-11,33,210
2025-03-01,P000017,LOC011,196,250.81,S0023,2025-02-18,33,210
2025-03-31,P000017,LOC011,172,244.85,S0023,2025-03-30,33,210
2024-10-02,P000017,LOC012,158,263.26,S0023,2024-09-07,33,210
2024-11-01,P000017,LOC012,154,260.98,S0023,2024-10-22,33,210
2024-12-01,P000017,LOC012,151,244.48,S0023,2024-11-11,33,210
2024-12-31,P000017,LOC012,191,268.65,S0023,2024-12-20,33,210
2025-01-30,P000017,LOC012,152,260.74,S0023,2025-01-06,33,210
2025-03-01,P000017,LOC012,187,257.26,S0023,2025-02-21,33,210
2025-03-31,P000017,LOC012,190,263.6,S0023,2025-03-30,33,210
2024-10-02,P000017,LOC013,193,266.26,S0023,2024-09-13,33,210
2024-11-01,P000017,LOC013,148,247.17,S0023,2024-10-24,33,210
2024-12-01,P000017,LOC013,164,248.56,S0023,2024-11-14,33,210
2024-12-31,P000017,LOC013,187,254.63,S0023,2024-12-22,33,210
2025-01-30,P000017,LOC013,153,249.28,S0023,2025-01-24,33,210
2025-03-01,P000017,LOC013,166,258.7,S0023,2025-02-06,33,210
2025-03-31,P000017,LOC013,155,264.92,S0023,2025-03-12,33,210
2024-10-02,P000017,LOC014,190,244.17,S0023,2024-09-11,33,210
2024-11-01,P000017,LOC014,187,250.61,S0023,2024-10-19,33,210
2024-12-01,P000017,LOC014,189,249.21,S0023,2024-11-17,33,210
2024-12-31,P000017,LOC014,155,249.92,S0023,2024-12-26,33,210
2025-01-30,P000017,LOC014,169,258.76,S0023,2025-01-18,33,210
2025-03-01,P000017,LOC014,168,247.65,S0023,2025-02-04,33,210
2025-03-31,P000017,LOC014,182,262.91,S0023,2025-03-23,33,210
2024-10-02,P000017,LOC015,159,268.09,S0023,2024-09-11,33,210
2024-11-01,P000017,LOC015,170,252.39,S0023,2024-10-10,33,210
2024-12-01,P000017,LOC015,161,246.23,S0023,2024-11-21,33,210
2024-12-31,P000017,LOC015,186,262.85,S0023,2024-12-01,33,210
2025-01-30,P000017,LOC015,170,261.15,S0023,2025-01-03,33,210
2025-03-01,P000017,LOC015,175,247.46,S0023,2025-02-01,33,210
2025-03-31,P000017,LOC015,163,246.23,S0023,2025-03-23,33,210
2024-10-02,P000017,LOC016,189,262.59,S0023,2024-09-06,33,210
2024-11-01,P000017,LOC016,171,261.5,S0023,2024-10-23,33,210
2024-12-01,P000017,LOC016,190,262.68,S0023,2024-11-16,33,210
2024-12-31,P000017,LOC016,166,259.7,S0023,2024-12-12,33,210
2025-01-30,P000017,LOC016,196,244.78,S0023,2025-01-11,33,210
2025-03-01,P000017,LOC016,198,261.95,S0023,2025-02-08,33,210
2025-03-31,P000017,LOC016,171,254.73,S0023,2025-03-02,33,210
2024-10-02,P000017,LOC017,161,264.58,S0023,2024-09-23,33,210
2024-11-01,P000017,LOC017,167,261.94,S0023,2024-10-13,33,210
2024-12-01,P000017,LOC017,174,251.62,S0023,2024-11-26,33,210
2024-12-31,P000017,LOC017,197,252.36,S0023,2024-12-21,33,210
2025-01-30,P000017,LOC017,189,262.94,S0023,2025-01-27,33,210
2025-03-01,P000017,LOC017,189,250.79,S0023,2025-01-30,33,210
2025-03-31,P000017,LOC017,154,250.32,S0023,2025-03-25,33,210
2024-10-02,P000017,LOC018,160,252.74,S0023,2024-09-03,33,210
2024-11-01,P000017,LOC018,180,268.43,S0023,2024-10-30,33,210
2024-12-01,P000017,LOC018,192,269.33,S0023,2024-11-03,33,210
2024-12-31,P000017,LOC018,176,257.28,S0023,2024-12-27,33,210
2025-01-30,P000017,LOC018,152,262.77,S0023,2025-01-13,33,210
2025-03-01,P000017,LOC018,191,263.14,S0023,2025-02-09,33,210
2025-03-31,P000017,LOC018,191,244.63,S0023,2025-03-12,33,210
2024-10-02,P000017,LOC019,161,256.97,S0023,2024-09-25,33,210
2024-11-01,P000017,LOC019,187,250.44,S0023,2024-10-07,33,210
2024-12-01,P000017,LOC019,161,264.83,S0023,2024-11-28,33,210
2024-12-31,P000017,LOC019,194,263.06,S0023,2024-12-02,33,210
2025-01-30,P000017,LOC019,154,261.04,S0023,2025-01-04,33,210
2025-03-01,P000017,LOC019,169,264.45,S0023,2025-02-26,33,210
2025-03-31,P000017,LOC019,196,249.5,S0023,2025-03-02,33,210
2024-10-02,P000017,LOC020,158,258.4,S0023,2024-09-08,33,210
2024-11-01,P000017,LOC020,170,247.0,S0023,2024-10-23,33,210
2024-12-01,P000017,LOC020,165,257.15,S0023,2024-11-23,33,210
2024-12-31,P000017,LOC020,148,253.08,S0023,2024-12-08,33,210
2025-01-30,P000017,LOC020,149,249.39,S0023,2025-01-26,33,210
2025-03-01,P000017,LOC020,173,244.12,S0023,2025-02-15,33,210
2025-03-31,P000017,LOC020,159,255.16,S0023,2025-03-12,33,210
2024-10-02,P000018,LOC001,155,163.75,S0013,2024-09-12,40,164
2024-11-01,P000018,LOC001,130,164.08,S0013,2024-10-18,40,164
2024-12-01,P000018,LOC001,115,167.0,S0013,2024-11-08,40,164
2024-12-31,P000018,LOC001,152,161.5,S0013,2024-12-02,40,164
2025-01-30,P000018,LOC001,149,160.84,S0013,2025-01-16,40,164
2025-03-01,P000018,LOC001,141,169.97,S0013,2025-02-06,40,164
2025-03-31,P000018,LOC001,147,164.44,S0013,2025-03-10,40,164
2024-10-02,P000018,LOC002,120,168.26,S0013,2024-09-06,40,164
2024-11-01,P000018,LOC002,126,159.1,S0013,2024-10-21,40,164
2024-12-01,P000018,LOC002,148,164.59,S0013,2024-11-15,40,164
2024-12-31,P000018,LOC002,143,163.87,S0013,2024-12-19,40,164
2025-01-30,P000018,LOC002,120,163.51,S0013,2025-01-15,40,164
2025-03-01,P000018,LOC002,143,156.89,S0013,2025-02-08,40,164
2025-03-31,P000018,LOC002,133,169.57,S0013,2025-03-22,40,164
2024-10-02,P000018,LOC003,115,168.38,S0013,2024-09-06,40,164
2024-11-01,P000018,LOC003,118,162.36,S0013,2024-10-12,40,164
2024-12-01,P000018,LOC003,125,158.86,S0013,2024-11-17,40,164
2024-12-31,P000018,LOC003,149,157.88,S0013,2024-12-01,40,164
2025-01-30,P000018,LOC003,137,157.96,S0013,2025-01-11,40,164
2025-03-01,P000018,LOC003,144,156.65,S0013,2025-02-27,40,164
2025-03-31,P000018,LOC003,136,167.59,S0013,2025-03-12,40,164
2024-10-02,P000018,LOC004,119,155.11,S0013,2024-09-22,40,164
2024-11-01,P000018,LOC004,126,166.37,S0013,2024-10-27,40,164
2024-12-01,P000018,LOC004,127,167.63,S0013,2024-11-27,40,164
2024-12-31,P000018,LOC004,116,159.8,S0013,2024-12-14,40,164
2025-01-30,P000018,LOC004,132,162.9,S0013,2025-01-10,40,164
2025-03-01,P000018,LOC004,147,161.12,S0013,2025-02-23,40,164
2025-03-31,P000018,LOC004,133,165.56,S0013,2025-03-12,40,164
2024-10-02,P000018,LOC005,119,159.38,S0013,2024-09-30,40,164
2024-11-01,P000018,LOC005,151,161.05,S0013,2024-10-06,40,164
2024-12-01,P000018,LOC005,139,161.37,S0013,2024-11-15,40,164
2024-12-31,P000018,LOC005,115,171.12,S0013,2024-12-06,40,164
2025-01-30,P000018,LOC005,135,169.7,S0013,2025-01-29,40,164
2025-03-01,P000018,LOC005,124,157.53,S0013,2025-02-15,40,164
2025-03-31,P000018,LOC005,120,165.33,S0013,2025-03-20,40,164
2024-10-02,P000018,LOC006,132,159.65,S0013,2024-09-12,40,164
2024-11-01,P000018,LOC006,140,162.95,S0013,2024-10-27,40,164
2024-12-01,P000018,LOC006,124,157.78,S0013,2024-11-08,40,164
2024-12-31,P000018,LOC006,131,160.81,S0013,2024-12-05,40,164
2025-01-30,P000018,LOC006,142,156.81,S0013,2025-01-23,40,164
2025-03-01,P000018,LOC006,118,168.16,S0013,2025-02-08,40,164
2025-03-31,P000018,LOC006,154,165.6,S0013,2025-03-18,40,164
2024-10-02,P000018,LOC007,117,159.5,S0013,2024-09-27,40,164
2024-11-01,P000018,LOC007,136,165.08,S0013,2024-10-13,40,164
2024-12-01,P000018,LOC007,135,164.72,S0013,2024-11-13,40,164
2024-12-31,P000018,LOC007,155,156.04,S0013,2024-12-02,40,164
2025-01-30,P000018,LOC007,137,164.1,S0013,2025-01-28,40,164
2025-03-01,P000018,LOC007,130,169.59,S0013,2025-02-04,40,164
2025-03-31,P000018,LOC007,134,163.71,S0013,2025-03-28,40,164
2024-10-02,P000018,LOC008,140,164.54,S0013,2024-09-04,40,164
2024-11-01,P000018,LOC008,155,168.62,S0013,2024-10-13,40,164
2024-12-01,P000018,LOC008,125,157.68,S0013,2024-11-11,40,164
2024-12-31,P000018,LOC008,115,157.7,S0013,2024-12-10,40,164
2025-01-30,P000018,LOC008,147,161.53,S0013,2025-01-14,40,164
2025-03-01,P000018,LOC008,128,166.9,S0013,2025-02-12,40,164
2025-03-31,P000018,LOC008,144,157.96,S0013,2025-03-07,40,164
2024-10-02,P000018,LOC009,140,156.95,S0013,2024-09-23,40,164
2024-11-01,P000018,LOC009,146,168.83,S0013,2024-10-09,40,164
2024-12-01,P000018,LOC009,144,156.71,S0013,2024-11-04,40,164
2024-12-31,P000018,LOC009,128,165.18,S0013,2024-12-24,40,164
2025-01-30,P000018,LOC009,116,169.01,S0013,2025-01-25,40,164
2025-03-01,P000018,LOC009,137,159.62,S0013,2025-02-28,40,164
2025-03-31,P000018,LOC009,148,168.53,S0013,2025-03-29,40,164
2024-10-02,P000018,LOC010,121,157.86,S0013,2024-09-17,40,164
2024-11-01,P000018,LOC010,146,165.03,S0013,2024-10-22,40,164
2024-12-01,P000018,LOC010,133,168.65,S0013,2024-11-07,40,164
2024-12-31,P000018,LOC010,143,161.91,S0013,2024-12-13,40,164
2025-01-30,P000018,LOC010,140,157.45,S0013,2025-01-22,40,164
2025-03-01,P000018,LOC010,148,155.72,S0013,2025-02-06,40,164
2025-03-31,P000018,LOC010,117,162.74,S0013,2025-03-13,40,164
2024-10-02,P000018,LOC011,146,169.83,S0013,2024-09-14,40,164
2024-11-01,P000018,LOC011,133,157.63,S0013,2024-10-06,40,164
2024-12-01,P000018,LOC011,126,155.42,S0013,2024-11-28,40,164
2024-12-31,P000018,LOC011,116,156.66,S0013,2024-12-29,40,164
2025-01-30,P000018,LOC011,122,167.88,S0013,2024-12-31,40,164
2025-03-01,P000018,LOC011,116,170.45,S0013,2025-02-08,40,164
2025-03-31,P000018,LOC011,153,157.72,S0013,2025-03-04,40,164
2024-10-02,P000018,LOC012,135,169.07,S0013,2024-09-13,40,164
2024-11-01,P000018,LOC012,155,155.32,S0013,2024-10-27,40,164
2024-12-01,P000018,LOC012,137,161.38,S0013,2024-11-09,40,164
2024-12-31,P000018,LOC012,125,163.81,S0013,2024-12-18,40,164
2025-01-30,P000018,LOC012,145,157.69,S0013,2025-01-13,40,164
2025-03-01,P000018,LOC012,122,164.16,S0013,2025-02-06,40,164
2025-03-31,P000018,LOC012,129,168.63,S0013,2025-03-14,40,164
2024-10-02,P000018,LOC013,146,166.93,S0013,2024-09-08,40,164
2024-11-01,P000018,LOC013,150,157.46,S0013,2024-10-30,40,164
2024-12-01,P000018,LOC013,128,162.41,S0013,2024-11-03,40,164
2024-12-31,P000018,LOC013,119,157.96,S0013,2024-12-26,40,164
2025-01-30,P000018,LOC013,129,159.71,S0013,2025-01-01,40,164
2025-03-01,P000018,LOC013,151,163.27,S0013,2025-02-06,40,164
2025-03-31,P000018,LOC013,145,163.81,S0013,2025-03-28,40,164
2024-10-02,P000018,LOC014,151,170.45,S0013,2024-09-21,40,164
2024-11-01,P000018,LOC014,130,154.99,S0013,2024-10-26,40,164
2024-12-01,P000018,LOC014,154,164.97,S0013,2024-11-09,40,164
2024-12-31,P000018,LOC014,135,159.05,S0013,2024-12-12,40,164
2025-01-30,P000018,LOC014,135,162.59,S0013,2025-01-24,40,164
2025-03-01,P000018,LOC014,152,162.92,S0013,2025-02-07,40,164
2025-03-31,P000018,LOC014,136,170.3,S0013,2025-03-29,40,164
2024-10-02,P000018,LOC015,147,166.62,S0013,2024-09-23,40,164
2024-11-01,P000018,LOC015,144,160.76,S0013,2024-10-23,40,164
2024-12-01,P000018,LOC015,118,171.07,S0013,2024-11-28,40,164
2024-12-31,P000018,LOC015,139,160.79,S0013,2024-12-01,40,164
2025-01-30,P000018,LOC015,148,164.38,S0013,2025-01-25,40,164
2025-03-01,P000018,LOC015,137,164.4,S0013,2025-02-19,40,164
2025-03-31,P000018,LOC015,127,170.95,S0013,2025-03-14,40,164
2024-10-02,P000018,LOC016,118,158.19,S0013,2024-09-29,40,164
2024-11-01,P000018,LOC016,141,170.02,S0013,2024-10-17,40,164
2024-12-01,P000018,LOC016,127,156.06,S0013,2024-11-07,40,164
2024-12-31,P000018,LOC016,139,167.79,S0013,2024-12-14,40,164
2025-01-30,P000018,LOC016,132,158.1,S0013,2025-01-15,40,164
2025-03-01,P000018,LOC016,143,168.11,S0013,2025-02-18,40,164
2025-03-31,P000018,LOC016,129,156.69,S0013,2025-03-06,40,164
2024-10-02,P000018,LOC017,116,170.41,S0013,2024-09-29,40,164
2024-11-01,P000018,LOC017,150,157.32,S0013,2024-10-27,40,164
2024-12-01,P000018,LOC017,129,157.31,S0013,2024-11-06,40,164
2024-12-31,P000018,LOC017,155,157.58,S0013,2024-12-16,40,164
2025-01-30,P000018,LOC017,126,159.7,S0013,2025-01-06,40,164
2025-03-01,P000018,LOC017,154,169.15,S0013,2025-02-17,40,164
2025-03-31,P000018,LOC017,153,156.57,S0013,2025-03-20,40,164
2024-10-02,P000018,LOC018,117,168.47,S0013,2024-09-08,40,164
2024-11-01,P000018,LOC018,140,161.81,S0013,2024-10-28,40,164
2024-12-01,P000018,LOC018,129,165.73,S0013,2024-11-07,40,164
2024-12-31,P000018,LOC018,147,161.35,S0013,2024-12-19,40,164
2025-01-30,P000018,LOC018,142,171.04,S0013,2025-01-01,40,164
2025-03-01,P000018,LOC018,153,156.9,S0013,2025-02-13,40,164
2025-03-31,P000018,LOC018,120,168.7,S0013,2025-03-28,40,164
2024-10-02,P000018,LOC019,139,166.46,S0013,2024-09-11,40,164
2024-11-01,P000018,LOC019,146,162.3,S0013,2024-10-23,40,164
2024-12-01,P000018,LOC019,116,156.58,S0013,2024-11-29,40,164
2024-12-31,P000018,LOC019,117,164.45,S0013,2024-12-19,40,164
2025-01-30,P000018,LOC019,146,159.52,S0013,2025-01-02,40,164
2025-03-01,P000018,LOC019,129,168.13,S0013,2025-02-26,40,164
2025-03-31,P000018,LOC019,130,158.68,S0013,2025-03-22,40,164
2024-10-02,P000018,LOC020,138,159.97,S0013,2024-09-16,40,164
2024-11-01,P000018,LOC020,139,155.41,S0013,2024-10-09,40,164
2024-12-01,P000018,LOC020,142,160.64,S0013,2024-11-13,40,164
2024-12-31,P000018,LOC020,153,155.21,S0013,2024-12-03,40,164
2025-01-30,P000018,LOC020,130,167.19,S0013,2025-01-22,40,164
2025-03-01,P000018,LOC020,146,162.4,S0013,2025-02-14,40,164
2025-03-31,P000018,LOC020,138,155.83,S0013,2025-03-19,40,164
2024-10-02,P000019,LOC001,698,534.97,S0022,2024-09-16,14,842
2024-11-01,P000019,LOC001,752,534.52,S0022,2024-10-09,14,842
2024-12-01,P000019,LOC001,725,546.91,S0022,2024-11-25,14,842
2024-12-31,P000019,LOC001,735,568.34,S0022,2024-12-19,14,842
2025-01-30,P000019,LOC001,734,535.49,S0022,2025-01-24,14,842
2025-03-01,P000019,LOC001,695,569.54,S0022,2025-02-16,14,842
2025-03-31,P000019,LOC001,694,531.05,S0022,2025-03-11,14,842
2024-10-02,P000019,LOC002,617,532.33,S0022,2024-10-01,14,842
2024-11-01,P000019,LOC002,717,533.84,S0022,2024-10-04,14,842
2024-12-01,P000019,LOC002,796,536.17,S0022,2024-11-30,14,842
2024-12-31,P000019,LOC002,790,535.2,S0022,2024-12-06,14,842
2025-01-30,P000019,LOC002,838,549.79,S0022,2025-01-17,14,842
2025-03-01,P000019,LOC002,700,572.03,S0022,2025-01-30,14,842
2025-03-31,P000019,LOC002,673,532.53,S0022,2025-03-08,14,842
2024-10-02,P000019,LOC003,621,541.24,S0022,2024-10-01,14,842
2024-11-01,P000019,LOC003,653,570.12,S0022,2024-10-24,14,842
2024-12-01,P000019,LOC003,706,551.05,S0022,2024-11-29,14,842
2024-12-31,P000019,LOC003,665,527.44,S0022,2024-12-29,14,842
2025-01-30,P000019,LOC003,750,528.15,S0022,2025-01-07,14,842
2025-03-01,P000019,LOC003,757,563.58,S0022,2025-02-11,14,842
2025-03-31,P000019,LOC003,802,571.41,S0022,2025-03-11,14,842
2024-10-02,P000019,LOC004,607,535.15,S0022,2024-09-06,14,842
2024-11-01,P000019,LOC004,607,528.98,S0022,2024-10-29,14,842
2024-12-01,P000019,LOC004,608,561.28,S0022,2024-11-06,14,842
2024-12-31,P000019,LOC004,639,555.33,S0022,2024-12-30,14,842
2025-01-30,P000019,LOC004,664,536.76,S0022,2025-01-17,14,842
2025-03-01,P000019,LOC004,704,527.64,S0022,2025-02-09,14,842
2025-03-31,P000019,LOC004,692,564.39,S0022,2025-03-04,14,842
2024-10-02,P000019,LOC005,634,530.33,S0022,2024-09-29,14,842
2024-11-01,P000019,LOC005,595,545.51,S0022,2024-10-26,14,842
2024-12-01,P000019,LOC005,581,527.36,S0022,2024-11-25,14,842
2024-12-31,P000019,LOC005,671,573.44,S0022,2024-12-19,14,842
2025-01-30,P000019,LOC005,747,526.85,S0022,2025-01-24,14,842
2025-03-01,P000019,LOC005,760,530.99,S0022,2025-02-03,14,842
2025-03-31,P000019,LOC005,795,566.95,S0022,2025-03-11,14,842
2024-10-02,P000019,LOC006,662,567.54,S0022,2024-10-01,14,842
2024-11-01,P000019,LOC006,687,567.16,S0022,2024-10-26,14,842
2024-12-01,P000019,LOC006,762,550.98,S0022,2024-11-03,14,842
2024-12-31,P000019,LOC006,791,539.36,S0022,2024-12-04,14,842
2025-01-30,P000019,LOC006,823,572.11,S0022,2025-01-28,14,842
2025-03-01,P000019,LOC006,775,524.69,S0022,2025-02-25,14,842
2025-03-31,P000019,LOC006,726,558.96,S0022,2025-03-05,14,842
2024-10-02,P000019,LOC007,725,570.89,S0022,2024-09-05,14,842
2024-11-01,P000019,LOC007,783,560.56,S0022,2024-10-19,14,842
2024-12-01,P000019,LOC007,641,530.09,S0022,2024-11-09,14,842
2024-12-31,P000019,LOC007,613,566.75,S0022,2024-12-07,14,842
2025-01-30,P000019,LOC007,744,562.13,S0022,2025-01-22,14,842
2025-03-01,P000019,LOC007,694,520.65,S0022,2025-02-12,14,842
2025-03-31,P000019,LOC007,670,573.76,S0022,2025-03-21,14,842
2024-10-02,P000019,LOC008,705,562.99,S0022,2024-09-10,14,842
2024-11-01,P000019,LOC008,673,555.29,S0022,2024-10-14,14,842
2024-12-01,P000019,LOC008,712,532.94,S0022,2024-11-10,14,842
2024-12-31,P000019,LOC008,714,547.96,S0022,2024-12-08,14,842
2025-01-30,P000019,LOC008,809,562.16,S0022,2025-01-09,14,842
2025-03-01,P000019,LOC008,829,542.12,S0022,2025-02-03,14,842
2025-03-31,P000019,LOC008,707,543.77,S0022,2025-03-15,14,842
2024-10-02,P000019,LOC009,692,528.06,S0022,2024-09-02,14,842
2024-11-01,P000019,LOC009,723,548.07,S0022,2024-10-17,14,842
2024-12-01,P000019,LOC009,765,564.7,S0022,2024-11-22,14,842
2024-12-31,P000019,LOC009,801,573.71,S0022,2024-12-29,14,842
2025-01-30,P000019,LOC009,755,565.26,S0022,2025-01-29,14,842
2025-03-01,P000019,LOC009,764,521.5,S0022,2025-02-01,14,842
2025-03-31,P000019,LOC009,787,531.8,S0022,2025-03-30,14,842
2024-10-02,P000019,LOC010,620,537.32,S0022,2024-09-29,14,842
2024-11-01,P000019,LOC010,720,557.66,S0022,2024-10-12,14,842
2024-12-01,P000019,LOC010,737,547.19,S0022,2024-11-21,14,842
2024-12-31,P000019,LOC010,745,568.93,S0022,2024-12-12,14,842
2025-01-30,P000019,LOC010,797,569.29,S0022,2025-01-04,14,842
2025-03-01,P000019,LOC010,768,524.69,S0022,2025-02-10,14,842
2025-03-31,P000019,LOC010,796,526.93,S0022,2025-03-07,14,842
2024-10-02,P000019,LOC011,704,526.97,S0022,2024-09-15,14,842
2024-11-01,P000019,LOC011,735,572.35,S0022,2024-10-04,14,842
2024-12-01,P000019,LOC011,832,523.19,S0022,2024-11-06,14,842
2024-12-31,P000019,LOC011,644,566.34,S0022,2024-12-02,14,842
2025-01-30,P000019,LOC011,825,573.51,S0022,2025-01-09,14,842
2025-03-01,P000019,LOC011,644,549.12,S0022,2025-01-31,14,842
2025-03-31,P000019,LOC011,683,534.03,S0022,2025-03-21,14,842
2024-10-02,P000019,LOC012,599,553.31,S0022,2024-09-08,14,842
2024-11-01,P000019,LOC012,692,528.43,S0022,2024-10-17,14,842
2024-12-01,P000019,LOC012,653,535.54,S0022,2024-11-19,14,842
2024-12-31,P000019,LOC012,685,557.74,S0022,2024-12-10,14,842
2025-01-30,P000019,LOC012,638,548.81,S0022,2025-01-27,14,842
2025-03-01,P000019,LOC012,600,574.54,S0022,2025-02-17,14,842
2025-03-31,P000019,LOC012,674,520.62,S0022,2025-03-15,14,842
2024-10-02,P000019,LOC013,703,530.64,S0022,2024-09-26,14,842
2024-11-01,P000019,LOC013,696,573.71,S0022,2024-10-29,14,842
2024-12-01,P000019,LOC013,724,557.12,S0022,2024-11-22,14,842
2024-12-31,P000019,LOC013,774,536.11,S0022,2024-12-17,14,842
2025-01-30,P000019,LOC013,825,565.44,S0022,2025-01-16,14,842
2025-03-01,P000019,LOC013,799,536.11,S0022,2025-02-17,14,842
2025-03-31,P000019,LOC013,830,534.34,S0022,2025-03-24,14,842
2024-10-02,P000019,LOC014,580,557.86,S0022,2024-09-24,14,842
2024-11-01,P000019,LOC014,646,540.51,S0022,2024-10-22,14,842
2024-12-01,P000019,LOC014,621,538.71,S0022,2024-11-03,14,842
2024-12-31,P000019,LOC014,601,556.77,S0022,2024-12-16,14,842
2025-01-30,P000019,LOC014,607,551.66,S0022,2025-01-08,14,842
2025-03-01,P000019,LOC014,621,543.46,S0022,2025-02-17,14,842
2025-03-31,P000019,LOC014,703,560.31,S0022,2025-03-28,14,842
2024-10-02,P000019,LOC015,624,570.72,S0022,2024-09-08,14,842
2024-11-01,P000019,LOC015,603,557.53,S0022,2024-10-16,14,842
2024-12-01,P000019,LOC015,657,555.76,S0022,2024-11-18,14,842
2024-12-31,P000019,LOC015,716,526.6,S0022,2024-12-12,14,842
2025-01-30,P000019,LOC015,785,552.63,S0022,2025-01-23,14,842
2025-03-01,P000019,LOC015,783,566.34,S0022,2025-02-16,14,842
2025-03-31,P000019,LOC015,813,532.65,S0022,2025-03-30,14,842
2024-10-02,P000019,LOC016,695,550.88,S0022,2024-09-15,14,842
2024-11-01,P000019,LOC016,761,562.57,S0022,2024-10-03,14,842
2024-12-01,P000019,LOC016,784,563.32,S0022,2024-11-12,14,842
2024-12-31,P000019,LOC016,832,525.31,S0022,2024-12-11,14,842
2025-01-30,P000019,LOC016,649,563.2,S0022,2024-12-31,14,842
2025-03-01,P000019,LOC016,782,539.94,S0022,2025-02-07,14,842
2025-03-31,P000019,LOC016,692,552.2,S0022,2025-03-04,14,842
2024-10-02,P000019,LOC017,685,559.96,S0022,2024-09-29,14,842
2024-11-01,P000019,LOC017,772,523.5,S0022,2024-10-07,14,842
2024-12-01,P000019,LOC017,786,551.5,S0022,2024-11-28,14,842
2024-12-31,P000019,LOC017,742,571.75,S0022,2024-12-30,14,842
2025-01-30,P000019,LOC017,750,572.97,S0022,2025-01-04,14,842
2025-03-01,P000019,LOC017,700,569.89,S0022,2025-02-19,14,842
2025-03-31,P000019,LOC017,707,572.93,S0022,2025-03-11,14,842
2024-10-02,P000019,LOC018,587,546.96,S0022,2024-09-29,14,842
2024-11-01,P000019,LOC018,665,571.04,S0022,2024-10-06,14,842
2024-12-01,P000019,LOC018,754,571.88,S0022,2024-11-11,14,842
2024-12-31,P000019,LOC018,840,537.75,S0022,2024-12-25,14,842
2025-01-30,P000019,LOC018,615,526.63,S0022,2025-01-10,14,842
2025-03-01,P000019,LOC018,768,545.14,S0022,2025-02-13,14,842
2025-03-31,P000019,LOC018,684,524.05,S0022,2025-03-10,14,842
2024-10-02,P000019,LOC019,671,572.98,S0022,2024-09-22,14,842
2024-11-01,P000019,LOC019,704,546.19,S0022,2024-10-11,14,842
2024-12-01,P000019,LOC019,744,569.88,S0022,2024-11-08,14,842
2024-12-31,P000019,LOC019,810,540.89,S0022,2024-12-18,14,842
2025-01-30,P000019,LOC019,778,553.25,S0022,2025-01-11,14,842
2025-03-01,P000019,LOC019,683,541.47,S0022,2025-02-16,14,842
2025-03-31,P000019,LOC019,607,525.01,S0022,2025-03-14,14,842
2024-10-02,P000019,LOC020,700,570.75,S0022,2024-10-01,14,842
2024-11-01,P000019,LOC020,722,570.19,S0022,2024-10-22,14,842
2024-12-01,P000019,LOC020,678,573.85,S0022,2024-11-12,14,842
2024-12-31,P000019,LOC020,737,526.27,S0022,2024-12-22,14,842
2025-01-30,P000019,LOC020,789,521.13,S0022,2025-01-05,14,842
2025-03-01,P000019,LOC020,822,522.61,S0022,2025-02-04,14,842
2025-03-31,P000019,LOC020,732,570.14,S0022,2025-03-08,14,842
2024-10-02,P000020,LOC001,0,8.93,S0017,2024-09-24,28,135
2024-11-01,P000020,LOC001,0,9.33,S0017,2024-10-04,28,135
2024-12-01,P000020,LOC001,47,8.61,S0017,2024-11-04,28,135
2024-12-31,P000020,LOC001,73,9.19,S0017,2024-12-08,28,135
2025-01-30,P000020,LOC001,123,8.92,S0017,2025-01-25,28,135
2025-03-01,P000020,LOC001,105,8.48,S0017,2025-02-20,28,135
2025-03-31,P000020,LOC001,106,8.75,S0017,2025-03-29,28,135
2024-10-02,P000020,LOC002,26,8.53,S0017,2024-09-03,28,135
2024-11-01,P000020,LOC002,126,8.88,S0017,2024-10-24,28,135
2024-12-01,P000020,LOC002,134,9.25,S0017,2024-11-26,28,135
2024-12-31,P000020,LOC002,92,8.56,S0017,2024-12-01,28,135
2025-01-30,P000020,LOC002,101,9.12,S0017,2025-01-15,28,135
2025-03-01,P000020,LOC002,52,8.74,S0017,2025-02-21,28,135
2025-03-31,P000020,LOC002,51,8.62,S0017,2025-03-06,28,135
2024-10-02,P000020,LOC003,68,8.63,S0017,2024-09-21,28,135
2024-11-01,P000020,LOC003,96,8.61,S0017,2024-10-21,28,135
2024-12-01,P000020,LOC003,127,9.22,S0017,2024-11-13,28,135
2024-12-31,P000020,LOC003,112,8.79,S0017,2024-12-18,28,135
2025-01-30,P000020,LOC003,124,8.68,S0017,2025-01-06,28,135
2025-03-01,P000020,LOC003,123,9.07,S0017,2025-02-08,28,135
2025-03-31,P000020,LOC003,118,8.53,S0017,2025-03-05,28,135
2024-10-02,P000020,LOC004,48,9.04,S0017,2024-09-06,28,135
2024-11-01,P000020,LOC004,99,8.66,S0017,2024-10-21,28,135
2024-12-01,P000020,LOC004,131,8.89,S0017,2024-11-16,28,135
2024-12-31,P000020,LOC004,111,8.63,S0017,2024-12-13,28,135
2025-01-30,P000020,LOC004,125,8.64,S0017,2025-01-28,28,135
2025-03-01,P000020,LOC004,116,9.14,S0017,2025-02-22,28,135
2025-03-31,P000020,LOC004,121,8.65,S0017,2025-03-18,28,135
2024-10-02,P000020,LOC005,77,8.5,S0017,2024-09-06,28,135
2024-11-01,P000020,LOC005,113,9.01,S0017,2024-10-04,28,135
2024-12-01,P000020,LOC005,111,8.75,S0017,2024-11-09,28,135
2024-12-31,P000020,LOC005,98,8.95,S0017,2024-12-09,28,135
2025-01-30,P000020,LOC005,101,8.5,S0017,2024-12-31,28,135
2025-03-01,P000020,LOC005,99,9.13,S0017,2025-02-23,28,135
2025-03-31,P000020,LOC005,121,8.47,S0017,2025-03-19,28,135
2024-10-02,P000020,LOC006,39,9.12,S0017,2024-09-05,28,135
2024-11-01,P000020,LOC006,37,8.84,S0017,2024-10-20,28,135
2024-12-01,P000020,LOC006,57,8.74,S0017,2024-11-11,28,135
2024-12-31,P000020,LOC006,39,9.05,S0017,2024-12-10,28,135
2025-01-30,P000020,LOC006,90,8.7,S0017,2025-01-14,28,135
2025-03-01,P000020,LOC006,126,9.29,S0017,2025-02-08,28,135
2025-03-31,P000020,LOC006,89,8.7,S0017,2025-03-04,28,135
2024-10-02,P000020,LOC007,46,8.98,S0017,2024-09-23,28,135
2024-11-01,P000020,LOC007,108,8.6,S0017,2024-10-24,28,135
2024-12-01,P000020,LOC007,95,9.25,S0017,2024-11-16,28,135
2024-12-31,P000020,LOC007,113,8.73,S0017,2024-12-16,28,135
2025-01-30,P000020,LOC007,106,8.53,S0017,2025-01-26,28,135
2025-03-01,P000020,LOC007,121,9.14,S0017,2025-02-08,28,135
2025-03-31,P000020,LOC007,113,8.59,S0017,2025-03-25,28,135
2024-10-02,P000020,LOC008,31,9.28,S0017,2024-09-17,28,135
2024-11-01,P000020,LOC008,61,9.09,S0017,2024-10-03,28,135
2024-12-01,P000020,LOC008,115,8.57,S0017,2024-11-16,28,135
2024-12-31,P000020,LOC008,130,9.33,S0017,2024-12-15,28,135
2025-01-30,P000020,LOC008,97,8.93,S0017,2025-01-03,28,135
2025-03-01,P000020,LOC008,104,8.83,S0017,2025-02-16,28,135
2025-03-31,P000020,LOC008,128,9.01,S0017,2025-03-06,28,135
2024-10-02,P000020,LOC009,0,9.22,S0017,2024-09-06,28,135
2024-11-01,P000020,LOC009,83,8.58,S0017,2024-10-30,28,135
2024-12-01,P000020,LOC009,106,8.92,S0017,2024-11-08,28,135
2024-12-31,P000020,LOC009,70,8.79,S0017,2024-12-11,28,135
2025-01-30,P000020,LOC009,133,8.53,S0017,2025-01-21,28,135
2025-03-01,P000020,LOC009,118,9.12,S0017,2025-02-01,28,135
2025-03-31,P000020,LOC009,112,8.94,S0017,2025-03-10,28,135
2024-10-02,P000020,LOC010,74,9.05,S0017,2024-09-13,28,135
2024-11-01,P000020,LOC010,84,9.14,S0017,2024-10-12,28,135
2024-12-01,P000020,LOC010,127,9.34,S0017,2024-11-13,28,135
2024-12-31,P000020,LOC010,120,9.12,S0017,2024-12-20,28,135
2025-01-30,P000020,LOC010,122,8.53,S0017,2025-01-26,28,135
2025-03-01,P000020,LOC010,96,8.94,S0017,2025-02-12,28,135
2025-03-31,P000020,LOC010,127,9.27,S0017,2025-03-10,28,135
2024-10-02,P000020,LOC011,78,9.03,S0017,2024-09-06,28,135
2024-11-01,P000020,LOC011,108,8.75,S0017,2024-10-07,28,135
2024-12-01,P000020,LOC011,104,8.88,S0017,2024-11-25,28,135
2024-12-31,P000020,LOC011,76,8.58,S0017,2024-12-09,28,135
2025-01-30,P000020,LOC011,49,9.09,S0017,2025-01-15,28,135
2025-03-01,P000020,LOC011,116,9.07,S0017,2025-02-14,28,135
2025-03-31,P000020,LOC011,123,8.49,S0017,2025-03-22,28,135
2024-10-02,P000020,LOC012,17,8.93,S0017,2024-09-14,28,135
2024-11-01,P000020,LOC012,55,8.81,S0017,2024-10-23,28,135
2024-12-01,P000020,LOC012,99,8.72,S0017,2024-11-04,28,135
2024-12-31,P000020,LOC012,54,9.31,S0017,2024-12-30,28,135
2025-01-30,P000020,LOC012,14,9.24,S0017,2025-01-11,28,135
2025-03-01,P000020,LOC012,18,8.83,S0017,2025-02-09,28,135
2025-03-31,P000020,LOC012,6,9.07,S0017,2025-03-09,28,135
2024-10-02,P000020,LOC013,47,9.13,S0017,2024-09-08,28,135
2024-11-01,P000020,LOC013,31,8.62,S0017,2024-10-04,28,135
2024-12-01,P000020,LOC013,40,9.09,S0017,2024-11-23,28,135
2024-12-31,P000020,LOC013,16,9.17,S0017,2024-12-01,28,135
2025-01-30,P000020,LOC013,76,8.86,S0017,2025-01-26,28,135
2025-03-01,P000020,LOC013,100,9.19,S0017,2025-02-23,28,135
2025-03-31,P000020,LOC013,109,9.17,S0017,2025-03-07,28,135
2024-10-02,P000020,LOC014,0,9.22,S0017,2024-10-01,28,135
2024-11-01,P000020,LOC014,0,8.5,S0017,2024-10-03,28,135
2024-12-01,P000020,LOC014,0,8.95,S0017,2024-11-10,28,135
2024-12-31,P000020,LOC014,0,9.07,S0017,2024-12-16,28,135
2025-01-30,P000020,LOC014,70,8.54,S0017,2025-01-13,28,135
2025-03-01,P000020,LOC014,58,9.08,S0017,2025-02-13,28,135
2025-03-31,P000020,LOC014,99,9.02,S0017,2025-03-07,28,135
2024-10-02,P000020,LOC015,0,9.07,S0017,2024-09-13,28,135
2024-11-01,P000020,LOC015,3,8.92,S0017,2024-10-27,28,135
2024-12-01,P000020,LOC015,0,9.21,S0017,2024-11-21,28,135
2024-12-31,P000020,LOC015,0,9.12,S0017,2024-12-29,28,135
2025-01-30,P000020,LOC015,0,8.68,S0017,2025-01-16,28,135
2025-03-01,P000020,LOC015,6,8.56,S0017,2025-02-20,28,135
2025-03-31,P000020,LOC015,0,8.65,S0017,2025-03-09,28,135
2024-10-02,P000020,LOC016,44,8.95,S0017,2024-09-05,28,135
2024-11-01,P000020,LOC016,47,8.52,S0017,2024-10-06,28,135
2024-12-01,P000020,LOC016,130,8.98,S0017,2024-11-19,28,135
2024-12-31,P000020,LOC016,117,9.23,S0017,2024-12-25,28,135
2025-01-30,P000020,LOC016,120,9.31,S0017,2025-01-25,28,135
2025-03-01,P000020,LOC016,106,9.31,S0017,2025-02-23,28,135
2025-03-31,P000020,LOC016,124,8.96,S0017,2025-03-17,28,135
2024-10-02,P000020,LOC017,46,9.27,S0017,2024-09-07,28,135
2024-11-01,P000020,LOC017,44,8.86,S0017,2024-10-08,28,135
2024-12-01,P000020,LOC017,81,8.51,S0017,2024-11-12,28,135
2024-12-31,P000020,LOC017,120,8.81,S0017,2024-12-20,28,135
2025-01-30,P000020,LOC017,116,8.89,S0017,2025-01-04,28,135
2025-03-01,P000020,LOC017,100,8.91,S0017,2025-01-31,28,135
2025-03-31,P000020,LOC017,127,9.28,S0017,2025-03-30,28,135
2024-10-02,P000020,LOC018,0,8.61,S0017,2024-09-17,28,135
2024-11-01,P000020,LOC018,0,8.81,S0017,2024-10-25,28,135
2024-12-01,P000020,LOC018,0,8.63,S0017,2024-11-15,28,135
2024-12-31,P000020,LOC018,28,8.65,S0017,2024-12-01,28,135
2025-01-30,P000020,LOC018,12,8.69,S0017,2025-01-04,28,135
2025-03-01,P000020,LOC018,58,8.91,S0017,2025-02-09,28,135
2025-03-31,P000020,LOC018,74,8.68,S0017,2025-03-02,28,135
2024-10-02,P000020,LOC019,74,9.09,S0017,2024-09-02,28,135
2024-11-01,P000020,LOC019,103,8.95,S0017,2024-10-26,28,135
2024-12-01,P000020,LOC019,56,9.24,S0017,2024-11-18,28,135
2024-12-31,P000020,LOC019,16,9.02,S0017,2024-12-12,28,135
2025-01-30,P000020,LOC019,35,8.47,S0017,2025-01-02,28,135
2025-03-01,P000020,LOC019,22,9.33,S0017,2025-02-07,28,135
2025-03-31,P000020,LOC019,0,9.28,S0017,2025-03-28,28,135
2024-10-02,P000020,LOC020,0,8.59,S0017,2024-09-08,28,135
2024-11-01,P000020,LOC020,69,8.67,S0017,2024-10-17,28,135
2024-12-01,P000020,LOC020,121,8.93,S0017,2024-11-11,28,135
2024-12-31,P000020,LOC020,75,8.64,S0017,2024-12-22,28,135
2025-01-30,P000020,LOC020,82,8.64,S0017,2025-01-17,28,135
2025-03-01,P000020,LOC020,109,8.93,S0017,2025-01-30,28,135
2025-03-31,P000020,LOC020,125,8.58,S0017,2025-03-12,28,135
2024-10-02,P000021,LOC001,617,235.36,S0016,2024-09-29,38,634
2024-11-01,P000021,LOC001,452,248.4,S0016,2024-10-07,38,634
2024-12-01,P000021,LOC001,619,246.29,S0016,2024-11-30,38,634
2024-12-31,P000021,LOC001,463,228.19,S0016,2024-12-08,38,634
2025-01-30,P000021,LOC001,468,243.58,S0016,2025-01-08,38,634
2025-03-01,P000021,LOC001,469,245.53,S0016,2025-02-09,38,634
2025-03-31,P000021,LOC001,494,240.75,S0016,2025-03-30,38,634
2024-10-02,P000021,LOC002,556,245.35,S0016,2024-09-06,38,634
2024-11-01,P000021,LOC002,498,234.55,S0016,2024-10-04,38,634
2024-12-01,P000021,LOC002,592,233.04,S0016,2024-11-05,38,634
2024-12-31,P000021,LOC002,585,244.58,S0016,2024-12-08,38,634
2025-01-30,P000021,LOC002,577,243.59,S0016,2025-01-27,38,634
2025-03-01,P000021,LOC002,483,235.32,S0016,2025-02-21,38,634
2025-03-31,P000021,LOC002,544,226.62,S0016,2025-03-16,38,634
2024-10-02,P000021,LOC003,531,234.13,S0016,2024-09-16,38,634
2024-11-01,P000021,LOC003,463,228.45,S0016,2024-10-30,38,634
2024-12-01,P000021,LOC003,491,231.68,S0016,2024-11-14,38,634
2024-12-31,P000021,LOC003,528,230.72,S0016,2024-12-04,38,634
2025-01-30,P000021,LOC003,523,231.83,S0016,2025-01-14,38,634
2025-03-01,P000021,LOC003,470,240.84,S0016,2025-02-08,38,634
2025-03-31,P000021,LOC003,593,246.12,S0016,2025-03-24,38,634
2024-10-02,P000021,LOC004,468,226.17,S0016,2024-09-24,38,634
2024-11-01,P000021,LOC004,548,236.47,S0016,2024-10-14,38,634
2024-12-01,P000021,LOC004,558,230.65,S0016,2024-11-17,38,634
2024-12-31,P000021,LOC004,539,230.25,S0016,2024-12-14,38,634
2025-01-30,P000021,LOC004,577,241.06,S0016,2025-01-27,38,634
2025-03-01,P000021,LOC004,533,226.24,S0016,2025-01-31,38,634
2025-03-31,P000021,LOC004,574,236.91,S0016,2025-03-25,38,634
2024-10-02,P000021,LOC005,448,228.27,S0016,2024-09-26,38,634
2024-11-01,P000021,LOC005,632,227.4,S0016,2024-10-29,38,634
2024-12-01,P000021,LOC005,620,229.11,S0016,2024-11-29,38,634
2024-12-31,P000021,LOC005,451,239.71,S0016,2024-12-15,38,634
2025-01-30,P000021,LOC005,545,228.74,S0016,2025-01-24,38,634
2025-03-01,P000021,LOC005,535,244.98,S0016,2025-02-16,38,634
2025-03-31,P000021,LOC005,547,239.47,S0016,2025-03-19,38,634
2024-10-02,P000021,LOC006,565,233.65,S0016,2024-09-03,38,634
2024-11-01,P000021,LOC006,509,227.12,S0016,2024-10-27,38,634
2024-12-01,P000021,LOC006,545,242.49,S0016,2024-11-11,38,634
2024-12-31,P000021,LOC006,522,246.58,S0016,2024-12-12,38,634
2025-01-30,P000021,LOC006,543,239.7,S0016,2025-01-28,38,634
2025-03-01,P000021,LOC006,489,236.98,S0016,2025-02-22,38,634
2025-03-31,P000021,LOC006,595,241.98,S0016,2025-03-27,38,634
2024-10-02,P000021,LOC007,618,247.98,S0016,2024-09-02,38,634
2024-11-01,P000021,LOC007,520,245.29,S0016,2024-10-09,38,634
2024-12-01,P000021,LOC007,571,247.7,S0016,2024-11-15,38,634
2024-12-31,P000021,LOC007,552,239.27,S0016,2024-12-29,38,634
2025-01-30,P000021,LOC007,490,230.29,S0016,2025-01-12,38,634
2025-03-01,P000021,LOC007,455,244.64,S0016,2025-02-09,38,634
2025-03-31,P000021,LOC007,453,243.07,S0016,2025-03-19,38,634
2024-10-02,P000021,LOC008,513,235.09,S0016,2024-09-05,38,634
2024-11-01,P000021,LOC008,520,245.77,S0016,2024-10-22,38,634
2024-12-01,P000021,LOC008,476,235.73,S0016,2024-11-27,38,634
2024-12-31,P000021,LOC008,539,246.31,S0016,2024-12-25,38,634
2025-01-30,P000021,LOC008,493,246.31,S0016,2025-01-01,38,634
2025-03-01,P000021,LOC008,557,239.79,S0016,2025-02-13,38,634
2025-03-31,P000021,LOC008,560,244.46,S0016,2025-03-24,38,634
2024-10-02,P000021,LOC009,580,246.99,S0016,2024-09-02,38,634
2024-11-01,P000021,LOC009,598,240.6,S0016,2024-10-13,38,634
2024-12-01,P000021,LOC009,464,242.3,S0016,2024-11-16,38,634
2024-12-31,P000021,LOC009,502,241.56,S0016,2024-12-24,38,634
2025-01-30,P000021,LOC009,532,235.14,S0016,2025-01-13,38,634
2025-03-01,P000021,LOC009,494,236.34,S0016,2025-02-23,38,634
2025-03-31,P000021,LOC009,517,230.24,S0016,2025-03-26,38,634
2024-10-02,P000021,LOC010,486,247.52,S0016,2024-09-04,38,634
2024-11-01,P000021,LOC010,483,246.31,S0016,2024-10-14,38,634
2024-12-01,P000021,LOC010,459,243.69,S0016,2024-11-25,38,634
2024-12-31,P000021,LOC010,618,245.48,S0016,2024-12-22,38,634
2025-01-30,P000021,LOC010,616,249.31,S0016,2025-01-20,38,634
2025-03-01,P000021,LOC010,489,241.43,S0016,2025-02-11,38,634
2025-03-31,P000021,LOC010,504,239.32,S0016,2025-03-25,38,634
2024-10-02,P000021,LOC011,541,242.73,S0016,2024-09-09,38,634
2024-11-01,P000021,LOC011,483,249.54,S0016,2024-10-26,38,634
2024-12-01,P000021,LOC011,580,244.82,S0016,2024-11-12,38,634
2024-12-31,P000021,LOC011,469,238.05,S0016,2024-12-28,38,634
2025-01-30,P000021,LOC011,495,239.17,S0016,2025-01-19,38,634
2025-03-01,P000021,LOC011,535,239.73,S0016,2025-02-12,38,634
2025-03-31,P000021,LOC011,493,228.81,S0016,2025-03-04,38,634
2024-10-02,P000021,LOC012,564,230.45,S0016,2024-09-22,38,634
2024-11-01,P000021,LOC012,522,230.84,S0016,2024-10-21,38,634
2024-12-01,P000021,LOC012,525,242.18,S0016,2024-11-08,38,634
2024-12-31,P000021,LOC012,522,232.43,S0016,2024-12-02,38,634
2025-01-30,P000021,LOC012,492,236.76,S0016,2025-01-25,38,634
2025-03-01,P000021,LOC012,447,249.66,S0016,2025-02-10,38,634
2025-03-31,P000021,LOC012,593,238.36,S0016,2025-03-26,38,634
2024-10-02,P000021,LOC013,523,245.68,S0016,2024-09-29,38,634
2024-11-01,P000021,LOC013,610,240.61,S0016,2024-10-13,38,634
2024-12-01,P000021,LOC013,632,229.92,S0016,2024-11-20,38,634
2024-12-31,P000021,LOC013,592,230.61,S0016,2024-12-02,38,634
2025-01-30,P000021,LOC013,597,243.07,S0016,2025-01-13,38,634
2025-03-01,P000021,LOC013,628,226.25,S0016,2025-02-17,38,634
2025-03-31,P000021,LOC013,597,226.73,S0016,2025-03-29,38,634
2024-10-02,P000021,LOC014,477,244.87,S0016,2024-10-01,38,634
2024-11-01,P000021,LOC014,499,234.61,S0016,2024-10-29,38,634
2024-12-01,P000021,LOC014,451,248.48,S0016,2024-11-05,38,634
2024-12-31,P000021,LOC014,522,241.83,S0016,2024-12-03,38,634
2025-01-30,P000021,LOC014,583,248.74,S0016,2025-01-03,38,634
2025-03-01,P000021,LOC014,547,230.61,S0016,2025-02-09,38,634
2025-03-31,P000021,LOC014,518,240.23,S0016,2025-03-26,38,634
2024-10-02,P000021,LOC015,528,249.45,S0016,2024-09-13,38,634
2024-11-01,P000021,LOC015,578,239.32,S0016,2024-10-08,38,634
2024-12-01,P000021,LOC015,512,240.66,S0016,2024-11-15,38,634
2024-12-31,P000021,LOC015,631,239.89,S0016,2024-12-13,38,634
2025-01-30,P000021,LOC015,615,236.27,S0016,2025-01-18,38,634
2025-03-01,P000021,LOC015,599,246.01,S0016,2025-02-09,38,634
2025-03-31,P000021,LOC015,569,239.46,S0016,2025-03-01,38,634
2024-10-02,P000021,LOC016,583,238.43,S0016,2024-09-08,38,634
2024-11-01,P000021,LOC016,559,246.58,S0016,2024-10-05,38,634
2024-12-01,P000021,LOC016,564,249.51,S0016,2024-11-30,38,634
2024-12-31,P000021,LOC016,501,228.66,S0016,2024-12-30,38,634
2025-01-30,P000021,LOC016,507,242.49,S0016,2025-01-19,38,634
2025-03-01,P000021,LOC016,534,237.36,S0016,2025-02-16,38,634
2025-03-31,P000021,LOC016,474,242.45,S0016,2025-03-26,38,634
2024-10-02,P000021,LOC017,531,228.94,S0016,2024-09-06,38,634
2024-11-01,P000021,LOC017,455,229.84,S0016,2024-10-06,38,634
2024-12-01,P000021,LOC017,523,228.92,S0016,2024-11-21,38,634
2024-12-31,P000021,LOC017,564,236.06,S0016,2024-12-14,38,634
2025-01-30,P000021,LOC017,488,242.61,S0016,2025-01-20,38,634
2025-03-01,P000021,LOC017,600,248.46,S0016,2025-02-07,38,634
2025-03-31,P000021,LOC017,551,241.01,S0016,2025-03-23,38,634
2024-10-02,P000021,LOC018,462,226.08,S0016,2024-09-15,38,634
2024-11-01,P000021,LOC018,610,229.28,S0016,2024-10-29,38,634
2024-12-01,P000021,LOC018,614,240.81,S0016,2024-11-14,38,634
2024-12-31,P000021,LOC018,598,248.13,S0016,2024-12-18,38,634
2025-01-30,P000021,LOC018,506,244.15,S0016,2025-01-29,38,634
2025-03-01,P000021,LOC018,569,228.88,S0016,2025-02-18,38,634
2025-03-31,P000021,LOC018,497,238.03,S0016,2025-03-21,38,634
2024-10-02,P000021,LOC019,592,241.64,S0016,2024-09-11,38,634
2024-11-01,P000021,LOC019,563,239.43,S0016,2024-10-26,38,634
2024-12-01,P000021,LOC019,475,236.49,S0016,2024-11-28,38,634
2024-12-31,P000021,LOC019,524,247.01,S0016,2024-12-04,38,634
2025-01-30,P000021,LOC019,523,248.09,S0016,2025-01-02,38,634
2025-03-01,P000021,LOC019,450,232.48,S0016,2025-02-17,38,634
2025-03-31,P000021,LOC019,465,233.02,S0016,2025-03-08,38,634
2024-10-02,P000021,LOC020,496,247.0,S0016,2024-09-22,38,634
2024-11-01,P000021,LOC020,518,238.04,S0016,2024-10-24,38,634
2024-12-01,P000021,LOC020,516,233.98,S0016,2024-11-13,38,634
2024-12-31,P000021,LOC020,539,229.76,S0016,2024-12-16,38,634
2025-01-30,P000021,LOC020,525,236.93,S0016,2025-01-11,38,634
2025-03-01,P000021,LOC020,495,249.35,S0016,2025-02-06,38,634
2025-03-31,P000021,LOC020,540,238.61,S0016,2025-03-20,38,634
2024-10-02,P000022,LOC001,799,157.23,S0019,2024-09-21,32,1132
2024-11-01,P000022,LOC001,880,153.18,S0019,2024-10-08,32,1132
2024-12-01,P000022,LOC001,897,151.05,S0019,2024-11-29,32,1132
2024-12-31,P000022,LOC001,956,150.26,S0019,2024-12-18,32,1132
2025-01-30,P000022,LOC001,984,151.6,S0019,2025-01-26,32,1132
2025-03-01,P000022,LOC001,997,151.68,S0019,2025-02-17,32,1132
2025-03-31,P000022,LOC001,1078,162.84,S0019,2025-03-13,32,1132
2024-10-02,P000022,LOC002,826,164.55,S0019,2024-09-18,32,1132
2024-11-01,P000022,LOC002,915,151.27,S0019,2024-10-23,32,1132
2024-12-01,P000022,LOC002,896,155.55,S0019,2024-11-21,32,1132
2024-12-31,P000022,LOC002,868,161.3,S0019,2024-12-09,32,1132
2025-01-30,P000022,LOC002,818,158.46,S0019,2024-12-31,32,1132
2025-03-01,P000022,LOC002,803,150.16,S0019,2025-02-17,32,1132
2025-03-31,P000022,LOC002,863,162.14,S0019,2025-03-07,32,1132
2024-10-02,P000022,LOC003,872,154.5,S0019,2024-09-06,32,1132
2024-11-01,P000022,LOC003,862,162.06,S0019,2024-10-16,32,1132
2024-12-01,P000022,LOC003,956,151.58,S0019,2024-11-29,32,1132
2024-12-31,P000022,LOC003,940,160.87,S0019,2024-12-13,32,1132
2025-01-30,P000022,LOC003,911,161.34,S0019,2025-01-16,32,1132
2025-03-01,P000022,LOC003,897,151.98,S0019,2025-02-07,32,1132
2025-03-31,P000022,LOC003,865,162.09,S0019,2025-03-08,32,1132
2024-10-02,P000022,LOC004,847,164.04,S0019,2024-09-02,32,1132
2024-11-01,P000022,LOC004,942,164.49,S0019,2024-10-28,32,1132
2024-12-01,P000022,LOC004,1022,149.8,S0019,2024-11-18,32,1132
2024-12-31,P000022,LOC004,1026,157.62,S0019,2024-12-04,32,1132
2025-01-30,P000022,LOC004,1100,161.11,S0019,2024-12-31,32,1132
2025-03-01,P000022,LOC004,1092,157.78,S0019,2025-02-03,32,1132
2025-03-31,P000022,LOC004,1091,160.9,S0019,2025-03-08,32,1132
2024-10-02,P000022,LOC005,876,163.44,S0019,2024-09-29,32,1132
2024-11-01,P000022,LOC005,929,153.13,S0019,2024-10-24,32,1132
2024-12-01,P000022,LOC005,889,158.68,S0019,2024-11-25,32,1132
2024-12-31,P000022,LOC005,882,159.11,S0019,2024-12-28,32,1132
2025-01-30,P000022,LOC005,949,150.81,S0019,2025-01-07,32,1132
2025-03-01,P000022,LOC005,1035,163.41,S0019,2025-02-10,32,1132
2025-03-31,P000022,LOC005,1071,149.82,S0019,2025-03-01,32,1132
2024-10-02,P000022,LOC006,827,150.28,S0019,2024-09-23,32,1132
2024-11-01,P000022,LOC006,862,155.78,S0019,2024-10-02,32,1132
2024-12-01,P000022,LOC006,911,149.27,S0019,2024-11-16,32,1132
2024-12-31,P000022,LOC006,893,156.32,S0019,2024-12-16,32,1132
2025-01-30,P000022,LOC006,952,156.72,S0019,2025-01-16,32,1132
2025-03-01,P000022,LOC006,993,154.55,S0019,2025-02-25,32,1132
2025-03-31,P000022,LOC006,1031,164.07,S0019,2025-03-02,32,1132
2024-10-02,P000022,LOC007,842,160.08,S0019,2024-09-21,32,1132
2024-11-01,P000022,LOC007,898,155.43,S0019,2024-10-14,32,1132
2024-12-01,P000022,LOC007,880,150.19,S0019,2024-11-29,32,1132
2024-12-31,P000022,LOC007,947,158.31,S0019,2024-12-21,32,1132
2025-01-30,P000022,LOC007,986,164.16,S0019,2025-01-01,32,1132
2025-03-01,P000022,LOC007,994,158.13,S0019,2025-02-15,32,1132
2025-03-31,P000022,LOC007,967,151.0,S0019,2025-03-28,32,1132
2024-10-02,P000022,LOC008,937,149.13,S0019,2024-09-02,32,1132
2024-11-01,P000022,LOC008,1007,164.33,S0019,2024-10-31,32,1132
2024-12-01,P000022,LOC008,1015,155.47,S0019,2024-11-26,32,1132
2024-12-31,P000022,LOC008,982,151.56,S0019,2024-12-14,32,1132
2025-01-30,P000022,LOC008,979,158.14,S0019,2025-01-16,32,1132
2025-03-01,P000022,LOC008,992,152.44,S0019,2025-02-08,32,1132
2025-03-31,P000022,LOC008,1011,155.65,S0019,2025-03-20,32,1132
2024-10-02,P000022,LOC009,812,155.86,S0019,2024-09-24,32,1132
2024-11-01,P000022,LOC009,845,155.68,S0019,2024-10-02,32,1132
2024-12-01,P000022,LOC009,911,153.21,S0019,2024-11-25,32,1132
2024-12-31,P000022,LOC009,934,158.48,S0019,2024-12-14,32,1132
2025-01-30,P000022,LOC009,967,154.56,S0019,2025-01-03,32,1132
2025-03-01,P000022,LOC009,936,152.15,S0019,2025-02-09,32,1132
2025-03-31,P000022,LOC009,946,151.17,S0019,2025-03-08,32,1132
2024-10-02,P000022,LOC010,849,158.7,S0019,2024-09-02,32,1132
2024-11-01,P000022,LOC010,926,162.82,S0019,2024-10-13,32,1132
2024-12-01,P000022,LOC010,916,159.05,S0019,2024-11-09,32,1132
2024-12-31,P000022,LOC010,926,150.11,S0019,2024-12-04,32,1132
2025-01-30,P000022,LOC010,983,158.77,S0019,2025-01-07,32,1132
2025-03-01,P000022,LOC010,1013,159.53,S0019,2025-02-06,32,1132
2025-03-31,P000022,LOC010,1014,158.92,S0019,2025-03-22,32,1132
2024-10-02,P000022,LOC011,815,156.94,S0019,2024-09-02,32,1132
2024-11-01,P000022,LOC011,809,158.14,S0019,2024-10-14,32,1132
2024-12-01,P000022,LOC011,868,163.69,S0019,2024-11-16,32,1132
2024-12-31,P000022,LOC011,965,152.01,S0019,2024-12-07,32,1132
2025-01-30,P000022,LOC011,988,163.89,S0019,2025-01-07,32,1132
2025-03-01,P000022,LOC011,1021,155.01,S0019,2025-02-19,32,1132
2025-03-31,P000022,LOC011,1013,154.75,S0019,2025-03-17,32,1132
2024-10-02,P000022,LOC012,926,159.56,S0019,2024-09-19,32,1132
2024-11-01,P000022,LOC012,912,161.19,S0019,2024-10-18,32,1132
2024-12-01,P000022,LOC012,909,162.19,S0019,2024-11-21,32,1132
2024-12-31,P000022,LOC012,932,156.78,S0019,2024-12-02,32,1132
2025-01-30,P000022,LOC012,1023,155.13,S0019,2025-01-25,32,1132
2025-03-01,P000022,LOC012,977,157.4,S0019,2025-01-31,32,1132
2025-03-31,P000022,LOC012,982,163.54,S0019,2025-03-29,32,1132
2024-10-02,P000022,LOC013,864,157.24,S0019,2024-09-08,32,1132
2024-11-01,P000022,LOC013,887,164.66,S0019,2024-10-21,32,1132
2024-12-01,P000022,LOC013,921,151.33,S0019,2024-11-17,32,1132
2024-12-31,P000022,LOC013,874,158.61,S0019,2024-12-11,32,1132
2025-01-30,P000022,LOC013,943,162.72,S0019,2025-01-07,32,1132
2025-03-01,P000022,LOC013,895,161.98,S0019,2025-02-03,32,1132
2025-03-31,P000022,LOC013,981,154.86,S0019,2025-03-06,32,1132
2024-10-02,P000022,LOC014,798,158.59,S0019,2024-09-09,32,1132
2024-11-01,P000022,LOC014,820,150.54,S0019,2024-10-25,32,1132
2024-12-01,P000022,LOC014,780,153.01,S0019,2024-11-14,32,1132
2024-12-31,P000022,LOC014,823,158.63,S0019,2024-12-02,32,1132
2025-01-30,P000022,LOC014,894,162.68,S0019,2025-01-05,32,1132
2025-03-01,P000022,LOC014,960,158.12,S0019,2025-02-04,32,1132
2025-03-31,P000022,LOC014,1052,161.8,S0019,2025-03-16,32,1132
2024-10-02,P000022,LOC015,906,152.0,S0019,2024-09-06,32,1132
2024-11-01,P000022,LOC015,906,159.9,S0019,2024-10-08,32,1132
2024-12-01,P000022,LOC015,914,152.03,S0019,2024-11-23,32,1132
2024-12-31,P000022,LOC015,920,156.36,S0019,2024-12-07,32,1132
2025-01-30,P000022,LOC015,894,156.9,S0019,2025-01-18,32,1132
2025-03-01,P000022,LOC015,897,149.63,S0019,2025-02-16,32,1132
2025-03-31,P000022,LOC015,896,156.92,S0019,2025-03-02,32,1132
2024-10-02,P000022,LOC016,943,163.77,S0019,2024-09-05,32,1132
2024-11-01,P000022,LOC016,949,150.96,S0019,2024-10-15,32,1132
2024-12-01,P000022,LOC016,962,151.93,S0019,2024-11-17,32,1132
2024-12-31,P000022,LOC016,962,163.77,S0019,2024-12-15,32,1132
2025-01-30,P000022,LOC016,1032,160.39,S0019,2025-01-08,32,1132
2025-03-01,P000022,LOC016,1075,156.85,S0019,2025-02-09,32,1132
2025-03-31,P000022,LOC016,1071,153.51,S0019,2025-03-13,32,1132
2024-10-02,P000022,LOC017,918,151.25,S0019,2024-09-28,32,1132
2024-11-01,P000022,LOC017,893,155.89,S0019,2024-10-12,32,1132
2024-12-01,P000022,LOC017,965,158.47,S0019,2024-11-27,32,1132
2024-12-31,P000022,LOC017,1006,160.0,S0019,2024-12-18,32,1132
2025-01-30,P000022,LOC017,1052,152.05,S0019,2025-01-19,32,1132
2025-03-01,P000022,LOC017,838,161.21,S0019,2025-02-03,32,1132
2025-03-31,P000022,LOC017,1072,160.95,S0019,2025-03-21,32,1132
2024-10-02,P000022,LOC018,870,159.48,S0019,2024-09-08,32,1132
2024-11-01,P000022,LOC018,905,156.93,S0019,2024-10-06,32,1132
2024-12-01,P000022,LOC018,906,156.37,S0019,2024-11-01,32,1132
2024-12-31,P000022,LOC018,942,160.25,S0019,2024-12-03,32,1132
2025-01-30,P000022,LOC018,922,150.98,S0019,2025-01-10,32,1132
2025-03-01,P000022,LOC018,940,158.91,S0019,2025-02-17,32,1132
2025-03-31,P000022,LOC018,939,151.04,S0019,2025-03-27,32,1132
2024-10-02,P000022,LOC019,868,164.33,S0019,2024-09-29,32,1132
2024-11-01,P000022,LOC019,825,156.94,S0019,2024-10-08,32,1132
2024-12-01,P000022,LOC019,921,151.19,S0019,2024-11-01,32,1132
2024-12-31,P000022,LOC019,978,150.21,S0019,2024-12-12,32,1132
2025-01-30,P000022,LOC019,1017,150.45,S0019,2025-01-19,32,1132
2025-03-01,P000022,LOC019,1086,163.07,S0019,2025-02-09,32,1132
2025-03-31,P000022,LOC019,1001,154.88,S0019,2025-03-12,32,1132
2024-10-02,P000022,LOC020,915,157.81,S0019,2024-09-09,32,1132
2024-11-01,P000022,LOC020,1010,154.58,S0019,2024-10-24,32,1132
2024-12-01,P000022,LOC020,1087,150.62,S0019,2024-11-22,32,1132
2024-12-31,P000022,LOC020,877,160.93,S0019,2024-12-04,32,1132
2025-01-30,P000022,LOC020,887,159.76,S0019,2025-01-08,32,1132
2025-03-01,P000022,LOC020,1026,161.29,S0019,2025-01-31,32,1132
2025-03-31,P000022,LOC020,943,157.54,S0019,2025-03-09,32,1132
2024-10-02,P000023,LOC001,121,289.27,S0022,2024-09-18,26,841
2024-11-01,P000023,LOC001,104,311.94,S0022,2024-10-23,26,841
2024-12-01,P000023,LOC001,56,312.47,S0022,2024-11-25,26,841
2024-12-31,P000023,LOC001,136,305.25,S0022,2024-12-08,26,841
2025-01-30,P000023,LOC001,190,298.73,S0022,2025-01-29,26,841
2025-03-01,P000023,LOC001,195,297.16,S0022,2025-02-08,26,841
2025-03-31,P000023,LOC001,194,314.82,S0022,2025-03-04,26,841
2024-10-02,P000023,LOC002,65,303.79,S0022,2024-09-28,26,841
2024-11-01,P000023,LOC002,164,298.86,S0022,2024-10-29,26,841
2024-12-01,P000023,LOC002,228,314.52,S0022,2024-11-24,26,841
2024-12-31,P000023,LOC002,299,302.57,S0022,2024-12-29,26,841
2025-01-30,P000023,LOC002,319,316.15,S0022,2025-01-19,26,841
2025-03-01,P000023,LOC002,414,299.48,S0022,2025-02-27,26,841
2025-03-31,P000023,LOC002,392,292.49,S0022,2025-03-08,26,841
2024-10-02,P000023,LOC003,63,315.31,S0022,2024-09-25,26,841
2024-11-01,P000023,LOC003,95,312.35,S0022,2024-10-06,26,841
2024-12-01,P000023,LOC003,180,296.25,S0022,2024-11-13,26,841
2024-12-31,P000023,LOC003,182,294.69,S0022,2024-12-09,26,841
2025-01-30,P000023,LOC003,251,300.64,S0022,2025-01-01,26,841
2025-03-01,P000023,LOC003,350,303.4,S0022,2025-02-05,26,841
2025-03-31,P000023,LOC003,416,309.53,S0022,2025-03-01,26,841
2024-10-02,P000023,LOC004,185,291.02,S0022,2024-09-10,26,841
2024-11-01,P000023,LOC004,162,295.37,S0022,2024-10-24,26,841
2024-12-01,P000023,LOC004,128,314.59,S0022,2024-11-29,26,841
2024-12-31,P000023,LOC004,90,288.4,S0022,2024-12-11,26,841
2025-01-30,P000023,LOC004,171,309.72,S0022,2025-01-19,26,841
2025-03-01,P000023,LOC004,236,306.23,S0022,2025-02-28,26,841
2025-03-31,P000023,LOC004,251,310.05,S0022,2025-03-09,26,841
2024-10-02,P000023,LOC005,150,302.35,S0022,2024-09-18,26,841
2024-11-01,P000023,LOC005,233,311.58,S0022,2024-10-20,26,841
2024-12-01,P000023,LOC005,313,292.95,S0022,2024-11-30,26,841
2024-12-31,P000023,LOC005,283,309.03,S0022,2024-12-16,26,841
2025-01-30,P000023,LOC005,240,303.32,S0022,2025-01-15,26,841
2025-03-01,P000023,LOC005,314,289.25,S0022,2025-02-07,26,841
2025-03-31,P000023,LOC005,414,292.87,S0022,2025-03-18,26,841
2024-10-02,P000023,LOC006,143,288.33,S0022,2024-09-14,26,841
2024-11-01,P000023,LOC006,161,307.75,S0022,2024-10-24,26,841
2024-12-01,P000023,LOC006,194,303.92,S0022,2024-11-27,26,841
2024-12-31,P000023,LOC006,210,315.64,S0022,2024-12-20,26,841
2025-01-30,P000023,LOC006,279,308.8,S0022,2025-01-22,26,841
2025-03-01,P000023,LOC006,362,306.45,S0022,2025-02-22,26,841
2025-03-31,P000023,LOC006,414,290.04,S0022,2025-03-20,26,841
2024-10-02,P000023,LOC007,144,305.13,S0022,2024-09-08,26,841
2024-11-01,P000023,LOC007,109,308.81,S0022,2024-10-16,26,841
2024-12-01,P000023,LOC007,78,314.43,S0022,2024-11-10,26,841
2024-12-31,P000023,LOC007,38,315.02,S0022,2024-12-01,26,841
2025-01-30,P000023,LOC007,9,314.09,S0022,2025-01-26,26,841
2025-03-01,P000023,LOC007,77,314.38,S0022,2025-02-22,26,841
2025-03-31,P000023,LOC007,106,312.28,S0022,2025-03-14,26,841
2024-10-02,P000023,LOC008,103,288.73,S0022,2024-09-21,26,841
2024-11-01,P000023,LOC008,194,293.94,S0022,2024-10-10,26,841
2024-12-01,P000023,LOC008,158,312.03,S0022,2024-11-07,26,841
2024-12-31,P000023,LOC008,225,303.48,S0022,2024-12-11,26,841
2025-01-30,P000023,LOC008,325,308.4,S0022,2025-01-22,26,841
2025-03-01,P000023,LOC008,322,295.06,S0022,2025-01-31,26,841
2025-03-31,P000023,LOC008,419,301.86,S0022,2025-03-17,26,841
2024-10-02,P000023,LOC009,158,293.25,S0022,2024-09-22,26,841
2024-11-01,P000023,LOC009,255,306.65,S0022,2024-10-16,26,841
2024-12-01,P000023,LOC009,222,291.17,S0022,2024-11-29,26,841
2024-12-31,P000023,LOC009,205,314.37,S0022,2024-12-05,26,841
2025-01-30,P000023,LOC009,221,317.56,S0022,2025-01-12,26,841
2025-03-01,P000023,LOC009,315,314.66,S0022,2025-02-15,26,841
2025-03-31,P000023,LOC009,396,303.74,S0022,2025-03-17,26,841
2024-10-02,P000023,LOC010,145,304.71,S0022,2024-09-14,26,841
2024-11-01,P000023,LOC010,226,301.16,S0022,2024-10-25,26,841
2024-12-01,P000023,LOC010,185,303.86,S0022,2024-11-15,26,841
2024-12-31,P000023,LOC010,274,316.73,S0022,2024-12-22,26,841
2025-01-30,P000023,LOC010,314,309.81,S0022,2025-01-22,26,841
2025-03-01,P000023,LOC010,390,298.46,S0022,2025-02-26,26,841
2025-03-31,P000023,LOC010,440,315.71,S0022,2025-03-29,26,841
2024-10-02,P000023,LOC011,167,299.78,S0022,2024-10-01,26,841
2024-11-01,P000023,LOC011,201,317.66,S0022,2024-10-30,26,841
2024-12-01,P000023,LOC011,231,315.45,S0022,2024-11-05,26,841
2024-12-31,P000023,LOC011,278,308.33,S0022,2024-12-16,26,841
2025-01-30,P000023,LOC011,349,314.08,S0022,2025-01-01,26,841
2025-03-01,P000023,LOC011,342,298.26,S0022,2025-01-30,26,841
2025-03-31,P000023,LOC011,388,294.46,S0022,2025-03-07,26,841
2024-10-02,P000023,LOC012,90,304.37,S0022,2024-09-18,26,841
2024-11-01,P000023,LOC012,189,300.97,S0022,2024-10-03,26,841
2024-12-01,P000023,LOC012,254,302.08,S0022,2024-11-03,26,841
2024-12-31,P000023,LOC012,210,313.4,S0022,2024-12-24,26,841
2025-01-30,P000023,LOC012,227,299.73,S0022,2025-01-17,26,841
2025-03-01,P000023,LOC012,248,296.43,S0022,2025-01-30,26,841
2025-03-31,P000023,LOC012,198,295.25,S0022,2025-03-19,26,841
2024-10-02,P000023,LOC013,127,314.94,S0022,2024-09-29,26,841
2024-11-01,P000023,LOC013,184,314.23,S0022,2024-10-07,26,841
2024-12-01,P000023,LOC013,258,289.33,S0022,2024-11-21,26,841
2024-12-31,P000023,LOC013,294,313.61,S0022,2024-12-10,26,841
2025-01-30,P000023,LOC013,251,307.74,S0022,2025-01-02,26,841
2025-03-01,P000023,LOC013,290,317.52,S0022,2025-02-05,26,841
2025-03-31,P000023,LOC013,385,292.21,S0022,2025-03-13,26,841
2024-10-02,P000023,LOC014,108,296.48,S0022,2024-09-21,26,841
2024-11-01,P000023,LOC014,75,295.48,S0022,2024-10-21,26,841
2024-12-01,P000023,LOC014,170,304.37,S0022,2024-11-18,26,841
2024-12-31,P000023,LOC014,229,308.43,S0022,2024-12-24,26,841
2025-01-30,P000023,LOC014,209,289.04,S0022,2025-01-26,26,841
2025-03-01,P000023,LOC014,282,315.1,S0022,2025-01-30,26,841
2025-03-31,P000023,LOC014,359,297.47,S0022,2025-03-14,26,841
2024-10-02,P000023,LOC015,106,303.74,S0022,2024-09-11,26,841
2024-11-01,P000023,LOC015,136,288.64,S0022,2024-10-09,26,841
2024-12-01,P000023,LOC015,121,307.33,S0022,2024-11-12,26,841
2024-12-31,P000023,LOC015,85,295.45,S0022,2024-12-07,26,841
2025-01-30,P000023,LOC015,143,288.14,S0022,2025-01-23,26,841
2025-03-01,P000023,LOC015,233,313.13,S0022,2025-02-24,26,841
2025-03-31,P000023,LOC015,308,288.39,S0022,2025-03-10,26,841
2024-10-02,P000023,LOC016,76,306.6,S0022,2024-09-08,26,841
2024-11-01,P000023,LOC016,71,309.13,S0022,2024-10-19,26,841
2024-12-01,P000023,LOC016,58,306.82,S0022,2024-11-28,26,841
2024-12-31,P000023,LOC016,77,317.23,S0022,2024-12-04,26,841
2025-01-30,P000023,LOC016,142,291.38,S0022,2025-01-20,26,841
2025-03-01,P000023,LOC016,93,302.23,S0022,2025-02-06,26,841
2025-03-31,P000023,LOC016,189,297.53,S0022,2025-03-25,26,841
2024-10-02,P000023,LOC017,169,303.08,S0022,2024-09-05,26,841
2024-11-01,P000023,LOC017,182,311.25,S0022,2024-10-14,26,841
2024-12-01,P000023,LOC017,274,303.45,S0022,2024-11-24,26,841
2024-12-31,P000023,LOC017,363,305.48,S0022,2024-12-29,26,841
2025-01-30,P000023,LOC017,313,312.8,S0022,2025-01-21,26,841
2025-03-01,P000023,LOC017,296,288.41,S0022,2025-02-02,26,841
2025-03-31,P000023,LOC017,386,305.39,S0022,2025-03-11,26,841
2024-10-02,P000023,LOC018,170,302.75,S0022,2024-10-01,26,841
2024-11-01,P000023,LOC018,151,294.68,S0022,2024-10-04,26,841
2024-12-01,P000023,LOC018,126,300.02,S0022,2024-11-22,26,841
2024-12-31,P000023,LOC018,103,303.13,S0022,2024-12-03,26,841
2025-01-30,P000023,LOC018,93,302.45,S0022,2025-01-26,26,841
2025-03-01,P000023,LOC018,55,302.09,S0022,2025-02-24,26,841
2025-03-31,P000023,LOC018,12,316.75,S0022,2025-03-13,26,841
2024-10-02,P000023,LOC019,155,303.39,S0022,2024-09-21,26,841
2024-11-01,P000023,LOC019,161,295.44,S0022,2024-10-31,26,841
2024-12-01,P000023,LOC019,247,315.1,S0022,2024-11-27,26,841
2024-12-31,P000023,LOC019,252,289.79,S0022,2024-12-15,26,841
2025-01-30,P000023,LOC019,291,295.85,S0022,2025-01-19,26,841
2025-03-01,P000023,LOC019,268,313.92,S0022,2025-02-21,26,841
2025-03-31,P000023,LOC019,252,317.78,S0022,2025-03-09,26,841
2024-10-02,P000023,LOC020,103,306.16,S0022,2024-09-26,26,841
2024-11-01,P000023,LOC020,137,315.29,S0022,2024-10-21,26,841
2024-12-01,P000023,LOC020,236,300.07,S0022,2024-11-01,26,841
2024-12-31,P000023,LOC020,192,288.71,S0022,2024-12-14,26,841
2025-01-30,P000023,LOC020,228,317.45,S0022,2025-01-15,26,841
2025-03-01,P000023,LOC020,199,300.33,S0022,2025-02-12,26,841
2025-03-31,P000023,LOC020,162,290.58,S0022,2025-03-24,26,841
2024-10-02,P000024,LOC001,189,23.28,S0009,2024-09-09,38,216
2024-11-01,P000024,LOC001,167,21.79,S0009,2024-10-21,38,216
2024-12-01,P000024,LOC001,195,22.13,S0009,2024-11-02,38,216
2024-12-31,P000024,LOC001,171,23.35,S0009,2024-12-15,38,216
2025-01-30,P000024,LOC001,187,23.32,S0009,2025-01-20,38,216
2025-03-01,P000024,LOC001,204,22.19,S0009,2025-02-02,38,216
2025-03-31,P000024,LOC001,182,22.53,S0009,2025-03-29,38,216
2024-10-02,P000024,LOC002,194,23.19,S0009,2024-09-26,38,216
2024-11-01,P000024,LOC002,190,23.83,S0009,2024-10-28,38,216
2024-12-01,P000024,LOC002,188,22.85,S0009,2024-11-13,38,216
2024-12-31,P000024,LOC002,152,23.54,S0009,2024-12-30,38,216
2025-01-30,P000024,LOC002,176,22.95,S0009,2025-01-19,38,216
2025-03-01,P000024,LOC002,203,22.9,S0009,2025-02-06,38,216
2025-03-31,P000024,LOC002,193,23.07,S0009,2025-03-07,38,216
2024-10-02,P000024,LOC003,193,23.82,S0009,2024-09-17,38,216
2024-11-01,P000024,LOC003,182,23.89,S0009,2024-10-18,38,216
2024-12-01,P000024,LOC003,190,23.11,S0009,2024-11-03,38,216
2024-12-31,P000024,LOC003,182,22.58,S0009,2024-12-23,38,216
2025-01-30,P000024,LOC003,160,22.28,S0009,2025-01-03,38,216
2025-03-01,P000024,LOC003,185,23.45,S0009,2025-02-17,38,216
2025-03-31,P000024,LOC003,184,22.24,S0009,2025-03-23,38,216
2024-10-02,P000024,LOC004,196,22.08,S0009,2024-09-04,38,216
2024-11-01,P000024,LOC004,159,23.95,S0009,2024-10-24,38,216
2024-12-01,P000024,LOC004,187,23.82,S0009,2024-11-09,38,216
2024-12-31,P000024,LOC004,152,22.98,S0009,2024-12-13,38,216
2025-01-30,P000024,LOC004,202,23.63,S0009,2025-01-24,38,216
2025-03-01,P000024,LOC004,157,23.31,S0009,2025-02-17,38,216
2025-03-31,P000024,LOC004,152,23.73,S0009,2025-03-26,38,216
2024-10-02,P000024,LOC005,168,22.93,S0009,2024-09-03,38,216
2024-11-01,P000024,LOC005,159,23.42,S0009,2024-10-04,38,216
2024-12-01,P000024,LOC005,188,21.71,S0009,2024-11-29,38,216
2024-12-31,P000024,LOC005,173,23.04,S0009,2024-12-24,38,216
2025-01-30,P000024,LOC005,193,23.07,S0009,2025-01-20,38,216
2025-03-01,P000024,LOC005,200,23.43,S0009,2025-02-05,38,216
2025-03-31,P000024,LOC005,198,22.59,S0009,2025-03-22,38,216
2024-10-02,P000024,LOC006,190,22.88,S0009,2024-09-23,38,216
2024-11-01,P000024,LOC006,154,21.79,S0009,2024-10-07,38,216
2024-12-01,P000024,LOC006,158,22.13,S0009,2024-11-19,38,216
2024-12-31,P000024,LOC006,162,21.88,S0009,2024-12-18,38,216
2025-01-30,P000024,LOC006,168,22.77,S0009,2025-01-23,38,216
2025-03-01,P000024,LOC006,186,23.46,S0009,2025-02-03,38,216
2025-03-31,P000024,LOC006,179,22.19,S0009,2025-03-01,38,216
2024-10-02,P000024,LOC007,168,23.02,S0009,2024-10-01,38,216
2024-11-01,P000024,LOC007,160,23.15,S0009,2024-10-13,38,216
2024-12-01,P000024,LOC007,200,23.33,S0009,2024-11-30,38,216
2024-12-31,P000024,LOC007,169,23.96,S0009,2024-12-20,38,216
2025-01-30,P000024,LOC007,170,22.57,S0009,2025-01-15,38,216
2025-03-01,P000024,LOC007,192,23.72,S0009,2025-02-23,38,216
2025-03-31,P000024,LOC007,190,23.48,S0009,2025-03-28,38,216
2024-10-02,P000024,LOC008,185,23.39,S0009,2024-09-18,38,216
2024-11-01,P000024,LOC008,188,23.94,S0009,2024-10-31,38,216
2024-12-01,P000024,LOC008,184,23.19,S0009,2024-11-19,38,216
2024-12-31,P000024,LOC008,161,22.89,S0009,2024-12-13,38,216
2025-01-30,P000024,LOC008,164,22.4,S0009,2024-12-31,38,216
2025-03-01,P000024,LOC008,181,22.77,S0009,2025-02-07,38,216
2025-03-31,P000024,LOC008,163,22.8,S0009,2025-03-17,38,216
2024-10-02,P000024,LOC009,203,23.5,S0009,2024-09-11,38,216
2024-11-01,P000024,LOC009,167,23.42,S0009,2024-10-27,38,216
2024-12-01,P000024,LOC009,166,23.42,S0009,2024-11-07,38,216
2024-12-31,P000024,LOC009,162,23.0,S0009,2024-12-20,38,216
2025-01-30,P000024,LOC009,189,23.89,S0009,2025-01-24,38,216
2025-03-01,P000024,LOC009,168,22.85,S0009,2025-02-15,38,216
2025-03-31,P000024,LOC009,170,22.45,S0009,2025-03-17,38,216
2024-10-02,P000024,LOC010,201,21.77,S0009,2024-09-07,38,216
2024-11-01,P000024,LOC010,194,22.06,S0009,2024-10-26,38,216
2024-12-01,P000024,LOC010,165,22.14,S0009,2024-11-07,38,216
2024-12-31,P000024,LOC010,157,23.17,S0009,2024-12-26,38,216
2025-01-30,P000024,LOC010,187,22.12,S0009,2025-01-12,38,216
2025-03-01,P000024,LOC010,171,22.49,S0009,2025-02-21,38,216
2025-03-31,P000024,LOC010,204,23.44,S0009,2025-03-09,38,216
2024-10-02,P000024,LOC011,195,22.51,S0009,2024-09-04,38,216
2024-11-01,P000024,LOC011,202,23.45,S0009,2024-10-13,38,216
2024-12-01,P000024,LOC011,194,22.17,S0009,2024-11-24,38,216
2024-12-31,P000024,LOC011,166,22.95,S0009,2024-12-28,38,216
2025-01-30,P000024,LOC011,166,22.45,S0009,2025-01-23,38,216
2025-03-01,P000024,LOC011,189,23.65,S0009,2025-02-06,38,216
2025-03-31,P000024,LOC011,169,23.44,S0009,2025-03-30,38,216
2024-10-02,P000024,LOC012,175,22.76,S0009,2024-09-18,38,216
2024-11-01,P000024,LOC012,165,23.7,S0009,2024-10-18,38,216
2024-12-01,P000024,LOC012,177,23.42,S0009,2024-11-13,38,216
2024-12-31,P000024,LOC012,162,21.93,S0009,2024-12-13,38,216
2025-01-30,P000024,LOC012,180,23.84,S0009,2025-01-09,38,216
2025-03-01,P000024,LOC012,201,22.43,S0009,2025-02-01,38,216
2025-03-31,P000024,LOC012,188,22.75,S0009,2025-03-21,38,216
2024-10-02,P000024,LOC013,158,22.15,S0009,2024-09-08,38,216
2024-11-01,P000024,LOC013,184,23.0,S0009,2024-10-05,38,216
2024-12-01,P000024,LOC013,182,21.75,S0009,2024-11-13,38,216
2024-12-31,P000024,LOC013,164,21.78,S0009,2024-12-08,38,216
2025-01-30,P000024,LOC013,187,22.84,S0009,2025-01-29,38,216
2025-03-01,P000024,LOC013,179,22.21,S0009,2025-02-10,38,216
2025-03-31,P000024,LOC013,185,21.93,S0009,2025-03-16,38,216
2024-10-02,P000024,LOC014,154,23.65,S0009,2024-09-15,38,216
2024-11-01,P000024,LOC014,173,23.95,S0009,2024-10-31,38,216
2024-12-01,P000024,LOC014,189,23.81,S0009,2024-11-06,38,216
2024-12-31,P000024,LOC014,156,23.33,S0009,2024-12-12,38,216
2025-01-30,P000024,LOC014,192,22.15,S0009,2025-01-09,38,216
2025-03-01,P000024,LOC014,151,22.82,S0009,2025-02-11,38,216
2025-03-31,P000024,LOC014,180,22.63,S0009,2025-03-03,38,216
2024-10-02,P000024,LOC015,201,22.15,S0009,2024-09-30,38,216
2024-11-01,P000024,LOC015,173,21.76,S0009,2024-10-19,38,216
2024-12-01,P000024,LOC015,201,22.59,S0009,2024-11-01,38,216
2024-12-31,P000024,LOC015,198,22.51,S0009,2024-12-14,38,216
2025-01-30,P000024,LOC015,176,22.38,S0009,2025-01-26,38,216
2025-03-01,P000024,LOC015,161,23.59,S0009,2025-02-14,38,216
2025-03-31,P000024,LOC015,203,23.29,S0009,2025-03-09,38,216
2024-10-02,P000024,LOC016,168,23.62,S0009,2024-09-19,38,216
2024-11-01,P000024,LOC016,186,22.81,S0009,2024-10-04,38,216
2024-12-01,P000024,LOC016,200,22.78,S0009,2024-11-12,38,216
2024-12-31,P000024,LOC016,156,22.59,S0009,2024-12-10,38,216
2025-01-30,P000024,LOC016,182,23.6,S0009,2025-01-26,38,216
2025-03-01,P000024,LOC016,180,23.51,S0009,2025-02-27,38,216
2025-03-31,P000024,LOC016,190,23.0,S0009,2025-03-18,38,216
2024-10-02,P000024,LOC017,201,23.37,S0009,2024-09-21,38,216
2024-11-01,P000024,LOC017,200,22.78,S0009,2024-10-20,38,216
2024-12-01,P000024,LOC017,160,22.15,S0009,2024-11-08,38,216
2024-12-31,P000024,LOC017,198,21.99,S0009,2024-12-23,38,216
2025-01-30,P000024,LOC017,160,22.7,S0009,2025-01-07,38,216
2025-03-01,P000024,LOC017,200,22.1,S0009,2025-02-12,38,216
2025-03-31,P000024,LOC017,205,23.3,S0009,2025-03-26,38,216
2024-10-02,P000024,LOC018,172,21.93,S0009,2024-09-17,38,216
2024-11-01,P000024,LOC018,177,22.06,S0009,2024-10-05,38,216
2024-12-01,P000024,LOC018,201,22.91,S0009,2024-11-28,38,216
2024-12-31,P000024,LOC018,203,22.45,S0009,2024-12-13,38,216
2025-01-30,P000024,LOC018,201,23.2,S0009,2025-01-02,38,216
2025-03-01,P000024,LOC018,198,22.92,S0009,2025-02-12,38,216
2025-03-31,P000024,LOC018,151,21.87,S0009,2025-03-16,38,216
2024-10-02,P000024,LOC019,181,23.59,S0009,2024-09-08,38,216
2024-11-01,P000024,LOC019,156,23.76,S0009,2024-10-28,38,216
2024-12-01,P000024,LOC019,204,23.54,S0009,2024-11-26,38,216
2024-12-31,P000024,LOC019,166,23.62,S0009,2024-12-06,38,216
2025-01-30,P000024,LOC019,204,21.8,S0009,2025-01-22,38,216
2025-03-01,P000024,LOC019,180,22.83,S0009,2025-02-01,38,216
2025-03-31,P000024,LOC019,177,22.59,S0009,2025-03-29,38,216
2024-10-02,P000024,LOC020,201,21.99,S0009,2024-09-29,38,216
2024-11-01,P000024,LOC020,197,22.59,S0009,2024-10-29,38,216
2024-12-01,P000024,LOC020,176,23.51,S0009,2024-11-20,38,216
2024-12-31,P000024,LOC020,161,23.04,S0009,2024-12-12,38,216
2025-01-30,P000024,LOC020,157,21.97,S0009,2025-01-29,38,216
2025-03-01,P000024,LOC020,159,22.46,S0009,2025-02-10,38,216
2025-03-31,P000024,LOC020,175,23.49,S0009,2025-03-18,38,216
2024-10-02,P000025,LOC001,414,630.56,S0009,2024-09-15,46,542
2024-11-01,P000025,LOC001,404,645.83,S0009,2024-10-08,46,542
2024-12-01,P000025,LOC001,479,640.74,S0009,2024-11-17,46,542
2024-12-31,P000025,LOC001,486,633.37,S0009,2024-12-16,46,542
2025-01-30,P000025,LOC001,456,657.64,S0009,2025-01-28,46,542
2025-03-01,P000025,LOC001,482,683.42,S0009,2025-02-14,46,542
2025-03-31,P000025,LOC001,403,657.61,S0009,2025-03-19,46,542
2024-10-02,P000025,LOC002,495,631.63,S0009,2024-09-11,46,542
2024-11-01,P000025,LOC002,500,655.62,S0009,2024-10-07,46,542
2024-12-01,P000025,LOC002,491,652.3,S0009,2024-11-17,46,542
2024-12-31,P000025,LOC002,449,636.69,S0009,2024-12-13,46,542
2025-01-30,P000025,LOC002,391,641.62,S0009,2025-01-08,46,542
2025-03-01,P000025,LOC002,470,665.72,S0009,2025-02-24,46,542
2025-03-31,P000025,LOC002,404,685.67,S0009,2025-03-12,46,542
2024-10-02,P000025,LOC003,398,649.67,S0009,2024-09-18,46,542
2024-11-01,P000025,LOC003,423,629.17,S0009,2024-10-05,46,542
2024-12-01,P000025,LOC003,413,623.22,S0009,2024-11-19,46,542
2024-12-31,P000025,LOC003,414,655.24,S0009,2024-12-03,46,542
2025-01-30,P000025,LOC003,411,626.37,S0009,2025-01-17,46,542
2025-03-01,P000025,LOC003,481,642.5,S0009,2025-02-28,46,542
2025-03-31,P000025,LOC003,508,649.35,S0009,2025-03-14,46,542
2024-10-02,P000025,LOC004,420,645.32,S0009,2024-09-29,46,542
2024-11-01,P000025,LOC004,477,627.72,S0009,2024-10-27,46,542
2024-12-01,P000025,LOC004,380,638.83,S0009,2024-11-28,46,542
2024-12-31,P000025,LOC004,467,650.75,S0009,2024-12-27,46,542
2025-01-30,P000025,LOC004,473,621.47,S0009,2025-01-06,46,542
2025-03-01,P000025,LOC004,387,672.75,S0009,2025-02-23,46,542
2025-03-31,P000025,LOC004,395,652.44,S0009,2025-03-03,46,542
2024-10-02,P000025,LOC005,420,636.74,S0009,2024-09-20,46,542
2024-11-01,P000025,LOC005,434,676.42,S0009,2024-10-11,46,542
2024-12-01,P000025,LOC005,447,686.05,S0009,2024-11-13,46,542
2024-12-31,P000025,LOC005,500,641.1,S0009,2024-12-21,46,542
2025-01-30,P000025,LOC005,474,667.13,S0009,2025-01-03,46,542
2025-03-01,P000025,LOC005,421,656.6,S0009,2025-01-30,46,542
2025-03-31,P000025,LOC005,395,665.2,S0009,2025-03-08,46,542
2024-10-02,P000025,LOC006,503,661.95,S0009,2024-09-04,46,542
2024-11-01,P000025,LOC006,419,669.55,S0009,2024-10-13,46,542
2024-12-01,P000025,LOC006,462,628.51,S0009,2024-11-10,46,542
2024-12-31,P000025,LOC006,409,649.11,S0009,2024-12-16,46,542
2025-01-30,P000025,LOC006,397,636.97,S0009,2025-01-08,46,542
2025-03-01,P000025,LOC006,400,657.63,S0009,2025-02-19,46,542
2025-03-31,P000025,LOC006,480,660.53,S0009,2025-03-10,46,542
2024-10-02,P000025,LOC007,461,625.89,S0009,2024-09-20,46,542
2024-11-01,P000025,LOC007,435,668.8,S0009,2024-10-12,46,542
2024-12-01,P000025,LOC007,453,646.25,S0009,2024-11-13,46,542
2024-12-31,P000025,LOC007,443,642.69,S0009,2024-12-29,46,542
2025-01-30,P000025,LOC007,452,635.23,S0009,2025-01-21,46,542
2025-03-01,P000025,LOC007,469,622.97,S0009,2025-02-16,46,542
2025-03-31,P000025,LOC007,408,646.36,S0009,2025-03-28,46,542
2024-10-02,P000025,LOC008,412,670.64,S0009,2024-09-04,46,542
2024-11-01,P000025,LOC008,481,671.66,S0009,2024-10-08,46,542
2024-12-01,P000025,LOC008,497,626.77,S0009,2024-11-27,46,542
2024-12-31,P000025,LOC008,390,674.03,S0009,2024-12-12,46,542
2025-01-30,P000025,LOC008,439,633.94,S0009,2025-01-07,46,542
2025-03-01,P000025,LOC008,474,684.2,S0009,2025-02-22,46,542
2025-03-31,P000025,LOC008,389,666.54,S0009,2025-03-05,46,542
2024-10-02,P000025,LOC009,455,635.46,S0009,2024-09-25,46,542
2024-11-01,P000025,LOC009,387,663.99,S0009,2024-10-08,46,542
2024-12-01,P000025,LOC009,453,660.67,S0009,2024-11-22,46,542
2024-12-31,P000025,LOC009,447,667.22,S0009,2024-12-27,46,542
2025-01-30,P000025,LOC009,457,625.72,S0009,2024-12-31,46,542
2025-03-01,P000025,LOC009,399,680.95,S0009,2025-02-14,46,542
2025-03-31,P000025,LOC009,423,670.49,S0009,2025-03-10,46,542
2024-10-02,P000025,LOC010,449,643.92,S0009,2024-09-27,46,542
2024-11-01,P000025,LOC010,395,685.25,S0009,2024-10-28,46,542
2024-12-01,P000025,LOC010,407,674.85,S0009,2024-11-17,46,542
2024-12-31,P000025,LOC010,458,664.89,S0009,2024-12-02,46,542
2025-01-30,P000025,LOC010,391,647.51,S0009,2025-01-23,46,542
2025-03-01,P000025,LOC010,448,670.67,S0009,2025-01-31,46,542
2025-03-31,P000025,LOC010,488,621.35,S0009,2025-03-14,46,542
2024-10-02,P000025,LOC011,440,684.47,S0009,2024-09-19,46,542
2024-11-01,P000025,LOC011,448,673.11,S0009,2024-10-02,46,542
2024-12-01,P000025,LOC011,441,666.64,S0009,2024-11-16,46,542
2024-12-31,P000025,LOC011,387,635.4,S0009,2024-12-05,46,542
2025-01-30,P000025,LOC011,442,684.78,S0009,2025-01-03,46,542
2025-03-01,P000025,LOC011,488,670.76,S0009,2025-02-09,46,542
2025-03-31,P000025,LOC011,477,620.96,S0009,2025-03-18,46,542
2024-10-02,P000025,LOC012,433,621.22,S0009,2024-10-01,46,542
2024-11-01,P000025,LOC012,490,665.71,S0009,2024-10-03,46,542
2024-12-01,P000025,LOC012,480,679.86,S0009,2024-11-29,46,542
2024-12-31,P000025,LOC012,457,639.09,S0009,2024-12-28,46,542
2025-01-30,P000025,LOC012,385,676.43,S0009,2025-01-21,46,542
2025-03-01,P000025,LOC012,426,659.12,S0009,2025-02-20,46,542
2025-03-31,P000025,LOC012,388,665.87,S0009,2025-03-11,46,542
2024-10-02,P000025,LOC013,514,646.27,S0009,2024-09-19,46,542
2024-11-01,P000025,LOC013,506,632.53,S0009,2024-10-04,46,542
2024-12-01,P000025,LOC013,388,651.01,S0009,2024-11-29,46,542
2024-12-31,P000025,LOC013,505,629.22,S0009,2024-12-20,46,542
2025-01-30,P000025,LOC013,383,643.11,S0009,2025-01-22,46,542
2025-03-01,P000025,LOC013,434,647.86,S0009,2025-02-21,46,542
2025-03-31,P000025,LOC013,483,663.6,S0009,2025-03-16,46,542
2024-10-02,P000025,LOC014,483,640.78,S0009,2024-09-17,46,542
2024-11-01,P000025,LOC014,511,641.31,S0009,2024-10-15,46,542
2024-12-01,P000025,LOC014,466,644.19,S0009,2024-11-28,46,542
2024-12-31,P000025,LOC014,436,624.28,S0009,2024-12-04,46,542
2025-01-30,P000025,LOC014,513,639.92,S0009,2025-01-14,46,542
2025-03-01,P000025,LOC014,431,671.29,S0009,2025-02-23,46,542
2025-03-31,P000025,LOC014,497,664.1,S0009,2025-03-18,46,542
2024-10-02,P000025,LOC015,502,672.48,S0009,2024-09-29,46,542
2024-11-01,P000025,LOC015,430,683.26,S0009,2024-10-21,46,542
2024-12-01,P000025,LOC015,471,653.83,S0009,2024-11-07,46,542
2024-12-31,P000025,LOC015,469,654.13,S0009,2024-12-03,46,542
2025-01-30,P000025,LOC015,452,682.51,S0009,2025-01-17,46,542
2025-03-01,P000025,LOC015,467,648.78,S0009,2025-01-30,46,542
2025-03-31,P000025,LOC015,426,654.83,S0009,2025-03-13,46,542
2024-10-02,P000025,LOC016,403,666.46,S0009,2024-09-25,46,542
2024-11-01,P000025,LOC016,452,667.85,S0009,2024-10-11,46,542
2024-12-01,P000025,LOC016,451,673.33,S0009,2024-11-08,46,542
2024-12-31,P000025,LOC016,478,655.81,S0009,2024-12-28,46,542
2025-01-30,P000025,LOC016,409,679.81,S0009,2025-01-14,46,542
2025-03-01,P000025,LOC016,379,622.67,S0009,2025-02-20,46,542
2025-03-31,P000025,LOC016,382,640.15,S0009,2025-03-14,46,542
2024-10-02,P000025,LOC017,419,658.1,S0009,2024-09-21,46,542
2024-11-01,P000025,LOC017,470,647.66,S0009,2024-10-16,46,542
2024-12-01,P000025,LOC017,453,641.21,S0009,2024-11-22,46,542
2024-12-31,P000025,LOC017,451,664.34,S0009,2024-12-16,46,542
2025-01-30,P000025,LOC017,490,654.67,S0009,2025-01-20,46,542
2025-03-01,P000025,LOC017,412,646.28,S0009,2025-02-14,46,542
2025-03-31,P000025,LOC017,426,638.68,S0009,2025-03-16,46,542
2024-10-02,P000025,LOC018,416,679.84,S0009,2024-09-19,46,542
2024-11-01,P000025,LOC018,506,652.43,S0009,2024-10-11,46,542
2024-12-01,P000025,LOC018,477,624.7,S0009,2024-11-06,46,542
2024-12-31,P000025,LOC018,394,659.61,S0009,2024-12-06,46,542
2025-01-30,P000025,LOC018,489,626.59,S0009,2025-01-18,46,542
2025-03-01,P000025,LOC018,436,684.27,S0009,2025-01-30,46,542
2025-03-31,P000025,LOC018,483,622.48,S0009,2025-03-05,46,542
2024-10-02,P000025,LOC019,499,670.83,S0009,2024-09-19,46,542
2024-11-01,P000025,LOC019,381,671.69,S0009,2024-10-12,46,542
2024-12-01,P000025,LOC019,407,647.34,S0009,2024-11-01,46,542
2024-12-31,P000025,LOC019,393,660.28,S0009,2024-12-22,46,542
2025-01-30,P000025,LOC019,383,654.07,S0009,2025-01-23,46,542
2025-03-01,P000025,LOC019,460,636.43,S0009,2025-02-24,46,542
2025-03-31,P000025,LOC019,474,668.7,S0009,2025-03-05,46,542
2024-10-02,P000025,LOC020,385,655.62,S0009,2024-09-08,46,542
2024-11-01,P000025,LOC020,479,633.46,S0009,2024-10-16,46,542
2024-12-01,P000025,LOC020,433,682.77,S0009,2024-11-25,46,542
2024-12-31,P000025,LOC020,411,623.03,S0009,2024-12-23,46,542
2025-01-30,P000025,LOC020,408,655.19,S0009,2025-01-24,46,542
2025-03-01,P000025,LOC020,496,678.25,S0009,2025-02-01,46,542
2025-03-31,P000025,LOC020,387,667.19,S0009,2025-03-24,46,542
2024-10-02,P000026,LOC001,130,42.49,S0027,2024-09-15,23,158
2024-11-01,P000026,LOC001,122,46.05,S0027,2024-10-12,23,158
2024-12-01,P000026,LOC001,142,43.04,S0027,2024-11-28,23,158
2024-12-31,P000026,LOC001,139,45.78,S0027,2024-12-14,23,158
2025-01-30,P000026,LOC001,123,43.21,S0027,2025-01-12,23,158
2025-03-01,P000026,LOC001,134,44.72,S0027,2025-01-30,23,158
2025-03-31,P000026,LOC001,137,41.77,S0027,2025-03-17,23,158
2024-10-02,P000026,LOC002,123,42.35,S0027,2024-09-23,23,158
2024-11-01,P000026,LOC002,122,44.56,S0027,2024-10-31,23,158
2024-12-01,P000026,LOC002,116,42.9,S0027,2024-11-17,23,158
2024-12-31,P000026,LOC002,136,43.85,S0027,2024-12-04,23,158
2025-01-30,P000026,LOC002,119,45.54,S0027,2025-01-07,23,158
2025-03-01,P000026,LOC002,122,45.68,S0027,2025-02-04,23,158
2025-03-31,P000026,LOC002,113,43.82,S0027,2025-03-19,23,158
2024-10-02,P000026,LOC003,148,45.06,S0027,2024-09-23,23,158
2024-11-01,P000026,LOC003,145,43.69,S0027,2024-10-08,23,158
2024-12-01,P000026,LOC003,146,41.79,S0027,2024-11-07,23,158
2024-12-31,P000026,LOC003,135,45.82,S0027,2024-12-18,23,158
2025-01-30,P000026,LOC003,127,45.11,S0027,2025-01-28,23,158
2025-03-01,P000026,LOC003,130,44.2,S0027,2025-01-30,23,158
2025-03-31,P000026,LOC003,149,44.82,S0027,2025-03-18,23,158
2024-10-02,P000026,LOC004,147,45.37,S0027,2024-09-09,23,158
2024-11-01,P000026,LOC004,137,44.13,S0027,2024-10-09,23,158
2024-12-01,P000026,LOC004,141,44.4,S0027,2024-11-27,23,158
2024-12-31,P000026,LOC004,123,44.49,S0027,2024-12-20,23,158
2025-01-30,P000026,LOC004,127,45.93,S0027,2025-01-16,23,158
2025-03-01,P000026,LOC004,116,44.78,S0027,2025-02-12,23,158
2025-03-31,P000026,LOC004,125,42.74,S0027,2025-03-19,23,158
2024-10-02,P000026,LOC005,140,41.79,S0027,2024-10-01,23,158
2024-11-01,P000026,LOC005,129,45.55,S0027,2024-10-15,23,158
2024-12-01,P000026,LOC005,144,44.82,S0027,2024-11-07,23,158
2024-12-31,P000026,LOC005,122,43.04,S0027,2024-12-16,23,158
2025-01-30,P000026,LOC005,138,43.17,S0027,2025-01-26,23,158
2025-03-01,P000026,LOC005,142,42.47,S0027,2025-02-12,23,158
2025-03-31,P000026,LOC005,146,41.79,S0027,2025-03-05,23,158
2024-10-02,P000026,LOC006,132,45.74,S0027,2024-09-06,23,158
2024-11-01,P000026,LOC006,148,44.63,S0027,2024-10-05,23,158
2024-12-01,P000026,LOC006,132,44.82,S0027,2024-11-04,23,158
2024-12-31,P000026,LOC006,115,43.54,S0027,2024-12-10,23,158
2025-01-30,P000026,LOC006,120,42.67,S0027,2025-01-03,23,158
2025-03-01,P000026,LOC006,118,43.62,S0027,2025-02-06,23,158
2025-03-31,P000026,LOC006,136,43.37,S0027,2025-03-15,23,158
2024-10-02,P000026,LOC007,147,43.65,S0027,2024-09-06,23,158
2024-11-01,P000026,LOC007,144,42.0,S0027,2024-10-06,23,158
2024-12-01,P000026,LOC007,114,44.26,S0027,2024-11-16,23,158
2024-12-31,P000026,LOC007,139,45.12,S0027,2024-12-06,23,158
2025-01-30,P000026,LOC007,118,45.86,S0027,2025-01-15,23,158
2025-03-01,P000026,LOC007,121,45.86,S0027,2025-02-17,23,158
2025-03-31,P000026,LOC007,137,44.64,S0027,2025-03-14,23,158
2024-10-02,P000026,LOC008,134,45.02,S0027,2024-09-02,23,158
2024-11-01,P000026,LOC008,145,45.56,S0027,2024-10-25,23,158
2024-12-01,P000026,LOC008,118,45.32,S0027,2024-11-25,23,158
2024-12-31,P000026,LOC008,140,42.64,S0027,2024-12-22,23,158
2025-01-30,P000026,LOC008,139,45.56,S0027,2025-01-24,23,158
2025-03-01,P000026,LOC008,132,42.15,S0027,2025-02-10,23,158
2025-03-31,P000026,LOC008,129,44.59,S0027,2025-03-07,23,158
2024-10-02,P000026,LOC009,144,41.81,S0027,2024-09-04,23,158
2024-11-01,P000026,LOC009,123,45.06,S0027,2024-10-18,23,158
2024-12-01,P000026,LOC009,148,44.92,S0027,2024-11-03,23,158
2024-12-31,P000026,LOC009,111,44.63,S0027,2024-12-01,23,158
2025-01-30,P000026,LOC009,147,43.51,S0027,2025-01-23,23,158
2025-03-01,P000026,LOC009,148,44.33,S0027,2025-01-31,23,158
2025-03-31,P000026,LOC009,115,45.44,S0027,2025-03-04,23,158
2024-10-02,P000026,LOC010,150,45.67,S0027,2024-09-18,23,158
2024-11-01,P000026,LOC010,129,42.53,S0027,2024-10-24,23,158
2024-12-01,P000026,LOC010,120,43.39,S0027,2024-11-27,23,158
2024-12-31,P000026,LOC010,134,44.61,S0027,2024-12-30,23,158
2025-01-30,P000026,LOC010,118,43.39,S0027,2025-01-14,23,158
2025-03-01,P000026,LOC010,146,43.54,S0027,2025-02-14,23,158
2025-03-31,P000026,LOC010,132,45.94,S0027,2025-03-09,23,158
2024-10-02,P000026,LOC011,141,43.98,S0027,2024-09-09,23,158
2024-11-01,P000026,LOC011,125,44.88,S0027,2024-10-02,23,158
2024-12-01,P000026,LOC011,131,45.89,S0027,2024-11-16,23,158
2024-12-31,P000026,LOC011,124,43.42,S0027,2024-12-27,23,158
2025-01-30,P000026,LOC011,120,43.09,S0027,2025-01-27,23,158
2025-03-01,P000026,LOC011,130,45.59,S0027,2025-02-03,23,158
2025-03-31,P000026,LOC011,130,42.66,S0027,2025-03-01,23,158
2024-10-02,P000026,LOC012,114,43.0,S0027,2024-09-26,23,158
2024-11-01,P000026,LOC012,149,44.99,S0027,2024-10-23,23,158
2024-12-01,P000026,LOC012,129,44.87,S0027,2024-11-08,23,158
2024-12-31,P000026,LOC012,143,45.39,S0027,2024-12-28,23,158
2025-01-30,P000026,LOC012,146,45.09,S0027,2025-01-27,23,158
2025-03-01,P000026,LOC012,125,43.2,S0027,2025-02-10,23,158
2025-03-31,P000026,LOC012,126,44.37,S0027,2025-03-03,23,158
2024-10-02,P000026,LOC013,132,45.82,S0027,2024-09-21,23,158
2024-11-01,P000026,LOC013,119,42.06,S0027,2024-10-23,23,158
2024-12-01,P000026,LOC013,116,44.37,S0027,2024-11-04,23,158
2024-12-31,P000026,LOC013,120,42.11,S0027,2024-12-16,23,158
2025-01-30,P000026,LOC013,147,43.3,S0027,2025-01-20,23,158
2025-03-01,P000026,LOC013,133,45.19,S0027,2025-01-30,23,158
2025-03-31,P000026,LOC013,127,43.29,S0027,2025-03-19,23,158
2024-10-02,P000026,LOC014,116,44.65,S0027,2024-09-29,23,158
2024-11-01,P000026,LOC014,123,42.26,S0027,2024-10-28,23,158
2024-12-01,P000026,LOC014,125,44.96,S0027,2024-11-22,23,158
2024-12-31,P000026,LOC014,143,44.21,S0027,2024-12-15,23,158
2025-01-30,P000026,LOC014,130,45.0,S0027,2025-01-17,23,158
2025-03-01,P000026,LOC014,136,45.68,S0027,2025-02-02,23,158
2025-03-31,P000026,LOC014,137,45.35,S0027,2025-03-10,23,158
2024-10-02,P000026,LOC015,120,45.31,S0027,2024-09-14,23,158
2024-11-01,P000026,LOC015,143,44.16,S0027,2024-10-04,23,158
2024-12-01,P000026,LOC015,148,44.58,S0027,2024-11-16,23,158
2024-12-31,P000026,LOC015,135,43.08,S0027,2024-12-12,23,158
2025-01-30,P000026,LOC015,129,45.93,S0027,2025-01-12,23,158
2025-03-01,P000026,LOC015,117,45.63,S0027,2025-02-10,23,158
2025-03-31,P000026,LOC015,142,43.6,S0027,2025-03-23,23,158
2024-10-02,P000026,LOC016,117,42.62,S0027,2024-09-22,23,158
2024-11-01,P000026,LOC016,139,45.04,S0027,2024-10-25,23,158
2024-12-01,P000026,LOC016,129,45.11,S0027,2024-11-08,23,158
2024-12-31,P000026,LOC016,146,44.0,S0027,2024-12-18,23,158
2025-01-30,P000026,LOC016,132,44.35,S0027,2025-01-02,23,158
2025-03-01,P000026,LOC016,135,45.02,S0027,2025-02-05,23,158
2025-03-31,P000026,LOC016,112,43.09,S0027,2025-03-18,23,158
2024-10-02,P000026,LOC017,111,45.42,S0027,2024-09-15,23,158
2024-11-01,P000026,LOC017,144,45.48,S0027,2024-10-20,23,158
2024-12-01,P000026,LOC017,147,42.68,S0027,2024-11-17,23,158
2024-12-31,P000026,LOC017,136,42.27,S0027,2024-12-20,23,158
2025-01-30,P000026,LOC017,140,45.95,S0027,2025-01-11,23,158
2025-03-01,P000026,LOC017,126,42.34,S0027,2025-02-14,23,158
2025-03-31,P000026,LOC017,143,45.21,S0027,2025-03-26,23,158
2024-10-02,P000026,LOC018,119,45.1,S0027,2024-09-08,23,158
2024-11-01,P000026,LOC018,138,42.07,S0027,2024-10-29,23,158
2024-12-01,P000026,LOC018,110,42.62,S0027,2024-11-07,23,158
2024-12-31,P000026,LOC018,130,44.14,S0027,2024-12-07,23,158
2025-01-30,P000026,LOC018,125,44.2,S0027,2025-01-27,23,158
2025-03-01,P000026,LOC018,135,41.75,S0027,2025-02-01,23,158
2025-03-31,P000026,LOC018,136,44.14,S0027,2025-03-05,23,158
2024-10-02,P000026,LOC019,134,41.96,S0027,2024-09-16,23,158
2024-11-01,P000026,LOC019,129,44.76,S0027,2024-10-17,23,158
2024-12-01,P000026,LOC019,129,43.57,S0027,2024-11-06,23,158
2024-12-31,P000026,LOC019,110,45.41,S0027,2024-12-09,23,158
2025-01-30,P000026,LOC019,132,45.26,S0027,2025-01-16,23,158
2025-03-01,P000026,LOC019,111,42.16,S0027,2025-01-30,23,158
2025-03-31,P000026,LOC019,131,41.95,S0027,2025-03-08,23,158
2024-10-02,P000026,LOC020,121,43.68,S0027,2024-09-03,23,158
2024-11-01,P000026,LOC020,149,45.91,S0027,2024-10-29,23,158
2024-12-01,P000026,LOC020,111,44.46,S0027,2024-11-21,23,158
2024-12-31,P000026,LOC020,142,44.23,S0027,2024-12-01,23,158
2025-01-30,P000026,LOC020,137,45.6,S0027,2025-01-18,23,158
2025-03-01,P000026,LOC020,142,43.44,S0027,2025-01-30,23,158
2025-03-31,P000026,LOC020,146,44.08,S0027,2025-03-23,23,158
2024-10-02,P000027,LOC001,235,525.1,S0018,2024-09-05,48,759
2024-11-01,P000027,LOC001,186,526.42,S0018,2024-10-27,48,759
2024-12-01,P000027,LOC001,183,491.1,S0018,2024-11-13,48,759
2024-12-31,P000027,LOC001,263,498.05,S0018,2024-12-17,48,759
2025-01-30,P000027,LOC001,282,486.59,S0018,2025-01-07,48,759
2025-03-01,P000027,LOC001,318,503.43,S0018,2025-02-02,48,759
2025-03-31,P000027,LOC001,398,486.09,S0018,2025-03-01,48,759
2024-10-02,P000027,LOC002,230,513.03,S0018,2024-09-18,48,759
2024-11-01,P000027,LOC002,250,509.82,S0018,2024-10-10,48,759
2024-12-01,P000027,LOC002,228,499.86,S0018,2024-11-08,48,759
2024-12-31,P000027,LOC002,305,524.99,S0018,2024-12-06,48,759
2025-01-30,P000027,LOC002,378,483.57,S0018,2025-01-25,48,759
2025-03-01,P000027,LOC002,400,510.33,S0018,2025-02-02,48,759
2025-03-31,P000027,LOC002,448,501.1,S0018,2025-03-17,48,759
2024-10-02,P000027,LOC003,365,496.08,S0018,2024-09-14,48,759
2024-11-01,P000027,LOC003,388,498.01,S0018,2024-10-21,48,759
2024-12-01,P000027,LOC003,383,489.14,S0018,2024-11-12,48,759
2024-12-31,P000027,LOC003,428,490.1,S0018,2024-12-12,48,759
2025-01-30,P000027,LOC003,387,521.05,S0018,2025-01-06,48,759
2025-03-01,P000027,LOC003,373,504.54,S0018,2025-02-25,48,759
2025-03-31,P000027,LOC003,354,514.14,S0018,2025-03-12,48,759
2024-10-02,P000027,LOC004,265,494.77,S0018,2024-09-27,48,759
2024-11-01,P000027,LOC004,231,523.64,S0018,2024-10-09,48,759
2024-12-01,P000027,LOC004,326,504.66,S0018,2024-11-25,48,759
2024-12-31,P000027,LOC004,414,498.87,S0018,2024-12-24,48,759
2025-01-30,P000027,LOC004,445,482.59,S0018,2025-01-05,48,759
2025-03-01,P000027,LOC004,473,523.44,S0018,2025-02-16,48,759
2025-03-31,P000027,LOC004,425,502.49,S0018,2025-03-03,48,759
2024-10-02,P000027,LOC005,241,521.13,S0018,2024-09-15,48,759
2024-11-01,P000027,LOC005,316,490.64,S0018,2024-10-29,48,759
2024-12-01,P000027,LOC005,284,516.94,S0018,2024-11-22,48,759
2024-12-31,P000027,LOC005,271,487.6,S0018,2024-12-05,48,759
2025-01-30,P000027,LOC005,325,526.78,S0018,2025-01-01,48,759
2025-03-01,P000027,LOC005,410,524.14,S0018,2025-02-20,48,759
2025-03-31,P000027,LOC005,419,501.64,S0018,2025-03-24,48,759
2024-10-02,P000027,LOC006,257,496.61,S0018,2024-09-25,48,759
2024-11-01,P000027,LOC006,348,484.53,S0018,2024-10-04,48,759
2024-12-01,P000027,LOC006,336,516.02,S0018,2024-11-25,48,759
2024-12-31,P000027,LOC006,429,530.66,S0018,2024-12-13,48,759
2025-01-30,P000027,LOC006,395,486.47,S0018,2025-01-16,48,759
2025-03-01,P000027,LOC006,451,485.03,S0018,2025-02-14,48,759
2025-03-31,P000027,LOC006,434,527.12,S0018,2025-03-02,48,759
2024-10-02,P000027,LOC007,256,529.08,S0018,2024-09-09,48,759
2024-11-01,P000027,LOC007,275,512.32,S0018,2024-10-21,48,759
2024-12-01,P000027,LOC007,356,482.01,S0018,2024-11-06,48,759
2024-12-31,P000027,LOC007,395,525.97,S0018,2024-12-11,48,759
2025-01-30,P000027,LOC007,460,522.2,S0018,2025-01-15,48,759
2025-03-01,P000027,LOC007,534,531.26,S0018,2025-02-01,48,759
2025-03-31,P000027,LOC007,548,490.12,S0018,2025-03-26,48,759
2024-10-02,P000027,LOC008,357,504.33,S0018,2024-09-11,48,759
2024-11-01,P000027,LOC008,429,526.97,S0018,2024-10-10,48,759
2024-12-01,P000027,LOC008,452,517.15,S0018,2024-11-27,48,759
2024-12-31,P000027,LOC008,467,501.74,S0018,2024-12-11,48,759
2025-01-30,P000027,LOC008,420,484.87,S0018,2025-01-16,48,759
2025-03-01,P000027,LOC008,501,505.1,S0018,2025-02-19,48,759
2025-03-31,P000027,LOC008,513,498.58,S0018,2025-03-05,48,759
2024-10-02,P000027,LOC009,272,507.8,S0018,2024-09-21,48,759
2024-11-01,P000027,LOC009,293,524.37,S0018,2024-10-05,48,759
2024-12-01,P000027,LOC009,281,490.53,S0018,2024-11-14,48,759
2024-12-31,P000027,LOC009,253,524.97,S0018,2024-12-03,48,759
2025-01-30,P000027,LOC009,347,527.42,S0018,2025-01-14,48,759
2025-03-01,P000027,LOC009,397,504.78,S0018,2025-02-25,48,759
2025-03-31,P000027,LOC009,472,502.38,S0018,2025-03-04,48,759
2024-10-02,P000027,LOC010,240,520.43,S0018,2024-09-02,48,759
2024-11-01,P000027,LOC010,229,491.6,S0018,2024-10-14,48,759
2024-12-01,P000027,LOC010,191,528.02,S0018,2024-11-24,48,759
2024-12-31,P000027,LOC010,141,499.88,S0018,2024-12-02,48,759
2025-01-30,P000027,LOC010,192,494.5,S0018,2025-01-05,48,759
2025-03-01,P000027,LOC010,191,485.0,S0018,2025-02-03,48,759
2025-03-31,P000027,LOC010,142,498.68,S0018,2025-03-19,48,759
2024-10-02,P000027,LOC011,270,512.72,S0018,2024-10-01,48,759
2024-11-01,P000027,LOC011,235,525.36,S0018,2024-10-06,48,759
2024-12-01,P000027,LOC011,224,500.53,S0018,2024-11-27,48,759
2024-12-31,P000027,LOC011,282,497.09,S0018,2024-12-13,48,759
2025-01-30,P000027,LOC011,298,517.32,S0018,2025-01-01,48,759
2025-03-01,P000027,LOC011,262,526.39,S0018,2025-02-05,48,759
2025-03-31,P000027,LOC011,318,521.15,S0018,2025-03-14,48,759
2024-10-02,P000027,LOC012,348,499.9,S0018,2024-09-19,48,759
2024-11-01,P000027,LOC012,394,521.75,S0018,2024-10-14,48,759
2024-12-01,P000027,LOC012,364,495.27,S0018,2024-11-02,48,759
2024-12-31,P000027,LOC012,427,491.65,S0018,2024-12-07,48,759
2025-01-30,P000027,LOC012,477,484.91,S0018,2025-01-19,48,759
2025-03-01,P000027,LOC012,557,525.64,S0018,2025-01-30,48,759
2025-03-31,P000027,LOC012,573,505.49,S0018,2025-03-02,48,759
2024-10-02,P000027,LOC013,323,511.92,S0018,2024-10-01,48,759
2024-11-01,P000027,LOC013,361,512.49,S0018,2024-10-17,48,759
2024-12-01,P000027,LOC013,342,483.61,S0018,2024-11-25,48,759
2024-12-31,P000027,LOC013,413,485.73,S0018,2024-12-01,48,759
2025-01-30,P000027,LOC013,365,511.47,S0018,2025-01-07,48,759
2025-03-01,P000027,LOC013,422,523.02,S0018,2025-02-12,48,759
2025-03-31,P000027,LOC013,448,528.37,S0018,2025-03-11,48,759
2024-10-02,P000027,LOC014,373,483.3,S0018,2024-09-03,48,759
2024-11-01,P000027,LOC014,357,518.16,S0018,2024-10-22,48,759
2024-12-01,P000027,LOC014,318,490.07,S0018,2024-11-06,48,759
2024-12-31,P000027,LOC014,270,510.49,S0018,2024-12-06,48,759
2025-01-30,P000027,LOC014,230,510.86,S0018,2025-01-15,48,759
2025-03-01,P000027,LOC014,188,503.25,S0018,2025-02-01,48,759
2025-03-31,P000027,LOC014,150,502.07,S0018,2025-03-04,48,759
2024-10-02,P000027,LOC015,376,483.56,S0018,2024-09-27,48,759
2024-11-01,P000027,LOC015,458,529.68,S0018,2024-10-18,48,759
2024-12-01,P000027,LOC015,543,489.16,S0018,2024-11-12,48,759
2024-12-31,P000027,LOC015,609,485.32,S0018,2024-12-22,48,759
2025-01-30,P000027,LOC015,613,517.26,S0018,2025-01-24,48,759
2025-03-01,P000027,LOC015,588,488.29,S0018,2025-02-27,48,759
2025-03-31,P000027,LOC015,634,525.84,S0018,2025-03-13,48,759
2024-10-02,P000027,LOC016,317,502.65,S0018,2024-09-02,48,759
2024-11-01,P000027,LOC016,314,485.56,S0018,2024-10-13,48,759
2024-12-01,P000027,LOC016,375,513.16,S0018,2024-11-07,48,759
2024-12-31,P000027,LOC016,446,501.02,S0018,2024-12-14,48,759
2025-01-30,P000027,LOC016,400,521.76,S0018,2025-01-13,48,759
2025-03-01,P000027,LOC016,391,519.29,S0018,2025-02-19,48,759
2025-03-31,P000027,LOC016,368,495.66,S0018,2025-03-26,48,759
2024-10-02,P000027,LOC017,284,486.8,S0018,2024-09-30,48,759
2024-11-01,P000027,LOC017,271,487.81,S0018,2024-10-30,48,759
2024-12-01,P000027,LOC017,279,496.14,S0018,2024-11-06,48,759
2024-12-31,P000027,LOC017,353,495.2,S0018,2024-12-29,48,759
2025-01-30,P000027,LOC017,453,507.17,S0018,2025-01-17,48,759
2025-03-01,P000027,LOC017,454,512.01,S0018,2025-02-04,48,759
2025-03-31,P000027,LOC017,491,500.7,S0018,2025-03-15,48,759
2024-10-02,P000027,LOC018,295,486.15,S0018,2024-09-29,48,759
2024-11-01,P000027,LOC018,320,499.94,S0018,2024-10-08,48,759
2024-12-01,P000027,LOC018,374,510.8,S0018,2024-11-03,48,759
2024-12-31,P000027,LOC018,407,498.55,S0018,2024-12-04,48,759
2025-01-30,P000027,LOC018,505,485.98,S0018,2025-01-28,48,759
2025-03-01,P000027,LOC018,494,496.54,S0018,2025-02-25,48,759
2025-03-31,P000027,LOC018,548,486.83,S0018,2025-03-11,48,759
2024-10-02,P000027,LOC019,360,495.57,S0018,2024-09-02,48,759
2024-11-01,P000027,LOC019,315,505.51,S0018,2024-10-20,48,759
2024-12-01,P000027,LOC019,269,506.13,S0018,2024-11-29,48,759
2024-12-31,P000027,LOC019,316,494.18,S0018,2024-12-10,48,759
2025-01-30,P000027,LOC019,350,516.28,S0018,2025-01-29,48,759
2025-03-01,P000027,LOC019,409,516.83,S0018,2025-02-18,48,759
2025-03-31,P000027,LOC019,469,520.25,S0018,2025-03-07,48,759
2024-10-02,P000027,LOC020,291,498.82,S0018,2024-09-24,48,759
2024-11-01,P000027,LOC020,276,501.89,S0018,2024-10-06,48,759
2024-12-01,P000027,LOC020,248,484.65,S0018,2024-11-18,48,759
2024-12-31,P000027,LOC020,249,528.82,S0018,2024-12-17,48,759
2025-01-30,P000027,LOC020,210,507.49,S0018,2025-01-04,48,759
2025-03-01,P000027,LOC020,164,495.83,S0018,2025-02-25,48,759
2025-03-31,P000027,LOC020,129,526.25,S0018,2025-03-12,48,759
2024-10-02,P000028,LOC001,306,65.14,S0005,2024-09-06,38,422
2024-11-01,P000028,LOC001,305,70.19,S0005,2024-10-31,38,422
2024-12-01,P000028,LOC001,311,67.97,S0005,2024-11-27,38,422
2024-12-31,P000028,LOC001,315,67.81,S0005,2024-12-01,38,422
2025-01-30,P000028,LOC001,350,66.81,S0005,2025-01-02,38,422
2025-03-01,P000028,LOC001,381,65.56,S0005,2025-02-22,38,422
2025-03-31,P000028,LOC001,323,66.62,S0005,2025-03-16,38,422
2024-10-02,P000028,LOC002,337,70.85,S0005,2024-09-02,38,422
2024-11-01,P000028,LOC002,334,66.53,S0005,2024-10-23,38,422
2024-12-01,P000028,LOC002,338,68.61,S0005,2024-11-01,38,422
2024-12-31,P000028,LOC002,355,70.37,S0005,2024-12-14,38,422
2025-01-30,P000028,LOC002,399,68.31,S0005,2025-01-22,38,422
2025-03-01,P000028,LOC002,319,70.79,S0005,2025-02-21,38,422
2025-03-31,P000028,LOC002,367,69.23,S0005,2025-03-29,38,422
2024-10-02,P000028,LOC003,384,67.62,S0005,2024-09-08,38,422
2024-11-01,P000028,LOC003,364,66.02,S0005,2024-10-27,38,422
2024-12-01,P000028,LOC003,385,68.03,S0005,2024-11-05,38,422
2024-12-31,P000028,LOC003,375,68.38,S0005,2024-12-08,38,422
2025-01-30,P000028,LOC003,305,68.35,S0005,2025-01-16,38,422
2025-03-01,P000028,LOC003,335,69.25,S0005,2025-02-28,38,422
2025-03-31,P000028,LOC003,353,69.17,S0005,2025-03-09,38,422
2024-10-02,P000028,LOC004,301,71.42,S0005,2024-09-19,38,422
2024-11-01,P000028,LOC004,296,68.87,S0005,2024-10-27,38,422
2024-12-01,P000028,LOC004,313,70.27,S0005,2024-11-05,38,422
2024-12-31,P000028,LOC004,348,65.15,S0005,2024-12-27,38,422
2025-01-30,P000028,LOC004,341,70.3,S0005,2025-01-18,38,422
2025-03-01,P000028,LOC004,378,69.24,S0005,2025-02-22,38,422
2025-03-31,P000028,LOC004,355,65.58,S0005,2025-03-19,38,422
2024-10-02,P000028,LOC005,385,68.47,S0005,2024-09-20,38,422
2024-11-01,P000028,LOC005,305,68.11,S0005,2024-10-11,38,422
2024-12-01,P000028,LOC005,351,64.83,S0005,2024-11-27,38,422
2024-12-31,P000028,LOC005,299,68.75,S0005,2024-12-19,38,422
2025-01-30,P000028,LOC005,317,67.04,S0005,2025-01-01,38,422
2025-03-01,P000028,LOC005,386,70.5,S0005,2025-02-10,38,422
2025-03-31,P000028,LOC005,389,66.08,S0005,2025-03-27,38,422
2024-10-02,P000028,LOC006,345,67.99,S0005,2024-09-17,38,422
2024-11-01,P000028,LOC006,300,69.46,S0005,2024-10-20,38,422
2024-12-01,P000028,LOC006,303,64.81,S0005,2024-11-29,38,422
2024-12-31,P000028,LOC006,393,65.7,S0005,2024-12-19,38,422
2025-01-30,P000028,LOC006,390,65.35,S0005,2025-01-12,38,422
2025-03-01,P000028,LOC006,354,69.72,S0005,2025-02-25,38,422
2025-03-31,P000028,LOC006,298,70.32,S0005,2025-03-07,38,422
2024-10-02,P000028,LOC007,393,70.37,S0005,2024-09-26,38,422
2024-11-01,P000028,LOC007,328,67.55,S0005,2024-10-31,38,422
2024-12-01,P000028,LOC007,396,71.22,S0005,2024-11-19,38,422
2024-12-31,P000028,LOC007,357,71.21,S0005,2024-12-02,38,422
2025-01-30,P000028,LOC007,374,69.18,S0005,2025-01-13,38,422
2025-03-01,P000028,LOC007,370,69.06,S0005,2025-02-25,38,422
2025-03-31,P000028,LOC007,337,66.4,S0005,2025-03-08,38,422
2024-10-02,P000028,LOC008,303,68.53,S0005,2024-09-02,38,422
2024-11-01,P000028,LOC008,312,69.05,S0005,2024-10-23,38,422
2024-12-01,P000028,LOC008,320,70.88,S0005,2024-11-14,38,422
2024-12-31,P000028,LOC008,383,67.37,S0005,2024-12-02,38,422
2025-01-30,P000028,LOC008,336,65.61,S0005,2025-01-29,38,422
2025-03-01,P000028,LOC008,389,68.0,S0005,2025-02-20,38,422
2025-03-31,P000028,LOC008,330,64.86,S0005,2025-03-13,38,422
2024-10-02,P000028,LOC009,375,68.4,S0005,2024-09-27,38,422
2024-11-01,P000028,LOC009,310,69.89,S0005,2024-10-07,38,422
2024-12-01,P000028,LOC009,399,65.59,S0005,2024-11-30,38,422
2024-12-31,P000028,LOC009,371,66.14,S0005,2024-12-10,38,422
2025-01-30,P000028,LOC009,348,64.91,S0005,2025-01-06,38,422
2025-03-01,P000028,LOC009,398,67.7,S0005,2025-02-19,38,422
2025-03-31,P000028,LOC009,301,67.58,S0005,2025-03-28,38,422
2024-10-02,P000028,LOC010,341,69.04,S0005,2024-09-25,38,422
2024-11-01,P000028,LOC010,383,66.55,S0005,2024-10-12,38,422
2024-12-01,P000028,LOC010,331,70.06,S0005,2024-11-06,38,422
2024-12-31,P000028,LOC010,376,68.36,S0005,2024-12-23,38,422
2025-01-30,P000028,LOC010,396,69.2,S0005,2025-01-25,38,422
2025-03-01,P000028,LOC010,337,65.77,S0005,2025-02-07,38,422
2025-03-31,P000028,LOC010,377,65.88,S0005,2025-03-03,38,422
2024-10-02,P000028,LOC011,298,68.45,S0005,2024-09-28,38,422
2024-11-01,P000028,LOC011,324,69.01,S0005,2024-10-09,38,422
2024-12-01,P000028,LOC011,400,70.01,S0005,2024-11-01,38,422
2024-12-31,P000028,LOC011,347,69.48,S0005,2024-12-18,38,422
2025-01-30,P000028,LOC011,332,66.65,S0005,2025-01-23,38,422
2025-03-01,P000028,LOC011,394,70.02,S0005,2025-02-22,38,422
2025-03-31,P000028,LOC011,340,66.58,S0005,2025-03-27,38,422
2024-10-02,P000028,LOC012,367,64.81,S0005,2024-09-02,38,422
2024-11-01,P000028,LOC012,365,70.84,S0005,2024-10-11,38,422
2024-12-01,P000028,LOC012,304,67.99,S0005,2024-11-04,38,422
2024-12-31,P000028,LOC012,360,68.13,S0005,2024-12-28,38,422
2025-01-30,P000028,LOC012,379,68.41,S0005,2025-01-02,38,422
2025-03-01,P000028,LOC012,370,68.75,S0005,2025-02-16,38,422
2025-03-31,P000028,LOC012,304,65.15,S0005,2025-03-08,38,422
2024-10-02,P000028,LOC013,311,70.21,S0005,2024-09-15,38,422
2024-11-01,P000028,LOC013,370,70.97,S0005,2024-10-05,38,422
2024-12-01,P000028,LOC013,362,67.53,S0005,2024-11-10,38,422
2024-12-31,P000028,LOC013,373,66.77,S0005,2024-12-18,38,422
2025-01-30,P000028,LOC013,328,70.78,S0005,2025-01-02,38,422
2025-03-01,P000028,LOC013,306,65.28,S0005,2025-02-28,38,422
2025-03-31,P000028,LOC013,295,70.86,S0005,2025-03-21,38,422
2024-10-02,P000028,LOC014,327,66.94,S0005,2024-09-03,38,422
2024-11-01,P000028,LOC014,333,68.63,S0005,2024-10-25,38,422
2024-12-01,P000028,LOC014,323,67.51,S0005,2024-11-27,38,422
2024-12-31,P000028,LOC014,309,70.92,S0005,2024-12-29,38,422
2025-01-30,P000028,LOC014,315,67.97,S0005,2025-01-19,38,422
2025-03-01,P000028,LOC014,342,65.46,S0005,2025-02-13,38,422
2025-03-31,P000028,LOC014,353,65.22,S0005,2025-03-12,38,422
2024-10-02,P000028,LOC015,338,69.43,S0005,2024-09-21,38,422
2024-11-01,P000028,LOC015,298,67.83,S0005,2024-10-15,38,422
2024-12-01,P000028,LOC015,332,71.39,S0005,2024-11-11,38,422
2024-12-31,P000028,LOC015,305,71.49,S0005,2024-12-25,38,422
2025-01-30,P000028,LOC015,358,66.64,S0005,2025-01-29,38,422
2025-03-01,P000028,LOC015,329,65.67,S0005,2025-02-23,38,422
2025-03-31,P000028,LOC015,336,70.65,S0005,2025-03-25,38,422
2024-10-02,P000028,LOC016,326,67.15,S0005,2024-09-09,38,422
2024-11-01,P000028,LOC016,336,69.4,S0005,2024-10-26,38,422
2024-12-01,P000028,LOC016,304,65.39,S0005,2024-11-25,38,422
2024-12-31,P000028,LOC016,390,66.37,S0005,2024-12-22,38,422
2025-01-30,P000028,LOC016,390,71.49,S0005,2025-01-29,38,422
2025-03-01,P000028,LOC016,398,70.3,S0005,2025-02-24,38,422
2025-03-31,P000028,LOC016,355,68.44,S0005,2025-03-25,38,422
2024-10-02,P000028,LOC017,313,69.96,S0005,2024-09-14,38,422
2024-11-01,P000028,LOC017,335,70.54,S0005,2024-10-31,38,422
2024-12-01,P000028,LOC017,310,66.99,S0005,2024-11-17,38,422
2024-12-31,P000028,LOC017,327,68.49,S0005,2024-12-12,38,422
2025-01-30,P000028,LOC017,347,64.92,S0005,2024-12-31,38,422
2025-03-01,P000028,LOC017,302,66.47,S0005,2025-02-15,38,422
2025-03-31,P000028,LOC017,341,69.08,S0005,2025-03-20,38,422
2024-10-02,P000028,LOC018,339,68.46,S0005,2024-09-30,38,422
2024-11-01,P000028,LOC018,346,70.27,S0005,2024-10-25,38,422
2024-12-01,P000028,LOC018,303,65.25,S0005,2024-11-21,38,422
2024-12-31,P000028,LOC018,321,67.78,S0005,2024-12-28,38,422
2025-01-30,P000028,LOC018,321,65.54,S0005,2025-01-18,38,422
2025-03-01,P000028,LOC018,361,67.2,S0005,2025-02-12,38,422
2025-03-31,P000028,LOC018,358,68.47,S0005,2025-03-06,38,422
2024-10-02,P000028,LOC019,316,68.21,S0005,2024-09-10,38,422
2024-11-01,P000028,LOC019,306,64.81,S0005,2024-10-30,38,422
2024-12-01,P000028,LOC019,327,69.86,S0005,2024-11-08,38,422
2024-12-31,P000028,LOC019,395,68.45,S0005,2024-12-04,38,422
2025-01-30,P000028,LOC019,330,68.1,S0005,2025-01-07,38,422
2025-03-01,P000028,LOC019,360,68.27,S0005,2025-02-09,38,422
2025-03-31,P000028,LOC019,380,65.34,S0005,2025-03-21,38,422
2024-10-02,P000028,LOC020,330,70.5,S0005,2024-09-24,38,422
2024-11-01,P000028,LOC020,330,68.63,S0005,2024-10-10,38,422
2024-12-01,P000028,LOC020,381,66.45,S0005,2024-11-11,38,422
2024-12-31,P000028,LOC020,386,66.39,S0005,2024-12-20,38,422
2025-01-30,P000028,LOC020,398,65.96,S0005,2025-01-01,38,422
2025-03-01,P000028,LOC020,309,71.27,S0005,2025-02-17,38,422
2025-03-31,P000028,LOC020,329,66.99,S0005,2025-03-17,38,422
2024-10-02,P000029,LOC001,581,44.11,S0001,2024-09-11,13,999
2024-11-01,P000029,LOC001,607,46.27,S0001,2024-10-19,13,999
2024-12-01,P000029,LOC001,630,44.18,S0001,2024-11-29,13,999
2024-12-31,P000029,LOC001,659,46.91,S0001,2024-12-26,13,999
2025-01-30,P000029,LOC001,708,46.51,S0001,2025-01-07,13,999
2025-03-01,P000029,LOC001,719,47.34,S0001,2025-02-22,13,999
2025-03-31,P000029,LOC001,781,48.36,S0001,2025-03-24,13,999
2024-10-02,P000029,LOC002,655,47.67,S0001,2024-09-28,13,999
2024-11-01,P000029,LOC002,696,45.59,S0001,2024-10-31,13,999
2024-12-01,P000029,LOC002,729,46.89,S0001,2024-11-29,13,999
2024-12-31,P000029,LOC002,714,47.29,S0001,2024-12-22,13,999
2025-01-30,P000029,LOC002,752,46.87,S0001,2025-01-26,13,999
2025-03-01,P000029,LOC002,770,46.98,S0001,2025-02-23,13,999
2025-03-31,P000029,LOC002,844,47.26,S0001,2025-03-01,13,999
2024-10-02,P000029,LOC003,611,47.97,S0001,2024-09-05,13,999
2024-11-01,P000029,LOC003,633,43.9,S0001,2024-10-07,13,999
2024-12-01,P000029,LOC003,618,44.32,S0001,2024-11-08,13,999
2024-12-31,P000029,LOC003,599,48.07,S0001,2024-12-20,13,999
2025-01-30,P000029,LOC003,642,46.26,S0001,2025-01-25,13,999
2025-03-01,P000029,LOC003,595,44.88,S0001,2025-02-02,13,999
2025-03-31,P000029,LOC003,688,46.56,S0001,2025-03-28,13,999
2024-10-02,P000029,LOC004,621,47.73,S0001,2024-09-29,13,999
2024-11-01,P000029,LOC004,703,44.27,S0001,2024-10-23,13,999
2024-12-01,P000029,LOC004,684,44.12,S0001,2024-11-22,13,999
2024-12-31,P000029,LOC004,641,45.03,S0001,2024-12-21,13,999
2025-01-30,P000029,LOC004,672,44.77,S0001,2025-01-12,13,999
2025-03-01,P000029,LOC004,769,44.45,S0001,2025-02-12,13,999
2025-03-31,P000029,LOC004,780,44.34,S0001,2025-03-05,13,999
2024-10-02,P000029,LOC005,654,45.95,S0001,2024-09-11,13,999
2024-11-01,P000029,LOC005,708,45.09,S0001,2024-10-09,13,999
2024-12-01,P000029,LOC005,731,47.89,S0001,2024-11-07,13,999
2024-12-31,P000029,LOC005,772,44.66,S0001,2024-12-09,13,999
2025-01-30,P000029,LOC005,776,46.5,S0001,2025-01-18,13,999
2025-03-01,P000029,LOC005,834,46.42,S0001,2025-02-22,13,999
2025-03-31,P000029,LOC005,841,48.44,S0001,2025-03-25,13,999
2024-10-02,P000029,LOC006,633,47.33,S0001,2024-09-10,13,999
2024-11-01,P000029,LOC006,596,46.76,S0001,2024-10-06,13,999
2024-12-01,P000029,LOC006,593,48.11,S0001,2024-11-30,13,999
2024-12-31,P000029,LOC006,581,47.39,S0001,2024-12-01,13,999
2025-01-30,P000029,LOC006,616,45.74,S0001,2025-01-23,13,999
2025-03-01,P000029,LOC006,666,44.75,S0001,2025-02-08,13,999
2025-03-31,P000029,LOC006,723,45.96,S0001,2025-03-12,13,999
2024-10-02,P000029,LOC007,643,47.09,S0001,2024-09-16,13,999
2024-11-01,P000029,LOC007,734,44.69,S0001,2024-10-10,13,999
2024-12-01,P000029,LOC007,709,47.45,S0001,2024-11-07,13,999
2024-12-31,P000029,LOC007,737,45.55,S0001,2024-12-06,13,999
2025-01-30,P000029,LOC007,687,46.65,S0001,2025-01-18,13,999
2025-03-01,P000029,LOC007,697,47.56,S0001,2025-02-10,13,999
2025-03-31,P000029,LOC007,678,45.88,S0001,2025-03-22,13,999
2024-10-02,P000029,LOC008,680,45.61,S0001,2024-10-01,13,999
2024-11-01,P000029,LOC008,685,44.63,S0001,2024-10-24,13,999
2024-12-01,P000029,LOC008,682,46.46,S0001,2024-11-17,13,999
2024-12-31,P000029,LOC008,678,44.1,S0001,2024-12-30,13,999
2025-01-30,P000029,LOC008,710,47.48,S0001,2025-01-14,13,999
2025-03-01,P000029,LOC008,803,47.01,S0001,2025-02-16,13,999
2025-03-31,P000029,LOC008,826,47.87,S0001,2025-03-08,13,999
2024-10-02,P000029,LOC009,693,47.95,S0001,2024-09-02,13,999
2024-11-01,P000029,LOC009,650,45.07,S0001,2024-10-02,13,999
2024-12-01,P000029,LOC009,741,48.3,S0001,2024-11-11,13,999
2024-12-31,P000029,LOC009,760,46.92,S0001,2024-12-04,13,999
2025-01-30,P000029,LOC009,773,45.05,S0001,2025-01-20,13,999
2025-03-01,P000029,LOC009,835,45.13,S0001,2025-02-12,13,999
2025-03-31,P000029,LOC009,926,47.22,S0001,2025-03-09,13,999
2024-10-02,P000029,LOC010,572,48.22,S0001,2024-09-03,13,999
2024-11-01,P000029,LOC010,590,44.06,S0001,2024-10-06,13,999
2024-12-01,P000029,LOC010,668,47.6,S0001,2024-11-11,13,999
2024-12-31,P000029,LOC010,628,44.81,S0001,2024-12-07,13,999
2025-01-30,P000029,LOC010,597,47.29,S0001,2025-01-14,13,999
2025-03-01,P000029,LOC010,616,45.91,S0001,2025-02-24,13,999
2025-03-31,P000029,LOC010,606,47.8,S0001,2025-03-15,13,999
2024-10-02,P000029,LOC011,642,46.36,S0001,2024-09-21,13,999
2024-11-01,P000029,LOC011,686,47.3,S0001,2024-10-24,13,999
2024-12-01,P000029,LOC011,688,44.81,S0001,2024-11-15,13,999
2024-12-31,P000029,LOC011,718,45.54,S0001,2024-12-14,13,999
2025-01-30,P000029,LOC011,708,47.74,S0001,2025-01-10,13,999
2025-03-01,P000029,LOC011,782,43.92,S0001,2025-02-12,13,999
2025-03-31,P000029,LOC011,871,46.19,S0001,2025-03-18,13,999
2024-10-02,P000029,LOC012,587,45.8,S0001,2024-09-29,13,999
2024-11-01,P000029,LOC012,562,47.97,S0001,2024-10-05,13,999
2024-12-01,P000029,LOC012,529,44.81,S0001,2024-11-12,13,999
2024-12-31,P000029,LOC012,550,48.07,S0001,2024-12-30,13,999
2025-01-30,P000029,LOC012,623,45.76,S0001,2025-01-02,13,999
2025-03-01,P000029,LOC012,579,47.23,S0001,2025-01-30,13,999
2025-03-31,P000029,LOC012,607,44.65,S0001,2025-03-17,13,999
2024-10-02,P000029,LOC013,587,46.79,S0001,2024-09-29,13,999
2024-11-01,P000029,LOC013,545,45.04,S0001,2024-10-26,13,999
2024-12-01,P000029,LOC013,637,44.72,S0001,2024-11-20,13,999
2024-12-31,P000029,LOC013,723,46.32,S0001,2024-12-14,13,999
2025-01-30,P000029,LOC013,773,45.01,S0001,2025-01-01,13,999
2025-03-01,P000029,LOC013,866,47.61,S0001,2025-02-04,13,999
2025-03-31,P000029,LOC013,866,44.52,S0001,2025-03-10,13,999
2024-10-02,P000029,LOC014,640,44.02,S0001,2024-09-09,13,999
2024-11-01,P000029,LOC014,731,44.2,S0001,2024-10-09,13,999
2024-12-01,P000029,LOC014,745,46.34,S0001,2024-11-19,13,999
2024-12-31,P000029,LOC014,781,43.99,S0001,2024-12-13,13,999
2025-01-30,P000029,LOC014,775,43.97,S0001,2025-01-08,13,999
2025-03-01,P000029,LOC014,749,44.01,S0001,2025-02-18,13,999
2025-03-31,P000029,LOC014,794,48.4,S0001,2025-03-06,13,999
2024-10-02,P000029,LOC015,621,48.37,S0001,2024-09-14,13,999
2024-11-01,P000029,LOC015,594,45.12,S0001,2024-10-26,13,999
2024-12-01,P000029,LOC015,659,45.14,S0001,2024-11-30,13,999
2024-12-31,P000029,LOC015,666,46.34,S0001,2024-12-28,13,999
2025-01-30,P000029,LOC015,655,43.93,S0001,2025-01-07,13,999
2025-03-01,P000029,LOC015,660,47.46,S0001,2025-02-24,13,999
2025-03-31,P000029,LOC015,749,47.46,S0001,2025-03-09,13,999
2024-10-02,P000029,LOC016,648,47.61,S0001,2024-09-09,13,999
2024-11-01,P000029,LOC016,729,45.89,S0001,2024-10-02,13,999
2024-12-01,P000029,LOC016,760,46.54,S0001,2024-11-13,13,999
2024-12-31,P000029,LOC016,816,47.22,S0001,2024-12-30,13,999
2025-01-30,P000029,LOC016,858,44.46,S0001,2025-01-11,13,999
2025-03-01,P000029,LOC016,814,47.67,S0001,2025-02-03,13,999
2025-03-31,P000029,LOC016,857,47.15,S0001,2025-03-17,13,999
2024-10-02,P000029,LOC017,578,44.95,S0001,2024-09-02,13,999
2024-11-01,P000029,LOC017,570,48.01,S0001,2024-10-15,13,999
2024-12-01,P000029,LOC017,668,46.08,S0001,2024-11-05,13,999
2024-12-31,P000029,LOC017,720,43.95,S0001,2024-12-14,13,999
2025-01-30,P000029,LOC017,767,47.56,S0001,2025-01-25,13,999
2025-03-01,P000029,LOC017,730,46.03,S0001,2025-02-04,13,999
2025-03-31,P000029,LOC017,752,45.8,S0001,2025-03-28,13,999
2024-10-02,P000029,LOC018,590,46.72,S0001,2024-09-06,13,999
2024-11-01,P000029,LOC018,568,48.15,S0001,2024-10-30,13,999
2024-12-01,P000029,LOC018,615,48.45,S0001,2024-11-22,13,999
2024-12-31,P000029,LOC018,613,44.99,S0001,2024-12-04,13,999
2025-01-30,P000029,LOC018,703,45.17,S0001,2025-01-22,13,999
2025-03-01,P000029,LOC018,669,44.73,S0001,2025-02-12,13,999
2025-03-31,P000029,LOC018,651,47.25,S0001,2025-03-17,13,999
2024-10-02,P000029,LOC019,639,47.34,S0001,2024-09-23,13,999
2024-11-01,P000029,LOC019,736,46.43,S0001,2024-10-03,13,999
2024-12-01,P000029,LOC019,749,46.06,S0001,2024-11-14,13,999
2024-12-31,P000029,LOC019,748,46.55,S0001,2024-12-03,13,999
2025-01-30,P000029,LOC019,828,46.19,S0001,2025-01-25,13,999
2025-03-01,P000029,LOC019,855,46.15,S0001,2025-02-12,13,999
2025-03-31,P000029,LOC019,815,44.06,S0001,2025-03-24,13,999
2024-10-02,P000029,LOC020,561,45.11,S0001,2024-09-18,13,999
2024-11-01,P000029,LOC020,531,44.28,S0001,2024-10-31,13,999
2024-12-01,P000029,LOC020,481,47.5,S0001,2024-11-12,13,999
2024-12-31,P000029,LOC020,475,46.45,S0001,2024-12-20,13,999
2025-01-30,P000029,LOC020,531,45.99,S0001,2025-01-29,13,999
2025-03-01,P000029,LOC020,558,44.42,S0001,2025-02-09,13,999
2025-03-31,P000029,LOC020,510,47.97,S0001,2025-03-23,13,999
2024-10-02,P000030,LOC001,647,663.4,S0005,2024-09-04,25,777
2024-11-01,P000030,LOC001,670,639.89,S0005,2024-10-21,25,777
2024-12-01,P000030,LOC001,698,640.16,S0005,2024-11-27,25,777
2024-12-31,P000030,LOC001,695,635.09,S0005,2024-12-27,25,777
2025-01-30,P000030,LOC001,688,665.55,S0005,2025-01-05,25,777
2025-03-01,P000030,LOC001,693,616.93,S0005,2025-02-07,25,777
2025-03-31,P000030,LOC001,764,618.13,S0005,2025-03-14,25,777
2024-10-02,P000030,LOC002,650,651.77,S0005,2024-09-14,25,777
2024-11-01,P000030,LOC002,717,666.27,S0005,2024-10-14,25,777
2024-12-01,P000030,LOC002,721,652.71,S0005,2024-11-29,25,777
2024-12-31,P000030,LOC002,727,655.62,S0005,2024-12-17,25,777
2025-01-30,P000030,LOC002,582,632.59,S0005,2025-01-07,25,777
2025-03-01,P000030,LOC002,604,653.27,S0005,2025-02-18,25,777
2025-03-31,P000030,LOC002,731,627.87,S0005,2025-03-21,25,777
2024-10-02,P000030,LOC003,631,632.25,S0005,2024-09-14,25,777
2024-11-01,P000030,LOC003,702,623.49,S0005,2024-10-06,25,777
2024-12-01,P000030,LOC003,657,638.36,S0005,2024-11-07,25,777
2024-12-31,P000030,LOC003,627,629.23,S0005,2024-12-19,25,777
2025-01-30,P000030,LOC003,725,649.8,S0005,2025-01-02,25,777
2025-03-01,P000030,LOC003,675,652.67,S0005,2025-02-19,25,777
2025-03-31,P000030,LOC003,757,653.18,S0005,2025-03-09,25,777
2024-10-02,P000030,LOC004,707,629.31,S0005,2024-09-11,25,777
2024-11-01,P000030,LOC004,768,624.72,S0005,2024-10-30,25,777
2024-12-01,P000030,LOC004,732,646.39,S0005,2024-11-18,25,777
2024-12-31,P000030,LOC004,600,661.48,S0005,2024-12-23,25,777
2025-01-30,P000030,LOC004,678,617.27,S0005,2025-01-24,25,777
2025-03-01,P000030,LOC004,639,626.51,S0005,2025-02-06,25,777
2025-03-31,P000030,LOC004,655,676.31,S0005,2025-03-28,25,777
2024-10-02,P000030,LOC005,592,623.8,S0005,2024-09-27,25,777
2024-11-01,P000030,LOC005,544,616.79,S0005,2024-10-24,25,777
2024-12-01,P000030,LOC005,597,673.75,S0005,2024-11-21,25,777
2024-12-31,P000030,LOC005,694,664.72,S0005,2024-12-08,25,777
2025-01-30,P000030,LOC005,763,674.93,S0005,2025-01-05,25,777
2025-03-01,P000030,LOC005,590,638.3,S0005,2025-02-26,25,777
2025-03-31,P000030,LOC005,616,629.38,S0005,2025-03-19,25,777
2024-10-02,P000030,LOC006,594,616.59,S0005,2024-09-19,25,777
2024-11-01,P000030,LOC006,628,650.22,S0005,2024-10-30,25,777
2024-12-01,P000030,LOC006,716,672.76,S0005,2024-11-24,25,777
2024-12-31,P000030,LOC006,718,647.26,S0005,2024-12-16,25,777
2025-01-30,P000030,LOC006,754,675.67,S0005,2025-01-18,25,777
2025-03-01,P000030,LOC006,739,657.23,S0005,2025-02-06,25,777
2025-03-31,P000030,LOC006,689,677.34,S0005,2025-03-29,25,777
2024-10-02,P000030,LOC007,647,662.13,S0005,2024-09-13,25,777
2024-11-01,P000030,LOC007,706,656.81,S0005,2024-10-10,25,777
2024-12-01,P000030,LOC007,741,652.96,S0005,2024-11-09,25,777
2024-12-31,P000030,LOC007,702,626.59,S0005,2024-12-17,25,777
2025-01-30,P000030,LOC007,749,646.69,S0005,2025-01-26,25,777
2025-03-01,P000030,LOC007,620,674.07,S0005,2025-02-07,25,777
2025-03-31,P000030,LOC007,566,617.79,S0005,2025-03-02,25,777
2024-10-02,P000030,LOC008,680,632.23,S0005,2024-09-17,25,777
2024-11-01,P000030,LOC008,743,631.37,S0005,2024-10-03,25,777
2024-12-01,P000030,LOC008,721,671.88,S0005,2024-11-07,25,777
2024-12-31,P000030,LOC008,653,655.87,S0005,2024-12-25,25,777
2025-01-30,P000030,LOC008,658,663.4,S0005,2025-01-04,25,777
2025-03-01,P000030,LOC008,649,655.99,S0005,2025-02-15,25,777
2025-03-31,P000030,LOC008,676,662.38,S0005,2025-03-02,25,777
2024-10-02,P000030,LOC009,629,642.68,S0005,2024-09-16,25,777
2024-11-01,P000030,LOC009,632,619.44,S0005,2024-10-21,25,777
2024-12-01,P000030,LOC009,681,659.88,S0005,2024-11-14,25,777
2024-12-31,P000030,LOC009,639,630.47,S0005,2024-12-20,25,777
2025-01-30,P000030,LOC009,699,642.93,S0005,2025-01-13,25,777
2025-03-01,P000030,LOC009,701,663.78,S0005,2025-02-24,25,777
2025-03-31,P000030,LOC009,761,615.02,S0005,2025-03-15,25,777
2024-10-02,P000030,LOC010,669,655.1,S0005,2024-09-21,25,777
2024-11-01,P000030,LOC010,674,666.01,S0005,2024-10-05,25,777
2024-12-01,P000030,LOC010,657,643.69,S0005,2024-11-15,25,777
2024-12-31,P000030,LOC010,670,640.76,S0005,2024-12-04,25,777
2025-01-30,P000030,LOC010,764,621.2,S0005,2025-01-10,25,777
2025-03-01,P000030,LOC010,650,642.89,S0005,2025-02-01,25,777
2025-03-31,P000030,LOC010,729,619.35,S0005,2025-03-14,25,777
2024-10-02,P000030,LOC011,734,652.25,S0005,2024-09-16,25,777
2024-11-01,P000030,LOC011,633,675.64,S0005,2024-10-02,25,777
2024-12-01,P000030,LOC011,773,645.42,S0005,2024-11-04,25,777
2024-12-31,P000030,LOC011,681,614.57,S0005,2024-12-02,25,777
2025-01-30,P000030,LOC011,629,639.18,S0005,2025-01-09,25,777
2025-03-01,P000030,LOC011,600,624.47,S0005,2025-02-07,25,777
2025-03-31,P000030,LOC011,678,660.1,S0005,2025-03-12,25,777
2024-10-02,P000030,LOC012,635,676.72,S0005,2024-09-07,25,777
2024-11-01,P000030,LOC012,656,636.18,S0005,2024-10-29,25,777
2024-12-01,P000030,LOC012,704,633.62,S0005,2024-11-18,25,777
2024-12-31,P000030,LOC012,667,619.17,S0005,2024-12-08,25,777
2025-01-30,P000030,LOC012,665,650.97,S0005,2025-01-29,25,777
2025-03-01,P000030,LOC012,686,627.6,S0005,2025-02-09,25,777
2025-03-31,P000030,LOC012,777,645.01,S0005,2025-03-02,25,777
2024-10-02,P000030,LOC013,693,664.02,S0005,2024-09-08,25,777
2024-11-01,P000030,LOC013,683,677.1,S0005,2024-10-29,25,777
2024-12-01,P000030,LOC013,699,633.58,S0005,2024-11-01,25,777
2024-12-31,P000030,LOC013,742,677.04,S0005,2024-12-01,25,777
2025-01-30,P000030,LOC013,702,620.68,S0005,2025-01-13,25,777
2025-03-01,P000030,LOC013,698,677.36,S0005,2025-02-14,25,777
2025-03-31,P000030,LOC013,623,652.16,S0005,2025-03-08,25,777
2024-10-02,P000030,LOC014,610,621.89,S0005,2024-09-09,25,777
2024-11-01,P000030,LOC014,673,652.19,S0005,2024-10-25,25,777
2024-12-01,P000030,LOC014,658,663.82,S0005,2024-11-29,25,777
2024-12-31,P000030,LOC014,744,649.34,S0005,2024-12-21,25,777
2025-01-30,P000030,LOC014,757,629.86,S0005,2025-01-12,25,777
2025-03-01,P000030,LOC014,640,657.4,S0005,2025-02-16,25,777
2025-03-31,P000030,LOC014,767,613.73,S0005,2025-03-10,25,777
2024-10-02,P000030,LOC015,687,637.45,S0005,2024-09-30,25,777
2024-11-01,P000030,LOC015,736,620.9,S0005,2024-10-31,25,777
2024-12-01,P000030,LOC015,742,648.47,S0005,2024-11-28,25,777
2024-12-31,P000030,LOC015,666,653.34,S0005,2024-12-12,25,777
2025-01-30,P000030,LOC015,590,671.03,S0005,2025-01-19,25,777
2025-03-01,P000030,LOC015,671,640.21,S0005,2025-02-13,25,777
2025-03-31,P000030,LOC015,682,654.31,S0005,2025-03-12,25,777
2024-10-02,P000030,LOC016,624,658.44,S0005,2024-09-20,25,777
2024-11-01,P000030,LOC016,643,625.02,S0005,2024-10-26,25,777
2024-12-01,P000030,LOC016,649,655.07,S0005,2024-11-14,25,777
2024-12-31,P000030,LOC016,667,653.92,S0005,2024-12-20,25,777
2025-01-30,P000030,LOC016,654,629.09,S0005,2025-01-14,25,777
2025-03-01,P000030,LOC016,605,662.96,S0005,2025-02-06,25,777
2025-03-31,P000030,LOC016,658,631.05,S0005,2025-03-26,25,777
2024-10-02,P000030,LOC017,596,623.78,S0005,2024-09-26,25,777
2024-11-01,P000030,LOC017,636,614.84,S0005,2024-10-19,25,777
2024-12-01,P000030,LOC017,605,620.2,S0005,2024-11-22,25,777
2024-12-31,P000030,LOC017,625,656.69,S0005,2024-12-22,25,777
2025-01-30,P000030,LOC017,718,628.1,S0005,2025-01-23,25,777
2025-03-01,P000030,LOC017,697,657.47,S0005,2025-02-16,25,777
2025-03-31,P000030,LOC017,558,622.99,S0005,2025-03-11,25,777
2024-10-02,P000030,LOC018,705,665.45,S0005,2024-09-09,25,777
2024-11-01,P000030,LOC018,761,627.18,S0005,2024-10-27,25,777
2024-12-01,P000030,LOC018,736,661.77,S0005,2024-11-17,25,777
2024-12-31,P000030,LOC018,636,651.07,S0005,2024-12-13,25,777
2025-01-30,P000030,LOC018,621,634.26,S0005,2025-01-10,25,777
2025-03-01,P000030,LOC018,642,674.01,S0005,2025-02-11,25,777
2025-03-31,P000030,LOC018,722,651.69,S0005,2025-03-08,25,777
2024-10-02,P000030,LOC019,716,619.36,S0005,2024-09-28,25,777
2024-11-01,P000030,LOC019,775,614.42,S0005,2024-10-21,25,777
2024-12-01,P000030,LOC019,744,642.32,S0005,2024-11-22,25,777
2024-12-31,P000030,LOC019,678,648.37,S0005,2024-12-24,25,777
2025-01-30,P000030,LOC019,770,627.61,S0005,2025-01-21,25,777
2025-03-01,P000030,LOC019,649,654.4,S0005,2025-02-27,25,777
2025-03-31,P000030,LOC019,697,645.07,S0005,2025-03-28,25,777
2024-10-02,P000030,LOC020,598,632.59,S0005,2024-09-07,25,777
2024-11-01,P000030,LOC020,618,677.55,S0005,2024-10-13,25,777
2024-12-01,P000030,LOC020,597,656.31,S0005,2024-11-23,25,777
2024-12-31,P000030,LOC020,636,623.05,S0005,2024-12-26,25,777
2025-01-30,P000030,LOC020,721,677.45,S0005,2025-01-13,25,777
2025-03-01,P000030,LOC020,613,670.3,S0005,2025-02-24,25,777
2025-03-31,P000030,LOC020,717,642.17,S0005,2025-03-01,25,777
2024-10-02,P000031,LOC001,356,61.57,S0004,2024-09-18,45,427
2024-11-01,P000031,LOC001,367,59.6,S0004,2024-10-02,45,427
2024-12-01,P000031,LOC001,307,61.67,S0004,2024-11-05,45,427
2024-12-31,P000031,LOC001,380,62.43,S0004,2024-12-08,45,427
2025-01-30,P000031,LOC001,369,60.06,S0004,2025-01-04,45,427
2025-03-01,P000031,LOC001,336,61.33,S0004,2025-02-12,45,427
2025-03-31,P000031,LOC001,367,62.19,S0004,2025-03-29,45,427
2024-10-02,P000031,LOC002,303,61.28,S0004,2024-09-03,45,427
2024-11-01,P000031,LOC002,403,63.13,S0004,2024-10-26,45,427
2024-12-01,P000031,LOC002,371,61.76,S0004,2024-11-22,45,427
2024-12-31,P000031,LOC002,341,59.69,S0004,2024-12-28,45,427
2025-01-30,P000031,LOC002,379,61.71,S0004,2025-01-02,45,427
2025-03-01,P000031,LOC002,401,59.9,S0004,2025-02-11,45,427
2025-03-31,P000031,LOC002,344,60.91,S0004,2025-03-16,45,427
2024-10-02,P000031,LOC003,300,63.08,S0004,2024-09-09,45,427
2024-11-01,P000031,LOC003,326,59.25,S0004,2024-10-29,45,427
2024-12-01,P000031,LOC003,353,58.8,S0004,2024-11-10,45,427
2024-12-31,P000031,LOC003,354,61.04,S0004,2024-12-18,45,427
2025-01-30,P000031,LOC003,360,62.65,S0004,2025-01-10,45,427
2025-03-01,P000031,LOC003,360,62.71,S0004,2025-02-21,45,427
2025-03-31,P000031,LOC003,346,60.71,S0004,2025-03-07,45,427
2024-10-02,P000031,LOC004,340,60.64,S0004,2024-09-22,45,427
2024-11-01,P000031,LOC004,381,62.01,S0004,2024-10-21,45,427
2024-12-01,P000031,LOC004,361,62.01,S0004,2024-11-26,45,427
2024-12-31,P000031,LOC004,352,63.71,S0004,2024-12-13,45,427
2025-01-30,P000031,LOC004,335,64.89,S0004,2025-01-20,45,427
2025-03-01,P000031,LOC004,301,58.96,S0004,2025-02-27,45,427
2025-03-31,P000031,LOC004,310,63.0,S0004,2025-03-29,45,427
2024-10-02,P000031,LOC005,343,64.75,S0004,2024-10-01,45,427
2024-11-01,P000031,LOC005,401,64.36,S0004,2024-10-19,45,427
2024-12-01,P000031,LOC005,311,62.0,S0004,2024-11-22,45,427
2024-12-31,P000031,LOC005,399,59.03,S0004,2024-12-02,45,427
2025-01-30,P000031,LOC005,314,63.47,S0004,2025-01-12,45,427
2025-03-01,P000031,LOC005,332,64.03,S0004,2025-02-28,45,427
2025-03-31,P000031,LOC005,347,63.36,S0004,2025-03-13,45,427
2024-10-02,P000031,LOC006,320,59.89,S0004,2024-09-18,45,427
2024-11-01,P000031,LOC006,350,63.91,S0004,2024-10-21,45,427
2024-12-01,P000031,LOC006,349,63.57,S0004,2024-11-19,45,427
2024-12-31,P000031,LOC006,345,62.02,S0004,2024-12-04,45,427
2025-01-30,P000031,LOC006,373,58.92,S0004,2025-01-16,45,427
2025-03-01,P000031,LOC006,332,61.58,S0004,2025-02-27,45,427
2025-03-31,P000031,LOC006,330,62.11,S0004,2025-03-25,45,427
2024-10-02,P000031,LOC007,385,63.77,S0004,2024-09-19,45,427
2024-11-01,P000031,LOC007,311,63.73,S0004,2024-10-29,45,427
2024-12-01,P000031,LOC007,389,62.23,S0004,2024-11-07,45,427
2024-12-31,P000031,LOC007,368,60.71,S0004,2024-12-14,45,427
2025-01-30,P000031,LOC007,371,62.37,S0004,2025-01-19,45,427
2025-03-01,P000031,LOC007,316,60.29,S0004,2025-02-17,45,427
2025-03-31,P000031,LOC007,403,61.19,S0004,2025-03-02,45,427
2024-10-02,P000031,LOC008,324,63.74,S0004,2024-09-17,45,427
2024-11-01,P000031,LOC008,317,62.53,S0004,2024-10-29,45,427
2024-12-01,P000031,LOC008,315,61.79,S0004,2024-11-17,45,427
2024-12-31,P000031,LOC008,358,63.62,S0004,2024-12-25,45,427
2025-01-30,P000031,LOC008,401,62.09,S0004,2025-01-18,45,427
2025-03-01,P000031,LOC008,323,64.71,S0004,2025-02-19,45,427
2025-03-31,P000031,LOC008,342,59.53,S0004,2025-03-06,45,427
2024-10-02,P000031,LOC009,318,61.79,S0004,2024-09-30,45,427
2024-11-01,P000031,LOC009,367,63.12,S0004,2024-10-19,45,427
2024-12-01,P000031,LOC009,345,64.28,S0004,2024-11-15,45,427
2024-12-31,P000031,LOC009,302,62.6,S0004,2024-12-17,45,427
2025-01-30,P000031,LOC009,364,62.96,S0004,2025-01-25,45,427
2025-03-01,P000031,LOC009,319,59.41,S0004,2025-02-15,45,427
2025-03-31,P000031,LOC009,362,59.65,S0004,2025-03-10,45,427
2024-10-02,P000031,LOC010,340,62.76,S0004,2024-09-23,45,427
2024-11-01,P000031,LOC010,374,64.41,S0004,2024-10-11,45,427
2024-12-01,P000031,LOC010,320,61.53,S0004,2024-11-16,45,427
2024-12-31,P000031,LOC010,379,64.05,S0004,2024-12-27,45,427
2025-01-30,P000031,LOC010,385,63.1,S0004,2025-01-21,45,427
2025-03-01,P000031,LOC010,305,62.22,S0004,2025-02-08,45,427
2025-03-31,P000031,LOC010,309,59.17,S0004,2025-03-28,45,427
2024-10-02,P000031,LOC011,391,61.83,S0004,2024-09-14,45,427
2024-11-01,P000031,LOC011,318,61.61,S0004,2024-10-21,45,427
2024-12-01,P000031,LOC011,333,64.41,S0004,2024-11-27,45,427
2024-12-31,P000031,LOC011,347,60.77,S0004,2024-12-26,45,427
2025-01-30,P000031,LOC011,326,64.54,S0004,2025-01-28,45,427
2025-03-01,P000031,LOC011,390,59.09,S0004,2025-02-13,45,427
2025-03-31,P000031,LOC011,355,64.64,S0004,2025-03-17,45,427
2024-10-02,P000031,LOC012,367,58.82,S0004,2024-10-01,45,427
2024-11-01,P000031,LOC012,362,60.74,S0004,2024-10-14,45,427
2024-12-01,P000031,LOC012,364,60.81,S0004,2024-11-18,45,427
2024-12-31,P000031,LOC012,361,59.81,S0004,2024-12-02,45,427
2025-01-30,P000031,LOC012,336,62.51,S0004,2025-01-12,45,427
2025-03-01,P000031,LOC012,389,62.82,S0004,2025-02-15,45,427
2025-03-31,P000031,LOC012,364,63.85,S0004,2025-03-21,45,427
2024-10-02,P000031,LOC013,385,61.61,S0004,2024-10-01,45,427
2024-11-01,P000031,LOC013,374,60.16,S0004,2024-10-10,45,427
2024-12-01,P000031,LOC013,330,62.88,S0004,2024-11-08,45,427
2024-12-31,P000031,LOC013,364,62.41,S0004,2024-12-08,45,427
2025-01-30,P000031,LOC013,307,61.18,S0004,2025-01-05,45,427
2025-03-01,P000031,LOC013,313,61.4,S0004,2025-02-09,45,427
2025-03-31,P000031,LOC013,311,64.34,S0004,2025-03-07,45,427
2024-10-02,P000031,LOC014,331,64.18,S0004,2024-09-26,45,427
2024-11-01,P000031,LOC014,318,59.05,S0004,2024-10-14,45,427
2024-12-01,P000031,LOC014,372,59.95,S0004,2024-11-21,45,427
2024-12-31,P000031,LOC014,353,59.61,S0004,2024-12-27,45,427
2025-01-30,P000031,LOC014,343,59.55,S0004,2025-01-04,45,427
2025-03-01,P000031,LOC014,313,63.07,S0004,2025-02-25,45,427
2025-03-31,P000031,LOC014,339,64.09,S0004,2025-03-15,45,427
2024-10-02,P000031,LOC015,318,58.89,S0004,2024-09-25,45,427
2024-11-01,P000031,LOC015,366,64.65,S0004,2024-10-11,45,427
2024-12-01,P000031,LOC015,372,64.67,S0004,2024-11-27,45,427
2024-12-31,P000031,LOC015,367,63.4,S0004,2024-12-02,45,427
2025-01-30,P000031,LOC015,405,60.64,S0004,2024-12-31,45,427
2025-03-01,P000031,LOC015,358,60.37,S0004,2025-02-28,45,427
2025-03-31,P000031,LOC015,351,63.03,S0004,2025-03-14,45,427
2024-10-02,P000031,LOC016,313,59.87,S0004,2024-09-11,45,427
2024-11-01,P000031,LOC016,332,63.72,S0004,2024-10-12,45,427
2024-12-01,P000031,LOC016,347,59.3,S0004,2024-11-28,45,427
2024-12-31,P000031,LOC016,304,59.59,S0004,2024-12-27,45,427
2025-01-30,P000031,LOC016,337,59.7,S0004,2025-01-10,45,427
2025-03-01,P000031,LOC016,299,61.2,S0004,2025-02-10,45,427
2025-03-31,P000031,LOC016,313,62.06,S0004,2025-03-23,45,427
2024-10-02,P000031,LOC017,385,60.36,S0004,2024-09-21,45,427
2024-11-01,P000031,LOC017,401,59.43,S0004,2024-10-29,45,427
2024-12-01,P000031,LOC017,352,61.08,S0004,2024-11-19,45,427
2024-12-31,P000031,LOC017,351,60.53,S0004,2024-12-18,45,427
2025-01-30,P000031,LOC017,371,60.29,S0004,2025-01-23,45,427
2025-03-01,P000031,LOC017,343,60.84,S0004,2025-02-02,45,427
2025-03-31,P000031,LOC017,388,63.22,S0004,2025-03-09,45,427
2024-10-02,P000031,LOC018,351,60.45,S0004,2024-09-27,45,427
2024-11-01,P000031,LOC018,307,59.68,S0004,2024-10-12,45,427
2024-12-01,P000031,LOC018,302,64.68,S0004,2024-11-11,45,427
2024-12-31,P000031,LOC018,380,63.37,S0004,2024-12-07,45,427
2025-01-30,P000031,LOC018,330,59.03,S0004,2025-01-19,45,427
2025-03-01,P000031,LOC018,328,62.49,S0004,2025-02-05,45,427
2025-03-31,P000031,LOC018,356,59.68,S0004,2025-03-28,45,427
2024-10-02,P000031,LOC019,316,58.87,S0004,2024-09-19,45,427
2024-11-01,P000031,LOC019,347,58.94,S0004,2024-10-23,45,427
2024-12-01,P000031,LOC019,378,59.17,S0004,2024-11-17,45,427
2024-12-31,P000031,LOC019,380,62.05,S0004,2024-12-27,45,427
2025-01-30,P000031,LOC019,357,59.67,S0004,2025-01-04,45,427
2025-03-01,P000031,LOC019,310,61.19,S0004,2025-02-14,45,427
2025-03-31,P000031,LOC019,311,58.85,S0004,2025-03-28,45,427
2024-10-02,P000031,LOC020,381,61.23,S0004,2024-09-20,45,427
2024-11-01,P000031,LOC020,386,58.83,S0004,2024-10-20,45,427
2024-12-01,P000031,LOC020,338,59.27,S0004,2024-11-03,45,427
2024-12-31,P000031,LOC020,386,63.18,S0004,2024-12-15,45,427
2025-01-30,P000031,LOC020,303,64.76,S0004,2025-01-27,45,427
2025-03-01,P000031,LOC020,375,60.22,S0004,2025-02-20,45,427
2025-03-31,P000031,LOC020,357,60.29,S0004,2025-03-10,45,427
2024-10-02,P000032,LOC001,649,521.19,S0010,2024-09-19,20,1115
2024-11-01,P000032,LOC001,648,494.91,S0010,2024-10-19,20,1115
2024-12-01,P000032,LOC001,660,498.19,S0010,2024-11-08,20,1115
2024-12-31,P000032,LOC001,716,516.8,S0010,2024-12-03,20,1115
2025-01-30,P000032,LOC001,783,521.92,S0010,2024-12-31,20,1115
2025-03-01,P000032,LOC001,752,506.93,S0010,2025-01-30,20,1115
2025-03-31,P000032,LOC001,756,494.36,S0010,2025-03-01,20,1115
2024-10-02,P000032,LOC002,623,518.98,S0010,2024-10-01,20,1115
2024-11-01,P000032,LOC002,709,506.98,S0010,2024-10-19,20,1115
2024-12-01,P000032,LOC002,741,507.42,S0010,2024-11-16,20,1115
2024-12-31,P000032,LOC002,738,504.14,S0010,2024-12-21,20,1115
2025-01-30,P000032,LOC002,829,534.77,S0010,2025-01-20,20,1115
2025-03-01,P000032,LOC002,833,494.42,S0010,2025-02-24,20,1115
2025-03-31,P000032,LOC002,918,490.33,S0010,2025-03-21,20,1115
2024-10-02,P000032,LOC003,564,500.38,S0010,2024-09-22,20,1115
2024-11-01,P000032,LOC003,638,513.85,S0010,2024-10-08,20,1115
2024-12-01,P000032,LOC003,675,500.29,S0010,2024-11-04,20,1115
2024-12-31,P000032,LOC003,650,520.44,S0010,2024-12-13,20,1115
2025-01-30,P000032,LOC003,678,518.72,S0010,2025-01-02,20,1115
2025-03-01,P000032,LOC003,638,526.44,S0010,2025-02-24,20,1115
2025-03-31,P000032,LOC003,624,510.59,S0010,2025-03-13,20,1115
2024-10-02,P000032,LOC004,567,490.15,S0010,2024-09-05,20,1115
2024-11-01,P000032,LOC004,523,494.69,S0010,2024-10-10,20,1115
2024-12-01,P000032,LOC004,608,537.8,S0010,2024-11-28,20,1115
2024-12-31,P000032,LOC004,656,504.41,S0010,2024-12-13,20,1115
2025-01-30,P000032,LOC004,743,522.03,S0010,2025-01-08,20,1115
2025-03-01,P000032,LOC004,755,501.02,S0010,2025-02-05,20,1115
2025-03-31,P000032,LOC004,738,493.48,S0010,2025-03-17,20,1115
2024-10-02,P000032,LOC005,653,534.21,S0010,2024-09-20,20,1115
2024-11-01,P000032,LOC005,695,522.6,S0010,2024-10-30,20,1115
2024-12-01,P000032,LOC005,754,521.93,S0010,2024-11-19,20,1115
2024-12-31,P000032,LOC005,833,501.52,S0010,2024-12-01,20,1115
2025-01-30,P000032,LOC005,787,517.49,S0010,2025-01-19,20,1115
2025-03-01,P000032,LOC005,748,532.28,S0010,2025-02-09,20,1115
2025-03-31,P000032,LOC005,704,530.76,S0010,2025-03-19,20,1115
2024-10-02,P000032,LOC006,625,491.8,S0010,2024-09-05,20,1115
2024-11-01,P000032,LOC006,719,513.62,S0010,2024-10-13,20,1115
2024-12-01,P000032,LOC006,807,531.83,S0010,2024-11-23,20,1115
2024-12-31,P000032,LOC006,850,518.87,S0010,2024-12-22,20,1115
2025-01-30,P000032,LOC006,837,525.21,S0010,2025-01-04,20,1115
2025-03-01,P000032,LOC006,802,529.12,S0010,2025-02-02,20,1115
2025-03-31,P000032,LOC006,890,493.69,S0010,2025-03-23,20,1115
2024-10-02,P000032,LOC007,591,503.24,S0010,2024-09-16,20,1115
2024-11-01,P000032,LOC007,691,520.96,S0010,2024-10-24,20,1115
2024-12-01,P000032,LOC007,683,504.58,S0010,2024-11-28,20,1115
2024-12-31,P000032,LOC007,692,490.11,S0010,2024-12-20,20,1115
2025-01-30,P000032,LOC007,772,493.26,S0010,2025-01-09,20,1115
2025-03-01,P000032,LOC007,870,503.23,S0010,2025-02-13,20,1115
2025-03-31,P000032,LOC007,849,504.03,S0010,2025-03-10,20,1115
2024-10-02,P000032,LOC008,643,527.8,S0010,2024-09-13,20,1115
2024-11-01,P000032,LOC008,655,523.42,S0010,2024-10-13,20,1115
2024-12-01,P000032,LOC008,664,524.19,S0010,2024-11-01,20,1115
2024-12-31,P000032,LOC008,632,513.29,S0010,2024-12-14,20,1115
2025-01-30,P000032,LOC008,669,536.35,S0010,2025-01-01,20,1115
2025-03-01,P000032,LOC008,654,536.93,S0010,2025-02-15,20,1115
2025-03-31,P000032,LOC008,677,528.23,S0010,2025-03-11,20,1115
2024-10-02,P000032,LOC009,613,505.5,S0010,2024-09-09,20,1115
2024-11-01,P000032,LOC009,611,518.43,S0010,2024-10-31,20,1115
2024-12-01,P000032,LOC009,688,513.4,S0010,2024-11-19,20,1115
2024-12-31,P000032,LOC009,687,521.84,S0010,2024-12-24,20,1115
2025-01-30,P000032,LOC009,782,523.57,S0010,2025-01-02,20,1115
2025-03-01,P000032,LOC009,835,531.26,S0010,2025-02-06,20,1115
2025-03-31,P000032,LOC009,805,495.02,S0010,2025-03-17,20,1115
2024-10-02,P000032,LOC010,665,538.65,S0010,2024-09-25,20,1115
2024-11-01,P000032,LOC010,618,491.28,S0010,2024-10-28,20,1115
2024-12-01,P000032,LOC010,675,537.4,S0010,2024-11-05,20,1115
2024-12-31,P000032,LOC010,726,517.26,S0010,2024-12-18,20,1115
2025-01-30,P000032,LOC010,757,527.11,S0010,2025-01-06,20,1115
2025-03-01,P000032,LOC010,711,499.54,S0010,2025-02-23,20,1115
2025-03-31,P000032,LOC010,789,505.08,S0010,2025-03-25,20,1115
2024-10-02,P000032,LOC011,564,514.69,S0010,2024-09-02,20,1115
2024-11-01,P000032,LOC011,592,530.77,S0010,2024-10-28,20,1115
2024-12-01,P000032,LOC011,584,518.05,S0010,2024-11-25,20,1115
2024-12-31,P000032,LOC011,679,499.74,S0010,2024-12-03,20,1115
2025-01-30,P000032,LOC011,732,522.18,S0010,2025-01-26,20,1115
2025-03-01,P000032,LOC011,725,497.64,S0010,2025-02-01,20,1115
2025-03-31,P000032,LOC011,771,499.98,S0010,2025-03-02,20,1115
2024-10-02,P000032,LOC012,679,519.77,S0010,2024-09-25,20,1115
2024-11-01,P000032,LOC012,720,534.27,S0010,2024-10-27,20,1115
2024-12-01,P000032,LOC012,728,539.18,S0010,2024-11-07,20,1115
2024-12-31,P000032,LOC012,804,511.47,S0010,2024-12-11,20,1115
2025-01-30,P000032,LOC012,823,492.09,S0010,2025-01-21,20,1115
2025-03-01,P000032,LOC012,897,495.25,S0010,2025-02-28,20,1115
2025-03-31,P000032,LOC012,878,495.23,S0010,2025-03-27,20,1115
2024-10-02,P000032,LOC013,582,508.72,S0010,2024-09-05,20,1115
2024-11-01,P000032,LOC013,676,509.5,S0010,2024-10-30,20,1115
2024-12-01,P000032,LOC013,740,537.89,S0010,2024-11-26,20,1115
2024-12-31,P000032,LOC013,795,535.65,S0010,2024-12-17,20,1115
2025-01-30,P000032,LOC013,865,521.22,S0010,2025-01-21,20,1115
2025-03-01,P000032,LOC013,954,516.82,S0010,2025-02-03,20,1115
2025-03-31,P000032,LOC013,955,518.52,S0010,2025-03-02,20,1115
2024-10-02,P000032,LOC014,626,512.92,S0010,2024-09-13,20,1115
2024-11-01,P000032,LOC014,677,519.75,S0010,2024-10-24,20,1115
2024-12-01,P000032,LOC014,719,536.72,S0010,2024-11-11,20,1115
2024-12-31,P000032,LOC014,686,525.94,S0010,2024-12-06,20,1115
2025-01-30,P000032,LOC014,732,533.78,S0010,2025-01-21,20,1115
2025-03-01,P000032,LOC014,787,522.71,S0010,2025-02-10,20,1115
2025-03-31,P000032,LOC014,821,511.15,S0010,2025-03-22,20,1115
2024-10-02,P000032,LOC015,607,534.57,S0010,2024-09-09,20,1115
2024-11-01,P000032,LOC015,667,491.96,S0010,2024-10-30,20,1115
2024-12-01,P000032,LOC015,660,533.43,S0010,2024-11-30,20,1115
2024-12-31,P000032,LOC015,758,506.93,S0010,2024-12-20,20,1115
2025-01-30,P000032,LOC015,773,497.96,S0010,2025-01-09,20,1115
2025-03-01,P000032,LOC015,870,511.08,S0010,2025-02-01,20,1115
2025-03-31,P000032,LOC015,888,488.43,S0010,2025-03-03,20,1115
2024-10-02,P000032,LOC016,655,495.12,S0010,2024-09-11,20,1115
2024-11-01,P000032,LOC016,743,522.38,S0010,2024-10-31,20,1115
2024-12-01,P000032,LOC016,755,491.41,S0010,2024-11-30,20,1115
2024-12-31,P000032,LOC016,777,494.28,S0010,2024-12-26,20,1115
2025-01-30,P000032,LOC016,799,495.32,S0010,2024-12-31,20,1115
2025-03-01,P000032,LOC016,887,537.61,S0010,2025-02-26,20,1115
2025-03-31,P000032,LOC016,911,511.64,S0010,2025-03-12,20,1115
2024-10-02,P000032,LOC017,700,488.91,S0010,2024-10-01,20,1115
2024-11-01,P000032,LOC017,800,531.4,S0010,2024-10-24,20,1115
2024-12-01,P000032,LOC017,896,529.29,S0010,2024-11-22,20,1115
2024-12-31,P000032,LOC017,870,524.7,S0010,2024-12-10,20,1115
2025-01-30,P000032,LOC017,950,501.6,S0010,2025-01-02,20,1115
2025-03-01,P000032,LOC017,1048,517.65,S0010,2025-02-02,20,1115
2025-03-31,P000032,LOC017,1014,518.91,S0010,2025-03-09,20,1115
2024-10-02,P000032,LOC018,660,489.43,S0010,2024-09-15,20,1115
2024-11-01,P000032,LOC018,635,500.33,S0010,2024-10-05,20,1115
2024-12-01,P000032,LOC018,606,525.95,S0010,2024-11-08,20,1115
2024-12-31,P000032,LOC018,634,499.92,S0010,2024-12-20,20,1115
2025-01-30,P000032,LOC018,680,493.73,S0010,2025-01-06,20,1115
2025-03-01,P000032,LOC018,711,513.16,S0010,2025-02-20,20,1115
2025-03-31,P000032,LOC018,746,521.96,S0010,2025-03-30,20,1115
2024-10-02,P000032,LOC019,631,533.18,S0010,2024-09-14,20,1115
2024-11-01,P000032,LOC019,639,515.47,S0010,2024-10-24,20,1115
2024-12-01,P000032,LOC019,717,490.68,S0010,2024-11-06,20,1115
2024-12-31,P000032,LOC019,670,489.05,S0010,2024-12-07,20,1115
2025-01-30,P000032,LOC019,702,508.3,S0010,2025-01-25,20,1115
2025-03-01,P000032,LOC019,739,491.43,S0010,2025-02-28,20,1115
2025-03-31,P000032,LOC019,808,512.78,S0010,2025-03-17,20,1115
2024-10-02,P000032,LOC020,558,497.83,S0010,2024-09-26,20,1115
2024-11-01,P000032,LOC020,562,522.27,S0010,2024-10-19,20,1115
2024-12-01,P000032,LOC020,609,530.57,S0010,2024-11-07,20,1115
2024-12-31,P000032,LOC020,673,522.98,S0010,2024-12-30,20,1115
2025-01-30,P000032,LOC020,647,521.94,S0010,2025-01-13,20,1115
2025-03-01,P000032,LOC020,611,508.46,S0010,2025-02-18,20,1115
2025-03-31,P000032,LOC020,674,525.13,S0010,2025-03-11,20,1115
2024-10-02,P000033,LOC001,256,265.69,S0007,2024-09-19,18,666
2024-11-01,P000033,LOC001,324,251.23,S0007,2024-10-07,18,666
2024-12-01,P000033,LOC001,328,267.94,S0007,2024-11-27,18,666
2024-12-31,P000033,LOC001,316,248.13,S0007,2024-12-19,18,666
2025-01-30,P000033,LOC001,403,262.63,S0007,2025-01-05,18,666
2025-03-01,P000033,LOC001,478,253.17,S0007,2025-02-03,18,666
2025-03-31,P000033,LOC001,506,251.27,S0007,2025-03-28,18,666
2024-10-02,P000033,LOC002,282,261.12,S0007,2024-09-25,18,666
2024-11-01,P000033,LOC002,238,266.64,S0007,2024-10-14,18,666
2024-12-01,P000033,LOC002,195,246.99,S0007,2024-11-25,18,666
2024-12-31,P000033,LOC002,179,262.79,S0007,2024-12-30,18,666
2025-01-30,P000033,LOC002,145,269.05,S0007,2025-01-22,18,666
2025-03-01,P000033,LOC002,192,264.48,S0007,2025-02-12,18,666
2025-03-31,P000033,LOC002,178,252.2,S0007,2025-03-09,18,666
2024-10-02,P000033,LOC003,263,246.57,S0007,2024-09-05,18,666
2024-11-01,P000033,LOC003,312,263.38,S0007,2024-10-04,18,666
2024-12-01,P000033,LOC003,395,261.92,S0007,2024-11-16,18,666
2024-12-31,P000033,LOC003,399,264.5,S0007,2024-12-09,18,666
2025-01-30,P000033,LOC003,403,260.27,S0007,2025-01-17,18,666
2025-03-01,P000033,LOC003,357,258.51,S0007,2025-02-09,18,666
2025-03-31,P000033,LOC003,405,266.42,S0007,2025-03-24,18,666
2024-10-02,P000033,LOC004,231,261.72,S0007,2024-09-22,18,666
2024-11-01,P000033,LOC004,206,265.52,S0007,2024-10-07,18,666
2024-12-01,P000033,LOC004,169,266.17,S0007,2024-11-23,18,666
2024-12-31,P000033,LOC004,160,267.91,S0007,2024-12-05,18,666
2025-01-30,P000033,LOC004,181,246.28,S0007,2025-01-26,18,666
2025-03-01,P000033,LOC004,222,248.13,S0007,2025-02-18,18,666
2025-03-31,P000033,LOC004,186,252.67,S0007,2025-03-30,18,666
2024-10-02,P000033,LOC005,317,249.52,S0007,2024-09-30,18,666
2024-11-01,P000033,LOC005,315,259.38,S0007,2024-10-28,18,666
2024-12-01,P000033,LOC005,385,263.11,S0007,2024-11-26,18,666
2024-12-31,P000033,LOC005,410,256.9,S0007,2024-12-24,18,666
2025-01-30,P000033,LOC005,461,251.73,S0007,2025-01-29,18,666
2025-03-01,P000033,LOC005,430,266.11,S0007,2025-02-14,18,666
2025-03-31,P000033,LOC005,515,265.49,S0007,2025-03-23,18,666
2024-10-02,P000033,LOC006,248,270.02,S0007,2024-09-06,18,666
2024-11-01,P000033,LOC006,313,250.75,S0007,2024-10-11,18,666
2024-12-01,P000033,LOC006,292,246.42,S0007,2024-11-15,18,666
2024-12-31,P000033,LOC006,370,254.07,S0007,2024-12-25,18,666
2025-01-30,P000033,LOC006,459,264.97,S0007,2025-01-14,18,666
2025-03-01,P000033,LOC006,433,259.0,S0007,2025-02-08,18,666
2025-03-31,P000033,LOC006,416,251.91,S0007,2025-03-02,18,666
2024-10-02,P000033,LOC007,268,267.01,S0007,2024-09-28,18,666
2024-11-01,P000033,LOC007,260,255.42,S0007,2024-10-06,18,666
2024-12-01,P000033,LOC007,308,261.89,S0007,2024-11-27,18,666
2024-12-31,P000033,LOC007,389,266.56,S0007,2024-12-10,18,666
2025-01-30,P000033,LOC007,447,270.37,S0007,2025-01-25,18,666
2025-03-01,P000033,LOC007,512,248.84,S0007,2025-02-22,18,666
2025-03-31,P000033,LOC007,518,249.86,S0007,2025-03-18,18,666
2024-10-02,P000033,LOC008,309,247.58,S0007,2024-09-02,18,666
2024-11-01,P000033,LOC008,409,267.17,S0007,2024-10-11,18,666
2024-12-01,P000033,LOC008,361,261.79,S0007,2024-11-05,18,666
2024-12-31,P000033,LOC008,328,259.59,S0007,2024-12-25,18,666
2025-01-30,P000033,LOC008,398,247.87,S0007,2025-01-24,18,666
2025-03-01,P000033,LOC008,422,261.49,S0007,2025-02-10,18,666
2025-03-31,P000033,LOC008,436,250.56,S0007,2025-03-29,18,666
2024-10-02,P000033,LOC009,260,256.13,S0007,2024-09-09,18,666
2024-11-01,P000033,LOC009,333,252.59,S0007,2024-10-25,18,666
2024-12-01,P000033,LOC009,357,270.42,S0007,2024-11-12,18,666
2024-12-31,P000033,LOC009,393,262.32,S0007,2024-12-07,18,666
2025-01-30,P000033,LOC009,375,256.92,S0007,2025-01-16,18,666
2025-03-01,P000033,LOC009,384,249.43,S0007,2025-02-13,18,666
2025-03-31,P000033,LOC009,344,255.56,S0007,2025-03-05,18,666
2024-10-02,P000033,LOC010,265,246.5,S0007,2024-09-25,18,666
2024-11-01,P000033,LOC010,286,249.98,S0007,2024-10-09,18,666
2024-12-01,P000033,LOC010,318,267.78,S0007,2024-11-19,18,666
2024-12-31,P000033,LOC010,379,268.75,S0007,2024-12-05,18,666
2025-01-30,P000033,LOC010,431,269.58,S0007,2025-01-25,18,666
2025-03-01,P000033,LOC010,391,248.08,S0007,2025-02-03,18,666
2025-03-31,P000033,LOC010,460,262.11,S0007,2025-03-22,18,666
2024-10-02,P000033,LOC011,269,255.28,S0007,2024-09-18,18,666
2024-11-01,P000033,LOC011,290,249.07,S0007,2024-10-17,18,666
2024-12-01,P000033,LOC011,380,262.16,S0007,2024-11-23,18,666
2024-12-31,P000033,LOC011,408,257.42,S0007,2024-12-20,18,666
2025-01-30,P000033,LOC011,497,263.31,S0007,2025-01-11,18,666
2025-03-01,P000033,LOC011,474,245.85,S0007,2025-02-19,18,666
2025-03-31,P000033,LOC011,507,248.0,S0007,2025-03-09,18,666
2024-10-02,P000033,LOC012,337,258.27,S0007,2024-09-02,18,666
2024-11-01,P000033,LOC012,408,255.54,S0007,2024-10-28,18,666
2024-12-01,P000033,LOC012,398,267.06,S0007,2024-11-11,18,666
2024-12-31,P000033,LOC012,462,265.39,S0007,2024-12-01,18,666
2025-01-30,P000033,LOC012,447,266.55,S0007,2025-01-21,18,666
2025-03-01,P000033,LOC012,433,246.11,S0007,2025-02-26,18,666
2025-03-31,P000033,LOC012,397,269.86,S0007,2025-03-09,18,666
2024-10-02,P000033,LOC013,242,249.41,S0007,2024-09-23,18,666
2024-11-01,P000033,LOC013,276,258.1,S0007,2024-10-29,18,666
2024-12-01,P000033,LOC013,344,250.37,S0007,2024-11-23,18,666
2024-12-31,P000033,LOC013,404,270.86,S0007,2024-12-11,18,666
2025-01-30,P000033,LOC013,486,269.68,S0007,2025-01-02,18,666
2025-03-01,P000033,LOC013,586,259.07,S0007,2025-02-24,18,666
2025-03-31,P000033,LOC013,590,268.27,S0007,2025-03-19,18,666
2024-10-02,P000033,LOC014,238,248.24,S0007,2024-09-19,18,666
2024-11-01,P000033,LOC014,241,261.88,S0007,2024-10-14,18,666
2024-12-01,P000033,LOC014,307,267.74,S0007,2024-11-15,18,666
2024-12-31,P000033,LOC014,356,254.19,S0007,2024-12-25,18,666
2025-01-30,P000033,LOC014,365,254.1,S0007,2025-01-27,18,666
2025-03-01,P000033,LOC014,451,261.93,S0007,2025-02-27,18,666
2025-03-31,P000033,LOC014,422,250.51,S0007,2025-03-19,18,666
2024-10-02,P000033,LOC015,355,250.44,S0007,2024-10-01,18,666
2024-11-01,P000033,LOC015,443,259.89,S0007,2024-10-14,18,666
2024-12-01,P000033,LOC015,511,269.11,S0007,2024-11-10,18,666
2024-12-31,P000033,LOC015,607,257.15,S0007,2024-12-27,18,666
2025-01-30,P000033,LOC015,629,265.4,S0007,2025-01-21,18,666
2025-03-01,P000033,LOC015,584,250.22,S0007,2025-02-21,18,666
2025-03-31,P000033,LOC015,653,249.0,S0007,2025-03-03,18,666
2024-10-02,P000033,LOC016,253,246.73,S0007,2024-09-07,18,666
2024-11-01,P000033,LOC016,331,261.54,S0007,2024-10-30,18,666
2024-12-01,P000033,LOC016,314,261.6,S0007,2024-11-24,18,666
2024-12-31,P000033,LOC016,330,251.4,S0007,2024-12-29,18,666
2025-01-30,P000033,LOC016,299,261.2,S0007,2024-12-31,18,666
2025-03-01,P000033,LOC016,285,266.61,S0007,2025-02-22,18,666
2025-03-31,P000033,LOC016,301,253.68,S0007,2025-03-24,18,666
2024-10-02,P000033,LOC017,224,261.98,S0007,2024-10-01,18,666
2024-11-01,P000033,LOC017,270,258.76,S0007,2024-10-10,18,666
2024-12-01,P000033,LOC017,343,245.89,S0007,2024-11-26,18,666
2024-12-31,P000033,LOC017,338,252.88,S0007,2024-12-28,18,666
2025-01-30,P000033,LOC017,385,264.88,S0007,2025-01-28,18,666
2025-03-01,P000033,LOC017,402,264.23,S0007,2025-02-06,18,666
2025-03-31,P000033,LOC017,492,246.03,S0007,2025-03-08,18,666
2024-10-02,P000033,LOC018,337,246.56,S0007,2024-09-23,18,666
2024-11-01,P000033,LOC018,301,253.45,S0007,2024-10-18,18,666
2024-12-01,P000033,LOC018,303,267.16,S0007,2024-11-20,18,666
2024-12-31,P000033,LOC018,315,263.74,S0007,2024-12-24,18,666
2025-01-30,P000033,LOC018,298,252.39,S0007,2025-01-04,18,666
2025-03-01,P000033,LOC018,345,246.94,S0007,2025-02-16,18,666
2025-03-31,P000033,LOC018,395,260.8,S0007,2025-03-12,18,666
2024-10-02,P000033,LOC019,338,265.18,S0007,2024-09-24,18,666
2024-11-01,P000033,LOC019,419,265.76,S0007,2024-10-28,18,666
2024-12-01,P000033,LOC019,393,259.69,S0007,2024-11-23,18,666
2024-12-31,P000033,LOC019,387,247.96,S0007,2024-12-15,18,666
2025-01-30,P000033,LOC019,433,253.64,S0007,2025-01-10,18,666
2025-03-01,P000033,LOC019,468,266.8,S0007,2025-02-16,18,666
2025-03-31,P000033,LOC019,420,250.8,S0007,2025-03-24,18,666
2024-10-02,P000033,LOC020,247,261.89,S0007,2024-09-02,18,666
2024-11-01,P000033,LOC020,341,259.27,S0007,2024-10-20,18,666
2024-12-01,P000033,LOC020,326,262.38,S0007,2024-11-02,18,666
2024-12-31,P000033,LOC020,299,267.82,S0007,2024-12-11,18,666
2025-01-30,P000033,LOC020,288,253.09,S0007,2025-01-17,18,666
2025-03-01,P000033,LOC020,335,250.12,S0007,2025-02-16,18,666
2025-03-31,P000033,LOC020,385,268.91,S0007,2025-03-17,18,666
2024-10-02,P000034,LOC001,27,564.58,S0002,2024-09-30,16,879
2024-11-01,P000034,LOC001,38,577.22,S0002,2024-10-09,16,879
2024-12-01,P000034,LOC001,61,595.55,S0002,2024-11-01,16,879
2024-12-31,P000034,LOC001,151,570.63,S0002,2024-12-20,16,879
2025-01-30,P000034,LOC001,205,581.76,S0002,2025-01-24,16,879
2025-03-01,P000034,LOC001,244,591.4,S0002,2025-02-23,16,879
2025-03-31,P000034,LOC001,201,556.07,S0002,2025-03-14,16,879
2024-10-02,P000034,LOC002,154,561.26,S0002,2024-09-28,16,879
2024-11-01,P000034,LOC002,161,594.74,S0002,2024-10-02,16,879
2024-12-01,P000034,LOC002,173,584.15,S0002,2024-11-23,16,879
2024-12-31,P000034,LOC002,205,563.54,S0002,2024-12-12,16,879
2025-01-30,P000034,LOC002,185,602.18,S0002,2025-01-20,16,879
2025-03-01,P000034,LOC002,219,603.99,S0002,2025-02-08,16,879
2025-03-31,P000034,LOC002,288,588.67,S0002,2025-03-20,16,879
2024-10-02,P000034,LOC003,139,587.65,S0002,2024-09-22,16,879
2024-11-01,P000034,LOC003,235,574.24,S0002,2024-10-06,16,879
2024-12-01,P000034,LOC003,236,589.02,S0002,2024-11-15,16,879
2024-12-31,P000034,LOC003,302,590.66,S0002,2024-12-03,16,879
2025-01-30,P000034,LOC003,260,587.31,S0002,2025-01-23,16,879
2025-03-01,P000034,LOC003,279,572.32,S0002,2025-02-22,16,879
2025-03-31,P000034,LOC003,315,595.08,S0002,2025-03-08,16,879
2024-10-02,P000034,LOC004,170,578.6,S0002,2024-09-29,16,879
2024-11-01,P000034,LOC004,185,579.45,S0002,2024-10-27,16,879
2024-12-01,P000034,LOC004,156,586.63,S0002,2024-11-06,16,879
2024-12-31,P000034,LOC004,157,575.95,S0002,2024-12-06,16,879
2025-01-30,P000034,LOC004,141,557.77,S0002,2025-01-05,16,879
2025-03-01,P000034,LOC004,230,611.15,S0002,2025-01-30,16,879
2025-03-31,P000034,LOC004,206,577.98,S0002,2025-03-21,16,879
2024-10-02,P000034,LOC005,70,570.19,S0002,2024-09-25,16,879
2024-11-01,P000034,LOC005,84,558.63,S0002,2024-10-16,16,879
2024-12-01,P000034,LOC005,113,601.77,S0002,2024-11-05,16,879
2024-12-31,P000034,LOC005,70,575.98,S0002,2024-12-29,16,879
2025-01-30,P000034,LOC005,161,578.08,S0002,2025-01-27,16,879
2025-03-01,P000034,LOC005,238,564.56,S0002,2025-01-30,16,879
2025-03-31,P000034,LOC005,320,566.64,S0002,2025-03-24,16,879
2024-10-02,P000034,LOC006,164,594.77,S0002,2024-09-09,16,879
2024-11-01,P000034,LOC006,198,599.2,S0002,2024-10-24,16,879
2024-12-01,P000034,LOC006,291,563.32,S0002,2024-11-29,16,879
2024-12-31,P000034,LOC006,298,562.21,S0002,2024-12-29,16,879
2025-01-30,P000034,LOC006,273,561.39,S0002,2025-01-11,16,879
2025-03-01,P000034,LOC006,365,607.28,S0002,2025-02-22,16,879
2025-03-31,P000034,LOC006,331,563.0,S0002,2025-03-22,16,879
2024-10-02,P000034,LOC007,66,594.02,S0002,2024-09-08,16,879
2024-11-01,P000034,LOC007,120,585.69,S0002,2024-10-22,16,879
2024-12-01,P000034,LOC007,173,563.68,S0002,2024-11-12,16,879
2024-12-31,P000034,LOC007,198,588.54,S0002,2024-12-26,16,879
2025-01-30,P000034,LOC007,153,594.13,S0002,2025-01-25,16,879
2025-03-01,P000034,LOC007,189,576.06,S0002,2025-02-05,16,879
2025-03-31,P000034,LOC007,160,584.56,S0002,2025-03-01,16,879
2024-10-02,P000034,LOC008,169,611.33,S0002,2024-09-23,16,879
2024-11-01,P000034,LOC008,203,605.82,S0002,2024-10-23,16,879
2024-12-01,P000034,LOC008,184,566.43,S0002,2024-11-15,16,879
2024-12-31,P000034,LOC008,188,610.8,S0002,2024-12-02,16,879
2025-01-30,P000034,LOC008,206,607.33,S0002,2025-01-04,16,879
2025-03-01,P000034,LOC008,290,587.85,S0002,2025-02-04,16,879
2025-03-31,P000034,LOC008,269,606.69,S0002,2025-03-29,16,879
2024-10-02,P000034,LOC009,107,592.31,S0002,2024-09-07,16,879
2024-11-01,P000034,LOC009,113,561.46,S0002,2024-10-25,16,879
2024-12-01,P000034,LOC009,121,557.31,S0002,2024-11-27,16,879
2024-12-31,P000034,LOC009,210,589.82,S0002,2024-12-18,16,879
2025-01-30,P000034,LOC009,271,572.44,S0002,2025-01-25,16,879
2025-03-01,P000034,LOC009,324,565.68,S0002,2025-02-26,16,879
2025-03-31,P000034,LOC009,369,597.97,S0002,2025-03-19,16,879
2024-10-02,P000034,LOC010,112,606.41,S0002,2024-09-09,16,879
2024-11-01,P000034,LOC010,165,595.22,S0002,2024-10-25,16,879
2024-12-01,P000034,LOC010,211,569.97,S0002,2024-11-09,16,879
2024-12-31,P000034,LOC010,235,563.08,S0002,2024-12-06,16,879
2025-01-30,P000034,LOC010,216,577.86,S0002,2025-01-23,16,879
2025-03-01,P000034,LOC010,267,565.77,S0002,2025-02-20,16,879
2025-03-31,P000034,LOC010,228,575.59,S0002,2025-03-28,16,879
2024-10-02,P000034,LOC011,69,604.66,S0002,2024-09-20,16,879
2024-11-01,P000034,LOC011,66,608.5,S0002,2024-10-02,16,879
2024-12-01,P000034,LOC011,37,583.31,S0002,2024-11-28,16,879
2024-12-31,P000034,LOC011,104,611.47,S0002,2024-12-26,16,879
2025-01-30,P000034,LOC011,144,571.51,S0002,2024-12-31,16,879
2025-03-01,P000034,LOC011,174,599.27,S0002,2025-02-26,16,879
2025-03-31,P000034,LOC011,231,558.82,S0002,2025-03-29,16,879
2024-10-02,P000034,LOC012,140,554.55,S0002,2024-10-01,16,879
2024-11-01,P000034,LOC012,236,582.95,S0002,2024-10-05,16,879
2024-12-01,P000034,LOC012,295,606.24,S0002,2024-11-26,16,879
2024-12-31,P000034,LOC012,383,589.91,S0002,2024-12-05,16,879
2025-01-30,P000034,LOC012,432,587.92,S0002,2025-01-26,16,879
2025-03-01,P000034,LOC012,462,607.57,S0002,2025-02-23,16,879
2025-03-31,P000034,LOC012,415,583.29,S0002,2025-03-15,16,879
2024-10-02,P000034,LOC013,110,561.37,S0002,2024-09-16,16,879
2024-11-01,P000034,LOC013,163,592.83,S0002,2024-10-06,16,879
2024-12-01,P000034,LOC013,219,563.85,S0002,2024-11-01,16,879
2024-12-31,P000034,LOC013,286,604.89,S0002,2024-12-05,16,879
2025-01-30,P000034,LOC013,296,594.21,S0002,2025-01-24,16,879
2025-03-01,P000034,LOC013,246,577.59,S0002,2025-02-13,16,879
2025-03-31,P000034,LOC013,256,603.75,S0002,2025-03-16,16,879
2024-10-02,P000034,LOC014,139,557.66,S0002,2024-09-14,16,879
2024-11-01,P000034,LOC014,179,557.41,S0002,2024-10-28,16,879
2024-12-01,P000034,LOC014,143,607.05,S0002,2024-11-06,16,879
2024-12-31,P000034,LOC014,220,588.42,S0002,2024-12-22,16,879
2025-01-30,P000034,LOC014,263,605.44,S0002,2025-01-27,16,879
2025-03-01,P000034,LOC014,273,573.26,S0002,2025-02-17,16,879
2025-03-31,P000034,LOC014,284,571.34,S0002,2025-03-24,16,879
2024-10-02,P000034,LOC015,127,581.43,S0002,2024-09-29,16,879
2024-11-01,P000034,LOC015,81,609.51,S0002,2024-10-14,16,879
2024-12-01,P000034,LOC015,100,572.14,S0002,2024-11-14,16,879
2024-12-31,P000034,LOC015,182,574.7,S0002,2024-12-18,16,879
2025-01-30,P000034,LOC015,137,607.03,S0002,2025-01-15,16,879
2025-03-01,P000034,LOC015,132,560.22,S0002,2025-02-12,16,879
2025-03-31,P000034,LOC015,100,562.94,S0002,2025-03-21,16,879
2024-10-02,P000034,LOC016,36,585.02,S0002,2024-09-05,16,879
2024-11-01,P000034,LOC016,0,581.8,S0002,2024-10-13,16,879
2024-12-01,P000034,LOC016,26,590.24,S0002,2024-11-13,16,879
2024-12-31,P000034,LOC016,0,607.42,S0002,2024-12-10,16,879
2025-01-30,P000034,LOC016,87,597.79,S0002,2025-01-11,16,879
2025-03-01,P000034,LOC016,140,586.84,S0002,2025-02-23,16,879
2025-03-31,P000034,LOC016,130,595.43,S0002,2025-03-16,16,879
2024-10-02,P000034,LOC017,24,583.68,S0002,2024-09-03,16,879
2024-11-01,P000034,LOC017,67,572.55,S0002,2024-10-16,16,879
2024-12-01,P000034,LOC017,133,608.41,S0002,2024-11-26,16,879
2024-12-31,P000034,LOC017,99,589.36,S0002,2024-12-19,16,879
2025-01-30,P000034,LOC017,149,583.88,S0002,2025-01-24,16,879
2025-03-01,P000034,LOC017,239,588.65,S0002,2025-02-14,16,879
2025-03-31,P000034,LOC017,214,574.35,S0002,2025-03-18,16,879
2024-10-02,P000034,LOC018,70,587.1,S0002,2024-09-17,16,879
2024-11-01,P000034,LOC018,143,589.1,S0002,2024-10-24,16,879
2024-12-01,P000034,LOC018,177,581.73,S0002,2024-11-10,16,879
2024-12-31,P000034,LOC018,166,569.85,S0002,2024-12-16,16,879
2025-01-30,P000034,LOC018,119,557.49,S0002,2025-01-16,16,879
2025-03-01,P000034,LOC018,88,598.85,S0002,2025-02-15,16,879
2025-03-31,P000034,LOC018,125,608.3,S0002,2025-03-03,16,879
2024-10-02,P000034,LOC019,42,588.8,S0002,2024-09-07,16,879
2024-11-01,P000034,LOC019,12,601.45,S0002,2024-10-14,16,879
2024-12-01,P000034,LOC019,79,608.42,S0002,2024-11-12,16,879
2024-12-31,P000034,LOC019,148,572.06,S0002,2024-12-10,16,879
2025-01-30,P000034,LOC019,124,610.75,S0002,2025-01-09,16,879
2025-03-01,P000034,LOC019,224,611.47,S0002,2025-02-26,16,879
2025-03-31,P000034,LOC019,237,587.01,S0002,2025-03-15,16,879
2024-10-02,P000034,LOC020,132,599.54,S0002,2024-09-24,16,879
2024-11-01,P000034,LOC020,93,606.84,S0002,2024-10-26,16,879
2024-12-01,P000034,LOC020,131,574.61,S0002,2024-11-23,16,879
2024-12-31,P000034,LOC020,124,590.18,S0002,2024-12-12,16,879
2025-01-30,P000034,LOC020,116,565.62,S0002,2025-01-23,16,879
2025-03-01,P000034,LOC020,198,609.29,S0002,2025-02-08,16,879
2025-03-31,P000034,LOC020,213,596.52,S0002,2025-03-02,16,879
2024-10-02,P000035,LOC001,121,108.97,S0025,2024-09-09,13,815
2024-11-01,P000035,LOC001,82,109.26,S0025,2024-10-14,13,815
2024-12-01,P000035,LOC001,83,106.27,S0025,2024-11-26,13,815
2024-12-31,P000035,LOC001,168,111.09,S0025,2024-12-18,13,815
2025-01-30,P000035,LOC001,196,108.04,S0025,2025-01-20,13,815
2025-03-01,P000035,LOC001,184,109.52,S0025,2025-02-24,13,815
2025-03-31,P000035,LOC001,193,113.89,S0025,2025-03-01,13,815
2024-10-02,P000035,LOC002,113,105.33,S0025,2024-09-08,13,815
2024-11-01,P000035,LOC002,104,112.72,S0025,2024-10-05,13,815
2024-12-01,P000035,LOC002,157,107.44,S0025,2024-11-29,13,815
2024-12-31,P000035,LOC002,175,107.25,S0025,2024-12-10,13,815
2025-01-30,P000035,LOC002,200,109.87,S0025,2025-01-22,13,815
2025-03-01,P000035,LOC002,228,113.29,S0025,2025-02-11,13,815
2025-03-31,P000035,LOC002,316,109.68,S0025,2025-03-22,13,815
2024-10-02,P000035,LOC003,112,107.26,S0025,2024-09-13,13,815
2024-11-01,P000035,LOC003,83,107.69,S0025,2024-10-11,13,815
2024-12-01,P000035,LOC003,135,108.98,S0025,2024-11-24,13,815
2024-12-31,P000035,LOC003,143,107.21,S0025,2024-12-03,13,815
2025-01-30,P000035,LOC003,141,112.24,S0025,2025-01-07,13,815
2025-03-01,P000035,LOC003,134,116.07,S0025,2025-02-13,13,815
2025-03-31,P000035,LOC003,105,115.57,S0025,2025-03-27,13,815
2024-10-02,P000035,LOC004,55,113.87,S0025,2024-09-15,13,815
2024-11-01,P000035,LOC004,12,106.87,S0025,2024-10-27,13,815
2024-12-01,P000035,LOC004,77,107.6,S0025,2024-11-23,13,815
2024-12-31,P000035,LOC004,79,113.16,S0025,2024-12-06,13,815
2025-01-30,P000035,LOC004,154,115.12,S0025,2025-01-28,13,815
2025-03-01,P000035,LOC004,109,108.45,S0025,2025-02-15,13,815
2025-03-31,P000035,LOC004,120,113.9,S0025,2025-03-22,13,815
2024-10-02,P000035,LOC005,116,114.58,S0025,2024-09-09,13,815
2024-11-01,P000035,LOC005,171,109.69,S0025,2024-10-27,13,815
2024-12-01,P000035,LOC005,160,115.33,S0025,2024-11-04,13,815
2024-12-31,P000035,LOC005,230,113.47,S0025,2024-12-08,13,815
2025-01-30,P000035,LOC005,197,112.12,S0025,2025-01-02,13,815
2025-03-01,P000035,LOC005,289,112.05,S0025,2025-02-19,13,815
2025-03-31,P000035,LOC005,387,111.24,S0025,2025-03-24,13,815
2024-10-02,P000035,LOC006,109,110.88,S0025,2024-09-16,13,815
2024-11-01,P000035,LOC006,63,106.65,S0025,2024-10-18,13,815
2024-12-01,P000035,LOC006,66,106.2,S0025,2024-11-13,13,815
2024-12-31,P000035,LOC006,25,105.8,S0025,2024-12-01,13,815
2025-01-30,P000035,LOC006,57,107.36,S0025,2025-01-15,13,815
2025-03-01,P000035,LOC006,142,108.39,S0025,2025-02-03,13,815
2025-03-31,P000035,LOC006,201,107.97,S0025,2025-03-20,13,815
2024-10-02,P000035,LOC007,80,112.76,S0025,2024-09-18,13,815
2024-11-01,P000035,LOC007,154,109.27,S0025,2024-10-05,13,815
2024-12-01,P000035,LOC007,197,109.98,S0025,2024-11-16,13,815
2024-12-31,P000035,LOC007,263,113.95,S0025,2024-12-14,13,815
2025-01-30,P000035,LOC007,283,111.78,S0025,2025-01-28,13,815
2025-03-01,P000035,LOC007,375,109.48,S0025,2025-02-06,13,815
2025-03-31,P000035,LOC007,379,107.38,S0025,2025-03-19,13,815
2024-10-02,P000035,LOC008,49,113.81,S0025,2024-09-05,13,815
2024-11-01,P000035,LOC008,97,111.71,S0025,2024-10-26,13,815
2024-12-01,P000035,LOC008,117,108.28,S0025,2024-11-19,13,815
2024-12-31,P000035,LOC008,135,105.65,S0025,2024-12-12,13,815
2025-01-30,P000035,LOC008,138,111.29,S0025,2025-01-14,13,815
2025-03-01,P000035,LOC008,191,114.67,S0025,2025-02-02,13,815
2025-03-31,P000035,LOC008,257,111.86,S0025,2025-03-20,13,815
2024-10-02,P000035,LOC009,25,105.28,S0025,2024-09-03,13,815
2024-11-01,P000035,LOC009,74,109.71,S0025,2024-10-16,13,815
2024-12-01,P000035,LOC009,119,105.91,S0025,2024-11-19,13,815
2024-12-31,P000035,LOC009,120,114.81,S0025,2024-12-23,13,815
2025-01-30,P000035,LOC009,114,106.65,S0025,2025-01-19,13,815
2025-03-01,P000035,LOC009,186,105.72,S0025,2025-02-20,13,815
2025-03-31,P000035,LOC009,212,105.62,S0025,2025-03-09,13,815
2024-10-02,P000035,LOC010,16,108.96,S0025,2024-09-04,13,815
2024-11-01,P000035,LOC010,40,105.71,S0025,2024-10-16,13,815
2024-12-01,P000035,LOC010,89,111.77,S0025,2024-11-30,13,815
2024-12-31,P000035,LOC010,62,107.7,S0025,2024-12-09,13,815
2025-01-30,P000035,LOC010,116,114.08,S0025,2025-01-07,13,815
2025-03-01,P000035,LOC010,158,105.25,S0025,2025-02-08,13,815
2025-03-31,P000035,LOC010,220,114.69,S0025,2025-03-30,13,815
2024-10-02,P000035,LOC011,62,107.11,S0025,2024-09-03,13,815
2024-11-01,P000035,LOC011,76,106.03,S0025,2024-10-11,13,815
2024-12-01,P000035,LOC011,157,115.3,S0025,2024-11-19,13,815
2024-12-31,P000035,LOC011,155,106.89,S0025,2024-12-07,13,815
2025-01-30,P000035,LOC011,135,112.14,S0025,2025-01-06,13,815
2025-03-01,P000035,LOC011,145,109.72,S0025,2025-02-04,13,815
2025-03-31,P000035,LOC011,119,113.45,S0025,2025-03-11,13,815
2024-10-02,P000035,LOC012,42,108.87,S0025,2024-09-10,13,815
2024-11-01,P000035,LOC012,125,106.89,S0025,2024-10-21,13,815
2024-12-01,P000035,LOC012,218,115.67,S0025,2024-11-29,13,815
2024-12-31,P000035,LOC012,218,106.38,S0025,2024-12-17,13,815
2025-01-30,P000035,LOC012,277,116.06,S0025,2025-01-18,13,815
2025-03-01,P000035,LOC012,229,107.13,S0025,2025-02-24,13,815
2025-03-31,P000035,LOC012,195,106.9,S0025,2025-03-01,13,815
2024-10-02,P000035,LOC013,94,111.24,S0025,2024-09-02,13,815
2024-11-01,P000035,LOC013,125,110.32,S0025,2024-10-03,13,815
2024-12-01,P000035,LOC013,166,113.07,S0025,2024-11-21,13,815
2024-12-31,P000035,LOC013,210,109.23,S0025,2024-12-01,13,815
2025-01-30,P000035,LOC013,253,109.73,S0025,2025-01-19,13,815
2025-03-01,P000035,LOC013,337,110.52,S0025,2025-02-13,13,815
2025-03-31,P000035,LOC013,376,114.87,S0025,2025-03-23,13,815
2024-10-02,P000035,LOC014,34,111.62,S0025,2024-09-27,13,815
2024-11-01,P000035,LOC014,84,115.63,S0025,2024-10-30,13,815
2024-12-01,P000035,LOC014,93,107.27,S0025,2024-11-16,13,815
2024-12-31,P000035,LOC014,124,107.15,S0025,2024-12-07,13,815
2025-01-30,P000035,LOC014,143,108.39,S0025,2025-01-29,13,815
2025-03-01,P000035,LOC014,165,105.41,S0025,2025-02-25,13,815
2025-03-31,P000035,LOC014,159,105.44,S0025,2025-03-21,13,815
2024-10-02,P000035,LOC015,74,108.22,S0025,2024-09-07,13,815
2024-11-01,P000035,LOC015,63,113.78,S0025,2024-10-19,13,815
2024-12-01,P000035,LOC015,90,113.74,S0025,2024-11-03,13,815
2024-12-31,P000035,LOC015,91,106.54,S0025,2024-12-12,13,815
2025-01-30,P000035,LOC015,128,113.28,S0025,2025-01-21,13,815
2025-03-01,P000035,LOC015,131,115.32,S0025,2025-02-16,13,815
2025-03-31,P000035,LOC015,200,106.42,S0025,2025-03-18,13,815
2024-10-02,P000035,LOC016,146,115.72,S0025,2024-09-05,13,815
2024-11-01,P000035,LOC016,200,105.31,S0025,2024-10-17,13,815
2024-12-01,P000035,LOC016,183,107.41,S0025,2024-11-27,13,815
2024-12-31,P000035,LOC016,235,110.62,S0025,2024-12-03,13,815
2025-01-30,P000035,LOC016,299,114.48,S0025,2025-01-21,13,815
2025-03-01,P000035,LOC016,278,110.03,S0025,2025-02-26,13,815
2025-03-31,P000035,LOC016,373,114.67,S0025,2025-03-30,13,815
2024-10-02,P000035,LOC017,85,113.09,S0025,2024-09-12,13,815
2024-11-01,P000035,LOC017,74,113.18,S0025,2024-10-06,13,815
2024-12-01,P000035,LOC017,24,105.79,S0025,2024-11-07,13,815
2024-12-31,P000035,LOC017,43,110.09,S0025,2024-12-16,13,815
2025-01-30,P000035,LOC017,0,108.28,S0025,2025-01-25,13,815
2025-03-01,P000035,LOC017,0,112.19,S0025,2025-02-21,13,815
2025-03-31,P000035,LOC017,0,114.12,S0025,2025-03-27,13,815
2024-10-02,P000035,LOC018,145,115.19,S0025,2024-09-25,13,815
2024-11-01,P000035,LOC018,197,112.28,S0025,2024-10-18,13,815
2024-12-01,P000035,LOC018,180,109.54,S0025,2024-11-19,13,815
2024-12-31,P000035,LOC018,206,110.72,S0025,2024-12-23,13,815
2025-01-30,P000035,LOC018,284,110.0,S0025,2025-01-15,13,815
2025-03-01,P000035,LOC018,273,110.66,S0025,2025-02-25,13,815
2025-03-31,P000035,LOC018,241,113.37,S0025,2025-03-25,13,815
2024-10-02,P000035,LOC019,94,109.87,S0025,2024-09-30,13,815
2024-11-01,P000035,LOC019,104,110.6,S0025,2024-10-14,13,815
2024-12-01,P000035,LOC019,98,110.26,S0025,2024-11-04,13,815
2024-12-31,P000035,LOC019,157,106.97,S0025,2024-12-07,13,815
2025-01-30,P000035,LOC019,155,105.32,S0025,2025-01-28,13,815
2025-03-01,P000035,LOC019,139,107.68,S0025,2025-02-14,13,815
2025-03-31,P000035,LOC019,123,109.27,S0025,2025-03-28,13,815
2024-10-02,P000035,LOC020,86,106.18,S0025,2024-09-17,13,815
2024-11-01,P000035,LOC020,168,116.15,S0025,2024-10-08,13,815
2024-12-01,P000035,LOC020,256,105.29,S0025,2024-11-03,13,815
2024-12-31,P000035,LOC020,328,105.36,S0025,2024-12-26,13,815
2025-01-30,P000035,LOC020,324,108.03,S0025,2025-01-05,13,815
2025-03-01,P000035,LOC020,323,108.23,S0025,2025-02-11,13,815
2025-03-31,P000035,LOC020,280,109.17,S0025,2025-03-03,13,815
2024-10-02,P000036,LOC001,342,132.34,S0004,2024-09-23,15,361
2024-11-01,P000036,LOC001,261,129.63,S0004,2024-10-24,15,361
2024-12-01,P000036,LOC001,327,140.89,S0004,2024-11-26,15,361
2024-12-31,P000036,LOC001,320,132.85,S0004,2024-12-05,15,361
2025-01-30,P000036,LOC001,279,130.71,S0004,2025-01-28,15,361
2025-03-01,P000036,LOC001,342,133.41,S0004,2025-02-27,15,361
2025-03-31,P000036,LOC001,293,127.68,S0004,2025-03-04,15,361
2024-10-02,P000036,LOC002,284,130.3,S0004,2024-09-06,15,361
2024-11-01,P000036,LOC002,326,137.61,S0004,2024-10-13,15,361
2024-12-01,P000036,LOC002,292,140.23,S0004,2024-11-22,15,361
2024-12-31,P000036,LOC002,342,138.21,S0004,2024-12-03,15,361
2025-01-30,P000036,LOC002,322,133.23,S0004,2025-01-06,15,361
2025-03-01,P000036,LOC002,274,137.25,S0004,2025-02-20,15,361
2025-03-31,P000036,LOC002,325,137.55,S0004,2025-03-18,15,361
2024-10-02,P000036,LOC003,305,137.34,S0004,2024-09-06,15,361
2024-11-01,P000036,LOC003,284,129.19,S0004,2024-10-23,15,361
2024-12-01,P000036,LOC003,316,139.38,S0004,2024-11-24,15,361
2024-12-31,P000036,LOC003,309,127.63,S0004,2024-12-13,15,361
2025-01-30,P000036,LOC003,267,131.89,S0004,2025-01-14,15,361
2025-03-01,P000036,LOC003,265,130.53,S0004,2025-02-14,15,361
2025-03-31,P000036,LOC003,271,133.14,S0004,2025-03-25,15,361
2024-10-02,P000036,LOC004,271,128.78,S0004,2024-09-21,15,361
2024-11-01,P000036,LOC004,258,138.73,S0004,2024-10-14,15,361
2024-12-01,P000036,LOC004,284,140.46,S0004,2024-11-12,15,361
2024-12-31,P000036,LOC004,278,128.13,S0004,2024-12-05,15,361
2025-01-30,P000036,LOC004,301,135.08,S0004,2025-01-11,15,361
2025-03-01,P000036,LOC004,281,135.38,S0004,2025-02-06,15,361
2025-03-31,P000036,LOC004,316,133.41,S0004,2025-03-15,15,361
2024-10-02,P000036,LOC005,278,135.7,S0004,2024-09-15,15,361
2024-11-01,P000036,LOC005,276,130.93,S0004,2024-10-19,15,361
2024-12-01,P000036,LOC005,330,137.55,S0004,2024-11-23,15,361
2024-12-31,P000036,LOC005,341,137.39,S0004,2024-12-20,15,361
2025-01-30,P000036,LOC005,314,140.51,S0004,2025-01-05,15,361
2025-03-01,P000036,LOC005,261,130.7,S0004,2025-02-09,15,361
2025-03-31,P000036,LOC005,339,128.81,S0004,2025-03-10,15,361
2024-10-02,P000036,LOC006,323,134.45,S0004,2024-09-15,15,361
2024-11-01,P000036,LOC006,335,130.83,S0004,2024-10-11,15,361
2024-12-01,P000036,LOC006,342,127.73,S0004,2024-11-20,15,361
2024-12-31,P000036,LOC006,330,133.48,S0004,2024-12-22,15,361
2025-01-30,P000036,LOC006,264,134.23,S0004,2025-01-25,15,361
2025-03-01,P000036,LOC006,330,140.01,S0004,2025-02-17,15,361
2025-03-31,P000036,LOC006,275,128.69,S0004,2025-03-09,15,361
2024-10-02,P000036,LOC007,316,129.13,S0004,2024-09-18,15,361
2024-11-01,P000036,LOC007,327,137.38,S0004,2024-10-28,15,361
2024-12-01,P000036,LOC007,321,133.3,S0004,2024-11-23,15,361
2024-12-31,P000036,LOC007,313,129.38,S0004,2024-12-26,15,361
2025-01-30,P000036,LOC007,296,129.29,S0004,2025-01-21,15,361
2025-03-01,P000036,LOC007,304,137.24,S0004,2025-02-08,15,361
2025-03-31,P000036,LOC007,276,137.92,S0004,2025-03-07,15,361
2024-10-02,P000036,LOC008,290,136.45,S0004,2024-09-21,15,361
2024-11-01,P000036,LOC008,293,136.57,S0004,2024-10-23,15,361
2024-12-01,P000036,LOC008,309,130.77,S0004,2024-11-17,15,361
2024-12-31,P000036,LOC008,332,132.01,S0004,2024-12-13,15,361
2025-01-30,P000036,LOC008,261,130.82,S0004,2025-01-25,15,361
2025-03-01,P000036,LOC008,299,137.42,S0004,2025-02-24,15,361
2025-03-31,P000036,LOC008,277,132.65,S0004,2025-03-04,15,361
2024-10-02,P000036,LOC009,337,136.35,S0004,2024-09-02,15,361
2024-11-01,P000036,LOC009,286,131.48,S0004,2024-10-29,15,361
2024-12-01,P000036,LOC009,338,127.84,S0004,2024-11-22,15,361
2024-12-31,P000036,LOC009,282,129.06,S0004,2024-12-12,15,361
2025-01-30,P000036,LOC009,252,137.19,S0004,2025-01-09,15,361
2025-03-01,P000036,LOC009,322,134.76,S0004,2025-02-22,15,361
2025-03-31,P000036,LOC009,318,128.93,S0004,2025-03-29,15,361
2024-10-02,P000036,LOC010,318,139.41,S0004,2024-09-30,15,361
2024-11-01,P000036,LOC010,294,131.47,S0004,2024-10-16,15,361
2024-12-01,P000036,LOC010,312,130.71,S0004,2024-11-29,15,361
2024-12-31,P000036,LOC010,285,132.35,S0004,2024-12-18,15,361
2025-01-30,P000036,LOC010,258,135.03,S0004,2025-01-28,15,361
2025-03-01,P000036,LOC010,300,133.66,S0004,2025-02-08,15,361
2025-03-31,P000036,LOC010,272,138.5,S0004,2025-03-19,15,361
2024-10-02,P000036,LOC011,291,134.96,S0004,2024-10-01,15,361
2024-11-01,P000036,LOC011,271,132.27,S0004,2024-10-09,15,361
2024-12-01,P000036,LOC011,276,132.44,S0004,2024-11-15,15,361
2024-12-31,P000036,LOC011,327,134.18,S0004,2024-12-03,15,361
2025-01-30,P000036,LOC011,283,128.9,S0004,2025-01-22,15,361
2025-03-01,P000036,LOC011,304,138.04,S0004,2025-02-08,15,361
2025-03-31,P000036,LOC011,303,137.08,S0004,2025-03-14,15,361
2024-10-02,P000036,LOC012,296,127.91,S0004,2024-09-03,15,361
2024-11-01,P000036,LOC012,283,137.37,S0004,2024-10-06,15,361
2024-12-01,P000036,LOC012,314,137.0,S0004,2024-11-26,15,361
2024-12-31,P000036,LOC012,257,129.83,S0004,2024-12-08,15,361
2025-01-30,P000036,LOC012,261,131.64,S0004,2025-01-14,15,361
2025-03-01,P000036,LOC012,323,128.73,S0004,2025-02-14,15,361
2025-03-31,P000036,LOC012,294,130.11,S0004,2025-03-18,15,361
2024-10-02,P000036,LOC013,263,140.81,S0004,2024-09-26,15,361
2024-11-01,P000036,LOC013,330,129.01,S0004,2024-10-07,15,361
2024-12-01,P000036,LOC013,292,137.02,S0004,2024-11-21,15,361
2024-12-31,P000036,LOC013,252,130.78,S0004,2024-12-22,15,361
2025-01-30,P000036,LOC013,339,139.47,S0004,2025-01-03,15,361
2025-03-01,P000036,LOC013,270,135.47,S0004,2025-02-11,15,361
2025-03-31,P000036,LOC013,314,127.75,S0004,2025-03-03,15,361
2024-10-02,P000036,LOC014,264,129.21,S0004,2024-09-05,15,361
2024-11-01,P000036,LOC014,311,140.72,S0004,2024-10-05,15,361
2024-12-01,P000036,LOC014,267,129.99,S0004,2024-11-15,15,361
2024-12-31,P000036,LOC014,336,134.05,S0004,2024-12-06,15,361
2025-01-30,P000036,LOC014,277,136.13,S0004,2025-01-19,15,361
2025-03-01,P000036,LOC014,311,136.92,S0004,2025-02-17,15,361
2025-03-31,P000036,LOC014,275,135.64,S0004,2025-03-15,15,361
2024-10-02,P000036,LOC015,286,132.54,S0004,2024-09-28,15,361
2024-11-01,P000036,LOC015,334,139.49,S0004,2024-10-30,15,361
2024-12-01,P000036,LOC015,267,130.86,S0004,2024-11-09,15,361
2024-12-31,P000036,LOC015,288,127.63,S0004,2024-12-26,15,361
2025-01-30,P000036,LOC015,280,136.52,S0004,2025-01-25,15,361
2025-03-01,P000036,LOC015,315,135.55,S0004,2025-02-23,15,361
2025-03-31,P000036,LOC015,273,133.18,S0004,2025-03-26,15,361
2024-10-02,P000036,LOC016,311,137.54,S0004,2024-09-06,15,361
2024-11-01,P000036,LOC016,316,133.55,S0004,2024-10-31,15,361
2024-12-01,P000036,LOC016,252,127.68,S0004,2024-11-08,15,361
2024-12-31,P000036,LOC016,295,131.88,S0004,2024-12-05,15,361
2025-01-30,P000036,LOC016,264,127.63,S0004,2025-01-04,15,361
2025-03-01,P000036,LOC016,273,130.1,S0004,2025-02-28,15,361
2025-03-31,P000036,LOC016,314,129.97,S0004,2025-03-04,15,361
2024-10-02,P000036,LOC017,253,127.9,S0004,2024-09-10,15,361
2024-11-01,P000036,LOC017,315,138.79,S0004,2024-10-15,15,361
2024-12-01,P000036,LOC017,326,139.22,S0004,2024-11-30,15,361
2024-12-31,P000036,LOC017,341,140.66,S0004,2024-12-05,15,361
2025-01-30,P000036,LOC017,290,135.89,S0004,2025-01-04,15,361
2025-03-01,P000036,LOC017,264,129.77,S0004,2025-02-14,15,361
2025-03-31,P000036,LOC017,259,137.82,S0004,2025-03-13,15,361
2024-10-02,P000036,LOC018,287,133.93,S0004,2024-10-01,15,361
2024-11-01,P000036,LOC018,318,129.99,S0004,2024-10-18,15,361
2024-12-01,P000036,LOC018,261,133.03,S0004,2024-11-22,15,361
2024-12-31,P000036,LOC018,280,132.82,S0004,2024-12-19,15,361
2025-01-30,P000036,LOC018,332,133.57,S0004,2025-01-14,15,361
2025-03-01,P000036,LOC018,265,133.25,S0004,2025-02-27,15,361
2025-03-31,P000036,LOC018,322,132.81,S0004,2025-03-18,15,361
2024-10-02,P000036,LOC019,320,135.26,S0004,2024-09-11,15,361
2024-11-01,P000036,LOC019,264,138.38,S0004,2024-10-08,15,361
2024-12-01,P000036,LOC019,342,130.76,S0004,2024-11-16,15,361
2024-12-31,P000036,LOC019,265,137.03,S0004,2024-12-12,15,361
2025-01-30,P000036,LOC019,300,137.52,S0004,2025-01-19,15,361
2025-03-01,P000036,LOC019,253,132.39,S0004,2025-02-16,15,361
2025-03-31,P000036,LOC019,311,137.56,S0004,2025-03-01,15,361
2024-10-02,P000036,LOC020,292,139.73,S0004,2024-09-19,15,361
2024-11-01,P000036,LOC020,317,136.24,S0004,2024-10-21,15,361
2024-12-01,P000036,LOC020,309,134.62,S0004,2024-11-20,15,361
2024-12-31,P000036,LOC020,266,133.97,S0004,2024-12-15,15,361
2025-01-30,P000036,LOC020,289,137.61,S0004,2025-01-02,15,361
2025-03-01,P000036,LOC020,314,134.35,S0004,2025-02-02,15,361
2025-03-31,P000036,LOC020,330,135.15,S0004,2025-03-05,15,361
2024-10-02,P000037,LOC001,397,588.13,S0003,2024-09-30,16,551
2024-11-01,P000037,LOC001,399,563.4,S0003,2024-10-12,16,551
2024-12-01,P000037,LOC001,489,557.7,S0003,2024-11-02,16,551
2024-12-31,P000037,LOC001,466,582.91,S0003,2024-12-02,16,551
2025-01-30,P000037,LOC001,438,552.45,S0003,2024-12-31,16,551
2025-03-01,P000037,LOC001,518,541.31,S0003,2025-02-07,16,551
2025-03-31,P000037,LOC001,429,536.86,S0003,2025-03-23,16,551
2024-10-02,P000037,LOC002,404,544.98,S0003,2024-09-25,16,551
2024-11-01,P000037,LOC002,423,566.6,S0003,2024-10-03,16,551
2024-12-01,P000037,LOC002,397,572.54,S0003,2024-11-05,16,551
2024-12-31,P000037,LOC002,461,535.47,S0003,2024-12-16,16,551
2025-01-30,P000037,LOC002,468,582.48,S0003,2025-01-26,16,551
2025-03-01,P000037,LOC002,469,546.76,S0003,2025-02-12,16,551
2025-03-31,P000037,LOC002,493,539.16,S0003,2025-03-25,16,551
2024-10-02,P000037,LOC003,480,533.83,S0003,2024-09-09,16,551
2024-11-01,P000037,LOC003,502,577.63,S0003,2024-10-28,16,551
2024-12-01,P000037,LOC003,476,554.05,S0003,2024-11-30,16,551
2024-12-31,P000037,LOC003,427,569.46,S0003,2024-12-13,16,551
2025-01-30,P000037,LOC003,457,555.34,S0003,2025-01-13,16,551
2025-03-01,P000037,LOC003,455,553.13,S0003,2025-02-01,16,551
2025-03-31,P000037,LOC003,488,572.03,S0003,2025-03-01,16,551
2024-10-02,P000037,LOC004,426,582.78,S0003,2024-09-18,16,551
2024-11-01,P000037,LOC004,393,576.59,S0003,2024-10-07,16,551
2024-12-01,P000037,LOC004,509,575.96,S0003,2024-11-23,16,551
2024-12-31,P000037,LOC004,517,543.59,S0003,2024-12-08,16,551
2025-01-30,P000037,LOC004,453,568.79,S0003,2025-01-17,16,551
2025-03-01,P000037,LOC004,401,583.07,S0003,2025-02-26,16,551
2025-03-31,P000037,LOC004,454,572.73,S0003,2025-03-19,16,551
2024-10-02,P000037,LOC005,467,542.98,S0003,2024-09-04,16,551
2024-11-01,P000037,LOC005,458,537.79,S0003,2024-10-10,16,551
2024-12-01,P000037,LOC005,520,548.14,S0003,2024-11-30,16,551
2024-12-31,P000037,LOC005,521,572.73,S0003,2024-12-11,16,551
2025-01-30,P000037,LOC005,514,539.44,S0003,2025-01-27,16,551
2025-03-01,P000037,LOC005,403,588.37,S0003,2025-02-08,16,551
2025-03-31,P000037,LOC005,504,544.3,S0003,2025-03-25,16,551
2024-10-02,P000037,LOC006,463,587.85,S0003,2024-10-01,16,551
2024-11-01,P000037,LOC006,436,583.79,S0003,2024-10-09,16,551
2024-12-01,P000037,LOC006,479,587.63,S0003,2024-11-09,16,551
2024-12-31,P000037,LOC006,490,554.48,S0003,2024-12-28,16,551
2025-01-30,P000037,LOC006,517,541.17,S0003,2025-01-27,16,551
2025-03-01,P000037,LOC006,491,579.29,S0003,2025-02-07,16,551
2025-03-31,P000037,LOC006,387,585.06,S0003,2025-03-09,16,551
2024-10-02,P000037,LOC007,395,588.39,S0003,2024-09-05,16,551
2024-11-01,P000037,LOC007,421,587.7,S0003,2024-10-09,16,551
2024-12-01,P000037,LOC007,391,543.65,S0003,2024-11-29,16,551
2024-12-31,P000037,LOC007,394,543.87,S0003,2024-12-07,16,551
2025-01-30,P000037,LOC007,494,558.94,S0003,2025-01-01,16,551
2025-03-01,P000037,LOC007,455,571.38,S0003,2025-02-14,16,551
2025-03-31,P000037,LOC007,472,576.27,S0003,2025-03-28,16,551
2024-10-02,P000037,LOC008,454,574.9,S0003,2024-09-22,16,551
2024-11-01,P000037,LOC008,442,567.29,S0003,2024-10-26,16,551
2024-12-01,P000037,LOC008,482,543.73,S0003,2024-11-11,16,551
2024-12-31,P000037,LOC008,397,543.93,S0003,2024-12-10,16,551
2025-01-30,P000037,LOC008,459,567.86,S0003,2025-01-18,16,551
2025-03-01,P000037,LOC008,470,549.47,S0003,2025-02-23,16,551
2025-03-31,P000037,LOC008,423,563.27,S0003,2025-03-16,16,551
2024-10-02,P000037,LOC009,428,550.23,S0003,2024-10-01,16,551
2024-11-01,P000037,LOC009,456,545.48,S0003,2024-10-19,16,551
2024-12-01,P000037,LOC009,413,577.99,S0003,2024-11-24,16,551
2024-12-31,P000037,LOC009,497,533.78,S0003,2024-12-03,16,551
2025-01-30,P000037,LOC009,459,567.51,S0003,2025-01-07,16,551
2025-03-01,P000037,LOC009,439,583.29,S0003,2025-02-27,16,551
2025-03-31,P000037,LOC009,473,587.89,S0003,2025-03-30,16,551
2024-10-02,P000037,LOC010,500,533.97,S0003,2024-09-05,16,551
2024-11-01,P000037,LOC010,479,584.09,S0003,2024-10-22,16,551
2024-12-01,P000037,LOC010,394,552.02,S0003,2024-11-24,16,551
2024-12-31,P000037,LOC010,481,582.85,S0003,2024-12-12,16,551
2025-01-30,P000037,LOC010,486,562.33,S0003,2025-01-11,16,551
2025-03-01,P000037,LOC010,502,577.0,S0003,2025-02-18,16,551
2025-03-31,P000037,LOC010,393,553.25,S0003,2025-03-02,16,551
2024-10-02,P000037,LOC011,397,541.59,S0003,2024-09-03,16,551
2024-11-01,P000037,LOC011,445,583.96,S0003,2024-10-08,16,551
2024-12-01,P000037,LOC011,448,572.71,S0003,2024-11-18,16,551
2024-12-31,P000037,LOC011,469,566.78,S0003,2024-12-10,16,551
2025-01-30,P000037,LOC011,428,539.19,S0003,2025-01-11,16,551
2025-03-01,P000037,LOC011,487,548.95,S0003,2025-02-15,16,551
2025-03-31,P000037,LOC011,487,567.77,S0003,2025-03-13,16,551
2024-10-02,P000037,LOC012,402,576.32,S0003,2024-09-10,16,551
2024-11-01,P000037,LOC012,483,534.43,S0003,2024-10-02,16,551
2024-12-01,P000037,LOC012,482,577.47,S0003,2024-11-30,16,551
2024-12-31,P000037,LOC012,408,562.57,S0003,2024-12-26,16,551
2025-01-30,P000037,LOC012,516,577.97,S0003,2025-01-13,16,551
2025-03-01,P000037,LOC012,457,570.87,S0003,2025-02-06,16,551
2025-03-31,P000037,LOC012,493,540.92,S0003,2025-03-02,16,551
2024-10-02,P000037,LOC013,484,563.18,S0003,2024-09-07,16,551
2024-11-01,P000037,LOC013,408,537.68,S0003,2024-10-26,16,551
2024-12-01,P000037,LOC013,403,560.54,S0003,2024-11-01,16,551
2024-12-31,P000037,LOC013,493,538.58,S0003,2024-12-02,16,551
2025-01-30,P000037,LOC013,422,546.31,S0003,2025-01-27,16,551
2025-03-01,P000037,LOC013,507,534.37,S0003,2025-02-07,16,551
2025-03-31,P000037,LOC013,491,581.27,S0003,2025-03-06,16,551
2024-10-02,P000037,LOC014,389,574.23,S0003,2024-10-01,16,551
2024-11-01,P000037,LOC014,496,570.29,S0003,2024-10-23,16,551
2024-12-01,P000037,LOC014,423,563.07,S0003,2024-11-07,16,551
2024-12-31,P000037,LOC014,394,536.66,S0003,2024-12-25,16,551
2025-01-30,P000037,LOC014,483,541.75,S0003,2025-01-14,16,551
2025-03-01,P000037,LOC014,465,539.42,S0003,2025-02-21,16,551
2025-03-31,P000037,LOC014,396,577.74,S0003,2025-03-29,16,551
2024-10-02,P000037,LOC015,448,588.26,S0003,2024-09-29,16,551
2024-11-01,P000037,LOC015,435,563.66,S0003,2024-10-06,16,551
2024-12-01,P000037,LOC015,454,587.45,S0003,2024-11-26,16,551
2024-12-31,P000037,LOC015,463,564.32,S0003,2024-12-14,16,551
2025-01-30,P000037,LOC015,436,545.74,S0003,2025-01-10,16,551
2025-03-01,P000037,LOC015,420,580.95,S0003,2025-02-22,16,551
2025-03-31,P000037,LOC015,399,543.82,S0003,2025-03-23,16,551
2024-10-02,P000037,LOC016,464,539.9,S0003,2024-09-27,16,551
2024-11-01,P000037,LOC016,485,568.64,S0003,2024-10-04,16,551
2024-12-01,P000037,LOC016,417,575.64,S0003,2024-11-15,16,551
2024-12-31,P000037,LOC016,455,561.05,S0003,2024-12-29,16,551
2025-01-30,P000037,LOC016,391,533.57,S0003,2025-01-25,16,551
2025-03-01,P000037,LOC016,504,587.21,S0003,2025-02-17,16,551
2025-03-31,P000037,LOC016,419,538.02,S0003,2025-03-13,16,551
2024-10-02,P000037,LOC017,450,564.23,S0003,2024-09-25,16,551
2024-11-01,P000037,LOC017,438,540.57,S0003,2024-10-21,16,551
2024-12-01,P000037,LOC017,406,545.6,S0003,2024-11-24,16,551
2024-12-31,P000037,LOC017,513,555.46,S0003,2024-12-03,16,551
2025-01-30,P000037,LOC017,503,559.77,S0003,2025-01-28,16,551
2025-03-01,P000037,LOC017,461,550.8,S0003,2025-02-09,16,551
2025-03-31,P000037,LOC017,511,562.06,S0003,2025-03-20,16,551
2024-10-02,P000037,LOC018,487,547.05,S0003,2024-09-29,16,551
2024-11-01,P000037,LOC018,443,548.49,S0003,2024-10-25,16,551
2024-12-01,P000037,LOC018,430,566.57,S0003,2024-11-14,16,551
2024-12-31,P000037,LOC018,443,588.65,S0003,2024-12-15,16,551
2025-01-30,P000037,LOC018,484,585.73,S0003,2025-01-19,16,551
2025-03-01,P000037,LOC018,423,543.81,S0003,2025-02-27,16,551
2025-03-31,P000037,LOC018,396,537.35,S0003,2025-03-03,16,551
2024-10-02,P000037,LOC019,437,578.45,S0003,2024-09-04,16,551
2024-11-01,P000037,LOC019,454,555.31,S0003,2024-10-11,16,551
2024-12-01,P000037,LOC019,509,537.79,S0003,2024-11-18,16,551
2024-12-31,P000037,LOC019,410,534.18,S0003,2024-12-30,16,551
2025-01-30,P000037,LOC019,496,542.41,S0003,2025-01-15,16,551
2025-03-01,P000037,LOC019,520,551.26,S0003,2025-02-18,16,551
2025-03-31,P000037,LOC019,517,549.14,S0003,2025-03-11,16,551
2024-10-02,P000037,LOC020,395,539.17,S0003,2024-09-03,16,551
2024-11-01,P000037,LOC020,449,580.98,S0003,2024-10-30,16,551
2024-12-01,P000037,LOC020,424,579.26,S0003,2024-11-02,16,551
2024-12-31,P000037,LOC020,502,562.42,S0003,2024-12-09,16,551
2025-01-30,P000037,LOC020,430,543.32,S0003,2025-01-15,16,551
2025-03-01,P000037,LOC020,461,567.61,S0003,2025-02-02,16,551
2025-03-31,P000037,LOC020,386,546.49,S0003,2025-03-14,16,551
2024-10-02,P000038,LOC001,31,116.55,S0009,2024-09-07,31,950
2024-11-01,P000038,LOC001,26,110.44,S0009,2024-10-29,31,950
2024-12-01,P000038,LOC001,106,109.02,S0009,2024-11-08,31,950
2024-12-31,P000038,LOC001,63,119.47,S0009,2024-12-04,31,950
2025-01-30,P000038,LOC001,14,116.57,S0009,2025-01-19,31,950
2025-03-01,P000038,LOC001,41,117.52,S0009,2025-02-09,31,950
2025-03-31,P000038,LOC001,100,111.17,S0009,2025-03-11,31,950
2024-10-02,P000038,LOC002,111,112.02,S0009,2024-09-16,31,950
2024-11-01,P000038,LOC002,135,111.83,S0009,2024-10-11,31,950
2024-12-01,P000038,LOC002,215,113.48,S0009,2024-11-16,31,950
2024-12-31,P000038,LOC002,260,118.27,S0009,2024-12-04,31,950
2025-01-30,P000038,LOC002,268,116.27,S0009,2025-01-08,31,950
2025-03-01,P000038,LOC002,285,112.04,S0009,2025-02-10,31,950
2025-03-31,P000038,LOC002,323,116.3,S0009,2025-03-30,31,950
2024-10-02,P000038,LOC003,0,111.54,S0009,2024-09-22,31,950
2024-11-01,P000038,LOC003,73,118.37,S0009,2024-10-09,31,950
2024-12-01,P000038,LOC003,116,118.65,S0009,2024-11-04,31,950
2024-12-31,P000038,LOC003,180,114.41,S0009,2024-12-13,31,950
2025-01-30,P000038,LOC003,243,116.55,S0009,2025-01-26,31,950
2025-03-01,P000038,LOC003,223,114.83,S0009,2025-02-08,31,950
2025-03-31,P000038,LOC003,206,113.9,S0009,2025-03-21,31,950
2024-10-02,P000038,LOC004,0,111.43,S0009,2024-09-27,31,950
2024-11-01,P000038,LOC004,0,114.37,S0009,2024-10-17,31,950
2024-12-01,P000038,LOC004,0,113.23,S0009,2024-11-27,31,950
2024-12-31,P000038,LOC004,3,115.74,S0009,2024-12-14,31,950
2025-01-30,P000038,LOC004,60,109.93,S0009,2025-01-14,31,950
2025-03-01,P000038,LOC004,44,118.57,S0009,2025-02-04,31,950
2025-03-31,P000038,LOC004,108,116.88,S0009,2025-03-16,31,950
2024-10-02,P000038,LOC005,59,108.6,S0009,2024-09-12,31,950
2024-11-01,P000038,LOC005,110,108.34,S0009,2024-10-19,31,950
2024-12-01,P000038,LOC005,175,113.69,S0009,2024-11-16,31,950
2024-12-31,P000038,LOC005,191,110.43,S0009,2024-12-02,31,950
2025-01-30,P000038,LOC005,255,117.89,S0009,2025-01-07,31,950
2025-03-01,P000038,LOC005,256,112.49,S0009,2025-02-26,31,950
2025-03-31,P000038,LOC005,302,115.65,S0009,2025-03-30,31,950
2024-10-02,P000038,LOC006,0,115.7,S0009,2024-09-20,31,950
2024-11-01,P000038,LOC006,0,114.27,S0009,2024-10-08,31,950
2024-12-01,P000038,LOC006,0,116.45,S0009,2024-11-15,31,950
2024-12-31,P000038,LOC006,33,116.77,S0009,2024-12-29,31,950
2025-01-30,P000038,LOC006,80,111.64,S0009,2025-01-20,31,950
2025-03-01,P000038,LOC006,88,109.63,S0009,2025-02-17,31,950
2025-03-31,P000038,LOC006,129,116.02,S0009,2025-03-01,31,950
2024-10-02,P000038,LOC007,27,111.32,S0009,2024-09-09,31,950
2024-11-01,P000038,LOC007,3,114.16,S0009,2024-10-11,31,950
2024-12-01,P000038,LOC007,26,111.81,S0009,2024-11-27,31,950
2024-12-31,P000038,LOC007,68,116.35,S0009,2024-12-13,31,950
2025-01-30,P000038,LOC007,40,109.02,S0009,2025-01-14,31,950
2025-03-01,P000038,LOC007,39,113.57,S0009,2025-02-09,31,950
2025-03-31,P000038,LOC007,98,119.26,S0009,2025-03-07,31,950
2024-10-02,P000038,LOC008,6,111.0,S0009,2024-09-29,31,950
2024-11-01,P000038,LOC008,0,116.46,S0009,2024-10-26,31,950
2024-12-01,P000038,LOC008,97,112.9,S0009,2024-11-05,31,950
2024-12-31,P000038,LOC008,132,108.78,S0009,2024-12-21,31,950
2025-01-30,P000038,LOC008,222,117.37,S0009,2025-01-20,31,950
2025-03-01,P000038,LOC008,200,116.98,S0009,2025-02-12,31,950
2025-03-31,P000038,LOC008,156,117.18,S0009,2025-03-29,31,950
2024-10-02,P000038,LOC009,0,110.48,S0009,2024-09-16,31,950
2024-11-01,P000038,LOC009,3,111.48,S0009,2024-10-22,31,950
2024-12-01,P000038,LOC009,0,112.53,S0009,2024-11-11,31,950
2024-12-31,P000038,LOC009,0,110.31,S0009,2024-12-29,31,950
2025-01-30,P000038,LOC009,64,109.17,S0009,2025-01-27,31,950
2025-03-01,P000038,LOC009,153,111.55,S0009,2025-02-14,31,950
2025-03-31,P000038,LOC009,112,118.66,S0009,2025-03-07,31,950
2024-10-02,P000038,LOC010,11,109.89,S0009,2024-09-10,31,950
2024-11-01,P000038,LOC010,0,111.5,S0009,2024-10-27,31,950
2024-12-01,P000038,LOC010,83,117.65,S0009,2024-11-12,31,950
2024-12-31,P000038,LOC010,34,115.73,S0009,2024-12-06,31,950
2025-01-30,P000038,LOC010,129,113.99,S0009,2025-01-25,31,950
2025-03-01,P000038,LOC010,205,110.06,S0009,2025-02-14,31,950
2025-03-31,P000038,LOC010,301,119.12,S0009,2025-03-18,31,950
2024-10-02,P000038,LOC011,0,108.66,S0009,2024-09-29,31,950
2024-11-01,P000038,LOC011,74,119.54,S0009,2024-10-07,31,950
2024-12-01,P000038,LOC011,121,117.41,S0009,2024-11-12,31,950
2024-12-31,P000038,LOC011,149,108.38,S0009,2024-12-02,31,950
2025-01-30,P000038,LOC011,156,112.54,S0009,2025-01-22,31,950
2025-03-01,P000038,LOC011,147,109.21,S0009,2025-02-07,31,950
2025-03-31,P000038,LOC011,119,113.2,S0009,2025-03-04,31,950
2024-10-02,P000038,LOC012,115,109.84,S0009,2024-09-08,31,950
2024-11-01,P000038,LOC012,83,112.85,S0009,2024-10-05,31,950
2024-12-01,P000038,LOC012,54,111.15,S0009,2024-11-15,31,950
2024-12-31,P000038,LOC012,35,113.03,S0009,2024-12-06,31,950
2025-01-30,P000038,LOC012,90,118.85,S0009,2025-01-15,31,950
2025-03-01,P000038,LOC012,94,116.77,S0009,2025-02-11,31,950
2025-03-31,P000038,LOC012,180,115.17,S0009,2025-03-07,31,950
2024-10-02,P000038,LOC013,48,116.37,S0009,2024-09-02,31,950
2024-11-01,P000038,LOC013,0,114.63,S0009,2024-10-25,31,950
2024-12-01,P000038,LOC013,0,118.15,S0009,2024-11-08,31,950
2024-12-31,P000038,LOC013,77,117.35,S0009,2024-12-03,31,950
2025-01-30,P000038,LOC013,147,111.42,S0009,2025-01-27,31,950
2025-03-01,P000038,LOC013,113,118.2,S0009,2025-02-02,31,950
2025-03-31,P000038,LOC013,103,113.93,S0009,2025-03-26,31,950
2024-10-02,P000038,LOC014,118,108.96,S0009,2024-09-29,31,950
2024-11-01,P000038,LOC014,211,111.7,S0009,2024-10-09,31,950
2024-12-01,P000038,LOC014,263,119.2,S0009,2024-11-08,31,950
2024-12-31,P000038,LOC014,316,117.58,S0009,2024-12-14,31,950
2025-01-30,P000038,LOC014,340,111.79,S0009,2025-01-12,31,950
2025-03-01,P000038,LOC014,323,114.11,S0009,2025-02-12,31,950
2025-03-31,P000038,LOC014,318,118.36,S0009,2025-03-26,31,950
2024-10-02,P000038,LOC015,41,113.26,S0009,2024-09-26,31,950
2024-11-01,P000038,LOC015,127,114.87,S0009,2024-10-18,31,950
2024-12-01,P000038,LOC015,127,108.94,S0009,2024-11-30,31,950
2024-12-31,P000038,LOC015,153,118.27,S0009,2024-12-09,31,950
2025-01-30,P000038,LOC015,251,118.07,S0009,2025-01-21,31,950
2025-03-01,P000038,LOC015,330,111.98,S0009,2025-02-08,31,950
2025-03-31,P000038,LOC015,288,108.36,S0009,2025-03-18,31,950
2024-10-02,P000038,LOC016,98,111.11,S0009,2024-09-28,31,950
2024-11-01,P000038,LOC016,123,116.66,S0009,2024-10-05,31,950
2024-12-01,P000038,LOC016,100,118.61,S0009,2024-11-20,31,950
2024-12-31,P000038,LOC016,172,118.6,S0009,2024-12-04,31,950
2025-01-30,P000038,LOC016,254,110.84,S0009,2025-01-20,31,950
2025-03-01,P000038,LOC016,302,111.1,S0009,2025-02-12,31,950
2025-03-31,P000038,LOC016,321,114.46,S0009,2025-03-05,31,950
2024-10-02,P000038,LOC017,20,111.62,S0009,2024-09-05,31,950
2024-11-01,P000038,LOC017,75,114.91,S0009,2024-10-14,31,950
2024-12-01,P000038,LOC017,29,118.18,S0009,2024-11-19,31,950
2024-12-31,P000038,LOC017,37,109.61,S0009,2024-12-23,31,950
2025-01-30,P000038,LOC017,0,109.32,S0009,2025-01-06,31,950
2025-03-01,P000038,LOC017,99,109.06,S0009,2025-02-10,31,950
2025-03-31,P000038,LOC017,156,114.39,S0009,2025-03-26,31,950
2024-10-02,P000038,LOC018,72,117.08,S0009,2024-09-11,31,950
2024-11-01,P000038,LOC018,93,114.11,S0009,2024-10-10,31,950
2024-12-01,P000038,LOC018,175,115.87,S0009,2024-11-15,31,950
2024-12-31,P000038,LOC018,125,112.28,S0009,2024-12-30,31,950
2025-01-30,P000038,LOC018,128,118.75,S0009,2025-01-01,31,950
2025-03-01,P000038,LOC018,89,116.64,S0009,2025-02-18,31,950
2025-03-31,P000038,LOC018,92,109.05,S0009,2025-03-15,31,950
2024-10-02,P000038,LOC019,14,117.13,S0009,2024-09-23,31,950
2024-11-01,P000038,LOC019,27,117.99,S0009,2024-10-10,31,950
2024-12-01,P000038,LOC019,91,115.32,S0009,2024-11-04,31,950
2024-12-31,P000038,LOC019,88,118.46,S0009,2024-12-03,31,950
2025-01-30,P000038,LOC019,157,116.96,S0009,2025-01-11,31,950
2025-03-01,P000038,LOC019,168,114.79,S0009,2025-02-19,31,950
2025-03-31,P000038,LOC019,153,118.56,S0009,2025-03-27,31,950
2024-10-02,P000038,LOC020,109,111.05,S0009,2024-09-20,31,950
2024-11-01,P000038,LOC020,196,113.75,S0009,2024-10-16,31,950
2024-12-01,P000038,LOC020,172,111.04,S0009,2024-11-20,31,950
2024-12-31,P000038,LOC020,242,114.28,S0009,2024-12-03,31,950
2025-01-30,P000038,LOC020,239,112.88,S0009,2025-01-19,31,950
2025-03-01,P000038,LOC020,218,110.04,S0009,2025-01-31,31,950
2025-03-31,P000038,LOC020,235,109.44,S0009,2025-03-20,31,950
2024-10-02,P000039,LOC001,284,587.86,S0027,2024-09-17,28,379
2024-11-01,P000039,LOC001,318,593.39,S0027,2024-10-07,28,379
2024-12-01,P000039,LOC001,294,583.21,S0027,2024-11-04,28,379
2024-12-31,P000039,LOC001,324,598.97,S0027,2024-12-06,28,379
2025-01-30,P000039,LOC001,309,586.59,S0027,2025-01-07,28,379
2025-03-01,P000039,LOC001,321,566.75,S0027,2025-01-31,28,379
2025-03-31,P000039,LOC001,312,610.11,S0027,2025-03-05,28,379
2024-10-02,P000039,LOC002,338,593.58,S0027,2024-09-04,28,379
2024-11-01,P000039,LOC002,283,603.38,S0027,2024-10-24,28,379
2024-12-01,P000039,LOC002,350,595.24,S0027,2024-11-29,28,379
2024-12-31,P000039,LOC002,337,614.4,S0027,2024-12-20,28,379
2025-01-30,P000039,LOC002,288,563.84,S0027,2024-12-31,28,379
2025-03-01,P000039,LOC002,265,601.21,S0027,2025-02-20,28,379
2025-03-31,P000039,LOC002,304,564.22,S0027,2025-03-09,28,379
2024-10-02,P000039,LOC003,287,591.88,S0027,2024-09-16,28,379
2024-11-01,P000039,LOC003,298,611.46,S0027,2024-10-14,28,379
2024-12-01,P000039,LOC003,344,558.24,S0027,2024-11-14,28,379
2024-12-31,P000039,LOC003,348,606.25,S0027,2024-12-27,28,379
2025-01-30,P000039,LOC003,355,597.62,S0027,2024-12-31,28,379
2025-03-01,P000039,LOC003,265,599.17,S0027,2025-02-27,28,379
2025-03-31,P000039,LOC003,327,595.71,S0027,2025-03-30,28,379
2024-10-02,P000039,LOC004,345,593.05,S0027,2024-09-22,28,379
2024-11-01,P000039,LOC004,334,576.25,S0027,2024-10-15,28,379
2024-12-01,P000039,LOC004,275,584.29,S0027,2024-11-18,28,379
2024-12-31,P000039,LOC004,315,586.2,S0027,2024-12-08,28,379
2025-01-30,P000039,LOC004,287,579.07,S0027,2025-01-13,28,379
2025-03-01,P000039,LOC004,311,597.32,S0027,2025-02-14,28,379
2025-03-31,P000039,LOC004,270,613.97,S0027,2025-03-21,28,379
2024-10-02,P000039,LOC005,359,599.16,S0027,2024-09-07,28,379
2024-11-01,P000039,LOC005,332,586.2,S0027,2024-10-06,28,379
2024-12-01,P000039,LOC005,274,600.54,S0027,2024-11-09,28,379
2024-12-31,P000039,LOC005,352,591.51,S0027,2024-12-04,28,379
2025-01-30,P000039,LOC005,350,608.88,S0027,2025-01-13,28,379
2025-03-01,P000039,LOC005,314,562.23,S0027,2025-01-30,28,379
2025-03-31,P000039,LOC005,331,613.77,S0027,2025-03-07,28,379
2024-10-02,P000039,LOC006,300,612.55,S0027,2024-09-28,28,379
2024-11-01,P000039,LOC006,357,591.55,S0027,2024-10-27,28,379
2024-12-01,P000039,LOC006,273,595.68,S0027,2024-11-05,28,379
2024-12-31,P000039,LOC006,274,564.92,S0027,2024-12-06,28,379
2025-01-30,P000039,LOC006,277,565.43,S0027,2025-01-20,28,379
2025-03-01,P000039,LOC006,342,594.61,S0027,2025-02-21,28,379
2025-03-31,P000039,LOC006,272,588.96,S0027,2025-03-13,28,379
2024-10-02,P000039,LOC007,319,594.63,S0027,2024-09-17,28,379
2024-11-01,P000039,LOC007,306,566.74,S0027,2024-10-18,28,379
2024-12-01,P000039,LOC007,356,589.68,S0027,2024-11-16,28,379
2024-12-31,P000039,LOC007,287,587.03,S0027,2024-12-13,28,379
2025-01-30,P000039,LOC007,290,603.14,S0027,2025-01-01,28,379
2025-03-01,P000039,LOC007,295,612.06,S0027,2025-02-23,28,379
2025-03-31,P000039,LOC007,341,607.06,S0027,2025-03-05,28,379
2024-10-02,P000039,LOC008,331,593.09,S0027,2024-09-04,28,379
2024-11-01,P000039,LOC008,334,569.23,S0027,2024-10-08,28,379
2024-12-01,P000039,LOC008,295,563.34,S0027,2024-11-03,28,379
2024-12-31,P000039,LOC008,291,582.96,S0027,2024-12-29,28,379
2025-01-30,P000039,LOC008,272,611.62,S0027,2025-01-22,28,379
2025-03-01,P000039,LOC008,284,560.88,S0027,2025-02-13,28,379
2025-03-31,P000039,LOC008,339,561.34,S0027,2025-03-02,28,379
2024-10-02,P000039,LOC009,320,572.76,S0027,2024-09-07,28,379
2024-11-01,P000039,LOC009,280,562.76,S0027,2024-10-18,28,379
2024-12-01,P000039,LOC009,280,597.83,S0027,2024-11-27,28,379
2024-12-31,P000039,LOC009,309,575.52,S0027,2024-12-01,28,379
2025-01-30,P000039,LOC009,303,579.36,S0027,2025-01-18,28,379
2025-03-01,P000039,LOC009,316,564.49,S0027,2025-02-10,28,379
2025-03-31,P000039,LOC009,356,557.58,S0027,2025-03-08,28,379
2024-10-02,P000039,LOC010,284,610.07,S0027,2024-09-17,28,379
2024-11-01,P000039,LOC010,294,593.47,S0027,2024-10-28,28,379
2024-12-01,P000039,LOC010,290,608.31,S0027,2024-11-03,28,379
2024-12-31,P000039,LOC010,276,610.3,S0027,2024-12-01,28,379
2025-01-30,P000039,LOC010,280,581.36,S0027,2025-01-02,28,379
2025-03-01,P000039,LOC010,330,573.22,S0027,2025-02-09,28,379
2025-03-31,P000039,LOC010,343,565.15,S0027,2025-03-26,28,379
2024-10-02,P000039,LOC011,331,560.54,S0027,2024-09-03,28,379
2024-11-01,P000039,LOC011,269,558.49,S0027,2024-10-12,28,379
2024-12-01,P000039,LOC011,344,575.27,S0027,2024-11-16,28,379
2024-12-31,P000039,LOC011,296,567.22,S0027,2024-12-24,28,379
2025-01-30,P000039,LOC011,273,578.32,S0027,2025-01-09,28,379
2025-03-01,P000039,LOC011,288,584.78,S0027,2025-02-09,28,379
2025-03-31,P000039,LOC011,299,609.62,S0027,2025-03-09,28,379
2024-10-02,P000039,LOC012,313,579.65,S0027,2024-09-14,28,379
2024-11-01,P000039,LOC012,329,610.62,S0027,2024-10-16,28,379
2024-12-01,P000039,LOC012,289,571.91,S0027,2024-11-29,28,379
2024-12-31,P000039,LOC012,359,593.46,S0027,2024-12-06,28,379
2025-01-30,P000039,LOC012,268,572.4,S0027,2025-01-06,28,379
2025-03-01,P000039,LOC012,303,571.77,S0027,2025-02-22,28,379
2025-03-31,P000039,LOC012,308,557.63,S0027,2025-03-04,28,379
2024-10-02,P000039,LOC013,336,602.24,S0027,2024-09-08,28,379
2024-11-01,P000039,LOC013,288,575.63,S0027,2024-10-11,28,379
2024-12-01,P000039,LOC013,309,567.39,S0027,2024-11-25,28,379
2024-12-31,P000039,LOC013,341,582.0,S0027,2024-12-21,28,379
2025-01-30,P000039,LOC013,278,594.69,S0027,2025-01-27,28,379
2025-03-01,P000039,LOC013,266,571.16,S0027,2025-02-19,28,379
2025-03-31,P000039,LOC013,343,600.64,S0027,2025-03-17,28,379
2024-10-02,P000039,LOC014,358,562.72,S0027,2024-09-17,28,379
2024-11-01,P000039,LOC014,277,604.15,S0027,2024-10-05,28,379
2024-12-01,P000039,LOC014,343,564.69,S0027,2024-11-17,28,379
2024-12-31,P000039,LOC014,300,556.21,S0027,2024-12-18,28,379
2025-01-30,P000039,LOC014,325,593.21,S0027,2025-01-26,28,379
2025-03-01,P000039,LOC014,326,593.99,S0027,2025-02-18,28,379
2025-03-31,P000039,LOC014,320,591.73,S0027,2025-03-07,28,379
2024-10-02,P000039,LOC015,289,578.47,S0027,2024-09-07,28,379
2024-11-01,P000039,LOC015,342,588.68,S0027,2024-10-31,28,379
2024-12-01,P000039,LOC015,267,599.59,S0027,2024-11-06,28,379
2024-12-31,P000039,LOC015,271,558.22,S0027,2024-12-29,28,379
2025-01-30,P000039,LOC015,350,604.0,S0027,2025-01-01,28,379
2025-03-01,P000039,LOC015,307,592.84,S0027,2025-02-13,28,379
2025-03-31,P000039,LOC015,277,558.04,S0027,2025-03-02,28,379
2024-10-02,P000039,LOC016,351,559.49,S0027,2024-10-01,28,379
2024-11-01,P000039,LOC016,343,581.19,S0027,2024-10-11,28,379
2024-12-01,P000039,LOC016,296,581.13,S0027,2024-11-16,28,379
2024-12-31,P000039,LOC016,269,590.88,S0027,2024-12-17,28,379
2025-01-30,P000039,LOC016,308,558.26,S0027,2025-01-09,28,379
2025-03-01,P000039,LOC016,281,574.14,S0027,2025-02-25,28,379
2025-03-31,P000039,LOC016,319,559.4,S0027,2025-03-27,28,379
2024-10-02,P000039,LOC017,343,594.66,S0027,2024-09-05,28,379
2024-11-01,P000039,LOC017,302,577.5,S0027,2024-10-27,28,379
2024-12-01,P000039,LOC017,268,612.83,S0027,2024-11-30,28,379
2024-12-31,P000039,LOC017,330,562.78,S0027,2024-12-09,28,379
2025-01-30,P000039,LOC017,281,570.66,S0027,2025-01-08,28,379
2025-03-01,P000039,LOC017,285,602.28,S0027,2025-02-13,28,379
2025-03-31,P000039,LOC017,283,583.61,S0027,2025-03-07,28,379
2024-10-02,P000039,LOC018,291,600.71,S0027,2024-09-08,28,379
2024-11-01,P000039,LOC018,349,592.31,S0027,2024-10-19,28,379
2024-12-01,P000039,LOC018,268,595.06,S0027,2024-11-30,28,379
2024-12-31,P000039,LOC018,323,599.47,S0027,2024-12-05,28,379
2025-01-30,P000039,LOC018,288,585.9,S0027,2025-01-08,28,379
2025-03-01,P000039,LOC018,293,588.44,S0027,2025-02-04,28,379
2025-03-31,P000039,LOC018,304,595.69,S0027,2025-03-24,28,379
2024-10-02,P000039,LOC019,317,581.91,S0027,2024-09-22,28,379
2024-11-01,P000039,LOC019,271,598.9,S0027,2024-10-14,28,379
2024-12-01,P000039,LOC019,291,568.44,S0027,2024-11-24,28,379
2024-12-31,P000039,LOC019,278,571.6,S0027,2024-12-10,28,379
2025-01-30,P000039,LOC019,284,570.21,S0027,2025-01-16,28,379
2025-03-01,P000039,LOC019,349,566.99,S0027,2025-01-30,28,379
2025-03-31,P000039,LOC019,315,597.44,S0027,2025-03-18,28,379
2024-10-02,P000039,LOC020,325,568.92,S0027,2024-09-19,28,379
2024-11-01,P000039,LOC020,341,559.29,S0027,2024-10-31,28,379
2024-12-01,P000039,LOC020,340,571.21,S0027,2024-11-27,28,379
2024-12-31,P000039,LOC020,359,573.44,S0027,2024-12-05,28,379
2025-01-30,P000039,LOC020,339,583.07,S0027,2025-01-04,28,379
2025-03-01,P000039,LOC020,299,566.15,S0027,2025-02-15,28,379
2025-03-31,P000039,LOC020,316,602.73,S0027,2025-03-27,28,379
2024-10-02,P000040,LOC001,339,414.25,S0003,2024-09-03,46,414
2024-11-01,P000040,LOC001,384,432.22,S0003,2024-10-20,46,414
2024-12-01,P000040,LOC001,341,411.84,S0003,2024-11-27,46,414
2024-12-31,P000040,LOC001,329,444.77,S0003,2024-12-02,46,414
2025-01-30,P000040,LOC001,308,434.88,S0003,2025-01-17,46,414
2025-03-01,P000040,LOC001,322,443.69,S0003,2025-02-28,46,414
2025-03-31,P000040,LOC001,312,416.02,S0003,2025-03-28,46,414
2024-10-02,P000040,LOC002,382,421.13,S0003,2024-09-02,46,414
2024-11-01,P000040,LOC002,370,426.3,S0003,2024-10-15,46,414
2024-12-01,P000040,LOC002,295,417.2,S0003,2024-11-03,46,414
2024-12-31,P000040,LOC002,392,435.7,S0003,2024-12-06,46,414
2025-01-30,P000040,LOC002,344,441.52,S0003,2025-01-07,46,414
2025-03-01,P000040,LOC002,369,427.83,S0003,2025-02-22,46,414
2025-03-31,P000040,LOC002,393,423.24,S0003,2025-03-05,46,414
2024-10-02,P000040,LOC003,390,413.23,S0003,2024-09-26,46,414
2024-11-01,P000040,LOC003,300,426.58,S0003,2024-10-26,46,414
2024-12-01,P000040,LOC003,357,418.45,S0003,2024-11-13,46,414
2024-12-31,P000040,LOC003,317,431.6,S0003,2024-12-03,46,414
2025-01-30,P000040,LOC003,374,431.31,S0003,2025-01-25,46,414
2025-03-01,P000040,LOC003,384,430.68,S0003,2025-02-19,46,414
2025-03-31,P000040,LOC003,295,438.22,S0003,2025-03-29,46,414
2024-10-02,P000040,LOC004,392,441.8,S0003,2024-09-17,46,414
2024-11-01,P000040,LOC004,312,433.19,S0003,2024-10-09,46,414
2024-12-01,P000040,LOC004,377,423.09,S0003,2024-11-16,46,414
2024-12-31,P000040,LOC004,372,436.43,S0003,2024-12-25,46,414
2025-01-30,P000040,LOC004,326,442.91,S0003,2025-01-01,46,414
2025-03-01,P000040,LOC004,376,445.04,S0003,2025-02-10,46,414
2025-03-31,P000040,LOC004,377,419.98,S0003,2025-03-16,46,414
2024-10-02,P000040,LOC005,308,446.33,S0003,2024-09-13,46,414
2024-11-01,P000040,LOC005,351,441.94,S0003,2024-10-13,46,414
2024-12-01,P000040,LOC005,373,432.14,S0003,2024-11-16,46,414
2024-12-31,P000040,LOC005,362,426.31,S0003,2024-12-26,46,414
2025-01-30,P000040,LOC005,384,418.7,S0003,2025-01-20,46,414
2025-03-01,P000040,LOC005,292,428.24,S0003,2025-02-07,46,414
2025-03-31,P000040,LOC005,362,418.26,S0003,2025-03-25,46,414
2024-10-02,P000040,LOC006,387,443.01,S0003,2024-09-08,46,414
2024-11-01,P000040,LOC006,348,443.69,S0003,2024-10-08,46,414
2024-12-01,P000040,LOC006,348,435.5,S0003,2024-11-16,46,414
2024-12-31,P000040,LOC006,309,415.34,S0003,2024-12-01,46,414
2025-01-30,P000040,LOC006,392,417.92,S0003,2025-01-16,46,414
2025-03-01,P000040,LOC006,381,432.53,S0003,2025-02-06,46,414
2025-03-31,P000040,LOC006,340,427.72,S0003,2025-03-08,46,414
2024-10-02,P000040,LOC007,321,435.76,S0003,2024-09-29,46,414
2024-11-01,P000040,LOC007,340,429.4,S0003,2024-10-28,46,414
2024-12-01,P000040,LOC007,299,439.51,S0003,2024-11-10,46,414
2024-12-31,P000040,LOC007,313,414.49,S0003,2024-12-27,46,414
2025-01-30,P000040,LOC007,312,428.64,S0003,2025-01-23,46,414
2025-03-01,P000040,LOC007,344,416.13,S0003,2025-02-07,46,414
2025-03-31,P000040,LOC007,289,413.61,S0003,2025-03-05,46,414
2024-10-02,P000040,LOC008,384,449.67,S0003,2024-09-14,46,414
2024-11-01,P000040,LOC008,310,429.48,S0003,2024-10-31,46,414
2024-12-01,P000040,LOC008,303,434.82,S0003,2024-11-19,46,414
2024-12-31,P000040,LOC008,364,436.4,S0003,2024-12-12,46,414
2025-01-30,P000040,LOC008,384,430.3,S0003,2025-01-17,46,414
2025-03-01,P000040,LOC008,377,432.68,S0003,2025-02-26,46,414
2025-03-31,P000040,LOC008,323,438.32,S0003,2025-03-03,46,414
2024-10-02,P000040,LOC009,292,425.47,S0003,2024-09-23,46,414
2024-11-01,P000040,LOC009,350,436.12,S0003,2024-10-03,46,414
2024-12-01,P000040,LOC009,384,414.09,S0003,2024-11-28,46,414
2024-12-31,P000040,LOC009,369,434.29,S0003,2024-12-24,46,414
2025-01-30,P000040,LOC009,377,442.76,S0003,2024-12-31,46,414
2025-03-01,P000040,LOC009,378,429.64,S0003,2025-02-24,46,414
2025-03-31,P000040,LOC009,389,427.69,S0003,2025-03-02,46,414
2024-10-02,P000040,LOC010,328,434.2,S0003,2024-09-18,46,414
2024-11-01,P000040,LOC010,387,428.98,S0003,2024-10-15,46,414
2024-12-01,P000040,LOC010,330,448.32,S0003,2024-11-06,46,414
2024-12-31,P000040,LOC010,300,416.33,S0003,2024-12-25,46,414
2025-01-30,P000040,LOC010,321,430.1,S0003,2025-01-11,46,414
2025-03-01,P000040,LOC010,303,428.27,S0003,2025-02-14,46,414
2025-03-31,P000040,LOC010,306,413.04,S0003,2025-03-21,46,414
2024-10-02,P000040,LOC011,387,436.47,S0003,2024-09-03,46,414
2024-11-01,P000040,LOC011,371,412.97,S0003,2024-10-14,46,414
2024-12-01,P000040,LOC011,389,449.99,S0003,2024-11-13,46,414
2024-12-31,P000040,LOC011,356,417.72,S0003,2024-12-03,46,414
2025-01-30,P000040,LOC011,307,431.24,S0003,2024-12-31,46,414
2025-03-01,P000040,LOC011,390,431.91,S0003,2025-02-07,46,414
2025-03-31,P000040,LOC011,361,419.46,S0003,2025-03-27,46,414
2024-10-02,P000040,LOC012,385,445.77,S0003,2024-09-09,46,414
2024-11-01,P000040,LOC012,371,449.42,S0003,2024-10-28,46,414
2024-12-01,P000040,LOC012,312,416.64,S0003,2024-11-07,46,414
2024-12-31,P000040,LOC012,350,426.01,S0003,2024-12-02,46,414
2025-01-30,P000040,LOC012,307,437.14,S0003,2025-01-18,46,414
2025-03-01,P000040,LOC012,321,426.88,S0003,2025-01-30,46,414
2025-03-31,P000040,LOC012,361,410.1,S0003,2025-03-19,46,414
2024-10-02,P000040,LOC013,302,448.55,S0003,2024-09-08,46,414
2024-11-01,P000040,LOC013,365,434.83,S0003,2024-10-23,46,414
2024-12-01,P000040,LOC013,387,419.87,S0003,2024-11-18,46,414
2024-12-31,P000040,LOC013,387,444.56,S0003,2024-12-05,46,414
2025-01-30,P000040,LOC013,330,429.52,S0003,2025-01-23,46,414
2025-03-01,P000040,LOC013,392,411.65,S0003,2025-02-16,46,414
2025-03-31,P000040,LOC013,389,447.72,S0003,2025-03-01,46,414
2024-10-02,P000040,LOC014,293,444.15,S0003,2024-09-16,46,414
2024-11-01,P000040,LOC014,352,436.99,S0003,2024-10-13,46,414
2024-12-01,P000040,LOC014,385,421.47,S0003,2024-11-08,46,414
2024-12-31,P000040,LOC014,389,414.63,S0003,2024-12-27,46,414
2025-01-30,P000040,LOC014,312,425.2,S0003,2025-01-20,46,414
2025-03-01,P000040,LOC014,348,444.21,S0003,2025-02-12,46,414
2025-03-31,P000040,LOC014,386,435.35,S0003,2025-03-13,46,414
2024-10-02,P000040,LOC015,304,412.75,S0003,2024-09-04,46,414
2024-11-01,P000040,LOC015,366,439.36,S0003,2024-10-11,46,414
2024-12-01,P000040,LOC015,314,448.41,S0003,2024-11-07,46,414
2024-12-31,P000040,LOC015,391,439.59,S0003,2024-12-03,46,414
2025-01-30,P000040,LOC015,307,432.08,S0003,2025-01-25,46,414
2025-03-01,P000040,LOC015,381,435.41,S0003,2025-02-03,46,414
2025-03-31,P000040,LOC015,298,429.73,S0003,2025-03-07,46,414
2024-10-02,P000040,LOC016,363,425.77,S0003,2024-09-14,46,414
2024-11-01,P000040,LOC016,355,415.57,S0003,2024-10-02,46,414
2024-12-01,P000040,LOC016,381,416.57,S0003,2024-11-19,46,414
2024-12-31,P000040,LOC016,336,408.63,S0003,2024-12-05,46,414
2025-01-30,P000040,LOC016,317,447.62,S0003,2025-01-29,46,414
2025-03-01,P000040,LOC016,315,435.42,S0003,2025-02-09,46,414
2025-03-31,P000040,LOC016,296,409.11,S0003,2025-03-12,46,414
2024-10-02,P000040,LOC017,316,439.24,S0003,2024-09-21,46,414
2024-11-01,P000040,LOC017,300,447.87,S0003,2024-10-20,46,414
2024-12-01,P000040,LOC017,289,445.71,S0003,2024-11-12,46,414
2024-12-31,P000040,LOC017,329,413.77,S0003,2024-12-19,46,414
2025-01-30,P000040,LOC017,365,440.66,S0003,2025-01-06,46,414
2025-03-01,P000040,LOC017,390,431.84,S0003,2025-02-27,46,414
2025-03-31,P000040,LOC017,381,448.42,S0003,2025-03-20,46,414
2024-10-02,P000040,LOC018,340,420.85,S0003,2024-09-15,46,414
2024-11-01,P000040,LOC018,328,440.1,S0003,2024-10-25,46,414
2024-12-01,P000040,LOC018,346,439.12,S0003,2024-11-24,46,414
2024-12-31,P000040,LOC018,300,424.34,S0003,2024-12-10,46,414
2025-01-30,P000040,LOC018,339,435.74,S0003,2025-01-13,46,414
2025-03-01,P000040,LOC018,379,417.07,S0003,2025-02-11,46,414
2025-03-31,P000040,LOC018,357,416.26,S0003,2025-03-16,46,414
2024-10-02,P000040,LOC019,360,435.05,S0003,2024-09-30,46,414
2024-11-01,P000040,LOC019,306,426.65,S0003,2024-10-18,46,414
2024-12-01,P000040,LOC019,297,449.53,S0003,2024-11-20,46,414
2024-12-31,P000040,LOC019,377,413.62,S0003,2024-12-09,46,414
2025-01-30,P000040,LOC019,320,431.7,S0003,2025-01-29,46,414
2025-03-01,P000040,LOC019,322,435.5,S0003,2025-02-26,46,414
2025-03-31,P000040,LOC019,388,421.01,S0003,2025-03-22,46,414
2024-10-02,P000040,LOC020,297,446.62,S0003,2024-09-06,46,414
2024-11-01,P000040,LOC020,307,414.47,S0003,2024-10-31,46,414
2024-12-01,P000040,LOC020,328,409.46,S0003,2024-11-06,46,414
2024-12-31,P000040,LOC020,365,450.12,S0003,2024-12-07,46,414
2025-01-30,P000040,LOC020,346,449.51,S0003,2025-01-13,46,414
2025-03-01,P000040,LOC020,382,441.41,S0003,2025-02-16,46,414
2025-03-31,P000040,LOC020,299,450.15,S0003,2025-03-15,46,414
2024-10-02,P000041,LOC001,269,418.97,S0016,2024-09-15,44,827
2024-11-01,P000041,LOC001,309,425.42,S0016,2024-10-06,44,827
2024-12-01,P000041,LOC001,286,423.45,S0016,2024-11-14,44,827
2024-12-31,P000041,LOC001,263,411.37,S0016,2024-12-15,44,827
2025-01-30,P000041,LOC001,253,411.85,S0016,2025-01-20,44,827
2025-03-01,P000041,LOC001,288,432.63,S0016,2025-02-16,44,827
2025-03-31,P000041,LOC001,335,435.81,S0016,2025-03-20,44,827
2024-10-02,P000041,LOC002,338,415.65,S0016,2024-09-24,44,827
2024-11-01,P000041,LOC002,357,441.36,S0016,2024-10-24,44,827
2024-12-01,P000041,LOC002,377,423.41,S0016,2024-11-25,44,827
2024-12-31,P000041,LOC002,432,427.63,S0016,2024-12-13,44,827
2025-01-30,P000041,LOC002,489,406.73,S0016,2025-01-25,44,827
2025-03-01,P000041,LOC002,493,438.3,S0016,2025-02-21,44,827
2025-03-31,P000041,LOC002,452,422.16,S0016,2025-03-14,44,827
2024-10-02,P000041,LOC003,247,415.52,S0016,2024-09-20,44,827
2024-11-01,P000041,LOC003,332,420.46,S0016,2024-10-26,44,827
2024-12-01,P000041,LOC003,367,411.6,S0016,2024-11-21,44,827
2024-12-31,P000041,LOC003,324,418.83,S0016,2024-12-19,44,827
2025-01-30,P000041,LOC003,338,403.74,S0016,2025-01-27,44,827
2025-03-01,P000041,LOC003,417,438.44,S0016,2025-02-28,44,827
2025-03-31,P000041,LOC003,429,429.86,S0016,2025-03-01,44,827
2024-10-02,P000041,LOC004,377,407.23,S0016,2024-09-16,44,827
2024-11-01,P000041,LOC004,376,442.11,S0016,2024-10-02,44,827
2024-12-01,P000041,LOC004,391,442.42,S0016,2024-11-20,44,827
2024-12-31,P000041,LOC004,431,403.33,S0016,2024-12-14,44,827
2025-01-30,P000041,LOC004,471,422.56,S0016,2025-01-20,44,827
2025-03-01,P000041,LOC004,558,436.85,S0016,2025-02-01,44,827
2025-03-31,P000041,LOC004,650,437.38,S0016,2025-03-10,44,827
2024-10-02,P000041,LOC005,255,440.35,S0016,2024-09-22,44,827
2024-11-01,P000041,LOC005,331,438.9,S0016,2024-10-19,44,827
2024-12-01,P000041,LOC005,357,406.49,S0016,2024-11-11,44,827
2024-12-31,P000041,LOC005,317,442.94,S0016,2024-12-14,44,827
2025-01-30,P000041,LOC005,401,411.78,S0016,2025-01-25,44,827
2025-03-01,P000041,LOC005,428,415.49,S0016,2025-02-21,44,827
2025-03-31,P000041,LOC005,469,414.6,S0016,2025-03-11,44,827
2024-10-02,P000041,LOC006,281,412.66,S0016,2024-09-10,44,827
2024-11-01,P000041,LOC006,261,412.06,S0016,2024-10-21,44,827
2024-12-01,P000041,LOC006,219,405.89,S0016,2024-11-16,44,827
2024-12-31,P000041,LOC006,192,436.51,S0016,2024-12-12,44,827
2025-01-30,P000041,LOC006,220,431.73,S0016,2025-01-12,44,827
2025-03-01,P000041,LOC006,268,438.71,S0016,2025-02-18,44,827
2025-03-31,P000041,LOC006,341,411.99,S0016,2025-03-25,44,827
2024-10-02,P000041,LOC007,241,424.7,S0016,2024-09-22,44,827
2024-11-01,P000041,LOC007,329,422.59,S0016,2024-10-27,44,827
2024-12-01,P000041,LOC007,393,405.78,S0016,2024-11-02,44,827
2024-12-31,P000041,LOC007,424,426.85,S0016,2024-12-08,44,827
2025-01-30,P000041,LOC007,403,442.93,S0016,2024-12-31,44,827
2025-03-01,P000041,LOC007,483,423.43,S0016,2025-02-28,44,827
2025-03-31,P000041,LOC007,549,426.77,S0016,2025-03-17,44,827
2024-10-02,P000041,LOC008,270,426.69,S0016,2024-09-20,44,827
2024-11-01,P000041,LOC008,298,424.17,S0016,2024-10-08,44,827
2024-12-01,P000041,LOC008,331,442.42,S0016,2024-11-17,44,827
2024-12-31,P000041,LOC008,425,409.69,S0016,2024-12-07,44,827
2025-01-30,P000041,LOC008,519,403.4,S0016,2025-01-29,44,827
2025-03-01,P000041,LOC008,511,418.86,S0016,2025-02-21,44,827
2025-03-31,P000041,LOC008,461,445.5,S0016,2025-03-30,44,827
2024-10-02,P000041,LOC009,276,426.5,S0016,2024-10-01,44,827
2024-11-01,P000041,LOC009,279,430.8,S0016,2024-10-04,44,827
2024-12-01,P000041,LOC009,294,430.28,S0016,2024-11-29,44,827
2024-12-31,P000041,LOC009,329,407.24,S0016,2024-12-23,44,827
2025-01-30,P000041,LOC009,376,428.77,S0016,2025-01-03,44,827
2025-03-01,P000041,LOC009,462,441.94,S0016,2025-02-20,44,827
2025-03-31,P000041,LOC009,529,431.61,S0016,2025-03-03,44,827
2024-10-02,P000041,LOC010,324,435.99,S0016,2024-09-25,44,827
2024-11-01,P000041,LOC010,395,433.03,S0016,2024-10-21,44,827
2024-12-01,P000041,LOC010,475,427.1,S0016,2024-11-04,44,827
2024-12-31,P000041,LOC010,455,443.82,S0016,2024-12-04,44,827
2025-01-30,P000041,LOC010,414,419.73,S0016,2025-01-26,44,827
2025-03-01,P000041,LOC010,397,429.87,S0016,2025-02-07,44,827
2025-03-31,P000041,LOC010,385,434.57,S0016,2025-03-21,44,827
2024-10-02,P000041,LOC011,272,421.19,S0016,2024-09-27,44,827
2024-11-01,P000041,LOC011,259,432.19,S0016,2024-10-11,44,827
2024-12-01,P000041,LOC011,330,405.38,S0016,2024-11-18,44,827
2024-12-31,P000041,LOC011,305,431.59,S0016,2024-12-13,44,827
2025-01-30,P000041,LOC011,355,443.93,S0016,2025-01-24,44,827
2025-03-01,P000041,LOC011,338,431.44,S0016,2025-01-31,44,827
2025-03-31,P000041,LOC011,299,407.18,S0016,2025-03-20,44,827
2024-10-02,P000041,LOC012,279,429.73,S0016,2024-09-20,44,827
2024-11-01,P000041,LOC012,270,438.19,S0016,2024-10-21,44,827
2024-12-01,P000041,LOC012,252,440.21,S0016,2024-11-07,44,827
2024-12-31,P000041,LOC012,349,434.32,S0016,2024-12-03,44,827
2025-01-30,P000041,LOC012,315,409.84,S0016,2025-01-23,44,827
2025-03-01,P000041,LOC012,293,440.54,S0016,2025-02-09,44,827
2025-03-31,P000041,LOC012,281,418.74,S0016,2025-03-23,44,827
2024-10-02,P000041,LOC013,232,425.06,S0016,2024-09-26,44,827
2024-11-01,P000041,LOC013,202,406.65,S0016,2024-10-27,44,827
2024-12-01,P000041,LOC013,216,405.63,S0016,2024-11-16,44,827
2024-12-31,P000041,LOC013,243,423.42,S0016,2024-12-11,44,827
2025-01-30,P000041,LOC013,238,442.8,S0016,2025-01-12,44,827
2025-03-01,P000041,LOC013,300,411.3,S0016,2025-02-02,44,827
2025-03-31,P000041,LOC013,266,416.13,S0016,2025-03-12,44,827
2024-10-02,P000041,LOC014,310,404.65,S0016,2024-09-11,44,827
2024-11-01,P000041,LOC014,293,415.63,S0016,2024-10-15,44,827
2024-12-01,P000041,LOC014,344,412.79,S0016,2024-11-14,44,827
2024-12-31,P000041,LOC014,439,403.33,S0016,2024-12-19,44,827
2025-01-30,P000041,LOC014,405,429.48,S0016,2025-01-26,44,827
2025-03-01,P000041,LOC014,453,439.12,S0016,2025-02-25,44,827
2025-03-31,P000041,LOC014,522,419.86,S0016,2025-03-23,44,827
2024-10-02,P000041,LOC015,307,404.44,S0016,2024-09-15,44,827
2024-11-01,P000041,LOC015,272,407.6,S0016,2024-10-24,44,827
2024-12-01,P000041,LOC015,344,404.52,S0016,2024-11-26,44,827
2024-12-31,P000041,LOC015,409,439.12,S0016,2024-12-19,44,827
2025-01-30,P000041,LOC015,475,424.75,S0016,2025-01-13,44,827
2025-03-01,P000041,LOC015,434,443.0,S0016,2025-02-15,44,827
2025-03-31,P000041,LOC015,435,405.4,S0016,2025-03-11,44,827
2024-10-02,P000041,LOC016,251,432.93,S0016,2024-09-02,44,827
2024-11-01,P000041,LOC016,321,437.59,S0016,2024-10-20,44,827
2024-12-01,P000041,LOC016,320,408.18,S0016,2024-11-23,44,827
2024-12-31,P000041,LOC016,270,419.91,S0016,2024-12-30,44,827
2025-01-30,P000041,LOC016,339,435.04,S0016,2025-01-20,44,827
2025-03-01,P000041,LOC016,319,413.63,S0016,2025-02-09,44,827
2025-03-31,P000041,LOC016,356,415.62,S0016,2025-03-21,44,827
2024-10-02,P000041,LOC017,319,412.88,S0016,2024-09-06,44,827
2024-11-01,P000041,LOC017,272,436.81,S0016,2024-10-05,44,827
2024-12-01,P000041,LOC017,353,423.83,S0016,2024-11-04,44,827
2024-12-31,P000041,LOC017,390,443.04,S0016,2024-12-01,44,827
2025-01-30,P000041,LOC017,340,419.37,S0016,2024-12-31,44,827
2025-03-01,P000041,LOC017,355,418.37,S0016,2025-02-26,44,827
2025-03-31,P000041,LOC017,339,443.69,S0016,2025-03-01,44,827
2024-10-02,P000041,LOC018,246,414.56,S0016,2024-09-24,44,827
2024-11-01,P000041,LOC018,326,423.05,S0016,2024-10-04,44,827
2024-12-01,P000041,LOC018,303,419.07,S0016,2024-11-23,44,827
2024-12-31,P000041,LOC018,286,421.69,S0016,2024-12-14,44,827
2025-01-30,P000041,LOC018,370,437.14,S0016,2025-01-26,44,827
2025-03-01,P000041,LOC018,442,439.62,S0016,2025-01-30,44,827
2025-03-31,P000041,LOC018,538,413.85,S0016,2025-03-30,44,827
2024-10-02,P000041,LOC019,371,404.26,S0016,2024-09-25,44,827
2024-11-01,P000041,LOC019,331,409.73,S0016,2024-10-24,44,827
2024-12-01,P000041,LOC019,332,429.77,S0016,2024-11-19,44,827
2024-12-31,P000041,LOC019,379,404.21,S0016,2024-12-14,44,827
2025-01-30,P000041,LOC019,447,427.52,S0016,2025-01-19,44,827
2025-03-01,P000041,LOC019,503,421.31,S0016,2025-02-18,44,827
2025-03-31,P000041,LOC019,601,439.41,S0016,2025-03-29,44,827
2024-10-02,P000041,LOC020,318,439.17,S0016,2024-09-11,44,827
2024-11-01,P000041,LOC020,291,421.79,S0016,2024-10-30,44,827
2024-12-01,P000041,LOC020,310,432.41,S0016,2024-11-16,44,827
2024-12-31,P000041,LOC020,388,443.84,S0016,2024-12-26,44,827
2025-01-30,P000041,LOC020,339,438.91,S0016,2024-12-31,44,827
2025-03-01,P000041,LOC020,337,419.07,S0016,2025-02-28,44,827
2025-03-31,P000041,LOC020,298,420.2,S0016,2025-03-01,44,827
2024-10-02,P000042,LOC001,692,158.95,S0019,2024-09-21,25,1193
2024-11-01,P000042,LOC001,723,153.4,S0019,2024-10-20,25,1193
2024-12-01,P000042,LOC001,810,160.09,S0019,2024-11-30,25,1193
2024-12-31,P000042,LOC001,909,152.7,S0019,2024-12-25,25,1193
2025-01-30,P000042,LOC001,954,158.11,S0019,2025-01-11,25,1193
2025-03-01,P000042,LOC001,966,154.56,S0019,2025-02-19,25,1193
2025-03-31,P000042,LOC001,924,151.75,S0019,2025-03-05,25,1193
2024-10-02,P000042,LOC002,671,160.67,S0019,2024-09-25,25,1193
2024-11-01,P000042,LOC002,726,148.88,S0019,2024-10-11,25,1193
2024-12-01,P000042,LOC002,765,164.33,S0019,2024-11-17,25,1193
2024-12-31,P000042,LOC002,812,151.25,S0019,2024-12-06,25,1193
2025-01-30,P000042,LOC002,834,164.34,S0019,2025-01-20,25,1193
2025-03-01,P000042,LOC002,896,159.35,S0019,2025-02-11,25,1193
2025-03-31,P000042,LOC002,994,150.49,S0019,2025-03-03,25,1193
2024-10-02,P000042,LOC003,648,160.31,S0019,2024-09-30,25,1193
2024-11-01,P000042,LOC003,639,150.34,S0019,2024-10-17,25,1193
2024-12-01,P000042,LOC003,723,155.72,S0019,2024-11-28,25,1193
2024-12-31,P000042,LOC003,750,150.63,S0019,2024-12-07,25,1193
2025-01-30,P000042,LOC003,840,164.06,S0019,2025-01-12,25,1193
2025-03-01,P000042,LOC003,868,149.86,S0019,2025-01-30,25,1193
2025-03-31,P000042,LOC003,860,160.87,S0019,2025-03-05,25,1193
2024-10-02,P000042,LOC004,639,151.6,S0019,2024-09-08,25,1193
2024-11-01,P000042,LOC004,706,162.09,S0019,2024-10-30,25,1193
2024-12-01,P000042,LOC004,666,159.1,S0019,2024-11-11,25,1193
2024-12-31,P000042,LOC004,641,151.02,S0019,2024-12-14,25,1193
2025-01-30,P000042,LOC004,612,158.74,S0019,2025-01-04,25,1193
2025-03-01,P000042,LOC004,693,158.71,S0019,2025-02-02,25,1193
2025-03-31,P000042,LOC004,650,162.04,S0019,2025-03-24,25,1193
2024-10-02,P000042,LOC005,591,158.7,S0019,2024-09-30,25,1193
2024-11-01,P000042,LOC005,626,158.88,S0019,2024-10-31,25,1193
2024-12-01,P000042,LOC005,656,161.99,S0019,2024-11-14,25,1193
2024-12-31,P000042,LOC005,675,156.68,S0019,2024-12-22,25,1193
2025-01-30,P000042,LOC005,725,159.9,S0019,2025-01-12,25,1193
2025-03-01,P000042,LOC005,753,155.45,S0019,2025-02-15,25,1193
2025-03-31,P000042,LOC005,767,150.35,S0019,2025-03-01,25,1193
2024-10-02,P000042,LOC006,656,163.45,S0019,2024-09-18,25,1193
2024-11-01,P000042,LOC006,644,157.86,S0019,2024-10-03,25,1193
2024-12-01,P000042,LOC006,719,152.91,S0019,2024-11-19,25,1193
2024-12-31,P000042,LOC006,751,154.22,S0019,2024-12-08,25,1193
2025-01-30,P000042,LOC006,771,159.4,S0019,2025-01-22,25,1193
2025-03-01,P000042,LOC006,807,156.77,S0019,2025-02-12,25,1193
2025-03-31,P000042,LOC006,875,151.08,S0019,2025-03-29,25,1193
2024-10-02,P000042,LOC007,629,150.18,S0019,2024-09-14,25,1193
2024-11-01,P000042,LOC007,615,157.43,S0019,2024-10-03,25,1193
2024-12-01,P000042,LOC007,668,155.25,S0019,2024-11-30,25,1193
2024-12-31,P000042,LOC007,657,164.02,S0019,2024-12-26,25,1193
2025-01-30,P000042,LOC007,700,160.69,S0019,2025-01-24,25,1193
2025-03-01,P000042,LOC007,659,163.24,S0019,2025-02-09,25,1193
2025-03-31,P000042,LOC007,757,151.14,S0019,2025-03-09,25,1193
2024-10-02,P000042,LOC008,632,157.29,S0019,2024-09-16,25,1193
2024-11-01,P000042,LOC008,632,154.06,S0019,2024-10-27,25,1193
2024-12-01,P000042,LOC008,625,159.54,S0019,2024-11-18,25,1193
2024-12-31,P000042,LOC008,694,162.94,S0019,2024-12-08,25,1193
2025-01-30,P000042,LOC008,771,151.38,S0019,2025-01-26,25,1193
2025-03-01,P000042,LOC008,740,163.01,S0019,2025-02-22,25,1193
2025-03-31,P000042,LOC008,817,157.8,S0019,2025-03-21,25,1193
2024-10-02,P000042,LOC009,680,150.57,S0019,2024-10-01,25,1193
2024-11-01,P000042,LOC009,756,150.02,S0019,2024-10-15,25,1193
2024-12-01,P000042,LOC009,746,156.57,S0019,2024-11-16,25,1193
2024-12-31,P000042,LOC009,722,149.46,S0019,2024-12-21,25,1193
2025-01-30,P000042,LOC009,799,157.89,S0019,2025-01-12,25,1193
2025-03-01,P000042,LOC009,786,161.4,S0019,2025-02-24,25,1193
2025-03-31,P000042,LOC009,748,156.29,S0019,2025-03-25,25,1193
2024-10-02,P000042,LOC010,649,157.42,S0019,2024-09-26,25,1193
2024-11-01,P000042,LOC010,648,162.23,S0019,2024-10-04,25,1193
2024-12-01,P000042,LOC010,719,161.86,S0019,2024-11-16,25,1193
2024-12-31,P000042,LOC010,814,157.47,S0019,2024-12-26,25,1193
2025-01-30,P000042,LOC010,880,162.37,S0019,2025-01-25,25,1193
2025-03-01,P000042,LOC010,834,156.44,S0019,2025-02-12,25,1193
2025-03-31,P000042,LOC010,888,152.94,S0019,2025-03-11,25,1193
2024-10-02,P000042,LOC011,608,150.37,S0019,2024-09-17,25,1193
2024-11-01,P000042,LOC011,564,159.64,S0019,2024-10-21,25,1193
2024-12-01,P000042,LOC011,523,156.84,S0019,2024-11-19,25,1193
2024-12-31,P000042,LOC011,527,157.28,S0019,2024-12-21,25,1193
2025-01-30,P000042,LOC011,609,149.67,S0019,2025-01-04,25,1193
2025-03-01,P000042,LOC011,626,158.25,S0019,2025-02-14,25,1193
2025-03-31,P000042,LOC011,664,162.9,S0019,2025-03-06,25,1193
2024-10-02,P000042,LOC012,615,159.03,S0019,2024-09-16,25,1193
2024-11-01,P000042,LOC012,626,159.38,S0019,2024-10-28,25,1193
2024-12-01,P000042,LOC012,603,158.89,S0019,2024-11-08,25,1193
2024-12-31,P000042,LOC012,587,155.08,S0019,2024-12-02,25,1193
2025-01-30,P000042,LOC012,596,148.91,S0019,2025-01-07,25,1193
2025-03-01,P000042,LOC012,645,164.34,S0019,2025-02-27,25,1193
2025-03-31,P000042,LOC012,710,151.69,S0019,2025-03-17,25,1193
2024-10-02,P000042,LOC013,643,161.55,S0019,2024-09-05,25,1193
2024-11-01,P000042,LOC013,715,155.98,S0019,2024-10-28,25,1193
2024-12-01,P000042,LOC013,800,151.71,S0019,2024-11-01,25,1193
2024-12-31,P000042,LOC013,891,154.44,S0019,2024-12-04,25,1193
2025-01-30,P000042,LOC013,874,163.14,S0019,2025-01-18,25,1193
2025-03-01,P000042,LOC013,916,153.58,S0019,2025-02-06,25,1193
2025-03-31,P000042,LOC013,896,152.13,S0019,2025-03-18,25,1193
2024-10-02,P000042,LOC014,683,163.96,S0019,2024-09-11,25,1193
2024-11-01,P000042,LOC014,659,154.29,S0019,2024-10-20,25,1193
2024-12-01,P000042,LOC014,645,163.85,S0019,2024-11-28,25,1193
2024-12-31,P000042,LOC014,726,152.39,S0019,2024-12-21,25,1193
2025-01-30,P000042,LOC014,758,156.19,S0019,2025-01-28,25,1193
2025-03-01,P000042,LOC014,752,149.27,S0019,2025-02-25,25,1193
2025-03-31,P000042,LOC014,702,156.81,S0019,2025-03-16,25,1193
2024-10-02,P000042,LOC015,605,160.13,S0019,2024-09-14,25,1193
2024-11-01,P000042,LOC015,569,160.65,S0019,2024-10-15,25,1193
2024-12-01,P000042,LOC015,613,155.35,S0019,2024-11-20,25,1193
2024-12-31,P000042,LOC015,583,159.51,S0019,2024-12-09,25,1193
2025-01-30,P000042,LOC015,652,154.54,S0019,2025-01-01,25,1193
2025-03-01,P000042,LOC015,664,151.16,S0019,2025-02-12,25,1193
2025-03-31,P000042,LOC015,662,156.65,S0019,2025-03-17,25,1193
2024-10-02,P000042,LOC016,681,151.16,S0019,2024-09-13,25,1193
2024-11-01,P000042,LOC016,638,161.61,S0019,2024-10-26,25,1193
2024-12-01,P000042,LOC016,598,151.94,S0019,2024-11-27,25,1193
2024-12-31,P000042,LOC016,603,158.0,S0019,2024-12-22,25,1193
2025-01-30,P000042,LOC016,653,156.9,S0019,2025-01-15,25,1193
2025-03-01,P000042,LOC016,749,155.52,S0019,2025-02-13,25,1193
2025-03-31,P000042,LOC016,719,153.19,S0019,2025-03-27,25,1193
2024-10-02,P000042,LOC017,703,150.94,S0019,2024-09-21,25,1193
2024-11-01,P000042,LOC017,712,154.84,S0019,2024-10-26,25,1193
2024-12-01,P000042,LOC017,758,150.47,S0019,2024-11-11,25,1193
2024-12-31,P000042,LOC017,757,154.21,S0019,2024-12-10,25,1193
2025-01-30,P000042,LOC017,830,154.65,S0019,2025-01-25,25,1193
2025-03-01,P000042,LOC017,787,156.46,S0019,2025-02-17,25,1193
2025-03-31,P000042,LOC017,819,149.61,S0019,2025-03-07,25,1193
2024-10-02,P000042,LOC018,653,159.44,S0019,2024-09-03,25,1193
2024-11-01,P000042,LOC018,741,156.52,S0019,2024-10-21,25,1193
2024-12-01,P000042,LOC018,749,149.45,S0019,2024-11-11,25,1193
2024-12-31,P000042,LOC018,796,157.79,S0019,2024-12-27,25,1193
2025-01-30,P000042,LOC018,754,152.62,S0019,2024-12-31,25,1193
2025-03-01,P000042,LOC018,779,150.13,S0019,2025-02-20,25,1193
2025-03-31,P000042,LOC018,780,158.4,S0019,2025-03-13,25,1193
2024-10-02,P000042,LOC019,598,155.36,S0019,2024-09-15,25,1193
2024-11-01,P000042,LOC019,562,164.09,S0019,2024-10-11,25,1193
2024-12-01,P000042,LOC019,574,153.14,S0019,2024-11-27,25,1193
2024-12-31,P000042,LOC019,559,159.07,S0019,2024-12-10,25,1193
2025-01-30,P000042,LOC019,551,158.11,S0019,2025-01-03,25,1193
2025-03-01,P000042,LOC019,512,153.94,S0019,2025-02-04,25,1193
2025-03-31,P000042,LOC019,578,160.82,S0019,2025-03-16,25,1193
2024-10-02,P000042,LOC020,619,163.09,S0019,2024-09-14,25,1193
2024-11-01,P000042,LOC020,666,159.17,S0019,2024-10-23,25,1193
2024-12-01,P000042,LOC020,740,159.69,S0019,2024-11-15,25,1193
2024-12-31,P000042,LOC020,757,155.05,S0019,2024-12-15,25,1193
2025-01-30,P000042,LOC020,721,156.34,S0019,2025-01-15,25,1193
2025-03-01,P000042,LOC020,791,154.86,S0019,2025-02-04,25,1193
2025-03-31,P000042,LOC020,785,161.6,S0019,2025-03-30,25,1193
2024-10-02,P000043,LOC001,582,138.12,S0012,2024-09-16,11,687
2024-11-01,P000043,LOC001,586,137.95,S0012,2024-10-02,11,687
2024-12-01,P000043,LOC001,563,137.57,S0012,2024-11-14,11,687
2024-12-31,P000043,LOC001,486,131.42,S0012,2024-12-20,11,687
2025-01-30,P000043,LOC001,642,139.09,S0012,2025-01-06,11,687
2025-03-01,P000043,LOC001,509,135.76,S0012,2025-02-18,11,687
2025-03-31,P000043,LOC001,633,139.21,S0012,2025-03-02,11,687
2024-10-02,P000043,LOC002,507,129.29,S0012,2024-09-11,11,687
2024-11-01,P000043,LOC002,498,138.73,S0012,2024-10-27,11,687
2024-12-01,P000043,LOC002,516,139.44,S0012,2024-11-21,11,687
2024-12-31,P000043,LOC002,513,128.87,S0012,2024-12-03,11,687
2025-01-30,P000043,LOC002,600,129.89,S0012,2025-01-02,11,687
2025-03-01,P000043,LOC002,604,132.16,S0012,2025-02-18,11,687
2025-03-31,P000043,LOC002,606,134.97,S0012,2025-03-26,11,687
2024-10-02,P000043,LOC003,526,128.85,S0012,2024-09-29,11,687
2024-11-01,P000043,LOC003,529,129.38,S0012,2024-10-20,11,687
2024-12-01,P000043,LOC003,521,127.88,S0012,2024-11-30,11,687
2024-12-31,P000043,LOC003,489,129.61,S0012,2024-12-28,11,687
2025-01-30,P000043,LOC003,579,128.85,S0012,2025-01-08,11,687
2025-03-01,P000043,LOC003,625,137.48,S0012,2025-02-01,11,687
2025-03-31,P000043,LOC003,507,130.31,S0012,2025-03-19,11,687
2024-10-02,P000043,LOC004,542,139.37,S0012,2024-09-02,11,687
2024-11-01,P000043,LOC004,554,139.07,S0012,2024-10-25,11,687
2024-12-01,P000043,LOC004,531,128.18,S0012,2024-11-10,11,687
2024-12-31,P000043,LOC004,594,136.09,S0012,2024-12-08,11,687
2025-01-30,P000043,LOC004,583,129.19,S0012,2025-01-04,11,687
2025-03-01,P000043,LOC004,515,135.66,S0012,2025-02-13,11,687
2025-03-31,P000043,LOC004,485,129.66,S0012,2025-03-01,11,687
2024-10-02,P000043,LOC005,510,130.52,S0012,2024-10-01,11,687
2024-11-01,P000043,LOC005,531,130.27,S0012,2024-10-26,11,687
2024-12-01,P000043,LOC005,494,127.82,S0012,2024-11-20,11,687
2024-12-31,P000043,LOC005,625,134.78,S0012,2024-12-26,11,687
2025-01-30,P000043,LOC005,533,132.43,S0012,2025-01-09,11,687
2025-03-01,P000043,LOC005,549,131.05,S0012,2025-02-03,11,687
2025-03-31,P000043,LOC005,564,132.35,S0012,2025-03-26,11,687
2024-10-02,P000043,LOC006,594,131.88,S0012,2024-09-20,11,687
2024-11-01,P000043,LOC006,496,136.32,S0012,2024-10-28,11,687
2024-12-01,P000043,LOC006,574,133.58,S0012,2024-11-29,11,687
2024-12-31,P000043,LOC006,512,133.69,S0012,2024-12-20,11,687
2025-01-30,P000043,LOC006,632,139.05,S0012,2025-01-24,11,687
2025-03-01,P000043,LOC006,544,130.15,S0012,2025-02-09,11,687
2025-03-31,P000043,LOC006,557,139.23,S0012,2025-03-10,11,687
2024-10-02,P000043,LOC007,526,131.59,S0012,2024-10-01,11,687
2024-11-01,P000043,LOC007,560,128.18,S0012,2024-10-13,11,687
2024-12-01,P000043,LOC007,519,136.86,S0012,2024-11-29,11,687
2024-12-31,P000043,LOC007,527,138.59,S0012,2024-12-07,11,687
2025-01-30,P000043,LOC007,491,128.74,S0012,2025-01-20,11,687
2025-03-01,P000043,LOC007,610,138.14,S0012,2025-02-08,11,687
2025-03-31,P000043,LOC007,595,139.21,S0012,2025-03-10,11,687
2024-10-02,P000043,LOC008,495,133.33,S0012,2024-09-21,11,687
2024-11-01,P000043,LOC008,539,136.03,S0012,2024-10-19,11,687
2024-12-01,P000043,LOC008,573,138.29,S0012,2024-11-12,11,687
2024-12-31,P000043,LOC008,647,138.36,S0012,2024-12-09,11,687
2025-01-30,P000043,LOC008,582,128.76,S0012,2025-01-24,11,687
2025-03-01,P000043,LOC008,575,129.44,S0012,2025-02-04,11,687
2025-03-31,P000043,LOC008,625,127.64,S0012,2025-03-16,11,687
2024-10-02,P000043,LOC009,621,137.39,S0012,2024-09-27,11,687
2024-11-01,P000043,LOC009,552,137.81,S0012,2024-10-30,11,687
2024-12-01,P000043,LOC009,572,129.44,S0012,2024-11-22,11,687
2024-12-31,P000043,LOC009,629,138.95,S0012,2024-12-30,11,687
2025-01-30,P000043,LOC009,562,133.99,S0012,2025-01-22,11,687
2025-03-01,P000043,LOC009,632,132.5,S0012,2025-02-01,11,687
2025-03-31,P000043,LOC009,562,135.27,S0012,2025-03-25,11,687
2024-10-02,P000043,LOC010,494,132.16,S0012,2024-09-24,11,687
2024-11-01,P000043,LOC010,635,129.66,S0012,2024-10-20,11,687
2024-12-01,P000043,LOC010,603,126.86,S0012,2024-11-29,11,687
2024-12-31,P000043,LOC010,567,136.38,S0012,2024-12-30,11,687
2025-01-30,P000043,LOC010,635,127.02,S0012,2025-01-29,11,687
2025-03-01,P000043,LOC010,618,127.79,S0012,2025-02-01,11,687
2025-03-31,P000043,LOC010,597,129.02,S0012,2025-03-09,11,687
2024-10-02,P000043,LOC011,587,138.59,S0012,2024-09-02,11,687
2024-11-01,P000043,LOC011,501,131.24,S0012,2024-10-16,11,687
2024-12-01,P000043,LOC011,610,137.77,S0012,2024-11-08,11,687
2024-12-31,P000043,LOC011,510,131.34,S0012,2024-12-05,11,687
2025-01-30,P000043,LOC011,649,133.69,S0012,2025-01-29,11,687
2025-03-01,P000043,LOC011,647,134.94,S0012,2025-02-02,11,687
2025-03-31,P000043,LOC011,619,138.7,S0012,2025-03-17,11,687
2024-10-02,P000043,LOC012,502,132.72,S0012,2024-09-17,11,687
2024-11-01,P000043,LOC012,553,138.08,S0012,2024-10-27,11,687
2024-12-01,P000043,LOC012,650,138.36,S0012,2024-11-24,11,687
2024-12-31,P000043,LOC012,555,134.09,S0012,2024-12-25,11,687
2025-01-30,P000043,LOC012,652,133.49,S0012,2025-01-21,11,687
2025-03-01,P000043,LOC012,588,130.99,S0012,2025-02-26,11,687
2025-03-31,P000043,LOC012,624,137.11,S0012,2025-03-14,11,687
2024-10-02,P000043,LOC013,525,133.66,S0012,2024-09-22,11,687
2024-11-01,P000043,LOC013,637,132.04,S0012,2024-10-23,11,687
2024-12-01,P000043,LOC013,637,134.12,S0012,2024-11-04,11,687
2024-12-31,P000043,LOC013,492,137.06,S0012,2024-12-16,11,687
2025-01-30,P000043,LOC013,547,138.96,S0012,2025-01-03,11,687
2025-03-01,P000043,LOC013,549,137.73,S0012,2025-02-08,11,687
2025-03-31,P000043,LOC013,536,128.86,S0012,2025-03-08,11,687
2024-10-02,P000043,LOC014,528,134.04,S0012,2024-09-12,11,687
2024-11-01,P000043,LOC014,559,130.23,S0012,2024-10-26,11,687
2024-12-01,P000043,LOC014,630,139.65,S0012,2024-11-05,11,687
2024-12-31,P000043,LOC014,615,134.12,S0012,2024-12-19,11,687
2025-01-30,P000043,LOC014,587,138.61,S0012,2025-01-16,11,687
2025-03-01,P000043,LOC014,570,139.51,S0012,2025-02-26,11,687
2025-03-31,P000043,LOC014,552,139.16,S0012,2025-03-07,11,687
2024-10-02,P000043,LOC015,552,127.17,S0012,2024-10-01,11,687
2024-11-01,P000043,LOC015,506,138.16,S0012,2024-10-13,11,687
2024-12-01,P000043,LOC015,581,127.53,S0012,2024-11-15,11,687
2024-12-31,P000043,LOC015,611,133.06,S0012,2024-12-07,11,687
2025-01-30,P000043,LOC015,642,127.54,S0012,2025-01-10,11,687
2025-03-01,P000043,LOC015,639,139.07,S0012,2025-02-05,11,687
2025-03-31,P000043,LOC015,577,139.86,S0012,2025-03-19,11,687
2024-10-02,P000043,LOC016,498,138.54,S0012,2024-09-16,11,687
2024-11-01,P000043,LOC016,530,137.92,S0012,2024-10-03,11,687
2024-12-01,P000043,LOC016,572,127.56,S0012,2024-11-27,11,687
2024-12-31,P000043,LOC016,539,134.51,S0012,2024-12-02,11,687
2025-01-30,P000043,LOC016,551,133.13,S0012,2025-01-08,11,687
2025-03-01,P000043,LOC016,546,133.29,S0012,2025-02-05,11,687
2025-03-31,P000043,LOC016,564,127.21,S0012,2025-03-10,11,687
2024-10-02,P000043,LOC017,585,133.57,S0012,2024-09-19,11,687
2024-11-01,P000043,LOC017,487,129.14,S0012,2024-10-14,11,687
2024-12-01,P000043,LOC017,528,138.09,S0012,2024-11-01,11,687
2024-12-31,P000043,LOC017,505,133.38,S0012,2024-12-25,11,687
2025-01-30,P000043,LOC017,585,135.54,S0012,2025-01-06,11,687
2025-03-01,P000043,LOC017,600,132.52,S0012,2025-02-12,11,687
2025-03-31,P000043,LOC017,487,133.39,S0012,2025-03-12,11,687
2024-10-02,P000043,LOC018,633,136.3,S0012,2024-09-14,11,687
2024-11-01,P000043,LOC018,537,127.95,S0012,2024-10-20,11,687
2024-12-01,P000043,LOC018,521,139.19,S0012,2024-11-18,11,687
2024-12-31,P000043,LOC018,608,137.28,S0012,2024-12-19,11,687
2025-01-30,P000043,LOC018,639,133.08,S0012,2025-01-22,11,687
2025-03-01,P000043,LOC018,634,134.68,S0012,2025-02-09,11,687
2025-03-31,P000043,LOC018,484,136.2,S0012,2025-03-09,11,687
2024-10-02,P000043,LOC019,621,132.53,S0012,2024-09-05,11,687
2024-11-01,P000043,LOC019,532,136.25,S0012,2024-10-07,11,687
2024-12-01,P000043,LOC019,529,129.76,S0012,2024-11-25,11,687
2024-12-31,P000043,LOC019,565,138.53,S0012,2024-12-16,11,687
2025-01-30,P000043,LOC019,600,134.86,S0012,2025-01-04,11,687
2025-03-01,P000043,LOC019,497,131.86,S0012,2025-02-28,11,687
2025-03-31,P000043,LOC019,630,133.21,S0012,2025-03-27,11,687
2024-10-02,P000043,LOC020,503,138.98,S0012,2024-09-17,11,687
2024-11-01,P000043,LOC020,648,127.47,S0012,2024-10-02,11,687
2024-12-01,P000043,LOC020,557,133.08,S0012,2024-11-15,11,687
2024-12-31,P000043,LOC020,622,128.14,S0012,2024-12-26,11,687
2025-01-30,P000043,LOC020,527,133.86,S0012,2025-01-07,11,687
2025-03-01,P000043,LOC020,552,138.97,S0012,2025-02-16,11,687
2025-03-31,P000043,LOC020,591,127.47,S0012,2025-03-15,11,687
2024-10-02,P000044,LOC001,371,220.61,S0024,2024-09-26,17,498
2024-11-01,P000044,LOC001,374,238.52,S0024,2024-10-11,17,498
2024-12-01,P000044,LOC001,451,238.5,S0024,2024-11-10,17,498
2024-12-31,P000044,LOC001,440,241.75,S0024,2024-12-30,17,498
2025-01-30,P000044,LOC001,443,230.22,S0024,2025-01-06,17,498
2025-03-01,P000044,LOC001,456,228.09,S0024,2025-02-19,17,498
2025-03-31,P000044,LOC001,450,227.71,S0024,2025-03-23,17,498
2024-10-02,P000044,LOC002,412,224.15,S0024,2024-09-30,17,498
2024-11-01,P000044,LOC002,368,222.08,S0024,2024-10-23,17,498
2024-12-01,P000044,LOC002,387,221.16,S0024,2024-11-04,17,498
2024-12-31,P000044,LOC002,411,225.78,S0024,2024-12-30,17,498
2025-01-30,P000044,LOC002,365,220.6,S0024,2025-01-26,17,498
2025-03-01,P000044,LOC002,454,224.61,S0024,2025-02-08,17,498
2025-03-31,P000044,LOC002,458,227.34,S0024,2025-03-13,17,498
2024-10-02,P000044,LOC003,352,219.84,S0024,2024-09-02,17,498
2024-11-01,P000044,LOC003,372,237.82,S0024,2024-10-31,17,498
2024-12-01,P000044,LOC003,452,232.62,S0024,2024-11-26,17,498
2024-12-31,P000044,LOC003,452,235.27,S0024,2024-12-21,17,498
2025-01-30,P000044,LOC003,379,232.99,S0024,2025-01-11,17,498
2025-03-01,P000044,LOC003,405,220.05,S0024,2025-02-15,17,498
2025-03-31,P000044,LOC003,462,222.82,S0024,2025-03-28,17,498
2024-10-02,P000044,LOC004,436,231.59,S0024,2024-09-23,17,498
2024-11-01,P000044,LOC004,382,241.63,S0024,2024-10-30,17,498
2024-12-01,P000044,LOC004,451,222.71,S0024,2024-11-10,17,498
2024-12-31,P000044,LOC004,411,221.75,S0024,2024-12-20,17,498
2025-01-30,P000044,LOC004,427,222.86,S0024,2025-01-23,17,498
2025-03-01,P000044,LOC004,364,230.67,S0024,2025-02-28,17,498
2025-03-31,P000044,LOC004,352,230.95,S0024,2025-03-02,17,498
2024-10-02,P000044,LOC005,394,234.98,S0024,2024-09-17,17,498
2024-11-01,P000044,LOC005,422,233.52,S0024,2024-10-15,17,498
2024-12-01,P000044,LOC005,370,221.08,S0024,2024-11-01,17,498
2024-12-31,P000044,LOC005,456,234.39,S0024,2024-12-02,17,498
2025-01-30,P000044,LOC005,421,233.37,S0024,2025-01-23,17,498
2025-03-01,P000044,LOC005,392,221.58,S0024,2025-02-01,17,498
2025-03-31,P000044,LOC005,368,225.33,S0024,2025-03-10,17,498
2024-10-02,P000044,LOC006,459,221.19,S0024,2024-09-20,17,498
2024-11-01,P000044,LOC006,441,230.05,S0024,2024-10-11,17,498
2024-12-01,P000044,LOC006,434,241.18,S0024,2024-11-25,17,498
2024-12-31,P000044,LOC006,384,228.69,S0024,2024-12-28,17,498
2025-01-30,P000044,LOC006,396,227.26,S0024,2025-01-19,17,498
2025-03-01,P000044,LOC006,368,236.05,S0024,2025-02-27,17,498
2025-03-31,P000044,LOC006,419,231.83,S0024,2025-03-20,17,498
2024-10-02,P000044,LOC007,468,232.94,S0024,2024-09-23,17,498
2024-11-01,P000044,LOC007,455,232.48,S0024,2024-10-27,17,498
2024-12-01,P000044,LOC007,429,228.51,S0024,2024-11-15,17,498
2024-12-31,P000044,LOC007,432,226.69,S0024,2024-12-22,17,498
2025-01-30,P000044,LOC007,382,237.61,S0024,2025-01-02,17,498
2025-03-01,P000044,LOC007,399,222.92,S0024,2025-02-20,17,498
2025-03-31,P000044,LOC007,351,241.99,S0024,2025-03-29,17,498
2024-10-02,P000044,LOC008,445,235.05,S0024,2024-09-18,17,498
2024-11-01,P000044,LOC008,444,240.26,S0024,2024-10-05,17,498
2024-12-01,P000044,LOC008,349,239.7,S0024,2024-11-29,17,498
2024-12-31,P000044,LOC008,462,227.71,S0024,2024-12-13,17,498
2025-01-30,P000044,LOC008,429,224.61,S0024,2025-01-22,17,498
2025-03-01,P000044,LOC008,423,226.88,S0024,2025-02-27,17,498
2025-03-31,P000044,LOC008,349,220.54,S0024,2025-03-10,17,498
2024-10-02,P000044,LOC009,380,221.83,S0024,2024-09-14,17,498
2024-11-01,P000044,LOC009,448,237.03,S0024,2024-10-12,17,498
2024-12-01,P000044,LOC009,386,242.36,S0024,2024-11-02,17,498
2024-12-31,P000044,LOC009,468,235.03,S0024,2024-12-27,17,498
2025-01-30,P000044,LOC009,428,237.01,S0024,2025-01-14,17,498
2025-03-01,P000044,LOC009,401,221.41,S0024,2025-02-08,17,498
2025-03-31,P000044,LOC009,395,235.55,S0024,2025-03-26,17,498
2024-10-02,P000044,LOC010,392,225.34,S0024,2024-09-30,17,498
2024-11-01,P000044,LOC010,379,236.57,S0024,2024-10-28,17,498
2024-12-01,P000044,LOC010,406,240.07,S0024,2024-11-12,17,498
2024-12-31,P000044,LOC010,432,235.35,S0024,2024-12-23,17,498
2025-01-30,P000044,LOC010,451,239.68,S0024,2025-01-02,17,498
2025-03-01,P000044,LOC010,398,231.71,S0024,2025-02-22,17,498
2025-03-31,P000044,LOC010,361,223.34,S0024,2025-03-29,17,498
2024-10-02,P000044,LOC011,412,230.77,S0024,2024-09-11,17,498
2024-11-01,P000044,LOC011,431,232.97,S0024,2024-10-17,17,498
2024-12-01,P000044,LOC011,453,240.74,S0024,2024-11-01,17,498
2024-12-31,P000044,LOC011,395,235.32,S0024,2024-12-17,17,498
2025-01-30,P000044,LOC011,429,230.53,S0024,2025-01-08,17,498
2025-03-01,P000044,LOC011,424,234.95,S0024,2025-02-21,17,498
2025-03-31,P000044,LOC011,385,233.93,S0024,2025-03-23,17,498
2024-10-02,P000044,LOC012,362,220.79,S0024,2024-09-26,17,498
2024-11-01,P000044,LOC012,356,233.39,S0024,2024-10-19,17,498
2024-12-01,P000044,LOC012,471,220.75,S0024,2024-11-03,17,498
2024-12-31,P000044,LOC012,428,220.64,S0024,2024-12-27,17,498
2025-01-30,P000044,LOC012,455,239.62,S0024,2025-01-28,17,498
2025-03-01,P000044,LOC012,381,225.08,S0024,2025-02-08,17,498
2025-03-31,P000044,LOC012,437,235.55,S0024,2025-03-10,17,498
2024-10-02,P000044,LOC013,459,219.98,S0024,2024-09-21,17,498
2024-11-01,P000044,LOC013,385,230.38,S0024,2024-10-15,17,498
2024-12-01,P000044,LOC013,367,222.0,S0024,2024-11-19,17,498
2024-12-31,P000044,LOC013,443,238.04,S0024,2024-12-23,17,498
2025-01-30,P000044,LOC013,460,219.76,S0024,2025-01-24,17,498
2025-03-01,P000044,LOC013,448,226.24,S0024,2025-02-24,17,498
2025-03-31,P000044,LOC013,448,235.62,S0024,2025-03-02,17,498
2024-10-02,P000044,LOC014,423,235.46,S0024,2024-09-27,17,498
2024-11-01,P000044,LOC014,430,230.04,S0024,2024-10-23,17,498
2024-12-01,P000044,LOC014,433,237.62,S0024,2024-11-26,17,498
2024-12-31,P000044,LOC014,438,222.98,S0024,2024-12-09,17,498
2025-01-30,P000044,LOC014,430,233.43,S0024,2025-01-16,17,498
2025-03-01,P000044,LOC014,472,239.06,S0024,2025-01-31,17,498
2025-03-31,P000044,LOC014,380,221.98,S0024,2025-03-07,17,498
2024-10-02,P000044,LOC015,400,235.17,S0024,2024-09-12,17,498
2024-11-01,P000044,LOC015,396,220.42,S0024,2024-10-17,17,498
2024-12-01,P000044,LOC015,352,223.97,S0024,2024-11-25,17,498
2024-12-31,P000044,LOC015,436,220.48,S0024,2024-12-04,17,498
2025-01-30,P000044,LOC015,419,234.19,S0024,2025-01-19,17,498
2025-03-01,P000044,LOC015,372,236.49,S0024,2025-02-20,17,498
2025-03-31,P000044,LOC015,439,232.61,S0024,2025-03-20,17,498
2024-10-02,P000044,LOC016,376,232.1,S0024,2024-09-28,17,498
2024-11-01,P000044,LOC016,415,221.82,S0024,2024-10-12,17,498
2024-12-01,P000044,LOC016,446,235.04,S0024,2024-11-21,17,498
2024-12-31,P000044,LOC016,461,227.05,S0024,2024-12-07,17,498
2025-01-30,P000044,LOC016,432,227.81,S0024,2025-01-07,17,498
2025-03-01,P000044,LOC016,411,225.49,S0024,2025-02-13,17,498
2025-03-31,P000044,LOC016,453,231.07,S0024,2025-03-17,17,498
2024-10-02,P000044,LOC017,453,228.37,S0024,2024-09-14,17,498
2024-11-01,P000044,LOC017,457,237.11,S0024,2024-10-23,17,498
2024-12-01,P000044,LOC017,371,240.99,S0024,2024-11-28,17,498
2024-12-31,P000044,LOC017,360,235.8,S0024,2024-12-28,17,498
2025-01-30,P000044,LOC017,364,232.36,S0024,2025-01-24,17,498
2025-03-01,P000044,LOC017,380,225.28,S0024,2025-02-11,17,498
2025-03-31,P000044,LOC017,449,235.83,S0024,2025-03-28,17,498
2024-10-02,P000044,LOC018,443,231.63,S0024,2024-09-14,17,498
2024-11-01,P000044,LOC018,371,239.5,S0024,2024-10-06,17,498
2024-12-01,P000044,LOC018,433,223.93,S0024,2024-11-07,17,498
2024-12-31,P000044,LOC018,390,227.78,S0024,2024-12-03,17,498
2025-01-30,P000044,LOC018,359,223.1,S0024,2025-01-23,17,498
2025-03-01,P000044,LOC018,392,221.32,S0024,2025-02-16,17,498
2025-03-31,P000044,LOC018,441,232.01,S0024,2025-03-04,17,498
2024-10-02,P000044,LOC019,386,230.74,S0024,2024-09-15,17,498
2024-11-01,P000044,LOC019,446,220.75,S0024,2024-10-10,17,498
2024-12-01,P000044,LOC019,389,220.06,S0024,2024-11-20,17,498
2024-12-31,P000044,LOC019,381,238.73,S0024,2024-12-10,17,498
2025-01-30,P000044,LOC019,385,238.91,S0024,2025-01-22,17,498
2025-03-01,P000044,LOC019,454,239.7,S0024,2025-02-18,17,498
2025-03-31,P000044,LOC019,407,220.86,S0024,2025-03-21,17,498
2024-10-02,P000044,LOC020,456,225.1,S0024,2024-09-29,17,498
2024-11-01,P000044,LOC020,421,237.76,S0024,2024-10-11,17,498
2024-12-01,P000044,LOC020,466,233.21,S0024,2024-11-28,17,498
2024-12-31,P000044,LOC020,357,227.66,S0024,2024-12-12,17,498
2025-01-30,P000044,LOC020,459,220.23,S0024,2025-01-27,17,498
2025-03-01,P000044,LOC020,410,240.16,S0024,2025-02-01,17,498
2025-03-31,P000044,LOC020,456,233.17,S0024,2025-03-17,17,498
2024-10-02,P000045,LOC001,441,514.76,S0027,2024-09-18,27,555
2024-11-01,P000045,LOC001,429,509.17,S0027,2024-10-13,27,555
2024-12-01,P000045,LOC001,396,514.02,S0027,2024-11-11,27,555
2024-12-31,P000045,LOC001,507,484.49,S0027,2024-12-18,27,555
2025-01-30,P000045,LOC001,407,471.65,S0027,2025-01-09,27,555
2025-03-01,P000045,LOC001,416,475.71,S0027,2025-02-02,27,555
2025-03-31,P000045,LOC001,445,512.63,S0027,2025-03-10,27,555
2024-10-02,P000045,LOC002,467,485.43,S0027,2024-09-21,27,555
2024-11-01,P000045,LOC002,514,502.33,S0027,2024-10-23,27,555
2024-12-01,P000045,LOC002,451,513.88,S0027,2024-11-18,27,555
2024-12-31,P000045,LOC002,432,500.22,S0027,2024-12-20,27,555
2025-01-30,P000045,LOC002,487,490.65,S0027,2025-01-10,27,555
2025-03-01,P000045,LOC002,496,505.82,S0027,2025-02-02,27,555
2025-03-31,P000045,LOC002,456,473.77,S0027,2025-03-30,27,555
2024-10-02,P000045,LOC003,476,480.32,S0027,2024-09-13,27,555
2024-11-01,P000045,LOC003,413,490.17,S0027,2024-10-25,27,555
2024-12-01,P000045,LOC003,476,508.15,S0027,2024-11-20,27,555
2024-12-31,P000045,LOC003,389,480.96,S0027,2024-12-19,27,555
2025-01-30,P000045,LOC003,426,508.09,S0027,2025-01-28,27,555
2025-03-01,P000045,LOC003,494,479.19,S0027,2025-02-22,27,555
2025-03-31,P000045,LOC003,411,506.69,S0027,2025-03-30,27,555
2024-10-02,P000045,LOC004,494,492.96,S0027,2024-09-27,27,555
2024-11-01,P000045,LOC004,456,484.35,S0027,2024-10-31,27,555
2024-12-01,P000045,LOC004,494,470.4,S0027,2024-11-06,27,555
2024-12-31,P000045,LOC004,400,470.58,S0027,2024-12-09,27,555
2025-01-30,P000045,LOC004,473,482.36,S0027,2025-01-06,27,555
2025-03-01,P000045,LOC004,476,469.88,S0027,2025-02-11,27,555
2025-03-31,P000045,LOC004,444,516.48,S0027,2025-03-18,27,555
2024-10-02,P000045,LOC005,522,507.33,S0027,2024-09-09,27,555
2024-11-01,P000045,LOC005,441,480.01,S0027,2024-10-11,27,555
2024-12-01,P000045,LOC005,393,498.3,S0027,2024-11-02,27,555
2024-12-31,P000045,LOC005,416,503.64,S0027,2024-12-01,27,555
2025-01-30,P000045,LOC005,440,506.6,S0027,2025-01-13,27,555
2025-03-01,P000045,LOC005,390,491.18,S0027,2025-02-09,27,555
2025-03-31,P000045,LOC005,433,493.82,S0027,2025-03-25,27,555
2024-10-02,P000045,LOC006,504,500.06,S0027,2024-09-28,27,555
2024-11-01,P000045,LOC006,414,495.9,S0027,2024-10-24,27,555
2024-12-01,P000045,LOC006,482,470.78,S0027,2024-11-07,27,555
2024-12-31,P000045,LOC006,475,498.23,S0027,2024-12-29,27,555
2025-01-30,P000045,LOC006,423,478.16,S0027,2025-01-06,27,555
2025-03-01,P000045,LOC006,484,482.68,S0027,2025-02-23,27,555
2025-03-31,P000045,LOC006,436,514.76,S0027,2025-03-01,27,555
2024-10-02,P000045,LOC007,406,494.0,S0027,2024-09-29,27,555
2024-11-01,P000045,LOC007,441,494.51,S0027,2024-10-31,27,555
2024-12-01,P000045,LOC007,470,513.51,S0027,2024-11-05,27,555
2024-12-31,P000045,LOC007,411,489.59,S0027,2024-12-14,27,555
2025-01-30,P000045,LOC007,502,509.05,S0027,2025-01-18,27,555
2025-03-01,P000045,LOC007,429,505.07,S0027,2025-02-27,27,555
2025-03-31,P000045,LOC007,428,489.8,S0027,2025-03-14,27,555
2024-10-02,P000045,LOC008,489,497.48,S0027,2024-09-07,27,555
2024-11-01,P000045,LOC008,471,507.68,S0027,2024-10-26,27,555
2024-12-01,P000045,LOC008,435,472.5,S0027,2024-11-06,27,555
2024-12-31,P000045,LOC008,511,479.58,S0027,2024-12-11,27,555
2025-01-30,P000045,LOC008,526,492.69,S0027,2025-01-16,27,555
2025-03-01,P000045,LOC008,436,517.71,S0027,2025-01-30,27,555
2025-03-31,P000045,LOC008,513,499.56,S0027,2025-03-28,27,555
2024-10-02,P000045,LOC009,438,505.45,S0027,2024-09-08,27,555
2024-11-01,P000045,LOC009,414,495.66,S0027,2024-10-08,27,555
2024-12-01,P000045,LOC009,520,484.47,S0027,2024-11-30,27,555
2024-12-31,P000045,LOC009,515,479.72,S0027,2024-12-06,27,555
2025-01-30,P000045,LOC009,444,470.91,S0027,2025-01-26,27,555
2025-03-01,P000045,LOC009,420,485.52,S0027,2025-02-18,27,555
2025-03-31,P000045,LOC009,489,472.34,S0027,2025-03-26,27,555
2024-10-02,P000045,LOC010,406,490.02,S0027,2024-09-26,27,555
2024-11-01,P000045,LOC010,490,498.43,S0027,2024-10-17,27,555
2024-12-01,P000045,LOC010,470,470.21,S0027,2024-11-23,27,555
2024-12-31,P000045,LOC010,411,509.01,S0027,2024-12-28,27,555
2025-01-30,P000045,LOC010,439,511.71,S0027,2025-01-12,27,555
2025-03-01,P000045,LOC010,478,504.97,S0027,2025-02-13,27,555
2025-03-31,P000045,LOC010,393,502.99,S0027,2025-03-22,27,555
2024-10-02,P000045,LOC011,510,502.7,S0027,2024-09-13,27,555
2024-11-01,P000045,LOC011,423,470.94,S0027,2024-10-04,27,555
2024-12-01,P000045,LOC011,462,508.23,S0027,2024-11-18,27,555
2024-12-31,P000045,LOC011,395,478.51,S0027,2024-12-29,27,555
2025-01-30,P000045,LOC011,526,510.21,S0027,2025-01-29,27,555
2025-03-01,P000045,LOC011,480,513.18,S0027,2025-02-04,27,555
2025-03-31,P000045,LOC011,479,476.49,S0027,2025-03-25,27,555
2024-10-02,P000045,LOC012,391,469.96,S0027,2024-09-02,27,555
2024-11-01,P000045,LOC012,484,486.95,S0027,2024-10-31,27,555
2024-12-01,P000045,LOC012,446,477.96,S0027,2024-11-21,27,555
2024-12-31,P000045,LOC012,441,488.29,S0027,2024-12-10,27,555
2025-01-30,P000045,LOC012,464,473.36,S0027,2025-01-01,27,555
2025-03-01,P000045,LOC012,454,472.09,S0027,2025-01-30,27,555
2025-03-31,P000045,LOC012,409,500.17,S0027,2025-03-21,27,555
2024-10-02,P000045,LOC013,484,506.34,S0027,2024-09-26,27,555
2024-11-01,P000045,LOC013,475,514.97,S0027,2024-10-12,27,555
2024-12-01,P000045,LOC013,430,512.6,S0027,2024-11-07,27,555
2024-12-31,P000045,LOC013,480,479.88,S0027,2024-12-01,27,555
2025-01-30,P000045,LOC013,480,483.06,S0027,2025-01-15,27,555
2025-03-01,P000045,LOC013,425,481.06,S0027,2025-02-03,27,555
2025-03-31,P000045,LOC013,472,510.08,S0027,2025-03-10,27,555
2024-10-02,P000045,LOC014,407,495.77,S0027,2024-09-23,27,555
2024-11-01,P000045,LOC014,503,473.09,S0027,2024-10-12,27,555
2024-12-01,P000045,LOC014,403,468.91,S0027,2024-11-25,27,555
2024-12-31,P000045,LOC014,488,505.03,S0027,2024-12-04,27,555
2025-01-30,P000045,LOC014,404,492.97,S0027,2025-01-03,27,555
2025-03-01,P000045,LOC014,404,469.21,S0027,2025-02-26,27,555
2025-03-31,P000045,LOC014,403,514.54,S0027,2025-03-07,27,555
2024-10-02,P000045,LOC015,416,470.57,S0027,2024-09-18,27,555
2024-11-01,P000045,LOC015,416,499.84,S0027,2024-10-23,27,555
2024-12-01,P000045,LOC015,424,486.53,S0027,2024-11-04,27,555
2024-12-31,P000045,LOC015,461,502.35,S0027,2024-12-05,27,555
2025-01-30,P000045,LOC015,416,469.75,S0027,2025-01-18,27,555
2025-03-01,P000045,LOC015,486,509.02,S0027,2025-02-05,27,555
2025-03-31,P000045,LOC015,429,468.85,S0027,2025-03-26,27,555
2024-10-02,P000045,LOC016,393,484.7,S0027,2024-09-21,27,555
2024-11-01,P000045,LOC016,457,486.97,S0027,2024-10-10,27,555
2024-12-01,P000045,LOC016,417,493.22,S0027,2024-11-19,27,555
2024-12-31,P000045,LOC016,517,515.25,S0027,2024-12-05,27,555
2025-01-30,P000045,LOC016,434,468.73,S0027,2025-01-12,27,555
2025-03-01,P000045,LOC016,388,471.13,S0027,2025-02-17,27,555
2025-03-31,P000045,LOC016,481,473.89,S0027,2025-03-25,27,555
2024-10-02,P000045,LOC017,514,497.46,S0027,2024-09-14,27,555
2024-11-01,P000045,LOC017,504,473.42,S0027,2024-10-29,27,555
2024-12-01,P000045,LOC017,481,470.7,S0027,2024-11-02,27,555
2024-12-31,P000045,LOC017,409,471.32,S0027,2024-12-16,27,555
2025-01-30,P000045,LOC017,400,489.49,S0027,2025-01-15,27,555
2025-03-01,P000045,LOC017,459,476.34,S0027,2025-02-06,27,555
2025-03-31,P000045,LOC017,488,515.9,S0027,2025-03-25,27,555
2024-10-02,P000045,LOC018,402,480.05,S0027,2024-09-05,27,555
2024-11-01,P000045,LOC018,424,507.09,S0027,2024-10-19,27,555
2024-12-01,P000045,LOC018,420,480.22,S0027,2024-11-18,27,555
2024-12-31,P000045,LOC018,525,504.08,S0027,2024-12-10,27,555
2025-01-30,P000045,LOC018,429,514.79,S0027,2025-01-04,27,555
2025-03-01,P000045,LOC018,452,503.52,S0027,2025-02-13,27,555
2025-03-31,P000045,LOC018,402,503.03,S0027,2025-03-28,27,555
2024-10-02,P000045,LOC019,412,473.76,S0027,2024-09-19,27,555
2024-11-01,P000045,LOC019,393,484.3,S0027,2024-10-16,27,555
2024-12-01,P000045,LOC019,428,488.59,S0027,2024-11-28,27,555
2024-12-31,P000045,LOC019,499,472.02,S0027,2024-12-29,27,555
2025-01-30,P000045,LOC019,431,513.94,S0027,2025-01-03,27,555
2025-03-01,P000045,LOC019,490,495.1,S0027,2025-02-23,27,555
2025-03-31,P000045,LOC019,401,481.45,S0027,2025-03-13,27,555
2024-10-02,P000045,LOC020,493,503.31,S0027,2024-09-03,27,555
2024-11-01,P000045,LOC020,394,485.9,S0027,2024-10-18,27,555
2024-12-01,P000045,LOC020,506,515.44,S0027,2024-11-17,27,555
2024-12-31,P000045,LOC020,480,513.24,S0027,2024-12-24,27,555
2025-01-30,P000045,LOC020,412,477.4,S0027,2025-01-27,27,555
2025-03-01,P000045,LOC020,438,504.58,S0027,2025-02-05,27,555
2025-03-31,P000045,LOC020,449,496.13,S0027,2025-03-12,27,555
2024-10-02,P000046,LOC001,472,413.21,S0002,2024-09-12,50,552
2024-11-01,P000046,LOC001,507,378.89,S0002,2024-10-25,50,552
2024-12-01,P000046,LOC001,399,402.25,S0002,2024-11-23,50,552
2024-12-31,P000046,LOC001,498,390.71,S0002,2024-12-12,50,552
2025-01-30,P000046,LOC001,411,383.19,S0002,2025-01-11,50,552
2025-03-01,P000046,LOC001,441,383.5,S0002,2025-02-11,50,552
2025-03-31,P000046,LOC001,519,417.05,S0002,2025-03-23,50,552
2024-10-02,P000046,LOC002,423,402.63,S0002,2024-09-04,50,552
2024-11-01,P000046,LOC002,439,393.32,S0002,2024-10-15,50,552
2024-12-01,P000046,LOC002,503,393.04,S0002,2024-11-02,50,552
2024-12-31,P000046,LOC002,496,397.95,S0002,2024-12-29,50,552
2025-01-30,P000046,LOC002,475,391.32,S0002,2025-01-02,50,552
2025-03-01,P000046,LOC002,496,395.97,S0002,2025-02-06,50,552
2025-03-31,P000046,LOC002,402,398.64,S0002,2025-03-18,50,552
2024-10-02,P000046,LOC003,482,403.83,S0002,2024-09-11,50,552
2024-11-01,P000046,LOC003,394,399.37,S0002,2024-10-27,50,552
2024-12-01,P000046,LOC003,516,403.04,S0002,2024-11-13,50,552
2024-12-31,P000046,LOC003,408,404.73,S0002,2024-12-10,50,552
2025-01-30,P000046,LOC003,443,401.96,S0002,2025-01-23,50,552
2025-03-01,P000046,LOC003,467,396.14,S0002,2025-02-23,50,552
2025-03-31,P000046,LOC003,497,389.12,S0002,2025-03-21,50,552
2024-10-02,P000046,LOC004,480,412.4,S0002,2024-09-13,50,552
2024-11-01,P000046,LOC004,411,386.5,S0002,2024-10-03,50,552
2024-12-01,P000046,LOC004,438,389.89,S0002,2024-11-15,50,552
2024-12-31,P000046,LOC004,435,397.82,S0002,2024-12-30,50,552
2025-01-30,P000046,LOC004,390,396.12,S0002,2025-01-04,50,552
2025-03-01,P000046,LOC004,480,388.41,S0002,2025-02-04,50,552
2025-03-31,P000046,LOC004,502,382.41,S0002,2025-03-04,50,552
2024-10-02,P000046,LOC005,520,403.98,S0002,2024-09-08,50,552
2024-11-01,P000046,LOC005,404,414.96,S0002,2024-10-22,50,552
2024-12-01,P000046,LOC005,513,405.24,S0002,2024-11-14,50,552
2024-12-31,P000046,LOC005,401,415.94,S0002,2024-12-20,50,552
2025-01-30,P000046,LOC005,443,417.31,S0002,2025-01-28,50,552
2025-03-01,P000046,LOC005,392,409.32,S0002,2025-02-12,50,552
2025-03-31,P000046,LOC005,422,395.45,S0002,2025-03-02,50,552
2024-10-02,P000046,LOC006,429,406.62,S0002,2024-09-02,50,552
2024-11-01,P000046,LOC006,483,381.11,S0002,2024-10-25,50,552
2024-12-01,P000046,LOC006,479,384.27,S0002,2024-11-30,50,552
2024-12-31,P000046,LOC006,492,401.41,S0002,2024-12-30,50,552
2025-01-30,P000046,LOC006,465,395.92,S0002,2025-01-26,50,552
2025-03-01,P000046,LOC006,464,380.38,S0002,2025-02-23,50,552
2025-03-31,P000046,LOC006,521,380.04,S0002,2025-03-02,50,552
2024-10-02,P000046,LOC007,478,387.83,S0002,2024-09-30,50,552
2024-11-01,P000046,LOC007,433,416.61,S0002,2024-10-06,50,552
2024-12-01,P000046,LOC007,458,402.54,S0002,2024-11-09,50,552
2024-12-31,P000046,LOC007,483,380.55,S0002,2024-12-07,50,552
2025-01-30,P000046,LOC007,399,416.6,S0002,2025-01-15,50,552
2025-03-01,P000046,LOC007,477,406.35,S0002,2025-02-08,50,552
2025-03-31,P000046,LOC007,420,392.81,S0002,2025-03-04,50,552
2024-10-02,P000046,LOC008,434,391.89,S0002,2024-10-01,50,552
2024-11-01,P000046,LOC008,479,387.37,S0002,2024-10-25,50,552
2024-12-01,P000046,LOC008,439,381.43,S0002,2024-11-03,50,552
2024-12-31,P000046,LOC008,502,387.41,S0002,2024-12-01,50,552
2025-01-30,P000046,LOC008,463,410.51,S0002,2025-01-08,50,552
2025-03-01,P000046,LOC008,522,412.63,S0002,2025-02-22,50,552
2025-03-31,P000046,LOC008,393,417.4,S0002,2025-03-11,50,552
2024-10-02,P000046,LOC009,475,411.51,S0002,2024-09-17,50,552
2024-11-01,P000046,LOC009,408,403.97,S0002,2024-10-27,50,552
2024-12-01,P000046,LOC009,503,397.39,S0002,2024-11-26,50,552
2024-12-31,P000046,LOC009,503,378.42,S0002,2024-12-12,50,552
2025-01-30,P000046,LOC009,506,407.75,S0002,2025-01-22,50,552
2025-03-01,P000046,LOC009,396,382.6,S0002,2025-02-21,50,552
2025-03-31,P000046,LOC009,454,390.68,S0002,2025-03-07,50,552
2024-10-02,P000046,LOC010,419,384.8,S0002,2024-09-26,50,552
2024-11-01,P000046,LOC010,520,378.61,S0002,2024-10-17,50,552
2024-12-01,P000046,LOC010,393,413.43,S0002,2024-11-12,50,552
2024-12-31,P000046,LOC010,417,394.88,S0002,2024-12-26,50,552
2025-01-30,P000046,LOC010,475,411.81,S0002,2025-01-06,50,552
2025-03-01,P000046,LOC010,442,417.13,S0002,2025-02-26,50,552
2025-03-31,P000046,LOC010,418,378.43,S0002,2025-03-23,50,552
2024-10-02,P000046,LOC011,449,383.26,S0002,2024-09-12,50,552
2024-11-01,P000046,LOC011,496,404.23,S0002,2024-10-04,50,552
2024-12-01,P000046,LOC011,448,399.61,S0002,2024-11-03,50,552
2024-12-31,P000046,LOC011,504,397.22,S0002,2024-12-09,50,552
2025-01-30,P000046,LOC011,448,403.41,S0002,2025-01-10,50,552
2025-03-01,P000046,LOC011,402,415.71,S0002,2025-02-17,50,552
2025-03-31,P000046,LOC011,455,381.83,S0002,2025-03-25,50,552
2024-10-02,P000046,LOC012,476,387.9,S0002,2024-09-10,50,552
2024-11-01,P000046,LOC012,400,395.35,S0002,2024-10-02,50,552
2024-12-01,P000046,LOC012,443,414.98,S0002,2024-11-16,50,552
2024-12-31,P000046,LOC012,463,387.29,S0002,2024-12-11,50,552
2025-01-30,P000046,LOC012,386,392.87,S0002,2025-01-29,50,552
2025-03-01,P000046,LOC012,398,406.62,S0002,2025-02-07,50,552
2025-03-31,P000046,LOC012,469,383.41,S0002,2025-03-12,50,552
2024-10-02,P000046,LOC013,471,393.65,S0002,2024-09-06,50,552
2024-11-01,P000046,LOC013,428,417.48,S0002,2024-10-15,50,552
2024-12-01,P000046,LOC013,456,401.62,S0002,2024-11-24,50,552
2024-12-31,P000046,LOC013,414,379.81,S0002,2024-12-22,50,552
2025-01-30,P000046,LOC013,479,412.95,S0002,2025-01-13,50,552
2025-03-01,P000046,LOC013,517,400.2,S0002,2025-02-19,50,552
2025-03-31,P000046,LOC013,436,394.32,S0002,2025-03-30,50,552
2024-10-02,P000046,LOC014,393,396.1,S0002,2024-09-16,50,552
2024-11-01,P000046,LOC014,417,411.8,S0002,2024-10-05,50,552
2024-12-01,P000046,LOC014,449,392.01,S0002,2024-11-13,50,552
2024-12-31,P000046,LOC014,463,398.97,S0002,2024-12-24,50,552
2025-01-30,P000046,LOC014,471,378.43,S0002,2025-01-21,50,552
2025-03-01,P000046,LOC014,451,381.5,S0002,2025-02-09,50,552
2025-03-31,P000046,LOC014,477,380.03,S0002,2025-03-30,50,552
2024-10-02,P000046,LOC015,485,394.99,S0002,2024-09-13,50,552
2024-11-01,P000046,LOC015,402,417.15,S0002,2024-10-11,50,552
2024-12-01,P000046,LOC015,491,389.19,S0002,2024-11-17,50,552
2024-12-31,P000046,LOC015,417,407.6,S0002,2024-12-04,50,552
2025-01-30,P000046,LOC015,433,392.62,S0002,2025-01-12,50,552
2025-03-01,P000046,LOC015,500,381.33,S0002,2025-02-15,50,552
2025-03-31,P000046,LOC015,519,387.25,S0002,2025-03-25,50,552
2024-10-02,P000046,LOC016,426,390.82,S0002,2024-10-01,50,552
2024-11-01,P000046,LOC016,458,402.21,S0002,2024-10-10,50,552
2024-12-01,P000046,LOC016,483,380.93,S0002,2024-11-11,50,552
2024-12-31,P000046,LOC016,392,387.69,S0002,2024-12-03,50,552
2025-01-30,P000046,LOC016,409,387.65,S0002,2025-01-22,50,552
2025-03-01,P000046,LOC016,405,389.22,S0002,2025-02-12,50,552
2025-03-31,P000046,LOC016,485,399.98,S0002,2025-03-24,50,552
2024-10-02,P000046,LOC017,485,396.17,S0002,2024-09-03,50,552
2024-11-01,P000046,LOC017,401,409.01,S0002,2024-10-13,50,552
2024-12-01,P000046,LOC017,470,414.42,S0002,2024-11-20,50,552
2024-12-31,P000046,LOC017,412,378.56,S0002,2024-12-30,50,552
2025-01-30,P000046,LOC017,514,382.26,S0002,2025-01-09,50,552
2025-03-01,P000046,LOC017,440,417.41,S0002,2025-02-24,50,552
2025-03-31,P000046,LOC017,449,396.78,S0002,2025-03-07,50,552
2024-10-02,P000046,LOC018,494,389.2,S0002,2024-09-13,50,552
2024-11-01,P000046,LOC018,485,407.96,S0002,2024-10-24,50,552
2024-12-01,P000046,LOC018,401,402.08,S0002,2024-11-13,50,552
2024-12-31,P000046,LOC018,443,411.76,S0002,2024-12-08,50,552
2025-01-30,P000046,LOC018,514,381.97,S0002,2025-01-12,50,552
2025-03-01,P000046,LOC018,501,378.75,S0002,2025-02-17,50,552
2025-03-31,P000046,LOC018,467,413.9,S0002,2025-03-30,50,552
2024-10-02,P000046,LOC019,492,387.29,S0002,2024-09-21,50,552
2024-11-01,P000046,LOC019,448,405.84,S0002,2024-10-26,50,552
2024-12-01,P000046,LOC019,477,392.36,S0002,2024-11-13,50,552
2024-12-31,P000046,LOC019,518,410.35,S0002,2024-12-06,50,552
2025-01-30,P000046,LOC019,404,382.83,S0002,2025-01-06,50,552
2025-03-01,P000046,LOC019,455,414.7,S0002,2025-02-02,50,552
2025-03-31,P000046,LOC019,459,392.95,S0002,2025-03-07,50,552
2024-10-02,P000046,LOC020,393,413.37,S0002,2024-09-30,50,552
2024-11-01,P000046,LOC020,515,399.33,S0002,2024-10-15,50,552
2024-12-01,P000046,LOC020,502,412.23,S0002,2024-11-11,50,552
2024-12-31,P000046,LOC020,453,397.67,S0002,2024-12-19,50,552
2025-01-30,P000046,LOC020,456,381.46,S0002,2025-01-25,50,552
2025-03-01,P000046,LOC020,513,379.72,S0002,2025-02-01,50,552
2025-03-31,P000046,LOC020,410,378.72,S0002,2025-03-25,50,552
2024-10-02,P000047,LOC001,168,56.89,S0005,2024-09-12,29,910
2024-11-01,P000047,LOC001,119,59.72,S0005,2024-10-07,29,910
2024-12-01,P000047,LOC001,170,55.4,S0005,2024-11-04,29,910
2024-12-31,P000047,LOC001,176,60.48,S0005,2024-12-14,29,910
2025-01-30,P000047,LOC001,213,55.48,S0005,2025-01-17,29,910
2025-03-01,P000047,LOC001,310,55.39,S0005,2025-02-24,29,910
2025-03-31,P000047,LOC001,290,55.53,S0005,2025-03-10,29,910
2024-10-02,P000047,LOC002,104,60.51,S0005,2024-09-06,29,910
2024-11-01,P000047,LOC002,161,55.08,S0005,2024-10-29,29,910
2024-12-01,P000047,LOC002,191,58.32,S0005,2024-11-22,29,910
2024-12-31,P000047,LOC002,228,55.61,S0005,2024-12-14,29,910
2025-01-30,P000047,LOC002,237,55.82,S0005,2025-01-18,29,910
2025-03-01,P000047,LOC002,282,55.06,S0005,2025-02-05,29,910
2025-03-31,P000047,LOC002,284,55.24,S0005,2025-03-29,29,910
2024-10-02,P000047,LOC003,113,58.43,S0005,2024-09-20,29,910
2024-11-01,P000047,LOC003,114,59.43,S0005,2024-10-22,29,910
2024-12-01,P000047,LOC003,150,58.06,S0005,2024-11-27,29,910
2024-12-31,P000047,LOC003,230,59.69,S0005,2024-12-04,29,910
2025-01-30,P000047,LOC003,193,59.8,S0005,2025-01-07,29,910
2025-03-01,P000047,LOC003,243,55.41,S0005,2025-02-08,29,910
2025-03-31,P000047,LOC003,333,60.12,S0005,2025-03-16,29,910
2024-10-02,P000047,LOC004,187,59.66,S0005,2024-09-22,29,910
2024-11-01,P000047,LOC004,151,55.12,S0005,2024-10-10,29,910
2024-12-01,P000047,LOC004,188,56.79,S0005,2024-11-20,29,910
2024-12-31,P000047,LOC004,161,57.51,S0005,2024-12-27,29,910
2025-01-30,P000047,LOC004,186,55.82,S0005,2025-01-07,29,910
2025-03-01,P000047,LOC004,153,59.79,S0005,2025-02-21,29,910
2025-03-31,P000047,LOC004,223,59.91,S0005,2025-03-15,29,910
2024-10-02,P000047,LOC005,204,57.58,S0005,2024-09-24,29,910
2024-11-01,P000047,LOC005,230,57.11,S0005,2024-10-13,29,910
2024-12-01,P000047,LOC005,315,56.92,S0005,2024-11-26,29,910
2024-12-31,P000047,LOC005,365,58.14,S0005,2024-12-09,29,910
2025-01-30,P000047,LOC005,457,58.5,S0005,2025-01-13,29,910
2025-03-01,P000047,LOC005,474,57.82,S0005,2025-02-08,29,910
2025-03-31,P000047,LOC005,545,58.06,S0005,2025-03-16,29,910
2024-10-02,P000047,LOC006,79,56.54,S0005,2024-09-17,29,910
2024-11-01,P000047,LOC006,102,59.6,S0005,2024-10-12,29,910
2024-12-01,P000047,LOC006,110,55.72,S0005,2024-11-29,29,910
2024-12-31,P000047,LOC006,119,57.57,S0005,2024-12-08,29,910
2025-01-30,P000047,LOC006,120,59.59,S0005,2025-01-02,29,910
2025-03-01,P000047,LOC006,165,59.75,S0005,2025-02-27,29,910
2025-03-31,P000047,LOC006,197,56.09,S0005,2025-03-15,29,910
2024-10-02,P000047,LOC007,192,58.3,S0005,2024-09-02,29,910
2024-11-01,P000047,LOC007,222,55.96,S0005,2024-10-19,29,910
2024-12-01,P000047,LOC007,297,58.99,S0005,2024-11-06,29,910
2024-12-31,P000047,LOC007,392,57.13,S0005,2024-12-01,29,910
2025-01-30,P000047,LOC007,364,55.21,S0005,2025-01-15,29,910
2025-03-01,P000047,LOC007,460,55.38,S0005,2025-02-17,29,910
2025-03-31,P000047,LOC007,425,59.69,S0005,2025-03-28,29,910
2024-10-02,P000047,LOC008,173,58.9,S0005,2024-09-29,29,910
2024-11-01,P000047,LOC008,266,56.41,S0005,2024-10-09,29,910
2024-12-01,P000047,LOC008,343,55.23,S0005,2024-11-01,29,910
2024-12-31,P000047,LOC008,382,59.73,S0005,2024-12-14,29,910
2025-01-30,P000047,LOC008,451,55.83,S0005,2025-01-09,29,910
2025-03-01,P000047,LOC008,526,57.17,S0005,2025-02-23,29,910
2025-03-31,P000047,LOC008,602,55.71,S0005,2025-03-20,29,910
2024-10-02,P000047,LOC009,200,57.09,S0005,2024-09-18,29,910
2024-11-01,P000047,LOC009,192,56.74,S0005,2024-10-03,29,910
2024-12-01,P000047,LOC009,249,60.37,S0005,2024-11-01,29,910
2024-12-31,P000047,LOC009,345,57.72,S0005,2024-12-28,29,910
2025-01-30,P000047,LOC009,416,59.39,S0005,2025-01-04,29,910
2025-03-01,P000047,LOC009,372,59.79,S0005,2025-02-01,29,910
2025-03-31,P000047,LOC009,399,56.94,S0005,2025-03-24,29,910
2024-10-02,P000047,LOC010,127,58.99,S0005,2024-09-28,29,910
2024-11-01,P000047,LOC010,86,56.09,S0005,2024-10-08,29,910
2024-12-01,P000047,LOC010,138,56.82,S0005,2024-11-03,29,910
2024-12-31,P000047,LOC010,163,60.22,S0005,2024-12-25,29,910
2025-01-30,P000047,LOC010,179,56.05,S0005,2025-01-08,29,910
2025-03-01,P000047,LOC010,192,56.52,S0005,2025-02-07,29,910
2025-03-31,P000047,LOC010,283,56.41,S0005,2025-03-30,29,910
2024-10-02,P000047,LOC011,188,58.68,S0005,2024-09-11,29,910
2024-11-01,P000047,LOC011,227,56.84,S0005,2024-10-16,29,910
2024-12-01,P000047,LOC011,217,55.87,S0005,2024-11-14,29,910
2024-12-31,P000047,LOC011,279,56.78,S0005,2024-12-12,29,910
2025-01-30,P000047,LOC011,244,58.25,S0005,2025-01-04,29,910
2025-03-01,P000047,LOC011,286,56.95,S0005,2025-02-19,29,910
2025-03-31,P000047,LOC011,282,56.77,S0005,2025-03-05,29,910
2024-10-02,P000047,LOC012,99,60.36,S0005,2024-09-29,29,910
2024-11-01,P000047,LOC012,82,57.48,S0005,2024-10-09,29,910
2024-12-01,P000047,LOC012,116,56.57,S0005,2024-11-02,29,910
2024-12-31,P000047,LOC012,196,57.29,S0005,2024-12-21,29,910
2025-01-30,P000047,LOC012,214,56.82,S0005,2025-01-01,29,910
2025-03-01,P000047,LOC012,210,58.49,S0005,2025-02-24,29,910
2025-03-31,P000047,LOC012,173,57.75,S0005,2025-03-03,29,910
2024-10-02,P000047,LOC013,154,59.84,S0005,2024-09-04,29,910
2024-11-01,P000047,LOC013,111,59.84,S0005,2024-10-08,29,910
2024-12-01,P000047,LOC013,109,57.25,S0005,2024-11-07,29,910
2024-12-31,P000047,LOC013,115,55.37,S0005,2024-12-17,29,910
2025-01-30,P000047,LOC013,203,58.07,S0005,2025-01-02,29,910
2025-03-01,P000047,LOC013,181,55.32,S0005,2025-01-31,29,910
2025-03-31,P000047,LOC013,192,58.99,S0005,2025-03-22,29,910
2024-10-02,P000047,LOC014,206,56.33,S0005,2024-09-10,29,910
2024-11-01,P000047,LOC014,186,58.51,S0005,2024-10-18,29,910
2024-12-01,P000047,LOC014,247,55.08,S0005,2024-11-19,29,910
2024-12-31,P000047,LOC014,262,60.4,S0005,2024-12-04,29,910
2025-01-30,P000047,LOC014,333,55.17,S0005,2025-01-09,29,910
2025-03-01,P000047,LOC014,404,55.28,S0005,2025-02-19,29,910
2025-03-31,P000047,LOC014,497,55.81,S0005,2025-03-10,29,910
2024-10-02,P000047,LOC015,81,55.73,S0005,2024-09-10,29,910
2024-11-01,P000047,LOC015,133,55.25,S0005,2024-10-25,29,910
2024-12-01,P000047,LOC015,182,56.36,S0005,2024-11-07,29,910
2024-12-31,P000047,LOC015,261,59.22,S0005,2024-12-27,29,910
2025-01-30,P000047,LOC015,259,58.61,S0005,2025-01-08,29,910
2025-03-01,P000047,LOC015,327,58.19,S0005,2025-02-26,29,910
2025-03-31,P000047,LOC015,316,57.65,S0005,2025-03-28,29,910
2024-10-02,P000047,LOC016,174,57.3,S0005,2024-09-07,29,910
2024-11-01,P000047,LOC016,156,60.47,S0005,2024-10-07,29,910
2024-12-01,P000047,LOC016,137,58.14,S0005,2024-11-01,29,910
2024-12-31,P000047,LOC016,117,56.33,S0005,2024-12-23,29,910
2025-01-30,P000047,LOC016,174,59.71,S0005,2025-01-21,29,910
2025-03-01,P000047,LOC016,166,59.22,S0005,2025-02-25,29,910
2025-03-31,P000047,LOC016,252,60.6,S0005,2025-03-07,29,910
2024-10-02,P000047,LOC017,196,57.25,S0005,2024-09-13,29,910
2024-11-01,P000047,LOC017,192,59.67,S0005,2024-10-26,29,910
2024-12-01,P000047,LOC017,176,55.17,S0005,2024-11-09,29,910
2024-12-31,P000047,LOC017,217,60.51,S0005,2024-12-09,29,910
2025-01-30,P000047,LOC017,254,55.63,S0005,2025-01-29,29,910
2025-03-01,P000047,LOC017,210,58.64,S0005,2025-01-30,29,910
2025-03-31,P000047,LOC017,303,58.56,S0005,2025-03-24,29,910
2024-10-02,P000047,LOC018,178,60.63,S0005,2024-09-17,29,910
2024-11-01,P000047,LOC018,193,58.45,S0005,2024-10-29,29,910
2024-12-01,P000047,LOC018,146,58.48,S0005,2024-11-24,29,910
2024-12-31,P000047,LOC018,149,55.73,S0005,2024-12-04,29,910
2025-01-30,P000047,LOC018,159,57.2,S0005,2025-01-12,29,910
2025-03-01,P000047,LOC018,151,58.23,S0005,2025-01-30,29,910
2025-03-31,P000047,LOC018,207,55.49,S0005,2025-03-19,29,910
2024-10-02,P000047,LOC019,106,55.56,S0005,2024-09-21,29,910
2024-11-01,P000047,LOC019,145,60.06,S0005,2024-10-28,29,910
2024-12-01,P000047,LOC019,233,58.69,S0005,2024-11-17,29,910
2024-12-31,P000047,LOC019,212,55.78,S0005,2024-12-22,29,910
2025-01-30,P000047,LOC019,237,55.18,S0005,2025-01-16,29,910
2025-03-01,P000047,LOC019,336,57.58,S0005,2025-02-15,29,910
2025-03-31,P000047,LOC019,330,59.78,S0005,2025-03-27,29,910
2024-10-02,P000047,LOC020,83,60.13,S0005,2024-09-15,29,910
2024-11-01,P000047,LOC020,78,59.12,S0005,2024-10-28,29,910
2024-12-01,P000047,LOC020,160,60.0,S0005,2024-11-22,29,910
2024-12-31,P000047,LOC020,176,55.16,S0005,2024-12-15,29,910
2025-01-30,P000047,LOC020,183,60.55,S0005,2025-01-25,29,910
2025-03-01,P000047,LOC020,258,56.18,S0005,2025-02-25,29,910
2025-03-31,P000047,LOC020,345,57.21,S0005,2025-03-02,29,910
2024-10-02,P000048,LOC001,472,131.3,S0010,2024-09-12,34,650
2024-11-01,P000048,LOC001,495,134.57,S0010,2024-10-07,34,650
2024-12-01,P000048,LOC001,474,136.74,S0010,2024-11-19,34,650
2024-12-31,P000048,LOC001,548,128.51,S0010,2024-12-05,34,650
2025-01-30,P000048,LOC001,627,137.74,S0010,2025-01-22,34,650
2025-03-01,P000048,LOC001,549,133.02,S0010,2025-02-01,34,650
2025-03-31,P000048,LOC001,573,132.46,S0010,2025-03-03,34,650
2024-10-02,P000048,LOC002,465,126.31,S0010,2024-09-22,34,650
2024-11-01,P000048,LOC002,521,128.04,S0010,2024-10-09,34,650
2024-12-01,P000048,LOC002,505,129.14,S0010,2024-11-25,34,650
2024-12-31,P000048,LOC002,541,136.44,S0010,2024-12-26,34,650
2025-01-30,P000048,LOC002,566,136.78,S0010,2025-01-06,34,650
2025-03-01,P000048,LOC002,559,132.33,S0010,2025-01-31,34,650
2025-03-31,P000048,LOC002,546,129.36,S0010,2025-03-29,34,650
2024-10-02,P000048,LOC003,473,131.44,S0010,2024-09-11,34,650
2024-11-01,P000048,LOC003,429,128.82,S0010,2024-10-12,34,650
2024-12-01,P000048,LOC003,500,137.82,S0010,2024-11-01,34,650
2024-12-31,P000048,LOC003,584,134.2,S0010,2024-12-25,34,650
2025-01-30,P000048,LOC003,475,135.38,S0010,2024-12-31,34,650
2025-03-01,P000048,LOC003,517,134.02,S0010,2025-02-18,34,650
2025-03-31,P000048,LOC003,552,132.63,S0010,2025-03-20,34,650
2024-10-02,P000048,LOC004,466,126.18,S0010,2024-09-20,34,650
2024-11-01,P000048,LOC004,558,132.97,S0010,2024-10-25,34,650
2024-12-01,P000048,LOC004,560,133.52,S0010,2024-11-24,34,650
2024-12-31,P000048,LOC004,601,134.13,S0010,2024-12-01,34,650
2025-01-30,P000048,LOC004,645,127.83,S0010,2025-01-03,34,650
2025-03-01,P000048,LOC004,598,133.27,S0010,2025-02-11,34,650
2025-03-31,P000048,LOC004,625,131.16,S0010,2025-03-01,34,650
2024-10-02,P000048,LOC005,383,135.71,S0010,2024-09-21,34,650
2024-11-01,P000048,LOC005,483,133.92,S0010,2024-10-04,34,650
2024-12-01,P000048,LOC005,464,135.26,S0010,2024-11-15,34,650
2024-12-31,P000048,LOC005,549,130.67,S0010,2024-12-29,34,650
2025-01-30,P000048,LOC005,534,131.15,S0010,2025-01-09,34,650
2025-03-01,P000048,LOC005,510,126.58,S0010,2025-02-05,34,650
2025-03-31,P000048,LOC005,596,137.3,S0010,2025-03-07,34,650
2024-10-02,P000048,LOC006,488,137.66,S0010,2024-09-19,34,650
2024-11-01,P000048,LOC006,529,136.31,S0010,2024-10-24,34,650
2024-12-01,P000048,LOC006,535,127.76,S0010,2024-11-03,34,650
2024-12-31,P000048,LOC006,556,136.06,S0010,2024-12-14,34,650
2025-01-30,P000048,LOC006,598,129.14,S0010,2025-01-11,34,650
2025-03-01,P000048,LOC006,536,137.06,S0010,2025-02-14,34,650
2025-03-31,P000048,LOC006,517,129.63,S0010,2025-03-09,34,650
2024-10-02,P000048,LOC007,419,136.06,S0010,2024-09-29,34,650
2024-11-01,P000048,LOC007,403,133.73,S0010,2024-10-08,34,650
2024-12-01,P000048,LOC007,406,132.56,S0010,2024-11-21,34,650
2024-12-31,P000048,LOC007,383,134.22,S0010,2024-12-10,34,650
2025-01-30,P000048,LOC007,383,132.26,S0010,2025-01-05,34,650
2025-03-01,P000048,LOC007,356,130.13,S0010,2025-02-19,34,650
2025-03-31,P000048,LOC007,425,126.57,S0010,2025-03-29,34,650
2024-10-02,P000048,LOC008,384,130.06,S0010,2024-09-11,34,650
2024-11-01,P000048,LOC008,460,133.05,S0010,2024-10-23,34,650
2024-12-01,P000048,LOC008,512,128.88,S0010,2024-11-11,34,650
2024-12-31,P000048,LOC008,472,125.22,S0010,2024-12-24,34,650
2025-01-30,P000048,LOC008,499,132.37,S0010,2025-01-05,34,650
2025-03-01,P000048,LOC008,506,134.34,S0010,2025-02-09,34,650
2025-03-31,P000048,LOC008,489,127.62,S0010,2025-03-05,34,650
2024-10-02,P000048,LOC009,389,131.64,S0010,2024-09-08,34,650
2024-11-01,P000048,LOC009,433,127.68,S0010,2024-10-11,34,650
2024-12-01,P000048,LOC009,504,133.61,S0010,2024-11-25,34,650
2024-12-31,P000048,LOC009,550,130.46,S0010,2024-12-04,34,650
2025-01-30,P000048,LOC009,606,125.18,S0010,2025-01-19,34,650
2025-03-01,P000048,LOC009,563,125.06,S0010,2025-02-01,34,650
2025-03-31,P000048,LOC009,625,135.8,S0010,2025-03-02,34,650
2024-10-02,P000048,LOC010,466,133.74,S0010,2024-09-29,34,650
2024-11-01,P000048,LOC010,549,131.37,S0010,2024-10-21,34,650
2024-12-01,P000048,LOC010,608,133.38,S0010,2024-11-08,34,650
2024-12-31,P000048,LOC010,614,136.43,S0010,2024-12-27,34,650
2025-01-30,P000048,LOC010,603,127.75,S0010,2025-01-06,34,650
2025-03-01,P000048,LOC010,578,131.08,S0010,2025-02-07,34,650
2025-03-31,P000048,LOC010,499,133.54,S0010,2025-03-13,34,650
2024-10-02,P000048,LOC011,360,128.58,S0010,2024-09-10,34,650
2024-11-01,P000048,LOC011,312,136.01,S0010,2024-10-10,34,650
2024-12-01,P000048,LOC011,353,131.96,S0010,2024-11-09,34,650
2024-12-31,P000048,LOC011,409,137.71,S0010,2024-12-18,34,650
2025-01-30,P000048,LOC011,483,132.93,S0010,2025-01-08,34,650
2025-03-01,P000048,LOC011,549,129.06,S0010,2025-02-27,34,650
2025-03-31,P000048,LOC011,645,135.3,S0010,2025-03-15,34,650
2024-10-02,P000048,LOC012,488,131.18,S0010,2024-09-29,34,650
2024-11-01,P000048,LOC012,569,125.17,S0010,2024-10-15,34,650
2024-12-01,P000048,LOC012,609,137.64,S0010,2024-11-27,34,650
2024-12-31,P000048,LOC012,648,135.84,S0010,2024-12-05,34,650
2025-01-30,P000048,LOC012,611,137.53,S0010,2025-01-07,34,650
2025-03-01,P000048,LOC012,612,136.75,S0010,2025-02-11,34,650
2025-03-31,P000048,LOC012,528,137.14,S0010,2025-03-24,34,650
2024-10-02,P000048,LOC013,479,128.37,S0010,2024-09-15,34,650
2024-11-01,P000048,LOC013,506,125.17,S0010,2024-10-17,34,650
2024-12-01,P000048,LOC013,533,131.07,S0010,2024-11-10,34,650
2024-12-31,P000048,LOC013,540,125.26,S0010,2024-12-18,34,650
2025-01-30,P000048,LOC013,498,136.96,S0010,2025-01-23,34,650
2025-03-01,P000048,LOC013,567,132.8,S0010,2025-02-03,34,650
2025-03-31,P000048,LOC013,581,129.02,S0010,2025-03-02,34,650
2024-10-02,P000048,LOC014,359,127.29,S0010,2024-09-30,34,650
2024-11-01,P000048,LOC014,316,136.34,S0010,2024-10-31,34,650
2024-12-01,P000048,LOC014,308,136.61,S0010,2024-11-26,34,650
2024-12-31,P000048,LOC014,372,124.91,S0010,2024-12-26,34,650
2025-01-30,P000048,LOC014,350,129.54,S0010,2025-01-27,34,650
2025-03-01,P000048,LOC014,407,128.02,S0010,2025-02-22,34,650
2025-03-31,P000048,LOC014,454,136.16,S0010,2025-03-06,34,650
2024-10-02,P000048,LOC015,487,135.17,S0010,2024-09-17,34,650
2024-11-01,P000048,LOC015,482,130.0,S0010,2024-10-29,34,650
2024-12-01,P000048,LOC015,535,136.38,S0010,2024-11-20,34,650
2024-12-31,P000048,LOC015,579,125.17,S0010,2024-12-09,34,650
2025-01-30,P000048,LOC015,531,133.12,S0010,2025-01-18,34,650
2025-03-01,P000048,LOC015,526,132.11,S0010,2025-02-10,34,650
2025-03-31,P000048,LOC015,525,131.54,S0010,2025-03-29,34,650
2024-10-02,P000048,LOC016,413,131.69,S0010,2024-09-22,34,650
2024-11-01,P000048,LOC016,384,134.3,S0010,2024-10-21,34,650
2024-12-01,P000048,LOC016,453,130.78,S0010,2024-11-08,34,650
2024-12-31,P000048,LOC016,532,125.24,S0010,2024-12-14,34,650
2025-01-30,P000048,LOC016,568,126.7,S0010,2025-01-25,34,650
2025-03-01,P000048,LOC016,476,132.98,S0010,2025-02-02,34,650
2025-03-31,P000048,LOC016,522,126.49,S0010,2025-03-21,34,650
2024-10-02,P000048,LOC017,479,130.68,S0010,2024-09-11,34,650
2024-11-01,P000048,LOC017,509,126.75,S0010,2024-10-04,34,650
2024-12-01,P000048,LOC017,520,128.27,S0010,2024-11-26,34,650
2024-12-31,P000048,LOC017,547,128.7,S0010,2024-12-26,34,650
2025-01-30,P000048,LOC017,543,134.18,S0010,2025-01-14,34,650
2025-03-01,P000048,LOC017,519,136.77,S0010,2025-02-09,34,650
2025-03-31,P000048,LOC017,596,136.77,S0010,2025-03-02,34,650
2024-10-02,P000048,LOC018,485,131.2,S0010,2024-09-09,34,650
2024-11-01,P000048,LOC018,572,134.39,S0010,2024-10-31,34,650
2024-12-01,P000048,LOC018,564,135.89,S0010,2024-11-01,34,650
2024-12-31,P000048,LOC018,627,126.73,S0010,2024-12-27,34,650
2025-01-30,P000048,LOC018,641,136.46,S0010,2025-01-24,34,650
2025-03-01,P000048,LOC018,643,137.65,S0010,2025-02-23,34,650
2025-03-31,P000048,LOC018,621,132.5,S0010,2025-03-02,34,650
2024-10-02,P000048,LOC019,393,129.54,S0010,2024-09-07,34,650
2024-11-01,P000048,LOC019,391,134.67,S0010,2024-10-08,34,650
2024-12-01,P000048,LOC019,431,131.18,S0010,2024-11-07,34,650
2024-12-31,P000048,LOC019,431,134.08,S0010,2024-12-14,34,650
2025-01-30,P000048,LOC019,413,137.55,S0010,2025-01-26,34,650
2025-03-01,P000048,LOC019,428,133.08,S0010,2025-02-15,34,650
2025-03-31,P000048,LOC019,461,131.36,S0010,2025-03-05,34,650
2024-10-02,P000048,LOC020,373,130.26,S0010,2024-10-01,34,650
2024-11-01,P000048,LOC020,444,136.65,S0010,2024-10-08,34,650
2024-12-01,P000048,LOC020,512,127.4,S0010,2024-11-14,34,650
2024-12-31,P000048,LOC020,497,127.21,S0010,2024-12-01,34,650
2025-01-30,P000048,LOC020,584,134.66,S0010,2024-12-31,34,650
2025-03-01,P000048,LOC020,539,127.93,S0010,2025-02-22,34,650
2025-03-31,P000048,LOC020,526,131.88,S0010,2025-03-07,34,650
2024-10-02,P000049,LOC001,714,250.03,S0024,2024-09-25,16,737
2024-11-01,P000049,LOC001,644,250.69,S0024,2024-10-25,16,737
2024-12-01,P000049,LOC001,653,233.97,S0024,2024-11-07,16,737
2024-12-31,P000049,LOC001,570,233.9,S0024,2024-12-24,16,737
2025-01-30,P000049,LOC001,645,239.19,S0024,2025-01-29,16,737
2025-03-01,P000049,LOC001,674,232.77,S0024,2025-01-31,16,737
2025-03-31,P000049,LOC001,647,249.27,S0024,2025-03-27,16,737
2024-10-02,P000049,LOC002,713,243.04,S0024,2024-09-08,16,737
2024-11-01,P000049,LOC002,674,249.72,S0024,2024-10-15,16,737
2024-12-01,P000049,LOC002,658,245.92,S0024,2024-11-13,16,737
2024-12-31,P000049,LOC002,712,240.27,S0024,2024-12-02,16,737
2025-01-30,P000049,LOC002,666,243.71,S0024,2025-01-06,16,737
2025-03-01,P000049,LOC002,648,241.87,S0024,2025-02-24,16,737
2025-03-31,P000049,LOC002,685,244.34,S0024,2025-03-02,16,737
2024-10-02,P000049,LOC003,688,244.11,S0024,2024-09-27,16,737
2024-11-01,P000049,LOC003,632,232.19,S0024,2024-10-25,16,737
2024-12-01,P000049,LOC003,552,244.63,S0024,2024-11-09,16,737
2024-12-31,P000049,LOC003,630,247.14,S0024,2024-12-29,16,737
2025-01-30,P000049,LOC003,569,241.43,S0024,2025-01-25,16,737
2025-03-01,P000049,LOC003,579,234.45,S0024,2025-02-05,16,737
2025-03-31,P000049,LOC003,639,251.16,S0024,2025-03-03,16,737
2024-10-02,P000049,LOC004,696,251.35,S0024,2024-09-28,16,737
2024-11-01,P000049,LOC004,635,236.55,S0024,2024-10-29,16,737
2024-12-01,P000049,LOC004,692,235.26,S0024,2024-11-20,16,737
2024-12-31,P000049,LOC004,608,248.1,S0024,2024-12-23,16,737
2025-01-30,P000049,LOC004,643,240.4,S0024,2025-01-09,16,737
2025-03-01,P000049,LOC004,575,238.38,S0024,2025-02-06,16,737
2025-03-31,P000049,LOC004,537,232.65,S0024,2025-03-30,16,737
2024-10-02,P000049,LOC005,580,239.69,S0024,2024-09-06,16,737
2024-11-01,P000049,LOC005,604,243.06,S0024,2024-10-24,16,737
2024-12-01,P000049,LOC005,621,249.18,S0024,2024-11-04,16,737
2024-12-31,P000049,LOC005,638,232.05,S0024,2024-12-30,16,737
2025-01-30,P000049,LOC005,592,235.14,S0024,2025-01-10,16,737
2025-03-01,P000049,LOC005,653,242.31,S0024,2025-02-04,16,737
2025-03-31,P000049,LOC005,670,253.5,S0024,2025-03-12,16,737
2024-10-02,P000049,LOC006,568,241.55,S0024,2024-09-08,16,737
2024-11-01,P000049,LOC006,672,240.0,S0024,2024-10-17,16,737
2024-12-01,P000049,LOC006,664,232.5,S0024,2024-11-10,16,737
2024-12-31,P000049,LOC006,612,253.83,S0024,2024-12-09,16,737
2025-01-30,P000049,LOC006,520,252.14,S0024,2025-01-03,16,737
2025-03-01,P000049,LOC006,542,250.22,S0024,2025-02-16,16,737
2025-03-31,P000049,LOC006,639,245.01,S0024,2025-03-28,16,737
2024-10-02,P000049,LOC007,552,249.8,S0024,2024-09-19,16,737
2024-11-01,P000049,LOC007,654,237.5,S0024,2024-10-11,16,737
2024-12-01,P000049,LOC007,545,232.69,S0024,2024-11-12,16,737
2024-12-31,P000049,LOC007,568,242.82,S0024,2024-12-29,16,737
2025-01-30,P000049,LOC007,562,237.53,S0024,2025-01-10,16,737
2025-03-01,P000049,LOC007,670,234.83,S0024,2025-02-03,16,737
2025-03-31,P000049,LOC007,643,249.59,S0024,2025-03-25,16,737
2024-10-02,P000049,LOC008,570,237.65,S0024,2024-09-08,16,737
2024-11-01,P000049,LOC008,654,242.05,S0024,2024-10-12,16,737
2024-12-01,P000049,LOC008,521,240.44,S0024,2024-11-11,16,737
2024-12-31,P000049,LOC008,704,231.63,S0024,2024-12-25,16,737
2025-01-30,P000049,LOC008,694,251.73,S0024,2025-01-02,16,737
2025-03-01,P000049,LOC008,665,238.48,S0024,2025-02-14,16,737
2025-03-31,P000049,LOC008,534,254.53,S0024,2025-03-28,16,737
2024-10-02,P000049,LOC009,697,238.24,S0024,2024-09-04,16,737
2024-11-01,P000049,LOC009,673,248.14,S0024,2024-10-02,16,737
2024-12-01,P000049,LOC009,726,253.17,S0024,2024-11-07,16,737
2024-12-31,P000049,LOC009,690,241.14,S0024,2024-12-25,16,737
2025-01-30,P000049,LOC009,675,249.9,S0024,2025-01-19,16,737
2025-03-01,P000049,LOC009,632,253.76,S0024,2025-02-26,16,737
2025-03-31,P000049,LOC009,657,237.72,S0024,2025-03-07,16,737
2024-10-02,P000049,LOC010,675,235.91,S0024,2024-09-13,16,737
2024-11-01,P000049,LOC010,652,253.86,S0024,2024-10-28,16,737
2024-12-01,P000049,LOC010,675,238.36,S0024,2024-11-21,16,737
2024-12-31,P000049,LOC010,652,246.31,S0024,2024-12-27,16,737
2025-01-30,P000049,LOC010,619,243.81,S0024,2025-01-26,16,737
2025-03-01,P000049,LOC010,559,252.53,S0024,2025-02-12,16,737
2025-03-31,P000049,LOC010,724,249.09,S0024,2025-03-22,16,737
2024-10-02,P000049,LOC011,660,234.32,S0024,2024-09-27,16,737
2024-11-01,P000049,LOC011,663,249.4,S0024,2024-10-03,16,737
2024-12-01,P000049,LOC011,568,239.42,S0024,2024-11-02,16,737
2024-12-31,P000049,LOC011,638,250.97,S0024,2024-12-17,16,737
2025-01-30,P000049,LOC011,686,238.92,S0024,2025-01-07,16,737
2025-03-01,P000049,LOC011,587,234.61,S0024,2025-02-24,16,737
2025-03-31,P000049,LOC011,692,239.92,S0024,2025-03-20,16,737
2024-10-02,P000049,LOC012,695,240.3,S0024,2024-09-26,16,737
2024-11-01,P000049,LOC012,573,249.36,S0024,2024-10-22,16,737
2024-12-01,P000049,LOC012,617,232.82,S0024,2024-11-24,16,737
2024-12-31,P000049,LOC012,518,236.93,S0024,2024-12-25,16,737
2025-01-30,P000049,LOC012,562,248.19,S0024,2025-01-29,16,737
2025-03-01,P000049,LOC012,630,254.43,S0024,2025-02-26,16,737
2025-03-31,P000049,LOC012,659,246.54,S0024,2025-03-09,16,737
2024-10-02,P000049,LOC013,676,254.4,S0024,2024-09-13,16,737
2024-11-01,P000049,LOC013,668,231.94,S0024,2024-10-26,16,737
2024-12-01,P000049,LOC013,683,252.08,S0024,2024-11-16,16,737
2024-12-31,P000049,LOC013,645,252.61,S0024,2024-12-09,16,737
2025-01-30,P000049,LOC013,635,243.41,S0024,2025-01-10,16,737
2025-03-01,P000049,LOC013,655,245.19,S0024,2025-02-04,16,737
2025-03-31,P000049,LOC013,616,233.84,S0024,2025-03-01,16,737
2024-10-02,P000049,LOC014,627,247.19,S0024,2024-09-09,16,737
2024-11-01,P000049,LOC014,658,241.33,S0024,2024-10-05,16,737
2024-12-01,P000049,LOC014,693,239.84,S0024,2024-11-13,16,737
2024-12-31,P000049,LOC014,570,242.99,S0024,2024-12-05,16,737
2025-01-30,P000049,LOC014,548,245.67,S0024,2025-01-29,16,737
2025-03-01,P000049,LOC014,641,245.2,S0024,2025-02-12,16,737
2025-03-31,P000049,LOC014,550,237.08,S0024,2025-03-13,16,737
2024-10-02,P000049,LOC015,696,231.62,S0024,2024-09-08,16,737
2024-11-01,P000049,LOC015,730,234.51,S0024,2024-10-22,16,737
2024-12-01,P000049,LOC015,547,248.17,S0024,2024-11-06,16,737
2024-12-31,P000049,LOC015,610,241.7,S0024,2024-12-01,16,737
2025-01-30,P000049,LOC015,585,239.17,S0024,2025-01-18,16,737
2025-03-01,P000049,LOC015,594,248.39,S0024,2025-02-24,16,737
2025-03-31,P000049,LOC015,618,251.54,S0024,2025-03-26,16,737
2024-10-02,P000049,LOC016,731,232.95,S0024,2024-09-23,16,737
2024-11-01,P000049,LOC016,539,248.61,S0024,2024-10-18,16,737
2024-12-01,P000049,LOC016,707,253.17,S0024,2024-11-20,16,737
2024-12-31,P000049,LOC016,623,236.89,S0024,2024-12-06,16,737
2025-01-30,P000049,LOC016,713,242.46,S0024,2025-01-17,16,737
2025-03-01,P000049,LOC016,667,235.27,S0024,2025-02-08,16,737
2025-03-31,P000049,LOC016,618,240.3,S0024,2025-03-23,16,737
2024-10-02,P000049,LOC017,562,248.83,S0024,2024-09-27,16,737
2024-11-01,P000049,LOC017,576,246.83,S0024,2024-10-09,16,737
2024-12-01,P000049,LOC017,646,254.43,S0024,2024-11-09,16,737
2024-12-31,P000049,LOC017,544,233.56,S0024,2024-12-27,16,737
2025-01-30,P000049,LOC017,544,253.0,S0024,2025-01-11,16,737
2025-03-01,P000049,LOC017,575,231.4,S0024,2025-02-01,16,737
2025-03-31,P000049,LOC017,525,241.73,S0024,2025-03-09,16,737
2024-10-02,P000049,LOC018,687,232.16,S0024,2024-09-17,16,737
2024-11-01,P000049,LOC018,629,252.28,S0024,2024-10-24,16,737
2024-12-01,P000049,LOC018,637,231.03,S0024,2024-11-22,16,737
2024-12-31,P000049,LOC018,606,254.35,S0024,2024-12-10,16,737
2025-01-30,P000049,LOC018,621,253.11,S0024,2025-01-22,16,737
2025-03-01,P000049,LOC018,733,245.08,S0024,2025-02-08,16,737
2025-03-31,P000049,LOC018,696,234.02,S0024,2025-03-26,16,737
2024-10-02,P000049,LOC019,705,240.27,S0024,2024-09-15,16,737
2024-11-01,P000049,LOC019,714,252.96,S0024,2024-10-06,16,737
2024-12-01,P000049,LOC019,581,251.05,S0024,2024-11-30,16,737
2024-12-31,P000049,LOC019,660,233.86,S0024,2024-12-08,16,737
2025-01-30,P000049,LOC019,574,233.06,S0024,2025-01-19,16,737
2025-03-01,P000049,LOC019,556,243.25,S0024,2025-01-30,16,737
2025-03-31,P000049,LOC019,549,239.49,S0024,2025-03-29,16,737
2024-10-02,P000049,LOC020,719,234.54,S0024,2024-09-16,16,737
2024-11-01,P000049,LOC020,528,237.37,S0024,2024-10-12,16,737
2024-12-01,P000049,LOC020,608,234.36,S0024,2024-11-30,16,737
2024-12-31,P000049,LOC020,592,231.5,S0024,2024-12-20,16,737
2025-01-30,P000049,LOC020,614,246.39,S0024,2025-01-22,16,737
2025-03-01,P000049,LOC020,532,236.46,S0024,2025-02-17,16,737
2025-03-31,P000049,LOC020,556,234.77,S0024,2025-03-10,16,737
2024-10-02,P000050,LOC001,506,72.16,S0023,2024-09-11,10,673
2024-11-01,P000050,LOC001,526,75.24,S0023,2024-10-26,10,673
2024-12-01,P000050,LOC001,531,72.09,S0023,2024-11-13,10,673
2024-12-31,P000050,LOC001,507,74.75,S0023,2024-12-23,10,673
2025-01-30,P000050,LOC001,597,74.76,S0023,2025-01-20,10,673
2025-03-01,P000050,LOC001,560,70.99,S0023,2025-01-30,10,673
2025-03-31,P000050,LOC001,638,71.12,S0023,2025-03-16,10,673
2024-10-02,P000050,LOC002,609,75.5,S0023,2024-09-06,10,673
2024-11-01,P000050,LOC002,636,70.63,S0023,2024-10-22,10,673
2024-12-01,P000050,LOC002,472,70.82,S0023,2024-11-27,10,673
2024-12-31,P000050,LOC002,583,74.7,S0023,2024-12-01,10,673
2025-01-30,P000050,LOC002,546,71.74,S0023,2025-01-08,10,673
2025-03-01,P000050,LOC002,623,71.18,S0023,2025-02-19,10,673
2025-03-31,P000050,LOC002,574,73.38,S0023,2025-03-14,10,673
2024-10-02,P000050,LOC003,575,75.88,S0023,2024-09-08,10,673
2024-11-01,P000050,LOC003,632,69.77,S0023,2024-10-19,10,673
2024-12-01,P000050,LOC003,585,72.34,S0023,2024-11-12,10,673
2024-12-31,P000050,LOC003,525,70.95,S0023,2024-12-24,10,673
2025-01-30,P000050,LOC003,625,76.58,S0023,2025-01-19,10,673
2025-03-01,P000050,LOC003,630,76.28,S0023,2025-02-28,10,673
2025-03-31,P000050,LOC003,536,74.28,S0023,2025-03-24,10,673
2024-10-02,P000050,LOC004,561,76.45,S0023,2024-09-12,10,673
2024-11-01,P000050,LOC004,518,72.73,S0023,2024-10-13,10,673
2024-12-01,P000050,LOC004,624,72.26,S0023,2024-11-30,10,673
2024-12-31,P000050,LOC004,609,69.75,S0023,2024-12-02,10,673
2025-01-30,P000050,LOC004,534,74.86,S0023,2025-01-17,10,673
2025-03-01,P000050,LOC004,606,70.52,S0023,2025-02-14,10,673
2025-03-31,P000050,LOC004,546,71.6,S0023,2025-03-27,10,673
2024-10-02,P000050,LOC005,478,72.97,S0023,2024-09-07,10,673
2024-11-01,P000050,LOC005,622,72.14,S0023,2024-10-16,10,673
2024-12-01,P000050,LOC005,503,72.69,S0023,2024-11-17,10,673
2024-12-31,P000050,LOC005,557,73.49,S0023,2024-12-15,10,673
2025-01-30,P000050,LOC005,630,75.62,S0023,2025-01-02,10,673
2025-03-01,P000050,LOC005,499,70.5,S0023,2025-02-07,10,673
2025-03-31,P000050,LOC005,631,76.19,S0023,2025-03-26,10,673
2024-10-02,P000050,LOC006,561,73.54,S0023,2024-09-03,10,673
2024-11-01,P000050,LOC006,472,75.99,S0023,2024-10-16,10,673
2024-12-01,P000050,LOC006,482,69.86,S0023,2024-11-27,10,673
2024-12-31,P000050,LOC006,583,75.75,S0023,2024-12-10,10,673
2025-01-30,P000050,LOC006,601,74.38,S0023,2025-01-11,10,673
2025-03-01,P000050,LOC006,616,72.14,S0023,2025-02-25,10,673
2025-03-31,P000050,LOC006,542,74.02,S0023,2025-03-19,10,673
2024-10-02,P000050,LOC007,488,71.41,S0023,2024-09-04,10,673
2024-11-01,P000050,LOC007,561,71.47,S0023,2024-10-24,10,673
2024-12-01,P000050,LOC007,589,70.13,S0023,2024-11-01,10,673
2024-12-31,P000050,LOC007,635,73.35,S0023,2024-12-12,10,673
2025-01-30,P000050,LOC007,601,70.61,S0023,2025-01-04,10,673
2025-03-01,P000050,LOC007,579,73.52,S0023,2025-02-06,10,673
2025-03-31,P000050,LOC007,629,71.5,S0023,2025-03-04,10,673
2024-10-02,P000050,LOC008,596,74.58,S0023,2024-09-18,10,673
2024-11-01,P000050,LOC008,496,70.34,S0023,2024-10-20,10,673
2024-12-01,P000050,LOC008,548,72.9,S0023,2024-11-11,10,673
2024-12-31,P000050,LOC008,526,74.49,S0023,2024-12-14,10,673
2025-01-30,P000050,LOC008,485,75.88,S0023,2025-01-16,10,673
2025-03-01,P000050,LOC008,480,76.75,S0023,2025-02-07,10,673
2025-03-31,P000050,LOC008,604,69.89,S0023,2025-03-10,10,673
2024-10-02,P000050,LOC009,564,75.74,S0023,2024-09-26,10,673
2024-11-01,P000050,LOC009,567,76.67,S0023,2024-10-31,10,673
2024-12-01,P000050,LOC009,509,70.48,S0023,2024-11-27,10,673
2024-12-31,P000050,LOC009,514,70.05,S0023,2024-12-20,10,673
2025-01-30,P000050,LOC009,536,75.6,S0023,2025-01-25,10,673
2025-03-01,P000050,LOC009,577,71.26,S0023,2025-02-16,10,673
2025-03-31,P000050,LOC009,543,72.95,S0023,2025-03-11,10,673
2024-10-02,P000050,LOC010,473,69.86,S0023,2024-09-21,10,673
2024-11-01,P000050,LOC010,584,70.5,S0023,2024-10-09,10,673
2024-12-01,P000050,LOC010,561,72.69,S0023,2024-11-28,10,673
2024-12-31,P000050,LOC010,579,73.72,S0023,2024-12-20,10,673
2025-01-30,P000050,LOC010,575,75.49,S0023,2025-01-15,10,673
2025-03-01,P000050,LOC010,598,75.59,S0023,2025-02-06,10,673
2025-03-31,P000050,LOC010,569,76.54,S0023,2025-03-27,10,673
2024-10-02,P000050,LOC011,589,70.74,S0023,2024-09-24,10,673
2024-11-01,P000050,LOC011,483,75.45,S0023,2024-10-20,10,673
2024-12-01,P000050,LOC011,627,75.46,S0023,2024-11-04,10,673
2024-12-31,P000050,LOC011,488,72.61,S0023,2024-12-03,10,673
2025-01-30,P000050,LOC011,603,70.52,S0023,2025-01-29,10,673
2025-03-01,P000050,LOC011,521,72.66,S0023,2025-02-10,10,673
2025-03-31,P000050,LOC011,485,69.81,S0023,2025-03-12,10,673
2024-10-02,P000050,LOC012,599,73.13,S0023,2024-09-12,10,673
2024-11-01,P000050,LOC012,544,73.14,S0023,2024-10-06,10,673
2024-12-01,P000050,LOC012,537,72.56,S0023,2024-11-02,10,673
2024-12-31,P000050,LOC012,582,71.69,S0023,2024-12-03,10,673
2025-01-30,P000050,LOC012,550,70.24,S0023,2025-01-08,10,673
2025-03-01,P000050,LOC012,560,75.59,S0023,2025-02-23,10,673
2025-03-31,P000050,LOC012,494,72.68,S0023,2025-03-04,10,673
2024-10-02,P000050,LOC013,536,76.67,S0023,2024-09-24,10,673
2024-11-01,P000050,LOC013,605,74.19,S0023,2024-10-23,10,673
2024-12-01,P000050,LOC013,562,70.14,S0023,2024-11-21,10,673
2024-12-31,P000050,LOC013,632,72.36,S0023,2024-12-24,10,673
2025-01-30,P000050,LOC013,495,74.82,S0023,2025-01-06,10,673
2025-03-01,P000050,LOC013,585,75.96,S0023,2025-02-13,10,673
2025-03-31,P000050,LOC013,624,73.09,S0023,2025-03-16,10,673
2024-10-02,P000050,LOC014,604,76.98,S0023,2024-09-16,10,673
2024-11-01,P000050,LOC014,593,73.05,S0023,2024-10-21,10,673
2024-12-01,P000050,LOC014,533,69.86,S0023,2024-11-13,10,673
2024-12-31,P000050,LOC014,630,72.26,S0023,2024-12-15,10,673
2025-01-30,P000050,LOC014,564,75.0,S0023,2025-01-15,10,673
2025-03-01,P000050,LOC014,564,74.46,S0023,2025-01-30,10,673
2025-03-31,P000050,LOC014,491,74.21,S0023,2025-03-15,10,673
2024-10-02,P000050,LOC015,471,72.44,S0023,2024-09-18,10,673
2024-11-01,P000050,LOC015,571,74.84,S0023,2024-10-20,10,673
2024-12-01,P000050,LOC015,561,70.33,S0023,2024-11-29,10,673
2024-12-31,P000050,LOC015,630,73.94,S0023,2024-12-29,10,673
2025-01-30,P000050,LOC015,522,72.4,S0023,2025-01-22,10,673
2025-03-01,P000050,LOC015,597,71.52,S0023,2025-02-23,10,673
2025-03-31,P000050,LOC015,623,74.7,S0023,2025-03-17,10,673
2024-10-02,P000050,LOC016,528,74.28,S0023,2024-09-27,10,673
2024-11-01,P000050,LOC016,540,72.54,S0023,2024-10-17,10,673
2024-12-01,P000050,LOC016,579,73.88,S0023,2024-11-18,10,673
2024-12-31,P000050,LOC016,557,75.46,S0023,2024-12-16,10,673
2025-01-30,P000050,LOC016,498,76.87,S0023,2025-01-27,10,673
2025-03-01,P000050,LOC016,508,70.75,S0023,2025-01-30,10,673
2025-03-31,P000050,LOC016,611,70.01,S0023,2025-03-25,10,673
2024-10-02,P000050,LOC017,503,75.66,S0023,2024-09-08,10,673
2024-11-01,P000050,LOC017,501,74.82,S0023,2024-10-02,10,673
2024-12-01,P000050,LOC017,605,72.01,S0023,2024-11-04,10,673
2024-12-31,P000050,LOC017,614,73.07,S0023,2024-12-25,10,673
2025-01-30,P000050,LOC017,614,73.66,S0023,2025-01-06,10,673
2025-03-01,P000050,LOC017,627,75.0,S0023,2025-02-25,10,673
2025-03-31,P000050,LOC017,638,70.9,S0023,2025-03-22,10,673
2024-10-02,P000050,LOC018,548,75.38,S0023,2024-09-16,10,673
2024-11-01,P000050,LOC018,563,73.61,S0023,2024-10-08,10,673
2024-12-01,P000050,LOC018,520,76.79,S0023,2024-11-18,10,673
2024-12-31,P000050,LOC018,482,72.56,S0023,2024-12-05,10,673
2025-01-30,P000050,LOC018,487,71.68,S0023,2025-01-16,10,673
2025-03-01,P000050,LOC018,593,72.07,S0023,2025-02-06,10,673
2025-03-31,P000050,LOC018,553,76.68,S0023,2025-03-14,10,673
2024-10-02,P000050,LOC019,526,72.91,S0023,2024-09-27,10,673
2024-11-01,P000050,LOC019,492,73.53,S0023,2024-10-11,10,673
2024-12-01,P000050,LOC019,581,73.07,S0023,2024-11-28,10,673
2024-12-31,P000050,LOC019,487,73.91,S0023,2024-12-30,10,673
2025-01-30,P000050,LOC019,575,73.3,S0023,2025-01-12,10,673
2025-03-01,P000050,LOC019,622,72.05,S0023,2025-02-20,10,673
2025-03-31,P000050,LOC019,524,72.63,S0023,2025-03-16,10,673
2024-10-02,P000050,LOC020,546,73.58,S0023,2024-09-13,10,673
2024-11-01,P000050,LOC020,574,71.77,S0023,2024-10-06,10,673
2024-12-01,P000050,LOC020,522,74.95,S0023,2024-11-28,10,673
2024-12-31,P000050,LOC020,569,74.55,S0023,2024-12-04,10,673
2025-01-30,P000050,LOC020,566,74.3,S0023,2025-01-27,10,673
2025-03-01,P000050,LOC020,532,76.54,S0023,2025-02-22,10,673
2025-03-31,P000050,LOC020,524,75.36,S0023,2025-03-27,10,673
2024-10-02,P000051,LOC001,48,150.96,S0021,2024-09-04,16,796
2024-11-01,P000051,LOC001,68,164.16,S0021,2024-10-02,16,796
2024-12-01,P000051,LOC001,146,158.14,S0021,2024-11-22,16,796
2024-12-31,P000051,LOC001,144,160.99,S0021,2024-12-12,16,796
2025-01-30,P000051,LOC001,236,161.4,S0021,2025-01-15,16,796
2025-03-01,P000051,LOC001,224,151.24,S0021,2025-02-21,16,796
2025-03-31,P000051,LOC001,284,155.87,S0021,2025-03-01,16,796
2024-10-02,P000051,LOC002,16,152.29,S0021,2024-09-05,16,796
2024-11-01,P000051,LOC002,0,157.43,S0021,2024-10-26,16,796
2024-12-01,P000051,LOC002,30,153.37,S0021,2024-11-22,16,796
2024-12-31,P000051,LOC002,74,160.38,S0021,2024-12-02,16,796
2025-01-30,P000051,LOC002,147,160.1,S0021,2025-01-17,16,796
2025-03-01,P000051,LOC002,146,151.7,S0021,2025-02-11,16,796
2025-03-31,P000051,LOC002,195,161.55,S0021,2025-03-26,16,796
2024-10-02,P000051,LOC003,133,161.3,S0021,2024-09-18,16,796
2024-11-01,P000051,LOC003,222,151.73,S0021,2024-10-29,16,796
2024-12-01,P000051,LOC003,273,157.15,S0021,2024-11-13,16,796
2024-12-31,P000051,LOC003,287,158.57,S0021,2024-12-16,16,796
2025-01-30,P000051,LOC003,377,162.57,S0021,2025-01-08,16,796
2025-03-01,P000051,LOC003,342,154.76,S0021,2025-01-30,16,796
2025-03-31,P000051,LOC003,366,154.5,S0021,2025-03-06,16,796
2024-10-02,P000051,LOC004,113,156.46,S0021,2024-09-04,16,796
2024-11-01,P000051,LOC004,121,163.81,S0021,2024-10-15,16,796
2024-12-01,P000051,LOC004,74,162.79,S0021,2024-11-09,16,796
2024-12-31,P000051,LOC004,78,158.79,S0021,2024-12-04,16,796
2025-01-30,P000051,LOC004,136,150.65,S0021,2025-01-16,16,796
2025-03-01,P000051,LOC004,108,158.25,S0021,2025-02-19,16,796
2025-03-31,P000051,LOC004,125,156.46,S0021,2025-03-02,16,796
2024-10-02,P000051,LOC005,62,162.17,S0021,2024-09-05,16,796
2024-11-01,P000051,LOC005,106,156.06,S0021,2024-10-20,16,796
2024-12-01,P000051,LOC005,205,154.42,S0021,2024-11-15,16,796
2024-12-31,P000051,LOC005,303,155.43,S0021,2024-12-14,16,796
2025-01-30,P000051,LOC005,290,153.03,S0021,2025-01-14,16,796
2025-03-01,P000051,LOC005,321,153.58,S0021,2025-02-26,16,796
2025-03-31,P000051,LOC005,405,154.92,S0021,2025-03-20,16,796
2024-10-02,P000051,LOC006,92,164.01,S0021,2024-09-04,16,796
2024-11-01,P000051,LOC006,142,163.46,S0021,2024-10-22,16,796
2024-12-01,P000051,LOC006,218,160.58,S0021,2024-11-15,16,796
2024-12-31,P000051,LOC006,269,154.77,S0021,2024-12-27,16,796
2025-01-30,P000051,LOC006,356,157.79,S0021,2025-01-27,16,796
2025-03-01,P000051,LOC006,452,159.28,S0021,2025-02-26,16,796
2025-03-31,P000051,LOC006,485,151.37,S0021,2025-03-24,16,796
2024-10-02,P000051,LOC007,29,152.99,S0021,2024-09-13,16,796
2024-11-01,P000051,LOC007,71,165.18,S0021,2024-10-22,16,796
2024-12-01,P000051,LOC007,83,156.07,S0021,2024-11-28,16,796
2024-12-31,P000051,LOC007,77,154.28,S0021,2024-12-09,16,796
2025-01-30,P000051,LOC007,70,158.5,S0021,2024-12-31,16,796
2025-03-01,P000051,LOC007,32,154.44,S0021,2025-02-21,16,796
2025-03-31,P000051,LOC007,45,164.41,S0021,2025-03-27,16,796
2024-10-02,P000051,LOC008,23,161.02,S0021,2024-09-17,16,796
2024-11-01,P000051,LOC008,15,151.79,S0021,2024-10-05,16,796
2024-12-01,P000051,LOC008,101,157.19,S0021,2024-11-14,16,796
2024-12-31,P000051,LOC008,117,156.51,S0021,2024-12-12,16,796
2025-01-30,P000051,LOC008,106,154.25,S0021,2025-01-23,16,796
2025-03-01,P000051,LOC008,77,151.66,S0021,2025-02-22,16,796
2025-03-31,P000051,LOC008,109,155.91,S0021,2025-03-25,16,796
2024-10-02,P000051,LOC009,19,152.35,S0021,2024-09-05,16,796
2024-11-01,P000051,LOC009,0,151.18,S0021,2024-10-30,16,796
2024-12-01,P000051,LOC009,0,156.76,S0021,2024-11-29,16,796
2024-12-31,P000051,LOC009,76,164.88,S0021,2024-12-19,16,796
2025-01-30,P000051,LOC009,115,162.99,S0021,2025-01-10,16,796
2025-03-01,P000051,LOC009,138,164.69,S0021,2025-02-16,16,796
2025-03-31,P000051,LOC009,124,164.44,S0021,2025-03-06,16,796
2024-10-02,P000051,LOC010,77,152.0,S0021,2024-09-07,16,796
2024-11-01,P000051,LOC010,164,157.64,S0021,2024-10-31,16,796
2024-12-01,P000051,LOC010,242,154.85,S0021,2024-11-03,16,796
2024-12-31,P000051,LOC010,205,163.3,S0021,2024-12-15,16,796
2025-01-30,P000051,LOC010,173,150.12,S0021,2025-01-15,16,796
2025-03-01,P000051,LOC010,167,151.45,S0021,2025-02-07,16,796
2025-03-31,P000051,LOC010,258,161.32,S0021,2025-03-09,16,796
2024-10-02,P000051,LOC011,120,161.28,S0021,2024-09-13,16,796
2024-11-01,P000051,LOC011,105,159.36,S0021,2024-10-13,16,796
2024-12-01,P000051,LOC011,204,151.93,S0021,2024-11-20,16,796
2024-12-31,P000051,LOC011,279,150.0,S0021,2024-12-23,16,796
2025-01-30,P000051,LOC011,235,155.42,S0021,2025-01-20,16,796
2025-03-01,P000051,LOC011,321,158.46,S0021,2025-02-18,16,796
2025-03-31,P000051,LOC011,298,156.36,S0021,2025-03-13,16,796
2024-10-02,P000051,LOC012,107,161.65,S0021,2024-09-03,16,796
2024-11-01,P000051,LOC012,78,151.43,S0021,2024-10-05,16,796
2024-12-01,P000051,LOC012,95,156.47,S0021,2024-11-16,16,796
2024-12-31,P000051,LOC012,99,163.2,S0021,2024-12-16,16,796
2025-01-30,P000051,LOC012,136,164.07,S0021,2025-01-12,16,796
2025-03-01,P000051,LOC012,146,165.13,S0021,2025-02-14,16,796
2025-03-31,P000051,LOC012,106,153.46,S0021,2025-03-23,16,796
2024-10-02,P000051,LOC013,37,154.58,S0021,2024-09-25,16,796
2024-11-01,P000051,LOC013,71,153.99,S0021,2024-10-29,16,796
2024-12-01,P000051,LOC013,63,153.73,S0021,2024-11-16,16,796
2024-12-31,P000051,LOC013,106,160.56,S0021,2024-12-28,16,796
2025-01-30,P000051,LOC013,161,164.95,S0021,2025-01-21,16,796
2025-03-01,P000051,LOC013,140,163.98,S0021,2025-02-16,16,796
2025-03-31,P000051,LOC013,207,150.68,S0021,2025-03-30,16,796
2024-10-02,P000051,LOC014,43,157.57,S0021,2024-09-11,16,796
2024-11-01,P000051,LOC014,114,164.39,S0021,2024-10-22,16,796
2024-12-01,P000051,LOC014,122,154.41,S0021,2024-11-02,16,796
2024-12-31,P000051,LOC014,134,163.78,S0021,2024-12-25,16,796
2025-01-30,P000051,LOC014,194,164.94,S0021,2025-01-21,16,796
2025-03-01,P000051,LOC014,214,161.97,S0021,2025-02-06,16,796
2025-03-31,P000051,LOC014,311,165.5,S0021,2025-03-28,16,796
2024-10-02,P000051,LOC015,154,159.48,S0021,2024-09-13,16,796
2024-11-01,P000051,LOC015,176,151.44,S0021,2024-10-16,16,796
2024-12-01,P000051,LOC015,201,151.05,S0021,2024-11-27,16,796
2024-12-31,P000051,LOC015,222,151.33,S0021,2024-12-28,16,796
2025-01-30,P000051,LOC015,226,154.49,S0021,2025-01-04,16,796
2025-03-01,P000051,LOC015,314,156.94,S0021,2025-02-01,16,796
2025-03-31,P000051,LOC015,274,161.16,S0021,2025-03-10,16,796
2024-10-02,P000051,LOC016,137,154.15,S0021,2024-09-13,16,796
2024-11-01,P000051,LOC016,144,150.95,S0021,2024-10-27,16,796
2024-12-01,P000051,LOC016,206,152.44,S0021,2024-11-15,16,796
2024-12-31,P000051,LOC016,275,156.85,S0021,2024-12-12,16,796
2025-01-30,P000051,LOC016,313,160.68,S0021,2025-01-17,16,796
2025-03-01,P000051,LOC016,302,153.47,S0021,2025-02-17,16,796
2025-03-31,P000051,LOC016,362,150.31,S0021,2025-03-20,16,796
2024-10-02,P000051,LOC017,133,152.45,S0021,2024-09-16,16,796
2024-11-01,P000051,LOC017,204,155.91,S0021,2024-10-30,16,796
2024-12-01,P000051,LOC017,156,159.43,S0021,2024-11-25,16,796
2024-12-31,P000051,LOC017,218,153.53,S0021,2024-12-02,16,796
2025-01-30,P000051,LOC017,202,156.35,S0021,2025-01-12,16,796
2025-03-01,P000051,LOC017,272,153.04,S0021,2025-02-09,16,796
2025-03-31,P000051,LOC017,275,155.25,S0021,2025-03-13,16,796
2024-10-02,P000051,LOC018,134,161.88,S0021,2024-09-13,16,796
2024-11-01,P000051,LOC018,92,159.72,S0021,2024-10-26,16,796
2024-12-01,P000051,LOC018,142,153.44,S0021,2024-11-19,16,796
2024-12-31,P000051,LOC018,208,158.98,S0021,2024-12-11,16,796
2025-01-30,P000051,LOC018,238,161.68,S0021,2025-01-11,16,796
2025-03-01,P000051,LOC018,235,153.39,S0021,2025-02-14,16,796
2025-03-31,P000051,LOC018,301,158.41,S0021,2025-03-13,16,796
2024-10-02,P000051,LOC019,33,155.21,S0021,2024-09-12,16,796
2024-11-01,P000051,LOC019,5,158.02,S0021,2024-10-15,16,796
2024-12-01,P000051,LOC019,18,161.73,S0021,2024-11-08,16,796
2024-12-31,P000051,LOC019,38,162.12,S0021,2024-12-16,16,796
2025-01-30,P000051,LOC019,12,151.51,S0021,2025-01-10,16,796
2025-03-01,P000051,LOC019,0,156.14,S0021,2025-02-14,16,796
2025-03-31,P000051,LOC019,49,150.31,S0021,2025-03-17,16,796
2024-10-02,P000051,LOC020,77,164.52,S0021,2024-09-04,16,796
2024-11-01,P000051,LOC020,140,164.65,S0021,2024-10-30,16,796
2024-12-01,P000051,LOC020,139,158.53,S0021,2024-11-29,16,796
2024-12-31,P000051,LOC020,156,154.96,S0021,2024-12-27,16,796
2025-01-30,P000051,LOC020,154,153.37,S0021,2025-01-08,16,796
2025-03-01,P000051,LOC020,239,163.49,S0021,2025-02-25,16,796
2025-03-31,P000051,LOC020,249,154.13,S0021,2025-03-20,16,796
2024-10-02,P000052,LOC001,222,63.38,S0022,2024-09-20,48,364
2024-11-01,P000052,LOC001,208,66.4,S0022,2024-10-24,48,364
2024-12-01,P000052,LOC001,195,63.42,S0022,2024-11-26,48,364
2024-12-31,P000052,LOC001,283,67.58,S0022,2024-12-25,48,364
2025-01-30,P000052,LOC001,241,66.57,S0022,2025-01-05,48,364
2025-03-01,P000052,LOC001,209,63.39,S0022,2025-02-24,48,364
2025-03-31,P000052,LOC001,263,63.98,S0022,2025-03-14,48,364
2024-10-02,P000052,LOC002,79,67.52,S0022,2024-09-15,48,364
2024-11-01,P000052,LOC002,79,69.46,S0022,2024-10-07,48,364
2024-12-01,P000052,LOC002,157,65.63,S0022,2024-11-28,48,364
2024-12-31,P000052,LOC002,192,66.66,S0022,2024-12-20,48,364
2025-01-30,P000052,LOC002,289,65.42,S0022,2025-01-15,48,364
2025-03-01,P000052,LOC002,310,68.86,S0022,2025-01-30,48,364
2025-03-31,P000052,LOC002,291,63.84,S0022,2025-03-20,48,364
2024-10-02,P000052,LOC003,156,65.36,S0022,2024-09-21,48,364
2024-11-01,P000052,LOC003,108,67.32,S0022,2024-10-29,48,364
2024-12-01,P000052,LOC003,137,68.93,S0022,2024-11-05,48,364
2024-12-31,P000052,LOC003,93,69.06,S0022,2024-12-12,48,364
2025-01-30,P000052,LOC003,191,63.32,S0022,2025-01-10,48,364
2025-03-01,P000052,LOC003,286,67.06,S0022,2025-02-04,48,364
2025-03-31,P000052,LOC003,336,68.01,S0022,2025-03-11,48,364
2024-10-02,P000052,LOC004,136,68.28,S0022,2024-09-18,48,364
2024-11-01,P000052,LOC004,196,63.17,S0022,2024-10-16,48,364
2024-12-01,P000052,LOC004,226,67.9,S0022,2024-11-27,48,364
2024-12-31,P000052,LOC004,295,62.92,S0022,2024-12-07,48,364
2025-01-30,P000052,LOC004,245,63.21,S0022,2025-01-25,48,364
2025-03-01,P000052,LOC004,279,64.63,S0022,2025-02-28,48,364
2025-03-31,P000052,LOC004,347,68.83,S0022,2025-03-10,48,364
2024-10-02,P000052,LOC005,101,66.76,S0022,2024-09-18,48,364
2024-11-01,P000052,LOC005,120,67.64,S0022,2024-10-05,48,364
2024-12-01,P000052,LOC005,152,67.67,S0022,2024-11-23,48,364
2024-12-31,P000052,LOC005,112,67.5,S0022,2024-12-30,48,364
2025-01-30,P000052,LOC005,138,66.89,S0022,2025-01-26,48,364
2025-03-01,P000052,LOC005,139,68.28,S0022,2025-02-14,48,364
2025-03-31,P000052,LOC005,126,63.0,S0022,2025-03-17,48,364
2024-10-02,P000052,LOC006,150,64.54,S0022,2024-09-15,48,364
2024-11-01,P000052,LOC006,238,63.08,S0022,2024-10-24,48,364
2024-12-01,P000052,LOC006,216,68.45,S0022,2024-11-19,48,364
2024-12-31,P000052,LOC006,269,66.28,S0022,2024-12-14,48,364
2025-01-30,P000052,LOC006,342,64.13,S0022,2025-01-17,48,364
2025-03-01,P000052,LOC006,293,64.75,S0022,2025-02-25,48,364
2025-03-31,P000052,LOC006,255,64.98,S0022,2025-03-21,48,364
2024-10-02,P000052,LOC007,213,68.71,S0022,2024-09-09,48,364
2024-11-01,P000052,LOC007,294,66.8,S0022,2024-10-05,48,364
2024-12-01,P000052,LOC007,364,65.45,S0022,2024-11-13,48,364
2024-12-31,P000052,LOC007,339,66.76,S0022,2024-12-17,48,364
2025-01-30,P000052,LOC007,304,62.99,S0022,2025-01-19,48,364
2025-03-01,P000052,LOC007,277,67.55,S0022,2025-02-21,48,364
2025-03-31,P000052,LOC007,274,66.13,S0022,2025-03-16,48,364
2024-10-02,P000052,LOC008,180,63.34,S0022,2024-09-05,48,364
2024-11-01,P000052,LOC008,228,68.98,S0022,2024-10-06,48,364
2024-12-01,P000052,LOC008,286,63.22,S0022,2024-11-05,48,364
2024-12-31,P000052,LOC008,247,65.12,S0022,2024-12-19,48,364
2025-01-30,P000052,LOC008,229,65.31,S0022,2025-01-03,48,364
2025-03-01,P000052,LOC008,208,65.73,S0022,2025-02-22,48,364
2025-03-31,P000052,LOC008,291,63.1,S0022,2025-03-27,48,364
2024-10-02,P000052,LOC009,225,64.75,S0022,2024-09-21,48,364
2024-11-01,P000052,LOC009,254,63.69,S0022,2024-10-06,48,364
2024-12-01,P000052,LOC009,274,65.7,S0022,2024-11-25,48,364
2024-12-31,P000052,LOC009,256,66.86,S0022,2024-12-12,48,364
2025-01-30,P000052,LOC009,244,64.23,S0022,2024-12-31,48,364
2025-03-01,P000052,LOC009,324,67.57,S0022,2025-02-27,48,364
2025-03-31,P000052,LOC009,322,65.59,S0022,2025-03-18,48,364
2024-10-02,P000052,LOC010,212,64.33,S0022,2024-10-01,48,364
2024-11-01,P000052,LOC010,227,64.89,S0022,2024-10-02,48,364
2024-12-01,P000052,LOC010,267,63.97,S0022,2024-11-19,48,364
2024-12-31,P000052,LOC010,318,63.11,S0022,2024-12-27,48,364
2025-01-30,P000052,LOC010,295,69.48,S0022,2025-01-24,48,364
2025-03-01,P000052,LOC010,294,64.15,S0022,2025-02-05,48,364
2025-03-31,P000052,LOC010,331,65.05,S0022,2025-03-16,48,364
2024-10-02,P000052,LOC011,123,67.11,S0022,2024-09-25,48,364
2024-11-01,P000052,LOC011,81,68.78,S0022,2024-10-08,48,364
2024-12-01,P000052,LOC011,144,67.43,S0022,2024-11-14,48,364
2024-12-31,P000052,LOC011,137,65.09,S0022,2024-12-03,48,364
2025-01-30,P000052,LOC011,180,63.89,S0022,2025-01-09,48,364
2025-03-01,P000052,LOC011,134,64.95,S0022,2025-02-07,48,364
2025-03-31,P000052,LOC011,108,63.64,S0022,2025-03-22,48,364
2024-10-02,P000052,LOC012,129,67.37,S0022,2024-09-14,48,364
2024-11-01,P000052,LOC012,187,69.36,S0022,2024-10-07,48,364
2024-12-01,P000052,LOC012,236,68.23,S0022,2024-11-12,48,364
2024-12-31,P000052,LOC012,285,64.8,S0022,2024-12-24,48,364
2025-01-30,P000052,LOC012,308,68.13,S0022,2025-01-28,48,364
2025-03-01,P000052,LOC012,265,64.5,S0022,2025-02-26,48,364
2025-03-31,P000052,LOC012,333,63.36,S0022,2025-03-19,48,364
2024-10-02,P000052,LOC013,169,63.12,S0022,2024-09-23,48,364
2024-11-01,P000052,LOC013,130,68.76,S0022,2024-10-25,48,364
2024-12-01,P000052,LOC013,115,67.3,S0022,2024-11-24,48,364
2024-12-31,P000052,LOC013,207,66.52,S0022,2024-12-18,48,364
2025-01-30,P000052,LOC013,268,68.08,S0022,2025-01-28,48,364
2025-03-01,P000052,LOC013,225,66.52,S0022,2025-02-07,48,364
2025-03-31,P000052,LOC013,206,69.25,S0022,2025-03-29,48,364
2024-10-02,P000052,LOC014,224,67.69,S0022,2024-09-22,48,364
2024-11-01,P000052,LOC014,200,68.13,S0022,2024-10-20,48,364
2024-12-01,P000052,LOC014,281,68.65,S0022,2024-11-13,48,364
2024-12-31,P000052,LOC014,311,63.21,S0022,2024-12-02,48,364
2025-01-30,P000052,LOC014,309,64.47,S0022,2025-01-09,48,364
2025-03-01,P000052,LOC014,273,64.73,S0022,2025-02-23,48,364
2025-03-31,P000052,LOC014,336,65.74,S0022,2025-03-04,48,364
2024-10-02,P000052,LOC015,189,65.28,S0022,2024-09-02,48,364
2024-11-01,P000052,LOC015,201,66.96,S0022,2024-10-28,48,364
2024-12-01,P000052,LOC015,267,64.14,S0022,2024-11-08,48,364
2024-12-31,P000052,LOC015,297,68.94,S0022,2024-12-30,48,364
2025-01-30,P000052,LOC015,277,68.87,S0022,2025-01-16,48,364
2025-03-01,P000052,LOC015,312,63.59,S0022,2025-02-13,48,364
2025-03-31,P000052,LOC015,267,67.15,S0022,2025-03-18,48,364
2024-10-02,P000052,LOC016,208,64.82,S0022,2024-09-18,48,364
2024-11-01,P000052,LOC016,161,68.7,S0022,2024-10-16,48,364
2024-12-01,P000052,LOC016,137,66.04,S0022,2024-11-22,48,364
2024-12-31,P000052,LOC016,110,69.14,S0022,2024-12-21,48,364
2025-01-30,P000052,LOC016,65,63.21,S0022,2025-01-23,48,364
2025-03-01,P000052,LOC016,118,65.85,S0022,2025-01-30,48,364
2025-03-31,P000052,LOC016,209,64.44,S0022,2025-03-15,48,364
2024-10-02,P000052,LOC017,188,66.7,S0022,2024-09-15,48,364
2024-11-01,P000052,LOC017,155,66.85,S0022,2024-10-23,48,364
2024-12-01,P000052,LOC017,253,66.4,S0022,2024-11-15,48,364
2024-12-31,P000052,LOC017,224,68.09,S0022,2024-12-07,48,364
2025-01-30,P000052,LOC017,281,65.6,S0022,2025-01-28,48,364
2025-03-01,P000052,LOC017,258,67.27,S0022,2025-02-06,48,364
2025-03-31,P000052,LOC017,237,67.15,S0022,2025-03-12,48,364
2024-10-02,P000052,LOC018,186,68.15,S0022,2024-09-26,48,364
2024-11-01,P000052,LOC018,178,67.58,S0022,2024-10-08,48,364
2024-12-01,P000052,LOC018,237,65.87,S0022,2024-11-16,48,364
2024-12-31,P000052,LOC018,246,64.11,S0022,2024-12-26,48,364
2025-01-30,P000052,LOC018,290,68.44,S0022,2025-01-13,48,364
2025-03-01,P000052,LOC018,321,64.97,S0022,2025-02-28,48,364
2025-03-31,P000052,LOC018,334,64.62,S0022,2025-03-21,48,364
2024-10-02,P000052,LOC019,166,69.54,S0022,2024-09-14,48,364
2024-11-01,P000052,LOC019,162,63.38,S0022,2024-10-14,48,364
2024-12-01,P000052,LOC019,194,66.96,S0022,2024-11-26,48,364
2024-12-31,P000052,LOC019,271,64.08,S0022,2024-12-16,48,364
2025-01-30,P000052,LOC019,304,64.76,S0022,2025-01-17,48,364
2025-03-01,P000052,LOC019,296,67.53,S0022,2025-02-17,48,364
2025-03-31,P000052,LOC019,287,64.59,S0022,2025-03-08,48,364
2024-10-02,P000052,LOC020,84,68.99,S0022,2024-09-17,48,364
2024-11-01,P000052,LOC020,37,64.02,S0022,2024-10-30,48,364
2024-12-01,P000052,LOC020,0,66.18,S0022,2024-11-23,48,364
2024-12-31,P000052,LOC020,31,64.56,S0022,2024-12-02,48,364
2025-01-30,P000052,LOC020,103,63.71,S0022,2025-01-27,48,364
2025-03-01,P000052,LOC020,169,65.81,S0022,2025-02-21,48,364
2025-03-31,P000052,LOC020,251,64.68,S0022,2025-03-18,48,364
2024-10-02,P000053,LOC001,48,35.8,S0006,2024-09-09,48,662
2024-11-01,P000053,LOC001,24,38.41,S0006,2024-10-22,48,662
2024-12-01,P000053,LOC001,65,36.23,S0006,2024-11-23,48,662
2024-12-31,P000053,LOC001,104,38.12,S0006,2024-12-16,48,662
2025-01-30,P000053,LOC001,148,36.86,S0006,2025-01-07,48,662
2025-03-01,P000053,LOC001,204,37.49,S0006,2025-02-21,48,662
2025-03-31,P000053,LOC001,192,36.13,S0006,2025-03-22,48,662
2024-10-02,P000053,LOC002,41,36.77,S0006,2024-09-24,48,662
2024-11-01,P000053,LOC002,0,38.18,S0006,2024-10-24,48,662
2024-12-01,P000053,LOC002,0,36.03,S0006,2024-11-23,48,662
2024-12-31,P000053,LOC002,92,35.75,S0006,2024-12-28,48,662
2025-01-30,P000053,LOC002,68,37.84,S0006,2025-01-15,48,662
2025-03-01,P000053,LOC002,26,35.89,S0006,2025-02-21,48,662
2025-03-31,P000053,LOC002,65,37.84,S0006,2025-03-30,48,662
2024-10-02,P000053,LOC003,125,37.4,S0006,2024-09-04,48,662
2024-11-01,P000053,LOC003,129,36.11,S0006,2024-10-07,48,662
2024-12-01,P000053,LOC003,134,35.56,S0006,2024-11-27,48,662
2024-12-31,P000053,LOC003,221,35.88,S0006,2024-12-30,48,662
2025-01-30,P000053,LOC003,302,37.52,S0006,2025-01-09,48,662
2025-03-01,P000053,LOC003,374,38.08,S0006,2025-02-02,48,662
2025-03-31,P000053,LOC003,362,35.62,S0006,2025-03-20,48,662
2024-10-02,P000053,LOC004,0,35.69,S0006,2024-09-14,48,662
2024-11-01,P000053,LOC004,66,35.84,S0006,2024-10-31,48,662
2024-12-01,P000053,LOC004,99,37.47,S0006,2024-11-13,48,662
2024-12-31,P000053,LOC004,120,37.24,S0006,2024-12-17,48,662
2025-01-30,P000053,LOC004,101,38.18,S0006,2025-01-13,48,662
2025-03-01,P000053,LOC004,95,38.78,S0006,2025-02-13,48,662
2025-03-31,P000053,LOC004,87,37.13,S0006,2025-03-24,48,662
2024-10-02,P000053,LOC005,97,36.72,S0006,2024-09-04,48,662
2024-11-01,P000053,LOC005,92,37.17,S0006,2024-10-17,48,662
2024-12-01,P000053,LOC005,99,36.91,S0006,2024-11-03,48,662
2024-12-31,P000053,LOC005,114,38.05,S0006,2024-12-13,48,662
2025-01-30,P000053,LOC005,121,36.29,S0006,2025-01-06,48,662
2025-03-01,P000053,LOC005,159,38.45,S0006,2025-02-13,48,662
2025-03-31,P000053,LOC005,221,36.8,S0006,2025-03-24,48,662
2024-10-02,P000053,LOC006,99,38.77,S0006,2024-09-11,48,662
2024-11-01,P000053,LOC006,157,35.33,S0006,2024-10-24,48,662
2024-12-01,P000053,LOC006,108,37.97,S0006,2024-11-11,48,662
2024-12-31,P000053,LOC006,155,36.32,S0006,2024-12-18,48,662
2025-01-30,P000053,LOC006,165,37.32,S0006,2025-01-19,48,662
2025-03-01,P000053,LOC006,243,35.72,S0006,2025-02-19,48,662
2025-03-31,P000053,LOC006,289,37.41,S0006,2025-03-10,48,662
2024-10-02,P000053,LOC007,35,38.03,S0006,2024-09-27,48,662
2024-11-01,P000053,LOC007,0,37.14,S0006,2024-10-03,48,662
2024-12-01,P000053,LOC007,0,36.77,S0006,2024-11-09,48,662
2024-12-31,P000053,LOC007,57,35.88,S0006,2024-12-23,48,662
2025-01-30,P000053,LOC007,88,36.12,S0006,2025-01-07,48,662
2025-03-01,P000053,LOC007,132,38.29,S0006,2025-02-19,48,662
2025-03-31,P000053,LOC007,231,38.43,S0006,2025-03-15,48,662
2024-10-02,P000053,LOC008,77,38.11,S0006,2024-09-20,48,662
2024-11-01,P000053,LOC008,118,35.85,S0006,2024-10-09,48,662
2024-12-01,P000053,LOC008,175,37.78,S0006,2024-11-28,48,662
2024-12-31,P000053,LOC008,191,35.55,S0006,2024-12-20,48,662
2025-01-30,P000053,LOC008,286,35.96,S0006,2025-01-12,48,662
2025-03-01,P000053,LOC008,347,38.41,S0006,2025-01-30,48,662
2025-03-31,P000053,LOC008,322,38.07,S0006,2025-03-25,48,662
2024-10-02,P000053,LOC009,25,38.27,S0006,2024-09-25,48,662
2024-11-01,P000053,LOC009,0,37.35,S0006,2024-10-08,48,662
2024-12-01,P000053,LOC009,0,36.0,S0006,2024-11-19,48,662
2024-12-31,P000053,LOC009,6,38.42,S0006,2024-12-27,48,662
2025-01-30,P000053,LOC009,0,37.64,S0006,2025-01-10,48,662
2025-03-01,P000053,LOC009,66,38.16,S0006,2025-02-13,48,662
2025-03-31,P000053,LOC009,137,37.98,S0006,2025-03-10,48,662
2024-10-02,P000053,LOC010,0,38.33,S0006,2024-10-01,48,662
2024-11-01,P000053,LOC010,96,37.03,S0006,2024-10-03,48,662
2024-12-01,P000053,LOC010,75,36.98,S0006,2024-11-26,48,662
2024-12-31,P000053,LOC010,145,38.41,S0006,2024-12-23,48,662
2025-01-30,P000053,LOC010,224,38.7,S0006,2025-01-22,48,662
2025-03-01,P000053,LOC010,251,37.99,S0006,2025-02-05,48,662
2025-03-31,P000053,LOC010,206,37.11,S0006,2025-03-27,48,662
2024-10-02,P000053,LOC011,108,37.63,S0006,2024-09-30,48,662
2024-11-01,P000053,LOC011,109,37.33,S0006,2024-10-29,48,662
2024-12-01,P000053,LOC011,78,36.67,S0006,2024-11-10,48,662
2024-12-31,P000053,LOC011,35,36.23,S0006,2024-12-26,48,662
2025-01-30,P000053,LOC011,46,35.63,S0006,2025-01-09,48,662
2025-03-01,P000053,LOC011,57,35.28,S0006,2025-02-24,48,662
2025-03-31,P000053,LOC011,82,36.65,S0006,2025-03-27,48,662
2024-10-02,P000053,LOC012,103,35.41,S0006,2024-09-15,48,662
2024-11-01,P000053,LOC012,78,36.63,S0006,2024-10-06,48,662
2024-12-01,P000053,LOC012,77,37.48,S0006,2024-11-08,48,662
2024-12-31,P000053,LOC012,144,35.38,S0006,2024-12-04,48,662
2025-01-30,P000053,LOC012,224,35.74,S0006,2025-01-28,48,662
2025-03-01,P000053,LOC012,291,37.67,S0006,2025-02-06,48,662
2025-03-31,P000053,LOC012,268,37.06,S0006,2025-03-12,48,662
2024-10-02,P000053,LOC013,68,38.63,S0006,2024-09-13,48,662
2024-11-01,P000053,LOC013,79,35.17,S0006,2024-10-24,48,662
2024-12-01,P000053,LOC013,111,38.03,S0006,2024-11-05,48,662
2024-12-31,P000053,LOC013,205,37.55,S0006,2024-12-19,48,662
2025-01-30,P000053,LOC013,201,35.47,S0006,2025-01-19,48,662
2025-03-01,P000053,LOC013,268,37.51,S0006,2025-02-19,48,662
2025-03-31,P000053,LOC013,242,37.6,S0006,2025-03-07,48,662
2024-10-02,P000053,LOC014,97,37.74,S0006,2024-09-08,48,662
2024-11-01,P000053,LOC014,50,36.24,S0006,2024-10-20,48,662
2024-12-01,P000053,LOC014,148,37.11,S0006,2024-11-05,48,662
2024-12-31,P000053,LOC014,133,38.13,S0006,2024-12-26,48,662
2025-01-30,P000053,LOC014,217,35.23,S0006,2025-01-17,48,662
2025-03-01,P000053,LOC014,173,35.31,S0006,2025-02-23,48,662
2025-03-31,P000053,LOC014,137,37.46,S0006,2025-03-30,48,662
2024-10-02,P000053,LOC015,66,35.48,S0006,2024-09-29,48,662
2024-11-01,P000053,LOC015,57,38.64,S0006,2024-10-22,48,662
2024-12-01,P000053,LOC015,141,37.11,S0006,2024-11-29,48,662
2024-12-31,P000053,LOC015,188,38.07,S0006,2024-12-21,48,662
2025-01-30,P000053,LOC015,212,37.6,S0006,2025-01-09,48,662
2025-03-01,P000053,LOC015,310,35.96,S0006,2025-02-24,48,662
2025-03-31,P000053,LOC015,371,36.44,S0006,2025-03-22,48,662
2024-10-02,P000053,LOC016,76,35.52,S0006,2024-09-04,48,662
2024-11-01,P000053,LOC016,141,35.85,S0006,2024-10-26,48,662
2024-12-01,P000053,LOC016,113,38.77,S0006,2024-11-07,48,662
2024-12-31,P000053,LOC016,130,38.01,S0006,2024-12-16,48,662
2025-01-30,P000053,LOC016,163,36.36,S0006,2025-01-15,48,662
2025-03-01,P000053,LOC016,225,36.94,S0006,2025-02-02,48,662
2025-03-31,P000053,LOC016,206,38.49,S0006,2025-03-11,48,662
2024-10-02,P000053,LOC017,0,37.84,S0006,2024-09-02,48,662
2024-11-01,P000053,LOC017,24,36.2,S0006,2024-10-17,48,662
2024-12-01,P000053,LOC017,18,36.8,S0006,2024-11-13,48,662
2024-12-31,P000053,LOC017,95,35.55,S0006,2024-12-14,48,662
2025-01-30,P000053,LOC017,76,38.18,S0006,2025-01-20,48,662
2025-03-01,P000053,LOC017,125,38.7,S0006,2025-02-15,48,662
2025-03-31,P000053,LOC017,164,38.72,S0006,2025-03-26,48,662
2024-10-02,P000053,LOC018,0,35.94,S0006,2024-09-30,48,662
2024-11-01,P000053,LOC018,0,36.81,S0006,2024-10-12,48,662
2024-12-01,P000053,LOC018,17,35.89,S0006,2024-11-11,48,662
2024-12-31,P000053,LOC018,57,35.25,S0006,2024-12-22,48,662
2025-01-30,P000053,LOC018,145,35.8,S0006,2025-01-12,48,662
2025-03-01,P000053,LOC018,210,38.6,S0006,2025-02-25,48,662
2025-03-31,P000053,LOC018,243,35.5,S0006,2025-03-07,48,662
2024-10-02,P000053,LOC019,0,36.35,S0006,2024-09-18,48,662
2024-11-01,P000053,LOC019,0,35.7,S0006,2024-10-23,48,662
2024-12-01,P000053,LOC019,89,38.37,S0006,2024-11-11,48,662
2024-12-31,P000053,LOC019,103,35.99,S0006,2024-12-29,48,662
2025-01-30,P000053,LOC019,74,35.85,S0006,2025-01-16,48,662
2025-03-01,P000053,LOC019,58,35.37,S0006,2025-02-03,48,662
2025-03-31,P000053,LOC019,131,36.01,S0006,2025-03-13,48,662
2024-10-02,P000053,LOC020,79,35.4,S0006,2024-09-11,48,662
2024-11-01,P000053,LOC020,101,37.78,S0006,2024-10-03,48,662
2024-12-01,P000053,LOC020,155,35.59,S0006,2024-11-14,48,662
2024-12-31,P000053,LOC020,114,37.34,S0006,2024-12-21,48,662
2025-01-30,P000053,LOC020,159,37.54,S0006,2025-01-11,48,662
2025-03-01,P000053,LOC020,165,35.23,S0006,2025-02-04,48,662
2025-03-31,P000053,LOC020,198,35.66,S0006,2025-03-08,48,662
2024-10-02,P000054,LOC001,142,279.99,S0026,2024-09-02,25,546
2024-11-01,P000054,LOC001,186,301.22,S0026,2024-10-22,25,546
2024-12-01,P000054,LOC001,203,289.7,S0026,2024-11-23,25,546
2024-12-31,P000054,LOC001,302,282.89,S0026,2024-12-01,25,546
2025-01-30,P000054,LOC001,351,298.98,S0026,2025-01-09,25,546
2025-03-01,P000054,LOC001,445,304.28,S0026,2025-02-02,25,546
2025-03-31,P000054,LOC001,455,279.47,S0026,2025-03-10,25,546
2024-10-02,P000054,LOC002,221,291.95,S0026,2024-09-29,25,546
2024-11-01,P000054,LOC002,234,287.7,S0026,2024-10-14,25,546
2024-12-01,P000054,LOC002,298,286.96,S0026,2024-11-19,25,546
2024-12-31,P000054,LOC002,335,285.98,S0026,2024-12-28,25,546
2025-01-30,P000054,LOC002,420,299.09,S0026,2025-01-27,25,546
2025-03-01,P000054,LOC002,444,295.72,S0026,2025-02-01,25,546
2025-03-31,P000054,LOC002,452,282.53,S0026,2025-03-04,25,546
2024-10-02,P000054,LOC003,226,281.92,S0026,2024-09-11,25,546
2024-11-01,P000054,LOC003,306,287.98,S0026,2024-10-29,25,546
2024-12-01,P000054,LOC003,406,297.37,S0026,2024-11-29,25,546
2024-12-31,P000054,LOC003,395,282.38,S0026,2024-12-19,25,546
2025-01-30,P000054,LOC003,368,285.34,S0026,2025-01-02,25,546
2025-03-01,P000054,LOC003,421,303.89,S0026,2025-02-05,25,546
2025-03-31,P000054,LOC003,473,302.02,S0026,2025-03-10,25,546
2024-10-02,P000054,LOC004,208,302.34,S0026,2024-09-18,25,546
2024-11-01,P000054,LOC004,240,276.46,S0026,2024-10-27,25,546
2024-12-01,P000054,LOC004,307,285.68,S0026,2024-11-29,25,546
2024-12-31,P000054,LOC004,330,283.8,S0026,2024-12-22,25,546
2025-01-30,P000054,LOC004,302,280.94,S0026,2025-01-11,25,546
2025-03-01,P000054,LOC004,322,284.39,S0026,2025-02-04,25,546
2025-03-31,P000054,LOC004,361,287.49,S0026,2025-03-18,25,546
2024-10-02,P000054,LOC005,211,284.58,S0026,2024-09-26,25,546
2024-11-01,P000054,LOC005,206,302.72,S0026,2024-10-23,25,546
2024-12-01,P000054,LOC005,280,288.2,S0026,2024-11-28,25,546
2024-12-31,P000054,LOC005,260,284.0,S0026,2024-12-19,25,546
2025-01-30,P000054,LOC005,249,301.36,S0026,2025-01-14,25,546
2025-03-01,P000054,LOC005,272,288.01,S0026,2025-02-15,25,546
2025-03-31,P000054,LOC005,263,292.72,S0026,2025-03-17,25,546
2024-10-02,P000054,LOC006,232,299.57,S0026,2024-09-30,25,546
2024-11-01,P000054,LOC006,265,287.62,S0026,2024-10-27,25,546
2024-12-01,P000054,LOC006,335,287.04,S0026,2024-11-26,25,546
2024-12-31,P000054,LOC006,285,294.43,S0026,2024-12-09,25,546
2025-01-30,P000054,LOC006,242,303.33,S0026,2025-01-23,25,546
2025-03-01,P000054,LOC006,246,279.43,S0026,2025-01-31,25,546
2025-03-31,P000054,LOC006,239,302.18,S0026,2025-03-21,25,546
2024-10-02,P000054,LOC007,187,299.39,S0026,2024-09-20,25,546
2024-11-01,P000054,LOC007,183,288.6,S0026,2024-10-12,25,546
2024-12-01,P000054,LOC007,276,289.98,S0026,2024-11-02,25,546
2024-12-31,P000054,LOC007,298,287.95,S0026,2024-12-04,25,546
2025-01-30,P000054,LOC007,301,283.67,S0026,2025-01-14,25,546
2025-03-01,P000054,LOC007,344,278.4,S0026,2025-02-12,25,546
2025-03-31,P000054,LOC007,388,284.61,S0026,2025-03-23,25,546
2024-10-02,P000054,LOC008,221,296.52,S0026,2024-09-06,25,546
2024-11-01,P000054,LOC008,207,291.7,S0026,2024-10-23,25,546
2024-12-01,P000054,LOC008,251,288.54,S0026,2024-11-26,25,546
2024-12-31,P000054,LOC008,210,277.26,S0026,2024-12-27,25,546
2025-01-30,P000054,LOC008,274,277.3,S0026,2025-01-25,25,546
2025-03-01,P000054,LOC008,321,295.63,S0026,2025-01-31,25,546
2025-03-31,P000054,LOC008,376,279.0,S0026,2025-03-18,25,546
2024-10-02,P000054,LOC009,212,303.17,S0026,2024-09-11,25,546
2024-11-01,P000054,LOC009,195,283.65,S0026,2024-10-29,25,546
2024-12-01,P000054,LOC009,180,292.68,S0026,2024-11-04,25,546
2024-12-31,P000054,LOC009,152,296.39,S0026,2024-12-26,25,546
2025-01-30,P000054,LOC009,146,299.59,S0026,2025-01-23,25,546
2025-03-01,P000054,LOC009,163,281.67,S0026,2025-02-28,25,546
2025-03-31,P000054,LOC009,220,287.69,S0026,2025-03-07,25,546
2024-10-02,P000054,LOC010,183,290.04,S0026,2024-09-09,25,546
2024-11-01,P000054,LOC010,269,297.94,S0026,2024-10-07,25,546
2024-12-01,P000054,LOC010,225,288.2,S0026,2024-11-17,25,546
2024-12-31,P000054,LOC010,194,285.59,S0026,2024-12-21,25,546
2025-01-30,P000054,LOC010,241,283.17,S0026,2025-01-26,25,546
2025-03-01,P000054,LOC010,281,279.7,S0026,2025-02-24,25,546
2025-03-31,P000054,LOC010,270,277.77,S0026,2025-03-30,25,546
2024-10-02,P000054,LOC011,220,280.89,S0026,2024-09-26,25,546
2024-11-01,P000054,LOC011,248,288.09,S0026,2024-10-23,25,546
2024-12-01,P000054,LOC011,239,300.8,S0026,2024-11-17,25,546
2024-12-31,P000054,LOC011,237,294.82,S0026,2024-12-19,25,546
2025-01-30,P000054,LOC011,203,289.2,S0026,2025-01-27,25,546
2025-03-01,P000054,LOC011,216,295.78,S0026,2025-01-30,25,546
2025-03-31,P000054,LOC011,258,281.41,S0026,2025-03-11,25,546
2024-10-02,P000054,LOC012,218,284.97,S0026,2024-09-09,25,546
2024-11-01,P000054,LOC012,277,303.76,S0026,2024-10-11,25,546
2024-12-01,P000054,LOC012,361,302.01,S0026,2024-11-28,25,546
2024-12-31,P000054,LOC012,425,277.36,S0026,2024-12-29,25,546
2025-01-30,P000054,LOC012,435,281.92,S0026,2024-12-31,25,546
2025-03-01,P000054,LOC012,494,285.49,S0026,2025-02-26,25,546
2025-03-31,P000054,LOC012,460,301.43,S0026,2025-03-26,25,546
2024-10-02,P000054,LOC013,141,283.1,S0026,2024-09-03,25,546
2024-11-01,P000054,LOC013,111,279.04,S0026,2024-10-06,25,546
2024-12-01,P000054,LOC013,67,282.28,S0026,2024-11-15,25,546
2024-12-31,P000054,LOC013,111,285.8,S0026,2024-12-11,25,546
2025-01-30,P000054,LOC013,65,292.5,S0026,2025-01-04,25,546
2025-03-01,P000054,LOC013,110,277.42,S0026,2025-02-25,25,546
2025-03-31,P000054,LOC013,192,291.6,S0026,2025-03-01,25,546
2024-10-02,P000054,LOC014,145,287.97,S0026,2024-09-11,25,546
2024-11-01,P000054,LOC014,185,285.87,S0026,2024-10-23,25,546
2024-12-01,P000054,LOC014,144,284.24,S0026,2024-11-30,25,546
2024-12-31,P000054,LOC014,197,291.34,S0026,2024-12-14,25,546
2025-01-30,P000054,LOC014,287,276.47,S0026,2025-01-14,25,546
2025-03-01,P000054,LOC014,262,279.38,S0026,2025-01-31,25,546
2025-03-31,P000054,LOC014,272,277.1,S0026,2025-03-01,25,546
2024-10-02,P000054,LOC015,172,282.78,S0026,2024-09-08,25,546
2024-11-01,P000054,LOC015,265,304.22,S0026,2024-10-28,25,546
2024-12-01,P000054,LOC015,301,287.87,S0026,2024-11-01,25,546
2024-12-31,P000054,LOC015,373,298.75,S0026,2024-12-08,25,546
2025-01-30,P000054,LOC015,407,288.25,S0026,2025-01-08,25,546
2025-03-01,P000054,LOC015,491,278.45,S0026,2025-02-18,25,546
2025-03-31,P000054,LOC015,423,280.73,S0026,2025-03-23,25,546
2024-10-02,P000054,LOC016,93,294.58,S0026,2024-09-11,25,546
2024-11-01,P000054,LOC016,185,297.47,S0026,2024-10-06,25,546
2024-12-01,P000054,LOC016,273,285.35,S0026,2024-11-05,25,546
2024-12-31,P000054,LOC016,315,280.04,S0026,2024-12-30,25,546
2025-01-30,P000054,LOC016,345,299.32,S0026,2025-01-29,25,546
2025-03-01,P000054,LOC016,371,278.01,S0026,2025-02-15,25,546
2025-03-31,P000054,LOC016,352,299.54,S0026,2025-03-04,25,546
2024-10-02,P000054,LOC017,157,297.46,S0026,2024-09-03,25,546
2024-11-01,P000054,LOC017,181,281.9,S0026,2024-10-10,25,546
2024-12-01,P000054,LOC017,263,298.87,S0026,2024-11-18,25,546
2024-12-31,P000054,LOC017,345,296.05,S0026,2024-12-28,25,546
2025-01-30,P000054,LOC017,363,301.6,S0026,2025-01-18,25,546
2025-03-01,P000054,LOC017,398,294.58,S0026,2025-02-22,25,546
2025-03-31,P000054,LOC017,369,286.29,S0026,2025-03-21,25,546
2024-10-02,P000054,LOC018,117,276.16,S0026,2024-09-28,25,546
2024-11-01,P000054,LOC018,131,301.25,S0026,2024-10-10,25,546
2024-12-01,P000054,LOC018,206,292.53,S0026,2024-11-05,25,546
2024-12-31,P000054,LOC018,301,301.25,S0026,2024-12-06,25,546
2025-01-30,P000054,LOC018,399,299.59,S0026,2025-01-04,25,546
2025-03-01,P000054,LOC018,488,281.09,S0026,2025-02-24,25,546
2025-03-31,P000054,LOC018,453,297.19,S0026,2025-03-01,25,546
2024-10-02,P000054,LOC019,173,295.59,S0026,2024-09-07,25,546
2024-11-01,P000054,LOC019,128,293.75,S0026,2024-10-03,25,546
2024-12-01,P000054,LOC019,113,303.11,S0026,2024-11-20,25,546
2024-12-31,P000054,LOC019,162,281.62,S0026,2024-12-13,25,546
2025-01-30,P000054,LOC019,228,290.83,S0026,2025-01-16,25,546
2025-03-01,P000054,LOC019,188,281.91,S0026,2025-01-31,25,546
2025-03-31,P000054,LOC019,189,278.95,S0026,2025-03-04,25,546
2024-10-02,P000054,LOC020,153,302.04,S0026,2024-09-16,25,546
2024-11-01,P000054,LOC020,152,299.36,S0026,2024-10-10,25,546
2024-12-01,P000054,LOC020,229,277.95,S0026,2024-11-23,25,546
2024-12-31,P000054,LOC020,221,285.96,S0026,2024-12-21,25,546
2025-01-30,P000054,LOC020,193,285.9,S0026,2025-01-19,25,546
2025-03-01,P000054,LOC020,246,303.87,S0026,2025-02-24,25,546
2025-03-31,P000054,LOC020,301,301.98,S0026,2025-03-21,25,546
2024-10-02,P000055,LOC001,168,98.65,S0011,2024-09-09,46,355
2024-11-01,P000055,LOC001,135,95.58,S0011,2024-10-17,46,355
2024-12-01,P000055,LOC001,120,96.03,S0011,2024-11-01,46,355
2024-12-31,P000055,LOC001,124,98.53,S0011,2024-12-12,46,355
2025-01-30,P000055,LOC001,221,96.69,S0011,2025-01-08,46,355
2025-03-01,P000055,LOC001,210,100.36,S0011,2025-02-11,46,355
2025-03-31,P000055,LOC001,194,99.03,S0011,2025-03-02,46,355
2024-10-02,P000055,LOC002,183,98.82,S0011,2024-09-20,46,355
2024-11-01,P000055,LOC002,149,95.22,S0011,2024-10-12,46,355
2024-12-01,P000055,LOC002,216,98.38,S0011,2024-11-06,46,355
2024-12-31,P000055,LOC002,173,94.89,S0011,2024-12-17,46,355
2025-01-30,P000055,LOC002,221,95.95,S0011,2025-01-13,46,355
2025-03-01,P000055,LOC002,262,94.86,S0011,2025-02-20,46,355
2025-03-31,P000055,LOC002,282,96.9,S0011,2025-03-15,46,355
2024-10-02,P000055,LOC003,156,98.14,S0011,2024-09-02,46,355
2024-11-01,P000055,LOC003,111,97.54,S0011,2024-10-06,46,355
2024-12-01,P000055,LOC003,140,99.85,S0011,2024-11-04,46,355
2024-12-31,P000055,LOC003,181,103.92,S0011,2024-12-12,46,355
2025-01-30,P000055,LOC003,272,96.02,S0011,2025-01-16,46,355
2025-03-01,P000055,LOC003,326,97.35,S0011,2025-02-11,46,355
2025-03-31,P000055,LOC003,297,102.93,S0011,2025-03-08,46,355
2024-10-02,P000055,LOC004,186,104.33,S0011,2024-09-07,46,355
2024-11-01,P000055,LOC004,225,101.51,S0011,2024-10-03,46,355
2024-12-01,P000055,LOC004,195,101.53,S0011,2024-11-25,46,355
2024-12-31,P000055,LOC004,293,94.59,S0011,2024-12-06,46,355
2025-01-30,P000055,LOC004,253,102.54,S0011,2025-01-22,46,355
2025-03-01,P000055,LOC004,333,101.36,S0011,2025-02-07,46,355
2025-03-31,P000055,LOC004,316,100.67,S0011,2025-03-03,46,355
2024-10-02,P000055,LOC005,162,96.94,S0011,2024-09-18,46,355
2024-11-01,P000055,LOC005,215,101.53,S0011,2024-10-25,46,355
2024-12-01,P000055,LOC005,261,102.25,S0011,2024-11-25,46,355
2024-12-31,P000055,LOC005,228,103.6,S0011,2024-12-29,46,355
2025-01-30,P000055,LOC005,181,102.51,S0011,2025-01-15,46,355
2025-03-01,P000055,LOC005,203,98.52,S0011,2025-02-14,46,355
2025-03-31,P000055,LOC005,247,101.58,S0011,2025-03-01,46,355
2024-10-02,P000055,LOC006,67,99.7,S0011,2024-09-17,46,355
2024-11-01,P000055,LOC006,116,98.26,S0011,2024-10-16,46,355
2024-12-01,P000055,LOC006,138,97.07,S0011,2024-11-18,46,355
2024-12-31,P000055,LOC006,118,100.25,S0011,2024-12-24,46,355
2025-01-30,P000055,LOC006,142,103.94,S0011,2025-01-26,46,355
2025-03-01,P000055,LOC006,241,95.38,S0011,2025-02-12,46,355
2025-03-31,P000055,LOC006,282,101.04,S0011,2025-03-07,46,355
2024-10-02,P000055,LOC007,99,101.21,S0011,2024-09-28,46,355
2024-11-01,P000055,LOC007,52,99.16,S0011,2024-10-23,46,355
2024-12-01,P000055,LOC007,102,103.63,S0011,2024-11-08,46,355
2024-12-31,P000055,LOC007,115,102.68,S0011,2024-12-14,46,355
2025-01-30,P000055,LOC007,196,103.35,S0011,2025-01-10,46,355
2025-03-01,P000055,LOC007,255,97.13,S0011,2025-02-10,46,355
2025-03-31,P000055,LOC007,258,94.87,S0011,2025-03-16,46,355
2024-10-02,P000055,LOC008,197,97.97,S0011,2024-09-15,46,355
2024-11-01,P000055,LOC008,257,95.39,S0011,2024-10-29,46,355
2024-12-01,P000055,LOC008,299,99.96,S0011,2024-11-03,46,355
2024-12-31,P000055,LOC008,346,98.16,S0011,2024-12-10,46,355
2025-01-30,P000055,LOC008,313,102.36,S0011,2025-01-15,46,355
2025-03-01,P000055,LOC008,331,100.37,S0011,2025-02-03,46,355
2025-03-31,P000055,LOC008,264,103.78,S0011,2025-03-06,46,355
2024-10-02,P000055,LOC009,159,99.78,S0011,2024-09-15,46,355
2024-11-01,P000055,LOC009,113,99.12,S0011,2024-10-14,46,355
2024-12-01,P000055,LOC009,131,94.62,S0011,2024-11-20,46,355
2024-12-31,P000055,LOC009,195,103.65,S0011,2024-12-08,46,355
2025-01-30,P000055,LOC009,222,94.73,S0011,2025-01-18,46,355
2025-03-01,P000055,LOC009,314,95.92,S0011,2025-02-06,46,355
2025-03-31,P000055,LOC009,302,100.86,S0011,2025-03-21,46,355
2024-10-02,P000055,LOC010,155,94.99,S0011,2024-09-18,46,355
2024-11-01,P000055,LOC010,234,103.13,S0011,2024-10-22,46,355
2024-12-01,P000055,LOC010,325,102.39,S0011,2024-11-24,46,355
2024-12-31,P000055,LOC010,331,99.54,S0011,2024-12-05,46,355
2025-01-30,P000055,LOC010,323,102.24,S0011,2025-01-18,46,355
2025-03-01,P000055,LOC010,324,96.62,S0011,2025-02-23,46,355
2025-03-31,P000055,LOC010,260,98.76,S0011,2025-03-02,46,355
2024-10-02,P000055,LOC011,128,97.21,S0011,2024-09-02,46,355
2024-11-01,P000055,LOC011,86,102.4,S0011,2024-10-15,46,355
2024-12-01,P000055,LOC011,146,98.14,S0011,2024-11-13,46,355
2024-12-31,P000055,LOC011,225,100.85,S0011,2024-12-08,46,355
2025-01-30,P000055,LOC011,222,98.94,S0011,2025-01-10,46,355
2025-03-01,P000055,LOC011,255,102.73,S0011,2025-02-07,46,355
2025-03-31,P000055,LOC011,344,103.11,S0011,2025-03-22,46,355
2024-10-02,P000055,LOC012,189,100.91,S0011,2024-10-01,46,355
2024-11-01,P000055,LOC012,146,100.99,S0011,2024-10-27,46,355
2024-12-01,P000055,LOC012,163,94.59,S0011,2024-11-04,46,355
2024-12-31,P000055,LOC012,123,103.61,S0011,2024-12-28,46,355
2025-01-30,P000055,LOC012,172,95.54,S0011,2025-01-26,46,355
2025-03-01,P000055,LOC012,210,99.79,S0011,2025-02-23,46,355
2025-03-31,P000055,LOC012,241,100.08,S0011,2025-03-30,46,355
2024-10-02,P000055,LOC013,107,96.17,S0011,2024-09-10,46,355
2024-11-01,P000055,LOC013,111,97.48,S0011,2024-10-16,46,355
2024-12-01,P000055,LOC013,179,96.94,S0011,2024-11-01,46,355
2024-12-31,P000055,LOC013,177,98.22,S0011,2024-12-24,46,355
2025-01-30,P000055,LOC013,167,97.8,S0011,2025-01-10,46,355
2025-03-01,P000055,LOC013,158,104.44,S0011,2025-02-05,46,355
2025-03-31,P000055,LOC013,242,99.09,S0011,2025-03-16,46,355
2024-10-02,P000055,LOC014,73,103.54,S0011,2024-09-21,46,355
2024-11-01,P000055,LOC014,68,100.41,S0011,2024-10-21,46,355
2024-12-01,P000055,LOC014,21,96.31,S0011,2024-11-25,46,355
2024-12-31,P000055,LOC014,45,102.67,S0011,2024-12-21,46,355
2025-01-30,P000055,LOC014,84,94.76,S0011,2025-01-14,46,355
2025-03-01,P000055,LOC014,117,99.37,S0011,2025-02-22,46,355
2025-03-31,P000055,LOC014,94,94.99,S0011,2025-03-12,46,355
2024-10-02,P000055,LOC015,127,96.92,S0011,2024-09-02,46,355
2024-11-01,P000055,LOC015,207,102.23,S0011,2024-10-11,46,355
2024-12-01,P000055,LOC015,186,101.18,S0011,2024-11-25,46,355
2024-12-31,P000055,LOC015,279,96.68,S0011,2024-12-13,46,355
2025-01-30,P000055,LOC015,274,95.0,S0011,2025-01-27,46,355
2025-03-01,P000055,LOC015,277,97.09,S0011,2025-02-17,46,355
2025-03-31,P000055,LOC015,296,95.02,S0011,2025-03-27,46,355
2024-10-02,P000055,LOC016,94,100.69,S0011,2024-09-20,46,355
2024-11-01,P000055,LOC016,100,99.36,S0011,2024-10-09,46,355
2024-12-01,P000055,LOC016,141,97.23,S0011,2024-11-20,46,355
2024-12-31,P000055,LOC016,180,97.89,S0011,2024-12-18,46,355
2025-01-30,P000055,LOC016,149,97.34,S0011,2025-01-08,46,355
2025-03-01,P000055,LOC016,159,96.64,S0011,2025-02-19,46,355
2025-03-31,P000055,LOC016,183,97.08,S0011,2025-03-19,46,355
2024-10-02,P000055,LOC017,72,94.84,S0011,2024-09-23,46,355
2024-11-01,P000055,LOC017,99,102.41,S0011,2024-10-20,46,355
2024-12-01,P000055,LOC017,82,102.83,S0011,2024-11-24,46,355
2024-12-31,P000055,LOC017,157,97.02,S0011,2024-12-27,46,355
2025-01-30,P000055,LOC017,229,101.02,S0011,2025-01-13,46,355
2025-03-01,P000055,LOC017,277,95.37,S0011,2025-02-28,46,355
2025-03-31,P000055,LOC017,229,102.21,S0011,2025-03-10,46,355
2024-10-02,P000055,LOC018,193,98.34,S0011,2024-09-02,46,355
2024-11-01,P000055,LOC018,234,97.65,S0011,2024-10-23,46,355
2024-12-01,P000055,LOC018,203,101.32,S0011,2024-11-02,46,355
2024-12-31,P000055,LOC018,186,100.43,S0011,2024-12-20,46,355
2025-01-30,P000055,LOC018,220,100.33,S0011,2025-01-15,46,355
2025-03-01,P000055,LOC018,294,102.61,S0011,2025-02-02,46,355
2025-03-31,P000055,LOC018,250,99.45,S0011,2025-03-03,46,355
2024-10-02,P000055,LOC019,148,96.97,S0011,2024-09-02,46,355
2024-11-01,P000055,LOC019,140,103.53,S0011,2024-10-13,46,355
2024-12-01,P000055,LOC019,213,95.58,S0011,2024-11-24,46,355
2024-12-31,P000055,LOC019,278,97.98,S0011,2024-12-28,46,355
2025-01-30,P000055,LOC019,293,101.86,S0011,2025-01-01,46,355
2025-03-01,P000055,LOC019,270,99.89,S0011,2025-02-07,46,355
2025-03-31,P000055,LOC019,317,96.15,S0011,2025-03-21,46,355
2024-10-02,P000055,LOC020,82,97.77,S0011,2024-09-11,46,355
2024-11-01,P000055,LOC020,98,100.78,S0011,2024-10-26,46,355
2024-12-01,P000055,LOC020,157,100.52,S0011,2024-11-16,46,355
2024-12-31,P000055,LOC020,228,97.69,S0011,2024-12-01,46,355
2025-01-30,P000055,LOC020,272,101.45,S0011,2025-01-18,46,355
2025-03-01,P000055,LOC020,305,95.02,S0011,2025-02-07,46,355
2025-03-31,P000055,LOC020,324,101.67,S0011,2025-03-27,46,355
2024-10-02,P000056,LOC001,498,128.74,S0008,2024-09-24,26,651
2024-11-01,P000056,LOC001,599,126.26,S0008,2024-10-30,26,651
2024-12-01,P000056,LOC001,468,137.39,S0008,2024-11-02,26,651
2024-12-31,P000056,LOC001,467,133.6,S0008,2024-12-17,26,651
2025-01-30,P000056,LOC001,458,128.9,S0008,2025-01-10,26,651
2025-03-01,P000056,LOC001,538,125.25,S0008,2025-02-27,26,651
2025-03-31,P000056,LOC001,460,134.84,S0008,2025-03-17,26,651
2024-10-02,P000056,LOC002,550,134.87,S0008,2024-09-15,26,651
2024-11-01,P000056,LOC002,521,131.9,S0008,2024-10-14,26,651
2024-12-01,P000056,LOC002,551,128.41,S0008,2024-11-17,26,651
2024-12-31,P000056,LOC002,603,133.46,S0008,2024-12-08,26,651
2025-01-30,P000056,LOC002,545,129.88,S0008,2025-01-26,26,651
2025-03-01,P000056,LOC002,544,130.01,S0008,2025-02-16,26,651
2025-03-31,P000056,LOC002,618,124.55,S0008,2025-03-07,26,651
2024-10-02,P000056,LOC003,532,127.45,S0008,2024-09-23,26,651
2024-11-01,P000056,LOC003,581,125.57,S0008,2024-10-30,26,651
2024-12-01,P000056,LOC003,515,134.81,S0008,2024-11-03,26,651
2024-12-31,P000056,LOC003,492,136.25,S0008,2024-12-18,26,651
2025-01-30,P000056,LOC003,581,125.86,S0008,2025-01-15,26,651
2025-03-01,P000056,LOC003,575,131.93,S0008,2025-02-14,26,651
2025-03-31,P000056,LOC003,503,130.2,S0008,2025-03-19,26,651
2024-10-02,P000056,LOC004,531,129.82,S0008,2024-09-02,26,651
2024-11-01,P000056,LOC004,538,128.55,S0008,2024-10-14,26,651
2024-12-01,P000056,LOC004,520,130.07,S0008,2024-11-06,26,651
2024-12-31,P000056,LOC004,537,129.8,S0008,2024-12-10,26,651
2025-01-30,P000056,LOC004,563,129.07,S0008,2025-01-04,26,651
2025-03-01,P000056,LOC004,593,130.92,S0008,2025-02-14,26,651
2025-03-31,P000056,LOC004,586,136.79,S0008,2025-03-05,26,651
2024-10-02,P000056,LOC005,555,135.33,S0008,2024-09-17,26,651
2024-11-01,P000056,LOC005,482,124.95,S0008,2024-10-04,26,651
2024-12-01,P000056,LOC005,539,125.65,S0008,2024-11-08,26,651
2024-12-31,P000056,LOC005,528,125.82,S0008,2024-12-12,26,651
2025-01-30,P000056,LOC005,484,136.33,S0008,2025-01-02,26,651
2025-03-01,P000056,LOC005,610,125.28,S0008,2025-02-20,26,651
2025-03-31,P000056,LOC005,563,127.26,S0008,2025-03-29,26,651
2024-10-02,P000056,LOC006,613,127.8,S0008,2024-09-20,26,651
2024-11-01,P000056,LOC006,575,126.93,S0008,2024-10-26,26,651
2024-12-01,P000056,LOC006,534,126.25,S0008,2024-11-06,26,651
2024-12-31,P000056,LOC006,514,131.13,S0008,2024-12-24,26,651
2025-01-30,P000056,LOC006,491,126.45,S0008,2025-01-13,26,651
2025-03-01,P000056,LOC006,535,137.35,S0008,2025-02-02,26,651
2025-03-31,P000056,LOC006,465,127.52,S0008,2025-03-02,26,651
2024-10-02,P000056,LOC007,515,136.42,S0008,2024-09-22,26,651
2024-11-01,P000056,LOC007,462,129.39,S0008,2024-10-27,26,651
2024-12-01,P000056,LOC007,489,137.4,S0008,2024-11-13,26,651
2024-12-31,P000056,LOC007,603,131.19,S0008,2024-12-17,26,651
2025-01-30,P000056,LOC007,514,131.97,S0008,2025-01-21,26,651
2025-03-01,P000056,LOC007,532,133.51,S0008,2025-02-20,26,651
2025-03-31,P000056,LOC007,529,131.23,S0008,2025-03-26,26,651
2024-10-02,P000056,LOC008,463,126.39,S0008,2024-09-11,26,651
2024-11-01,P000056,LOC008,615,127.61,S0008,2024-10-22,26,651
2024-12-01,P000056,LOC008,508,130.91,S0008,2024-11-12,26,651
2024-12-31,P000056,LOC008,570,135.12,S0008,2024-12-21,26,651
2025-01-30,P000056,LOC008,540,127.85,S0008,2025-01-03,26,651
2025-03-01,P000056,LOC008,590,134.33,S0008,2025-01-30,26,651
2025-03-31,P000056,LOC008,591,129.15,S0008,2025-03-24,26,651
2024-10-02,P000056,LOC009,498,134.09,S0008,2024-09-21,26,651
2024-11-01,P000056,LOC009,544,124.49,S0008,2024-10-11,26,651
2024-12-01,P000056,LOC009,483,131.94,S0008,2024-11-11,26,651
2024-12-31,P000056,LOC009,562,127.35,S0008,2024-12-10,26,651
2025-01-30,P000056,LOC009,515,134.53,S0008,2025-01-17,26,651
2025-03-01,P000056,LOC009,562,125.78,S0008,2025-02-07,26,651
2025-03-31,P000056,LOC009,591,124.99,S0008,2025-03-21,26,651
2024-10-02,P000056,LOC010,539,131.16,S0008,2024-09-18,26,651
2024-11-01,P000056,LOC010,516,130.65,S0008,2024-10-05,26,651
2024-12-01,P000056,LOC010,603,134.07,S0008,2024-11-20,26,651
2024-12-31,P000056,LOC010,539,131.94,S0008,2024-12-15,26,651
2025-01-30,P000056,LOC010,513,131.74,S0008,2025-01-14,26,651
2025-03-01,P000056,LOC010,596,125.27,S0008,2025-02-19,26,651
2025-03-31,P000056,LOC010,534,126.14,S0008,2025-03-19,26,651
2024-10-02,P000056,LOC011,534,133.75,S0008,2024-09-19,26,651
2024-11-01,P000056,LOC011,554,125.19,S0008,2024-10-08,26,651
2024-12-01,P000056,LOC011,537,137.2,S0008,2024-11-18,26,651
2024-12-31,P000056,LOC011,478,133.07,S0008,2024-12-05,26,651
2025-01-30,P000056,LOC011,482,128.37,S0008,2025-01-14,26,651
2025-03-01,P000056,LOC011,468,134.53,S0008,2025-02-14,26,651
2025-03-31,P000056,LOC011,560,135.32,S0008,2025-03-12,26,651
2024-10-02,P000056,LOC012,490,130.75,S0008,2024-09-16,26,651
2024-11-01,P000056,LOC012,486,124.72,S0008,2024-10-19,26,651
2024-12-01,P000056,LOC012,514,130.46,S0008,2024-11-29,26,651
2024-12-31,P000056,LOC012,572,130.38,S0008,2024-12-01,26,651
2025-01-30,P000056,LOC012,474,132.81,S0008,2025-01-21,26,651
2025-03-01,P000056,LOC012,493,125.33,S0008,2025-01-30,26,651
2025-03-31,P000056,LOC012,587,125.96,S0008,2025-03-13,26,651
2024-10-02,P000056,LOC013,572,126.01,S0008,2024-09-02,26,651
2024-11-01,P000056,LOC013,534,125.68,S0008,2024-10-31,26,651
2024-12-01,P000056,LOC013,533,127.58,S0008,2024-11-30,26,651
2024-12-31,P000056,LOC013,489,132.92,S0008,2024-12-05,26,651
2025-01-30,P000056,LOC013,481,127.61,S0008,2025-01-18,26,651
2025-03-01,P000056,LOC013,591,126.0,S0008,2025-02-25,26,651
2025-03-31,P000056,LOC013,459,131.07,S0008,2025-03-16,26,651
2024-10-02,P000056,LOC014,462,130.11,S0008,2024-09-13,26,651
2024-11-01,P000056,LOC014,549,128.86,S0008,2024-10-23,26,651
2024-12-01,P000056,LOC014,481,126.87,S0008,2024-11-05,26,651
2024-12-31,P000056,LOC014,558,135.76,S0008,2024-12-01,26,651
2025-01-30,P000056,LOC014,462,132.64,S0008,2025-01-29,26,651
2025-03-01,P000056,LOC014,548,129.43,S0008,2025-02-08,26,651
2025-03-31,P000056,LOC014,464,132.49,S0008,2025-03-21,26,651
2024-10-02,P000056,LOC015,497,133.43,S0008,2024-09-18,26,651
2024-11-01,P000056,LOC015,485,135.54,S0008,2024-10-16,26,651
2024-12-01,P000056,LOC015,611,131.8,S0008,2024-11-16,26,651
2024-12-31,P000056,LOC015,553,133.68,S0008,2024-12-27,26,651
2025-01-30,P000056,LOC015,547,135.22,S0008,2025-01-22,26,651
2025-03-01,P000056,LOC015,458,135.09,S0008,2025-02-16,26,651
2025-03-31,P000056,LOC015,572,134.36,S0008,2025-03-30,26,651
2024-10-02,P000056,LOC016,563,124.88,S0008,2024-09-25,26,651
2024-11-01,P000056,LOC016,501,125.19,S0008,2024-10-31,26,651
2024-12-01,P000056,LOC016,469,128.59,S0008,2024-11-03,26,651
2024-12-31,P000056,LOC016,528,131.68,S0008,2024-12-08,26,651
2025-01-30,P000056,LOC016,617,131.95,S0008,2024-12-31,26,651
2025-03-01,P000056,LOC016,596,136.93,S0008,2025-02-01,26,651
2025-03-31,P000056,LOC016,483,125.85,S0008,2025-03-16,26,651
2024-10-02,P000056,LOC017,590,126.48,S0008,2024-09-05,26,651
2024-11-01,P000056,LOC017,553,127.68,S0008,2024-10-03,26,651
2024-12-01,P000056,LOC017,585,133.24,S0008,2024-11-03,26,651
2024-12-31,P000056,LOC017,589,130.77,S0008,2024-12-20,26,651
2025-01-30,P000056,LOC017,485,130.14,S0008,2025-01-27,26,651
2025-03-01,P000056,LOC017,563,127.86,S0008,2025-02-03,26,651
2025-03-31,P000056,LOC017,498,127.98,S0008,2025-03-14,26,651
2024-10-02,P000056,LOC018,573,126.84,S0008,2024-09-12,26,651
2024-11-01,P000056,LOC018,511,130.97,S0008,2024-10-24,26,651
2024-12-01,P000056,LOC018,529,132.39,S0008,2024-11-18,26,651
2024-12-31,P000056,LOC018,551,127.46,S0008,2024-12-15,26,651
2025-01-30,P000056,LOC018,493,133.17,S0008,2025-01-09,26,651
2025-03-01,P000056,LOC018,518,134.4,S0008,2025-02-06,26,651
2025-03-31,P000056,LOC018,473,135.51,S0008,2025-03-10,26,651
2024-10-02,P000056,LOC019,488,124.58,S0008,2024-09-28,26,651
2024-11-01,P000056,LOC019,595,136.88,S0008,2024-10-27,26,651
2024-12-01,P000056,LOC019,537,126.49,S0008,2024-11-04,26,651
2024-12-31,P000056,LOC019,524,126.4,S0008,2024-12-28,26,651
2025-01-30,P000056,LOC019,480,126.94,S0008,2025-01-21,26,651
2025-03-01,P000056,LOC019,471,134.73,S0008,2025-02-20,26,651
2025-03-31,P000056,LOC019,533,136.84,S0008,2025-03-03,26,651
2024-10-02,P000056,LOC020,555,128.46,S0008,2024-09-22,26,651
2024-11-01,P000056,LOC020,462,133.24,S0008,2024-10-19,26,651
2024-12-01,P000056,LOC020,583,124.45,S0008,2024-11-14,26,651
2024-12-31,P000056,LOC020,537,136.24,S0008,2024-12-15,26,651
2025-01-30,P000056,LOC020,474,130.68,S0008,2025-01-17,26,651
2025-03-01,P000056,LOC020,534,129.03,S0008,2025-02-21,26,651
2025-03-31,P000056,LOC020,476,126.54,S0008,2025-03-14,26,651
2024-10-02,P000057,LOC001,654,58.02,S0014,2024-09-20,46,769
2024-11-01,P000057,LOC001,697,57.15,S0014,2024-10-22,46,769
2024-12-01,P000057,LOC001,710,57.91,S0014,2024-11-05,46,769
2024-12-31,P000057,LOC001,687,60.47,S0014,2024-12-12,46,769
2025-01-30,P000057,LOC001,663,58.2,S0014,2025-01-12,46,769
2025-03-01,P000057,LOC001,638,59.39,S0014,2025-02-25,46,769
2025-03-31,P000057,LOC001,609,61.8,S0014,2025-03-24,46,769
2024-10-02,P000057,LOC002,546,60.57,S0014,2024-09-30,46,769
2024-11-01,P000057,LOC002,640,59.78,S0014,2024-10-30,46,769
2024-12-01,P000057,LOC002,582,58.38,S0014,2024-11-06,46,769
2024-12-31,P000057,LOC002,692,61.74,S0014,2024-12-01,46,769
2025-01-30,P000057,LOC002,690,59.06,S0014,2025-01-14,46,769
2025-03-01,P000057,LOC002,611,60.14,S0014,2025-02-21,46,769
2025-03-31,P000057,LOC002,651,58.34,S0014,2025-03-15,46,769
2024-10-02,P000057,LOC003,680,57.34,S0014,2024-09-20,46,769
2024-11-01,P000057,LOC003,684,57.33,S0014,2024-10-17,46,769
2024-12-01,P000057,LOC003,672,56.91,S0014,2024-11-14,46,769
2024-12-31,P000057,LOC003,557,60.02,S0014,2024-12-11,46,769
2025-01-30,P000057,LOC003,564,57.62,S0014,2025-01-06,46,769
2025-03-01,P000057,LOC003,630,58.48,S0014,2025-02-09,46,769
2025-03-31,P000057,LOC003,583,57.8,S0014,2025-03-19,46,769
2024-10-02,P000057,LOC004,703,57.01,S0014,2024-09-09,46,769
2024-11-01,P000057,LOC004,592,57.27,S0014,2024-10-13,46,769
2024-12-01,P000057,LOC004,706,58.02,S0014,2024-11-22,46,769
2024-12-31,P000057,LOC004,616,57.05,S0014,2024-12-16,46,769
2025-01-30,P000057,LOC004,574,56.66,S0014,2025-01-04,46,769
2025-03-01,P000057,LOC004,674,60.27,S0014,2025-02-07,46,769
2025-03-31,P000057,LOC004,690,57.16,S0014,2025-03-22,46,769
2024-10-02,P000057,LOC005,649,58.54,S0014,2024-09-13,46,769
2024-11-01,P000057,LOC005,560,58.58,S0014,2024-10-12,46,769
2024-12-01,P000057,LOC005,539,59.82,S0014,2024-11-01,46,769
2024-12-31,P000057,LOC005,664,61.77,S0014,2024-12-11,46,769
2025-01-30,P000057,LOC005,670,59.08,S0014,2025-01-13,46,769
2025-03-01,P000057,LOC005,599,56.19,S0014,2025-02-07,46,769
2025-03-31,P000057,LOC005,607,59.46,S0014,2025-03-03,46,769
2024-10-02,P000057,LOC006,568,59.53,S0014,2024-09-26,46,769
2024-11-01,P000057,LOC006,663,59.08,S0014,2024-10-11,46,769
2024-12-01,P000057,LOC006,587,59.15,S0014,2024-11-30,46,769
2024-12-31,P000057,LOC006,702,59.03,S0014,2024-12-04,46,769
2025-01-30,P000057,LOC006,619,60.1,S0014,2025-01-11,46,769
2025-03-01,P000057,LOC006,608,60.16,S0014,2025-02-13,46,769
2025-03-31,P000057,LOC006,591,58.0,S0014,2025-03-16,46,769
2024-10-02,P000057,LOC007,669,59.56,S0014,2024-09-29,46,769
2024-11-01,P000057,LOC007,683,58.74,S0014,2024-10-09,46,769
2024-12-01,P000057,LOC007,617,59.77,S0014,2024-11-05,46,769
2024-12-31,P000057,LOC007,688,61.66,S0014,2024-12-21,46,769
2025-01-30,P000057,LOC007,631,58.39,S0014,2025-01-11,46,769
2025-03-01,P000057,LOC007,609,61.07,S0014,2025-01-31,46,769
2025-03-31,P000057,LOC007,644,56.73,S0014,2025-03-02,46,769
2024-10-02,P000057,LOC008,587,58.04,S0014,2024-09-14,46,769
2024-11-01,P000057,LOC008,597,57.84,S0014,2024-10-30,46,769
2024-12-01,P000057,LOC008,604,59.79,S0014,2024-11-20,46,769
2024-12-31,P000057,LOC008,673,60.0,S0014,2024-12-16,46,769
2025-01-30,P000057,LOC008,679,59.5,S0014,2025-01-14,46,769
2025-03-01,P000057,LOC008,702,60.91,S0014,2025-02-28,46,769
2025-03-31,P000057,LOC008,665,56.05,S0014,2025-03-08,46,769
2024-10-02,P000057,LOC009,682,57.44,S0014,2024-09-24,46,769
2024-11-01,P000057,LOC009,624,60.67,S0014,2024-10-24,46,769
2024-12-01,P000057,LOC009,672,61.27,S0014,2024-11-10,46,769
2024-12-31,P000057,LOC009,569,60.17,S0014,2024-12-07,46,769
2025-01-30,P000057,LOC009,579,60.75,S0014,2025-01-08,46,769
2025-03-01,P000057,LOC009,615,57.67,S0014,2025-02-12,46,769
2025-03-31,P000057,LOC009,603,61.62,S0014,2025-03-19,46,769
2024-10-02,P000057,LOC010,644,56.97,S0014,2024-09-03,46,769
2024-11-01,P000057,LOC010,672,61.53,S0014,2024-10-15,46,769
2024-12-01,P000057,LOC010,674,58.21,S0014,2024-11-14,46,769
2024-12-31,P000057,LOC010,569,58.84,S0014,2024-12-26,46,769
2025-01-30,P000057,LOC010,723,57.87,S0014,2025-01-29,46,769
2025-03-01,P000057,LOC010,539,57.31,S0014,2025-02-21,46,769
2025-03-31,P000057,LOC010,555,58.48,S0014,2025-03-13,46,769
2024-10-02,P000057,LOC011,566,56.01,S0014,2024-09-02,46,769
2024-11-01,P000057,LOC011,716,60.41,S0014,2024-10-28,46,769
2024-12-01,P000057,LOC011,622,60.75,S0014,2024-11-03,46,769
2024-12-31,P000057,LOC011,550,60.05,S0014,2024-12-19,46,769
2025-01-30,P000057,LOC011,580,61.2,S0014,2025-01-26,46,769
2025-03-01,P000057,LOC011,553,59.0,S0014,2025-02-10,46,769
2025-03-31,P000057,LOC011,545,59.53,S0014,2025-03-08,46,769
2024-10-02,P000057,LOC012,612,58.76,S0014,2024-10-01,46,769
2024-11-01,P000057,LOC012,727,58.8,S0014,2024-10-04,46,769
2024-12-01,P000057,LOC012,656,58.52,S0014,2024-11-03,46,769
2024-12-31,P000057,LOC012,638,57.66,S0014,2024-12-24,46,769
2025-01-30,P000057,LOC012,675,60.09,S0014,2025-01-01,46,769
2025-03-01,P000057,LOC012,653,58.24,S0014,2025-02-20,46,769
2025-03-31,P000057,LOC012,720,56.75,S0014,2025-03-16,46,769
2024-10-02,P000057,LOC013,695,58.11,S0014,2024-09-14,46,769
2024-11-01,P000057,LOC013,661,58.4,S0014,2024-10-28,46,769
2024-12-01,P000057,LOC013,622,59.27,S0014,2024-11-07,46,769
2024-12-31,P000057,LOC013,577,57.13,S0014,2024-12-29,46,769
2025-01-30,P000057,LOC013,664,58.73,S0014,2025-01-23,46,769
2025-03-01,P000057,LOC013,692,56.61,S0014,2025-02-06,46,769
2025-03-31,P000057,LOC013,593,57.19,S0014,2025-03-14,46,769
2024-10-02,P000057,LOC014,544,56.29,S0014,2024-09-24,46,769
2024-11-01,P000057,LOC014,653,56.73,S0014,2024-10-31,46,769
2024-12-01,P000057,LOC014,637,56.91,S0014,2024-11-06,46,769
2024-12-31,P000057,LOC014,582,60.73,S0014,2024-12-05,46,769
2025-01-30,P000057,LOC014,570,56.3,S0014,2025-01-13,46,769
2025-03-01,P000057,LOC014,545,58.67,S0014,2025-02-21,46,769
2025-03-31,P000057,LOC014,584,59.91,S0014,2025-03-24,46,769
2024-10-02,P000057,LOC015,538,60.5,S0014,2024-09-09,46,769
2024-11-01,P000057,LOC015,568,58.57,S0014,2024-10-27,46,769
2024-12-01,P000057,LOC015,729,58.37,S0014,2024-11-15,46,769
2024-12-31,P000057,LOC015,688,60.67,S0014,2024-12-08,46,769
2025-01-30,P000057,LOC015,606,58.2,S0014,2025-01-18,46,769
2025-03-01,P000057,LOC015,614,58.71,S0014,2025-02-16,46,769
2025-03-31,P000057,LOC015,650,57.55,S0014,2025-03-02,46,769
2024-10-02,P000057,LOC016,637,61.08,S0014,2024-09-09,46,769
2024-11-01,P000057,LOC016,679,56.58,S0014,2024-10-04,46,769
2024-12-01,P000057,LOC016,551,60.61,S0014,2024-11-12,46,769
2024-12-31,P000057,LOC016,555,58.79,S0014,2024-12-08,46,769
2025-01-30,P000057,LOC016,592,61.47,S0014,2025-01-22,46,769
2025-03-01,P000057,LOC016,697,58.38,S0014,2025-02-13,46,769
2025-03-31,P000057,LOC016,714,58.63,S0014,2025-03-23,46,769
2024-10-02,P000057,LOC017,605,61.34,S0014,2024-09-15,46,769
2024-11-01,P000057,LOC017,723,61.47,S0014,2024-10-28,46,769
2024-12-01,P000057,LOC017,591,58.16,S0014,2024-11-10,46,769
2024-12-31,P000057,LOC017,654,59.06,S0014,2024-12-20,46,769
2025-01-30,P000057,LOC017,575,61.48,S0014,2024-12-31,46,769
2025-03-01,P000057,LOC017,717,56.97,S0014,2025-02-20,46,769
2025-03-31,P000057,LOC017,648,60.18,S0014,2025-03-17,46,769
2024-10-02,P000057,LOC018,588,60.74,S0014,2024-09-07,46,769
2024-11-01,P000057,LOC018,616,58.82,S0014,2024-10-15,46,769
2024-12-01,P000057,LOC018,558,59.63,S0014,2024-11-27,46,769
2024-12-31,P000057,LOC018,552,58.45,S0014,2024-12-23,46,769
2025-01-30,P000057,LOC018,594,56.33,S0014,2025-01-17,46,769
2025-03-01,P000057,LOC018,720,56.97,S0014,2025-02-11,46,769
2025-03-31,P000057,LOC018,692,61.57,S0014,2025-03-19,46,769
2024-10-02,P000057,LOC019,722,61.05,S0014,2024-09-24,46,769
2024-11-01,P000057,LOC019,706,60.35,S0014,2024-10-06,46,769
2024-12-01,P000057,LOC019,694,59.88,S0014,2024-11-09,46,769
2024-12-31,P000057,LOC019,648,59.04,S0014,2024-12-30,46,769
2025-01-30,P000057,LOC019,671,56.64,S0014,2025-01-24,46,769
2025-03-01,P000057,LOC019,724,57.89,S0014,2025-02-19,46,769
2025-03-31,P000057,LOC019,646,60.63,S0014,2025-03-30,46,769
2024-10-02,P000057,LOC020,686,61.26,S0014,2024-09-22,46,769
2024-11-01,P000057,LOC020,683,56.89,S0014,2024-10-14,46,769
2024-12-01,P000057,LOC020,723,61.34,S0014,2024-11-29,46,769
2024-12-31,P000057,LOC020,626,60.64,S0014,2024-12-05,46,769
2025-01-30,P000057,LOC020,626,58.1,S0014,2025-01-26,46,769
2025-03-01,P000057,LOC020,651,56.36,S0014,2025-02-15,46,769
2025-03-31,P000057,LOC020,543,60.42,S0014,2025-03-16,46,769
2024-10-02,P000058,LOC001,459,231.17,S0028,2024-09-27,16,471
2024-11-01,P000058,LOC001,410,236.03,S0028,2024-10-21,16,471
2024-12-01,P000058,LOC001,394,243.98,S0028,2024-11-14,16,471
2024-12-31,P000058,LOC001,400,235.84,S0028,2024-12-23,16,471
2025-01-30,P000058,LOC001,380,242.2,S0028,2025-01-13,16,471
2025-03-01,P000058,LOC001,338,237.5,S0028,2025-02-13,16,471
2025-03-31,P000058,LOC001,391,231.85,S0028,2025-03-28,16,471
2024-10-02,P000058,LOC002,343,227.4,S0028,2024-09-24,16,471
2024-11-01,P000058,LOC002,337,237.69,S0028,2024-10-22,16,471
2024-12-01,P000058,LOC002,404,228.79,S0028,2024-11-20,16,471
2024-12-31,P000058,LOC002,446,243.94,S0028,2024-12-18,16,471
2025-01-30,P000058,LOC002,409,227.75,S0028,2025-01-21,16,471
2025-03-01,P000058,LOC002,356,250.62,S0028,2025-02-06,16,471
2025-03-31,P000058,LOC002,366,245.32,S0028,2025-03-10,16,471
2024-10-02,P000058,LOC003,442,228.91,S0028,2024-09-24,16,471
2024-11-01,P000058,LOC003,390,251.21,S0028,2024-10-27,16,471
2024-12-01,P000058,LOC003,330,242.42,S0028,2024-11-13,16,471
2024-12-31,P000058,LOC003,427,242.06,S0028,2024-12-06,16,471
2025-01-30,P000058,LOC003,358,230.05,S0028,2025-01-13,16,471
2025-03-01,P000058,LOC003,340,247.42,S0028,2025-02-17,16,471
2025-03-31,P000058,LOC003,409,229.47,S0028,2025-03-27,16,471
2024-10-02,P000058,LOC004,417,234.34,S0028,2024-09-25,16,471
2024-11-01,P000058,LOC004,369,234.35,S0028,2024-10-03,16,471
2024-12-01,P000058,LOC004,445,228.22,S0028,2024-11-28,16,471
2024-12-31,P000058,LOC004,426,238.81,S0028,2024-12-13,16,471
2025-01-30,P000058,LOC004,338,234.81,S0028,2025-01-28,16,471
2025-03-01,P000058,LOC004,439,236.57,S0028,2025-02-02,16,471
2025-03-31,P000058,LOC004,385,233.4,S0028,2025-03-04,16,471
2024-10-02,P000058,LOC005,371,239.64,S0028,2024-09-27,16,471
2024-11-01,P000058,LOC005,435,247.57,S0028,2024-10-31,16,471
2024-12-01,P000058,LOC005,361,249.74,S0028,2024-11-18,16,471
2024-12-31,P000058,LOC005,441,250.67,S0028,2024-12-20,16,471
2025-01-30,P000058,LOC005,410,250.27,S0028,2025-01-01,16,471
2025-03-01,P000058,LOC005,436,230.09,S0028,2025-02-18,16,471
2025-03-31,P000058,LOC005,388,233.1,S0028,2025-03-09,16,471
2024-10-02,P000058,LOC006,353,250.58,S0028,2024-09-07,16,471
2024-11-01,P000058,LOC006,416,238.12,S0028,2024-10-29,16,471
2024-12-01,P000058,LOC006,432,230.19,S0028,2024-11-27,16,471
2024-12-31,P000058,LOC006,354,249.5,S0028,2024-12-04,16,471
2025-01-30,P000058,LOC006,353,251.28,S0028,2025-01-13,16,471
2025-03-01,P000058,LOC006,359,231.53,S0028,2025-02-28,16,471
2025-03-31,P000058,LOC006,402,237.89,S0028,2025-03-17,16,471
2024-10-02,P000058,LOC007,348,228.82,S0028,2024-09-21,16,471
2024-11-01,P000058,LOC007,342,247.03,S0028,2024-10-26,16,471
2024-12-01,P000058,LOC007,438,245.51,S0028,2024-11-07,16,471
2024-12-31,P000058,LOC007,409,229.3,S0028,2024-12-18,16,471
2025-01-30,P000058,LOC007,407,233.41,S0028,2025-01-12,16,471
2025-03-01,P000058,LOC007,401,242.79,S0028,2025-02-15,16,471
2025-03-31,P000058,LOC007,419,229.82,S0028,2025-03-30,16,471
2024-10-02,P000058,LOC008,467,235.05,S0028,2024-09-07,16,471
2024-11-01,P000058,LOC008,393,248.18,S0028,2024-10-12,16,471
2024-12-01,P000058,LOC008,334,249.5,S0028,2024-11-14,16,471
2024-12-31,P000058,LOC008,386,235.15,S0028,2024-12-23,16,471
2025-01-30,P000058,LOC008,402,244.07,S0028,2025-01-29,16,471
2025-03-01,P000058,LOC008,387,236.73,S0028,2025-02-28,16,471
2025-03-31,P000058,LOC008,445,245.36,S0028,2025-03-20,16,471
2024-10-02,P000058,LOC009,435,227.64,S0028,2024-09-10,16,471
2024-11-01,P000058,LOC009,431,239.6,S0028,2024-10-30,16,471
2024-12-01,P000058,LOC009,387,249.2,S0028,2024-11-07,16,471
2024-12-31,P000058,LOC009,445,234.11,S0028,2024-12-27,16,471
2025-01-30,P000058,LOC009,437,251.17,S0028,2025-01-10,16,471
2025-03-01,P000058,LOC009,362,235.97,S0028,2025-02-06,16,471
2025-03-31,P000058,LOC009,355,228.67,S0028,2025-03-27,16,471
2024-10-02,P000058,LOC010,459,246.2,S0028,2024-09-24,16,471
2024-11-01,P000058,LOC010,458,248.41,S0028,2024-10-11,16,471
2024-12-01,P000058,LOC010,467,245.91,S0028,2024-11-29,16,471
2024-12-31,P000058,LOC010,430,242.08,S0028,2024-12-25,16,471
2025-01-30,P000058,LOC010,397,242.94,S0028,2024-12-31,16,471
2025-03-01,P000058,LOC010,336,249.69,S0028,2025-02-08,16,471
2025-03-31,P000058,LOC010,423,236.84,S0028,2025-03-23,16,471
2024-10-02,P000058,LOC011,386,231.62,S0028,2024-09-23,16,471
2024-11-01,P000058,LOC011,393,235.09,S0028,2024-10-17,16,471
2024-12-01,P000058,LOC011,388,234.53,S0028,2024-11-13,16,471
2024-12-31,P000058,LOC011,376,236.43,S0028,2024-12-12,16,471
2025-01-30,P000058,LOC011,410,245.85,S0028,2025-01-08,16,471
2025-03-01,P000058,LOC011,350,244.89,S0028,2025-02-12,16,471
2025-03-31,P000058,LOC011,444,248.14,S0028,2025-03-10,16,471
2024-10-02,P000058,LOC012,411,250.74,S0028,2024-09-05,16,471
2024-11-01,P000058,LOC012,383,250.67,S0028,2024-10-29,16,471
2024-12-01,P000058,LOC012,410,227.88,S0028,2024-11-27,16,471
2024-12-31,P000058,LOC012,331,235.38,S0028,2024-12-25,16,471
2025-01-30,P000058,LOC012,434,244.38,S0028,2025-01-26,16,471
2025-03-01,P000058,LOC012,354,246.35,S0028,2025-02-26,16,471
2025-03-31,P000058,LOC012,398,248.22,S0028,2025-03-05,16,471
2024-10-02,P000058,LOC013,452,235.27,S0028,2024-09-03,16,471
2024-11-01,P000058,LOC013,368,245.65,S0028,2024-10-11,16,471
2024-12-01,P000058,LOC013,401,239.91,S0028,2024-11-07,16,471
2024-12-31,P000058,LOC013,360,230.95,S0028,2024-12-03,16,471
2025-01-30,P000058,LOC013,394,246.33,S0028,2025-01-02,16,471
2025-03-01,P000058,LOC013,357,232.92,S0028,2025-02-18,16,471
2025-03-31,P000058,LOC013,385,232.35,S0028,2025-03-22,16,471
2024-10-02,P000058,LOC014,412,227.97,S0028,2024-09-10,16,471
2024-11-01,P000058,LOC014,401,235.92,S0028,2024-10-07,16,471
2024-12-01,P000058,LOC014,372,247.15,S0028,2024-11-18,16,471
2024-12-31,P000058,LOC014,388,233.4,S0028,2024-12-12,16,471
2025-01-30,P000058,LOC014,354,228.12,S0028,2025-01-13,16,471
2025-03-01,P000058,LOC014,412,231.57,S0028,2025-02-13,16,471
2025-03-31,P000058,LOC014,373,249.51,S0028,2025-03-11,16,471
2024-10-02,P000058,LOC015,466,228.58,S0028,2024-09-22,16,471
2024-11-01,P000058,LOC015,430,241.28,S0028,2024-10-28,16,471
2024-12-01,P000058,LOC015,362,232.54,S0028,2024-11-01,16,471
2024-12-31,P000058,LOC015,350,240.81,S0028,2024-12-04,16,471
2025-01-30,P000058,LOC015,345,235.21,S0028,2025-01-10,16,471
2025-03-01,P000058,LOC015,397,246.13,S0028,2025-02-02,16,471
2025-03-31,P000058,LOC015,356,251.22,S0028,2025-03-14,16,471
2024-10-02,P000058,LOC016,408,240.45,S0028,2024-09-30,16,471
2024-11-01,P000058,LOC016,341,239.59,S0028,2024-10-02,16,471
2024-12-01,P000058,LOC016,361,227.87,S0028,2024-11-02,16,471
2024-12-31,P000058,LOC016,357,242.29,S0028,2024-12-08,16,471
2025-01-30,P000058,LOC016,380,237.7,S0028,2025-01-15,16,471
2025-03-01,P000058,LOC016,374,237.65,S0028,2025-02-03,16,471
2025-03-31,P000058,LOC016,346,243.27,S0028,2025-03-23,16,471
2024-10-02,P000058,LOC017,458,240.31,S0028,2024-09-15,16,471
2024-11-01,P000058,LOC017,442,242.5,S0028,2024-10-09,16,471
2024-12-01,P000058,LOC017,347,228.91,S0028,2024-11-10,16,471
2024-12-31,P000058,LOC017,424,247.2,S0028,2024-12-06,16,471
2025-01-30,P000058,LOC017,350,229.75,S0028,2025-01-02,16,471
2025-03-01,P000058,LOC017,388,242.86,S0028,2025-02-24,16,471
2025-03-31,P000058,LOC017,446,247.01,S0028,2025-03-11,16,471
2024-10-02,P000058,LOC018,429,241.94,S0028,2024-09-04,16,471
2024-11-01,P000058,LOC018,390,248.13,S0028,2024-10-20,16,471
2024-12-01,P000058,LOC018,414,229.48,S0028,2024-11-09,16,471
2024-12-31,P000058,LOC018,422,251.24,S0028,2024-12-07,16,471
2025-01-30,P000058,LOC018,365,251.02,S0028,2025-01-23,16,471
2025-03-01,P000058,LOC018,395,246.95,S0028,2025-02-19,16,471
2025-03-31,P000058,LOC018,396,231.5,S0028,2025-03-29,16,471
2024-10-02,P000058,LOC019,376,250.79,S0028,2024-09-24,16,471
2024-11-01,P000058,LOC019,469,245.16,S0028,2024-10-30,16,471
2024-12-01,P000058,LOC019,411,243.0,S0028,2024-11-30,16,471
2024-12-31,P000058,LOC019,336,239.83,S0028,2024-12-26,16,471
2025-01-30,P000058,LOC019,425,235.64,S0028,2025-01-25,16,471
2025-03-01,P000058,LOC019,385,232.74,S0028,2025-02-27,16,471
2025-03-31,P000058,LOC019,403,251.28,S0028,2025-03-16,16,471
2024-10-02,P000058,LOC020,445,227.72,S0028,2024-09-03,16,471
2024-11-01,P000058,LOC020,382,238.94,S0028,2024-10-25,16,471
2024-12-01,P000058,LOC020,369,232.04,S0028,2024-11-25,16,471
2024-12-31,P000058,LOC020,372,239.15,S0028,2024-12-22,16,471
2025-01-30,P000058,LOC020,395,242.81,S0028,2025-01-25,16,471
2025-03-01,P000058,LOC020,439,234.09,S0028,2025-02-18,16,471
2025-03-31,P000058,LOC020,360,231.9,S0028,2025-03-08,16,471
2024-10-02,P000059,LOC001,219,133.38,S0021,2024-09-04,34,469
2024-11-01,P000059,LOC001,278,134.32,S0021,2024-10-25,34,469
2024-12-01,P000059,LOC001,280,138.78,S0021,2024-11-20,34,469
2024-12-31,P000059,LOC001,251,139.16,S0021,2024-12-28,34,469
2025-01-30,P000059,LOC001,259,127.52,S0021,2025-01-19,34,469
2025-03-01,P000059,LOC001,271,129.77,S0021,2025-02-02,34,469
2025-03-31,P000059,LOC001,371,127.56,S0021,2025-03-14,34,469
2024-10-02,P000059,LOC002,207,130.37,S0021,2024-09-03,34,469
2024-11-01,P000059,LOC002,293,127.43,S0021,2024-10-04,34,469
2024-12-01,P000059,LOC002,259,133.22,S0021,2024-11-01,34,469
2024-12-31,P000059,LOC002,235,139.95,S0021,2024-12-21,34,469
2025-01-30,P000059,LOC002,268,132.04,S0021,2025-01-23,34,469
2025-03-01,P000059,LOC002,317,130.05,S0021,2025-01-30,34,469
2025-03-31,P000059,LOC002,408,134.25,S0021,2025-03-22,34,469
2024-10-02,P000059,LOC003,126,130.48,S0021,2024-09-19,34,469
2024-11-01,P000059,LOC003,173,128.21,S0021,2024-10-28,34,469
2024-12-01,P000059,LOC003,239,129.59,S0021,2024-11-10,34,469
2024-12-31,P000059,LOC003,319,129.51,S0021,2024-12-25,34,469
2025-01-30,P000059,LOC003,339,130.23,S0021,2025-01-27,34,469
2025-03-01,P000059,LOC003,413,130.08,S0021,2025-02-25,34,469
2025-03-31,P000059,LOC003,400,137.64,S0021,2025-03-24,34,469
2024-10-02,P000059,LOC004,161,134.47,S0021,2024-09-22,34,469
2024-11-01,P000059,LOC004,148,128.91,S0021,2024-10-25,34,469
2024-12-01,P000059,LOC004,163,131.88,S0021,2024-11-11,34,469
2024-12-31,P000059,LOC004,176,132.87,S0021,2024-12-16,34,469
2025-01-30,P000059,LOC004,206,134.54,S0021,2025-01-21,34,469
2025-03-01,P000059,LOC004,193,133.61,S0021,2025-02-23,34,469
2025-03-31,P000059,LOC004,185,140.75,S0021,2025-03-11,34,469
2024-10-02,P000059,LOC005,138,138.17,S0021,2024-09-24,34,469
2024-11-01,P000059,LOC005,229,128.47,S0021,2024-10-11,34,469
2024-12-01,P000059,LOC005,258,133.09,S0021,2024-11-28,34,469
2024-12-31,P000059,LOC005,301,128.16,S0021,2024-12-21,34,469
2025-01-30,P000059,LOC005,374,135.24,S0021,2025-01-11,34,469
2025-03-01,P000059,LOC005,450,139.19,S0021,2025-02-01,34,469
2025-03-31,P000059,LOC005,330,138.97,S0021,2025-03-09,34,469
2024-10-02,P000059,LOC006,157,128.11,S0021,2024-09-04,34,469
2024-11-01,P000059,LOC006,232,128.31,S0021,2024-10-15,34,469
2024-12-01,P000059,LOC006,235,137.35,S0021,2024-11-22,34,469
2024-12-31,P000059,LOC006,330,137.33,S0021,2024-12-17,34,469
2025-01-30,P000059,LOC006,306,131.77,S0021,2025-01-14,34,469
2025-03-01,P000059,LOC006,356,130.27,S0021,2025-02-04,34,469
2025-03-31,P000059,LOC006,354,138.51,S0021,2025-03-03,34,469
2024-10-02,P000059,LOC007,200,135.29,S0021,2024-09-08,34,469
2024-11-01,P000059,LOC007,182,131.11,S0021,2024-10-07,34,469
2024-12-01,P000059,LOC007,134,133.0,S0021,2024-11-22,34,469
2024-12-31,P000059,LOC007,225,136.18,S0021,2024-12-18,34,469
2025-01-30,P000059,LOC007,305,135.12,S0021,2025-01-24,34,469
2025-03-01,P000059,LOC007,322,135.96,S0021,2025-02-09,34,469
2025-03-31,P000059,LOC007,421,134.45,S0021,2025-03-24,34,469
2024-10-02,P000059,LOC008,226,136.13,S0021,2024-09-03,34,469
2024-11-01,P000059,LOC008,259,130.57,S0021,2024-10-31,34,469
2024-12-01,P000059,LOC008,255,129.64,S0021,2024-11-22,34,469
2024-12-31,P000059,LOC008,303,132.45,S0021,2024-12-11,34,469
2025-01-30,P000059,LOC008,386,130.06,S0021,2025-01-12,34,469
2025-03-01,P000059,LOC008,383,127.82,S0021,2025-02-25,34,469
2025-03-31,P000059,LOC008,446,136.78,S0021,2025-03-25,34,469
2024-10-02,P000059,LOC009,155,137.4,S0021,2024-09-24,34,469
2024-11-01,P000059,LOC009,236,137.74,S0021,2024-10-04,34,469
2024-12-01,P000059,LOC009,247,128.14,S0021,2024-11-07,34,469
2024-12-31,P000059,LOC009,316,135.7,S0021,2024-12-20,34,469
2025-01-30,P000059,LOC009,349,128.98,S0021,2025-01-08,34,469
2025-03-01,P000059,LOC009,372,130.1,S0021,2025-02-17,34,469
2025-03-31,P000059,LOC009,371,128.21,S0021,2025-03-07,34,469
2024-10-02,P000059,LOC010,155,130.95,S0021,2024-09-28,34,469
2024-11-01,P000059,LOC010,242,131.46,S0021,2024-10-17,34,469
2024-12-01,P000059,LOC010,232,128.66,S0021,2024-11-15,34,469
2024-12-31,P000059,LOC010,223,132.05,S0021,2024-12-15,34,469
2025-01-30,P000059,LOC010,235,129.94,S0021,2025-01-07,34,469
2025-03-01,P000059,LOC010,210,129.72,S0021,2025-02-03,34,469
2025-03-31,P000059,LOC010,279,128.31,S0021,2025-03-13,34,469
2024-10-02,P000059,LOC011,246,134.65,S0021,2024-09-08,34,469
2024-11-01,P000059,LOC011,272,129.38,S0021,2024-10-23,34,469
2024-12-01,P000059,LOC011,305,139.74,S0021,2024-11-18,34,469
2024-12-31,P000059,LOC011,350,134.92,S0021,2024-12-02,34,469
2025-01-30,P000059,LOC011,363,139.97,S0021,2025-01-23,34,469
2025-03-01,P000059,LOC011,415,134.22,S0021,2025-02-08,34,469
2025-03-31,P000059,LOC011,342,140.12,S0021,2025-03-22,34,469
2024-10-02,P000059,LOC012,130,139.22,S0021,2024-09-29,34,469
2024-11-01,P000059,LOC012,147,140.34,S0021,2024-10-20,34,469
2024-12-01,P000059,LOC012,175,133.57,S0021,2024-11-13,34,469
2024-12-31,P000059,LOC012,221,129.55,S0021,2024-12-13,34,469
2025-01-30,P000059,LOC012,317,127.7,S0021,2025-01-20,34,469
2025-03-01,P000059,LOC012,333,135.24,S0021,2025-02-19,34,469
2025-03-31,P000059,LOC012,284,136.17,S0021,2025-03-20,34,469
2024-10-02,P000059,LOC013,194,129.79,S0021,2024-10-01,34,469
2024-11-01,P000059,LOC013,243,136.14,S0021,2024-10-26,34,469
2024-12-01,P000059,LOC013,331,137.09,S0021,2024-11-20,34,469
2024-12-31,P000059,LOC013,349,135.35,S0021,2024-12-04,34,469
2025-01-30,P000059,LOC013,371,134.45,S0021,2025-01-27,34,469
2025-03-01,P000059,LOC013,414,128.04,S0021,2025-02-05,34,469
2025-03-31,P000059,LOC013,459,138.81,S0021,2025-03-15,34,469
2024-10-02,P000059,LOC014,170,133.37,S0021,2024-09-09,34,469
2024-11-01,P000059,LOC014,220,134.9,S0021,2024-10-20,34,469
2024-12-01,P000059,LOC014,206,139.19,S0021,2024-11-23,34,469
2024-12-31,P000059,LOC014,190,134.9,S0021,2024-12-04,34,469
2025-01-30,P000059,LOC014,208,136.99,S0021,2025-01-17,34,469
2025-03-01,P000059,LOC014,260,133.93,S0021,2025-01-30,34,469
2025-03-31,P000059,LOC014,234,128.68,S0021,2025-03-06,34,469
2024-10-02,P000059,LOC015,203,138.76,S0021,2024-09-23,34,469
2024-11-01,P000059,LOC015,193,128.66,S0021,2024-10-19,34,469
2024-12-01,P000059,LOC015,293,127.44,S0021,2024-11-23,34,469
2024-12-31,P000059,LOC015,345,134.17,S0021,2024-12-30,34,469
2025-01-30,P000059,LOC015,323,136.61,S0021,2025-01-02,34,469
2025-03-01,P000059,LOC015,337,134.75,S0021,2025-02-17,34,469
2025-03-31,P000059,LOC015,368,130.51,S0021,2025-03-26,34,469
2024-10-02,P000059,LOC016,198,140.48,S0021,2024-09-26,34,469
2024-11-01,P000059,LOC016,192,133.32,S0021,2024-10-09,34,469
2024-12-01,P000059,LOC016,205,129.17,S0021,2024-11-12,34,469
2024-12-31,P000059,LOC016,280,129.52,S0021,2024-12-03,34,469
2025-01-30,P000059,LOC016,316,135.7,S0021,2025-01-08,34,469
2025-03-01,P000059,LOC016,314,135.52,S0021,2025-02-23,34,469
2025-03-31,P000059,LOC016,302,129.89,S0021,2025-03-26,34,469
2024-10-02,P000059,LOC017,228,140.07,S0021,2024-09-12,34,469
2024-11-01,P000059,LOC017,317,140.22,S0021,2024-10-16,34,469
2024-12-01,P000059,LOC017,317,130.44,S0021,2024-11-24,34,469
2024-12-31,P000059,LOC017,281,129.72,S0021,2024-12-08,34,469
2025-01-30,P000059,LOC017,372,137.01,S0021,2025-01-13,34,469
2025-03-01,P000059,LOC017,397,136.48,S0021,2025-02-01,34,469
2025-03-31,P000059,LOC017,429,137.12,S0021,2025-03-25,34,469
2024-10-02,P000059,LOC018,209,133.34,S0021,2024-09-30,34,469
2024-11-01,P000059,LOC018,274,136.77,S0021,2024-10-31,34,469
2024-12-01,P000059,LOC018,290,130.7,S0021,2024-11-18,34,469
2024-12-31,P000059,LOC018,355,140.12,S0021,2024-12-28,34,469
2025-01-30,P000059,LOC018,449,137.19,S0021,2024-12-31,34,469
2025-03-01,P000059,LOC018,429,134.62,S0021,2025-02-01,34,469
2025-03-31,P000059,LOC018,462,138.2,S0021,2025-03-21,34,469
2024-10-02,P000059,LOC019,181,131.81,S0021,2024-09-04,34,469
2024-11-01,P000059,LOC019,244,131.02,S0021,2024-10-23,34,469
2024-12-01,P000059,LOC019,306,134.32,S0021,2024-11-24,34,469
2024-12-31,P000059,LOC019,342,139.38,S0021,2024-12-01,34,469
2025-01-30,P000059,LOC019,418,129.36,S0021,2025-01-21,34,469
2025-03-01,P000059,LOC019,441,135.59,S0021,2025-02-10,34,469
2025-03-31,P000059,LOC019,351,128.99,S0021,2025-03-05,34,469
2024-10-02,P000059,LOC020,226,136.0,S0021,2024-09-17,34,469
2024-11-01,P000059,LOC020,326,131.67,S0021,2024-10-16,34,469
2024-12-01,P000059,LOC020,325,139.03,S0021,2024-11-20,34,469
2024-12-31,P000059,LOC020,371,130.9,S0021,2024-12-18,34,469
2025-01-30,P000059,LOC020,347,128.05,S0021,2025-01-10,34,469
2025-03-01,P000059,LOC020,406,138.48,S0021,2025-02-04,34,469
2025-03-31,P000059,LOC020,467,135.35,S0021,2025-03-13,34,469
2024-10-02,P000060,LOC001,421,432.81,S0002,2024-09-29,17,499
2024-11-01,P000060,LOC001,430,419.76,S0002,2024-10-18,17,499
2024-12-01,P000060,LOC001,371,429.41,S0002,2024-11-16,17,499
2024-12-31,P000060,LOC001,446,409.88,S0002,2024-12-20,17,499
2025-01-30,P000060,LOC001,393,436.04,S0002,2025-01-17,17,499
2025-03-01,P000060,LOC001,433,405.62,S0002,2025-02-13,17,499
2025-03-31,P000060,LOC001,410,431.74,S0002,2025-03-15,17,499
2024-10-02,P000060,LOC002,441,420.61,S0002,2024-09-13,17,499
2024-11-01,P000060,LOC002,460,404.95,S0002,2024-10-22,17,499
2024-12-01,P000060,LOC002,396,419.42,S0002,2024-11-22,17,499
2024-12-31,P000060,LOC002,385,396.75,S0002,2024-12-08,17,499
2025-01-30,P000060,LOC002,428,409.52,S0002,2025-01-02,17,499
2025-03-01,P000060,LOC002,367,401.93,S0002,2025-02-25,17,499
2025-03-31,P000060,LOC002,370,434.34,S0002,2025-03-25,17,499
2024-10-02,P000060,LOC003,450,403.7,S0002,2024-09-14,17,499
2024-11-01,P000060,LOC003,391,421.14,S0002,2024-10-06,17,499
2024-12-01,P000060,LOC003,428,395.72,S0002,2024-11-27,17,499
2024-12-31,P000060,LOC003,420,427.89,S0002,2024-12-10,17,499
2025-01-30,P000060,LOC003,455,405.35,S0002,2025-01-27,17,499
2025-03-01,P000060,LOC003,358,410.23,S0002,2025-01-31,17,499
2025-03-31,P000060,LOC003,369,425.75,S0002,2025-03-30,17,499
2024-10-02,P000060,LOC004,377,423.94,S0002,2024-10-01,17,499
2024-11-01,P000060,LOC004,388,401.3,S0002,2024-10-02,17,499
2024-12-01,P000060,LOC004,385,424.21,S0002,2024-11-30,17,499
2024-12-31,P000060,LOC004,382,407.94,S0002,2024-12-08,17,499
2025-01-30,P000060,LOC004,429,414.29,S0002,2025-01-10,17,499
2025-03-01,P000060,LOC004,383,404.8,S0002,2025-02-16,17,499
2025-03-31,P000060,LOC004,404,400.33,S0002,2025-03-14,17,499
2024-10-02,P000060,LOC005,456,434.32,S0002,2024-09-04,17,499
2024-11-01,P000060,LOC005,394,404.67,S0002,2024-10-31,17,499
2024-12-01,P000060,LOC005,422,435.14,S0002,2024-11-03,17,499
2024-12-31,P000060,LOC005,469,430.51,S0002,2024-12-11,17,499
2025-01-30,P000060,LOC005,400,407.19,S0002,2025-01-03,17,499
2025-03-01,P000060,LOC005,372,402.06,S0002,2025-02-28,17,499
2025-03-31,P000060,LOC005,352,422.95,S0002,2025-03-04,17,499
2024-10-02,P000060,LOC006,440,423.59,S0002,2024-09-15,17,499
2024-11-01,P000060,LOC006,431,421.18,S0002,2024-10-03,17,499
2024-12-01,P000060,LOC006,466,416.89,S0002,2024-11-01,17,499
2024-12-31,P000060,LOC006,436,432.98,S0002,2024-12-03,17,499
2025-01-30,P000060,LOC006,359,423.75,S0002,2025-01-25,17,499
2025-03-01,P000060,LOC006,370,427.89,S0002,2025-02-09,17,499
2025-03-31,P000060,LOC006,362,425.85,S0002,2025-03-20,17,499
2024-10-02,P000060,LOC007,357,402.92,S0002,2024-09-15,17,499
2024-11-01,P000060,LOC007,458,428.04,S0002,2024-10-12,17,499
2024-12-01,P000060,LOC007,417,429.43,S0002,2024-11-10,17,499
2024-12-31,P000060,LOC007,352,417.0,S0002,2024-12-05,17,499
2025-01-30,P000060,LOC007,398,430.57,S0002,2025-01-24,17,499
2025-03-01,P000060,LOC007,444,410.37,S0002,2025-02-24,17,499
2025-03-31,P000060,LOC007,359,403.64,S0002,2025-03-07,17,499
2024-10-02,P000060,LOC008,382,423.1,S0002,2024-09-29,17,499
2024-11-01,P000060,LOC008,368,396.3,S0002,2024-10-22,17,499
2024-12-01,P000060,LOC008,430,399.53,S0002,2024-11-21,17,499
2024-12-31,P000060,LOC008,459,402.14,S0002,2024-12-22,17,499
2025-01-30,P000060,LOC008,387,424.51,S0002,2025-01-03,17,499
2025-03-01,P000060,LOC008,380,428.98,S0002,2025-02-18,17,499
2025-03-31,P000060,LOC008,384,427.0,S0002,2025-03-20,17,499
2024-10-02,P000060,LOC009,427,429.69,S0002,2024-09-05,17,499
2024-11-01,P000060,LOC009,365,403.31,S0002,2024-10-13,17,499
2024-12-01,P000060,LOC009,453,434.6,S0002,2024-11-15,17,499
2024-12-31,P000060,LOC009,352,403.51,S0002,2024-12-30,17,499
2025-01-30,P000060,LOC009,432,396.77,S0002,2024-12-31,17,499
2025-03-01,P000060,LOC009,456,399.95,S0002,2025-02-12,17,499
2025-03-31,P000060,LOC009,389,405.41,S0002,2025-03-24,17,499
2024-10-02,P000060,LOC010,408,405.55,S0002,2024-09-23,17,499
2024-11-01,P000060,LOC010,470,422.94,S0002,2024-10-09,17,499
2024-12-01,P000060,LOC010,416,423.98,S0002,2024-11-03,17,499
2024-12-31,P000060,LOC010,383,422.29,S0002,2024-12-28,17,499
2025-01-30,P000060,LOC010,404,428.39,S0002,2025-01-20,17,499
2025-03-01,P000060,LOC010,470,405.36,S0002,2025-02-01,17,499
2025-03-31,P000060,LOC010,436,412.37,S0002,2025-03-25,17,499
2024-10-02,P000060,LOC011,371,403.53,S0002,2024-09-30,17,499
2024-11-01,P000060,LOC011,423,421.63,S0002,2024-10-31,17,499
2024-12-01,P000060,LOC011,428,400.43,S0002,2024-11-18,17,499
2024-12-31,P000060,LOC011,428,396.16,S0002,2024-12-13,17,499
2025-01-30,P000060,LOC011,419,425.79,S0002,2025-01-11,17,499
2025-03-01,P000060,LOC011,414,402.05,S0002,2025-02-23,17,499
2025-03-31,P000060,LOC011,429,412.9,S0002,2025-03-29,17,499
2024-10-02,P000060,LOC012,387,429.8,S0002,2024-09-12,17,499
2024-11-01,P000060,LOC012,392,426.32,S0002,2024-10-20,17,499
2024-12-01,P000060,LOC012,416,417.49,S0002,2024-11-18,17,499
2024-12-31,P000060,LOC012,449,403.75,S0002,2024-12-28,17,499
2025-01-30,P000060,LOC012,404,434.36,S0002,2025-01-13,17,499
2025-03-01,P000060,LOC012,394,434.76,S0002,2025-02-03,17,499
2025-03-31,P000060,LOC012,381,422.53,S0002,2025-03-03,17,499
2024-10-02,P000060,LOC013,387,418.19,S0002,2024-09-25,17,499
2024-11-01,P000060,LOC013,349,433.36,S0002,2024-10-19,17,499
2024-12-01,P000060,LOC013,451,408.86,S0002,2024-11-21,17,499
2024-12-31,P000060,LOC013,455,434.35,S0002,2024-12-20,17,499
2025-01-30,P000060,LOC013,392,396.76,S0002,2025-01-25,17,499
2025-03-01,P000060,LOC013,407,396.1,S0002,2025-02-26,17,499
2025-03-31,P000060,LOC013,350,432.41,S0002,2025-03-26,17,499
2024-10-02,P000060,LOC014,464,407.59,S0002,2024-09-22,17,499
2024-11-01,P000060,LOC014,467,411.0,S0002,2024-10-29,17,499
2024-12-01,P000060,LOC014,408,409.5,S0002,2024-11-08,17,499
2024-12-31,P000060,LOC014,350,397.81,S0002,2024-12-26,17,499
2025-01-30,P000060,LOC014,402,414.59,S0002,2025-01-23,17,499
2025-03-01,P000060,LOC014,385,398.62,S0002,2025-02-03,17,499
2025-03-31,P000060,LOC014,378,401.31,S0002,2025-03-13,17,499
2024-10-02,P000060,LOC015,350,400.63,S0002,2024-09-28,17,499
2024-11-01,P000060,LOC015,395,401.23,S0002,2024-10-28,17,499
2024-12-01,P000060,LOC015,400,422.83,S0002,2024-11-20,17,499
2024-12-31,P000060,LOC015,419,425.01,S0002,2024-12-09,17,499
2025-01-30,P000060,LOC015,398,427.14,S0002,2025-01-08,17,499
2025-03-01,P000060,LOC015,369,402.64,S0002,2025-01-30,17,499
2025-03-31,P000060,LOC015,441,398.77,S0002,2025-03-27,17,499
2024-10-02,P000060,LOC016,397,416.35,S0002,2024-09-26,17,499
2024-11-01,P000060,LOC016,396,421.48,S0002,2024-10-10,17,499
2024-12-01,P000060,LOC016,382,432.48,S0002,2024-11-17,17,499
2024-12-31,P000060,LOC016,401,408.92,S0002,2024-12-24,17,499
2025-01-30,P000060,LOC016,379,418.28,S0002,2025-01-01,17,499
2025-03-01,P000060,LOC016,444,417.02,S0002,2025-02-24,17,499
2025-03-31,P000060,LOC016,462,404.71,S0002,2025-03-12,17,499
2024-10-02,P000060,LOC017,450,419.49,S0002,2024-09-06,17,499
2024-11-01,P000060,LOC017,434,424.73,S0002,2024-10-29,17,499
2024-12-01,P000060,LOC017,384,426.42,S0002,2024-11-12,17,499
2024-12-31,P000060,LOC017,441,431.93,S0002,2024-12-22,17,499
2025-01-30,P000060,LOC017,450,409.36,S0002,2025-01-20,17,499
2025-03-01,P000060,LOC017,400,411.02,S0002,2025-02-20,17,499
2025-03-31,P000060,LOC017,455,431.43,S0002,2025-03-04,17,499
2024-10-02,P000060,LOC018,372,400.53,S0002,2024-09-17,17,499
2024-11-01,P000060,LOC018,385,405.57,S0002,2024-10-31,17,499
2024-12-01,P000060,LOC018,428,417.66,S0002,2024-11-26,17,499
2024-12-31,P000060,LOC018,426,403.63,S0002,2024-12-11,17,499
2025-01-30,P000060,LOC018,383,397.08,S0002,2025-01-25,17,499
2025-03-01,P000060,LOC018,426,405.37,S0002,2025-01-31,17,499
2025-03-31,P000060,LOC018,372,432.03,S0002,2025-03-25,17,499
2024-10-02,P000060,LOC019,351,419.88,S0002,2024-09-18,17,499
2024-11-01,P000060,LOC019,355,401.15,S0002,2024-10-04,17,499
2024-12-01,P000060,LOC019,416,425.12,S0002,2024-11-09,17,499
2024-12-31,P000060,LOC019,372,402.69,S0002,2024-12-21,17,499
2025-01-30,P000060,LOC019,362,433.66,S0002,2025-01-16,17,499
2025-03-01,P000060,LOC019,382,409.67,S0002,2025-02-16,17,499
2025-03-31,P000060,LOC019,438,436.53,S0002,2025-03-19,17,499
2024-10-02,P000060,LOC020,440,418.33,S0002,2024-10-01,17,499
2024-11-01,P000060,LOC020,378,409.55,S0002,2024-10-23,17,499
2024-12-01,P000060,LOC020,368,406.02,S0002,2024-11-02,17,499
2024-12-31,P000060,LOC020,410,399.09,S0002,2024-12-05,17,499
2025-01-30,P000060,LOC020,391,416.21,S0002,2025-01-26,17,499
2025-03-01,P000060,LOC020,388,421.61,S0002,2025-02-06,17,499
2025-03-31,P000060,LOC020,449,428.39,S0002,2025-03-05,17,499
2024-10-02,P000061,LOC001,0,220.0,S0023,2024-09-25,31,103
2024-11-01,P000061,LOC001,31,231.19,S0023,2024-10-22,31,103
2024-12-01,P000061,LOC001,64,219.54,S0023,2024-11-28,31,103
2024-12-31,P000061,LOC001,53,222.76,S0023,2024-12-11,31,103
2025-01-30,P000061,LOC001,64,232.38,S0023,2025-01-22,31,103
2025-03-01,P000061,LOC001,97,220.93,S0023,2025-02-21,31,103
2025-03-31,P000061,LOC001,84,231.02,S0023,2025-03-16,31,103
2024-10-02,P000061,LOC002,0,221.86,S0023,2024-09-12,31,103
2024-11-01,P000061,LOC002,32,230.38,S0023,2024-10-27,31,103
2024-12-01,P000061,LOC002,19,232.37,S0023,2024-11-01,31,103
2024-12-31,P000061,LOC002,1,221.16,S0023,2024-12-15,31,103
2025-01-30,P000061,LOC002,31,224.43,S0023,2025-01-06,31,103
2025-03-01,P000061,LOC002,39,227.23,S0023,2025-02-21,31,103
2025-03-31,P000061,LOC002,69,221.93,S0023,2025-03-13,31,103
2024-10-02,P000061,LOC003,87,216.1,S0023,2024-09-03,31,103
2024-11-01,P000061,LOC003,92,230.96,S0023,2024-10-03,31,103
2024-12-01,P000061,LOC003,80,219.7,S0023,2024-11-26,31,103
2024-12-31,P000061,LOC003,93,216.28,S0023,2024-12-19,31,103
2025-01-30,P000061,LOC003,96,237.5,S0023,2025-01-09,31,103
2025-03-01,P000061,LOC003,73,230.73,S0023,2025-02-12,31,103
2025-03-31,P000061,LOC003,92,222.87,S0023,2025-03-24,31,103
2024-10-02,P000061,LOC004,8,217.73,S0023,2024-09-29,31,103
2024-11-01,P000061,LOC004,34,234.3,S0023,2024-10-25,31,103
2024-12-01,P000061,LOC004,97,226.61,S0023,2024-11-16,31,103
2024-12-31,P000061,LOC004,73,229.3,S0023,2024-12-27,31,103
2025-01-30,P000061,LOC004,59,226.06,S0023,2025-01-07,31,103
2025-03-01,P000061,LOC004,84,220.71,S0023,2025-02-24,31,103
2025-03-31,P000061,LOC004,77,217.77,S0023,2025-03-12,31,103
2024-10-02,P000061,LOC005,62,231.69,S0023,2024-09-14,31,103
2024-11-01,P000061,LOC005,95,225.39,S0023,2024-10-02,31,103
2024-12-01,P000061,LOC005,86,218.14,S0023,2024-11-07,31,103
2024-12-31,P000061,LOC005,64,216.43,S0023,2024-12-29,31,103
2025-01-30,P000061,LOC005,98,234.29,S0023,2025-01-19,31,103
2025-03-01,P000061,LOC005,93,233.24,S0023,2025-02-16,31,103
2025-03-31,P000061,LOC005,93,217.29,S0023,2025-03-06,31,103
2024-10-02,P000061,LOC006,68,222.95,S0023,2024-09-28,31,103
2024-11-01,P000061,LOC006,96,237.34,S0023,2024-10-26,31,103
2024-12-01,P000061,LOC006,93,218.69,S0023,2024-11-10,31,103
2024-12-31,P000061,LOC006,99,223.09,S0023,2024-12-17,31,103
2025-01-30,P000061,LOC006,75,222.97,S0023,2025-01-06,31,103
2025-03-01,P000061,LOC006,91,217.74,S0023,2025-02-23,31,103
2025-03-31,P000061,LOC006,78,238.17,S0023,2025-03-10,31,103
2024-10-02,P000061,LOC007,100,233.55,S0023,2024-09-26,31,103
2024-11-01,P000061,LOC007,98,224.65,S0023,2024-10-24,31,103
2024-12-01,P000061,LOC007,91,236.12,S0023,2024-11-20,31,103
2024-12-31,P000061,LOC007,83,216.12,S0023,2024-12-18,31,103
2025-01-30,P000061,LOC007,91,236.12,S0023,2025-01-01,31,103
2025-03-01,P000061,LOC007,72,220.56,S0023,2025-02-21,31,103
2025-03-31,P000061,LOC007,83,236.51,S0023,2025-03-29,31,103
2024-10-02,P000061,LOC008,64,222.03,S0023,2024-09-25,31,103
2024-11-01,P000061,LOC008,28,231.59,S0023,2024-10-07,31,103
2024-12-01,P000061,LOC008,101,223.76,S0023,2024-11-18,31,103
2024-12-31,P000061,LOC008,91,215.96,S0023,2024-12-12,31,103
2025-01-30,P000061,LOC008,85,227.2,S0023,2025-01-28,31,103
2025-03-01,P000061,LOC008,97,223.45,S0023,2025-02-07,31,103
2025-03-31,P000061,LOC008,84,224.83,S0023,2025-03-11,31,103
2024-10-02,P000061,LOC009,52,217.61,S0023,2024-09-20,31,103
2024-11-01,P000061,LOC009,89,230.73,S0023,2024-10-21,31,103
2024-12-01,P000061,LOC009,80,235.52,S0023,2024-11-16,31,103
2024-12-31,P000061,LOC009,80,233.55,S0023,2024-12-05,31,103
2025-01-30,P000061,LOC009,75,233.46,S0023,2025-01-22,31,103
2025-03-01,P000061,LOC009,88,227.59,S0023,2025-02-06,31,103
2025-03-31,P000061,LOC009,73,225.83,S0023,2025-03-09,31,103
2024-10-02,P000061,LOC010,40,236.81,S0023,2024-09-21,31,103
2024-11-01,P000061,LOC010,0,231.88,S0023,2024-10-02,31,103
2024-12-01,P000061,LOC010,94,218.27,S0023,2024-11-06,31,103
2024-12-31,P000061,LOC010,96,217.36,S0023,2024-12-06,31,103
2025-01-30,P000061,LOC010,85,230.15,S0023,2025-01-04,31,103
2025-03-01,P000061,LOC010,78,223.71,S0023,2025-02-03,31,103
2025-03-31,P000061,LOC010,88,218.9,S0023,2025-03-19,31,103
2024-10-02,P000061,LOC011,23,232.23,S0023,2024-09-04,31,103
2024-11-01,P000061,LOC011,54,219.78,S0023,2024-10-28,31,103
2024-12-01,P000061,LOC011,77,228.95,S0023,2024-11-11,31,103
2024-12-31,P000061,LOC011,94,221.55,S0023,2024-12-09,31,103
2025-01-30,P000061,LOC011,94,237.12,S0023,2024-12-31,31,103
2025-03-01,P000061,LOC011,77,219.57,S0023,2025-02-13,31,103
2025-03-31,P000061,LOC011,75,216.85,S0023,2025-03-05,31,103
2024-10-02,P000061,LOC012,94,233.08,S0023,2024-10-01,31,103
2024-11-01,P000061,LOC012,88,229.96,S0023,2024-10-28,31,103
2024-12-01,P000061,LOC012,80,218.28,S0023,2024-11-08,31,103
2024-12-31,P000061,LOC012,76,225.41,S0023,2024-12-07,31,103
2025-01-30,P000061,LOC012,79,223.5,S0023,2025-01-15,31,103
2025-03-01,P000061,LOC012,75,226.25,S0023,2025-02-10,31,103
2025-03-31,P000061,LOC012,92,226.52,S0023,2025-03-19,31,103
2024-10-02,P000061,LOC013,0,236.73,S0023,2024-09-29,31,103
2024-11-01,P000061,LOC013,36,219.09,S0023,2024-10-05,31,103
2024-12-01,P000061,LOC013,8,220.41,S0023,2024-11-28,31,103
2024-12-31,P000061,LOC013,72,225.17,S0023,2024-12-06,31,103
2025-01-30,P000061,LOC013,73,221.27,S0023,2024-12-31,31,103
2025-03-01,P000061,LOC013,92,228.09,S0023,2025-02-01,31,103
2025-03-31,P000061,LOC013,84,218.71,S0023,2025-03-20,31,103
2024-10-02,P000061,LOC014,0,228.27,S0023,2024-09-12,31,103
2024-11-01,P000061,LOC014,94,234.67,S0023,2024-10-06,31,103
2024-12-01,P000061,LOC014,87,228.36,S0023,2024-11-26,31,103
2024-12-31,P000061,LOC014,81,225.85,S0023,2024-12-14,31,103
2025-01-30,P000061,LOC014,74,226.78,S0023,2025-01-13,31,103
2025-03-01,P000061,LOC014,76,229.19,S0023,2025-02-05,31,103
2025-03-31,P000061,LOC014,74,219.24,S0023,2025-03-10,31,103
2024-10-02,P000061,LOC015,42,231.98,S0023,2024-09-13,31,103
2024-11-01,P000061,LOC015,88,226.47,S0023,2024-10-30,31,103
2024-12-01,P000061,LOC015,96,234.42,S0023,2024-11-26,31,103
2024-12-31,P000061,LOC015,97,237.52,S0023,2024-12-19,31,103
2025-01-30,P000061,LOC015,88,230.99,S0023,2025-01-25,31,103
2025-03-01,P000061,LOC015,73,226.48,S0023,2025-02-17,31,103
2025-03-31,P000061,LOC015,88,235.99,S0023,2025-03-22,31,103
2024-10-02,P000061,LOC016,90,222.91,S0023,2024-09-17,31,103
2024-11-01,P000061,LOC016,90,229.49,S0023,2024-10-28,31,103
2024-12-01,P000061,LOC016,92,236.28,S0023,2024-11-23,31,103
2024-12-31,P000061,LOC016,75,236.96,S0023,2024-12-03,31,103
2025-01-30,P000061,LOC016,78,235.14,S0023,2025-01-13,31,103
2025-03-01,P000061,LOC016,97,237.18,S0023,2025-01-31,31,103
2025-03-31,P000061,LOC016,92,233.93,S0023,2025-03-05,31,103
2024-10-02,P000061,LOC017,37,219.94,S0023,2024-09-15,31,103
2024-11-01,P000061,LOC017,81,226.81,S0023,2024-10-11,31,103
2024-12-01,P000061,LOC017,89,224.83,S0023,2024-11-23,31,103
2024-12-31,P000061,LOC017,47,227.01,S0023,2024-12-29,31,103
2025-01-30,P000061,LOC017,39,216.65,S0023,2025-01-19,31,103
2025-03-01,P000061,LOC017,45,224.71,S0023,2025-02-09,31,103
2025-03-31,P000061,LOC017,73,235.92,S0023,2025-03-03,31,103
2024-10-02,P000061,LOC018,80,226.79,S0023,2024-09-12,31,103
2024-11-01,P000061,LOC018,30,232.21,S0023,2024-10-06,31,103
2024-12-01,P000061,LOC018,0,224.82,S0023,2024-11-26,31,103
2024-12-31,P000061,LOC018,8,220.56,S0023,2024-12-07,31,103
2025-01-30,P000061,LOC018,46,221.88,S0023,2025-01-03,31,103
2025-03-01,P000061,LOC018,102,227.17,S0023,2025-02-23,31,103
2025-03-31,P000061,LOC018,91,225.41,S0023,2025-03-05,31,103
2024-10-02,P000061,LOC019,0,231.87,S0023,2024-09-14,31,103
2024-11-01,P000061,LOC019,10,216.72,S0023,2024-10-06,31,103
2024-12-01,P000061,LOC019,92,237.49,S0023,2024-11-04,31,103
2024-12-31,P000061,LOC019,103,228.28,S0023,2024-12-21,31,103
2025-01-30,P000061,LOC019,86,217.26,S0023,2025-01-16,31,103
2025-03-01,P000061,LOC019,83,217.7,S0023,2025-02-07,31,103
2025-03-31,P000061,LOC019,77,218.94,S0023,2025-03-08,31,103
2024-10-02,P000061,LOC020,59,219.93,S0023,2024-09-05,31,103
2024-11-01,P000061,LOC020,89,227.46,S0023,2024-10-26,31,103
2024-12-01,P000061,LOC020,68,238.18,S0023,2024-11-16,31,103
2024-12-31,P000061,LOC020,81,236.65,S0023,2024-12-25,31,103
2025-01-30,P000061,LOC020,75,233.86,S0023,2025-01-01,31,103
2025-03-01,P000061,LOC020,95,232.82,S0023,2025-02-13,31,103
2025-03-31,P000061,LOC020,84,234.14,S0023,2025-03-06,31,103
2024-10-02,P000062,LOC001,716,445.25,S0013,2024-09-11,18,885
2024-11-01,P000062,LOC001,770,439.74,S0013,2024-10-05,18,885
2024-12-01,P000062,LOC001,728,457.22,S0013,2024-11-24,18,885
2024-12-31,P000062,LOC001,737,471.48,S0013,2024-12-24,18,885
2025-01-30,P000062,LOC001,721,436.78,S0013,2024-12-31,18,885
2025-03-01,P000062,LOC001,682,476.46,S0013,2025-02-05,18,885
2025-03-31,P000062,LOC001,634,444.34,S0013,2025-03-30,18,885
2024-10-02,P000062,LOC002,610,481.08,S0013,2024-09-20,18,885
2024-11-01,P000062,LOC002,593,453.95,S0013,2024-10-20,18,885
2024-12-01,P000062,LOC002,601,445.57,S0013,2024-11-12,18,885
2024-12-31,P000062,LOC002,658,453.57,S0013,2024-12-23,18,885
2025-01-30,P000062,LOC002,691,481.38,S0013,2025-01-02,18,885
2025-03-01,P000062,LOC002,688,455.53,S0013,2025-02-15,18,885
2025-03-31,P000062,LOC002,765,464.63,S0013,2025-03-01,18,885
2024-10-02,P000062,LOC003,582,473.86,S0013,2024-09-18,18,885
2024-11-01,P000062,LOC003,682,471.86,S0013,2024-10-03,18,885
2024-12-01,P000062,LOC003,677,452.33,S0013,2024-11-06,18,885
2024-12-31,P000062,LOC003,770,482.38,S0013,2024-12-29,18,885
2025-01-30,P000062,LOC003,791,475.6,S0013,2024-12-31,18,885
2025-03-01,P000062,LOC003,822,472.87,S0013,2025-02-02,18,885
2025-03-31,P000062,LOC003,716,475.66,S0013,2025-03-06,18,885
2024-10-02,P000062,LOC004,604,444.38,S0013,2024-09-11,18,885
2024-11-01,P000062,LOC004,578,449.18,S0013,2024-10-18,18,885
2024-12-01,P000062,LOC004,544,448.85,S0013,2024-11-02,18,885
2024-12-31,P000062,LOC004,562,482.27,S0013,2024-12-29,18,885
2025-01-30,P000062,LOC004,519,474.15,S0013,2025-01-26,18,885
2025-03-01,P000062,LOC004,487,444.55,S0013,2025-02-16,18,885
2025-03-31,P000062,LOC004,457,451.02,S0013,2025-03-29,18,885
2024-10-02,P000062,LOC005,664,451.88,S0013,2024-09-23,18,885
2024-11-01,P000062,LOC005,697,469.6,S0013,2024-10-18,18,885
2024-12-01,P000062,LOC005,675,445.89,S0013,2024-11-30,18,885
2024-12-31,P000062,LOC005,685,441.66,S0013,2024-12-01,18,885
2025-01-30,P000062,LOC005,777,440.59,S0013,2025-01-19,18,885
2025-03-01,P000062,LOC005,775,470.15,S0013,2025-01-30,18,885
2025-03-31,P000062,LOC005,837,448.87,S0013,2025-03-21,18,885
2024-10-02,P000062,LOC006,647,444.08,S0013,2024-09-15,18,885
2024-11-01,P000062,LOC006,729,438.03,S0013,2024-10-02,18,885
2024-12-01,P000062,LOC006,723,460.65,S0013,2024-11-05,18,885
2024-12-31,P000062,LOC006,794,454.64,S0013,2024-12-25,18,885
2025-01-30,P000062,LOC006,845,450.17,S0013,2025-01-29,18,885
2025-03-01,P000062,LOC006,831,439.98,S0013,2025-01-30,18,885
2025-03-31,P000062,LOC006,871,456.3,S0013,2025-03-06,18,885
2024-10-02,P000062,LOC007,642,437.23,S0013,2024-10-01,18,885
2024-11-01,P000062,LOC007,667,438.27,S0013,2024-10-30,18,885
2024-12-01,P000062,LOC007,714,476.23,S0013,2024-11-12,18,885
2024-12-31,P000062,LOC007,696,481.17,S0013,2024-12-04,18,885
2025-01-30,P000062,LOC007,760,461.84,S0013,2025-01-29,18,885
2025-03-01,P000062,LOC007,769,459.2,S0013,2025-02-13,18,885
2025-03-31,P000062,LOC007,722,462.08,S0013,2025-03-18,18,885
2024-10-02,P000062,LOC008,598,461.59,S0013,2024-09-30,18,885
2024-11-01,P000062,LOC008,586,463.1,S0013,2024-10-12,18,885
2024-12-01,P000062,LOC008,613,470.96,S0013,2024-11-09,18,885
2024-12-31,P000062,LOC008,687,440.61,S0013,2024-12-30,18,885
2025-01-30,P000062,LOC008,752,455.18,S0013,2025-01-27,18,885
2025-03-01,P000062,LOC008,833,453.76,S0013,2025-02-16,18,885
2025-03-31,P000062,LOC008,810,461.81,S0013,2025-03-19,18,885
2024-10-02,P000062,LOC009,668,444.28,S0013,2024-09-14,18,885
2024-11-01,P000062,LOC009,630,464.12,S0013,2024-10-10,18,885
2024-12-01,P000062,LOC009,611,446.13,S0013,2024-11-02,18,885
2024-12-31,P000062,LOC009,654,450.75,S0013,2024-12-23,18,885
2025-01-30,P000062,LOC009,668,471.78,S0013,2025-01-10,18,885
2025-03-01,P000062,LOC009,658,468.99,S0013,2025-02-23,18,885
2025-03-31,P000062,LOC009,754,444.42,S0013,2025-03-10,18,885
2024-10-02,P000062,LOC010,671,454.97,S0013,2024-09-11,18,885
2024-11-01,P000062,LOC010,704,456.12,S0013,2024-10-29,18,885
2024-12-01,P000062,LOC010,733,437.47,S0013,2024-11-01,18,885
2024-12-31,P000062,LOC010,727,482.38,S0013,2024-12-16,18,885
2025-01-30,P000062,LOC010,790,468.83,S0013,2025-01-08,18,885
2025-03-01,P000062,LOC010,863,451.54,S0013,2025-02-18,18,885
2025-03-31,P000062,LOC010,813,469.32,S0013,2025-03-06,18,885
2024-10-02,P000062,LOC011,577,443.8,S0013,2024-09-13,18,885
2024-11-01,P000062,LOC011,648,468.7,S0013,2024-10-30,18,885
2024-12-01,P000062,LOC011,706,452.44,S0013,2024-11-11,18,885
2024-12-31,P000062,LOC011,776,480.55,S0013,2024-12-13,18,885
2025-01-30,P000062,LOC011,780,473.77,S0013,2025-01-02,18,885
2025-03-01,P000062,LOC011,841,446.27,S0013,2025-02-28,18,885
2025-03-31,P000062,LOC011,883,452.01,S0013,2025-03-07,18,885
2024-10-02,P000062,LOC012,645,469.28,S0013,2024-09-06,18,885
2024-11-01,P000062,LOC012,633,453.08,S0013,2024-10-31,18,885
2024-12-01,P000062,LOC012,716,468.74,S0013,2024-11-12,18,885
2024-12-31,P000062,LOC012,758,463.0,S0013,2024-12-13,18,885
2025-01-30,P000062,LOC012,833,481.82,S0013,2025-01-18,18,885
2025-03-01,P000062,LOC012,877,456.46,S0013,2025-02-14,18,885
2025-03-31,P000062,LOC012,684,452.94,S0013,2025-03-14,18,885
2024-10-02,P000062,LOC013,643,468.76,S0013,2024-09-09,18,885
2024-11-01,P000062,LOC013,604,463.9,S0013,2024-10-06,18,885
2024-12-01,P000062,LOC013,647,456.79,S0013,2024-11-13,18,885
2024-12-31,P000062,LOC013,702,465.33,S0013,2024-12-17,18,885
2025-01-30,P000062,LOC013,769,466.86,S0013,2025-01-12,18,885
2025-03-01,P000062,LOC013,803,439.17,S0013,2025-02-24,18,885
2025-03-31,P000062,LOC013,835,451.87,S0013,2025-03-19,18,885
2024-10-02,P000062,LOC014,621,457.1,S0013,2024-09-25,18,885
2024-11-01,P000062,LOC014,682,478.12,S0013,2024-10-10,18,885
2024-12-01,P000062,LOC014,771,452.34,S0013,2024-11-13,18,885
2024-12-31,P000062,LOC014,810,461.46,S0013,2024-12-12,18,885
2025-01-30,P000062,LOC014,801,451.72,S0013,2025-01-06,18,885
2025-03-01,P000062,LOC014,780,472.16,S0013,2025-01-30,18,885
2025-03-31,P000062,LOC014,815,479.54,S0013,2025-03-22,18,885
2024-10-02,P000062,LOC015,594,438.18,S0013,2024-09-07,18,885
2024-11-01,P000062,LOC015,600,448.79,S0013,2024-10-17,18,885
2024-12-01,P000062,LOC015,677,466.71,S0013,2024-11-09,18,885
2024-12-31,P000062,LOC015,663,464.56,S0013,2024-12-03,18,885
2025-01-30,P000062,LOC015,674,467.99,S0013,2025-01-01,18,885
2025-03-01,P000062,LOC015,717,469.89,S0013,2025-02-18,18,885
2025-03-31,P000062,LOC015,720,447.65,S0013,2025-03-12,18,885
2024-10-02,P000062,LOC016,623,463.75,S0013,2024-09-14,18,885
2024-11-01,P000062,LOC016,682,478.86,S0013,2024-10-06,18,885
2024-12-01,P000062,LOC016,779,447.24,S0013,2024-11-11,18,885
2024-12-31,P000062,LOC016,742,437.68,S0013,2024-12-03,18,885
2025-01-30,P000062,LOC016,713,480.86,S0013,2025-01-14,18,885
2025-03-01,P000062,LOC016,685,437.38,S0013,2025-02-01,18,885
2025-03-31,P000062,LOC016,762,471.41,S0013,2025-03-22,18,885
2024-10-02,P000062,LOC017,633,445.35,S0013,2024-09-07,18,885
2024-11-01,P000062,LOC017,645,463.68,S0013,2024-10-25,18,885
2024-12-01,P000062,LOC017,718,464.29,S0013,2024-11-01,18,885
2024-12-31,P000062,LOC017,689,469.81,S0013,2024-12-07,18,885
2025-01-30,P000062,LOC017,663,441.14,S0013,2025-01-08,18,885
2025-03-01,P000062,LOC017,657,475.09,S0013,2025-02-13,18,885
2025-03-31,P000062,LOC017,728,445.63,S0013,2025-03-03,18,885
2024-10-02,P000062,LOC018,582,465.18,S0013,2024-09-17,18,885
2024-11-01,P000062,LOC018,584,461.06,S0013,2024-10-28,18,885
2024-12-01,P000062,LOC018,596,474.62,S0013,2024-11-10,18,885
2024-12-31,P000062,LOC018,549,464.23,S0013,2024-12-17,18,885
2025-01-30,P000062,LOC018,621,456.69,S0013,2025-01-12,18,885
2025-03-01,P000062,LOC018,584,475.64,S0013,2025-02-23,18,885
2025-03-31,P000062,LOC018,534,463.67,S0013,2025-03-01,18,885
2024-10-02,P000062,LOC019,663,443.66,S0013,2024-09-20,18,885
2024-11-01,P000062,LOC019,646,445.67,S0013,2024-10-29,18,885
2024-12-01,P000062,LOC019,719,468.23,S0013,2024-11-24,18,885
2024-12-31,P000062,LOC019,751,454.67,S0013,2024-12-30,18,885
2025-01-30,P000062,LOC019,802,479.48,S0013,2025-01-07,18,885
2025-03-01,P000062,LOC019,882,438.66,S0013,2025-02-17,18,885
2025-03-31,P000062,LOC019,867,458.65,S0013,2025-03-26,18,885
2024-10-02,P000062,LOC020,589,459.96,S0013,2024-09-07,18,885
2024-11-01,P000062,LOC020,660,467.17,S0013,2024-10-14,18,885
2024-12-01,P000062,LOC020,688,453.64,S0013,2024-11-21,18,885
2024-12-31,P000062,LOC020,762,467.5,S0013,2024-12-16,18,885
2025-01-30,P000062,LOC020,782,455.28,S0013,2025-01-15,18,885
2025-03-01,P000062,LOC020,753,465.54,S0013,2025-02-12,18,885
2025-03-31,P000062,LOC020,791,439.0,S0013,2025-03-13,18,885
2024-10-02,P000063,LOC001,840,32.7,S0011,2024-09-03,12,1165
2024-11-01,P000063,LOC001,824,34.19,S0011,2024-10-03,12,1165
2024-12-01,P000063,LOC001,795,33.16,S0011,2024-11-01,12,1165
2024-12-31,P000063,LOC001,873,32.07,S0011,2024-12-02,12,1165
2025-01-30,P000063,LOC001,827,33.53,S0011,2025-01-05,12,1165
2025-03-01,P000063,LOC001,878,33.0,S0011,2025-02-23,12,1165
2025-03-31,P000063,LOC001,904,32.74,S0011,2025-03-10,12,1165
2024-10-02,P000063,LOC002,787,32.65,S0011,2024-09-15,12,1165
2024-11-01,P000063,LOC002,815,31.97,S0011,2024-10-03,12,1165
2024-12-01,P000063,LOC002,838,33.96,S0011,2024-11-09,12,1165
2024-12-31,P000063,LOC002,810,35.12,S0011,2024-12-24,12,1165
2025-01-30,P000063,LOC002,910,35.21,S0011,2025-01-13,12,1165
2025-03-01,P000063,LOC002,969,33.5,S0011,2025-02-11,12,1165
2025-03-31,P000063,LOC002,957,32.18,S0011,2025-03-16,12,1165
2024-10-02,P000063,LOC003,757,34.95,S0011,2024-09-08,12,1165
2024-11-01,P000063,LOC003,731,33.01,S0011,2024-10-04,12,1165
2024-12-01,P000063,LOC003,732,33.37,S0011,2024-11-14,12,1165
2024-12-31,P000063,LOC003,730,33.37,S0011,2024-12-21,12,1165
2025-01-30,P000063,LOC003,728,33.23,S0011,2025-01-05,12,1165
2025-03-01,P000063,LOC003,778,33.75,S0011,2025-02-10,12,1165
2025-03-31,P000063,LOC003,787,32.28,S0011,2025-03-02,12,1165
2024-10-02,P000063,LOC004,829,34.52,S0011,2024-09-06,12,1165
2024-11-01,P000063,LOC004,807,33.49,S0011,2024-10-13,12,1165
2024-12-01,P000063,LOC004,858,34.27,S0011,2024-11-18,12,1165
2024-12-31,P000063,LOC004,933,32.35,S0011,2024-12-04,12,1165
2025-01-30,P000063,LOC004,1003,33.71,S0011,2025-01-13,12,1165
2025-03-01,P000063,LOC004,1003,32.66,S0011,2025-02-03,12,1165
2025-03-31,P000063,LOC004,1029,33.63,S0011,2025-03-23,12,1165
2024-10-02,P000063,LOC005,847,32.48,S0011,2024-09-29,12,1165
2024-11-01,P000063,LOC005,941,33.93,S0011,2024-10-22,12,1165
2024-12-01,P000063,LOC005,994,33.43,S0011,2024-11-09,12,1165
2024-12-31,P000063,LOC005,1078,34.19,S0011,2024-12-30,12,1165
2025-01-30,P000063,LOC005,1119,33.6,S0011,2025-01-26,12,1165
2025-03-01,P000063,LOC005,1115,33.11,S0011,2025-02-01,12,1165
2025-03-31,P000063,LOC005,1155,32.05,S0011,2025-03-08,12,1165
2024-10-02,P000063,LOC006,758,33.23,S0011,2024-09-23,12,1165
2024-11-01,P000063,LOC006,781,32.8,S0011,2024-10-15,12,1165
2024-12-01,P000063,LOC006,797,35.22,S0011,2024-11-13,12,1165
2024-12-31,P000063,LOC006,818,33.87,S0011,2024-12-24,12,1165
2025-01-30,P000063,LOC006,886,35.29,S0011,2025-01-25,12,1165
2025-03-01,P000063,LOC006,936,31.96,S0011,2025-02-12,12,1165
2025-03-31,P000063,LOC006,909,32.2,S0011,2025-03-09,12,1165
2024-10-02,P000063,LOC007,883,34.82,S0011,2024-09-05,12,1165
2024-11-01,P000063,LOC007,899,32.62,S0011,2024-10-08,12,1165
2024-12-01,P000063,LOC007,901,32.33,S0011,2024-11-06,12,1165
2024-12-31,P000063,LOC007,913,33.73,S0011,2024-12-18,12,1165
2025-01-30,P000063,LOC007,940,34.73,S0011,2025-01-11,12,1165
2025-03-01,P000063,LOC007,969,34.32,S0011,2025-02-02,12,1165
2025-03-31,P000063,LOC007,974,33.65,S0011,2025-03-27,12,1165
2024-10-02,P000063,LOC008,881,34.31,S0011,2024-09-25,12,1165
2024-11-01,P000063,LOC008,902,32.94,S0011,2024-10-19,12,1165
2024-12-01,P000063,LOC008,925,33.59,S0011,2024-11-26,12,1165
2024-12-31,P000063,LOC008,963,34.02,S0011,2024-12-12,12,1165
2025-01-30,P000063,LOC008,951,32.31,S0011,2025-01-29,12,1165
2025-03-01,P000063,LOC008,978,33.3,S0011,2025-02-03,12,1165
2025-03-31,P000063,LOC008,956,33.34,S0011,2025-03-30,12,1165
2024-10-02,P000063,LOC009,821,33.98,S0011,2024-09-30,12,1165
2024-11-01,P000063,LOC009,778,33.48,S0011,2024-10-23,12,1165
2024-12-01,P000063,LOC009,778,33.53,S0011,2024-11-11,12,1165
2024-12-31,P000063,LOC009,836,34.08,S0011,2024-12-13,12,1165
2025-01-30,P000063,LOC009,919,32.17,S0011,2025-01-08,12,1165
2025-03-01,P000063,LOC009,966,34.64,S0011,2025-02-20,12,1165
2025-03-31,P000063,LOC009,976,32.21,S0011,2025-03-03,12,1165
2024-10-02,P000063,LOC010,869,33.42,S0011,2024-09-20,12,1165
2024-11-01,P000063,LOC010,856,32.48,S0011,2024-10-08,12,1165
2024-12-01,P000063,LOC010,884,34.78,S0011,2024-11-30,12,1165
2024-12-31,P000063,LOC010,937,32.4,S0011,2024-12-21,12,1165
2025-01-30,P000063,LOC010,1023,32.88,S0011,2025-01-20,12,1165
2025-03-01,P000063,LOC010,1106,34.39,S0011,2025-02-15,12,1165
2025-03-31,P000063,LOC010,1115,33.5,S0011,2025-03-02,12,1165
2024-10-02,P000063,LOC011,743,33.87,S0011,2024-09-24,12,1165
2024-11-01,P000063,LOC011,789,32.61,S0011,2024-10-23,12,1165
2024-12-01,P000063,LOC011,749,33.53,S0011,2024-11-17,12,1165
2024-12-31,P000063,LOC011,770,32.26,S0011,2024-12-29,12,1165
2025-01-30,P000063,LOC011,803,32.04,S0011,2025-01-17,12,1165
2025-03-01,P000063,LOC011,798,32.76,S0011,2025-02-23,12,1165
2025-03-31,P000063,LOC011,785,33.05,S0011,2025-03-09,12,1165
2024-10-02,P000063,LOC012,857,32.37,S0011,2024-09-17,12,1165
2024-11-01,P000063,LOC012,956,33.15,S0011,2024-10-29,12,1165
2024-12-01,P000063,LOC012,932,34.53,S0011,2024-11-25,12,1165
2024-12-31,P000063,LOC012,900,34.69,S0011,2024-12-08,12,1165
2025-01-30,P000063,LOC012,857,32.58,S0011,2025-01-29,12,1165
2025-03-01,P000063,LOC012,957,33.73,S0011,2025-02-25,12,1165
2025-03-31,P000063,LOC012,911,34.92,S0011,2025-03-17,12,1165
2024-10-02,P000063,LOC013,810,33.09,S0011,2024-09-25,12,1165
2024-11-01,P000063,LOC013,790,32.63,S0011,2024-10-16,12,1165
2024-12-01,P000063,LOC013,806,32.85,S0011,2024-11-20,12,1165
2024-12-31,P000063,LOC013,851,35.3,S0011,2024-12-12,12,1165
2025-01-30,P000063,LOC013,947,33.38,S0011,2025-01-08,12,1165
2025-03-01,P000063,LOC013,939,32.45,S0011,2025-02-14,12,1165
2025-03-31,P000063,LOC013,931,35.26,S0011,2025-03-07,12,1165
2024-10-02,P000063,LOC014,841,34.51,S0011,2024-09-13,12,1165
2024-11-01,P000063,LOC014,921,31.97,S0011,2024-10-14,12,1165
2024-12-01,P000063,LOC014,912,33.75,S0011,2024-11-17,12,1165
2024-12-31,P000063,LOC014,930,33.45,S0011,2024-12-14,12,1165
2025-01-30,P000063,LOC014,985,33.35,S0011,2025-01-15,12,1165
2025-03-01,P000063,LOC014,1005,34.65,S0011,2025-02-17,12,1165
2025-03-31,P000063,LOC014,1052,32.78,S0011,2025-03-07,12,1165
2024-10-02,P000063,LOC015,741,35.27,S0011,2024-09-10,12,1165
2024-11-01,P000063,LOC015,744,33.7,S0011,2024-10-26,12,1165
2024-12-01,P000063,LOC015,778,34.58,S0011,2024-11-20,12,1165
2024-12-31,P000063,LOC015,734,35.18,S0011,2024-12-26,12,1165
2025-01-30,P000063,LOC015,756,34.63,S0011,2025-01-03,12,1165
2025-03-01,P000063,LOC015,810,32.71,S0011,2025-02-02,12,1165
2025-03-31,P000063,LOC015,865,34.35,S0011,2025-03-09,12,1165
2024-10-02,P000063,LOC016,744,34.08,S0011,2024-09-14,12,1165
2024-11-01,P000063,LOC016,837,33.85,S0011,2024-10-30,12,1165
2024-12-01,P000063,LOC016,903,33.36,S0011,2024-11-15,12,1165
2024-12-31,P000063,LOC016,946,33.44,S0011,2024-12-16,12,1165
2025-01-30,P000063,LOC016,897,32.78,S0011,2025-01-15,12,1165
2025-03-01,P000063,LOC016,865,33.35,S0011,2025-02-05,12,1165
2025-03-31,P000063,LOC016,837,33.67,S0011,2025-03-03,12,1165
2024-10-02,P000063,LOC017,864,32.63,S0011,2024-09-17,12,1165
2024-11-01,P000063,LOC017,840,32.21,S0011,2024-10-22,12,1165
2024-12-01,P000063,LOC017,825,32.64,S0011,2024-11-27,12,1165
2024-12-31,P000063,LOC017,847,32.58,S0011,2024-12-19,12,1165
2025-01-30,P000063,LOC017,922,33.3,S0011,2024-12-31,12,1165
2025-03-01,P000063,LOC017,928,34.84,S0011,2025-02-21,12,1165
2025-03-31,P000063,LOC017,934,33.94,S0011,2025-03-11,12,1165
2024-10-02,P000063,LOC018,755,34.25,S0011,2024-09-12,12,1165
2024-11-01,P000063,LOC018,836,34.26,S0011,2024-10-28,12,1165
2024-12-01,P000063,LOC018,795,34.64,S0011,2024-11-11,12,1165
2024-12-31,P000063,LOC018,830,34.34,S0011,2024-12-25,12,1165
2025-01-30,P000063,LOC018,865,35.3,S0011,2025-01-09,12,1165
2025-03-01,P000063,LOC018,829,33.26,S0011,2025-02-11,12,1165
2025-03-31,P000063,LOC018,823,34.56,S0011,2025-03-19,12,1165
2024-10-02,P000063,LOC019,821,32.64,S0011,2024-09-12,12,1165
2024-11-01,P000063,LOC019,795,34.07,S0011,2024-10-20,12,1165
2024-12-01,P000063,LOC019,759,33.32,S0011,2024-11-23,12,1165
2024-12-31,P000063,LOC019,844,32.33,S0011,2024-12-29,12,1165
2025-01-30,P000063,LOC019,887,33.95,S0011,2025-01-17,12,1165
2025-03-01,P000063,LOC019,912,34.53,S0011,2025-02-16,12,1165
2025-03-31,P000063,LOC019,921,34.46,S0011,2025-03-26,12,1165
2024-10-02,P000063,LOC020,758,34.45,S0011,2024-09-10,12,1165
2024-11-01,P000063,LOC020,709,34.46,S0011,2024-10-12,12,1165
2024-12-01,P000063,LOC020,701,34.33,S0011,2024-11-14,12,1165
2024-12-31,P000063,LOC020,657,34.01,S0011,2024-12-03,12,1165
2025-01-30,P000063,LOC020,757,32.32,S0011,2025-01-24,12,1165
2025-03-01,P000063,LOC020,834,32.71,S0011,2025-02-06,12,1165
2025-03-31,P000063,LOC020,802,34.41,S0011,2025-03-21,12,1165
2024-10-02,P000064,LOC001,286,65.73,S0012,2024-09-29,43,332
2024-11-01,P000064,LOC001,290,66.45,S0012,2024-10-20,43,332
2024-12-01,P000064,LOC001,248,63.17,S0012,2024-11-11,43,332
2024-12-31,P000064,LOC001,247,68.18,S0012,2024-12-04,43,332
2025-01-30,P000064,LOC001,261,68.94,S0012,2025-01-14,43,332
2025-03-01,P000064,LOC001,293,69.1,S0012,2025-02-19,43,332
2025-03-31,P000064,LOC001,255,64.65,S0012,2025-03-12,43,332
2024-10-02,P000064,LOC002,193,67.37,S0012,2024-09-08,43,332
2024-11-01,P000064,LOC002,226,62.84,S0012,2024-10-28,43,332
2024-12-01,P000064,LOC002,267,66.17,S0012,2024-11-12,43,332
2024-12-31,P000064,LOC002,244,66.31,S0012,2024-12-06,43,332
2025-01-30,P000064,LOC002,240,68.36,S0012,2025-01-22,43,332
2025-03-01,P000064,LOC002,284,67.71,S0012,2025-02-22,43,332
2025-03-31,P000064,LOC002,275,64.85,S0012,2025-03-15,43,332
2024-10-02,P000064,LOC003,181,62.86,S0012,2024-10-01,43,332
2024-11-01,P000064,LOC003,236,66.55,S0012,2024-10-31,43,332
2024-12-01,P000064,LOC003,298,64.29,S0012,2024-11-15,43,332
2024-12-31,P000064,LOC003,250,66.43,S0012,2024-12-08,43,332
2025-01-30,P000064,LOC003,301,64.62,S0012,2025-01-14,43,332
2025-03-01,P000064,LOC003,308,68.15,S0012,2025-02-28,43,332
2025-03-31,P000064,LOC003,278,66.06,S0012,2025-03-06,43,332
2024-10-02,P000064,LOC004,277,66.46,S0012,2024-10-01,43,332
2024-11-01,P000064,LOC004,256,68.46,S0012,2024-10-05,43,332
2024-12-01,P000064,LOC004,324,67.43,S0012,2024-11-28,43,332
2024-12-31,P000064,LOC004,284,65.8,S0012,2024-12-29,43,332
2025-01-30,P000064,LOC004,243,68.56,S0012,2025-01-09,43,332
2025-03-01,P000064,LOC004,268,68.82,S0012,2025-02-26,43,332
2025-03-31,P000064,LOC004,238,65.75,S0012,2025-03-22,43,332
2024-10-02,P000064,LOC005,198,67.54,S0012,2024-09-27,43,332
2024-11-01,P000064,LOC005,213,68.49,S0012,2024-10-31,43,332
2024-12-01,P000064,LOC005,251,68.22,S0012,2024-11-07,43,332
2024-12-31,P000064,LOC005,302,67.92,S0012,2024-12-06,43,332
2025-01-30,P000064,LOC005,252,68.98,S0012,2025-01-20,43,332
2025-03-01,P000064,LOC005,251,63.61,S0012,2025-02-17,43,332
2025-03-31,P000064,LOC005,286,69.16,S0012,2025-03-05,43,332
2024-10-02,P000064,LOC006,223,68.09,S0012,2024-09-05,43,332
2024-11-01,P000064,LOC006,221,68.17,S0012,2024-10-10,43,332
2024-12-01,P000064,LOC006,278,66.26,S0012,2024-11-25,43,332
2024-12-31,P000064,LOC006,259,68.49,S0012,2024-12-01,43,332
2025-01-30,P000064,LOC006,282,65.87,S0012,2025-01-12,43,332
2025-03-01,P000064,LOC006,245,68.9,S0012,2025-02-10,43,332
2025-03-31,P000064,LOC006,256,67.38,S0012,2025-03-19,43,332
2024-10-02,P000064,LOC007,204,64.12,S0012,2024-09-16,43,332
2024-11-01,P000064,LOC007,233,64.81,S0012,2024-10-20,43,332
2024-12-01,P000064,LOC007,202,66.79,S0012,2024-11-03,43,332
2024-12-31,P000064,LOC007,232,67.97,S0012,2024-12-29,43,332
2025-01-30,P000064,LOC007,326,64.59,S0012,2025-01-03,43,332
2025-03-01,P000064,LOC007,283,68.66,S0012,2025-02-18,43,332
2025-03-31,P000064,LOC007,254,68.11,S0012,2025-03-29,43,332
2024-10-02,P000064,LOC008,305,63.96,S0012,2024-09-02,43,332
2024-11-01,P000064,LOC008,262,67.43,S0012,2024-10-25,43,332
2024-12-01,P000064,LOC008,232,65.09,S0012,2024-11-04,43,332
2024-12-31,P000064,LOC008,285,63.51,S0012,2024-12-10,43,332
2025-01-30,P000064,LOC008,263,67.93,S0012,2025-01-15,43,332
2025-03-01,P000064,LOC008,247,68.25,S0012,2025-02-10,43,332
2025-03-31,P000064,LOC008,233,65.34,S0012,2025-03-13,43,332
2024-10-02,P000064,LOC009,242,69.37,S0012,2024-09-24,43,332
2024-11-01,P000064,LOC009,288,68.78,S0012,2024-10-03,43,332
2024-12-01,P000064,LOC009,328,62.91,S0012,2024-11-21,43,332
2024-12-31,P000064,LOC009,303,68.47,S0012,2024-12-23,43,332
2025-01-30,P000064,LOC009,296,67.89,S0012,2025-01-26,43,332
2025-03-01,P000064,LOC009,323,67.02,S0012,2025-02-14,43,332
2025-03-31,P000064,LOC009,274,67.13,S0012,2025-03-04,43,332
2024-10-02,P000064,LOC010,288,65.4,S0012,2024-09-19,43,332
2024-11-01,P000064,LOC010,273,67.3,S0012,2024-10-22,43,332
2024-12-01,P000064,LOC010,252,66.21,S0012,2024-11-04,43,332
2024-12-31,P000064,LOC010,293,66.38,S0012,2024-12-14,43,332
2025-01-30,P000064,LOC010,304,64.58,S0012,2025-01-14,43,332
2025-03-01,P000064,LOC010,277,65.77,S0012,2025-02-20,43,332
2025-03-31,P000064,LOC010,275,64.51,S0012,2025-03-02,43,332
2024-10-02,P000064,LOC011,183,68.81,S0012,2024-09-13,43,332
2024-11-01,P000064,LOC011,192,67.9,S0012,2024-10-02,43,332
2024-12-01,P000064,LOC011,172,63.71,S0012,2024-11-28,43,332
2024-12-31,P000064,LOC011,236,63.58,S0012,2024-12-19,43,332
2025-01-30,P000064,LOC011,258,64.74,S0012,2025-01-14,43,332
2025-03-01,P000064,LOC011,253,64.38,S0012,2025-02-11,43,332
2025-03-31,P000064,LOC011,222,68.03,S0012,2025-03-13,43,332
2024-10-02,P000064,LOC012,317,68.86,S0012,2024-09-17,43,332
2024-11-01,P000064,LOC012,292,64.41,S0012,2024-10-16,43,332
2024-12-01,P000064,LOC012,287,68.41,S0012,2024-11-29,43,332
2024-12-31,P000064,LOC012,277,65.04,S0012,2024-12-03,43,332
2025-01-30,P000064,LOC012,264,66.7,S0012,2025-01-28,43,332
2025-03-01,P000064,LOC012,275,66.59,S0012,2025-02-22,43,332
2025-03-31,P000064,LOC012,273,63.26,S0012,2025-03-30,43,332
2024-10-02,P000064,LOC013,242,65.72,S0012,2024-09-30,43,332
2024-11-01,P000064,LOC013,252,64.46,S0012,2024-10-15,43,332
2024-12-01,P000064,LOC013,288,67.99,S0012,2024-11-02,43,332
2024-12-31,P000064,LOC013,267,68.55,S0012,2024-12-19,43,332
2025-01-30,P000064,LOC013,278,68.4,S0012,2025-01-26,43,332
2025-03-01,P000064,LOC013,283,68.54,S0012,2025-02-25,43,332
2025-03-31,P000064,LOC013,331,67.89,S0012,2025-03-27,43,332
2024-10-02,P000064,LOC014,305,66.71,S0012,2024-09-07,43,332
2024-11-01,P000064,LOC014,259,63.44,S0012,2024-10-20,43,332
2024-12-01,P000064,LOC014,285,68.18,S0012,2024-11-26,43,332
2024-12-31,P000064,LOC014,241,67.58,S0012,2024-12-04,43,332
2025-01-30,P000064,LOC014,275,65.37,S0012,2025-01-12,43,332
2025-03-01,P000064,LOC014,237,65.32,S0012,2025-02-20,43,332
2025-03-31,P000064,LOC014,301,63.66,S0012,2025-03-24,43,332
2024-10-02,P000064,LOC015,186,65.71,S0012,2024-09-09,43,332
2024-11-01,P000064,LOC015,154,63.62,S0012,2024-10-06,43,332
2024-12-01,P000064,LOC015,134,64.54,S0012,2024-11-11,43,332
2024-12-31,P000064,LOC015,182,69.44,S0012,2024-12-30,43,332
2025-01-30,P000064,LOC015,214,66.32,S0012,2025-01-24,43,332
2025-03-01,P000064,LOC015,260,68.11,S0012,2025-02-26,43,332
2025-03-31,P000064,LOC015,277,63.6,S0012,2025-03-28,43,332
2024-10-02,P000064,LOC016,306,67.72,S0012,2024-09-23,43,332
2024-11-01,P000064,LOC016,243,68.86,S0012,2024-10-09,43,332
2024-12-01,P000064,LOC016,304,67.52,S0012,2024-11-06,43,332
2024-12-31,P000064,LOC016,303,69.04,S0012,2024-12-18,43,332
2025-01-30,P000064,LOC016,284,66.86,S0012,2025-01-05,43,332
2025-03-01,P000064,LOC016,268,68.4,S0012,2025-02-10,43,332
2025-03-31,P000064,LOC016,249,69.15,S0012,2025-03-15,43,332
2024-10-02,P000064,LOC017,228,67.08,S0012,2024-09-18,43,332
2024-11-01,P000064,LOC017,267,69.37,S0012,2024-10-30,43,332
2024-12-01,P000064,LOC017,272,65.54,S0012,2024-11-09,43,332
2024-12-31,P000064,LOC017,240,65.81,S0012,2024-12-15,43,332
2025-01-30,P000064,LOC017,279,64.83,S0012,2025-01-15,43,332
2025-03-01,P000064,LOC017,301,66.59,S0012,2025-01-31,43,332
2025-03-31,P000064,LOC017,287,65.88,S0012,2025-03-29,43,332
2024-10-02,P000064,LOC018,240,69.16,S0012,2024-09-08,43,332
2024-11-01,P000064,LOC018,205,66.7,S0012,2024-10-22,43,332
2024-12-01,P000064,LOC018,263,68.17,S0012,2024-11-28,43,332
2024-12-31,P000064,LOC018,302,64.19,S0012,2024-12-27,43,332
2025-01-30,P000064,LOC018,283,64.6,S0012,2025-01-24,43,332
2025-03-01,P000064,LOC018,267,62.9,S0012,2025-02-18,43,332
2025-03-31,P000064,LOC018,293,67.31,S0012,2025-03-26,43,332
2024-10-02,P000064,LOC019,247,63.24,S0012,2024-09-06,43,332
2024-11-01,P000064,LOC019,295,66.74,S0012,2024-10-13,43,332
2024-12-01,P000064,LOC019,297,67.53,S0012,2024-11-19,43,332
2024-12-31,P000064,LOC019,288,68.79,S0012,2024-12-28,43,332
2025-01-30,P000064,LOC019,276,68.26,S0012,2025-01-24,43,332
2025-03-01,P000064,LOC019,290,65.47,S0012,2025-02-26,43,332
2025-03-31,P000064,LOC019,319,64.83,S0012,2025-03-25,43,332
2024-10-02,P000064,LOC020,211,67.18,S0012,2024-09-29,43,332
2024-11-01,P000064,LOC020,247,68.03,S0012,2024-10-13,43,332
2024-12-01,P000064,LOC020,275,67.42,S0012,2024-11-07,43,332
2024-12-31,P000064,LOC020,301,64.12,S0012,2024-12-03,43,332
2025-01-30,P000064,LOC020,303,67.81,S0012,2025-01-19,43,332
2025-03-01,P000064,LOC020,268,67.07,S0012,2025-02-12,43,332
2025-03-31,P000064,LOC020,253,64.62,S0012,2025-03-01,43,332
2024-10-02,P000065,LOC001,139,196.94,S0005,2024-09-24,34,176
2024-11-01,P000065,LOC001,149,201.96,S0005,2024-10-16,34,176
2024-12-01,P000065,LOC001,126,197.14,S0005,2024-11-13,34,176
2024-12-31,P000065,LOC001,164,189.71,S0005,2024-12-13,34,176
2025-01-30,P000065,LOC001,132,193.33,S0005,2025-01-27,34,176
2025-03-01,P000065,LOC001,144,205.98,S0005,2025-02-01,34,176
2025-03-31,P000065,LOC001,162,188.28,S0005,2025-03-04,34,176
2024-10-02,P000065,LOC002,126,205.43,S0005,2024-09-10,34,176
2024-11-01,P000065,LOC002,158,201.52,S0005,2024-10-20,34,176
2024-12-01,P000065,LOC002,125,191.59,S0005,2024-11-22,34,176
2024-12-31,P000065,LOC002,147,205.32,S0005,2024-12-24,34,176
2025-01-30,P000065,LOC002,164,186.78,S0005,2025-01-24,34,176
2025-03-01,P000065,LOC002,141,204.6,S0005,2025-02-25,34,176
2025-03-31,P000065,LOC002,139,197.66,S0005,2025-03-11,34,176
2024-10-02,P000065,LOC003,154,193.17,S0005,2024-09-20,34,176
2024-11-01,P000065,LOC003,159,192.23,S0005,2024-10-12,34,176
2024-12-01,P000065,LOC003,134,203.86,S0005,2024-11-23,34,176
2024-12-31,P000065,LOC003,124,195.95,S0005,2024-12-01,34,176
2025-01-30,P000065,LOC003,126,201.9,S0005,2025-01-21,34,176
2025-03-01,P000065,LOC003,136,203.98,S0005,2025-02-06,34,176
2025-03-31,P000065,LOC003,164,189.61,S0005,2025-03-22,34,176
2024-10-02,P000065,LOC004,165,188.21,S0005,2024-09-03,34,176
2024-11-01,P000065,LOC004,127,202.58,S0005,2024-10-10,34,176
2024-12-01,P000065,LOC004,155,205.17,S0005,2024-11-20,34,176
2024-12-31,P000065,LOC004,146,201.08,S0005,2024-12-06,34,176
2025-01-30,P000065,LOC004,131,197.68,S0005,2025-01-25,34,176
2025-03-01,P000065,LOC004,146,203.14,S0005,2025-02-26,34,176
2025-03-31,P000065,LOC004,134,205.9,S0005,2025-03-24,34,176
2024-10-02,P000065,LOC005,150,202.35,S0005,2024-09-14,34,176
2024-11-01,P000065,LOC005,131,194.0,S0005,2024-10-19,34,176
2024-12-01,P000065,LOC005,156,197.66,S0005,2024-11-02,34,176
2024-12-31,P000065,LOC005,141,194.11,S0005,2024-12-07,34,176
2025-01-30,P000065,LOC005,127,196.35,S0005,2025-01-21,34,176
2025-03-01,P000065,LOC005,151,193.89,S0005,2025-02-06,34,176
2025-03-31,P000065,LOC005,138,201.71,S0005,2025-03-22,34,176
2024-10-02,P000065,LOC006,143,198.07,S0005,2024-09-23,34,176
2024-11-01,P000065,LOC006,152,201.32,S0005,2024-10-27,34,176
2024-12-01,P000065,LOC006,162,201.2,S0005,2024-11-07,34,176
2024-12-31,P000065,LOC006,130,188.46,S0005,2024-12-08,34,176
2025-01-30,P000065,LOC006,131,194.53,S0005,2025-01-01,34,176
2025-03-01,P000065,LOC006,140,194.73,S0005,2025-01-30,34,176
2025-03-31,P000065,LOC006,138,205.05,S0005,2025-03-17,34,176
2024-10-02,P000065,LOC007,130,188.25,S0005,2024-09-26,34,176
2024-11-01,P000065,LOC007,167,188.71,S0005,2024-10-17,34,176
2024-12-01,P000065,LOC007,142,190.51,S0005,2024-11-24,34,176
2024-12-31,P000065,LOC007,138,189.16,S0005,2024-12-29,34,176
2025-01-30,P000065,LOC007,137,202.84,S0005,2025-01-02,34,176
2025-03-01,P000065,LOC007,166,189.19,S0005,2025-02-06,34,176
2025-03-31,P000065,LOC007,137,203.46,S0005,2025-03-10,34,176
2024-10-02,P000065,LOC008,139,187.19,S0005,2024-09-18,34,176
2024-11-01,P000065,LOC008,156,201.05,S0005,2024-10-17,34,176
2024-12-01,P000065,LOC008,142,199.56,S0005,2024-11-30,34,176
2024-12-31,P000065,LOC008,155,191.27,S0005,2024-12-14,34,176
2025-01-30,P000065,LOC008,149,203.51,S0005,2025-01-14,34,176
2025-03-01,P000065,LOC008,147,205.59,S0005,2025-01-31,34,176
2025-03-31,P000065,LOC008,132,204.82,S0005,2025-03-23,34,176
2024-10-02,P000065,LOC009,156,200.81,S0005,2024-09-30,34,176
2024-11-01,P000065,LOC009,163,199.2,S0005,2024-10-07,34,176
2024-12-01,P000065,LOC009,134,195.49,S0005,2024-11-29,34,176
2024-12-31,P000065,LOC009,165,199.36,S0005,2024-12-23,34,176
2025-01-30,P000065,LOC009,142,199.1,S0005,2025-01-15,34,176
2025-03-01,P000065,LOC009,140,202.23,S0005,2025-02-07,34,176
2025-03-31,P000065,LOC009,155,196.11,S0005,2025-03-25,34,176
2024-10-02,P000065,LOC010,166,201.83,S0005,2024-09-09,34,176
2024-11-01,P000065,LOC010,149,197.64,S0005,2024-10-27,34,176
2024-12-01,P000065,LOC010,145,197.58,S0005,2024-11-24,34,176
2024-12-31,P000065,LOC010,166,200.13,S0005,2024-12-26,34,176
2025-01-30,P000065,LOC010,136,200.74,S0005,2025-01-12,34,176
2025-03-01,P000065,LOC010,136,187.73,S0005,2025-02-09,34,176
2025-03-31,P000065,LOC010,132,195.42,S0005,2025-03-21,34,176
2024-10-02,P000065,LOC011,160,203.54,S0005,2024-09-07,34,176
2024-11-01,P000065,LOC011,124,198.02,S0005,2024-10-14,34,176
2024-12-01,P000065,LOC011,159,204.09,S0005,2024-11-20,34,176
2024-12-31,P000065,LOC011,153,187.5,S0005,2024-12-17,34,176
2025-01-30,P000065,LOC011,135,190.92,S0005,2025-01-28,34,176
2025-03-01,P000065,LOC011,147,196.74,S0005,2025-02-05,34,176
2025-03-31,P000065,LOC011,147,198.17,S0005,2025-03-29,34,176
2024-10-02,P000065,LOC012,163,195.7,S0005,2024-09-19,34,176
2024-11-01,P000065,LOC012,130,195.5,S0005,2024-10-21,34,176
2024-12-01,P000065,LOC012,124,203.0,S0005,2024-11-27,34,176
2024-12-31,P000065,LOC012,138,203.44,S0005,2024-12-27,34,176
2025-01-30,P000065,LOC012,129,199.83,S0005,2025-01-26,34,176
2025-03-01,P000065,LOC012,139,203.31,S0005,2025-02-10,34,176
2025-03-31,P000065,LOC012,148,191.94,S0005,2025-03-12,34,176
2024-10-02,P000065,LOC013,133,192.69,S0005,2024-09-29,34,176
2024-11-01,P000065,LOC013,158,204.33,S0005,2024-10-05,34,176
2024-12-01,P000065,LOC013,127,195.54,S0005,2024-11-26,34,176
2024-12-31,P000065,LOC013,140,192.07,S0005,2024-12-06,34,176
2025-01-30,P000065,LOC013,163,194.06,S0005,2025-01-09,34,176
2025-03-01,P000065,LOC013,155,199.44,S0005,2025-02-08,34,176
2025-03-31,P000065,LOC013,155,192.27,S0005,2025-03-29,34,176
2024-10-02,P000065,LOC014,158,206.32,S0005,2024-09-19,34,176
2024-11-01,P000065,LOC014,130,206.13,S0005,2024-10-12,34,176
2024-12-01,P000065,LOC014,159,192.66,S0005,2024-11-10,34,176
2024-12-31,P000065,LOC014,153,194.07,S0005,2024-12-17,34,176
2025-01-30,P000065,LOC014,148,205.64,S0005,2025-01-29,34,176
2025-03-01,P000065,LOC014,163,194.28,S0005,2025-02-12,34,176
2025-03-31,P000065,LOC014,149,190.1,S0005,2025-03-05,34,176
2024-10-02,P000065,LOC015,136,194.76,S0005,2024-09-13,34,176
2024-11-01,P000065,LOC015,155,206.28,S0005,2024-10-19,34,176
2024-12-01,P000065,LOC015,148,201.22,S0005,2024-11-13,34,176
2024-12-31,P000065,LOC015,126,187.16,S0005,2024-12-30,34,176
2025-01-30,P000065,LOC015,125,202.06,S0005,2025-01-05,34,176
2025-03-01,P000065,LOC015,157,202.92,S0005,2025-02-12,34,176
2025-03-31,P000065,LOC015,138,188.67,S0005,2025-03-28,34,176
2024-10-02,P000065,LOC016,159,189.48,S0005,2024-09-26,34,176
2024-11-01,P000065,LOC016,141,199.53,S0005,2024-10-22,34,176
2024-12-01,P000065,LOC016,161,202.71,S0005,2024-11-18,34,176
2024-12-31,P000065,LOC016,161,191.12,S0005,2024-12-06,34,176
2025-01-30,P000065,LOC016,133,199.97,S0005,2025-01-06,34,176
2025-03-01,P000065,LOC016,151,199.17,S0005,2025-02-09,34,176
2025-03-31,P000065,LOC016,149,203.89,S0005,2025-03-10,34,176
2024-10-02,P000065,LOC017,123,194.14,S0005,2024-09-20,34,176
2024-11-01,P000065,LOC017,157,188.62,S0005,2024-10-18,34,176
2024-12-01,P000065,LOC017,140,190.16,S0005,2024-11-30,34,176
2024-12-31,P000065,LOC017,136,195.0,S0005,2024-12-28,34,176
2025-01-30,P000065,LOC017,125,194.16,S0005,2025-01-13,34,176
2025-03-01,P000065,LOC017,146,201.37,S0005,2025-02-09,34,176
2025-03-31,P000065,LOC017,129,203.73,S0005,2025-03-07,34,176
2024-10-02,P000065,LOC018,145,198.81,S0005,2024-09-29,34,176
2024-11-01,P000065,LOC018,132,193.37,S0005,2024-10-07,34,176
2024-12-01,P000065,LOC018,125,195.85,S0005,2024-11-04,34,176
2024-12-31,P000065,LOC018,155,198.04,S0005,2024-12-12,34,176
2025-01-30,P000065,LOC018,140,193.47,S0005,2025-01-15,34,176
2025-03-01,P000065,LOC018,142,202.99,S0005,2025-02-08,34,176
2025-03-31,P000065,LOC018,149,196.31,S0005,2025-03-02,34,176
2024-10-02,P000065,LOC019,145,203.4,S0005,2024-09-21,34,176
2024-11-01,P000065,LOC019,132,194.21,S0005,2024-10-22,34,176
2024-12-01,P000065,LOC019,135,191.38,S0005,2024-11-30,34,176
2024-12-31,P000065,LOC019,140,194.88,S0005,2024-12-17,34,176
2025-01-30,P000065,LOC019,129,201.47,S0005,2025-01-29,34,176
2025-03-01,P000065,LOC019,126,188.8,S0005,2025-02-03,34,176
2025-03-31,P000065,LOC019,148,205.98,S0005,2025-03-06,34,176
2024-10-02,P000065,LOC020,125,196.4,S0005,2024-09-11,34,176
2024-11-01,P000065,LOC020,140,195.54,S0005,2024-10-22,34,176
2024-12-01,P000065,LOC020,126,199.91,S0005,2024-11-05,34,176
2024-12-31,P000065,LOC020,145,188.85,S0005,2024-12-30,34,176
2025-01-30,P000065,LOC020,157,190.62,S0005,2025-01-24,34,176
2025-03-01,P000065,LOC020,128,198.35,S0005,2025-02-16,34,176
2025-03-31,P000065,LOC020,129,194.82,S0005,2025-03-10,34,176
2024-10-02,P000066,LOC001,20,195.8,S0007,2024-09-08,27,393
2024-11-01,P000066,LOC001,46,201.03,S0007,2024-10-07,27,393
2024-12-01,P000066,LOC001,55,195.71,S0007,2024-11-15,27,393
2024-12-31,P000066,LOC001,104,200.65,S0007,2024-12-16,27,393
2025-01-30,P000066,LOC001,166,203.88,S0007,2025-01-05,27,393
2025-03-01,P000066,LOC001,149,189.9,S0007,2025-02-01,27,393
2025-03-31,P000066,LOC001,169,192.56,S0007,2025-03-18,27,393
2024-10-02,P000066,LOC002,17,189.89,S0007,2024-09-06,27,393
2024-11-01,P000066,LOC002,97,193.98,S0007,2024-10-17,27,393
2024-12-01,P000066,LOC002,107,186.53,S0007,2024-11-04,27,393
2024-12-31,P000066,LOC002,64,198.79,S0007,2024-12-13,27,393
2025-01-30,P000066,LOC002,31,190.76,S0007,2025-01-15,27,393
2025-03-01,P000066,LOC002,0,204.18,S0007,2025-02-05,27,393
2025-03-31,P000066,LOC002,50,195.49,S0007,2025-03-07,27,393
2024-10-02,P000066,LOC003,0,187.23,S0007,2024-09-15,27,393
2024-11-01,P000066,LOC003,0,194.63,S0007,2024-10-14,27,393
2024-12-01,P000066,LOC003,81,201.45,S0007,2024-11-09,27,393
2024-12-31,P000066,LOC003,46,201.29,S0007,2024-12-12,27,393
2025-01-30,P000066,LOC003,13,194.6,S0007,2025-01-23,27,393
2025-03-01,P000066,LOC003,24,203.04,S0007,2025-02-05,27,393
2025-03-31,P000066,LOC003,87,201.38,S0007,2025-03-26,27,393
2024-10-02,P000066,LOC004,62,190.38,S0007,2024-10-01,27,393
2024-11-01,P000066,LOC004,25,201.83,S0007,2024-10-26,27,393
2024-12-01,P000066,LOC004,0,202.67,S0007,2024-11-12,27,393
2024-12-31,P000066,LOC004,74,195.23,S0007,2024-12-25,27,393
2025-01-30,P000066,LOC004,81,192.69,S0007,2025-01-14,27,393
2025-03-01,P000066,LOC004,61,188.56,S0007,2025-02-28,27,393
2025-03-31,P000066,LOC004,153,195.34,S0007,2025-03-30,27,393
2024-10-02,P000066,LOC005,0,203.87,S0007,2024-09-27,27,393
2024-11-01,P000066,LOC005,85,199.34,S0007,2024-10-27,27,393
2024-12-01,P000066,LOC005,125,194.83,S0007,2024-11-10,27,393
2024-12-31,P000066,LOC005,136,196.38,S0007,2024-12-06,27,393
2025-01-30,P000066,LOC005,231,190.63,S0007,2025-01-28,27,393
2025-03-01,P000066,LOC005,257,192.94,S0007,2025-02-24,27,393
2025-03-31,P000066,LOC005,265,203.54,S0007,2025-03-28,27,393
2024-10-02,P000066,LOC006,0,189.72,S0007,2024-09-30,27,393
2024-11-01,P000066,LOC006,20,192.42,S0007,2024-10-04,27,393
2024-12-01,P000066,LOC006,9,203.29,S0007,2024-11-18,27,393
2024-12-31,P000066,LOC006,50,194.54,S0007,2024-12-03,27,393
2025-01-30,P000066,LOC006,135,199.5,S0007,2025-01-03,27,393
2025-03-01,P000066,LOC006,118,197.46,S0007,2025-02-28,27,393
2025-03-31,P000066,LOC006,197,201.9,S0007,2025-03-16,27,393
2024-10-02,P000066,LOC007,31,191.55,S0007,2024-09-06,27,393
2024-11-01,P000066,LOC007,18,200.23,S0007,2024-10-13,27,393
2024-12-01,P000066,LOC007,97,195.48,S0007,2024-11-19,27,393
2024-12-31,P000066,LOC007,146,194.94,S0007,2024-12-25,27,393
2025-01-30,P000066,LOC007,240,191.54,S0007,2025-01-16,27,393
2025-03-01,P000066,LOC007,278,190.35,S0007,2025-01-30,27,393
2025-03-31,P000066,LOC007,317,193.82,S0007,2025-03-26,27,393
2024-10-02,P000066,LOC008,0,200.04,S0007,2024-09-15,27,393
2024-11-01,P000066,LOC008,88,196.74,S0007,2024-10-29,27,393
2024-12-01,P000066,LOC008,178,201.76,S0007,2024-11-26,27,393
2024-12-31,P000066,LOC008,132,190.8,S0007,2024-12-16,27,393
2025-01-30,P000066,LOC008,212,190.15,S0007,2025-01-18,27,393
2025-03-01,P000066,LOC008,206,191.2,S0007,2025-02-15,27,393
2025-03-31,P000066,LOC008,253,192.89,S0007,2025-03-23,27,393
2024-10-02,P000066,LOC009,0,192.2,S0007,2024-09-12,27,393
2024-11-01,P000066,LOC009,0,192.03,S0007,2024-10-08,27,393
2024-12-01,P000066,LOC009,21,185.43,S0007,2024-11-20,27,393
2024-12-31,P000066,LOC009,0,197.7,S0007,2024-12-25,27,393
2025-01-30,P000066,LOC009,80,201.8,S0007,2025-01-01,27,393
2025-03-01,P000066,LOC009,143,190.14,S0007,2025-01-30,27,393
2025-03-31,P000066,LOC009,231,188.01,S0007,2025-03-30,27,393
2024-10-02,P000066,LOC010,82,187.03,S0007,2024-09-06,27,393
2024-11-01,P000066,LOC010,178,185.33,S0007,2024-10-07,27,393
2024-12-01,P000066,LOC010,195,188.9,S0007,2024-11-13,27,393
2024-12-31,P000066,LOC010,196,204.58,S0007,2024-12-20,27,393
2025-01-30,P000066,LOC010,249,204.02,S0007,2025-01-04,27,393
2025-03-01,P000066,LOC010,247,191.73,S0007,2025-02-12,27,393
2025-03-31,P000066,LOC010,285,192.86,S0007,2025-03-13,27,393
2024-10-02,P000066,LOC011,15,203.83,S0007,2024-09-20,27,393
2024-11-01,P000066,LOC011,24,188.78,S0007,2024-10-14,27,393
2024-12-01,P000066,LOC011,18,195.28,S0007,2024-11-17,27,393
2024-12-31,P000066,LOC011,29,192.14,S0007,2024-12-04,27,393
2025-01-30,P000066,LOC011,17,200.15,S0007,2025-01-16,27,393
2025-03-01,P000066,LOC011,86,201.19,S0007,2025-02-21,27,393
2025-03-31,P000066,LOC011,179,188.33,S0007,2025-03-25,27,393
2024-10-02,P000066,LOC012,42,197.61,S0007,2024-09-10,27,393
2024-11-01,P000066,LOC012,50,198.48,S0007,2024-10-10,27,393
2024-12-01,P000066,LOC012,92,193.25,S0007,2024-11-08,27,393
2024-12-31,P000066,LOC012,126,186.75,S0007,2024-12-07,27,393
2025-01-30,P000066,LOC012,121,192.72,S0007,2025-01-14,27,393
2025-03-01,P000066,LOC012,159,197.98,S0007,2025-01-30,27,393
2025-03-31,P000066,LOC012,177,199.65,S0007,2025-03-19,27,393
2024-10-02,P000066,LOC013,106,196.68,S0007,2024-09-08,27,393
2024-11-01,P000066,LOC013,88,200.12,S0007,2024-10-21,27,393
2024-12-01,P000066,LOC013,148,204.24,S0007,2024-11-12,27,393
2024-12-31,P000066,LOC013,216,199.76,S0007,2024-12-29,27,393
2025-01-30,P000066,LOC013,313,203.04,S0007,2025-01-25,27,393
2025-03-01,P000066,LOC013,362,200.83,S0007,2025-02-13,27,393
2025-03-31,P000066,LOC013,330,186.46,S0007,2025-03-24,27,393
2024-10-02,P000066,LOC014,55,188.27,S0007,2024-09-04,27,393
2024-11-01,P000066,LOC014,84,190.3,S0007,2024-10-27,27,393
2024-12-01,P000066,LOC014,136,193.82,S0007,2024-11-09,27,393
2024-12-31,P000066,LOC014,119,198.63,S0007,2024-12-05,27,393
2025-01-30,P000066,LOC014,148,201.95,S0007,2025-01-23,27,393
2025-03-01,P000066,LOC014,168,202.17,S0007,2025-02-13,27,393
2025-03-31,P000066,LOC014,140,185.26,S0007,2025-03-22,27,393
2024-10-02,P000066,LOC015,61,188.71,S0007,2024-09-19,27,393
2024-11-01,P000066,LOC015,69,204.4,S0007,2024-10-20,27,393
2024-12-01,P000066,LOC015,86,195.73,S0007,2024-11-02,27,393
2024-12-31,P000066,LOC015,133,185.48,S0007,2024-12-15,27,393
2025-01-30,P000066,LOC015,130,189.81,S0007,2025-01-20,27,393
2025-03-01,P000066,LOC015,167,198.25,S0007,2025-02-18,27,393
2025-03-31,P000066,LOC015,160,192.22,S0007,2025-03-07,27,393
2024-10-02,P000066,LOC016,54,202.31,S0007,2024-09-21,27,393
2024-11-01,P000066,LOC016,55,199.73,S0007,2024-10-28,27,393
2024-12-01,P000066,LOC016,11,185.69,S0007,2024-11-27,27,393
2024-12-31,P000066,LOC016,0,194.08,S0007,2024-12-07,27,393
2025-01-30,P000066,LOC016,4,191.4,S0007,2025-01-26,27,393
2025-03-01,P000066,LOC016,22,199.76,S0007,2025-02-16,27,393
2025-03-31,P000066,LOC016,120,202.83,S0007,2025-03-02,27,393
2024-10-02,P000066,LOC017,0,201.78,S0007,2024-09-13,27,393
2024-11-01,P000066,LOC017,1,200.5,S0007,2024-10-06,27,393
2024-12-01,P000066,LOC017,2,201.61,S0007,2024-11-30,27,393
2024-12-31,P000066,LOC017,0,193.77,S0007,2024-12-04,27,393
2025-01-30,P000066,LOC017,47,185.66,S0007,2025-01-12,27,393
2025-03-01,P000066,LOC017,24,188.47,S0007,2025-02-15,27,393
2025-03-31,P000066,LOC017,27,193.92,S0007,2025-03-23,27,393
2024-10-02,P000066,LOC018,68,186.87,S0007,2024-09-14,27,393
2024-11-01,P000066,LOC018,141,186.65,S0007,2024-10-28,27,393
2024-12-01,P000066,LOC018,173,192.23,S0007,2024-11-03,27,393
2024-12-31,P000066,LOC018,270,187.48,S0007,2024-12-25,27,393
2025-01-30,P000066,LOC018,341,196.92,S0007,2025-01-16,27,393
2025-03-01,P000066,LOC018,329,191.14,S0007,2025-02-16,27,393
2025-03-31,P000066,LOC018,368,193.8,S0007,2025-03-29,27,393
2024-10-02,P000066,LOC019,2,200.72,S0007,2024-09-07,27,393
2024-11-01,P000066,LOC019,34,192.82,S0007,2024-10-14,27,393
2024-12-01,P000066,LOC019,47,185.64,S0007,2024-11-21,27,393
2024-12-31,P000066,LOC019,11,186.07,S0007,2024-12-01,27,393
2025-01-30,P000066,LOC019,95,202.17,S0007,2025-01-01,27,393
2025-03-01,P000066,LOC019,46,197.04,S0007,2025-02-22,27,393
2025-03-31,P000066,LOC019,115,204.38,S0007,2025-03-15,27,393
2024-10-02,P000066,LOC020,0,187.3,S0007,2024-09-25,27,393
2024-11-01,P000066,LOC020,0,193.62,S0007,2024-10-30,27,393
2024-12-01,P000066,LOC020,48,201.73,S0007,2024-11-27,27,393
2024-12-31,P000066,LOC020,17,191.71,S0007,2024-12-11,27,393
2025-01-30,P000066,LOC020,13,190.94,S0007,2025-01-08,27,393
2025-03-01,P000066,LOC020,25,193.06,S0007,2025-02-28,27,393
2025-03-31,P000066,LOC020,109,198.11,S0007,2025-03-26,27,393
2024-10-02,P000067,LOC001,130,159.22,S0030,2024-09-24,45,159
2024-11-01,P000067,LOC001,137,151.06,S0030,2024-10-21,45,159
2024-12-01,P000067,LOC001,119,157.45,S0030,2024-11-14,45,159
2024-12-31,P000067,LOC001,135,154.93,S0030,2024-12-29,45,159
2025-01-30,P000067,LOC001,140,154.91,S0030,2025-01-26,45,159
2025-03-01,P000067,LOC001,121,148.45,S0030,2025-01-30,45,159
2025-03-31,P000067,LOC001,114,152.02,S0030,2025-03-22,45,159
2024-10-02,P000067,LOC002,142,159.38,S0030,2024-09-05,45,159
2024-11-01,P000067,LOC002,124,160.47,S0030,2024-10-02,45,159
2024-12-01,P000067,LOC002,148,153.49,S0030,2024-11-13,45,159
2024-12-31,P000067,LOC002,114,148.56,S0030,2024-12-16,45,159
2025-01-30,P000067,LOC002,138,159.63,S0030,2025-01-13,45,159
2025-03-01,P000067,LOC002,128,159.79,S0030,2025-02-17,45,159
2025-03-31,P000067,LOC002,125,158.94,S0030,2025-03-04,45,159
2024-10-02,P000067,LOC003,124,157.02,S0030,2024-09-24,45,159
2024-11-01,P000067,LOC003,134,160.37,S0030,2024-10-21,45,159
2024-12-01,P000067,LOC003,112,147.67,S0030,2024-11-24,45,159
2024-12-31,P000067,LOC003,123,154.39,S0030,2024-12-24,45,159
2025-01-30,P000067,LOC003,150,158.82,S0030,2025-01-22,45,159
2025-03-01,P000067,LOC003,135,154.14,S0030,2025-02-03,45,159
2025-03-31,P000067,LOC003,150,161.43,S0030,2025-03-15,45,159
2024-10-02,P000067,LOC004,128,161.46,S0030,2024-10-01,45,159
2024-11-01,P000067,LOC004,117,155.07,S0030,2024-10-15,45,159
2024-12-01,P000067,LOC004,113,160.11,S0030,2024-11-15,45,159
2024-12-31,P000067,LOC004,143,160.07,S0030,2024-12-09,45,159
2025-01-30,P000067,LOC004,119,158.45,S0030,2025-01-04,45,159
2025-03-01,P000067,LOC004,126,155.73,S0030,2025-02-14,45,159
2025-03-31,P000067,LOC004,141,161.14,S0030,2025-03-27,45,159
2024-10-02,P000067,LOC005,145,155.91,S0030,2024-09-26,45,159
2024-11-01,P000067,LOC005,115,153.5,S0030,2024-10-12,45,159
2024-12-01,P000067,LOC005,113,160.8,S0030,2024-11-09,45,159
2024-12-31,P000067,LOC005,149,151.81,S0030,2024-12-20,45,159
2025-01-30,P000067,LOC005,148,160.72,S0030,2025-01-21,45,159
2025-03-01,P000067,LOC005,145,161.09,S0030,2025-02-22,45,159
2025-03-31,P000067,LOC005,143,152.39,S0030,2025-03-03,45,159
2024-10-02,P000067,LOC006,111,157.97,S0030,2024-09-06,45,159
2024-11-01,P000067,LOC006,138,161.64,S0030,2024-10-12,45,159
2024-12-01,P000067,LOC006,115,155.45,S0030,2024-11-29,45,159
2024-12-31,P000067,LOC006,129,153.03,S0030,2024-12-10,45,159
2025-01-30,P000067,LOC006,112,155.26,S0030,2025-01-24,45,159
2025-03-01,P000067,LOC006,119,158.83,S0030,2025-02-15,45,159
2025-03-31,P000067,LOC006,132,156.36,S0030,2025-03-18,45,159
2024-10-02,P000067,LOC007,119,160.4,S0030,2024-10-01,45,159
2024-11-01,P000067,LOC007,132,150.58,S0030,2024-10-17,45,159
2024-12-01,P000067,LOC007,121,158.97,S0030,2024-11-24,45,159
2024-12-31,P000067,LOC007,130,156.76,S0030,2024-12-14,45,159
2025-01-30,P000067,LOC007,140,153.42,S0030,2025-01-13,45,159
2025-03-01,P000067,LOC007,116,148.56,S0030,2025-02-20,45,159
2025-03-31,P000067,LOC007,139,147.34,S0030,2025-03-30,45,159
2024-10-02,P000067,LOC008,112,151.36,S0030,2024-10-01,45,159
2024-11-01,P000067,LOC008,134,148.82,S0030,2024-10-17,45,159
2024-12-01,P000067,LOC008,137,158.11,S0030,2024-11-19,45,159
2024-12-31,P000067,LOC008,113,157.34,S0030,2024-12-10,45,159
2025-01-30,P000067,LOC008,118,148.55,S0030,2025-01-09,45,159
2025-03-01,P000067,LOC008,122,155.45,S0030,2025-02-01,45,159
2025-03-31,P000067,LOC008,142,154.27,S0030,2025-03-15,45,159
2024-10-02,P000067,LOC009,135,152.49,S0030,2024-09-12,45,159
2024-11-01,P000067,LOC009,113,153.67,S0030,2024-10-28,45,159
2024-12-01,P000067,LOC009,137,148.71,S0030,2024-11-28,45,159
2024-12-31,P000067,LOC009,111,160.74,S0030,2024-12-17,45,159
2025-01-30,P000067,LOC009,126,151.48,S0030,2025-01-03,45,159
2025-03-01,P000067,LOC009,122,162.0,S0030,2025-02-04,45,159
2025-03-31,P000067,LOC009,145,151.18,S0030,2025-03-30,45,159
2024-10-02,P000067,LOC010,137,155.88,S0030,2024-09-23,45,159
2024-11-01,P000067,LOC010,145,149.37,S0030,2024-10-15,45,159
2024-12-01,P000067,LOC010,112,152.51,S0030,2024-11-06,45,159
2024-12-31,P000067,LOC010,145,162.34,S0030,2024-12-03,45,159
2025-01-30,P000067,LOC010,137,159.06,S0030,2025-01-21,45,159
2025-03-01,P000067,LOC010,120,158.8,S0030,2025-02-07,45,159
2025-03-31,P000067,LOC010,126,149.62,S0030,2025-03-20,45,159
2024-10-02,P000067,LOC011,150,161.63,S0030,2024-09-12,45,159
2024-11-01,P000067,LOC011,115,157.8,S0030,2024-10-16,45,159
2024-12-01,P000067,LOC011,123,151.46,S0030,2024-11-06,45,159
2024-12-31,P000067,LOC011,145,147.09,S0030,2024-12-02,45,159
2025-01-30,P000067,LOC011,132,153.42,S0030,2025-01-26,45,159
2025-03-01,P000067,LOC011,118,156.42,S0030,2025-02-10,45,159
2025-03-31,P000067,LOC011,131,147.6,S0030,2025-03-20,45,159
2024-10-02,P000067,LOC012,129,156.67,S0030,2024-09-17,45,159
2024-11-01,P000067,LOC012,148,154.32,S0030,2024-10-15,45,159
2024-12-01,P000067,LOC012,112,158.51,S0030,2024-11-07,45,159
2024-12-31,P000067,LOC012,121,148.92,S0030,2024-12-08,45,159
2025-01-30,P000067,LOC012,132,152.95,S0030,2025-01-27,45,159
2025-03-01,P000067,LOC012,124,158.23,S0030,2025-02-01,45,159
2025-03-31,P000067,LOC012,126,159.29,S0030,2025-03-13,45,159
2024-10-02,P000067,LOC013,117,153.79,S0030,2024-09-06,45,159
2024-11-01,P000067,LOC013,125,150.36,S0030,2024-10-04,45,159
2024-12-01,P000067,LOC013,125,158.78,S0030,2024-11-26,45,159
2024-12-31,P000067,LOC013,136,154.82,S0030,2024-12-08,45,159
2025-01-30,P000067,LOC013,120,157.39,S0030,2025-01-07,45,159
2025-03-01,P000067,LOC013,150,159.7,S0030,2025-02-19,45,159
2025-03-31,P000067,LOC013,131,147.77,S0030,2025-03-08,45,159
2024-10-02,P000067,LOC014,143,151.46,S0030,2024-09-03,45,159
2024-11-01,P000067,LOC014,136,157.57,S0030,2024-10-22,45,159
2024-12-01,P000067,LOC014,146,158.26,S0030,2024-11-16,45,159
2024-12-31,P000067,LOC014,146,160.38,S0030,2024-12-27,45,159
2025-01-30,P000067,LOC014,143,160.05,S0030,2025-01-13,45,159
2025-03-01,P000067,LOC014,112,146.9,S0030,2025-02-22,45,159
2025-03-31,P000067,LOC014,133,154.0,S0030,2025-03-14,45,159
2024-10-02,P000067,LOC015,122,159.73,S0030,2024-09-17,45,159
2024-11-01,P000067,LOC015,117,149.32,S0030,2024-10-25,45,159
2024-12-01,P000067,LOC015,146,161.13,S0030,2024-11-29,45,159
2024-12-31,P000067,LOC015,137,154.68,S0030,2024-12-12,45,159
2025-01-30,P000067,LOC015,114,147.9,S0030,2025-01-03,45,159
2025-03-01,P000067,LOC015,126,160.83,S0030,2025-01-30,45,159
2025-03-31,P000067,LOC015,149,149.25,S0030,2025-03-16,45,159
2024-10-02,P000067,LOC016,135,159.81,S0030,2024-09-18,45,159
2024-11-01,P000067,LOC016,136,159.31,S0030,2024-10-29,45,159
2024-12-01,P000067,LOC016,120,158.85,S0030,2024-11-24,45,159
2024-12-31,P000067,LOC016,120,154.38,S0030,2024-12-03,45,159
2025-01-30,P000067,LOC016,117,158.43,S0030,2025-01-19,45,159
2025-03-01,P000067,LOC016,149,152.03,S0030,2025-02-26,45,159
2025-03-31,P000067,LOC016,147,150.8,S0030,2025-03-17,45,159
2024-10-02,P000067,LOC017,124,158.77,S0030,2024-09-23,45,159
2024-11-01,P000067,LOC017,132,151.13,S0030,2024-10-14,45,159
2024-12-01,P000067,LOC017,119,153.49,S0030,2024-11-17,45,159
2024-12-31,P000067,LOC017,116,150.55,S0030,2024-12-07,45,159
2025-01-30,P000067,LOC017,132,161.29,S0030,2025-01-15,45,159
2025-03-01,P000067,LOC017,143,159.63,S0030,2025-02-17,45,159
2025-03-31,P000067,LOC017,145,160.04,S0030,2025-03-16,45,159
2024-10-02,P000067,LOC018,123,151.93,S0030,2024-09-10,45,159
2024-11-01,P000067,LOC018,139,150.64,S0030,2024-10-21,45,159
2024-12-01,P000067,LOC018,132,147.91,S0030,2024-11-29,45,159
2024-12-31,P000067,LOC018,116,150.03,S0030,2024-12-09,45,159
2025-01-30,P000067,LOC018,150,148.28,S0030,2025-01-19,45,159
2025-03-01,P000067,LOC018,150,150.97,S0030,2025-02-05,45,159
2025-03-31,P000067,LOC018,117,149.94,S0030,2025-03-17,45,159
2024-10-02,P000067,LOC019,148,162.18,S0030,2024-09-29,45,159
2024-11-01,P000067,LOC019,147,154.52,S0030,2024-10-18,45,159
2024-12-01,P000067,LOC019,123,149.04,S0030,2024-11-11,45,159
2024-12-31,P000067,LOC019,133,158.02,S0030,2024-12-01,45,159
2025-01-30,P000067,LOC019,149,147.63,S0030,2025-01-07,45,159
2025-03-01,P000067,LOC019,116,156.93,S0030,2025-02-17,45,159
2025-03-31,P000067,LOC019,123,152.08,S0030,2025-03-24,45,159
2024-10-02,P000067,LOC020,146,155.68,S0030,2024-10-01,45,159
2024-11-01,P000067,LOC020,140,152.58,S0030,2024-10-05,45,159
2024-12-01,P000067,LOC020,141,155.91,S0030,2024-11-26,45,159
2024-12-31,P000067,LOC020,146,147.61,S0030,2024-12-27,45,159
2025-01-30,P000067,LOC020,127,150.07,S0030,2025-01-29,45,159
2025-03-01,P000067,LOC020,127,161.77,S0030,2025-02-28,45,159
2025-03-31,P000067,LOC020,128,154.64,S0030,2025-03-14,45,159
2024-10-02,P000068,LOC001,277,330.73,S0018,2024-09-02,28,817
2024-11-01,P000068,LOC001,305,322.74,S0018,2024-10-25,28,817
2024-12-01,P000068,LOC001,258,318.67,S0018,2024-11-17,28,817
2024-12-31,P000068,LOC001,309,314.91,S0018,2024-12-19,28,817
2025-01-30,P000068,LOC001,408,304.25,S0018,2025-01-19,28,817
2025-03-01,P000068,LOC001,445,326.81,S0018,2025-02-22,28,817
2025-03-31,P000068,LOC001,421,328.07,S0018,2025-03-04,28,817
2024-10-02,P000068,LOC002,291,325.0,S0018,2024-09-23,28,817
2024-11-01,P000068,LOC002,326,316.87,S0018,2024-10-21,28,817
2024-12-01,P000068,LOC002,392,318.08,S0018,2024-11-19,28,817
2024-12-31,P000068,LOC002,412,315.42,S0018,2024-12-04,28,817
2025-01-30,P000068,LOC002,387,323.4,S0018,2025-01-24,28,817
2025-03-01,P000068,LOC002,463,318.74,S0018,2025-02-26,28,817
2025-03-31,P000068,LOC002,507,314.16,S0018,2025-03-29,28,817
2024-10-02,P000068,LOC003,220,329.23,S0018,2024-09-05,28,817
2024-11-01,P000068,LOC003,318,328.74,S0018,2024-10-02,28,817
2024-12-01,P000068,LOC003,286,300.09,S0018,2024-11-05,28,817
2024-12-31,P000068,LOC003,306,323.62,S0018,2024-12-11,28,817
2025-01-30,P000068,LOC003,361,323.45,S0018,2025-01-05,28,817
2025-03-01,P000068,LOC003,451,326.73,S0018,2025-02-06,28,817
2025-03-31,P000068,LOC003,543,309.69,S0018,2025-03-04,28,817
2024-10-02,P000068,LOC004,293,330.02,S0018,2024-09-03,28,817
2024-11-01,P000068,LOC004,272,328.82,S0018,2024-10-05,28,817
2024-12-01,P000068,LOC004,312,325.26,S0018,2024-11-01,28,817
2024-12-31,P000068,LOC004,273,310.88,S0018,2024-12-17,28,817
2025-01-30,P000068,LOC004,299,302.83,S0018,2025-01-26,28,817
2025-03-01,P000068,LOC004,283,325.15,S0018,2025-02-21,28,817
2025-03-31,P000068,LOC004,354,303.24,S0018,2025-03-11,28,817
2024-10-02,P000068,LOC005,240,326.46,S0018,2024-09-10,28,817
2024-11-01,P000068,LOC005,268,327.88,S0018,2024-10-21,28,817
2024-12-01,P000068,LOC005,305,320.73,S0018,2024-11-16,28,817
2024-12-31,P000068,LOC005,356,324.59,S0018,2024-12-01,28,817
2025-01-30,P000068,LOC005,400,312.38,S0018,2025-01-16,28,817
2025-03-01,P000068,LOC005,497,303.18,S0018,2025-02-14,28,817
2025-03-31,P000068,LOC005,543,325.67,S0018,2025-03-05,28,817
2024-10-02,P000068,LOC006,350,304.51,S0018,2024-09-02,28,817
2024-11-01,P000068,LOC006,418,304.55,S0018,2024-10-11,28,817
2024-12-01,P000068,LOC006,444,320.56,S0018,2024-11-02,28,817
2024-12-31,P000068,LOC006,522,320.14,S0018,2024-12-05,28,817
2025-01-30,P000068,LOC006,539,326.91,S0018,2025-01-01,28,817
2025-03-01,P000068,LOC006,498,305.58,S0018,2025-02-11,28,817
2025-03-31,P000068,LOC006,537,330.61,S0018,2025-03-29,28,817
2024-10-02,P000068,LOC007,282,319.26,S0018,2024-09-12,28,817
2024-11-01,P000068,LOC007,361,300.25,S0018,2024-10-29,28,817
2024-12-01,P000068,LOC007,453,302.29,S0018,2024-11-07,28,817
2024-12-31,P000068,LOC007,473,305.96,S0018,2024-12-09,28,817
2025-01-30,P000068,LOC007,534,304.09,S0018,2025-01-27,28,817
2025-03-01,P000068,LOC007,495,317.51,S0018,2025-02-21,28,817
2025-03-31,P000068,LOC007,448,306.91,S0018,2025-03-03,28,817
2024-10-02,P000068,LOC008,242,306.68,S0018,2024-09-16,28,817
2024-11-01,P000068,LOC008,309,329.99,S0018,2024-10-03,28,817
2024-12-01,P000068,LOC008,360,324.57,S0018,2024-11-28,28,817
2024-12-31,P000068,LOC008,408,317.45,S0018,2024-12-16,28,817
2025-01-30,P000068,LOC008,453,303.51,S0018,2024-12-31,28,817
2025-03-01,P000068,LOC008,516,317.21,S0018,2025-02-06,28,817
2025-03-31,P000068,LOC008,506,317.32,S0018,2025-03-22,28,817
2024-10-02,P000068,LOC009,328,313.89,S0018,2024-09-14,28,817
2024-11-01,P000068,LOC009,374,321.01,S0018,2024-10-27,28,817
2024-12-01,P000068,LOC009,459,322.89,S0018,2024-11-24,28,817
2024-12-31,P000068,LOC009,527,315.33,S0018,2024-12-24,28,817
2025-01-30,P000068,LOC009,508,327.51,S0018,2025-01-21,28,817
2025-03-01,P000068,LOC009,486,328.03,S0018,2025-02-28,28,817
2025-03-31,P000068,LOC009,508,328.34,S0018,2025-03-20,28,817
2024-10-02,P000068,LOC010,319,312.69,S0018,2024-09-22,28,817
2024-11-01,P000068,LOC010,379,310.78,S0018,2024-10-15,28,817
2024-12-01,P000068,LOC010,340,308.85,S0018,2024-11-06,28,817
2024-12-31,P000068,LOC010,323,327.26,S0018,2024-12-20,28,817
2025-01-30,P000068,LOC010,289,309.32,S0018,2025-01-17,28,817
2025-03-01,P000068,LOC010,291,311.77,S0018,2025-01-31,28,817
2025-03-31,P000068,LOC010,349,318.81,S0018,2025-03-29,28,817
2024-10-02,P000068,LOC011,241,322.6,S0018,2024-09-08,28,817
2024-11-01,P000068,LOC011,223,328.0,S0018,2024-10-22,28,817
2024-12-01,P000068,LOC011,224,312.85,S0018,2024-11-08,28,817
2024-12-31,P000068,LOC011,294,316.48,S0018,2024-12-13,28,817
2025-01-30,P000068,LOC011,357,326.82,S0018,2025-01-13,28,817
2025-03-01,P000068,LOC011,365,323.82,S0018,2025-02-11,28,817
2025-03-31,P000068,LOC011,413,322.85,S0018,2025-03-15,28,817
2024-10-02,P000068,LOC012,253,323.95,S0018,2024-09-10,28,817
2024-11-01,P000068,LOC012,229,311.05,S0018,2024-10-21,28,817
2024-12-01,P000068,LOC012,296,320.9,S0018,2024-11-10,28,817
2024-12-31,P000068,LOC012,291,305.72,S0018,2024-12-23,28,817
2025-01-30,P000068,LOC012,265,321.96,S0018,2025-01-12,28,817
2025-03-01,P000068,LOC012,262,321.19,S0018,2025-02-01,28,817
2025-03-31,P000068,LOC012,247,329.33,S0018,2025-03-04,28,817
2024-10-02,P000068,LOC013,262,307.48,S0018,2024-09-30,28,817
2024-11-01,P000068,LOC013,216,330.52,S0018,2024-10-08,28,817
2024-12-01,P000068,LOC013,285,331.14,S0018,2024-11-28,28,817
2024-12-31,P000068,LOC013,351,324.94,S0018,2024-12-20,28,817
2025-01-30,P000068,LOC013,414,317.68,S0018,2025-01-24,28,817
2025-03-01,P000068,LOC013,473,327.62,S0018,2025-02-17,28,817
2025-03-31,P000068,LOC013,566,306.23,S0018,2025-03-27,28,817
2024-10-02,P000068,LOC014,327,322.04,S0018,2024-09-17,28,817
2024-11-01,P000068,LOC014,374,324.92,S0018,2024-10-03,28,817
2024-12-01,P000068,LOC014,328,301.16,S0018,2024-11-03,28,817
2024-12-31,P000068,LOC014,306,302.06,S0018,2024-12-08,28,817
2025-01-30,P000068,LOC014,390,312.12,S0018,2025-01-25,28,817
2025-03-01,P000068,LOC014,485,321.67,S0018,2025-02-07,28,817
2025-03-31,P000068,LOC014,521,308.25,S0018,2025-03-13,28,817
2024-10-02,P000068,LOC015,259,303.6,S0018,2024-09-02,28,817
2024-11-01,P000068,LOC015,239,305.66,S0018,2024-10-21,28,817
2024-12-01,P000068,LOC015,265,310.25,S0018,2024-11-16,28,817
2024-12-31,P000068,LOC015,298,306.73,S0018,2024-12-13,28,817
2025-01-30,P000068,LOC015,273,318.97,S0018,2025-01-05,28,817
2025-03-01,P000068,LOC015,302,304.18,S0018,2025-02-26,28,817
2025-03-31,P000068,LOC015,380,309.68,S0018,2025-03-23,28,817
2024-10-02,P000068,LOC016,228,309.33,S0018,2024-09-13,28,817
2024-11-01,P000068,LOC016,226,310.26,S0018,2024-10-16,28,817
2024-12-01,P000068,LOC016,295,323.4,S0018,2024-11-19,28,817
2024-12-31,P000068,LOC016,390,329.71,S0018,2024-12-25,28,817
2025-01-30,P000068,LOC016,356,324.46,S0018,2025-01-15,28,817
2025-03-01,P000068,LOC016,331,328.49,S0018,2025-02-20,28,817
2025-03-31,P000068,LOC016,303,301.29,S0018,2025-03-30,28,817
2024-10-02,P000068,LOC017,354,307.53,S0018,2024-09-12,28,817
2024-11-01,P000068,LOC017,401,319.38,S0018,2024-10-26,28,817
2024-12-01,P000068,LOC017,457,317.34,S0018,2024-11-10,28,817
2024-12-31,P000068,LOC017,448,310.28,S0018,2024-12-05,28,817
2025-01-30,P000068,LOC017,493,308.44,S0018,2025-01-14,28,817
2025-03-01,P000068,LOC017,588,322.72,S0018,2025-02-04,28,817
2025-03-31,P000068,LOC017,607,306.42,S0018,2025-03-17,28,817
2024-10-02,P000068,LOC018,349,302.0,S0018,2024-09-05,28,817
2024-11-01,P000068,LOC018,409,302.4,S0018,2024-10-21,28,817
2024-12-01,P000068,LOC018,491,317.37,S0018,2024-11-23,28,817
2024-12-31,P000068,LOC018,569,301.96,S0018,2024-12-27,28,817
2025-01-30,P000068,LOC018,552,314.0,S0018,2025-01-01,28,817
2025-03-01,P000068,LOC018,635,300.06,S0018,2025-01-31,28,817
2025-03-31,P000068,LOC018,724,321.09,S0018,2025-03-13,28,817
2024-10-02,P000068,LOC019,253,325.57,S0018,2024-09-16,28,817
2024-11-01,P000068,LOC019,351,307.96,S0018,2024-10-10,28,817
2024-12-01,P000068,LOC019,401,318.85,S0018,2024-11-25,28,817
2024-12-31,P000068,LOC019,370,302.88,S0018,2024-12-10,28,817
2025-01-30,P000068,LOC019,422,302.78,S0018,2025-01-05,28,817
2025-03-01,P000068,LOC019,442,303.47,S0018,2025-02-24,28,817
2025-03-31,P000068,LOC019,449,328.95,S0018,2025-03-30,28,817
2024-10-02,P000068,LOC020,269,330.89,S0018,2024-10-01,28,817
2024-11-01,P000068,LOC020,275,330.69,S0018,2024-10-21,28,817
2024-12-01,P000068,LOC020,257,320.85,S0018,2024-11-29,28,817
2024-12-31,P000068,LOC020,314,315.13,S0018,2024-12-28,28,817
2025-01-30,P000068,LOC020,273,303.0,S0018,2025-01-26,28,817
2025-03-01,P000068,LOC020,292,325.12,S0018,2025-02-06,28,817
2025-03-31,P000068,LOC020,276,308.6,S0018,2025-03-20,28,817
2024-10-02,P000069,LOC001,729,519.04,S0007,2024-09-11,36,744
2024-11-01,P000069,LOC001,721,534.02,S0007,2024-10-31,36,744
2024-12-01,P000069,LOC001,725,508.64,S0007,2024-11-21,36,744
2024-12-31,P000069,LOC001,694,507.71,S0007,2024-12-03,36,744
2025-01-30,P000069,LOC001,687,541.79,S0007,2025-01-12,36,744
2025-03-01,P000069,LOC001,694,515.56,S0007,2025-02-05,36,744
2025-03-31,P000069,LOC001,571,555.93,S0007,2025-03-30,36,744
2024-10-02,P000069,LOC002,665,521.45,S0007,2024-09-29,36,744
2024-11-01,P000069,LOC002,540,513.94,S0007,2024-10-20,36,744
2024-12-01,P000069,LOC002,555,516.25,S0007,2024-11-17,36,744
2024-12-31,P000069,LOC002,662,529.63,S0007,2024-12-30,36,744
2025-01-30,P000069,LOC002,634,552.68,S0007,2025-01-27,36,744
2025-03-01,P000069,LOC002,570,545.64,S0007,2025-01-31,36,744
2025-03-31,P000069,LOC002,626,538.64,S0007,2025-03-24,36,744
2024-10-02,P000069,LOC003,723,545.3,S0007,2024-09-14,36,744
2024-11-01,P000069,LOC003,563,509.18,S0007,2024-10-09,36,744
2024-12-01,P000069,LOC003,563,553.0,S0007,2024-11-29,36,744
2024-12-31,P000069,LOC003,648,542.53,S0007,2024-12-22,36,744
2025-01-30,P000069,LOC003,587,509.34,S0007,2025-01-19,36,744
2025-03-01,P000069,LOC003,648,506.83,S0007,2025-01-31,36,744
2025-03-31,P000069,LOC003,609,555.17,S0007,2025-03-05,36,744
2024-10-02,P000069,LOC004,715,547.15,S0007,2024-09-05,36,744
2024-11-01,P000069,LOC004,679,557.17,S0007,2024-10-11,36,744
2024-12-01,P000069,LOC004,614,543.13,S0007,2024-11-16,36,744
2024-12-31,P000069,LOC004,633,551.25,S0007,2024-12-13,36,744
2025-01-30,P000069,LOC004,653,531.42,S0007,2025-01-16,36,744
2025-03-01,P000069,LOC004,590,518.75,S0007,2025-02-18,36,744
2025-03-31,P000069,LOC004,679,535.21,S0007,2025-03-25,36,744
2024-10-02,P000069,LOC005,684,555.65,S0007,2024-10-01,36,744
2024-11-01,P000069,LOC005,660,539.98,S0007,2024-10-10,36,744
2024-12-01,P000069,LOC005,631,541.66,S0007,2024-11-25,36,744
2024-12-31,P000069,LOC005,669,537.74,S0007,2024-12-29,36,744
2025-01-30,P000069,LOC005,657,539.12,S0007,2025-01-19,36,744
2025-03-01,P000069,LOC005,719,532.16,S0007,2025-02-26,36,744
2025-03-31,P000069,LOC005,612,549.91,S0007,2025-03-05,36,744
2024-10-02,P000069,LOC006,681,551.56,S0007,2024-09-14,36,744
2024-11-01,P000069,LOC006,650,509.65,S0007,2024-10-29,36,744
2024-12-01,P000069,LOC006,699,523.54,S0007,2024-11-21,36,744
2024-12-31,P000069,LOC006,719,530.38,S0007,2024-12-24,36,744
2025-01-30,P000069,LOC006,546,542.06,S0007,2025-01-26,36,744
2025-03-01,P000069,LOC006,556,532.17,S0007,2025-02-18,36,744
2025-03-31,P000069,LOC006,526,534.82,S0007,2025-03-01,36,744
2024-10-02,P000069,LOC007,610,537.23,S0007,2024-09-26,36,744
2024-11-01,P000069,LOC007,648,539.59,S0007,2024-10-24,36,744
2024-12-01,P000069,LOC007,679,528.15,S0007,2024-11-10,36,744
2024-12-31,P000069,LOC007,708,551.57,S0007,2024-12-07,36,744
2025-01-30,P000069,LOC007,735,526.29,S0007,2025-01-16,36,744
2025-03-01,P000069,LOC007,663,519.94,S0007,2025-02-18,36,744
2025-03-31,P000069,LOC007,523,547.25,S0007,2025-03-29,36,744
2024-10-02,P000069,LOC008,601,530.07,S0007,2024-09-12,36,744
2024-11-01,P000069,LOC008,633,533.35,S0007,2024-10-21,36,744
2024-12-01,P000069,LOC008,679,551.01,S0007,2024-11-27,36,744
2024-12-31,P000069,LOC008,661,530.91,S0007,2024-12-23,36,744
2025-01-30,P000069,LOC008,639,512.13,S0007,2025-01-06,36,744
2025-03-01,P000069,LOC008,700,543.11,S0007,2025-02-17,36,744
2025-03-31,P000069,LOC008,695,510.45,S0007,2025-03-14,36,744
2024-10-02,P000069,LOC009,694,520.08,S0007,2024-09-08,36,744
2024-11-01,P000069,LOC009,712,509.48,S0007,2024-10-15,36,744
2024-12-01,P000069,LOC009,712,537.26,S0007,2024-11-15,36,744
2024-12-31,P000069,LOC009,741,521.84,S0007,2024-12-09,36,744
2025-01-30,P000069,LOC009,570,532.53,S0007,2025-01-15,36,744
2025-03-01,P000069,LOC009,597,530.14,S0007,2025-02-01,36,744
2025-03-31,P000069,LOC009,658,528.35,S0007,2025-03-06,36,744
2024-10-02,P000069,LOC010,624,530.33,S0007,2024-09-20,36,744
2024-11-01,P000069,LOC010,635,553.93,S0007,2024-10-15,36,744
2024-12-01,P000069,LOC010,656,543.51,S0007,2024-11-13,36,744
2024-12-31,P000069,LOC010,671,518.79,S0007,2024-12-19,36,744
2025-01-30,P000069,LOC010,648,507.06,S0007,2025-01-24,36,744
2025-03-01,P000069,LOC010,743,506.9,S0007,2025-02-17,36,744
2025-03-31,P000069,LOC010,694,550.51,S0007,2025-03-16,36,744
2024-10-02,P000069,LOC011,735,517.99,S0007,2024-09-05,36,744
2024-11-01,P000069,LOC011,704,551.73,S0007,2024-10-31,36,744
2024-12-01,P000069,LOC011,661,509.39,S0007,2024-11-21,36,744
2024-12-31,P000069,LOC011,533,533.51,S0007,2024-12-28,36,744
2025-01-30,P000069,LOC011,693,533.55,S0007,2025-01-24,36,744
2025-03-01,P000069,LOC011,704,533.72,S0007,2025-02-06,36,744
2025-03-31,P000069,LOC011,682,532.87,S0007,2025-03-25,36,744
2024-10-02,P000069,LOC012,657,536.63,S0007,2024-09-18,36,744
2024-11-01,P000069,LOC012,728,529.65,S0007,2024-10-28,36,744
2024-12-01,P000069,LOC012,695,541.66,S0007,2024-11-19,36,744
2024-12-31,P000069,LOC012,686,525.22,S0007,2024-12-15,36,744
2025-01-30,P000069,LOC012,659,538.61,S0007,2025-01-25,36,744
2025-03-01,P000069,LOC012,677,521.83,S0007,2025-02-28,36,744
2025-03-31,P000069,LOC012,611,513.84,S0007,2025-03-28,36,744
2024-10-02,P000069,LOC013,734,514.36,S0007,2024-09-27,36,744
2024-11-01,P000069,LOC013,744,516.16,S0007,2024-10-10,36,744
2024-12-01,P000069,LOC013,581,540.43,S0007,2024-11-27,36,744
2024-12-31,P000069,LOC013,605,522.09,S0007,2024-12-14,36,744
2025-01-30,P000069,LOC013,566,527.08,S0007,2025-01-24,36,744
2025-03-01,P000069,LOC013,596,533.49,S0007,2025-02-26,36,744
2025-03-31,P000069,LOC013,528,549.28,S0007,2025-03-27,36,744
2024-10-02,P000069,LOC014,689,551.57,S0007,2024-09-26,36,744
2024-11-01,P000069,LOC014,673,552.82,S0007,2024-10-12,36,744
2024-12-01,P000069,LOC014,657,546.16,S0007,2024-11-05,36,744
2024-12-31,P000069,LOC014,591,521.16,S0007,2024-12-04,36,744
2025-01-30,P000069,LOC014,578,506.63,S0007,2025-01-08,36,744
2025-03-01,P000069,LOC014,634,509.28,S0007,2025-02-05,36,744
2025-03-31,P000069,LOC014,658,552.13,S0007,2025-03-02,36,744
2024-10-02,P000069,LOC015,685,557.53,S0007,2024-09-22,36,744
2024-11-01,P000069,LOC015,650,537.72,S0007,2024-10-14,36,744
2024-12-01,P000069,LOC015,635,516.46,S0007,2024-11-06,36,744
2024-12-31,P000069,LOC015,677,513.25,S0007,2024-12-30,36,744
2025-01-30,P000069,LOC015,688,542.43,S0007,2025-01-19,36,744
2025-03-01,P000069,LOC015,631,546.68,S0007,2025-02-13,36,744
2025-03-31,P000069,LOC015,618,517.88,S0007,2025-03-03,36,744
2024-10-02,P000069,LOC016,659,506.77,S0007,2024-09-09,36,744
2024-11-01,P000069,LOC016,717,535.31,S0007,2024-10-10,36,744
2024-12-01,P000069,LOC016,683,521.21,S0007,2024-11-07,36,744
2024-12-31,P000069,LOC016,667,526.22,S0007,2024-12-08,36,744
2025-01-30,P000069,LOC016,617,539.52,S0007,2025-01-24,36,744
2025-03-01,P000069,LOC016,604,542.29,S0007,2025-02-12,36,744
2025-03-31,P000069,LOC016,674,538.28,S0007,2025-03-28,36,744
2024-10-02,P000069,LOC017,701,526.21,S0007,2024-09-28,36,744
2024-11-01,P000069,LOC017,709,513.87,S0007,2024-10-03,36,744
2024-12-01,P000069,LOC017,528,553.05,S0007,2024-11-09,36,744
2024-12-31,P000069,LOC017,706,523.56,S0007,2024-12-18,36,744
2025-01-30,P000069,LOC017,617,520.33,S0007,2025-01-11,36,744
2025-03-01,P000069,LOC017,594,524.15,S0007,2025-02-01,36,744
2025-03-31,P000069,LOC017,657,511.28,S0007,2025-03-20,36,744
2024-10-02,P000069,LOC018,687,531.62,S0007,2024-09-13,36,744
2024-11-01,P000069,LOC018,669,511.86,S0007,2024-10-30,36,744
2024-12-01,P000069,LOC018,624,541.19,S0007,2024-11-16,36,744
2024-12-31,P000069,LOC018,616,535.64,S0007,2024-12-13,36,744
2025-01-30,P000069,LOC018,638,539.89,S0007,2025-01-28,36,744
2025-03-01,P000069,LOC018,529,516.05,S0007,2025-02-09,36,744
2025-03-31,P000069,LOC018,574,529.85,S0007,2025-03-27,36,744
2024-10-02,P000069,LOC019,713,507.33,S0007,2024-09-28,36,744
2024-11-01,P000069,LOC019,744,522.76,S0007,2024-10-27,36,744
2024-12-01,P000069,LOC019,735,548.29,S0007,2024-11-17,36,744
2024-12-31,P000069,LOC019,721,557.56,S0007,2024-12-20,36,744
2025-01-30,P000069,LOC019,732,547.13,S0007,2025-01-08,36,744
2025-03-01,P000069,LOC019,710,542.45,S0007,2025-02-28,36,744
2025-03-31,P000069,LOC019,594,520.6,S0007,2025-03-27,36,744
2024-10-02,P000069,LOC020,718,510.19,S0007,2024-10-01,36,744
2024-11-01,P000069,LOC020,577,529.95,S0007,2024-10-17,36,744
2024-12-01,P000069,LOC020,674,526.05,S0007,2024-11-15,36,744
2024-12-31,P000069,LOC020,606,522.79,S0007,2024-12-22,36,744
2025-01-30,P000069,LOC020,599,543.22,S0007,2025-01-02,36,744
2025-03-01,P000069,LOC020,634,509.57,S0007,2025-02-19,36,744
2025-03-31,P000069,LOC020,530,557.63,S0007,2025-03-17,36,744
2024-10-02,P000070,LOC001,394,351.45,S0013,2024-09-12,49,476
2024-11-01,P000070,LOC001,350,334.06,S0013,2024-10-08,49,476
2024-12-01,P000070,LOC001,431,345.5,S0013,2024-11-29,49,476
2024-12-31,P000070,LOC001,386,338.59,S0013,2024-12-20,49,476
2025-01-30,P000070,LOC001,419,336.51,S0013,2025-01-24,49,476
2025-03-01,P000070,LOC001,346,333.08,S0013,2025-02-24,49,476
2025-03-31,P000070,LOC001,425,332.31,S0013,2025-03-26,49,476
2024-10-02,P000070,LOC002,444,335.49,S0013,2024-09-15,49,476
2024-11-01,P000070,LOC002,416,334.54,S0013,2024-10-25,49,476
2024-12-01,P000070,LOC002,349,346.26,S0013,2024-11-29,49,476
2024-12-31,P000070,LOC002,382,336.46,S0013,2024-12-13,49,476
2025-01-30,P000070,LOC002,386,350.26,S0013,2025-01-17,49,476
2025-03-01,P000070,LOC002,354,329.04,S0013,2025-02-19,49,476
2025-03-31,P000070,LOC002,403,339.86,S0013,2025-03-14,49,476
2024-10-02,P000070,LOC003,418,339.3,S0013,2024-09-23,49,476
2024-11-01,P000070,LOC003,357,327.85,S0013,2024-10-13,49,476
2024-12-01,P000070,LOC003,387,354.12,S0013,2024-11-08,49,476
2024-12-31,P000070,LOC003,362,336.2,S0013,2024-12-08,49,476
2025-01-30,P000070,LOC003,415,355.56,S0013,2025-01-21,49,476
2025-03-01,P000070,LOC003,441,331.87,S0013,2025-02-03,49,476
2025-03-31,P000070,LOC003,427,359.57,S0013,2025-03-11,49,476
2024-10-02,P000070,LOC004,418,347.1,S0013,2024-09-25,49,476
2024-11-01,P000070,LOC004,347,359.33,S0013,2024-10-24,49,476
2024-12-01,P000070,LOC004,346,359.89,S0013,2024-11-06,49,476
2024-12-31,P000070,LOC004,386,330.07,S0013,2024-12-08,49,476
2025-01-30,P000070,LOC004,376,351.89,S0013,2025-01-29,49,476
2025-03-01,P000070,LOC004,395,357.36,S0013,2025-02-10,49,476
2025-03-31,P000070,LOC004,378,354.35,S0013,2025-03-11,49,476
2024-10-02,P000070,LOC005,427,332.87,S0013,2024-09-12,49,476
2024-11-01,P000070,LOC005,394,329.79,S0013,2024-10-13,49,476
2024-12-01,P000070,LOC005,446,360.64,S0013,2024-11-02,49,476
2024-12-31,P000070,LOC005,378,355.38,S0013,2024-12-25,49,476
2025-01-30,P000070,LOC005,378,350.99,S0013,2025-01-12,49,476
2025-03-01,P000070,LOC005,424,343.36,S0013,2025-02-11,49,476
2025-03-31,P000070,LOC005,441,343.42,S0013,2025-03-28,49,476
2024-10-02,P000070,LOC006,400,327.07,S0013,2024-09-23,49,476
2024-11-01,P000070,LOC006,411,337.23,S0013,2024-10-07,49,476
2024-12-01,P000070,LOC006,351,353.75,S0013,2024-11-12,49,476
2024-12-31,P000070,LOC006,436,345.37,S0013,2024-12-10,49,476
2025-01-30,P000070,LOC006,354,340.32,S0013,2025-01-18,49,476
2025-03-01,P000070,LOC006,417,352.62,S0013,2025-02-25,49,476
2025-03-31,P000070,LOC006,383,337.92,S0013,2025-03-16,49,476
2024-10-02,P000070,LOC007,370,334.09,S0013,2024-09-28,49,476
2024-11-01,P000070,LOC007,424,348.81,S0013,2024-10-12,49,476
2024-12-01,P000070,LOC007,386,352.07,S0013,2024-11-14,49,476
2024-12-31,P000070,LOC007,407,340.65,S0013,2024-12-01,49,476
2025-01-30,P000070,LOC007,347,329.41,S0013,2025-01-21,49,476
2025-03-01,P000070,LOC007,348,340.18,S0013,2025-02-28,49,476
2025-03-31,P000070,LOC007,357,359.74,S0013,2025-03-26,49,476
2024-10-02,P000070,LOC008,407,331.91,S0013,2024-09-30,49,476
2024-11-01,P000070,LOC008,363,343.57,S0013,2024-10-12,49,476
2024-12-01,P000070,LOC008,387,340.14,S0013,2024-11-11,49,476
2024-12-31,P000070,LOC008,434,336.41,S0013,2024-12-13,49,476
2025-01-30,P000070,LOC008,397,355.04,S0013,2025-01-23,49,476
2025-03-01,P000070,LOC008,333,350.47,S0013,2025-01-30,49,476
2025-03-31,P000070,LOC008,438,335.43,S0013,2025-03-20,49,476
2024-10-02,P000070,LOC009,361,331.94,S0013,2024-09-07,49,476
2024-11-01,P000070,LOC009,403,345.82,S0013,2024-10-11,49,476
2024-12-01,P000070,LOC009,389,339.17,S0013,2024-11-25,49,476
2024-12-31,P000070,LOC009,382,329.15,S0013,2024-12-15,49,476
2025-01-30,P000070,LOC009,342,359.09,S0013,2025-01-26,49,476
2025-03-01,P000070,LOC009,404,335.66,S0013,2025-02-02,49,476
2025-03-31,P000070,LOC009,362,359.32,S0013,2025-03-11,49,476
2024-10-02,P000070,LOC010,398,329.43,S0013,2024-09-24,49,476
2024-11-01,P000070,LOC010,406,349.21,S0013,2024-10-22,49,476
2024-12-01,P000070,LOC010,399,332.91,S0013,2024-11-27,49,476
2024-12-31,P000070,LOC010,431,354.41,S0013,2024-12-01,49,476
2025-01-30,P000070,LOC010,339,355.82,S0013,2025-01-28,49,476
2025-03-01,P000070,LOC010,350,334.28,S0013,2025-02-22,49,476
2025-03-31,P000070,LOC010,410,357.91,S0013,2025-03-29,49,476
2024-10-02,P000070,LOC011,337,334.7,S0013,2024-09-06,49,476
2024-11-01,P000070,LOC011,434,335.45,S0013,2024-10-28,49,476
2024-12-01,P000070,LOC011,412,336.78,S0013,2024-11-14,49,476
2024-12-31,P000070,LOC011,432,350.36,S0013,2024-12-01,49,476
2025-01-30,P000070,LOC011,368,351.09,S0013,2025-01-17,49,476
2025-03-01,P000070,LOC011,442,349.9,S0013,2025-01-31,49,476
2025-03-31,P000070,LOC011,339,333.08,S0013,2025-03-30,49,476
2024-10-02,P000070,LOC012,382,333.31,S0013,2024-09-19,49,476
2024-11-01,P000070,LOC012,354,360.03,S0013,2024-10-08,49,476
2024-12-01,P000070,LOC012,413,336.54,S0013,2024-11-20,49,476
2024-12-31,P000070,LOC012,405,346.45,S0013,2024-12-09,49,476
2025-01-30,P000070,LOC012,415,330.83,S0013,2025-01-19,49,476
2025-03-01,P000070,LOC012,404,334.42,S0013,2025-02-27,49,476
2025-03-31,P000070,LOC012,426,333.68,S0013,2025-03-30,49,476
2024-10-02,P000070,LOC013,354,351.15,S0013,2024-09-07,49,476
2024-11-01,P000070,LOC013,387,333.91,S0013,2024-10-09,49,476
2024-12-01,P000070,LOC013,402,348.04,S0013,2024-11-13,49,476
2024-12-31,P000070,LOC013,444,331.21,S0013,2024-12-14,49,476
2025-01-30,P000070,LOC013,344,360.88,S0013,2025-01-08,49,476
2025-03-01,P000070,LOC013,368,346.16,S0013,2025-02-09,49,476
2025-03-31,P000070,LOC013,377,338.48,S0013,2025-03-20,49,476
2024-10-02,P000070,LOC014,378,342.67,S0013,2024-09-15,49,476
2024-11-01,P000070,LOC014,341,355.45,S0013,2024-10-20,49,476
2024-12-01,P000070,LOC014,384,331.06,S0013,2024-11-04,49,476
2024-12-31,P000070,LOC014,398,357.25,S0013,2024-12-11,49,476
2025-01-30,P000070,LOC014,368,357.17,S0013,2024-12-31,49,476
2025-03-01,P000070,LOC014,349,343.47,S0013,2025-02-13,49,476
2025-03-31,P000070,LOC014,415,328.15,S0013,2025-03-27,49,476
2024-10-02,P000070,LOC015,365,341.12,S0013,2024-09-27,49,476
2024-11-01,P000070,LOC015,395,355.36,S0013,2024-10-02,49,476
2024-12-01,P000070,LOC015,395,331.96,S0013,2024-11-04,49,476
2024-12-31,P000070,LOC015,416,347.29,S0013,2024-12-21,49,476
2025-01-30,P000070,LOC015,406,344.85,S0013,2025-01-08,49,476
2025-03-01,P000070,LOC015,346,355.32,S0013,2025-01-31,49,476
2025-03-31,P000070,LOC015,420,332.02,S0013,2025-03-25,49,476
2024-10-02,P000070,LOC016,408,341.58,S0013,2024-09-15,49,476
2024-11-01,P000070,LOC016,450,356.78,S0013,2024-10-14,49,476
2024-12-01,P000070,LOC016,390,356.73,S0013,2024-11-04,49,476
2024-12-31,P000070,LOC016,415,337.85,S0013,2024-12-25,49,476
2025-01-30,P000070,LOC016,444,358.54,S0013,2025-01-29,49,476
2025-03-01,P000070,LOC016,450,343.27,S0013,2025-02-27,49,476
2025-03-31,P000070,LOC016,367,352.4,S0013,2025-03-19,49,476
2024-10-02,P000070,LOC017,405,333.27,S0013,2024-10-01,49,476
2024-11-01,P000070,LOC017,370,332.55,S0013,2024-10-05,49,476
2024-12-01,P000070,LOC017,395,343.48,S0013,2024-11-19,49,476
2024-12-31,P000070,LOC017,451,360.44,S0013,2024-12-26,49,476
2025-01-30,P000070,LOC017,375,350.65,S0013,2025-01-15,49,476
2025-03-01,P000070,LOC017,348,356.59,S0013,2025-02-12,49,476
2025-03-31,P000070,LOC017,400,326.91,S0013,2025-03-17,49,476
2024-10-02,P000070,LOC018,395,339.56,S0013,2024-09-07,49,476
2024-11-01,P000070,LOC018,408,346.1,S0013,2024-10-11,49,476
2024-12-01,P000070,LOC018,391,342.24,S0013,2024-11-20,49,476
2024-12-31,P000070,LOC018,354,335.6,S0013,2024-12-24,49,476
2025-01-30,P000070,LOC018,405,342.2,S0013,2025-01-28,49,476
2025-03-01,P000070,LOC018,417,341.96,S0013,2025-02-01,49,476
2025-03-31,P000070,LOC018,449,347.19,S0013,2025-03-01,49,476
2024-10-02,P000070,LOC019,333,357.34,S0013,2024-09-18,49,476
2024-11-01,P000070,LOC019,336,326.82,S0013,2024-10-18,49,476
2024-12-01,P000070,LOC019,407,332.94,S0013,2024-11-28,49,476
2024-12-31,P000070,LOC019,347,342.25,S0013,2024-12-20,49,476
2025-01-30,P000070,LOC019,434,328.66,S0013,2025-01-23,49,476
2025-03-01,P000070,LOC019,428,341.14,S0013,2025-02-09,49,476
2025-03-31,P000070,LOC019,452,344.31,S0013,2025-03-22,49,476
2024-10-02,P000070,LOC020,382,340.38,S0013,2024-09-09,49,476
2024-11-01,P000070,LOC020,372,351.19,S0013,2024-10-02,49,476
2024-12-01,P000070,LOC020,399,358.5,S0013,2024-11-22,49,476
2024-12-31,P000070,LOC020,409,337.09,S0013,2024-12-28,49,476
2025-01-30,P000070,LOC020,334,354.97,S0013,2025-01-15,49,476
2025-03-01,P000070,LOC020,357,332.26,S0013,2025-02-16,49,476
2025-03-31,P000070,LOC020,366,329.19,S0013,2025-03-01,49,476
2024-10-02,P000071,LOC001,236,28.8,S0020,2024-09-20,37,264
2024-11-01,P000071,LOC001,205,29.27,S0020,2024-10-04,37,264
2024-12-01,P000071,LOC001,218,28.77,S0020,2024-11-10,37,264
2024-12-31,P000071,LOC001,206,27.82,S0020,2024-12-28,37,264
2025-01-30,P000071,LOC001,185,26.77,S0020,2025-01-26,37,264
2025-03-01,P000071,LOC001,230,29.26,S0020,2025-02-23,37,264
2025-03-31,P000071,LOC001,207,29.33,S0020,2025-03-10,37,264
2024-10-02,P000071,LOC002,232,29.14,S0020,2024-09-22,37,264
2024-11-01,P000071,LOC002,225,28.16,S0020,2024-10-23,37,264
2024-12-01,P000071,LOC002,186,29.41,S0020,2024-11-07,37,264
2024-12-31,P000071,LOC002,196,27.26,S0020,2024-12-13,37,264
2025-01-30,P000071,LOC002,206,29.27,S0020,2025-01-11,37,264
2025-03-01,P000071,LOC002,207,27.48,S0020,2025-02-20,37,264
2025-03-31,P000071,LOC002,229,28.42,S0020,2025-03-04,37,264
2024-10-02,P000071,LOC003,245,26.96,S0020,2024-09-20,37,264
2024-11-01,P000071,LOC003,237,28.83,S0020,2024-10-22,37,264
2024-12-01,P000071,LOC003,227,26.91,S0020,2024-11-24,37,264
2024-12-31,P000071,LOC003,216,29.05,S0020,2024-12-18,37,264
2025-01-30,P000071,LOC003,226,29.49,S0020,2025-01-17,37,264
2025-03-01,P000071,LOC003,243,27.43,S0020,2025-02-18,37,264
2025-03-31,P000071,LOC003,220,28.99,S0020,2025-03-16,37,264
2024-10-02,P000071,LOC004,206,26.88,S0020,2024-09-05,37,264
2024-11-01,P000071,LOC004,236,28.73,S0020,2024-10-17,37,264
2024-12-01,P000071,LOC004,212,27.65,S0020,2024-11-13,37,264
2024-12-31,P000071,LOC004,233,27.17,S0020,2024-12-09,37,264
2025-01-30,P000071,LOC004,239,28.54,S0020,2025-01-05,37,264
2025-03-01,P000071,LOC004,204,27.78,S0020,2025-02-11,37,264
2025-03-31,P000071,LOC004,232,29.43,S0020,2025-03-23,37,264
2024-10-02,P000071,LOC005,205,28.15,S0020,2024-09-18,37,264
2024-11-01,P000071,LOC005,220,27.41,S0020,2024-10-13,37,264
2024-12-01,P000071,LOC005,198,29.44,S0020,2024-11-30,37,264
2024-12-31,P000071,LOC005,230,27.59,S0020,2024-12-03,37,264
2025-01-30,P000071,LOC005,237,29.15,S0020,2025-01-29,37,264
2025-03-01,P000071,LOC005,243,28.84,S0020,2025-02-11,37,264
2025-03-31,P000071,LOC005,208,27.33,S0020,2025-03-08,37,264
2024-10-02,P000071,LOC006,248,26.88,S0020,2024-09-29,37,264
2024-11-01,P000071,LOC006,203,27.28,S0020,2024-10-27,37,264
2024-12-01,P000071,LOC006,186,28.45,S0020,2024-11-24,37,264
2024-12-31,P000071,LOC006,249,28.62,S0020,2024-12-30,37,264
2025-01-30,P000071,LOC006,226,28.35,S0020,2025-01-09,37,264
2025-03-01,P000071,LOC006,240,27.11,S0020,2025-02-02,37,264
2025-03-31,P000071,LOC006,222,27.57,S0020,2025-03-06,37,264
2024-10-02,P000071,LOC007,210,26.76,S0020,2024-09-27,37,264
2024-11-01,P000071,LOC007,224,28.01,S0020,2024-10-29,37,264
2024-12-01,P000071,LOC007,241,29.25,S0020,2024-11-12,37,264
2024-12-31,P000071,LOC007,234,27.15,S0020,2024-12-12,37,264
2025-01-30,P000071,LOC007,231,28.38,S0020,2025-01-22,37,264
2025-03-01,P000071,LOC007,205,29.39,S0020,2025-02-26,37,264
2025-03-31,P000071,LOC007,186,27.66,S0020,2025-03-04,37,264
2024-10-02,P000071,LOC008,212,27.77,S0020,2024-09-24,37,264
2024-11-01,P000071,LOC008,217,27.56,S0020,2024-10-31,37,264
2024-12-01,P000071,LOC008,200,26.73,S0020,2024-11-07,37,264
2024-12-31,P000071,LOC008,214,27.57,S0020,2024-12-21,37,264
2025-01-30,P000071,LOC008,247,28.13,S0020,2025-01-16,37,264
2025-03-01,P000071,LOC008,199,26.93,S0020,2025-02-21,37,264
2025-03-31,P000071,LOC008,204,26.94,S0020,2025-03-30,37,264
2024-10-02,P000071,LOC009,192,27.33,S0020,2024-09-10,37,264
2024-11-01,P000071,LOC009,236,27.35,S0020,2024-10-11,37,264
2024-12-01,P000071,LOC009,236,27.11,S0020,2024-11-01,37,264
2024-12-31,P000071,LOC009,245,29.12,S0020,2024-12-28,37,264
2025-01-30,P000071,LOC009,214,27.15,S0020,2025-01-06,37,264
2025-03-01,P000071,LOC009,186,28.34,S0020,2025-01-30,37,264
2025-03-31,P000071,LOC009,216,27.06,S0020,2025-03-18,37,264
2024-10-02,P000071,LOC010,217,27.1,S0020,2024-09-21,37,264
2024-11-01,P000071,LOC010,197,27.45,S0020,2024-10-08,37,264
2024-12-01,P000071,LOC010,245,27.07,S0020,2024-11-04,37,264
2024-12-31,P000071,LOC010,233,27.2,S0020,2024-12-23,37,264
2025-01-30,P000071,LOC010,219,29.02,S0020,2025-01-12,37,264
2025-03-01,P000071,LOC010,235,28.05,S0020,2025-02-01,37,264
2025-03-31,P000071,LOC010,194,27.19,S0020,2025-03-17,37,264
2024-10-02,P000071,LOC011,242,27.17,S0020,2024-09-24,37,264
2024-11-01,P000071,LOC011,239,27.11,S0020,2024-10-11,37,264
2024-12-01,P000071,LOC011,246,28.65,S0020,2024-11-05,37,264
2024-12-31,P000071,LOC011,229,27.59,S0020,2024-12-05,37,264
2025-01-30,P000071,LOC011,193,27.27,S0020,2025-01-29,37,264
2025-03-01,P000071,LOC011,232,27.03,S0020,2025-02-01,37,264
2025-03-31,P000071,LOC011,215,27.25,S0020,2025-03-03,37,264
2024-10-02,P000071,LOC012,231,28.09,S0020,2024-09-05,37,264
2024-11-01,P000071,LOC012,219,28.41,S0020,2024-10-02,37,264
2024-12-01,P000071,LOC012,185,28.97,S0020,2024-11-21,37,264
2024-12-31,P000071,LOC012,246,29.05,S0020,2024-12-20,37,264
2025-01-30,P000071,LOC012,230,29.48,S0020,2025-01-07,37,264
2025-03-01,P000071,LOC012,224,28.39,S0020,2025-02-20,37,264
2025-03-31,P000071,LOC012,190,27.3,S0020,2025-03-11,37,264
2024-10-02,P000071,LOC013,215,27.78,S0020,2024-09-16,37,264
2024-11-01,P000071,LOC013,187,27.3,S0020,2024-10-11,37,264
2024-12-01,P000071,LOC013,219,28.98,S0020,2024-11-07,37,264
2024-12-31,P000071,LOC013,228,28.11,S0020,2024-12-27,37,264
2025-01-30,P000071,LOC013,205,27.85,S0020,2025-01-21,37,264
2025-03-01,P000071,LOC013,222,28.12,S0020,2025-02-21,37,264
2025-03-31,P000071,LOC013,205,28.04,S0020,2025-03-08,37,264
2024-10-02,P000071,LOC014,243,28.1,S0020,2024-09-24,37,264
2024-11-01,P000071,LOC014,205,27.12,S0020,2024-10-03,37,264
2024-12-01,P000071,LOC014,197,29.05,S0020,2024-11-28,37,264
2024-12-31,P000071,LOC014,203,27.28,S0020,2024-12-03,37,264
2025-01-30,P000071,LOC014,205,27.87,S0020,2025-01-02,37,264
2025-03-01,P000071,LOC014,213,27.87,S0020,2025-02-11,37,264
2025-03-31,P000071,LOC014,192,28.93,S0020,2025-03-13,37,264
2024-10-02,P000071,LOC015,194,27.61,S0020,2024-09-11,37,264
2024-11-01,P000071,LOC015,202,26.78,S0020,2024-10-29,37,264
2024-12-01,P000071,LOC015,185,27.11,S0020,2024-11-28,37,264
2024-12-31,P000071,LOC015,225,27.96,S0020,2024-12-15,37,264
2025-01-30,P000071,LOC015,218,28.19,S0020,2025-01-02,37,264
2025-03-01,P000071,LOC015,198,26.9,S0020,2025-02-08,37,264
2025-03-31,P000071,LOC015,207,29.21,S0020,2025-03-18,37,264
2024-10-02,P000071,LOC016,205,28.71,S0020,2024-09-25,37,264
2024-11-01,P000071,LOC016,194,29.13,S0020,2024-10-27,37,264
2024-12-01,P000071,LOC016,231,27.36,S0020,2024-11-02,37,264
2024-12-31,P000071,LOC016,203,28.93,S0020,2024-12-15,37,264
2025-01-30,P000071,LOC016,200,28.11,S0020,2025-01-16,37,264
2025-03-01,P000071,LOC016,189,27.14,S0020,2025-01-30,37,264
2025-03-31,P000071,LOC016,225,27.44,S0020,2025-03-23,37,264
2024-10-02,P000071,LOC017,207,27.07,S0020,2024-09-11,37,264
2024-11-01,P000071,LOC017,214,28.21,S0020,2024-10-03,37,264
2024-12-01,P000071,LOC017,193,29.05,S0020,2024-11-16,37,264
2024-12-31,P000071,LOC017,215,28.51,S0020,2024-12-15,37,264
2025-01-30,P000071,LOC017,229,27.14,S0020,2025-01-21,37,264
2025-03-01,P000071,LOC017,191,27.97,S0020,2025-02-19,37,264
2025-03-31,P000071,LOC017,188,26.75,S0020,2025-03-11,37,264
2024-10-02,P000071,LOC018,212,27.6,S0020,2024-09-20,37,264
2024-11-01,P000071,LOC018,196,26.82,S0020,2024-10-08,37,264
2024-12-01,P000071,LOC018,224,26.75,S0020,2024-11-03,37,264
2024-12-31,P000071,LOC018,223,27.36,S0020,2024-12-11,37,264
2025-01-30,P000071,LOC018,239,27.94,S0020,2025-01-04,37,264
2025-03-01,P000071,LOC018,230,27.82,S0020,2025-02-07,37,264
2025-03-31,P000071,LOC018,225,27.77,S0020,2025-03-29,37,264
2024-10-02,P000071,LOC019,205,27.64,S0020,2024-09-05,37,264
2024-11-01,P000071,LOC019,238,27.09,S0020,2024-10-02,37,264
2024-12-01,P000071,LOC019,231,29.21,S0020,2024-11-21,37,264
2024-12-31,P000071,LOC019,229,29.18,S0020,2024-12-26,37,264
2025-01-30,P000071,LOC019,220,29.1,S0020,2025-01-07,37,264
2025-03-01,P000071,LOC019,249,28.98,S0020,2025-02-26,37,264
2025-03-31,P000071,LOC019,234,28.02,S0020,2025-03-24,37,264
2024-10-02,P000071,LOC020,215,28.8,S0020,2024-09-22,37,264
2024-11-01,P000071,LOC020,193,26.78,S0020,2024-10-17,37,264
2024-12-01,P000071,LOC020,238,29.19,S0020,2024-11-22,37,264
2024-12-31,P000071,LOC020,245,28.04,S0020,2024-12-21,37,264
2025-01-30,P000071,LOC020,215,27.62,S0020,2025-01-15,37,264
2025-03-01,P000071,LOC020,214,27.11,S0020,2025-02-25,37,264
2025-03-31,P000071,LOC020,229,26.76,S0020,2025-03-14,37,264
2024-10-02,P000072,LOC001,0,530.04,S0021,2024-09-03,36,910
2024-11-01,P000072,LOC001,0,576.86,S0021,2024-10-15,36,910
2024-12-01,P000072,LOC001,0,543.55,S0021,2024-11-15,36,910
2024-12-31,P000072,LOC001,72,537.77,S0021,2024-12-27,36,910
2025-01-30,P000072,LOC001,45,563.8,S0021,2024-12-31,36,910
2025-03-01,P000072,LOC001,13,526.73,S0021,2025-02-24,36,910
2025-03-31,P000072,LOC001,22,525.94,S0021,2025-03-17,36,910
2024-10-02,P000072,LOC002,0,550.77,S0021,2024-09-20,36,910
2024-11-01,P000072,LOC002,15,550.57,S0021,2024-10-04,36,910
2024-12-01,P000072,LOC002,0,534.05,S0021,2024-11-15,36,910
2024-12-31,P000072,LOC002,86,575.24,S0021,2024-12-26,36,910
2025-01-30,P000072,LOC002,83,542.18,S0021,2025-01-14,36,910
2025-03-01,P000072,LOC002,142,566.4,S0021,2025-02-22,36,910
2025-03-31,P000072,LOC002,123,573.24,S0021,2025-03-19,36,910
2024-10-02,P000072,LOC003,0,550.59,S0021,2024-09-11,36,910
2024-11-01,P000072,LOC003,0,525.89,S0021,2024-10-25,36,910
2024-12-01,P000072,LOC003,92,534.36,S0021,2024-11-13,36,910
2024-12-31,P000072,LOC003,109,569.75,S0021,2024-12-27,36,910
2025-01-30,P000072,LOC003,170,576.85,S0021,2025-01-07,36,910
2025-03-01,P000072,LOC003,186,527.51,S0021,2025-02-27,36,910
2025-03-31,P000072,LOC003,136,550.35,S0021,2025-03-10,36,910
2024-10-02,P000072,LOC004,50,566.3,S0021,2024-09-30,36,910
2024-11-01,P000072,LOC004,61,542.52,S0021,2024-10-11,36,910
2024-12-01,P000072,LOC004,152,563.03,S0021,2024-11-05,36,910
2024-12-31,P000072,LOC004,196,536.33,S0021,2024-12-12,36,910
2025-01-30,P000072,LOC004,249,545.45,S0021,2025-01-07,36,910
2025-03-01,P000072,LOC004,312,571.69,S0021,2025-02-23,36,910
2025-03-31,P000072,LOC004,301,560.67,S0021,2025-03-23,36,910
2024-10-02,P000072,LOC005,0,553.78,S0021,2024-09-09,36,910
2024-11-01,P000072,LOC005,75,557.1,S0021,2024-10-29,36,910
2024-12-01,P000072,LOC005,109,538.29,S0021,2024-11-22,36,910
2024-12-31,P000072,LOC005,69,534.05,S0021,2024-12-05,36,910
2025-01-30,P000072,LOC005,91,540.5,S0021,2025-01-07,36,910
2025-03-01,P000072,LOC005,95,563.07,S0021,2025-02-23,36,910
2025-03-31,P000072,LOC005,154,566.32,S0021,2025-03-30,36,910
2024-10-02,P000072,LOC006,87,566.23,S0021,2024-09-24,36,910
2024-11-01,P000072,LOC006,173,539.11,S0021,2024-10-24,36,910
2024-12-01,P000072,LOC006,176,531.17,S0021,2024-11-06,36,910
2024-12-31,P000072,LOC006,263,532.25,S0021,2024-12-07,36,910
2025-01-30,P000072,LOC006,245,563.27,S0021,2025-01-27,36,910
2025-03-01,P000072,LOC006,277,525.57,S0021,2025-02-27,36,910
2025-03-31,P000072,LOC006,306,555.3,S0021,2025-03-26,36,910
2024-10-02,P000072,LOC007,0,552.64,S0021,2024-09-08,36,910
2024-11-01,P000072,LOC007,79,540.09,S0021,2024-10-04,36,910
2024-12-01,P000072,LOC007,142,555.37,S0021,2024-11-19,36,910
2024-12-31,P000072,LOC007,136,524.26,S0021,2024-12-09,36,910
2025-01-30,P000072,LOC007,180,559.0,S0021,2025-01-11,36,910
2025-03-01,P000072,LOC007,268,561.71,S0021,2025-02-23,36,910
2025-03-31,P000072,LOC007,316,527.25,S0021,2025-03-07,36,910
2024-10-02,P000072,LOC008,43,532.33,S0021,2024-09-19,36,910
2024-11-01,P000072,LOC008,38,562.51,S0021,2024-10-25,36,910
2024-12-01,P000072,LOC008,80,533.1,S0021,2024-11-25,36,910
2024-12-31,P000072,LOC008,57,566.09,S0021,2024-12-15,36,910
2025-01-30,P000072,LOC008,12,552.81,S0021,2025-01-06,36,910
2025-03-01,P000072,LOC008,39,563.61,S0021,2025-02-27,36,910
2025-03-31,P000072,LOC008,41,546.63,S0021,2025-03-25,36,910
2024-10-02,P000072,LOC009,71,526.27,S0021,2024-09-16,36,910
2024-11-01,P000072,LOC009,71,568.0,S0021,2024-10-20,36,910
2024-12-01,P000072,LOC009,50,557.08,S0021,2024-11-15,36,910
2024-12-31,P000072,LOC009,89,531.6,S0021,2024-12-09,36,910
2025-01-30,P000072,LOC009,141,547.64,S0021,2025-01-20,36,910
2025-03-01,P000072,LOC009,235,545.33,S0021,2025-02-26,36,910
2025-03-31,P000072,LOC009,328,566.22,S0021,2025-03-19,36,910
2024-10-02,P000072,LOC010,0,567.03,S0021,2024-09-27,36,910
2024-11-01,P000072,LOC010,0,570.73,S0021,2024-10-02,36,910
2024-12-01,P000072,LOC010,56,546.34,S0021,2024-11-07,36,910
2024-12-31,P000072,LOC010,137,571.6,S0021,2024-12-09,36,910
2025-01-30,P000072,LOC010,161,552.63,S0021,2025-01-02,36,910
2025-03-01,P000072,LOC010,212,554.31,S0021,2025-02-18,36,910
2025-03-31,P000072,LOC010,164,560.83,S0021,2025-03-28,36,910
2024-10-02,P000072,LOC011,37,560.85,S0021,2024-09-16,36,910
2024-11-01,P000072,LOC011,1,532.63,S0021,2024-10-03,36,910
2024-12-01,P000072,LOC011,86,545.65,S0021,2024-11-20,36,910
2024-12-31,P000072,LOC011,41,537.52,S0021,2024-12-29,36,910
2025-01-30,P000072,LOC011,95,553.71,S0021,2025-01-10,36,910
2025-03-01,P000072,LOC011,123,523.59,S0021,2025-02-18,36,910
2025-03-31,P000072,LOC011,172,542.92,S0021,2025-03-07,36,910
2024-10-02,P000072,LOC012,46,550.74,S0021,2024-09-17,36,910
2024-11-01,P000072,LOC012,73,529.54,S0021,2024-10-23,36,910
2024-12-01,P000072,LOC012,114,556.32,S0021,2024-11-28,36,910
2024-12-31,P000072,LOC012,154,569.97,S0021,2024-12-11,36,910
2025-01-30,P000072,LOC012,154,553.05,S0021,2025-01-05,36,910
2025-03-01,P000072,LOC012,213,556.61,S0021,2025-02-03,36,910
2025-03-31,P000072,LOC012,181,552.65,S0021,2025-03-21,36,910
2024-10-02,P000072,LOC013,52,564.15,S0021,2024-09-18,36,910
2024-11-01,P000072,LOC013,23,528.68,S0021,2024-10-12,36,910
2024-12-01,P000072,LOC013,37,530.0,S0021,2024-11-14,36,910
2024-12-31,P000072,LOC013,36,537.52,S0021,2024-12-04,36,910
2025-01-30,P000072,LOC013,132,542.82,S0021,2025-01-03,36,910
2025-03-01,P000072,LOC013,205,577.1,S0021,2025-02-01,36,910
2025-03-31,P000072,LOC013,177,575.79,S0021,2025-03-02,36,910
2024-10-02,P000072,LOC014,93,541.36,S0021,2024-09-08,36,910
2024-11-01,P000072,LOC014,107,553.36,S0021,2024-10-19,36,910
2024-12-01,P000072,LOC014,193,568.09,S0021,2024-11-11,36,910
2024-12-31,P000072,LOC014,221,568.06,S0021,2024-12-26,36,910
2025-01-30,P000072,LOC014,305,571.61,S0021,2025-01-27,36,910
2025-03-01,P000072,LOC014,304,525.22,S0021,2025-02-03,36,910
2025-03-31,P000072,LOC014,358,523.56,S0021,2025-03-29,36,910
2024-10-02,P000072,LOC015,13,543.1,S0021,2024-09-21,36,910
2024-11-01,P000072,LOC015,0,553.12,S0021,2024-10-24,36,910
2024-12-01,P000072,LOC015,87,561.93,S0021,2024-11-15,36,910
2024-12-31,P000072,LOC015,187,567.23,S0021,2024-12-25,36,910
2025-01-30,P000072,LOC015,238,564.38,S0021,2025-01-13,36,910
2025-03-01,P000072,LOC015,229,548.17,S0021,2025-02-18,36,910
2025-03-31,P000072,LOC015,234,530.19,S0021,2025-03-30,36,910
2024-10-02,P000072,LOC016,0,558.89,S0021,2024-09-24,36,910
2024-11-01,P000072,LOC016,0,559.12,S0021,2024-10-28,36,910
2024-12-01,P000072,LOC016,0,554.7,S0021,2024-11-30,36,910
2024-12-31,P000072,LOC016,78,572.02,S0021,2024-12-28,36,910
2025-01-30,P000072,LOC016,151,538.26,S0021,2025-01-24,36,910
2025-03-01,P000072,LOC016,140,571.91,S0021,2025-02-22,36,910
2025-03-31,P000072,LOC016,198,542.12,S0021,2025-03-13,36,910
2024-10-02,P000072,LOC017,68,552.28,S0021,2024-09-11,36,910
2024-11-01,P000072,LOC017,79,526.93,S0021,2024-10-19,36,910
2024-12-01,P000072,LOC017,178,556.86,S0021,2024-11-08,36,910
2024-12-31,P000072,LOC017,195,551.92,S0021,2024-12-18,36,910
2025-01-30,P000072,LOC017,174,568.72,S0021,2025-01-25,36,910
2025-03-01,P000072,LOC017,250,573.51,S0021,2025-02-18,36,910
2025-03-31,P000072,LOC017,299,550.71,S0021,2025-03-11,36,910
2024-10-02,P000072,LOC018,0,552.19,S0021,2024-09-29,36,910
2024-11-01,P000072,LOC018,70,533.13,S0021,2024-10-13,36,910
2024-12-01,P000072,LOC018,163,534.56,S0021,2024-11-03,36,910
2024-12-31,P000072,LOC018,128,541.17,S0021,2024-12-19,36,910
2025-01-30,P000072,LOC018,149,536.18,S0021,2025-01-22,36,910
2025-03-01,P000072,LOC018,144,525.71,S0021,2025-02-22,36,910
2025-03-31,P000072,LOC018,109,524.65,S0021,2025-03-02,36,910
2024-10-02,P000072,LOC019,89,523.6,S0021,2024-09-25,36,910
2024-11-01,P000072,LOC019,151,562.13,S0021,2024-10-29,36,910
2024-12-01,P000072,LOC019,104,559.54,S0021,2024-11-12,36,910
2024-12-31,P000072,LOC019,72,567.45,S0021,2024-12-05,36,910
2025-01-30,P000072,LOC019,142,550.92,S0021,2025-01-04,36,910
2025-03-01,P000072,LOC019,203,537.15,S0021,2025-02-28,36,910
2025-03-31,P000072,LOC019,153,532.91,S0021,2025-03-07,36,910
2024-10-02,P000072,LOC020,88,523.6,S0021,2024-09-03,36,910
2024-11-01,P000072,LOC020,82,533.81,S0021,2024-10-10,36,910
2024-12-01,P000072,LOC020,36,526.95,S0021,2024-11-01,36,910
2024-12-31,P000072,LOC020,26,538.32,S0021,2024-12-07,36,910
2025-01-30,P000072,LOC020,82,530.29,S0021,2025-01-05,36,910
2025-03-01,P000072,LOC020,48,528.31,S0021,2025-02-07,36,910
2025-03-31,P000072,LOC020,0,535.42,S0021,2025-03-27,36,910
2024-10-02,P000073,LOC001,231,78.11,S0010,2024-09-02,21,264
2024-11-01,P000073,LOC001,215,77.21,S0010,2024-10-13,21,264
2024-12-01,P000073,LOC001,200,84.05,S0010,2024-11-30,21,264
2024-12-31,P000073,LOC001,199,80.68,S0010,2024-12-12,21,264
2025-01-30,P000073,LOC001,241,81.53,S0010,2025-01-08,21,264
2025-03-01,P000073,LOC001,225,78.56,S0010,2025-02-10,21,264
2025-03-31,P000073,LOC001,245,79.66,S0010,2025-03-12,21,264
2024-10-02,P000073,LOC002,210,82.61,S0010,2024-09-23,21,264
2024-11-01,P000073,LOC002,230,82.16,S0010,2024-10-12,21,264
2024-12-01,P000073,LOC002,228,83.79,S0010,2024-11-19,21,264
2024-12-31,P000073,LOC002,236,82.23,S0010,2024-12-20,21,264
2025-01-30,P000073,LOC002,243,80.63,S0010,2025-01-24,21,264
2025-03-01,P000073,LOC002,214,80.88,S0010,2025-02-21,21,264
2025-03-31,P000073,LOC002,186,84.02,S0010,2025-03-20,21,264
2024-10-02,P000073,LOC003,216,83.79,S0010,2024-09-02,21,264
2024-11-01,P000073,LOC003,207,78.17,S0010,2024-10-09,21,264
2024-12-01,P000073,LOC003,215,78.16,S0010,2024-11-14,21,264
2024-12-31,P000073,LOC003,196,78.21,S0010,2024-12-13,21,264
2025-01-30,P000073,LOC003,235,77.51,S0010,2025-01-02,21,264
2025-03-01,P000073,LOC003,224,79.0,S0010,2025-02-15,21,264
2025-03-31,P000073,LOC003,193,78.08,S0010,2025-03-14,21,264
2024-10-02,P000073,LOC004,191,81.82,S0010,2024-09-23,21,264
2024-11-01,P000073,LOC004,238,82.44,S0010,2024-10-27,21,264
2024-12-01,P000073,LOC004,237,82.78,S0010,2024-11-07,21,264
2024-12-31,P000073,LOC004,206,81.59,S0010,2024-12-26,21,264
2025-01-30,P000073,LOC004,227,80.86,S0010,2025-01-11,21,264
2025-03-01,P000073,LOC004,237,77.17,S0010,2025-02-10,21,264
2025-03-31,P000073,LOC004,219,83.0,S0010,2025-03-04,21,264
2024-10-02,P000073,LOC005,211,83.8,S0010,2024-09-29,21,264
2024-11-01,P000073,LOC005,212,82.95,S0010,2024-10-19,21,264
2024-12-01,P000073,LOC005,225,77.49,S0010,2024-11-05,21,264
2024-12-31,P000073,LOC005,220,83.63,S0010,2024-12-22,21,264
2025-01-30,P000073,LOC005,249,82.57,S0010,2025-01-07,21,264
2025-03-01,P000073,LOC005,210,79.25,S0010,2025-02-06,21,264
2025-03-31,P000073,LOC005,207,79.2,S0010,2025-03-24,21,264
2024-10-02,P000073,LOC006,238,78.12,S0010,2024-09-10,21,264
2024-11-01,P000073,LOC006,223,82.03,S0010,2024-10-22,21,264
2024-12-01,P000073,LOC006,236,78.35,S0010,2024-11-28,21,264
2024-12-31,P000073,LOC006,213,83.6,S0010,2024-12-05,21,264
2025-01-30,P000073,LOC006,236,83.42,S0010,2025-01-10,21,264
2025-03-01,P000073,LOC006,220,84.54,S0010,2025-02-16,21,264
2025-03-31,P000073,LOC006,200,82.02,S0010,2025-03-02,21,264
2024-10-02,P000073,LOC007,228,81.45,S0010,2024-09-20,21,264
2024-11-01,P000073,LOC007,189,84.05,S0010,2024-10-30,21,264
2024-12-01,P000073,LOC007,246,80.08,S0010,2024-11-07,21,264
2024-12-31,P000073,LOC007,222,79.01,S0010,2024-12-18,21,264
2025-01-30,P000073,LOC007,216,81.69,S0010,2025-01-17,21,264
2025-03-01,P000073,LOC007,223,78.19,S0010,2025-02-06,21,264
2025-03-31,P000073,LOC007,215,79.01,S0010,2025-03-02,21,264
2024-10-02,P000073,LOC008,221,76.94,S0010,2024-09-12,21,264
2024-11-01,P000073,LOC008,239,78.83,S0010,2024-10-06,21,264
2024-12-01,P000073,LOC008,196,80.79,S0010,2024-11-29,21,264
2024-12-31,P000073,LOC008,247,82.26,S0010,2024-12-21,21,264
2025-01-30,P000073,LOC008,189,84.82,S0010,2025-01-03,21,264
2025-03-01,P000073,LOC008,191,81.32,S0010,2025-02-23,21,264
2025-03-31,P000073,LOC008,238,77.25,S0010,2025-03-28,21,264
2024-10-02,P000073,LOC009,235,76.93,S0010,2024-09-07,21,264
2024-11-01,P000073,LOC009,209,82.15,S0010,2024-10-04,21,264
2024-12-01,P000073,LOC009,217,79.61,S0010,2024-11-06,21,264
2024-12-31,P000073,LOC009,228,77.7,S0010,2024-12-30,21,264
2025-01-30,P000073,LOC009,190,77.05,S0010,2025-01-13,21,264
2025-03-01,P000073,LOC009,238,78.53,S0010,2025-02-24,21,264
2025-03-31,P000073,LOC009,243,82.73,S0010,2025-03-25,21,264
2024-10-02,P000073,LOC010,244,83.67,S0010,2024-09-23,21,264
2024-11-01,P000073,LOC010,226,80.95,S0010,2024-10-14,21,264
2024-12-01,P000073,LOC010,184,81.85,S0010,2024-11-01,21,264
2024-12-31,P000073,LOC010,194,80.97,S0010,2024-12-14,21,264
2025-01-30,P000073,LOC010,194,79.55,S0010,2025-01-09,21,264
2025-03-01,P000073,LOC010,219,77.85,S0010,2025-02-28,21,264
2025-03-31,P000073,LOC010,210,79.39,S0010,2025-03-13,21,264
2024-10-02,P000073,LOC011,222,82.5,S0010,2024-09-13,21,264
2024-11-01,P000073,LOC011,197,82.51,S0010,2024-10-14,21,264
2024-12-01,P000073,LOC011,229,79.96,S0010,2024-11-05,21,264
2024-12-31,P000073,LOC011,205,81.9,S0010,2024-12-24,21,264
2025-01-30,P000073,LOC011,222,82.14,S0010,2025-01-10,21,264
2025-03-01,P000073,LOC011,245,81.24,S0010,2025-02-27,21,264
2025-03-31,P000073,LOC011,204,81.89,S0010,2025-03-26,21,264
2024-10-02,P000073,LOC012,247,83.49,S0010,2024-09-22,21,264
2024-11-01,P000073,LOC012,213,84.68,S0010,2024-10-13,21,264
2024-12-01,P000073,LOC012,249,78.77,S0010,2024-11-13,21,264
2024-12-31,P000073,LOC012,207,83.62,S0010,2024-12-26,21,264
2025-01-30,P000073,LOC012,190,79.76,S0010,2025-01-12,21,264
2025-03-01,P000073,LOC012,185,83.11,S0010,2025-02-26,21,264
2025-03-31,P000073,LOC012,249,78.96,S0010,2025-03-30,21,264
2024-10-02,P000073,LOC013,211,80.8,S0010,2024-09-11,21,264
2024-11-01,P000073,LOC013,193,80.79,S0010,2024-10-22,21,264
2024-12-01,P000073,LOC013,204,77.81,S0010,2024-11-19,21,264
2024-12-31,P000073,LOC013,209,83.26,S0010,2024-12-01,21,264
2025-01-30,P000073,LOC013,221,83.15,S0010,2025-01-09,21,264
2025-03-01,P000073,LOC013,188,84.68,S0010,2025-02-20,21,264
2025-03-31,P000073,LOC013,231,80.58,S0010,2025-03-23,21,264
2024-10-02,P000073,LOC014,238,76.86,S0010,2024-09-16,21,264
2024-11-01,P000073,LOC014,208,80.58,S0010,2024-10-02,21,264
2024-12-01,P000073,LOC014,241,77.87,S0010,2024-11-06,21,264
2024-12-31,P000073,LOC014,241,80.18,S0010,2024-12-14,21,264
2025-01-30,P000073,LOC014,200,78.12,S0010,2025-01-08,21,264
2025-03-01,P000073,LOC014,231,84.56,S0010,2025-01-31,21,264
2025-03-31,P000073,LOC014,210,78.46,S0010,2025-03-24,21,264
2024-10-02,P000073,LOC015,205,79.28,S0010,2024-09-28,21,264
2024-11-01,P000073,LOC015,210,82.76,S0010,2024-10-19,21,264
2024-12-01,P000073,LOC015,209,78.83,S0010,2024-11-01,21,264
2024-12-31,P000073,LOC015,220,79.96,S0010,2024-12-26,21,264
2025-01-30,P000073,LOC015,228,83.3,S0010,2025-01-18,21,264
2025-03-01,P000073,LOC015,216,81.55,S0010,2025-02-15,21,264
2025-03-31,P000073,LOC015,197,81.3,S0010,2025-03-02,21,264
2024-10-02,P000073,LOC016,210,82.23,S0010,2024-09-12,21,264
2024-11-01,P000073,LOC016,245,80.23,S0010,2024-10-17,21,264
2024-12-01,P000073,LOC016,240,77.52,S0010,2024-11-09,21,264
2024-12-31,P000073,LOC016,194,79.85,S0010,2024-12-18,21,264
2025-01-30,P000073,LOC016,250,83.52,S0010,2025-01-01,21,264
2025-03-01,P000073,LOC016,229,83.85,S0010,2025-02-16,21,264
2025-03-31,P000073,LOC016,193,83.27,S0010,2025-03-11,21,264
2024-10-02,P000073,LOC017,189,80.38,S0010,2024-09-15,21,264
2024-11-01,P000073,LOC017,185,84.3,S0010,2024-10-22,21,264
2024-12-01,P000073,LOC017,232,77.81,S0010,2024-11-14,21,264
2024-12-31,P000073,LOC017,216,84.35,S0010,2024-12-22,21,264
2025-01-30,P000073,LOC017,213,84.77,S0010,2025-01-05,21,264
2025-03-01,P000073,LOC017,250,84.33,S0010,2025-01-31,21,264
2025-03-31,P000073,LOC017,190,83.34,S0010,2025-03-16,21,264
2024-10-02,P000073,LOC018,227,83.88,S0010,2024-09-07,21,264
2024-11-01,P000073,LOC018,212,76.94,S0010,2024-10-26,21,264
2024-12-01,P000073,LOC018,214,81.67,S0010,2024-11-27,21,264
2024-12-31,P000073,LOC018,236,78.79,S0010,2024-12-26,21,264
2025-01-30,P000073,LOC018,224,78.65,S0010,2025-01-04,21,264
2025-03-01,P000073,LOC018,212,77.1,S0010,2025-02-04,21,264
2025-03-31,P000073,LOC018,196,83.35,S0010,2025-03-30,21,264
2024-10-02,P000073,LOC019,218,81.06,S0010,2024-09-22,21,264
2024-11-01,P000073,LOC019,221,78.71,S0010,2024-10-07,21,264
2024-12-01,P000073,LOC019,214,84.11,S0010,2024-11-04,21,264
2024-12-31,P000073,LOC019,208,84.75,S0010,2024-12-15,21,264
2025-01-30,P000073,LOC019,197,82.82,S0010,2025-01-10,21,264
2025-03-01,P000073,LOC019,224,84.36,S0010,2025-02-21,21,264
2025-03-31,P000073,LOC019,222,77.29,S0010,2025-03-20,21,264
2024-10-02,P000073,LOC020,240,79.83,S0010,2024-09-25,21,264
2024-11-01,P000073,LOC020,200,84.54,S0010,2024-10-22,21,264
2024-12-01,P000073,LOC020,217,81.23,S0010,2024-11-17,21,264
2024-12-31,P000073,LOC020,211,82.46,S0010,2024-12-06,21,264
2025-01-30,P000073,LOC020,220,77.61,S0010,2025-01-26,21,264
2025-03-01,P000073,LOC020,209,82.25,S0010,2025-02-04,21,264
2025-03-31,P000073,LOC020,249,80.44,S0010,2025-03-21,21,264
2024-10-02,P000074,LOC001,348,601.45,S0004,2024-09-13,26,414
2024-11-01,P000074,LOC001,362,579.87,S0004,2024-10-03,26,414
2024-12-01,P000074,LOC001,301,609.65,S0004,2024-11-25,26,414
2024-12-31,P000074,LOC001,339,620.05,S0004,2024-12-12,26,414
2025-01-30,P000074,LOC001,361,621.35,S0004,2025-01-10,26,414
2025-03-01,P000074,LOC001,304,592.36,S0004,2025-02-11,26,414
2025-03-31,P000074,LOC001,365,624.03,S0004,2025-03-03,26,414
2024-10-02,P000074,LOC002,391,620.32,S0004,2024-09-11,26,414
2024-11-01,P000074,LOC002,391,620.26,S0004,2024-10-14,26,414
2024-12-01,P000074,LOC002,370,574.8,S0004,2024-11-11,26,414
2024-12-31,P000074,LOC002,337,567.77,S0004,2024-12-07,26,414
2025-01-30,P000074,LOC002,297,606.53,S0004,2025-01-18,26,414
2025-03-01,P000074,LOC002,381,583.03,S0004,2025-02-10,26,414
2025-03-31,P000074,LOC002,298,585.01,S0004,2025-03-28,26,414
2024-10-02,P000074,LOC003,338,591.81,S0004,2024-09-06,26,414
2024-11-01,P000074,LOC003,366,573.26,S0004,2024-10-29,26,414
2024-12-01,P000074,LOC003,389,621.88,S0004,2024-11-01,26,414
2024-12-31,P000074,LOC003,297,614.72,S0004,2024-12-28,26,414
2025-01-30,P000074,LOC003,355,567.38,S0004,2025-01-20,26,414
2025-03-01,P000074,LOC003,372,601.16,S0004,2025-02-02,26,414
2025-03-31,P000074,LOC003,322,606.69,S0004,2025-03-07,26,414
2024-10-02,P000074,LOC004,295,616.72,S0004,2024-09-22,26,414
2024-11-01,P000074,LOC004,325,610.65,S0004,2024-10-31,26,414
2024-12-01,P000074,LOC004,370,583.93,S0004,2024-11-13,26,414
2024-12-31,P000074,LOC004,338,618.13,S0004,2024-12-01,26,414
2025-01-30,P000074,LOC004,342,602.07,S0004,2025-01-09,26,414
2025-03-01,P000074,LOC004,338,585.38,S0004,2025-02-07,26,414
2025-03-31,P000074,LOC004,365,582.34,S0004,2025-03-24,26,414
2024-10-02,P000074,LOC005,333,600.19,S0004,2024-09-05,26,414
2024-11-01,P000074,LOC005,389,611.8,S0004,2024-10-07,26,414
2024-12-01,P000074,LOC005,372,613.46,S0004,2024-11-24,26,414
2024-12-31,P000074,LOC005,319,597.25,S0004,2024-12-28,26,414
2025-01-30,P000074,LOC005,293,576.53,S0004,2025-01-22,26,414
2025-03-01,P000074,LOC005,385,594.2,S0004,2025-02-17,26,414
2025-03-31,P000074,LOC005,367,603.37,S0004,2025-03-12,26,414
2024-10-02,P000074,LOC006,365,589.51,S0004,2024-09-07,26,414
2024-11-01,P000074,LOC006,348,574.82,S0004,2024-10-25,26,414
2024-12-01,P000074,LOC006,296,604.32,S0004,2024-11-17,26,414
2024-12-31,P000074,LOC006,338,626.15,S0004,2024-12-29,26,414
2025-01-30,P000074,LOC006,307,599.45,S0004,2025-01-17,26,414
2025-03-01,P000074,LOC006,295,619.92,S0004,2025-02-17,26,414
2025-03-31,P000074,LOC006,392,604.91,S0004,2025-03-30,26,414
2024-10-02,P000074,LOC007,373,613.52,S0004,2024-09-05,26,414
2024-11-01,P000074,LOC007,354,612.54,S0004,2024-10-17,26,414
2024-12-01,P000074,LOC007,319,623.98,S0004,2024-11-30,26,414
2024-12-31,P000074,LOC007,298,620.78,S0004,2024-12-21,26,414
2025-01-30,P000074,LOC007,342,621.55,S0004,2025-01-08,26,414
2025-03-01,P000074,LOC007,377,599.73,S0004,2025-02-12,26,414
2025-03-31,P000074,LOC007,318,593.35,S0004,2025-03-08,26,414
2024-10-02,P000074,LOC008,303,582.41,S0004,2024-09-12,26,414
2024-11-01,P000074,LOC008,318,574.02,S0004,2024-10-04,26,414
2024-12-01,P000074,LOC008,378,581.66,S0004,2024-11-06,26,414
2024-12-31,P000074,LOC008,291,604.63,S0004,2024-12-25,26,414
2025-01-30,P000074,LOC008,301,602.52,S0004,2025-01-10,26,414
2025-03-01,P000074,LOC008,307,614.55,S0004,2025-02-19,26,414
2025-03-31,P000074,LOC008,351,586.31,S0004,2025-03-03,26,414
2024-10-02,P000074,LOC009,305,580.67,S0004,2024-09-05,26,414
2024-11-01,P000074,LOC009,336,578.5,S0004,2024-10-12,26,414
2024-12-01,P000074,LOC009,373,622.78,S0004,2024-11-17,26,414
2024-12-31,P000074,LOC009,316,569.91,S0004,2024-12-22,26,414
2025-01-30,P000074,LOC009,362,581.13,S0004,2025-01-18,26,414
2025-03-01,P000074,LOC009,339,567.75,S0004,2025-02-08,26,414
2025-03-31,P000074,LOC009,372,626.71,S0004,2025-03-06,26,414
2024-10-02,P000074,LOC010,379,582.16,S0004,2024-09-20,26,414
2024-11-01,P000074,LOC010,325,622.31,S0004,2024-10-15,26,414
2024-12-01,P000074,LOC010,298,588.89,S0004,2024-11-29,26,414
2024-12-31,P000074,LOC010,304,568.44,S0004,2024-12-01,26,414
2025-01-30,P000074,LOC010,386,614.48,S0004,2025-01-24,26,414
2025-03-01,P000074,LOC010,305,570.27,S0004,2025-02-10,26,414
2025-03-31,P000074,LOC010,341,591.38,S0004,2025-03-09,26,414
2024-10-02,P000074,LOC011,392,612.73,S0004,2024-09-08,26,414
2024-11-01,P000074,LOC011,369,578.32,S0004,2024-10-10,26,414
2024-12-01,P000074,LOC011,314,617.11,S0004,2024-11-07,26,414
2024-12-31,P000074,LOC011,335,571.29,S0004,2024-12-09,26,414
2025-01-30,P000074,LOC011,355,571.51,S0004,2025-01-28,26,414
2025-03-01,P000074,LOC011,311,618.13,S0004,2025-02-03,26,414
2025-03-31,P000074,LOC011,365,567.68,S0004,2025-03-14,26,414
2024-10-02,P000074,LOC012,325,617.45,S0004,2024-09-16,26,414
2024-11-01,P000074,LOC012,356,589.51,S0004,2024-10-28,26,414
2024-12-01,P000074,LOC012,367,623.02,S0004,2024-11-16,26,414
2024-12-31,P000074,LOC012,301,589.96,S0004,2024-12-30,26,414
2025-01-30,P000074,LOC012,307,598.58,S0004,2025-01-18,26,414
2025-03-01,P000074,LOC012,331,580.0,S0004,2025-02-11,26,414
2025-03-31,P000074,LOC012,320,612.82,S0004,2025-03-03,26,414
2024-10-02,P000074,LOC013,367,589.9,S0004,2024-09-30,26,414
2024-11-01,P000074,LOC013,367,620.31,S0004,2024-10-31,26,414
2024-12-01,P000074,LOC013,344,583.31,S0004,2024-11-30,26,414
2024-12-31,P000074,LOC013,329,587.34,S0004,2024-12-15,26,414
2025-01-30,P000074,LOC013,362,621.54,S0004,2025-01-06,26,414
2025-03-01,P000074,LOC013,338,571.15,S0004,2025-02-04,26,414
2025-03-31,P000074,LOC013,304,596.98,S0004,2025-03-14,26,414
2024-10-02,P000074,LOC014,379,570.88,S0004,2024-09-06,26,414
2024-11-01,P000074,LOC014,291,608.31,S0004,2024-10-29,26,414
2024-12-01,P000074,LOC014,385,575.35,S0004,2024-11-13,26,414
2024-12-31,P000074,LOC014,336,607.88,S0004,2024-12-26,26,414
2025-01-30,P000074,LOC014,360,608.56,S0004,2025-01-24,26,414
2025-03-01,P000074,LOC014,389,595.98,S0004,2025-02-03,26,414
2025-03-31,P000074,LOC014,360,579.3,S0004,2025-03-05,26,414
2024-10-02,P000074,LOC015,294,593.7,S0004,2024-09-15,26,414
2024-11-01,P000074,LOC015,384,575.5,S0004,2024-10-03,26,414
2024-12-01,P000074,LOC015,355,622.78,S0004,2024-11-21,26,414
2024-12-31,P000074,LOC015,388,593.04,S0004,2024-12-08,26,414
2025-01-30,P000074,LOC015,334,608.07,S0004,2025-01-20,26,414
2025-03-01,P000074,LOC015,384,592.86,S0004,2025-02-05,26,414
2025-03-31,P000074,LOC015,378,606.44,S0004,2025-03-23,26,414
2024-10-02,P000074,LOC016,324,619.79,S0004,2024-09-11,26,414
2024-11-01,P000074,LOC016,317,621.56,S0004,2024-10-29,26,414
2024-12-01,P000074,LOC016,299,597.33,S0004,2024-11-17,26,414
2024-12-31,P000074,LOC016,357,582.36,S0004,2024-12-19,26,414
2025-01-30,P000074,LOC016,330,594.26,S0004,2025-01-05,26,414
2025-03-01,P000074,LOC016,369,591.01,S0004,2025-02-28,26,414
2025-03-31,P000074,LOC016,367,607.62,S0004,2025-03-11,26,414
2024-10-02,P000074,LOC017,365,613.59,S0004,2024-09-29,26,414
2024-11-01,P000074,LOC017,350,579.1,S0004,2024-10-25,26,414
2024-12-01,P000074,LOC017,309,597.99,S0004,2024-11-10,26,414
2024-12-31,P000074,LOC017,324,606.22,S0004,2024-12-25,26,414
2025-01-30,P000074,LOC017,361,620.57,S0004,2025-01-28,26,414
2025-03-01,P000074,LOC017,308,616.74,S0004,2025-02-02,26,414
2025-03-31,P000074,LOC017,346,599.72,S0004,2025-03-07,26,414
2024-10-02,P000074,LOC018,359,609.42,S0004,2024-09-15,26,414
2024-11-01,P000074,LOC018,375,618.66,S0004,2024-10-02,26,414
2024-12-01,P000074,LOC018,291,598.18,S0004,2024-11-14,26,414
2024-12-31,P000074,LOC018,299,625.38,S0004,2024-12-04,26,414
2025-01-30,P000074,LOC018,300,602.02,S0004,2025-01-17,26,414
2025-03-01,P000074,LOC018,335,597.97,S0004,2025-02-05,26,414
2025-03-31,P000074,LOC018,312,585.38,S0004,2025-03-21,26,414
2024-10-02,P000074,LOC019,319,584.07,S0004,2024-09-02,26,414
2024-11-01,P000074,LOC019,309,606.43,S0004,2024-10-22,26,414
2024-12-01,P000074,LOC019,292,580.47,S0004,2024-11-22,26,414
2024-12-31,P000074,LOC019,299,575.04,S0004,2024-12-19,26,414
2025-01-30,P000074,LOC019,386,585.15,S0004,2025-01-12,26,414
2025-03-01,P000074,LOC019,357,568.13,S0004,2025-02-02,26,414
2025-03-31,P000074,LOC019,376,609.74,S0004,2025-03-21,26,414
2024-10-02,P000074,LOC020,388,601.56,S0004,2024-09-27,26,414
2024-11-01,P000074,LOC020,355,608.24,S0004,2024-10-20,26,414
2024-12-01,P000074,LOC020,363,595.65,S0004,2024-11-06,26,414
2024-12-31,P000074,LOC020,302,612.03,S0004,2024-12-07,26,414
2025-01-30,P000074,LOC020,378,607.1,S0004,2025-01-25,26,414
2025-03-01,P000074,LOC020,303,592.69,S0004,2025-02-08,26,414
2025-03-31,P000074,LOC020,357,613.37,S0004,2025-03-21,26,414
2024-10-02,P000075,LOC001,833,273.46,S0018,2024-09-03,39,1002
2024-11-01,P000075,LOC001,783,283.46,S0018,2024-10-21,39,1002
2024-12-01,P000075,LOC001,840,260.28,S0018,2024-11-06,39,1002
2024-12-31,P000075,LOC001,791,264.78,S0018,2024-12-16,39,1002
2025-01-30,P000075,LOC001,846,271.86,S0018,2025-01-19,39,1002
2025-03-01,P000075,LOC001,892,271.3,S0018,2025-02-17,39,1002
2025-03-31,P000075,LOC001,980,260.97,S0018,2025-03-21,39,1002
2024-10-02,P000075,LOC002,879,264.94,S0018,2024-09-27,39,1002
2024-11-01,P000075,LOC002,935,286.11,S0018,2024-10-30,39,1002
2024-12-01,P000075,LOC002,926,263.0,S0018,2024-11-19,39,1002
2024-12-31,P000075,LOC002,843,280.07,S0018,2024-12-25,39,1002
2025-01-30,P000075,LOC002,943,271.63,S0018,2025-01-18,39,1002
2025-03-01,P000075,LOC002,925,273.28,S0018,2025-02-12,39,1002
2025-03-31,P000075,LOC002,875,268.59,S0018,2025-03-08,39,1002
2024-10-02,P000075,LOC003,913,273.37,S0018,2024-09-19,39,1002
2024-11-01,P000075,LOC003,992,279.34,S0018,2024-10-09,39,1002
2024-12-01,P000075,LOC003,764,272.1,S0018,2024-11-06,39,1002
2024-12-31,P000075,LOC003,818,260.59,S0018,2024-12-08,39,1002
2025-01-30,P000075,LOC003,996,284.56,S0018,2024-12-31,39,1002
2025-03-01,P000075,LOC003,993,261.31,S0018,2025-02-10,39,1002
2025-03-31,P000075,LOC003,985,286.5,S0018,2025-03-26,39,1002
2024-10-02,P000075,LOC004,853,272.81,S0018,2024-09-10,39,1002
2024-11-01,P000075,LOC004,902,269.27,S0018,2024-10-13,39,1002
2024-12-01,P000075,LOC004,888,265.69,S0018,2024-11-24,39,1002
2024-12-31,P000075,LOC004,926,280.24,S0018,2024-12-29,39,1002
2025-01-30,P000075,LOC004,942,279.39,S0018,2025-01-01,39,1002
2025-03-01,P000075,LOC004,922,263.0,S0018,2025-02-14,39,1002
2025-03-31,P000075,LOC004,903,275.87,S0018,2025-03-13,39,1002
2024-10-02,P000075,LOC005,823,266.5,S0018,2024-09-16,39,1002
2024-11-01,P000075,LOC005,877,275.45,S0018,2024-10-18,39,1002
2024-12-01,P000075,LOC005,828,270.47,S0018,2024-11-07,39,1002
2024-12-31,P000075,LOC005,833,264.86,S0018,2024-12-16,39,1002
2025-01-30,P000075,LOC005,915,261.75,S0018,2025-01-12,39,1002
2025-03-01,P000075,LOC005,935,285.39,S0018,2025-02-15,39,1002
2025-03-31,P000075,LOC005,861,269.97,S0018,2025-03-23,39,1002
2024-10-02,P000075,LOC006,925,264.36,S0018,2024-09-19,39,1002
2024-11-01,P000075,LOC006,1000,263.17,S0018,2024-10-04,39,1002
2024-12-01,P000075,LOC006,932,281.23,S0018,2024-11-21,39,1002
2024-12-31,P000075,LOC006,770,281.89,S0018,2024-12-01,39,1002
2025-01-30,P000075,LOC006,974,262.41,S0018,2025-01-08,39,1002
2025-03-01,P000075,LOC006,984,262.05,S0018,2025-02-28,39,1002
2025-03-31,P000075,LOC006,808,285.75,S0018,2025-03-23,39,1002
2024-10-02,P000075,LOC007,791,264.05,S0018,2024-09-11,39,1002
2024-11-01,P000075,LOC007,858,271.93,S0018,2024-10-18,39,1002
2024-12-01,P000075,LOC007,943,275.86,S0018,2024-11-03,39,1002
2024-12-31,P000075,LOC007,999,282.58,S0018,2024-12-19,39,1002
2025-01-30,P000075,LOC007,927,259.48,S0018,2025-01-10,39,1002
2025-03-01,P000075,LOC007,894,281.18,S0018,2025-02-24,39,1002
2025-03-31,P000075,LOC007,782,260.27,S0018,2025-03-02,39,1002
2024-10-02,P000075,LOC008,852,263.48,S0018,2024-09-05,39,1002
2024-11-01,P000075,LOC008,838,281.11,S0018,2024-10-15,39,1002
2024-12-01,P000075,LOC008,808,271.48,S0018,2024-11-16,39,1002
2024-12-31,P000075,LOC008,905,272.54,S0018,2024-12-02,39,1002
2025-01-30,P000075,LOC008,875,281.81,S0018,2025-01-05,39,1002
2025-03-01,P000075,LOC008,870,268.33,S0018,2025-02-27,39,1002
2025-03-31,P000075,LOC008,891,276.3,S0018,2025-03-03,39,1002
2024-10-02,P000075,LOC009,888,269.1,S0018,2024-10-01,39,1002
2024-11-01,P000075,LOC009,914,269.68,S0018,2024-10-12,39,1002
2024-12-01,P000075,LOC009,971,274.97,S0018,2024-11-20,39,1002
2024-12-31,P000075,LOC009,984,268.62,S0018,2024-12-06,39,1002
2025-01-30,P000075,LOC009,939,276.71,S0018,2025-01-24,39,1002
2025-03-01,P000075,LOC009,947,277.34,S0018,2025-02-12,39,1002
2025-03-31,P000075,LOC009,962,261.59,S0018,2025-03-15,39,1002
2024-10-02,P000075,LOC010,871,268.67,S0018,2024-09-07,39,1002
2024-11-01,P000075,LOC010,846,281.37,S0018,2024-10-24,39,1002
2024-12-01,P000075,LOC010,832,277.07,S0018,2024-11-06,39,1002
2024-12-31,P000075,LOC010,797,286.03,S0018,2024-12-07,39,1002
2025-01-30,P000075,LOC010,828,262.36,S0018,2025-01-10,39,1002
2025-03-01,P000075,LOC010,858,281.7,S0018,2025-02-17,39,1002
2025-03-31,P000075,LOC010,937,273.55,S0018,2025-03-25,39,1002
2024-10-02,P000075,LOC011,844,279.09,S0018,2024-10-01,39,1002
2024-11-01,P000075,LOC011,853,274.02,S0018,2024-10-24,39,1002
2024-12-01,P000075,LOC011,819,267.94,S0018,2024-11-22,39,1002
2024-12-31,P000075,LOC011,799,273.13,S0018,2024-12-05,39,1002
2025-01-30,P000075,LOC011,848,277.84,S0018,2025-01-23,39,1002
2025-03-01,P000075,LOC011,891,261.24,S0018,2025-02-05,39,1002
2025-03-31,P000075,LOC011,841,283.25,S0018,2025-03-13,39,1002
2024-10-02,P000075,LOC012,840,285.95,S0018,2024-09-30,39,1002
2024-11-01,P000075,LOC012,926,273.89,S0018,2024-10-30,39,1002
2024-12-01,P000075,LOC012,921,260.38,S0018,2024-11-08,39,1002
2024-12-31,P000075,LOC012,876,281.57,S0018,2024-12-18,39,1002
2025-01-30,P000075,LOC012,919,263.18,S0018,2025-01-18,39,1002
2025-03-01,P000075,LOC012,741,280.69,S0018,2025-02-18,39,1002
2025-03-31,P000075,LOC012,719,286.16,S0018,2025-03-11,39,1002
2024-10-02,P000075,LOC013,821,278.19,S0018,2024-09-25,39,1002
2024-11-01,P000075,LOC013,782,285.58,S0018,2024-10-11,39,1002
2024-12-01,P000075,LOC013,777,285.12,S0018,2024-11-28,39,1002
2024-12-31,P000075,LOC013,758,263.49,S0018,2024-12-11,39,1002
2025-01-30,P000075,LOC013,739,284.61,S0018,2025-01-10,39,1002
2025-03-01,P000075,LOC013,755,278.41,S0018,2025-02-10,39,1002
2025-03-31,P000075,LOC013,735,266.65,S0018,2025-03-15,39,1002
2024-10-02,P000075,LOC014,798,275.32,S0018,2024-09-03,39,1002
2024-11-01,P000075,LOC014,818,283.56,S0018,2024-10-06,39,1002
2024-12-01,P000075,LOC014,769,286.18,S0018,2024-11-01,39,1002
2024-12-31,P000075,LOC014,864,278.7,S0018,2024-12-21,39,1002
2025-01-30,P000075,LOC014,888,261.5,S0018,2025-01-10,39,1002
2025-03-01,P000075,LOC014,862,272.63,S0018,2025-02-28,39,1002
2025-03-31,P000075,LOC014,930,279.22,S0018,2025-03-11,39,1002
2024-10-02,P000075,LOC015,821,261.55,S0018,2024-09-07,39,1002
2024-11-01,P000075,LOC015,801,285.42,S0018,2024-10-27,39,1002
2024-12-01,P000075,LOC015,900,276.86,S0018,2024-11-23,39,1002
2024-12-31,P000075,LOC015,871,266.72,S0018,2024-12-01,39,1002
2025-01-30,P000075,LOC015,910,267.43,S0018,2025-01-14,39,1002
2025-03-01,P000075,LOC015,996,266.36,S0018,2025-02-04,39,1002
2025-03-31,P000075,LOC015,896,265.91,S0018,2025-03-05,39,1002
2024-10-02,P000075,LOC016,872,283.44,S0018,2024-09-25,39,1002
2024-11-01,P000075,LOC016,899,277.46,S0018,2024-10-08,39,1002
2024-12-01,P000075,LOC016,886,279.76,S0018,2024-11-29,39,1002
2024-12-31,P000075,LOC016,948,263.94,S0018,2024-12-27,39,1002
2025-01-30,P000075,LOC016,797,283.01,S0018,2025-01-13,39,1002
2025-03-01,P000075,LOC016,784,272.34,S0018,2025-01-31,39,1002
2025-03-31,P000075,LOC016,716,276.94,S0018,2025-03-29,39,1002
2024-10-02,P000075,LOC017,788,275.86,S0018,2024-09-06,39,1002
2024-11-01,P000075,LOC017,838,285.04,S0018,2024-10-06,39,1002
2024-12-01,P000075,LOC017,819,274.47,S0018,2024-11-11,39,1002
2024-12-31,P000075,LOC017,788,280.35,S0018,2024-12-11,39,1002
2025-01-30,P000075,LOC017,864,267.06,S0018,2025-01-22,39,1002
2025-03-01,P000075,LOC017,873,269.04,S0018,2025-02-11,39,1002
2025-03-31,P000075,LOC017,863,265.94,S0018,2025-03-21,39,1002
2024-10-02,P000075,LOC018,861,271.06,S0018,2024-09-30,39,1002
2024-11-01,P000075,LOC018,851,272.9,S0018,2024-10-11,39,1002
2024-12-01,P000075,LOC018,903,264.34,S0018,2024-11-15,39,1002
2024-12-31,P000075,LOC018,861,262.07,S0018,2024-12-23,39,1002
2025-01-30,P000075,LOC018,897,275.18,S0018,2025-01-24,39,1002
2025-03-01,P000075,LOC018,967,266.36,S0018,2025-02-12,39,1002
2025-03-31,P000075,LOC018,940,283.22,S0018,2025-03-03,39,1002
2024-10-02,P000075,LOC019,891,274.93,S0018,2024-09-26,39,1002
2024-11-01,P000075,LOC019,939,286.35,S0018,2024-10-27,39,1002
2024-12-01,P000075,LOC019,940,283.56,S0018,2024-11-10,39,1002
2024-12-31,P000075,LOC019,959,272.6,S0018,2024-12-30,39,1002
2025-01-30,P000075,LOC019,767,263.71,S0018,2025-01-27,39,1002
2025-03-01,P000075,LOC019,811,279.67,S0018,2025-02-11,39,1002
2025-03-31,P000075,LOC019,824,283.45,S0018,2025-03-20,39,1002
2024-10-02,P000075,LOC020,924,266.81,S0018,2024-09-20,39,1002
2024-11-01,P000075,LOC020,937,275.96,S0018,2024-10-03,39,1002
2024-12-01,P000075,LOC020,957,274.37,S0018,2024-11-02,39,1002
2024-12-31,P000075,LOC020,934,270.6,S0018,2024-12-26,39,1002
2025-01-30,P000075,LOC020,968,280.23,S0018,2025-01-09,39,1002
2025-03-01,P000075,LOC020,854,280.43,S0018,2025-02-26,39,1002
2025-03-31,P000075,LOC020,746,260.49,S0018,2025-03-18,39,1002
2024-10-02,P000076,LOC001,336,98.39,S0021,2024-09-06,11,947
2024-11-01,P000076,LOC001,406,99.0,S0021,2024-10-23,11,947
2024-12-01,P000076,LOC001,421,100.9,S0021,2024-11-25,11,947
2024-12-31,P000076,LOC001,426,98.7,S0021,2024-12-26,11,947
2025-01-30,P000076,LOC001,394,103.81,S0021,2025-01-12,11,947
2025-03-01,P000076,LOC001,348,98.8,S0021,2025-02-18,11,947
2025-03-31,P000076,LOC001,398,101.16,S0021,2025-03-05,11,947
2024-10-02,P000076,LOC002,395,102.49,S0021,2024-09-27,11,947
2024-11-01,P000076,LOC002,488,105.35,S0021,2024-10-27,11,947
2024-12-01,P000076,LOC002,478,101.26,S0021,2024-11-19,11,947
2024-12-31,P000076,LOC002,574,106.42,S0021,2024-12-01,11,947
2025-01-30,P000076,LOC002,539,103.03,S0021,2025-01-15,11,947
2025-03-01,P000076,LOC002,614,100.12,S0021,2025-02-05,11,947
2025-03-31,P000076,LOC002,595,107.75,S0021,2025-03-21,11,947
2024-10-02,P000076,LOC003,263,105.72,S0021,2024-09-21,11,947
2024-11-01,P000076,LOC003,248,108.11,S0021,2024-10-21,11,947
2024-12-01,P000076,LOC003,281,106.87,S0021,2024-11-08,11,947
2024-12-31,P000076,LOC003,309,107.83,S0021,2024-12-01,11,947
2025-01-30,P000076,LOC003,338,101.67,S0021,2025-01-22,11,947
2025-03-01,P000076,LOC003,378,101.9,S0021,2025-02-07,11,947
2025-03-31,P000076,LOC003,474,102.92,S0021,2025-03-02,11,947
2024-10-02,P000076,LOC004,272,106.49,S0021,2024-09-20,11,947
2024-11-01,P000076,LOC004,269,102.93,S0021,2024-10-28,11,947
2024-12-01,P000076,LOC004,275,99.65,S0021,2024-11-27,11,947
2024-12-31,P000076,LOC004,348,104.94,S0021,2024-12-28,11,947
2025-01-30,P000076,LOC004,359,99.97,S0021,2025-01-04,11,947
2025-03-01,P000076,LOC004,312,104.05,S0021,2025-02-15,11,947
2025-03-31,P000076,LOC004,395,100.97,S0021,2025-03-13,11,947
2024-10-02,P000076,LOC005,260,98.15,S0021,2024-09-15,11,947
2024-11-01,P000076,LOC005,325,106.54,S0021,2024-10-18,11,947
2024-12-01,P000076,LOC005,416,106.68,S0021,2024-11-10,11,947
2024-12-31,P000076,LOC005,476,104.29,S0021,2024-12-06,11,947
2025-01-30,P000076,LOC005,533,101.28,S0021,2025-01-03,11,947
2025-03-01,P000076,LOC005,510,108.07,S0021,2025-02-06,11,947
2025-03-31,P000076,LOC005,528,104.16,S0021,2025-03-05,11,947
2024-10-02,P000076,LOC006,375,98.17,S0021,2024-09-19,11,947
2024-11-01,P000076,LOC006,474,101.45,S0021,2024-10-07,11,947
2024-12-01,P000076,LOC006,474,104.24,S0021,2024-11-25,11,947
2024-12-31,P000076,LOC006,448,106.65,S0021,2024-12-09,11,947
2025-01-30,P000076,LOC006,490,108.1,S0021,2025-01-07,11,947
2025-03-01,P000076,LOC006,469,99.59,S0021,2025-02-18,11,947
2025-03-31,P000076,LOC006,542,99.87,S0021,2025-03-22,11,947
2024-10-02,P000076,LOC007,360,107.24,S0021,2024-09-16,11,947
2024-11-01,P000076,LOC007,407,104.09,S0021,2024-10-27,11,947
2024-12-01,P000076,LOC007,358,102.74,S0021,2024-11-27,11,947
2024-12-31,P000076,LOC007,444,104.02,S0021,2024-12-12,11,947
2025-01-30,P000076,LOC007,440,108.19,S0021,2025-01-01,11,947
2025-03-01,P000076,LOC007,419,106.23,S0021,2025-02-01,11,947
2025-03-31,P000076,LOC007,445,101.19,S0021,2025-03-07,11,947
2024-10-02,P000076,LOC008,329,102.8,S0021,2024-09-06,11,947
2024-11-01,P000076,LOC008,425,105.64,S0021,2024-10-07,11,947
2024-12-01,P000076,LOC008,382,105.27,S0021,2024-11-12,11,947
2024-12-31,P000076,LOC008,348,101.42,S0021,2024-12-15,11,947
2025-01-30,P000076,LOC008,447,98.57,S0021,2025-01-29,11,947
2025-03-01,P000076,LOC008,435,101.58,S0021,2025-02-03,11,947
2025-03-31,P000076,LOC008,392,98.92,S0021,2025-03-25,11,947
2024-10-02,P000076,LOC009,292,98.73,S0021,2024-10-01,11,947
2024-11-01,P000076,LOC009,373,106.66,S0021,2024-10-15,11,947
2024-12-01,P000076,LOC009,374,105.6,S0021,2024-11-28,11,947
2024-12-31,P000076,LOC009,350,107.83,S0021,2024-12-16,11,947
2025-01-30,P000076,LOC009,379,107.48,S0021,2025-01-25,11,947
2025-03-01,P000076,LOC009,451,105.63,S0021,2025-02-20,11,947
2025-03-31,P000076,LOC009,446,107.99,S0021,2025-03-26,11,947
2024-10-02,P000076,LOC010,294,99.62,S0021,2024-09-13,11,947
2024-11-01,P000076,LOC010,255,100.95,S0021,2024-10-26,11,947
2024-12-01,P000076,LOC010,305,101.4,S0021,2024-11-10,11,947
2024-12-31,P000076,LOC010,353,101.12,S0021,2024-12-12,11,947
2025-01-30,P000076,LOC010,356,104.33,S0021,2025-01-20,11,947
2025-03-01,P000076,LOC010,361,104.4,S0021,2025-02-09,11,947
2025-03-31,P000076,LOC010,454,101.8,S0021,2025-03-20,11,947
2024-10-02,P000076,LOC011,315,102.88,S0021,2024-09-24,11,947
2024-11-01,P000076,LOC011,327,98.63,S0021,2024-10-10,11,947
2024-12-01,P000076,LOC011,375,108.37,S0021,2024-11-15,11,947
2024-12-31,P000076,LOC011,331,100.89,S0021,2024-12-10,11,947
2025-01-30,P000076,LOC011,346,103.59,S0021,2025-01-27,11,947
2025-03-01,P000076,LOC011,417,105.21,S0021,2025-02-23,11,947
2025-03-31,P000076,LOC011,463,103.52,S0021,2025-03-09,11,947
2024-10-02,P000076,LOC012,380,106.29,S0021,2024-10-01,11,947
2024-11-01,P000076,LOC012,420,104.36,S0021,2024-10-25,11,947
2024-12-01,P000076,LOC012,464,98.69,S0021,2024-11-30,11,947
2024-12-31,P000076,LOC012,476,99.31,S0021,2024-12-13,11,947
2025-01-30,P000076,LOC012,562,107.87,S0021,2025-01-06,11,947
2025-03-01,P000076,LOC012,618,106.89,S0021,2025-02-06,11,947
2025-03-31,P000076,LOC012,572,106.24,S0021,2025-03-22,11,947
2024-10-02,P000076,LOC013,389,106.44,S0021,2024-09-06,11,947
2024-11-01,P000076,LOC013,430,103.96,S0021,2024-10-07,11,947
2024-12-01,P000076,LOC013,445,99.12,S0021,2024-11-19,11,947
2024-12-31,P000076,LOC013,475,107.75,S0021,2024-12-21,11,947
2025-01-30,P000076,LOC013,474,106.45,S0021,2025-01-08,11,947
2025-03-01,P000076,LOC013,542,98.1,S0021,2025-01-31,11,947
2025-03-31,P000076,LOC013,581,103.36,S0021,2025-03-30,11,947
2024-10-02,P000076,LOC014,307,98.49,S0021,2024-09-22,11,947
2024-11-01,P000076,LOC014,318,99.42,S0021,2024-10-04,11,947
2024-12-01,P000076,LOC014,331,98.39,S0021,2024-11-06,11,947
2024-12-31,P000076,LOC014,395,102.03,S0021,2024-12-10,11,947
2025-01-30,P000076,LOC014,362,103.34,S0021,2025-01-08,11,947
2025-03-01,P000076,LOC014,342,98.35,S0021,2025-02-06,11,947
2025-03-31,P000076,LOC014,382,103.74,S0021,2025-03-12,11,947
2024-10-02,P000076,LOC015,265,102.01,S0021,2024-09-10,11,947
2024-11-01,P000076,LOC015,309,101.33,S0021,2024-10-06,11,947
2024-12-01,P000076,LOC015,396,105.02,S0021,2024-11-02,11,947
2024-12-31,P000076,LOC015,437,103.99,S0021,2024-12-05,11,947
2025-01-30,P000076,LOC015,493,99.47,S0021,2025-01-01,11,947
2025-03-01,P000076,LOC015,504,99.69,S0021,2025-02-11,11,947
2025-03-31,P000076,LOC015,476,100.95,S0021,2025-03-20,11,947
2024-10-02,P000076,LOC016,326,103.8,S0021,2024-09-22,11,947
2024-11-01,P000076,LOC016,302,104.4,S0021,2024-10-28,11,947
2024-12-01,P000076,LOC016,264,103.85,S0021,2024-11-08,11,947
2024-12-31,P000076,LOC016,227,103.63,S0021,2024-12-07,11,947
2025-01-30,P000076,LOC016,304,103.23,S0021,2025-01-08,11,947
2025-03-01,P000076,LOC016,307,105.92,S0021,2025-02-22,11,947
2025-03-31,P000076,LOC016,368,105.37,S0021,2025-03-27,11,947
2024-10-02,P000076,LOC017,377,101.89,S0021,2024-09-24,11,947
2024-11-01,P000076,LOC017,397,105.88,S0021,2024-10-19,11,947
2024-12-01,P000076,LOC017,457,101.94,S0021,2024-11-17,11,947
2024-12-31,P000076,LOC017,524,101.59,S0021,2024-12-03,11,947
2025-01-30,P000076,LOC017,606,107.14,S0021,2025-01-21,11,947
2025-03-01,P000076,LOC017,566,106.51,S0021,2025-02-28,11,947
2025-03-31,P000076,LOC017,526,107.64,S0021,2025-03-02,11,947
2024-10-02,P000076,LOC018,268,105.94,S0021,2024-09-19,11,947
2024-11-01,P000076,LOC018,253,100.16,S0021,2024-10-02,11,947
2024-12-01,P000076,LOC018,267,105.11,S0021,2024-11-01,11,947
2024-12-31,P000076,LOC018,254,100.91,S0021,2024-12-16,11,947
2025-01-30,P000076,LOC018,256,99.58,S0021,2025-01-03,11,947
2025-03-01,P000076,LOC018,268,99.46,S0021,2025-02-08,11,947
2025-03-31,P000076,LOC018,267,107.77,S0021,2025-03-08,11,947
2024-10-02,P000076,LOC019,306,99.67,S0021,2024-09-08,11,947
2024-11-01,P000076,LOC019,273,105.98,S0021,2024-10-26,11,947
2024-12-01,P000076,LOC019,293,106.83,S0021,2024-11-30,11,947
2024-12-31,P000076,LOC019,273,107.88,S0021,2024-12-24,11,947
2025-01-30,P000076,LOC019,240,101.24,S0021,2025-01-15,11,947
2025-03-01,P000076,LOC019,192,100.58,S0021,2025-02-07,11,947
2025-03-31,P000076,LOC019,167,101.8,S0021,2025-03-01,11,947
2024-10-02,P000076,LOC020,387,108.13,S0021,2024-09-03,11,947
2024-11-01,P000076,LOC020,462,98.6,S0021,2024-10-17,11,947
2024-12-01,P000076,LOC020,515,103.0,S0021,2024-11-04,11,947
2024-12-31,P000076,LOC020,602,102.67,S0021,2024-12-23,11,947
2025-01-30,P000076,LOC020,652,103.79,S0021,2025-01-22,11,947
2025-03-01,P000076,LOC020,713,101.84,S0021,2025-02-22,11,947
2025-03-31,P000076,LOC020,811,102.06,S0021,2025-03-07,11,947
2024-10-02,P000077,LOC001,288,585.03,S0001,2024-09-17,31,351
2024-11-01,P000077,LOC001,258,563.99,S0001,2024-10-31,31,351
2024-12-01,P000077,LOC001,313,554.04,S0001,2024-11-30,31,351
2024-12-31,P000077,LOC001,264,578.21,S0001,2024-12-17,31,351
2025-01-30,P000077,LOC001,302,567.92,S0001,2025-01-14,31,351
2025-03-01,P000077,LOC001,325,570.92,S0001,2025-02-15,31,351
2025-03-31,P000077,LOC001,308,568.57,S0001,2025-03-01,31,351
2024-10-02,P000077,LOC002,254,598.9,S0001,2024-09-02,31,351
2024-11-01,P000077,LOC002,252,547.99,S0001,2024-10-13,31,351
2024-12-01,P000077,LOC002,295,593.72,S0001,2024-11-14,31,351
2024-12-31,P000077,LOC002,267,560.29,S0001,2024-12-09,31,351
2025-01-30,P000077,LOC002,284,590.67,S0001,2025-01-10,31,351
2025-03-01,P000077,LOC002,324,582.13,S0001,2025-02-08,31,351
2025-03-31,P000077,LOC002,258,577.76,S0001,2025-03-26,31,351
2024-10-02,P000077,LOC003,301,572.12,S0001,2024-09-22,31,351
2024-11-01,P000077,LOC003,327,589.31,S0001,2024-10-24,31,351
2024-12-01,P000077,LOC003,304,590.16,S0001,2024-11-19,31,351
2024-12-31,P000077,LOC003,269,592.93,S0001,2024-12-12,31,351
2025-01-30,P000077,LOC003,307,578.78,S0001,2025-01-26,31,351
2025-03-01,P000077,LOC003,325,579.76,S0001,2025-01-31,31,351
2025-03-31,P000077,LOC003,296,561.72,S0001,2025-03-01,31,351
2024-10-02,P000077,LOC004,290,562.46,S0001,2024-09-28,31,351
2024-11-01,P000077,LOC004,328,562.22,S0001,2024-10-18,31,351
2024-12-01,P000077,LOC004,288,550.2,S0001,2024-11-26,31,351
2024-12-31,P000077,LOC004,283,544.24,S0001,2024-12-07,31,351
2025-01-30,P000077,LOC004,319,578.68,S0001,2025-01-13,31,351
2025-03-01,P000077,LOC004,314,555.29,S0001,2025-02-08,31,351
2025-03-31,P000077,LOC004,314,583.69,S0001,2025-03-22,31,351
2024-10-02,P000077,LOC005,293,586.53,S0001,2024-09-25,31,351
2024-11-01,P000077,LOC005,245,579.75,S0001,2024-10-15,31,351
2024-12-01,P000077,LOC005,329,596.01,S0001,2024-11-18,31,351
2024-12-31,P000077,LOC005,317,582.84,S0001,2024-12-04,31,351
2025-01-30,P000077,LOC005,288,571.2,S0001,2025-01-02,31,351
2025-03-01,P000077,LOC005,295,573.15,S0001,2025-02-23,31,351
2025-03-31,P000077,LOC005,327,593.37,S0001,2025-03-16,31,351
2024-10-02,P000077,LOC006,277,565.52,S0001,2024-09-07,31,351
2024-11-01,P000077,LOC006,305,577.44,S0001,2024-10-27,31,351
2024-12-01,P000077,LOC006,280,596.19,S0001,2024-11-10,31,351
2024-12-31,P000077,LOC006,301,570.6,S0001,2024-12-10,31,351
2025-01-30,P000077,LOC006,329,556.03,S0001,2025-01-25,31,351
2025-03-01,P000077,LOC006,253,586.42,S0001,2025-02-20,31,351
2025-03-31,P000077,LOC006,292,575.19,S0001,2025-03-27,31,351
2024-10-02,P000077,LOC007,330,578.76,S0001,2024-09-25,31,351
2024-11-01,P000077,LOC007,252,570.48,S0001,2024-10-22,31,351
2024-12-01,P000077,LOC007,286,589.87,S0001,2024-11-25,31,351
2024-12-31,P000077,LOC007,312,580.43,S0001,2024-12-25,31,351
2025-01-30,P000077,LOC007,319,563.57,S0001,2025-01-21,31,351
2025-03-01,P000077,LOC007,302,584.49,S0001,2025-02-07,31,351
2025-03-31,P000077,LOC007,261,577.66,S0001,2025-03-29,31,351
2024-10-02,P000077,LOC008,249,583.6,S0001,2024-09-28,31,351
2024-11-01,P000077,LOC008,279,599.91,S0001,2024-10-12,31,351
2024-12-01,P000077,LOC008,262,578.18,S0001,2024-11-05,31,351
2024-12-31,P000077,LOC008,306,587.87,S0001,2024-12-28,31,351
2025-01-30,P000077,LOC008,324,578.04,S0001,2025-01-28,31,351
2025-03-01,P000077,LOC008,301,557.74,S0001,2025-02-09,31,351
2025-03-31,P000077,LOC008,277,598.56,S0001,2025-03-30,31,351
2024-10-02,P000077,LOC009,253,591.39,S0001,2024-09-21,31,351
2024-11-01,P000077,LOC009,301,580.98,S0001,2024-10-09,31,351
2024-12-01,P000077,LOC009,310,549.72,S0001,2024-11-28,31,351
2024-12-31,P000077,LOC009,257,585.39,S0001,2024-12-19,31,351
2025-01-30,P000077,LOC009,262,586.6,S0001,2025-01-17,31,351
2025-03-01,P000077,LOC009,308,553.11,S0001,2025-02-11,31,351
2025-03-31,P000077,LOC009,297,579.8,S0001,2025-03-11,31,351
2024-10-02,P000077,LOC010,288,551.84,S0001,2024-09-09,31,351
2024-11-01,P000077,LOC010,251,556.77,S0001,2024-10-27,31,351
2024-12-01,P000077,LOC010,293,594.08,S0001,2024-11-23,31,351
2024-12-31,P000077,LOC010,272,548.4,S0001,2024-12-10,31,351
2025-01-30,P000077,LOC010,292,598.69,S0001,2025-01-17,31,351
2025-03-01,P000077,LOC010,318,548.54,S0001,2025-02-23,31,351
2025-03-31,P000077,LOC010,285,597.26,S0001,2025-03-20,31,351
2024-10-02,P000077,LOC011,333,566.08,S0001,2024-09-28,31,351
2024-11-01,P000077,LOC011,248,556.88,S0001,2024-10-24,31,351
2024-12-01,P000077,LOC011,250,595.16,S0001,2024-11-24,31,351
2024-12-31,P000077,LOC011,314,600.74,S0001,2024-12-04,31,351
2025-01-30,P000077,LOC011,249,559.76,S0001,2025-01-02,31,351
2025-03-01,P000077,LOC011,256,567.99,S0001,2025-02-18,31,351
2025-03-31,P000077,LOC011,316,590.57,S0001,2025-03-04,31,351
2024-10-02,P000077,LOC012,304,596.71,S0001,2024-09-25,31,351
2024-11-01,P000077,LOC012,285,556.45,S0001,2024-10-12,31,351
2024-12-01,P000077,LOC012,305,578.37,S0001,2024-11-29,31,351
2024-12-31,P000077,LOC012,322,583.74,S0001,2024-12-16,31,351
2025-01-30,P000077,LOC012,258,592.71,S0001,2025-01-11,31,351
2025-03-01,P000077,LOC012,296,544.69,S0001,2025-02-06,31,351
2025-03-31,P000077,LOC012,326,599.05,S0001,2025-03-27,31,351
2024-10-02,P000077,LOC013,248,599.47,S0001,2024-09-25,31,351
2024-11-01,P000077,LOC013,258,567.8,S0001,2024-10-07,31,351
2024-12-01,P000077,LOC013,303,562.65,S0001,2024-11-29,31,351
2024-12-31,P000077,LOC013,287,580.1,S0001,2024-12-06,31,351
2025-01-30,P000077,LOC013,326,582.72,S0001,2025-01-10,31,351
2025-03-01,P000077,LOC013,249,578.21,S0001,2025-01-30,31,351
2025-03-31,P000077,LOC013,307,593.31,S0001,2025-03-21,31,351
2024-10-02,P000077,LOC014,257,599.81,S0001,2024-09-22,31,351
2024-11-01,P000077,LOC014,260,557.25,S0001,2024-10-16,31,351
2024-12-01,P000077,LOC014,250,545.5,S0001,2024-11-05,31,351
2024-12-31,P000077,LOC014,272,596.42,S0001,2024-12-23,31,351
2025-01-30,P000077,LOC014,315,566.2,S0001,2025-01-11,31,351
2025-03-01,P000077,LOC014,285,592.16,S0001,2025-02-05,31,351
2025-03-31,P000077,LOC014,260,569.55,S0001,2025-03-20,31,351
2024-10-02,P000077,LOC015,297,576.46,S0001,2024-09-30,31,351
2024-11-01,P000077,LOC015,343,563.3,S0001,2024-10-07,31,351
2024-12-01,P000077,LOC015,313,572.51,S0001,2024-11-04,31,351
2024-12-31,P000077,LOC015,293,565.92,S0001,2024-12-17,31,351
2025-01-30,P000077,LOC015,258,588.4,S0001,2025-01-13,31,351
2025-03-01,P000077,LOC015,209,582.14,S0001,2025-02-06,31,351
2025-03-31,P000077,LOC015,231,563.52,S0001,2025-03-13,31,351
2024-10-02,P000077,LOC016,317,586.35,S0001,2024-09-20,31,351
2024-11-01,P000077,LOC016,255,601.14,S0001,2024-10-12,31,351
2024-12-01,P000077,LOC016,289,590.13,S0001,2024-11-07,31,351
2024-12-31,P000077,LOC016,315,595.94,S0001,2024-12-10,31,351
2025-01-30,P000077,LOC016,265,588.92,S0001,2025-01-20,31,351
2025-03-01,P000077,LOC016,316,598.31,S0001,2025-02-18,31,351
2025-03-31,P000077,LOC016,283,547.83,S0001,2025-03-08,31,351
2024-10-02,P000077,LOC017,316,573.72,S0001,2024-09-30,31,351
2024-11-01,P000077,LOC017,331,590.96,S0001,2024-10-07,31,351
2024-12-01,P000077,LOC017,305,570.7,S0001,2024-11-29,31,351
2024-12-31,P000077,LOC017,274,570.84,S0001,2024-12-28,31,351
2025-01-30,P000077,LOC017,331,555.75,S0001,2025-01-02,31,351
2025-03-01,P000077,LOC017,296,545.55,S0001,2025-02-25,31,351
2025-03-31,P000077,LOC017,257,593.34,S0001,2025-03-02,31,351
2024-10-02,P000077,LOC018,319,592.38,S0001,2024-09-26,31,351
2024-11-01,P000077,LOC018,315,558.9,S0001,2024-10-26,31,351
2024-12-01,P000077,LOC018,312,580.14,S0001,2024-11-08,31,351
2024-12-31,P000077,LOC018,297,554.64,S0001,2024-12-02,31,351
2025-01-30,P000077,LOC018,275,583.74,S0001,2025-01-07,31,351
2025-03-01,P000077,LOC018,256,569.75,S0001,2025-02-20,31,351
2025-03-31,P000077,LOC018,258,588.4,S0001,2025-03-09,31,351
2024-10-02,P000077,LOC019,282,568.82,S0001,2024-09-20,31,351
2024-11-01,P000077,LOC019,306,597.31,S0001,2024-10-11,31,351
2024-12-01,P000077,LOC019,294,573.29,S0001,2024-11-01,31,351
2024-12-31,P000077,LOC019,284,578.82,S0001,2024-12-01,31,351
2025-01-30,P000077,LOC019,326,549.43,S0001,2025-01-28,31,351
2025-03-01,P000077,LOC019,249,546.43,S0001,2025-02-04,31,351
2025-03-31,P000077,LOC019,254,599.38,S0001,2025-03-07,31,351
2024-10-02,P000077,LOC020,320,560.55,S0001,2024-09-14,31,351
2024-11-01,P000077,LOC020,299,569.42,S0001,2024-10-04,31,351
2024-12-01,P000077,LOC020,313,589.91,S0001,2024-11-27,31,351
2024-12-31,P000077,LOC020,247,549.5,S0001,2024-12-22,31,351
2025-01-30,P000077,LOC020,288,550.57,S0001,2025-01-19,31,351
2025-03-01,P000077,LOC020,246,596.39,S0001,2025-02-20,31,351
2025-03-31,P000077,LOC020,261,549.92,S0001,2025-03-25,31,351
2024-10-02,P000078,LOC001,74,281.9,S0005,2024-09-06,24,172
2024-11-01,P000078,LOC001,45,266.69,S0005,2024-10-31,24,172
2024-12-01,P000078,LOC001,144,271.52,S0005,2024-11-30,24,172
2024-12-31,P000078,LOC001,170,269.03,S0005,2024-12-05,24,172
2025-01-30,P000078,LOC001,124,274.24,S0005,2025-01-19,24,172
2025-03-01,P000078,LOC001,148,275.91,S0005,2025-02-19,24,172
2025-03-31,P000078,LOC001,158,274.35,S0005,2025-03-26,24,172
2024-10-02,P000078,LOC002,134,275.9,S0005,2024-09-14,24,172
2024-11-01,P000078,LOC002,138,285.88,S0005,2024-10-05,24,172
2024-12-01,P000078,LOC002,155,276.78,S0005,2024-11-20,24,172
2024-12-31,P000078,LOC002,150,274.07,S0005,2024-12-24,24,172
2025-01-30,P000078,LOC002,153,289.1,S0005,2025-01-26,24,172
2025-03-01,P000078,LOC002,150,271.01,S0005,2025-02-24,24,172
2025-03-31,P000078,LOC002,129,281.8,S0005,2025-03-04,24,172
2024-10-02,P000078,LOC003,92,270.6,S0005,2024-09-20,24,172
2024-11-01,P000078,LOC003,42,289.95,S0005,2024-10-31,24,172
2024-12-01,P000078,LOC003,44,289.55,S0005,2024-11-21,24,172
2024-12-31,P000078,LOC003,89,266.68,S0005,2024-12-02,24,172
2025-01-30,P000078,LOC003,97,285.85,S0005,2025-01-28,24,172
2025-03-01,P000078,LOC003,85,292.27,S0005,2025-02-23,24,172
2025-03-31,P000078,LOC003,162,291.13,S0005,2025-03-15,24,172
2024-10-02,P000078,LOC004,92,285.64,S0005,2024-09-18,24,172
2024-11-01,P000078,LOC004,93,279.72,S0005,2024-10-07,24,172
2024-12-01,P000078,LOC004,147,278.89,S0005,2024-11-04,24,172
2024-12-31,P000078,LOC004,142,293.27,S0005,2024-12-23,24,172
2025-01-30,P000078,LOC004,138,280.93,S0005,2025-01-29,24,172
2025-03-01,P000078,LOC004,160,291.67,S0005,2025-02-21,24,172
2025-03-31,P000078,LOC004,146,273.49,S0005,2025-03-26,24,172
2024-10-02,P000078,LOC005,0,292.62,S0005,2024-09-04,24,172
2024-11-01,P000078,LOC005,0,291.92,S0005,2024-10-02,24,172
2024-12-01,P000078,LOC005,44,280.44,S0005,2024-11-16,24,172
2024-12-31,P000078,LOC005,14,267.12,S0005,2024-12-13,24,172
2025-01-30,P000078,LOC005,21,276.24,S0005,2025-01-27,24,172
2025-03-01,P000078,LOC005,0,290.3,S0005,2025-02-10,24,172
2025-03-31,P000078,LOC005,15,279.01,S0005,2025-03-05,24,172
2024-10-02,P000078,LOC006,17,281.13,S0005,2024-09-08,24,172
2024-11-01,P000078,LOC006,97,279.71,S0005,2024-10-24,24,172
2024-12-01,P000078,LOC006,122,268.11,S0005,2024-11-10,24,172
2024-12-31,P000078,LOC006,128,271.42,S0005,2024-12-11,24,172
2025-01-30,P000078,LOC006,141,266.16,S0005,2025-01-04,24,172
2025-03-01,P000078,LOC006,161,265.37,S0005,2025-02-13,24,172
2025-03-31,P000078,LOC006,147,269.88,S0005,2025-03-24,24,172
2024-10-02,P000078,LOC007,54,290.81,S0005,2024-09-30,24,172
2024-11-01,P000078,LOC007,111,271.82,S0005,2024-10-31,24,172
2024-12-01,P000078,LOC007,80,290.09,S0005,2024-11-09,24,172
2024-12-31,P000078,LOC007,51,274.86,S0005,2024-12-11,24,172
2025-01-30,P000078,LOC007,43,290.83,S0005,2025-01-28,24,172
2025-03-01,P000078,LOC007,0,282.29,S0005,2025-01-30,24,172
2025-03-31,P000078,LOC007,85,266.12,S0005,2025-03-20,24,172
2024-10-02,P000078,LOC008,13,282.38,S0005,2024-09-21,24,172
2024-11-01,P000078,LOC008,0,292.8,S0005,2024-10-16,24,172
2024-12-01,P000078,LOC008,4,272.04,S0005,2024-11-03,24,172
2024-12-31,P000078,LOC008,1,270.07,S0005,2024-12-21,24,172
2025-01-30,P000078,LOC008,42,274.75,S0005,2025-01-19,24,172
2025-03-01,P000078,LOC008,44,273.42,S0005,2025-02-10,24,172
2025-03-31,P000078,LOC008,1,280.45,S0005,2025-03-24,24,172
2024-10-02,P000078,LOC009,65,285.93,S0005,2024-09-17,24,172
2024-11-01,P000078,LOC009,121,282.69,S0005,2024-10-05,24,172
2024-12-01,P000078,LOC009,80,282.49,S0005,2024-11-13,24,172
2024-12-31,P000078,LOC009,60,283.34,S0005,2024-12-26,24,172
2025-01-30,P000078,LOC009,105,268.31,S0005,2024-12-31,24,172
2025-03-01,P000078,LOC009,125,274.6,S0005,2025-01-31,24,172
2025-03-31,P000078,LOC009,155,293.13,S0005,2025-03-24,24,172
2024-10-02,P000078,LOC010,60,276.83,S0005,2024-09-18,24,172
2024-11-01,P000078,LOC010,56,267.62,S0005,2024-10-18,24,172
2024-12-01,P000078,LOC010,48,284.01,S0005,2024-11-07,24,172
2024-12-31,P000078,LOC010,133,280.11,S0005,2024-12-12,24,172
2025-01-30,P000078,LOC010,91,266.8,S0005,2025-01-28,24,172
2025-03-01,P000078,LOC010,154,287.23,S0005,2025-02-12,24,172
2025-03-31,P000078,LOC010,135,291.57,S0005,2025-03-17,24,172
2024-10-02,P000078,LOC011,85,267.53,S0005,2024-09-26,24,172
2024-11-01,P000078,LOC011,120,280.85,S0005,2024-10-03,24,172
2024-12-01,P000078,LOC011,118,268.07,S0005,2024-11-20,24,172
2024-12-31,P000078,LOC011,143,287.06,S0005,2024-12-21,24,172
2025-01-30,P000078,LOC011,120,268.45,S0005,2025-01-07,24,172
2025-03-01,P000078,LOC011,130,283.69,S0005,2025-02-11,24,172
2025-03-31,P000078,LOC011,125,277.51,S0005,2025-03-14,24,172
2024-10-02,P000078,LOC012,0,267.38,S0005,2024-09-08,24,172
2024-11-01,P000078,LOC012,35,270.37,S0005,2024-10-05,24,172
2024-12-01,P000078,LOC012,63,289.74,S0005,2024-11-24,24,172
2024-12-31,P000078,LOC012,86,279.87,S0005,2024-12-04,24,172
2025-01-30,P000078,LOC012,143,281.54,S0005,2025-01-19,24,172
2025-03-01,P000078,LOC012,124,278.02,S0005,2025-02-27,24,172
2025-03-31,P000078,LOC012,135,289.33,S0005,2025-03-15,24,172
2024-10-02,P000078,LOC013,3,265.78,S0005,2024-09-16,24,172
2024-11-01,P000078,LOC013,0,281.9,S0005,2024-10-22,24,172
2024-12-01,P000078,LOC013,84,278.17,S0005,2024-11-11,24,172
2024-12-31,P000078,LOC013,89,292.62,S0005,2024-12-23,24,172
2025-01-30,P000078,LOC013,68,281.62,S0005,2025-01-22,24,172
2025-03-01,P000078,LOC013,90,285.91,S0005,2025-02-16,24,172
2025-03-31,P000078,LOC013,70,279.42,S0005,2025-03-24,24,172
2024-10-02,P000078,LOC014,2,282.33,S0005,2024-09-11,24,172
2024-11-01,P000078,LOC014,10,274.85,S0005,2024-10-04,24,172
2024-12-01,P000078,LOC014,1,286.34,S0005,2024-11-26,24,172
2024-12-31,P000078,LOC014,0,285.44,S0005,2024-12-01,24,172
2025-01-30,P000078,LOC014,0,276.7,S0005,2025-01-21,24,172
2025-03-01,P000078,LOC014,0,285.08,S0005,2025-02-12,24,172
2025-03-31,P000078,LOC014,0,266.2,S0005,2025-03-23,24,172
2024-10-02,P000078,LOC015,17,280.68,S0005,2024-09-27,24,172
2024-11-01,P000078,LOC015,84,267.14,S0005,2024-10-25,24,172
2024-12-01,P000078,LOC015,114,273.02,S0005,2024-11-12,24,172
2024-12-31,P000078,LOC015,150,288.62,S0005,2024-12-03,24,172
2025-01-30,P000078,LOC015,153,269.8,S0005,2025-01-01,24,172
2025-03-01,P000078,LOC015,143,285.07,S0005,2025-02-27,24,172
2025-03-31,P000078,LOC015,129,292.19,S0005,2025-03-11,24,172
2024-10-02,P000078,LOC016,65,279.68,S0005,2024-09-08,24,172
2024-11-01,P000078,LOC016,84,284.39,S0005,2024-10-09,24,172
2024-12-01,P000078,LOC016,123,276.25,S0005,2024-11-07,24,172
2024-12-31,P000078,LOC016,153,287.86,S0005,2024-12-20,24,172
2025-01-30,P000078,LOC016,148,271.06,S0005,2025-01-19,24,172
2025-03-01,P000078,LOC016,132,280.21,S0005,2025-02-01,24,172
2025-03-31,P000078,LOC016,128,269.92,S0005,2025-03-14,24,172
2024-10-02,P000078,LOC017,38,290.11,S0005,2024-09-25,24,172
2024-11-01,P000078,LOC017,114,280.18,S0005,2024-10-18,24,172
2024-12-01,P000078,LOC017,108,277.59,S0005,2024-11-03,24,172
2024-12-31,P000078,LOC017,103,281.39,S0005,2024-12-16,24,172
2025-01-30,P000078,LOC017,115,275.48,S0005,2025-01-29,24,172
2025-03-01,P000078,LOC017,111,276.94,S0005,2025-02-04,24,172
2025-03-31,P000078,LOC017,85,269.0,S0005,2025-03-16,24,172
2024-10-02,P000078,LOC018,0,289.17,S0005,2024-09-08,24,172
2024-11-01,P000078,LOC018,71,293.26,S0005,2024-10-27,24,172
2024-12-01,P000078,LOC018,56,291.46,S0005,2024-11-02,24,172
2024-12-31,P000078,LOC018,51,275.69,S0005,2024-12-10,24,172
2025-01-30,P000078,LOC018,123,293.13,S0005,2025-01-13,24,172
2025-03-01,P000078,LOC018,154,284.82,S0005,2025-02-28,24,172
2025-03-31,P000078,LOC018,149,268.6,S0005,2025-03-09,24,172
2024-10-02,P000078,LOC019,0,282.21,S0005,2024-09-18,24,172
2024-11-01,P000078,LOC019,100,283.62,S0005,2024-10-05,24,172
2024-12-01,P000078,LOC019,132,270.46,S0005,2024-11-09,24,172
2024-12-31,P000078,LOC019,156,293.22,S0005,2024-12-02,24,172
2025-01-30,P000078,LOC019,162,277.35,S0005,2025-01-15,24,172
2025-03-01,P000078,LOC019,140,270.83,S0005,2025-02-17,24,172
2025-03-31,P000078,LOC019,156,280.58,S0005,2025-03-20,24,172
2024-10-02,P000078,LOC020,33,270.57,S0005,2024-09-10,24,172
2024-11-01,P000078,LOC020,0,285.4,S0005,2024-10-30,24,172
2024-12-01,P000078,LOC020,0,267.7,S0005,2024-11-28,24,172
2024-12-31,P000078,LOC020,0,279.65,S0005,2024-12-02,24,172
2025-01-30,P000078,LOC020,0,267.71,S0005,2025-01-27,24,172
2025-03-01,P000078,LOC020,77,285.74,S0005,2025-02-05,24,172
2025-03-31,P000078,LOC020,55,270.79,S0005,2025-03-09,24,172
2024-10-02,P000079,LOC001,430,319.21,S0005,2024-09-05,24,579
2024-11-01,P000079,LOC001,502,316.0,S0005,2024-10-26,24,579
2024-12-01,P000079,LOC001,578,305.33,S0005,2024-11-24,24,579
2024-12-31,P000079,LOC001,411,309.61,S0005,2024-12-05,24,579
2025-01-30,P000079,LOC001,576,302.58,S0005,2025-01-22,24,579
2025-03-01,P000079,LOC001,498,311.15,S0005,2025-02-05,24,579
2025-03-31,P000079,LOC001,446,304.99,S0005,2025-03-30,24,579
2024-10-02,P000079,LOC002,468,323.47,S0005,2024-09-22,24,579
2024-11-01,P000079,LOC002,453,304.55,S0005,2024-10-05,24,579
2024-12-01,P000079,LOC002,521,317.48,S0005,2024-11-03,24,579
2024-12-31,P000079,LOC002,515,324.57,S0005,2024-12-19,24,579
2025-01-30,P000079,LOC002,411,303.28,S0005,2025-01-23,24,579
2025-03-01,P000079,LOC002,512,301.29,S0005,2025-02-12,24,579
2025-03-31,P000079,LOC002,539,318.55,S0005,2025-03-23,24,579
2024-10-02,P000079,LOC003,430,304.68,S0005,2024-09-05,24,579
2024-11-01,P000079,LOC003,518,319.8,S0005,2024-10-22,24,579
2024-12-01,P000079,LOC003,475,301.23,S0005,2024-11-07,24,579
2024-12-31,P000079,LOC003,422,326.02,S0005,2024-12-27,24,579
2025-01-30,P000079,LOC003,534,307.66,S0005,2025-01-25,24,579
2025-03-01,P000079,LOC003,509,310.61,S0005,2025-02-20,24,579
2025-03-31,P000079,LOC003,491,320.77,S0005,2025-03-29,24,579
2024-10-02,P000079,LOC004,452,308.33,S0005,2024-09-08,24,579
2024-11-01,P000079,LOC004,434,325.78,S0005,2024-10-09,24,579
2024-12-01,P000079,LOC004,503,315.38,S0005,2024-11-30,24,579
2024-12-31,P000079,LOC004,452,302.79,S0005,2024-12-17,24,579
2025-01-30,P000079,LOC004,518,327.02,S0005,2025-01-20,24,579
2025-03-01,P000079,LOC004,452,306.02,S0005,2025-02-18,24,579
2025-03-31,P000079,LOC004,419,319.45,S0005,2025-03-06,24,579
2024-10-02,P000079,LOC005,512,302.5,S0005,2024-09-18,24,579
2024-11-01,P000079,LOC005,531,325.75,S0005,2024-10-13,24,579
2024-12-01,P000079,LOC005,459,319.0,S0005,2024-11-01,24,579
2024-12-31,P000079,LOC005,437,324.74,S0005,2024-12-15,24,579
2025-01-30,P000079,LOC005,473,313.65,S0005,2025-01-20,24,579
2025-03-01,P000079,LOC005,475,311.07,S0005,2025-02-27,24,579
2025-03-31,P000079,LOC005,534,307.87,S0005,2025-03-15,24,579
2024-10-02,P000079,LOC006,426,308.94,S0005,2024-10-01,24,579
2024-11-01,P000079,LOC006,539,324.32,S0005,2024-10-24,24,579
2024-12-01,P000079,LOC006,471,319.56,S0005,2024-11-29,24,579
2024-12-31,P000079,LOC006,461,321.95,S0005,2024-12-10,24,579
2025-01-30,P000079,LOC006,425,326.5,S0005,2025-01-14,24,579
2025-03-01,P000079,LOC006,509,296.5,S0005,2025-02-24,24,579
2025-03-31,P000079,LOC006,496,318.9,S0005,2025-03-12,24,579
2024-10-02,P000079,LOC007,546,327.08,S0005,2024-09-16,24,579
2024-11-01,P000079,LOC007,434,310.23,S0005,2024-10-20,24,579
2024-12-01,P000079,LOC007,423,316.87,S0005,2024-11-06,24,579
2024-12-31,P000079,LOC007,505,323.52,S0005,2024-12-03,24,579
2025-01-30,P000079,LOC007,413,301.42,S0005,2025-01-21,24,579
2025-03-01,P000079,LOC007,425,327.54,S0005,2025-02-06,24,579
2025-03-31,P000079,LOC007,528,318.82,S0005,2025-03-30,24,579
2024-10-02,P000079,LOC008,471,307.81,S0005,2024-09-12,24,579
2024-11-01,P000079,LOC008,430,311.65,S0005,2024-10-31,24,579
2024-12-01,P000079,LOC008,455,323.74,S0005,2024-11-02,24,579
2024-12-31,P000079,LOC008,533,308.06,S0005,2024-12-13,24,579
2025-01-30,P000079,LOC008,492,327.35,S0005,2025-01-13,24,579
2025-03-01,P000079,LOC008,519,315.24,S0005,2025-02-08,24,579
2025-03-31,P000079,LOC008,497,310.3,S0005,2025-03-15,24,579
2024-10-02,P000079,LOC009,493,304.86,S0005,2024-09-24,24,579
2024-11-01,P000079,LOC009,542,321.33,S0005,2024-10-18,24,579
2024-12-01,P000079,LOC009,522,304.2,S0005,2024-11-21,24,579
2024-12-31,P000079,LOC009,552,304.21,S0005,2024-12-12,24,579
2025-01-30,P000079,LOC009,429,299.9,S0005,2025-01-04,24,579
2025-03-01,P000079,LOC009,545,313.31,S0005,2025-02-01,24,579
2025-03-31,P000079,LOC009,529,319.73,S0005,2025-03-18,24,579
2024-10-02,P000079,LOC010,417,300.28,S0005,2024-09-11,24,579
2024-11-01,P000079,LOC010,529,312.86,S0005,2024-10-27,24,579
2024-12-01,P000079,LOC010,476,302.53,S0005,2024-11-04,24,579
2024-12-31,P000079,LOC010,549,306.43,S0005,2024-12-23,24,579
2025-01-30,P000079,LOC010,490,325.75,S0005,2025-01-19,24,579
2025-03-01,P000079,LOC010,526,297.94,S0005,2025-02-10,24,579
2025-03-31,P000079,LOC010,445,309.89,S0005,2025-03-16,24,579
2024-10-02,P000079,LOC011,510,303.15,S0005,2024-09-06,24,579
2024-11-01,P000079,LOC011,511,308.67,S0005,2024-10-10,24,579
2024-12-01,P000079,LOC011,441,312.64,S0005,2024-11-22,24,579
2024-12-31,P000079,LOC011,452,304.68,S0005,2024-12-30,24,579
2025-01-30,P000079,LOC011,489,299.7,S0005,2025-01-20,24,579
2025-03-01,P000079,LOC011,534,326.02,S0005,2025-02-15,24,579
2025-03-31,P000079,LOC011,490,324.17,S0005,2025-03-25,24,579
2024-10-02,P000079,LOC012,426,315.22,S0005,2024-09-13,24,579
2024-11-01,P000079,LOC012,488,312.32,S0005,2024-10-07,24,579
2024-12-01,P000079,LOC012,565,302.25,S0005,2024-11-13,24,579
2024-12-31,P000079,LOC012,406,326.0,S0005,2024-12-12,24,579
2025-01-30,P000079,LOC012,547,323.81,S0005,2025-01-22,24,579
2025-03-01,P000079,LOC012,411,320.26,S0005,2025-02-17,24,579
2025-03-31,P000079,LOC012,473,322.12,S0005,2025-03-21,24,579
2024-10-02,P000079,LOC013,516,317.34,S0005,2024-09-11,24,579
2024-11-01,P000079,LOC013,410,301.53,S0005,2024-10-15,24,579
2024-12-01,P000079,LOC013,482,299.64,S0005,2024-11-14,24,579
2024-12-31,P000079,LOC013,474,303.91,S0005,2024-12-25,24,579
2025-01-30,P000079,LOC013,520,318.19,S0005,2025-01-11,24,579
2025-03-01,P000079,LOC013,524,318.81,S0005,2025-02-05,24,579
2025-03-31,P000079,LOC013,470,312.92,S0005,2025-03-27,24,579
2024-10-02,P000079,LOC014,440,312.56,S0005,2024-09-17,24,579
2024-11-01,P000079,LOC014,486,308.52,S0005,2024-10-12,24,579
2024-12-01,P000079,LOC014,407,325.1,S0005,2024-11-27,24,579
2024-12-31,P000079,LOC014,511,302.64,S0005,2024-12-28,24,579
2025-01-30,P000079,LOC014,542,300.31,S0005,2025-01-10,24,579
2025-03-01,P000079,LOC014,424,312.52,S0005,2025-01-31,24,579
2025-03-31,P000079,LOC014,448,305.89,S0005,2025-03-14,24,579
2024-10-02,P000079,LOC015,499,317.42,S0005,2024-09-06,24,579
2024-11-01,P000079,LOC015,418,307.86,S0005,2024-10-21,24,579
2024-12-01,P000079,LOC015,474,315.27,S0005,2024-11-25,24,579
2024-12-31,P000079,LOC015,449,305.52,S0005,2024-12-17,24,579
2025-01-30,P000079,LOC015,507,325.71,S0005,2025-01-14,24,579
2025-03-01,P000079,LOC015,529,308.88,S0005,2025-02-08,24,579
2025-03-31,P000079,LOC015,513,298.41,S0005,2025-03-14,24,579
2024-10-02,P000079,LOC016,408,322.96,S0005,2024-09-17,24,579
2024-11-01,P000079,LOC016,471,305.88,S0005,2024-10-26,24,579
2024-12-01,P000079,LOC016,517,325.31,S0005,2024-11-28,24,579
2024-12-31,P000079,LOC016,531,316.92,S0005,2024-12-07,24,579
2025-01-30,P000079,LOC016,463,309.08,S0005,2025-01-11,24,579
2025-03-01,P000079,LOC016,519,296.56,S0005,2025-02-07,24,579
2025-03-31,P000079,LOC016,458,307.41,S0005,2025-03-16,24,579
2024-10-02,P000079,LOC017,472,311.57,S0005,2024-09-02,24,579
2024-11-01,P000079,LOC017,496,307.91,S0005,2024-10-17,24,579
2024-12-01,P000079,LOC017,529,326.59,S0005,2024-11-27,24,579
2024-12-31,P000079,LOC017,415,327.18,S0005,2024-12-22,24,579
2025-01-30,P000079,LOC017,534,314.46,S0005,2025-01-20,24,579
2025-03-01,P000079,LOC017,453,327.33,S0005,2025-02-19,24,579
2025-03-31,P000079,LOC017,410,324.17,S0005,2025-03-20,24,579
2024-10-02,P000079,LOC018,466,324.65,S0005,2024-09-17,24,579
2024-11-01,P000079,LOC018,444,302.21,S0005,2024-10-10,24,579
2024-12-01,P000079,LOC018,542,305.09,S0005,2024-11-29,24,579
2024-12-31,P000079,LOC018,483,302.27,S0005,2024-12-14,24,579
2025-01-30,P000079,LOC018,520,321.97,S0005,2025-01-01,24,579
2025-03-01,P000079,LOC018,519,314.03,S0005,2025-02-28,24,579
2025-03-31,P000079,LOC018,417,326.34,S0005,2025-03-03,24,579
2024-10-02,P000079,LOC019,532,299.87,S0005,2024-09-06,24,579
2024-11-01,P000079,LOC019,511,313.18,S0005,2024-10-14,24,579
2024-12-01,P000079,LOC019,413,298.91,S0005,2024-11-13,24,579
2024-12-31,P000079,LOC019,542,321.38,S0005,2024-12-30,24,579
2025-01-30,P000079,LOC019,502,308.46,S0005,2025-01-03,24,579
2025-03-01,P000079,LOC019,533,307.1,S0005,2025-02-17,24,579
2025-03-31,P000079,LOC019,421,305.16,S0005,2025-03-29,24,579
2024-10-02,P000079,LOC020,458,320.83,S0005,2024-09-11,24,579
2024-11-01,P000079,LOC020,494,325.01,S0005,2024-10-30,24,579
2024-12-01,P000079,LOC020,458,304.9,S0005,2024-11-10,24,579
2024-12-31,P000079,LOC020,430,327.56,S0005,2024-12-19,24,579
2025-01-30,P000079,LOC020,486,305.9,S0005,2025-01-04,24,579
2025-03-01,P000079,LOC020,414,304.84,S0005,2025-02-02,24,579
2025-03-31,P000079,LOC020,507,325.83,S0005,2025-03-06,24,579
2024-10-02,P000080,LOC001,399,247.91,S0030,2024-09-05,42,1146
2024-11-01,P000080,LOC001,414,241.42,S0030,2024-10-11,42,1146
2024-12-01,P000080,LOC001,440,254.45,S0030,2024-11-27,42,1146
2024-12-31,P000080,LOC001,529,265.99,S0030,2024-12-30,42,1146
2025-01-30,P000080,LOC001,595,251.09,S0030,2025-01-01,42,1146
2025-03-01,P000080,LOC001,549,252.38,S0030,2025-02-27,42,1146
2025-03-31,P000080,LOC001,615,247.89,S0030,2025-03-22,42,1146
2024-10-02,P000080,LOC002,431,247.38,S0030,2024-09-24,42,1146
2024-11-01,P000080,LOC002,422,254.14,S0030,2024-10-11,42,1146
2024-12-01,P000080,LOC002,385,245.94,S0030,2024-11-08,42,1146
2024-12-31,P000080,LOC002,457,265.09,S0030,2024-12-30,42,1146
2025-01-30,P000080,LOC002,415,242.18,S0030,2025-01-02,42,1146
2025-03-01,P000080,LOC002,492,244.2,S0030,2025-02-27,42,1146
2025-03-31,P000080,LOC002,445,244.89,S0030,2025-03-24,42,1146
2024-10-02,P000080,LOC003,449,247.52,S0030,2024-09-30,42,1146
2024-11-01,P000080,LOC003,431,241.56,S0030,2024-10-05,42,1146
2024-12-01,P000080,LOC003,509,250.26,S0030,2024-11-19,42,1146
2024-12-31,P000080,LOC003,506,251.02,S0030,2024-12-07,42,1146
2025-01-30,P000080,LOC003,540,259.08,S0030,2025-01-13,42,1146
2025-03-01,P000080,LOC003,517,251.95,S0030,2025-02-26,42,1146
2025-03-31,P000080,LOC003,563,249.46,S0030,2025-03-08,42,1146
2024-10-02,P000080,LOC004,390,250.95,S0030,2024-09-22,42,1146
2024-11-01,P000080,LOC004,404,243.12,S0030,2024-10-31,42,1146
2024-12-01,P000080,LOC004,467,249.95,S0030,2024-11-24,42,1146
2024-12-31,P000080,LOC004,524,255.51,S0030,2024-12-08,42,1146
2025-01-30,P000080,LOC004,570,254.11,S0030,2025-01-03,42,1146
2025-03-01,P000080,LOC004,662,245.47,S0030,2025-02-25,42,1146
2025-03-31,P000080,LOC004,650,250.74,S0030,2025-03-21,42,1146
2024-10-02,P000080,LOC005,445,243.74,S0030,2024-09-16,42,1146
2024-11-01,P000080,LOC005,414,247.01,S0030,2024-10-23,42,1146
2024-12-01,P000080,LOC005,383,242.25,S0030,2024-11-11,42,1146
2024-12-31,P000080,LOC005,455,258.95,S0030,2024-12-28,42,1146
2025-01-30,P000080,LOC005,452,244.71,S0030,2025-01-25,42,1146
2025-03-01,P000080,LOC005,419,248.4,S0030,2025-02-18,42,1146
2025-03-31,P000080,LOC005,422,255.81,S0030,2025-03-05,42,1146
2024-10-02,P000080,LOC006,452,253.43,S0030,2024-09-12,42,1146
2024-11-01,P000080,LOC006,501,253.63,S0030,2024-10-18,42,1146
2024-12-01,P000080,LOC006,523,258.7,S0030,2024-11-15,42,1146
2024-12-31,P000080,LOC006,613,245.86,S0030,2024-12-09,42,1146
2025-01-30,P000080,LOC006,577,263.91,S0030,2025-01-28,42,1146
2025-03-01,P000080,LOC006,612,261.93,S0030,2025-02-23,42,1146
2025-03-31,P000080,LOC006,585,263.49,S0030,2025-03-10,42,1146
2024-10-02,P000080,LOC007,448,246.98,S0030,2024-09-02,42,1146
2024-11-01,P000080,LOC007,459,265.82,S0030,2024-10-23,42,1146
2024-12-01,P000080,LOC007,472,252.2,S0030,2024-11-19,42,1146
2024-12-31,P000080,LOC007,479,251.55,S0030,2024-12-14,42,1146
2025-01-30,P000080,LOC007,540,243.13,S0030,2025-01-26,42,1146
2025-03-01,P000080,LOC007,515,247.57,S0030,2025-02-02,42,1146
2025-03-31,P000080,LOC007,511,242.49,S0030,2025-03-01,42,1146
2024-10-02,P000080,LOC008,510,255.24,S0030,2024-09-29,42,1146
2024-11-01,P000080,LOC008,602,257.74,S0030,2024-10-14,42,1146
2024-12-01,P000080,LOC008,560,263.18,S0030,2024-11-08,42,1146
2024-12-31,P000080,LOC008,588,244.92,S0030,2024-12-06,42,1146
2025-01-30,P000080,LOC008,603,245.54,S0030,2024-12-31,42,1146
2025-03-01,P000080,LOC008,658,245.77,S0030,2025-02-27,42,1146
2025-03-31,P000080,LOC008,729,244.57,S0030,2025-03-25,42,1146
2024-10-02,P000080,LOC009,467,247.49,S0030,2024-09-29,42,1146
2024-11-01,P000080,LOC009,458,255.34,S0030,2024-10-14,42,1146
2024-12-01,P000080,LOC009,462,255.65,S0030,2024-11-26,42,1146
2024-12-31,P000080,LOC009,511,253.38,S0030,2024-12-06,42,1146
2025-01-30,P000080,LOC009,473,263.05,S0030,2025-01-03,42,1146
2025-03-01,P000080,LOC009,482,244.83,S0030,2025-02-10,42,1146
2025-03-31,P000080,LOC009,477,265.47,S0030,2025-03-24,42,1146
2024-10-02,P000080,LOC010,389,259.69,S0030,2024-09-26,42,1146
2024-11-01,P000080,LOC010,396,241.33,S0030,2024-10-25,42,1146
2024-12-01,P000080,LOC010,468,247.19,S0030,2024-11-22,42,1146
2024-12-31,P000080,LOC010,422,259.04,S0030,2024-12-20,42,1146
2025-01-30,P000080,LOC010,512,259.6,S0030,2025-01-13,42,1146
2025-03-01,P000080,LOC010,533,255.8,S0030,2025-02-26,42,1146
2025-03-31,P000080,LOC010,557,243.84,S0030,2025-03-28,42,1146
2024-10-02,P000080,LOC011,428,252.06,S0030,2024-09-03,42,1146
2024-11-01,P000080,LOC011,497,262.61,S0030,2024-10-20,42,1146
2024-12-01,P000080,LOC011,507,265.66,S0030,2024-11-07,42,1146
2024-12-31,P000080,LOC011,544,242.37,S0030,2024-12-07,42,1146
2025-01-30,P000080,LOC011,570,241.22,S0030,2025-01-08,42,1146
2025-03-01,P000080,LOC011,536,241.3,S0030,2025-02-14,42,1146
2025-03-31,P000080,LOC011,525,259.55,S0030,2025-03-13,42,1146
2024-10-02,P000080,LOC012,374,252.15,S0030,2024-09-22,42,1146
2024-11-01,P000080,LOC012,356,242.27,S0030,2024-10-29,42,1146
2024-12-01,P000080,LOC012,451,266.37,S0030,2024-11-24,42,1146
2024-12-31,P000080,LOC012,434,246.25,S0030,2024-12-12,42,1146
2025-01-30,P000080,LOC012,405,261.36,S0030,2025-01-07,42,1146
2025-03-01,P000080,LOC012,362,251.88,S0030,2025-02-21,42,1146
2025-03-31,P000080,LOC012,431,262.43,S0030,2025-03-26,42,1146
2024-10-02,P000080,LOC013,436,245.92,S0030,2024-09-20,42,1146
2024-11-01,P000080,LOC013,473,256.48,S0030,2024-10-09,42,1146
2024-12-01,P000080,LOC013,472,254.06,S0030,2024-11-27,42,1146
2024-12-31,P000080,LOC013,538,257.33,S0030,2024-12-21,42,1146
2025-01-30,P000080,LOC013,636,253.44,S0030,2025-01-15,42,1146
2025-03-01,P000080,LOC013,668,258.78,S0030,2025-02-19,42,1146
2025-03-31,P000080,LOC013,738,242.07,S0030,2025-03-05,42,1146
2024-10-02,P000080,LOC014,371,266.5,S0030,2024-09-16,42,1146
2024-11-01,P000080,LOC014,329,264.33,S0030,2024-10-29,42,1146
2024-12-01,P000080,LOC014,325,256.02,S0030,2024-11-26,42,1146
2024-12-31,P000080,LOC014,425,260.46,S0030,2024-12-07,42,1146
2025-01-30,P000080,LOC014,460,249.5,S0030,2025-01-04,42,1146
2025-03-01,P000080,LOC014,490,261.44,S0030,2025-02-01,42,1146
2025-03-31,P000080,LOC014,551,249.5,S0030,2025-03-27,42,1146
2024-10-02,P000080,LOC015,456,248.76,S0030,2024-09-09,42,1146
2024-11-01,P000080,LOC015,477,262.67,S0030,2024-10-28,42,1146
2024-12-01,P000080,LOC015,577,247.73,S0030,2024-11-01,42,1146
2024-12-31,P000080,LOC015,556,246.98,S0030,2024-12-28,42,1146
2025-01-30,P000080,LOC015,551,241.58,S0030,2025-01-20,42,1146
2025-03-01,P000080,LOC015,532,247.41,S0030,2025-02-19,42,1146
2025-03-31,P000080,LOC015,614,261.68,S0030,2025-03-23,42,1146
2024-10-02,P000080,LOC016,484,261.4,S0030,2024-09-20,42,1146
2024-11-01,P000080,LOC016,505,242.19,S0030,2024-10-24,42,1146
2024-12-01,P000080,LOC016,583,249.87,S0030,2024-11-05,42,1146
2024-12-31,P000080,LOC016,643,253.15,S0030,2024-12-30,42,1146
2025-01-30,P000080,LOC016,713,259.51,S0030,2025-01-27,42,1146
2025-03-01,P000080,LOC016,799,245.32,S0030,2025-02-10,42,1146
2025-03-31,P000080,LOC016,776,250.55,S0030,2025-03-28,42,1146
2024-10-02,P000080,LOC017,371,252.35,S0030,2024-09-02,42,1146
2024-11-01,P000080,LOC017,448,248.04,S0030,2024-10-10,42,1146
2024-12-01,P000080,LOC017,436,252.27,S0030,2024-11-20,42,1146
2024-12-31,P000080,LOC017,509,250.61,S0030,2024-12-06,42,1146
2025-01-30,P000080,LOC017,547,251.16,S0030,2025-01-17,42,1146
2025-03-01,P000080,LOC017,595,242.35,S0030,2025-02-22,42,1146
2025-03-31,P000080,LOC017,610,244.94,S0030,2025-03-28,42,1146
2024-10-02,P000080,LOC018,407,261.37,S0030,2024-09-29,42,1146
2024-11-01,P000080,LOC018,432,251.15,S0030,2024-10-03,42,1146
2024-12-01,P000080,LOC018,434,242.48,S0030,2024-11-09,42,1146
2024-12-31,P000080,LOC018,466,258.37,S0030,2024-12-06,42,1146
2025-01-30,P000080,LOC018,466,263.48,S0030,2025-01-06,42,1146
2025-03-01,P000080,LOC018,527,262.5,S0030,2025-02-02,42,1146
2025-03-31,P000080,LOC018,489,259.76,S0030,2025-03-30,42,1146
2024-10-02,P000080,LOC019,392,263.36,S0030,2024-09-18,42,1146
2024-11-01,P000080,LOC019,443,256.56,S0030,2024-10-24,42,1146
2024-12-01,P000080,LOC019,427,264.4,S0030,2024-11-18,42,1146
2024-12-31,P000080,LOC019,422,254.55,S0030,2024-12-11,42,1146
2025-01-30,P000080,LOC019,511,260.76,S0030,2025-01-07,42,1146
2025-03-01,P000080,LOC019,606,258.09,S0030,2025-02-21,42,1146
2025-03-31,P000080,LOC019,592,258.18,S0030,2025-03-16,42,1146
2024-10-02,P000080,LOC020,376,263.61,S0030,2024-09-04,42,1146
2024-11-01,P000080,LOC020,469,266.42,S0030,2024-10-31,42,1146
2024-12-01,P000080,LOC020,511,246.05,S0030,2024-11-30,42,1146
2024-12-31,P000080,LOC020,493,248.41,S0030,2024-12-30,42,1146
2025-01-30,P000080,LOC020,464,262.76,S0030,2025-01-14,42,1146
2025-03-01,P000080,LOC020,527,252.01,S0030,2025-02-19,42,1146
2025-03-31,P000080,LOC020,604,259.29,S0030,2025-03-24,42,1146
2024-10-02,P000081,LOC001,555,478.36,S0004,2024-09-10,47,941
2024-11-01,P000081,LOC001,650,488.72,S0004,2024-10-19,47,941
2024-12-01,P000081,LOC001,660,501.63,S0004,2024-11-29,47,941
2024-12-31,P000081,LOC001,726,497.67,S0004,2024-12-11,47,941
2025-01-30,P000081,LOC001,783,499.29,S0004,2025-01-10,47,941
2025-03-01,P000081,LOC001,837,511.62,S0004,2025-02-01,47,941
2025-03-31,P000081,LOC001,900,495.21,S0004,2025-03-04,47,941
2024-10-02,P000081,LOC002,562,481.06,S0004,2024-09-04,47,941
2024-11-01,P000081,LOC002,581,469.92,S0004,2024-10-20,47,941
2024-12-01,P000081,LOC002,643,500.55,S0004,2024-11-30,47,941
2024-12-31,P000081,LOC002,613,507.11,S0004,2024-12-30,47,941
2025-01-30,P000081,LOC002,639,474.93,S0004,2025-01-27,47,941
2025-03-01,P000081,LOC002,720,481.55,S0004,2025-02-27,47,941
2025-03-31,P000081,LOC002,769,481.56,S0004,2025-03-24,47,941
2024-10-02,P000081,LOC003,624,506.42,S0004,2024-09-13,47,941
2024-11-01,P000081,LOC003,663,481.46,S0004,2024-10-04,47,941
2024-12-01,P000081,LOC003,758,483.65,S0004,2024-11-19,47,941
2024-12-31,P000081,LOC003,777,487.5,S0004,2024-12-26,47,941
2025-01-30,P000081,LOC003,787,508.92,S0004,2025-01-07,47,941
2025-03-01,P000081,LOC003,768,471.29,S0004,2025-02-03,47,941
2025-03-31,P000081,LOC003,779,507.03,S0004,2025-03-27,47,941
2024-10-02,P000081,LOC004,589,486.28,S0004,2024-09-24,47,941
2024-11-01,P000081,LOC004,596,500.94,S0004,2024-10-19,47,941
2024-12-01,P000081,LOC004,569,493.92,S0004,2024-11-11,47,941
2024-12-31,P000081,LOC004,576,470.77,S0004,2024-12-21,47,941
2025-01-30,P000081,LOC004,539,501.22,S0004,2025-01-09,47,941
2025-03-01,P000081,LOC004,504,494.8,S0004,2025-02-17,47,941
2025-03-31,P000081,LOC004,604,478.03,S0004,2025-03-08,47,941
2024-10-02,P000081,LOC005,614,477.67,S0004,2024-09-03,47,941
2024-11-01,P000081,LOC005,589,475.95,S0004,2024-10-29,47,941
2024-12-01,P000081,LOC005,616,467.22,S0004,2024-11-08,47,941
2024-12-31,P000081,LOC005,660,514.83,S0004,2024-12-16,47,941
2025-01-30,P000081,LOC005,758,491.91,S0004,2025-01-09,47,941
2025-03-01,P000081,LOC005,856,486.72,S0004,2025-02-13,47,941
2025-03-31,P000081,LOC005,930,511.76,S0004,2025-03-09,47,941
2024-10-02,P000081,LOC006,608,509.47,S0004,2024-09-05,47,941
2024-11-01,P000081,LOC006,568,499.07,S0004,2024-10-11,47,941
2024-12-01,P000081,LOC006,644,506.26,S0004,2024-11-15,47,941
2024-12-31,P000081,LOC006,619,507.58,S0004,2024-12-05,47,941
2025-01-30,P000081,LOC006,694,515.31,S0004,2025-01-03,47,941
2025-03-01,P000081,LOC006,762,508.51,S0004,2025-02-25,47,941
2025-03-31,P000081,LOC006,776,480.52,S0004,2025-03-05,47,941
2024-10-02,P000081,LOC007,619,498.29,S0004,2024-09-08,47,941
2024-11-01,P000081,LOC007,645,494.38,S0004,2024-10-13,47,941
2024-12-01,P000081,LOC007,742,499.97,S0004,2024-11-18,47,941
2024-12-31,P000081,LOC007,755,490.35,S0004,2024-12-02,47,941
2025-01-30,P000081,LOC007,706,500.78,S0004,2025-01-17,47,941
2025-03-01,P000081,LOC007,763,483.24,S0004,2025-02-20,47,941
2025-03-31,P000081,LOC007,811,510.73,S0004,2025-03-14,47,941
2024-10-02,P000081,LOC008,676,497.62,S0004,2024-09-25,47,941
2024-11-01,P000081,LOC008,661,509.75,S0004,2024-10-19,47,941
2024-12-01,P000081,LOC008,687,475.7,S0004,2024-11-15,47,941
2024-12-31,P000081,LOC008,741,494.72,S0004,2024-12-12,47,941
2025-01-30,P000081,LOC008,742,501.84,S0004,2025-01-18,47,941
2025-03-01,P000081,LOC008,802,486.92,S0004,2025-02-07,47,941
2025-03-31,P000081,LOC008,775,468.36,S0004,2025-03-20,47,941
2024-10-02,P000081,LOC009,661,505.35,S0004,2024-09-28,47,941
2024-11-01,P000081,LOC009,693,469.91,S0004,2024-10-12,47,941
2024-12-01,P000081,LOC009,741,510.1,S0004,2024-11-30,47,941
2024-12-31,P000081,LOC009,804,477.35,S0004,2024-12-14,47,941
2025-01-30,P000081,LOC009,804,470.99,S0004,2025-01-17,47,941
2025-03-01,P000081,LOC009,839,501.31,S0004,2025-02-07,47,941
2025-03-31,P000081,LOC009,858,477.61,S0004,2025-03-14,47,941
2024-10-02,P000081,LOC010,676,511.03,S0004,2024-09-20,47,941
2024-11-01,P000081,LOC010,687,476.62,S0004,2024-10-18,47,941
2024-12-01,P000081,LOC010,737,490.46,S0004,2024-11-19,47,941
2024-12-31,P000081,LOC010,746,512.77,S0004,2024-12-20,47,941
2025-01-30,P000081,LOC010,767,496.65,S0004,2025-01-03,47,941
2025-03-01,P000081,LOC010,804,497.64,S0004,2025-02-14,47,941
2025-03-31,P000081,LOC010,815,498.21,S0004,2025-03-04,47,941
2024-10-02,P000081,LOC011,647,474.8,S0004,2024-09-13,47,941
2024-11-01,P000081,LOC011,637,481.48,S0004,2024-10-31,47,941
2024-12-01,P000081,LOC011,718,499.13,S0004,2024-11-16,47,941
2024-12-31,P000081,LOC011,776,506.09,S0004,2024-12-29,47,941
2025-01-30,P000081,LOC011,802,494.21,S0004,2025-01-08,47,941
2025-03-01,P000081,LOC011,902,501.71,S0004,2025-02-13,47,941
2025-03-31,P000081,LOC011,856,511.97,S0004,2025-03-18,47,941
2024-10-02,P000081,LOC012,642,476.48,S0004,2024-09-20,47,941
2024-11-01,P000081,LOC012,602,476.12,S0004,2024-10-19,47,941
2024-12-01,P000081,LOC012,589,484.91,S0004,2024-11-16,47,941
2024-12-31,P000081,LOC012,559,513.81,S0004,2024-12-14,47,941
2025-01-30,P000081,LOC012,512,504.88,S0004,2025-01-23,47,941
2025-03-01,P000081,LOC012,534,502.06,S0004,2025-02-25,47,941
2025-03-31,P000081,LOC012,615,476.65,S0004,2025-03-29,47,941
2024-10-02,P000081,LOC013,641,486.12,S0004,2024-09-22,47,941
2024-11-01,P000081,LOC013,701,504.56,S0004,2024-10-24,47,941
2024-12-01,P000081,LOC013,727,478.09,S0004,2024-11-18,47,941
2024-12-31,P000081,LOC013,784,511.2,S0004,2024-12-15,47,941
2025-01-30,P000081,LOC013,777,490.27,S0004,2025-01-02,47,941
2025-03-01,P000081,LOC013,776,478.83,S0004,2025-02-23,47,941
2025-03-31,P000081,LOC013,776,508.98,S0004,2025-03-12,47,941
2024-10-02,P000081,LOC014,583,515.46,S0004,2024-09-15,47,941
2024-11-01,P000081,LOC014,538,506.29,S0004,2024-10-08,47,941
2024-12-01,P000081,LOC014,518,484.63,S0004,2024-11-09,47,941
2024-12-31,P000081,LOC014,520,494.22,S0004,2024-12-24,47,941
2025-01-30,P000081,LOC014,590,502.55,S0004,2025-01-12,47,941
2025-03-01,P000081,LOC014,669,507.42,S0004,2025-02-12,47,941
2025-03-31,P000081,LOC014,625,506.4,S0004,2025-03-19,47,941
2024-10-02,P000081,LOC015,603,502.49,S0004,2024-09-12,47,941
2024-11-01,P000081,LOC015,556,470.19,S0004,2024-10-21,47,941
2024-12-01,P000081,LOC015,617,499.09,S0004,2024-11-10,47,941
2024-12-31,P000081,LOC015,655,497.26,S0004,2024-12-17,47,941
2025-01-30,P000081,LOC015,690,471.25,S0004,2025-01-10,47,941
2025-03-01,P000081,LOC015,777,474.87,S0004,2025-02-02,47,941
2025-03-31,P000081,LOC015,743,496.82,S0004,2025-03-04,47,941
2024-10-02,P000081,LOC016,566,482.92,S0004,2024-09-30,47,941
2024-11-01,P000081,LOC016,618,489.29,S0004,2024-10-14,47,941
2024-12-01,P000081,LOC016,605,471.55,S0004,2024-11-05,47,941
2024-12-31,P000081,LOC016,572,505.01,S0004,2024-12-18,47,941
2025-01-30,P000081,LOC016,620,512.08,S0004,2025-01-04,47,941
2025-03-01,P000081,LOC016,608,478.05,S0004,2025-02-13,47,941
2025-03-31,P000081,LOC016,635,489.0,S0004,2025-03-07,47,941
2024-10-02,P000081,LOC017,572,502.9,S0004,2024-09-14,47,941
2024-11-01,P000081,LOC017,657,493.52,S0004,2024-10-25,47,941
2024-12-01,P000081,LOC017,652,481.98,S0004,2024-11-19,47,941
2024-12-31,P000081,LOC017,681,497.23,S0004,2024-12-05,47,941
2025-01-30,P000081,LOC017,732,469.43,S0004,2025-01-13,47,941
2025-03-01,P000081,LOC017,756,508.48,S0004,2025-02-20,47,941
2025-03-31,P000081,LOC017,755,513.11,S0004,2025-03-04,47,941
2024-10-02,P000081,LOC018,673,499.97,S0004,2024-09-12,47,941
2024-11-01,P000081,LOC018,749,505.84,S0004,2024-10-12,47,941
2024-12-01,P000081,LOC018,764,504.34,S0004,2024-11-11,47,941
2024-12-31,P000081,LOC018,788,492.34,S0004,2024-12-18,47,941
2025-01-30,P000081,LOC018,846,508.49,S0004,2025-01-14,47,941
2025-03-01,P000081,LOC018,809,480.3,S0004,2025-02-10,47,941
2025-03-31,P000081,LOC018,827,511.92,S0004,2025-03-24,47,941
2024-10-02,P000081,LOC019,582,488.39,S0004,2024-09-06,47,941
2024-11-01,P000081,LOC019,636,478.91,S0004,2024-10-04,47,941
2024-12-01,P000081,LOC019,694,477.82,S0004,2024-11-13,47,941
2024-12-31,P000081,LOC019,793,496.51,S0004,2024-12-11,47,941
2025-01-30,P000081,LOC019,831,488.7,S0004,2025-01-14,47,941
2025-03-01,P000081,LOC019,906,484.35,S0004,2025-02-20,47,941
2025-03-31,P000081,LOC019,900,474.57,S0004,2025-03-06,47,941
2024-10-02,P000081,LOC020,557,513.25,S0004,2024-09-09,47,941
2024-11-01,P000081,LOC020,574,472.4,S0004,2024-10-13,47,941
2024-12-01,P000081,LOC020,558,511.61,S0004,2024-11-24,47,941
2024-12-31,P000081,LOC020,514,472.07,S0004,2024-12-15,47,941
2025-01-30,P000081,LOC020,529,469.92,S0004,2025-01-20,47,941
2025-03-01,P000081,LOC020,580,473.83,S0004,2025-02-28,47,941
2025-03-31,P000081,LOC020,594,491.83,S0004,2025-03-06,47,941
2024-10-02,P000082,LOC001,0,452.23,S0005,2024-09-29,13,451
2024-11-01,P000082,LOC001,29,457.22,S0005,2024-10-28,13,451
2024-12-01,P000082,LOC001,124,464.13,S0005,2024-11-12,13,451
2024-12-31,P000082,LOC001,106,455.59,S0005,2024-12-14,13,451
2025-01-30,P000082,LOC001,130,467.04,S0005,2025-01-28,13,451
2025-03-01,P000082,LOC001,151,441.59,S0005,2025-02-06,13,451
2025-03-31,P000082,LOC001,123,445.47,S0005,2025-03-10,13,451
2024-10-02,P000082,LOC002,23,444.52,S0005,2024-09-10,13,451
2024-11-01,P000082,LOC002,0,442.6,S0005,2024-10-24,13,451
2024-12-01,P000082,LOC002,78,469.24,S0005,2024-11-14,13,451
2024-12-31,P000082,LOC002,161,465.38,S0005,2024-12-25,13,451
2025-01-30,P000082,LOC002,198,462.97,S0005,2025-01-12,13,451
2025-03-01,P000082,LOC002,268,449.78,S0005,2025-02-09,13,451
2025-03-31,P000082,LOC002,359,433.76,S0005,2025-03-25,13,451
2024-10-02,P000082,LOC003,0,461.8,S0005,2024-09-27,13,451
2024-11-01,P000082,LOC003,24,474.79,S0005,2024-10-28,13,451
2024-12-01,P000082,LOC003,18,467.01,S0005,2024-11-07,13,451
2024-12-31,P000082,LOC003,105,433.7,S0005,2024-12-10,13,451
2025-01-30,P000082,LOC003,58,471.34,S0005,2025-01-20,13,451
2025-03-01,P000082,LOC003,46,460.57,S0005,2025-02-15,13,451
2025-03-31,P000082,LOC003,27,451.32,S0005,2025-03-03,13,451
2024-10-02,P000082,LOC004,0,431.33,S0005,2024-09-27,13,451
2024-11-01,P000082,LOC004,50,475.79,S0005,2024-10-08,13,451
2024-12-01,P000082,LOC004,146,434.45,S0005,2024-11-06,13,451
2024-12-31,P000082,LOC004,226,461.61,S0005,2024-12-11,13,451
2025-01-30,P000082,LOC004,258,456.26,S0005,2025-01-15,13,451
2025-03-01,P000082,LOC004,277,447.24,S0005,2025-02-24,13,451
2025-03-31,P000082,LOC004,293,466.16,S0005,2025-03-08,13,451
2024-10-02,P000082,LOC005,96,438.39,S0005,2024-09-03,13,451
2024-11-01,P000082,LOC005,172,471.19,S0005,2024-10-23,13,451
2024-12-01,P000082,LOC005,138,455.46,S0005,2024-11-25,13,451
2024-12-31,P000082,LOC005,143,454.54,S0005,2024-12-19,13,451
2025-01-30,P000082,LOC005,147,432.52,S0005,2025-01-20,13,451
2025-03-01,P000082,LOC005,101,442.53,S0005,2025-02-08,13,451
2025-03-31,P000082,LOC005,80,473.41,S0005,2025-03-09,13,451
2024-10-02,P000082,LOC006,0,431.75,S0005,2024-09-16,13,451
2024-11-01,P000082,LOC006,35,468.15,S0005,2024-10-19,13,451
2024-12-01,P000082,LOC006,0,466.5,S0005,2024-11-27,13,451
2024-12-31,P000082,LOC006,0,459.77,S0005,2024-12-15,13,451
2025-01-30,P000082,LOC006,0,472.87,S0005,2025-01-12,13,451
2025-03-01,P000082,LOC006,0,475.98,S0005,2025-02-22,13,451
2025-03-31,P000082,LOC006,0,431.1,S0005,2025-03-09,13,451
2024-10-02,P000082,LOC007,42,470.59,S0005,2024-09-06,13,451
2024-11-01,P000082,LOC007,51,460.82,S0005,2024-10-26,13,451
2024-12-01,P000082,LOC007,74,453.35,S0005,2024-11-09,13,451
2024-12-31,P000082,LOC007,124,475.85,S0005,2024-12-09,13,451
2025-01-30,P000082,LOC007,167,438.89,S0005,2025-01-05,13,451
2025-03-01,P000082,LOC007,192,447.6,S0005,2025-02-07,13,451
2025-03-31,P000082,LOC007,187,475.51,S0005,2025-03-03,13,451
2024-10-02,P000082,LOC008,3,456.57,S0005,2024-09-02,13,451
2024-11-01,P000082,LOC008,0,432.88,S0005,2024-10-12,13,451
2024-12-01,P000082,LOC008,6,473.89,S0005,2024-11-30,13,451
2024-12-31,P000082,LOC008,99,446.76,S0005,2024-12-03,13,451
2025-01-30,P000082,LOC008,71,474.51,S0005,2025-01-08,13,451
2025-03-01,P000082,LOC008,125,436.71,S0005,2025-02-16,13,451
2025-03-31,P000082,LOC008,164,475.7,S0005,2025-03-24,13,451
2024-10-02,P000082,LOC009,0,468.78,S0005,2024-09-13,13,451
2024-11-01,P000082,LOC009,4,459.82,S0005,2024-10-05,13,451
2024-12-01,P000082,LOC009,56,431.27,S0005,2024-11-06,13,451
2024-12-31,P000082,LOC009,75,445.29,S0005,2024-12-10,13,451
2025-01-30,P000082,LOC009,161,474.24,S0005,2025-01-08,13,451
2025-03-01,P000082,LOC009,231,456.98,S0005,2025-02-27,13,451
2025-03-31,P000082,LOC009,302,467.18,S0005,2025-03-07,13,451
2024-10-02,P000082,LOC010,87,439.78,S0005,2024-09-03,13,451
2024-11-01,P000082,LOC010,150,442.21,S0005,2024-10-24,13,451
2024-12-01,P000082,LOC010,100,470.85,S0005,2024-11-22,13,451
2024-12-31,P000082,LOC010,52,459.23,S0005,2024-12-15,13,451
2025-01-30,P000082,LOC010,106,465.3,S0005,2025-01-13,13,451
2025-03-01,P000082,LOC010,135,443.91,S0005,2025-02-14,13,451
2025-03-31,P000082,LOC010,116,432.37,S0005,2025-03-25,13,451
2024-10-02,P000082,LOC011,9,436.34,S0005,2024-09-13,13,451
2024-11-01,P000082,LOC011,86,438.54,S0005,2024-10-30,13,451
2024-12-01,P000082,LOC011,181,453.25,S0005,2024-11-15,13,451
2024-12-31,P000082,LOC011,227,470.96,S0005,2024-12-29,13,451
2025-01-30,P000082,LOC011,309,444.06,S0005,2025-01-09,13,451
2025-03-01,P000082,LOC011,308,475.43,S0005,2025-02-25,13,451
2025-03-31,P000082,LOC011,302,450.46,S0005,2025-03-04,13,451
2024-10-02,P000082,LOC012,61,475.32,S0005,2024-09-26,13,451
2024-11-01,P000082,LOC012,139,473.6,S0005,2024-10-19,13,451
2024-12-01,P000082,LOC012,157,446.19,S0005,2024-11-04,13,451
2024-12-31,P000082,LOC012,107,465.05,S0005,2024-12-24,13,451
2025-01-30,P000082,LOC012,84,443.7,S0005,2025-01-27,13,451
2025-03-01,P000082,LOC012,54,465.91,S0005,2025-02-23,13,451
2025-03-31,P000082,LOC012,12,439.49,S0005,2025-03-15,13,451
2024-10-02,P000082,LOC013,65,463.74,S0005,2024-09-30,13,451
2024-11-01,P000082,LOC013,115,451.32,S0005,2024-10-12,13,451
2024-12-01,P000082,LOC013,151,437.54,S0005,2024-11-14,13,451
2024-12-31,P000082,LOC013,145,434.57,S0005,2024-12-22,13,451
2025-01-30,P000082,LOC013,108,444.28,S0005,2025-01-18,13,451
2025-03-01,P000082,LOC013,196,459.65,S0005,2025-02-24,13,451
2025-03-31,P000082,LOC013,265,474.02,S0005,2025-03-29,13,451
2024-10-02,P000082,LOC014,77,441.61,S0005,2024-09-16,13,451
2024-11-01,P000082,LOC014,45,455.54,S0005,2024-10-22,13,451
2024-12-01,P000082,LOC014,65,465.59,S0005,2024-11-05,13,451
2024-12-31,P000082,LOC014,102,471.65,S0005,2024-12-09,13,451
2025-01-30,P000082,LOC014,156,447.47,S0005,2025-01-23,13,451
2025-03-01,P000082,LOC014,237,443.66,S0005,2025-02-26,13,451
2025-03-31,P000082,LOC014,238,469.55,S0005,2025-03-13,13,451
2024-10-02,P000082,LOC015,59,448.57,S0005,2024-09-21,13,451
2024-11-01,P000082,LOC015,155,449.15,S0005,2024-10-02,13,451
2024-12-01,P000082,LOC015,144,444.74,S0005,2024-11-11,13,451
2024-12-31,P000082,LOC015,153,456.06,S0005,2024-12-05,13,451
2025-01-30,P000082,LOC015,168,455.18,S0005,2025-01-06,13,451
2025-03-01,P000082,LOC015,217,443.63,S0005,2025-01-30,13,451
2025-03-31,P000082,LOC015,275,446.86,S0005,2025-03-08,13,451
2024-10-02,P000082,LOC016,0,463.62,S0005,2024-09-21,13,451
2024-11-01,P000082,LOC016,0,436.81,S0005,2024-10-28,13,451
2024-12-01,P000082,LOC016,40,446.7,S0005,2024-11-21,13,451
2024-12-31,P000082,LOC016,132,441.83,S0005,2024-12-17,13,451
2025-01-30,P000082,LOC016,94,466.37,S0005,2025-01-13,13,451
2025-03-01,P000082,LOC016,116,432.35,S0005,2025-01-31,13,451
2025-03-31,P000082,LOC016,171,437.5,S0005,2025-03-07,13,451
2024-10-02,P000082,LOC017,0,444.26,S0005,2024-09-06,13,451
2024-11-01,P000082,LOC017,76,463.62,S0005,2024-10-29,13,451
2024-12-01,P000082,LOC017,67,441.22,S0005,2024-11-18,13,451
2024-12-31,P000082,LOC017,155,437.05,S0005,2024-12-24,13,451
2025-01-30,P000082,LOC017,231,436.32,S0005,2025-01-21,13,451
2025-03-01,P000082,LOC017,281,434.22,S0005,2025-02-19,13,451
2025-03-31,P000082,LOC017,281,443.74,S0005,2025-03-24,13,451
2024-10-02,P000082,LOC018,36,435.37,S0005,2024-09-24,13,451
2024-11-01,P000082,LOC018,38,456.59,S0005,2024-10-05,13,451
2024-12-01,P000082,LOC018,22,443.25,S0005,2024-11-21,13,451
2024-12-31,P000082,LOC018,29,456.57,S0005,2024-12-07,13,451
2025-01-30,P000082,LOC018,0,449.97,S0005,2025-01-17,13,451
2025-03-01,P000082,LOC018,95,438.94,S0005,2025-02-15,13,451
2025-03-31,P000082,LOC018,63,463.63,S0005,2025-03-28,13,451
2024-10-02,P000082,LOC019,0,439.79,S0005,2024-09-12,13,451
2024-11-01,P000082,LOC019,46,440.34,S0005,2024-10-26,13,451
2024-12-01,P000082,LOC019,125,476.0,S0005,2024-11-27,13,451
2024-12-31,P000082,LOC019,146,438.68,S0005,2024-12-06,13,451
2025-01-30,P000082,LOC019,205,436.12,S0005,2025-01-13,13,451
2025-03-01,P000082,LOC019,232,472.93,S0005,2025-02-24,13,451
2025-03-31,P000082,LOC019,193,463.13,S0005,2025-03-13,13,451
2024-10-02,P000082,LOC020,0,471.1,S0005,2024-09-09,13,451
2024-11-01,P000082,LOC020,50,438.59,S0005,2024-10-27,13,451
2024-12-01,P000082,LOC020,102,455.31,S0005,2024-11-04,13,451
2024-12-31,P000082,LOC020,119,455.21,S0005,2024-12-19,13,451
2025-01-30,P000082,LOC020,200,441.37,S0005,2025-01-03,13,451
2025-03-01,P000082,LOC020,220,462.56,S0005,2025-02-20,13,451
2025-03-31,P000082,LOC020,176,473.54,S0005,2025-03-10,13,451
2024-10-02,P000083,LOC001,418,382.94,S0026,2024-09-27,41,557
2024-11-01,P000083,LOC001,526,388.41,S0026,2024-10-07,41,557
2024-12-01,P000083,LOC001,423,361.72,S0026,2024-11-02,41,557
2024-12-31,P000083,LOC001,405,383.7,S0026,2024-12-06,41,557
2025-01-30,P000083,LOC001,456,377.49,S0026,2025-01-22,41,557
2025-03-01,P000083,LOC001,520,389.43,S0026,2025-02-18,41,557
2025-03-31,P000083,LOC001,470,357.83,S0026,2025-03-14,41,557
2024-10-02,P000083,LOC002,523,380.81,S0026,2024-09-21,41,557
2024-11-01,P000083,LOC002,419,373.52,S0026,2024-10-19,41,557
2024-12-01,P000083,LOC002,493,370.12,S0026,2024-11-05,41,557
2024-12-31,P000083,LOC002,421,370.89,S0026,2024-12-27,41,557
2025-01-30,P000083,LOC002,439,392.67,S0026,2025-01-23,41,557
2025-03-01,P000083,LOC002,427,370.41,S0026,2025-02-28,41,557
2025-03-31,P000083,LOC002,484,369.0,S0026,2025-03-10,41,557
2024-10-02,P000083,LOC003,428,375.72,S0026,2024-09-14,41,557
2024-11-01,P000083,LOC003,398,357.76,S0026,2024-10-07,41,557
2024-12-01,P000083,LOC003,437,381.21,S0026,2024-11-29,41,557
2024-12-31,P000083,LOC003,457,381.28,S0026,2024-12-01,41,557
2025-01-30,P000083,LOC003,463,385.34,S0026,2025-01-05,41,557
2025-03-01,P000083,LOC003,406,391.9,S0026,2025-02-21,41,557
2025-03-31,P000083,LOC003,488,367.24,S0026,2025-03-03,41,557
2024-10-02,P000083,LOC004,484,393.82,S0026,2024-09-16,41,557
2024-11-01,P000083,LOC004,464,389.27,S0026,2024-10-23,41,557
2024-12-01,P000083,LOC004,430,391.87,S0026,2024-11-06,41,557
2024-12-31,P000083,LOC004,476,374.48,S0026,2024-12-27,41,557
2025-01-30,P000083,LOC004,501,390.91,S0026,2025-01-27,41,557
2025-03-01,P000083,LOC004,521,376.57,S0026,2025-02-09,41,557
2025-03-31,P000083,LOC004,502,384.69,S0026,2025-03-22,41,557
2024-10-02,P000083,LOC005,520,376.47,S0026,2024-09-28,41,557
2024-11-01,P000083,LOC005,399,387.78,S0026,2024-10-24,41,557
2024-12-01,P000083,LOC005,514,362.34,S0026,2024-11-01,41,557
2024-12-31,P000083,LOC005,453,361.1,S0026,2024-12-27,41,557
2025-01-30,P000083,LOC005,401,368.09,S0026,2025-01-27,41,557
2025-03-01,P000083,LOC005,514,371.24,S0026,2025-02-17,41,557
2025-03-31,P000083,LOC005,430,387.46,S0026,2025-03-13,41,557
2024-10-02,P000083,LOC006,523,382.64,S0026,2024-09-30,41,557
2024-11-01,P000083,LOC006,405,376.91,S0026,2024-10-14,41,557
2024-12-01,P000083,LOC006,428,384.91,S0026,2024-11-02,41,557
2024-12-31,P000083,LOC006,486,385.06,S0026,2024-12-04,41,557
2025-01-30,P000083,LOC006,459,372.47,S0026,2024-12-31,41,557
2025-03-01,P000083,LOC006,511,382.68,S0026,2025-02-11,41,557
2025-03-31,P000083,LOC006,462,371.37,S0026,2025-03-29,41,557
2024-10-02,P000083,LOC007,477,361.79,S0026,2024-09-03,41,557
2024-11-01,P000083,LOC007,430,375.87,S0026,2024-10-22,41,557
2024-12-01,P000083,LOC007,524,361.27,S0026,2024-11-19,41,557
2024-12-31,P000083,LOC007,465,377.05,S0026,2024-12-10,41,557
2025-01-30,P000083,LOC007,408,382.7,S0026,2025-01-27,41,557
2025-03-01,P000083,LOC007,438,368.58,S0026,2025-02-28,41,557
2025-03-31,P000083,LOC007,451,369.34,S0026,2025-03-26,41,557
2024-10-02,P000083,LOC008,479,367.69,S0026,2024-09-07,41,557
2024-11-01,P000083,LOC008,430,369.12,S0026,2024-10-26,41,557
2024-12-01,P000083,LOC008,398,381.93,S0026,2024-11-10,41,557
2024-12-31,P000083,LOC008,511,370.79,S0026,2024-12-23,41,557
2025-01-30,P000083,LOC008,422,376.35,S0026,2025-01-01,41,557
2025-03-01,P000083,LOC008,521,380.74,S0026,2025-02-07,41,557
2025-03-31,P000083,LOC008,479,394.85,S0026,2025-03-19,41,557
2024-10-02,P000083,LOC009,447,384.97,S0026,2024-09-06,41,557
2024-11-01,P000083,LOC009,437,385.95,S0026,2024-10-14,41,557
2024-12-01,P000083,LOC009,479,390.11,S0026,2024-11-30,41,557
2024-12-31,P000083,LOC009,435,384.35,S0026,2024-12-24,41,557
2025-01-30,P000083,LOC009,472,392.54,S0026,2024-12-31,41,557
2025-03-01,P000083,LOC009,486,369.06,S0026,2025-02-09,41,557
2025-03-31,P000083,LOC009,507,393.66,S0026,2025-03-22,41,557
2024-10-02,P000083,LOC010,451,388.84,S0026,2024-09-29,41,557
2024-11-01,P000083,LOC010,432,360.43,S0026,2024-10-23,41,557
2024-12-01,P000083,LOC010,408,384.68,S0026,2024-11-03,41,557
2024-12-31,P000083,LOC010,499,371.64,S0026,2024-12-26,41,557
2025-01-30,P000083,LOC010,413,373.82,S0026,2025-01-26,41,557
2025-03-01,P000083,LOC010,426,383.47,S0026,2025-02-19,41,557
2025-03-31,P000083,LOC010,457,388.66,S0026,2025-03-13,41,557
2024-10-02,P000083,LOC011,525,386.21,S0026,2024-09-10,41,557
2024-11-01,P000083,LOC011,497,380.03,S0026,2024-10-09,41,557
2024-12-01,P000083,LOC011,396,375.62,S0026,2024-11-30,41,557
2024-12-31,P000083,LOC011,439,359.36,S0026,2024-12-28,41,557
2025-01-30,P000083,LOC011,453,394.19,S0026,2025-01-29,41,557
2025-03-01,P000083,LOC011,413,393.29,S0026,2025-02-09,41,557
2025-03-31,P000083,LOC011,518,365.09,S0026,2025-03-17,41,557
2024-10-02,P000083,LOC012,489,374.5,S0026,2024-09-25,41,557
2024-11-01,P000083,LOC012,429,374.31,S0026,2024-10-26,41,557
2024-12-01,P000083,LOC012,525,388.07,S0026,2024-11-18,41,557
2024-12-31,P000083,LOC012,506,389.76,S0026,2024-12-08,41,557
2025-01-30,P000083,LOC012,486,360.22,S0026,2025-01-02,41,557
2025-03-01,P000083,LOC012,482,390.77,S0026,2025-02-02,41,557
2025-03-31,P000083,LOC012,411,375.85,S0026,2025-03-27,41,557
2024-10-02,P000083,LOC013,423,363.06,S0026,2024-09-09,41,557
2024-11-01,P000083,LOC013,395,365.36,S0026,2024-10-31,41,557
2024-12-01,P000083,LOC013,433,361.4,S0026,2024-11-05,41,557
2024-12-31,P000083,LOC013,407,360.2,S0026,2024-12-17,41,557
2025-01-30,P000083,LOC013,426,369.77,S0026,2025-01-16,41,557
2025-03-01,P000083,LOC013,415,377.65,S0026,2025-02-16,41,557
2025-03-31,P000083,LOC013,468,384.31,S0026,2025-03-06,41,557
2024-10-02,P000083,LOC014,394,383.5,S0026,2024-09-29,41,557
2024-11-01,P000083,LOC014,434,364.52,S0026,2024-10-25,41,557
2024-12-01,P000083,LOC014,437,392.59,S0026,2024-11-10,41,557
2024-12-31,P000083,LOC014,441,385.42,S0026,2024-12-09,41,557
2025-01-30,P000083,LOC014,465,373.01,S0026,2025-01-13,41,557
2025-03-01,P000083,LOC014,412,374.0,S0026,2025-02-18,41,557
2025-03-31,P000083,LOC014,431,386.51,S0026,2025-03-25,41,557
2024-10-02,P000083,LOC015,518,374.16,S0026,2024-09-17,41,557
2024-11-01,P000083,LOC015,446,385.92,S0026,2024-10-16,41,557
2024-12-01,P000083,LOC015,459,379.0,S0026,2024-11-11,41,557
2024-12-31,P000083,LOC015,410,390.28,S0026,2024-12-17,41,557
2025-01-30,P000083,LOC015,453,365.38,S0026,2025-01-20,41,557
2025-03-01,P000083,LOC015,434,393.72,S0026,2025-02-01,41,557
2025-03-31,P000083,LOC015,390,389.11,S0026,2025-03-28,41,557
2024-10-02,P000083,LOC016,492,370.6,S0026,2024-09-26,41,557
2024-11-01,P000083,LOC016,525,383.73,S0026,2024-10-23,41,557
2024-12-01,P000083,LOC016,436,391.63,S0026,2024-11-06,41,557
2024-12-31,P000083,LOC016,488,388.55,S0026,2024-12-02,41,557
2025-01-30,P000083,LOC016,455,382.83,S0026,2025-01-08,41,557
2025-03-01,P000083,LOC016,430,379.52,S0026,2025-02-25,41,557
2025-03-31,P000083,LOC016,521,366.23,S0026,2025-03-16,41,557
2024-10-02,P000083,LOC017,526,374.71,S0026,2024-09-07,41,557
2024-11-01,P000083,LOC017,469,380.96,S0026,2024-10-11,41,557
2024-12-01,P000083,LOC017,410,362.71,S0026,2024-11-10,41,557
2024-12-31,P000083,LOC017,468,380.67,S0026,2024-12-11,41,557
2025-01-30,P000083,LOC017,516,367.03,S0026,2025-01-19,41,557
2025-03-01,P000083,LOC017,451,360.56,S0026,2025-02-12,41,557
2025-03-31,P000083,LOC017,485,389.81,S0026,2025-03-30,41,557
2024-10-02,P000083,LOC018,491,384.29,S0026,2024-09-07,41,557
2024-11-01,P000083,LOC018,515,369.47,S0026,2024-10-26,41,557
2024-12-01,P000083,LOC018,409,370.45,S0026,2024-11-08,41,557
2024-12-31,P000083,LOC018,466,369.89,S0026,2024-12-20,41,557
2025-01-30,P000083,LOC018,432,385.96,S0026,2025-01-18,41,557
2025-03-01,P000083,LOC018,445,368.81,S0026,2025-02-24,41,557
2025-03-31,P000083,LOC018,506,390.24,S0026,2025-03-22,41,557
2024-10-02,P000083,LOC019,452,392.1,S0026,2024-09-06,41,557
2024-11-01,P000083,LOC019,402,366.35,S0026,2024-10-11,41,557
2024-12-01,P000083,LOC019,397,363.79,S0026,2024-11-25,41,557
2024-12-31,P000083,LOC019,479,380.27,S0026,2024-12-23,41,557
2025-01-30,P000083,LOC019,471,390.57,S0026,2025-01-02,41,557
2025-03-01,P000083,LOC019,420,360.54,S0026,2025-02-15,41,557
2025-03-31,P000083,LOC019,520,372.07,S0026,2025-03-19,41,557
2024-10-02,P000083,LOC020,428,376.28,S0026,2024-09-18,41,557
2024-11-01,P000083,LOC020,393,359.47,S0026,2024-10-22,41,557
2024-12-01,P000083,LOC020,464,374.44,S0026,2024-11-21,41,557
2024-12-31,P000083,LOC020,451,357.51,S0026,2024-12-29,41,557
2025-01-30,P000083,LOC020,483,377.34,S0026,2025-01-26,41,557
2025-03-01,P000083,LOC020,402,358.3,S0026,2025-02-07,41,557
2025-03-31,P000083,LOC020,461,375.53,S0026,2025-03-22,41,557
2024-10-02,P000084,LOC001,394,142.05,S0006,2024-09-12,29,527
2024-11-01,P000084,LOC001,410,140.05,S0006,2024-10-11,29,527
2024-12-01,P000084,LOC001,448,139.63,S0006,2024-11-15,29,527
2024-12-31,P000084,LOC001,493,135.39,S0006,2024-12-30,29,527
2025-01-30,P000084,LOC001,488,146.4,S0006,2025-01-21,29,527
2025-03-01,P000084,LOC001,416,134.26,S0006,2025-02-25,29,527
2025-03-31,P000084,LOC001,388,143.73,S0006,2025-03-22,29,527
2024-10-02,P000084,LOC002,481,142.03,S0006,2024-09-22,29,527
2024-11-01,P000084,LOC002,417,141.63,S0006,2024-10-24,29,527
2024-12-01,P000084,LOC002,418,137.9,S0006,2024-11-29,29,527
2024-12-31,P000084,LOC002,406,146.05,S0006,2024-12-05,29,527
2025-01-30,P000084,LOC002,415,135.04,S0006,2025-01-23,29,527
2025-03-01,P000084,LOC002,497,145.91,S0006,2025-02-21,29,527
2025-03-31,P000084,LOC002,484,145.19,S0006,2025-03-17,29,527
2024-10-02,P000084,LOC003,380,142.54,S0006,2024-09-29,29,527
2024-11-01,P000084,LOC003,464,138.02,S0006,2024-10-19,29,527
2024-12-01,P000084,LOC003,427,147.69,S0006,2024-11-13,29,527
2024-12-31,P000084,LOC003,499,142.73,S0006,2024-12-11,29,527
2025-01-30,P000084,LOC003,474,145.89,S0006,2025-01-27,29,527
2025-03-01,P000084,LOC003,406,140.8,S0006,2025-02-13,29,527
2025-03-31,P000084,LOC003,475,136.48,S0006,2025-03-28,29,527
2024-10-02,P000084,LOC004,496,146.06,S0006,2024-09-05,29,527
2024-11-01,P000084,LOC004,424,135.0,S0006,2024-10-13,29,527
2024-12-01,P000084,LOC004,487,147.18,S0006,2024-11-15,29,527
2024-12-31,P000084,LOC004,387,146.84,S0006,2024-12-27,29,527
2025-01-30,P000084,LOC004,446,147.85,S0006,2025-01-11,29,527
2025-03-01,P000084,LOC004,380,144.72,S0006,2025-02-14,29,527
2025-03-31,P000084,LOC004,396,141.61,S0006,2025-03-08,29,527
2024-10-02,P000084,LOC005,431,135.32,S0006,2024-09-25,29,527
2024-11-01,P000084,LOC005,483,142.54,S0006,2024-10-31,29,527
2024-12-01,P000084,LOC005,498,138.39,S0006,2024-11-06,29,527
2024-12-31,P000084,LOC005,377,141.95,S0006,2024-12-11,29,527
2025-01-30,P000084,LOC005,495,135.08,S0006,2025-01-23,29,527
2025-03-01,P000084,LOC005,468,140.39,S0006,2025-02-24,29,527
2025-03-31,P000084,LOC005,380,141.83,S0006,2025-03-30,29,527
2024-10-02,P000084,LOC006,422,148.02,S0006,2024-09-07,29,527
2024-11-01,P000084,LOC006,489,134.81,S0006,2024-10-30,29,527
2024-12-01,P000084,LOC006,423,134.56,S0006,2024-11-13,29,527
2024-12-31,P000084,LOC006,442,142.94,S0006,2024-12-02,29,527
2025-01-30,P000084,LOC006,462,140.35,S0006,2025-01-01,29,527
2025-03-01,P000084,LOC006,468,144.57,S0006,2025-02-27,29,527
2025-03-31,P000084,LOC006,386,134.3,S0006,2025-03-12,29,527
2024-10-02,P000084,LOC007,393,137.58,S0006,2024-09-07,29,527
2024-11-01,P000084,LOC007,419,139.08,S0006,2024-10-10,29,527
2024-12-01,P000084,LOC007,441,137.03,S0006,2024-11-03,29,527
2024-12-31,P000084,LOC007,374,137.08,S0006,2024-12-25,29,527
2025-01-30,P000084,LOC007,477,148.13,S0006,2025-01-05,29,527
2025-03-01,P000084,LOC007,478,138.23,S0006,2025-02-20,29,527
2025-03-31,P000084,LOC007,408,146.01,S0006,2025-03-06,29,527
2024-10-02,P000084,LOC008,442,147.61,S0006,2024-09-21,29,527
2024-11-01,P000084,LOC008,429,139.72,S0006,2024-10-24,29,527
2024-12-01,P000084,LOC008,372,134.67,S0006,2024-11-20,29,527
2024-12-31,P000084,LOC008,369,145.69,S0006,2024-12-08,29,527
2025-01-30,P000084,LOC008,403,139.98,S0006,2025-01-11,29,527
2025-03-01,P000084,LOC008,494,142.64,S0006,2025-02-14,29,527
2025-03-31,P000084,LOC008,478,139.86,S0006,2025-03-16,29,527
2024-10-02,P000084,LOC009,431,143.82,S0006,2024-09-11,29,527
2024-11-01,P000084,LOC009,455,138.82,S0006,2024-10-27,29,527
2024-12-01,P000084,LOC009,486,136.0,S0006,2024-11-03,29,527
2024-12-31,P000084,LOC009,423,144.7,S0006,2024-12-12,29,527
2025-01-30,P000084,LOC009,433,137.69,S0006,2025-01-11,29,527
2025-03-01,P000084,LOC009,459,137.33,S0006,2025-02-22,29,527
2025-03-31,P000084,LOC009,401,143.31,S0006,2025-03-21,29,527
2024-10-02,P000084,LOC010,384,140.15,S0006,2024-09-12,29,527
2024-11-01,P000084,LOC010,405,143.53,S0006,2024-10-17,29,527
2024-12-01,P000084,LOC010,499,140.48,S0006,2024-11-02,29,527
2024-12-31,P000084,LOC010,377,146.98,S0006,2024-12-24,29,527
2025-01-30,P000084,LOC010,467,142.99,S0006,2025-01-27,29,527
2025-03-01,P000084,LOC010,445,134.97,S0006,2025-02-25,29,527
2025-03-31,P000084,LOC010,443,143.11,S0006,2025-03-19,29,527
2024-10-02,P000084,LOC011,483,136.92,S0006,2024-09-19,29,527
2024-11-01,P000084,LOC011,451,141.4,S0006,2024-10-30,29,527
2024-12-01,P000084,LOC011,431,144.3,S0006,2024-11-24,29,527
2024-12-31,P000084,LOC011,460,147.77,S0006,2024-12-30,29,527
2025-01-30,P000084,LOC011,384,137.57,S0006,2025-01-22,29,527
2025-03-01,P000084,LOC011,436,135.43,S0006,2025-02-22,29,527
2025-03-31,P000084,LOC011,444,143.27,S0006,2025-03-05,29,527
2024-10-02,P000084,LOC012,480,138.15,S0006,2024-09-28,29,527
2024-11-01,P000084,LOC012,390,135.33,S0006,2024-10-03,29,527
2024-12-01,P000084,LOC012,376,141.85,S0006,2024-11-25,29,527
2024-12-31,P000084,LOC012,411,140.06,S0006,2024-12-04,29,527
2025-01-30,P000084,LOC012,484,135.48,S0006,2025-01-06,29,527
2025-03-01,P000084,LOC012,386,135.23,S0006,2025-02-14,29,527
2025-03-31,P000084,LOC012,390,144.77,S0006,2025-03-17,29,527
2024-10-02,P000084,LOC013,404,143.8,S0006,2024-09-13,29,527
2024-11-01,P000084,LOC013,424,141.43,S0006,2024-10-13,29,527
2024-12-01,P000084,LOC013,489,139.45,S0006,2024-11-17,29,527
2024-12-31,P000084,LOC013,415,144.54,S0006,2024-12-08,29,527
2025-01-30,P000084,LOC013,407,140.78,S0006,2025-01-11,29,527
2025-03-01,P000084,LOC013,438,146.53,S0006,2025-02-01,29,527
2025-03-31,P000084,LOC013,492,139.02,S0006,2025-03-29,29,527
2024-10-02,P000084,LOC014,436,135.19,S0006,2024-09-15,29,527
2024-11-01,P000084,LOC014,469,143.24,S0006,2024-10-10,29,527
2024-12-01,P000084,LOC014,393,146.41,S0006,2024-11-06,29,527
2024-12-31,P000084,LOC014,381,138.61,S0006,2024-12-06,29,527
2025-01-30,P000084,LOC014,468,136.0,S0006,2025-01-01,29,527
2025-03-01,P000084,LOC014,440,137.42,S0006,2025-01-31,29,527
2025-03-31,P000084,LOC014,483,146.33,S0006,2025-03-10,29,527
2024-10-02,P000084,LOC015,477,141.91,S0006,2024-09-04,29,527
2024-11-01,P000084,LOC015,459,147.11,S0006,2024-10-23,29,527
2024-12-01,P000084,LOC015,408,145.16,S0006,2024-11-28,29,527
2024-12-31,P000084,LOC015,459,147.93,S0006,2024-12-22,29,527
2025-01-30,P000084,LOC015,459,145.69,S0006,2025-01-23,29,527
2025-03-01,P000084,LOC015,381,136.5,S0006,2025-02-21,29,527
2025-03-31,P000084,LOC015,445,144.24,S0006,2025-03-02,29,527
2024-10-02,P000084,LOC016,477,146.04,S0006,2024-09-16,29,527
2024-11-01,P000084,LOC016,370,146.62,S0006,2024-10-28,29,527
2024-12-01,P000084,LOC016,437,147.26,S0006,2024-11-15,29,527
2024-12-31,P000084,LOC016,418,137.29,S0006,2024-12-17,29,527
2025-01-30,P000084,LOC016,432,145.91,S0006,2025-01-23,29,527
2025-03-01,P000084,LOC016,413,145.79,S0006,2025-02-25,29,527
2025-03-31,P000084,LOC016,488,144.25,S0006,2025-03-12,29,527
2024-10-02,P000084,LOC017,382,143.8,S0006,2024-09-02,29,527
2024-11-01,P000084,LOC017,389,141.71,S0006,2024-10-05,29,527
2024-12-01,P000084,LOC017,398,137.53,S0006,2024-11-04,29,527
2024-12-31,P000084,LOC017,393,141.61,S0006,2024-12-03,29,527
2025-01-30,P000084,LOC017,487,142.16,S0006,2025-01-15,29,527
2025-03-01,P000084,LOC017,449,135.83,S0006,2025-02-15,29,527
2025-03-31,P000084,LOC017,478,146.09,S0006,2025-03-12,29,527
2024-10-02,P000084,LOC018,438,142.54,S0006,2024-10-01,29,527
2024-11-01,P000084,LOC018,439,147.97,S0006,2024-10-11,29,527
2024-12-01,P000084,LOC018,441,139.76,S0006,2024-11-02,29,527
2024-12-31,P000084,LOC018,468,146.97,S0006,2024-12-19,29,527
2025-01-30,P000084,LOC018,383,135.08,S0006,2025-01-14,29,527
2025-03-01,P000084,LOC018,429,139.18,S0006,2025-02-22,29,527
2025-03-31,P000084,LOC018,378,141.06,S0006,2025-03-21,29,527
2024-10-02,P000084,LOC019,476,139.05,S0006,2024-09-21,29,527
2024-11-01,P000084,LOC019,490,140.41,S0006,2024-10-31,29,527
2024-12-01,P000084,LOC019,432,147.11,S0006,2024-11-02,29,527
2024-12-31,P000084,LOC019,409,143.48,S0006,2024-12-02,29,527
2025-01-30,P000084,LOC019,416,138.28,S0006,2025-01-04,29,527
2025-03-01,P000084,LOC019,476,147.5,S0006,2025-02-21,29,527
2025-03-31,P000084,LOC019,486,142.82,S0006,2025-03-30,29,527
2024-10-02,P000084,LOC020,447,143.55,S0006,2024-09-04,29,527
2024-11-01,P000084,LOC020,469,144.87,S0006,2024-10-15,29,527
2024-12-01,P000084,LOC020,413,138.98,S0006,2024-11-08,29,527
2024-12-31,P000084,LOC020,462,136.83,S0006,2024-12-24,29,527
2025-01-30,P000084,LOC020,372,144.63,S0006,2025-01-09,29,527
2025-03-01,P000084,LOC020,476,145.54,S0006,2025-02-10,29,527
2025-03-31,P000084,LOC020,398,138.64,S0006,2025-03-25,29,527
2024-10-02,P000085,LOC001,406,411.93,S0028,2024-09-06,30,445
2024-11-01,P000085,LOC001,327,390.99,S0028,2024-10-25,30,445
2024-12-01,P000085,LOC001,336,407.54,S0028,2024-11-01,30,445
2024-12-31,P000085,LOC001,325,395.41,S0028,2024-12-05,30,445
2025-01-30,P000085,LOC001,325,388.86,S0028,2025-01-15,30,445
2025-03-01,P000085,LOC001,320,398.94,S0028,2025-02-02,30,445
2025-03-31,P000085,LOC001,388,393.23,S0028,2025-03-23,30,445
2024-10-02,P000085,LOC002,398,414.76,S0028,2024-09-24,30,445
2024-11-01,P000085,LOC002,320,403.1,S0028,2024-10-31,30,445
2024-12-01,P000085,LOC002,397,420.81,S0028,2024-11-27,30,445
2024-12-31,P000085,LOC002,395,415.27,S0028,2024-12-06,30,445
2025-01-30,P000085,LOC002,316,425.07,S0028,2025-01-24,30,445
2025-03-01,P000085,LOC002,323,398.24,S0028,2025-02-24,30,445
2025-03-31,P000085,LOC002,399,420.44,S0028,2025-03-17,30,445
2024-10-02,P000085,LOC003,368,387.2,S0028,2024-09-10,30,445
2024-11-01,P000085,LOC003,318,409.69,S0028,2024-10-19,30,445
2024-12-01,P000085,LOC003,324,411.62,S0028,2024-11-11,30,445
2024-12-31,P000085,LOC003,339,401.49,S0028,2024-12-22,30,445
2025-01-30,P000085,LOC003,318,401.76,S0028,2025-01-18,30,445
2025-03-01,P000085,LOC003,385,424.56,S0028,2025-02-03,30,445
2025-03-31,P000085,LOC003,395,395.52,S0028,2025-03-21,30,445
2024-10-02,P000085,LOC004,398,415.88,S0028,2024-09-05,30,445
2024-11-01,P000085,LOC004,413,394.27,S0028,2024-10-19,30,445
2024-12-01,P000085,LOC004,334,405.81,S0028,2024-11-18,30,445
2024-12-31,P000085,LOC004,411,411.17,S0028,2024-12-30,30,445
2025-01-30,P000085,LOC004,332,387.11,S0028,2025-01-04,30,445
2025-03-01,P000085,LOC004,350,394.14,S0028,2025-02-15,30,445
2025-03-31,P000085,LOC004,321,401.69,S0028,2025-03-17,30,445
2024-10-02,P000085,LOC005,405,388.25,S0028,2024-09-14,30,445
2024-11-01,P000085,LOC005,416,405.34,S0028,2024-10-03,30,445
2024-12-01,P000085,LOC005,417,386.79,S0028,2024-11-01,30,445
2024-12-31,P000085,LOC005,350,426.9,S0028,2024-12-16,30,445
2025-01-30,P000085,LOC005,329,389.02,S0028,2025-01-08,30,445
2025-03-01,P000085,LOC005,367,401.3,S0028,2025-02-10,30,445
2025-03-31,P000085,LOC005,392,388.16,S0028,2025-03-24,30,445
2024-10-02,P000085,LOC006,338,425.67,S0028,2024-09-11,30,445
2024-11-01,P000085,LOC006,374,424.68,S0028,2024-10-08,30,445
2024-12-01,P000085,LOC006,322,394.83,S0028,2024-11-03,30,445
2024-12-31,P000085,LOC006,375,411.99,S0028,2024-12-28,30,445
2025-01-30,P000085,LOC006,313,408.68,S0028,2025-01-29,30,445
2025-03-01,P000085,LOC006,335,423.63,S0028,2025-02-18,30,445
2025-03-31,P000085,LOC006,332,405.94,S0028,2025-03-24,30,445
2024-10-02,P000085,LOC007,342,394.51,S0028,2024-09-16,30,445
2024-11-01,P000085,LOC007,411,393.13,S0028,2024-10-22,30,445
2024-12-01,P000085,LOC007,371,405.49,S0028,2024-11-20,30,445
2024-12-31,P000085,LOC007,419,417.78,S0028,2024-12-18,30,445
2025-01-30,P000085,LOC007,322,405.15,S0028,2025-01-01,30,445
2025-03-01,P000085,LOC007,335,413.01,S0028,2025-02-17,30,445
2025-03-31,P000085,LOC007,367,407.45,S0028,2025-03-21,30,445
2024-10-02,P000085,LOC008,390,392.76,S0028,2024-09-23,30,445
2024-11-01,P000085,LOC008,352,395.3,S0028,2024-10-09,30,445
2024-12-01,P000085,LOC008,377,405.77,S0028,2024-11-19,30,445
2024-12-31,P000085,LOC008,360,406.57,S0028,2024-12-07,30,445
2025-01-30,P000085,LOC008,418,427.18,S0028,2025-01-17,30,445
2025-03-01,P000085,LOC008,331,425.81,S0028,2025-02-17,30,445
2025-03-31,P000085,LOC008,350,419.57,S0028,2025-03-25,30,445
2024-10-02,P000085,LOC009,353,393.81,S0028,2024-09-02,30,445
2024-11-01,P000085,LOC009,335,392.1,S0028,2024-10-29,30,445
2024-12-01,P000085,LOC009,336,421.21,S0028,2024-11-05,30,445
2024-12-31,P000085,LOC009,324,414.92,S0028,2024-12-30,30,445
2025-01-30,P000085,LOC009,421,408.34,S0028,2024-12-31,30,445
2025-03-01,P000085,LOC009,325,410.58,S0028,2025-02-02,30,445
2025-03-31,P000085,LOC009,323,406.53,S0028,2025-03-14,30,445
2024-10-02,P000085,LOC010,326,388.32,S0028,2024-10-01,30,445
2024-11-01,P000085,LOC010,396,413.49,S0028,2024-10-27,30,445
2024-12-01,P000085,LOC010,389,388.57,S0028,2024-11-17,30,445
2024-12-31,P000085,LOC010,373,401.01,S0028,2024-12-05,30,445
2025-01-30,P000085,LOC010,316,407.34,S0028,2025-01-25,30,445
2025-03-01,P000085,LOC010,348,417.81,S0028,2025-02-23,30,445
2025-03-31,P000085,LOC010,324,425.3,S0028,2025-03-24,30,445
2024-10-02,P000085,LOC011,343,405.18,S0028,2024-09-18,30,445
2024-11-01,P000085,LOC011,378,422.96,S0028,2024-10-21,30,445
2024-12-01,P000085,LOC011,346,422.73,S0028,2024-11-16,30,445
2024-12-31,P000085,LOC011,420,398.58,S0028,2024-12-09,30,445
2025-01-30,P000085,LOC011,360,426.35,S0028,2025-01-07,30,445
2025-03-01,P000085,LOC011,373,422.08,S0028,2025-02-09,30,445
2025-03-31,P000085,LOC011,343,399.21,S0028,2025-03-19,30,445
2024-10-02,P000085,LOC012,406,396.34,S0028,2024-09-12,30,445
2024-11-01,P000085,LOC012,332,390.84,S0028,2024-10-22,30,445
2024-12-01,P000085,LOC012,319,394.64,S0028,2024-11-29,30,445
2024-12-31,P000085,LOC012,405,410.44,S0028,2024-12-01,30,445
2025-01-30,P000085,LOC012,364,405.61,S0028,2025-01-09,30,445
2025-03-01,P000085,LOC012,387,388.12,S0028,2025-02-21,30,445
2025-03-31,P000085,LOC012,331,407.03,S0028,2025-03-15,30,445
2024-10-02,P000085,LOC013,422,414.12,S0028,2024-09-09,30,445
2024-11-01,P000085,LOC013,366,394.96,S0028,2024-10-22,30,445
2024-12-01,P000085,LOC013,323,410.9,S0028,2024-11-09,30,445
2024-12-31,P000085,LOC013,360,425.45,S0028,2024-12-12,30,445
2025-01-30,P000085,LOC013,384,411.56,S0028,2025-01-02,30,445
2025-03-01,P000085,LOC013,320,419.47,S0028,2025-02-10,30,445
2025-03-31,P000085,LOC013,327,397.97,S0028,2025-03-29,30,445
2024-10-02,P000085,LOC014,356,421.27,S0028,2024-09-06,30,445
2024-11-01,P000085,LOC014,377,401.11,S0028,2024-10-24,30,445
2024-12-01,P000085,LOC014,322,387.75,S0028,2024-11-30,30,445
2024-12-31,P000085,LOC014,414,412.82,S0028,2024-12-10,30,445
2025-01-30,P000085,LOC014,420,420.49,S0028,2025-01-16,30,445
2025-03-01,P000085,LOC014,318,416.3,S0028,2025-02-06,30,445
2025-03-31,P000085,LOC014,419,426.33,S0028,2025-03-16,30,445
2024-10-02,P000085,LOC015,349,392.33,S0028,2024-09-10,30,445
2024-11-01,P000085,LOC015,377,410.74,S0028,2024-10-28,30,445
2024-12-01,P000085,LOC015,421,416.73,S0028,2024-11-22,30,445
2024-12-31,P000085,LOC015,325,412.97,S0028,2024-12-10,30,445
2025-01-30,P000085,LOC015,404,402.38,S0028,2025-01-19,30,445
2025-03-01,P000085,LOC015,392,406.95,S0028,2025-02-15,30,445
2025-03-31,P000085,LOC015,342,388.21,S0028,2025-03-10,30,445
2024-10-02,P000085,LOC016,390,388.31,S0028,2024-09-28,30,445
2024-11-01,P000085,LOC016,376,388.76,S0028,2024-10-14,30,445
2024-12-01,P000085,LOC016,341,390.6,S0028,2024-11-10,30,445
2024-12-31,P000085,LOC016,399,409.64,S0028,2024-12-10,30,445
2025-01-30,P000085,LOC016,383,424.69,S0028,2025-01-17,30,445
2025-03-01,P000085,LOC016,356,395.2,S0028,2025-02-20,30,445
2025-03-31,P000085,LOC016,364,414.98,S0028,2025-03-30,30,445
2024-10-02,P000085,LOC017,378,401.5,S0028,2024-09-20,30,445
2024-11-01,P000085,LOC017,356,411.16,S0028,2024-10-04,30,445
2024-12-01,P000085,LOC017,365,408.52,S0028,2024-11-20,30,445
2024-12-31,P000085,LOC017,342,393.15,S0028,2024-12-05,30,445
2025-01-30,P000085,LOC017,396,426.93,S0028,2025-01-29,30,445
2025-03-01,P000085,LOC017,323,419.17,S0028,2025-02-19,30,445
2025-03-31,P000085,LOC017,339,425.5,S0028,2025-03-25,30,445
2024-10-02,P000085,LOC018,366,420.53,S0028,2024-09-19,30,445
2024-11-01,P000085,LOC018,381,425.34,S0028,2024-10-04,30,445
2024-12-01,P000085,LOC018,326,424.56,S0028,2024-11-30,30,445
2024-12-31,P000085,LOC018,322,411.89,S0028,2024-12-17,30,445
2025-01-30,P000085,LOC018,317,391.84,S0028,2025-01-25,30,445
2025-03-01,P000085,LOC018,319,426.59,S0028,2025-02-14,30,445
2025-03-31,P000085,LOC018,386,418.04,S0028,2025-03-22,30,445
2024-10-02,P000085,LOC019,419,394.91,S0028,2024-09-13,30,445
2024-11-01,P000085,LOC019,354,397.13,S0028,2024-10-22,30,445
2024-12-01,P000085,LOC019,387,403.74,S0028,2024-11-21,30,445
2024-12-31,P000085,LOC019,328,423.01,S0028,2024-12-03,30,445
2025-01-30,P000085,LOC019,380,405.09,S0028,2025-01-23,30,445
2025-03-01,P000085,LOC019,322,393.19,S0028,2025-02-23,30,445
2025-03-31,P000085,LOC019,320,424.19,S0028,2025-03-12,30,445
2024-10-02,P000085,LOC020,395,398.34,S0028,2024-09-18,30,445
2024-11-01,P000085,LOC020,396,409.71,S0028,2024-10-06,30,445
2024-12-01,P000085,LOC020,399,421.85,S0028,2024-11-07,30,445
2024-12-31,P000085,LOC020,333,414.55,S0028,2024-12-16,30,445
2025-01-30,P000085,LOC020,385,398.55,S0028,2025-01-16,30,445
2025-03-01,P000085,LOC020,366,405.54,S0028,2025-02-27,30,445
2025-03-31,P000085,LOC020,340,411.58,S0028,2025-03-20,30,445
2024-10-02,P000086,LOC001,256,559.41,S0006,2024-09-11,19,327
2024-11-01,P000086,LOC001,299,565.07,S0006,2024-10-18,19,327
2024-12-01,P000086,LOC001,273,522.55,S0006,2024-11-14,19,327
2024-12-31,P000086,LOC001,306,564.9,S0006,2024-12-23,19,327
2025-01-30,P000086,LOC001,231,549.32,S0006,2025-01-19,19,327
2025-03-01,P000086,LOC001,264,535.55,S0006,2025-02-09,19,327
2025-03-31,P000086,LOC001,303,518.79,S0006,2025-03-02,19,327
2024-10-02,P000086,LOC002,260,528.64,S0006,2024-09-22,19,327
2024-11-01,P000086,LOC002,254,558.89,S0006,2024-10-28,19,327
2024-12-01,P000086,LOC002,259,549.38,S0006,2024-11-19,19,327
2024-12-31,P000086,LOC002,266,535.19,S0006,2024-12-02,19,327
2025-01-30,P000086,LOC002,231,532.75,S0006,2025-01-19,19,327
2025-03-01,P000086,LOC002,274,531.02,S0006,2025-02-22,19,327
2025-03-31,P000086,LOC002,299,536.82,S0006,2025-03-13,19,327
2024-10-02,P000086,LOC003,253,558.52,S0006,2024-09-05,19,327
2024-11-01,P000086,LOC003,286,533.16,S0006,2024-10-02,19,327
2024-12-01,P000086,LOC003,269,551.23,S0006,2024-11-03,19,327
2024-12-31,P000086,LOC003,239,528.41,S0006,2024-12-27,19,327
2025-01-30,P000086,LOC003,287,564.85,S0006,2025-01-15,19,327
2025-03-01,P000086,LOC003,268,516.56,S0006,2025-02-25,19,327
2025-03-31,P000086,LOC003,237,545.44,S0006,2025-03-30,19,327
2024-10-02,P000086,LOC004,284,546.05,S0006,2024-09-10,19,327
2024-11-01,P000086,LOC004,282,540.51,S0006,2024-10-16,19,327
2024-12-01,P000086,LOC004,284,529.22,S0006,2024-11-23,19,327
2024-12-31,P000086,LOC004,275,522.34,S0006,2024-12-23,19,327
2025-01-30,P000086,LOC004,267,554.99,S0006,2025-01-27,19,327
2025-03-01,P000086,LOC004,298,551.42,S0006,2025-02-13,19,327
2025-03-31,P000086,LOC004,270,565.16,S0006,2025-03-28,19,327
2024-10-02,P000086,LOC005,260,528.1,S0006,2024-09-06,19,327
2024-11-01,P000086,LOC005,269,514.39,S0006,2024-10-26,19,327
2024-12-01,P000086,LOC005,308,531.78,S0006,2024-11-09,19,327
2024-12-31,P000086,LOC005,279,523.83,S0006,2024-12-06,19,327
2025-01-30,P000086,LOC005,257,563.47,S0006,2025-01-28,19,327
2025-03-01,P000086,LOC005,308,543.17,S0006,2025-02-12,19,327
2025-03-31,P000086,LOC005,255,532.76,S0006,2025-03-26,19,327
2024-10-02,P000086,LOC006,231,519.96,S0006,2024-09-18,19,327
2024-11-01,P000086,LOC006,232,564.8,S0006,2024-10-18,19,327
2024-12-01,P000086,LOC006,297,517.56,S0006,2024-11-24,19,327
2024-12-31,P000086,LOC006,257,540.92,S0006,2024-12-10,19,327
2025-01-30,P000086,LOC006,289,544.45,S0006,2025-01-29,19,327
2025-03-01,P000086,LOC006,231,526.84,S0006,2025-02-02,19,327
2025-03-31,P000086,LOC006,301,552.28,S0006,2025-03-07,19,327
2024-10-02,P000086,LOC007,256,543.9,S0006,2024-09-30,19,327
2024-11-01,P000086,LOC007,236,523.81,S0006,2024-10-31,19,327
2024-12-01,P000086,LOC007,257,535.39,S0006,2024-11-10,19,327
2024-12-31,P000086,LOC007,258,520.72,S0006,2024-12-06,19,327
2025-01-30,P000086,LOC007,257,544.84,S0006,2025-01-12,19,327
2025-03-01,P000086,LOC007,282,512.49,S0006,2025-02-13,19,327
2025-03-31,P000086,LOC007,249,536.28,S0006,2025-03-24,19,327
2024-10-02,P000086,LOC008,281,558.32,S0006,2024-09-21,19,327
2024-11-01,P000086,LOC008,277,538.73,S0006,2024-10-08,19,327
2024-12-01,P000086,LOC008,303,552.63,S0006,2024-11-25,19,327
2024-12-31,P000086,LOC008,234,562.87,S0006,2024-12-26,19,327
2025-01-30,P000086,LOC008,253,546.88,S0006,2025-01-10,19,327
2025-03-01,P000086,LOC008,256,536.25,S0006,2025-02-01,19,327
2025-03-31,P000086,LOC008,230,534.64,S0006,2025-03-30,19,327
2024-10-02,P000086,LOC009,255,557.49,S0006,2024-10-01,19,327
2024-11-01,P000086,LOC009,266,538.02,S0006,2024-10-03,19,327
2024-12-01,P000086,LOC009,299,516.01,S0006,2024-11-04,19,327
2024-12-31,P000086,LOC009,275,525.49,S0006,2024-12-03,19,327
2025-01-30,P000086,LOC009,302,525.28,S0006,2025-01-14,19,327
2025-03-01,P000086,LOC009,250,556.45,S0006,2025-02-16,19,327
2025-03-31,P000086,LOC009,285,540.62,S0006,2025-03-02,19,327
2024-10-02,P000086,LOC010,276,539.12,S0006,2024-09-09,19,327
2024-11-01,P000086,LOC010,309,523.32,S0006,2024-10-11,19,327
2024-12-01,P000086,LOC010,259,543.8,S0006,2024-11-19,19,327
2024-12-31,P000086,LOC010,260,562.76,S0006,2024-12-25,19,327
2025-01-30,P000086,LOC010,275,554.95,S0006,2025-01-21,19,327
2025-03-01,P000086,LOC010,294,551.63,S0006,2025-02-26,19,327
2025-03-31,P000086,LOC010,237,560.97,S0006,2025-03-13,19,327
2024-10-02,P000086,LOC011,284,562.16,S0006,2024-10-01,19,327
2024-11-01,P000086,LOC011,256,512.97,S0006,2024-10-04,19,327
2024-12-01,P000086,LOC011,270,563.24,S0006,2024-11-30,19,327
2024-12-31,P000086,LOC011,291,556.75,S0006,2024-12-18,19,327
2025-01-30,P000086,LOC011,256,549.45,S0006,2025-01-09,19,327
2025-03-01,P000086,LOC011,279,515.13,S0006,2025-02-07,19,327
2025-03-31,P000086,LOC011,258,543.28,S0006,2025-03-11,19,327
2024-10-02,P000086,LOC012,264,542.38,S0006,2024-09-19,19,327
2024-11-01,P000086,LOC012,269,554.71,S0006,2024-10-09,19,327
2024-12-01,P000086,LOC012,298,550.97,S0006,2024-11-16,19,327
2024-12-31,P000086,LOC012,293,561.44,S0006,2024-12-23,19,327
2025-01-30,P000086,LOC012,297,524.32,S0006,2025-01-21,19,327
2025-03-01,P000086,LOC012,272,523.77,S0006,2025-02-14,19,327
2025-03-31,P000086,LOC012,252,538.17,S0006,2025-03-09,19,327
2024-10-02,P000086,LOC013,232,516.23,S0006,2024-09-22,19,327
2024-11-01,P000086,LOC013,310,525.46,S0006,2024-10-24,19,327
2024-12-01,P000086,LOC013,261,564.8,S0006,2024-11-09,19,327
2024-12-31,P000086,LOC013,247,528.71,S0006,2024-12-05,19,327
2025-01-30,P000086,LOC013,289,530.64,S0006,2025-01-12,19,327
2025-03-01,P000086,LOC013,236,520.41,S0006,2025-02-16,19,327
2025-03-31,P000086,LOC013,297,521.54,S0006,2025-03-20,19,327
2024-10-02,P000086,LOC014,236,548.58,S0006,2024-09-09,19,327
2024-11-01,P000086,LOC014,256,550.74,S0006,2024-10-30,19,327
2024-12-01,P000086,LOC014,234,528.01,S0006,2024-11-21,19,327
2024-12-31,P000086,LOC014,294,533.3,S0006,2024-12-18,19,327
2025-01-30,P000086,LOC014,267,540.65,S0006,2025-01-29,19,327
2025-03-01,P000086,LOC014,246,534.1,S0006,2025-02-19,19,327
2025-03-31,P000086,LOC014,293,524.03,S0006,2025-03-30,19,327
2024-10-02,P000086,LOC015,282,563.7,S0006,2024-09-28,19,327
2024-11-01,P000086,LOC015,253,525.18,S0006,2024-10-13,19,327
2024-12-01,P000086,LOC015,294,554.94,S0006,2024-11-04,19,327
2024-12-31,P000086,LOC015,264,541.94,S0006,2024-12-01,19,327
2025-01-30,P000086,LOC015,273,537.24,S0006,2025-01-23,19,327
2025-03-01,P000086,LOC015,245,528.78,S0006,2025-01-31,19,327
2025-03-31,P000086,LOC015,261,513.34,S0006,2025-03-07,19,327
2024-10-02,P000086,LOC016,279,555.19,S0006,2024-09-12,19,327
2024-11-01,P000086,LOC016,265,547.64,S0006,2024-10-04,19,327
2024-12-01,P000086,LOC016,291,521.9,S0006,2024-11-03,19,327
2024-12-31,P000086,LOC016,243,563.69,S0006,2024-12-11,19,327
2025-01-30,P000086,LOC016,230,532.28,S0006,2025-01-19,19,327
2025-03-01,P000086,LOC016,286,516.8,S0006,2025-02-13,19,327
2025-03-31,P000086,LOC016,299,544.72,S0006,2025-03-17,19,327
2024-10-02,P000086,LOC017,276,533.5,S0006,2024-09-03,19,327
2024-11-01,P000086,LOC017,246,554.29,S0006,2024-10-31,19,327
2024-12-01,P000086,LOC017,307,547.01,S0006,2024-11-12,19,327
2024-12-31,P000086,LOC017,289,554.66,S0006,2024-12-17,19,327
2025-01-30,P000086,LOC017,267,525.41,S0006,2025-01-16,19,327
2025-03-01,P000086,LOC017,305,550.04,S0006,2025-02-03,19,327
2025-03-31,P000086,LOC017,272,516.77,S0006,2025-03-19,19,327
2024-10-02,P000086,LOC018,279,542.81,S0006,2024-09-05,19,327
2024-11-01,P000086,LOC018,291,535.87,S0006,2024-10-08,19,327
2024-12-01,P000086,LOC018,264,514.1,S0006,2024-11-18,19,327
2024-12-31,P000086,LOC018,275,533.64,S0006,2024-12-07,19,327
2025-01-30,P000086,LOC018,280,553.62,S0006,2025-01-14,19,327
2025-03-01,P000086,LOC018,271,519.78,S0006,2025-02-27,19,327
2025-03-31,P000086,LOC018,258,514.11,S0006,2025-03-20,19,327
2024-10-02,P000086,LOC019,240,524.85,S0006,2024-09-09,19,327
2024-11-01,P000086,LOC019,241,528.94,S0006,2024-10-10,19,327
2024-12-01,P000086,LOC019,284,522.26,S0006,2024-11-25,19,327
2024-12-31,P000086,LOC019,253,526.31,S0006,2024-12-04,19,327
2025-01-30,P000086,LOC019,264,550.25,S0006,2025-01-18,19,327
2025-03-01,P000086,LOC019,254,513.86,S0006,2025-02-13,19,327
2025-03-31,P000086,LOC019,296,544.59,S0006,2025-03-15,19,327
2024-10-02,P000086,LOC020,234,560.89,S0006,2024-09-10,19,327
2024-11-01,P000086,LOC020,245,557.93,S0006,2024-10-13,19,327
2024-12-01,P000086,LOC020,262,538.01,S0006,2024-11-25,19,327
2024-12-31,P000086,LOC020,296,533.21,S0006,2024-12-10,19,327
2025-01-30,P000086,LOC020,281,526.65,S0006,2025-01-14,19,327
2025-03-01,P000086,LOC020,249,564.78,S0006,2025-02-06,19,327
2025-03-31,P000086,LOC020,278,528.66,S0006,2025-03-23,19,327
2024-10-02,P000087,LOC001,548,8.85,S0021,2024-09-02,35,1106
2024-11-01,P000087,LOC001,636,8.42,S0021,2024-10-19,35,1106
2024-12-01,P000087,LOC001,607,8.34,S0021,2024-11-15,35,1106
2024-12-31,P000087,LOC001,560,8.77,S0021,2024-12-13,35,1106
2025-01-30,P000087,LOC001,649,8.55,S0021,2025-01-10,35,1106
2025-03-01,P000087,LOC001,673,8.54,S0021,2025-02-23,35,1106
2025-03-31,P000087,LOC001,698,9.09,S0021,2025-03-14,35,1106
2024-10-02,P000087,LOC002,560,8.62,S0021,2024-09-07,35,1106
2024-11-01,P000087,LOC002,561,8.34,S0021,2024-10-28,35,1106
2024-12-01,P000087,LOC002,640,8.94,S0021,2024-11-10,35,1106
2024-12-31,P000087,LOC002,646,8.62,S0021,2024-12-30,35,1106
2025-01-30,P000087,LOC002,669,8.48,S0021,2025-01-05,35,1106
2025-03-01,P000087,LOC002,673,8.34,S0021,2025-02-15,35,1106
2025-03-31,P000087,LOC002,711,8.61,S0021,2025-03-26,35,1106
2024-10-02,P000087,LOC003,508,8.45,S0021,2024-09-15,35,1106
2024-11-01,P000087,LOC003,557,8.9,S0021,2024-10-06,35,1106
2024-12-01,P000087,LOC003,589,8.54,S0021,2024-11-03,35,1106
2024-12-31,P000087,LOC003,661,8.49,S0021,2024-12-13,35,1106
2025-01-30,P000087,LOC003,749,8.96,S0021,2025-01-12,35,1106
2025-03-01,P000087,LOC003,764,8.28,S0021,2025-02-23,35,1106
2025-03-31,P000087,LOC003,759,8.41,S0021,2025-03-03,35,1106
2024-10-02,P000087,LOC004,545,8.29,S0021,2024-09-07,35,1106
2024-11-01,P000087,LOC004,552,8.88,S0021,2024-10-31,35,1106
2024-12-01,P000087,LOC004,619,8.84,S0021,2024-11-25,35,1106
2024-12-31,P000087,LOC004,663,8.53,S0021,2024-12-10,35,1106
2025-01-30,P000087,LOC004,662,8.91,S0021,2025-01-27,35,1106
2025-03-01,P000087,LOC004,699,8.47,S0021,2025-02-23,35,1106
2025-03-31,P000087,LOC004,797,8.24,S0021,2025-03-16,35,1106
2024-10-02,P000087,LOC005,611,8.64,S0021,2024-09-17,35,1106
2024-11-01,P000087,LOC005,591,8.32,S0021,2024-10-28,35,1106
2024-12-01,P000087,LOC005,559,8.52,S0021,2024-11-10,35,1106
2024-12-31,P000087,LOC005,655,8.68,S0021,2024-12-08,35,1106
2025-01-30,P000087,LOC005,669,8.56,S0021,2025-01-09,35,1106
2025-03-01,P000087,LOC005,643,8.59,S0021,2025-02-17,35,1106
2025-03-31,P000087,LOC005,708,8.95,S0021,2025-03-25,35,1106
2024-10-02,P000087,LOC006,578,8.64,S0021,2024-09-03,35,1106
2024-11-01,P000087,LOC006,580,8.27,S0021,2024-10-05,35,1106
2024-12-01,P000087,LOC006,649,9.03,S0021,2024-11-10,35,1106
2024-12-31,P000087,LOC006,738,8.25,S0021,2024-12-17,35,1106
2025-01-30,P000087,LOC006,746,8.96,S0021,2025-01-02,35,1106
2025-03-01,P000087,LOC006,845,8.98,S0021,2025-02-22,35,1106
2025-03-31,P000087,LOC006,812,9.02,S0021,2025-03-24,35,1106
2024-10-02,P000087,LOC007,537,8.54,S0021,2024-09-14,35,1106
2024-11-01,P000087,LOC007,627,8.55,S0021,2024-10-11,35,1106
2024-12-01,P000087,LOC007,577,8.93,S0021,2024-11-14,35,1106
2024-12-31,P000087,LOC007,621,8.4,S0021,2024-12-29,35,1106
2025-01-30,P000087,LOC007,609,8.53,S0021,2025-01-14,35,1106
2025-03-01,P000087,LOC007,580,8.87,S0021,2025-02-24,35,1106
2025-03-31,P000087,LOC007,546,8.66,S0021,2025-03-30,35,1106
2024-10-02,P000087,LOC008,610,8.24,S0021,2024-09-27,35,1106
2024-11-01,P000087,LOC008,696,8.37,S0021,2024-10-15,35,1106
2024-12-01,P000087,LOC008,757,8.42,S0021,2024-11-01,35,1106
2024-12-31,P000087,LOC008,747,8.57,S0021,2024-12-09,35,1106
2025-01-30,P000087,LOC008,739,8.69,S0021,2025-01-21,35,1106
2025-03-01,P000087,LOC008,707,8.78,S0021,2025-02-19,35,1106
2025-03-31,P000087,LOC008,690,8.3,S0021,2025-03-24,35,1106
2024-10-02,P000087,LOC009,506,8.68,S0021,2024-09-12,35,1106
2024-11-01,P000087,LOC009,561,8.64,S0021,2024-10-16,35,1106
2024-12-01,P000087,LOC009,511,8.44,S0021,2024-11-06,35,1106
2024-12-31,P000087,LOC009,572,8.94,S0021,2024-12-28,35,1106
2025-01-30,P000087,LOC009,564,8.38,S0021,2025-01-23,35,1106
2025-03-01,P000087,LOC009,544,8.25,S0021,2025-02-24,35,1106
2025-03-31,P000087,LOC009,518,8.38,S0021,2025-03-13,35,1106
2024-10-02,P000087,LOC010,554,8.45,S0021,2024-09-21,35,1106
2024-11-01,P000087,LOC010,549,8.59,S0021,2024-10-17,35,1106
2024-12-01,P000087,LOC010,580,8.79,S0021,2024-11-06,35,1106
2024-12-31,P000087,LOC010,667,8.37,S0021,2024-12-28,35,1106
2025-01-30,P000087,LOC010,642,8.99,S0021,2025-01-06,35,1106
2025-03-01,P000087,LOC010,742,8.7,S0021,2025-02-22,35,1106
2025-03-31,P000087,LOC010,793,8.38,S0021,2025-03-07,35,1106
2024-10-02,P000087,LOC011,518,9.06,S0021,2024-09-21,35,1106
2024-11-01,P000087,LOC011,553,8.66,S0021,2024-10-31,35,1106
2024-12-01,P000087,LOC011,538,9.01,S0021,2024-11-21,35,1106
2024-12-31,P000087,LOC011,549,8.51,S0021,2024-12-30,35,1106
2025-01-30,P000087,LOC011,517,9.05,S0021,2025-01-16,35,1106
2025-03-01,P000087,LOC011,492,8.86,S0021,2025-02-26,35,1106
2025-03-31,P000087,LOC011,494,8.42,S0021,2025-03-02,35,1106
2024-10-02,P000087,LOC012,505,8.29,S0021,2024-09-30,35,1106
2024-11-01,P000087,LOC012,583,8.92,S0021,2024-10-25,35,1106
2024-12-01,P000087,LOC012,535,8.29,S0021,2024-11-21,35,1106
2024-12-31,P000087,LOC012,565,8.96,S0021,2024-12-20,35,1106
2025-01-30,P000087,LOC012,581,8.27,S0021,2025-01-17,35,1106
2025-03-01,P000087,LOC012,618,8.78,S0021,2025-02-12,35,1106
2025-03-31,P000087,LOC012,594,8.24,S0021,2025-03-27,35,1106
2024-10-02,P000087,LOC013,591,8.86,S0021,2024-09-30,35,1106
2024-11-01,P000087,LOC013,551,8.63,S0021,2024-10-11,35,1106
2024-12-01,P000087,LOC013,545,8.44,S0021,2024-11-24,35,1106
2024-12-31,P000087,LOC013,617,8.44,S0021,2024-12-17,35,1106
2025-01-30,P000087,LOC013,646,8.9,S0021,2025-01-14,35,1106
2025-03-01,P000087,LOC013,596,8.25,S0021,2025-02-06,35,1106
2025-03-31,P000087,LOC013,591,9.1,S0021,2025-03-14,35,1106
2024-10-02,P000087,LOC014,504,9.0,S0021,2024-09-09,35,1106
2024-11-01,P000087,LOC014,587,8.9,S0021,2024-10-11,35,1106
2024-12-01,P000087,LOC014,667,9.04,S0021,2024-11-28,35,1106
2024-12-31,P000087,LOC014,688,8.79,S0021,2024-12-08,35,1106
2025-01-30,P000087,LOC014,718,8.26,S0021,2025-01-19,35,1106
2025-03-01,P000087,LOC014,752,8.68,S0021,2025-02-14,35,1106
2025-03-31,P000087,LOC014,764,9.06,S0021,2025-03-06,35,1106
2024-10-02,P000087,LOC015,519,9.05,S0021,2024-09-09,35,1106
2024-11-01,P000087,LOC015,523,8.5,S0021,2024-10-06,35,1106
2024-12-01,P000087,LOC015,606,8.77,S0021,2024-11-23,35,1106
2024-12-31,P000087,LOC015,670,8.9,S0021,2024-12-14,35,1106
2025-01-30,P000087,LOC015,754,8.9,S0021,2025-01-18,35,1106
2025-03-01,P000087,LOC015,818,9.07,S0021,2025-02-08,35,1106
2025-03-31,P000087,LOC015,883,8.53,S0021,2025-03-15,35,1106
2024-10-02,P000087,LOC016,505,8.66,S0021,2024-09-15,35,1106
2024-11-01,P000087,LOC016,595,8.85,S0021,2024-10-21,35,1106
2024-12-01,P000087,LOC016,603,9.01,S0021,2024-11-09,35,1106
2024-12-31,P000087,LOC016,584,8.72,S0021,2024-12-17,35,1106
2025-01-30,P000087,LOC016,615,8.35,S0021,2025-01-02,35,1106
2025-03-01,P000087,LOC016,713,8.57,S0021,2025-02-26,35,1106
2025-03-31,P000087,LOC016,728,8.88,S0021,2025-03-05,35,1106
2024-10-02,P000087,LOC017,514,8.65,S0021,2024-09-04,35,1106
2024-11-01,P000087,LOC017,614,8.29,S0021,2024-10-26,35,1106
2024-12-01,P000087,LOC017,650,8.33,S0021,2024-11-12,35,1106
2024-12-31,P000087,LOC017,679,8.67,S0021,2024-12-13,35,1106
2025-01-30,P000087,LOC017,665,8.96,S0021,2025-01-21,35,1106
2025-03-01,P000087,LOC017,730,8.52,S0021,2025-01-31,35,1106
2025-03-31,P000087,LOC017,707,8.98,S0021,2025-03-05,35,1106
2024-10-02,P000087,LOC018,604,8.61,S0021,2024-09-22,35,1106
2024-11-01,P000087,LOC018,595,8.6,S0021,2024-10-19,35,1106
2024-12-01,P000087,LOC018,631,8.69,S0021,2024-11-30,35,1106
2024-12-31,P000087,LOC018,695,9.03,S0021,2024-12-02,35,1106
2025-01-30,P000087,LOC018,758,8.83,S0021,2025-01-14,35,1106
2025-03-01,P000087,LOC018,763,8.32,S0021,2025-02-21,35,1106
2025-03-31,P000087,LOC018,862,8.47,S0021,2025-03-27,35,1106
2024-10-02,P000087,LOC019,493,8.28,S0021,2024-09-29,35,1106
2024-11-01,P000087,LOC019,547,9.09,S0021,2024-10-13,35,1106
2024-12-01,P000087,LOC019,581,9.05,S0021,2024-11-26,35,1106
2024-12-31,P000087,LOC019,664,9.09,S0021,2024-12-06,35,1106
2025-01-30,P000087,LOC019,696,9.09,S0021,2025-01-04,35,1106
2025-03-01,P000087,LOC019,795,8.78,S0021,2025-02-24,35,1106
2025-03-31,P000087,LOC019,771,8.62,S0021,2025-03-03,35,1106
2024-10-02,P000087,LOC020,601,8.42,S0021,2024-09-29,35,1106
2024-11-01,P000087,LOC020,589,8.59,S0021,2024-10-11,35,1106
2024-12-01,P000087,LOC020,567,9.02,S0021,2024-11-21,35,1106
2024-12-31,P000087,LOC020,625,8.79,S0021,2024-12-13,35,1106
2025-01-30,P000087,LOC020,698,8.28,S0021,2025-01-07,35,1106
2025-03-01,P000087,LOC020,691,9.09,S0021,2025-02-14,35,1106
2025-03-31,P000087,LOC020,728,8.85,S0021,2025-03-30,35,1106
2024-10-02,P000088,LOC001,669,458.17,S0003,2024-09-05,36,835
2024-11-01,P000088,LOC001,608,484.37,S0003,2024-10-05,36,835
2024-12-01,P000088,LOC001,832,461.25,S0003,2024-11-15,36,835
2024-12-31,P000088,LOC001,787,463.58,S0003,2024-12-13,36,835
2025-01-30,P000088,LOC001,624,480.98,S0003,2025-01-15,36,835
2025-03-01,P000088,LOC001,635,484.41,S0003,2025-01-31,36,835
2025-03-31,P000088,LOC001,757,493.56,S0003,2025-03-13,36,835
2024-10-02,P000088,LOC002,681,452.51,S0003,2024-09-09,36,835
2024-11-01,P000088,LOC002,701,475.47,S0003,2024-10-14,36,835
2024-12-01,P000088,LOC002,675,493.94,S0003,2024-11-19,36,835
2024-12-31,P000088,LOC002,719,464.86,S0003,2024-12-07,36,835
2025-01-30,P000088,LOC002,592,484.0,S0003,2025-01-02,36,835
2025-03-01,P000088,LOC002,617,478.43,S0003,2025-02-17,36,835
2025-03-31,P000088,LOC002,612,490.0,S0003,2025-03-04,36,835
2024-10-02,P000088,LOC003,638,477.21,S0003,2024-09-17,36,835
2024-11-01,P000088,LOC003,752,496.04,S0003,2024-10-31,36,835
2024-12-01,P000088,LOC003,721,483.41,S0003,2024-11-10,36,835
2024-12-31,P000088,LOC003,621,466.57,S0003,2024-12-09,36,835
2025-01-30,P000088,LOC003,762,482.81,S0003,2025-01-24,36,835
2025-03-01,P000088,LOC003,785,464.64,S0003,2025-02-11,36,835
2025-03-31,P000088,LOC003,685,470.86,S0003,2025-03-14,36,835
2024-10-02,P000088,LOC004,826,462.1,S0003,2024-09-18,36,835
2024-11-01,P000088,LOC004,829,497.45,S0003,2024-10-15,36,835
2024-12-01,P000088,LOC004,829,457.93,S0003,2024-11-13,36,835
2024-12-31,P000088,LOC004,588,470.9,S0003,2024-12-12,36,835
2025-01-30,P000088,LOC004,804,453.45,S0003,2025-01-24,36,835
2025-03-01,P000088,LOC004,763,481.01,S0003,2025-02-28,36,835
2025-03-31,P000088,LOC004,602,454.36,S0003,2025-03-19,36,835
2024-10-02,P000088,LOC005,710,468.9,S0003,2024-09-12,36,835
2024-11-01,P000088,LOC005,765,471.57,S0003,2024-10-03,36,835
2024-12-01,P000088,LOC005,772,490.12,S0003,2024-11-15,36,835
2024-12-31,P000088,LOC005,669,479.02,S0003,2024-12-22,36,835
2025-01-30,P000088,LOC005,660,459.91,S0003,2025-01-15,36,835
2025-03-01,P000088,LOC005,721,489.71,S0003,2025-02-26,36,835
2025-03-31,P000088,LOC005,603,480.33,S0003,2025-03-06,36,835
2024-10-02,P000088,LOC006,781,460.62,S0003,2024-09-27,36,835
2024-11-01,P000088,LOC006,735,455.82,S0003,2024-10-31,36,835
2024-12-01,P000088,LOC006,613,467.1,S0003,2024-11-12,36,835
2024-12-31,P000088,LOC006,607,461.97,S0003,2024-12-09,36,835
2025-01-30,P000088,LOC006,737,490.64,S0003,2025-01-05,36,835
2025-03-01,P000088,LOC006,779,453.05,S0003,2025-02-20,36,835
2025-03-31,P000088,LOC006,693,470.54,S0003,2025-03-26,36,835
2024-10-02,P000088,LOC007,757,476.91,S0003,2024-09-18,36,835
2024-11-01,P000088,LOC007,782,495.91,S0003,2024-10-13,36,835
2024-12-01,P000088,LOC007,778,464.51,S0003,2024-11-01,36,835
2024-12-31,P000088,LOC007,637,465.19,S0003,2024-12-21,36,835
2025-01-30,P000088,LOC007,769,476.8,S0003,2025-01-08,36,835
2025-03-01,P000088,LOC007,634,453.18,S0003,2025-02-04,36,835
2025-03-31,P000088,LOC007,610,484.47,S0003,2025-03-26,36,835
2024-10-02,P000088,LOC008,752,453.54,S0003,2024-09-07,36,835
2024-11-01,P000088,LOC008,653,485.77,S0003,2024-10-29,36,835
2024-12-01,P000088,LOC008,706,461.53,S0003,2024-11-01,36,835
2024-12-31,P000088,LOC008,665,473.41,S0003,2024-12-24,36,835
2025-01-30,P000088,LOC008,740,452.41,S0003,2025-01-22,36,835
2025-03-01,P000088,LOC008,633,492.07,S0003,2025-02-23,36,835
2025-03-31,P000088,LOC008,672,472.49,S0003,2025-03-17,36,835
2024-10-02,P000088,LOC009,614,486.29,S0003,2024-09-11,36,835
2024-11-01,P000088,LOC009,621,479.2,S0003,2024-10-25,36,835
2024-12-01,P000088,LOC009,786,480.13,S0003,2024-11-17,36,835
2024-12-31,P000088,LOC009,676,490.61,S0003,2024-12-29,36,835
2025-01-30,P000088,LOC009,637,476.39,S0003,2025-01-18,36,835
2025-03-01,P000088,LOC009,707,451.53,S0003,2025-02-05,36,835
2025-03-31,P000088,LOC009,686,490.12,S0003,2025-03-10,36,835
2024-10-02,P000088,LOC010,834,484.09,S0003,2024-09-07,36,835
2024-11-01,P000088,LOC010,809,461.83,S0003,2024-10-04,36,835
2024-12-01,P000088,LOC010,764,465.22,S0003,2024-11-22,36,835
2024-12-31,P000088,LOC010,737,479.26,S0003,2024-12-04,36,835
2025-01-30,P000088,LOC010,809,458.27,S0003,2024-12-31,36,835
2025-03-01,P000088,LOC010,662,473.9,S0003,2025-01-31,36,835
2025-03-31,P000088,LOC010,782,481.61,S0003,2025-03-12,36,835
2024-10-02,P000088,LOC011,650,492.6,S0003,2024-09-25,36,835
2024-11-01,P000088,LOC011,672,492.92,S0003,2024-10-12,36,835
2024-12-01,P000088,LOC011,727,464.34,S0003,2024-11-23,36,835
2024-12-31,P000088,LOC011,785,480.59,S0003,2024-12-15,36,835
2025-01-30,P000088,LOC011,768,451.04,S0003,2025-01-09,36,835
2025-03-01,P000088,LOC011,780,483.06,S0003,2025-01-30,36,835
2025-03-31,P000088,LOC011,660,481.54,S0003,2025-03-05,36,835
2024-10-02,P000088,LOC012,733,470.14,S0003,2024-09-20,36,835
2024-11-01,P000088,LOC012,755,454.41,S0003,2024-10-08,36,835
2024-12-01,P000088,LOC012,588,461.1,S0003,2024-11-07,36,835
2024-12-31,P000088,LOC012,786,454.08,S0003,2024-12-01,36,835
2025-01-30,P000088,LOC012,710,476.98,S0003,2025-01-05,36,835
2025-03-01,P000088,LOC012,760,472.42,S0003,2025-02-17,36,835
2025-03-31,P000088,LOC012,722,460.92,S0003,2025-03-20,36,835
2024-10-02,P000088,LOC013,780,494.44,S0003,2024-09-23,36,835
2024-11-01,P000088,LOC013,728,462.43,S0003,2024-10-23,36,835
2024-12-01,P000088,LOC013,749,452.86,S0003,2024-11-01,36,835
2024-12-31,P000088,LOC013,634,492.41,S0003,2024-12-30,36,835
2025-01-30,P000088,LOC013,699,457.97,S0003,2025-01-14,36,835
2025-03-01,P000088,LOC013,649,454.16,S0003,2025-02-12,36,835
2025-03-31,P000088,LOC013,784,467.95,S0003,2025-03-28,36,835
2024-10-02,P000088,LOC014,660,456.36,S0003,2024-09-12,36,835
2024-11-01,P000088,LOC014,754,477.91,S0003,2024-10-27,36,835
2024-12-01,P000088,LOC014,609,480.44,S0003,2024-11-26,36,835
2024-12-31,P000088,LOC014,765,495.49,S0003,2024-12-05,36,835
2025-01-30,P000088,LOC014,763,476.34,S0003,2025-01-05,36,835
2025-03-01,P000088,LOC014,665,472.2,S0003,2025-02-09,36,835
2025-03-31,P000088,LOC014,774,473.75,S0003,2025-03-11,36,835
2024-10-02,P000088,LOC015,666,461.67,S0003,2024-09-26,36,835
2024-11-01,P000088,LOC015,788,467.06,S0003,2024-10-14,36,835
2024-12-01,P000088,LOC015,637,494.19,S0003,2024-11-20,36,835
2024-12-31,P000088,LOC015,603,462.61,S0003,2024-12-13,36,835
2025-01-30,P000088,LOC015,756,461.09,S0003,2025-01-22,36,835
2025-03-01,P000088,LOC015,633,488.5,S0003,2025-01-30,36,835
2025-03-31,P000088,LOC015,628,493.66,S0003,2025-03-01,36,835
2024-10-02,P000088,LOC016,770,469.17,S0003,2024-09-04,36,835
2024-11-01,P000088,LOC016,775,461.4,S0003,2024-10-04,36,835
2024-12-01,P000088,LOC016,716,454.67,S0003,2024-11-17,36,835
2024-12-31,P000088,LOC016,768,462.56,S0003,2024-12-13,36,835
2025-01-30,P000088,LOC016,744,457.78,S0003,2025-01-18,36,835
2025-03-01,P000088,LOC016,669,459.92,S0003,2025-02-14,36,835
2025-03-31,P000088,LOC016,591,466.51,S0003,2025-03-08,36,835
2024-10-02,P000088,LOC017,765,465.97,S0003,2024-10-01,36,835
2024-11-01,P000088,LOC017,756,496.9,S0003,2024-10-23,36,835
2024-12-01,P000088,LOC017,780,478.2,S0003,2024-11-30,36,835
2024-12-31,P000088,LOC017,682,460.63,S0003,2024-12-25,36,835
2025-01-30,P000088,LOC017,670,467.86,S0003,2025-01-11,36,835
2025-03-01,P000088,LOC017,760,487.23,S0003,2025-02-05,36,835
2025-03-31,P000088,LOC017,734,483.45,S0003,2025-03-02,36,835
2024-10-02,P000088,LOC018,767,461.14,S0003,2024-09-29,36,835
2024-11-01,P000088,LOC018,755,471.63,S0003,2024-10-11,36,835
2024-12-01,P000088,LOC018,756,474.98,S0003,2024-11-12,36,835
2024-12-31,P000088,LOC018,730,470.52,S0003,2024-12-21,36,835
2025-01-30,P000088,LOC018,690,456.08,S0003,2025-01-23,36,835
2025-03-01,P000088,LOC018,657,468.91,S0003,2025-01-31,36,835
2025-03-31,P000088,LOC018,710,476.51,S0003,2025-03-19,36,835
2024-10-02,P000088,LOC019,754,483.99,S0003,2024-09-28,36,835
2024-11-01,P000088,LOC019,738,487.11,S0003,2024-10-25,36,835
2024-12-01,P000088,LOC019,679,479.64,S0003,2024-11-24,36,835
2024-12-31,P000088,LOC019,590,485.97,S0003,2024-12-05,36,835
2025-01-30,P000088,LOC019,595,488.77,S0003,2025-01-12,36,835
2025-03-01,P000088,LOC019,718,478.52,S0003,2025-02-04,36,835
2025-03-31,P000088,LOC019,716,468.63,S0003,2025-03-15,36,835
2024-10-02,P000088,LOC020,749,455.51,S0003,2024-09-23,36,835
2024-11-01,P000088,LOC020,612,470.03,S0003,2024-10-21,36,835
2024-12-01,P000088,LOC020,668,492.25,S0003,2024-11-10,36,835
2024-12-31,P000088,LOC020,715,486.89,S0003,2024-12-30,36,835
2025-01-30,P000088,LOC020,649,454.59,S0003,2025-01-17,36,835
2025-03-01,P000088,LOC020,601,465.43,S0003,2025-02-03,36,835
2025-03-31,P000088,LOC020,617,455.16,S0003,2025-03-28,36,835
2024-10-02,P000089,LOC001,339,252.45,S0006,2024-09-07,11,409
2024-11-01,P000089,LOC001,385,250.75,S0006,2024-10-17,11,409
2024-12-01,P000089,LOC001,371,234.79,S0006,2024-11-03,11,409
2024-12-31,P000089,LOC001,364,232.17,S0006,2024-12-01,11,409
2025-01-30,P000089,LOC001,372,255.82,S0006,2024-12-31,11,409
2025-03-01,P000089,LOC001,356,251.88,S0006,2025-02-19,11,409
2025-03-31,P000089,LOC001,367,252.94,S0006,2025-03-07,11,409
2024-10-02,P000089,LOC002,318,241.74,S0006,2024-09-18,11,409
2024-11-01,P000089,LOC002,335,253.12,S0006,2024-10-27,11,409
2024-12-01,P000089,LOC002,361,249.01,S0006,2024-11-20,11,409
2024-12-31,P000089,LOC002,312,237.56,S0006,2024-12-22,11,409
2025-01-30,P000089,LOC002,356,245.06,S0006,2025-01-15,11,409
2025-03-01,P000089,LOC002,370,254.2,S0006,2025-02-06,11,409
2025-03-31,P000089,LOC002,368,236.91,S0006,2025-03-24,11,409
2024-10-02,P000089,LOC003,306,250.94,S0006,2024-09-04,11,409
2024-11-01,P000089,LOC003,328,237.64,S0006,2024-10-02,11,409
2024-12-01,P000089,LOC003,304,252.75,S0006,2024-11-18,11,409
2024-12-31,P000089,LOC003,375,243.57,S0006,2024-12-10,11,409
2025-01-30,P000089,LOC003,382,252.21,S0006,2025-01-21,11,409
2025-03-01,P000089,LOC003,376,242.75,S0006,2025-02-07,11,409
2025-03-31,P000089,LOC003,309,243.03,S0006,2025-03-23,11,409
2024-10-02,P000089,LOC004,383,242.41,S0006,2024-09-23,11,409
2024-11-01,P000089,LOC004,380,234.08,S0006,2024-10-14,11,409
2024-12-01,P000089,LOC004,352,249.51,S0006,2024-11-13,11,409
2024-12-31,P000089,LOC004,350,246.29,S0006,2024-12-19,11,409
2025-01-30,P000089,LOC004,379,235.49,S0006,2024-12-31,11,409
2025-03-01,P000089,LOC004,385,233.14,S0006,2025-02-15,11,409
2025-03-31,P000089,LOC004,306,235.57,S0006,2025-03-11,11,409
2024-10-02,P000089,LOC005,358,243.31,S0006,2024-09-22,11,409
2024-11-01,P000089,LOC005,303,233.49,S0006,2024-10-30,11,409
2024-12-01,P000089,LOC005,327,251.13,S0006,2024-11-19,11,409
2024-12-31,P000089,LOC005,330,242.68,S0006,2024-12-09,11,409
2025-01-30,P000089,LOC005,312,254.95,S0006,2025-01-13,11,409
2025-03-01,P000089,LOC005,295,240.94,S0006,2025-02-02,11,409
2025-03-31,P000089,LOC005,323,244.13,S0006,2025-03-25,11,409
2024-10-02,P000089,LOC006,383,251.44,S0006,2024-09-02,11,409
2024-11-01,P000089,LOC006,298,235.89,S0006,2024-10-05,11,409
2024-12-01,P000089,LOC006,359,241.89,S0006,2024-11-12,11,409
2024-12-31,P000089,LOC006,330,253.48,S0006,2024-12-01,11,409
2025-01-30,P000089,LOC006,380,237.4,S0006,2025-01-16,11,409
2025-03-01,P000089,LOC006,332,244.47,S0006,2025-02-24,11,409
2025-03-31,P000089,LOC006,355,242.5,S0006,2025-03-06,11,409
2024-10-02,P000089,LOC007,298,233.64,S0006,2024-09-30,11,409
2024-11-01,P000089,LOC007,359,239.88,S0006,2024-10-14,11,409
2024-12-01,P000089,LOC007,305,237.82,S0006,2024-11-30,11,409
2024-12-31,P000089,LOC007,374,249.73,S0006,2024-12-26,11,409
2025-01-30,P000089,LOC007,366,253.49,S0006,2025-01-01,11,409
2025-03-01,P000089,LOC007,315,232.02,S0006,2025-02-20,11,409
2025-03-31,P000089,LOC007,336,239.03,S0006,2025-03-20,11,409
2024-10-02,P000089,LOC008,299,256.11,S0006,2024-09-10,11,409
2024-11-01,P000089,LOC008,373,251.79,S0006,2024-10-04,11,409
2024-12-01,P000089,LOC008,347,248.53,S0006,2024-11-11,11,409
2024-12-31,P000089,LOC008,388,250.64,S0006,2024-12-04,11,409
2025-01-30,P000089,LOC008,315,236.63,S0006,2025-01-09,11,409
2025-03-01,P000089,LOC008,355,241.18,S0006,2025-02-10,11,409
2025-03-31,P000089,LOC008,329,241.38,S0006,2025-03-21,11,409
2024-10-02,P000089,LOC009,328,241.31,S0006,2024-09-15,11,409
2024-11-01,P000089,LOC009,301,240.23,S0006,2024-10-27,11,409
2024-12-01,P000089,LOC009,315,247.26,S0006,2024-11-02,11,409
2024-12-31,P000089,LOC009,313,239.17,S0006,2024-12-04,11,409
2025-01-30,P000089,LOC009,349,235.35,S0006,2025-01-21,11,409
2025-03-01,P000089,LOC009,392,239.97,S0006,2025-02-01,11,409
2025-03-31,P000089,LOC009,379,238.06,S0006,2025-03-21,11,409
2024-10-02,P000089,LOC010,324,242.2,S0006,2024-09-29,11,409
2024-11-01,P000089,LOC010,356,242.23,S0006,2024-10-15,11,409
2024-12-01,P000089,LOC010,333,242.11,S0006,2024-11-15,11,409
2024-12-31,P000089,LOC010,287,232.16,S0006,2024-12-10,11,409
2025-01-30,P000089,LOC010,299,241.34,S0006,2025-01-24,11,409
2025-03-01,P000089,LOC010,319,246.66,S0006,2025-02-05,11,409
2025-03-31,P000089,LOC010,357,234.68,S0006,2025-03-08,11,409
2024-10-02,P000089,LOC011,356,240.87,S0006,2024-09-06,11,409
2024-11-01,P000089,LOC011,359,247.8,S0006,2024-10-24,11,409
2024-12-01,P000089,LOC011,358,247.52,S0006,2024-11-13,11,409
2024-12-31,P000089,LOC011,361,250.42,S0006,2024-12-19,11,409
2025-01-30,P000089,LOC011,312,246.98,S0006,2025-01-03,11,409
2025-03-01,P000089,LOC011,296,253.67,S0006,2025-02-12,11,409
2025-03-31,P000089,LOC011,292,254.65,S0006,2025-03-17,11,409
2024-10-02,P000089,LOC012,320,246.12,S0006,2024-09-29,11,409
2024-11-01,P000089,LOC012,310,246.28,S0006,2024-10-03,11,409
2024-12-01,P000089,LOC012,379,234.07,S0006,2024-11-05,11,409
2024-12-31,P000089,LOC012,388,242.65,S0006,2024-12-08,11,409
2025-01-30,P000089,LOC012,382,252.31,S0006,2025-01-07,11,409
2025-03-01,P000089,LOC012,385,255.88,S0006,2025-02-20,11,409
2025-03-31,P000089,LOC012,347,246.93,S0006,2025-03-01,11,409
2024-10-02,P000089,LOC013,362,232.8,S0006,2024-09-07,11,409
2024-11-01,P000089,LOC013,290,250.97,S0006,2024-10-10,11,409
2024-12-01,P000089,LOC013,312,249.74,S0006,2024-11-22,11,409
2024-12-31,P000089,LOC013,349,248.32,S0006,2024-12-06,11,409
2025-01-30,P000089,LOC013,317,243.12,S0006,2025-01-11,11,409
2025-03-01,P000089,LOC013,326,235.23,S0006,2025-02-06,11,409
2025-03-31,P000089,LOC013,324,235.61,S0006,2025-03-21,11,409
2024-10-02,P000089,LOC014,385,243.58,S0006,2024-09-27,11,409
2024-11-01,P000089,LOC014,343,233.06,S0006,2024-10-23,11,409
2024-12-01,P000089,LOC014,345,236.17,S0006,2024-11-27,11,409
2024-12-31,P000089,LOC014,312,244.97,S0006,2024-12-29,11,409
2025-01-30,P000089,LOC014,337,240.65,S0006,2025-01-06,11,409
2025-03-01,P000089,LOC014,381,239.39,S0006,2025-02-21,11,409
2025-03-31,P000089,LOC014,376,242.08,S0006,2025-03-02,11,409
2024-10-02,P000089,LOC015,299,237.96,S0006,2024-09-09,11,409
2024-11-01,P000089,LOC015,318,253.33,S0006,2024-10-03,11,409
2024-12-01,P000089,LOC015,340,238.92,S0006,2024-11-18,11,409
2024-12-31,P000089,LOC015,300,246.41,S0006,2024-12-01,11,409
2025-01-30,P000089,LOC015,298,249.77,S0006,2025-01-02,11,409
2025-03-01,P000089,LOC015,290,241.21,S0006,2025-02-01,11,409
2025-03-31,P000089,LOC015,299,232.63,S0006,2025-03-23,11,409
2024-10-02,P000089,LOC016,375,245.78,S0006,2024-09-14,11,409
2024-11-01,P000089,LOC016,371,232.56,S0006,2024-10-17,11,409
2024-12-01,P000089,LOC016,362,241.84,S0006,2024-11-07,11,409
2024-12-31,P000089,LOC016,381,244.6,S0006,2024-12-23,11,409
2025-01-30,P000089,LOC016,315,245.68,S0006,2025-01-08,11,409
2025-03-01,P000089,LOC016,375,247.1,S0006,2025-02-14,11,409
2025-03-31,P000089,LOC016,348,245.09,S0006,2025-03-29,11,409
2024-10-02,P000089,LOC017,364,256.04,S0006,2024-09-11,11,409
2024-11-01,P000089,LOC017,313,246.1,S0006,2024-10-15,11,409
2024-12-01,P000089,LOC017,318,245.78,S0006,2024-11-11,11,409
2024-12-31,P000089,LOC017,377,241.41,S0006,2024-12-28,11,409
2025-01-30,P000089,LOC017,318,241.99,S0006,2025-01-12,11,409
2025-03-01,P000089,LOC017,387,243.45,S0006,2025-02-14,11,409
2025-03-31,P000089,LOC017,364,235.26,S0006,2025-03-16,11,409
2024-10-02,P000089,LOC018,301,244.28,S0006,2024-09-09,11,409
2024-11-01,P000089,LOC018,373,254.84,S0006,2024-10-17,11,409
2024-12-01,P000089,LOC018,353,236.89,S0006,2024-11-09,11,409
2024-12-31,P000089,LOC018,367,243.15,S0006,2024-12-28,11,409
2025-01-30,P000089,LOC018,291,252.53,S0006,2025-01-03,11,409
2025-03-01,P000089,LOC018,301,245.68,S0006,2025-02-19,11,409
2025-03-31,P000089,LOC018,309,256.26,S0006,2025-03-01,11,409
2024-10-02,P000089,LOC019,289,245.49,S0006,2024-09-26,11,409
2024-11-01,P000089,LOC019,312,255.08,S0006,2024-10-16,11,409
2024-12-01,P000089,LOC019,358,246.0,S0006,2024-11-17,11,409
2024-12-31,P000089,LOC019,330,233.6,S0006,2024-12-29,11,409
2025-01-30,P000089,LOC019,388,238.79,S0006,2025-01-29,11,409
2025-03-01,P000089,LOC019,381,249.18,S0006,2025-02-15,11,409
2025-03-31,P000089,LOC019,290,249.92,S0006,2025-03-25,11,409
2024-10-02,P000089,LOC020,322,250.32,S0006,2024-09-18,11,409
2024-11-01,P000089,LOC020,358,239.4,S0006,2024-10-14,11,409
2024-12-01,P000089,LOC020,335,247.85,S0006,2024-11-08,11,409
2024-12-31,P000089,LOC020,336,246.86,S0006,2024-12-10,11,409
2025-01-30,P000089,LOC020,372,252.99,S0006,2025-01-25,11,409
2025-03-01,P000089,LOC020,374,255.19,S0006,2025-02-21,11,409
2025-03-31,P000089,LOC020,298,237.26,S0006,2025-03-15,11,409
2024-10-02,P000090,LOC001,611,379.28,S0012,2024-09-27,41,846
2024-11-01,P000090,LOC001,775,385.3,S0012,2024-10-28,41,846
2024-12-01,P000090,LOC001,630,376.64,S0012,2024-11-09,41,846
2024-12-31,P000090,LOC001,627,366.23,S0012,2024-12-28,41,846
2025-01-30,P000090,LOC001,699,377.28,S0012,2025-01-17,41,846
2025-03-01,P000090,LOC001,649,384.17,S0012,2025-02-10,41,846
2025-03-31,P000090,LOC001,780,356.24,S0012,2025-03-07,41,846
2024-10-02,P000090,LOC002,800,366.43,S0012,2024-09-30,41,846
2024-11-01,P000090,LOC002,796,386.36,S0012,2024-10-14,41,846
2024-12-01,P000090,LOC002,716,388.78,S0012,2024-11-29,41,846
2024-12-31,P000090,LOC002,715,360.14,S0012,2024-12-12,41,846
2025-01-30,P000090,LOC002,797,391.23,S0012,2025-01-12,41,846
2025-03-01,P000090,LOC002,703,361.88,S0012,2025-02-13,41,846
2025-03-31,P000090,LOC002,712,364.82,S0012,2025-03-27,41,846
2024-10-02,P000090,LOC003,680,356.5,S0012,2024-09-25,41,846
2024-11-01,P000090,LOC003,608,370.33,S0012,2024-10-17,41,846
2024-12-01,P000090,LOC003,754,390.92,S0012,2024-11-06,41,846
2024-12-31,P000090,LOC003,735,382.55,S0012,2024-12-23,41,846
2025-01-30,P000090,LOC003,779,363.3,S0012,2025-01-25,41,846
2025-03-01,P000090,LOC003,597,382.86,S0012,2025-01-30,41,846
2025-03-31,P000090,LOC003,736,360.99,S0012,2025-03-18,41,846
2024-10-02,P000090,LOC004,736,369.32,S0012,2024-09-08,41,846
2024-11-01,P000090,LOC004,675,378.18,S0012,2024-10-09,41,846
2024-12-01,P000090,LOC004,717,362.68,S0012,2024-11-23,41,846
2024-12-31,P000090,LOC004,793,360.92,S0012,2024-12-27,41,846
2025-01-30,P000090,LOC004,769,383.71,S0012,2024-12-31,41,846
2025-03-01,P000090,LOC004,624,387.26,S0012,2025-02-24,41,846
2025-03-31,P000090,LOC004,609,384.57,S0012,2025-03-23,41,846
2024-10-02,P000090,LOC005,767,374.62,S0012,2024-09-11,41,846
2024-11-01,P000090,LOC005,731,375.68,S0012,2024-10-20,41,846
2024-12-01,P000090,LOC005,688,369.72,S0012,2024-11-02,41,846
2024-12-31,P000090,LOC005,794,373.49,S0012,2024-12-28,41,846
2025-01-30,P000090,LOC005,717,364.91,S0012,2025-01-25,41,846
2025-03-01,P000090,LOC005,593,355.61,S0012,2025-02-15,41,846
2025-03-31,P000090,LOC005,797,390.08,S0012,2025-03-18,41,846
2024-10-02,P000090,LOC006,730,385.17,S0012,2024-09-17,41,846
2024-11-01,P000090,LOC006,793,389.43,S0012,2024-10-26,41,846
2024-12-01,P000090,LOC006,660,354.56,S0012,2024-11-09,41,846
2024-12-31,P000090,LOC006,746,355.88,S0012,2024-12-29,41,846
2025-01-30,P000090,LOC006,747,378.89,S0012,2025-01-23,41,846
2025-03-01,P000090,LOC006,794,360.97,S0012,2025-02-21,41,846
2025-03-31,P000090,LOC006,712,376.29,S0012,2025-03-15,41,846
2024-10-02,P000090,LOC007,818,366.21,S0012,2024-09-12,41,846
2024-11-01,P000090,LOC007,636,371.74,S0012,2024-10-23,41,846
2024-12-01,P000090,LOC007,602,389.53,S0012,2024-11-30,41,846
2024-12-31,P000090,LOC007,728,366.62,S0012,2024-12-21,41,846
2025-01-30,P000090,LOC007,660,356.85,S0012,2025-01-07,41,846
2025-03-01,P000090,LOC007,603,383.83,S0012,2025-02-21,41,846
2025-03-31,P000090,LOC007,607,361.19,S0012,2025-03-09,41,846
2024-10-02,P000090,LOC008,793,384.88,S0012,2024-09-20,41,846
2024-11-01,P000090,LOC008,672,377.22,S0012,2024-10-23,41,846
2024-12-01,P000090,LOC008,676,357.09,S0012,2024-11-19,41,846
2024-12-31,P000090,LOC008,629,362.4,S0012,2024-12-24,41,846
2025-01-30,P000090,LOC008,796,390.38,S0012,2025-01-21,41,846
2025-03-01,P000090,LOC008,775,376.22,S0012,2025-02-15,41,846
2025-03-31,P000090,LOC008,611,373.6,S0012,2025-03-11,41,846
2024-10-02,P000090,LOC009,829,360.16,S0012,2024-09-15,41,846
2024-11-01,P000090,LOC009,772,367.73,S0012,2024-10-02,41,846
2024-12-01,P000090,LOC009,832,366.62,S0012,2024-11-11,41,846
2024-12-31,P000090,LOC009,626,361.28,S0012,2024-12-15,41,846
2025-01-30,P000090,LOC009,823,359.0,S0012,2025-01-27,41,846
2025-03-01,P000090,LOC009,807,355.34,S0012,2025-02-20,41,846
2025-03-31,P000090,LOC009,757,363.81,S0012,2025-03-21,41,846
2024-10-02,P000090,LOC010,652,366.52,S0012,2024-09-30,41,846
2024-11-01,P000090,LOC010,751,364.63,S0012,2024-10-14,41,846
2024-12-01,P000090,LOC010,730,388.07,S0012,2024-11-23,41,846
2024-12-31,P000090,LOC010,617,359.81,S0012,2024-12-10,41,846
2025-01-30,P000090,LOC010,696,365.31,S0012,2024-12-31,41,846
2025-03-01,P000090,LOC010,683,362.03,S0012,2025-02-13,41,846
2025-03-31,P000090,LOC010,762,371.96,S0012,2025-03-30,41,846
2024-10-02,P000090,LOC011,842,385.81,S0012,2024-09-05,41,846
2024-11-01,P000090,LOC011,657,387.07,S0012,2024-10-29,41,846
2024-12-01,P000090,LOC011,737,359.62,S0012,2024-11-14,41,846
2024-12-31,P000090,LOC011,619,380.7,S0012,2024-12-04,41,846
2025-01-30,P000090,LOC011,732,376.37,S0012,2025-01-20,41,846
2025-03-01,P000090,LOC011,768,359.94,S0012,2025-01-30,41,846
2025-03-31,P000090,LOC011,700,357.88,S0012,2025-03-29,41,846
2024-10-02,P000090,LOC012,695,355.08,S0012,2024-09-23,41,846
2024-11-01,P000090,LOC012,779,378.63,S0012,2024-10-11,41,846
2024-12-01,P000090,LOC012,692,360.14,S0012,2024-11-08,41,846
2024-12-31,P000090,LOC012,711,390.23,S0012,2024-12-19,41,846
2025-01-30,P000090,LOC012,681,364.49,S0012,2025-01-18,41,846
2025-03-01,P000090,LOC012,752,383.9,S0012,2025-02-11,41,846
2025-03-31,P000090,LOC012,763,361.53,S0012,2025-03-24,41,846
2024-10-02,P000090,LOC013,818,356.98,S0012,2024-09-25,41,846
2024-11-01,P000090,LOC013,722,386.79,S0012,2024-10-08,41,846
2024-12-01,P000090,LOC013,684,363.93,S0012,2024-11-03,41,846
2024-12-31,P000090,LOC013,682,369.68,S0012,2024-12-25,41,846
2025-01-30,P000090,LOC013,600,364.98,S0012,2025-01-23,41,846
2025-03-01,P000090,LOC013,664,367.32,S0012,2025-02-04,41,846
2025-03-31,P000090,LOC013,690,379.56,S0012,2025-03-18,41,846
2024-10-02,P000090,LOC014,819,376.47,S0012,2024-09-10,41,846
2024-11-01,P000090,LOC014,825,376.16,S0012,2024-10-27,41,846
2024-12-01,P000090,LOC014,639,362.97,S0012,2024-11-16,41,846
2024-12-31,P000090,LOC014,737,378.71,S0012,2024-12-26,41,846
2025-01-30,P000090,LOC014,624,390.88,S0012,2025-01-23,41,846
2025-03-01,P000090,LOC014,696,385.94,S0012,2025-02-14,41,846
2025-03-31,P000090,LOC014,725,385.15,S0012,2025-03-05,41,846
2024-10-02,P000090,LOC015,703,374.73,S0012,2024-09-11,41,846
2024-11-01,P000090,LOC015,653,389.75,S0012,2024-10-31,41,846
2024-12-01,P000090,LOC015,684,356.91,S0012,2024-11-30,41,846
2024-12-31,P000090,LOC015,784,376.0,S0012,2024-12-23,41,846
2025-01-30,P000090,LOC015,693,375.69,S0012,2025-01-12,41,846
2025-03-01,P000090,LOC015,623,374.26,S0012,2025-02-17,41,846
2025-03-31,P000090,LOC015,619,375.63,S0012,2025-03-12,41,846
2024-10-02,P000090,LOC016,803,365.1,S0012,2024-09-20,41,846
2024-11-01,P000090,LOC016,809,391.17,S0012,2024-10-24,41,846
2024-12-01,P000090,LOC016,794,383.3,S0012,2024-11-16,41,846
2024-12-31,P000090,LOC016,783,357.9,S0012,2024-12-12,41,846
2025-01-30,P000090,LOC016,770,390.45,S0012,2025-01-21,41,846
2025-03-01,P000090,LOC016,702,379.31,S0012,2025-02-27,41,846
2025-03-31,P000090,LOC016,654,359.37,S0012,2025-03-29,41,846
2024-10-02,P000090,LOC017,845,376.96,S0012,2024-09-19,41,846
2024-11-01,P000090,LOC017,602,360.47,S0012,2024-10-13,41,846
2024-12-01,P000090,LOC017,608,384.03,S0012,2024-11-24,41,846
2024-12-31,P000090,LOC017,601,373.64,S0012,2024-12-15,41,846
2025-01-30,P000090,LOC017,614,365.81,S0012,2025-01-14,41,846
2025-03-01,P000090,LOC017,682,389.85,S0012,2025-02-14,41,846
2025-03-31,P000090,LOC017,612,358.15,S0012,2025-03-01,41,846
2024-10-02,P000090,LOC018,829,377.11,S0012,2024-09-21,41,846
2024-11-01,P000090,LOC018,731,376.85,S0012,2024-10-19,41,846
2024-12-01,P000090,LOC018,712,374.93,S0012,2024-11-23,41,846
2024-12-31,P000090,LOC018,645,391.53,S0012,2024-12-14,41,846
2025-01-30,P000090,LOC018,646,356.14,S0012,2024-12-31,41,846
2025-03-01,P000090,LOC018,609,369.17,S0012,2025-02-08,41,846
2025-03-31,P000090,LOC018,698,389.64,S0012,2025-03-21,41,846
2024-10-02,P000090,LOC019,777,384.22,S0012,2024-09-11,41,846
2024-11-01,P000090,LOC019,764,368.04,S0012,2024-10-04,41,846
2024-12-01,P000090,LOC019,846,362.74,S0012,2024-11-19,41,846
2024-12-31,P000090,LOC019,616,363.22,S0012,2024-12-03,41,846
2025-01-30,P000090,LOC019,732,374.12,S0012,2025-01-16,41,846
2025-03-01,P000090,LOC019,630,370.88,S0012,2025-02-24,41,846
2025-03-31,P000090,LOC019,630,383.77,S0012,2025-03-17,41,846
2024-10-02,P000090,LOC020,675,388.4,S0012,2024-09-07,41,846
2024-11-01,P000090,LOC020,609,390.73,S0012,2024-10-15,41,846
2024-12-01,P000090,LOC020,777,383.2,S0012,2024-11-27,41,846
2024-12-31,P000090,LOC020,655,371.74,S0012,2024-12-22,41,846
2025-01-30,P000090,LOC020,716,378.61,S0012,2025-01-09,41,846
2025-03-01,P000090,LOC020,688,377.6,S0012,2025-02-11,41,846
2025-03-31,P000090,LOC020,733,366.29,S0012,2025-03-27,41,846
2024-10-02,P000091,LOC001,790,143.93,S0019,2024-09-08,13,912
2024-11-01,P000091,LOC001,846,136.79,S0019,2024-10-25,13,912
2024-12-01,P000091,LOC001,820,139.22,S0019,2024-11-05,13,912
2024-12-31,P000091,LOC001,780,135.4,S0019,2024-12-07,13,912
2025-01-30,P000091,LOC001,752,143.6,S0019,2025-01-07,13,912
2025-03-01,P000091,LOC001,777,148.4,S0019,2025-02-05,13,912
2025-03-31,P000091,LOC001,865,137.43,S0019,2025-03-17,13,912
2024-10-02,P000091,LOC002,693,138.64,S0019,2024-09-24,13,912
2024-11-01,P000091,LOC002,774,142.86,S0019,2024-10-28,13,912
2024-12-01,P000091,LOC002,754,148.66,S0019,2024-11-28,13,912
2024-12-31,P000091,LOC002,828,135.34,S0019,2024-12-27,13,912
2025-01-30,P000091,LOC002,809,136.05,S0019,2025-01-08,13,912
2025-03-01,P000091,LOC002,801,140.63,S0019,2025-02-06,13,912
2025-03-31,P000091,LOC002,787,140.78,S0019,2025-03-06,13,912
2024-10-02,P000091,LOC003,778,142.59,S0019,2024-09-10,13,912
2024-11-01,P000091,LOC003,781,141.31,S0019,2024-10-10,13,912
2024-12-01,P000091,LOC003,874,146.49,S0019,2024-11-26,13,912
2024-12-31,P000091,LOC003,868,148.52,S0019,2024-12-07,13,912
2025-01-30,P000091,LOC003,780,138.29,S0019,2025-01-05,13,912
2025-03-01,P000091,LOC003,698,138.43,S0019,2025-02-20,13,912
2025-03-31,P000091,LOC003,858,143.44,S0019,2025-03-22,13,912
2024-10-02,P000091,LOC004,797,144.62,S0019,2024-09-06,13,912
2024-11-01,P000091,LOC004,820,142.85,S0019,2024-10-30,13,912
2024-12-01,P000091,LOC004,779,142.95,S0019,2024-11-28,13,912
2024-12-31,P000091,LOC004,816,143.5,S0019,2024-12-12,13,912
2025-01-30,P000091,LOC004,901,144.7,S0019,2025-01-19,13,912
2025-03-01,P000091,LOC004,837,139.37,S0019,2025-02-17,13,912
2025-03-31,P000091,LOC004,681,142.39,S0019,2025-03-30,13,912
2024-10-02,P000091,LOC005,731,135.41,S0019,2024-09-12,13,912
2024-11-01,P000091,LOC005,752,147.38,S0019,2024-10-31,13,912
2024-12-01,P000091,LOC005,848,144.13,S0019,2024-11-29,13,912
2024-12-31,P000091,LOC005,878,138.29,S0019,2024-12-14,13,912
2025-01-30,P000091,LOC005,890,149.54,S0019,2025-01-01,13,912
2025-03-01,P000091,LOC005,907,142.71,S0019,2025-02-08,13,912
2025-03-31,P000091,LOC005,680,149.04,S0019,2025-03-14,13,912
2024-10-02,P000091,LOC006,698,143.12,S0019,2024-09-06,13,912
2024-11-01,P000091,LOC006,788,144.67,S0019,2024-10-23,13,912
2024-12-01,P000091,LOC006,782,147.98,S0019,2024-11-26,13,912
2024-12-31,P000091,LOC006,818,146.83,S0019,2024-12-04,13,912
2025-01-30,P000091,LOC006,871,143.41,S0019,2025-01-17,13,912
2025-03-01,P000091,LOC006,895,145.42,S0019,2025-01-31,13,912
2025-03-31,P000091,LOC006,808,139.43,S0019,2025-03-07,13,912
2024-10-02,P000091,LOC007,806,144.58,S0019,2024-09-24,13,912
2024-11-01,P000091,LOC007,784,138.51,S0019,2024-10-19,13,912
2024-12-01,P000091,LOC007,762,142.55,S0019,2024-11-23,13,912
2024-12-31,P000091,LOC007,832,148.41,S0019,2024-12-02,13,912
2025-01-30,P000091,LOC007,815,136.32,S0019,2024-12-31,13,912
2025-03-01,P000091,LOC007,784,135.79,S0019,2025-02-23,13,912
2025-03-31,P000091,LOC007,880,145.92,S0019,2025-03-08,13,912
2024-10-02,P000091,LOC008,742,136.2,S0019,2024-09-11,13,912
2024-11-01,P000091,LOC008,773,146.22,S0019,2024-10-05,13,912
2024-12-01,P000091,LOC008,856,137.04,S0019,2024-11-28,13,912
2024-12-31,P000091,LOC008,874,144.27,S0019,2024-12-19,13,912
2025-01-30,P000091,LOC008,826,147.14,S0019,2025-01-01,13,912
2025-03-01,P000091,LOC008,788,139.47,S0019,2025-02-17,13,912
2025-03-31,P000091,LOC008,777,147.63,S0019,2025-03-20,13,912
2024-10-02,P000091,LOC009,839,145.44,S0019,2024-09-25,13,912
2024-11-01,P000091,LOC009,876,138.17,S0019,2024-10-27,13,912
2024-12-01,P000091,LOC009,776,135.87,S0019,2024-11-11,13,912
2024-12-31,P000091,LOC009,837,149.57,S0019,2024-12-01,13,912
2025-01-30,P000091,LOC009,662,148.32,S0019,2025-01-08,13,912
2025-03-01,P000091,LOC009,760,143.14,S0019,2025-02-09,13,912
2025-03-31,P000091,LOC009,639,139.53,S0019,2025-03-07,13,912
2024-10-02,P000091,LOC010,794,142.85,S0019,2024-10-01,13,912
2024-11-01,P000091,LOC010,889,143.03,S0019,2024-10-14,13,912
2024-12-01,P000091,LOC010,898,136.79,S0019,2024-11-17,13,912
2024-12-31,P000091,LOC010,665,144.78,S0019,2024-12-03,13,912
2025-01-30,P000091,LOC010,677,137.07,S0019,2025-01-07,13,912
2025-03-01,P000091,LOC010,747,139.84,S0019,2025-02-26,13,912
2025-03-31,P000091,LOC010,796,148.45,S0019,2025-03-05,13,912
2024-10-02,P000091,LOC011,792,137.49,S0019,2024-09-16,13,912
2024-11-01,P000091,LOC011,880,142.79,S0019,2024-10-30,13,912
2024-12-01,P000091,LOC011,842,136.28,S0019,2024-11-09,13,912
2024-12-31,P000091,LOC011,905,138.19,S0019,2024-12-29,13,912
2025-01-30,P000091,LOC011,836,136.63,S0019,2025-01-18,13,912
2025-03-01,P000091,LOC011,858,142.88,S0019,2025-02-19,13,912
2025-03-31,P000091,LOC011,775,145.09,S0019,2025-03-27,13,912
2024-10-02,P000091,LOC012,700,142.03,S0019,2024-09-22,13,912
2024-11-01,P000091,LOC012,796,146.1,S0019,2024-10-08,13,912
2024-12-01,P000091,LOC012,767,147.85,S0019,2024-11-27,13,912
2024-12-31,P000091,LOC012,816,148.45,S0019,2024-12-28,13,912
2025-01-30,P000091,LOC012,899,140.35,S0019,2025-01-05,13,912
2025-03-01,P000091,LOC012,749,141.24,S0019,2025-02-28,13,912
2025-03-31,P000091,LOC012,779,145.21,S0019,2025-03-16,13,912
2024-10-02,P000091,LOC013,749,141.39,S0019,2024-09-07,13,912
2024-11-01,P000091,LOC013,788,137.44,S0019,2024-10-30,13,912
2024-12-01,P000091,LOC013,749,135.5,S0019,2024-11-07,13,912
2024-12-31,P000091,LOC013,785,135.74,S0019,2024-12-08,13,912
2025-01-30,P000091,LOC013,817,144.48,S0019,2025-01-12,13,912
2025-03-01,P000091,LOC013,893,143.28,S0019,2025-02-20,13,912
2025-03-31,P000091,LOC013,900,139.92,S0019,2025-03-27,13,912
2024-10-02,P000091,LOC014,691,143.78,S0019,2024-09-05,13,912
2024-11-01,P000091,LOC014,668,139.77,S0019,2024-10-29,13,912
2024-12-01,P000091,LOC014,730,142.23,S0019,2024-11-15,13,912
2024-12-31,P000091,LOC014,829,143.15,S0019,2024-12-26,13,912
2025-01-30,P000091,LOC014,825,145.76,S0019,2025-01-12,13,912
2025-03-01,P000091,LOC014,789,141.48,S0019,2025-02-09,13,912
2025-03-31,P000091,LOC014,813,141.22,S0019,2025-03-29,13,912
2024-10-02,P000091,LOC015,706,135.62,S0019,2024-09-14,13,912
2024-11-01,P000091,LOC015,715,147.44,S0019,2024-10-05,13,912
2024-12-01,P000091,LOC015,792,143.61,S0019,2024-11-13,13,912
2024-12-31,P000091,LOC015,785,142.18,S0019,2024-12-24,13,912
2025-01-30,P000091,LOC015,821,147.09,S0019,2025-01-26,13,912
2025-03-01,P000091,LOC015,815,137.54,S0019,2025-02-06,13,912
2025-03-31,P000091,LOC015,806,138.28,S0019,2025-03-13,13,912
2024-10-02,P000091,LOC016,794,140.66,S0019,2024-09-27,13,912
2024-11-01,P000091,LOC016,786,146.78,S0019,2024-10-20,13,912
2024-12-01,P000091,LOC016,758,135.78,S0019,2024-11-30,13,912
2024-12-31,P000091,LOC016,751,149.27,S0019,2024-12-30,13,912
2025-01-30,P000091,LOC016,708,135.34,S0019,2025-01-04,13,912
2025-03-01,P000091,LOC016,675,139.5,S0019,2025-02-27,13,912
2025-03-31,P000091,LOC016,715,141.35,S0019,2025-03-22,13,912
2024-10-02,P000091,LOC017,714,142.73,S0019,2024-09-09,13,912
2024-11-01,P000091,LOC017,725,145.64,S0019,2024-10-02,13,912
2024-12-01,P000091,LOC017,703,145.15,S0019,2024-11-10,13,912
2024-12-31,P000091,LOC017,726,146.01,S0019,2024-12-10,13,912
2025-01-30,P000091,LOC017,696,137.92,S0019,2025-01-04,13,912
2025-03-01,P000091,LOC017,789,142.05,S0019,2025-02-18,13,912
2025-03-31,P000091,LOC017,818,146.33,S0019,2025-03-04,13,912
2024-10-02,P000091,LOC018,732,139.1,S0019,2024-09-03,13,912
2024-11-01,P000091,LOC018,752,138.0,S0019,2024-10-20,13,912
2024-12-01,P000091,LOC018,823,140.81,S0019,2024-11-14,13,912
2024-12-31,P000091,LOC018,860,138.12,S0019,2024-12-22,13,912
2025-01-30,P000091,LOC018,720,145.57,S0019,2024-12-31,13,912
2025-03-01,P000091,LOC018,792,136.03,S0019,2025-01-30,13,912
2025-03-31,P000091,LOC018,795,147.14,S0019,2025-03-16,13,912
2024-10-02,P000091,LOC019,709,144.63,S0019,2024-09-12,13,912
2024-11-01,P000091,LOC019,808,136.25,S0019,2024-10-30,13,912
2024-12-01,P000091,LOC019,790,139.81,S0019,2024-11-28,13,912
2024-12-31,P000091,LOC019,797,143.43,S0019,2024-12-24,13,912
2025-01-30,P000091,LOC019,806,138.5,S0019,2025-01-16,13,912
2025-03-01,P000091,LOC019,903,144.66,S0019,2025-02-24,13,912
2025-03-31,P000091,LOC019,898,144.48,S0019,2025-03-23,13,912
2024-10-02,P000091,LOC020,760,140.03,S0019,2024-09-18,13,912
2024-11-01,P000091,LOC020,778,139.42,S0019,2024-10-16,13,912
2024-12-01,P000091,LOC020,735,138.89,S0019,2024-11-30,13,912
2024-12-31,P000091,LOC020,832,145.24,S0019,2024-12-15,13,912
2025-01-30,P000091,LOC020,843,145.75,S0019,2025-01-02,13,912
2025-03-01,P000091,LOC020,883,138.37,S0019,2025-02-08,13,912
2025-03-31,P000091,LOC020,728,142.02,S0019,2025-03-11,13,912
2024-10-02,P000092,LOC001,149,78.66,S0022,2024-09-18,36,1003
2024-11-01,P000092,LOC001,210,75.83,S0022,2024-10-10,36,1003
2024-12-01,P000092,LOC001,199,75.47,S0022,2024-11-19,36,1003
2024-12-31,P000092,LOC001,207,81.69,S0022,2024-12-08,36,1003
2025-01-30,P000092,LOC001,273,80.1,S0022,2025-01-18,36,1003
2025-03-01,P000092,LOC001,312,75.48,S0022,2025-02-15,36,1003
2025-03-31,P000092,LOC001,304,80.83,S0022,2025-03-29,36,1003
2024-10-02,P000092,LOC002,186,76.49,S0022,2024-09-03,36,1003
2024-11-01,P000092,LOC002,218,81.06,S0022,2024-10-07,36,1003
2024-12-01,P000092,LOC002,215,76.93,S0022,2024-11-25,36,1003
2024-12-31,P000092,LOC002,237,75.01,S0022,2024-12-07,36,1003
2025-01-30,P000092,LOC002,201,80.35,S0022,2025-01-25,36,1003
2025-03-01,P000092,LOC002,281,79.24,S0022,2025-02-14,36,1003
2025-03-31,P000092,LOC002,232,82.04,S0022,2025-03-10,36,1003
2024-10-02,P000092,LOC003,204,79.44,S0022,2024-09-19,36,1003
2024-11-01,P000092,LOC003,296,80.11,S0022,2024-10-25,36,1003
2024-12-01,P000092,LOC003,299,77.89,S0022,2024-11-16,36,1003
2024-12-31,P000092,LOC003,338,81.63,S0022,2024-12-20,36,1003
2025-01-30,P000092,LOC003,315,80.33,S0022,2025-01-18,36,1003
2025-03-01,P000092,LOC003,321,76.84,S0022,2025-02-22,36,1003
2025-03-31,P000092,LOC003,363,82.4,S0022,2025-03-09,36,1003
2024-10-02,P000092,LOC004,232,75.8,S0022,2024-09-14,36,1003
2024-11-01,P000092,LOC004,327,78.58,S0022,2024-10-17,36,1003
2024-12-01,P000092,LOC004,418,75.81,S0022,2024-11-24,36,1003
2024-12-31,P000092,LOC004,383,75.41,S0022,2024-12-18,36,1003
2025-01-30,P000092,LOC004,481,77.06,S0022,2025-01-04,36,1003
2025-03-01,P000092,LOC004,461,77.51,S0022,2025-02-19,36,1003
2025-03-31,P000092,LOC004,450,78.64,S0022,2025-03-28,36,1003
2024-10-02,P000092,LOC005,259,77.11,S0022,2024-09-11,36,1003
2024-11-01,P000092,LOC005,256,75.97,S0022,2024-10-04,36,1003
2024-12-01,P000092,LOC005,347,82.4,S0022,2024-11-13,36,1003
2024-12-31,P000092,LOC005,345,76.17,S0022,2024-12-27,36,1003
2025-01-30,P000092,LOC005,419,76.46,S0022,2025-01-07,36,1003
2025-03-01,P000092,LOC005,513,77.23,S0022,2025-02-19,36,1003
2025-03-31,P000092,LOC005,610,82.58,S0022,2025-03-21,36,1003
2024-10-02,P000092,LOC006,204,77.74,S0022,2024-09-07,36,1003
2024-11-01,P000092,LOC006,201,76.38,S0022,2024-10-28,36,1003
2024-12-01,P000092,LOC006,174,82.8,S0022,2024-11-12,36,1003
2024-12-31,P000092,LOC006,203,77.96,S0022,2024-12-06,36,1003
2025-01-30,P000092,LOC006,256,81.53,S0022,2025-01-07,36,1003
2025-03-01,P000092,LOC006,283,78.44,S0022,2025-02-11,36,1003
2025-03-31,P000092,LOC006,297,77.38,S0022,2025-03-19,36,1003
2024-10-02,P000092,LOC007,139,82.37,S0022,2024-09-14,36,1003
2024-11-01,P000092,LOC007,119,75.71,S0022,2024-10-06,36,1003
2024-12-01,P000092,LOC007,114,76.54,S0022,2024-11-02,36,1003
2024-12-31,P000092,LOC007,144,81.37,S0022,2024-12-05,36,1003
2025-01-30,P000092,LOC007,150,75.33,S0022,2025-01-11,36,1003
2025-03-01,P000092,LOC007,241,81.12,S0022,2025-02-15,36,1003
2025-03-31,P000092,LOC007,222,81.16,S0022,2025-03-03,36,1003
2024-10-02,P000092,LOC008,185,77.17,S0022,2024-09-06,36,1003
2024-11-01,P000092,LOC008,182,77.65,S0022,2024-10-21,36,1003
2024-12-01,P000092,LOC008,144,81.72,S0022,2024-11-08,36,1003
2024-12-31,P000092,LOC008,124,75.49,S0022,2024-12-06,36,1003
2025-01-30,P000092,LOC008,127,80.65,S0022,2025-01-29,36,1003
2025-03-01,P000092,LOC008,88,75.18,S0022,2025-02-06,36,1003
2025-03-31,P000092,LOC008,78,76.09,S0022,2025-03-15,36,1003
2024-10-02,P000092,LOC009,221,78.14,S0022,2024-09-29,36,1003
2024-11-01,P000092,LOC009,214,76.05,S0022,2024-10-08,36,1003
2024-12-01,P000092,LOC009,252,76.85,S0022,2024-11-30,36,1003
2024-12-31,P000092,LOC009,342,77.06,S0022,2024-12-07,36,1003
2025-01-30,P000092,LOC009,311,80.64,S0022,2025-01-23,36,1003
2025-03-01,P000092,LOC009,309,81.99,S0022,2025-02-25,36,1003
2025-03-31,P000092,LOC009,404,80.36,S0022,2025-03-19,36,1003
2024-10-02,P000092,LOC010,272,82.32,S0022,2024-09-11,36,1003
2024-11-01,P000092,LOC010,262,76.34,S0022,2024-10-07,36,1003
2024-12-01,P000092,LOC010,331,77.45,S0022,2024-11-01,36,1003
2024-12-31,P000092,LOC010,318,80.35,S0022,2024-12-16,36,1003
2025-01-30,P000092,LOC010,320,79.89,S0022,2025-01-26,36,1003
2025-03-01,P000092,LOC010,362,77.23,S0022,2025-02-11,36,1003
2025-03-31,P000092,LOC010,383,82.45,S0022,2025-03-04,36,1003
2024-10-02,P000092,LOC011,158,81.66,S0022,2024-09-21,36,1003
2024-11-01,P000092,LOC011,116,80.99,S0022,2024-10-31,36,1003
2024-12-01,P000092,LOC011,214,76.08,S0022,2024-11-06,36,1003
2024-12-31,P000092,LOC011,285,80.02,S0022,2024-12-22,36,1003
2025-01-30,P000092,LOC011,338,78.78,S0022,2025-01-26,36,1003
2025-03-01,P000092,LOC011,413,75.15,S0022,2025-02-16,36,1003
2025-03-31,P000092,LOC011,375,80.65,S0022,2025-03-11,36,1003
2024-10-02,P000092,LOC012,277,78.79,S0022,2024-09-13,36,1003
2024-11-01,P000092,LOC012,309,75.04,S0022,2024-10-27,36,1003
2024-12-01,P000092,LOC012,386,82.68,S0022,2024-11-27,36,1003
2024-12-31,P000092,LOC012,377,82.13,S0022,2024-12-12,36,1003
2025-01-30,P000092,LOC012,476,82.03,S0022,2025-01-23,36,1003
2025-03-01,P000092,LOC012,426,79.47,S0022,2025-02-27,36,1003
2025-03-31,P000092,LOC012,426,79.4,S0022,2025-03-29,36,1003
2024-10-02,P000092,LOC013,223,78.13,S0022,2024-09-11,36,1003
2024-11-01,P000092,LOC013,292,76.54,S0022,2024-10-17,36,1003
2024-12-01,P000092,LOC013,277,76.48,S0022,2024-11-26,36,1003
2024-12-31,P000092,LOC013,309,78.98,S0022,2024-12-13,36,1003
2025-01-30,P000092,LOC013,341,82.7,S0022,2025-01-29,36,1003
2025-03-01,P000092,LOC013,431,81.87,S0022,2025-02-24,36,1003
2025-03-31,P000092,LOC013,449,81.79,S0022,2025-03-10,36,1003
2024-10-02,P000092,LOC014,201,81.41,S0022,2024-09-06,36,1003
2024-11-01,P000092,LOC014,169,78.62,S0022,2024-10-19,36,1003
2024-12-01,P000092,LOC014,254,80.98,S0022,2024-11-13,36,1003
2024-12-31,P000092,LOC014,274,75.87,S0022,2024-12-17,36,1003
2025-01-30,P000092,LOC014,265,81.23,S0022,2025-01-17,36,1003
2025-03-01,P000092,LOC014,296,80.93,S0022,2025-02-11,36,1003
2025-03-31,P000092,LOC014,318,79.8,S0022,2025-03-21,36,1003
2024-10-02,P000092,LOC015,269,76.53,S0022,2024-09-02,36,1003
2024-11-01,P000092,LOC015,294,75.52,S0022,2024-10-12,36,1003
2024-12-01,P000092,LOC015,330,81.09,S0022,2024-11-11,36,1003
2024-12-31,P000092,LOC015,339,75.4,S0022,2024-12-30,36,1003
2025-01-30,P000092,LOC015,299,80.23,S0022,2025-01-24,36,1003
2025-03-01,P000092,LOC015,330,79.5,S0022,2025-02-01,36,1003
2025-03-31,P000092,LOC015,419,78.64,S0022,2025-03-15,36,1003
2024-10-02,P000092,LOC016,230,81.34,S0022,2024-09-24,36,1003
2024-11-01,P000092,LOC016,278,80.66,S0022,2024-10-07,36,1003
2024-12-01,P000092,LOC016,264,81.12,S0022,2024-11-26,36,1003
2024-12-31,P000092,LOC016,344,82.75,S0022,2024-12-20,36,1003
2025-01-30,P000092,LOC016,427,79.92,S0022,2025-01-16,36,1003
2025-03-01,P000092,LOC016,467,81.8,S0022,2025-02-01,36,1003
2025-03-31,P000092,LOC016,561,75.14,S0022,2025-03-05,36,1003
2024-10-02,P000092,LOC017,220,75.78,S0022,2024-09-12,36,1003
2024-11-01,P000092,LOC017,267,78.73,S0022,2024-10-05,36,1003
2024-12-01,P000092,LOC017,226,78.19,S0022,2024-11-26,36,1003
2024-12-31,P000092,LOC017,249,76.55,S0022,2024-12-14,36,1003
2025-01-30,P000092,LOC017,342,75.08,S0022,2025-01-01,36,1003
2025-03-01,P000092,LOC017,349,75.8,S0022,2025-02-10,36,1003
2025-03-31,P000092,LOC017,337,81.97,S0022,2025-03-16,36,1003
2024-10-02,P000092,LOC018,142,79.49,S0022,2024-09-02,36,1003
2024-11-01,P000092,LOC018,185,82.68,S0022,2024-10-16,36,1003
2024-12-01,P000092,LOC018,202,80.69,S0022,2024-11-06,36,1003
2024-12-31,P000092,LOC018,225,81.74,S0022,2024-12-12,36,1003
2025-01-30,P000092,LOC018,287,75.63,S0022,2025-01-05,36,1003
2025-03-01,P000092,LOC018,373,82.25,S0022,2025-02-22,36,1003
2025-03-31,P000092,LOC018,336,76.62,S0022,2025-03-07,36,1003
2024-10-02,P000092,LOC019,220,78.33,S0022,2024-09-17,36,1003
2024-11-01,P000092,LOC019,268,81.57,S0022,2024-10-31,36,1003
2024-12-01,P000092,LOC019,227,80.96,S0022,2024-11-11,36,1003
2024-12-31,P000092,LOC019,181,81.53,S0022,2024-12-29,36,1003
2025-01-30,P000092,LOC019,191,82.69,S0022,2025-01-27,36,1003
2025-03-01,P000092,LOC019,231,76.38,S0022,2025-02-06,36,1003
2025-03-31,P000092,LOC019,192,81.75,S0022,2025-03-15,36,1003
2024-10-02,P000092,LOC020,255,79.87,S0022,2024-09-05,36,1003
2024-11-01,P000092,LOC020,341,82.62,S0022,2024-10-12,36,1003
2024-12-01,P000092,LOC020,381,76.94,S0022,2024-11-06,36,1003
2024-12-31,P000092,LOC020,451,76.46,S0022,2024-12-02,36,1003
2025-01-30,P000092,LOC020,546,77.59,S0022,2025-01-28,36,1003
2025-03-01,P000092,LOC020,595,81.65,S0022,2025-02-28,36,1003
2025-03-31,P000092,LOC020,640,79.32,S0022,2025-03-28,36,1003
2024-10-02,P000093,LOC001,166,251.13,S0002,2024-10-01,49,718
2024-11-01,P000093,LOC001,249,251.22,S0002,2024-10-16,49,718
2024-12-01,P000093,LOC001,250,231.85,S0002,2024-11-05,49,718
2024-12-31,P000093,LOC001,268,235.3,S0002,2024-12-17,49,718
2025-01-30,P000093,LOC001,323,238.93,S0002,2025-01-20,49,718
2025-03-01,P000093,LOC001,295,241.55,S0002,2025-02-25,49,718
2025-03-31,P000093,LOC001,325,240.84,S0002,2025-03-18,49,718
2024-10-02,P000093,LOC002,234,234.22,S0002,2024-09-04,49,718
2024-11-01,P000093,LOC002,311,236.2,S0002,2024-10-25,49,718
2024-12-01,P000093,LOC002,394,241.77,S0002,2024-11-28,49,718
2024-12-31,P000093,LOC002,358,243.77,S0002,2024-12-04,49,718
2025-01-30,P000093,LOC002,440,254.95,S0002,2025-01-20,49,718
2025-03-01,P000093,LOC002,460,243.96,S0002,2025-02-08,49,718
2025-03-31,P000093,LOC002,519,252.23,S0002,2025-03-14,49,718
2024-10-02,P000093,LOC003,121,248.85,S0002,2024-09-08,49,718
2024-11-01,P000093,LOC003,137,231.65,S0002,2024-10-29,49,718
2024-12-01,P000093,LOC003,168,242.81,S0002,2024-11-21,49,718
2024-12-31,P000093,LOC003,237,244.87,S0002,2024-12-16,49,718
2025-01-30,P000093,LOC003,303,252.03,S0002,2025-01-08,49,718
2025-03-01,P000093,LOC003,391,239.17,S0002,2025-02-01,49,718
2025-03-31,P000093,LOC003,475,245.04,S0002,2025-03-26,49,718
2024-10-02,P000093,LOC004,173,236.8,S0002,2024-09-28,49,718
2024-11-01,P000093,LOC004,157,232.67,S0002,2024-10-05,49,718
2024-12-01,P000093,LOC004,211,234.3,S0002,2024-11-11,49,718
2024-12-31,P000093,LOC004,185,248.18,S0002,2024-12-09,49,718
2025-01-30,P000093,LOC004,173,253.32,S0002,2025-01-14,49,718
2025-03-01,P000093,LOC004,170,234.62,S0002,2025-02-09,49,718
2025-03-31,P000093,LOC004,258,232.97,S0002,2025-03-23,49,718
2024-10-02,P000093,LOC005,178,254.38,S0002,2024-09-05,49,718
2024-11-01,P000093,LOC005,141,237.53,S0002,2024-10-20,49,718
2024-12-01,P000093,LOC005,94,250.42,S0002,2024-11-30,49,718
2024-12-31,P000093,LOC005,130,238.33,S0002,2024-12-05,49,718
2025-01-30,P000093,LOC005,204,232.75,S0002,2025-01-29,49,718
2025-03-01,P000093,LOC005,265,239.68,S0002,2025-02-10,49,718
2025-03-31,P000093,LOC005,222,236.71,S0002,2025-03-17,49,718
2024-10-02,P000093,LOC006,192,231.26,S0002,2024-09-11,49,718
2024-11-01,P000093,LOC006,210,251.85,S0002,2024-10-05,49,718
2024-12-01,P000093,LOC006,174,238.11,S0002,2024-11-22,49,718
2024-12-31,P000093,LOC006,179,240.38,S0002,2024-12-16,49,718
2025-01-30,P000093,LOC006,206,231.31,S0002,2025-01-25,49,718
2025-03-01,P000093,LOC006,164,231.41,S0002,2025-02-20,49,718
2025-03-31,P000093,LOC006,137,241.66,S0002,2025-03-06,49,718
2024-10-02,P000093,LOC007,147,234.7,S0002,2024-09-06,49,718
2024-11-01,P000093,LOC007,228,245.96,S0002,2024-10-20,49,718
2024-12-01,P000093,LOC007,321,248.16,S0002,2024-11-21,49,718
2024-12-31,P000093,LOC007,374,237.54,S0002,2024-12-28,49,718
2025-01-30,P000093,LOC007,355,251.66,S0002,2025-01-06,49,718
2025-03-01,P000093,LOC007,332,236.64,S0002,2025-02-08,49,718
2025-03-31,P000093,LOC007,374,250.04,S0002,2025-03-26,49,718
2024-10-02,P000093,LOC008,155,237.05,S0002,2024-09-08,49,718
2024-11-01,P000093,LOC008,187,242.87,S0002,2024-10-08,49,718
2024-12-01,P000093,LOC008,185,233.15,S0002,2024-11-24,49,718
2024-12-31,P000093,LOC008,164,232.17,S0002,2024-12-26,49,718
2025-01-30,P000093,LOC008,248,240.56,S0002,2025-01-07,49,718
2025-03-01,P000093,LOC008,237,240.48,S0002,2025-02-27,49,718
2025-03-31,P000093,LOC008,199,247.04,S0002,2025-03-25,49,718
2024-10-02,P000093,LOC009,190,234.55,S0002,2024-09-23,49,718
2024-11-01,P000093,LOC009,237,252.1,S0002,2024-10-13,49,718
2024-12-01,P000093,LOC009,291,235.18,S0002,2024-11-20,49,718
2024-12-31,P000093,LOC009,326,248.51,S0002,2024-12-13,49,718
2025-01-30,P000093,LOC009,383,233.91,S0002,2025-01-26,49,718
2025-03-01,P000093,LOC009,343,251.93,S0002,2025-02-09,49,718
2025-03-31,P000093,LOC009,426,249.38,S0002,2025-03-10,49,718
2024-10-02,P000093,LOC010,170,253.56,S0002,2024-09-27,49,718
2024-11-01,P000093,LOC010,129,249.39,S0002,2024-10-26,49,718
2024-12-01,P000093,LOC010,175,246.68,S0002,2024-11-24,49,718
2024-12-31,P000093,LOC010,196,249.66,S0002,2024-12-01,49,718
2025-01-30,P000093,LOC010,198,231.96,S0002,2025-01-29,49,718
2025-03-01,P000093,LOC010,208,243.8,S0002,2025-02-26,49,718
2025-03-31,P000093,LOC010,306,254.33,S0002,2025-03-16,49,718
2024-10-02,P000093,LOC011,232,249.33,S0002,2024-09-04,49,718
2024-11-01,P000093,LOC011,235,239.37,S0002,2024-10-08,49,718
2024-12-01,P000093,LOC011,289,236.26,S0002,2024-11-05,49,718
2024-12-31,P000093,LOC011,379,237.52,S0002,2024-12-21,49,718
2025-01-30,P000093,LOC011,467,254.61,S0002,2025-01-06,49,718
2025-03-01,P000093,LOC011,425,239.42,S0002,2025-02-24,49,718
2025-03-31,P000093,LOC011,489,240.58,S0002,2025-03-04,49,718
2024-10-02,P000093,LOC012,192,238.84,S0002,2024-09-23,49,718
2024-11-01,P000093,LOC012,144,254.22,S0002,2024-10-02,49,718
2024-12-01,P000093,LOC012,198,237.75,S0002,2024-11-23,49,718
2024-12-31,P000093,LOC012,235,254.04,S0002,2024-12-09,49,718
2025-01-30,P000093,LOC012,334,244.86,S0002,2025-01-14,49,718
2025-03-01,P000093,LOC012,334,245.78,S0002,2025-02-26,49,718
2025-03-31,P000093,LOC012,309,246.63,S0002,2025-03-27,49,718
2024-10-02,P000093,LOC013,256,246.13,S0002,2024-09-03,49,718
2024-11-01,P000093,LOC013,206,230.7,S0002,2024-10-05,49,718
2024-12-01,P000093,LOC013,250,252.3,S0002,2024-11-29,49,718
2024-12-31,P000093,LOC013,257,231.32,S0002,2024-12-22,49,718
2025-01-30,P000093,LOC013,249,240.89,S0002,2025-01-19,49,718
2025-03-01,P000093,LOC013,246,245.68,S0002,2025-02-10,49,718
2025-03-31,P000093,LOC013,326,234.73,S0002,2025-03-16,49,718
2024-10-02,P000093,LOC014,164,240.22,S0002,2024-09-29,49,718
2024-11-01,P000093,LOC014,194,244.72,S0002,2024-10-20,49,718
2024-12-01,P000093,LOC014,291,235.48,S0002,2024-11-22,49,718
2024-12-31,P000093,LOC014,244,242.26,S0002,2024-12-16,49,718
2025-01-30,P000093,LOC014,236,244.07,S0002,2025-01-25,49,718
2025-03-01,P000093,LOC014,316,232.05,S0002,2025-02-17,49,718
2025-03-31,P000093,LOC014,371,249.33,S0002,2025-03-30,49,718
2024-10-02,P000093,LOC015,138,248.53,S0002,2024-09-02,49,718
2024-11-01,P000093,LOC015,168,248.61,S0002,2024-10-22,49,718
2024-12-01,P000093,LOC015,178,240.2,S0002,2024-11-01,49,718
2024-12-31,P000093,LOC015,181,232.56,S0002,2024-12-24,49,718
2025-01-30,P000093,LOC015,196,236.36,S0002,2025-01-07,49,718
2025-03-01,P000093,LOC015,162,253.26,S0002,2025-02-12,49,718
2025-03-31,P000093,LOC015,259,252.49,S0002,2025-03-09,49,718
2024-10-02,P000093,LOC016,186,240.86,S0002,2024-09-27,49,718
2024-11-01,P000093,LOC016,224,244.44,S0002,2024-10-28,49,718
2024-12-01,P000093,LOC016,212,247.63,S0002,2024-11-11,49,718
2024-12-31,P000093,LOC016,187,247.09,S0002,2024-12-22,49,718
2025-01-30,P000093,LOC016,162,252.41,S0002,2025-01-05,49,718
2025-03-01,P000093,LOC016,148,234.18,S0002,2025-01-31,49,718
2025-03-31,P000093,LOC016,121,241.33,S0002,2025-03-10,49,718
2024-10-02,P000093,LOC017,199,250.5,S0002,2024-09-08,49,718
2024-11-01,P000093,LOC017,203,252.99,S0002,2024-10-10,49,718
2024-12-01,P000093,LOC017,168,241.42,S0002,2024-11-02,49,718
2024-12-31,P000093,LOC017,234,238.26,S0002,2024-12-13,49,718
2025-01-30,P000093,LOC017,323,249.03,S0002,2025-01-19,49,718
2025-03-01,P000093,LOC017,379,245.42,S0002,2025-02-04,49,718
2025-03-31,P000093,LOC017,420,245.7,S0002,2025-03-15,49,718
2024-10-02,P000093,LOC018,112,253.59,S0002,2024-09-10,49,718
2024-11-01,P000093,LOC018,163,254.97,S0002,2024-10-20,49,718
2024-12-01,P000093,LOC018,167,234.46,S0002,2024-11-13,49,718
2024-12-31,P000093,LOC018,219,236.86,S0002,2024-12-04,49,718
2025-01-30,P000093,LOC018,211,251.86,S0002,2025-01-12,49,718
2025-03-01,P000093,LOC018,214,232.09,S0002,2025-02-04,49,718
2025-03-31,P000093,LOC018,181,246.59,S0002,2025-03-16,49,718
2024-10-02,P000093,LOC019,215,240.74,S0002,2024-09-29,49,718
2024-11-01,P000093,LOC019,169,240.26,S0002,2024-10-15,49,718
2024-12-01,P000093,LOC019,197,246.16,S0002,2024-11-17,49,718
2024-12-31,P000093,LOC019,165,234.91,S0002,2024-12-23,49,718
2025-01-30,P000093,LOC019,176,254.65,S0002,2025-01-02,49,718
2025-03-01,P000093,LOC019,206,233.83,S0002,2025-02-05,49,718
2025-03-31,P000093,LOC019,254,253.99,S0002,2025-03-09,49,718
2024-10-02,P000093,LOC020,192,254.12,S0002,2024-09-26,49,718
2024-11-01,P000093,LOC020,174,243.86,S0002,2024-10-21,49,718
2024-12-01,P000093,LOC020,210,254.06,S0002,2024-11-22,49,718
2024-12-31,P000093,LOC020,225,249.84,S0002,2024-12-04,49,718
2025-01-30,P000093,LOC020,232,252.79,S0002,2025-01-29,49,718
2025-03-01,P000093,LOC020,237,252.3,S0002,2025-02-18,49,718
2025-03-31,P000093,LOC020,220,242.56,S0002,2025-03-27,49,718
2024-10-02,P000094,LOC001,1022,181.56,S0015,2024-09-14,25,1064
2024-11-01,P000094,LOC001,975,181.72,S0015,2024-10-21,25,1064
2024-12-01,P000094,LOC001,1024,181.76,S0015,2024-11-26,25,1064
2024-12-31,P000094,LOC001,1048,184.26,S0015,2024-12-27,25,1064
2025-01-30,P000094,LOC001,1040,186.66,S0015,2025-01-10,25,1064
2025-03-01,P000094,LOC001,1009,171.86,S0015,2025-02-03,25,1064
2025-03-31,P000094,LOC001,961,183.32,S0015,2025-03-01,25,1064
2024-10-02,P000094,LOC002,938,183.52,S0015,2024-09-04,25,1064
2024-11-01,P000094,LOC002,921,170.91,S0015,2024-10-18,25,1064
2024-12-01,P000094,LOC002,999,183.78,S0015,2024-11-24,25,1064
2024-12-31,P000094,LOC002,1055,181.52,S0015,2024-12-18,25,1064
2025-01-30,P000094,LOC002,825,178.75,S0015,2025-01-25,25,1064
2025-03-01,P000094,LOC002,778,187.12,S0015,2025-02-21,25,1064
2025-03-31,P000094,LOC002,748,171.4,S0015,2025-03-04,25,1064
2024-10-02,P000094,LOC003,997,175.17,S0015,2024-09-29,25,1064
2024-11-01,P000094,LOC003,1005,183.72,S0015,2024-10-02,25,1064
2024-12-01,P000094,LOC003,993,172.23,S0015,2024-11-14,25,1064
2024-12-31,P000094,LOC003,983,171.28,S0015,2024-12-24,25,1064
2025-01-30,P000094,LOC003,1021,179.3,S0015,2025-01-28,25,1064
2025-03-01,P000094,LOC003,774,183.89,S0015,2025-02-21,25,1064
2025-03-31,P000094,LOC003,749,187.5,S0015,2025-03-11,25,1064
2024-10-02,P000094,LOC004,1064,186.97,S0015,2024-09-18,25,1064
2024-11-01,P000094,LOC004,1002,171.56,S0015,2024-10-29,25,1064
2024-12-01,P000094,LOC004,973,184.69,S0015,2024-11-30,25,1064
2024-12-31,P000094,LOC004,800,173.27,S0015,2024-12-24,25,1064
2025-01-30,P000094,LOC004,917,179.42,S0015,2025-01-03,25,1064
2025-03-01,P000094,LOC004,917,182.42,S0015,2025-02-17,25,1064
2025-03-31,P000094,LOC004,860,183.06,S0015,2025-03-13,25,1064
2024-10-02,P000094,LOC005,1038,171.83,S0015,2024-09-10,25,1064
2024-11-01,P000094,LOC005,1005,176.81,S0015,2024-10-16,25,1064
2024-12-01,P000094,LOC005,993,182.08,S0015,2024-11-12,25,1064
2024-12-31,P000094,LOC005,1004,182.63,S0015,2024-12-14,25,1064
2025-01-30,P000094,LOC005,911,173.28,S0015,2025-01-13,25,1064
2025-03-01,P000094,LOC005,954,177.37,S0015,2025-02-09,25,1064
2025-03-31,P000094,LOC005,795,176.07,S0015,2025-03-13,25,1064
2024-10-02,P000094,LOC006,1047,172.86,S0015,2024-09-15,25,1064
2024-11-01,P000094,LOC006,1014,173.11,S0015,2024-10-11,25,1064
2024-12-01,P000094,LOC006,1033,173.79,S0015,2024-11-15,25,1064
2024-12-31,P000094,LOC006,1000,172.37,S0015,2024-12-01,25,1064
2025-01-30,P000094,LOC006,969,175.31,S0015,2025-01-04,25,1064
2025-03-01,P000094,LOC006,1007,180.4,S0015,2025-02-21,25,1064
2025-03-31,P000094,LOC006,976,171.06,S0015,2025-03-23,25,1064
2024-10-02,P000094,LOC007,824,185.03,S0015,2024-09-22,25,1064
2024-11-01,P000094,LOC007,868,186.7,S0015,2024-10-16,25,1064
2024-12-01,P000094,LOC007,870,185.18,S0015,2024-11-11,25,1064
2024-12-31,P000094,LOC007,750,171.74,S0015,2024-12-08,25,1064
2025-01-30,P000094,LOC007,788,172.68,S0015,2024-12-31,25,1064
2025-03-01,P000094,LOC007,785,181.79,S0015,2025-02-24,25,1064
2025-03-31,P000094,LOC007,931,181.95,S0015,2025-03-25,25,1064
2024-10-02,P000094,LOC008,1012,173.15,S0015,2024-09-02,25,1064
2024-11-01,P000094,LOC008,963,185.49,S0015,2024-10-02,25,1064
2024-12-01,P000094,LOC008,1025,173.46,S0015,2024-11-25,25,1064
2024-12-31,P000094,LOC008,1003,173.03,S0015,2024-12-18,25,1064
2025-01-30,P000094,LOC008,1045,172.81,S0015,2025-01-09,25,1064
2025-03-01,P000094,LOC008,1001,170.3,S0015,2025-02-20,25,1064
2025-03-31,P000094,LOC008,870,185.27,S0015,2025-03-28,25,1064
2024-10-02,P000094,LOC009,1004,171.09,S0015,2024-09-17,25,1064
2024-11-01,P000094,LOC009,1008,173.21,S0015,2024-10-24,25,1064
2024-12-01,P000094,LOC009,984,179.75,S0015,2024-11-04,25,1064
2024-12-31,P000094,LOC009,1042,182.43,S0015,2024-12-29,25,1064
2025-01-30,P000094,LOC009,1018,174.08,S0015,2025-01-29,25,1064
2025-03-01,P000094,LOC009,982,174.01,S0015,2025-02-10,25,1064
2025-03-31,P000094,LOC009,995,179.64,S0015,2025-03-03,25,1064
2024-10-02,P000094,LOC010,973,178.19,S0015,2024-09-07,25,1064
2024-11-01,P000094,LOC010,900,180.42,S0015,2024-10-22,25,1064
2024-12-01,P000094,LOC010,798,172.9,S0015,2024-11-16,25,1064
2024-12-31,P000094,LOC010,896,185.33,S0015,2024-12-06,25,1064
2025-01-30,P000094,LOC010,966,173.18,S0015,2025-01-19,25,1064
2025-03-01,P000094,LOC010,758,176.09,S0015,2025-02-08,25,1064
2025-03-31,P000094,LOC010,746,183.5,S0015,2025-03-16,25,1064
2024-10-02,P000094,LOC011,1016,173.64,S0015,2024-09-25,25,1064
2024-11-01,P000094,LOC011,982,177.7,S0015,2024-10-06,25,1064
2024-12-01,P000094,LOC011,957,176.29,S0015,2024-11-16,25,1064
2024-12-31,P000094,LOC011,980,171.22,S0015,2024-12-10,25,1064
2025-01-30,P000094,LOC011,1005,184.92,S0015,2025-01-08,25,1064
2025-03-01,P000094,LOC011,912,175.87,S0015,2025-02-28,25,1064
2025-03-31,P000094,LOC011,1053,181.73,S0015,2025-03-16,25,1064
2024-10-02,P000094,LOC012,999,182.5,S0015,2024-09-21,25,1064
2024-11-01,P000094,LOC012,934,179.15,S0015,2024-10-02,25,1064
2024-12-01,P000094,LOC012,1005,187.01,S0015,2024-11-15,25,1064
2024-12-31,P000094,LOC012,1062,178.79,S0015,2024-12-06,25,1064
2025-01-30,P000094,LOC012,970,182.53,S0015,2025-01-18,25,1064
2025-03-01,P000094,LOC012,940,173.16,S0015,2025-02-27,25,1064
2025-03-31,P000094,LOC012,903,177.03,S0015,2025-03-03,25,1064
2024-10-02,P000094,LOC013,987,182.49,S0015,2024-09-06,25,1064
2024-11-01,P000094,LOC013,998,182.15,S0015,2024-10-16,25,1064
2024-12-01,P000094,LOC013,955,181.72,S0015,2024-11-24,25,1064
2024-12-31,P000094,LOC013,1022,182.32,S0015,2024-12-04,25,1064
2025-01-30,P000094,LOC013,1046,180.19,S0015,2025-01-21,25,1064
2025-03-01,P000094,LOC013,1005,171.73,S0015,2025-02-06,25,1064
2025-03-31,P000094,LOC013,956,172.14,S0015,2025-03-12,25,1064
2024-10-02,P000094,LOC014,977,174.05,S0015,2024-09-22,25,1064
2024-11-01,P000094,LOC014,1019,180.82,S0015,2024-10-21,25,1064
2024-12-01,P000094,LOC014,986,179.01,S0015,2024-11-12,25,1064
2024-12-31,P000094,LOC014,980,182.06,S0015,2024-12-05,25,1064
2025-01-30,P000094,LOC014,1015,182.19,S0015,2025-01-11,25,1064
2025-03-01,P000094,LOC014,1044,172.17,S0015,2025-02-26,25,1064
2025-03-31,P000094,LOC014,892,173.6,S0015,2025-03-11,25,1064
2024-10-02,P000094,LOC015,987,187.5,S0015,2024-09-30,25,1064
2024-11-01,P000094,LOC015,822,173.08,S0015,2024-10-18,25,1064
2024-12-01,P000094,LOC015,874,178.44,S0015,2024-11-15,25,1064
2024-12-31,P000094,LOC015,874,181.99,S0015,2024-12-22,25,1064
2025-01-30,P000094,LOC015,902,172.73,S0015,2025-01-13,25,1064
2025-03-01,P000094,LOC015,907,187.96,S0015,2025-02-19,25,1064
2025-03-31,P000094,LOC015,925,181.97,S0015,2025-03-28,25,1064
2024-10-02,P000094,LOC016,1048,179.57,S0015,2024-09-05,25,1064
2024-11-01,P000094,LOC016,1021,183.98,S0015,2024-10-31,25,1064
2024-12-01,P000094,LOC016,962,187.2,S0015,2024-11-14,25,1064
2024-12-31,P000094,LOC016,874,176.88,S0015,2024-12-27,25,1064
2025-01-30,P000094,LOC016,934,174.12,S0015,2025-01-09,25,1064
2025-03-01,P000094,LOC016,885,180.19,S0015,2025-01-30,25,1064
2025-03-31,P000094,LOC016,857,172.8,S0015,2025-03-03,25,1064
2024-10-02,P000094,LOC017,948,172.05,S0015,2024-10-01,25,1064
2024-11-01,P000094,LOC017,958,173.76,S0015,2024-10-29,25,1064
2024-12-01,P000094,LOC017,929,180.13,S0015,2024-11-05,25,1064
2024-12-31,P000094,LOC017,985,184.22,S0015,2024-12-16,25,1064
2025-01-30,P000094,LOC017,1010,182.11,S0015,2025-01-05,25,1064
2025-03-01,P000094,LOC017,1058,181.48,S0015,2025-02-03,25,1064
2025-03-31,P000094,LOC017,1020,176.23,S0015,2025-03-11,25,1064
2024-10-02,P000094,LOC018,1030,186.75,S0015,2024-09-10,25,1064
2024-11-01,P000094,LOC018,828,172.97,S0015,2024-10-30,25,1064
2024-12-01,P000094,LOC018,761,175.6,S0015,2024-11-03,25,1064
2024-12-31,P000094,LOC018,982,170.9,S0015,2024-12-28,25,1064
2025-01-30,P000094,LOC018,855,172.21,S0015,2024-12-31,25,1064
2025-03-01,P000094,LOC018,870,176.57,S0015,2025-02-06,25,1064
2025-03-31,P000094,LOC018,876,184.82,S0015,2025-03-12,25,1064
2024-10-02,P000094,LOC019,941,181.9,S0015,2024-09-23,25,1064
2024-11-01,P000094,LOC019,904,172.52,S0015,2024-10-27,25,1064
2024-12-01,P000094,LOC019,956,185.28,S0015,2024-11-19,25,1064
2024-12-31,P000094,LOC019,988,185.04,S0015,2024-12-13,25,1064
2025-01-30,P000094,LOC019,941,179.73,S0015,2025-01-18,25,1064
2025-03-01,P000094,LOC019,994,172.84,S0015,2025-02-05,25,1064
2025-03-31,P000094,LOC019,1003,185.77,S0015,2025-03-30,25,1064
2024-10-02,P000094,LOC020,1036,178.36,S0015,2024-09-04,25,1064
2024-11-01,P000094,LOC020,1047,179.48,S0015,2024-10-27,25,1064
2024-12-01,P000094,LOC020,1039,179.26,S0015,2024-11-30,25,1064
2024-12-31,P000094,LOC020,1033,186.83,S0015,2024-12-19,25,1064
2025-01-30,P000094,LOC020,1002,174.93,S0015,2025-01-29,25,1064
2025-03-01,P000094,LOC020,1004,186.13,S0015,2025-02-23,25,1064
2025-03-31,P000094,LOC020,1020,177.4,S0015,2025-03-04,25,1064
2024-10-02,P000095,LOC001,182,232.71,S0014,2024-09-14,25,974
2024-11-01,P000095,LOC001,188,240.98,S0014,2024-10-27,25,974
2024-12-01,P000095,LOC001,242,252.52,S0014,2024-11-22,25,974
2024-12-31,P000095,LOC001,229,255.66,S0014,2024-12-19,25,974
2025-01-30,P000095,LOC001,304,253.86,S0014,2025-01-03,25,974
2025-03-01,P000095,LOC001,343,233.0,S0014,2025-02-22,25,974
2025-03-31,P000095,LOC001,402,239.38,S0014,2025-03-14,25,974
2024-10-02,P000095,LOC002,140,243.3,S0014,2024-09-22,25,974
2024-11-01,P000095,LOC002,137,242.4,S0014,2024-10-21,25,974
2024-12-01,P000095,LOC002,186,243.89,S0014,2024-11-19,25,974
2024-12-31,P000095,LOC002,235,244.78,S0014,2024-12-16,25,974
2025-01-30,P000095,LOC002,275,244.72,S0014,2025-01-23,25,974
2025-03-01,P000095,LOC002,247,233.8,S0014,2025-02-12,25,974
2025-03-31,P000095,LOC002,250,253.39,S0014,2025-03-16,25,974
2024-10-02,P000095,LOC003,83,238.41,S0014,2024-09-21,25,974
2024-11-01,P000095,LOC003,38,241.47,S0014,2024-10-06,25,974
2024-12-01,P000095,LOC003,38,237.05,S0014,2024-11-04,25,974
2024-12-31,P000095,LOC003,37,254.18,S0014,2024-12-08,25,974
2025-01-30,P000095,LOC003,71,241.95,S0014,2025-01-21,25,974
2025-03-01,P000095,LOC003,29,246.61,S0014,2025-02-27,25,974
2025-03-31,P000095,LOC003,53,235.01,S0014,2025-03-20,25,974
2024-10-02,P000095,LOC004,224,233.5,S0014,2024-09-19,25,974
2024-11-01,P000095,LOC004,225,241.93,S0014,2024-10-14,25,974
2024-12-01,P000095,LOC004,196,247.34,S0014,2024-11-22,25,974
2024-12-31,P000095,LOC004,148,246.96,S0014,2024-12-12,25,974
2025-01-30,P000095,LOC004,133,239.66,S0014,2025-01-12,25,974
2025-03-01,P000095,LOC004,105,238.87,S0014,2025-02-01,25,974
2025-03-31,P000095,LOC004,199,241.75,S0014,2025-03-23,25,974
2024-10-02,P000095,LOC005,194,255.04,S0014,2024-09-23,25,974
2024-11-01,P000095,LOC005,288,247.29,S0014,2024-10-16,25,974
2024-12-01,P000095,LOC005,298,247.64,S0014,2024-11-21,25,974
2024-12-31,P000095,LOC005,252,233.82,S0014,2024-12-16,25,974
2025-01-30,P000095,LOC005,343,253.75,S0014,2025-01-04,25,974
2025-03-01,P000095,LOC005,393,256.07,S0014,2025-02-11,25,974
2025-03-31,P000095,LOC005,473,239.25,S0014,2025-03-06,25,974
2024-10-02,P000095,LOC006,147,238.04,S0014,2024-09-13,25,974
2024-11-01,P000095,LOC006,217,244.4,S0014,2024-10-04,25,974
2024-12-01,P000095,LOC006,211,252.22,S0014,2024-11-14,25,974
2024-12-31,P000095,LOC006,250,238.54,S0014,2024-12-17,25,974
2025-01-30,P000095,LOC006,220,233.75,S0014,2025-01-04,25,974
2025-03-01,P000095,LOC006,193,239.74,S0014,2025-02-03,25,974
2025-03-31,P000095,LOC006,256,243.31,S0014,2025-03-29,25,974
2024-10-02,P000095,LOC007,100,240.26,S0014,2024-09-16,25,974
2024-11-01,P000095,LOC007,158,256.67,S0014,2024-10-18,25,974
2024-12-01,P000095,LOC007,150,236.07,S0014,2024-11-23,25,974
2024-12-31,P000095,LOC007,145,243.79,S0014,2024-12-17,25,974
2025-01-30,P000095,LOC007,168,233.13,S0014,2025-01-11,25,974
2025-03-01,P000095,LOC007,194,234.47,S0014,2025-02-09,25,974
2025-03-31,P000095,LOC007,203,243.47,S0014,2025-03-27,25,974
2024-10-02,P000095,LOC008,102,250.8,S0014,2024-09-17,25,974
2024-11-01,P000095,LOC008,104,251.39,S0014,2024-10-27,25,974
2024-12-01,P000095,LOC008,158,236.39,S0014,2024-11-07,25,974
2024-12-31,P000095,LOC008,258,238.61,S0014,2024-12-05,25,974
2025-01-30,P000095,LOC008,319,246.24,S0014,2025-01-25,25,974
2025-03-01,P000095,LOC008,350,246.13,S0014,2025-02-15,25,974
2025-03-31,P000095,LOC008,431,256.09,S0014,2025-03-09,25,974
2024-10-02,P000095,LOC009,151,253.29,S0014,2024-09-25,25,974
2024-11-01,P000095,LOC009,238,242.68,S0014,2024-10-30,25,974
2024-12-01,P000095,LOC009,202,233.61,S0014,2024-11-28,25,974
2024-12-31,P000095,LOC009,298,248.74,S0014,2024-12-21,25,974
2025-01-30,P000095,LOC009,350,249.67,S0014,2025-01-28,25,974
2025-03-01,P000095,LOC009,344,255.85,S0014,2025-02-13,25,974
2025-03-31,P000095,LOC009,397,251.23,S0014,2025-03-08,25,974
2024-10-02,P000095,LOC010,143,235.64,S0014,2024-09-12,25,974
2024-11-01,P000095,LOC010,185,241.77,S0014,2024-10-14,25,974
2024-12-01,P000095,LOC010,163,256.9,S0014,2024-11-14,25,974
2024-12-31,P000095,LOC010,128,254.63,S0014,2024-12-30,25,974
2025-01-30,P000095,LOC010,107,243.56,S0014,2025-01-26,25,974
2025-03-01,P000095,LOC010,121,250.01,S0014,2025-02-04,25,974
2025-03-31,P000095,LOC010,143,240.54,S0014,2025-03-21,25,974
2024-10-02,P000095,LOC011,104,247.74,S0014,2024-09-18,25,974
2024-11-01,P000095,LOC011,153,240.46,S0014,2024-10-24,25,974
2024-12-01,P000095,LOC011,151,246.17,S0014,2024-11-03,25,974
2024-12-31,P000095,LOC011,145,232.67,S0014,2024-12-06,25,974
2025-01-30,P000095,LOC011,234,235.78,S0014,2025-01-20,25,974
2025-03-01,P000095,LOC011,189,239.05,S0014,2025-02-17,25,974
2025-03-31,P000095,LOC011,261,252.62,S0014,2025-03-09,25,974
2024-10-02,P000095,LOC012,196,242.51,S0014,2024-09-04,25,974
2024-11-01,P000095,LOC012,267,250.09,S0014,2024-10-24,25,974
2024-12-01,P000095,LOC012,324,246.93,S0014,2024-11-09,25,974
2024-12-31,P000095,LOC012,302,241.11,S0014,2024-12-16,25,974
2025-01-30,P000095,LOC012,305,252.65,S0014,2025-01-08,25,974
2025-03-01,P000095,LOC012,316,255.14,S0014,2025-02-19,25,974
2025-03-31,P000095,LOC012,295,241.37,S0014,2025-03-28,25,974
2024-10-02,P000095,LOC013,199,239.54,S0014,2024-09-02,25,974
2024-11-01,P000095,LOC013,193,235.8,S0014,2024-10-21,25,974
2024-12-01,P000095,LOC013,213,254.99,S0014,2024-11-01,25,974
2024-12-31,P000095,LOC013,216,251.59,S0014,2024-12-29,25,974
2025-01-30,P000095,LOC013,201,240.15,S0014,2025-01-28,25,974
2025-03-01,P000095,LOC013,180,247.18,S0014,2025-02-17,25,974
2025-03-31,P000095,LOC013,157,253.76,S0014,2025-03-11,25,974
2024-10-02,P000095,LOC014,145,242.31,S0014,2024-09-24,25,974
2024-11-01,P000095,LOC014,204,255.14,S0014,2024-10-21,25,974
2024-12-01,P000095,LOC014,281,254.54,S0014,2024-11-08,25,974
2024-12-31,P000095,LOC014,374,239.29,S0014,2024-12-26,25,974
2025-01-30,P000095,LOC014,329,238.61,S0014,2025-01-24,25,974
2025-03-01,P000095,LOC014,282,233.98,S0014,2025-02-07,25,974
2025-03-31,P000095,LOC014,349,255.33,S0014,2025-03-30,25,974
2024-10-02,P000095,LOC015,165,239.24,S0014,2024-09-12,25,974
2024-11-01,P000095,LOC015,131,250.56,S0014,2024-10-04,25,974
2024-12-01,P000095,LOC015,165,252.37,S0014,2024-11-15,25,974
2024-12-31,P000095,LOC015,238,246.63,S0014,2024-12-17,25,974
2025-01-30,P000095,LOC015,257,236.95,S0014,2025-01-15,25,974
2025-03-01,P000095,LOC015,233,248.85,S0014,2025-02-23,25,974
2025-03-31,P000095,LOC015,294,246.11,S0014,2025-03-20,25,974
2024-10-02,P000095,LOC016,136,233.8,S0014,2024-09-21,25,974
2024-11-01,P000095,LOC016,184,244.86,S0014,2024-10-23,25,974
2024-12-01,P000095,LOC016,225,237.39,S0014,2024-11-15,25,974
2024-12-31,P000095,LOC016,276,241.44,S0014,2024-12-02,25,974
2025-01-30,P000095,LOC016,256,252.84,S0014,2025-01-12,25,974
2025-03-01,P000095,LOC016,255,250.76,S0014,2025-02-14,25,974
2025-03-31,P000095,LOC016,330,256.71,S0014,2025-03-06,25,974
2024-10-02,P000095,LOC017,205,242.0,S0014,2024-09-02,25,974
2024-11-01,P000095,LOC017,169,232.83,S0014,2024-10-10,25,974
2024-12-01,P000095,LOC017,190,244.39,S0014,2024-11-04,25,974
2024-12-31,P000095,LOC017,234,254.91,S0014,2024-12-26,25,974
2025-01-30,P000095,LOC017,211,233.21,S0014,2025-01-11,25,974
2025-03-01,P000095,LOC017,235,255.4,S0014,2025-02-25,25,974
2025-03-31,P000095,LOC017,245,244.55,S0014,2025-03-07,25,974
2024-10-02,P000095,LOC018,89,253.37,S0014,2024-09-16,25,974
2024-11-01,P000095,LOC018,140,257.02,S0014,2024-10-19,25,974
2024-12-01,P000095,LOC018,172,239.87,S0014,2024-11-10,25,974
2024-12-31,P000095,LOC018,247,251.23,S0014,2024-12-04,25,974
2025-01-30,P000095,LOC018,233,248.3,S0014,2025-01-12,25,974
2025-03-01,P000095,LOC018,252,251.29,S0014,2025-02-23,25,974
2025-03-31,P000095,LOC018,307,252.97,S0014,2025-03-18,25,974
2024-10-02,P000095,LOC019,123,241.67,S0014,2024-09-17,25,974
2024-11-01,P000095,LOC019,181,254.33,S0014,2024-10-10,25,974
2024-12-01,P000095,LOC019,195,240.48,S0014,2024-11-10,25,974
2024-12-31,P000095,LOC019,197,255.42,S0014,2024-12-26,25,974
2025-01-30,P000095,LOC019,195,256.09,S0014,2025-01-06,25,974
2025-03-01,P000095,LOC019,257,254.22,S0014,2025-02-18,25,974
2025-03-31,P000095,LOC019,334,238.86,S0014,2025-03-03,25,974
2024-10-02,P000095,LOC020,129,253.64,S0014,2024-09-11,25,974
2024-11-01,P000095,LOC020,187,256.42,S0014,2024-10-05,25,974
2024-12-01,P000095,LOC020,282,251.56,S0014,2024-11-16,25,974
2024-12-31,P000095,LOC020,363,241.9,S0014,2024-12-27,25,974
2025-01-30,P000095,LOC020,408,241.4,S0014,2025-01-22,25,974
2025-03-01,P000095,LOC020,469,234.14,S0014,2025-02-16,25,974
2025-03-31,P000095,LOC020,435,242.74,S0014,2025-03-10,25,974
2024-10-02,P000096,LOC001,305,63.9,S0023,2024-09-09,28,782
2024-11-01,P000096,LOC001,267,64.15,S0023,2024-10-28,28,782
2024-12-01,P000096,LOC001,268,64.47,S0023,2024-11-10,28,782
2024-12-31,P000096,LOC001,271,65.79,S0023,2024-12-09,28,782
2025-01-30,P000096,LOC001,344,64.06,S0023,2025-01-20,28,782
2025-03-01,P000096,LOC001,325,65.24,S0023,2025-02-10,28,782
2025-03-31,P000096,LOC001,385,64.33,S0023,2025-03-09,28,782
2024-10-02,P000096,LOC002,216,67.25,S0023,2024-09-16,28,782
2024-11-01,P000096,LOC002,274,70.01,S0023,2024-10-23,28,782
2024-12-01,P000096,LOC002,297,68.12,S0023,2024-11-29,28,782
2024-12-31,P000096,LOC002,397,63.42,S0023,2024-12-07,28,782
2025-01-30,P000096,LOC002,388,66.05,S0023,2025-01-28,28,782
2025-03-01,P000096,LOC002,427,63.77,S0023,2025-02-19,28,782
2025-03-31,P000096,LOC002,487,65.6,S0023,2025-03-27,28,782
2024-10-02,P000096,LOC003,325,68.77,S0023,2024-10-01,28,782
2024-11-01,P000096,LOC003,390,66.76,S0023,2024-10-04,28,782
2024-12-01,P000096,LOC003,457,69.98,S0023,2024-11-16,28,782
2024-12-31,P000096,LOC003,446,64.93,S0023,2024-12-22,28,782
2025-01-30,P000096,LOC003,479,65.99,S0023,2025-01-03,28,782
2025-03-01,P000096,LOC003,519,66.59,S0023,2025-02-17,28,782
2025-03-31,P000096,LOC003,610,65.41,S0023,2025-03-22,28,782
2024-10-02,P000096,LOC004,319,64.2,S0023,2024-09-02,28,782
2024-11-01,P000096,LOC004,322,69.18,S0023,2024-10-28,28,782
2024-12-01,P000096,LOC004,362,64.36,S0023,2024-11-22,28,782
2024-12-31,P000096,LOC004,428,65.68,S0023,2024-12-30,28,782
2025-01-30,P000096,LOC004,493,68.41,S0023,2025-01-18,28,782
2025-03-01,P000096,LOC004,574,66.82,S0023,2025-02-23,28,782
2025-03-31,P000096,LOC004,586,68.83,S0023,2025-03-24,28,782
2024-10-02,P000096,LOC005,275,69.68,S0023,2024-09-24,28,782
2024-11-01,P000096,LOC005,266,65.69,S0023,2024-10-19,28,782
2024-12-01,P000096,LOC005,321,66.53,S0023,2024-11-27,28,782
2024-12-31,P000096,LOC005,350,64.37,S0023,2024-12-22,28,782
2025-01-30,P000096,LOC005,373,67.34,S0023,2025-01-17,28,782
2025-03-01,P000096,LOC005,396,67.35,S0023,2025-02-27,28,782
2025-03-31,P000096,LOC005,415,64.93,S0023,2025-03-24,28,782
2024-10-02,P000096,LOC006,236,69.05,S0023,2024-09-06,28,782
2024-11-01,P000096,LOC006,209,67.88,S0023,2024-10-30,28,782
2024-12-01,P000096,LOC006,309,67.34,S0023,2024-11-06,28,782
2024-12-31,P000096,LOC006,350,63.68,S0023,2024-12-24,28,782
2025-01-30,P000096,LOC006,310,64.93,S0023,2025-01-25,28,782
2025-03-01,P000096,LOC006,395,65.79,S0023,2025-02-06,28,782
2025-03-31,P000096,LOC006,490,68.31,S0023,2025-03-04,28,782
2024-10-02,P000096,LOC007,322,68.28,S0023,2024-09-14,28,782
2024-11-01,P000096,LOC007,339,69.6,S0023,2024-10-10,28,782
2024-12-01,P000096,LOC007,354,65.43,S0023,2024-11-20,28,782
2024-12-31,P000096,LOC007,365,64.52,S0023,2024-12-10,28,782
2025-01-30,P000096,LOC007,387,67.87,S0023,2025-01-12,28,782
2025-03-01,P000096,LOC007,368,68.26,S0023,2025-02-15,28,782
2025-03-31,P000096,LOC007,419,69.05,S0023,2025-03-21,28,782
2024-10-02,P000096,LOC008,245,66.92,S0023,2024-09-14,28,782
2024-11-01,P000096,LOC008,302,69.22,S0023,2024-10-25,28,782
2024-12-01,P000096,LOC008,293,67.54,S0023,2024-11-13,28,782
2024-12-31,P000096,LOC008,343,67.19,S0023,2024-12-10,28,782
2025-01-30,P000096,LOC008,423,69.23,S0023,2025-01-20,28,782
2025-03-01,P000096,LOC008,505,67.96,S0023,2025-02-08,28,782
2025-03-31,P000096,LOC008,578,65.07,S0023,2025-03-24,28,782
2024-10-02,P000096,LOC009,249,67.15,S0023,2024-09-13,28,782
2024-11-01,P000096,LOC009,200,67.62,S0023,2024-10-22,28,782
2024-12-01,P000096,LOC009,255,67.01,S0023,2024-11-29,28,782
2024-12-31,P000096,LOC009,245,65.88,S0023,2024-12-17,28,782
2025-01-30,P000096,LOC009,309,67.5,S0023,2025-01-29,28,782
2025-03-01,P000096,LOC009,300,69.65,S0023,2025-02-05,28,782
2025-03-31,P000096,LOC009,267,69.09,S0023,2025-03-09,28,782
2024-10-02,P000096,LOC010,283,69.28,S0023,2024-09-18,28,782
2024-11-01,P000096,LOC010,255,64.48,S0023,2024-10-10,28,782
2024-12-01,P000096,LOC010,285,65.96,S0023,2024-11-10,28,782
2024-12-31,P000096,LOC010,262,65.42,S0023,2024-12-17,28,782
2025-01-30,P000096,LOC010,278,67.99,S0023,2025-01-05,28,782
2025-03-01,P000096,LOC010,347,64.08,S0023,2025-02-09,28,782
2025-03-31,P000096,LOC010,390,69.2,S0023,2025-03-09,28,782
2024-10-02,P000096,LOC011,320,67.72,S0023,2024-10-01,28,782
2024-11-01,P000096,LOC011,289,69.12,S0023,2024-10-17,28,782
2024-12-01,P000096,LOC011,366,63.83,S0023,2024-11-08,28,782
2024-12-31,P000096,LOC011,368,69.21,S0023,2024-12-25,28,782
2025-01-30,P000096,LOC011,468,64.31,S0023,2025-01-04,28,782
2025-03-01,P000096,LOC011,495,66.03,S0023,2025-02-26,28,782
2025-03-31,P000096,LOC011,477,69.04,S0023,2025-03-05,28,782
2024-10-02,P000096,LOC012,297,67.72,S0023,2024-09-17,28,782
2024-11-01,P000096,LOC012,294,68.96,S0023,2024-10-11,28,782
2024-12-01,P000096,LOC012,386,68.9,S0023,2024-11-06,28,782
2024-12-31,P000096,LOC012,438,64.5,S0023,2024-12-03,28,782
2025-01-30,P000096,LOC012,430,70.05,S0023,2025-01-18,28,782
2025-03-01,P000096,LOC012,386,68.86,S0023,2025-02-10,28,782
2025-03-31,P000096,LOC012,466,64.55,S0023,2025-03-03,28,782
2024-10-02,P000096,LOC013,311,64.29,S0023,2024-09-08,28,782
2024-11-01,P000096,LOC013,280,65.31,S0023,2024-10-07,28,782
2024-12-01,P000096,LOC013,315,64.75,S0023,2024-11-04,28,782
2024-12-31,P000096,LOC013,329,65.44,S0023,2024-12-09,28,782
2025-01-30,P000096,LOC013,397,65.83,S0023,2025-01-21,28,782
2025-03-01,P000096,LOC013,389,64.17,S0023,2025-02-23,28,782
2025-03-31,P000096,LOC013,350,69.75,S0023,2025-03-13,28,782
2024-10-02,P000096,LOC014,323,69.97,S0023,2024-09-17,28,782
2024-11-01,P000096,LOC014,321,66.07,S0023,2024-10-26,28,782
2024-12-01,P000096,LOC014,318,65.97,S0023,2024-11-25,28,782
2024-12-31,P000096,LOC014,333,65.06,S0023,2024-12-28,28,782
2025-01-30,P000096,LOC014,345,67.37,S0023,2025-01-21,28,782
2025-03-01,P000096,LOC014,331,69.46,S0023,2025-02-02,28,782
2025-03-31,P000096,LOC014,404,64.01,S0023,2025-03-27,28,782
2024-10-02,P000096,LOC015,299,67.82,S0023,2024-09-16,28,782
2024-11-01,P000096,LOC015,349,68.81,S0023,2024-10-12,28,782
2024-12-01,P000096,LOC015,349,69.17,S0023,2024-11-08,28,782
2024-12-31,P000096,LOC015,324,63.56,S0023,2024-12-19,28,782
2025-01-30,P000096,LOC015,390,64.07,S0023,2025-01-11,28,782
2025-03-01,P000096,LOC015,477,68.91,S0023,2025-02-14,28,782
2025-03-31,P000096,LOC015,479,69.05,S0023,2025-03-21,28,782
2024-10-02,P000096,LOC016,252,66.84,S0023,2024-09-23,28,782
2024-11-01,P000096,LOC016,349,65.72,S0023,2024-10-20,28,782
2024-12-01,P000096,LOC016,395,67.94,S0023,2024-11-15,28,782
2024-12-31,P000096,LOC016,459,66.95,S0023,2024-12-11,28,782
2025-01-30,P000096,LOC016,470,67.1,S0023,2025-01-08,28,782
2025-03-01,P000096,LOC016,545,66.24,S0023,2025-02-24,28,782
2025-03-31,P000096,LOC016,527,69.77,S0023,2025-03-01,28,782
2024-10-02,P000096,LOC017,223,66.88,S0023,2024-09-30,28,782
2024-11-01,P000096,LOC017,315,64.03,S0023,2024-10-31,28,782
2024-12-01,P000096,LOC017,324,65.07,S0023,2024-11-01,28,782
2024-12-31,P000096,LOC017,293,66.5,S0023,2024-12-03,28,782
2025-01-30,P000096,LOC017,356,64.11,S0023,2025-01-26,28,782
2025-03-01,P000096,LOC017,365,66.18,S0023,2025-02-12,28,782
2025-03-31,P000096,LOC017,319,66.15,S0023,2025-03-07,28,782
2024-10-02,P000096,LOC018,302,64.75,S0023,2024-09-30,28,782
2024-11-01,P000096,LOC018,367,66.46,S0023,2024-10-11,28,782
2024-12-01,P000096,LOC018,400,69.75,S0023,2024-11-15,28,782
2024-12-31,P000096,LOC018,444,64.27,S0023,2024-12-02,28,782
2025-01-30,P000096,LOC018,447,69.06,S0023,2025-01-25,28,782
2025-03-01,P000096,LOC018,524,65.52,S0023,2025-02-26,28,782
2025-03-31,P000096,LOC018,502,65.61,S0023,2025-03-12,28,782
2024-10-02,P000096,LOC019,257,64.8,S0023,2024-09-26,28,782
2024-11-01,P000096,LOC019,217,68.84,S0023,2024-10-12,28,782
2024-12-01,P000096,LOC019,227,63.63,S0023,2024-11-09,28,782
2024-12-31,P000096,LOC019,182,65.46,S0023,2024-12-07,28,782
2025-01-30,P000096,LOC019,186,68.52,S0023,2025-01-16,28,782
2025-03-01,P000096,LOC019,182,65.74,S0023,2025-02-24,28,782
2025-03-31,P000096,LOC019,201,66.8,S0023,2025-03-08,28,782
2024-10-02,P000096,LOC020,286,66.21,S0023,2024-09-06,28,782
2024-11-01,P000096,LOC020,243,69.11,S0023,2024-10-19,28,782
2024-12-01,P000096,LOC020,236,64.86,S0023,2024-11-18,28,782
2024-12-31,P000096,LOC020,211,67.83,S0023,2024-12-10,28,782
2025-01-30,P000096,LOC020,246,68.54,S0023,2025-01-25,28,782
2025-03-01,P000096,LOC020,266,65.84,S0023,2025-02-04,28,782
2025-03-31,P000096,LOC020,362,67.86,S0023,2025-03-19,28,782
2024-10-02,P000097,LOC001,1003,545.88,S0027,2024-09-03,22,1138
2024-11-01,P000097,LOC001,1024,582.05,S0027,2024-10-10,22,1138
2024-12-01,P000097,LOC001,981,549.67,S0027,2024-11-25,22,1138
2024-12-31,P000097,LOC001,1015,531.77,S0027,2024-12-21,22,1138
2025-01-30,P000097,LOC001,994,531.93,S0027,2025-01-06,22,1138
2025-03-01,P000097,LOC001,959,554.16,S0027,2025-02-25,22,1138
2025-03-31,P000097,LOC001,1031,531.85,S0027,2025-03-21,22,1138
2024-10-02,P000097,LOC002,933,550.23,S0027,2024-09-30,22,1138
2024-11-01,P000097,LOC002,962,528.02,S0027,2024-10-28,22,1138
2024-12-01,P000097,LOC002,987,540.52,S0027,2024-11-30,22,1138
2024-12-31,P000097,LOC002,965,572.62,S0027,2024-12-01,22,1138
2025-01-30,P000097,LOC002,1025,537.33,S0027,2025-01-10,22,1138
2025-03-01,P000097,LOC002,1026,561.29,S0027,2025-02-22,22,1138
2025-03-31,P000097,LOC002,1064,554.32,S0027,2025-03-08,22,1138
2024-10-02,P000097,LOC003,944,569.6,S0027,2024-09-16,22,1138
2024-11-01,P000097,LOC003,1015,542.32,S0027,2024-10-17,22,1138
2024-12-01,P000097,LOC003,1024,537.71,S0027,2024-11-28,22,1138
2024-12-31,P000097,LOC003,1004,563.39,S0027,2024-12-13,22,1138
2025-01-30,P000097,LOC003,1020,576.57,S0027,2025-01-13,22,1138
2025-03-01,P000097,LOC003,1067,541.1,S0027,2025-02-12,22,1138
2025-03-31,P000097,LOC003,1135,577.69,S0027,2025-03-28,22,1138
2024-10-02,P000097,LOC004,908,550.7,S0027,2024-09-12,22,1138
2024-11-01,P000097,LOC004,873,529.11,S0027,2024-10-10,22,1138
2024-12-01,P000097,LOC004,824,534.75,S0027,2024-11-29,22,1138
2024-12-31,P000097,LOC004,910,531.58,S0027,2024-12-27,22,1138
2025-01-30,P000097,LOC004,980,563.89,S0027,2025-01-11,22,1138
2025-03-01,P000097,LOC004,982,555.8,S0027,2025-02-02,22,1138
2025-03-31,P000097,LOC004,1036,532.04,S0027,2025-03-05,22,1138
2024-10-02,P000097,LOC005,915,529.68,S0027,2024-09-05,22,1138
2024-11-01,P000097,LOC005,901,572.5,S0027,2024-10-22,22,1138
2024-12-01,P000097,LOC005,856,551.16,S0027,2024-11-23,22,1138
2024-12-31,P000097,LOC005,885,563.19,S0027,2024-12-07,22,1138
2025-01-30,P000097,LOC005,858,533.49,S0027,2025-01-20,22,1138
2025-03-01,P000097,LOC005,836,551.2,S0027,2025-02-16,22,1138
2025-03-31,P000097,LOC005,817,542.02,S0027,2025-03-05,22,1138
2024-10-02,P000097,LOC006,997,557.32,S0027,2024-09-05,22,1138
2024-11-01,P000097,LOC006,1066,565.38,S0027,2024-10-09,22,1138
2024-12-01,P000097,LOC006,1134,527.3,S0027,2024-11-29,22,1138
2024-12-31,P000097,LOC006,1063,528.69,S0027,2024-12-01,22,1138
2025-01-30,P000097,LOC006,1130,555.48,S0027,2025-01-29,22,1138
2025-03-01,P000097,LOC006,895,563.73,S0027,2025-02-25,22,1138
2025-03-31,P000097,LOC006,995,574.26,S0027,2025-03-17,22,1138
2024-10-02,P000097,LOC007,939,530.86,S0027,2024-09-21,22,1138
2024-11-01,P000097,LOC007,980,528.55,S0027,2024-10-09,22,1138
2024-12-01,P000097,LOC007,1031,573.22,S0027,2024-11-04,22,1138
2024-12-31,P000097,LOC007,1037,561.04,S0027,2024-12-19,22,1138
2025-01-30,P000097,LOC007,1018,539.77,S0027,2025-01-24,22,1138
2025-03-01,P000097,LOC007,973,563.24,S0027,2025-01-30,22,1138
2025-03-31,P000097,LOC007,950,539.83,S0027,2025-03-14,22,1138
2024-10-02,P000097,LOC008,907,533.17,S0027,2024-09-05,22,1138
2024-11-01,P000097,LOC008,903,552.7,S0027,2024-10-07,22,1138
2024-12-01,P000097,LOC008,967,572.85,S0027,2024-11-12,22,1138
2024-12-31,P000097,LOC008,1059,542.82,S0027,2024-12-02,22,1138
2025-01-30,P000097,LOC008,1037,548.35,S0027,2025-01-23,22,1138
2025-03-01,P000097,LOC008,1103,572.73,S0027,2025-02-27,22,1138
2025-03-31,P000097,LOC008,1078,548.32,S0027,2025-03-04,22,1138
2024-10-02,P000097,LOC009,1048,560.81,S0027,2024-09-05,22,1138
2024-11-01,P000097,LOC009,1013,569.94,S0027,2024-10-18,22,1138
2024-12-01,P000097,LOC009,963,530.36,S0027,2024-11-26,22,1138
2024-12-31,P000097,LOC009,928,563.21,S0027,2024-12-21,22,1138
2025-01-30,P000097,LOC009,901,540.66,S0027,2025-01-24,22,1138
2025-03-01,P000097,LOC009,929,542.42,S0027,2025-01-31,22,1138
2025-03-31,P000097,LOC009,997,540.21,S0027,2025-03-22,22,1138
2024-10-02,P000097,LOC010,979,558.96,S0027,2024-09-13,22,1138
2024-11-01,P000097,LOC010,995,527.68,S0027,2024-10-14,22,1138
2024-12-01,P000097,LOC010,998,558.02,S0027,2024-11-12,22,1138
2024-12-31,P000097,LOC010,966,543.61,S0027,2024-12-12,22,1138
2025-01-30,P000097,LOC010,1053,573.35,S0027,2025-01-24,22,1138
2025-03-01,P000097,LOC010,1136,578.53,S0027,2025-02-07,22,1138
2025-03-31,P000097,LOC010,802,537.31,S0027,2025-03-21,22,1138
2024-10-02,P000097,LOC011,1018,540.84,S0027,2024-09-04,22,1138
2024-11-01,P000097,LOC011,980,561.91,S0027,2024-10-31,22,1138
2024-12-01,P000097,LOC011,1076,532.97,S0027,2024-11-20,22,1138
2024-12-31,P000097,LOC011,878,540.09,S0027,2024-12-23,22,1138
2025-01-30,P000097,LOC011,851,569.8,S0027,2025-01-17,22,1138
2025-03-01,P000097,LOC011,894,552.11,S0027,2025-02-16,22,1138
2025-03-31,P000097,LOC011,862,566.09,S0027,2025-03-12,22,1138
2024-10-02,P000097,LOC012,929,543.59,S0027,2024-09-10,22,1138
2024-11-01,P000097,LOC012,956,565.09,S0027,2024-10-04,22,1138
2024-12-01,P000097,LOC012,934,574.46,S0027,2024-11-30,22,1138
2024-12-31,P000097,LOC012,970,561.71,S0027,2024-12-23,22,1138
2025-01-30,P000097,LOC012,953,569.82,S0027,2025-01-25,22,1138
2025-03-01,P000097,LOC012,913,534.76,S0027,2025-02-06,22,1138
2025-03-31,P000097,LOC012,904,540.63,S0027,2025-03-19,22,1138
2024-10-02,P000097,LOC013,1048,528.68,S0027,2024-09-02,22,1138
2024-11-01,P000097,LOC013,1103,582.24,S0027,2024-10-06,22,1138
2024-12-01,P000097,LOC013,1119,574.65,S0027,2024-11-25,22,1138
2024-12-31,P000097,LOC013,859,563.24,S0027,2024-12-08,22,1138
2025-01-30,P000097,LOC013,1055,541.72,S0027,2025-01-11,22,1138
2025-03-01,P000097,LOC013,893,529.61,S0027,2025-02-11,22,1138
2025-03-31,P000097,LOC013,967,536.72,S0027,2025-03-16,22,1138
2024-10-02,P000097,LOC014,958,551.73,S0027,2024-09-25,22,1138
2024-11-01,P000097,LOC014,928,569.15,S0027,2024-10-23,22,1138
2024-12-01,P000097,LOC014,881,565.09,S0027,2024-11-09,22,1138
2024-12-31,P000097,LOC014,883,557.81,S0027,2024-12-06,22,1138
2025-01-30,P000097,LOC014,979,551.48,S0027,2025-01-17,22,1138
2025-03-01,P000097,LOC014,1005,549.2,S0027,2025-02-24,22,1138
2025-03-31,P000097,LOC014,1014,540.59,S0027,2025-03-25,22,1138
2024-10-02,P000097,LOC015,998,573.75,S0027,2024-09-26,22,1138
2024-11-01,P000097,LOC015,998,554.77,S0027,2024-10-05,22,1138
2024-12-01,P000097,LOC015,1023,582.19,S0027,2024-11-14,22,1138
2024-12-31,P000097,LOC015,983,572.99,S0027,2024-12-22,22,1138
2025-01-30,P000097,LOC015,1039,544.06,S0027,2025-01-29,22,1138
2025-03-01,P000097,LOC015,1069,556.48,S0027,2025-02-22,22,1138
2025-03-31,P000097,LOC015,1054,528.58,S0027,2025-03-21,22,1138
2024-10-02,P000097,LOC016,1018,547.71,S0027,2024-09-27,22,1138
2024-11-01,P000097,LOC016,1056,574.97,S0027,2024-10-24,22,1138
2024-12-01,P000097,LOC016,1066,530.15,S0027,2024-11-12,22,1138
2024-12-31,P000097,LOC016,1077,541.1,S0027,2024-12-27,22,1138
2025-01-30,P000097,LOC016,1103,570.08,S0027,2025-01-23,22,1138
2025-03-01,P000097,LOC016,1036,560.18,S0027,2025-02-18,22,1138
2025-03-31,P000097,LOC016,983,533.63,S0027,2025-03-10,22,1138
2024-10-02,P000097,LOC017,1039,542.53,S0027,2024-09-15,22,1138
2024-11-01,P000097,LOC017,1126,579.7,S0027,2024-10-04,22,1138
2024-12-01,P000097,LOC017,1130,536.79,S0027,2024-11-08,22,1138
2024-12-31,P000097,LOC017,833,574.58,S0027,2024-12-05,22,1138
2025-01-30,P000097,LOC017,880,577.05,S0027,2025-01-04,22,1138
2025-03-01,P000097,LOC017,998,535.43,S0027,2025-02-04,22,1138
2025-03-31,P000097,LOC017,1069,576.35,S0027,2025-03-28,22,1138
2024-10-02,P000097,LOC018,913,554.6,S0027,2024-09-23,22,1138
2024-11-01,P000097,LOC018,871,576.65,S0027,2024-10-31,22,1138
2024-12-01,P000097,LOC018,869,578.85,S0027,2024-11-13,22,1138
2024-12-31,P000097,LOC018,933,554.82,S0027,2024-12-12,22,1138
2025-01-30,P000097,LOC018,904,553.77,S0027,2025-01-01,22,1138
2025-03-01,P000097,LOC018,974,539.81,S0027,2025-02-15,22,1138
2025-03-31,P000097,LOC018,1044,554.81,S0027,2025-03-17,22,1138
2024-10-02,P000097,LOC019,981,572.67,S0027,2024-09-07,22,1138
2024-11-01,P000097,LOC019,1015,568.04,S0027,2024-10-28,22,1138
2024-12-01,P000097,LOC019,1000,560.82,S0027,2024-11-27,22,1138
2024-12-31,P000097,LOC019,950,543.65,S0027,2024-12-28,22,1138
2025-01-30,P000097,LOC019,936,565.57,S0027,2025-01-03,22,1138
2025-03-01,P000097,LOC019,990,543.35,S0027,2025-02-28,22,1138
2025-03-31,P000097,LOC019,955,563.52,S0027,2025-03-21,22,1138
2024-10-02,P000097,LOC020,972,549.98,S0027,2024-09-25,22,1138
2024-11-01,P000097,LOC020,1011,548.82,S0027,2024-10-16,22,1138
2024-12-01,P000097,LOC020,969,573.71,S0027,2024-11-04,22,1138
2024-12-31,P000097,LOC020,1060,543.35,S0027,2024-12-27,22,1138
2025-01-30,P000097,LOC020,1040,547.54,S0027,2025-01-11,22,1138
2025-03-01,P000097,LOC020,1110,553.18,S0027,2025-02-13,22,1138
2025-03-31,P000097,LOC020,1080,564.91,S0027,2025-03-13,22,1138
2024-10-02,P000098,LOC001,405,422.78,S0022,2024-09-25,44,447
2024-11-01,P000098,LOC001,388,417.04,S0022,2024-10-09,44,447
2024-12-01,P000098,LOC001,394,407.33,S0022,2024-11-28,44,447
2024-12-31,P000098,LOC001,401,402.88,S0022,2024-12-30,44,447
2025-01-30,P000098,LOC001,402,400.79,S0022,2025-01-28,44,447
2025-03-01,P000098,LOC001,407,419.01,S0022,2025-02-04,44,447
2025-03-31,P000098,LOC001,382,406.7,S0022,2025-03-14,44,447
2024-10-02,P000098,LOC002,344,419.43,S0022,2024-10-01,44,447
2024-11-01,P000098,LOC002,396,406.73,S0022,2024-10-03,44,447
2024-12-01,P000098,LOC002,387,412.93,S0022,2024-11-16,44,447
2024-12-31,P000098,LOC002,327,423.71,S0022,2024-12-09,44,447
2025-01-30,P000098,LOC002,335,388.92,S0022,2025-01-14,44,447
2025-03-01,P000098,LOC002,380,398.6,S0022,2025-02-15,44,447
2025-03-31,P000098,LOC002,324,417.68,S0022,2025-03-21,44,447
2024-10-02,P000098,LOC003,359,394.8,S0022,2024-10-01,44,447
2024-11-01,P000098,LOC003,423,392.15,S0022,2024-10-11,44,447
2024-12-01,P000098,LOC003,346,402.23,S0022,2024-11-23,44,447
2024-12-31,P000098,LOC003,336,404.89,S0022,2024-12-05,44,447
2025-01-30,P000098,LOC003,318,421.11,S0022,2025-01-19,44,447
2025-03-01,P000098,LOC003,314,397.9,S0022,2025-02-09,44,447
2025-03-31,P000098,LOC003,411,397.23,S0022,2025-03-29,44,447
2024-10-02,P000098,LOC004,352,410.74,S0022,2024-09-20,44,447
2024-11-01,P000098,LOC004,330,408.96,S0022,2024-10-26,44,447
2024-12-01,P000098,LOC004,405,417.36,S0022,2024-11-28,44,447
2024-12-31,P000098,LOC004,412,400.22,S0022,2024-12-06,44,447
2025-01-30,P000098,LOC004,316,417.23,S0022,2025-01-04,44,447
2025-03-01,P000098,LOC004,320,420.16,S0022,2025-02-16,44,447
2025-03-31,P000098,LOC004,361,421.14,S0022,2025-03-03,44,447
2024-10-02,P000098,LOC005,381,409.8,S0022,2024-09-22,44,447
2024-11-01,P000098,LOC005,326,394.74,S0022,2024-10-08,44,447
2024-12-01,P000098,LOC005,337,410.4,S0022,2024-11-26,44,447
2024-12-31,P000098,LOC005,341,397.29,S0022,2024-12-29,44,447
2025-01-30,P000098,LOC005,350,422.27,S0022,2025-01-25,44,447
2025-03-01,P000098,LOC005,352,416.73,S0022,2025-02-14,44,447
2025-03-31,P000098,LOC005,318,426.21,S0022,2025-03-04,44,447
2024-10-02,P000098,LOC006,410,398.41,S0022,2024-09-05,44,447
2024-11-01,P000098,LOC006,342,405.12,S0022,2024-10-02,44,447
2024-12-01,P000098,LOC006,329,403.02,S0022,2024-11-29,44,447
2024-12-31,P000098,LOC006,390,426.52,S0022,2024-12-12,44,447
2025-01-30,P000098,LOC006,370,401.35,S0022,2025-01-02,44,447
2025-03-01,P000098,LOC006,387,407.66,S0022,2025-01-30,44,447
2025-03-31,P000098,LOC006,391,395.34,S0022,2025-03-08,44,447
2024-10-02,P000098,LOC007,416,410.36,S0022,2024-09-30,44,447
2024-11-01,P000098,LOC007,361,410.27,S0022,2024-10-07,44,447
2024-12-01,P000098,LOC007,363,404.89,S0022,2024-11-26,44,447
2024-12-31,P000098,LOC007,406,412.33,S0022,2024-12-18,44,447
2025-01-30,P000098,LOC007,325,420.02,S0022,2025-01-06,44,447
2025-03-01,P000098,LOC007,324,402.17,S0022,2025-02-25,44,447
2025-03-31,P000098,LOC007,381,411.34,S0022,2025-03-26,44,447
2024-10-02,P000098,LOC008,400,400.8,S0022,2024-09-08,44,447
2024-11-01,P000098,LOC008,418,397.35,S0022,2024-10-24,44,447
2024-12-01,P000098,LOC008,404,424.75,S0022,2024-11-20,44,447
2024-12-31,P000098,LOC008,317,404.55,S0022,2024-12-14,44,447
2025-01-30,P000098,LOC008,324,393.5,S0022,2025-01-19,44,447
2025-03-01,P000098,LOC008,383,400.62,S0022,2025-02-11,44,447
2025-03-31,P000098,LOC008,410,391.7,S0022,2025-03-10,44,447
2024-10-02,P000098,LOC009,414,408.97,S0022,2024-09-25,44,447
2024-11-01,P000098,LOC009,330,390.37,S0022,2024-10-19,44,447
2024-12-01,P000098,LOC009,345,394.62,S0022,2024-11-26,44,447
2024-12-31,P000098,LOC009,362,410.64,S0022,2024-12-22,44,447
2025-01-30,P000098,LOC009,369,405.25,S0022,2025-01-08,44,447
2025-03-01,P000098,LOC009,394,389.09,S0022,2025-02-01,44,447
2025-03-31,P000098,LOC009,323,408.76,S0022,2025-03-06,44,447
2024-10-02,P000098,LOC010,385,406.7,S0022,2024-09-23,44,447
2024-11-01,P000098,LOC010,350,419.98,S0022,2024-10-19,44,447
2024-12-01,P000098,LOC010,328,426.98,S0022,2024-11-08,44,447
2024-12-31,P000098,LOC010,407,419.29,S0022,2024-12-12,44,447
2025-01-30,P000098,LOC010,361,388.83,S0022,2025-01-04,44,447
2025-03-01,P000098,LOC010,359,398.4,S0022,2025-02-17,44,447
2025-03-31,P000098,LOC010,398,414.92,S0022,2025-03-20,44,447
2024-10-02,P000098,LOC011,340,413.22,S0022,2024-09-09,44,447
2024-11-01,P000098,LOC011,403,426.49,S0022,2024-10-10,44,447
2024-12-01,P000098,LOC011,351,389.13,S0022,2024-11-27,44,447
2024-12-31,P000098,LOC011,369,420.42,S0022,2024-12-22,44,447
2025-01-30,P000098,LOC011,322,414.05,S0022,2025-01-03,44,447
2025-03-01,P000098,LOC011,354,408.71,S0022,2025-02-02,44,447
2025-03-31,P000098,LOC011,397,394.95,S0022,2025-03-18,44,447
2024-10-02,P000098,LOC012,353,425.98,S0022,2024-09-13,44,447
2024-11-01,P000098,LOC012,387,421.22,S0022,2024-10-24,44,447
2024-12-01,P000098,LOC012,329,424.25,S0022,2024-11-27,44,447
2024-12-31,P000098,LOC012,397,386.71,S0022,2024-12-02,44,447
2025-01-30,P000098,LOC012,360,422.54,S0022,2025-01-02,44,447
2025-03-01,P000098,LOC012,338,389.86,S0022,2025-02-23,44,447
2025-03-31,P000098,LOC012,402,413.22,S0022,2025-03-23,44,447
2024-10-02,P000098,LOC013,359,407.36,S0022,2024-09-28,44,447
2024-11-01,P000098,LOC013,358,422.95,S0022,2024-10-24,44,447
2024-12-01,P000098,LOC013,364,403.77,S0022,2024-11-26,44,447
2024-12-31,P000098,LOC013,408,401.0,S0022,2024-12-21,44,447
2025-01-30,P000098,LOC013,401,423.17,S0022,2025-01-09,44,447
2025-03-01,P000098,LOC013,353,401.1,S0022,2025-02-09,44,447
2025-03-31,P000098,LOC013,316,410.0,S0022,2025-03-22,44,447
2024-10-02,P000098,LOC014,329,416.28,S0022,2024-09-11,44,447
2024-11-01,P000098,LOC014,314,387.17,S0022,2024-10-20,44,447
2024-12-01,P000098,LOC014,402,409.64,S0022,2024-11-15,44,447
2024-12-31,P000098,LOC014,418,390.82,S0022,2024-12-05,44,447
2025-01-30,P000098,LOC014,322,414.08,S0022,2025-01-14,44,447
2025-03-01,P000098,LOC014,348,409.49,S0022,2025-01-30,44,447
2025-03-31,P000098,LOC014,422,391.19,S0022,2025-03-21,44,447
2024-10-02,P000098,LOC015,331,401.12,S0022,2024-09-20,44,447
2024-11-01,P000098,LOC015,319,407.25,S0022,2024-10-08,44,447
2024-12-01,P000098,LOC015,397,389.88,S0022,2024-11-29,44,447
2024-12-31,P000098,LOC015,386,420.82,S0022,2024-12-30,44,447
2025-01-30,P000098,LOC015,384,408.95,S0022,2025-01-13,44,447
2025-03-01,P000098,LOC015,413,391.85,S0022,2025-02-18,44,447
2025-03-31,P000098,LOC015,319,419.33,S0022,2025-03-04,44,447
2024-10-02,P000098,LOC016,383,391.47,S0022,2024-09-08,44,447
2024-11-01,P000098,LOC016,392,425.18,S0022,2024-10-23,44,447
2024-12-01,P000098,LOC016,386,395.08,S0022,2024-11-08,44,447
2024-12-31,P000098,LOC016,370,415.57,S0022,2024-12-23,44,447
2025-01-30,P000098,LOC016,345,417.91,S0022,2025-01-07,44,447
2025-03-01,P000098,LOC016,357,422.85,S0022,2025-02-16,44,447
2025-03-31,P000098,LOC016,388,388.38,S0022,2025-03-15,44,447
2024-10-02,P000098,LOC017,374,416.77,S0022,2024-09-22,44,447
2024-11-01,P000098,LOC017,346,398.76,S0022,2024-10-06,44,447
2024-12-01,P000098,LOC017,395,416.6,S0022,2024-11-17,44,447
2024-12-31,P000098,LOC017,414,393.42,S0022,2024-12-16,44,447
2025-01-30,P000098,LOC017,313,393.67,S0022,2025-01-28,44,447
2025-03-01,P000098,LOC017,344,408.49,S0022,2025-02-01,44,447
2025-03-31,P000098,LOC017,371,406.78,S0022,2025-03-01,44,447
2024-10-02,P000098,LOC018,415,388.6,S0022,2024-09-29,44,447
2024-11-01,P000098,LOC018,391,393.34,S0022,2024-10-19,44,447
2024-12-01,P000098,LOC018,362,389.06,S0022,2024-11-03,44,447
2024-12-31,P000098,LOC018,335,426.92,S0022,2024-12-17,44,447
2025-01-30,P000098,LOC018,373,412.46,S0022,2025-01-20,44,447
2025-03-01,P000098,LOC018,400,426.8,S0022,2025-02-23,44,447
2025-03-31,P000098,LOC018,385,411.31,S0022,2025-03-09,44,447
2024-10-02,P000098,LOC019,390,396.62,S0022,2024-09-25,44,447
2024-11-01,P000098,LOC019,412,397.92,S0022,2024-10-09,44,447
2024-12-01,P000098,LOC019,400,397.53,S0022,2024-11-13,44,447
2024-12-31,P000098,LOC019,358,425.14,S0022,2024-12-26,44,447
2025-01-30,P000098,LOC019,334,391.84,S0022,2025-01-02,44,447
2025-03-01,P000098,LOC019,346,405.16,S0022,2025-02-05,44,447
2025-03-31,P000098,LOC019,317,402.31,S0022,2025-03-23,44,447
2024-10-02,P000098,LOC020,350,412.37,S0022,2024-09-12,44,447
2024-11-01,P000098,LOC020,393,423.8,S0022,2024-10-28,44,447
2024-12-01,P000098,LOC020,395,426.75,S0022,2024-11-07,44,447
2024-12-31,P000098,LOC020,326,403.08,S0022,2024-12-14,44,447
2025-01-30,P000098,LOC020,423,400.65,S0022,2025-01-11,44,447
2025-03-01,P000098,LOC020,344,402.63,S0022,2025-02-24,44,447
2025-03-31,P000098,LOC020,323,402.02,S0022,2025-03-07,44,447
2024-10-02,P000099,LOC001,268,260.91,S0026,2024-09-03,11,321
2024-11-01,P000099,LOC001,266,268.06,S0026,2024-10-23,11,321
2024-12-01,P000099,LOC001,285,264.3,S0026,2024-11-24,11,321
2024-12-31,P000099,LOC001,237,287.38,S0026,2024-12-24,11,321
2025-01-30,P000099,LOC001,226,286.09,S0026,2025-01-02,11,321
2025-03-01,P000099,LOC001,288,284.46,S0026,2025-01-30,11,321
2025-03-31,P000099,LOC001,272,281.61,S0026,2025-03-22,11,321
2024-10-02,P000099,LOC002,244,283.23,S0026,2024-09-11,11,321
2024-11-01,P000099,LOC002,286,265.72,S0026,2024-10-19,11,321
2024-12-01,P000099,LOC002,283,272.78,S0026,2024-11-30,11,321
2024-12-31,P000099,LOC002,303,264.78,S0026,2024-12-25,11,321
2025-01-30,P000099,LOC002,233,267.84,S0026,2025-01-07,11,321
2025-03-01,P000099,LOC002,229,272.76,S0026,2025-02-02,11,321
2025-03-31,P000099,LOC002,254,281.81,S0026,2025-03-25,11,321
2024-10-02,P000099,LOC003,275,276.29,S0026,2024-09-23,11,321
2024-11-01,P000099,LOC003,253,271.5,S0026,2024-10-19,11,321
2024-12-01,P000099,LOC003,228,274.33,S0026,2024-11-05,11,321
2024-12-31,P000099,LOC003,276,285.88,S0026,2024-12-17,11,321
2025-01-30,P000099,LOC003,234,268.53,S0026,2025-01-25,11,321
2025-03-01,P000099,LOC003,248,271.84,S0026,2025-01-30,11,321
2025-03-31,P000099,LOC003,283,278.52,S0026,2025-03-05,11,321
2024-10-02,P000099,LOC004,261,266.84,S0026,2024-09-27,11,321
2024-11-01,P000099,LOC004,303,266.2,S0026,2024-10-30,11,321
2024-12-01,P000099,LOC004,289,262.86,S0026,2024-11-15,11,321
2024-12-31,P000099,LOC004,304,279.49,S0026,2024-12-17,11,321
2025-01-30,P000099,LOC004,270,283.19,S0026,2025-01-01,11,321
2025-03-01,P000099,LOC004,296,285.13,S0026,2025-02-27,11,321
2025-03-31,P000099,LOC004,275,276.99,S0026,2025-03-09,11,321
2024-10-02,P000099,LOC005,267,260.67,S0026,2024-09-28,11,321
2024-11-01,P000099,LOC005,272,287.3,S0026,2024-10-10,11,321
2024-12-01,P000099,LOC005,252,274.55,S0026,2024-11-03,11,321
2024-12-31,P000099,LOC005,247,269.6,S0026,2024-12-26,11,321
2025-01-30,P000099,LOC005,287,267.68,S0026,2025-01-23,11,321
2025-03-01,P000099,LOC005,282,269.66,S0026,2025-02-21,11,321
2025-03-31,P000099,LOC005,278,283.38,S0026,2025-03-23,11,321
2024-10-02,P000099,LOC006,282,273.69,S0026,2024-09-26,11,321
2024-11-01,P000099,LOC006,266,267.92,S0026,2024-10-28,11,321
2024-12-01,P000099,LOC006,244,281.3,S0026,2024-11-01,11,321
2024-12-31,P000099,LOC006,251,274.21,S0026,2024-12-11,11,321
2025-01-30,P000099,LOC006,271,275.74,S0026,2025-01-06,11,321
2025-03-01,P000099,LOC006,290,282.33,S0026,2025-02-12,11,321
2025-03-31,P000099,LOC006,253,269.91,S0026,2025-03-16,11,321
2024-10-02,P000099,LOC007,232,274.52,S0026,2024-09-21,11,321
2024-11-01,P000099,LOC007,281,264.61,S0026,2024-10-10,11,321
2024-12-01,P000099,LOC007,291,273.19,S0026,2024-11-25,11,321
2024-12-31,P000099,LOC007,231,270.22,S0026,2024-12-28,11,321
2025-01-30,P000099,LOC007,229,286.8,S0026,2025-01-19,11,321
2025-03-01,P000099,LOC007,296,268.57,S0026,2025-02-16,11,321
2025-03-31,P000099,LOC007,262,264.38,S0026,2025-03-13,11,321
2024-10-02,P000099,LOC008,260,282.09,S0026,2024-09-20,11,321
2024-11-01,P000099,LOC008,254,277.89,S0026,2024-10-03,11,321
2024-12-01,P000099,LOC008,266,261.73,S0026,2024-11-26,11,321
2024-12-31,P000099,LOC008,271,261.63,S0026,2024-12-09,11,321
2025-01-30,P000099,LOC008,266,285.57,S0026,2025-01-01,11,321
2025-03-01,P000099,LOC008,256,266.27,S0026,2025-02-17,11,321
2025-03-31,P000099,LOC008,245,280.74,S0026,2025-03-21,11,321
2024-10-02,P000099,LOC009,264,275.4,S0026,2024-09-08,11,321
2024-11-01,P000099,LOC009,258,279.49,S0026,2024-10-20,11,321
2024-12-01,P000099,LOC009,260,279.56,S0026,2024-11-04,11,321
2024-12-31,P000099,LOC009,299,283.72,S0026,2024-12-09,11,321
2025-01-30,P000099,LOC009,263,276.89,S0026,2025-01-27,11,321
2025-03-01,P000099,LOC009,302,277.31,S0026,2025-02-09,11,321
2025-03-31,P000099,LOC009,290,274.14,S0026,2025-03-20,11,321
2024-10-02,P000099,LOC010,236,272.74,S0026,2024-09-07,11,321
2024-11-01,P000099,LOC010,234,263.96,S0026,2024-10-18,11,321
2024-12-01,P000099,LOC010,281,271.16,S0026,2024-11-18,11,321
2024-12-31,P000099,LOC010,235,283.2,S0026,2024-12-05,11,321
2025-01-30,P000099,LOC010,281,264.33,S0026,2025-01-24,11,321
2025-03-01,P000099,LOC010,293,268.06,S0026,2025-02-01,11,321
2025-03-31,P000099,LOC010,234,286.35,S0026,2025-03-14,11,321
2024-10-02,P000099,LOC011,241,266.97,S0026,2024-09-29,11,321
2024-11-01,P000099,LOC011,262,262.07,S0026,2024-10-29,11,321
2024-12-01,P000099,LOC011,284,277.89,S0026,2024-11-02,11,321
2024-12-31,P000099,LOC011,300,265.45,S0026,2024-12-19,11,321
2025-01-30,P000099,LOC011,254,282.36,S0026,2025-01-19,11,321
2025-03-01,P000099,LOC011,301,269.14,S0026,2025-02-13,11,321
2025-03-31,P000099,LOC011,272,278.6,S0026,2025-03-30,11,321
2024-10-02,P000099,LOC012,257,266.8,S0026,2024-09-07,11,321
2024-11-01,P000099,LOC012,234,262.77,S0026,2024-10-14,11,321
2024-12-01,P000099,LOC012,270,286.28,S0026,2024-11-11,11,321
2024-12-31,P000099,LOC012,227,273.8,S0026,2024-12-20,11,321
2025-01-30,P000099,LOC012,237,274.26,S0026,2025-01-01,11,321
2025-03-01,P000099,LOC012,254,269.01,S0026,2025-02-19,11,321
2025-03-31,P000099,LOC012,304,268.77,S0026,2025-03-04,11,321
2024-10-02,P000099,LOC013,249,263.79,S0026,2024-09-29,11,321
2024-11-01,P000099,LOC013,263,272.95,S0026,2024-10-18,11,321
2024-12-01,P000099,LOC013,288,282.25,S0026,2024-11-09,11,321
2024-12-31,P000099,LOC013,236,284.2,S0026,2024-12-23,11,321
2025-01-30,P000099,LOC013,272,284.7,S0026,2024-12-31,11,321
2025-03-01,P000099,LOC013,228,281.57,S0026,2025-02-13,11,321
2025-03-31,P000099,LOC013,296,285.22,S0026,2025-03-30,11,321
2024-10-02,P000099,LOC014,296,273.6,S0026,2024-09-07,11,321
2024-11-01,P000099,LOC014,242,261.3,S0026,2024-10-06,11,321
2024-12-01,P000099,LOC014,290,263.61,S0026,2024-11-25,11,321
2024-12-31,P000099,LOC014,263,270.54,S0026,2024-12-16,11,321
2025-01-30,P000099,LOC014,234,285.7,S0026,2025-01-15,11,321
2025-03-01,P000099,LOC014,252,279.0,S0026,2025-01-30,11,321
2025-03-31,P000099,LOC014,294,286.03,S0026,2025-03-09,11,321
2024-10-02,P000099,LOC015,258,276.88,S0026,2024-09-19,11,321
2024-11-01,P000099,LOC015,270,274.61,S0026,2024-10-22,11,321
2024-12-01,P000099,LOC015,270,265.72,S0026,2024-11-28,11,321
2024-12-31,P000099,LOC015,296,261.33,S0026,2024-12-07,11,321
2025-01-30,P000099,LOC015,287,284.84,S0026,2025-01-17,11,321
2025-03-01,P000099,LOC015,262,273.3,S0026,2025-02-14,11,321
2025-03-31,P000099,LOC015,282,269.64,S0026,2025-03-27,11,321
2024-10-02,P000099,LOC016,273,280.24,S0026,2024-09-12,11,321
2024-11-01,P000099,LOC016,285,271.25,S0026,2024-10-02,11,321
2024-12-01,P000099,LOC016,265,264.08,S0026,2024-11-20,11,321
2024-12-31,P000099,LOC016,261,284.71,S0026,2024-12-18,11,321
2025-01-30,P000099,LOC016,260,272.54,S0026,2025-01-20,11,321
2025-03-01,P000099,LOC016,260,261.72,S0026,2025-02-08,11,321
2025-03-31,P000099,LOC016,294,266.21,S0026,2025-03-05,11,321
2024-10-02,P000099,LOC017,250,285.62,S0026,2024-09-17,11,321
2024-11-01,P000099,LOC017,288,276.38,S0026,2024-10-07,11,321
2024-12-01,P000099,LOC017,278,286.38,S0026,2024-11-12,11,321
2024-12-31,P000099,LOC017,257,281.85,S0026,2024-12-03,11,321
2025-01-30,P000099,LOC017,243,264.07,S0026,2025-01-13,11,321
2025-03-01,P000099,LOC017,256,283.45,S0026,2025-01-30,11,321
2025-03-31,P000099,LOC017,268,273.63,S0026,2025-03-17,11,321
2024-10-02,P000099,LOC018,301,277.29,S0026,2024-09-05,11,321
2024-11-01,P000099,LOC018,296,274.51,S0026,2024-10-25,11,321
2024-12-01,P000099,LOC018,283,285.57,S0026,2024-11-25,11,321
2024-12-31,P000099,LOC018,276,274.5,S0026,2024-12-27,11,321
2025-01-30,P000099,LOC018,294,284.88,S0026,2025-01-11,11,321
2025-03-01,P000099,LOC018,281,267.97,S0026,2025-02-25,11,321
2025-03-31,P000099,LOC018,270,268.89,S0026,2025-03-25,11,321
2024-10-02,P000099,LOC019,288,276.82,S0026,2024-09-15,11,321
2024-11-01,P000099,LOC019,281,271.3,S0026,2024-10-19,11,321
2024-12-01,P000099,LOC019,269,262.84,S0026,2024-11-09,11,321
2024-12-31,P000099,LOC019,234,262.75,S0026,2024-12-28,11,321
2025-01-30,P000099,LOC019,269,263.51,S0026,2025-01-26,11,321
2025-03-01,P000099,LOC019,240,270.78,S0026,2025-02-09,11,321
2025-03-31,P000099,LOC019,274,281.92,S0026,2025-03-22,11,321
2024-10-02,P000099,LOC020,270,268.46,S0026,2024-09-30,11,321
2024-11-01,P000099,LOC020,228,266.71,S0026,2024-10-12,11,321
2024-12-01,P000099,LOC020,270,282.89,S0026,2024-11-10,11,321
2024-12-31,P000099,LOC020,239,274.04,S0026,2024-12-25,11,321
2025-01-30,P000099,LOC020,262,276.51,S0026,2024-12-31,11,321
2025-03-01,P000099,LOC020,296,271.44,S0026,2025-01-30,11,321
2025-03-31,P000099,LOC020,234,275.94,S0026,2025-03-16,11,321
2024-10-02,P000100,LOC001,131,495.35,S0002,2024-09-24,31,141
2024-11-01,P000100,LOC001,105,489.97,S0002,2024-10-14,31,141
2024-12-01,P000100,LOC001,99,509.83,S0002,2024-11-27,31,141
2024-12-31,P000100,LOC001,126,522.17,S0002,2024-12-26,31,141
2025-01-30,P000100,LOC001,107,514.29,S0002,2025-01-26,31,141
2025-03-01,P000100,LOC001,123,490.41,S0002,2025-02-13,31,141
2025-03-31,P000100,LOC001,129,487.53,S0002,2025-03-02,31,141
2024-10-02,P000100,LOC002,114,516.26,S0002,2024-09-07,31,141
2024-11-01,P000100,LOC002,127,521.87,S0002,2024-10-02,31,141
2024-12-01,P000100,LOC002,120,520.72,S0002,2024-11-25,31,141
2024-12-31,P000100,LOC002,112,501.69,S0002,2024-12-14,31,141
2025-01-30,P000100,LOC002,100,521.99,S0002,2025-01-04,31,141
2025-03-01,P000100,LOC002,129,503.19,S0002,2025-02-09,31,141
2025-03-31,P000100,LOC002,99,505.08,S0002,2025-03-28,31,141
2024-10-02,P000100,LOC003,114,479.21,S0002,2024-09-09,31,141
2024-11-01,P000100,LOC003,113,496.03,S0002,2024-10-03,31,141
2024-12-01,P000100,LOC003,129,492.91,S0002,2024-11-14,31,141
2024-12-31,P000100,LOC003,109,511.48,S0002,2024-12-03,31,141
2025-01-30,P000100,LOC003,107,499.69,S0002,2025-01-22,31,141
2025-03-01,P000100,LOC003,102,505.0,S0002,2025-02-26,31,141
2025-03-31,P000100,LOC003,102,501.54,S0002,2025-03-15,31,141
2024-10-02,P000100,LOC004,104,491.38,S0002,2024-09-07,31,141
2024-11-01,P000100,LOC004,103,489.8,S0002,2024-10-16,31,141
2024-12-01,P000100,LOC004,107,476.52,S0002,2024-11-24,31,141
2024-12-31,P000100,LOC004,101,502.83,S0002,2024-12-30,31,141
2025-01-30,P000100,LOC004,109,494.6,S0002,2025-01-09,31,141
2025-03-01,P000100,LOC004,113,488.06,S0002,2025-02-18,31,141
2025-03-31,P000100,LOC004,104,512.45,S0002,2025-03-07,31,141
2024-10-02,P000100,LOC005,120,509.94,S0002,2024-09-23,31,141
2024-11-01,P000100,LOC005,110,483.41,S0002,2024-10-23,31,141
2024-12-01,P000100,LOC005,99,519.85,S0002,2024-11-08,31,141
2024-12-31,P000100,LOC005,100,482.31,S0002,2024-12-06,31,141
2025-01-30,P000100,LOC005,112,504.52,S0002,2025-01-29,31,141
2025-03-01,P000100,LOC005,109,485.02,S0002,2025-02-11,31,141
2025-03-31,P000100,LOC005,113,491.21,S0002,2025-03-19,31,141
2024-10-02,P000100,LOC006,110,515.62,S0002,2024-09-09,31,141
2024-11-01,P000100,LOC006,111,516.93,S0002,2024-10-20,31,141
2024-12-01,P000100,LOC006,127,483.18,S0002,2024-11-14,31,141
2024-12-31,P000100,LOC006,102,511.9,S0002,2024-12-23,31,141
2025-01-30,P000100,LOC006,105,492.69,S0002,2025-01-05,31,141
2025-03-01,P000100,LOC006,125,498.42,S0002,2025-01-31,31,141
2025-03-31,P000100,LOC006,119,506.43,S0002,2025-03-16,31,141
2024-10-02,P000100,LOC007,116,480.8,S0002,2024-09-04,31,141
2024-11-01,P000100,LOC007,125,498.74,S0002,2024-10-05,31,141
2024-12-01,P000100,LOC007,112,494.57,S0002,2024-11-21,31,141
2024-12-31,P000100,LOC007,102,475.06,S0002,2024-12-29,31,141
2025-01-30,P000100,LOC007,100,514.7,S0002,2025-01-18,31,141
2025-03-01,P000100,LOC007,115,510.66,S0002,2025-02-10,31,141
2025-03-31,P000100,LOC007,113,516.92,S0002,2025-03-21,31,141
2024-10-02,P000100,LOC008,115,491.76,S0002,2024-09-11,31,141
2024-11-01,P000100,LOC008,113,501.62,S0002,2024-10-14,31,141
2024-12-01,P000100,LOC008,106,517.23,S0002,2024-11-25,31,141
2024-12-31,P000100,LOC008,129,487.77,S0002,2024-12-05,31,141
2025-01-30,P000100,LOC008,108,480.21,S0002,2025-01-01,31,141
2025-03-01,P000100,LOC008,132,480.62,S0002,2025-02-28,31,141
2025-03-31,P000100,LOC008,122,483.37,S0002,2025-03-03,31,141
2024-10-02,P000100,LOC009,107,495.18,S0002,2024-09-29,31,141
2024-11-01,P000100,LOC009,118,499.3,S0002,2024-10-22,31,141
2024-12-01,P000100,LOC009,126,484.26,S0002,2024-11-25,31,141
2024-12-31,P000100,LOC009,109,476.14,S0002,2024-12-02,31,141
2025-01-30,P000100,LOC009,113,511.62,S0002,2025-01-24,31,141
2025-03-01,P000100,LOC009,101,489.46,S0002,2025-02-28,31,141
2025-03-31,P000100,LOC009,121,478.37,S0002,2025-03-27,31,141
2024-10-02,P000100,LOC010,105,511.78,S0002,2024-09-06,31,141
2024-11-01,P000100,LOC010,132,502.99,S0002,2024-10-24,31,141
2024-12-01,P000100,LOC010,111,486.56,S0002,2024-11-17,31,141
2024-12-31,P000100,LOC010,133,512.89,S0002,2024-12-27,31,141
2025-01-30,P000100,LOC010,126,507.24,S0002,2025-01-16,31,141
2025-03-01,P000100,LOC010,117,488.0,S0002,2025-02-23,31,141
2025-03-31,P000100,LOC010,113,491.65,S0002,2025-03-22,31,141
2024-10-02,P000100,LOC011,130,489.83,S0002,2024-09-14,31,141
2024-11-01,P000100,LOC011,114,497.34,S0002,2024-10-07,31,141
2024-12-01,P000100,LOC011,98,502.13,S0002,2024-11-16,31,141
2024-12-31,P000100,LOC011,115,523.38,S0002,2024-12-13,31,141
2025-01-30,P000100,LOC011,127,479.36,S0002,2024-12-31,31,141
2025-03-01,P000100,LOC011,108,492.96,S0002,2025-02-24,31,141
2025-03-31,P000100,LOC011,132,478.21,S0002,2025-03-21,31,141
2024-10-02,P000100,LOC012,98,482.64,S0002,2024-09-24,31,141
2024-11-01,P000100,LOC012,131,493.16,S0002,2024-10-16,31,141
2024-12-01,P000100,LOC012,115,524.01,S0002,2024-11-25,31,141
2024-12-31,P000100,LOC012,119,482.0,S0002,2024-12-23,31,141
2025-01-30,P000100,LOC012,128,514.23,S0002,2025-01-21,31,141
2025-03-01,P000100,LOC012,112,490.14,S0002,2025-02-18,31,141
2025-03-31,P000100,LOC012,111,484.8,S0002,2025-03-12,31,141
2024-10-02,P000100,LOC013,120,482.18,S0002,2024-09-06,31,141
2024-11-01,P000100,LOC013,119,477.63,S0002,2024-10-30,31,141
2024-12-01,P000100,LOC013,116,494.99,S0002,2024-11-14,31,141
2024-12-31,P000100,LOC013,100,484.94,S0002,2024-12-26,31,141
2025-01-30,P000100,LOC013,124,522.68,S0002,2025-01-05,31,141
2025-03-01,P000100,LOC013,118,492.27,S0002,2025-01-30,31,141
2025-03-31,P000100,LOC013,109,475.05,S0002,2025-03-24,31,141
2024-10-02,P000100,LOC014,112,496.66,S0002,2024-09-19,31,141
2024-11-01,P000100,LOC014,103,522.43,S0002,2024-10-13,31,141
2024-12-01,P000100,LOC014,103,502.16,S0002,2024-11-03,31,141
2024-12-31,P000100,LOC014,118,490.44,S0002,2024-12-23,31,141
2025-01-30,P000100,LOC014,108,497.93,S0002,2025-01-21,31,141
2025-03-01,P000100,LOC014,113,475.67,S0002,2025-02-02,31,141
2025-03-31,P000100,LOC014,120,477.42,S0002,2025-03-24,31,141
2024-10-02,P000100,LOC015,132,521.64,S0002,2024-10-01,31,141
2024-11-01,P000100,LOC015,109,487.0,S0002,2024-10-21,31,141
2024-12-01,P000100,LOC015,122,500.49,S0002,2024-11-01,31,141
2024-12-31,P000100,LOC015,110,499.18,S0002,2024-12-20,31,141
2025-01-30,P000100,LOC015,107,476.94,S0002,2025-01-16,31,141
2025-03-01,P000100,LOC015,125,518.33,S0002,2025-02-16,31,141
2025-03-31,P000100,LOC015,114,499.41,S0002,2025-03-18,31,141
2024-10-02,P000100,LOC016,107,477.28,S0002,2024-09-22,31,141
2024-11-01,P000100,LOC016,133,505.69,S0002,2024-10-08,31,141
2024-12-01,P000100,LOC016,110,520.02,S0002,2024-11-03,31,141
2024-12-31,P000100,LOC016,114,482.46,S0002,2024-12-14,31,141
2025-01-30,P000100,LOC016,119,488.64,S0002,2025-01-11,31,141
2025-03-01,P000100,LOC016,99,516.17,S0002,2025-02-02,31,141
2025-03-31,P000100,LOC016,123,521.93,S0002,2025-03-23,31,141
2024-10-02,P000100,LOC017,121,485.34,S0002,2024-09-09,31,141
2024-11-01,P000100,LOC017,98,505.15,S0002,2024-10-23,31,141
2024-12-01,P000100,LOC017,115,519.07,S0002,2024-11-10,31,141
2024-12-31,P000100,LOC017,130,511.27,S0002,2024-12-18,31,141
2025-01-30,P000100,LOC017,122,481.1,S0002,2025-01-16,31,141
2025-03-01,P000100,LOC017,113,503.74,S0002,2025-02-02,31,141
2025-03-31,P000100,LOC017,130,511.9,S0002,2025-03-10,31,141
2024-10-02,P000100,LOC018,123,479.58,S0002,2024-09-04,31,141
2024-11-01,P000100,LOC018,125,501.31,S0002,2024-10-27,31,141
2024-12-01,P000100,LOC018,117,481.93,S0002,2024-11-08,31,141
2024-12-31,P000100,LOC018,126,488.17,S0002,2024-12-15,31,141
2025-01-30,P000100,LOC018,121,495.24,S0002,2025-01-23,31,141
2025-03-01,P000100,LOC018,101,521.44,S0002,2025-02-28,31,141
2025-03-31,P000100,LOC018,99,510.39,S0002,2025-03-04,31,141
2024-10-02,P000100,LOC019,128,485.12,S0002,2024-09-18,31,141
2024-11-01,P000100,LOC019,122,509.14,S0002,2024-10-25,31,141
2024-12-01,P000100,LOC019,122,482.34,S0002,2024-11-28,31,141
2024-12-31,P000100,LOC019,111,494.03,S0002,2024-12-18,31,141
2025-01-30,P000100,LOC019,127,478.19,S0002,2025-01-10,31,141
2025-03-01,P000100,LOC019,127,485.67,S0002,2025-02-22,31,141
2025-03-31,P000100,LOC019,111,496.65,S0002,2025-03-07,31,141
2024-10-02,P000100,LOC020,104,490.6,S0002,2024-09-27,31,141
2024-11-01,P000100,LOC020,125,497.33,S0002,2024-10-30,31,141
2024-12-01,P000100,LOC020,123,517.31,S0002,2024-11-12,31,141
2024-12-31,P000100,LOC020,98,475.31,S0002,2024-12-13,31,141
2025-01-30,P000100,LOC020,115,504.68,S0002,2025-01-28,31,141
2025-03-01,P000100,LOC020,131,507.21,S0002,2025-02-09,31,141
2025-03-31,P000100,LOC020,114,505.84,S0002,2025-03-15,31,141
