date,product_id,site_id,quantity,unit_cost,supplier_id,last_restock_date,reorder_point,max_stock_level
2024-10-02,P000001,LOC001,252,294.57,S0011,2024-09-07,32,867
2024-11-01,P000001,LOC001,254,289.02,S0011,2024-10-11,32,867
2024-12-01,P000001,LOC001,249,271.21,S0011,2024-11-21,32,867
2024-12-31,P000001,LOC001,337,284.17,S0011,2024-12-02,32,867
2025-01-30,P000001,LOC001,352,281.47,S0011,2025-01-09,32,867
2025-03-01,P000001,LOC001,399,275.17,S0011,2025-02-27,32,867
2025-03-31,P000001,LOC001,428,293.89,S0011,2025-03-15,32,867
2024-10-02,P000001,LOC002,314,281.45,S0011,2024-09-22,32,867
2024-11-01,P000001,LOC002,377,282.64,S0011,2024-10-08,32,867
2024-12-01,P000001,LOC002,364,278.11,S0011,2024-11-28,32,867
2024-12-31,P000001,LOC002,391,288.25,S0011,2024-12-09,32,867
2025-01-30,P000001,LOC002,442,277.61,S0011,2025-01-19,32,867
2025-03-01,P000001,LOC002,434,292.02,S0011,2025-02-13,32,867
2025-03-31,P000001,LOC002,386,295.39,S0011,2025-03-17,32,867
2024-10-02,P000001,LOC003,191,289.03,S0011,2024-09-21,32,867
2024-11-01,P000001,LOC003,185,279.07,S0011,2024-10-14,32,867
2024-12-01,P000001,LOC003,230,283.74,S0011,2024-11-09,32,867
2024-12-31,P000001,LOC003,188,271.66,S0011,2024-12-12,32,867
2025-01-30,P000001,LOC003,202,270.15,S0011,2025-01-22,32,867
2025-03-01,P000001,LOC003,293,292.82,S0011,2025-02-13,32,867
2025-03-31,P000001,LOC003,283,278.79,S0011,2025-03-22,32,867
2024-10-02,P000001,LOC004,303,296.6,S0011,2024-09-12,32,867
2024-11-01,P000001,LOC004,379,289.48,S0011,2024-10-25,32,867
2024-12-01,P000001,LOC004,464,281.14,S0011,2024-11-06,32,867
2024-12-31,P000001,LOC004,462,290.86,S0011,2024-12-18,32,867
2025-01-30,P000001,LOC004,423,293.2,S0011,2025-01-24,32,867
2025-03-01,P000001,LOC004,477,272.21,S0011,2025-02-06,32,867
2025-03-31,P000001,LOC004,546,275.32,S0011,2025-03-21,32,867
2024-10-02,P000001,LOC005,240,290.98,S0011,2024-09-06,32,867
2024-11-01,P000001,LOC005,277,272.04,S0011,2024-10-18,32,867
2024-12-01,P000001,LOC005,307,296.76,S0011,2024-11-18,32,867
2024-12-31,P000001,LOC005,320,270.44,S0011,2024-12-26,32,867
2025-01-30,P000001,LOC005,348,286.95,S0011,2025-01-17,32,867
2025-03-01,P000001,LOC005,387,277.09,S0011,2025-02-04,32,867
2025-03-31,P000001,LOC005,356,274.15,S0011,2025-03-21,32,867
2024-10-02,P000001,LOC006,317,273.77,S0011,2024-09-12,32,867
2024-11-01,P000001,LOC006,324,291.83,S0011,2024-10-28,32,867
2024-12-01,P000001,LOC006,414,271.34,S0011,2024-11-02,32,867
2024-12-31,P000001,LOC006,474,282.92,S0011,2024-12-19,32,867
2025-01-30,P000001,LOC006,431,275.39,S0011,2025-01-22,32,867
2025-03-01,P000001,LOC006,502,281.34,S0011,2025-02-19,32,867
2025-03-31,P000001,LOC006,598,277.68,S0011,2025-03-03,32,867
2024-10-02,P000001,LOC007,239,284.89,S0011,2024-09-02,32,867
2024-11-01,P000001,LOC007,248,271.7,S0011,2024-10-06,32,867
2024-12-01,P000001,LOC007,318,274.46,S0011,2024-11-30,32,867
2024-12-31,P000001,LOC007,378,272.51,S0011,2024-12-14,32,867
2025-01-30,P000001,LOC007,379,272.84,S0011,2024-12-31,32,867
2025-03-01,P000001,LOC007,387,286.0,S0011,2025-02-28,32,867
2025-03-31,P000001,LOC007,422,274.96,S0011,2025-03-10,32,867
2024-10-02,P000001,LOC008,246,276.29,S0011,2024-09-08,32,867
2024-11-01,P000001,LOC008,201,282.54,S0011,2024-10-29,32,867
2024-12-01,P000001,LOC008,172,292.6,S0011,2024-11-21,32,867
2024-12-31,P000001,LOC008,242,289.14,S0011,2024-12-29,32,867
2025-01-30,P000001,LOC008,197,283.61,S0011,2025-01-17,32,867
2025-03-01,P000001,LOC008,297,296.12,S0011,2025-02-17,32,867
2025-03-31,P000001,LOC008,254,278.74,S0011,2025-03-14,32,867
2024-10-02,P000001,LOC009,204,273.16,S0011,2024-09-20,32,867
2024-11-01,P000001,LOC009,163,284.45,S0011,2024-10-14,32,867
2024-12-01,P000001,LOC009,174,283.34,S0011,2024-11-02,32,867
2024-12-31,P000001,LOC009,172,292.7,S0011,2024-12-21,32,867
2025-01-30,P000001,LOC009,140,293.69,S0011,2025-01-18,32,867
2025-03-01,P000001,LOC009,237,283.23,S0011,2025-02-03,32,867
2025-03-31,P000001,LOC009,305,274.97,S0011,2025-03-23,32,867
2024-10-02,P000001,LOC010,206,276.6,S0011,2024-09-14,32,867
2024-11-01,P000001,LOC010,301,288.99,S0011,2024-10-26,32,867
2024-12-01,P000001,LOC010,367,290.33,S0011,2024-11-18,32,867
2024-12-31,P000001,LOC010,397,291.93,S0011,2024-12-19,32,867
2025-01-30,P000001,LOC010,362,285.5,S0011,2025-01-18,32,867
2025-03-01,P000001,LOC010,417,272.03,S0011,2025-02-28,32,867
2025-03-31,P000001,LOC010,487,287.68,S0011,2025-03-26,32,867
2024-10-02,P000001,LOC011,274,296.99,S0011,2024-09-19,32,867
2024-11-01,P000001,LOC011,290,281.91,S0011,2024-10-05,32,867
2024-12-01,P000001,LOC011,310,297.77,S0011,2024-11-14,32,867
2024-12-31,P000001,LOC011,314,279.45,S0011,2024-12-13,32,867
2025-01-30,P000001,LOC011,305,290.53,S0011,2025-01-24,32,867
2025-03-01,P000001,LOC011,360,275.21,S0011,2025-02-16,32,867
2025-03-31,P000001,LOC011,327,295.12,S0011,2025-03-20,32,867
2024-10-02,P000001,LOC012,194,284.6,S0011,2024-09-27,32,867
2024-11-01,P000001,LOC012,177,292.17,S0011,2024-10-31,32,867
2024-12-01,P000001,LOC012,220,291.04,S0011,2024-11-23,32,867
2024-12-31,P000001,LOC012,291,280.66,S0011,2024-12-17,32,867
2025-01-30,P000001,LOC012,299,270.18,S0011,2025-01-10,32,867
2025-03-01,P000001,LOC012,363,292.8,S0011,2025-02-18,32,867
2025-03-31,P000001,LOC012,318,277.73,S0011,2025-03-21,32,867
2024-10-02,P000001,LOC013,282,296.15,S0011,2024-09-09,32,867
2024-11-01,P000001,LOC013,340,285.62,S0011,2024-10-16,32,867
2024-12-01,P000001,LOC013,315,296.06,S0011,2024-11-14,32,867
2024-12-31,P000001,LOC013,356,288.75,S0011,2024-12-04,32,867
2025-01-30,P000001,LOC013,359,270.05,S0011,2024-12-31,32,867
2025-03-01,P000001,LOC013,322,296.86,S0011,2025-02-11,32,867
2025-03-31,P000001,LOC013,408,279.86,S0011,2025-03-02,32,867
2024-10-02,P000001,LOC014,333,274.07,S0011,2024-09-04,32,867
2024-11-01,P000001,LOC014,388,297.17,S0011,2024-10-12,32,867
2024-12-01,P000001,LOC014,443,283.24,S0011,2024-11-29,32,867
2024-12-31,P000001,LOC014,428,298.0,S0011,2024-12-18,32,867
2025-01-30,P000001,LOC014,448,273.4,S0011,2025-01-15,32,867
2025-03-01,P000001,LOC014,483,283.85,S0011,2025-02-26,32,867
2025-03-31,P000001,LOC014,525,293.73,S0011,2025-03-01,32,867
2024-10-02,P000001,LOC015,268,279.88,S0011,2024-09-09,32,867
2024-11-01,P000001,LOC015,349,273.98,S0011,2024-10-21,32,867
2024-12-01,P000001,LOC015,389,282.51,S0011,2024-11-08,32,867
2024-12-31,P000001,LOC015,382,296.89,S0011,2024-12-21,32,867
2025-01-30,P000001,LOC015,378,286.13,S0011,2025-01-29,32,867
2025-03-01,P000001,LOC015,467,283.67,S0011,2025-02-09,32,867
2025-03-31,P000001,LOC015,455,277.9,S0011,2025-03-14,32,867
2024-10-02,P000001,LOC016,293,292.36,S0011,2024-09-06,32,867
2024-11-01,P000001,LOC016,280,286.86,S0011,2024-10-10,32,867
2024-12-01,P000001,LOC016,369,275.12,S0011,2024-11-27,32,867
2024-12-31,P000001,LOC016,435,280.98,S0011,2024-12-24,32,867
2025-01-30,P000001,LOC016,480,288.53,S0011,2025-01-16,32,867
2025-03-01,P000001,LOC016,432,282.17,S0011,2025-02-17,32,867
2025-03-31,P000001,LOC016,492,285.43,S0011,2025-03-18,32,867
2024-10-02,P000001,LOC017,333,295.53,S0011,2024-09-09,32,867
2024-11-01,P000001,LOC017,338,276.41,S0011,2024-10-23,32,867
2024-12-01,P000001,LOC017,429,280.82,S0011,2024-11-15,32,867
2024-12-31,P000001,LOC017,438,277.0,S0011,2024-12-09,32,867
2025-01-30,P000001,LOC017,388,280.13,S0011,2025-01-06,32,867
2025-03-01,P000001,LOC017,484,288.26,S0011,2025-01-31,32,867
2025-03-31,P000001,LOC017,440,292.72,S0011,2025-03-12,32,867
2024-10-02,P000001,LOC018,301,292.29,S0011,2024-09-27,32,867
2024-11-01,P000001,LOC018,295,273.32,S0011,2024-10-04,32,867
2024-12-01,P000001,LOC018,260,282.86,S0011,2024-11-15,32,867
2024-12-31,P000001,LOC018,262,283.23,S0011,2024-12-21,32,867
2025-01-30,P000001,LOC018,242,292.22,S0011,2024-12-31,32,867
2025-03-01,P000001,LOC018,240,280.39,S0011,2025-02-27,32,867
2025-03-31,P000001,LOC018,270,284.96,S0011,2025-03-17,32,867
2024-10-02,P000001,LOC019,295,275.71,S0011,2024-09-28,32,867
2024-11-01,P000001,LOC019,267,291.76,S0011,2024-10-18,32,867
2024-12-01,P000001,LOC019,232,274.27,S0011,2024-11-10,32,867
2024-12-31,P000001,LOC019,277,289.86,S0011,2024-12-25,32,867
2025-01-30,P000001,LOC019,310,279.18,S0011,2025-01-29,32,867
2025-03-01,P000001,LOC019,274,273.1,S0011,2025-02-16,32,867
2025-03-31,P000001,LOC019,252,292.38,S0011,2025-03-26,32,867
2024-10-02,P000001,LOC020,254,271.09,S0011,2024-09-10,32,867
2024-11-01,P000001,LOC020,343,292.04,S0011,2024-10-20,32,867
2024-12-01,P000001,LOC020,399,274.87,S0011,2024-11-16,32,867
2024-12-31,P000001,LOC020,499,291.15,S0011,2024-12-25,32,867
2025-01-30,P000001,LOC020,485,272.13,S0011,2025-01-18,32,867
2025-03-01,P000001,LOC020,535,289.81,S0011,2025-02-10,32,867
2025-03-31,P000001,LOC020,497,284.02,S0011,2025-03-18,32,867
2024-10-02,P000002,LOC001,1051,335.85,S0027,2024-09-11,45,155
2024-11-01,P000002,LOC001,1025,349.23,S0027,2024-10-31,45,155
2024-12-01,P000002,LOC001,1057,356.34,S0027,2024-11-17,45,155
2024-12-31,P000002,LOC001,1029,354.06,S0027,2024-12-26,45,155
2025-01-30,P000002,LOC001,1095,359.66,S0027,2025-01-07,45,155
2025-03-01,P000002,LOC001,1117,355.57,S0027,2025-02-26,45,155
2025-03-31,P000002,LOC001,1151,358.88,S0027,2025-03-04,45,155
2024-10-02,P000002,LOC002,939,338.92,S0027,2024-09-24,45,155
2024-11-01,P000002,LOC002,1008,340.17,S0027,2024-10-02,45,155
2024-12-01,P000002,LOC002,1108,357.47,S0027,2024-11-05,45,155
2024-12-31,P000002,LOC002,1183,362.55,S0027,2024-12-27,45,155
2025-01-30,P000002,LOC002,1264,354.18,S0027,2025-01-08,45,155
2025-03-01,P000002,LOC002,1306,337.88,S0027,2025-02-28,45,155
2025-03-31,P000002,LOC002,1387,336.31,S0027,2025-03-22,45,155
2024-10-02,P000002,LOC003,1030,357.22,S0027,2024-09-05,45,155
2024-11-01,P000002,LOC003,1063,353.92,S0027,2024-10-06,45,155
2024-12-01,P000002,LOC003,1032,341.47,S0027,2024-11-18,45,155
2024-12-31,P000002,LOC003,1014,348.98,S0027,2024-12-19,45,155
2025-01-30,P000002,LOC003,994,328.31,S0027,2025-01-16,45,155
2025-03-01,P000002,LOC003,990,358.07,S0027,2025-02-05,45,155
2025-03-31,P000002,LOC003,978,350.18,S0027,2025-03-18,45,155
2024-10-02,P000002,LOC004,997,343.49,S0027,2024-09-12,45,155
2024-11-01,P000002,LOC004,965,353.0,S0027,2024-10-12,45,155
2024-12-01,P000002,LOC004,1032,329.99,S0027,2024-11-29,45,155
2024-12-31,P000002,LOC004,1006,332.16,S0027,2024-12-05,45,155
2025-01-30,P000002,LOC004,1087,355.82,S0027,2025-01-01,45,155
2025-03-01,P000002,LOC004,1175,342.13,S0027,2025-01-30,45,155
2025-03-31,P000002,LOC004,1244,329.09,S0027,2025-03-04,45,155
2024-10-02,P000002,LOC005,961,336.52,S0027,2024-09-24,45,155
2024-11-01,P000002,LOC005,981,341.72,S0027,2024-10-18,45,155
2024-12-01,P000002,LOC005,1017,351.79,S0027,2024-11-23,45,155
2024-12-31,P000002,LOC005,1026,359.88,S0027,2024-12-20,45,155
2025-01-30,P000002,LOC005,1071,338.4,S0027,2025-01-21,45,155
2025-03-01,P000002,LOC005,1116,332.1,S0027,2025-02-03,45,155
2025-03-31,P000002,LOC005,1137,328.66,S0027,2025-03-09,45,155
2024-10-02,P000002,LOC006,1015,351.78,S0027,2024-09-14,45,155
2024-11-01,P000002,LOC006,1076,354.11,S0027,2024-10-04,45,155
2024-12-01,P000002,LOC006,1103,337.11,S0027,2024-11-05,45,155
2024-12-31,P000002,LOC006,1096,355.1,S0027,2024-12-02,45,155
2025-01-30,P000002,LOC006,1132,341.63,S0027,2025-01-06,45,155
2025-03-01,P000002,LOC006,1154,329.13,S0027,2025-01-30,45,155
2025-03-31,P000002,LOC006,1130,347.86,S0027,2025-03-26,45,155
2024-10-02,P000002,LOC007,950,356.65,S0027,2024-09-29,45,155
2024-11-01,P000002,LOC007,1000,351.37,S0027,2024-10-29,45,155
2024-12-01,P000002,LOC007,1015,346.98,S0027,2024-11-06,45,155
2024-12-31,P000002,LOC007,980,337.75,S0027,2024-12-29,45,155
2025-01-30,P000002,LOC007,1060,344.43,S0027,2025-01-29,45,155
2025-03-01,P000002,LOC007,1149,360.39,S0027,2025-02-27,45,155
2025-03-31,P000002,LOC007,1243,339.28,S0027,2025-03-02,45,155
2024-10-02,P000002,LOC008,1062,346.5,S0027,2024-09-15,45,155
2024-11-01,P000002,LOC008,1105,355.76,S0027,2024-10-29,45,155
2024-12-01,P000002,LOC008,1198,336.78,S0027,2024-11-27,45,155
2024-12-31,P000002,LOC008,1191,348.88,S0027,2024-12-20,45,155
2025-01-30,P000002,LOC008,1204,347.04,S0027,2025-01-11,45,155
2025-03-01,P000002,LOC008,1288,358.97,S0027,2025-02-12,45,155
2025-03-31,P000002,LOC008,1381,352.15,S0027,2025-03-18,45,155
2024-10-02,P000002,LOC009,1010,338.94,S0027,2024-09-14,45,155
2024-11-01,P000002,LOC009,1056,354.99,S0027,2024-10-11,45,155
2024-12-01,P000002,LOC009,1093,339.8,S0027,2024-11-29,45,155
2024-12-31,P000002,LOC009,1089,340.41,S0027,2024-12-23,45,155
2025-01-30,P000002,LOC009,1178,344.65,S0027,2025-01-13,45,155
2025-03-01,P000002,LOC009,1173,354.03,S0027,2025-02-13,45,155
2025-03-31,P000002,LOC009,1250,355.0,S0027,2025-03-14,45,155
2024-10-02,P000002,LOC010,999,357.88,S0027,2024-09-04,45,155
2024-11-01,P000002,LOC010,1062,360.76,S0027,2024-10-11,45,155
2024-12-01,P000002,LOC010,1049,334.26,S0027,2024-11-25,45,155
2024-12-31,P000002,LOC010,1075,339.37,S0027,2024-12-11,45,155
2025-01-30,P000002,LOC010,1136,360.92,S0027,2025-01-20,45,155
2025-03-01,P000002,LOC010,1195,350.47,S0027,2025-02-28,45,155
2025-03-31,P000002,LOC010,1256,333.64,S0027,2025-03-05,45,155
2024-10-02,P000002,LOC011,1020,355.46,S0027,2024-09-17,45,155
2024-11-01,P000002,LOC011,995,341.04,S0027,2024-10-29,45,155
2024-12-01,P000002,LOC011,1034,359.1,S0027,2024-11-24,45,155
2024-12-31,P000002,LOC011,1088,344.69,S0027,2024-12-14,45,155
2025-01-30,P000002,LOC011,1103,347.81,S0027,2025-01-09,45,155
2025-03-01,P000002,LOC011,1152,359.9,S0027,2025-02-28,45,155
2025-03-31,P000002,LOC011,1124,342.87,S0027,2025-03-20,45,155
2024-10-02,P000002,LOC012,1075,341.16,S0027,2024-09-06,45,155
2024-11-01,P000002,LOC012,1032,359.11,S0027,2024-10-03,45,155
2024-12-01,P000002,LOC012,1056,349.19,S0027,2024-11-07,45,155
2024-12-31,P000002,LOC012,1059,361.35,S0027,2024-12-23,45,155
2025-01-30,P000002,LOC012,1144,333.54,S0027,2025-01-18,45,155
2025-03-01,P000002,LOC012,1154,355.62,S0027,2025-02-21,45,155
2025-03-31,P000002,LOC012,1167,357.94,S0027,2025-03-06,45,155
2024-10-02,P000002,LOC013,995,332.8,S0027,2024-09-15,45,155
2024-11-01,P000002,LOC013,998,351.48,S0027,2024-10-08,45,155
2024-12-01,P000002,LOC013,960,361.19,S0027,2024-11-04,45,155
2024-12-31,P000002,LOC013,971,346.64,S0027,2024-12-13,45,155
2025-01-30,P000002,LOC013,1061,357.3,S0027,2025-01-22,45,155
2025-03-01,P000002,LOC013,1046,331.95,S0027,2025-02-20,45,155
2025-03-31,P000002,LOC013,1084,348.08,S0027,2025-03-02,45,155
2024-10-02,P000002,LOC014,938,361.61,S0027,2024-09-13,45,155
2024-11-01,P000002,LOC014,974,328.41,S0027,2024-10-08,45,155
2024-12-01,P000002,LOC014,958,349.38,S0027,2024-11-06,45,155
2024-12-31,P000002,LOC014,957,347.79,S0027,2024-12-30,45,155
2025-01-30,P000002,LOC014,1032,344.39,S0027,2024-12-31,45,155
2025-03-01,P000002,LOC014,1092,332.29,S0027,2025-02-19,45,155
2025-03-31,P000002,LOC014,1118,352.51,S0027,2025-03-04,45,155
2024-10-02,P000002,LOC015,986,334.95,S0027,2024-09-08,45,155
2024-11-01,P000002,LOC015,953,337.85,S0027,2024-10-10,45,155
2024-12-01,P000002,LOC015,1017,334.48,S0027,2024-11-16,45,155
2024-12-31,P000002,LOC015,982,338.78,S0027,2024-12-23,45,155
2025-01-30,P000002,LOC015,980,344.93,S0027,2025-01-02,45,155
2025-03-01,P000002,LOC015,963,347.79,S0027,2025-02-05,45,155
2025-03-31,P000002,LOC015,1048,353.79,S0027,2025-03-15,45,155
2024-10-02,P000002,LOC016,1060,352.94,S0027,2024-09-11,45,155
2024-11-01,P000002,LOC016,1087,339.61,S0027,2024-10-24,45,155
2024-12-01,P000002,LOC016,1185,355.71,S0027,2024-11-04,45,155
2024-12-31,P000002,LOC016,1211,356.4,S0027,2024-12-27,45,155
2025-01-30,P000002,LOC016,1305,351.48,S0027,2025-01-22,45,155
2025-03-01,P000002,LOC016,1330,343.25,S0027,2025-02-12,45,155
2025-03-31,P000002,LOC016,1330,342.73,S0027,2025-03-27,45,155
2024-10-02,P000002,LOC017,940,336.45,S0027,2024-09-13,45,155
2024-11-01,P000002,LOC017,948,359.73,S0027,2024-10-25,45,155
2024-12-01,P000002,LOC017,954,355.55,S0027,2024-11-21,45,155
2024-12-31,P000002,LOC017,979,352.48,S0027,2024-12-30,45,155
2025-01-30,P000002,LOC017,952,344.5,S0027,2025-01-04,45,155
2025-03-01,P000002,LOC017,1049,338.74,S0027,2025-02-08,45,155
2025-03-31,P000002,LOC017,1083,357.48,S0027,2025-03-27,45,155
2024-10-02,P000002,LOC018,1073,342.07,S0027,2024-09-26,45,155
2024-11-01,P000002,LOC018,1129,336.16,S0027,2024-10-30,45,155
2024-12-01,P000002,LOC018,1105,357.79,S0027,2024-11-07,45,155
2024-12-31,P000002,LOC018,1202,332.78,S0027,2024-12-26,45,155
2025-01-30,P000002,LOC018,1211,339.2,S0027,2025-01-09,45,155
2025-03-01,P000002,LOC018,1274,344.04,S0027,2025-02-21,45,155
2025-03-31,P000002,LOC018,1322,328.54,S0027,2025-03-27,45,155
2024-10-02,P000002,LOC019,1059,356.68,S0027,2024-09-24,45,155
2024-11-01,P000002,LOC019,1027,355.77,S0027,2024-10-28,45,155
2024-12-01,P000002,LOC019,1031,355.32,S0027,2024-11-07,45,155
2024-12-31,P000002,LOC019,1045,355.77,S0027,2024-12-03,45,155
2025-01-30,P000002,LOC019,1121,362.44,S0027,2025-01-15,45,155
2025-03-01,P000002,LOC019,1082,330.03,S0027,2025-02-13,45,155
2025-03-31,P000002,LOC019,1168,357.32,S0027,2025-03-06,45,155
2024-10-02,P000002,LOC020,1018,354.38,S0027,2024-09-04,45,155
2024-11-01,P000002,LOC020,1063,329.81,S0027,2024-10-21,45,155
2024-12-01,P000002,LOC020,1154,336.59,S0027,2024-11-28,45,155
2024-12-31,P000002,LOC020,1247,343.97,S0027,2024-12-05,45,155
2025-01-30,P000002,LOC020,1248,351.46,S0027,2025-01-05,45,155
2025-03-01,P000002,LOC020,1342,352.06,S0027,2025-02-05,45,155
2025-03-31,P000002,LOC020,1425,351.64,S0027,2025-03-01,45,155
2024-10-02,P000003,LOC001,792,590.95,S0009,2024-09-19,37,845
2024-11-01,P000003,LOC001,882,562.99,S0009,2024-10-18,37,845
2024-12-01,P000003,LOC001,872,561.5,S0009,2024-11-01,37,845
2024-12-31,P000003,LOC001,965,584.32,S0009,2024-12-29,37,845
2025-01-30,P000003,LOC001,1038,579.45,S0009,2025-01-14,37,845
2025-03-01,P000003,LOC001,1027,597.42,S0009,2025-02-12,37,845
2025-03-31,P000003,LOC001,1050,589.13,S0009,2025-03-29,37,845
2024-10-02,P000003,LOC002,795,578.96,S0009,2024-09-03,37,845
2024-11-01,P000003,LOC002,861,574.08,S0009,2024-10-04,37,845
2024-12-01,P000003,LOC002,834,566.08,S0009,2024-11-14,37,845
2024-12-31,P000003,LOC002,846,594.79,S0009,2024-12-27,37,845
2025-01-30,P000003,LOC002,932,589.83,S0009,2025-01-14,37,845
2025-03-01,P000003,LOC002,892,559.57,S0009,2025-02-16,37,845
2025-03-31,P000003,LOC002,911,569.72,S0009,2025-03-15,37,845
2024-10-02,P000003,LOC003,781,579.6,S0009,2024-09-04,37,845
2024-11-01,P000003,LOC003,739,566.79,S0009,2024-10-20,37,845
2024-12-01,P000003,LOC003,708,560.84,S0009,2024-11-20,37,845
2024-12-31,P000003,LOC003,797,596.97,S0009,2024-12-14,37,845
2025-01-30,P000003,LOC003,834,561.7,S0009,2025-01-24,37,845
2025-03-01,P000003,LOC003,861,562.05,S0009,2025-02-24,37,845
2025-03-31,P000003,LOC003,880,593.98,S0009,2025-03-27,37,845
2024-10-02,P000003,LOC004,865,573.52,S0009,2024-09-08,37,845
2024-11-01,P000003,LOC004,919,550.16,S0009,2024-10-28,37,845
2024-12-01,P000003,LOC004,976,550.95,S0009,2024-11-02,37,845
2024-12-31,P000003,LOC004,926,570.77,S0009,2024-12-26,37,845
2025-01-30,P000003,LOC004,930,581.82,S0009,2025-01-19,37,845
2025-03-01,P000003,LOC004,911,567.72,S0009,2025-02-15,37,845
2025-03-31,P000003,LOC004,965,585.23,S0009,2025-03-08,37,845
2024-10-02,P000003,LOC005,785,561.35,S0009,2024-09-17,37,845
2024-11-01,P000003,LOC005,806,576.2,S0009,2024-10-27,37,845
2024-12-01,P000003,LOC005,776,596.34,S0009,2024-11-27,37,845
2024-12-31,P000003,LOC005,810,597.67,S0009,2024-12-28,37,845
2025-01-30,P000003,LOC005,899,595.01,S0009,2025-01-02,37,845
2025-03-01,P000003,LOC005,861,597.69,S0009,2025-02-14,37,845
2025-03-31,P000003,LOC005,889,587.68,S0009,2025-03-06,37,845
2024-10-02,P000003,LOC006,751,593.74,S0009,2024-09-18,37,845
2024-11-01,P000003,LOC006,792,557.29,S0009,2024-10-26,37,845
2024-12-01,P000003,LOC006,844,576.14,S0009,2024-11-08,37,845
2024-12-31,P000003,LOC006,821,607.09,S0009,2024-12-20,37,845
2025-01-30,P000003,LOC006,855,556.19,S0009,2025-01-09,37,845
2025-03-01,P000003,LOC006,878,554.58,S0009,2025-02-10,37,845
2025-03-31,P000003,LOC006,978,595.21,S0009,2025-03-27,37,845
2024-10-02,P000003,LOC007,805,585.47,S0009,2024-09-08,37,845
2024-11-01,P000003,LOC007,877,583.49,S0009,2024-10-29,37,845
2024-12-01,P000003,LOC007,965,575.83,S0009,2024-11-04,37,845
2024-12-31,P000003,LOC007,948,559.58,S0009,2024-12-08,37,845
2025-01-30,P000003,LOC007,1047,589.47,S0009,2025-01-26,37,845
2025-03-01,P000003,LOC007,1010,560.87,S0009,2025-02-12,37,845
2025-03-31,P000003,LOC007,981,603.77,S0009,2025-03-12,37,845
2024-10-02,P000003,LOC008,866,604.34,S0009,2024-09-17,37,845
2024-11-01,P000003,LOC008,932,597.95,S0009,2024-10-10,37,845
2024-12-01,P000003,LOC008,961,595.49,S0009,2024-11-03,37,845
2024-12-31,P000003,LOC008,980,592.56,S0009,2024-12-07,37,845
2025-01-30,P000003,LOC008,1005,568.59,S0009,2025-01-23,37,845
2025-03-01,P000003,LOC008,967,596.86,S0009,2025-02-03,37,845
2025-03-31,P000003,LOC008,947,579.15,S0009,2025-03-08,37,845
2024-10-02,P000003,LOC009,740,600.41,S0009,2024-09-16,37,845
2024-11-01,P000003,LOC009,739,588.76,S0009,2024-10-04,37,845
2024-12-01,P000003,LOC009,751,593.99,S0009,2024-11-06,37,845
2024-12-31,P000003,LOC009,766,596.75,S0009,2024-12-12,37,845
2025-01-30,P000003,LOC009,842,565.94,S0009,2025-01-28,37,845
2025-03-01,P000003,LOC009,914,579.35,S0009,2025-02-11,37,845
2025-03-31,P000003,LOC009,990,603.37,S0009,2025-03-27,37,845
2024-10-02,P000003,LOC010,866,574.22,S0009,2024-09-18,37,845
2024-11-01,P000003,LOC010,928,565.13,S0009,2024-10-04,37,845
2024-12-01,P000003,LOC010,882,568.89,S0009,2024-11-08,37,845
2024-12-31,P000003,LOC010,832,591.39,S0009,2024-12-11,37,845
2025-01-30,P000003,LOC010,828,557.68,S0009,2024-12-31,37,845
2025-03-01,P000003,LOC010,783,606.54,S0009,2025-02-26,37,845
2025-03-31,P000003,LOC010,829,556.71,S0009,2025-03-26,37,845
2024-10-02,P000003,LOC011,835,594.97,S0009,2024-09-09,37,845
2024-11-01,P000003,LOC011,810,596.34,S0009,2024-10-09,37,845
2024-12-01,P000003,LOC011,858,555.66,S0009,2024-11-05,37,845
2024-12-31,P000003,LOC011,864,594.92,S0009,2024-12-25,37,845
2025-01-30,P000003,LOC011,943,602.92,S0009,2025-01-19,37,845
2025-03-01,P000003,LOC011,1007,565.35,S0009,2025-02-17,37,845
2025-03-31,P000003,LOC011,975,586.68,S0009,2025-03-14,37,845
2024-10-02,P000003,LOC012,865,589.35,S0009,2024-09-26,37,845
2024-11-01,P000003,LOC012,892,588.54,S0009,2024-10-19,37,845
2024-12-01,P000003,LOC012,903,600.41,S0009,2024-11-11,37,845
2024-12-31,P000003,LOC012,887,574.64,S0009,2024-12-30,37,845
2025-01-30,P000003,LOC012,845,570.5,S0009,2025-01-03,37,845
2025-03-01,P000003,LOC012,887,568.06,S0009,2025-02-08,37,845
2025-03-31,P000003,LOC012,880,601.35,S0009,2025-03-01,37,845
2024-10-02,P000003,LOC013,860,585.8,S0009,2024-09-28,37,845
2024-11-01,P000003,LOC013,844,570.04,S0009,2024-10-29,37,845
2024-12-01,P000003,LOC013,877,594.1,S0009,2024-11-13,37,845
2024-12-31,P000003,LOC013,876,600.74,S0009,2024-12-17,37,845
2025-01-30,P000003,LOC013,892,560.16,S0009,2025-01-25,37,845
2025-03-01,P000003,LOC013,973,563.26,S0009,2025-02-17,37,845
2025-03-31,P000003,LOC013,948,557.9,S0009,2025-03-20,37,845
2024-10-02,P000003,LOC014,724,562.66,S0009,2024-09-20,37,845
2024-11-01,P000003,LOC014,700,604.71,S0009,2024-10-09,37,845
2024-12-01,P000003,LOC014,737,559.67,S0009,2024-11-14,37,845
2024-12-31,P000003,LOC014,758,584.91,S0009,2024-12-05,37,845
2025-01-30,P000003,LOC014,782,596.74,S0009,2025-01-27,37,845
2025-03-01,P000003,LOC014,734,574.12,S0009,2025-02-23,37,845
2025-03-31,P000003,LOC014,820,592.02,S0009,2025-03-12,37,845
2024-10-02,P000003,LOC015,743,599.94,S0009,2024-09-29,37,845
2024-11-01,P000003,LOC015,830,558.08,S0009,2024-10-16,37,845
2024-12-01,P000003,LOC015,814,592.31,S0009,2024-11-25,37,845
2024-12-31,P000003,LOC015,780,552.27,S0009,2024-12-26,37,845
2025-01-30,P000003,LOC015,832,581.6,S0009,2025-01-14,37,845
2025-03-01,P000003,LOC015,825,565.03,S0009,2025-02-24,37,845
2025-03-31,P000003,LOC015,886,573.31,S0009,2025-03-03,37,845
2024-10-02,P000003,LOC016,849,590.12,S0009,2024-09-26,37,845
2024-11-01,P000003,LOC016,847,599.44,S0009,2024-10-16,37,845
2024-12-01,P000003,LOC016,803,555.8,S0009,2024-11-16,37,845
2024-12-31,P000003,LOC016,826,605.03,S0009,2024-12-19,37,845
2025-01-30,P000003,LOC016,826,568.89,S0009,2025-01-23,37,845
2025-03-01,P000003,LOC016,799,556.8,S0009,2025-02-15,37,845
2025-03-31,P000003,LOC016,886,590.1,S0009,2025-03-26,37,845
2024-10-02,P000003,LOC017,786,552.44,S0009,2024-09-13,37,845
2024-11-01,P000003,LOC017,745,552.4,S0009,2024-10-21,37,845
2024-12-01,P000003,LOC017,717,568.47,S0009,2024-11-25,37,845
2024-12-31,P000003,LOC017,794,587.06,S0009,2024-12-21,37,845
2025-01-30,P000003,LOC017,803,555.14,S0009,2025-01-24,37,845
2025-03-01,P000003,LOC017,759,605.18,S0009,2025-02-21,37,845
2025-03-31,P000003,LOC017,823,565.99,S0009,2025-03-02,37,845
2024-10-02,P000003,LOC018,773,587.69,S0009,2024-09-12,37,845
2024-11-01,P000003,LOC018,871,570.75,S0009,2024-10-12,37,845
2024-12-01,P000003,LOC018,925,589.54,S0009,2024-11-22,37,845
2024-12-31,P000003,LOC018,927,564.81,S0009,2024-12-02,37,845
2025-01-30,P000003,LOC018,994,588.96,S0009,2025-01-23,37,845
2025-03-01,P000003,LOC018,951,579.34,S0009,2025-02-20,37,845
2025-03-31,P000003,LOC018,1022,596.61,S0009,2025-03-06,37,845
2024-10-02,P000003,LOC019,768,599.49,S0009,2024-09-02,37,845
2024-11-01,P000003,LOC019,720,551.86,S0009,2024-10-27,37,845
2024-12-01,P000003,LOC019,717,564.47,S0009,2024-11-15,37,845
2024-12-31,P000003,LOC019,691,572.18,S0009,2024-12-21,37,845
2025-01-30,P000003,LOC019,788,552.71,S0009,2025-01-09,37,845
2025-03-01,P000003,LOC019,792,566.74,S0009,2025-02-16,37,845
2025-03-31,P000003,LOC019,765,600.49,S0009,2025-03-28,37,845
2024-10-02,P000003,LOC020,737,599.59,S0009,2024-09-29,37,845
2024-11-01,P000003,LOC020,689,594.85,S0009,2024-10-25,37,845
2024-12-01,P000003,LOC020,653,599.64,S0009,2024-11-20,37,845
2024-12-31,P000003,LOC020,674,594.69,S0009,2024-12-03,37,845
2025-01-30,P000003,LOC020,660,595.08,S0009,2025-01-06,37,845
2025-03-01,P000003,LOC020,704,576.55,S0009,2025-02-26,37,845
2025-03-31,P000003,LOC020,701,587.09,S0009,2025-03-23,37,845
2024-10-02,P000004,LOC001,911,479.42,S0021,2024-09-20,39,622
2024-11-01,P000004,LOC001,861,468.99,S0021,2024-10-09,39,622
2024-12-01,P000004,LOC001,875,475.3,S0021,2024-11-14,39,622
2024-12-31,P000004,LOC001,943,447.47,S0021,2024-12-28,39,622
2025-01-30,P000004,LOC001,976,466.88,S0021,2025-01-15,39,622
2025-03-01,P000004,LOC001,1033,484.14,S0021,2025-01-30,39,622
2025-03-31,P000004,LOC001,1123,485.12,S0021,2025-03-13,39,622
2024-10-02,P000004,LOC002,950,457.62,S0021,2024-09-21,39,622
2024-11-01,P000004,LOC002,941,468.5,S0021,2024-10-28,39,622
2024-12-01,P000004,LOC002,974,467.53,S0021,2024-11-23,39,622
2024-12-31,P000004,LOC002,938,476.35,S0021,2024-12-17,39,622
2025-01-30,P000004,LOC002,929,483.65,S0021,2025-01-05,39,622
2025-03-01,P000004,LOC002,1001,444.58,S0021,2025-02-20,39,622
2025-03-31,P000004,LOC002,957,478.07,S0021,2025-03-27,39,622
2024-10-02,P000004,LOC003,904,457.63,S0021,2024-09-16,39,622
2024-11-01,P000004,LOC003,960,454.61,S0021,2024-10-25,39,622
2024-12-01,P000004,LOC003,940,468.52,S0021,2024-11-06,39,622
2024-12-31,P000004,LOC003,965,442.45,S0021,2024-12-11,39,622
2025-01-30,P000004,LOC003,1027,478.82,S0021,2025-01-28,39,622
2025-03-01,P000004,LOC003,1125,470.27,S0021,2025-02-10,39,622
2025-03-31,P000004,LOC003,1176,460.34,S0021,2025-03-20,39,622
2024-10-02,P000004,LOC004,962,450.99,S0021,2024-09-26,39,622
2024-11-01,P000004,LOC004,1009,465.62,S0021,2024-10-04,39,622
2024-12-01,P000004,LOC004,1022,455.76,S0021,2024-11-18,39,622
2024-12-31,P000004,LOC004,1092,443.35,S0021,2024-12-23,39,622
2025-01-30,P000004,LOC004,1125,453.52,S0021,2025-01-11,39,622
2025-03-01,P000004,LOC004,1126,457.34,S0021,2025-02-19,39,622
2025-03-31,P000004,LOC004,1126,440.97,S0021,2025-03-08,39,622
2024-10-02,P000004,LOC005,934,481.33,S0021,2024-09-12,39,622
2024-11-01,P000004,LOC005,1034,453.79,S0021,2024-10-10,39,622
2024-12-01,P000004,LOC005,1070,481.0,S0021,2024-11-22,39,622
2024-12-31,P000004,LOC005,1026,466.85,S0021,2024-12-01,39,622
2025-01-30,P000004,LOC005,1015,463.53,S0021,2025-01-20,39,622
2025-03-01,P000004,LOC005,1058,454.13,S0021,2025-02-11,39,622
2025-03-31,P000004,LOC005,1093,448.66,S0021,2025-03-19,39,622
2024-10-02,P000004,LOC006,954,444.53,S0021,2024-09-25,39,622
2024-11-01,P000004,LOC006,1029,447.03,S0021,2024-10-29,39,622
2024-12-01,P000004,LOC006,1107,464.78,S0021,2024-11-05,39,622
2024-12-31,P000004,LOC006,1150,443.82,S0021,2024-12-02,39,622
2025-01-30,P000004,LOC006,1226,446.69,S0021,2025-01-26,39,622
2025-03-01,P000004,LOC006,1195,479.67,S0021,2025-02-09,39,622
2025-03-31,P000004,LOC006,1200,454.73,S0021,2025-03-11,39,622
2024-10-02,P000004,LOC007,835,455.08,S0021,2024-09-10,39,622
2024-11-01,P000004,LOC007,915,464.66,S0021,2024-10-28,39,622
2024-12-01,P000004,LOC007,874,460.71,S0021,2024-11-17,39,622
2024-12-31,P000004,LOC007,836,481.48,S0021,2024-12-28,39,622
2025-01-30,P000004,LOC007,888,459.15,S0021,2025-01-28,39,622
2025-03-01,P000004,LOC007,971,466.45,S0021,2025-02-14,39,622
2025-03-31,P000004,LOC007,934,448.56,S0021,2025-03-04,39,622
2024-10-02,P000004,LOC008,840,453.04,S0021,2024-09-19,39,622
2024-11-01,P000004,LOC008,870,460.54,S0021,2024-10-14,39,622
2024-12-01,P000004,LOC008,932,471.92,S0021,2024-11-26,39,622
2024-12-31,P000004,LOC008,923,486.41,S0021,2024-12-23,39,622
2025-01-30,P000004,LOC008,929,470.02,S0021,2025-01-19,39,622
2025-03-01,P000004,LOC008,895,471.06,S0021,2025-02-15,39,622
2025-03-31,P000004,LOC008,994,477.11,S0021,2025-03-30,39,622
2024-10-02,P000004,LOC009,927,451.1,S0021,2024-09-12,39,622
2024-11-01,P000004,LOC009,1008,447.87,S0021,2024-10-14,39,622
2024-12-01,P000004,LOC009,995,448.95,S0021,2024-11-03,39,622
2024-12-31,P000004,LOC009,989,473.88,S0021,2024-12-16,39,622
2025-01-30,P000004,LOC009,1012,485.93,S0021,2025-01-11,39,622
2025-03-01,P000004,LOC009,1081,459.19,S0021,2025-02-06,39,622
2025-03-31,P000004,LOC009,1178,447.62,S0021,2025-03-30,39,622
2024-10-02,P000004,LOC010,906,455.54,S0021,2024-09-28,39,622
2024-11-01,P000004,LOC010,861,459.95,S0021,2024-10-05,39,622
2024-12-01,P000004,LOC010,892,446.9,S0021,2024-11-18,39,622
2024-12-31,P000004,LOC010,914,465.24,S0021,2024-12-16,39,622
2025-01-30,P000004,LOC010,869,476.06,S0021,2025-01-06,39,622
2025-03-01,P000004,LOC010,881,456.41,S0021,2025-02-24,39,622
2025-03-31,P000004,LOC010,843,442.07,S0021,2025-03-15,39,622
2024-10-02,P000004,LOC011,915,483.59,S0021,2024-09-30,39,622
2024-11-01,P000004,LOC011,902,468.24,S0021,2024-10-25,39,622
2024-12-01,P000004,LOC011,938,456.26,S0021,2024-11-19,39,622
2024-12-31,P000004,LOC011,972,446.59,S0021,2024-12-25,39,622
2025-01-30,P000004,LOC011,1022,473.6,S0021,2025-01-18,39,622
2025-03-01,P000004,LOC011,1121,463.41,S0021,2025-02-17,39,622
2025-03-31,P000004,LOC011,1145,467.14,S0021,2025-03-09,39,622
2024-10-02,P000004,LOC012,913,474.62,S0021,2024-09-16,39,622
2024-11-01,P000004,LOC012,938,452.84,S0021,2024-10-19,39,622
2024-12-01,P000004,LOC012,907,446.55,S0021,2024-11-03,39,622
2024-12-31,P000004,LOC012,999,442.58,S0021,2024-12-08,39,622
2025-01-30,P000004,LOC012,1066,479.11,S0021,2025-01-02,39,622
2025-03-01,P000004,LOC012,1140,467.33,S0021,2025-02-21,39,622
2025-03-31,P000004,LOC012,1150,463.17,S0021,2025-03-19,39,622
2024-10-02,P000004,LOC013,849,473.26,S0021,2024-09-22,39,622
2024-11-01,P000004,LOC013,879,463.4,S0021,2024-10-05,39,622
2024-12-01,P000004,LOC013,903,455.64,S0021,2024-11-03,39,622
2024-12-31,P000004,LOC013,955,465.23,S0021,2024-12-30,39,622
2025-01-30,P000004,LOC013,984,483.54,S0021,2025-01-14,39,622
2025-03-01,P000004,LOC013,958,479.67,S0021,2025-02-10,39,622
2025-03-31,P000004,LOC013,1045,442.83,S0021,2025-03-25,39,622
2024-10-02,P000004,LOC014,832,441.9,S0021,2024-09-13,39,622
2024-11-01,P000004,LOC014,855,444.25,S0021,2024-10-08,39,622
2024-12-01,P000004,LOC014,943,482.14,S0021,2024-11-15,39,622
2024-12-31,P000004,LOC014,944,466.89,S0021,2024-12-13,39,622
2025-01-30,P000004,LOC014,1005,477.38,S0021,2025-01-20,39,622
2025-03-01,P000004,LOC014,1043,462.91,S0021,2025-02-27,39,622
2025-03-31,P000004,LOC014,993,479.68,S0021,2025-03-12,39,622
2024-10-02,P000004,LOC015,937,481.52,S0021,2024-09-14,39,622
2024-11-01,P000004,LOC015,1015,453.46,S0021,2024-10-23,39,622
2024-12-01,P000004,LOC015,1008,448.36,S0021,2024-11-26,39,622
2024-12-31,P000004,LOC015,1066,450.84,S0021,2024-12-20,39,622
2025-01-30,P000004,LOC015,1099,476.31,S0021,2025-01-24,39,622
2025-03-01,P000004,LOC015,1122,455.16,S0021,2025-02-26,39,622
2025-03-31,P000004,LOC015,1214,466.31,S0021,2025-03-11,39,622
2024-10-02,P000004,LOC016,838,446.39,S0021,2024-09-15,39,622
2024-11-01,P000004,LOC016,865,448.01,S0021,2024-10-20,39,622
2024-12-01,P000004,LOC016,866,457.76,S0021,2024-11-01,39,622
2024-12-31,P000004,LOC016,942,480.91,S0021,2024-12-13,39,622
2025-01-30,P000004,LOC016,941,456.68,S0021,2025-01-20,39,622
2025-03-01,P000004,LOC016,978,476.25,S0021,2025-02-26,39,622
2025-03-31,P000004,LOC016,1068,465.75,S0021,2025-03-04,39,622
2024-10-02,P000004,LOC017,908,479.3,S0021,2024-09-03,39,622
2024-11-01,P000004,LOC017,954,442.1,S0021,2024-10-23,39,622
2024-12-01,P000004,LOC017,1015,481.34,S0021,2024-11-14,39,622
2024-12-31,P000004,LOC017,1078,446.33,S0021,2024-12-26,39,622
2025-01-30,P000004,LOC017,1108,474.08,S0021,2025-01-18,39,622
2025-03-01,P000004,LOC017,1062,455.25,S0021,2025-02-02,39,622
2025-03-31,P000004,LOC017,1091,475.05,S0021,2025-03-07,39,622
2024-10-02,P000004,LOC018,919,463.68,S0021,2024-09-27,39,622
2024-11-01,P000004,LOC018,1005,472.88,S0021,2024-10-18,39,622
2024-12-01,P000004,LOC018,1101,450.45,S0021,2024-11-17,39,622
2024-12-31,P000004,LOC018,1113,442.71,S0021,2024-12-07,39,622
2025-01-30,P000004,LOC018,1150,465.59,S0021,2025-01-20,39,622
2025-03-01,P000004,LOC018,1143,471.95,S0021,2025-02-18,39,622
2025-03-31,P000004,LOC018,1129,474.11,S0021,2025-03-24,39,622
2024-10-02,P000004,LOC019,863,447.48,S0021,2024-10-01,39,622
2024-11-01,P000004,LOC019,925,477.36,S0021,2024-10-26,39,622
2024-12-01,P000004,LOC019,957,460.38,S0021,2024-11-29,39,622
2024-12-31,P000004,LOC019,971,469.31,S0021,2024-12-23,39,622
2025-01-30,P000004,LOC019,988,469.87,S0021,2025-01-04,39,622
2025-03-01,P000004,LOC019,1001,480.22,S0021,2025-02-11,39,622
2025-03-31,P000004,LOC019,1007,461.41,S0021,2025-03-01,39,622
2024-10-02,P000004,LOC020,902,476.94,S0021,2024-09-25,39,622
2024-11-01,P000004,LOC020,980,463.46,S0021,2024-10-26,39,622
2024-12-01,P000004,LOC020,966,462.74,S0021,2024-11-23,39,622
2024-12-31,P000004,LOC020,918,455.76,S0021,2024-12-27,39,622
2025-01-30,P000004,LOC020,975,460.04,S0021,2025-01-29,39,622
2025-03-01,P000004,LOC020,1022,460.8,S0021,2025-02-26,39,622
2025-03-31,P000004,LOC020,1090,470.54,S0021,2025-03-25,39,622
2024-10-02,P000005,LOC001,310,91.48,S0021,2024-09-23,41,831
2024-11-01,P000005,LOC001,397,93.54,S0021,2024-10-09,41,831
2024-12-01,P000005,LOC001,400,99.18,S0021,2024-11-08,41,831
2024-12-31,P000005,LOC001,487,99.5,S0021,2024-12-27,41,831
2025-01-30,P000005,LOC001,520,96.98,S0021,2025-01-20,41,831
2025-03-01,P000005,LOC001,490,98.32,S0021,2025-02-25,41,831
2025-03-31,P000005,LOC001,508,98.05,S0021,2025-03-03,41,831
2024-10-02,P000005,LOC002,365,92.92,S0021,2024-09-28,41,831
2024-11-01,P000005,LOC002,317,91.63,S0021,2024-10-06,41,831
2024-12-01,P000005,LOC002,415,92.66,S0021,2024-11-28,41,831
2024-12-31,P000005,LOC002,409,92.66,S0021,2024-12-21,41,831
2025-01-30,P000005,LOC002,486,96.02,S0021,2025-01-20,41,831
2025-03-01,P000005,LOC002,553,90.31,S0021,2025-02-20,41,831
2025-03-31,P000005,LOC002,608,92.44,S0021,2025-03-18,41,831
2024-10-02,P000005,LOC003,297,98.64,S0021,2024-09-26,41,831
2024-11-01,P000005,LOC003,324,95.78,S0021,2024-10-21,41,831
2024-12-01,P000005,LOC003,387,93.14,S0021,2024-11-11,41,831
2024-12-31,P000005,LOC003,412,98.42,S0021,2024-12-17,41,831
2025-01-30,P000005,LOC003,388,97.47,S0021,2025-01-07,41,831
2025-03-01,P000005,LOC003,486,93.91,S0021,2025-02-12,41,831
2025-03-31,P000005,LOC003,572,93.94,S0021,2025-03-29,41,831
2024-10-02,P000005,LOC004,234,94.52,S0021,2024-09-24,41,831
2024-11-01,P000005,LOC004,233,96.14,S0021,2024-10-24,41,831
2024-12-01,P000005,LOC004,245,94.34,S0021,2024-11-19,41,831
2024-12-31,P000005,LOC004,292,95.33,S0021,2024-12-29,41,831
2025-01-30,P000005,LOC004,364,94.02,S0021,2025-01-27,41,831
2025-03-01,P000005,LOC004,409,92.55,S0021,2025-02-09,41,831
2025-03-31,P000005,LOC004,391,98.51,S0021,2025-03-10,41,831
2024-10-02,P000005,LOC005,318,91.89,S0021,2024-09-23,41,831
2024-11-01,P000005,LOC005,404,94.21,S0021,2024-10-06,41,831
2024-12-01,P000005,LOC005,413,97.0,S0021,2024-11-10,41,831
2024-12-31,P000005,LOC005,412,90.58,S0021,2024-12-01,41,831
2025-01-30,P000005,LOC005,491,95.62,S0021,2025-01-05,41,831
2025-03-01,P000005,LOC005,453,90.49,S0021,2025-02-25,41,831
2025-03-31,P000005,LOC005,464,92.05,S0021,2025-03-27,41,831
2024-10-02,P000005,LOC006,284,95.78,S0021,2024-09-15,41,831
2024-11-01,P000005,LOC006,319,90.78,S0021,2024-10-23,41,831
2024-12-01,P000005,LOC006,310,91.44,S0021,2024-11-25,41,831
2024-12-31,P000005,LOC006,283,94.74,S0021,2024-12-28,41,831
2025-01-30,P000005,LOC006,294,93.28,S0021,2025-01-21,41,831
2025-03-01,P000005,LOC006,276,92.57,S0021,2025-02-21,41,831
2025-03-31,P000005,LOC006,275,95.65,S0021,2025-03-03,41,831
2024-10-02,P000005,LOC007,341,99.03,S0021,2024-09-02,41,831
2024-11-01,P000005,LOC007,437,93.76,S0021,2024-10-10,41,831
2024-12-01,P000005,LOC007,419,95.51,S0021,2024-11-04,41,831
2024-12-31,P000005,LOC007,479,98.93,S0021,2024-12-22,41,831
2025-01-30,P000005,LOC007,494,98.23,S0021,2025-01-22,41,831
2025-03-01,P000005,LOC007,587,91.52,S0021,2025-02-26,41,831
2025-03-31,P000005,LOC007,593,97.31,S0021,2025-03-19,41,831
2024-10-02,P000005,LOC008,306,96.51,S0021,2024-09-21,41,831
2024-11-01,P000005,LOC008,348,96.79,S0021,2024-10-07,41,831
2024-12-01,P000005,LOC008,373,98.79,S0021,2024-11-15,41,831
2024-12-31,P000005,LOC008,451,98.12,S0021,2024-12-18,41,831
2025-01-30,P000005,LOC008,533,98.31,S0021,2025-01-27,41,831
2025-03-01,P000005,LOC008,618,99.13,S0021,2025-02-04,41,831
2025-03-31,P000005,LOC008,644,98.16,S0021,2025-03-14,41,831
2024-10-02,P000005,LOC009,291,96.63,S0021,2024-09-24,41,831
2024-11-01,P000005,LOC009,339,92.18,S0021,2024-10-17,41,831
2024-12-01,P000005,LOC009,413,90.73,S0021,2024-11-16,41,831
2024-12-31,P000005,LOC009,369,91.29,S0021,2024-12-03,41,831
2025-01-30,P000005,LOC009,382,96.26,S0021,2025-01-22,41,831
2025-03-01,P000005,LOC009,348,91.38,S0021,2025-02-24,41,831
2025-03-31,P000005,LOC009,425,92.1,S0021,2025-03-16,41,831
2024-10-02,P000005,LOC010,232,96.87,S0021,2024-09-18,41,831
2024-11-01,P000005,LOC010,268,94.53,S0021,2024-10-18,41,831
2024-12-01,P000005,LOC010,283,97.48,S0021,2024-11-10,41,831
2024-12-31,P000005,LOC010,255,93.7,S0021,2024-12-06,41,831
2025-01-30,P000005,LOC010,229,90.47,S0021,2025-01-18,41,831
2025-03-01,P000005,LOC010,307,95.34,S0021,2025-02-05,41,831
2025-03-31,P000005,LOC010,296,96.27,S0021,2025-03-21,41,831
2024-10-02,P000005,LOC011,218,96.2,S0021,2024-09-03,41,831
2024-11-01,P000005,LOC011,184,98.11,S0021,2024-10-20,41,831
2024-12-01,P000005,LOC011,177,99.17,S0021,2024-11-29,41,831
2024-12-31,P000005,LOC011,160,93.61,S0021,2024-12-29,41,831
2025-01-30,P000005,LOC011,171,96.85,S0021,2025-01-08,41,831
2025-03-01,P000005,LOC011,201,97.17,S0021,2025-02-04,41,831
2025-03-31,P000005,LOC011,189,91.81,S0021,2025-03-12,41,831
2024-10-02,P000005,LOC012,327,97.95,S0021,2024-09-09,41,831
2024-11-01,P000005,LOC012,314,98.19,S0021,2024-10-07,41,831
2024-12-01,P000005,LOC012,334,96.9,S0021,2024-11-30,41,831
2024-12-31,P000005,LOC012,370,97.13,S0021,2024-12-20,41,831
2025-01-30,P000005,LOC012,449,97.05,S0021,2025-01-15,41,831
2025-03-01,P000005,LOC012,408,95.51,S0021,2025-01-31,41,831
2025-03-31,P000005,LOC012,440,91.98,S0021,2025-03-30,41,831
2024-10-02,P000005,LOC013,290,94.69,S0021,2024-09-09,41,831
2024-11-01,P000005,LOC013,317,95.67,S0021,2024-10-21,41,831
2024-12-01,P000005,LOC013,389,96.51,S0021,2024-11-05,41,831
2024-12-31,P000005,LOC013,474,93.27,S0021,2024-12-26,41,831
2025-01-30,P000005,LOC013,440,92.48,S0021,2025-01-23,41,831
2025-03-01,P000005,LOC013,414,99.3,S0021,2025-02-27,41,831
2025-03-31,P000005,LOC013,399,90.43,S0021,2025-03-02,41,831
2024-10-02,P000005,LOC014,274,94.57,S0021,2024-09-13,41,831
2024-11-01,P000005,LOC014,349,92.13,S0021,2024-10-05,41,831
2024-12-01,P000005,LOC014,317,93.96,S0021,2024-11-17,41,831
2024-12-31,P000005,LOC014,308,94.93,S0021,2024-12-27,41,831
2025-01-30,P000005,LOC014,326,90.62,S0021,2025-01-14,41,831
2025-03-01,P000005,LOC014,397,94.6,S0021,2025-02-24,41,831
2025-03-31,P000005,LOC014,439,98.7,S0021,2025-03-01,41,831
2024-10-02,P000005,LOC015,301,90.65,S0021,2024-09-27,41,831
2024-11-01,P000005,LOC015,396,93.95,S0021,2024-10-02,41,831
2024-12-01,P000005,LOC015,471,94.93,S0021,2024-11-27,41,831
2024-12-31,P000005,LOC015,521,91.05,S0021,2024-12-12,41,831
2025-01-30,P000005,LOC015,581,95.78,S0021,2025-01-01,41,831
2025-03-01,P000005,LOC015,557,93.36,S0021,2025-02-27,41,831
2025-03-31,P000005,LOC015,539,92.68,S0021,2025-03-12,41,831
2024-10-02,P000005,LOC016,302,91.49,S0021,2024-09-12,41,831
2024-11-01,P000005,LOC016,339,95.12,S0021,2024-10-14,41,831
2024-12-01,P000005,LOC016,374,96.82,S0021,2024-11-15,41,831
2024-12-31,P000005,LOC016,417,90.42,S0021,2024-12-29,41,831
2025-01-30,P000005,LOC016,412,97.77,S0021,2025-01-14,41,831
2025-03-01,P000005,LOC016,510,91.22,S0021,2025-02-08,41,831
2025-03-31,P000005,LOC016,523,94.8,S0021,2025-03-02,41,831
2024-10-02,P000005,LOC017,313,99.33,S0021,2024-09-25,41,831
2024-11-01,P000005,LOC017,266,92.9,S0021,2024-10-04,41,831
2024-12-01,P000005,LOC017,288,99.22,S0021,2024-11-18,41,831
2024-12-31,P000005,LOC017,364,93.47,S0021,2024-12-22,41,831
2025-01-30,P000005,LOC017,403,96.81,S0021,2025-01-23,41,831
2025-03-01,P000005,LOC017,371,94.5,S0021,2025-02-11,41,831
2025-03-31,P000005,LOC017,439,95.11,S0021,2025-03-06,41,831
2024-10-02,P000005,LOC018,331,98.35,S0021,2024-09-26,41,831
2024-11-01,P000005,LOC018,359,96.94,S0021,2024-10-29,41,831
2024-12-01,P000005,LOC018,436,97.5,S0021,2024-11-25,41,831
2024-12-31,P000005,LOC018,442,91.55,S0021,2024-12-22,41,831
2025-01-30,P000005,LOC018,444,95.33,S0021,2025-01-07,41,831
2025-03-01,P000005,LOC018,453,92.86,S0021,2025-02-07,41,831
2025-03-31,P000005,LOC018,488,96.0,S0021,2025-03-11,41,831
2024-10-02,P000005,LOC019,330,93.65,S0021,2024-09-22,41,831
2024-11-01,P000005,LOC019,428,91.0,S0021,2024-10-23,41,831
2024-12-01,P000005,LOC019,437,94.75,S0021,2024-11-22,41,831
2024-12-31,P000005,LOC019,516,94.07,S0021,2024-12-19,41,831
2025-01-30,P000005,LOC019,530,90.95,S0021,2025-01-06,41,831
2025-03-01,P000005,LOC019,526,92.26,S0021,2025-02-05,41,831
2025-03-31,P000005,LOC019,564,99.1,S0021,2025-03-13,41,831
2024-10-02,P000005,LOC020,247,91.21,S0021,2024-09-06,41,831
2024-11-01,P000005,LOC020,282,97.52,S0021,2024-10-02,41,831
2024-12-01,P000005,LOC020,279,93.31,S0021,2024-11-07,41,831
2024-12-31,P000005,LOC020,369,98.89,S0021,2024-12-26,41,831
2025-01-30,P000005,LOC020,324,98.91,S0021,2025-01-15,41,831
2025-03-01,P000005,LOC020,336,90.86,S0021,2025-02-13,41,831
2025-03-31,P000005,LOC020,382,95.67,S0021,2025-03-01,41,831
2024-10-02,P000006,LOC001,75,174.43,S0024,2024-09-27,41,1079
2024-11-01,P000006,LOC001,28,183.44,S0024,2024-10-15,41,1079
2024-12-01,P000006,LOC001,0,188.12,S0024,2024-11-26,41,1079
2024-12-31,P000006,LOC001,89,184.69,S0024,2024-12-19,41,1079
2025-01-30,P000006,LOC001,54,184.09,S0024,2025-01-17,41,1079
2025-03-01,P000006,LOC001,11,179.88,S0024,2025-02-06,41,1079
2025-03-31,P000006,LOC001,1,186.31,S0024,2025-03-12,41,1079
2024-10-02,P000006,LOC002,0,188.32,S0024,2024-09-14,41,1079
2024-11-01,P000006,LOC002,0,172.37,S0024,2024-10-27,41,1079
2024-12-01,P000006,LOC002,18,176.53,S0024,2024-11-22,41,1079
2024-12-31,P000006,LOC002,39,171.89,S0024,2024-12-14,41,1079
2025-01-30,P000006,LOC002,117,181.82,S0024,2025-01-17,41,1079
2025-03-01,P000006,LOC002,213,185.2,S0024,2025-01-31,41,1079
2025-03-31,P000006,LOC002,206,173.01,S0024,2025-03-03,41,1079
2024-10-02,P000006,LOC003,0,185.62,S0024,2024-09-30,41,1079
2024-11-01,P000006,LOC003,47,183.03,S0024,2024-10-27,41,1079
2024-12-01,P000006,LOC003,26,189.06,S0024,2024-11-04,41,1079
2024-12-31,P000006,LOC003,0,175.86,S0024,2024-12-15,41,1079
2025-01-30,P000006,LOC003,0,183.28,S0024,2025-01-08,41,1079
2025-03-01,P000006,LOC003,75,180.15,S0024,2025-02-08,41,1079
2025-03-31,P000006,LOC003,105,172.73,S0024,2025-03-27,41,1079
2024-10-02,P000006,LOC004,0,180.54,S0024,2024-09-07,41,1079
2024-11-01,P000006,LOC004,37,175.34,S0024,2024-10-19,41,1079
2024-12-01,P000006,LOC004,69,171.98,S0024,2024-11-16,41,1079
2024-12-31,P000006,LOC004,82,188.16,S0024,2024-12-09,41,1079
2025-01-30,P000006,LOC004,35,183.19,S0024,2025-01-16,41,1079
2025-03-01,P000006,LOC004,76,177.72,S0024,2025-02-22,41,1079
2025-03-31,P000006,LOC004,104,176.29,S0024,2025-03-09,41,1079
2024-10-02,P000006,LOC005,0,181.96,S0024,2024-09-27,41,1079
2024-11-01,P000006,LOC005,0,185.62,S0024,2024-10-08,41,1079
2024-12-01,P000006,LOC005,0,180.01,S0024,2024-11-28,41,1079
2024-12-31,P000006,LOC005,45,182.51,S0024,2024-12-07,41,1079
2025-01-30,P000006,LOC005,16,189.19,S0024,2025-01-21,41,1079
2025-03-01,P000006,LOC005,0,181.9,S0024,2025-02-05,41,1079
2025-03-31,P000006,LOC005,76,183.98,S0024,2025-03-25,41,1079
2024-10-02,P000006,LOC006,1,173.99,S0024,2024-09-18,41,1079
2024-11-01,P000006,LOC006,51,175.27,S0024,2024-10-31,41,1079
2024-12-01,P000006,LOC006,53,175.68,S0024,2024-11-10,41,1079
2024-12-31,P000006,LOC006,135,176.84,S0024,2024-12-13,41,1079
2025-01-30,P000006,LOC006,124,180.99,S0024,2025-01-08,41,1079
2025-03-01,P000006,LOC006,92,185.31,S0024,2025-02-06,41,1079
2025-03-31,P000006,LOC006,135,172.93,S0024,2025-03-06,41,1079
2024-10-02,P000006,LOC007,0,185.83,S0024,2024-09-02,41,1079
2024-11-01,P000006,LOC007,67,178.81,S0024,2024-10-25,41,1079
2024-12-01,P000006,LOC007,111,177.18,S0024,2024-11-23,41,1079
2024-12-31,P000006,LOC007,195,175.69,S0024,2024-12-03,41,1079
2025-01-30,P000006,LOC007,262,179.04,S0024,2025-01-22,41,1079
2025-03-01,P000006,LOC007,242,185.79,S0024,2025-02-16,41,1079
2025-03-31,P000006,LOC007,236,186.01,S0024,2025-03-02,41,1079
2024-10-02,P000006,LOC008,36,172.63,S0024,2024-09-15,41,1079
2024-11-01,P000006,LOC008,7,180.95,S0024,2024-10-13,41,1079
2024-12-01,P000006,LOC008,0,184.88,S0024,2024-11-21,41,1079
2024-12-31,P000006,LOC008,0,172.36,S0024,2024-12-19,41,1079
2025-01-30,P000006,LOC008,0,185.01,S0024,2025-01-21,41,1079
2025-03-01,P000006,LOC008,31,179.32,S0024,2025-02-22,41,1079
2025-03-31,P000006,LOC008,40,185.05,S0024,2025-03-24,41,1079
2024-10-02,P000006,LOC009,25,184.76,S0024,2024-09-11,41,1079
2024-11-01,P000006,LOC009,78,174.93,S0024,2024-10-11,41,1079
2024-12-01,P000006,LOC009,136,183.29,S0024,2024-11-02,41,1079
2024-12-31,P000006,LOC009,89,176.9,S0024,2024-12-09,41,1079
2025-01-30,P000006,LOC009,94,173.99,S0024,2025-01-05,41,1079
2025-03-01,P000006,LOC009,136,175.73,S0024,2025-02-17,41,1079
2025-03-31,P000006,LOC009,211,181.55,S0024,2025-03-21,41,1079
2024-10-02,P000006,LOC010,0,183.27,S0024,2024-09-27,41,1079
2024-11-01,P000006,LOC010,20,185.78,S0024,2024-10-19,41,1079
2024-12-01,P000006,LOC010,0,185.15,S0024,2024-11-29,41,1079
2024-12-31,P000006,LOC010,0,187.16,S0024,2024-12-18,41,1079
2025-01-30,P000006,LOC010,69,185.27,S0024,2025-01-13,41,1079
2025-03-01,P000006,LOC010,29,176.08,S0024,2025-02-22,41,1079
2025-03-31,P000006,LOC010,52,173.37,S0024,2025-03-27,41,1079
2024-10-02,P000006,LOC011,0,176.65,S0024,2024-09-19,41,1079
2024-11-01,P000006,LOC011,18,174.95,S0024,2024-10-03,41,1079
2024-12-01,P000006,LOC011,104,182.73,S0024,2024-11-02,41,1079
2024-12-31,P000006,LOC011,182,180.98,S0024,2024-12-24,41,1079
2025-01-30,P000006,LOC011,185,181.3,S0024,2025-01-23,41,1079
2025-03-01,P000006,LOC011,272,174.57,S0024,2025-02-12,41,1079
2025-03-31,P000006,LOC011,287,187.4,S0024,2025-03-22,41,1079
2024-10-02,P000006,LOC012,115,179.93,S0024,2024-09-25,41,1079
2024-11-01,P000006,LOC012,164,175.69,S0024,2024-10-05,41,1079
2024-12-01,P000006,LOC012,253,186.78,S0024,2024-11-25,41,1079
2024-12-31,P000006,LOC012,232,185.07,S0024,2024-12-05,41,1079
2025-01-30,P000006,LOC012,215,185.72,S0024,2025-01-10,41,1079
2025-03-01,P000006,LOC012,222,187.78,S0024,2025-02-10,41,1079
2025-03-31,P000006,LOC012,214,186.56,S0024,2025-03-28,41,1079
2024-10-02,P000006,LOC013,0,177.88,S0024,2024-09-11,41,1079
2024-11-01,P000006,LOC013,0,182.54,S0024,2024-10-04,41,1079
2024-12-01,P000006,LOC013,0,189.19,S0024,2024-11-07,41,1079
2024-12-31,P000006,LOC013,0,179.8,S0024,2024-12-15,41,1079
2025-01-30,P000006,LOC013,16,178.77,S0024,2025-01-26,41,1079
2025-03-01,P000006,LOC013,114,186.11,S0024,2025-02-25,41,1079
2025-03-31,P000006,LOC013,84,172.87,S0024,2025-03-02,41,1079
2024-10-02,P000006,LOC014,1,189.42,S0024,2024-09-16,41,1079
2024-11-01,P000006,LOC014,0,180.21,S0024,2024-10-07,41,1079
2024-12-01,P000006,LOC014,31,178.87,S0024,2024-11-11,41,1079
2024-12-31,P000006,LOC014,89,181.28,S0024,2024-12-03,41,1079
2025-01-30,P000006,LOC014,108,187.33,S0024,2025-01-02,41,1079
2025-03-01,P000006,LOC014,119,171.97,S0024,2025-02-09,41,1079
2025-03-31,P000006,LOC014,184,171.78,S0024,2025-03-11,41,1079
2024-10-02,P000006,LOC015,0,180.53,S0024,2024-09-14,41,1079
2024-11-01,P000006,LOC015,62,177.59,S0024,2024-10-17,41,1079
2024-12-01,P000006,LOC015,110,177.68,S0024,2024-11-23,41,1079
2024-12-31,P000006,LOC015,164,180.9,S0024,2024-12-19,41,1079
2025-01-30,P000006,LOC015,202,179.05,S0024,2025-01-21,41,1079
2025-03-01,P000006,LOC015,259,185.14,S0024,2025-02-19,41,1079
2025-03-31,P000006,LOC015,268,186.07,S0024,2025-03-18,41,1079
2024-10-02,P000006,LOC016,37,173.66,S0024,2024-09-19,41,1079
2024-11-01,P000006,LOC016,31,183.95,S0024,2024-10-28,41,1079
2024-12-01,P000006,LOC016,4,182.51,S0024,2024-11-27,41,1079
2024-12-31,P000006,LOC016,89,173.21,S0024,2024-12-17,41,1079
2025-01-30,P000006,LOC016,179,178.72,S0024,2025-01-07,41,1079
2025-03-01,P000006,LOC016,215,183.77,S0024,2025-02-13,41,1079
2025-03-31,P000006,LOC016,248,187.57,S0024,2025-03-17,41,1079
2024-10-02,P000006,LOC017,16,177.77,S0024,2024-09-20,41,1079
2024-11-01,P000006,LOC017,28,184.06,S0024,2024-10-07,41,1079
2024-12-01,P000006,LOC017,109,189.23,S0024,2024-11-08,41,1079
2024-12-31,P000006,LOC017,101,183.56,S0024,2024-12-04,41,1079
2025-01-30,P000006,LOC017,58,184.93,S0024,2025-01-04,41,1079
2025-03-01,P000006,LOC017,54,175.17,S0024,2025-02-03,41,1079
2025-03-31,P000006,LOC017,126,174.92,S0024,2025-03-04,41,1079
2024-10-02,P000006,LOC018,40,177.0,S0024,2024-09-08,41,1079
2024-11-01,P000006,LOC018,0,176.53,S0024,2024-10-27,41,1079
2024-12-01,P000006,LOC018,5,174.5,S0024,2024-11-16,41,1079
2024-12-31,P000006,LOC018,0,174.67,S0024,2024-12-10,41,1079
2025-01-30,P000006,LOC018,29,184.68,S0024,2025-01-12,41,1079
2025-03-01,P000006,LOC018,73,171.76,S0024,2025-02-26,41,1079
2025-03-31,P000006,LOC018,42,175.87,S0024,2025-03-10,41,1079
2024-10-02,P000006,LOC019,77,181.35,S0024,2024-09-22,41,1079
2024-11-01,P000006,LOC019,62,185.83,S0024,2024-10-21,41,1079
2024-12-01,P000006,LOC019,63,174.57,S0024,2024-11-21,41,1079
2024-12-31,P000006,LOC019,69,180.61,S0024,2024-12-26,41,1079
2025-01-30,P000006,LOC019,141,185.77,S0024,2024-12-31,41,1079
2025-03-01,P000006,LOC019,187,181.99,S0024,2025-01-31,41,1079
2025-03-31,P000006,LOC019,216,189.41,S0024,2025-03-17,41,1079
2024-10-02,P000006,LOC020,38,186.87,S0024,2024-09-22,41,1079
2024-11-01,P000006,LOC020,78,176.84,S0024,2024-10-26,41,1079
2024-12-01,P000006,LOC020,120,176.04,S0024,2024-11-06,41,1079
2024-12-31,P000006,LOC020,108,186.63,S0024,2024-12-13,41,1079
2025-01-30,P000006,LOC020,149,176.47,S0024,2025-01-07,41,1079
2025-03-01,P000006,LOC020,138,185.0,S0024,2025-02-07,41,1079
2025-03-31,P000006,LOC020,108,175.98,S0024,2025-03-16,41,1079
2024-10-02,P000007,LOC001,715,12.68,S0026,2024-09-18,39,719
2024-11-01,P000007,LOC001,673,12.42,S0026,2024-10-14,39,719
2024-12-01,P000007,LOC001,672,13.48,S0026,2024-11-29,39,719
2024-12-31,P000007,LOC001,722,12.68,S0026,2024-12-10,39,719
2025-01-30,P000007,LOC001,704,12.93,S0026,2025-01-08,39,719
2025-03-01,P000007,LOC001,658,13.4,S0026,2025-02-06,39,719
2025-03-31,P000007,LOC001,630,12.88,S0026,2025-03-25,39,719
2024-10-02,P000007,LOC002,581,13.48,S0026,2024-09-28,39,719
2024-11-01,P000007,LOC002,549,13.42,S0026,2024-10-28,39,719
2024-12-01,P000007,LOC002,539,13.32,S0026,2024-11-05,39,719
2024-12-31,P000007,LOC002,579,12.62,S0026,2024-12-01,39,719
2025-01-30,P000007,LOC002,580,13.25,S0026,2025-01-04,39,719
2025-03-01,P000007,LOC002,604,13.61,S0026,2025-02-04,39,719
2025-03-31,P000007,LOC002,611,13.1,S0026,2025-03-03,39,719
2024-10-02,P000007,LOC003,635,12.84,S0026,2024-09-02,39,719
2024-11-01,P000007,LOC003,670,12.85,S0026,2024-10-21,39,719
2024-12-01,P000007,LOC003,727,13.57,S0026,2024-11-17,39,719
2024-12-31,P000007,LOC003,680,13.07,S0026,2024-12-24,39,719
2025-01-30,P000007,LOC003,703,13.26,S0026,2025-01-29,39,719
2025-03-01,P000007,LOC003,690,12.94,S0026,2025-02-06,39,719
2025-03-31,P000007,LOC003,651,13.48,S0026,2025-03-03,39,719
2024-10-02,P000007,LOC004,690,13.43,S0026,2024-09-15,39,719
2024-11-01,P000007,LOC004,724,12.97,S0026,2024-10-22,39,719
2024-12-01,P000007,LOC004,819,13.29,S0026,2024-11-21,39,719
2024-12-31,P000007,LOC004,852,12.61,S0026,2024-12-24,39,719
2025-01-30,P000007,LOC004,890,13.03,S0026,2025-01-29,39,719
2025-03-01,P000007,LOC004,918,12.74,S0026,2025-01-31,39,719
2025-03-31,P000007,LOC004,963,12.46,S0026,2025-03-17,39,719
2024-10-02,P000007,LOC005,651,13.57,S0026,2024-09-24,39,719
2024-11-01,P000007,LOC005,742,13.11,S0026,2024-10-13,39,719
2024-12-01,P000007,LOC005,731,12.61,S0026,2024-11-12,39,719
2024-12-31,P000007,LOC005,759,12.85,S0026,2024-12-17,39,719
2025-01-30,P000007,LOC005,848,12.59,S0026,2025-01-14,39,719
2025-03-01,P000007,LOC005,832,12.94,S0026,2025-01-31,39,719
2025-03-31,P000007,LOC005,886,12.49,S0026,2025-03-03,39,719
2024-10-02,P000007,LOC006,717,13.35,S0026,2024-09-17,39,719
2024-11-01,P000007,LOC006,757,12.94,S0026,2024-10-17,39,719
2024-12-01,P000007,LOC006,816,13.18,S0026,2024-11-30,39,719
2024-12-31,P000007,LOC006,834,13.49,S0026,2024-12-10,39,719
2025-01-30,P000007,LOC006,888,13.21,S0026,2025-01-19,39,719
2025-03-01,P000007,LOC006,949,13.15,S0026,2025-02-27,39,719
2025-03-31,P000007,LOC006,925,12.82,S0026,2025-03-24,39,719
2024-10-02,P000007,LOC007,658,12.35,S0026,2024-09-26,39,719
2024-11-01,P000007,LOC007,735,12.51,S0026,2024-10-13,39,719
2024-12-01,P000007,LOC007,812,12.93,S0026,2024-11-10,39,719
2024-12-31,P000007,LOC007,833,13.5,S0026,2024-12-16,39,719
2025-01-30,P000007,LOC007,843,12.37,S0026,2025-01-18,39,719
2025-03-01,P000007,LOC007,920,12.69,S0026,2025-02-05,39,719
2025-03-31,P000007,LOC007,1009,13.11,S0026,2025-03-29,39,719
2024-10-02,P000007,LOC008,652,13.1,S0026,2024-09-30,39,719
2024-11-01,P000007,LOC008,609,12.87,S0026,2024-10-12,39,719
2024-12-01,P000007,LOC008,667,13.34,S0026,2024-11-13,39,719
2024-12-31,P000007,LOC008,718,12.38,S0026,2024-12-11,39,719
2025-01-30,P000007,LOC008,696,13.35,S0026,2025-01-15,39,719
2025-03-01,P000007,LOC008,722,12.62,S0026,2025-02-08,39,719
2025-03-31,P000007,LOC008,713,13.34,S0026,2025-03-21,39,719
2024-10-02,P000007,LOC009,584,12.97,S0026,2024-09-15,39,719
2024-11-01,P000007,LOC009,613,12.82,S0026,2024-10-11,39,719
2024-12-01,P000007,LOC009,662,12.36,S0026,2024-11-05,39,719
2024-12-31,P000007,LOC009,734,13.16,S0026,2024-12-02,39,719
2025-01-30,P000007,LOC009,802,12.97,S0026,2025-01-09,39,719
2025-03-01,P000007,LOC009,821,13.51,S0026,2025-02-27,39,719
2025-03-31,P000007,LOC009,904,13.18,S0026,2025-03-15,39,719
2024-10-02,P000007,LOC010,612,13.35,S0026,2024-09-14,39,719
2024-11-01,P000007,LOC010,668,12.56,S0026,2024-10-26,39,719
2024-12-01,P000007,LOC010,664,12.57,S0026,2024-11-03,39,719
2024-12-31,P000007,LOC010,717,13.35,S0026,2024-12-30,39,719
2025-01-30,P000007,LOC010,812,12.5,S0026,2025-01-10,39,719
2025-03-01,P000007,LOC010,789,12.65,S0026,2025-02-16,39,719
2025-03-31,P000007,LOC010,782,13.47,S0026,2025-03-06,39,719
2024-10-02,P000007,LOC011,627,13.52,S0026,2024-09-22,39,719
2024-11-01,P000007,LOC011,722,13.4,S0026,2024-10-02,39,719
2024-12-01,P000007,LOC011,770,13.31,S0026,2024-11-14,39,719
2024-12-31,P000007,LOC011,732,13.08,S0026,2024-12-15,39,719
2025-01-30,P000007,LOC011,717,12.86,S0026,2025-01-16,39,719
2025-03-01,P000007,LOC011,714,12.59,S0026,2025-02-27,39,719
2025-03-31,P000007,LOC011,805,13.46,S0026,2025-03-29,39,719
2024-10-02,P000007,LOC012,676,12.51,S0026,2024-09-14,39,719
2024-11-01,P000007,LOC012,630,12.34,S0026,2024-10-02,39,719
2024-12-01,P000007,LOC012,610,13.36,S0026,2024-11-23,39,719
2024-12-31,P000007,LOC012,578,13.22,S0026,2024-12-11,39,719
2025-01-30,P000007,LOC012,541,13.04,S0026,2025-01-04,39,719
2025-03-01,P000007,LOC012,605,13.28,S0026,2025-02-14,39,719
2025-03-31,P000007,LOC012,639,12.87,S0026,2025-03-13,39,719
2024-10-02,P000007,LOC013,717,13.58,S0026,2024-09-30,39,719
2024-11-01,P000007,LOC013,799,12.76,S0026,2024-10-25,39,719
2024-12-01,P000007,LOC013,848,12.57,S0026,2024-11-21,39,719
2024-12-31,P000007,LOC013,830,13.14,S0026,2024-12-11,39,719
2025-01-30,P000007,LOC013,896,13.1,S0026,2025-01-15,39,719
2025-03-01,P000007,LOC013,873,12.49,S0026,2025-02-01,39,719
2025-03-31,P000007,LOC013,877,13.2,S0026,2025-03-26,39,719
2024-10-02,P000007,LOC014,583,12.76,S0026,2024-09-02,39,719
2024-11-01,P000007,LOC014,578,13.04,S0026,2024-10-24,39,719
2024-12-01,P000007,LOC014,591,13.12,S0026,2024-11-15,39,719
2024-12-31,P000007,LOC014,611,12.34,S0026,2024-12-17,39,719
2025-01-30,P000007,LOC014,650,13.47,S0026,2025-01-08,39,719
2025-03-01,P000007,LOC014,734,12.9,S0026,2025-02-11,39,719
2025-03-31,P000007,LOC014,748,13.01,S0026,2025-03-21,39,719
2024-10-02,P000007,LOC015,674,12.67,S0026,2024-09-23,39,719
2024-11-01,P000007,LOC015,689,13.54,S0026,2024-10-15,39,719
2024-12-01,P000007,LOC015,754,13.22,S0026,2024-11-11,39,719
2024-12-31,P000007,LOC015,844,13.34,S0026,2024-12-26,39,719
2025-01-30,P000007,LOC015,929,13.33,S0026,2025-01-14,39,719
2025-03-01,P000007,LOC015,904,13.34,S0026,2025-02-10,39,719
2025-03-31,P000007,LOC015,887,12.64,S0026,2025-03-06,39,719
2024-10-02,P000007,LOC016,656,12.78,S0026,2024-09-06,39,719
2024-11-01,P000007,LOC016,706,13.14,S0026,2024-10-11,39,719
2024-12-01,P000007,LOC016,679,12.52,S0026,2024-11-18,39,719
2024-12-31,P000007,LOC016,637,12.75,S0026,2024-12-13,39,719
2025-01-30,P000007,LOC016,650,12.69,S0026,2025-01-29,39,719
2025-03-01,P000007,LOC016,706,13.0,S0026,2025-02-25,39,719
2025-03-31,P000007,LOC016,656,12.45,S0026,2025-03-07,39,719
2024-10-02,P000007,LOC017,634,13.48,S0026,2024-09-28,39,719
2024-11-01,P000007,LOC017,623,12.74,S0026,2024-10-29,39,719
2024-12-01,P000007,LOC017,592,13.1,S0026,2024-11-30,39,719
2024-12-31,P000007,LOC017,629,13.01,S0026,2024-12-04,39,719
2025-01-30,P000007,LOC017,715,13.11,S0026,2025-01-23,39,719
2025-03-01,P000007,LOC017,711,12.41,S0026,2025-02-04,39,719
2025-03-31,P000007,LOC017,684,12.9,S0026,2025-03-24,39,719
2024-10-02,P000007,LOC018,638,13.31,S0026,2024-09-14,39,719
2024-11-01,P000007,LOC018,620,13.19,S0026,2024-10-28,39,719
2024-12-01,P000007,LOC018,629,13.54,S0026,2024-11-12,39,719
2024-12-31,P000007,LOC018,686,12.85,S0026,2024-12-15,39,719
2025-01-30,P000007,LOC018,705,13.07,S0026,2025-01-14,39,719
2025-03-01,P000007,LOC018,805,13.22,S0026,2025-02-19,39,719
2025-03-31,P000007,LOC018,896,12.56,S0026,2025-03-12,39,719
2024-10-02,P000007,LOC019,710,13.04,S0026,2024-09-17,39,719
2024-11-01,P000007,LOC019,772,12.68,S0026,2024-10-12,39,719
2024-12-01,P000007,LOC019,848,13.19,S0026,2024-11-30,39,719
2024-12-31,P000007,LOC019,892,12.92,S0026,2024-12-06,39,719
2025-01-30,P000007,LOC019,968,12.43,S0026,2025-01-16,39,719
2025-03-01,P000007,LOC019,995,12.48,S0026,2025-02-24,39,719
2025-03-31,P000007,LOC019,974,13.39,S0026,2025-03-26,39,719
2024-10-02,P000007,LOC020,694,12.82,S0026,2024-09-06,39,719
2024-11-01,P000007,LOC020,681,13.06,S0026,2024-10-27,39,719
2024-12-01,P000007,LOC020,690,12.46,S0026,2024-11-25,39,719
2024-12-31,P000007,LOC020,752,12.54,S0026,2024-12-28,39,719
2025-01-30,P000007,LOC020,789,13.29,S0026,2025-01-05,39,719
2025-03-01,P000007,LOC020,807,12.6,S0026,2025-01-30,39,719
2025-03-31,P000007,LOC020,904,12.41,S0026,2025-03-27,39,719
2024-10-02,P000008,LOC001,553,130.5,S0028,2024-09-02,25,654
2024-11-01,P000008,LOC001,630,133.85,S0028,2024-10-15,25,654
2024-12-01,P000008,LOC001,695,128.67,S0028,2024-11-22,25,654
2024-12-31,P000008,LOC001,666,135.75,S0028,2024-12-07,25,654
2025-01-30,P000008,LOC001,751,134.19,S0028,2025-01-25,25,654
2025-03-01,P000008,LOC001,706,136.9,S0028,2025-02-01,25,654
2025-03-31,P000008,LOC001,726,126.03,S0028,2025-03-20,25,654
2024-10-02,P000008,LOC002,439,131.45,S0028,2024-09-19,25,654
2024-11-01,P000008,LOC002,493,137.44,S0028,2024-10-25,25,654
2024-12-01,P000008,LOC002,551,129.17,S0028,2024-11-11,25,654
2024-12-31,P000008,LOC002,610,126.22,S0028,2024-12-10,25,654
2025-01-30,P000008,LOC002,668,132.3,S0028,2025-01-26,25,654
2025-03-01,P000008,LOC002,729,137.38,S0028,2025-02-03,25,654
2025-03-31,P000008,LOC002,798,135.77,S0028,2025-03-10,25,654
2024-10-02,P000008,LOC003,453,129.2,S0028,2024-09-03,25,654
2024-11-01,P000008,LOC003,406,128.17,S0028,2024-10-23,25,654
2024-12-01,P000008,LOC003,456,133.69,S0028,2024-11-22,25,654
2024-12-31,P000008,LOC003,547,126.89,S0028,2024-12-21,25,654
2025-01-30,P000008,LOC003,634,134.38,S0028,2025-01-10,25,654
2025-03-01,P000008,LOC003,669,135.21,S0028,2025-02-23,25,654
2025-03-31,P000008,LOC003,767,127.31,S0028,2025-03-12,25,654
2024-10-02,P000008,LOC004,485,132.84,S0028,2024-09-02,25,654
2024-11-01,P000008,LOC004,490,133.34,S0028,2024-10-22,25,654
2024-12-01,P000008,LOC004,581,130.84,S0028,2024-11-18,25,654
2024-12-31,P000008,LOC004,666,125.72,S0028,2024-12-20,25,654
2025-01-30,P000008,LOC004,684,137.07,S0028,2025-01-13,25,654
2025-03-01,P000008,LOC004,722,133.08,S0028,2025-02-17,25,654
2025-03-31,P000008,LOC004,789,135.8,S0028,2025-03-06,25,654
2024-10-02,P000008,LOC005,506,133.8,S0028,2024-09-27,25,654
2024-11-01,P000008,LOC005,469,136.31,S0028,2024-10-10,25,654
2024-12-01,P000008,LOC005,497,129.25,S0028,2024-11-12,25,654
2024-12-31,P000008,LOC005,569,134.67,S0028,2024-12-28,25,654
2025-01-30,P000008,LOC005,652,134.46,S0028,2025-01-11,25,654
2025-03-01,P000008,LOC005,726,137.08,S0028,2025-02-16,25,654
2025-03-31,P000008,LOC005,712,134.05,S0028,2025-03-28,25,654
2024-10-02,P000008,LOC006,481,134.09,S0028,2024-09-11,25,654
2024-11-01,P000008,LOC006,488,126.27,S0028,2024-10-26,25,654
2024-12-01,P000008,LOC006,503,137.85,S0028,2024-11-16,25,654
2024-12-31,P000008,LOC006,502,132.71,S0028,2024-12-28,25,654
2025-01-30,P000008,LOC006,466,128.67,S0028,2025-01-10,25,654
2025-03-01,P000008,LOC006,523,135.59,S0028,2025-02-17,25,654
2025-03-31,P000008,LOC006,594,134.81,S0028,2025-03-10,25,654
2024-10-02,P000008,LOC007,455,132.41,S0028,2024-09-09,25,654
2024-11-01,P000008,LOC007,494,130.41,S0028,2024-10-28,25,654
2024-12-01,P000008,LOC007,569,132.25,S0028,2024-11-02,25,654
2024-12-31,P000008,LOC007,646,133.57,S0028,2024-12-26,25,654
2025-01-30,P000008,LOC007,623,137.83,S0028,2025-01-12,25,654
2025-03-01,P000008,LOC007,661,134.21,S0028,2025-02-14,25,654
2025-03-31,P000008,LOC007,684,127.66,S0028,2025-03-27,25,654
2024-10-02,P000008,LOC008,427,129.13,S0028,2024-09-18,25,654
2024-11-01,P000008,LOC008,442,126.17,S0028,2024-10-08,25,654
2024-12-01,P000008,LOC008,396,131.09,S0028,2024-11-03,25,654
2024-12-31,P000008,LOC008,491,129.44,S0028,2024-12-20,25,654
2025-01-30,P000008,LOC008,570,125.56,S0028,2025-01-04,25,654
2025-03-01,P000008,LOC008,642,131.37,S0028,2025-02-01,25,654
2025-03-31,P000008,LOC008,636,131.02,S0028,2025-03-14,25,654
2024-10-02,P000008,LOC009,547,126.98,S0028,2024-09-08,25,654
2024-11-01,P000008,LOC009,546,134.87,S0028,2024-10-11,25,654
2024-12-01,P000008,LOC009,531,131.67,S0028,2024-11-27,25,654
2024-12-31,P000008,LOC009,579,128.39,S0028,2024-12-11,25,654
2025-01-30,P000008,LOC009,580,134.38,S0028,2025-01-19,25,654
2025-03-01,P000008,LOC009,609,124.94,S0028,2025-02-18,25,654
2025-03-31,P000008,LOC009,636,134.98,S0028,2025-03-25,25,654
2024-10-02,P000008,LOC010,474,129.9,S0028,2024-09-06,25,654
2024-11-01,P000008,LOC010,478,132.88,S0028,2024-10-17,25,654
2024-12-01,P000008,LOC010,544,132.73,S0028,2024-11-10,25,654
2024-12-31,P000008,LOC010,628,135.91,S0028,2024-12-15,25,654
2025-01-30,P000008,LOC010,638,136.62,S0028,2025-01-26,25,654
2025-03-01,P000008,LOC010,694,129.73,S0028,2025-02-17,25,654
2025-03-31,P000008,LOC010,711,129.86,S0028,2025-03-17,25,654
2024-10-02,P000008,LOC011,461,134.18,S0028,2024-09-11,25,654
2024-11-01,P000008,LOC011,534,131.93,S0028,2024-10-29,25,654
2024-12-01,P000008,LOC011,577,134.68,S0028,2024-11-06,25,654
2024-12-31,P000008,LOC011,560,126.42,S0028,2024-12-03,25,654
2025-01-30,P000008,LOC011,566,127.69,S0028,2025-01-22,25,654
2025-03-01,P000008,LOC011,628,127.93,S0028,2025-02-23,25,654
2025-03-31,P000008,LOC011,692,127.66,S0028,2025-03-18,25,654
2024-10-02,P000008,LOC012,461,135.16,S0028,2024-09-22,25,654
2024-11-01,P000008,LOC012,507,124.8,S0028,2024-10-09,25,654
2024-12-01,P000008,LOC012,597,134.82,S0028,2024-11-12,25,654
2024-12-31,P000008,LOC012,687,129.69,S0028,2024-12-02,25,654
2025-01-30,P000008,LOC012,727,130.55,S0028,2025-01-28,25,654
2025-03-01,P000008,LOC012,700,131.14,S0028,2025-02-10,25,654
2025-03-31,P000008,LOC012,764,126.08,S0028,2025-03-22,25,654
2024-10-02,P000008,LOC013,443,136.64,S0028,2024-09-20,25,654
2024-11-01,P000008,LOC013,448,133.47,S0028,2024-10-20,25,654
2024-12-01,P000008,LOC013,445,127.15,S0028,2024-11-05,25,654
2024-12-31,P000008,LOC013,543,130.62,S0028,2024-12-08,25,654
2025-01-30,P000008,LOC013,572,125.71,S0028,2024-12-31,25,654
2025-03-01,P000008,LOC013,544,137.07,S0028,2025-01-31,25,654
2025-03-31,P000008,LOC013,586,136.67,S0028,2025-03-30,25,654
2024-10-02,P000008,LOC014,519,128.83,S0028,2024-09-06,25,654
2024-11-01,P000008,LOC014,601,134.42,S0028,2024-10-15,25,654
2024-12-01,P000008,LOC014,584,132.52,S0028,2024-11-28,25,654
2024-12-31,P000008,LOC014,601,135.08,S0028,2024-12-21,25,654
2025-01-30,P000008,LOC014,656,127.0,S0028,2025-01-22,25,654
2025-03-01,P000008,LOC014,653,130.12,S0028,2025-02-23,25,654
2025-03-31,P000008,LOC014,623,126.87,S0028,2025-03-01,25,654
2024-10-02,P000008,LOC015,550,134.0,S0028,2024-09-11,25,654
2024-11-01,P000008,LOC015,629,125.85,S0028,2024-10-31,25,654
2024-12-01,P000008,LOC015,633,137.42,S0028,2024-11-10,25,654
2024-12-31,P000008,LOC015,725,131.16,S0028,2024-12-23,25,654
2025-01-30,P000008,LOC015,780,136.41,S0028,2025-01-07,25,654
2025-03-01,P000008,LOC015,850,133.76,S0028,2025-02-04,25,654
2025-03-31,P000008,LOC015,893,128.03,S0028,2025-03-04,25,654
2024-10-02,P000008,LOC016,489,128.25,S0028,2024-09-21,25,654
2024-11-01,P000008,LOC016,547,136.31,S0028,2024-10-07,25,654
2024-12-01,P000008,LOC016,638,125.62,S0028,2024-11-14,25,654
2024-12-31,P000008,LOC016,656,128.26,S0028,2024-12-25,25,654
2025-01-30,P000008,LOC016,689,135.63,S0028,2025-01-12,25,654
2025-03-01,P000008,LOC016,697,135.66,S0028,2025-02-11,25,654
2025-03-31,P000008,LOC016,767,134.94,S0028,2025-03-11,25,654
2024-10-02,P000008,LOC017,459,136.55,S0028,2024-09-13,25,654
2024-11-01,P000008,LOC017,423,128.95,S0028,2024-10-27,25,654
2024-12-01,P000008,LOC017,386,132.64,S0028,2024-11-27,25,654
2024-12-31,P000008,LOC017,384,135.9,S0028,2024-12-04,25,654
2025-01-30,P000008,LOC017,383,135.65,S0028,2025-01-20,25,654
2025-03-01,P000008,LOC017,473,132.8,S0028,2025-02-21,25,654
2025-03-31,P000008,LOC017,486,136.76,S0028,2025-03-20,25,654
2024-10-02,P000008,LOC018,490,136.15,S0028,2024-09-26,25,654
2024-11-01,P000008,LOC018,462,137.06,S0028,2024-10-05,25,654
2024-12-01,P000008,LOC018,548,136.26,S0028,2024-11-23,25,654
2024-12-31,P000008,LOC018,648,134.03,S0028,2024-12-04,25,654
2025-01-30,P000008,LOC018,628,135.96,S0028,2025-01-12,25,654
2025-03-01,P000008,LOC018,714,135.09,S0028,2025-02-07,25,654
2025-03-31,P000008,LOC018,792,127.67,S0028,2025-03-28,25,654
2024-10-02,P000008,LOC019,527,128.99,S0028,2024-09-18,25,654
2024-11-01,P000008,LOC019,563,135.58,S0028,2024-10-24,25,654
2024-12-01,P000008,LOC019,661,127.67,S0028,2024-11-08,25,654
2024-12-31,P000008,LOC019,647,130.84,S0028,2024-12-26,25,654
2025-01-30,P000008,LOC019,711,125.96,S0028,2025-01-12,25,654
2025-03-01,P000008,LOC019,753,135.13,S0028,2025-02-26,25,654
2025-03-31,P000008,LOC019,779,133.91,S0028,2025-03-20,25,654
2024-10-02,P000008,LOC020,490,125.57,S0028,2024-10-01,25,654
2024-11-01,P000008,LOC020,544,129.0,S0028,2024-10-04,25,654
2024-12-01,P000008,LOC020,587,137.69,S0028,2024-11-08,25,654
2024-12-31,P000008,LOC020,551,129.97,S0028,2024-12-28,25,654
2025-01-30,P000008,LOC020,598,131.05,S0028,2025-01-14,25,654
2025-03-01,P000008,LOC020,631,130.26,S0028,2025-02-21,25,654
2025-03-31,P000008,LOC020,592,131.4,S0028,2025-03-14,25,654
2024-10-02,P000009,LOC001,213,299.97,S0007,2024-09-12,22,840
2024-11-01,P000009,LOC001,169,318.65,S0007,2024-10-29,22,840
2024-12-01,P000009,LOC001,216,306.0,S0007,2024-11-04,22,840
2024-12-31,P000009,LOC001,207,317.41,S0007,2024-12-27,22,840
2025-01-30,P000009,LOC001,299,319.93,S0007,2025-01-02,22,840
2025-03-01,P000009,LOC001,358,309.37,S0007,2025-02-21,22,840
2025-03-31,P000009,LOC001,310,300.39,S0007,2025-03-05,22,840
2024-10-02,P000009,LOC002,260,312.99,S0007,2024-09-04,22,840
2024-11-01,P000009,LOC002,278,306.07,S0007,2024-10-16,22,840
2024-12-01,P000009,LOC002,334,291.5,S0007,2024-11-19,22,840
2024-12-31,P000009,LOC002,352,298.22,S0007,2024-12-04,22,840
2025-01-30,P000009,LOC002,303,303.04,S0007,2025-01-04,22,840
2025-03-01,P000009,LOC002,298,303.68,S0007,2025-02-10,22,840
2025-03-31,P000009,LOC002,359,317.1,S0007,2025-03-22,22,840
2024-10-02,P000009,LOC003,280,317.38,S0007,2024-09-18,22,840
2024-11-01,P000009,LOC003,364,313.23,S0007,2024-10-13,22,840
2024-12-01,P000009,LOC003,407,313.68,S0007,2024-11-22,22,840
2024-12-31,P000009,LOC003,375,297.29,S0007,2024-12-07,22,840
2025-01-30,P000009,LOC003,351,299.65,S0007,2025-01-25,22,840
2025-03-01,P000009,LOC003,309,311.2,S0007,2025-02-26,22,840
2025-03-31,P000009,LOC003,370,311.42,S0007,2025-03-21,22,840
2024-10-02,P000009,LOC004,209,295.06,S0007,2024-09-08,22,840
2024-11-01,P000009,LOC004,264,304.29,S0007,2024-10-15,22,840
2024-12-01,P000009,LOC004,223,305.86,S0007,2024-11-02,22,840
2024-12-31,P000009,LOC004,309,314.46,S0007,2024-12-13,22,840
2025-01-30,P000009,LOC004,355,298.36,S0007,2025-01-19,22,840
2025-03-01,P000009,LOC004,420,306.24,S0007,2025-02-07,22,840
2025-03-31,P000009,LOC004,413,296.09,S0007,2025-03-14,22,840
2024-10-02,P000009,LOC005,259,300.84,S0007,2024-09-09,22,840
2024-11-01,P000009,LOC005,247,319.11,S0007,2024-10-21,22,840
2024-12-01,P000009,LOC005,241,312.71,S0007,2024-11-15,22,840
2024-12-31,P000009,LOC005,262,315.26,S0007,2024-12-10,22,840
2025-01-30,P000009,LOC005,247,290.92,S0007,2025-01-01,22,840
2025-03-01,P000009,LOC005,343,304.03,S0007,2025-02-02,22,840
2025-03-31,P000009,LOC005,417,318.45,S0007,2025-03-15,22,840
2024-10-02,P000009,LOC006,187,305.84,S0007,2024-09-29,22,840
2024-11-01,P000009,LOC006,238,310.83,S0007,2024-10-29,22,840
2024-12-01,P000009,LOC006,259,301.87,S0007,2024-11-01,22,840
2024-12-31,P000009,LOC006,333,301.28,S0007,2024-12-16,22,840
2025-01-30,P000009,LOC006,294,308.44,S0007,2025-01-05,22,840
2025-03-01,P000009,LOC006,256,296.06,S0007,2025-02-14,22,840
2025-03-31,P000009,LOC006,279,312.87,S0007,2025-03-12,22,840
2024-10-02,P000009,LOC007,304,319.48,S0007,2024-09-25,22,840
2024-11-01,P000009,LOC007,354,304.52,S0007,2024-10-05,22,840
2024-12-01,P000009,LOC007,443,309.16,S0007,2024-11-25,22,840
2024-12-31,P000009,LOC007,439,312.31,S0007,2024-12-17,22,840
2025-01-30,P000009,LOC007,406,296.62,S0007,2025-01-22,22,840
2025-03-01,P000009,LOC007,420,296.94,S0007,2025-02-04,22,840
2025-03-31,P000009,LOC007,485,300.92,S0007,2025-03-08,22,840
2024-10-02,P000009,LOC008,276,315.88,S0007,2024-09-25,22,840
2024-11-01,P000009,LOC008,231,291.46,S0007,2024-10-21,22,840
2024-12-01,P000009,LOC008,183,311.87,S0007,2024-11-01,22,840
2024-12-31,P000009,LOC008,276,318.85,S0007,2024-12-21,22,840
2025-01-30,P000009,LOC008,251,293.35,S0007,2025-01-15,22,840
2025-03-01,P000009,LOC008,291,292.95,S0007,2025-02-11,22,840
2025-03-31,P000009,LOC008,346,319.28,S0007,2025-03-13,22,840
2024-10-02,P000009,LOC009,193,295.92,S0007,2024-09-03,22,840
2024-11-01,P000009,LOC009,185,305.95,S0007,2024-10-24,22,840
2024-12-01,P000009,LOC009,273,293.2,S0007,2024-11-19,22,840
2024-12-31,P000009,LOC009,251,312.32,S0007,2024-12-15,22,840
2025-01-30,P000009,LOC009,345,312.21,S0007,2025-01-10,22,840
2025-03-01,P000009,LOC009,406,316.11,S0007,2025-02-01,22,840
2025-03-31,P000009,LOC009,457,310.43,S0007,2025-03-08,22,840
2024-10-02,P000009,LOC010,209,318.21,S0007,2024-09-16,22,840
2024-11-01,P000009,LOC010,302,290.77,S0007,2024-10-08,22,840
2024-12-01,P000009,LOC010,377,314.66,S0007,2024-11-01,22,840
2024-12-31,P000009,LOC010,380,291.12,S0007,2024-12-12,22,840
2025-01-30,P000009,LOC010,419,315.24,S0007,2025-01-17,22,840
2025-03-01,P000009,LOC010,416,311.08,S0007,2025-02-12,22,840
2025-03-31,P000009,LOC010,398,292.32,S0007,2025-03-12,22,840
2024-10-02,P000009,LOC011,218,300.56,S0007,2024-09-06,22,840
2024-11-01,P000009,LOC011,238,314.53,S0007,2024-10-28,22,840
2024-12-01,P000009,LOC011,314,318.03,S0007,2024-11-04,22,840
2024-12-31,P000009,LOC011,333,315.8,S0007,2024-12-10,22,840
2025-01-30,P000009,LOC011,292,293.56,S0007,2025-01-06,22,840
2025-03-01,P000009,LOC011,343,317.74,S0007,2025-02-08,22,840
2025-03-31,P000009,LOC011,340,313.88,S0007,2025-03-16,22,840
2024-10-02,P000009,LOC012,166,305.31,S0007,2024-09-30,22,840
2024-11-01,P000009,LOC012,177,316.63,S0007,2024-10-02,22,840
2024-12-01,P000009,LOC012,243,319.85,S0007,2024-11-01,22,840
2024-12-31,P000009,LOC012,282,293.06,S0007,2024-12-01,22,840
2025-01-30,P000009,LOC012,380,311.33,S0007,2025-01-27,22,840
2025-03-01,P000009,LOC012,450,294.44,S0007,2025-02-22,22,840
2025-03-31,P000009,LOC012,426,305.37,S0007,2025-03-15,22,840
2024-10-02,P000009,LOC013,210,294.49,S0007,2024-09-26,22,840
2024-11-01,P000009,LOC013,167,308.26,S0007,2024-10-10,22,840
2024-12-01,P000009,LOC013,253,295.76,S0007,2024-11-01,22,840
2024-12-31,P000009,LOC013,239,312.64,S0007,2024-12-02,22,840
2025-01-30,P000009,LOC013,289,300.63,S0007,2025-01-23,22,840
2025-03-01,P000009,LOC013,279,300.95,S0007,2025-02-25,22,840
2025-03-31,P000009,LOC013,247,297.64,S0007,2025-03-01,22,840
2024-10-02,P000009,LOC014,161,304.4,S0007,2024-09-27,22,840
2024-11-01,P000009,LOC014,148,299.96,S0007,2024-10-08,22,840
2024-12-01,P000009,LOC014,146,300.18,S0007,2024-11-05,22,840
2024-12-31,P000009,LOC014,136,291.73,S0007,2024-12-02,22,840
2025-01-30,P000009,LOC014,129,298.35,S0007,2025-01-24,22,840
2025-03-01,P000009,LOC014,127,303.04,S0007,2025-02-10,22,840
2025-03-31,P000009,LOC014,190,309.19,S0007,2025-03-14,22,840
2024-10-02,P000009,LOC015,221,296.46,S0007,2024-09-19,22,840
2024-11-01,P000009,LOC015,222,295.33,S0007,2024-10-11,22,840
2024-12-01,P000009,LOC015,193,304.21,S0007,2024-11-04,22,840
2024-12-31,P000009,LOC015,215,308.22,S0007,2024-12-17,22,840
2025-01-30,P000009,LOC015,275,292.06,S0007,2025-01-22,22,840
2025-03-01,P000009,LOC015,282,310.53,S0007,2025-02-04,22,840
2025-03-31,P000009,LOC015,313,320.09,S0007,2025-03-08,22,840
2024-10-02,P000009,LOC016,263,297.76,S0007,2024-09-14,22,840
2024-11-01,P000009,LOC016,302,307.61,S0007,2024-10-22,22,840
2024-12-01,P000009,LOC016,342,300.43,S0007,2024-11-29,22,840
2024-12-31,P000009,LOC016,389,303.47,S0007,2024-12-03,22,840
2025-01-30,P000009,LOC016,444,306.42,S0007,2025-01-16,22,840
2025-03-01,P000009,LOC016,522,319.01,S0007,2025-02-10,22,840
2025-03-31,P000009,LOC016,514,296.31,S0007,2025-03-18,22,840
2024-10-02,P000009,LOC017,308,313.88,S0007,2024-09-11,22,840
2024-11-01,P000009,LOC017,325,297.31,S0007,2024-10-24,22,840
2024-12-01,P000009,LOC017,294,305.62,S0007,2024-11-18,22,840
2024-12-31,P000009,LOC017,316,314.62,S0007,2024-12-18,22,840
2025-01-30,P000009,LOC017,334,298.47,S0007,2025-01-08,22,840
2025-03-01,P000009,LOC017,383,303.6,S0007,2025-02-24,22,840
2025-03-31,P000009,LOC017,341,298.95,S0007,2025-03-30,22,840
2024-10-02,P000009,LOC018,169,291.6,S0007,2024-09-11,22,840
2024-11-01,P000009,LOC018,142,292.03,S0007,2024-10-05,22,840
2024-12-01,P000009,LOC018,200,292.37,S0007,2024-11-24,22,840
2024-12-31,P000009,LOC018,210,304.62,S0007,2024-12-22,22,840
2025-01-30,P000009,LOC018,286,311.93,S0007,2025-01-26,22,840
2025-03-01,P000009,LOC018,296,299.63,S0007,2025-02-15,22,840
2025-03-31,P000009,LOC018,289,302.16,S0007,2025-03-13,22,840
2024-10-02,P000009,LOC019,261,310.48,S0007,2024-09-09,22,840
2024-11-01,P000009,LOC019,252,318.97,S0007,2024-10-24,22,840
2024-12-01,P000009,LOC019,305,318.82,S0007,2024-11-21,22,840
2024-12-31,P000009,LOC019,361,306.71,S0007,2024-12-07,22,840
2025-01-30,P000009,LOC019,442,312.25,S0007,2025-01-16,22,840
2025-03-01,P000009,LOC019,506,310.61,S0007,2025-01-31,22,840
2025-03-31,P000009,LOC019,590,305.51,S0007,2025-03-24,22,840
2024-10-02,P000009,LOC020,228,302.19,S0007,2024-09-26,22,840
2024-11-01,P000009,LOC020,257,301.58,S0007,2024-10-28,22,840
2024-12-01,P000009,LOC020,315,315.88,S0007,2024-11-30,22,840
2024-12-31,P000009,LOC020,305,308.11,S0007,2024-12-04,22,840
2025-01-30,P000009,LOC020,398,308.97,S0007,2025-01-17,22,840
2025-03-01,P000009,LOC020,495,296.73,S0007,2025-02-11,22,840
2025-03-31,P000009,LOC020,511,298.97,S0007,2025-03-09,22,840
2024-10-02,P000010,LOC001,635,130.12,S0024,2024-09-30,32,171
2024-11-01,P000010,LOC001,706,127.4,S0024,2024-10-21,32,171
2024-12-01,P000010,LOC001,677,133.15,S0024,2024-11-09,32,171
2024-12-31,P000010,LOC001,653,124.52,S0024,2024-12-17,32,171
2025-01-30,P000010,LOC001,604,134.22,S0024,2025-01-15,32,171
2025-03-01,P000010,LOC001,639,124.02,S0024,2025-02-14,32,171
2025-03-31,P000010,LOC001,664,122.19,S0024,2025-03-02,32,171
2024-10-02,P000010,LOC002,645,131.87,S0024,2024-09-15,32,171
2024-11-01,P000010,LOC002,657,123.84,S0024,2024-10-12,32,171
2024-12-01,P000010,LOC002,657,123.22,S0024,2024-11-14,32,171
2024-12-31,P000010,LOC002,660,130.5,S0024,2024-12-20,32,171
2025-01-30,P000010,LOC002,674,128.15,S0024,2025-01-23,32,171
2025-03-01,P000010,LOC002,648,132.06,S0024,2025-02-16,32,171
2025-03-31,P000010,LOC002,718,128.58,S0024,2025-03-13,32,171
2024-10-02,P000010,LOC003,646,124.26,S0024,2024-09-23,32,171
2024-11-01,P000010,LOC003,646,124.73,S0024,2024-10-14,32,171
2024-12-01,P000010,LOC003,701,130.85,S0024,2024-11-11,32,171
2024-12-31,P000010,LOC003,700,125.84,S0024,2024-12-13,32,171
2025-01-30,P000010,LOC003,684,126.68,S0024,2025-01-23,32,171
2025-03-01,P000010,LOC003,697,122.52,S0024,2025-02-21,32,171
2025-03-31,P000010,LOC003,794,129.92,S0024,2025-03-15,32,171
2024-10-02,P000010,LOC004,618,128.36,S0024,2024-09-15,32,171
2024-11-01,P000010,LOC004,656,126.99,S0024,2024-10-13,32,171
2024-12-01,P000010,LOC004,729,134.27,S0024,2024-11-05,32,171
2024-12-31,P000010,LOC004,775,123.07,S0024,2024-12-05,32,171
2025-01-30,P000010,LOC004,862,128.29,S0024,2025-01-05,32,171
2025-03-01,P000010,LOC004,836,134.56,S0024,2025-02-07,32,171
2025-03-31,P000010,LOC004,806,126.16,S0024,2025-03-28,32,171
2024-10-02,P000010,LOC005,588,127.69,S0024,2024-10-01,32,171
2024-11-01,P000010,LOC005,633,131.87,S0024,2024-10-14,32,171
2024-12-01,P000010,LOC005,589,128.02,S0024,2024-11-02,32,171
2024-12-31,P000010,LOC005,656,134.55,S0024,2024-12-12,32,171
2025-01-30,P000010,LOC005,730,122.57,S0024,2025-01-27,32,171
2025-03-01,P000010,LOC005,698,122.88,S0024,2025-02-17,32,171
2025-03-31,P000010,LOC005,778,131.85,S0024,2025-03-15,32,171
2024-10-02,P000010,LOC006,557,131.37,S0024,2024-09-06,32,171
2024-11-01,P000010,LOC006,526,133.86,S0024,2024-10-09,32,171
2024-12-01,P000010,LOC006,606,123.31,S0024,2024-11-06,32,171
2024-12-31,P000010,LOC006,663,130.46,S0024,2024-12-27,32,171
2025-01-30,P000010,LOC006,735,131.63,S0024,2025-01-16,32,171
2025-03-01,P000010,LOC006,828,130.94,S0024,2025-02-08,32,171
2025-03-31,P000010,LOC006,849,126.1,S0024,2025-03-30,32,171
2024-10-02,P000010,LOC007,609,125.09,S0024,2024-09-24,32,171
2024-11-01,P000010,LOC007,617,126.48,S0024,2024-10-18,32,171
2024-12-01,P000010,LOC007,582,127.72,S0024,2024-11-17,32,171
2024-12-31,P000010,LOC007,566,125.3,S0024,2024-12-07,32,171
2025-01-30,P000010,LOC007,545,127.69,S0024,2025-01-07,32,171
2025-03-01,P000010,LOC007,544,133.3,S0024,2025-02-18,32,171
2025-03-31,P000010,LOC007,523,125.77,S0024,2025-03-09,32,171
2024-10-02,P000010,LOC008,572,126.0,S0024,2024-09-10,32,171
2024-11-01,P000010,LOC008,661,134.92,S0024,2024-10-25,32,171
2024-12-01,P000010,LOC008,743,128.08,S0024,2024-11-28,32,171
2024-12-31,P000010,LOC008,698,129.54,S0024,2024-12-15,32,171
2025-01-30,P000010,LOC008,689,122.2,S0024,2025-01-17,32,171
2025-03-01,P000010,LOC008,698,125.08,S0024,2025-02-17,32,171
2025-03-31,P000010,LOC008,656,129.07,S0024,2025-03-26,32,171
2024-10-02,P000010,LOC009,628,122.52,S0024,2024-09-19,32,171
2024-11-01,P000010,LOC009,667,130.2,S0024,2024-10-10,32,171
2024-12-01,P000010,LOC009,689,133.57,S0024,2024-11-12,32,171
2024-12-31,P000010,LOC009,713,125.11,S0024,2024-12-02,32,171
2025-01-30,P000010,LOC009,785,132.91,S0024,2025-01-29,32,171
2025-03-01,P000010,LOC009,739,129.45,S0024,2025-01-31,32,171
2025-03-31,P000010,LOC009,722,125.49,S0024,2025-03-21,32,171
2024-10-02,P000010,LOC010,578,129.23,S0024,2024-09-02,32,171
2024-11-01,P000010,LOC010,554,133.43,S0024,2024-10-23,32,171
2024-12-01,P000010,LOC010,634,127.32,S0024,2024-11-14,32,171
2024-12-31,P000010,LOC010,619,130.57,S0024,2024-12-28,32,171
2025-01-30,P000010,LOC010,626,122.9,S0024,2025-01-03,32,171
2025-03-01,P000010,LOC010,588,128.05,S0024,2025-02-19,32,171
2025-03-31,P000010,LOC010,602,133.83,S0024,2025-03-07,32,171
2024-10-02,P000010,LOC011,522,125.34,S0024,2024-09-14,32,171
2024-11-01,P000010,LOC011,492,123.89,S0024,2024-10-08,32,171
2024-12-01,P000010,LOC011,577,125.09,S0024,2024-11-01,32,171
2024-12-31,P000010,LOC011,640,134.31,S0024,2024-12-19,32,171
2025-01-30,P000010,LOC011,707,131.33,S0024,2025-01-08,32,171
2025-03-01,P000010,LOC011,763,122.35,S0024,2025-02-14,32,171
2025-03-31,P000010,LOC011,837,133.74,S0024,2025-03-15,32,171
2024-10-02,P000010,LOC012,629,131.61,S0024,2024-09-28,32,171
2024-11-01,P000010,LOC012,625,122.38,S0024,2024-10-11,32,171
2024-12-01,P000010,LOC012,684,130.37,S0024,2024-11-02,32,171
2024-12-31,P000010,LOC012,746,122.98,S0024,2024-12-27,32,171
2025-01-30,P000010,LOC012,744,125.57,S0024,2025-01-29,32,171
2025-03-01,P000010,LOC012,831,126.26,S0024,2025-02-23,32,171
2025-03-31,P000010,LOC012,907,125.4,S0024,2025-03-25,32,171
2024-10-02,P000010,LOC013,561,122.24,S0024,2024-09-02,32,171
2024-11-01,P000010,LOC013,612,132.81,S0024,2024-10-18,32,171
2024-12-01,P000010,LOC013,685,129.92,S0024,2024-11-27,32,171
2024-12-31,P000010,LOC013,654,130.99,S0024,2024-12-15,32,171
2025-01-30,P000010,LOC013,609,123.64,S0024,2025-01-24,32,171
2025-03-01,P000010,LOC013,685,122.53,S0024,2025-02-07,32,171
2025-03-31,P000010,LOC013,657,122.39,S0024,2025-03-30,32,171
2024-10-02,P000010,LOC014,516,130.82,S0024,2024-09-21,32,171
2024-11-01,P000010,LOC014,561,125.38,S0024,2024-10-20,32,171
2024-12-01,P000010,LOC014,536,131.72,S0024,2024-11-27,32,171
2024-12-31,P000010,LOC014,577,128.43,S0024,2024-12-07,32,171
2025-01-30,P000010,LOC014,604,122.76,S0024,2025-01-18,32,171
2025-03-01,P000010,LOC014,570,123.06,S0024,2025-02-18,32,171
2025-03-31,P000010,LOC014,628,129.48,S0024,2025-03-21,32,171
2024-10-02,P000010,LOC015,633,129.03,S0024,2024-09-02,32,171
2024-11-01,P000010,LOC015,630,129.2,S0024,2024-10-11,32,171
2024-12-01,P000010,LOC015,616,131.33,S0024,2024-11-03,32,171
2024-12-31,P000010,LOC015,681,122.21,S0024,2024-12-02,32,171
2025-01-30,P000010,LOC015,646,127.03,S0024,2025-01-28,32,171
2025-03-01,P000010,LOC015,617,129.73,S0024,2025-02-18,32,171
2025-03-31,P000010,LOC015,656,133.11,S0024,2025-03-21,32,171
2024-10-02,P000010,LOC016,634,131.87,S0024,2024-09-11,32,171
2024-11-01,P000010,LOC016,655,124.22,S0024,2024-10-28,32,171
2024-12-01,P000010,LOC016,669,122.16,S0024,2024-11-26,32,171
2024-12-31,P000010,LOC016,700,126.73,S0024,2024-12-11,32,171
2025-01-30,P000010,LOC016,661,128.12,S0024,2025-01-25,32,171
2025-03-01,P000010,LOC016,633,129.56,S0024,2025-02-13,32,171
2025-03-31,P000010,LOC016,621,128.01,S0024,2025-03-09,32,171
2024-10-02,P000010,LOC017,639,123.86,S0024,2024-09-17,32,171
2024-11-01,P000010,LOC017,645,132.22,S0024,2024-10-09,32,171
2024-12-01,P000010,LOC017,688,123.21,S0024,2024-11-08,32,171
2024-12-31,P000010,LOC017,749,125.59,S0024,2024-12-02,32,171
2025-01-30,P000010,LOC017,734,130.47,S0024,2025-01-27,32,171
2025-03-01,P000010,LOC017,817,124.55,S0024,2025-02-21,32,171
2025-03-31,P000010,LOC017,860,128.05,S0024,2025-03-16,32,171
2024-10-02,P000010,LOC018,623,122.95,S0024,2024-09-02,32,171
2024-11-01,P000010,LOC018,629,122.9,S0024,2024-10-09,32,171
2024-12-01,P000010,LOC018,603,123.63,S0024,2024-11-23,32,171
2024-12-31,P000010,LOC018,598,123.61,S0024,2024-12-22,32,171
2025-01-30,P000010,LOC018,695,131.39,S0024,2025-01-29,32,171
2025-03-01,P000010,LOC018,749,124.8,S0024,2025-02-14,32,171
2025-03-31,P000010,LOC018,843,129.62,S0024,2025-03-25,32,171
2024-10-02,P000010,LOC019,536,132.88,S0024,2024-09-16,32,171
2024-11-01,P000010,LOC019,636,125.39,S0024,2024-10-09,32,171
2024-12-01,P000010,LOC019,612,130.96,S0024,2024-11-19,32,171
2024-12-31,P000010,LOC019,656,124.08,S0024,2024-12-08,32,171
2025-01-30,P000010,LOC019,672,128.2,S0024,2025-01-06,32,171
2025-03-01,P000010,LOC019,637,126.03,S0024,2025-02-01,32,171
2025-03-31,P000010,LOC019,679,132.98,S0024,2025-03-14,32,171
2024-10-02,P000010,LOC020,626,123.78,S0024,2024-09-10,32,171
2024-11-01,P000010,LOC020,649,122.96,S0024,2024-10-24,32,171
2024-12-01,P000010,LOC020,616,122.75,S0024,2024-11-28,32,171
2024-12-31,P000010,LOC020,629,130.91,S0024,2024-12-15,32,171
2025-01-30,P000010,LOC020,618,123.46,S0024,2025-01-25,32,171
2025-03-01,P000010,LOC020,655,132.07,S0024,2025-02-24,32,171
2025-03-31,P000010,LOC020,656,132.5,S0024,2025-03-27,32,171
2024-10-02,P000011,LOC001,87,380.36,S0029,2024-09-21,25,309
2024-11-01,P000011,LOC001,187,395.98,S0029,2024-10-10,25,309
2024-12-01,P000011,LOC001,142,406.63,S0029,2024-11-03,25,309
2024-12-31,P000011,LOC001,184,415.78,S0029,2024-12-15,25,309
2025-01-30,P000011,LOC001,208,395.66,S0029,2025-01-16,25,309
2025-03-01,P000011,LOC001,209,377.28,S0029,2025-02-06,25,309
2025-03-31,P000011,LOC001,291,382.28,S0029,2025-03-22,25,309
2024-10-02,P000011,LOC002,165,400.92,S0029,2024-09-28,25,309
2024-11-01,P000011,LOC002,212,380.4,S0029,2024-10-31,25,309
2024-12-01,P000011,LOC002,256,378.89,S0029,2024-11-03,25,309
2024-12-31,P000011,LOC002,327,381.94,S0029,2024-12-24,25,309
2025-01-30,P000011,LOC002,309,406.34,S0029,2024-12-31,25,309
2025-03-01,P000011,LOC002,372,400.39,S0029,2025-02-16,25,309
2025-03-31,P000011,LOC002,340,401.66,S0029,2025-03-12,25,309
2024-10-02,P000011,LOC003,85,408.52,S0029,2024-09-21,25,309
2024-11-01,P000011,LOC003,175,396.11,S0029,2024-10-05,25,309
2024-12-01,P000011,LOC003,219,390.3,S0029,2024-11-19,25,309
2024-12-31,P000011,LOC003,239,388.83,S0029,2024-12-30,25,309
2025-01-30,P000011,LOC003,251,388.84,S0029,2025-01-07,25,309
2025-03-01,P000011,LOC003,255,389.19,S0029,2025-01-31,25,309
2025-03-31,P000011,LOC003,327,394.65,S0029,2025-03-29,25,309
2024-10-02,P000011,LOC004,90,389.34,S0029,2024-09-24,25,309
2024-11-01,P000011,LOC004,163,385.06,S0029,2024-10-10,25,309
2024-12-01,P000011,LOC004,216,400.45,S0029,2024-11-01,25,309
2024-12-31,P000011,LOC004,258,415.89,S0029,2024-12-21,25,309
2025-01-30,P000011,LOC004,347,379.69,S0029,2025-01-27,25,309
2025-03-01,P000011,LOC004,337,386.73,S0029,2025-02-17,25,309
2025-03-31,P000011,LOC004,405,383.77,S0029,2025-03-04,25,309
2024-10-02,P000011,LOC005,203,414.15,S0029,2024-09-15,25,309
2024-11-01,P000011,LOC005,300,382.21,S0029,2024-10-30,25,309
2024-12-01,P000011,LOC005,259,402.81,S0029,2024-11-15,25,309
2024-12-31,P000011,LOC005,224,385.07,S0029,2024-12-21,25,309
2025-01-30,P000011,LOC005,194,397.63,S0029,2025-01-09,25,309
2025-03-01,P000011,LOC005,256,376.98,S0029,2025-02-04,25,309
2025-03-31,P000011,LOC005,214,387.51,S0029,2025-03-18,25,309
2024-10-02,P000011,LOC006,155,400.96,S0029,2024-09-30,25,309
2024-11-01,P000011,LOC006,189,400.03,S0029,2024-10-20,25,309
2024-12-01,P000011,LOC006,241,400.49,S0029,2024-11-07,25,309
2024-12-31,P000011,LOC006,273,400.13,S0029,2024-12-12,25,309
2025-01-30,P000011,LOC006,323,389.56,S0029,2025-01-01,25,309
2025-03-01,P000011,LOC006,321,393.28,S0029,2025-02-07,25,309
2025-03-31,P000011,LOC006,366,376.81,S0029,2025-03-09,25,309
2024-10-02,P000011,LOC007,102,388.04,S0029,2024-09-02,25,309
2024-11-01,P000011,LOC007,102,390.23,S0029,2024-10-12,25,309
2024-12-01,P000011,LOC007,158,413.16,S0029,2024-11-15,25,309
2024-12-31,P000011,LOC007,159,401.67,S0029,2024-12-16,25,309
2025-01-30,P000011,LOC007,110,399.78,S0029,2025-01-04,25,309
2025-03-01,P000011,LOC007,128,411.93,S0029,2025-01-31,25,309
2025-03-31,P000011,LOC007,88,413.86,S0029,2025-03-05,25,309
2024-10-02,P000011,LOC008,101,404.12,S0029,2024-10-01,25,309
2024-11-01,P000011,LOC008,62,381.52,S0029,2024-10-14,25,309
2024-12-01,P000011,LOC008,143,379.93,S0029,2024-11-16,25,309
2024-12-31,P000011,LOC008,105,405.0,S0029,2024-12-27,25,309
2025-01-30,P000011,LOC008,179,409.51,S0029,2025-01-14,25,309
2025-03-01,P000011,LOC008,220,412.14,S0029,2025-02-20,25,309
2025-03-31,P000011,LOC008,302,397.76,S0029,2025-03-04,25,309
2024-10-02,P000011,LOC009,166,410.15,S0029,2024-09-10,25,309
2024-11-01,P000011,LOC009,158,377.09,S0029,2024-10-06,25,309
2024-12-01,P000011,LOC009,123,380.73,S0029,2024-11-12,25,309
2024-12-31,P000011,LOC009,124,410.26,S0029,2024-12-27,25,309
2025-01-30,P000011,LOC009,142,403.79,S0029,2025-01-09,25,309
2025-03-01,P000011,LOC009,162,379.03,S0029,2025-02-12,25,309
2025-03-31,P000011,LOC009,180,387.09,S0029,2025-03-15,25,309
2024-10-02,P000011,LOC010,207,403.48,S0029,2024-09-21,25,309
2024-11-01,P000011,LOC010,306,376.67,S0029,2024-10-19,25,309
2024-12-01,P000011,LOC010,311,415.8,S0029,2024-11-22,25,309
2024-12-31,P000011,LOC010,402,397.01,S0029,2024-12-30,25,309
2025-01-30,P000011,LOC010,446,406.84,S0029,2025-01-21,25,309
2025-03-01,P000011,LOC010,479,396.62,S0029,2025-02-02,25,309
2025-03-31,P000011,LOC010,544,415.93,S0029,2025-03-23,25,309
2024-10-02,P000011,LOC011,188,386.87,S0029,2024-09-24,25,309
2024-11-01,P000011,LOC011,287,387.08,S0029,2024-10-19,25,309
2024-12-01,P000011,LOC011,354,402.66,S0029,2024-11-29,25,309
2024-12-31,P000011,LOC011,364,381.76,S0029,2024-12-19,25,309
2025-01-30,P000011,LOC011,454,413.83,S0029,2024-12-31,25,309
2025-03-01,P000011,LOC011,493,388.98,S0029,2025-02-23,25,309
2025-03-31,P000011,LOC011,489,388.53,S0029,2025-03-30,25,309
2024-10-02,P000011,LOC012,162,408.49,S0029,2024-09-14,25,309
2024-11-01,P000011,LOC012,120,393.67,S0029,2024-10-14,25,309
2024-12-01,P000011,LOC012,185,381.82,S0029,2024-11-22,25,309
2024-12-31,P000011,LOC012,249,395.41,S0029,2024-12-08,25,309
2025-01-30,P000011,LOC012,348,388.16,S0029,2025-01-23,25,309
2025-03-01,P000011,LOC012,407,406.9,S0029,2025-02-25,25,309
2025-03-31,P000011,LOC012,423,381.89,S0029,2025-03-10,25,309
2024-10-02,P000011,LOC013,136,406.68,S0029,2024-09-24,25,309
2024-11-01,P000011,LOC013,183,400.25,S0029,2024-10-15,25,309
2024-12-01,P000011,LOC013,167,395.21,S0029,2024-11-16,25,309
2024-12-31,P000011,LOC013,243,415.36,S0029,2024-12-01,25,309
2025-01-30,P000011,LOC013,197,392.52,S0029,2025-01-22,25,309
2025-03-01,P000011,LOC013,267,405.58,S0029,2025-02-20,25,309
2025-03-31,P000011,LOC013,335,377.54,S0029,2025-03-09,25,309
2024-10-02,P000011,LOC014,172,380.05,S0029,2024-09-27,25,309
2024-11-01,P000011,LOC014,145,415.24,S0029,2024-10-18,25,309
2024-12-01,P000011,LOC014,159,410.88,S0029,2024-11-30,25,309
2024-12-31,P000011,LOC014,111,397.45,S0029,2024-12-11,25,309
2025-01-30,P000011,LOC014,144,411.64,S0029,2025-01-20,25,309
2025-03-01,P000011,LOC014,216,405.35,S0029,2025-02-02,25,309
2025-03-31,P000011,LOC014,287,389.82,S0029,2025-03-01,25,309
2024-10-02,P000011,LOC015,88,387.75,S0029,2024-09-20,25,309
2024-11-01,P000011,LOC015,139,412.09,S0029,2024-10-26,25,309
2024-12-01,P000011,LOC015,188,389.64,S0029,2024-11-14,25,309
2024-12-31,P000011,LOC015,159,405.7,S0029,2024-12-15,25,309
2025-01-30,P000011,LOC015,176,386.62,S0029,2025-01-26,25,309
2025-03-01,P000011,LOC015,226,388.91,S0029,2025-02-11,25,309
2025-03-31,P000011,LOC015,283,407.19,S0029,2025-03-18,25,309
2024-10-02,P000011,LOC016,184,409.51,S0029,2024-09-20,25,309
2024-11-01,P000011,LOC016,218,398.08,S0029,2024-10-18,25,309
2024-12-01,P000011,LOC016,251,386.73,S0029,2024-11-12,25,309
2024-12-31,P000011,LOC016,333,385.24,S0029,2024-12-12,25,309
2025-01-30,P000011,LOC016,387,400.45,S0029,2025-01-07,25,309
2025-03-01,P000011,LOC016,345,407.02,S0029,2025-02-18,25,309
2025-03-31,P000011,LOC016,354,393.18,S0029,2025-03-10,25,309
2024-10-02,P000011,LOC017,187,415.39,S0029,2024-09-14,25,309
2024-11-01,P000011,LOC017,287,387.23,S0029,2024-10-19,25,309
2024-12-01,P000011,LOC017,378,413.46,S0029,2024-11-04,25,309
2024-12-31,P000011,LOC017,473,410.92,S0029,2024-12-22,25,309
2025-01-30,P000011,LOC017,547,401.74,S0029,2025-01-21,25,309
2025-03-01,P000011,LOC017,639,397.85,S0029,2025-02-02,25,309
2025-03-31,P000011,LOC017,731,398.08,S0029,2025-03-24,25,309
2024-10-02,P000011,LOC018,217,411.02,S0029,2024-09-27,25,309
2024-11-01,P000011,LOC018,200,386.81,S0029,2024-10-15,25,309
2024-12-01,P000011,LOC018,230,409.07,S0029,2024-11-06,25,309
2024-12-31,P000011,LOC018,212,397.02,S0029,2024-12-24,25,309
2025-01-30,P000011,LOC018,201,410.89,S0029,2025-01-02,25,309
2025-03-01,P000011,LOC018,171,379.81,S0029,2025-02-21,25,309
2025-03-31,P000011,LOC018,258,408.68,S0029,2025-03-20,25,309
2024-10-02,P000011,LOC019,200,409.6,S0029,2024-09-27,25,309
2024-11-01,P000011,LOC019,278,410.17,S0029,2024-10-05,25,309
2024-12-01,P000011,LOC019,274,412.93,S0029,2024-11-15,25,309
2024-12-31,P000011,LOC019,285,397.08,S0029,2024-12-26,25,309
2025-01-30,P000011,LOC019,332,400.98,S0029,2025-01-04,25,309
2025-03-01,P000011,LOC019,429,385.19,S0029,2025-02-11,25,309
2025-03-31,P000011,LOC019,418,378.66,S0029,2025-03-20,25,309
2024-10-02,P000011,LOC020,70,384.31,S0029,2024-09-30,25,309
2024-11-01,P000011,LOC020,160,409.7,S0029,2024-10-21,25,309
2024-12-01,P000011,LOC020,254,386.29,S0029,2024-11-21,25,309
2024-12-31,P000011,LOC020,275,406.69,S0029,2024-12-25,25,309
2025-01-30,P000011,LOC020,365,386.77,S0029,2025-01-13,25,309
2025-03-01,P000011,LOC020,341,391.92,S0029,2025-02-24,25,309
2025-03-31,P000011,LOC020,367,387.07,S0029,2025-03-14,25,309
2024-10-02,P000012,LOC001,504,423.74,S0022,2024-09-20,10,116
2024-11-01,P000012,LOC001,520,425.47,S0022,2024-10-08,10,116
2024-12-01,P000012,LOC001,515,426.05,S0022,2024-11-10,10,116
2024-12-31,P000012,LOC001,507,432.51,S0022,2024-12-06,10,116
2025-01-30,P000012,LOC001,530,444.34,S0022,2025-01-02,10,116
2025-03-01,P000012,LOC001,598,431.7,S0022,2025-02-17,10,116
2025-03-31,P000012,LOC001,617,425.46,S0022,2025-03-09,10,116
2024-10-02,P000012,LOC002,522,448.36,S0022,2024-09-14,10,116
2024-11-01,P000012,LOC002,541,427.75,S0022,2024-10-10,10,116
2024-12-01,P000012,LOC002,587,438.97,S0022,2024-11-18,10,116
2024-12-31,P000012,LOC002,571,455.79,S0022,2024-12-05,10,116
2025-01-30,P000012,LOC002,555,461.29,S0022,2025-01-24,10,116
2025-03-01,P000012,LOC002,519,437.37,S0022,2025-02-06,10,116
2025-03-31,P000012,LOC002,577,455.08,S0022,2025-03-09,10,116
2024-10-02,P000012,LOC003,516,452.47,S0022,2024-09-06,10,116
2024-11-01,P000012,LOC003,486,439.26,S0022,2024-10-21,10,116
2024-12-01,P000012,LOC003,445,456.29,S0022,2024-11-06,10,116
2024-12-31,P000012,LOC003,485,450.04,S0022,2024-12-12,10,116
2025-01-30,P000012,LOC003,549,441.87,S0022,2025-01-24,10,116
2025-03-01,P000012,LOC003,540,429.36,S0022,2025-02-26,10,116
2025-03-31,P000012,LOC003,495,454.66,S0022,2025-03-08,10,116
2024-10-02,P000012,LOC004,451,437.24,S0022,2024-09-04,10,116
2024-11-01,P000012,LOC004,535,431.95,S0022,2024-10-11,10,116
2024-12-01,P000012,LOC004,614,458.18,S0022,2024-11-06,10,116
2024-12-31,P000012,LOC004,666,454.44,S0022,2024-12-04,10,116
2025-01-30,P000012,LOC004,638,443.53,S0022,2025-01-19,10,116
2025-03-01,P000012,LOC004,715,428.76,S0022,2025-02-23,10,116
2025-03-31,P000012,LOC004,803,453.63,S0022,2025-03-09,10,116
2024-10-02,P000012,LOC005,406,461.23,S0022,2024-09-16,10,116
2024-11-01,P000012,LOC005,493,434.16,S0022,2024-10-14,10,116
2024-12-01,P000012,LOC005,516,453.61,S0022,2024-11-02,10,116
2024-12-31,P000012,LOC005,488,439.85,S0022,2024-12-18,10,116
2025-01-30,P000012,LOC005,527,462.43,S0022,2024-12-31,10,116
2025-03-01,P000012,LOC005,605,444.23,S0022,2025-02-16,10,116
2025-03-31,P000012,LOC005,641,458.73,S0022,2025-03-02,10,116
2024-10-02,P000012,LOC006,461,442.31,S0022,2024-09-11,10,116
2024-11-01,P000012,LOC006,500,442.7,S0022,2024-10-29,10,116
2024-12-01,P000012,LOC006,507,460.77,S0022,2024-11-23,10,116
2024-12-31,P000012,LOC006,548,438.38,S0022,2024-12-04,10,116
2025-01-30,P000012,LOC006,569,460.7,S0022,2025-01-16,10,116
2025-03-01,P000012,LOC006,579,448.05,S0022,2025-02-25,10,116
2025-03-31,P000012,LOC006,651,461.02,S0022,2025-03-09,10,116
2024-10-02,P000012,LOC007,469,429.95,S0022,2024-09-09,10,116
2024-11-01,P000012,LOC007,568,433.55,S0022,2024-10-04,10,116
2024-12-01,P000012,LOC007,613,458.45,S0022,2024-11-05,10,116
2024-12-31,P000012,LOC007,691,437.89,S0022,2024-12-24,10,116
2025-01-30,P000012,LOC007,732,445.94,S0022,2025-01-16,10,116
2025-03-01,P000012,LOC007,808,433.11,S0022,2025-02-02,10,116
2025-03-31,P000012,LOC007,845,453.49,S0022,2025-03-16,10,116
2024-10-02,P000012,LOC008,429,448.04,S0022,2024-09-15,10,116
2024-11-01,P000012,LOC008,446,424.3,S0022,2024-10-13,10,116
2024-12-01,P000012,LOC008,400,460.18,S0022,2024-11-17,10,116
2024-12-31,P000012,LOC008,400,444.06,S0022,2024-12-14,10,116
2025-01-30,P000012,LOC008,425,448.69,S0022,2025-01-25,10,116
2025-03-01,P000012,LOC008,514,421.05,S0022,2025-02-02,10,116
2025-03-31,P000012,LOC008,608,457.86,S0022,2025-03-09,10,116
2024-10-02,P000012,LOC009,454,444.79,S0022,2024-09-10,10,116
2024-11-01,P000012,LOC009,509,427.56,S0022,2024-10-13,10,116
2024-12-01,P000012,LOC009,565,450.11,S0022,2024-11-27,10,116
2024-12-31,P000012,LOC009,594,462.79,S0022,2024-12-06,10,116
2025-01-30,P000012,LOC009,689,422.83,S0022,2025-01-18,10,116
2025-03-01,P000012,LOC009,786,424.84,S0022,2025-02-15,10,116
2025-03-31,P000012,LOC009,826,428.49,S0022,2025-03-15,10,116
2024-10-02,P000012,LOC010,541,448.13,S0022,2024-09-21,10,116
2024-11-01,P000012,LOC010,578,454.74,S0022,2024-10-27,10,116
2024-12-01,P000012,LOC010,642,454.15,S0022,2024-11-09,10,116
2024-12-31,P000012,LOC010,592,462.36,S0022,2024-12-30,10,116
2025-01-30,P000012,LOC010,649,440.28,S0022,2025-01-26,10,116
2025-03-01,P000012,LOC010,690,451.32,S0022,2025-02-08,10,116
2025-03-31,P000012,LOC010,660,429.92,S0022,2025-03-26,10,116
2024-10-02,P000012,LOC011,461,442.07,S0022,2024-09-16,10,116
2024-11-01,P000012,LOC011,478,464.19,S0022,2024-10-21,10,116
2024-12-01,P000012,LOC011,502,434.53,S0022,2024-11-25,10,116
2024-12-31,P000012,LOC011,518,444.88,S0022,2024-12-12,10,116
2025-01-30,P000012,LOC011,497,450.99,S0022,2025-01-14,10,116
2025-03-01,P000012,LOC011,461,428.58,S0022,2025-02-17,10,116
2025-03-31,P000012,LOC011,494,459.26,S0022,2025-03-18,10,116
2024-10-02,P000012,LOC012,498,444.24,S0022,2024-09-16,10,116
2024-11-01,P000012,LOC012,532,447.55,S0022,2024-10-30,10,116
2024-12-01,P000012,LOC012,502,432.99,S0022,2024-11-25,10,116
2024-12-31,P000012,LOC012,510,463.96,S0022,2024-12-18,10,116
2025-01-30,P000012,LOC012,583,444.46,S0022,2025-01-07,10,116
2025-03-01,P000012,LOC012,613,423.4,S0022,2025-02-20,10,116
2025-03-31,P000012,LOC012,665,430.77,S0022,2025-03-06,10,116
2024-10-02,P000012,LOC013,523,429.89,S0022,2024-09-02,10,116
2024-11-01,P000012,LOC013,565,453.2,S0022,2024-10-12,10,116
2024-12-01,P000012,LOC013,651,455.23,S0022,2024-11-20,10,116
2024-12-31,P000012,LOC013,687,434.2,S0022,2024-12-12,10,116
2025-01-30,P000012,LOC013,646,436.45,S0022,2024-12-31,10,116
2025-03-01,P000012,LOC013,618,455.13,S0022,2025-02-23,10,116
2025-03-31,P000012,LOC013,641,455.67,S0022,2025-03-22,10,116
2024-10-02,P000012,LOC014,489,433.48,S0022,2024-09-13,10,116
2024-11-01,P000012,LOC014,498,441.78,S0022,2024-10-11,10,116
2024-12-01,P000012,LOC014,487,433.59,S0022,2024-11-28,10,116
2024-12-31,P000012,LOC014,443,431.17,S0022,2024-12-11,10,116
2025-01-30,P000012,LOC014,522,442.97,S0022,2025-01-26,10,116
2025-03-01,P000012,LOC014,500,464.0,S0022,2025-02-19,10,116
2025-03-31,P000012,LOC014,492,452.73,S0022,2025-03-21,10,116
2024-10-02,P000012,LOC015,443,445.94,S0022,2024-10-01,10,116
2024-11-01,P000012,LOC015,431,422.27,S0022,2024-10-03,10,116
2024-12-01,P000012,LOC015,440,450.47,S0022,2024-11-11,10,116
2024-12-31,P000012,LOC015,538,426.67,S0022,2024-12-09,10,116
2025-01-30,P000012,LOC015,556,446.99,S0022,2025-01-03,10,116
2025-03-01,P000012,LOC015,519,457.18,S0022,2025-02-26,10,116
2025-03-31,P000012,LOC015,479,442.94,S0022,2025-03-10,10,116
2024-10-02,P000012,LOC016,401,458.79,S0022,2024-09-05,10,116
2024-11-01,P000012,LOC016,393,433.34,S0022,2024-10-02,10,116
2024-12-01,P000012,LOC016,377,426.89,S0022,2024-11-01,10,116
2024-12-31,P000012,LOC016,432,460.51,S0022,2024-12-22,10,116
2025-01-30,P000012,LOC016,434,421.69,S0022,2025-01-14,10,116
2025-03-01,P000012,LOC016,405,423.55,S0022,2025-02-24,10,116
2025-03-31,P000012,LOC016,376,444.42,S0022,2025-03-20,10,116
2024-10-02,P000012,LOC017,437,442.47,S0022,2024-09-08,10,116
2024-11-01,P000012,LOC017,487,425.03,S0022,2024-10-31,10,116
2024-12-01,P000012,LOC017,445,450.99,S0022,2024-11-29,10,116
2024-12-31,P000012,LOC017,416,455.49,S0022,2024-12-26,10,116
2025-01-30,P000012,LOC017,502,428.63,S0022,2025-01-08,10,116
2025-03-01,P000012,LOC017,572,458.33,S0022,2025-02-24,10,116
2025-03-31,P000012,LOC017,671,455.06,S0022,2025-03-03,10,116
2024-10-02,P000012,LOC018,450,445.76,S0022,2024-09-03,10,116
2024-11-01,P000012,LOC018,409,454.07,S0022,2024-10-10,10,116
2024-12-01,P000012,LOC018,375,432.87,S0022,2024-11-27,10,116
2024-12-31,P000012,LOC018,435,448.81,S0022,2024-12-15,10,116
2025-01-30,P000012,LOC018,480,423.2,S0022,2025-01-10,10,116
2025-03-01,P000012,LOC018,550,442.23,S0022,2025-02-20,10,116
2025-03-31,P000012,LOC018,609,442.66,S0022,2025-03-18,10,116
2024-10-02,P000012,LOC019,405,424.0,S0022,2024-09-03,10,116
2024-11-01,P000012,LOC019,409,437.77,S0022,2024-10-13,10,116
2024-12-01,P000012,LOC019,369,428.16,S0022,2024-11-17,10,116
2024-12-31,P000012,LOC019,339,437.63,S0022,2024-12-10,10,116
2025-01-30,P000012,LOC019,313,453.38,S0022,2025-01-27,10,116
2025-03-01,P000012,LOC019,407,439.07,S0022,2025-02-26,10,116
2025-03-31,P000012,LOC019,497,460.54,S0022,2025-03-22,10,116
2024-10-02,P000012,LOC020,465,424.41,S0022,2024-09-04,10,116
2024-11-01,P000012,LOC020,433,436.64,S0022,2024-10-26,10,116
2024-12-01,P000012,LOC020,430,425.77,S0022,2024-11-03,10,116
2024-12-31,P000012,LOC020,500,438.39,S0022,2024-12-25,10,116
2025-01-30,P000012,LOC020,467,430.53,S0022,2025-01-11,10,116
2025-03-01,P000012,LOC020,561,437.86,S0022,2025-02-02,10,116
2025-03-31,P000012,LOC020,634,463.32,S0022,2025-03-28,10,116
2024-10-02,P000013,LOC001,261,448.07,S0025,2024-09-20,45,185
2024-11-01,P000013,LOC001,244,490.96,S0025,2024-10-26,45,185
2024-12-01,P000013,LOC001,306,480.32,S0025,2024-11-20,45,185
2024-12-31,P000013,LOC001,310,466.77,S0025,2024-12-11,45,185
2025-01-30,P000013,LOC001,379,465.7,S0025,2025-01-12,45,185
2025-03-01,P000013,LOC001,410,448.96,S0025,2025-02-25,45,185
2025-03-31,P000013,LOC001,394,457.72,S0025,2025-03-02,45,185
2024-10-02,P000013,LOC002,376,485.2,S0025,2024-09-18,45,185
2024-11-01,P000013,LOC002,391,465.22,S0025,2024-10-13,45,185
2024-12-01,P000013,LOC002,370,459.9,S0025,2024-11-19,45,185
2024-12-31,P000013,LOC002,460,476.3,S0025,2024-12-27,45,185
2025-01-30,P000013,LOC002,451,451.16,S0025,2025-01-07,45,185
2025-03-01,P000013,LOC002,456,479.65,S0025,2025-02-02,45,185
2025-03-31,P000013,LOC002,420,473.81,S0025,2025-03-02,45,185
2024-10-02,P000013,LOC003,284,463.08,S0025,2024-09-15,45,185
2024-11-01,P000013,LOC003,305,473.04,S0025,2024-10-02,45,185
2024-12-01,P000013,LOC003,389,463.28,S0025,2024-11-21,45,185
2024-12-31,P000013,LOC003,407,482.58,S0025,2024-12-30,45,185
2025-01-30,P000013,LOC003,466,490.15,S0025,2025-01-04,45,185
2025-03-01,P000013,LOC003,424,454.31,S0025,2025-01-30,45,185
2025-03-31,P000013,LOC003,443,456.65,S0025,2025-03-28,45,185
2024-10-02,P000013,LOC004,357,472.28,S0025,2024-09-11,45,185
2024-11-01,P000013,LOC004,380,464.11,S0025,2024-10-05,45,185
2024-12-01,P000013,LOC004,346,491.51,S0025,2024-11-18,45,185
2024-12-31,P000013,LOC004,331,483.34,S0025,2024-12-13,45,185
2025-01-30,P000013,LOC004,301,465.16,S0025,2025-01-26,45,185
2025-03-01,P000013,LOC004,253,493.99,S0025,2025-02-09,45,185
2025-03-31,P000013,LOC004,266,474.85,S0025,2025-03-30,45,185
2024-10-02,P000013,LOC005,348,448.09,S0025,2024-09-17,45,185
2024-11-01,P000013,LOC005,423,465.91,S0025,2024-10-23,45,185
2024-12-01,P000013,LOC005,397,488.7,S0025,2024-11-08,45,185
2024-12-31,P000013,LOC005,383,464.92,S0025,2024-12-12,45,185
2025-01-30,P000013,LOC005,350,464.26,S0025,2025-01-05,45,185
2025-03-01,P000013,LOC005,427,488.18,S0025,2025-02-25,45,185
2025-03-31,P000013,LOC005,453,493.28,S0025,2025-03-15,45,185
2024-10-02,P000013,LOC006,254,450.95,S0025,2024-09-25,45,185
2024-11-01,P000013,LOC006,205,447.95,S0025,2024-10-06,45,185
2024-12-01,P000013,LOC006,184,460.72,S0025,2024-11-07,45,185
2024-12-31,P000013,LOC006,248,470.04,S0025,2024-12-26,45,185
2025-01-30,P000013,LOC006,205,475.71,S0025,2025-01-26,45,185
2025-03-01,P000013,LOC006,229,475.66,S0025,2025-02-09,45,185
2025-03-31,P000013,LOC006,299,467.05,S0025,2025-03-22,45,185
2024-10-02,P000013,LOC007,307,484.58,S0025,2024-09-16,45,185
2024-11-01,P000013,LOC007,277,494.16,S0025,2024-10-13,45,185
2024-12-01,P000013,LOC007,368,449.25,S0025,2024-11-06,45,185
2024-12-31,P000013,LOC007,379,473.11,S0025,2024-12-17,45,185
2025-01-30,P000013,LOC007,339,484.1,S0025,2025-01-22,45,185
2025-03-01,P000013,LOC007,431,448.3,S0025,2025-02-04,45,185
2025-03-31,P000013,LOC007,503,491.5,S0025,2025-03-19,45,185
2024-10-02,P000013,LOC008,342,476.3,S0025,2024-09-22,45,185
2024-11-01,P000013,LOC008,365,453.42,S0025,2024-10-26,45,185
2024-12-01,P000013,LOC008,418,494.84,S0025,2024-11-17,45,185
2024-12-31,P000013,LOC008,469,474.39,S0025,2024-12-06,45,185
2025-01-30,P000013,LOC008,468,463.68,S0025,2025-01-28,45,185
2025-03-01,P000013,LOC008,478,471.73,S0025,2025-02-09,45,185
2025-03-31,P000013,LOC008,526,486.43,S0025,2025-03-14,45,185
2024-10-02,P000013,LOC009,308,462.05,S0025,2024-09-19,45,185
2024-11-01,P000013,LOC009,338,456.06,S0025,2024-10-30,45,185
2024-12-01,P000013,LOC009,348,461.55,S0025,2024-11-04,45,185
2024-12-31,P000013,LOC009,420,472.39,S0025,2024-12-18,45,185
2025-01-30,P000013,LOC009,447,462.01,S0025,2025-01-20,45,185
2025-03-01,P000013,LOC009,452,460.83,S0025,2025-02-05,45,185
2025-03-31,P000013,LOC009,488,475.58,S0025,2025-03-21,45,185
2024-10-02,P000013,LOC010,275,449.38,S0025,2024-09-04,45,185
2024-11-01,P000013,LOC010,267,482.79,S0025,2024-10-29,45,185
2024-12-01,P000013,LOC010,246,473.62,S0025,2024-11-13,45,185
2024-12-31,P000013,LOC010,341,467.28,S0025,2024-12-26,45,185
2025-01-30,P000013,LOC010,365,448.7,S0025,2025-01-14,45,185
2025-03-01,P000013,LOC010,416,475.46,S0025,2025-01-30,45,185
2025-03-31,P000013,LOC010,412,473.22,S0025,2025-03-29,45,185
2024-10-02,P000013,LOC011,338,451.14,S0025,2024-09-13,45,185
2024-11-01,P000013,LOC011,422,459.66,S0025,2024-10-21,45,185
2024-12-01,P000013,LOC011,477,489.05,S0025,2024-11-28,45,185
2024-12-31,P000013,LOC011,441,453.09,S0025,2024-12-30,45,185
2025-01-30,P000013,LOC011,536,471.11,S0025,2025-01-24,45,185
2025-03-01,P000013,LOC011,527,476.33,S0025,2025-02-14,45,185
2025-03-31,P000013,LOC011,598,471.6,S0025,2025-03-20,45,185
2024-10-02,P000013,LOC012,313,488.43,S0025,2024-09-09,45,185
2024-11-01,P000013,LOC012,334,475.84,S0025,2024-10-14,45,185
2024-12-01,P000013,LOC012,426,462.16,S0025,2024-11-17,45,185
2024-12-31,P000013,LOC012,526,483.36,S0025,2024-12-04,45,185
2025-01-30,P000013,LOC012,527,494.72,S0025,2025-01-13,45,185
2025-03-01,P000013,LOC012,507,451.16,S0025,2025-02-10,45,185
2025-03-31,P000013,LOC012,551,489.62,S0025,2025-03-22,45,185
2024-10-02,P000013,LOC013,293,490.94,S0025,2024-09-29,45,185
2024-11-01,P000013,LOC013,390,482.08,S0025,2024-10-30,45,185
2024-12-01,P000013,LOC013,469,466.54,S0025,2024-11-25,45,185
2024-12-31,P000013,LOC013,482,453.82,S0025,2024-12-24,45,185
2025-01-30,P000013,LOC013,580,465.2,S0025,2025-01-26,45,185
2025-03-01,P000013,LOC013,534,461.79,S0025,2025-02-13,45,185
2025-03-31,P000013,LOC013,627,485.28,S0025,2025-03-27,45,185
2024-10-02,P000013,LOC014,299,448.98,S0025,2024-09-12,45,185
2024-11-01,P000013,LOC014,249,476.54,S0025,2024-10-03,45,185
2024-12-01,P000013,LOC014,306,469.08,S0025,2024-11-18,45,185
2024-12-31,P000013,LOC014,264,468.11,S0025,2024-12-14,45,185
2025-01-30,P000013,LOC014,326,493.5,S0025,2025-01-10,45,185
2025-03-01,P000013,LOC014,385,489.53,S0025,2025-02-11,45,185
2025-03-31,P000013,LOC014,382,454.4,S0025,2025-03-26,45,185
2024-10-02,P000013,LOC015,289,493.15,S0025,2024-09-20,45,185
2024-11-01,P000013,LOC015,260,458.55,S0025,2024-10-20,45,185
2024-12-01,P000013,LOC015,322,472.96,S0025,2024-11-30,45,185
2024-12-31,P000013,LOC015,319,475.98,S0025,2024-12-24,45,185
2025-01-30,P000013,LOC015,376,473.86,S0025,2025-01-18,45,185
2025-03-01,P000013,LOC015,459,475.41,S0025,2025-02-16,45,185
2025-03-31,P000013,LOC015,411,473.17,S0025,2025-03-12,45,185
2024-10-02,P000013,LOC016,288,480.33,S0025,2024-09-16,45,185
2024-11-01,P000013,LOC016,241,482.43,S0025,2024-10-18,45,185
2024-12-01,P000013,LOC016,232,463.24,S0025,2024-11-12,45,185
2024-12-31,P000013,LOC016,196,465.43,S0025,2024-12-23,45,185
2025-01-30,P000013,LOC016,292,458.76,S0025,2025-01-10,45,185
2025-03-01,P000013,LOC016,256,460.56,S0025,2025-02-11,45,185
2025-03-31,P000013,LOC016,294,467.25,S0025,2025-03-12,45,185
2024-10-02,P000013,LOC017,341,456.65,S0025,2024-09-10,45,185
2024-11-01,P000013,LOC017,367,468.78,S0025,2024-10-07,45,185
2024-12-01,P000013,LOC017,328,463.35,S0025,2024-11-18,45,185
2024-12-31,P000013,LOC017,324,482.39,S0025,2024-12-16,45,185
2025-01-30,P000013,LOC017,365,467.62,S0025,2025-01-26,45,185
2025-03-01,P000013,LOC017,374,487.48,S0025,2025-02-24,45,185
2025-03-31,P000013,LOC017,342,475.09,S0025,2025-03-11,45,185
2024-10-02,P000013,LOC018,368,488.83,S0025,2024-09-04,45,185
2024-11-01,P000013,LOC018,364,470.74,S0025,2024-10-15,45,185
2024-12-01,P000013,LOC018,351,457.97,S0025,2024-11-22,45,185
2024-12-31,P000013,LOC018,322,482.76,S0025,2024-12-20,45,185
2025-01-30,P000013,LOC018,308,467.51,S0025,2025-01-23,45,185
2025-03-01,P000013,LOC018,357,452.1,S0025,2025-02-20,45,185
2025-03-31,P000013,LOC018,406,494.42,S0025,2025-03-19,45,185
2024-10-02,P000013,LOC019,231,448.02,S0025,2024-10-01,45,185
2024-11-01,P000013,LOC019,285,481.41,S0025,2024-10-11,45,185
2024-12-01,P000013,LOC019,282,488.44,S0025,2024-11-20,45,185
2024-12-31,P000013,LOC019,305,483.37,S0025,2024-12-15,45,185
2025-01-30,P000013,LOC019,289,492.55,S0025,2025-01-29,45,185
2025-03-01,P000013,LOC019,291,489.95,S0025,2025-02-12,45,185
2025-03-31,P000013,LOC019,312,486.42,S0025,2025-03-30,45,185
2024-10-02,P000013,LOC020,370,468.19,S0025,2024-09-16,45,185
2024-11-01,P000013,LOC020,442,493.25,S0025,2024-10-15,45,185
2024-12-01,P000013,LOC020,443,481.3,S0025,2024-11-03,45,185
2024-12-31,P000013,LOC020,541,461.7,S0025,2024-12-08,45,185
2025-01-30,P000013,LOC020,523,493.08,S0025,2025-01-19,45,185
2025-03-01,P000013,LOC020,483,454.81,S0025,2025-02-09,45,185
2025-03-31,P000013,LOC020,452,487.01,S0025,2025-03-12,45,185
2024-10-02,P000014,LOC001,612,401.03,S0024,2024-09-10,11,344
2024-11-01,P000014,LOC001,567,417.83,S0024,2024-10-19,11,344
2024-12-01,P000014,LOC001,598,410.11,S0024,2024-11-17,11,344
2024-12-31,P000014,LOC001,556,403.49,S0024,2024-12-18,11,344
2025-01-30,P000014,LOC001,550,430.5,S0024,2025-01-23,11,344
2025-03-01,P000014,LOC001,640,404.96,S0024,2025-02-20,11,344
2025-03-31,P000014,LOC001,640,417.21,S0024,2025-03-15,11,344
2024-10-02,P000014,LOC002,675,409.59,S0024,2024-09-02,11,344
2024-11-01,P000014,LOC002,760,427.98,S0024,2024-10-04,11,344
2024-12-01,P000014,LOC002,734,431.03,S0024,2024-11-10,11,344
2024-12-31,P000014,LOC002,758,424.01,S0024,2024-12-27,11,344
2025-01-30,P000014,LOC002,749,427.25,S0024,2025-01-05,11,344
2025-03-01,P000014,LOC002,808,395.01,S0024,2025-02-12,11,344
2025-03-31,P000014,LOC002,879,421.18,S0024,2025-03-24,11,344
2024-10-02,P000014,LOC003,628,429.38,S0024,2024-09-15,11,344
2024-11-01,P000014,LOC003,601,433.03,S0024,2024-10-13,11,344
2024-12-01,P000014,LOC003,635,401.21,S0024,2024-11-13,11,344
2024-12-31,P000014,LOC003,727,412.55,S0024,2024-12-15,11,344
2025-01-30,P000014,LOC003,767,418.03,S0024,2025-01-12,11,344
2025-03-01,P000014,LOC003,852,409.04,S0024,2025-02-26,11,344
2025-03-31,P000014,LOC003,918,410.31,S0024,2025-03-30,11,344
2024-10-02,P000014,LOC004,697,412.58,S0024,2024-09-10,11,344
2024-11-01,P000014,LOC004,676,392.99,S0024,2024-10-06,11,344
2024-12-01,P000014,LOC004,643,428.51,S0024,2024-11-21,11,344
2024-12-31,P000014,LOC004,617,418.74,S0024,2024-12-16,11,344
2025-01-30,P000014,LOC004,604,415.68,S0024,2025-01-18,11,344
2025-03-01,P000014,LOC004,668,392.87,S0024,2025-02-14,11,344
2025-03-31,P000014,LOC004,688,419.28,S0024,2025-03-15,11,344
2024-10-02,P000014,LOC005,679,414.7,S0024,2024-09-03,11,344
2024-11-01,P000014,LOC005,769,411.67,S0024,2024-10-20,11,344
2024-12-01,P000014,LOC005,753,412.22,S0024,2024-11-14,11,344
2024-12-31,P000014,LOC005,786,431.88,S0024,2024-12-07,11,344
2025-01-30,P000014,LOC005,846,409.36,S0024,2024-12-31,11,344
2025-03-01,P000014,LOC005,807,418.26,S0024,2025-02-04,11,344
2025-03-31,P000014,LOC005,841,420.29,S0024,2025-03-19,11,344
2024-10-02,P000014,LOC006,709,407.68,S0024,2024-09-29,11,344
2024-11-01,P000014,LOC006,801,411.8,S0024,2024-10-27,11,344
2024-12-01,P000014,LOC006,887,427.28,S0024,2024-11-13,11,344
2024-12-31,P000014,LOC006,954,414.89,S0024,2024-12-01,11,344
2025-01-30,P000014,LOC006,1036,414.93,S0024,2025-01-15,11,344
2025-03-01,P000014,LOC006,1131,416.18,S0024,2025-02-10,11,344
2025-03-31,P000014,LOC006,1172,399.5,S0024,2025-03-21,11,344
2024-10-02,P000014,LOC007,594,425.51,S0024,2024-09-21,11,344
2024-11-01,P000014,LOC007,672,429.05,S0024,2024-10-31,11,344
2024-12-01,P000014,LOC007,676,405.16,S0024,2024-11-07,11,344
2024-12-31,P000014,LOC007,769,412.71,S0024,2024-12-16,11,344
2025-01-30,P000014,LOC007,813,397.5,S0024,2025-01-23,11,344
2025-03-01,P000014,LOC007,816,424.4,S0024,2025-02-07,11,344
2025-03-31,P000014,LOC007,812,408.95,S0024,2025-03-21,11,344
2024-10-02,P000014,LOC008,593,427.74,S0024,2024-09-29,11,344
2024-11-01,P000014,LOC008,599,394.09,S0024,2024-10-08,11,344
2024-12-01,P000014,LOC008,694,403.79,S0024,2024-11-08,11,344
2024-12-31,P000014,LOC008,683,414.31,S0024,2024-12-04,11,344
2025-01-30,P000014,LOC008,731,401.31,S0024,2025-01-17,11,344
2025-03-01,P000014,LOC008,778,429.54,S0024,2025-02-03,11,344
2025-03-31,P000014,LOC008,861,392.56,S0024,2025-03-05,11,344
2024-10-02,P000014,LOC009,733,423.09,S0024,2024-09-13,11,344
2024-11-01,P000014,LOC009,798,427.88,S0024,2024-10-17,11,344
2024-12-01,P000014,LOC009,832,421.83,S0024,2024-11-20,11,344
2024-12-31,P000014,LOC009,870,410.51,S0024,2024-12-06,11,344
2025-01-30,P000014,LOC009,823,420.14,S0024,2025-01-04,11,344
2025-03-01,P000014,LOC009,856,419.58,S0024,2025-02-20,11,344
2025-03-31,P000014,LOC009,850,395.65,S0024,2025-03-03,11,344
2024-10-02,P000014,LOC010,620,395.84,S0024,2024-09-13,11,344
2024-11-01,P000014,LOC010,647,403.71,S0024,2024-10-09,11,344
2024-12-01,P000014,LOC010,743,420.05,S0024,2024-11-13,11,344
2024-12-31,P000014,LOC010,753,419.32,S0024,2024-12-13,11,344
2025-01-30,P000014,LOC010,731,398.2,S0024,2025-01-08,11,344
2025-03-01,P000014,LOC010,682,421.11,S0024,2025-01-31,11,344
2025-03-31,P000014,LOC010,700,431.2,S0024,2025-03-02,11,344
2024-10-02,P000014,LOC011,712,412.79,S0024,2024-09-17,11,344
2024-11-01,P000014,LOC011,756,421.05,S0024,2024-10-12,11,344
2024-12-01,P000014,LOC011,759,405.47,S0024,2024-11-03,11,344
2024-12-31,P000014,LOC011,773,399.08,S0024,2024-12-27,11,344
2025-01-30,P000014,LOC011,725,415.56,S0024,2025-01-04,11,344
2025-03-01,P000014,LOC011,810,402.37,S0024,2025-02-09,11,344
2025-03-31,P000014,LOC011,865,424.84,S0024,2025-03-06,11,344
2024-10-02,P000014,LOC012,661,405.26,S0024,2024-09-11,11,344
2024-11-01,P000014,LOC012,724,428.54,S0024,2024-10-21,11,344
2024-12-01,P000014,LOC012,764,416.52,S0024,2024-11-10,11,344
2024-12-31,P000014,LOC012,815,415.97,S0024,2024-12-10,11,344
2025-01-30,P000014,LOC012,779,428.74,S0024,2025-01-19,11,344
2025-03-01,P000014,LOC012,791,400.1,S0024,2025-02-06,11,344
2025-03-31,P000014,LOC012,809,404.93,S0024,2025-03-20,11,344
2024-10-02,P000014,LOC013,626,433.48,S0024,2024-09-20,11,344
2024-11-01,P000014,LOC013,686,422.11,S0024,2024-10-13,11,344
2024-12-01,P000014,LOC013,663,425.76,S0024,2024-11-07,11,344
2024-12-31,P000014,LOC013,685,403.56,S0024,2024-12-25,11,344
2025-01-30,P000014,LOC013,764,416.41,S0024,2025-01-13,11,344
2025-03-01,P000014,LOC013,838,417.89,S0024,2025-02-14,11,344
2025-03-31,P000014,LOC013,865,402.56,S0024,2025-03-06,11,344
2024-10-02,P000014,LOC014,684,405.27,S0024,2024-09-14,11,344
2024-11-01,P000014,LOC014,694,398.97,S0024,2024-10-12,11,344
2024-12-01,P000014,LOC014,714,412.69,S0024,2024-11-18,11,344
2024-12-31,P000014,LOC014,753,426.76,S0024,2024-12-04,11,344
2025-01-30,P000014,LOC014,800,415.52,S0024,2025-01-13,11,344
2025-03-01,P000014,LOC014,825,399.12,S0024,2025-02-27,11,344
2025-03-31,P000014,LOC014,892,418.09,S0024,2025-03-23,11,344
2024-10-02,P000014,LOC015,671,430.6,S0024,2024-09-04,11,344
2024-11-01,P000014,LOC015,638,428.02,S0024,2024-10-19,11,344
2024-12-01,P000014,LOC015,716,424.73,S0024,2024-11-17,11,344
2024-12-31,P000014,LOC015,758,399.04,S0024,2024-12-11,11,344
2025-01-30,P000014,LOC015,727,410.21,S0024,2025-01-02,11,344
2025-03-01,P000014,LOC015,686,427.03,S0024,2025-02-07,11,344
2025-03-31,P000014,LOC015,697,417.93,S0024,2025-03-09,11,344
2024-10-02,P000014,LOC016,605,411.87,S0024,2024-09-14,11,344
2024-11-01,P000014,LOC016,665,431.5,S0024,2024-10-22,11,344
2024-12-01,P000014,LOC016,664,396.71,S0024,2024-11-28,11,344
2024-12-31,P000014,LOC016,728,410.06,S0024,2024-12-27,11,344
2025-01-30,P000014,LOC016,745,414.17,S0024,2025-01-09,11,344
2025-03-01,P000014,LOC016,749,426.14,S0024,2025-02-11,11,344
2025-03-31,P000014,LOC016,766,417.86,S0024,2025-03-30,11,344
2024-10-02,P000014,LOC017,601,402.26,S0024,2024-09-12,11,344
2024-11-01,P000014,LOC017,689,397.81,S0024,2024-10-18,11,344
2024-12-01,P000014,LOC017,739,414.76,S0024,2024-11-02,11,344
2024-12-31,P000014,LOC017,745,415.26,S0024,2024-12-10,11,344
2025-01-30,P000014,LOC017,724,417.72,S0024,2025-01-14,11,344
2025-03-01,P000014,LOC017,677,419.64,S0024,2025-02-27,11,344
2025-03-31,P000014,LOC017,681,421.34,S0024,2025-03-05,11,344
2024-10-02,P000014,LOC018,711,424.19,S0024,2024-09-06,11,344
2024-11-01,P000014,LOC018,697,408.17,S0024,2024-10-16,11,344
2024-12-01,P000014,LOC018,791,393.9,S0024,2024-11-20,11,344
2024-12-31,P000014,LOC018,769,412.18,S0024,2024-12-19,11,344
2025-01-30,P000014,LOC018,721,422.62,S0024,2025-01-07,11,344
2025-03-01,P000014,LOC018,705,395.65,S0024,2025-02-13,11,344
2025-03-31,P000014,LOC018,678,416.68,S0024,2025-03-13,11,344
2024-10-02,P000014,LOC019,642,395.54,S0024,2024-09-30,11,344
2024-11-01,P000014,LOC019,685,415.31,S0024,2024-10-29,11,344
2024-12-01,P000014,LOC019,737,413.12,S0024,2024-11-17,11,344
2024-12-31,P000014,LOC019,768,421.91,S0024,2024-12-28,11,344
2025-01-30,P000014,LOC019,818,420.43,S0024,2024-12-31,11,344
2025-03-01,P000014,LOC019,891,416.51,S0024,2025-02-12,11,344
2025-03-31,P000014,LOC019,968,404.77,S0024,2025-03-16,11,344
2024-10-02,P000014,LOC020,626,421.85,S0024,2024-09-02,11,344
2024-11-01,P000014,LOC020,700,421.51,S0024,2024-10-29,11,344
2024-12-01,P000014,LOC020,716,409.02,S0024,2024-11-05,11,344
2024-12-31,P000014,LOC020,667,410.03,S0024,2024-12-20,11,344
2025-01-30,P000014,LOC020,660,405.02,S0024,2025-01-26,11,344
2025-03-01,P000014,LOC020,631,404.24,S0024,2025-02-04,11,344
2025-03-31,P000014,LOC020,586,395.12,S0024,2025-03-01,11,344
2024-10-02,P000015,LOC001,811,561.53,S0025,2024-09-04,11,337
2024-11-01,P000015,LOC001,870,550.54,S0025,2024-10-08,11,337
2024-12-01,P000015,LOC001,960,579.33,S0025,2024-11-10,11,337
2024-12-31,P000015,LOC001,947,564.59,S0025,2024-12-16,11,337
2025-01-30,P000015,LOC001,963,553.08,S0025,2025-01-14,11,337
2025-03-01,P000015,LOC001,953,565.83,S0025,2025-02-13,11,337
2025-03-31,P000015,LOC001,957,551.97,S0025,2025-03-07,11,337
2024-10-02,P000015,LOC002,917,541.0,S0025,2024-09-21,11,337
2024-11-01,P000015,LOC002,942,543.55,S0025,2024-10-19,11,337
2024-12-01,P000015,LOC002,939,534.53,S0025,2024-11-22,11,337
2024-12-31,P000015,LOC002,911,549.79,S0025,2024-12-29,11,337
2025-01-30,P000015,LOC002,1005,577.86,S0025,2025-01-25,11,337
2025-03-01,P000015,LOC002,961,541.8,S0025,2025-02-02,11,337
2025-03-31,P000015,LOC002,1061,557.61,S0025,2025-03-13,11,337
2024-10-02,P000015,LOC003,876,576.45,S0025,2024-09-24,11,337
2024-11-01,P000015,LOC003,827,534.22,S0025,2024-10-22,11,337
2024-12-01,P000015,LOC003,787,546.46,S0025,2024-11-29,11,337
2024-12-31,P000015,LOC003,883,555.0,S0025,2024-12-19,11,337
2025-01-30,P000015,LOC003,906,565.63,S0025,2025-01-21,11,337
2025-03-01,P000015,LOC003,929,568.7,S0025,2025-02-06,11,337
2025-03-31,P000015,LOC003,937,581.05,S0025,2025-03-14,11,337
2024-10-02,P000015,LOC004,925,569.72,S0025,2024-09-15,11,337
2024-11-01,P000015,LOC004,972,561.76,S0025,2024-10-31,11,337
2024-12-01,P000015,LOC004,994,530.97,S0025,2024-11-11,11,337
2024-12-31,P000015,LOC004,945,564.92,S0025,2024-12-12,11,337
2025-01-30,P000015,LOC004,954,559.13,S0025,2025-01-14,11,337
2025-03-01,P000015,LOC004,959,559.11,S0025,2025-02-25,11,337
2025-03-31,P000015,LOC004,964,536.08,S0025,2025-03-05,11,337
2024-10-02,P000015,LOC005,830,535.14,S0025,2024-09-11,11,337
2024-11-01,P000015,LOC005,781,540.74,S0025,2024-10-24,11,337
2024-12-01,P000015,LOC005,813,581.36,S0025,2024-11-16,11,337
2024-12-31,P000015,LOC005,794,576.99,S0025,2024-12-25,11,337
2025-01-30,P000015,LOC005,804,555.78,S0025,2025-01-15,11,337
2025-03-01,P000015,LOC005,834,542.98,S0025,2025-02-13,11,337
2025-03-31,P000015,LOC005,855,572.52,S0025,2025-03-29,11,337
2024-10-02,P000015,LOC006,850,545.01,S0025,2024-09-06,11,337
2024-11-01,P000015,LOC006,923,576.86,S0025,2024-10-05,11,337
2024-12-01,P000015,LOC006,959,542.37,S0025,2024-11-28,11,337
2024-12-31,P000015,LOC006,969,540.54,S0025,2024-12-28,11,337
2025-01-30,P000015,LOC006,996,536.93,S0025,2025-01-07,11,337
2025-03-01,P000015,LOC006,1059,578.22,S0025,2025-02-28,11,337
2025-03-31,P000015,LOC006,1156,575.81,S0025,2025-03-25,11,337
2024-10-02,P000015,LOC007,843,548.71,S0025,2024-09-26,11,337
2024-11-01,P000015,LOC007,867,532.03,S0025,2024-10-30,11,337
2024-12-01,P000015,LOC007,909,570.49,S0025,2024-11-18,11,337
2024-12-31,P000015,LOC007,894,581.64,S0025,2024-12-17,11,337
2025-01-30,P000015,LOC007,855,530.97,S0025,2025-01-12,11,337
2025-03-01,P000015,LOC007,827,534.57,S0025,2025-02-01,11,337
2025-03-31,P000015,LOC007,870,530.9,S0025,2025-03-19,11,337
2024-10-02,P000015,LOC008,857,557.04,S0025,2024-09-02,11,337
2024-11-01,P000015,LOC008,916,541.84,S0025,2024-10-21,11,337
2024-12-01,P000015,LOC008,947,581.6,S0025,2024-11-05,11,337
2024-12-31,P000015,LOC008,913,565.58,S0025,2024-12-21,11,337
2025-01-30,P000015,LOC008,928,567.51,S0025,2025-01-02,11,337
2025-03-01,P000015,LOC008,924,530.95,S0025,2025-02-03,11,337
2025-03-31,P000015,LOC008,987,582.57,S0025,2025-03-18,11,337
2024-10-02,P000015,LOC009,813,541.15,S0025,2024-09-28,11,337
2024-11-01,P000015,LOC009,844,556.66,S0025,2024-10-31,11,337
2024-12-01,P000015,LOC009,867,546.48,S0025,2024-11-27,11,337
2024-12-31,P000015,LOC009,954,580.77,S0025,2024-12-10,11,337
2025-01-30,P000015,LOC009,953,574.8,S0025,2025-01-21,11,337
2025-03-01,P000015,LOC009,1016,546.21,S0025,2025-01-31,11,337
2025-03-31,P000015,LOC009,998,531.72,S0025,2025-03-11,11,337
2024-10-02,P000015,LOC010,835,544.49,S0025,2024-09-30,11,337
2024-11-01,P000015,LOC010,795,530.31,S0025,2024-10-09,11,337
2024-12-01,P000015,LOC010,863,534.29,S0025,2024-11-13,11,337
2024-12-31,P000015,LOC010,896,558.92,S0025,2024-12-02,11,337
2025-01-30,P000015,LOC010,858,578.78,S0025,2025-01-09,11,337
2025-03-01,P000015,LOC010,886,541.33,S0025,2025-02-18,11,337
2025-03-31,P000015,LOC010,971,573.13,S0025,2025-03-22,11,337
2024-10-02,P000015,LOC011,853,571.33,S0025,2024-09-29,11,337
2024-11-01,P000015,LOC011,865,549.48,S0025,2024-10-06,11,337
2024-12-01,P000015,LOC011,889,559.06,S0025,2024-11-10,11,337
2024-12-31,P000015,LOC011,985,572.3,S0025,2024-12-13,11,337
2025-01-30,P000015,LOC011,936,581.59,S0025,2025-01-13,11,337
2025-03-01,P000015,LOC011,1012,553.69,S0025,2025-02-05,11,337
2025-03-31,P000015,LOC011,1067,533.68,S0025,2025-03-16,11,337
2024-10-02,P000015,LOC012,842,541.86,S0025,2024-09-12,11,337
2024-11-01,P000015,LOC012,920,565.77,S0025,2024-10-30,11,337
2024-12-01,P000015,LOC012,994,548.45,S0025,2024-11-14,11,337
2024-12-31,P000015,LOC012,1018,580.55,S0025,2024-12-10,11,337
2025-01-30,P000015,LOC012,1108,569.85,S0025,2025-01-16,11,337
2025-03-01,P000015,LOC012,1174,566.8,S0025,2025-01-30,11,337
2025-03-31,P000015,LOC012,1164,574.95,S0025,2025-03-18,11,337
2024-10-02,P000015,LOC013,837,538.69,S0025,2024-09-26,11,337
2024-11-01,P000015,LOC013,866,570.88,S0025,2024-10-31,11,337
2024-12-01,P000015,LOC013,816,583.07,S0025,2024-11-06,11,337
2024-12-31,P000015,LOC013,819,531.35,S0025,2024-12-09,11,337
2025-01-30,P000015,LOC013,876,550.46,S0025,2025-01-07,11,337
2025-03-01,P000015,LOC013,891,568.1,S0025,2025-02-21,11,337
2025-03-31,P000015,LOC013,946,580.69,S0025,2025-03-25,11,337
2024-10-02,P000015,LOC014,836,574.95,S0025,2024-09-16,11,337
2024-11-01,P000015,LOC014,899,558.18,S0025,2024-10-23,11,337
2024-12-01,P000015,LOC014,921,557.11,S0025,2024-11-15,11,337
2024-12-31,P000015,LOC014,944,563.42,S0025,2024-12-08,11,337
2025-01-30,P000015,LOC014,925,549.97,S0025,2025-01-22,11,337
2025-03-01,P000015,LOC014,927,562.75,S0025,2025-02-06,11,337
2025-03-31,P000015,LOC014,914,562.92,S0025,2025-03-25,11,337
2024-10-02,P000015,LOC015,822,579.74,S0025,2024-09-14,11,337
2024-11-01,P000015,LOC015,847,571.03,S0025,2024-10-08,11,337
2024-12-01,P000015,LOC015,806,562.92,S0025,2024-11-03,11,337
2024-12-31,P000015,LOC015,789,556.49,S0025,2024-12-17,11,337
2025-01-30,P000015,LOC015,783,574.7,S0025,2025-01-11,11,337
2025-03-01,P000015,LOC015,742,574.49,S0025,2025-02-01,11,337
2025-03-31,P000015,LOC015,717,581.35,S0025,2025-03-23,11,337
2024-10-02,P000015,LOC016,936,583.95,S0025,2024-09-02,11,337
2024-11-01,P000015,LOC016,1005,584.49,S0025,2024-10-31,11,337
2024-12-01,P000015,LOC016,1086,565.86,S0025,2024-11-19,11,337
2024-12-31,P000015,LOC016,1159,581.77,S0025,2024-12-09,11,337
2025-01-30,P000015,LOC016,1251,531.83,S0025,2025-01-11,11,337
2025-03-01,P000015,LOC016,1318,554.36,S0025,2025-02-05,11,337
2025-03-31,P000015,LOC016,1336,579.04,S0025,2025-03-29,11,337
2024-10-02,P000015,LOC017,809,577.43,S0025,2024-09-14,11,337
2024-11-01,P000015,LOC017,877,584.05,S0025,2024-10-19,11,337
2024-12-01,P000015,LOC017,971,552.86,S0025,2024-11-06,11,337
2024-12-31,P000015,LOC017,1039,554.2,S0025,2024-12-29,11,337
2025-01-30,P000015,LOC017,1010,543.8,S0025,2025-01-07,11,337
2025-03-01,P000015,LOC017,1029,576.55,S0025,2025-02-04,11,337
2025-03-31,P000015,LOC017,1020,530.47,S0025,2025-03-02,11,337
2024-10-02,P000015,LOC018,865,535.82,S0025,2024-09-14,11,337
2024-11-01,P000015,LOC018,935,573.89,S0025,2024-10-22,11,337
2024-12-01,P000015,LOC018,971,530.08,S0025,2024-11-27,11,337
2024-12-31,P000015,LOC018,933,572.2,S0025,2024-12-21,11,337
2025-01-30,P000015,LOC018,906,533.16,S0025,2025-01-23,11,337
2025-03-01,P000015,LOC018,865,540.96,S0025,2025-01-31,11,337
2025-03-31,P000015,LOC018,950,564.61,S0025,2025-03-01,11,337
2024-10-02,P000015,LOC019,868,531.33,S0025,2024-09-24,11,337
2024-11-01,P000015,LOC019,829,559.3,S0025,2024-10-03,11,337
2024-12-01,P000015,LOC019,878,569.64,S0025,2024-11-05,11,337
2024-12-31,P000015,LOC019,832,566.27,S0025,2024-12-03,11,337
2025-01-30,P000015,LOC019,822,534.04,S0025,2025-01-25,11,337
2025-03-01,P000015,LOC019,827,569.93,S0025,2025-02-13,11,337
2025-03-31,P000015,LOC019,808,557.12,S0025,2025-03-09,11,337
2024-10-02,P000015,LOC020,916,552.05,S0025,2024-09-24,11,337
2024-11-01,P000015,LOC020,1016,539.48,S0025,2024-10-06,11,337
2024-12-01,P000015,LOC020,1101,572.91,S0025,2024-11-29,11,337
2024-12-31,P000015,LOC020,1143,545.39,S0025,2024-12-07,11,337
2025-01-30,P000015,LOC020,1231,557.33,S0025,2025-01-24,11,337
2025-03-01,P000015,LOC020,1219,537.87,S0025,2025-01-31,11,337
2025-03-31,P000015,LOC020,1306,552.74,S0025,2025-03-01,11,337
2024-10-02,P000016,LOC001,259,62.04,S0019,2024-09-29,25,956
2024-11-01,P000016,LOC001,222,57.23,S0019,2024-10-24,25,956
2024-12-01,P000016,LOC001,223,61.6,S0019,2024-11-18,25,956
2024-12-31,P000016,LOC001,303,58.69,S0019,2024-12-11,25,956
2025-01-30,P000016,LOC001,285,61.08,S0019,2025-01-24,25,956
2025-03-01,P000016,LOC001,324,58.46,S0019,2025-02-27,25,956
2025-03-31,P000016,LOC001,349,61.09,S0019,2025-03-01,25,956
2024-10-02,P000016,LOC002,201,60.47,S0019,2024-09-17,25,956
2024-11-01,P000016,LOC002,247,62.36,S0019,2024-10-25,25,956
2024-12-01,P000016,LOC002,310,60.22,S0019,2024-11-21,25,956
2024-12-31,P000016,LOC002,336,61.16,S0019,2024-12-06,25,956
2025-01-30,P000016,LOC002,331,57.67,S0019,2025-01-17,25,956
2025-03-01,P000016,LOC002,354,57.14,S0019,2025-02-27,25,956
2025-03-31,P000016,LOC002,361,59.14,S0019,2025-03-24,25,956
2024-10-02,P000016,LOC003,216,61.12,S0019,2024-09-21,25,956
2024-11-01,P000016,LOC003,201,57.19,S0019,2024-10-06,25,956
2024-12-01,P000016,LOC003,230,59.42,S0019,2024-11-29,25,956
2024-12-31,P000016,LOC003,263,59.3,S0019,2024-12-21,25,956
2025-01-30,P000016,LOC003,264,59.76,S0019,2025-01-15,25,956
2025-03-01,P000016,LOC003,357,59.0,S0019,2025-02-22,25,956
2025-03-31,P000016,LOC003,394,58.44,S0019,2025-03-29,25,956
2024-10-02,P000016,LOC004,214,61.0,S0019,2024-09-02,25,956
2024-11-01,P000016,LOC004,279,62.46,S0019,2024-10-16,25,956
2024-12-01,P000016,LOC004,282,57.09,S0019,2024-11-07,25,956
2024-12-31,P000016,LOC004,275,58.79,S0019,2024-12-20,25,956
2025-01-30,P000016,LOC004,365,59.96,S0019,2025-01-28,25,956
2025-03-01,P000016,LOC004,356,60.58,S0019,2025-02-23,25,956
2025-03-31,P000016,LOC004,314,57.0,S0019,2025-03-16,25,956
2024-10-02,P000016,LOC005,171,58.42,S0019,2024-09-21,25,956
2024-11-01,P000016,LOC005,261,58.73,S0019,2024-10-10,25,956
2024-12-01,P000016,LOC005,342,60.99,S0019,2024-11-04,25,956
2024-12-31,P000016,LOC005,354,60.52,S0019,2024-12-16,25,956
2025-01-30,P000016,LOC005,332,61.4,S0019,2025-01-13,25,956
2025-03-01,P000016,LOC005,292,59.93,S0019,2025-01-30,25,956
2025-03-31,P000016,LOC005,295,62.43,S0019,2025-03-16,25,956
2024-10-02,P000016,LOC006,297,58.65,S0019,2024-09-14,25,956
2024-11-01,P000016,LOC006,279,57.56,S0019,2024-10-03,25,956
2024-12-01,P000016,LOC006,297,59.8,S0019,2024-11-30,25,956
2024-12-31,P000016,LOC006,300,59.39,S0019,2024-12-20,25,956
2025-01-30,P000016,LOC006,288,61.08,S0019,2025-01-01,25,956
2025-03-01,P000016,LOC006,349,60.45,S0019,2025-02-16,25,956
2025-03-31,P000016,LOC006,437,61.55,S0019,2025-03-18,25,956
2024-10-02,P000016,LOC007,293,57.54,S0019,2024-09-14,25,956
2024-11-01,P000016,LOC007,245,61.1,S0019,2024-10-06,25,956
2024-12-01,P000016,LOC007,318,61.02,S0019,2024-11-28,25,956
2024-12-31,P000016,LOC007,396,60.34,S0019,2024-12-06,25,956
2025-01-30,P000016,LOC007,408,57.28,S0019,2024-12-31,25,956
2025-03-01,P000016,LOC007,430,59.18,S0019,2025-02-06,25,956
2025-03-31,P000016,LOC007,416,59.41,S0019,2025-03-14,25,956
2024-10-02,P000016,LOC008,295,61.59,S0019,2024-09-20,25,956
2024-11-01,P000016,LOC008,332,58.5,S0019,2024-10-29,25,956
2024-12-01,P000016,LOC008,383,61.81,S0019,2024-11-07,25,956
2024-12-31,P000016,LOC008,427,61.16,S0019,2024-12-19,25,956
2025-01-30,P000016,LOC008,463,60.74,S0019,2025-01-28,25,956
2025-03-01,P000016,LOC008,488,58.4,S0019,2025-02-01,25,956
2025-03-31,P000016,LOC008,479,58.86,S0019,2025-03-14,25,956
2024-10-02,P000016,LOC009,257,61.13,S0019,2024-09-10,25,956
2024-11-01,P000016,LOC009,253,56.95,S0019,2024-10-14,25,956
2024-12-01,P000016,LOC009,228,61.92,S0019,2024-11-15,25,956
2024-12-31,P000016,LOC009,267,61.33,S0019,2024-12-20,25,956
2025-01-30,P000016,LOC009,234,57.45,S0019,2025-01-01,25,956
2025-03-01,P000016,LOC009,227,61.2,S0019,2025-02-01,25,956
2025-03-31,P000016,LOC009,301,57.57,S0019,2025-03-24,25,956
2024-10-02,P000016,LOC010,208,58.84,S0019,2024-09-09,25,956
2024-11-01,P000016,LOC010,227,60.76,S0019,2024-10-02,25,956
2024-12-01,P000016,LOC010,178,57.85,S0019,2024-11-30,25,956
2024-12-31,P000016,LOC010,179,60.49,S0019,2024-12-18,25,956
2025-01-30,P000016,LOC010,149,59.49,S0019,2025-01-24,25,956
2025-03-01,P000016,LOC010,183,57.03,S0019,2025-02-26,25,956
2025-03-31,P000016,LOC010,141,58.17,S0019,2025-03-12,25,956
2024-10-02,P000016,LOC011,225,58.97,S0019,2024-10-01,25,956
2024-11-01,P000016,LOC011,273,62.38,S0019,2024-10-02,25,956
2024-12-01,P000016,LOC011,323,61.41,S0019,2024-11-06,25,956
2024-12-31,P000016,LOC011,349,61.84,S0019,2024-12-01,25,956
2025-01-30,P000016,LOC011,356,61.01,S0019,2025-01-23,25,956
2025-03-01,P000016,LOC011,351,59.97,S0019,2025-02-10,25,956
2025-03-31,P000016,LOC011,344,60.79,S0019,2025-03-22,25,956
2024-10-02,P000016,LOC012,271,56.81,S0019,2024-09-05,25,956
2024-11-01,P000016,LOC012,320,58.32,S0019,2024-10-10,25,956
2024-12-01,P000016,LOC012,412,61.37,S0019,2024-11-23,25,956
2024-12-31,P000016,LOC012,439,62.3,S0019,2024-12-21,25,956
2025-01-30,P000016,LOC012,468,59.53,S0019,2025-01-08,25,956
2025-03-01,P000016,LOC012,556,62.15,S0019,2025-02-16,25,956
2025-03-31,P000016,LOC012,624,59.49,S0019,2025-03-08,25,956
2024-10-02,P000016,LOC013,256,61.29,S0019,2024-09-26,25,956
2024-11-01,P000016,LOC013,298,59.18,S0019,2024-10-19,25,956
2024-12-01,P000016,LOC013,279,60.01,S0019,2024-11-15,25,956
2024-12-31,P000016,LOC013,335,62.17,S0019,2024-12-04,25,956
2025-01-30,P000016,LOC013,383,58.27,S0019,2025-01-01,25,956
2025-03-01,P000016,LOC013,432,58.16,S0019,2025-02-27,25,956
2025-03-31,P000016,LOC013,520,61.27,S0019,2025-03-12,25,956
2024-10-02,P000016,LOC014,183,58.75,S0019,2024-09-30,25,956
2024-11-01,P000016,LOC014,265,58.93,S0019,2024-10-20,25,956
2024-12-01,P000016,LOC014,218,60.88,S0019,2024-11-16,25,956
2024-12-31,P000016,LOC014,181,62.05,S0019,2024-12-10,25,956
2025-01-30,P000016,LOC014,259,57.31,S0019,2025-01-16,25,956
2025-03-01,P000016,LOC014,272,56.56,S0019,2025-01-31,25,956
2025-03-31,P000016,LOC014,368,59.26,S0019,2025-03-12,25,956
2024-10-02,P000016,LOC015,223,58.1,S0019,2024-09-26,25,956
2024-11-01,P000016,LOC015,311,56.58,S0019,2024-10-03,25,956
2024-12-01,P000016,LOC015,288,60.49,S0019,2024-11-21,25,956
2024-12-31,P000016,LOC015,293,57.17,S0019,2024-12-25,25,956
2025-01-30,P000016,LOC015,375,56.86,S0019,2024-12-31,25,956
2025-03-01,P000016,LOC015,468,58.06,S0019,2025-02-13,25,956
2025-03-31,P000016,LOC015,471,58.71,S0019,2025-03-17,25,956
2024-10-02,P000016,LOC016,169,56.7,S0019,2024-09-02,25,956
2024-11-01,P000016,LOC016,205,60.12,S0019,2024-10-30,25,956
2024-12-01,P000016,LOC016,182,58.72,S0019,2024-11-01,25,956
2024-12-31,P000016,LOC016,248,59.81,S0019,2024-12-10,25,956
2025-01-30,P000016,LOC016,321,58.89,S0019,2025-01-06,25,956
2025-03-01,P000016,LOC016,303,59.74,S0019,2025-02-01,25,956
2025-03-31,P000016,LOC016,258,60.18,S0019,2025-03-20,25,956
2024-10-02,P000016,LOC017,265,59.72,S0019,2024-09-26,25,956
2024-11-01,P000016,LOC017,334,57.72,S0019,2024-10-29,25,956
2024-12-01,P000016,LOC017,423,61.68,S0019,2024-11-13,25,956
2024-12-31,P000016,LOC017,486,60.4,S0019,2024-12-02,25,956
2025-01-30,P000016,LOC017,562,60.58,S0019,2025-01-10,25,956
2025-03-01,P000016,LOC017,611,59.14,S0019,2025-02-13,25,956
2025-03-31,P000016,LOC017,606,61.93,S0019,2025-03-06,25,956
2024-10-02,P000016,LOC018,224,62.23,S0019,2024-09-25,25,956
2024-11-01,P000016,LOC018,286,61.36,S0019,2024-10-14,25,956
2024-12-01,P000016,LOC018,357,56.81,S0019,2024-11-11,25,956
2024-12-31,P000016,LOC018,378,59.22,S0019,2024-12-16,25,956
2025-01-30,P000016,LOC018,366,59.16,S0019,2025-01-06,25,956
2025-03-01,P000016,LOC018,461,57.7,S0019,2025-02-02,25,956
2025-03-31,P000016,LOC018,535,61.54,S0019,2025-03-12,25,956
2024-10-02,P000016,LOC019,313,61.2,S0019,2024-09-05,25,956
2024-11-01,P000016,LOC019,380,60.82,S0019,2024-10-12,25,956
2024-12-01,P000016,LOC019,478,56.74,S0019,2024-11-20,25,956
2024-12-31,P000016,LOC019,449,57.85,S0019,2024-12-29,25,956
2025-01-30,P000016,LOC019,520,58.91,S0019,2025-01-14,25,956
2025-03-01,P000016,LOC019,618,62.24,S0019,2025-02-08,25,956
2025-03-31,P000016,LOC019,674,57.42,S0019,2025-03-30,25,956
2024-10-02,P000016,LOC020,294,61.08,S0019,2024-09-12,25,956
2024-11-01,P000016,LOC020,291,58.01,S0019,2024-10-08,25,956
2024-12-01,P000016,LOC020,247,60.82,S0019,2024-11-14,25,956
2024-12-31,P000016,LOC020,342,57.3,S0019,2024-12-09,25,956
2025-01-30,P000016,LOC020,438,61.25,S0019,2024-12-31,25,956
2025-03-01,P000016,LOC020,462,60.47,S0019,2025-02-09,25,956
2025-03-31,P000016,LOC020,480,61.38,S0019,2025-03-26,25,956
2024-10-02,P000017,LOC001,372,259.78,S0023,2024-09-27,33,210
2024-11-01,P000017,LOC001,357,251.82,S0023,2024-10-09,33,210
2024-12-01,P000017,LOC001,347,260.37,S0023,2024-11-03,33,210
2024-12-31,P000017,LOC001,297,264.37,S0023,2024-12-09,33,210
2025-01-30,P000017,LOC001,259,261.78,S0023,2025-01-12,33,210
2025-03-01,P000017,LOC001,259,255.99,S0023,2025-02-28,33,210
2025-03-31,P000017,LOC001,309,267.05,S0023,2025-03-07,33,210
2024-10-02,P000017,LOC002,306,244.49,S0023,2024-09-04,33,210
2024-11-01,P000017,LOC002,306,244.83,S0023,2024-10-11,33,210
2024-12-01,P000017,LOC002,317,262.93,S0023,2024-11-25,33,210
2024-12-31,P000017,LOC002,327,255.25,S0023,2024-12-08,33,210
2025-01-30,P000017,LOC002,402,264.92,S0023,2025-01-27,33,210
2025-03-01,P000017,LOC002,403,261.97,S0023,2025-02-07,33,210
2025-03-31,P000017,LOC002,407,244.32,S0023,2025-03-16,33,210
2024-10-02,P000017,LOC003,344,248.84,S0023,2024-09-18,33,210
2024-11-01,P000017,LOC003,381,258.99,S0023,2024-10-30,33,210
2024-12-01,P000017,LOC003,360,259.06,S0023,2024-11-07,33,210
2024-12-31,P000017,LOC003,375,261.19,S0023,2024-12-08,33,210
2025-01-30,P000017,LOC003,401,269.31,S0023,2025-01-16,33,210
2025-03-01,P000017,LOC003,480,245.65,S0023,2025-01-30,33,210
2025-03-31,P000017,LOC003,430,269.16,S0023,2025-03-28,33,210
2024-10-02,P000017,LOC004,352,251.61,S0023,2024-09-13,33,210
2024-11-01,P000017,LOC004,449,253.73,S0023,2024-10-16,33,210
2024-12-01,P000017,LOC004,480,248.95,S0023,2024-11-23,33,210
2024-12-31,P000017,LOC004,501,265.21,S0023,2024-12-26,33,210
2025-01-30,P000017,LOC004,592,254.57,S0023,2025-01-01,33,210
2025-03-01,P000017,LOC004,559,253.35,S0023,2025-02-15,33,210
2025-03-31,P000017,LOC004,610,260.03,S0023,2025-03-20,33,210
2024-10-02,P000017,LOC005,324,263.6,S0023,2024-09-26,33,210
2024-11-01,P000017,LOC005,297,267.0,S0023,2024-10-25,33,210
2024-12-01,P000017,LOC005,307,255.62,S0023,2024-11-18,33,210
2024-12-31,P000017,LOC005,352,265.2,S0023,2024-12-29,33,210
2025-01-30,P000017,LOC005,419,263.48,S0023,2025-01-02,33,210
2025-03-01,P000017,LOC005,474,246.7,S0023,2025-02-15,33,210
2025-03-31,P000017,LOC005,469,255.78,S0023,2025-03-10,33,210
2024-10-02,P000017,LOC006,409,261.03,S0023,2024-09-21,33,210
2024-11-01,P000017,LOC006,472,261.16,S0023,2024-10-16,33,210
2024-12-01,P000017,LOC006,443,248.27,S0023,2024-11-11,33,210
2024-12-31,P000017,LOC006,399,245.79,S0023,2024-12-28,33,210
2025-01-30,P000017,LOC006,390,265.55,S0023,2025-01-24,33,210
2025-03-01,P000017,LOC006,458,259.3,S0023,2025-02-28,33,210
2025-03-31,P000017,LOC006,427,264.23,S0023,2025-03-07,33,210
2024-10-02,P000017,LOC007,304,252.85,S0023,2024-09-11,33,210
2024-11-01,P000017,LOC007,315,260.49,S0023,2024-10-30,33,210
2024-12-01,P000017,LOC007,273,255.13,S0023,2024-11-12,33,210
2024-12-31,P000017,LOC007,339,253.42,S0023,2024-12-30,33,210
2025-01-30,P000017,LOC007,408,244.32,S0023,2025-01-27,33,210
2025-03-01,P000017,LOC007,405,255.74,S0023,2025-02-05,33,210
2025-03-31,P000017,LOC007,478,250.33,S0023,2025-03-04,33,210
2024-10-02,P000017,LOC008,329,260.76,S0023,2024-09-07,33,210
2024-11-01,P000017,LOC008,307,266.41,S0023,2024-10-18,33,210
2024-12-01,P000017,LOC008,313,245.84,S0023,2024-11-28,33,210
2024-12-31,P000017,LOC008,289,245.01,S0023,2024-12-05,33,210
2025-01-30,P000017,LOC008,359,259.97,S0023,2025-01-23,33,210
2025-03-01,P000017,LOC008,334,253.77,S0023,2025-02-06,33,210
2025-03-31,P000017,LOC008,387,254.72,S0023,2025-03-26,33,210
2024-10-02,P000017,LOC009,386,244.28,S0023,2024-09-24,33,210
2024-11-01,P000017,LOC009,454,264.8,S0023,2024-10-24,33,210
2024-12-01,P000017,LOC009,532,267.34,S0023,2024-11-26,33,210
2024-12-31,P000017,LOC009,564,260.74,S0023,2024-12-02,33,210
2025-01-30,P000017,LOC009,620,247.43,S0023,2025-01-27,33,210
2025-03-01,P000017,LOC009,642,249.05,S0023,2025-02-17,33,210
2025-03-31,P000017,LOC009,641,257.72,S0023,2025-03-22,33,210
2024-10-02,P000017,LOC010,282,261.05,S0023,2024-09-18,33,210
2024-11-01,P000017,LOC010,376,268.92,S0023,2024-10-15,33,210
2024-12-01,P000017,LOC010,431,265.06,S0023,2024-11-17,33,210
2024-12-31,P000017,LOC010,387,268.05,S0023,2024-12-19,33,210
2025-01-30,P000017,LOC010,371,259.64,S0023,2025-01-24,33,210
2025-03-01,P000017,LOC010,422,268.97,S0023,2025-02-08,33,210
2025-03-31,P000017,LOC010,438,249.09,S0023,2025-03-01,33,210
2024-10-02,P000017,LOC011,344,256.9,S0023,2024-09-26,33,210
2024-11-01,P000017,LOC011,411,248.91,S0023,2024-10-28,33,210
2024-12-01,P000017,LOC011,441,258.05,S0023,2024-11-12,33,210
2024-12-31,P000017,LOC011,527,259.38,S0023,2024-12-01,33,210
2025-01-30,P000017,LOC011,497,252.84,S0023,2025-01-11,33,210
2025-03-01,P000017,LOC011,464,250.81,S0023,2025-02-18,33,210
2025-03-31,P000017,LOC011,510,244.85,S0023,2025-03-30,33,210
2024-10-02,P000017,LOC012,332,263.26,S0023,2024-09-07,33,210
2024-11-01,P000017,LOC012,327,260.98,S0023,2024-10-22,33,210
2024-12-01,P000017,LOC012,338,244.48,S0023,2024-11-11,33,210
2024-12-31,P000017,LOC012,302,268.65,S0023,2024-12-20,33,210
2025-01-30,P000017,LOC012,285,260.74,S0023,2025-01-06,33,210
2025-03-01,P000017,LOC012,310,257.26,S0023,2025-02-21,33,210
2025-03-31,P000017,LOC012,371,263.6,S0023,2025-03-30,33,210
2024-10-02,P000017,LOC013,334,266.26,S0023,2024-09-13,33,210
2024-11-01,P000017,LOC013,342,247.17,S0023,2024-10-24,33,210
2024-12-01,P000017,LOC013,302,248.56,S0023,2024-11-14,33,210
2024-12-31,P000017,LOC013,356,254.63,S0023,2024-12-22,33,210
2025-01-30,P000017,LOC013,392,249.28,S0023,2025-01-24,33,210
2025-03-01,P000017,LOC013,354,258.7,S0023,2025-02-06,33,210
2025-03-31,P000017,LOC013,431,264.92,S0023,2025-03-12,33,210
2024-10-02,P000017,LOC014,367,244.17,S0023,2024-09-11,33,210
2024-11-01,P000017,LOC014,371,250.61,S0023,2024-10-19,33,210
2024-12-01,P000017,LOC014,470,249.21,S0023,2024-11-17,33,210
2024-12-31,P000017,LOC014,553,249.92,S0023,2024-12-26,33,210
2025-01-30,P000017,LOC014,524,258.76,S0023,2025-01-18,33,210
2025-03-01,P000017,LOC014,550,247.65,S0023,2025-02-04,33,210
2025-03-31,P000017,LOC014,642,262.91,S0023,2025-03-23,33,210
2024-10-02,P000017,LOC015,325,268.09,S0023,2024-09-11,33,210
2024-11-01,P000017,LOC015,372,252.39,S0023,2024-10-10,33,210
2024-12-01,P000017,LOC015,441,246.23,S0023,2024-11-21,33,210
2024-12-31,P000017,LOC015,528,262.85,S0023,2024-12-01,33,210
2025-01-30,P000017,LOC015,525,261.15,S0023,2025-01-03,33,210
2025-03-01,P000017,LOC015,539,247.46,S0023,2025-02-01,33,210
2025-03-31,P000017,LOC015,515,246.23,S0023,2025-03-23,33,210
2024-10-02,P000017,LOC016,322,262.59,S0023,2024-09-06,33,210
2024-11-01,P000017,LOC016,368,261.5,S0023,2024-10-23,33,210
2024-12-01,P000017,LOC016,324,262.68,S0023,2024-11-16,33,210
2024-12-31,P000017,LOC016,412,259.7,S0023,2024-12-12,33,210
2025-01-30,P000017,LOC016,483,244.78,S0023,2025-01-11,33,210
2025-03-01,P000017,LOC016,454,261.95,S0023,2025-02-08,33,210
2025-03-31,P000017,LOC016,525,254.73,S0023,2025-03-02,33,210
2024-10-02,P000017,LOC017,274,264.58,S0023,2024-09-23,33,210
2024-11-01,P000017,LOC017,300,261.94,S0023,2024-10-13,33,210
2024-12-01,P000017,LOC017,376,251.62,S0023,2024-11-26,33,210
2024-12-31,P000017,LOC017,403,252.36,S0023,2024-12-21,33,210
2025-01-30,P000017,LOC017,372,262.94,S0023,2025-01-27,33,210
2025-03-01,P000017,LOC017,426,250.79,S0023,2025-01-30,33,210
2025-03-31,P000017,LOC017,393,250.32,S0023,2025-03-25,33,210
2024-10-02,P000017,LOC018,277,252.74,S0023,2024-09-03,33,210
2024-11-01,P000017,LOC018,348,268.43,S0023,2024-10-30,33,210
2024-12-01,P000017,LOC018,414,269.33,S0023,2024-11-03,33,210
2024-12-31,P000017,LOC018,428,257.28,S0023,2024-12-27,33,210
2025-01-30,P000017,LOC018,485,262.77,S0023,2025-01-13,33,210
2025-03-01,P000017,LOC018,538,263.14,S0023,2025-02-09,33,210
2025-03-31,P000017,LOC018,574,244.63,S0023,2025-03-12,33,210
2024-10-02,P000017,LOC019,306,256.97,S0023,2024-09-25,33,210
2024-11-01,P000017,LOC019,392,250.44,S0023,2024-10-07,33,210
2024-12-01,P000017,LOC019,452,264.83,S0023,2024-11-28,33,210
2024-12-31,P000017,LOC019,505,263.06,S0023,2024-12-02,33,210
2025-01-30,P000017,LOC019,541,261.04,S0023,2025-01-04,33,210
2025-03-01,P000017,LOC019,636,264.45,S0023,2025-02-26,33,210
2025-03-31,P000017,LOC019,716,249.5,S0023,2025-03-02,33,210
2024-10-02,P000017,LOC020,348,258.4,S0023,2024-09-08,33,210
2024-11-01,P000017,LOC020,426,247.0,S0023,2024-10-23,33,210
2024-12-01,P000017,LOC020,420,257.15,S0023,2024-11-23,33,210
2024-12-31,P000017,LOC020,431,253.08,S0023,2024-12-08,33,210
2025-01-30,P000017,LOC020,418,249.39,S0023,2025-01-26,33,210
2025-03-01,P000017,LOC020,459,244.12,S0023,2025-02-15,33,210
2025-03-31,P000017,LOC020,557,255.16,S0023,2025-03-12,33,210
2024-10-02,P000018,LOC001,279,163.75,S0013,2024-09-12,40,164
2024-11-01,P000018,LOC001,335,164.08,S0013,2024-10-18,40,164
2024-12-01,P000018,LOC001,301,167.0,S0013,2024-11-08,40,164
2024-12-31,P000018,LOC001,365,161.5,S0013,2024-12-02,40,164
2025-01-30,P000018,LOC001,394,160.84,S0013,2025-01-16,40,164
2025-03-01,P000018,LOC001,418,169.97,S0013,2025-02-06,40,164
2025-03-31,P000018,LOC001,473,164.44,S0013,2025-03-10,40,164
2024-10-02,P000018,LOC002,337,168.26,S0013,2024-09-06,40,164
2024-11-01,P000018,LOC002,305,159.1,S0013,2024-10-21,40,164
2024-12-01,P000018,LOC002,338,164.59,S0013,2024-11-15,40,164
2024-12-31,P000018,LOC002,306,163.87,S0013,2024-12-19,40,164
2025-01-30,P000018,LOC002,353,163.51,S0013,2025-01-15,40,164
2025-03-01,P000018,LOC002,433,156.89,S0013,2025-02-08,40,164
2025-03-31,P000018,LOC002,396,169.57,S0013,2025-03-22,40,164
2024-10-02,P000018,LOC003,381,168.38,S0013,2024-09-06,40,164
2024-11-01,P000018,LOC003,436,162.36,S0013,2024-10-12,40,164
2024-12-01,P000018,LOC003,389,158.86,S0013,2024-11-17,40,164
2024-12-31,P000018,LOC003,416,157.88,S0013,2024-12-01,40,164
2025-01-30,P000018,LOC003,366,157.96,S0013,2025-01-11,40,164
2025-03-01,P000018,LOC003,405,156.65,S0013,2025-02-27,40,164
2025-03-31,P000018,LOC003,475,167.59,S0013,2025-03-12,40,164
2024-10-02,P000018,LOC004,308,155.11,S0013,2024-09-22,40,164
2024-11-01,P000018,LOC004,275,166.37,S0013,2024-10-27,40,164
2024-12-01,P000018,LOC004,314,167.63,S0013,2024-11-27,40,164
2024-12-31,P000018,LOC004,292,159.8,S0013,2024-12-14,40,164
2025-01-30,P000018,LOC004,316,162.9,S0013,2025-01-10,40,164
2025-03-01,P000018,LOC004,408,161.12,S0013,2025-02-23,40,164
2025-03-31,P000018,LOC004,426,165.56,S0013,2025-03-12,40,164
2024-10-02,P000018,LOC005,294,159.38,S0013,2024-09-30,40,164
2024-11-01,P000018,LOC005,341,161.05,S0013,2024-10-06,40,164
2024-12-01,P000018,LOC005,296,161.37,S0013,2024-11-15,40,164
2024-12-31,P000018,LOC005,353,171.12,S0013,2024-12-06,40,164
2025-01-30,P000018,LOC005,437,169.7,S0013,2025-01-29,40,164
2025-03-01,P000018,LOC005,525,157.53,S0013,2025-02-15,40,164
2025-03-31,P000018,LOC005,599,165.33,S0013,2025-03-20,40,164
2024-10-02,P000018,LOC006,385,159.65,S0013,2024-09-12,40,164
2024-11-01,P000018,LOC006,397,162.95,S0013,2024-10-27,40,164
2024-12-01,P000018,LOC006,420,157.78,S0013,2024-11-08,40,164
2024-12-31,P000018,LOC006,499,160.81,S0013,2024-12-05,40,164
2025-01-30,P000018,LOC006,583,156.81,S0013,2025-01-23,40,164
2025-03-01,P000018,LOC006,603,168.16,S0013,2025-02-08,40,164
2025-03-31,P000018,LOC006,674,165.6,S0013,2025-03-18,40,164
2024-10-02,P000018,LOC007,400,159.5,S0013,2024-09-27,40,164
2024-11-01,P000018,LOC007,390,165.08,S0013,2024-10-13,40,164
2024-12-01,P000018,LOC007,398,164.72,S0013,2024-11-13,40,164
2024-12-31,P000018,LOC007,480,156.04,S0013,2024-12-02,40,164
2025-01-30,P000018,LOC007,435,164.1,S0013,2025-01-28,40,164
2025-03-01,P000018,LOC007,526,169.59,S0013,2025-02-04,40,164
2025-03-31,P000018,LOC007,514,163.71,S0013,2025-03-28,40,164
2024-10-02,P000018,LOC008,368,164.54,S0013,2024-09-04,40,164
2024-11-01,P000018,LOC008,393,168.62,S0013,2024-10-13,40,164
2024-12-01,P000018,LOC008,346,157.68,S0013,2024-11-11,40,164
2024-12-31,P000018,LOC008,401,157.7,S0013,2024-12-10,40,164
2025-01-30,P000018,LOC008,426,161.53,S0013,2025-01-14,40,164
2025-03-01,P000018,LOC008,428,166.9,S0013,2025-02-12,40,164
2025-03-31,P000018,LOC008,448,157.96,S0013,2025-03-07,40,164
2024-10-02,P000018,LOC009,280,156.95,S0013,2024-09-23,40,164
2024-11-01,P000018,LOC009,324,168.83,S0013,2024-10-09,40,164
2024-12-01,P000018,LOC009,369,156.71,S0013,2024-11-04,40,164
2024-12-31,P000018,LOC009,403,165.18,S0013,2024-12-24,40,164
2025-01-30,P000018,LOC009,423,169.01,S0013,2025-01-25,40,164
2025-03-01,P000018,LOC009,429,159.62,S0013,2025-02-28,40,164
2025-03-31,P000018,LOC009,401,168.53,S0013,2025-03-29,40,164
2024-10-02,P000018,LOC010,287,157.86,S0013,2024-09-17,40,164
2024-11-01,P000018,LOC010,323,165.03,S0013,2024-10-22,40,164
2024-12-01,P000018,LOC010,407,168.65,S0013,2024-11-07,40,164
2024-12-31,P000018,LOC010,450,161.91,S0013,2024-12-13,40,164
2025-01-30,P000018,LOC010,419,157.45,S0013,2025-01-22,40,164
2025-03-01,P000018,LOC010,461,155.72,S0013,2025-02-06,40,164
2025-03-31,P000018,LOC010,536,162.74,S0013,2025-03-13,40,164
2024-10-02,P000018,LOC011,322,169.83,S0013,2024-09-14,40,164
2024-11-01,P000018,LOC011,377,157.63,S0013,2024-10-06,40,164
2024-12-01,P000018,LOC011,440,155.42,S0013,2024-11-28,40,164
2024-12-31,P000018,LOC011,487,156.66,S0013,2024-12-29,40,164
2025-01-30,P000018,LOC011,482,167.88,S0013,2024-12-31,40,164
2025-03-01,P000018,LOC011,512,170.45,S0013,2025-02-08,40,164
2025-03-31,P000018,LOC011,547,157.72,S0013,2025-03-04,40,164
2024-10-02,P000018,LOC012,417,169.07,S0013,2024-09-13,40,164
2024-11-01,P000018,LOC012,455,155.32,S0013,2024-10-27,40,164
2024-12-01,P000018,LOC012,555,161.38,S0013,2024-11-09,40,164
2024-12-31,P000018,LOC012,577,163.81,S0013,2024-12-18,40,164
2025-01-30,P000018,LOC012,577,157.69,S0013,2025-01-13,40,164
2025-03-01,P000018,LOC012,582,164.16,S0013,2025-02-06,40,164
2025-03-31,P000018,LOC012,572,168.63,S0013,2025-03-14,40,164
2024-10-02,P000018,LOC013,413,166.93,S0013,2024-09-08,40,164
2024-11-01,P000018,LOC013,453,157.46,S0013,2024-10-30,40,164
2024-12-01,P000018,LOC013,536,162.41,S0013,2024-11-03,40,164
2024-12-31,P000018,LOC013,530,157.96,S0013,2024-12-26,40,164
2025-01-30,P000018,LOC013,594,159.71,S0013,2025-01-01,40,164
2025-03-01,P000018,LOC013,673,163.27,S0013,2025-02-06,40,164
2025-03-31,P000018,LOC013,627,163.81,S0013,2025-03-28,40,164
2024-10-02,P000018,LOC014,392,170.45,S0013,2024-09-21,40,164
2024-11-01,P000018,LOC014,463,154.99,S0013,2024-10-26,40,164
2024-12-01,P000018,LOC014,555,164.97,S0013,2024-11-09,40,164
2024-12-31,P000018,LOC014,550,159.05,S0013,2024-12-12,40,164
2025-01-30,P000018,LOC014,618,162.59,S0013,2025-01-24,40,164
2025-03-01,P000018,LOC014,689,162.92,S0013,2025-02-07,40,164
2025-03-31,P000018,LOC014,713,170.3,S0013,2025-03-29,40,164
2024-10-02,P000018,LOC015,387,166.62,S0013,2024-09-23,40,164
2024-11-01,P000018,LOC015,398,160.76,S0013,2024-10-23,40,164
2024-12-01,P000018,LOC015,446,171.07,S0013,2024-11-28,40,164
2024-12-31,P000018,LOC015,461,160.79,S0013,2024-12-01,40,164
2025-01-30,P000018,LOC015,473,164.38,S0013,2025-01-25,40,164
2025-03-01,P000018,LOC015,567,164.4,S0013,2025-02-19,40,164
2025-03-31,P000018,LOC015,581,170.95,S0013,2025-03-14,40,164
2024-10-02,P000018,LOC016,397,158.19,S0013,2024-09-29,40,164
2024-11-01,P000018,LOC016,435,170.02,S0013,2024-10-17,40,164
2024-12-01,P000018,LOC016,448,156.06,S0013,2024-11-07,40,164
2024-12-31,P000018,LOC016,466,167.79,S0013,2024-12-14,40,164
2025-01-30,P000018,LOC016,472,158.1,S0013,2025-01-15,40,164
2025-03-01,P000018,LOC016,465,168.11,S0013,2025-02-18,40,164
2025-03-31,P000018,LOC016,554,156.69,S0013,2025-03-06,40,164
2024-10-02,P000018,LOC017,411,170.41,S0013,2024-09-29,40,164
2024-11-01,P000018,LOC017,364,157.32,S0013,2024-10-27,40,164
2024-12-01,P000018,LOC017,427,157.31,S0013,2024-11-06,40,164
2024-12-31,P000018,LOC017,518,157.58,S0013,2024-12-16,40,164
2025-01-30,P000018,LOC017,592,159.7,S0013,2025-01-06,40,164
2025-03-01,P000018,LOC017,673,169.15,S0013,2025-02-17,40,164
2025-03-31,P000018,LOC017,723,156.57,S0013,2025-03-20,40,164
2024-10-02,P000018,LOC018,374,168.47,S0013,2024-09-08,40,164
2024-11-01,P000018,LOC018,347,161.81,S0013,2024-10-28,40,164
2024-12-01,P000018,LOC018,432,165.73,S0013,2024-11-07,40,164
2024-12-31,P000018,LOC018,454,161.35,S0013,2024-12-19,40,164
2025-01-30,P000018,LOC018,512,171.04,S0013,2025-01-01,40,164
2025-03-01,P000018,LOC018,573,156.9,S0013,2025-02-13,40,164
2025-03-31,P000018,LOC018,585,168.7,S0013,2025-03-28,40,164
2024-10-02,P000018,LOC019,301,166.46,S0013,2024-09-11,40,164
2024-11-01,P000018,LOC019,265,162.3,S0013,2024-10-23,40,164
2024-12-01,P000018,LOC019,278,156.58,S0013,2024-11-29,40,164
2024-12-31,P000018,LOC019,254,164.45,S0013,2024-12-19,40,164
2025-01-30,P000018,LOC019,313,159.52,S0013,2025-01-02,40,164
2025-03-01,P000018,LOC019,334,168.13,S0013,2025-02-26,40,164
2025-03-31,P000018,LOC019,288,158.68,S0013,2025-03-22,40,164
2024-10-02,P000018,LOC020,407,159.97,S0013,2024-09-16,40,164
2024-11-01,P000018,LOC020,413,155.41,S0013,2024-10-09,40,164
2024-12-01,P000018,LOC020,477,160.64,S0013,2024-11-13,40,164
2024-12-31,P000018,LOC020,475,155.21,S0013,2024-12-03,40,164
2025-01-30,P000018,LOC020,433,167.19,S0013,2025-01-22,40,164
2025-03-01,P000018,LOC020,428,162.4,S0013,2025-02-14,40,164
2025-03-31,P000018,LOC020,522,155.83,S0013,2025-03-19,40,164
2024-10-02,P000019,LOC001,698,534.97,S0022,2024-09-16,14,842
2024-11-01,P000019,LOC001,752,534.52,S0022,2024-10-09,14,842
2024-12-01,P000019,LOC001,725,546.91,S0022,2024-11-25,14,842
2024-12-31,P000019,LOC001,735,568.34,S0022,2024-12-19,14,842
2025-01-30,P000019,LOC001,734,535.49,S0022,2025-01-24,14,842
2025-03-01,P000019,LOC001,695,569.54,S0022,2025-02-16,14,842
2025-03-31,P000019,LOC001,694,531.05,S0022,2025-03-11,14,842
2024-10-02,P000019,LOC002,617,532.33,S0022,2024-10-01,14,842
2024-11-01,P000019,LOC002,717,533.84,S0022,2024-10-04,14,842
2024-12-01,P000019,LOC002,796,536.17,S0022,2024-11-30,14,842
2024-12-31,P000019,LOC002,790,535.2,S0022,2024-12-06,14,842
2025-01-30,P000019,LOC002,838,549.79,S0022,2025-01-17,14,842
2025-03-01,P000019,LOC002,883,572.03,S0022,2025-01-30,14,842
2025-03-31,P000019,LOC002,867,532.53,S0022,2025-03-08,14,842
2024-10-02,P000019,LOC003,621,541.24,S0022,2024-10-01,14,842
2024-11-01,P000019,LOC003,653,570.12,S0022,2024-10-24,14,842
2024-12-01,P000019,LOC003,706,551.05,S0022,2024-11-29,14,842
2024-12-31,P000019,LOC003,665,527.44,S0022,2024-12-29,14,842
2025-01-30,P000019,LOC003,750,528.15,S0022,2025-01-07,14,842
2025-03-01,P000019,LOC003,757,563.58,S0022,2025-02-11,14,842
2025-03-31,P000019,LOC003,802,571.41,S0022,2025-03-11,14,842
2024-10-02,P000019,LOC004,607,535.15,S0022,2024-09-06,14,842
2024-11-01,P000019,LOC004,607,528.98,S0022,2024-10-29,14,842
2024-12-01,P000019,LOC004,608,561.28,S0022,2024-11-06,14,842
2024-12-31,P000019,LOC004,639,555.33,S0022,2024-12-30,14,842
2025-01-30,P000019,LOC004,664,536.76,S0022,2025-01-17,14,842
2025-03-01,P000019,LOC004,704,527.64,S0022,2025-02-09,14,842
2025-03-31,P000019,LOC004,692,564.39,S0022,2025-03-04,14,842
2024-10-02,P000019,LOC005,634,530.33,S0022,2024-09-29,14,842
2024-11-01,P000019,LOC005,595,545.51,S0022,2024-10-26,14,842
2024-12-01,P000019,LOC005,581,527.36,S0022,2024-11-25,14,842
2024-12-31,P000019,LOC005,671,573.44,S0022,2024-12-19,14,842
2025-01-30,P000019,LOC005,747,526.85,S0022,2025-01-24,14,842
2025-03-01,P000019,LOC005,760,530.99,S0022,2025-02-03,14,842
2025-03-31,P000019,LOC005,795,566.95,S0022,2025-03-11,14,842
2024-10-02,P000019,LOC006,662,567.54,S0022,2024-10-01,14,842
2024-11-01,P000019,LOC006,687,567.16,S0022,2024-10-26,14,842
2024-12-01,P000019,LOC006,762,550.98,S0022,2024-11-03,14,842
2024-12-31,P000019,LOC006,791,539.36,S0022,2024-12-04,14,842
2025-01-30,P000019,LOC006,823,572.11,S0022,2025-01-28,14,842
2025-03-01,P000019,LOC006,775,524.69,S0022,2025-02-25,14,842
2025-03-31,P000019,LOC006,869,558.96,S0022,2025-03-05,14,842
2024-10-02,P000019,LOC007,725,570.89,S0022,2024-09-05,14,842
2024-11-01,P000019,LOC007,783,560.56,S0022,2024-10-19,14,842
2024-12-01,P000019,LOC007,848,530.09,S0022,2024-11-09,14,842
2024-12-31,P000019,LOC007,892,566.75,S0022,2024-12-07,14,842
2025-01-30,P000019,LOC007,923,562.13,S0022,2025-01-22,14,842
2025-03-01,P000019,LOC007,960,520.65,S0022,2025-02-12,14,842
2025-03-31,P000019,LOC007,964,573.76,S0022,2025-03-21,14,842
2024-10-02,P000019,LOC008,705,562.99,S0022,2024-09-10,14,842
2024-11-01,P000019,LOC008,673,555.29,S0022,2024-10-14,14,842
2024-12-01,P000019,LOC008,712,532.94,S0022,2024-11-10,14,842
2024-12-31,P000019,LOC008,714,547.96,S0022,2024-12-08,14,842
2025-01-30,P000019,LOC008,809,562.16,S0022,2025-01-09,14,842
2025-03-01,P000019,LOC008,829,542.12,S0022,2025-02-03,14,842
2025-03-31,P000019,LOC008,869,543.77,S0022,2025-03-15,14,842
2024-10-02,P000019,LOC009,692,528.06,S0022,2024-09-02,14,842
2024-11-01,P000019,LOC009,723,548.07,S0022,2024-10-17,14,842
2024-12-01,P000019,LOC009,765,564.7,S0022,2024-11-22,14,842
2024-12-31,P000019,LOC009,801,573.71,S0022,2024-12-29,14,842
2025-01-30,P000019,LOC009,755,565.26,S0022,2025-01-29,14,842
2025-03-01,P000019,LOC009,764,521.5,S0022,2025-02-01,14,842
2025-03-31,P000019,LOC009,787,531.8,S0022,2025-03-30,14,842
2024-10-02,P000019,LOC010,620,537.32,S0022,2024-09-29,14,842
2024-11-01,P000019,LOC010,720,557.66,S0022,2024-10-12,14,842
2024-12-01,P000019,LOC010,737,547.19,S0022,2024-11-21,14,842
2024-12-31,P000019,LOC010,745,568.93,S0022,2024-12-12,14,842
2025-01-30,P000019,LOC010,797,569.29,S0022,2025-01-04,14,842
2025-03-01,P000019,LOC010,768,524.69,S0022,2025-02-10,14,842
2025-03-31,P000019,LOC010,796,526.93,S0022,2025-03-07,14,842
2024-10-02,P000019,LOC011,704,526.97,S0022,2024-09-15,14,842
2024-11-01,P000019,LOC011,735,572.35,S0022,2024-10-04,14,842
2024-12-01,P000019,LOC011,832,523.19,S0022,2024-11-06,14,842
2024-12-31,P000019,LOC011,871,566.34,S0022,2024-12-02,14,842
2025-01-30,P000019,LOC011,825,573.51,S0022,2025-01-09,14,842
2025-03-01,P000019,LOC011,882,549.12,S0022,2025-01-31,14,842
2025-03-31,P000019,LOC011,896,534.03,S0022,2025-03-21,14,842
2024-10-02,P000019,LOC012,599,553.31,S0022,2024-09-08,14,842
2024-11-01,P000019,LOC012,692,528.43,S0022,2024-10-17,14,842
2024-12-01,P000019,LOC012,653,535.54,S0022,2024-11-19,14,842
2024-12-31,P000019,LOC012,685,557.74,S0022,2024-12-10,14,842
2025-01-30,P000019,LOC012,638,548.81,S0022,2025-01-27,14,842
2025-03-01,P000019,LOC012,600,574.54,S0022,2025-02-17,14,842
2025-03-31,P000019,LOC012,674,520.62,S0022,2025-03-15,14,842
2024-10-02,P000019,LOC013,703,530.64,S0022,2024-09-26,14,842
2024-11-01,P000019,LOC013,696,573.71,S0022,2024-10-29,14,842
2024-12-01,P000019,LOC013,724,557.12,S0022,2024-11-22,14,842
2024-12-31,P000019,LOC013,774,536.11,S0022,2024-12-17,14,842
2025-01-30,P000019,LOC013,825,565.44,S0022,2025-01-16,14,842
2025-03-01,P000019,LOC013,854,536.11,S0022,2025-02-17,14,842
2025-03-31,P000019,LOC013,830,534.34,S0022,2025-03-24,14,842
2024-10-02,P000019,LOC014,580,557.86,S0022,2024-09-24,14,842
2024-11-01,P000019,LOC014,646,540.51,S0022,2024-10-22,14,842
2024-12-01,P000019,LOC014,621,538.71,S0022,2024-11-03,14,842
2024-12-31,P000019,LOC014,601,556.77,S0022,2024-12-16,14,842
2025-01-30,P000019,LOC014,607,551.66,S0022,2025-01-08,14,842
2025-03-01,P000019,LOC014,621,543.46,S0022,2025-02-17,14,842
2025-03-31,P000019,LOC014,703,560.31,S0022,2025-03-28,14,842
2024-10-02,P000019,LOC015,624,570.72,S0022,2024-09-08,14,842
2024-11-01,P000019,LOC015,603,557.53,S0022,2024-10-16,14,842
2024-12-01,P000019,LOC015,657,555.76,S0022,2024-11-18,14,842
2024-12-31,P000019,LOC015,716,526.6,S0022,2024-12-12,14,842
2025-01-30,P000019,LOC015,785,552.63,S0022,2025-01-23,14,842
2025-03-01,P000019,LOC015,783,566.34,S0022,2025-02-16,14,842
2025-03-31,P000019,LOC015,813,532.65,S0022,2025-03-30,14,842
2024-10-02,P000019,LOC016,695,550.88,S0022,2024-09-15,14,842
2024-11-01,P000019,LOC016,761,562.57,S0022,2024-10-03,14,842
2024-12-01,P000019,LOC016,784,563.32,S0022,2024-11-12,14,842
2024-12-31,P000019,LOC016,832,525.31,S0022,2024-12-11,14,842
2025-01-30,P000019,LOC016,903,563.2,S0022,2024-12-31,14,842
2025-03-01,P000019,LOC016,873,539.94,S0022,2025-02-07,14,842
2025-03-31,P000019,LOC016,858,552.2,S0022,2025-03-04,14,842
2024-10-02,P000019,LOC017,685,559.96,S0022,2024-09-29,14,842
2024-11-01,P000019,LOC017,772,523.5,S0022,2024-10-07,14,842
2024-12-01,P000019,LOC017,786,551.5,S0022,2024-11-28,14,842
2024-12-31,P000019,LOC017,742,571.75,S0022,2024-12-30,14,842
2025-01-30,P000019,LOC017,750,572.97,S0022,2025-01-04,14,842
2025-03-01,P000019,LOC017,700,569.89,S0022,2025-02-19,14,842
2025-03-31,P000019,LOC017,707,572.93,S0022,2025-03-11,14,842
2024-10-02,P000019,LOC018,587,546.96,S0022,2024-09-29,14,842
2024-11-01,P000019,LOC018,665,571.04,S0022,2024-10-06,14,842
2024-12-01,P000019,LOC018,754,571.88,S0022,2024-11-11,14,842
2024-12-31,P000019,LOC018,840,537.75,S0022,2024-12-25,14,842
2025-01-30,P000019,LOC018,926,526.63,S0022,2025-01-10,14,842
2025-03-01,P000019,LOC018,984,545.14,S0022,2025-02-13,14,842
2025-03-31,P000019,LOC018,1035,524.05,S0022,2025-03-10,14,842
2024-10-02,P000019,LOC019,671,572.98,S0022,2024-09-22,14,842
2024-11-01,P000019,LOC019,704,546.19,S0022,2024-10-11,14,842
2024-12-01,P000019,LOC019,744,569.88,S0022,2024-11-08,14,842
2024-12-31,P000019,LOC019,810,540.89,S0022,2024-12-18,14,842
2025-01-30,P000019,LOC019,861,553.25,S0022,2025-01-11,14,842
2025-03-01,P000019,LOC019,868,541.47,S0022,2025-02-16,14,842
2025-03-31,P000019,LOC019,896,525.01,S0022,2025-03-14,14,842
2024-10-02,P000019,LOC020,700,570.75,S0022,2024-10-01,14,842
2024-11-01,P000019,LOC020,722,570.19,S0022,2024-10-22,14,842
2024-12-01,P000019,LOC020,678,573.85,S0022,2024-11-12,14,842
2024-12-31,P000019,LOC020,737,526.27,S0022,2024-12-22,14,842
2025-01-30,P000019,LOC020,789,521.13,S0022,2025-01-05,14,842
2025-03-01,P000019,LOC020,822,522.61,S0022,2025-02-04,14,842
2025-03-31,P000019,LOC020,883,570.14,S0022,2025-03-08,14,842
2024-10-02,P000020,LOC001,0,8.93,S0017,2024-09-24,28,135
2024-11-01,P000020,LOC001,0,9.33,S0017,2024-10-04,28,135
2024-12-01,P000020,LOC001,47,8.61,S0017,2024-11-04,28,135
2024-12-31,P000020,LOC001,73,9.19,S0017,2024-12-08,28,135
2025-01-30,P000020,LOC001,149,8.92,S0017,2025-01-25,28,135
2025-03-01,P000020,LOC001,144,8.48,S0017,2025-02-20,28,135
2025-03-31,P000020,LOC001,210,8.75,S0017,2025-03-29,28,135
2024-10-02,P000020,LOC002,26,8.53,S0017,2024-09-03,28,135
2024-11-01,P000020,LOC002,126,8.88,S0017,2024-10-24,28,135
2024-12-01,P000020,LOC002,134,9.25,S0017,2024-11-26,28,135
2024-12-31,P000020,LOC002,92,8.56,S0017,2024-12-01,28,135
2025-01-30,P000020,LOC002,101,9.12,S0017,2025-01-15,28,135
2025-03-01,P000020,LOC002,52,8.74,S0017,2025-02-21,28,135
2025-03-31,P000020,LOC002,51,8.62,S0017,2025-03-06,28,135
2024-10-02,P000020,LOC003,68,8.63,S0017,2024-09-21,28,135
2024-11-01,P000020,LOC003,140,8.61,S0017,2024-10-21,28,135
2024-12-01,P000020,LOC003,127,9.22,S0017,2024-11-13,28,135
2024-12-31,P000020,LOC003,172,8.79,S0017,2024-12-18,28,135
2025-01-30,P000020,LOC003,143,8.68,S0017,2025-01-06,28,135
2025-03-01,P000020,LOC003,216,9.07,S0017,2025-02-08,28,135
2025-03-31,P000020,LOC003,310,8.53,S0017,2025-03-05,28,135
2024-10-02,P000020,LOC004,48,9.04,S0017,2024-09-06,28,135
2024-11-01,P000020,LOC004,99,8.66,S0017,2024-10-21,28,135
2024-12-01,P000020,LOC004,131,8.89,S0017,2024-11-16,28,135
2024-12-31,P000020,LOC004,111,8.63,S0017,2024-12-13,28,135
2025-01-30,P000020,LOC004,137,8.64,S0017,2025-01-28,28,135
2025-03-01,P000020,LOC004,151,9.14,S0017,2025-02-22,28,135
2025-03-31,P000020,LOC004,250,8.65,S0017,2025-03-18,28,135
2024-10-02,P000020,LOC005,77,8.5,S0017,2024-09-06,28,135
2024-11-01,P000020,LOC005,113,9.01,S0017,2024-10-04,28,135
2024-12-01,P000020,LOC005,174,8.75,S0017,2024-11-09,28,135
2024-12-31,P000020,LOC005,256,8.95,S0017,2024-12-09,28,135
2025-01-30,P000020,LOC005,316,8.5,S0017,2024-12-31,28,135
2025-03-01,P000020,LOC005,298,9.13,S0017,2025-02-23,28,135
2025-03-31,P000020,LOC005,276,8.47,S0017,2025-03-19,28,135
2024-10-02,P000020,LOC006,39,9.12,S0017,2024-09-05,28,135
2024-11-01,P000020,LOC006,37,8.84,S0017,2024-10-20,28,135
2024-12-01,P000020,LOC006,57,8.74,S0017,2024-11-11,28,135
2024-12-31,P000020,LOC006,39,9.05,S0017,2024-12-10,28,135
2025-01-30,P000020,LOC006,90,8.7,S0017,2025-01-14,28,135
2025-03-01,P000020,LOC006,126,9.29,S0017,2025-02-08,28,135
2025-03-31,P000020,LOC006,89,8.7,S0017,2025-03-04,28,135
2024-10-02,P000020,LOC007,46,8.98,S0017,2024-09-23,28,135
2024-11-01,P000020,LOC007,108,8.6,S0017,2024-10-24,28,135
2024-12-01,P000020,LOC007,172,9.25,S0017,2024-11-16,28,135
2024-12-31,P000020,LOC007,240,8.73,S0017,2024-12-16,28,135
2025-01-30,P000020,LOC007,329,8.53,S0017,2025-01-26,28,135
2025-03-01,P000020,LOC007,332,9.14,S0017,2025-02-08,28,135
2025-03-31,P000020,LOC007,344,8.59,S0017,2025-03-25,28,135
2024-10-02,P000020,LOC008,31,9.28,S0017,2024-09-17,28,135
2024-11-01,P000020,LOC008,61,9.09,S0017,2024-10-03,28,135
2024-12-01,P000020,LOC008,152,8.57,S0017,2024-11-16,28,135
2024-12-31,P000020,LOC008,130,9.33,S0017,2024-12-15,28,135
2025-01-30,P000020,LOC008,159,8.93,S0017,2025-01-03,28,135
2025-03-01,P000020,LOC008,136,8.83,S0017,2025-02-16,28,135
2025-03-31,P000020,LOC008,201,9.01,S0017,2025-03-06,28,135
2024-10-02,P000020,LOC009,0,9.22,S0017,2024-09-06,28,135
2024-11-01,P000020,LOC009,83,8.58,S0017,2024-10-30,28,135
2024-12-01,P000020,LOC009,106,8.92,S0017,2024-11-08,28,135
2024-12-31,P000020,LOC009,70,8.79,S0017,2024-12-11,28,135
2025-01-30,P000020,LOC009,133,8.53,S0017,2025-01-21,28,135
2025-03-01,P000020,LOC009,213,9.12,S0017,2025-02-01,28,135
2025-03-31,P000020,LOC009,214,8.94,S0017,2025-03-10,28,135
2024-10-02,P000020,LOC010,74,9.05,S0017,2024-09-13,28,135
2024-11-01,P000020,LOC010,84,9.14,S0017,2024-10-12,28,135
2024-12-01,P000020,LOC010,127,9.34,S0017,2024-11-13,28,135
2024-12-31,P000020,LOC010,140,9.12,S0017,2024-12-20,28,135
2025-01-30,P000020,LOC010,236,8.53,S0017,2025-01-26,28,135
2025-03-01,P000020,LOC010,305,8.94,S0017,2025-02-12,28,135
2025-03-31,P000020,LOC010,276,9.27,S0017,2025-03-10,28,135
2024-10-02,P000020,LOC011,78,9.03,S0017,2024-09-06,28,135
2024-11-01,P000020,LOC011,108,8.75,S0017,2024-10-07,28,135
2024-12-01,P000020,LOC011,104,8.88,S0017,2024-11-25,28,135
2024-12-31,P000020,LOC011,76,8.58,S0017,2024-12-09,28,135
2025-01-30,P000020,LOC011,49,9.09,S0017,2025-01-15,28,135
2025-03-01,P000020,LOC011,142,9.07,S0017,2025-02-14,28,135
2025-03-31,P000020,LOC011,123,8.49,S0017,2025-03-22,28,135
2024-10-02,P000020,LOC012,17,8.93,S0017,2024-09-14,28,135
2024-11-01,P000020,LOC012,55,8.81,S0017,2024-10-23,28,135
2024-12-01,P000020,LOC012,99,8.72,S0017,2024-11-04,28,135
2024-12-31,P000020,LOC012,54,9.31,S0017,2024-12-30,28,135
2025-01-30,P000020,LOC012,14,9.24,S0017,2025-01-11,28,135
2025-03-01,P000020,LOC012,18,8.83,S0017,2025-02-09,28,135
2025-03-31,P000020,LOC012,6,9.07,S0017,2025-03-09,28,135
2024-10-02,P000020,LOC013,47,9.13,S0017,2024-09-08,28,135
2024-11-01,P000020,LOC013,31,8.62,S0017,2024-10-04,28,135
2024-12-01,P000020,LOC013,40,9.09,S0017,2024-11-23,28,135
2024-12-31,P000020,LOC013,16,9.17,S0017,2024-12-01,28,135
2025-01-30,P000020,LOC013,76,8.86,S0017,2025-01-26,28,135
2025-03-01,P000020,LOC013,100,9.19,S0017,2025-02-23,28,135
2025-03-31,P000020,LOC013,162,9.17,S0017,2025-03-07,28,135
2024-10-02,P000020,LOC014,0,9.22,S0017,2024-10-01,28,135
2024-11-01,P000020,LOC014,0,8.5,S0017,2024-10-03,28,135
2024-12-01,P000020,LOC014,0,8.95,S0017,2024-11-10,28,135
2024-12-31,P000020,LOC014,0,9.07,S0017,2024-12-16,28,135
2025-01-30,P000020,LOC014,70,8.54,S0017,2025-01-13,28,135
2025-03-01,P000020,LOC014,58,9.08,S0017,2025-02-13,28,135
2025-03-31,P000020,LOC014,99,9.02,S0017,2025-03-07,28,135
2024-10-02,P000020,LOC015,0,9.07,S0017,2024-09-13,28,135
2024-11-01,P000020,LOC015,3,8.92,S0017,2024-10-27,28,135
2024-12-01,P000020,LOC015,0,9.21,S0017,2024-11-21,28,135
2024-12-31,P000020,LOC015,0,9.12,S0017,2024-12-29,28,135
2025-01-30,P000020,LOC015,0,8.68,S0017,2025-01-16,28,135
2025-03-01,P000020,LOC015,6,8.56,S0017,2025-02-20,28,135
2025-03-31,P000020,LOC015,0,8.65,S0017,2025-03-09,28,135
2024-10-02,P000020,LOC016,44,8.95,S0017,2024-09-05,28,135
2024-11-01,P000020,LOC016,47,8.52,S0017,2024-10-06,28,135
2024-12-01,P000020,LOC016,130,8.98,S0017,2024-11-19,28,135
2024-12-31,P000020,LOC016,144,9.23,S0017,2024-12-25,28,135
2025-01-30,P000020,LOC016,120,9.31,S0017,2025-01-25,28,135
2025-03-01,P000020,LOC016,212,9.31,S0017,2025-02-23,28,135
2025-03-31,P000020,LOC016,172,8.96,S0017,2025-03-17,28,135
2024-10-02,P000020,LOC017,46,9.27,S0017,2024-09-07,28,135
2024-11-01,P000020,LOC017,44,8.86,S0017,2024-10-08,28,135
2024-12-01,P000020,LOC017,81,8.51,S0017,2024-11-12,28,135
2024-12-31,P000020,LOC017,149,8.81,S0017,2024-12-20,28,135
2025-01-30,P000020,LOC017,172,8.89,S0017,2025-01-04,28,135
2025-03-01,P000020,LOC017,202,8.91,S0017,2025-01-31,28,135
2025-03-31,P000020,LOC017,166,9.28,S0017,2025-03-30,28,135
2024-10-02,P000020,LOC018,0,8.61,S0017,2024-09-17,28,135
2024-11-01,P000020,LOC018,0,8.81,S0017,2024-10-25,28,135
2024-12-01,P000020,LOC018,0,8.63,S0017,2024-11-15,28,135
2024-12-31,P000020,LOC018,28,8.65,S0017,2024-12-01,28,135
2025-01-30,P000020,LOC018,12,8.69,S0017,2025-01-04,28,135
2025-03-01,P000020,LOC018,58,8.91,S0017,2025-02-09,28,135
2025-03-31,P000020,LOC018,74,8.68,S0017,2025-03-02,28,135
2024-10-02,P000020,LOC019,74,9.09,S0017,2024-09-02,28,135
2024-11-01,P000020,LOC019,103,8.95,S0017,2024-10-26,28,135
2024-12-01,P000020,LOC019,56,9.24,S0017,2024-11-18,28,135
2024-12-31,P000020,LOC019,16,9.02,S0017,2024-12-12,28,135
2025-01-30,P000020,LOC019,35,8.47,S0017,2025-01-02,28,135
2025-03-01,P000020,LOC019,22,9.33,S0017,2025-02-07,28,135
2025-03-31,P000020,LOC019,0,9.28,S0017,2025-03-28,28,135
2024-10-02,P000020,LOC020,0,8.59,S0017,2024-09-08,28,135
2024-11-01,P000020,LOC020,69,8.67,S0017,2024-10-17,28,135
2024-12-01,P000020,LOC020,121,8.93,S0017,2024-11-11,28,135
2024-12-31,P000020,LOC020,75,8.64,S0017,2024-12-22,28,135
2025-01-30,P000020,LOC020,82,8.64,S0017,2025-01-17,28,135
2025-03-01,P000020,LOC020,150,8.93,S0017,2025-01-30,28,135
2025-03-31,P000020,LOC020,155,8.58,S0017,2025-03-12,28,135
2024-10-02,P000021,LOC001,617,235.36,S0016,2024-09-29,38,634
2024-11-01,P000021,LOC001,652,248.4,S0016,2024-10-07,38,634
2024-12-01,P000021,LOC001,619,246.29,S0016,2024-11-30,38,634
2024-12-31,P000021,LOC001,638,228.19,S0016,2024-12-08,38,634
2025-01-30,P000021,LOC001,648,243.58,S0016,2025-01-08,38,634
2025-03-01,P000021,LOC001,704,245.53,S0016,2025-02-09,38,634
2025-03-31,P000021,LOC001,656,240.75,S0016,2025-03-30,38,634
2024-10-02,P000021,LOC002,650,245.35,S0016,2024-09-06,38,634
2024-11-01,P000021,LOC002,706,234.55,S0016,2024-10-04,38,634
2024-12-01,P000021,LOC002,715,233.04,S0016,2024-11-05,38,634
2024-12-31,P000021,LOC002,703,244.58,S0016,2024-12-08,38,634
2025-01-30,P000021,LOC002,787,243.59,S0016,2025-01-27,38,634
2025-03-01,P000021,LOC002,761,235.32,S0016,2025-02-21,38,634
2025-03-31,P000021,LOC002,839,226.62,S0016,2025-03-16,38,634
2024-10-02,P000021,LOC003,697,234.13,S0016,2024-09-16,38,634
2024-11-01,P000021,LOC003,760,228.45,S0016,2024-10-30,38,634
2024-12-01,P000021,LOC003,856,231.68,S0016,2024-11-14,38,634
2024-12-31,P000021,LOC003,927,230.72,S0016,2024-12-04,38,634
2025-01-30,P000021,LOC003,881,231.83,S0016,2025-01-14,38,634
2025-03-01,P000021,LOC003,845,240.84,S0016,2025-02-08,38,634
2025-03-31,P000021,LOC003,929,246.12,S0016,2025-03-24,38,634
2024-10-02,P000021,LOC004,731,226.17,S0016,2024-09-24,38,634
2024-11-01,P000021,LOC004,787,236.47,S0016,2024-10-14,38,634
2024-12-01,P000021,LOC004,793,230.65,S0016,2024-11-17,38,634
2024-12-31,P000021,LOC004,769,230.25,S0016,2024-12-14,38,634
2025-01-30,P000021,LOC004,783,241.06,S0016,2025-01-27,38,634
2025-03-01,P000021,LOC004,774,226.24,S0016,2025-01-31,38,634
2025-03-31,P000021,LOC004,763,236.91,S0016,2025-03-25,38,634
2024-10-02,P000021,LOC005,672,228.27,S0016,2024-09-26,38,634
2024-11-01,P000021,LOC005,632,227.4,S0016,2024-10-29,38,634
2024-12-01,P000021,LOC005,620,229.11,S0016,2024-11-29,38,634
2024-12-31,P000021,LOC005,705,239.71,S0016,2024-12-15,38,634
2025-01-30,P000021,LOC005,778,228.74,S0016,2025-01-24,38,634
2025-03-01,P000021,LOC005,774,244.98,S0016,2025-02-16,38,634
2025-03-31,P000021,LOC005,848,239.47,S0016,2025-03-19,38,634
2024-10-02,P000021,LOC006,652,233.65,S0016,2024-09-03,38,634
2024-11-01,P000021,LOC006,734,227.12,S0016,2024-10-27,38,634
2024-12-01,P000021,LOC006,710,242.49,S0016,2024-11-11,38,634
2024-12-31,P000021,LOC006,676,246.58,S0016,2024-12-12,38,634
2025-01-30,P000021,LOC006,675,239.7,S0016,2025-01-28,38,634
2025-03-01,P000021,LOC006,766,236.98,S0016,2025-02-22,38,634
2025-03-31,P000021,LOC006,800,241.98,S0016,2025-03-27,38,634
2024-10-02,P000021,LOC007,618,247.98,S0016,2024-09-02,38,634
2024-11-01,P000021,LOC007,652,245.29,S0016,2024-10-09,38,634
2024-12-01,P000021,LOC007,728,247.7,S0016,2024-11-15,38,634
2024-12-31,P000021,LOC007,738,239.27,S0016,2024-12-29,38,634
2025-01-30,P000021,LOC007,811,230.29,S0016,2025-01-12,38,634
2025-03-01,P000021,LOC007,800,244.64,S0016,2025-02-09,38,634
2025-03-31,P000021,LOC007,811,243.07,S0016,2025-03-19,38,634
2024-10-02,P000021,LOC008,748,235.09,S0016,2024-09-05,38,634
2024-11-01,P000021,LOC008,813,245.77,S0016,2024-10-22,38,634
2024-12-01,P000021,LOC008,891,235.73,S0016,2024-11-27,38,634
2024-12-31,P000021,LOC008,858,246.31,S0016,2024-12-25,38,634
2025-01-30,P000021,LOC008,907,246.31,S0016,2025-01-01,38,634
2025-03-01,P000021,LOC008,937,239.79,S0016,2025-02-13,38,634
2025-03-31,P000021,LOC008,906,244.46,S0016,2025-03-24,38,634
2024-10-02,P000021,LOC009,724,246.99,S0016,2024-09-02,38,634
2024-11-01,P000021,LOC009,810,240.6,S0016,2024-10-13,38,634
2024-12-01,P000021,LOC009,801,242.3,S0016,2024-11-16,38,634
2024-12-31,P000021,LOC009,870,241.56,S0016,2024-12-24,38,634
2025-01-30,P000021,LOC009,831,235.14,S0016,2025-01-13,38,634
2025-03-01,P000021,LOC009,879,236.34,S0016,2025-02-23,38,634
2025-03-31,P000021,LOC009,971,230.24,S0016,2025-03-26,38,634
2024-10-02,P000021,LOC010,677,247.52,S0016,2024-09-04,38,634
2024-11-01,P000021,LOC010,685,246.31,S0016,2024-10-14,38,634
2024-12-01,P000021,LOC010,636,243.69,S0016,2024-11-25,38,634
2024-12-31,P000021,LOC010,618,245.48,S0016,2024-12-22,38,634
2025-01-30,P000021,LOC010,616,249.31,S0016,2025-01-20,38,634
2025-03-01,P000021,LOC010,639,241.43,S0016,2025-02-11,38,634
2025-03-31,P000021,LOC010,686,239.32,S0016,2025-03-25,38,634
2024-10-02,P000021,LOC011,736,242.73,S0016,2024-09-09,38,634
2024-11-01,P000021,LOC011,777,249.54,S0016,2024-10-26,38,634
2024-12-01,P000021,LOC011,753,244.82,S0016,2024-11-12,38,634
2024-12-31,P000021,LOC011,740,238.05,S0016,2024-12-28,38,634
2025-01-30,P000021,LOC011,721,239.17,S0016,2025-01-19,38,634
2025-03-01,P000021,LOC011,719,239.73,S0016,2025-02-12,38,634
2025-03-31,P000021,LOC011,786,228.81,S0016,2025-03-04,38,634
2024-10-02,P000021,LOC012,667,230.45,S0016,2024-09-22,38,634
2024-11-01,P000021,LOC012,764,230.84,S0016,2024-10-21,38,634
2024-12-01,P000021,LOC012,850,242.18,S0016,2024-11-08,38,634
2024-12-31,P000021,LOC012,944,232.43,S0016,2024-12-02,38,634
2025-01-30,P000021,LOC012,977,236.76,S0016,2025-01-25,38,634
2025-03-01,P000021,LOC012,975,249.66,S0016,2025-02-10,38,634
2025-03-31,P000021,LOC012,1037,238.36,S0016,2025-03-26,38,634
2024-10-02,P000021,LOC013,660,245.68,S0016,2024-09-29,38,634
2024-11-01,P000021,LOC013,610,240.61,S0016,2024-10-13,38,634
2024-12-01,P000021,LOC013,632,229.92,S0016,2024-11-20,38,634
2024-12-31,P000021,LOC013,592,230.61,S0016,2024-12-02,38,634
2025-01-30,P000021,LOC013,646,243.07,S0016,2025-01-13,38,634
2025-03-01,P000021,LOC013,628,226.25,S0016,2025-02-17,38,634
2025-03-31,P000021,LOC013,597,226.73,S0016,2025-03-29,38,634
2024-10-02,P000021,LOC014,757,244.87,S0016,2024-10-01,38,634
2024-11-01,P000021,LOC014,717,234.61,S0016,2024-10-29,38,634
2024-12-01,P000021,LOC014,790,248.48,S0016,2024-11-05,38,634
2024-12-31,P000021,LOC014,831,241.83,S0016,2024-12-03,38,634
2025-01-30,P000021,LOC014,855,248.74,S0016,2025-01-03,38,634
2025-03-01,P000021,LOC014,949,230.61,S0016,2025-02-09,38,634
2025-03-31,P000021,LOC014,994,240.23,S0016,2025-03-26,38,634
2024-10-02,P000021,LOC015,699,249.45,S0016,2024-09-13,38,634
2024-11-01,P000021,LOC015,681,239.32,S0016,2024-10-08,38,634
2024-12-01,P000021,LOC015,679,240.66,S0016,2024-11-15,38,634
2024-12-31,P000021,LOC015,631,239.89,S0016,2024-12-13,38,634
2025-01-30,P000021,LOC015,615,236.27,S0016,2025-01-18,38,634
2025-03-01,P000021,LOC015,599,246.01,S0016,2025-02-09,38,634
2025-03-31,P000021,LOC015,569,239.46,S0016,2025-03-01,38,634
2024-10-02,P000021,LOC016,658,238.43,S0016,2024-09-08,38,634
2024-11-01,P000021,LOC016,712,246.58,S0016,2024-10-05,38,634
2024-12-01,P000021,LOC016,734,249.51,S0016,2024-11-30,38,634
2024-12-31,P000021,LOC016,720,228.66,S0016,2024-12-30,38,634
2025-01-30,P000021,LOC016,777,242.49,S0016,2025-01-19,38,634
2025-03-01,P000021,LOC016,867,237.36,S0016,2025-02-16,38,634
2025-03-31,P000021,LOC016,888,242.45,S0016,2025-03-26,38,634
2024-10-02,P000021,LOC017,674,228.94,S0016,2024-09-06,38,634
2024-11-01,P000021,LOC017,742,229.84,S0016,2024-10-06,38,634
2024-12-01,P000021,LOC017,837,228.92,S0016,2024-11-21,38,634
2024-12-31,P000021,LOC017,831,236.06,S0016,2024-12-14,38,634
2025-01-30,P000021,LOC017,917,242.61,S0016,2025-01-20,38,634
2025-03-01,P000021,LOC017,972,248.46,S0016,2025-02-07,38,634
2025-03-31,P000021,LOC017,1031,241.01,S0016,2025-03-23,38,634
2024-10-02,P000021,LOC018,658,226.08,S0016,2024-09-15,38,634
2024-11-01,P000021,LOC018,610,229.28,S0016,2024-10-29,38,634
2024-12-01,P000021,LOC018,614,240.81,S0016,2024-11-14,38,634
2024-12-31,P000021,LOC018,694,248.13,S0016,2024-12-18,38,634
2025-01-30,P000021,LOC018,789,244.15,S0016,2025-01-29,38,634
2025-03-01,P000021,LOC018,855,228.88,S0016,2025-02-18,38,634
2025-03-31,P000021,LOC018,953,238.03,S0016,2025-03-21,38,634
2024-10-02,P000021,LOC019,675,241.64,S0016,2024-09-11,38,634
2024-11-01,P000021,LOC019,730,239.43,S0016,2024-10-26,38,634
2024-12-01,P000021,LOC019,720,236.49,S0016,2024-11-28,38,634
2024-12-31,P000021,LOC019,754,247.01,S0016,2024-12-04,38,634
2025-01-30,P000021,LOC019,720,248.09,S0016,2025-01-02,38,634
2025-03-01,P000021,LOC019,780,232.48,S0016,2025-02-17,38,634
2025-03-31,P000021,LOC019,737,233.02,S0016,2025-03-08,38,634
2024-10-02,P000021,LOC020,697,247.0,S0016,2024-09-22,38,634
2024-11-01,P000021,LOC020,778,238.04,S0016,2024-10-24,38,634
2024-12-01,P000021,LOC020,849,233.98,S0016,2024-11-13,38,634
2024-12-31,P000021,LOC020,827,229.76,S0016,2024-12-16,38,634
2025-01-30,P000021,LOC020,887,236.93,S0016,2025-01-11,38,634
2025-03-01,P000021,LOC020,880,249.35,S0016,2025-02-06,38,634
2025-03-31,P000021,LOC020,851,238.61,S0016,2025-03-20,38,634
2024-10-02,P000022,LOC001,799,157.23,S0019,2024-09-21,32,1132
2024-11-01,P000022,LOC001,880,153.18,S0019,2024-10-08,32,1132
2024-12-01,P000022,LOC001,897,151.05,S0019,2024-11-29,32,1132
2024-12-31,P000022,LOC001,956,150.26,S0019,2024-12-18,32,1132
2025-01-30,P000022,LOC001,984,151.6,S0019,2025-01-26,32,1132
2025-03-01,P000022,LOC001,997,151.68,S0019,2025-02-17,32,1132
2025-03-31,P000022,LOC001,1078,162.84,S0019,2025-03-13,32,1132
2024-10-02,P000022,LOC002,826,164.55,S0019,2024-09-18,32,1132
2024-11-01,P000022,LOC002,915,151.27,S0019,2024-10-23,32,1132
2024-12-01,P000022,LOC002,896,155.55,S0019,2024-11-21,32,1132
2024-12-31,P000022,LOC002,868,161.3,S0019,2024-12-09,32,1132
2025-01-30,P000022,LOC002,818,158.46,S0019,2024-12-31,32,1132
2025-03-01,P000022,LOC002,803,150.16,S0019,2025-02-17,32,1132
2025-03-31,P000022,LOC002,863,162.14,S0019,2025-03-07,32,1132
2024-10-02,P000022,LOC003,872,154.5,S0019,2024-09-06,32,1132
2024-11-01,P000022,LOC003,862,162.06,S0019,2024-10-16,32,1132
2024-12-01,P000022,LOC003,956,151.58,S0019,2024-11-29,32,1132
2024-12-31,P000022,LOC003,940,160.87,S0019,2024-12-13,32,1132
2025-01-30,P000022,LOC003,911,161.34,S0019,2025-01-16,32,1132
2025-03-01,P000022,LOC003,897,151.98,S0019,2025-02-07,32,1132
2025-03-31,P000022,LOC003,865,162.09,S0019,2025-03-08,32,1132
2024-10-02,P000022,LOC004,847,164.04,S0019,2024-09-02,32,1132
2024-11-01,P000022,LOC004,942,164.49,S0019,2024-10-28,32,1132
2024-12-01,P000022,LOC004,1022,149.8,S0019,2024-11-18,32,1132
2024-12-31,P000022,LOC004,1026,157.62,S0019,2024-12-04,32,1132
2025-01-30,P000022,LOC004,1100,161.11,S0019,2024-12-31,32,1132
2025-03-01,P000022,LOC004,1092,157.78,S0019,2025-02-03,32,1132
2025-03-31,P000022,LOC004,1091,160.9,S0019,2025-03-08,32,1132
2024-10-02,P000022,LOC005,876,163.44,S0019,2024-09-29,32,1132
2024-11-01,P000022,LOC005,929,153.13,S0019,2024-10-24,32,1132
2024-12-01,P000022,LOC005,889,158.68,S0019,2024-11-25,32,1132
2024-12-31,P000022,LOC005,882,159.11,S0019,2024-12-28,32,1132
2025-01-30,P000022,LOC005,949,150.81,S0019,2025-01-07,32,1132
2025-03-01,P000022,LOC005,1035,163.41,S0019,2025-02-10,32,1132
2025-03-31,P000022,LOC005,1071,149.82,S0019,2025-03-01,32,1132
2024-10-02,P000022,LOC006,827,150.28,S0019,2024-09-23,32,1132
2024-11-01,P000022,LOC006,862,155.78,S0019,2024-10-02,32,1132
2024-12-01,P000022,LOC006,911,149.27,S0019,2024-11-16,32,1132
2024-12-31,P000022,LOC006,893,156.32,S0019,2024-12-16,32,1132
2025-01-30,P000022,LOC006,952,156.72,S0019,2025-01-16,32,1132
2025-03-01,P000022,LOC006,993,154.55,S0019,2025-02-25,32,1132
2025-03-31,P000022,LOC006,1031,164.07,S0019,2025-03-02,32,1132
2024-10-02,P000022,LOC007,842,160.08,S0019,2024-09-21,32,1132
2024-11-01,P000022,LOC007,898,155.43,S0019,2024-10-14,32,1132
2024-12-01,P000022,LOC007,880,150.19,S0019,2024-11-29,32,1132
2024-12-31,P000022,LOC007,947,158.31,S0019,2024-12-21,32,1132
2025-01-30,P000022,LOC007,986,164.16,S0019,2025-01-01,32,1132
2025-03-01,P000022,LOC007,994,158.13,S0019,2025-02-15,32,1132
2025-03-31,P000022,LOC007,967,151.0,S0019,2025-03-28,32,1132
2024-10-02,P000022,LOC008,937,149.13,S0019,2024-09-02,32,1132
2024-11-01,P000022,LOC008,1007,164.33,S0019,2024-10-31,32,1132
2024-12-01,P000022,LOC008,1015,155.47,S0019,2024-11-26,32,1132
2024-12-31,P000022,LOC008,982,151.56,S0019,2024-12-14,32,1132
2025-01-30,P000022,LOC008,979,158.14,S0019,2025-01-16,32,1132
2025-03-01,P000022,LOC008,992,152.44,S0019,2025-02-08,32,1132
2025-03-31,P000022,LOC008,1011,155.65,S0019,2025-03-20,32,1132
2024-10-02,P000022,LOC009,812,155.86,S0019,2024-09-24,32,1132
2024-11-01,P000022,LOC009,845,155.68,S0019,2024-10-02,32,1132
2024-12-01,P000022,LOC009,911,153.21,S0019,2024-11-25,32,1132
2024-12-31,P000022,LOC009,934,158.48,S0019,2024-12-14,32,1132
2025-01-30,P000022,LOC009,967,154.56,S0019,2025-01-03,32,1132
2025-03-01,P000022,LOC009,936,152.15,S0019,2025-02-09,32,1132
2025-03-31,P000022,LOC009,946,151.17,S0019,2025-03-08,32,1132
2024-10-02,P000022,LOC010,849,158.7,S0019,2024-09-02,32,1132
2024-11-01,P000022,LOC010,926,162.82,S0019,2024-10-13,32,1132
2024-12-01,P000022,LOC010,916,159.05,S0019,2024-11-09,32,1132
2024-12-31,P000022,LOC010,926,150.11,S0019,2024-12-04,32,1132
2025-01-30,P000022,LOC010,983,158.77,S0019,2025-01-07,32,1132
2025-03-01,P000022,LOC010,1013,159.53,S0019,2025-02-06,32,1132
2025-03-31,P000022,LOC010,1014,158.92,S0019,2025-03-22,32,1132
2024-10-02,P000022,LOC011,815,156.94,S0019,2024-09-02,32,1132
2024-11-01,P000022,LOC011,809,158.14,S0019,2024-10-14,32,1132
2024-12-01,P000022,LOC011,868,163.69,S0019,2024-11-16,32,1132
2024-12-31,P000022,LOC011,965,152.01,S0019,2024-12-07,32,1132
2025-01-30,P000022,LOC011,988,163.89,S0019,2025-01-07,32,1132
2025-03-01,P000022,LOC011,1021,155.01,S0019,2025-02-19,32,1132
2025-03-31,P000022,LOC011,1013,154.75,S0019,2025-03-17,32,1132
2024-10-02,P000022,LOC012,926,159.56,S0019,2024-09-19,32,1132
2024-11-01,P000022,LOC012,912,161.19,S0019,2024-10-18,32,1132
2024-12-01,P000022,LOC012,909,162.19,S0019,2024-11-21,32,1132
2024-12-31,P000022,LOC012,932,156.78,S0019,2024-12-02,32,1132
2025-01-30,P000022,LOC012,1023,155.13,S0019,2025-01-25,32,1132
2025-03-01,P000022,LOC012,977,157.4,S0019,2025-01-31,32,1132
2025-03-31,P000022,LOC012,982,163.54,S0019,2025-03-29,32,1132
2024-10-02,P000022,LOC013,864,157.24,S0019,2024-09-08,32,1132
2024-11-01,P000022,LOC013,887,164.66,S0019,2024-10-21,32,1132
2024-12-01,P000022,LOC013,921,151.33,S0019,2024-11-17,32,1132
2024-12-31,P000022,LOC013,874,158.61,S0019,2024-12-11,32,1132
2025-01-30,P000022,LOC013,943,162.72,S0019,2025-01-07,32,1132
2025-03-01,P000022,LOC013,895,161.98,S0019,2025-02-03,32,1132
2025-03-31,P000022,LOC013,981,154.86,S0019,2025-03-06,32,1132
2024-10-02,P000022,LOC014,798,158.59,S0019,2024-09-09,32,1132
2024-11-01,P000022,LOC014,820,150.54,S0019,2024-10-25,32,1132
2024-12-01,P000022,LOC014,780,153.01,S0019,2024-11-14,32,1132
2024-12-31,P000022,LOC014,823,158.63,S0019,2024-12-02,32,1132
2025-01-30,P000022,LOC014,894,162.68,S0019,2025-01-05,32,1132
2025-03-01,P000022,LOC014,960,158.12,S0019,2025-02-04,32,1132
2025-03-31,P000022,LOC014,1052,161.8,S0019,2025-03-16,32,1132
2024-10-02,P000022,LOC015,906,152.0,S0019,2024-09-06,32,1132
2024-11-01,P000022,LOC015,906,159.9,S0019,2024-10-08,32,1132
2024-12-01,P000022,LOC015,914,152.03,S0019,2024-11-23,32,1132
2024-12-31,P000022,LOC015,920,156.36,S0019,2024-12-07,32,1132
2025-01-30,P000022,LOC015,894,156.9,S0019,2025-01-18,32,1132
2025-03-01,P000022,LOC015,897,149.63,S0019,2025-02-16,32,1132
2025-03-31,P000022,LOC015,896,156.92,S0019,2025-03-02,32,1132
2024-10-02,P000022,LOC016,943,163.77,S0019,2024-09-05,32,1132
2024-11-01,P000022,LOC016,949,150.96,S0019,2024-10-15,32,1132
2024-12-01,P000022,LOC016,962,151.93,S0019,2024-11-17,32,1132
2024-12-31,P000022,LOC016,962,163.77,S0019,2024-12-15,32,1132
2025-01-30,P000022,LOC016,1032,160.39,S0019,2025-01-08,32,1132
2025-03-01,P000022,LOC016,1075,156.85,S0019,2025-02-09,32,1132
2025-03-31,P000022,LOC016,1071,153.51,S0019,2025-03-13,32,1132
2024-10-02,P000022,LOC017,918,151.25,S0019,2024-09-28,32,1132
2024-11-01,P000022,LOC017,893,155.89,S0019,2024-10-12,32,1132
2024-12-01,P000022,LOC017,965,158.47,S0019,2024-11-27,32,1132
2024-12-31,P000022,LOC017,1006,160.0,S0019,2024-12-18,32,1132
2025-01-30,P000022,LOC017,1052,152.05,S0019,2025-01-19,32,1132
2025-03-01,P000022,LOC017,1145,161.21,S0019,2025-02-03,32,1132
2025-03-31,P000022,LOC017,1217,160.95,S0019,2025-03-21,32,1132
2024-10-02,P000022,LOC018,870,159.48,S0019,2024-09-08,32,1132
2024-11-01,P000022,LOC018,905,156.93,S0019,2024-10-06,32,1132
2024-12-01,P000022,LOC018,906,156.37,S0019,2024-11-01,32,1132
2024-12-31,P000022,LOC018,942,160.25,S0019,2024-12-03,32,1132
2025-01-30,P000022,LOC018,922,150.98,S0019,2025-01-10,32,1132
2025-03-01,P000022,LOC018,940,158.91,S0019,2025-02-17,32,1132
2025-03-31,P000022,LOC018,939,151.04,S0019,2025-03-27,32,1132
2024-10-02,P000022,LOC019,868,164.33,S0019,2024-09-29,32,1132
2024-11-01,P000022,LOC019,825,156.94,S0019,2024-10-08,32,1132
2024-12-01,P000022,LOC019,921,151.19,S0019,2024-11-01,32,1132
2024-12-31,P000022,LOC019,978,150.21,S0019,2024-12-12,32,1132
2025-01-30,P000022,LOC019,1017,150.45,S0019,2025-01-19,32,1132
2025-03-01,P000022,LOC019,1086,163.07,S0019,2025-02-09,32,1132
2025-03-31,P000022,LOC019,1171,154.88,S0019,2025-03-12,32,1132
2024-10-02,P000022,LOC020,915,157.81,S0019,2024-09-09,32,1132
2024-11-01,P000022,LOC020,1010,154.58,S0019,2024-10-24,32,1132
2024-12-01,P000022,LOC020,1087,150.62,S0019,2024-11-22,32,1132
2024-12-31,P000022,LOC020,1160,160.93,S0019,2024-12-04,32,1132
2025-01-30,P000022,LOC020,1142,159.76,S0019,2025-01-08,32,1132
2025-03-01,P000022,LOC020,1226,161.29,S0019,2025-01-31,32,1132
2025-03-31,P000022,LOC020,1206,157.54,S0019,2025-03-09,32,1132
2024-10-02,P000023,LOC001,121,289.27,S0022,2024-09-18,26,841
2024-11-01,P000023,LOC001,104,311.94,S0022,2024-10-23,26,841
2024-12-01,P000023,LOC001,56,312.47,S0022,2024-11-25,26,841
2024-12-31,P000023,LOC001,136,305.25,S0022,2024-12-08,26,841
2025-01-30,P000023,LOC001,190,298.73,S0022,2025-01-29,26,841
2025-03-01,P000023,LOC001,195,297.16,S0022,2025-02-08,26,841
2025-03-31,P000023,LOC001,194,314.82,S0022,2025-03-04,26,841
2024-10-02,P000023,LOC002,65,303.79,S0022,2024-09-28,26,841
2024-11-01,P000023,LOC002,164,298.86,S0022,2024-10-29,26,841
2024-12-01,P000023,LOC002,228,314.52,S0022,2024-11-24,26,841
2024-12-31,P000023,LOC002,299,302.57,S0022,2024-12-29,26,841
2025-01-30,P000023,LOC002,319,316.15,S0022,2025-01-19,26,841
2025-03-01,P000023,LOC002,414,299.48,S0022,2025-02-27,26,841
2025-03-31,P000023,LOC002,392,292.49,S0022,2025-03-08,26,841
2024-10-02,P000023,LOC003,63,315.31,S0022,2024-09-25,26,841
2024-11-01,P000023,LOC003,95,312.35,S0022,2024-10-06,26,841
2024-12-01,P000023,LOC003,180,296.25,S0022,2024-11-13,26,841
2024-12-31,P000023,LOC003,182,294.69,S0022,2024-12-09,26,841
2025-01-30,P000023,LOC003,251,300.64,S0022,2025-01-01,26,841
2025-03-01,P000023,LOC003,350,303.4,S0022,2025-02-05,26,841
2025-03-31,P000023,LOC003,416,309.53,S0022,2025-03-01,26,841
2024-10-02,P000023,LOC004,185,291.02,S0022,2024-09-10,26,841
2024-11-01,P000023,LOC004,162,295.37,S0022,2024-10-24,26,841
2024-12-01,P000023,LOC004,128,314.59,S0022,2024-11-29,26,841
2024-12-31,P000023,LOC004,90,288.4,S0022,2024-12-11,26,841
2025-01-30,P000023,LOC004,171,309.72,S0022,2025-01-19,26,841
2025-03-01,P000023,LOC004,236,306.23,S0022,2025-02-28,26,841
2025-03-31,P000023,LOC004,251,310.05,S0022,2025-03-09,26,841
2024-10-02,P000023,LOC005,150,302.35,S0022,2024-09-18,26,841
2024-11-01,P000023,LOC005,233,311.58,S0022,2024-10-20,26,841
2024-12-01,P000023,LOC005,313,292.95,S0022,2024-11-30,26,841
2024-12-31,P000023,LOC005,283,309.03,S0022,2024-12-16,26,841
2025-01-30,P000023,LOC005,240,303.32,S0022,2025-01-15,26,841
2025-03-01,P000023,LOC005,314,289.25,S0022,2025-02-07,26,841
2025-03-31,P000023,LOC005,414,292.87,S0022,2025-03-18,26,841
2024-10-02,P000023,LOC006,143,288.33,S0022,2024-09-14,26,841
2024-11-01,P000023,LOC006,161,307.75,S0022,2024-10-24,26,841
2024-12-01,P000023,LOC006,194,303.92,S0022,2024-11-27,26,841
2024-12-31,P000023,LOC006,210,315.64,S0022,2024-12-20,26,841
2025-01-30,P000023,LOC006,279,308.8,S0022,2025-01-22,26,841
2025-03-01,P000023,LOC006,362,306.45,S0022,2025-02-22,26,841
2025-03-31,P000023,LOC006,414,290.04,S0022,2025-03-20,26,841
2024-10-02,P000023,LOC007,144,305.13,S0022,2024-09-08,26,841
2024-11-01,P000023,LOC007,109,308.81,S0022,2024-10-16,26,841
2024-12-01,P000023,LOC007,78,314.43,S0022,2024-11-10,26,841
2024-12-31,P000023,LOC007,38,315.02,S0022,2024-12-01,26,841
2025-01-30,P000023,LOC007,9,314.09,S0022,2025-01-26,26,841
2025-03-01,P000023,LOC007,77,314.38,S0022,2025-02-22,26,841
2025-03-31,P000023,LOC007,106,312.28,S0022,2025-03-14,26,841
2024-10-02,P000023,LOC008,103,288.73,S0022,2024-09-21,26,841
2024-11-01,P000023,LOC008,194,293.94,S0022,2024-10-10,26,841
2024-12-01,P000023,LOC008,158,312.03,S0022,2024-11-07,26,841
2024-12-31,P000023,LOC008,225,303.48,S0022,2024-12-11,26,841
2025-01-30,P000023,LOC008,325,308.4,S0022,2025-01-22,26,841
2025-03-01,P000023,LOC008,322,295.06,S0022,2025-01-31,26,841
2025-03-31,P000023,LOC008,419,301.86,S0022,2025-03-17,26,841
2024-10-02,P000023,LOC009,158,293.25,S0022,2024-09-22,26,841
2024-11-01,P000023,LOC009,255,306.65,S0022,2024-10-16,26,841
2024-12-01,P000023,LOC009,222,291.17,S0022,2024-11-29,26,841
2024-12-31,P000023,LOC009,205,314.37,S0022,2024-12-05,26,841
2025-01-30,P000023,LOC009,221,317.56,S0022,2025-01-12,26,841
2025-03-01,P000023,LOC009,315,314.66,S0022,2025-02-15,26,841
2025-03-31,P000023,LOC009,396,303.74,S0022,2025-03-17,26,841
2024-10-02,P000023,LOC010,145,304.71,S0022,2024-09-14,26,841
2024-11-01,P000023,LOC010,226,301.16,S0022,2024-10-25,26,841
2024-12-01,P000023,LOC010,185,303.86,S0022,2024-11-15,26,841
2024-12-31,P000023,LOC010,274,316.73,S0022,2024-12-22,26,841
2025-01-30,P000023,LOC010,314,309.81,S0022,2025-01-22,26,841
2025-03-01,P000023,LOC010,390,298.46,S0022,2025-02-26,26,841
2025-03-31,P000023,LOC010,440,315.71,S0022,2025-03-29,26,841
2024-10-02,P000023,LOC011,167,299.78,S0022,2024-10-01,26,841
2024-11-01,P000023,LOC011,201,317.66,S0022,2024-10-30,26,841
2024-12-01,P000023,LOC011,231,315.45,S0022,2024-11-05,26,841
2024-12-31,P000023,LOC011,278,308.33,S0022,2024-12-16,26,841
2025-01-30,P000023,LOC011,349,314.08,S0022,2025-01-01,26,841
2025-03-01,P000023,LOC011,342,298.26,S0022,2025-01-30,26,841
2025-03-31,P000023,LOC011,388,294.46,S0022,2025-03-07,26,841
2024-10-02,P000023,LOC012,90,304.37,S0022,2024-09-18,26,841
2024-11-01,P000023,LOC012,189,300.97,S0022,2024-10-03,26,841
2024-12-01,P000023,LOC012,254,302.08,S0022,2024-11-03,26,841
2024-12-31,P000023,LOC012,210,313.4,S0022,2024-12-24,26,841
2025-01-30,P000023,LOC012,227,299.73,S0022,2025-01-17,26,841
2025-03-01,P000023,LOC012,248,296.43,S0022,2025-01-30,26,841
2025-03-31,P000023,LOC012,198,295.25,S0022,2025-03-19,26,841
2024-10-02,P000023,LOC013,127,314.94,S0022,2024-09-29,26,841
2024-11-01,P000023,LOC013,184,314.23,S0022,2024-10-07,26,841
2024-12-01,P000023,LOC013,258,289.33,S0022,2024-11-21,26,841
2024-12-31,P000023,LOC013,294,313.61,S0022,2024-12-10,26,841
2025-01-30,P000023,LOC013,251,307.74,S0022,2025-01-02,26,841
2025-03-01,P000023,LOC013,290,317.52,S0022,2025-02-05,26,841
2025-03-31,P000023,LOC013,385,292.21,S0022,2025-03-13,26,841
2024-10-02,P000023,LOC014,108,296.48,S0022,2024-09-21,26,841
2024-11-01,P000023,LOC014,75,295.48,S0022,2024-10-21,26,841
2024-12-01,P000023,LOC014,170,304.37,S0022,2024-11-18,26,841
2024-12-31,P000023,LOC014,229,308.43,S0022,2024-12-24,26,841
2025-01-30,P000023,LOC014,209,289.04,S0022,2025-01-26,26,841
2025-03-01,P000023,LOC014,282,315.1,S0022,2025-01-30,26,841
2025-03-31,P000023,LOC014,359,297.47,S0022,2025-03-14,26,841
2024-10-02,P000023,LOC015,106,303.74,S0022,2024-09-11,26,841
2024-11-01,P000023,LOC015,136,288.64,S0022,2024-10-09,26,841
2024-12-01,P000023,LOC015,121,307.33,S0022,2024-11-12,26,841
2024-12-31,P000023,LOC015,85,295.45,S0022,2024-12-07,26,841
2025-01-30,P000023,LOC015,143,288.14,S0022,2025-01-23,26,841
2025-03-01,P000023,LOC015,233,313.13,S0022,2025-02-24,26,841
2025-03-31,P000023,LOC015,308,288.39,S0022,2025-03-10,26,841
2024-10-02,P000023,LOC016,76,306.6,S0022,2024-09-08,26,841
2024-11-01,P000023,LOC016,71,309.13,S0022,2024-10-19,26,841
2024-12-01,P000023,LOC016,58,306.82,S0022,2024-11-28,26,841
2024-12-31,P000023,LOC016,77,317.23,S0022,2024-12-04,26,841
2025-01-30,P000023,LOC016,142,291.38,S0022,2025-01-20,26,841
2025-03-01,P000023,LOC016,93,302.23,S0022,2025-02-06,26,841
2025-03-31,P000023,LOC016,189,297.53,S0022,2025-03-25,26,841
2024-10-02,P000023,LOC017,169,303.08,S0022,2024-09-05,26,841
2024-11-01,P000023,LOC017,182,311.25,S0022,2024-10-14,26,841
2024-12-01,P000023,LOC017,274,303.45,S0022,2024-11-24,26,841
2024-12-31,P000023,LOC017,363,305.48,S0022,2024-12-29,26,841
2025-01-30,P000023,LOC017,313,312.8,S0022,2025-01-21,26,841
2025-03-01,P000023,LOC017,296,288.41,S0022,2025-02-02,26,841
2025-03-31,P000023,LOC017,386,305.39,S0022,2025-03-11,26,841
2024-10-02,P000023,LOC018,170,302.75,S0022,2024-10-01,26,841
2024-11-01,P000023,LOC018,151,294.68,S0022,2024-10-04,26,841
2024-12-01,P000023,LOC018,126,300.02,S0022,2024-11-22,26,841
2024-12-31,P000023,LOC018,103,303.13,S0022,2024-12-03,26,841
2025-01-30,P000023,LOC018,93,302.45,S0022,2025-01-26,26,841
2025-03-01,P000023,LOC018,55,302.09,S0022,2025-02-24,26,841
2025-03-31,P000023,LOC018,12,316.75,S0022,2025-03-13,26,841
2024-10-02,P000023,LOC019,155,303.39,S0022,2024-09-21,26,841
2024-11-01,P000023,LOC019,161,295.44,S0022,2024-10-31,26,841
2024-12-01,P000023,LOC019,247,315.1,S0022,2024-11-27,26,841
2024-12-31,P000023,LOC019,252,289.79,S0022,2024-12-15,26,841
2025-01-30,P000023,LOC019,291,295.85,S0022,2025-01-19,26,841
2025-03-01,P000023,LOC019,268,313.92,S0022,2025-02-21,26,841
2025-03-31,P000023,LOC019,252,317.78,S0022,2025-03-09,26,841
2024-10-02,P000023,LOC020,103,306.16,S0022,2024-09-26,26,841
2024-11-01,P000023,LOC020,137,315.29,S0022,2024-10-21,26,841
2024-12-01,P000023,LOC020,236,300.07,S0022,2024-11-01,26,841
2024-12-31,P000023,LOC020,192,288.71,S0022,2024-12-14,26,841
2025-01-30,P000023,LOC020,228,317.45,S0022,2025-01-15,26,841
2025-03-01,P000023,LOC020,199,300.33,S0022,2025-02-12,26,841
2025-03-31,P000023,LOC020,162,290.58,S0022,2025-03-24,26,841
2024-10-02,P000024,LOC001,507,23.28,S0009,2024-09-09,38,216
2024-11-01,P000024,LOC001,529,21.79,S0009,2024-10-21,38,216
2024-12-01,P000024,LOC001,531,22.13,S0009,2024-11-02,38,216
2024-12-31,P000024,LOC001,533,23.35,S0009,2024-12-15,38,216
2025-01-30,P000024,LOC001,579,23.32,S0009,2025-01-20,38,216
2025-03-01,P000024,LOC001,643,22.19,S0009,2025-02-02,38,216
2025-03-31,P000024,LOC001,729,22.53,S0009,2025-03-29,38,216
2024-10-02,P000024,LOC002,448,23.19,S0009,2024-09-26,38,216
2024-11-01,P000024,LOC002,479,23.83,S0009,2024-10-28,38,216
2024-12-01,P000024,LOC002,456,22.85,S0009,2024-11-13,38,216
2024-12-31,P000024,LOC002,450,23.54,S0009,2024-12-30,38,216
2025-01-30,P000024,LOC002,420,22.95,S0009,2025-01-19,38,216
2025-03-01,P000024,LOC002,430,22.9,S0009,2025-02-06,38,216
2025-03-31,P000024,LOC002,495,23.07,S0009,2025-03-07,38,216
2024-10-02,P000024,LOC003,490,23.82,S0009,2024-09-17,38,216
2024-11-01,P000024,LOC003,583,23.89,S0009,2024-10-18,38,216
2024-12-01,P000024,LOC003,656,23.11,S0009,2024-11-03,38,216
2024-12-31,P000024,LOC003,755,22.58,S0009,2024-12-23,38,216
2025-01-30,P000024,LOC003,824,22.28,S0009,2025-01-03,38,216
2025-03-01,P000024,LOC003,866,23.45,S0009,2025-02-17,38,216
2025-03-31,P000024,LOC003,931,22.24,S0009,2025-03-23,38,216
2024-10-02,P000024,LOC004,458,22.08,S0009,2024-09-04,38,216
2024-11-01,P000024,LOC004,444,23.95,S0009,2024-10-24,38,216
2024-12-01,P000024,LOC004,408,23.82,S0009,2024-11-09,38,216
2024-12-31,P000024,LOC004,375,22.98,S0009,2024-12-13,38,216
2025-01-30,P000024,LOC004,444,23.63,S0009,2025-01-24,38,216
2025-03-01,P000024,LOC004,496,23.31,S0009,2025-02-17,38,216
2025-03-31,P000024,LOC004,518,23.73,S0009,2025-03-26,38,216
2024-10-02,P000024,LOC005,474,22.93,S0009,2024-09-03,38,216
2024-11-01,P000024,LOC005,572,23.42,S0009,2024-10-04,38,216
2024-12-01,P000024,LOC005,662,21.71,S0009,2024-11-29,38,216
2024-12-31,P000024,LOC005,626,23.04,S0009,2024-12-24,38,216
2025-01-30,P000024,LOC005,709,23.07,S0009,2025-01-20,38,216
2025-03-01,P000024,LOC005,682,23.43,S0009,2025-02-05,38,216
2025-03-31,P000024,LOC005,749,22.59,S0009,2025-03-22,38,216
2024-10-02,P000024,LOC006,583,22.88,S0009,2024-09-23,38,216
2024-11-01,P000024,LOC006,657,21.79,S0009,2024-10-07,38,216
2024-12-01,P000024,LOC006,679,22.13,S0009,2024-11-19,38,216
2024-12-31,P000024,LOC006,646,21.88,S0009,2024-12-18,38,216
2025-01-30,P000024,LOC006,628,22.77,S0009,2025-01-23,38,216
2025-03-01,P000024,LOC006,716,23.46,S0009,2025-02-03,38,216
2025-03-31,P000024,LOC006,723,22.19,S0009,2025-03-01,38,216
2024-10-02,P000024,LOC007,489,23.02,S0009,2024-10-01,38,216
2024-11-01,P000024,LOC007,512,23.15,S0009,2024-10-13,38,216
2024-12-01,P000024,LOC007,554,23.33,S0009,2024-11-30,38,216
2024-12-31,P000024,LOC007,512,23.96,S0009,2024-12-20,38,216
2025-01-30,P000024,LOC007,545,22.57,S0009,2025-01-15,38,216
2025-03-01,P000024,LOC007,525,23.72,S0009,2025-02-23,38,216
2025-03-31,P000024,LOC007,558,23.48,S0009,2025-03-28,38,216
2024-10-02,P000024,LOC008,577,23.39,S0009,2024-09-18,38,216
2024-11-01,P000024,LOC008,561,23.94,S0009,2024-10-31,38,216
2024-12-01,P000024,LOC008,605,23.19,S0009,2024-11-19,38,216
2024-12-31,P000024,LOC008,633,22.89,S0009,2024-12-13,38,216
2025-01-30,P000024,LOC008,678,22.4,S0009,2024-12-31,38,216
2025-03-01,P000024,LOC008,683,22.77,S0009,2025-02-07,38,216
2025-03-31,P000024,LOC008,671,22.8,S0009,2025-03-17,38,216
2024-10-02,P000024,LOC009,551,23.5,S0009,2024-09-11,38,216
2024-11-01,P000024,LOC009,579,23.42,S0009,2024-10-27,38,216
2024-12-01,P000024,LOC009,677,23.42,S0009,2024-11-07,38,216
2024-12-31,P000024,LOC009,762,23.0,S0009,2024-12-20,38,216
2025-01-30,P000024,LOC009,791,23.89,S0009,2025-01-24,38,216
2025-03-01,P000024,LOC009,842,22.85,S0009,2025-02-15,38,216
2025-03-31,P000024,LOC009,868,22.45,S0009,2025-03-17,38,216
2024-10-02,P000024,LOC010,525,21.77,S0009,2024-09-07,38,216
2024-11-01,P000024,LOC010,516,22.06,S0009,2024-10-26,38,216
2024-12-01,P000024,LOC010,494,22.14,S0009,2024-11-07,38,216
2024-12-31,P000024,LOC010,582,23.17,S0009,2024-12-26,38,216
2025-01-30,P000024,LOC010,609,22.12,S0009,2025-01-12,38,216
2025-03-01,P000024,LOC010,687,22.49,S0009,2025-02-21,38,216
2025-03-31,P000024,LOC010,780,23.44,S0009,2025-03-09,38,216
2024-10-02,P000024,LOC011,574,22.51,S0009,2024-09-04,38,216
2024-11-01,P000024,LOC011,534,23.45,S0009,2024-10-13,38,216
2024-12-01,P000024,LOC011,606,22.17,S0009,2024-11-24,38,216
2024-12-31,P000024,LOC011,633,22.95,S0009,2024-12-28,38,216
2025-01-30,P000024,LOC011,712,22.45,S0009,2025-01-23,38,216
2025-03-01,P000024,LOC011,702,23.65,S0009,2025-02-06,38,216
2025-03-31,P000024,LOC011,755,23.44,S0009,2025-03-30,38,216
2024-10-02,P000024,LOC012,580,22.76,S0009,2024-09-18,38,216
2024-11-01,P000024,LOC012,556,23.7,S0009,2024-10-18,38,216
2024-12-01,P000024,LOC012,509,23.42,S0009,2024-11-13,38,216
2024-12-31,P000024,LOC012,494,21.93,S0009,2024-12-13,38,216
2025-01-30,P000024,LOC012,448,23.84,S0009,2025-01-09,38,216
2025-03-01,P000024,LOC012,533,22.43,S0009,2025-02-01,38,216
2025-03-31,P000024,LOC012,602,22.75,S0009,2025-03-21,38,216
2024-10-02,P000024,LOC013,447,22.15,S0009,2024-09-08,38,216
2024-11-01,P000024,LOC013,504,23.0,S0009,2024-10-05,38,216
2024-12-01,P000024,LOC013,478,21.75,S0009,2024-11-13,38,216
2024-12-31,P000024,LOC013,539,21.78,S0009,2024-12-08,38,216
2025-01-30,P000024,LOC013,547,22.84,S0009,2025-01-29,38,216
2025-03-01,P000024,LOC013,614,22.21,S0009,2025-02-10,38,216
2025-03-31,P000024,LOC013,681,21.93,S0009,2025-03-16,38,216
2024-10-02,P000024,LOC014,579,23.65,S0009,2024-09-15,38,216
2024-11-01,P000024,LOC014,561,23.95,S0009,2024-10-31,38,216
2024-12-01,P000024,LOC014,653,23.81,S0009,2024-11-06,38,216
2024-12-31,P000024,LOC014,702,23.33,S0009,2024-12-12,38,216
2025-01-30,P000024,LOC014,672,22.15,S0009,2025-01-09,38,216
2025-03-01,P000024,LOC014,642,22.82,S0009,2025-02-11,38,216
2025-03-31,P000024,LOC014,716,22.63,S0009,2025-03-03,38,216
2024-10-02,P000024,LOC015,482,22.15,S0009,2024-09-30,38,216
2024-11-01,P000024,LOC015,469,21.76,S0009,2024-10-19,38,216
2024-12-01,P000024,LOC015,522,22.59,S0009,2024-11-01,38,216
2024-12-31,P000024,LOC015,530,22.51,S0009,2024-12-14,38,216
2025-01-30,P000024,LOC015,491,22.38,S0009,2025-01-26,38,216
2025-03-01,P000024,LOC015,574,23.59,S0009,2025-02-14,38,216
2025-03-31,P000024,LOC015,649,23.29,S0009,2025-03-09,38,216
2024-10-02,P000024,LOC016,562,23.62,S0009,2024-09-19,38,216
2024-11-01,P000024,LOC016,581,22.81,S0009,2024-10-04,38,216
2024-12-01,P000024,LOC016,661,22.78,S0009,2024-11-12,38,216
2024-12-31,P000024,LOC016,721,22.59,S0009,2024-12-10,38,216
2025-01-30,P000024,LOC016,785,23.6,S0009,2025-01-26,38,216
2025-03-01,P000024,LOC016,857,23.51,S0009,2025-02-27,38,216
2025-03-31,P000024,LOC016,904,23.0,S0009,2025-03-18,38,216
2024-10-02,P000024,LOC017,547,23.37,S0009,2024-09-21,38,216
2024-11-01,P000024,LOC017,614,22.78,S0009,2024-10-20,38,216
2024-12-01,P000024,LOC017,611,22.15,S0009,2024-11-08,38,216
2024-12-31,P000024,LOC017,651,21.99,S0009,2024-12-23,38,216
2025-01-30,P000024,LOC017,633,22.7,S0009,2025-01-07,38,216
2025-03-01,P000024,LOC017,725,22.1,S0009,2025-02-12,38,216
2025-03-31,P000024,LOC017,755,23.3,S0009,2025-03-26,38,216
2024-10-02,P000024,LOC018,544,21.93,S0009,2024-09-17,38,216
2024-11-01,P000024,LOC018,640,22.06,S0009,2024-10-05,38,216
2024-12-01,P000024,LOC018,595,22.91,S0009,2024-11-28,38,216
2024-12-31,P000024,LOC018,691,22.45,S0009,2024-12-13,38,216
2025-01-30,P000024,LOC018,649,23.2,S0009,2025-01-02,38,216
2025-03-01,P000024,LOC018,648,22.92,S0009,2025-02-12,38,216
2025-03-31,P000024,LOC018,663,21.87,S0009,2025-03-16,38,216
2024-10-02,P000024,LOC019,551,23.59,S0009,2024-09-08,38,216
2024-11-01,P000024,LOC019,543,23.76,S0009,2024-10-28,38,216
2024-12-01,P000024,LOC019,579,23.54,S0009,2024-11-26,38,216
2024-12-31,P000024,LOC019,542,23.62,S0009,2024-12-06,38,216
2025-01-30,P000024,LOC019,547,21.8,S0009,2025-01-22,38,216
2025-03-01,P000024,LOC019,630,22.83,S0009,2025-02-01,38,216
2025-03-31,P000024,LOC019,625,22.59,S0009,2025-03-29,38,216
2024-10-02,P000024,LOC020,518,21.99,S0009,2024-09-29,38,216
2024-11-01,P000024,LOC020,615,22.59,S0009,2024-10-29,38,216
2024-12-01,P000024,LOC020,679,23.51,S0009,2024-11-20,38,216
2024-12-31,P000024,LOC020,769,23.04,S0009,2024-12-12,38,216
2025-01-30,P000024,LOC020,862,21.97,S0009,2025-01-29,38,216
2025-03-01,P000024,LOC020,945,22.46,S0009,2025-02-10,38,216
2025-03-31,P000024,LOC020,969,23.49,S0009,2025-03-18,38,216
2024-10-02,P000025,LOC001,802,630.56,S0009,2024-09-15,46,542
2024-11-01,P000025,LOC001,784,645.83,S0009,2024-10-08,46,542
2024-12-01,P000025,LOC001,831,640.74,S0009,2024-11-17,46,542
2024-12-31,P000025,LOC001,831,633.37,S0009,2024-12-16,46,542
2025-01-30,P000025,LOC001,831,657.64,S0009,2025-01-28,46,542
2025-03-01,P000025,LOC001,903,683.42,S0009,2025-02-14,46,542
2025-03-31,P000025,LOC001,981,657.61,S0009,2025-03-19,46,542
2024-10-02,P000025,LOC002,750,631.63,S0009,2024-09-11,46,542
2024-11-01,P000025,LOC002,726,655.62,S0009,2024-10-07,46,542
2024-12-01,P000025,LOC002,825,652.3,S0009,2024-11-17,46,542
2024-12-31,P000025,LOC002,794,636.69,S0009,2024-12-13,46,542
2025-01-30,P000025,LOC002,878,641.62,S0009,2025-01-08,46,542
2025-03-01,P000025,LOC002,926,665.72,S0009,2025-02-24,46,542
2025-03-31,P000025,LOC002,920,685.67,S0009,2025-03-12,46,542
2024-10-02,P000025,LOC003,787,649.67,S0009,2024-09-18,46,542
2024-11-01,P000025,LOC003,777,629.17,S0009,2024-10-05,46,542
2024-12-01,P000025,LOC003,867,623.22,S0009,2024-11-19,46,542
2024-12-31,P000025,LOC003,838,655.24,S0009,2024-12-03,46,542
2025-01-30,P000025,LOC003,847,626.37,S0009,2025-01-17,46,542
2025-03-01,P000025,LOC003,859,642.5,S0009,2025-02-28,46,542
2025-03-31,P000025,LOC003,853,649.35,S0009,2025-03-14,46,542
2024-10-02,P000025,LOC004,721,645.32,S0009,2024-09-29,46,542
2024-11-01,P000025,LOC004,683,627.72,S0009,2024-10-27,46,542
2024-12-01,P000025,LOC004,708,638.83,S0009,2024-11-28,46,542
2024-12-31,P000025,LOC004,767,650.75,S0009,2024-12-27,46,542
2025-01-30,P000025,LOC004,819,621.47,S0009,2025-01-06,46,542
2025-03-01,P000025,LOC004,864,672.75,S0009,2025-02-23,46,542
2025-03-31,P000025,LOC004,903,652.44,S0009,2025-03-03,46,542
2024-10-02,P000025,LOC005,752,636.74,S0009,2024-09-20,46,542
2024-11-01,P000025,LOC005,794,676.42,S0009,2024-10-11,46,542
2024-12-01,P000025,LOC005,848,686.05,S0009,2024-11-13,46,542
2024-12-31,P000025,LOC005,944,641.1,S0009,2024-12-21,46,542
2025-01-30,P000025,LOC005,903,667.13,S0009,2025-01-03,46,542
2025-03-01,P000025,LOC005,923,656.6,S0009,2025-01-30,46,542
2025-03-31,P000025,LOC005,918,665.2,S0009,2025-03-08,46,542
2024-10-02,P000025,LOC006,746,661.95,S0009,2024-09-04,46,542
2024-11-01,P000025,LOC006,824,669.55,S0009,2024-10-13,46,542
2024-12-01,P000025,LOC006,835,628.51,S0009,2024-11-10,46,542
2024-12-31,P000025,LOC006,796,649.11,S0009,2024-12-16,46,542
2025-01-30,P000025,LOC006,801,636.97,S0009,2025-01-08,46,542
2025-03-01,P000025,LOC006,871,657.63,S0009,2025-02-19,46,542
2025-03-31,P000025,LOC006,824,660.53,S0009,2025-03-10,46,542
2024-10-02,P000025,LOC007,667,625.89,S0009,2024-09-20,46,542
2024-11-01,P000025,LOC007,763,668.8,S0009,2024-10-12,46,542
2024-12-01,P000025,LOC007,748,646.25,S0009,2024-11-13,46,542
2024-12-31,P000025,LOC007,723,642.69,S0009,2024-12-29,46,542
2025-01-30,P000025,LOC007,739,635.23,S0009,2025-01-21,46,542
2025-03-01,P000025,LOC007,737,622.97,S0009,2025-02-16,46,542
2025-03-31,P000025,LOC007,756,646.36,S0009,2025-03-28,46,542
2024-10-02,P000025,LOC008,674,670.64,S0009,2024-09-04,46,542
2024-11-01,P000025,LOC008,769,671.66,S0009,2024-10-08,46,542
2024-12-01,P000025,LOC008,771,626.77,S0009,2024-11-27,46,542
2024-12-31,P000025,LOC008,866,674.03,S0009,2024-12-12,46,542
2025-01-30,P000025,LOC008,924,633.94,S0009,2025-01-07,46,542
2025-03-01,P000025,LOC008,943,684.2,S0009,2025-02-22,46,542
2025-03-31,P000025,LOC008,924,666.54,S0009,2025-03-05,46,542
2024-10-02,P000025,LOC009,794,635.46,S0009,2024-09-25,46,542
2024-11-01,P000025,LOC009,845,663.99,S0009,2024-10-08,46,542
2024-12-01,P000025,LOC009,825,660.67,S0009,2024-11-22,46,542
2024-12-31,P000025,LOC009,925,667.22,S0009,2024-12-27,46,542
2025-01-30,P000025,LOC009,959,625.72,S0009,2024-12-31,46,542
2025-03-01,P000025,LOC009,953,680.95,S0009,2025-02-14,46,542
2025-03-31,P000025,LOC009,972,670.49,S0009,2025-03-10,46,542
2024-10-02,P000025,LOC010,737,643.92,S0009,2024-09-27,46,542
2024-11-01,P000025,LOC010,730,685.25,S0009,2024-10-28,46,542
2024-12-01,P000025,LOC010,779,674.85,S0009,2024-11-17,46,542
2024-12-31,P000025,LOC010,781,664.89,S0009,2024-12-02,46,542
2025-01-30,P000025,LOC010,818,647.51,S0009,2025-01-23,46,542
2025-03-01,P000025,LOC010,878,670.67,S0009,2025-01-31,46,542
2025-03-31,P000025,LOC010,945,621.35,S0009,2025-03-14,46,542
2024-10-02,P000025,LOC011,668,684.47,S0009,2024-09-19,46,542
2024-11-01,P000025,LOC011,652,673.11,S0009,2024-10-02,46,542
2024-12-01,P000025,LOC011,660,666.64,S0009,2024-11-16,46,542
2024-12-31,P000025,LOC011,738,635.4,S0009,2024-12-05,46,542
2025-01-30,P000025,LOC011,726,684.78,S0009,2025-01-03,46,542
2025-03-01,P000025,LOC011,789,670.76,S0009,2025-02-09,46,542
2025-03-31,P000025,LOC011,777,620.96,S0009,2025-03-18,46,542
2024-10-02,P000025,LOC012,786,621.22,S0009,2024-10-01,46,542
2024-11-01,P000025,LOC012,801,665.71,S0009,2024-10-03,46,542
2024-12-01,P000025,LOC012,797,679.86,S0009,2024-11-29,46,542
2024-12-31,P000025,LOC012,856,639.09,S0009,2024-12-28,46,542
2025-01-30,P000025,LOC012,850,676.43,S0009,2025-01-21,46,542
2025-03-01,P000025,LOC012,849,659.12,S0009,2025-02-20,46,542
2025-03-31,P000025,LOC012,869,665.87,S0009,2025-03-11,46,542
2024-10-02,P000025,LOC013,788,646.27,S0009,2024-09-19,46,542
2024-11-01,P000025,LOC013,860,632.53,S0009,2024-10-04,46,542
2024-12-01,P000025,LOC013,946,651.01,S0009,2024-11-29,46,542
2024-12-31,P000025,LOC013,979,629.22,S0009,2024-12-20,46,542
2025-01-30,P000025,LOC013,1049,643.11,S0009,2025-01-22,46,542
2025-03-01,P000025,LOC013,1038,647.86,S0009,2025-02-21,46,542
2025-03-31,P000025,LOC013,1001,663.6,S0009,2025-03-16,46,542
2024-10-02,P000025,LOC014,727,640.78,S0009,2024-09-17,46,542
2024-11-01,P000025,LOC014,682,641.31,S0009,2024-10-15,46,542
2024-12-01,P000025,LOC014,715,644.19,S0009,2024-11-28,46,542
2024-12-31,P000025,LOC014,779,624.28,S0009,2024-12-04,46,542
2025-01-30,P000025,LOC014,759,639.92,S0009,2025-01-14,46,542
2025-03-01,P000025,LOC014,826,671.29,S0009,2025-02-23,46,542
2025-03-31,P000025,LOC014,921,664.1,S0009,2025-03-18,46,542
2024-10-02,P000025,LOC015,698,672.48,S0009,2024-09-29,46,542
2024-11-01,P000025,LOC015,759,683.26,S0009,2024-10-21,46,542
2024-12-01,P000025,LOC015,764,653.83,S0009,2024-11-07,46,542
2024-12-31,P000025,LOC015,717,654.13,S0009,2024-12-03,46,542
2025-01-30,P000025,LOC015,770,682.51,S0009,2025-01-17,46,542
2025-03-01,P000025,LOC015,791,648.78,S0009,2025-01-30,46,542
2025-03-31,P000025,LOC015,804,654.83,S0009,2025-03-13,46,542
2024-10-02,P000025,LOC016,746,666.46,S0009,2024-09-25,46,542
2024-11-01,P000025,LOC016,765,667.85,S0009,2024-10-11,46,542
2024-12-01,P000025,LOC016,776,673.33,S0009,2024-11-08,46,542
2024-12-31,P000025,LOC016,757,655.81,S0009,2024-12-28,46,542
2025-01-30,P000025,LOC016,719,679.81,S0009,2025-01-14,46,542
2025-03-01,P000025,LOC016,722,622.67,S0009,2025-02-20,46,542
2025-03-31,P000025,LOC016,750,640.15,S0009,2025-03-14,46,542
2024-10-02,P000025,LOC017,691,658.1,S0009,2024-09-21,46,542
2024-11-01,P000025,LOC017,790,647.66,S0009,2024-10-16,46,542
2024-12-01,P000025,LOC017,880,641.21,S0009,2024-11-22,46,542
2024-12-31,P000025,LOC017,921,664.34,S0009,2024-12-16,46,542
2025-01-30,P000025,LOC017,1018,654.67,S0009,2025-01-20,46,542
2025-03-01,P000025,LOC017,1020,646.28,S0009,2025-02-14,46,542
2025-03-31,P000025,LOC017,1069,638.68,S0009,2025-03-16,46,542
2024-10-02,P000025,LOC018,688,679.84,S0009,2024-09-19,46,542
2024-11-01,P000025,LOC018,786,652.43,S0009,2024-10-11,46,542
2024-12-01,P000025,LOC018,783,624.7,S0009,2024-11-06,46,542
2024-12-31,P000025,LOC018,844,659.61,S0009,2024-12-06,46,542
2025-01-30,P000025,LOC018,821,626.59,S0009,2025-01-18,46,542
2025-03-01,P000025,LOC018,917,684.27,S0009,2025-01-30,46,542
2025-03-31,P000025,LOC018,954,622.48,S0009,2025-03-05,46,542
2024-10-02,P000025,LOC019,755,670.83,S0009,2024-09-19,46,542
2024-11-01,P000025,LOC019,753,671.69,S0009,2024-10-12,46,542
2024-12-01,P000025,LOC019,786,647.34,S0009,2024-11-01,46,542
2024-12-31,P000025,LOC019,853,660.28,S0009,2024-12-22,46,542
2025-01-30,P000025,LOC019,840,654.07,S0009,2025-01-23,46,542
2025-03-01,P000025,LOC019,798,636.43,S0009,2025-02-24,46,542
2025-03-31,P000025,LOC019,898,668.7,S0009,2025-03-05,46,542
2024-10-02,P000025,LOC020,725,655.62,S0009,2024-09-08,46,542
2024-11-01,P000025,LOC020,714,633.46,S0009,2024-10-16,46,542
2024-12-01,P000025,LOC020,806,682.77,S0009,2024-11-25,46,542
2024-12-31,P000025,LOC020,845,623.03,S0009,2024-12-23,46,542
2025-01-30,P000025,LOC020,868,655.19,S0009,2025-01-24,46,542
2025-03-01,P000025,LOC020,859,678.25,S0009,2025-02-01,46,542
2025-03-31,P000025,LOC020,959,667.19,S0009,2025-03-24,46,542
2024-10-02,P000026,LOC001,777,42.49,S0027,2024-09-15,23,158
2024-11-01,P000026,LOC001,766,46.05,S0027,2024-10-12,23,158
2024-12-01,P000026,LOC001,777,43.04,S0027,2024-11-28,23,158
2024-12-31,P000026,LOC001,806,45.78,S0027,2024-12-14,23,158
2025-01-30,P000026,LOC001,761,43.21,S0027,2025-01-12,23,158
2025-03-01,P000026,LOC001,854,44.72,S0027,2025-01-30,23,158
2025-03-31,P000026,LOC001,912,41.77,S0027,2025-03-17,23,158
2024-10-02,P000026,LOC002,719,42.35,S0027,2024-09-23,23,158
2024-11-01,P000026,LOC002,751,44.56,S0027,2024-10-31,23,158
2024-12-01,P000026,LOC002,764,42.9,S0027,2024-11-17,23,158
2024-12-31,P000026,LOC002,754,43.85,S0027,2024-12-04,23,158
2025-01-30,P000026,LOC002,846,45.54,S0027,2025-01-07,23,158
2025-03-01,P000026,LOC002,881,45.68,S0027,2025-02-04,23,158
2025-03-31,P000026,LOC002,887,43.82,S0027,2025-03-19,23,158
2024-10-02,P000026,LOC003,807,45.06,S0027,2024-09-23,23,158
2024-11-01,P000026,LOC003,780,43.69,S0027,2024-10-08,23,158
2024-12-01,P000026,LOC003,826,41.79,S0027,2024-11-07,23,158
2024-12-31,P000026,LOC003,861,45.82,S0027,2024-12-18,23,158
2025-01-30,P000026,LOC003,916,45.11,S0027,2025-01-28,23,158
2025-03-01,P000026,LOC003,922,44.2,S0027,2025-01-30,23,158
2025-03-31,P000026,LOC003,904,44.82,S0027,2025-03-18,23,158
2024-10-02,P000026,LOC004,745,45.37,S0027,2024-09-09,23,158
2024-11-01,P000026,LOC004,795,44.13,S0027,2024-10-09,23,158
2024-12-01,P000026,LOC004,824,44.4,S0027,2024-11-27,23,158
2024-12-31,P000026,LOC004,850,44.49,S0027,2024-12-20,23,158
2025-01-30,P000026,LOC004,821,45.93,S0027,2025-01-16,23,158
2025-03-01,P000026,LOC004,920,44.78,S0027,2025-02-12,23,158
2025-03-31,P000026,LOC004,870,42.74,S0027,2025-03-19,23,158
2024-10-02,P000026,LOC005,746,41.79,S0027,2024-10-01,23,158
2024-11-01,P000026,LOC005,764,45.55,S0027,2024-10-15,23,158
2024-12-01,P000026,LOC005,716,44.82,S0027,2024-11-07,23,158
2024-12-31,P000026,LOC005,816,43.04,S0027,2024-12-16,23,158
2025-01-30,P000026,LOC005,815,43.17,S0027,2025-01-26,23,158
2025-03-01,P000026,LOC005,795,42.47,S0027,2025-02-12,23,158
2025-03-31,P000026,LOC005,804,41.79,S0027,2025-03-05,23,158
2024-10-02,P000026,LOC006,762,45.74,S0027,2024-09-06,23,158
2024-11-01,P000026,LOC006,716,44.63,S0027,2024-10-05,23,158
2024-12-01,P000026,LOC006,773,44.82,S0027,2024-11-04,23,158
2024-12-31,P000026,LOC006,748,43.54,S0027,2024-12-10,23,158
2025-01-30,P000026,LOC006,722,42.67,S0027,2025-01-03,23,158
2025-03-01,P000026,LOC006,683,43.62,S0027,2025-02-06,23,158
2025-03-31,P000026,LOC006,736,43.37,S0027,2025-03-15,23,158
2024-10-02,P000026,LOC007,711,43.65,S0027,2024-09-06,23,158
2024-11-01,P000026,LOC007,689,42.0,S0027,2024-10-06,23,158
2024-12-01,P000026,LOC007,773,44.26,S0027,2024-11-16,23,158
2024-12-31,P000026,LOC007,842,45.12,S0027,2024-12-06,23,158
2025-01-30,P000026,LOC007,843,45.86,S0027,2025-01-15,23,158
2025-03-01,P000026,LOC007,827,45.86,S0027,2025-02-17,23,158
2025-03-31,P000026,LOC007,915,44.64,S0027,2025-03-14,23,158
2024-10-02,P000026,LOC008,767,45.02,S0027,2024-09-02,23,158
2024-11-01,P000026,LOC008,857,45.56,S0027,2024-10-25,23,158
2024-12-01,P000026,LOC008,855,45.32,S0027,2024-11-25,23,158
2024-12-31,P000026,LOC008,945,42.64,S0027,2024-12-22,23,158
2025-01-30,P000026,LOC008,964,45.56,S0027,2025-01-24,23,158
2025-03-01,P000026,LOC008,1064,42.15,S0027,2025-02-10,23,158
2025-03-31,P000026,LOC008,1039,44.59,S0027,2025-03-07,23,158
2024-10-02,P000026,LOC009,675,41.81,S0027,2024-09-04,23,158
2024-11-01,P000026,LOC009,663,45.06,S0027,2024-10-18,23,158
2024-12-01,P000026,LOC009,714,44.92,S0027,2024-11-03,23,158
2024-12-31,P000026,LOC009,742,44.63,S0027,2024-12-01,23,158
2025-01-30,P000026,LOC009,732,43.51,S0027,2025-01-23,23,158
2025-03-01,P000026,LOC009,750,44.33,S0027,2025-01-31,23,158
2025-03-31,P000026,LOC009,816,45.44,S0027,2025-03-04,23,158
2024-10-02,P000026,LOC010,733,45.67,S0027,2024-09-18,23,158
2024-11-01,P000026,LOC010,765,42.53,S0027,2024-10-24,23,158
2024-12-01,P000026,LOC010,727,43.39,S0027,2024-11-27,23,158
2024-12-31,P000026,LOC010,702,44.61,S0027,2024-12-30,23,158
2025-01-30,P000026,LOC010,676,43.39,S0027,2025-01-14,23,158
2025-03-01,P000026,LOC010,749,43.54,S0027,2025-02-14,23,158
2025-03-31,P000026,LOC010,733,45.94,S0027,2025-03-09,23,158
2024-10-02,P000026,LOC011,759,43.98,S0027,2024-09-09,23,158
2024-11-01,P000026,LOC011,824,44.88,S0027,2024-10-02,23,158
2024-12-01,P000026,LOC011,819,45.89,S0027,2024-11-16,23,158
2024-12-31,P000026,LOC011,804,43.42,S0027,2024-12-27,23,158
2025-01-30,P000026,LOC011,763,43.09,S0027,2025-01-27,23,158
2025-03-01,P000026,LOC011,804,45.59,S0027,2025-02-03,23,158
2025-03-31,P000026,LOC011,874,42.66,S0027,2025-03-01,23,158
2024-10-02,P000026,LOC012,698,43.0,S0027,2024-09-26,23,158
2024-11-01,P000026,LOC012,666,44.99,S0027,2024-10-23,23,158
2024-12-01,P000026,LOC012,689,44.87,S0027,2024-11-08,23,158
2024-12-31,P000026,LOC012,659,45.39,S0027,2024-12-28,23,158
2025-01-30,P000026,LOC012,680,45.09,S0027,2025-01-27,23,158
2025-03-01,P000026,LOC012,671,43.2,S0027,2025-02-10,23,158
2025-03-31,P000026,LOC012,722,44.37,S0027,2025-03-03,23,158
2024-10-02,P000026,LOC013,767,45.82,S0027,2024-09-21,23,158
2024-11-01,P000026,LOC013,839,42.06,S0027,2024-10-23,23,158
2024-12-01,P000026,LOC013,877,44.37,S0027,2024-11-04,23,158
2024-12-31,P000026,LOC013,975,42.11,S0027,2024-12-16,23,158
2025-01-30,P000026,LOC013,1021,43.3,S0027,2025-01-20,23,158
2025-03-01,P000026,LOC013,1055,45.19,S0027,2025-01-30,23,158
2025-03-31,P000026,LOC013,1132,43.29,S0027,2025-03-19,23,158
2024-10-02,P000026,LOC014,739,44.65,S0027,2024-09-29,23,158
2024-11-01,P000026,LOC014,839,42.26,S0027,2024-10-28,23,158
2024-12-01,P000026,LOC014,821,44.96,S0027,2024-11-22,23,158
2024-12-31,P000026,LOC014,848,44.21,S0027,2024-12-15,23,158
2025-01-30,P000026,LOC014,821,45.0,S0027,2025-01-17,23,158
2025-03-01,P000026,LOC014,787,45.68,S0027,2025-02-02,23,158
2025-03-31,P000026,LOC014,769,45.35,S0027,2025-03-10,23,158
2024-10-02,P000026,LOC015,759,45.31,S0027,2024-09-14,23,158
2024-11-01,P000026,LOC015,730,44.16,S0027,2024-10-04,23,158
2024-12-01,P000026,LOC015,740,44.58,S0027,2024-11-16,23,158
2024-12-31,P000026,LOC015,728,43.08,S0027,2024-12-12,23,158
2025-01-30,P000026,LOC015,751,45.93,S0027,2025-01-12,23,158
2025-03-01,P000026,LOC015,833,45.63,S0027,2025-02-10,23,158
2025-03-31,P000026,LOC015,827,43.6,S0027,2025-03-23,23,158
2024-10-02,P000026,LOC016,734,42.62,S0027,2024-09-22,23,158
2024-11-01,P000026,LOC016,831,45.04,S0027,2024-10-25,23,158
2024-12-01,P000026,LOC016,859,45.11,S0027,2024-11-08,23,158
2024-12-31,P000026,LOC016,933,44.0,S0027,2024-12-18,23,158
2025-01-30,P000026,LOC016,896,44.35,S0027,2025-01-02,23,158
2025-03-01,P000026,LOC016,908,45.02,S0027,2025-02-05,23,158
2025-03-31,P000026,LOC016,966,43.09,S0027,2025-03-18,23,158
2024-10-02,P000026,LOC017,792,45.42,S0027,2024-09-15,23,158
2024-11-01,P000026,LOC017,760,45.48,S0027,2024-10-20,23,158
2024-12-01,P000026,LOC017,713,42.68,S0027,2024-11-17,23,158
2024-12-31,P000026,LOC017,744,42.27,S0027,2024-12-20,23,158
2025-01-30,P000026,LOC017,783,45.95,S0027,2025-01-11,23,158
2025-03-01,P000026,LOC017,874,42.34,S0027,2025-02-14,23,158
2025-03-31,P000026,LOC017,970,45.21,S0027,2025-03-26,23,158
2024-10-02,P000026,LOC018,728,45.1,S0027,2024-09-08,23,158
2024-11-01,P000026,LOC018,698,42.07,S0027,2024-10-29,23,158
2024-12-01,P000026,LOC018,696,42.62,S0027,2024-11-07,23,158
2024-12-31,P000026,LOC018,753,44.14,S0027,2024-12-07,23,158
2025-01-30,P000026,LOC018,762,44.2,S0027,2025-01-27,23,158
2025-03-01,P000026,LOC018,820,41.75,S0027,2025-02-01,23,158
2025-03-31,P000026,LOC018,802,44.14,S0027,2025-03-05,23,158
2024-10-02,P000026,LOC019,674,41.96,S0027,2024-09-16,23,158
2024-11-01,P000026,LOC019,755,44.76,S0027,2024-10-17,23,158
2024-12-01,P000026,LOC019,809,43.57,S0027,2024-11-06,23,158
2024-12-31,P000026,LOC019,782,45.41,S0027,2024-12-09,23,158
2025-01-30,P000026,LOC019,844,45.26,S0027,2025-01-16,23,158
2025-03-01,P000026,LOC019,871,42.16,S0027,2025-01-30,23,158
2025-03-31,P000026,LOC019,926,41.95,S0027,2025-03-08,23,158
2024-10-02,P000026,LOC020,709,43.68,S0027,2024-09-03,23,158
2024-11-01,P000026,LOC020,747,45.91,S0027,2024-10-29,23,158
2024-12-01,P000026,LOC020,842,44.46,S0027,2024-11-21,23,158
2024-12-31,P000026,LOC020,909,44.23,S0027,2024-12-01,23,158
2025-01-30,P000026,LOC020,864,45.6,S0027,2025-01-18,23,158
2025-03-01,P000026,LOC020,962,43.44,S0027,2025-01-30,23,158
2025-03-31,P000026,LOC020,1057,44.08,S0027,2025-03-23,23,158
2024-10-02,P000027,LOC001,235,525.1,S0018,2024-09-05,48,759
2024-11-01,P000027,LOC001,186,526.42,S0018,2024-10-27,48,759
2024-12-01,P000027,LOC001,183,491.1,S0018,2024-11-13,48,759
2024-12-31,P000027,LOC001,263,498.05,S0018,2024-12-17,48,759
2025-01-30,P000027,LOC001,282,486.59,S0018,2025-01-07,48,759
2025-03-01,P000027,LOC001,318,503.43,S0018,2025-02-02,48,759
2025-03-31,P000027,LOC001,398,486.09,S0018,2025-03-01,48,759
2024-10-02,P000027,LOC002,230,513.03,S0018,2024-09-18,48,759
2024-11-01,P000027,LOC002,250,509.82,S0018,2024-10-10,48,759
2024-12-01,P000027,LOC002,228,499.86,S0018,2024-11-08,48,759
2024-12-31,P000027,LOC002,305,524.99,S0018,2024-12-06,48,759
2025-01-30,P000027,LOC002,378,483.57,S0018,2025-01-25,48,759
2025-03-01,P000027,LOC002,400,510.33,S0018,2025-02-02,48,759
2025-03-31,P000027,LOC002,448,501.1,S0018,2025-03-17,48,759
2024-10-02,P000027,LOC003,365,496.08,S0018,2024-09-14,48,759
2024-11-01,P000027,LOC003,388,498.01,S0018,2024-10-21,48,759
2024-12-01,P000027,LOC003,383,489.14,S0018,2024-11-12,48,759
2024-12-31,P000027,LOC003,428,490.1,S0018,2024-12-12,48,759
2025-01-30,P000027,LOC003,387,521.05,S0018,2025-01-06,48,759
2025-03-01,P000027,LOC003,373,504.54,S0018,2025-02-25,48,759
2025-03-31,P000027,LOC003,354,514.14,S0018,2025-03-12,48,759
2024-10-02,P000027,LOC004,265,494.77,S0018,2024-09-27,48,759
2024-11-01,P000027,LOC004,231,523.64,S0018,2024-10-09,48,759
2024-12-01,P000027,LOC004,326,504.66,S0018,2024-11-25,48,759
2024-12-31,P000027,LOC004,414,498.87,S0018,2024-12-24,48,759
2025-01-30,P000027,LOC004,445,482.59,S0018,2025-01-05,48,759
2025-03-01,P000027,LOC004,473,523.44,S0018,2025-02-16,48,759
2025-03-31,P000027,LOC004,425,502.49,S0018,2025-03-03,48,759
2024-10-02,P000027,LOC005,241,521.13,S0018,2024-09-15,48,759
2024-11-01,P000027,LOC005,316,490.64,S0018,2024-10-29,48,759
2024-12-01,P000027,LOC005,284,516.94,S0018,2024-11-22,48,759
2024-12-31,P000027,LOC005,271,487.6,S0018,2024-12-05,48,759
2025-01-30,P000027,LOC005,325,526.78,S0018,2025-01-01,48,759
2025-03-01,P000027,LOC005,410,524.14,S0018,2025-02-20,48,759
2025-03-31,P000027,LOC005,419,501.64,S0018,2025-03-24,48,759
2024-10-02,P000027,LOC006,257,496.61,S0018,2024-09-25,48,759
2024-11-01,P000027,LOC006,348,484.53,S0018,2024-10-04,48,759
2024-12-01,P000027,LOC006,336,516.02,S0018,2024-11-25,48,759
2024-12-31,P000027,LOC006,429,530.66,S0018,2024-12-13,48,759
2025-01-30,P000027,LOC006,395,486.47,S0018,2025-01-16,48,759
2025-03-01,P000027,LOC006,451,485.03,S0018,2025-02-14,48,759
2025-03-31,P000027,LOC006,434,527.12,S0018,2025-03-02,48,759
2024-10-02,P000027,LOC007,256,529.08,S0018,2024-09-09,48,759
2024-11-01,P000027,LOC007,275,512.32,S0018,2024-10-21,48,759
2024-12-01,P000027,LOC007,356,482.01,S0018,2024-11-06,48,759
2024-12-31,P000027,LOC007,395,525.97,S0018,2024-12-11,48,759
2025-01-30,P000027,LOC007,460,522.2,S0018,2025-01-15,48,759
2025-03-01,P000027,LOC007,534,531.26,S0018,2025-02-01,48,759
2025-03-31,P000027,LOC007,548,490.12,S0018,2025-03-26,48,759
2024-10-02,P000027,LOC008,357,504.33,S0018,2024-09-11,48,759
2024-11-01,P000027,LOC008,429,526.97,S0018,2024-10-10,48,759
2024-12-01,P000027,LOC008,452,517.15,S0018,2024-11-27,48,759
2024-12-31,P000027,LOC008,467,501.74,S0018,2024-12-11,48,759
2025-01-30,P000027,LOC008,420,484.87,S0018,2025-01-16,48,759
2025-03-01,P000027,LOC008,501,505.1,S0018,2025-02-19,48,759
2025-03-31,P000027,LOC008,513,498.58,S0018,2025-03-05,48,759
2024-10-02,P000027,LOC009,272,507.8,S0018,2024-09-21,48,759
2024-11-01,P000027,LOC009,293,524.37,S0018,2024-10-05,48,759
2024-12-01,P000027,LOC009,281,490.53,S0018,2024-11-14,48,759
2024-12-31,P000027,LOC009,253,524.97,S0018,2024-12-03,48,759
2025-01-30,P000027,LOC009,347,527.42,S0018,2025-01-14,48,759
2025-03-01,P000027,LOC009,397,504.78,S0018,2025-02-25,48,759
2025-03-31,P000027,LOC009,472,502.38,S0018,2025-03-04,48,759
2024-10-02,P000027,LOC010,240,520.43,S0018,2024-09-02,48,759
2024-11-01,P000027,LOC010,229,491.6,S0018,2024-10-14,48,759
2024-12-01,P000027,LOC010,191,528.02,S0018,2024-11-24,48,759
2024-12-31,P000027,LOC010,141,499.88,S0018,2024-12-02,48,759
2025-01-30,P000027,LOC010,192,494.5,S0018,2025-01-05,48,759
2025-03-01,P000027,LOC010,191,485.0,S0018,2025-02-03,48,759
2025-03-31,P000027,LOC010,142,498.68,S0018,2025-03-19,48,759
2024-10-02,P000027,LOC011,270,512.72,S0018,2024-10-01,48,759
2024-11-01,P000027,LOC011,235,525.36,S0018,2024-10-06,48,759
2024-12-01,P000027,LOC011,224,500.53,S0018,2024-11-27,48,759
2024-12-31,P000027,LOC011,282,497.09,S0018,2024-12-13,48,759
2025-01-30,P000027,LOC011,298,517.32,S0018,2025-01-01,48,759
2025-03-01,P000027,LOC011,262,526.39,S0018,2025-02-05,48,759
2025-03-31,P000027,LOC011,318,521.15,S0018,2025-03-14,48,759
2024-10-02,P000027,LOC012,348,499.9,S0018,2024-09-19,48,759
2024-11-01,P000027,LOC012,394,521.75,S0018,2024-10-14,48,759
2024-12-01,P000027,LOC012,364,495.27,S0018,2024-11-02,48,759
2024-12-31,P000027,LOC012,427,491.65,S0018,2024-12-07,48,759
2025-01-30,P000027,LOC012,477,484.91,S0018,2025-01-19,48,759
2025-03-01,P000027,LOC012,557,525.64,S0018,2025-01-30,48,759
2025-03-31,P000027,LOC012,573,505.49,S0018,2025-03-02,48,759
2024-10-02,P000027,LOC013,323,511.92,S0018,2024-10-01,48,759
2024-11-01,P000027,LOC013,361,512.49,S0018,2024-10-17,48,759
2024-12-01,P000027,LOC013,342,483.61,S0018,2024-11-25,48,759
2024-12-31,P000027,LOC013,413,485.73,S0018,2024-12-01,48,759
2025-01-30,P000027,LOC013,365,511.47,S0018,2025-01-07,48,759
2025-03-01,P000027,LOC013,422,523.02,S0018,2025-02-12,48,759
2025-03-31,P000027,LOC013,448,528.37,S0018,2025-03-11,48,759
2024-10-02,P000027,LOC014,373,483.3,S0018,2024-09-03,48,759
2024-11-01,P000027,LOC014,357,518.16,S0018,2024-10-22,48,759
2024-12-01,P000027,LOC014,318,490.07,S0018,2024-11-06,48,759
2024-12-31,P000027,LOC014,270,510.49,S0018,2024-12-06,48,759
2025-01-30,P000027,LOC014,230,510.86,S0018,2025-01-15,48,759
2025-03-01,P000027,LOC014,188,503.25,S0018,2025-02-01,48,759
2025-03-31,P000027,LOC014,150,502.07,S0018,2025-03-04,48,759
2024-10-02,P000027,LOC015,376,483.56,S0018,2024-09-27,48,759
2024-11-01,P000027,LOC015,458,529.68,S0018,2024-10-18,48,759
2024-12-01,P000027,LOC015,543,489.16,S0018,2024-11-12,48,759
2024-12-31,P000027,LOC015,609,485.32,S0018,2024-12-22,48,759
2025-01-30,P000027,LOC015,613,517.26,S0018,2025-01-24,48,759
2025-03-01,P000027,LOC015,588,488.29,S0018,2025-02-27,48,759
2025-03-31,P000027,LOC015,634,525.84,S0018,2025-03-13,48,759
2024-10-02,P000027,LOC016,317,502.65,S0018,2024-09-02,48,759
2024-11-01,P000027,LOC016,314,485.56,S0018,2024-10-13,48,759
2024-12-01,P000027,LOC016,375,513.16,S0018,2024-11-07,48,759
2024-12-31,P000027,LOC016,446,501.02,S0018,2024-12-14,48,759
2025-01-30,P000027,LOC016,400,521.76,S0018,2025-01-13,48,759
2025-03-01,P000027,LOC016,391,519.29,S0018,2025-02-19,48,759
2025-03-31,P000027,LOC016,368,495.66,S0018,2025-03-26,48,759
2024-10-02,P000027,LOC017,284,486.8,S0018,2024-09-30,48,759
2024-11-01,P000027,LOC017,271,487.81,S0018,2024-10-30,48,759
2024-12-01,P000027,LOC017,279,496.14,S0018,2024-11-06,48,759
2024-12-31,P000027,LOC017,353,495.2,S0018,2024-12-29,48,759
2025-01-30,P000027,LOC017,453,507.17,S0018,2025-01-17,48,759
2025-03-01,P000027,LOC017,454,512.01,S0018,2025-02-04,48,759
2025-03-31,P000027,LOC017,491,500.7,S0018,2025-03-15,48,759
2024-10-02,P000027,LOC018,295,486.15,S0018,2024-09-29,48,759
2024-11-01,P000027,LOC018,320,499.94,S0018,2024-10-08,48,759
2024-12-01,P000027,LOC018,374,510.8,S0018,2024-11-03,48,759
2024-12-31,P000027,LOC018,407,498.55,S0018,2024-12-04,48,759
2025-01-30,P000027,LOC018,505,485.98,S0018,2025-01-28,48,759
2025-03-01,P000027,LOC018,494,496.54,S0018,2025-02-25,48,759
2025-03-31,P000027,LOC018,548,486.83,S0018,2025-03-11,48,759
2024-10-02,P000027,LOC019,360,495.57,S0018,2024-09-02,48,759
2024-11-01,P000027,LOC019,315,505.51,S0018,2024-10-20,48,759
2024-12-01,P000027,LOC019,269,506.13,S0018,2024-11-29,48,759
2024-12-31,P000027,LOC019,316,494.18,S0018,2024-12-10,48,759
2025-01-30,P000027,LOC019,350,516.28,S0018,2025-01-29,48,759
2025-03-01,P000027,LOC019,409,516.83,S0018,2025-02-18,48,759
2025-03-31,P000027,LOC019,469,520.25,S0018,2025-03-07,48,759
2024-10-02,P000027,LOC020,291,498.82,S0018,2024-09-24,48,759
2024-11-01,P000027,LOC020,276,501.89,S0018,2024-10-06,48,759
2024-12-01,P000027,LOC020,248,484.65,S0018,2024-11-18,48,759
2024-12-31,P000027,LOC020,249,528.82,S0018,2024-12-17,48,759
2025-01-30,P000027,LOC020,210,507.49,S0018,2025-01-04,48,759
2025-03-01,P000027,LOC020,164,495.83,S0018,2025-02-25,48,759
2025-03-31,P000027,LOC020,129,526.25,S0018,2025-03-12,48,759
2024-10-02,P000028,LOC001,577,65.14,S0005,2024-09-06,38,422
2024-11-01,P000028,LOC001,649,70.19,S0005,2024-10-31,38,422
2024-12-01,P000028,LOC001,611,67.97,S0005,2024-11-27,38,422
2024-12-31,P000028,LOC001,616,67.81,S0005,2024-12-01,38,422
2025-01-30,P000028,LOC001,584,66.81,S0005,2025-01-02,38,422
2025-03-01,P000028,LOC001,630,65.56,S0005,2025-02-22,38,422
2025-03-31,P000028,LOC001,581,66.62,S0005,2025-03-16,38,422
2024-10-02,P000028,LOC002,470,70.85,S0005,2024-09-02,38,422
2024-11-01,P000028,LOC002,466,66.53,S0005,2024-10-23,38,422
2024-12-01,P000028,LOC002,529,68.61,S0005,2024-11-01,38,422
2024-12-31,P000028,LOC002,482,70.37,S0005,2024-12-14,38,422
2025-01-30,P000028,LOC002,555,68.31,S0005,2025-01-22,38,422
2025-03-01,P000028,LOC002,515,70.79,S0005,2025-02-21,38,422
2025-03-31,P000028,LOC002,561,69.23,S0005,2025-03-29,38,422
2024-10-02,P000028,LOC003,578,67.62,S0005,2024-09-08,38,422
2024-11-01,P000028,LOC003,562,66.02,S0005,2024-10-27,38,422
2024-12-01,P000028,LOC003,591,68.03,S0005,2024-11-05,38,422
2024-12-31,P000028,LOC003,588,68.38,S0005,2024-12-08,38,422
2025-01-30,P000028,LOC003,688,68.35,S0005,2025-01-16,38,422
2025-03-01,P000028,LOC003,658,69.25,S0005,2025-02-28,38,422
2025-03-31,P000028,LOC003,696,69.17,S0005,2025-03-09,38,422
2024-10-02,P000028,LOC004,539,71.42,S0005,2024-09-19,38,422
2024-11-01,P000028,LOC004,623,68.87,S0005,2024-10-27,38,422
2024-12-01,P000028,LOC004,621,70.27,S0005,2024-11-05,38,422
2024-12-31,P000028,LOC004,577,65.15,S0005,2024-12-27,38,422
2025-01-30,P000028,LOC004,608,70.3,S0005,2025-01-18,38,422
2025-03-01,P000028,LOC004,578,69.24,S0005,2025-02-22,38,422
2025-03-31,P000028,LOC004,544,65.58,S0005,2025-03-19,38,422
2024-10-02,P000028,LOC005,461,68.47,S0005,2024-09-20,38,422
2024-11-01,P000028,LOC005,533,68.11,S0005,2024-10-11,38,422
2024-12-01,P000028,LOC005,606,64.83,S0005,2024-11-27,38,422
2024-12-31,P000028,LOC005,576,68.75,S0005,2024-12-19,38,422
2025-01-30,P000028,LOC005,647,67.04,S0005,2025-01-01,38,422
2025-03-01,P000028,LOC005,597,70.5,S0005,2025-02-10,38,422
2025-03-31,P000028,LOC005,560,66.08,S0005,2025-03-27,38,422
2024-10-02,P000028,LOC006,490,67.99,S0005,2024-09-17,38,422
2024-11-01,P000028,LOC006,489,69.46,S0005,2024-10-20,38,422
2024-12-01,P000028,LOC006,524,64.81,S0005,2024-11-29,38,422
2024-12-31,P000028,LOC006,560,65.7,S0005,2024-12-19,38,422
2025-01-30,P000028,LOC006,600,65.35,S0005,2025-01-12,38,422
2025-03-01,P000028,LOC006,562,69.72,S0005,2025-02-25,38,422
2025-03-31,P000028,LOC006,630,70.32,S0005,2025-03-07,38,422
2024-10-02,P000028,LOC007,528,70.37,S0005,2024-09-26,38,422
2024-11-01,P000028,LOC007,526,67.55,S0005,2024-10-31,38,422
2024-12-01,P000028,LOC007,593,71.22,S0005,2024-11-19,38,422
2024-12-31,P000028,LOC007,593,71.21,S0005,2024-12-02,38,422
2025-01-30,P000028,LOC007,617,69.18,S0005,2025-01-13,38,422
2025-03-01,P000028,LOC007,636,69.06,S0005,2025-02-25,38,422
2025-03-31,P000028,LOC007,614,66.4,S0005,2025-03-08,38,422
2024-10-02,P000028,LOC008,471,68.53,S0005,2024-09-02,38,422
2024-11-01,P000028,LOC008,457,69.05,S0005,2024-10-23,38,422
2024-12-01,P000028,LOC008,534,70.88,S0005,2024-11-14,38,422
2024-12-31,P000028,LOC008,497,67.37,S0005,2024-12-02,38,422
2025-01-30,P000028,LOC008,596,65.61,S0005,2025-01-29,38,422
2025-03-01,P000028,LOC008,592,68.0,S0005,2025-02-20,38,422
2025-03-31,P000028,LOC008,673,64.86,S0005,2025-03-13,38,422
2024-10-02,P000028,LOC009,530,68.4,S0005,2024-09-27,38,422
2024-11-01,P000028,LOC009,535,69.89,S0005,2024-10-07,38,422
2024-12-01,P000028,LOC009,556,65.59,S0005,2024-11-30,38,422
2024-12-31,P000028,LOC009,630,66.14,S0005,2024-12-10,38,422
2025-01-30,P000028,LOC009,709,64.91,S0005,2025-01-06,38,422
2025-03-01,P000028,LOC009,806,67.7,S0005,2025-02-19,38,422
2025-03-31,P000028,LOC009,829,67.58,S0005,2025-03-28,38,422
2024-10-02,P000028,LOC010,458,69.04,S0005,2024-09-25,38,422
2024-11-01,P000028,LOC010,546,66.55,S0005,2024-10-12,38,422
2024-12-01,P000028,LOC010,554,70.06,S0005,2024-11-06,38,422
2024-12-31,P000028,LOC010,598,68.36,S0005,2024-12-23,38,422
2025-01-30,P000028,LOC010,594,69.2,S0005,2025-01-25,38,422
2025-03-01,P000028,LOC010,545,65.77,S0005,2025-02-07,38,422
2025-03-31,P000028,LOC010,606,65.88,S0005,2025-03-03,38,422
2024-10-02,P000028,LOC011,485,68.45,S0005,2024-09-28,38,422
2024-11-01,P000028,LOC011,450,69.01,S0005,2024-10-09,38,422
2024-12-01,P000028,LOC011,462,70.01,S0005,2024-11-01,38,422
2024-12-31,P000028,LOC011,457,69.48,S0005,2024-12-18,38,422
2025-01-30,P000028,LOC011,540,66.65,S0005,2025-01-23,38,422
2025-03-01,P000028,LOC011,584,70.02,S0005,2025-02-22,38,422
2025-03-31,P000028,LOC011,591,66.58,S0005,2025-03-27,38,422
2024-10-02,P000028,LOC012,539,64.81,S0005,2024-09-02,38,422
2024-11-01,P000028,LOC012,606,70.84,S0005,2024-10-11,38,422
2024-12-01,P000028,LOC012,623,67.99,S0005,2024-11-04,38,422
2024-12-31,P000028,LOC012,697,68.13,S0005,2024-12-28,38,422
2025-01-30,P000028,LOC012,708,68.41,S0005,2025-01-02,38,422
2025-03-01,P000028,LOC012,707,68.75,S0005,2025-02-16,38,422
2025-03-31,P000028,LOC012,713,65.15,S0005,2025-03-08,38,422
2024-10-02,P000028,LOC013,481,70.21,S0005,2024-09-15,38,422
2024-11-01,P000028,LOC013,497,70.97,S0005,2024-10-05,38,422
2024-12-01,P000028,LOC013,551,67.53,S0005,2024-11-10,38,422
2024-12-31,P000028,LOC013,538,66.77,S0005,2024-12-18,38,422
2025-01-30,P000028,LOC013,570,70.78,S0005,2025-01-02,38,422
2025-03-01,P000028,LOC013,564,65.28,S0005,2025-02-28,38,422
2025-03-31,P000028,LOC013,632,70.86,S0005,2025-03-21,38,422
2024-10-02,P000028,LOC014,542,66.94,S0005,2024-09-03,38,422
2024-11-01,P000028,LOC014,547,68.63,S0005,2024-10-25,38,422
2024-12-01,P000028,LOC014,619,67.51,S0005,2024-11-27,38,422
2024-12-31,P000028,LOC014,583,70.92,S0005,2024-12-29,38,422
2025-01-30,P000028,LOC014,620,67.97,S0005,2025-01-19,38,422
2025-03-01,P000028,LOC014,700,65.46,S0005,2025-02-13,38,422
2025-03-31,P000028,LOC014,776,65.22,S0005,2025-03-12,38,422
2024-10-02,P000028,LOC015,588,69.43,S0005,2024-09-21,38,422
2024-11-01,P000028,LOC015,621,67.83,S0005,2024-10-15,38,422
2024-12-01,P000028,LOC015,695,71.39,S0005,2024-11-11,38,422
2024-12-31,P000028,LOC015,645,71.49,S0005,2024-12-25,38,422
2025-01-30,P000028,LOC015,681,66.64,S0005,2025-01-29,38,422
2025-03-01,P000028,LOC015,686,65.67,S0005,2025-02-23,38,422
2025-03-31,P000028,LOC015,717,70.65,S0005,2025-03-25,38,422
2024-10-02,P000028,LOC016,598,67.15,S0005,2024-09-09,38,422
2024-11-01,P000028,LOC016,682,69.4,S0005,2024-10-26,38,422
2024-12-01,P000028,LOC016,665,65.39,S0005,2024-11-25,38,422
2024-12-31,P000028,LOC016,630,66.37,S0005,2024-12-22,38,422
2025-01-30,P000028,LOC016,646,71.49,S0005,2025-01-29,38,422
2025-03-01,P000028,LOC016,598,70.3,S0005,2025-02-24,38,422
2025-03-31,P000028,LOC016,601,68.44,S0005,2025-03-25,38,422
2024-10-02,P000028,LOC017,577,69.96,S0005,2024-09-14,38,422
2024-11-01,P000028,LOC017,603,70.54,S0005,2024-10-31,38,422
2024-12-01,P000028,LOC017,660,66.99,S0005,2024-11-17,38,422
2024-12-31,P000028,LOC017,711,68.49,S0005,2024-12-12,38,422
2025-01-30,P000028,LOC017,703,64.92,S0005,2024-12-31,38,422
2025-03-01,P000028,LOC017,766,66.47,S0005,2025-02-15,38,422
2025-03-31,P000028,LOC017,804,69.08,S0005,2025-03-20,38,422
2024-10-02,P000028,LOC018,602,68.46,S0005,2024-09-30,38,422
2024-11-01,P000028,LOC018,691,70.27,S0005,2024-10-25,38,422
2024-12-01,P000028,LOC018,760,65.25,S0005,2024-11-21,38,422
2024-12-31,P000028,LOC018,726,67.78,S0005,2024-12-28,38,422
2025-01-30,P000028,LOC018,744,65.54,S0005,2025-01-18,38,422
2025-03-01,P000028,LOC018,784,67.2,S0005,2025-02-12,38,422
2025-03-31,P000028,LOC018,871,68.47,S0005,2025-03-06,38,422
2024-10-02,P000028,LOC019,600,68.21,S0005,2024-09-10,38,422
2024-11-01,P000028,LOC019,642,64.81,S0005,2024-10-30,38,422
2024-12-01,P000028,LOC019,689,69.86,S0005,2024-11-08,38,422
2024-12-31,P000028,LOC019,658,68.45,S0005,2024-12-04,38,422
2025-01-30,P000028,LOC019,755,68.1,S0005,2025-01-07,38,422
2025-03-01,P000028,LOC019,709,68.27,S0005,2025-02-09,38,422
2025-03-31,P000028,LOC019,782,65.34,S0005,2025-03-21,38,422
2024-10-02,P000028,LOC020,491,70.5,S0005,2024-09-24,38,422
2024-11-01,P000028,LOC020,547,68.63,S0005,2024-10-10,38,422
2024-12-01,P000028,LOC020,539,66.45,S0005,2024-11-11,38,422
2024-12-31,P000028,LOC020,504,66.39,S0005,2024-12-20,38,422
2025-01-30,P000028,LOC020,583,65.96,S0005,2025-01-01,38,422
2025-03-01,P000028,LOC020,624,71.27,S0005,2025-02-17,38,422
2025-03-31,P000028,LOC020,587,66.99,S0005,2025-03-17,38,422
2024-10-02,P000029,LOC001,581,44.11,S0001,2024-09-11,13,999
2024-11-01,P000029,LOC001,607,46.27,S0001,2024-10-19,13,999
2024-12-01,P000029,LOC001,630,44.18,S0001,2024-11-29,13,999
2024-12-31,P000029,LOC001,659,46.91,S0001,2024-12-26,13,999
2025-01-30,P000029,LOC001,708,46.51,S0001,2025-01-07,13,999
2025-03-01,P000029,LOC001,719,47.34,S0001,2025-02-22,13,999
2025-03-31,P000029,LOC001,781,48.36,S0001,2025-03-24,13,999
2024-10-02,P000029,LOC002,655,47.67,S0001,2024-09-28,13,999
2024-11-01,P000029,LOC002,696,45.59,S0001,2024-10-31,13,999
2024-12-01,P000029,LOC002,729,46.89,S0001,2024-11-29,13,999
2024-12-31,P000029,LOC002,714,47.29,S0001,2024-12-22,13,999
2025-01-30,P000029,LOC002,752,46.87,S0001,2025-01-26,13,999
2025-03-01,P000029,LOC002,770,46.98,S0001,2025-02-23,13,999
2025-03-31,P000029,LOC002,844,47.26,S0001,2025-03-01,13,999
2024-10-02,P000029,LOC003,611,47.97,S0001,2024-09-05,13,999
2024-11-01,P000029,LOC003,633,43.9,S0001,2024-10-07,13,999
2024-12-01,P000029,LOC003,618,44.32,S0001,2024-11-08,13,999
2024-12-31,P000029,LOC003,599,48.07,S0001,2024-12-20,13,999
2025-01-30,P000029,LOC003,642,46.26,S0001,2025-01-25,13,999
2025-03-01,P000029,LOC003,595,44.88,S0001,2025-02-02,13,999
2025-03-31,P000029,LOC003,688,46.56,S0001,2025-03-28,13,999
2024-10-02,P000029,LOC004,621,47.73,S0001,2024-09-29,13,999
2024-11-01,P000029,LOC004,703,44.27,S0001,2024-10-23,13,999
2024-12-01,P000029,LOC004,684,44.12,S0001,2024-11-22,13,999
2024-12-31,P000029,LOC004,641,45.03,S0001,2024-12-21,13,999
2025-01-30,P000029,LOC004,672,44.77,S0001,2025-01-12,13,999
2025-03-01,P000029,LOC004,769,44.45,S0001,2025-02-12,13,999
2025-03-31,P000029,LOC004,780,44.34,S0001,2025-03-05,13,999
2024-10-02,P000029,LOC005,654,45.95,S0001,2024-09-11,13,999
2024-11-01,P000029,LOC005,708,45.09,S0001,2024-10-09,13,999
2024-12-01,P000029,LOC005,731,47.89,S0001,2024-11-07,13,999
2024-12-31,P000029,LOC005,772,44.66,S0001,2024-12-09,13,999
2025-01-30,P000029,LOC005,776,46.5,S0001,2025-01-18,13,999
2025-03-01,P000029,LOC005,834,46.42,S0001,2025-02-22,13,999
2025-03-31,P000029,LOC005,841,48.44,S0001,2025-03-25,13,999
2024-10-02,P000029,LOC006,633,47.33,S0001,2024-09-10,13,999
2024-11-01,P000029,LOC006,596,46.76,S0001,2024-10-06,13,999
2024-12-01,P000029,LOC006,593,48.11,S0001,2024-11-30,13,999
2024-12-31,P000029,LOC006,581,47.39,S0001,2024-12-01,13,999
2025-01-30,P000029,LOC006,616,45.74,S0001,2025-01-23,13,999
2025-03-01,P000029,LOC006,666,44.75,S0001,2025-02-08,13,999
2025-03-31,P000029,LOC006,723,45.96,S0001,2025-03-12,13,999
2024-10-02,P000029,LOC007,643,47.09,S0001,2024-09-16,13,999
2024-11-01,P000029,LOC007,734,44.69,S0001,2024-10-10,13,999
2024-12-01,P000029,LOC007,709,47.45,S0001,2024-11-07,13,999
2024-12-31,P000029,LOC007,737,45.55,S0001,2024-12-06,13,999
2025-01-30,P000029,LOC007,687,46.65,S0001,2025-01-18,13,999
2025-03-01,P000029,LOC007,697,47.56,S0001,2025-02-10,13,999
2025-03-31,P000029,LOC007,678,45.88,S0001,2025-03-22,13,999
2024-10-02,P000029,LOC008,680,45.61,S0001,2024-10-01,13,999
2024-11-01,P000029,LOC008,685,44.63,S0001,2024-10-24,13,999
2024-12-01,P000029,LOC008,682,46.46,S0001,2024-11-17,13,999
2024-12-31,P000029,LOC008,678,44.1,S0001,2024-12-30,13,999
2025-01-30,P000029,LOC008,710,47.48,S0001,2025-01-14,13,999
2025-03-01,P000029,LOC008,803,47.01,S0001,2025-02-16,13,999
2025-03-31,P000029,LOC008,826,47.87,S0001,2025-03-08,13,999
2024-10-02,P000029,LOC009,693,47.95,S0001,2024-09-02,13,999
2024-11-01,P000029,LOC009,650,45.07,S0001,2024-10-02,13,999
2024-12-01,P000029,LOC009,741,48.3,S0001,2024-11-11,13,999
2024-12-31,P000029,LOC009,760,46.92,S0001,2024-12-04,13,999
2025-01-30,P000029,LOC009,773,45.05,S0001,2025-01-20,13,999
2025-03-01,P000029,LOC009,835,45.13,S0001,2025-02-12,13,999
2025-03-31,P000029,LOC009,926,47.22,S0001,2025-03-09,13,999
2024-10-02,P000029,LOC010,572,48.22,S0001,2024-09-03,13,999
2024-11-01,P000029,LOC010,590,44.06,S0001,2024-10-06,13,999
2024-12-01,P000029,LOC010,668,47.6,S0001,2024-11-11,13,999
2024-12-31,P000029,LOC010,628,44.81,S0001,2024-12-07,13,999
2025-01-30,P000029,LOC010,597,47.29,S0001,2025-01-14,13,999
2025-03-01,P000029,LOC010,616,45.91,S0001,2025-02-24,13,999
2025-03-31,P000029,LOC010,606,47.8,S0001,2025-03-15,13,999
2024-10-02,P000029,LOC011,642,46.36,S0001,2024-09-21,13,999
2024-11-01,P000029,LOC011,686,47.3,S0001,2024-10-24,13,999
2024-12-01,P000029,LOC011,688,44.81,S0001,2024-11-15,13,999
2024-12-31,P000029,LOC011,718,45.54,S0001,2024-12-14,13,999
2025-01-30,P000029,LOC011,708,47.74,S0001,2025-01-10,13,999
2025-03-01,P000029,LOC011,782,43.92,S0001,2025-02-12,13,999
2025-03-31,P000029,LOC011,871,46.19,S0001,2025-03-18,13,999
2024-10-02,P000029,LOC012,587,45.8,S0001,2024-09-29,13,999
2024-11-01,P000029,LOC012,562,47.97,S0001,2024-10-05,13,999
2024-12-01,P000029,LOC012,529,44.81,S0001,2024-11-12,13,999
2024-12-31,P000029,LOC012,550,48.07,S0001,2024-12-30,13,999
2025-01-30,P000029,LOC012,623,45.76,S0001,2025-01-02,13,999
2025-03-01,P000029,LOC012,579,47.23,S0001,2025-01-30,13,999
2025-03-31,P000029,LOC012,607,44.65,S0001,2025-03-17,13,999
2024-10-02,P000029,LOC013,587,46.79,S0001,2024-09-29,13,999
2024-11-01,P000029,LOC013,545,45.04,S0001,2024-10-26,13,999
2024-12-01,P000029,LOC013,637,44.72,S0001,2024-11-20,13,999
2024-12-31,P000029,LOC013,723,46.32,S0001,2024-12-14,13,999
2025-01-30,P000029,LOC013,773,45.01,S0001,2025-01-01,13,999
2025-03-01,P000029,LOC013,866,47.61,S0001,2025-02-04,13,999
2025-03-31,P000029,LOC013,866,44.52,S0001,2025-03-10,13,999
2024-10-02,P000029,LOC014,640,44.02,S0001,2024-09-09,13,999
2024-11-01,P000029,LOC014,731,44.2,S0001,2024-10-09,13,999
2024-12-01,P000029,LOC014,745,46.34,S0001,2024-11-19,13,999
2024-12-31,P000029,LOC014,781,43.99,S0001,2024-12-13,13,999
2025-01-30,P000029,LOC014,775,43.97,S0001,2025-01-08,13,999
2025-03-01,P000029,LOC014,749,44.01,S0001,2025-02-18,13,999
2025-03-31,P000029,LOC014,794,48.4,S0001,2025-03-06,13,999
2024-10-02,P000029,LOC015,621,48.37,S0001,2024-09-14,13,999
2024-11-01,P000029,LOC015,594,45.12,S0001,2024-10-26,13,999
2024-12-01,P000029,LOC015,659,45.14,S0001,2024-11-30,13,999
2024-12-31,P000029,LOC015,666,46.34,S0001,2024-12-28,13,999
2025-01-30,P000029,LOC015,655,43.93,S0001,2025-01-07,13,999
2025-03-01,P000029,LOC015,660,47.46,S0001,2025-02-24,13,999
2025-03-31,P000029,LOC015,749,47.46,S0001,2025-03-09,13,999
2024-10-02,P000029,LOC016,648,47.61,S0001,2024-09-09,13,999
2024-11-01,P000029,LOC016,729,45.89,S0001,2024-10-02,13,999
2024-12-01,P000029,LOC016,760,46.54,S0001,2024-11-13,13,999
2024-12-31,P000029,LOC016,816,47.22,S0001,2024-12-30,13,999
2025-01-30,P000029,LOC016,858,44.46,S0001,2025-01-11,13,999
2025-03-01,P000029,LOC016,814,47.67,S0001,2025-02-03,13,999
2025-03-31,P000029,LOC016,857,47.15,S0001,2025-03-17,13,999
2024-10-02,P000029,LOC017,578,44.95,S0001,2024-09-02,13,999
2024-11-01,P000029,LOC017,570,48.01,S0001,2024-10-15,13,999
2024-12-01,P000029,LOC017,668,46.08,S0001,2024-11-05,13,999
2024-12-31,P000029,LOC017,720,43.95,S0001,2024-12-14,13,999
2025-01-30,P000029,LOC017,767,47.56,S0001,2025-01-25,13,999
2025-03-01,P000029,LOC017,730,46.03,S0001,2025-02-04,13,999
2025-03-31,P000029,LOC017,752,45.8,S0001,2025-03-28,13,999
2024-10-02,P000029,LOC018,590,46.72,S0001,2024-09-06,13,999
2024-11-01,P000029,LOC018,568,48.15,S0001,2024-10-30,13,999
2024-12-01,P000029,LOC018,615,48.45,S0001,2024-11-22,13,999
2024-12-31,P000029,LOC018,613,44.99,S0001,2024-12-04,13,999
2025-01-30,P000029,LOC018,703,45.17,S0001,2025-01-22,13,999
2025-03-01,P000029,LOC018,669,44.73,S0001,2025-02-12,13,999
2025-03-31,P000029,LOC018,651,47.25,S0001,2025-03-17,13,999
2024-10-02,P000029,LOC019,639,47.34,S0001,2024-09-23,13,999
2024-11-01,P000029,LOC019,736,46.43,S0001,2024-10-03,13,999
2024-12-01,P000029,LOC019,749,46.06,S0001,2024-11-14,13,999
2024-12-31,P000029,LOC019,748,46.55,S0001,2024-12-03,13,999
2025-01-30,P000029,LOC019,828,46.19,S0001,2025-01-25,13,999
2025-03-01,P000029,LOC019,855,46.15,S0001,2025-02-12,13,999
2025-03-31,P000029,LOC019,815,44.06,S0001,2025-03-24,13,999
2024-10-02,P000029,LOC020,561,45.11,S0001,2024-09-18,13,999
2024-11-01,P000029,LOC020,531,44.28,S0001,2024-10-31,13,999
2024-12-01,P000029,LOC020,481,47.5,S0001,2024-11-12,13,999
2024-12-31,P000029,LOC020,475,46.45,S0001,2024-12-20,13,999
2025-01-30,P000029,LOC020,531,45.99,S0001,2025-01-29,13,999
2025-03-01,P000029,LOC020,558,44.42,S0001,2025-02-09,13,999
2025-03-31,P000029,LOC020,510,47.97,S0001,2025-03-23,13,999
2024-10-02,P000030,LOC001,647,663.4,S0005,2024-09-04,25,777
2024-11-01,P000030,LOC001,670,639.89,S0005,2024-10-21,25,777
2024-12-01,P000030,LOC001,698,640.16,S0005,2024-11-27,25,777
2024-12-31,P000030,LOC001,695,635.09,S0005,2024-12-27,25,777
2025-01-30,P000030,LOC001,688,665.55,S0005,2025-01-05,25,777
2025-03-01,P000030,LOC001,693,616.93,S0005,2025-02-07,25,777
2025-03-31,P000030,LOC001,764,618.13,S0005,2025-03-14,25,777
2024-10-02,P000030,LOC002,650,651.77,S0005,2024-09-14,25,777
2024-11-01,P000030,LOC002,717,666.27,S0005,2024-10-14,25,777
2024-12-01,P000030,LOC002,721,652.71,S0005,2024-11-29,25,777
2024-12-31,P000030,LOC002,779,655.62,S0005,2024-12-17,25,777
2025-01-30,P000030,LOC002,806,632.59,S0005,2025-01-07,25,777
2025-03-01,P000030,LOC002,871,653.27,S0005,2025-02-18,25,777
2025-03-31,P000030,LOC002,870,627.87,S0005,2025-03-21,25,777
2024-10-02,P000030,LOC003,631,632.25,S0005,2024-09-14,25,777
2024-11-01,P000030,LOC003,702,623.49,S0005,2024-10-06,25,777
2024-12-01,P000030,LOC003,657,638.36,S0005,2024-11-07,25,777
2024-12-31,P000030,LOC003,627,629.23,S0005,2024-12-19,25,777
2025-01-30,P000030,LOC003,725,649.8,S0005,2025-01-02,25,777
2025-03-01,P000030,LOC003,675,652.67,S0005,2025-02-19,25,777
2025-03-31,P000030,LOC003,757,653.18,S0005,2025-03-09,25,777
2024-10-02,P000030,LOC004,707,629.31,S0005,2024-09-11,25,777
2024-11-01,P000030,LOC004,768,624.72,S0005,2024-10-30,25,777
2024-12-01,P000030,LOC004,838,646.39,S0005,2024-11-18,25,777
2024-12-31,P000030,LOC004,867,661.48,S0005,2024-12-23,25,777
2025-01-30,P000030,LOC004,848,617.27,S0005,2025-01-24,25,777
2025-03-01,P000030,LOC004,910,626.51,S0005,2025-02-06,25,777
2025-03-31,P000030,LOC004,861,676.31,S0005,2025-03-28,25,777
2024-10-02,P000030,LOC005,592,623.8,S0005,2024-09-27,25,777
2024-11-01,P000030,LOC005,544,616.79,S0005,2024-10-24,25,777
2024-12-01,P000030,LOC005,597,673.75,S0005,2024-11-21,25,777
2024-12-31,P000030,LOC005,694,664.72,S0005,2024-12-08,25,777
2025-01-30,P000030,LOC005,763,674.93,S0005,2025-01-05,25,777
2025-03-01,P000030,LOC005,822,638.3,S0005,2025-02-26,25,777
2025-03-31,P000030,LOC005,786,629.38,S0005,2025-03-19,25,777
2024-10-02,P000030,LOC006,594,616.59,S0005,2024-09-19,25,777
2024-11-01,P000030,LOC006,628,650.22,S0005,2024-10-30,25,777
2024-12-01,P000030,LOC006,716,672.76,S0005,2024-11-24,25,777
2024-12-31,P000030,LOC006,718,647.26,S0005,2024-12-16,25,777
2025-01-30,P000030,LOC006,754,675.67,S0005,2025-01-18,25,777
2025-03-01,P000030,LOC006,739,657.23,S0005,2025-02-06,25,777
2025-03-31,P000030,LOC006,689,677.34,S0005,2025-03-29,25,777
2024-10-02,P000030,LOC007,647,662.13,S0005,2024-09-13,25,777
2024-11-01,P000030,LOC007,706,656.81,S0005,2024-10-10,25,777
2024-12-01,P000030,LOC007,741,652.96,S0005,2024-11-09,25,777
2024-12-31,P000030,LOC007,787,626.59,S0005,2024-12-17,25,777
2025-01-30,P000030,LOC007,749,646.69,S0005,2025-01-26,25,777
2025-03-01,P000030,LOC007,819,674.07,S0005,2025-02-07,25,777
2025-03-31,P000030,LOC007,872,617.79,S0005,2025-03-02,25,777
2024-10-02,P000030,LOC008,680,632.23,S0005,2024-09-17,25,777
2024-11-01,P000030,LOC008,743,631.37,S0005,2024-10-03,25,777
2024-12-01,P000030,LOC008,721,671.88,S0005,2024-11-07,25,777
2024-12-31,P000030,LOC008,783,655.87,S0005,2024-12-25,25,777
2025-01-30,P000030,LOC008,798,663.4,S0005,2025-01-04,25,777
2025-03-01,P000030,LOC008,797,655.99,S0005,2025-02-15,25,777
2025-03-31,P000030,LOC008,869,662.38,S0005,2025-03-02,25,777
2024-10-02,P000030,LOC009,629,642.68,S0005,2024-09-16,25,777
2024-11-01,P000030,LOC009,632,619.44,S0005,2024-10-21,25,777
2024-12-01,P000030,LOC009,681,659.88,S0005,2024-11-14,25,777
2024-12-31,P000030,LOC009,639,630.47,S0005,2024-12-20,25,777
2025-01-30,P000030,LOC009,699,642.93,S0005,2025-01-13,25,777
2025-03-01,P000030,LOC009,701,663.78,S0005,2025-02-24,25,777
2025-03-31,P000030,LOC009,761,615.02,S0005,2025-03-15,25,777
2024-10-02,P000030,LOC010,669,655.1,S0005,2024-09-21,25,777
2024-11-01,P000030,LOC010,674,666.01,S0005,2024-10-05,25,777
2024-12-01,P000030,LOC010,657,643.69,S0005,2024-11-15,25,777
2024-12-31,P000030,LOC010,670,640.76,S0005,2024-12-04,25,777
2025-01-30,P000030,LOC010,764,621.2,S0005,2025-01-10,25,777
2025-03-01,P000030,LOC010,847,642.89,S0005,2025-02-01,25,777
2025-03-31,P000030,LOC010,843,619.35,S0005,2025-03-14,25,777
2024-10-02,P000030,LOC011,734,652.25,S0005,2024-09-16,25,777
2024-11-01,P000030,LOC011,793,675.64,S0005,2024-10-02,25,777
2024-12-01,P000030,LOC011,773,645.42,S0005,2024-11-04,25,777
2024-12-31,P000030,LOC011,797,614.57,S0005,2024-12-02,25,777
2025-01-30,P000030,LOC011,882,639.18,S0005,2025-01-09,25,777
2025-03-01,P000030,LOC011,897,624.47,S0005,2025-02-07,25,777
2025-03-31,P000030,LOC011,872,660.1,S0005,2025-03-12,25,777
2024-10-02,P000030,LOC012,635,676.72,S0005,2024-09-07,25,777
2024-11-01,P000030,LOC012,656,636.18,S0005,2024-10-29,25,777
2024-12-01,P000030,LOC012,704,633.62,S0005,2024-11-18,25,777
2024-12-31,P000030,LOC012,667,619.17,S0005,2024-12-08,25,777
2025-01-30,P000030,LOC012,665,650.97,S0005,2025-01-29,25,777
2025-03-01,P000030,LOC012,686,627.6,S0005,2025-02-09,25,777
2025-03-31,P000030,LOC012,777,645.01,S0005,2025-03-02,25,777
2024-10-02,P000030,LOC013,693,664.02,S0005,2024-09-08,25,777
2024-11-01,P000030,LOC013,683,677.1,S0005,2024-10-29,25,777
2024-12-01,P000030,LOC013,699,633.58,S0005,2024-11-01,25,777
2024-12-31,P000030,LOC013,742,677.04,S0005,2024-12-01,25,777
2025-01-30,P000030,LOC013,804,620.68,S0005,2025-01-13,25,777
2025-03-01,P000030,LOC013,815,677.36,S0005,2025-02-14,25,777
2025-03-31,P000030,LOC013,887,652.16,S0005,2025-03-08,25,777
2024-10-02,P000030,LOC014,610,621.89,S0005,2024-09-09,25,777
2024-11-01,P000030,LOC014,673,652.19,S0005,2024-10-25,25,777
2024-12-01,P000030,LOC014,658,663.82,S0005,2024-11-29,25,777
2024-12-31,P000030,LOC014,744,649.34,S0005,2024-12-21,25,777
2025-01-30,P000030,LOC014,757,629.86,S0005,2025-01-12,25,777
2025-03-01,P000030,LOC014,805,657.4,S0005,2025-02-16,25,777
2025-03-31,P000030,LOC014,767,613.73,S0005,2025-03-10,25,777
2024-10-02,P000030,LOC015,687,637.45,S0005,2024-09-30,25,777
2024-11-01,P000030,LOC015,736,620.9,S0005,2024-10-31,25,777
2024-12-01,P000030,LOC015,742,648.47,S0005,2024-11-28,25,777
2024-12-31,P000030,LOC015,780,653.34,S0005,2024-12-12,25,777
2025-01-30,P000030,LOC015,788,671.03,S0005,2025-01-19,25,777
2025-03-01,P000030,LOC015,822,640.21,S0005,2025-02-13,25,777
2025-03-31,P000030,LOC015,853,654.31,S0005,2025-03-12,25,777
2024-10-02,P000030,LOC016,624,658.44,S0005,2024-09-20,25,777
2024-11-01,P000030,LOC016,643,625.02,S0005,2024-10-26,25,777
2024-12-01,P000030,LOC016,649,655.07,S0005,2024-11-14,25,777
2024-12-31,P000030,LOC016,667,653.92,S0005,2024-12-20,25,777
2025-01-30,P000030,LOC016,654,629.09,S0005,2025-01-14,25,777
2025-03-01,P000030,LOC016,605,662.96,S0005,2025-02-06,25,777
2025-03-31,P000030,LOC016,658,631.05,S0005,2025-03-26,25,777
2024-10-02,P000030,LOC017,596,623.78,S0005,2024-09-26,25,777
2024-11-01,P000030,LOC017,636,614.84,S0005,2024-10-19,25,777
2024-12-01,P000030,LOC017,605,620.2,S0005,2024-11-22,25,777
2024-12-31,P000030,LOC017,625,656.69,S0005,2024-12-22,25,777
2025-01-30,P000030,LOC017,718,628.1,S0005,2025-01-23,25,777
2025-03-01,P000030,LOC017,813,657.47,S0005,2025-02-16,25,777
2025-03-31,P000030,LOC017,904,622.99,S0005,2025-03-11,25,777
2024-10-02,P000030,LOC018,705,665.45,S0005,2024-09-09,25,777
2024-11-01,P000030,LOC018,761,627.18,S0005,2024-10-27,25,777
2024-12-01,P000030,LOC018,833,661.77,S0005,2024-11-17,25,777
2024-12-31,P000030,LOC018,812,651.07,S0005,2024-12-13,25,777
2025-01-30,P000030,LOC018,843,634.26,S0005,2025-01-10,25,777
2025-03-01,P000030,LOC018,868,674.01,S0005,2025-02-11,25,777
2025-03-31,P000030,LOC018,937,651.69,S0005,2025-03-08,25,777
2024-10-02,P000030,LOC019,716,619.36,S0005,2024-09-28,25,777
2024-11-01,P000030,LOC019,775,614.42,S0005,2024-10-21,25,777
2024-12-01,P000030,LOC019,744,642.32,S0005,2024-11-22,25,777
2024-12-31,P000030,LOC019,780,648.37,S0005,2024-12-24,25,777
2025-01-30,P000030,LOC019,770,627.61,S0005,2025-01-21,25,777
2025-03-01,P000030,LOC019,832,654.4,S0005,2025-02-27,25,777
2025-03-31,P000030,LOC019,853,645.07,S0005,2025-03-28,25,777
2024-10-02,P000030,LOC020,598,632.59,S0005,2024-09-07,25,777
2024-11-01,P000030,LOC020,618,677.55,S0005,2024-10-13,25,777
2024-12-01,P000030,LOC020,597,656.31,S0005,2024-11-23,25,777
2024-12-31,P000030,LOC020,636,623.05,S0005,2024-12-26,25,777
2025-01-30,P000030,LOC020,721,677.45,S0005,2025-01-13,25,777
2025-03-01,P000030,LOC020,787,670.3,S0005,2025-02-24,25,777
2025-03-31,P000030,LOC020,832,642.17,S0005,2025-03-01,25,777
2024-10-02,P000031,LOC001,947,61.57,S0004,2024-09-18,45,427
2024-11-01,P000031,LOC001,958,59.6,S0004,2024-10-02,45,427
2024-12-01,P000031,LOC001,948,61.67,S0004,2024-11-05,45,427
2024-12-31,P000031,LOC001,939,62.43,S0004,2024-12-08,45,427
2025-01-30,P000031,LOC001,890,60.06,S0004,2025-01-04,45,427
2025-03-01,P000031,LOC001,883,61.33,S0004,2025-02-12,45,427
2025-03-31,P000031,LOC001,891,62.19,S0004,2025-03-29,45,427
2024-10-02,P000031,LOC002,976,61.28,S0004,2024-09-03,45,427
2024-11-01,P000031,LOC002,1069,63.13,S0004,2024-10-26,45,427
2024-12-01,P000031,LOC002,1072,61.76,S0004,2024-11-22,45,427
2024-12-31,P000031,LOC002,1108,59.69,S0004,2024-12-28,45,427
2025-01-30,P000031,LOC002,1106,61.71,S0004,2025-01-02,45,427
2025-03-01,P000031,LOC002,1129,59.9,S0004,2025-02-11,45,427
2025-03-31,P000031,LOC002,1094,60.91,S0004,2025-03-16,45,427
2024-10-02,P000031,LOC003,1071,63.08,S0004,2024-09-09,45,427
2024-11-01,P000031,LOC003,1048,59.25,S0004,2024-10-29,45,427
2024-12-01,P000031,LOC003,1145,58.8,S0004,2024-11-10,45,427
2024-12-31,P000031,LOC003,1171,61.04,S0004,2024-12-18,45,427
2025-01-30,P000031,LOC003,1171,62.65,S0004,2025-01-10,45,427
2025-03-01,P000031,LOC003,1133,62.71,S0004,2025-02-21,45,427
2025-03-31,P000031,LOC003,1106,60.71,S0004,2025-03-07,45,427
2024-10-02,P000031,LOC004,1054,60.64,S0004,2024-09-22,45,427
2024-11-01,P000031,LOC004,1010,62.01,S0004,2024-10-21,45,427
2024-12-01,P000031,LOC004,991,62.01,S0004,2024-11-26,45,427
2024-12-31,P000031,LOC004,972,63.71,S0004,2024-12-13,45,427
2025-01-30,P000031,LOC004,1000,64.89,S0004,2025-01-20,45,427
2025-03-01,P000031,LOC004,1014,58.96,S0004,2025-02-27,45,427
2025-03-31,P000031,LOC004,1017,63.0,S0004,2025-03-29,45,427
2024-10-02,P000031,LOC005,985,64.75,S0004,2024-10-01,45,427
2024-11-01,P000031,LOC005,981,64.36,S0004,2024-10-19,45,427
2024-12-01,P000031,LOC005,1070,62.0,S0004,2024-11-22,45,427
2024-12-31,P000031,LOC005,1092,59.03,S0004,2024-12-02,45,427
2025-01-30,P000031,LOC005,1134,63.47,S0004,2025-01-12,45,427
2025-03-01,P000031,LOC005,1146,64.03,S0004,2025-02-28,45,427
2025-03-31,P000031,LOC005,1132,63.36,S0004,2025-03-13,45,427
2024-10-02,P000031,LOC006,1065,59.89,S0004,2024-09-18,45,427
2024-11-01,P000031,LOC006,1097,63.91,S0004,2024-10-21,45,427
2024-12-01,P000031,LOC006,1067,63.57,S0004,2024-11-19,45,427
2024-12-31,P000031,LOC006,1074,62.02,S0004,2024-12-04,45,427
2025-01-30,P000031,LOC006,1045,58.92,S0004,2025-01-16,45,427
2025-03-01,P000031,LOC006,1030,61.58,S0004,2025-02-27,45,427
2025-03-31,P000031,LOC006,1010,62.11,S0004,2025-03-25,45,427
2024-10-02,P000031,LOC007,1020,63.77,S0004,2024-09-19,45,427
2024-11-01,P000031,LOC007,1045,63.73,S0004,2024-10-29,45,427
2024-12-01,P000031,LOC007,1026,62.23,S0004,2024-11-07,45,427
2024-12-31,P000031,LOC007,1083,60.71,S0004,2024-12-14,45,427
2025-01-30,P000031,LOC007,1067,62.37,S0004,2025-01-19,45,427
2025-03-01,P000031,LOC007,1100,60.29,S0004,2025-02-17,45,427
2025-03-31,P000031,LOC007,1190,61.19,S0004,2025-03-02,45,427
2024-10-02,P000031,LOC008,1059,63.74,S0004,2024-09-17,45,427
2024-11-01,P000031,LOC008,1051,62.53,S0004,2024-10-29,45,427
2024-12-01,P000031,LOC008,1099,61.79,S0004,2024-11-17,45,427
2024-12-31,P000031,LOC008,1086,63.62,S0004,2024-12-25,45,427
2025-01-30,P000031,LOC008,1122,62.09,S0004,2025-01-18,45,427
2025-03-01,P000031,LOC008,1200,64.71,S0004,2025-02-19,45,427
2025-03-31,P000031,LOC008,1181,59.53,S0004,2025-03-06,45,427
2024-10-02,P000031,LOC009,970,61.79,S0004,2024-09-30,45,427
2024-11-01,P000031,LOC009,964,63.12,S0004,2024-10-19,45,427
2024-12-01,P000031,LOC009,1053,64.28,S0004,2024-11-15,45,427
2024-12-31,P000031,LOC009,1108,62.6,S0004,2024-12-17,45,427
2025-01-30,P000031,LOC009,1185,62.96,S0004,2025-01-25,45,427
2025-03-01,P000031,LOC009,1155,59.41,S0004,2025-02-15,45,427
2025-03-31,P000031,LOC009,1147,59.65,S0004,2025-03-10,45,427
2024-10-02,P000031,LOC010,1075,62.76,S0004,2024-09-23,45,427
2024-11-01,P000031,LOC010,1090,64.41,S0004,2024-10-11,45,427
2024-12-01,P000031,LOC010,1104,61.53,S0004,2024-11-16,45,427
2024-12-31,P000031,LOC010,1054,64.05,S0004,2024-12-27,45,427
2025-01-30,P000031,LOC010,1132,63.1,S0004,2025-01-21,45,427
2025-03-01,P000031,LOC010,1159,62.22,S0004,2025-02-08,45,427
2025-03-31,P000031,LOC010,1184,59.17,S0004,2025-03-28,45,427
2024-10-02,P000031,LOC011,1069,61.83,S0004,2024-09-14,45,427
2024-11-01,P000031,LOC011,1091,61.61,S0004,2024-10-21,45,427
2024-12-01,P000031,LOC011,1120,64.41,S0004,2024-11-27,45,427
2024-12-31,P000031,LOC011,1101,60.77,S0004,2024-12-26,45,427
2025-01-30,P000031,LOC011,1130,64.54,S0004,2025-01-28,45,427
2025-03-01,P000031,LOC011,1151,59.09,S0004,2025-02-13,45,427
2025-03-31,P000031,LOC011,1134,64.64,S0004,2025-03-17,45,427
2024-10-02,P000031,LOC012,999,58.82,S0004,2024-10-01,45,427
2024-11-01,P000031,LOC012,998,60.74,S0004,2024-10-14,45,427
2024-12-01,P000031,LOC012,1097,60.81,S0004,2024-11-18,45,427
2024-12-31,P000031,LOC012,1071,59.81,S0004,2024-12-02,45,427
2025-01-30,P000031,LOC012,1096,62.51,S0004,2025-01-12,45,427
2025-03-01,P000031,LOC012,1047,62.82,S0004,2025-02-15,45,427
2025-03-31,P000031,LOC012,1068,63.85,S0004,2025-03-21,45,427
2024-10-02,P000031,LOC013,1043,61.61,S0004,2024-10-01,45,427
2024-11-01,P000031,LOC013,1051,60.16,S0004,2024-10-10,45,427
2024-12-01,P000031,LOC013,1115,62.88,S0004,2024-11-08,45,427
2024-12-31,P000031,LOC013,1139,62.41,S0004,2024-12-08,45,427
2025-01-30,P000031,LOC013,1179,61.18,S0004,2025-01-05,45,427
2025-03-01,P000031,LOC013,1253,61.4,S0004,2025-02-09,45,427
2025-03-31,P000031,LOC013,1339,64.34,S0004,2025-03-07,45,427
2024-10-02,P000031,LOC014,1054,64.18,S0004,2024-09-26,45,427
2024-11-01,P000031,LOC014,1066,59.05,S0004,2024-10-14,45,427
2024-12-01,P000031,LOC014,1129,59.95,S0004,2024-11-21,45,427
2024-12-31,P000031,LOC014,1180,59.61,S0004,2024-12-27,45,427
2025-01-30,P000031,LOC014,1202,59.55,S0004,2025-01-04,45,427
2025-03-01,P000031,LOC014,1154,63.07,S0004,2025-02-25,45,427
2025-03-31,P000031,LOC014,1141,64.09,S0004,2025-03-15,45,427
2024-10-02,P000031,LOC015,1003,58.89,S0004,2024-09-25,45,427
2024-11-01,P000031,LOC015,993,64.65,S0004,2024-10-11,45,427
2024-12-01,P000031,LOC015,1041,64.67,S0004,2024-11-27,45,427
2024-12-31,P000031,LOC015,1119,63.4,S0004,2024-12-02,45,427
2025-01-30,P000031,LOC015,1181,60.64,S0004,2024-12-31,45,427
2025-03-01,P000031,LOC015,1159,60.37,S0004,2025-02-28,45,427
2025-03-31,P000031,LOC015,1144,63.03,S0004,2025-03-14,45,427
2024-10-02,P000031,LOC016,956,59.87,S0004,2024-09-11,45,427
2024-11-01,P000031,LOC016,965,63.72,S0004,2024-10-12,45,427
2024-12-01,P000031,LOC016,976,59.3,S0004,2024-11-28,45,427
2024-12-31,P000031,LOC016,1049,59.59,S0004,2024-12-27,45,427
2025-01-30,P000031,LOC016,1036,59.7,S0004,2025-01-10,45,427
2025-03-01,P000031,LOC016,1056,61.2,S0004,2025-02-10,45,427
2025-03-31,P000031,LOC016,1118,62.06,S0004,2025-03-23,45,427
2024-10-02,P000031,LOC017,1051,60.36,S0004,2024-09-21,45,427
2024-11-01,P000031,LOC017,1015,59.43,S0004,2024-10-29,45,427
2024-12-01,P000031,LOC017,983,61.08,S0004,2024-11-19,45,427
2024-12-31,P000031,LOC017,935,60.53,S0004,2024-12-18,45,427
2025-01-30,P000031,LOC017,1012,60.29,S0004,2025-01-23,45,427
2025-03-01,P000031,LOC017,1006,60.84,S0004,2025-02-02,45,427
2025-03-31,P000031,LOC017,1046,63.22,S0004,2025-03-09,45,427
2024-10-02,P000031,LOC018,973,60.45,S0004,2024-09-27,45,427
2024-11-01,P000031,LOC018,1002,59.68,S0004,2024-10-12,45,427
2024-12-01,P000031,LOC018,998,64.68,S0004,2024-11-11,45,427
2024-12-31,P000031,LOC018,969,63.37,S0004,2024-12-07,45,427
2025-01-30,P000031,LOC018,956,59.03,S0004,2025-01-19,45,427
2025-03-01,P000031,LOC018,920,62.49,S0004,2025-02-05,45,427
2025-03-31,P000031,LOC018,971,59.68,S0004,2025-03-28,45,427
2024-10-02,P000031,LOC019,1026,58.87,S0004,2024-09-19,45,427
2024-11-01,P000031,LOC019,1104,58.94,S0004,2024-10-23,45,427
2024-12-01,P000031,LOC019,1150,59.17,S0004,2024-11-17,45,427
2024-12-31,P000031,LOC019,1174,62.05,S0004,2024-12-27,45,427
2025-01-30,P000031,LOC019,1216,59.67,S0004,2025-01-04,45,427
2025-03-01,P000031,LOC019,1203,61.19,S0004,2025-02-14,45,427
2025-03-31,P000031,LOC019,1171,58.85,S0004,2025-03-28,45,427
2024-10-02,P000031,LOC020,1028,61.23,S0004,2024-09-20,45,427
2024-11-01,P000031,LOC020,998,58.83,S0004,2024-10-20,45,427
2024-12-01,P000031,LOC020,1018,59.27,S0004,2024-11-03,45,427
2024-12-31,P000031,LOC020,1060,63.18,S0004,2024-12-15,45,427
2025-01-30,P000031,LOC020,1036,64.76,S0004,2025-01-27,45,427
2025-03-01,P000031,LOC020,1028,60.22,S0004,2025-02-20,45,427
2025-03-31,P000031,LOC020,1054,60.29,S0004,2025-03-10,45,427
2024-10-02,P000032,LOC001,649,521.19,S0010,2024-09-19,20,1115
2024-11-01,P000032,LOC001,648,494.91,S0010,2024-10-19,20,1115
2024-12-01,P000032,LOC001,660,498.19,S0010,2024-11-08,20,1115
2024-12-31,P000032,LOC001,716,516.8,S0010,2024-12-03,20,1115
2025-01-30,P000032,LOC001,783,521.92,S0010,2024-12-31,20,1115
2025-03-01,P000032,LOC001,752,506.93,S0010,2025-01-30,20,1115
2025-03-31,P000032,LOC001,756,494.36,S0010,2025-03-01,20,1115
2024-10-02,P000032,LOC002,623,518.98,S0010,2024-10-01,20,1115
2024-11-01,P000032,LOC002,709,506.98,S0010,2024-10-19,20,1115
2024-12-01,P000032,LOC002,741,507.42,S0010,2024-11-16,20,1115
2024-12-31,P000032,LOC002,738,504.14,S0010,2024-12-21,20,1115
2025-01-30,P000032,LOC002,829,534.77,S0010,2025-01-20,20,1115
2025-03-01,P000032,LOC002,833,494.42,S0010,2025-02-24,20,1115
2025-03-31,P000032,LOC002,918,490.33,S0010,2025-03-21,20,1115
2024-10-02,P000032,LOC003,564,500.38,S0010,2024-09-22,20,1115
2024-11-01,P000032,LOC003,638,513.85,S0010,2024-10-08,20,1115
2024-12-01,P000032,LOC003,675,500.29,S0010,2024-11-04,20,1115
2024-12-31,P000032,LOC003,650,520.44,S0010,2024-12-13,20,1115
2025-01-30,P000032,LOC003,678,518.72,S0010,2025-01-02,20,1115
2025-03-01,P000032,LOC003,638,526.44,S0010,2025-02-24,20,1115
2025-03-31,P000032,LOC003,624,510.59,S0010,2025-03-13,20,1115
2024-10-02,P000032,LOC004,567,490.15,S0010,2024-09-05,20,1115
2024-11-01,P000032,LOC004,523,494.69,S0010,2024-10-10,20,1115
2024-12-01,P000032,LOC004,608,537.8,S0010,2024-11-28,20,1115
2024-12-31,P000032,LOC004,656,504.41,S0010,2024-12-13,20,1115
2025-01-30,P000032,LOC004,743,522.03,S0010,2025-01-08,20,1115
2025-03-01,P000032,LOC004,755,501.02,S0010,2025-02-05,20,1115
2025-03-31,P000032,LOC004,738,493.48,S0010,2025-03-17,20,1115
2024-10-02,P000032,LOC005,653,534.21,S0010,2024-09-20,20,1115
2024-11-01,P000032,LOC005,695,522.6,S0010,2024-10-30,20,1115
2024-12-01,P000032,LOC005,754,521.93,S0010,2024-11-19,20,1115
2024-12-31,P000032,LOC005,833,501.52,S0010,2024-12-01,20,1115
2025-01-30,P000032,LOC005,787,517.49,S0010,2025-01-19,20,1115
2025-03-01,P000032,LOC005,748,532.28,S0010,2025-02-09,20,1115
2025-03-31,P000032,LOC005,704,530.76,S0010,2025-03-19,20,1115
2024-10-02,P000032,LOC006,625,491.8,S0010,2024-09-05,20,1115
2024-11-01,P000032,LOC006,719,513.62,S0010,2024-10-13,20,1115
2024-12-01,P000032,LOC006,807,531.83,S0010,2024-11-23,20,1115
2024-12-31,P000032,LOC006,850,518.87,S0010,2024-12-22,20,1115
2025-01-30,P000032,LOC006,837,525.21,S0010,2025-01-04,20,1115
2025-03-01,P000032,LOC006,802,529.12,S0010,2025-02-02,20,1115
2025-03-31,P000032,LOC006,890,493.69,S0010,2025-03-23,20,1115
2024-10-02,P000032,LOC007,591,503.24,S0010,2024-09-16,20,1115
2024-11-01,P000032,LOC007,691,520.96,S0010,2024-10-24,20,1115
2024-12-01,P000032,LOC007,683,504.58,S0010,2024-11-28,20,1115
2024-12-31,P000032,LOC007,692,490.11,S0010,2024-12-20,20,1115
2025-01-30,P000032,LOC007,772,493.26,S0010,2025-01-09,20,1115
2025-03-01,P000032,LOC007,870,503.23,S0010,2025-02-13,20,1115
2025-03-31,P000032,LOC007,849,504.03,S0010,2025-03-10,20,1115
2024-10-02,P000032,LOC008,643,527.8,S0010,2024-09-13,20,1115
2024-11-01,P000032,LOC008,655,523.42,S0010,2024-10-13,20,1115
2024-12-01,P000032,LOC008,664,524.19,S0010,2024-11-01,20,1115
2024-12-31,P000032,LOC008,632,513.29,S0010,2024-12-14,20,1115
2025-01-30,P000032,LOC008,669,536.35,S0010,2025-01-01,20,1115
2025-03-01,P000032,LOC008,654,536.93,S0010,2025-02-15,20,1115
2025-03-31,P000032,LOC008,677,528.23,S0010,2025-03-11,20,1115
2024-10-02,P000032,LOC009,613,505.5,S0010,2024-09-09,20,1115
2024-11-01,P000032,LOC009,611,518.43,S0010,2024-10-31,20,1115
2024-12-01,P000032,LOC009,688,513.4,S0010,2024-11-19,20,1115
2024-12-31,P000032,LOC009,687,521.84,S0010,2024-12-24,20,1115
2025-01-30,P000032,LOC009,782,523.57,S0010,2025-01-02,20,1115
2025-03-01,P000032,LOC009,835,531.26,S0010,2025-02-06,20,1115
2025-03-31,P000032,LOC009,805,495.02,S0010,2025-03-17,20,1115
2024-10-02,P000032,LOC010,665,538.65,S0010,2024-09-25,20,1115
2024-11-01,P000032,LOC010,618,491.28,S0010,2024-10-28,20,1115
2024-12-01,P000032,LOC010,675,537.4,S0010,2024-11-05,20,1115
2024-12-31,P000032,LOC010,726,517.26,S0010,2024-12-18,20,1115
2025-01-30,P000032,LOC010,757,527.11,S0010,2025-01-06,20,1115
2025-03-01,P000032,LOC010,711,499.54,S0010,2025-02-23,20,1115
2025-03-31,P000032,LOC010,789,505.08,S0010,2025-03-25,20,1115
2024-10-02,P000032,LOC011,564,514.69,S0010,2024-09-02,20,1115
2024-11-01,P000032,LOC011,592,530.77,S0010,2024-10-28,20,1115
2024-12-01,P000032,LOC011,584,518.05,S0010,2024-11-25,20,1115
2024-12-31,P000032,LOC011,679,499.74,S0010,2024-12-03,20,1115
2025-01-30,P000032,LOC011,732,522.18,S0010,2025-01-26,20,1115
2025-03-01,P000032,LOC011,725,497.64,S0010,2025-02-01,20,1115
2025-03-31,P000032,LOC011,771,499.98,S0010,2025-03-02,20,1115
2024-10-02,P000032,LOC012,679,519.77,S0010,2024-09-25,20,1115
2024-11-01,P000032,LOC012,720,534.27,S0010,2024-10-27,20,1115
2024-12-01,P000032,LOC012,728,539.18,S0010,2024-11-07,20,1115
2024-12-31,P000032,LOC012,804,511.47,S0010,2024-12-11,20,1115
2025-01-30,P000032,LOC012,823,492.09,S0010,2025-01-21,20,1115
2025-03-01,P000032,LOC012,897,495.25,S0010,2025-02-28,20,1115
2025-03-31,P000032,LOC012,878,495.23,S0010,2025-03-27,20,1115
2024-10-02,P000032,LOC013,582,508.72,S0010,2024-09-05,20,1115
2024-11-01,P000032,LOC013,676,509.5,S0010,2024-10-30,20,1115
2024-12-01,P000032,LOC013,740,537.89,S0010,2024-11-26,20,1115
2024-12-31,P000032,LOC013,795,535.65,S0010,2024-12-17,20,1115
2025-01-30,P000032,LOC013,865,521.22,S0010,2025-01-21,20,1115
2025-03-01,P000032,LOC013,954,516.82,S0010,2025-02-03,20,1115
2025-03-31,P000032,LOC013,955,518.52,S0010,2025-03-02,20,1115
2024-10-02,P000032,LOC014,626,512.92,S0010,2024-09-13,20,1115
2024-11-01,P000032,LOC014,677,519.75,S0010,2024-10-24,20,1115
2024-12-01,P000032,LOC014,719,536.72,S0010,2024-11-11,20,1115
2024-12-31,P000032,LOC014,686,525.94,S0010,2024-12-06,20,1115
2025-01-30,P000032,LOC014,732,533.78,S0010,2025-01-21,20,1115
2025-03-01,P000032,LOC014,787,522.71,S0010,2025-02-10,20,1115
2025-03-31,P000032,LOC014,821,511.15,S0010,2025-03-22,20,1115
2024-10-02,P000032,LOC015,607,534.57,S0010,2024-09-09,20,1115
2024-11-01,P000032,LOC015,667,491.96,S0010,2024-10-30,20,1115
2024-12-01,P000032,LOC015,660,533.43,S0010,2024-11-30,20,1115
2024-12-31,P000032,LOC015,758,506.93,S0010,2024-12-20,20,1115
2025-01-30,P000032,LOC015,773,497.96,S0010,2025-01-09,20,1115
2025-03-01,P000032,LOC015,870,511.08,S0010,2025-02-01,20,1115
2025-03-31,P000032,LOC015,888,488.43,S0010,2025-03-03,20,1115
2024-10-02,P000032,LOC016,655,495.12,S0010,2024-09-11,20,1115
2024-11-01,P000032,LOC016,743,522.38,S0010,2024-10-31,20,1115
2024-12-01,P000032,LOC016,755,491.41,S0010,2024-11-30,20,1115
2024-12-31,P000032,LOC016,777,494.28,S0010,2024-12-26,20,1115
2025-01-30,P000032,LOC016,799,495.32,S0010,2024-12-31,20,1115
2025-03-01,P000032,LOC016,887,537.61,S0010,2025-02-26,20,1115
2025-03-31,P000032,LOC016,911,511.64,S0010,2025-03-12,20,1115
2024-10-02,P000032,LOC017,700,488.91,S0010,2024-10-01,20,1115
2024-11-01,P000032,LOC017,800,531.4,S0010,2024-10-24,20,1115
2024-12-01,P000032,LOC017,896,529.29,S0010,2024-11-22,20,1115
2024-12-31,P000032,LOC017,870,524.7,S0010,2024-12-10,20,1115
2025-01-30,P000032,LOC017,950,501.6,S0010,2025-01-02,20,1115
2025-03-01,P000032,LOC017,1048,517.65,S0010,2025-02-02,20,1115
2025-03-31,P000032,LOC017,1014,518.91,S0010,2025-03-09,20,1115
2024-10-02,P000032,LOC018,660,489.43,S0010,2024-09-15,20,1115
2024-11-01,P000032,LOC018,635,500.33,S0010,2024-10-05,20,1115
2024-12-01,P000032,LOC018,606,525.95,S0010,2024-11-08,20,1115
2024-12-31,P000032,LOC018,634,499.92,S0010,2024-12-20,20,1115
2025-01-30,P000032,LOC018,680,493.73,S0010,2025-01-06,20,1115
2025-03-01,P000032,LOC018,711,513.16,S0010,2025-02-20,20,1115
2025-03-31,P000032,LOC018,746,521.96,S0010,2025-03-30,20,1115
2024-10-02,P000032,LOC019,631,533.18,S0010,2024-09-14,20,1115
2024-11-01,P000032,LOC019,639,515.47,S0010,2024-10-24,20,1115
2024-12-01,P000032,LOC019,717,490.68,S0010,2024-11-06,20,1115
2024-12-31,P000032,LOC019,670,489.05,S0010,2024-12-07,20,1115
2025-01-30,P000032,LOC019,702,508.3,S0010,2025-01-25,20,1115
2025-03-01,P000032,LOC019,739,491.43,S0010,2025-02-28,20,1115
2025-03-31,P000032,LOC019,808,512.78,S0010,2025-03-17,20,1115
2024-10-02,P000032,LOC020,558,497.83,S0010,2024-09-26,20,1115
2024-11-01,P000032,LOC020,562,522.27,S0010,2024-10-19,20,1115
2024-12-01,P000032,LOC020,609,530.57,S0010,2024-11-07,20,1115
2024-12-31,P000032,LOC020,673,522.98,S0010,2024-12-30,20,1115
2025-01-30,P000032,LOC020,647,521.94,S0010,2025-01-13,20,1115
2025-03-01,P000032,LOC020,611,508.46,S0010,2025-02-18,20,1115
2025-03-31,P000032,LOC020,674,525.13,S0010,2025-03-11,20,1115
2024-10-02,P000033,LOC001,256,265.69,S0007,2024-09-19,18,666
2024-11-01,P000033,LOC001,324,251.23,S0007,2024-10-07,18,666
2024-12-01,P000033,LOC001,328,267.94,S0007,2024-11-27,18,666
2024-12-31,P000033,LOC001,316,248.13,S0007,2024-12-19,18,666
2025-01-30,P000033,LOC001,403,262.63,S0007,2025-01-05,18,666
2025-03-01,P000033,LOC001,478,253.17,S0007,2025-02-03,18,666
2025-03-31,P000033,LOC001,506,251.27,S0007,2025-03-28,18,666
2024-10-02,P000033,LOC002,282,261.12,S0007,2024-09-25,18,666
2024-11-01,P000033,LOC002,238,266.64,S0007,2024-10-14,18,666
2024-12-01,P000033,LOC002,195,246.99,S0007,2024-11-25,18,666
2024-12-31,P000033,LOC002,179,262.79,S0007,2024-12-30,18,666
2025-01-30,P000033,LOC002,145,269.05,S0007,2025-01-22,18,666
2025-03-01,P000033,LOC002,192,264.48,S0007,2025-02-12,18,666
2025-03-31,P000033,LOC002,178,252.2,S0007,2025-03-09,18,666
2024-10-02,P000033,LOC003,263,246.57,S0007,2024-09-05,18,666
2024-11-01,P000033,LOC003,312,263.38,S0007,2024-10-04,18,666
2024-12-01,P000033,LOC003,395,261.92,S0007,2024-11-16,18,666
2024-12-31,P000033,LOC003,399,264.5,S0007,2024-12-09,18,666
2025-01-30,P000033,LOC003,403,260.27,S0007,2025-01-17,18,666
2025-03-01,P000033,LOC003,357,258.51,S0007,2025-02-09,18,666
2025-03-31,P000033,LOC003,405,266.42,S0007,2025-03-24,18,666
2024-10-02,P000033,LOC004,231,261.72,S0007,2024-09-22,18,666
2024-11-01,P000033,LOC004,206,265.52,S0007,2024-10-07,18,666
2024-12-01,P000033,LOC004,169,266.17,S0007,2024-11-23,18,666
2024-12-31,P000033,LOC004,160,267.91,S0007,2024-12-05,18,666
2025-01-30,P000033,LOC004,181,246.28,S0007,2025-01-26,18,666
2025-03-01,P000033,LOC004,222,248.13,S0007,2025-02-18,18,666
2025-03-31,P000033,LOC004,186,252.67,S0007,2025-03-30,18,666
2024-10-02,P000033,LOC005,317,249.52,S0007,2024-09-30,18,666
2024-11-01,P000033,LOC005,315,259.38,S0007,2024-10-28,18,666
2024-12-01,P000033,LOC005,385,263.11,S0007,2024-11-26,18,666
2024-12-31,P000033,LOC005,410,256.9,S0007,2024-12-24,18,666
2025-01-30,P000033,LOC005,461,251.73,S0007,2025-01-29,18,666
2025-03-01,P000033,LOC005,430,266.11,S0007,2025-02-14,18,666
2025-03-31,P000033,LOC005,515,265.49,S0007,2025-03-23,18,666
2024-10-02,P000033,LOC006,248,270.02,S0007,2024-09-06,18,666
2024-11-01,P000033,LOC006,313,250.75,S0007,2024-10-11,18,666
2024-12-01,P000033,LOC006,292,246.42,S0007,2024-11-15,18,666
2024-12-31,P000033,LOC006,370,254.07,S0007,2024-12-25,18,666
2025-01-30,P000033,LOC006,459,264.97,S0007,2025-01-14,18,666
2025-03-01,P000033,LOC006,433,259.0,S0007,2025-02-08,18,666
2025-03-31,P000033,LOC006,416,251.91,S0007,2025-03-02,18,666
2024-10-02,P000033,LOC007,268,267.01,S0007,2024-09-28,18,666
2024-11-01,P000033,LOC007,260,255.42,S0007,2024-10-06,18,666
2024-12-01,P000033,LOC007,308,261.89,S0007,2024-11-27,18,666
2024-12-31,P000033,LOC007,389,266.56,S0007,2024-12-10,18,666
2025-01-30,P000033,LOC007,447,270.37,S0007,2025-01-25,18,666
2025-03-01,P000033,LOC007,512,248.84,S0007,2025-02-22,18,666
2025-03-31,P000033,LOC007,518,249.86,S0007,2025-03-18,18,666
2024-10-02,P000033,LOC008,309,247.58,S0007,2024-09-02,18,666
2024-11-01,P000033,LOC008,409,267.17,S0007,2024-10-11,18,666
2024-12-01,P000033,LOC008,361,261.79,S0007,2024-11-05,18,666
2024-12-31,P000033,LOC008,328,259.59,S0007,2024-12-25,18,666
2025-01-30,P000033,LOC008,398,247.87,S0007,2025-01-24,18,666
2025-03-01,P000033,LOC008,422,261.49,S0007,2025-02-10,18,666
2025-03-31,P000033,LOC008,436,250.56,S0007,2025-03-29,18,666
2024-10-02,P000033,LOC009,260,256.13,S0007,2024-09-09,18,666
2024-11-01,P000033,LOC009,333,252.59,S0007,2024-10-25,18,666
2024-12-01,P000033,LOC009,357,270.42,S0007,2024-11-12,18,666
2024-12-31,P000033,LOC009,393,262.32,S0007,2024-12-07,18,666
2025-01-30,P000033,LOC009,375,256.92,S0007,2025-01-16,18,666
2025-03-01,P000033,LOC009,384,249.43,S0007,2025-02-13,18,666
2025-03-31,P000033,LOC009,344,255.56,S0007,2025-03-05,18,666
2024-10-02,P000033,LOC010,265,246.5,S0007,2024-09-25,18,666
2024-11-01,P000033,LOC010,286,249.98,S0007,2024-10-09,18,666
2024-12-01,P000033,LOC010,318,267.78,S0007,2024-11-19,18,666
2024-12-31,P000033,LOC010,379,268.75,S0007,2024-12-05,18,666
2025-01-30,P000033,LOC010,431,269.58,S0007,2025-01-25,18,666
2025-03-01,P000033,LOC010,391,248.08,S0007,2025-02-03,18,666
2025-03-31,P000033,LOC010,460,262.11,S0007,2025-03-22,18,666
2024-10-02,P000033,LOC011,269,255.28,S0007,2024-09-18,18,666
2024-11-01,P000033,LOC011,290,249.07,S0007,2024-10-17,18,666
2024-12-01,P000033,LOC011,380,262.16,S0007,2024-11-23,18,666
2024-12-31,P000033,LOC011,408,257.42,S0007,2024-12-20,18,666
2025-01-30,P000033,LOC011,497,263.31,S0007,2025-01-11,18,666
2025-03-01,P000033,LOC011,474,245.85,S0007,2025-02-19,18,666
2025-03-31,P000033,LOC011,507,248.0,S0007,2025-03-09,18,666
2024-10-02,P000033,LOC012,337,258.27,S0007,2024-09-02,18,666
2024-11-01,P000033,LOC012,408,255.54,S0007,2024-10-28,18,666
2024-12-01,P000033,LOC012,398,267.06,S0007,2024-11-11,18,666
2024-12-31,P000033,LOC012,462,265.39,S0007,2024-12-01,18,666
2025-01-30,P000033,LOC012,447,266.55,S0007,2025-01-21,18,666
2025-03-01,P000033,LOC012,433,246.11,S0007,2025-02-26,18,666
2025-03-31,P000033,LOC012,397,269.86,S0007,2025-03-09,18,666
2024-10-02,P000033,LOC013,242,249.41,S0007,2024-09-23,18,666
2024-11-01,P000033,LOC013,276,258.1,S0007,2024-10-29,18,666
2024-12-01,P000033,LOC013,344,250.37,S0007,2024-11-23,18,666
2024-12-31,P000033,LOC013,404,270.86,S0007,2024-12-11,18,666
2025-01-30,P000033,LOC013,486,269.68,S0007,2025-01-02,18,666
2025-03-01,P000033,LOC013,586,259.07,S0007,2025-02-24,18,666
2025-03-31,P000033,LOC013,590,268.27,S0007,2025-03-19,18,666
2024-10-02,P000033,LOC014,238,248.24,S0007,2024-09-19,18,666
2024-11-01,P000033,LOC014,241,261.88,S0007,2024-10-14,18,666
2024-12-01,P000033,LOC014,307,267.74,S0007,2024-11-15,18,666
2024-12-31,P000033,LOC014,356,254.19,S0007,2024-12-25,18,666
2025-01-30,P000033,LOC014,365,254.1,S0007,2025-01-27,18,666
2025-03-01,P000033,LOC014,451,261.93,S0007,2025-02-27,18,666
2025-03-31,P000033,LOC014,422,250.51,S0007,2025-03-19,18,666
2024-10-02,P000033,LOC015,355,250.44,S0007,2024-10-01,18,666
2024-11-01,P000033,LOC015,443,259.89,S0007,2024-10-14,18,666
2024-12-01,P000033,LOC015,511,269.11,S0007,2024-11-10,18,666
2024-12-31,P000033,LOC015,607,257.15,S0007,2024-12-27,18,666
2025-01-30,P000033,LOC015,629,265.4,S0007,2025-01-21,18,666
2025-03-01,P000033,LOC015,584,250.22,S0007,2025-02-21,18,666
2025-03-31,P000033,LOC015,653,249.0,S0007,2025-03-03,18,666
2024-10-02,P000033,LOC016,253,246.73,S0007,2024-09-07,18,666
2024-11-01,P000033,LOC016,331,261.54,S0007,2024-10-30,18,666
2024-12-01,P000033,LOC016,314,261.6,S0007,2024-11-24,18,666
2024-12-31,P000033,LOC016,330,251.4,S0007,2024-12-29,18,666
2025-01-30,P000033,LOC016,299,261.2,S0007,2024-12-31,18,666
2025-03-01,P000033,LOC016,285,266.61,S0007,2025-02-22,18,666
2025-03-31,P000033,LOC016,301,253.68,S0007,2025-03-24,18,666
2024-10-02,P000033,LOC017,224,261.98,S0007,2024-10-01,18,666
2024-11-01,P000033,LOC017,270,258.76,S0007,2024-10-10,18,666
2024-12-01,P000033,LOC017,343,245.89,S0007,2024-11-26,18,666
2024-12-31,P000033,LOC017,338,252.88,S0007,2024-12-28,18,666
2025-01-30,P000033,LOC017,385,264.88,S0007,2025-01-28,18,666
2025-03-01,P000033,LOC017,402,264.23,S0007,2025-02-06,18,666
2025-03-31,P000033,LOC017,492,246.03,S0007,2025-03-08,18,666
2024-10-02,P000033,LOC018,337,246.56,S0007,2024-09-23,18,666
2024-11-01,P000033,LOC018,301,253.45,S0007,2024-10-18,18,666
2024-12-01,P000033,LOC018,303,267.16,S0007,2024-11-20,18,666
2024-12-31,P000033,LOC018,315,263.74,S0007,2024-12-24,18,666
2025-01-30,P000033,LOC018,298,252.39,S0007,2025-01-04,18,666
2025-03-01,P000033,LOC018,345,246.94,S0007,2025-02-16,18,666
2025-03-31,P000033,LOC018,395,260.8,S0007,2025-03-12,18,666
2024-10-02,P000033,LOC019,338,265.18,S0007,2024-09-24,18,666
2024-11-01,P000033,LOC019,419,265.76,S0007,2024-10-28,18,666
2024-12-01,P000033,LOC019,393,259.69,S0007,2024-11-23,18,666
2024-12-31,P000033,LOC019,387,247.96,S0007,2024-12-15,18,666
2025-01-30,P000033,LOC019,433,253.64,S0007,2025-01-10,18,666
2025-03-01,P000033,LOC019,468,266.8,S0007,2025-02-16,18,666
2025-03-31,P000033,LOC019,420,250.8,S0007,2025-03-24,18,666
2024-10-02,P000033,LOC020,247,261.89,S0007,2024-09-02,18,666
2024-11-01,P000033,LOC020,341,259.27,S0007,2024-10-20,18,666
2024-12-01,P000033,LOC020,326,262.38,S0007,2024-11-02,18,666
2024-12-31,P000033,LOC020,299,267.82,S0007,2024-12-11,18,666
2025-01-30,P000033,LOC020,288,253.09,S0007,2025-01-17,18,666
2025-03-01,P000033,LOC020,335,250.12,S0007,2025-02-16,18,666
2025-03-31,P000033,LOC020,385,268.91,S0007,2025-03-17,18,666
2024-10-02,P000034,LOC001,27,564.58,S0002,2024-09-30,16,879
2024-11-01,P000034,LOC001,38,577.22,S0002,2024-10-09,16,879
2024-12-01,P000034,LOC001,61,595.55,S0002,2024-11-01,16,879
2024-12-31,P000034,LOC001,151,570.63,S0002,2024-12-20,16,879
2025-01-30,P000034,LOC001,205,581.76,S0002,2025-01-24,16,879
2025-03-01,P000034,LOC001,244,591.4,S0002,2025-02-23,16,879
2025-03-31,P000034,LOC001,201,556.07,S0002,2025-03-14,16,879
2024-10-02,P000034,LOC002,154,561.26,S0002,2024-09-28,16,879
2024-11-01,P000034,LOC002,161,594.74,S0002,2024-10-02,16,879
2024-12-01,P000034,LOC002,173,584.15,S0002,2024-11-23,16,879
2024-12-31,P000034,LOC002,205,563.54,S0002,2024-12-12,16,879
2025-01-30,P000034,LOC002,185,602.18,S0002,2025-01-20,16,879
2025-03-01,P000034,LOC002,219,603.99,S0002,2025-02-08,16,879
2025-03-31,P000034,LOC002,288,588.67,S0002,2025-03-20,16,879
2024-10-02,P000034,LOC003,139,587.65,S0002,2024-09-22,16,879
2024-11-01,P000034,LOC003,235,574.24,S0002,2024-10-06,16,879
2024-12-01,P000034,LOC003,236,589.02,S0002,2024-11-15,16,879
2024-12-31,P000034,LOC003,302,590.66,S0002,2024-12-03,16,879
2025-01-30,P000034,LOC003,260,587.31,S0002,2025-01-23,16,879
2025-03-01,P000034,LOC003,279,572.32,S0002,2025-02-22,16,879
2025-03-31,P000034,LOC003,315,595.08,S0002,2025-03-08,16,879
2024-10-02,P000034,LOC004,170,578.6,S0002,2024-09-29,16,879
2024-11-01,P000034,LOC004,185,579.45,S0002,2024-10-27,16,879
2024-12-01,P000034,LOC004,156,586.63,S0002,2024-11-06,16,879
2024-12-31,P000034,LOC004,157,575.95,S0002,2024-12-06,16,879
2025-01-30,P000034,LOC004,141,557.77,S0002,2025-01-05,16,879
2025-03-01,P000034,LOC004,230,611.15,S0002,2025-01-30,16,879
2025-03-31,P000034,LOC004,206,577.98,S0002,2025-03-21,16,879
2024-10-02,P000034,LOC005,70,570.19,S0002,2024-09-25,16,879
2024-11-01,P000034,LOC005,84,558.63,S0002,2024-10-16,16,879
2024-12-01,P000034,LOC005,113,601.77,S0002,2024-11-05,16,879
2024-12-31,P000034,LOC005,70,575.98,S0002,2024-12-29,16,879
2025-01-30,P000034,LOC005,161,578.08,S0002,2025-01-27,16,879
2025-03-01,P000034,LOC005,238,564.56,S0002,2025-01-30,16,879
2025-03-31,P000034,LOC005,320,566.64,S0002,2025-03-24,16,879
2024-10-02,P000034,LOC006,164,594.77,S0002,2024-09-09,16,879
2024-11-01,P000034,LOC006,198,599.2,S0002,2024-10-24,16,879
2024-12-01,P000034,LOC006,291,563.32,S0002,2024-11-29,16,879
2024-12-31,P000034,LOC006,298,562.21,S0002,2024-12-29,16,879
2025-01-30,P000034,LOC006,273,561.39,S0002,2025-01-11,16,879
2025-03-01,P000034,LOC006,365,607.28,S0002,2025-02-22,16,879
2025-03-31,P000034,LOC006,331,563.0,S0002,2025-03-22,16,879
2024-10-02,P000034,LOC007,66,594.02,S0002,2024-09-08,16,879
2024-11-01,P000034,LOC007,120,585.69,S0002,2024-10-22,16,879
2024-12-01,P000034,LOC007,173,563.68,S0002,2024-11-12,16,879
2024-12-31,P000034,LOC007,198,588.54,S0002,2024-12-26,16,879
2025-01-30,P000034,LOC007,153,594.13,S0002,2025-01-25,16,879
2025-03-01,P000034,LOC007,189,576.06,S0002,2025-02-05,16,879
2025-03-31,P000034,LOC007,160,584.56,S0002,2025-03-01,16,879
2024-10-02,P000034,LOC008,169,611.33,S0002,2024-09-23,16,879
2024-11-01,P000034,LOC008,203,605.82,S0002,2024-10-23,16,879
2024-12-01,P000034,LOC008,184,566.43,S0002,2024-11-15,16,879
2024-12-31,P000034,LOC008,188,610.8,S0002,2024-12-02,16,879
2025-01-30,P000034,LOC008,206,607.33,S0002,2025-01-04,16,879
2025-03-01,P000034,LOC008,290,587.85,S0002,2025-02-04,16,879
2025-03-31,P000034,LOC008,269,606.69,S0002,2025-03-29,16,879
2024-10-02,P000034,LOC009,107,592.31,S0002,2024-09-07,16,879
2024-11-01,P000034,LOC009,113,561.46,S0002,2024-10-25,16,879
2024-12-01,P000034,LOC009,121,557.31,S0002,2024-11-27,16,879
2024-12-31,P000034,LOC009,210,589.82,S0002,2024-12-18,16,879
2025-01-30,P000034,LOC009,271,572.44,S0002,2025-01-25,16,879
2025-03-01,P000034,LOC009,324,565.68,S0002,2025-02-26,16,879
2025-03-31,P000034,LOC009,369,597.97,S0002,2025-03-19,16,879
2024-10-02,P000034,LOC010,112,606.41,S0002,2024-09-09,16,879
2024-11-01,P000034,LOC010,165,595.22,S0002,2024-10-25,16,879
2024-12-01,P000034,LOC010,211,569.97,S0002,2024-11-09,16,879
2024-12-31,P000034,LOC010,235,563.08,S0002,2024-12-06,16,879
2025-01-30,P000034,LOC010,216,577.86,S0002,2025-01-23,16,879
2025-03-01,P000034,LOC010,267,565.77,S0002,2025-02-20,16,879
2025-03-31,P000034,LOC010,228,575.59,S0002,2025-03-28,16,879
2024-10-02,P000034,LOC011,69,604.66,S0002,2024-09-20,16,879
2024-11-01,P000034,LOC011,66,608.5,S0002,2024-10-02,16,879
2024-12-01,P000034,LOC011,37,583.31,S0002,2024-11-28,16,879
2024-12-31,P000034,LOC011,104,611.47,S0002,2024-12-26,16,879
2025-01-30,P000034,LOC011,144,571.51,S0002,2024-12-31,16,879
2025-03-01,P000034,LOC011,174,599.27,S0002,2025-02-26,16,879
2025-03-31,P000034,LOC011,231,558.82,S0002,2025-03-29,16,879
2024-10-02,P000034,LOC012,140,554.55,S0002,2024-10-01,16,879
2024-11-01,P000034,LOC012,236,582.95,S0002,2024-10-05,16,879
2024-12-01,P000034,LOC012,295,606.24,S0002,2024-11-26,16,879
2024-12-31,P000034,LOC012,383,589.91,S0002,2024-12-05,16,879
2025-01-30,P000034,LOC012,432,587.92,S0002,2025-01-26,16,879
2025-03-01,P000034,LOC012,462,607.57,S0002,2025-02-23,16,879
2025-03-31,P000034,LOC012,415,583.29,S0002,2025-03-15,16,879
2024-10-02,P000034,LOC013,110,561.37,S0002,2024-09-16,16,879
2024-11-01,P000034,LOC013,163,592.83,S0002,2024-10-06,16,879
2024-12-01,P000034,LOC013,219,563.85,S0002,2024-11-01,16,879
2024-12-31,P000034,LOC013,286,604.89,S0002,2024-12-05,16,879
2025-01-30,P000034,LOC013,296,594.21,S0002,2025-01-24,16,879
2025-03-01,P000034,LOC013,246,577.59,S0002,2025-02-13,16,879
2025-03-31,P000034,LOC013,256,603.75,S0002,2025-03-16,16,879
2024-10-02,P000034,LOC014,139,557.66,S0002,2024-09-14,16,879
2024-11-01,P000034,LOC014,179,557.41,S0002,2024-10-28,16,879
2024-12-01,P000034,LOC014,143,607.05,S0002,2024-11-06,16,879
2024-12-31,P000034,LOC014,220,588.42,S0002,2024-12-22,16,879
2025-01-30,P000034,LOC014,263,605.44,S0002,2025-01-27,16,879
2025-03-01,P000034,LOC014,273,573.26,S0002,2025-02-17,16,879
2025-03-31,P000034,LOC014,284,571.34,S0002,2025-03-24,16,879
2024-10-02,P000034,LOC015,127,581.43,S0002,2024-09-29,16,879
2024-11-01,P000034,LOC015,81,609.51,S0002,2024-10-14,16,879
2024-12-01,P000034,LOC015,100,572.14,S0002,2024-11-14,16,879
2024-12-31,P000034,LOC015,182,574.7,S0002,2024-12-18,16,879
2025-01-30,P000034,LOC015,137,607.03,S0002,2025-01-15,16,879
2025-03-01,P000034,LOC015,132,560.22,S0002,2025-02-12,16,879
2025-03-31,P000034,LOC015,100,562.94,S0002,2025-03-21,16,879
2024-10-02,P000034,LOC016,36,585.02,S0002,2024-09-05,16,879
2024-11-01,P000034,LOC016,0,581.8,S0002,2024-10-13,16,879
2024-12-01,P000034,LOC016,26,590.24,S0002,2024-11-13,16,879
2024-12-31,P000034,LOC016,0,607.42,S0002,2024-12-10,16,879
2025-01-30,P000034,LOC016,87,597.79,S0002,2025-01-11,16,879
2025-03-01,P000034,LOC016,140,586.84,S0002,2025-02-23,16,879
2025-03-31,P000034,LOC016,130,595.43,S0002,2025-03-16,16,879
2024-10-02,P000034,LOC017,24,583.68,S0002,2024-09-03,16,879
2024-11-01,P000034,LOC017,67,572.55,S0002,2024-10-16,16,879
2024-12-01,P000034,LOC017,133,608.41,S0002,2024-11-26,16,879
2024-12-31,P000034,LOC017,99,589.36,S0002,2024-12-19,16,879
2025-01-30,P000034,LOC017,149,583.88,S0002,2025-01-24,16,879
2025-03-01,P000034,LOC017,239,588.65,S0002,2025-02-14,16,879
2025-03-31,P000034,LOC017,214,574.35,S0002,2025-03-18,16,879
2024-10-02,P000034,LOC018,70,587.1,S0002,2024-09-17,16,879
2024-11-01,P000034,LOC018,143,589.1,S0002,2024-10-24,16,879
2024-12-01,P000034,LOC018,177,581.73,S0002,2024-11-10,16,879
2024-12-31,P000034,LOC018,166,569.85,S0002,2024-12-16,16,879
2025-01-30,P000034,LOC018,119,557.49,S0002,2025-01-16,16,879
2025-03-01,P000034,LOC018,88,598.85,S0002,2025-02-15,16,879
2025-03-31,P000034,LOC018,125,608.3,S0002,2025-03-03,16,879
2024-10-02,P000034,LOC019,42,588.8,S0002,2024-09-07,16,879
2024-11-01,P000034,LOC019,12,601.45,S0002,2024-10-14,16,879
2024-12-01,P000034,LOC019,79,608.42,S0002,2024-11-12,16,879
2024-12-31,P000034,LOC019,148,572.06,S0002,2024-12-10,16,879
2025-01-30,P000034,LOC019,124,610.75,S0002,2025-01-09,16,879
2025-03-01,P000034,LOC019,224,611.47,S0002,2025-02-26,16,879
2025-03-31,P000034,LOC019,237,587.01,S0002,2025-03-15,16,879
2024-10-02,P000034,LOC020,132,599.54,S0002,2024-09-24,16,879
2024-11-01,P000034,LOC020,93,606.84,S0002,2024-10-26,16,879
2024-12-01,P000034,LOC020,131,574.61,S0002,2024-11-23,16,879
2024-12-31,P000034,LOC020,124,590.18,S0002,2024-12-12,16,879
2025-01-30,P000034,LOC020,116,565.62,S0002,2025-01-23,16,879
2025-03-01,P000034,LOC020,198,609.29,S0002,2025-02-08,16,879
2025-03-31,P000034,LOC020,213,596.52,S0002,2025-03-02,16,879
2024-10-02,P000035,LOC001,121,108.97,S0025,2024-09-09,13,815
2024-11-01,P000035,LOC001,82,109.26,S0025,2024-10-14,13,815
2024-12-01,P000035,LOC001,83,106.27,S0025,2024-11-26,13,815
2024-12-31,P000035,LOC001,168,111.09,S0025,2024-12-18,13,815
2025-01-30,P000035,LOC001,196,108.04,S0025,2025-01-20,13,815
2025-03-01,P000035,LOC001,184,109.52,S0025,2025-02-24,13,815
2025-03-31,P000035,LOC001,193,113.89,S0025,2025-03-01,13,815
2024-10-02,P000035,LOC002,113,105.33,S0025,2024-09-08,13,815
2024-11-01,P000035,LOC002,104,112.72,S0025,2024-10-05,13,815
2024-12-01,P000035,LOC002,157,107.44,S0025,2024-11-29,13,815
2024-12-31,P000035,LOC002,175,107.25,S0025,2024-12-10,13,815
2025-01-30,P000035,LOC002,200,109.87,S0025,2025-01-22,13,815
2025-03-01,P000035,LOC002,228,113.29,S0025,2025-02-11,13,815
2025-03-31,P000035,LOC002,316,109.68,S0025,2025-03-22,13,815
2024-10-02,P000035,LOC003,112,107.26,S0025,2024-09-13,13,815
2024-11-01,P000035,LOC003,83,107.69,S0025,2024-10-11,13,815
2024-12-01,P000035,LOC003,135,108.98,S0025,2024-11-24,13,815
2024-12-31,P000035,LOC003,143,107.21,S0025,2024-12-03,13,815
2025-01-30,P000035,LOC003,141,112.24,S0025,2025-01-07,13,815
2025-03-01,P000035,LOC003,134,116.07,S0025,2025-02-13,13,815
2025-03-31,P000035,LOC003,105,115.57,S0025,2025-03-27,13,815
2024-10-02,P000035,LOC004,55,113.87,S0025,2024-09-15,13,815
2024-11-01,P000035,LOC004,12,106.87,S0025,2024-10-27,13,815
2024-12-01,P000035,LOC004,77,107.6,S0025,2024-11-23,13,815
2024-12-31,P000035,LOC004,79,113.16,S0025,2024-12-06,13,815
2025-01-30,P000035,LOC004,154,115.12,S0025,2025-01-28,13,815
2025-03-01,P000035,LOC004,109,108.45,S0025,2025-02-15,13,815
2025-03-31,P000035,LOC004,120,113.9,S0025,2025-03-22,13,815
2024-10-02,P000035,LOC005,116,114.58,S0025,2024-09-09,13,815
2024-11-01,P000035,LOC005,171,109.69,S0025,2024-10-27,13,815
2024-12-01,P000035,LOC005,160,115.33,S0025,2024-11-04,13,815
2024-12-31,P000035,LOC005,230,113.47,S0025,2024-12-08,13,815
2025-01-30,P000035,LOC005,197,112.12,S0025,2025-01-02,13,815
2025-03-01,P000035,LOC005,289,112.05,S0025,2025-02-19,13,815
2025-03-31,P000035,LOC005,387,111.24,S0025,2025-03-24,13,815
2024-10-02,P000035,LOC006,109,110.88,S0025,2024-09-16,13,815
2024-11-01,P000035,LOC006,63,106.65,S0025,2024-10-18,13,815
2024-12-01,P000035,LOC006,66,106.2,S0025,2024-11-13,13,815
2024-12-31,P000035,LOC006,25,105.8,S0025,2024-12-01,13,815
2025-01-30,P000035,LOC006,57,107.36,S0025,2025-01-15,13,815
2025-03-01,P000035,LOC006,142,108.39,S0025,2025-02-03,13,815
2025-03-31,P000035,LOC006,201,107.97,S0025,2025-03-20,13,815
2024-10-02,P000035,LOC007,80,112.76,S0025,2024-09-18,13,815
2024-11-01,P000035,LOC007,154,109.27,S0025,2024-10-05,13,815
2024-12-01,P000035,LOC007,197,109.98,S0025,2024-11-16,13,815
2024-12-31,P000035,LOC007,263,113.95,S0025,2024-12-14,13,815
2025-01-30,P000035,LOC007,283,111.78,S0025,2025-01-28,13,815
2025-03-01,P000035,LOC007,375,109.48,S0025,2025-02-06,13,815
2025-03-31,P000035,LOC007,379,107.38,S0025,2025-03-19,13,815
2024-10-02,P000035,LOC008,49,113.81,S0025,2024-09-05,13,815
2024-11-01,P000035,LOC008,97,111.71,S0025,2024-10-26,13,815
2024-12-01,P000035,LOC008,117,108.28,S0025,2024-11-19,13,815
2024-12-31,P000035,LOC008,135,105.65,S0025,2024-12-12,13,815
2025-01-30,P000035,LOC008,138,111.29,S0025,2025-01-14,13,815
2025-03-01,P000035,LOC008,191,114.67,S0025,2025-02-02,13,815
2025-03-31,P000035,LOC008,257,111.86,S0025,2025-03-20,13,815
2024-10-02,P000035,LOC009,25,105.28,S0025,2024-09-03,13,815
2024-11-01,P000035,LOC009,74,109.71,S0025,2024-10-16,13,815
2024-12-01,P000035,LOC009,119,105.91,S0025,2024-11-19,13,815
2024-12-31,P000035,LOC009,120,114.81,S0025,2024-12-23,13,815
2025-01-30,P000035,LOC009,114,106.65,S0025,2025-01-19,13,815
2025-03-01,P000035,LOC009,186,105.72,S0025,2025-02-20,13,815
2025-03-31,P000035,LOC009,212,105.62,S0025,2025-03-09,13,815
2024-10-02,P000035,LOC010,16,108.96,S0025,2024-09-04,13,815
2024-11-01,P000035,LOC010,40,105.71,S0025,2024-10-16,13,815
2024-12-01,P000035,LOC010,89,111.77,S0025,2024-11-30,13,815
2024-12-31,P000035,LOC010,62,107.7,S0025,2024-12-09,13,815
2025-01-30,P000035,LOC010,116,114.08,S0025,2025-01-07,13,815
2025-03-01,P000035,LOC010,158,105.25,S0025,2025-02-08,13,815
2025-03-31,P000035,LOC010,220,114.69,S0025,2025-03-30,13,815
2024-10-02,P000035,LOC011,62,107.11,S0025,2024-09-03,13,815
2024-11-01,P000035,LOC011,76,106.03,S0025,2024-10-11,13,815
2024-12-01,P000035,LOC011,157,115.3,S0025,2024-11-19,13,815
2024-12-31,P000035,LOC011,155,106.89,S0025,2024-12-07,13,815
2025-01-30,P000035,LOC011,135,112.14,S0025,2025-01-06,13,815
2025-03-01,P000035,LOC011,145,109.72,S0025,2025-02-04,13,815
2025-03-31,P000035,LOC011,119,113.45,S0025,2025-03-11,13,815
2024-10-02,P000035,LOC012,42,108.87,S0025,2024-09-10,13,815
2024-11-01,P000035,LOC012,125,106.89,S0025,2024-10-21,13,815
2024-12-01,P000035,LOC012,218,115.67,S0025,2024-11-29,13,815
2024-12-31,P000035,LOC012,218,106.38,S0025,2024-12-17,13,815
2025-01-30,P000035,LOC012,277,116.06,S0025,2025-01-18,13,815
2025-03-01,P000035,LOC012,229,107.13,S0025,2025-02-24,13,815
2025-03-31,P000035,LOC012,195,106.9,S0025,2025-03-01,13,815
2024-10-02,P000035,LOC013,94,111.24,S0025,2024-09-02,13,815
2024-11-01,P000035,LOC013,125,110.32,S0025,2024-10-03,13,815
2024-12-01,P000035,LOC013,166,113.07,S0025,2024-11-21,13,815
2024-12-31,P000035,LOC013,210,109.23,S0025,2024-12-01,13,815
2025-01-30,P000035,LOC013,253,109.73,S0025,2025-01-19,13,815
2025-03-01,P000035,LOC013,337,110.52,S0025,2025-02-13,13,815
2025-03-31,P000035,LOC013,376,114.87,S0025,2025-03-23,13,815
2024-10-02,P000035,LOC014,34,111.62,S0025,2024-09-27,13,815
2024-11-01,P000035,LOC014,84,115.63,S0025,2024-10-30,13,815
2024-12-01,P000035,LOC014,93,107.27,S0025,2024-11-16,13,815
2024-12-31,P000035,LOC014,124,107.15,S0025,2024-12-07,13,815
2025-01-30,P000035,LOC014,143,108.39,S0025,2025-01-29,13,815
2025-03-01,P000035,LOC014,165,105.41,S0025,2025-02-25,13,815
2025-03-31,P000035,LOC014,159,105.44,S0025,2025-03-21,13,815
2024-10-02,P000035,LOC015,74,108.22,S0025,2024-09-07,13,815
2024-11-01,P000035,LOC015,63,113.78,S0025,2024-10-19,13,815
2024-12-01,P000035,LOC015,90,113.74,S0025,2024-11-03,13,815
2024-12-31,P000035,LOC015,91,106.54,S0025,2024-12-12,13,815
2025-01-30,P000035,LOC015,128,113.28,S0025,2025-01-21,13,815
2025-03-01,P000035,LOC015,131,115.32,S0025,2025-02-16,13,815
2025-03-31,P000035,LOC015,200,106.42,S0025,2025-03-18,13,815
2024-10-02,P000035,LOC016,146,115.72,S0025,2024-09-05,13,815
2024-11-01,P000035,LOC016,200,105.31,S0025,2024-10-17,13,815
2024-12-01,P000035,LOC016,183,107.41,S0025,2024-11-27,13,815
2024-12-31,P000035,LOC016,235,110.62,S0025,2024-12-03,13,815
2025-01-30,P000035,LOC016,299,114.48,S0025,2025-01-21,13,815
2025-03-01,P000035,LOC016,278,110.03,S0025,2025-02-26,13,815
2025-03-31,P000035,LOC016,373,114.67,S0025,2025-03-30,13,815
2024-10-02,P000035,LOC017,85,113.09,S0025,2024-09-12,13,815
2024-11-01,P000035,LOC017,74,113.18,S0025,2024-10-06,13,815
2024-12-01,P000035,LOC017,24,105.79,S0025,2024-11-07,13,815
2024-12-31,P000035,LOC017,43,110.09,S0025,2024-12-16,13,815
2025-01-30,P000035,LOC017,0,108.28,S0025,2025-01-25,13,815
2025-03-01,P000035,LOC017,0,112.19,S0025,2025-02-21,13,815
2025-03-31,P000035,LOC017,0,114.12,S0025,2025-03-27,13,815
2024-10-02,P000035,LOC018,145,115.19,S0025,2024-09-25,13,815
2024-11-01,P000035,LOC018,197,112.28,S0025,2024-10-18,13,815
2024-12-01,P000035,LOC018,180,109.54,S0025,2024-11-19,13,815
2024-12-31,P000035,LOC018,206,110.72,S0025,2024-12-23,13,815
2025-01-30,P000035,LOC018,284,110.0,S0025,2025-01-15,13,815
2025-03-01,P000035,LOC018,273,110.66,S0025,2025-02-25,13,815
2025-03-31,P000035,LOC018,241,113.37,S0025,2025-03-25,13,815
2024-10-02,P000035,LOC019,94,109.87,S0025,2024-09-30,13,815
2024-11-01,P000035,LOC019,104,110.6,S0025,2024-10-14,13,815
2024-12-01,P000035,LOC019,98,110.26,S0025,2024-11-04,13,815
2024-12-31,P000035,LOC019,157,106.97,S0025,2024-12-07,13,815
2025-01-30,P000035,LOC019,155,105.32,S0025,2025-01-28,13,815
2025-03-01,P000035,LOC019,139,107.68,S0025,2025-02-14,13,815
2025-03-31,P000035,LOC019,123,109.27,S0025,2025-03-28,13,815
2024-10-02,P000035,LOC020,86,106.18,S0025,2024-09-17,13,815
2024-11-01,P000035,LOC020,168,116.15,S0025,2024-10-08,13,815
2024-12-01,P000035,LOC020,256,105.29,S0025,2024-11-03,13,815
2024-12-31,P000035,LOC020,328,105.36,S0025,2024-12-26,13,815
2025-01-30,P000035,LOC020,324,108.03,S0025,2025-01-05,13,815
2025-03-01,P000035,LOC020,323,108.23,S0025,2025-02-11,13,815
2025-03-31,P000035,LOC020,280,109.17,S0025,2025-03-03,13,815
2024-10-02,P000036,LOC001,857,132.34,S0004,2024-09-23,15,361
2024-11-01,P000036,LOC001,901,129.63,S0004,2024-10-24,15,361
2024-12-01,P000036,LOC001,976,140.89,S0004,2024-11-26,15,361
2024-12-31,P000036,LOC001,997,132.85,S0004,2024-12-05,15,361
2025-01-30,P000036,LOC001,1090,130.71,S0004,2025-01-28,15,361
2025-03-01,P000036,LOC001,1134,133.41,S0004,2025-02-27,15,361
2025-03-31,P000036,LOC001,1131,127.68,S0004,2025-03-04,15,361
2024-10-02,P000036,LOC002,904,130.3,S0004,2024-09-06,15,361
2024-11-01,P000036,LOC002,973,137.61,S0004,2024-10-13,15,361
2024-12-01,P000036,LOC002,1046,140.23,S0004,2024-11-22,15,361
2024-12-31,P000036,LOC002,1059,138.21,S0004,2024-12-03,15,361
2025-01-30,P000036,LOC002,1095,133.23,S0004,2025-01-06,15,361
2025-03-01,P000036,LOC002,1120,137.25,S0004,2025-02-20,15,361
2025-03-31,P000036,LOC002,1083,137.55,S0004,2025-03-18,15,361
2024-10-02,P000036,LOC003,874,137.34,S0004,2024-09-06,15,361
2024-11-01,P000036,LOC003,844,129.19,S0004,2024-10-23,15,361
2024-12-01,P000036,LOC003,811,139.38,S0004,2024-11-24,15,361
2024-12-31,P000036,LOC003,785,127.63,S0004,2024-12-13,15,361
2025-01-30,P000036,LOC003,772,131.89,S0004,2025-01-14,15,361
2025-03-01,P000036,LOC003,769,130.53,S0004,2025-02-14,15,361
2025-03-31,P000036,LOC003,862,133.14,S0004,2025-03-25,15,361
2024-10-02,P000036,LOC004,874,128.78,S0004,2024-09-21,15,361
2024-11-01,P000036,LOC004,832,138.73,S0004,2024-10-14,15,361
2024-12-01,P000036,LOC004,797,140.46,S0004,2024-11-12,15,361
2024-12-31,P000036,LOC004,826,128.13,S0004,2024-12-05,15,361
2025-01-30,P000036,LOC004,879,135.08,S0004,2025-01-11,15,361
2025-03-01,P000036,LOC004,881,135.38,S0004,2025-02-06,15,361
2025-03-31,P000036,LOC004,887,133.41,S0004,2025-03-15,15,361
2024-10-02,P000036,LOC005,835,135.7,S0004,2024-09-15,15,361
2024-11-01,P000036,LOC005,841,130.93,S0004,2024-10-19,15,361
2024-12-01,P000036,LOC005,921,137.55,S0004,2024-11-23,15,361
2024-12-31,P000036,LOC005,1005,137.39,S0004,2024-12-20,15,361
2025-01-30,P000036,LOC005,1065,140.51,S0004,2025-01-05,15,361
2025-03-01,P000036,LOC005,1037,130.7,S0004,2025-02-09,15,361
2025-03-31,P000036,LOC005,1103,128.81,S0004,2025-03-10,15,361
2024-10-02,P000036,LOC006,787,134.45,S0004,2024-09-15,15,361
2024-11-01,P000036,LOC006,791,130.83,S0004,2024-10-11,15,361
2024-12-01,P000036,LOC006,855,127.73,S0004,2024-11-20,15,361
2024-12-31,P000036,LOC006,889,133.48,S0004,2024-12-22,15,361
2025-01-30,P000036,LOC006,856,134.23,S0004,2025-01-25,15,361
2025-03-01,P000036,LOC006,874,140.01,S0004,2025-02-17,15,361
2025-03-31,P000036,LOC006,966,128.69,S0004,2025-03-09,15,361
2024-10-02,P000036,LOC007,798,129.13,S0004,2024-09-18,15,361
2024-11-01,P000036,LOC007,792,137.38,S0004,2024-10-28,15,361
2024-12-01,P000036,LOC007,877,133.3,S0004,2024-11-23,15,361
2024-12-31,P000036,LOC007,837,129.38,S0004,2024-12-26,15,361
2025-01-30,P000036,LOC007,817,129.29,S0004,2025-01-21,15,361
2025-03-01,P000036,LOC007,842,137.24,S0004,2025-02-08,15,361
2025-03-31,P000036,LOC007,827,137.92,S0004,2025-03-07,15,361
2024-10-02,P000036,LOC008,901,136.45,S0004,2024-09-21,15,361
2024-11-01,P000036,LOC008,880,136.57,S0004,2024-10-23,15,361
2024-12-01,P000036,LOC008,883,130.77,S0004,2024-11-17,15,361
2024-12-31,P000036,LOC008,878,132.01,S0004,2024-12-13,15,361
2025-01-30,P000036,LOC008,976,130.82,S0004,2025-01-25,15,361
2025-03-01,P000036,LOC008,963,137.42,S0004,2025-02-24,15,361
2025-03-31,P000036,LOC008,931,132.65,S0004,2025-03-04,15,361
2024-10-02,P000036,LOC009,765,136.35,S0004,2024-09-02,15,361
2024-11-01,P000036,LOC009,785,131.48,S0004,2024-10-29,15,361
2024-12-01,P000036,LOC009,879,127.84,S0004,2024-11-22,15,361
2024-12-31,P000036,LOC009,944,129.06,S0004,2024-12-12,15,361
2025-01-30,P000036,LOC009,1020,137.19,S0004,2025-01-09,15,361
2025-03-01,P000036,LOC009,1071,134.76,S0004,2025-02-22,15,361
2025-03-31,P000036,LOC009,1116,128.93,S0004,2025-03-29,15,361
2024-10-02,P000036,LOC010,818,139.41,S0004,2024-09-30,15,361
2024-11-01,P000036,LOC010,917,131.47,S0004,2024-10-16,15,361
2024-12-01,P000036,LOC010,905,130.71,S0004,2024-11-29,15,361
2024-12-31,P000036,LOC010,873,132.35,S0004,2024-12-18,15,361
2025-01-30,P000036,LOC010,903,135.03,S0004,2025-01-28,15,361
2025-03-01,P000036,LOC010,938,133.66,S0004,2025-02-08,15,361
2025-03-31,P000036,LOC010,1028,138.5,S0004,2025-03-19,15,361
2024-10-02,P000036,LOC011,770,134.96,S0004,2024-10-01,15,361
2024-11-01,P000036,LOC011,773,132.27,S0004,2024-10-09,15,361
2024-12-01,P000036,LOC011,856,132.44,S0004,2024-11-15,15,361
2024-12-31,P000036,LOC011,846,134.18,S0004,2024-12-03,15,361
2025-01-30,P000036,LOC011,857,128.9,S0004,2025-01-22,15,361
2025-03-01,P000036,LOC011,933,138.04,S0004,2025-02-08,15,361
2025-03-31,P000036,LOC011,958,137.08,S0004,2025-03-14,15,361
2024-10-02,P000036,LOC012,761,127.91,S0004,2024-09-03,15,361
2024-11-01,P000036,LOC012,803,137.37,S0004,2024-10-06,15,361
2024-12-01,P000036,LOC012,903,137.0,S0004,2024-11-26,15,361
2024-12-31,P000036,LOC012,982,129.83,S0004,2024-12-08,15,361
2025-01-30,P000036,LOC012,1053,131.64,S0004,2025-01-14,15,361
2025-03-01,P000036,LOC012,1076,128.73,S0004,2025-02-14,15,361
2025-03-31,P000036,LOC012,1076,130.11,S0004,2025-03-18,15,361
2024-10-02,P000036,LOC013,902,140.81,S0004,2024-09-26,15,361
2024-11-01,P000036,LOC013,895,129.01,S0004,2024-10-07,15,361
2024-12-01,P000036,LOC013,869,137.02,S0004,2024-11-21,15,361
2024-12-31,P000036,LOC013,842,130.78,S0004,2024-12-22,15,361
2025-01-30,P000036,LOC013,841,139.47,S0004,2025-01-03,15,361
2025-03-01,P000036,LOC013,810,135.47,S0004,2025-02-11,15,361
2025-03-31,P000036,LOC013,813,127.75,S0004,2025-03-03,15,361
2024-10-02,P000036,LOC014,884,129.21,S0004,2024-09-05,15,361
2024-11-01,P000036,LOC014,902,140.72,S0004,2024-10-05,15,361
2024-12-01,P000036,LOC014,852,129.99,S0004,2024-11-15,15,361
2024-12-31,P000036,LOC014,858,134.05,S0004,2024-12-06,15,361
2025-01-30,P000036,LOC014,895,136.13,S0004,2025-01-19,15,361
2025-03-01,P000036,LOC014,906,136.92,S0004,2025-02-17,15,361
2025-03-31,P000036,LOC014,977,135.64,S0004,2025-03-15,15,361
2024-10-02,P000036,LOC015,765,132.54,S0004,2024-09-28,15,361
2024-11-01,P000036,LOC015,835,139.49,S0004,2024-10-30,15,361
2024-12-01,P000036,LOC015,805,130.86,S0004,2024-11-09,15,361
2024-12-31,P000036,LOC015,877,127.63,S0004,2024-12-26,15,361
2025-01-30,P000036,LOC015,859,136.52,S0004,2025-01-25,15,361
2025-03-01,P000036,LOC015,935,135.55,S0004,2025-02-23,15,361
2025-03-31,P000036,LOC015,898,133.18,S0004,2025-03-26,15,361
2024-10-02,P000036,LOC016,869,137.54,S0004,2024-09-06,15,361
2024-11-01,P000036,LOC016,881,133.55,S0004,2024-10-31,15,361
2024-12-01,P000036,LOC016,975,127.68,S0004,2024-11-08,15,361
2024-12-31,P000036,LOC016,937,131.88,S0004,2024-12-05,15,361
2025-01-30,P000036,LOC016,1026,127.63,S0004,2025-01-04,15,361
2025-03-01,P000036,LOC016,1040,130.1,S0004,2025-02-28,15,361
2025-03-31,P000036,LOC016,1016,129.97,S0004,2025-03-04,15,361
2024-10-02,P000036,LOC017,830,127.9,S0004,2024-09-10,15,361
2024-11-01,P000036,LOC017,822,138.79,S0004,2024-10-15,15,361
2024-12-01,P000036,LOC017,827,139.22,S0004,2024-11-30,15,361
2024-12-31,P000036,LOC017,873,140.66,S0004,2024-12-05,15,361
2025-01-30,P000036,LOC017,973,135.89,S0004,2025-01-04,15,361
2025-03-01,P000036,LOC017,1004,129.77,S0004,2025-02-14,15,361
2025-03-31,P000036,LOC017,970,137.82,S0004,2025-03-13,15,361
2024-10-02,P000036,LOC018,855,133.93,S0004,2024-10-01,15,361
2024-11-01,P000036,LOC018,822,129.99,S0004,2024-10-18,15,361
2024-12-01,P000036,LOC018,799,133.03,S0004,2024-11-22,15,361
2024-12-31,P000036,LOC018,755,132.82,S0004,2024-12-19,15,361
2025-01-30,P000036,LOC018,772,133.57,S0004,2025-01-14,15,361
2025-03-01,P000036,LOC018,793,133.25,S0004,2025-02-27,15,361
2025-03-31,P000036,LOC018,745,132.81,S0004,2025-03-18,15,361
2024-10-02,P000036,LOC019,818,135.26,S0004,2024-09-11,15,361
2024-11-01,P000036,LOC019,855,138.38,S0004,2024-10-08,15,361
2024-12-01,P000036,LOC019,812,130.76,S0004,2024-11-16,15,361
2024-12-31,P000036,LOC019,782,137.03,S0004,2024-12-12,15,361
2025-01-30,P000036,LOC019,821,137.52,S0004,2025-01-19,15,361
2025-03-01,P000036,LOC019,885,132.39,S0004,2025-02-16,15,361
2025-03-31,P000036,LOC019,920,137.56,S0004,2025-03-01,15,361
2024-10-02,P000036,LOC020,870,139.73,S0004,2024-09-19,15,361
2024-11-01,P000036,LOC020,884,136.24,S0004,2024-10-21,15,361
2024-12-01,P000036,LOC020,889,134.62,S0004,2024-11-20,15,361
2024-12-31,P000036,LOC020,946,133.97,S0004,2024-12-15,15,361
2025-01-30,P000036,LOC020,962,137.61,S0004,2025-01-02,15,361
2025-03-01,P000036,LOC020,946,134.35,S0004,2025-02-02,15,361
2025-03-31,P000036,LOC020,955,135.15,S0004,2025-03-05,15,361
2024-10-02,P000037,LOC001,814,588.13,S0003,2024-09-30,16,551
2024-11-01,P000037,LOC001,865,563.4,S0003,2024-10-12,16,551
2024-12-01,P000037,LOC001,918,557.7,S0003,2024-11-02,16,551
2024-12-31,P000037,LOC001,875,582.91,S0003,2024-12-02,16,551
2025-01-30,P000037,LOC001,963,552.45,S0003,2024-12-31,16,551
2025-03-01,P000037,LOC001,948,541.31,S0003,2025-02-07,16,551
2025-03-31,P000037,LOC001,978,536.86,S0003,2025-03-23,16,551
2024-10-02,P000037,LOC002,797,544.98,S0003,2024-09-25,16,551
2024-11-01,P000037,LOC002,873,566.6,S0003,2024-10-03,16,551
2024-12-01,P000037,LOC002,879,572.54,S0003,2024-11-05,16,551
2024-12-31,P000037,LOC002,926,535.47,S0003,2024-12-16,16,551
2025-01-30,P000037,LOC002,891,582.48,S0003,2025-01-26,16,551
2025-03-01,P000037,LOC002,883,546.76,S0003,2025-02-12,16,551
2025-03-31,P000037,LOC002,920,539.16,S0003,2025-03-25,16,551
2024-10-02,P000037,LOC003,821,533.83,S0003,2024-09-09,16,551
2024-11-01,P000037,LOC003,801,577.63,S0003,2024-10-28,16,551
2024-12-01,P000037,LOC003,804,554.05,S0003,2024-11-30,16,551
2024-12-31,P000037,LOC003,789,569.46,S0003,2024-12-13,16,551
2025-01-30,P000037,LOC003,745,555.34,S0003,2025-01-13,16,551
2025-03-01,P000037,LOC003,755,553.13,S0003,2025-02-01,16,551
2025-03-31,P000037,LOC003,852,572.03,S0003,2025-03-01,16,551
2024-10-02,P000037,LOC004,795,582.78,S0003,2024-09-18,16,551
2024-11-01,P000037,LOC004,842,576.59,S0003,2024-10-07,16,551
2024-12-01,P000037,LOC004,915,575.96,S0003,2024-11-23,16,551
2024-12-31,P000037,LOC004,938,543.59,S0003,2024-12-08,16,551
2025-01-30,P000037,LOC004,949,568.79,S0003,2025-01-17,16,551
2025-03-01,P000037,LOC004,990,583.07,S0003,2025-02-26,16,551
2025-03-31,P000037,LOC004,1061,572.73,S0003,2025-03-19,16,551
2024-10-02,P000037,LOC005,783,542.98,S0003,2024-09-04,16,551
2024-11-01,P000037,LOC005,771,537.79,S0003,2024-10-10,16,551
2024-12-01,P000037,LOC005,830,548.14,S0003,2024-11-30,16,551
2024-12-31,P000037,LOC005,794,572.73,S0003,2024-12-11,16,551
2025-01-30,P000037,LOC005,782,539.44,S0003,2025-01-27,16,551
2025-03-01,P000037,LOC005,854,588.37,S0003,2025-02-08,16,551
2025-03-31,P000037,LOC005,811,544.3,S0003,2025-03-25,16,551
2024-10-02,P000037,LOC006,787,587.85,S0003,2024-10-01,16,551
2024-11-01,P000037,LOC006,821,583.79,S0003,2024-10-09,16,551
2024-12-01,P000037,LOC006,829,587.63,S0003,2024-11-09,16,551
2024-12-31,P000037,LOC006,887,554.48,S0003,2024-12-28,16,551
2025-01-30,P000037,LOC006,954,541.17,S0003,2025-01-27,16,551
2025-03-01,P000037,LOC006,1029,579.29,S0003,2025-02-07,16,551
2025-03-31,P000037,LOC006,1055,585.06,S0003,2025-03-09,16,551
2024-10-02,P000037,LOC007,720,588.39,S0003,2024-09-05,16,551
2024-11-01,P000037,LOC007,728,587.7,S0003,2024-10-09,16,551
2024-12-01,P000037,LOC007,727,543.65,S0003,2024-11-29,16,551
2024-12-31,P000037,LOC007,682,543.87,S0003,2024-12-07,16,551
2025-01-30,P000037,LOC007,693,558.94,S0003,2025-01-01,16,551
2025-03-01,P000037,LOC007,719,571.38,S0003,2025-02-14,16,551
2025-03-31,P000037,LOC007,818,576.27,S0003,2025-03-28,16,551
2024-10-02,P000037,LOC008,784,574.9,S0003,2024-09-22,16,551
2024-11-01,P000037,LOC008,769,567.29,S0003,2024-10-26,16,551
2024-12-01,P000037,LOC008,866,543.73,S0003,2024-11-11,16,551
2024-12-31,P000037,LOC008,819,543.93,S0003,2024-12-10,16,551
2025-01-30,P000037,LOC008,870,567.86,S0003,2025-01-18,16,551
2025-03-01,P000037,LOC008,839,549.47,S0003,2025-02-23,16,551
2025-03-31,P000037,LOC008,916,563.27,S0003,2025-03-16,16,551
2024-10-02,P000037,LOC009,785,550.23,S0003,2024-10-01,16,551
2024-11-01,P000037,LOC009,843,545.48,S0003,2024-10-19,16,551
2024-12-01,P000037,LOC009,807,577.99,S0003,2024-11-24,16,551
2024-12-31,P000037,LOC009,828,533.78,S0003,2024-12-03,16,551
2025-01-30,P000037,LOC009,895,567.51,S0003,2025-01-07,16,551
2025-03-01,P000037,LOC009,883,583.29,S0003,2025-02-27,16,551
2025-03-31,P000037,LOC009,866,587.89,S0003,2025-03-30,16,551
2024-10-02,P000037,LOC010,826,533.97,S0003,2024-09-05,16,551
2024-11-01,P000037,LOC010,919,584.09,S0003,2024-10-22,16,551
2024-12-01,P000037,LOC010,954,552.02,S0003,2024-11-24,16,551
2024-12-31,P000037,LOC010,938,582.85,S0003,2024-12-12,16,551
2025-01-30,P000037,LOC010,979,562.33,S0003,2025-01-11,16,551
2025-03-01,P000037,LOC010,955,577.0,S0003,2025-02-18,16,551
2025-03-31,P000037,LOC010,921,553.25,S0003,2025-03-02,16,551
2024-10-02,P000037,LOC011,755,541.59,S0003,2024-09-03,16,551
2024-11-01,P000037,LOC011,820,583.96,S0003,2024-10-08,16,551
2024-12-01,P000037,LOC011,792,572.71,S0003,2024-11-18,16,551
2024-12-31,P000037,LOC011,769,566.78,S0003,2024-12-10,16,551
2025-01-30,P000037,LOC011,821,539.19,S0003,2025-01-11,16,551
2025-03-01,P000037,LOC011,909,548.95,S0003,2025-02-15,16,551
2025-03-31,P000037,LOC011,977,567.77,S0003,2025-03-13,16,551
2024-10-02,P000037,LOC012,759,576.32,S0003,2024-09-10,16,551
2024-11-01,P000037,LOC012,779,534.43,S0003,2024-10-02,16,551
2024-12-01,P000037,LOC012,777,577.47,S0003,2024-11-30,16,551
2024-12-31,P000037,LOC012,819,562.57,S0003,2024-12-26,16,551
2025-01-30,P000037,LOC012,774,577.97,S0003,2025-01-13,16,551
2025-03-01,P000037,LOC012,736,570.87,S0003,2025-02-06,16,551
2025-03-31,P000037,LOC012,761,540.92,S0003,2025-03-02,16,551
2024-10-02,P000037,LOC013,709,563.18,S0003,2024-09-07,16,551
2024-11-01,P000037,LOC013,733,537.68,S0003,2024-10-26,16,551
2024-12-01,P000037,LOC013,797,560.54,S0003,2024-11-01,16,551
2024-12-31,P000037,LOC013,852,538.58,S0003,2024-12-02,16,551
2025-01-30,P000037,LOC013,949,546.31,S0003,2025-01-27,16,551
2025-03-01,P000037,LOC013,1049,534.37,S0003,2025-02-07,16,551
2025-03-31,P000037,LOC013,1105,581.27,S0003,2025-03-06,16,551
2024-10-02,P000037,LOC014,804,574.23,S0003,2024-10-01,16,551
2024-11-01,P000037,LOC014,785,570.29,S0003,2024-10-23,16,551
2024-12-01,P000037,LOC014,792,563.07,S0003,2024-11-07,16,551
2024-12-31,P000037,LOC014,872,536.66,S0003,2024-12-25,16,551
2025-01-30,P000037,LOC014,849,541.75,S0003,2025-01-14,16,551
2025-03-01,P000037,LOC014,894,539.42,S0003,2025-02-21,16,551
2025-03-31,P000037,LOC014,964,577.74,S0003,2025-03-29,16,551
2024-10-02,P000037,LOC015,716,588.26,S0003,2024-09-29,16,551
2024-11-01,P000037,LOC015,776,563.66,S0003,2024-10-06,16,551
2024-12-01,P000037,LOC015,810,587.45,S0003,2024-11-26,16,551
2024-12-31,P000037,LOC015,838,564.32,S0003,2024-12-14,16,551
2025-01-30,P000037,LOC015,938,545.74,S0003,2025-01-10,16,551
2025-03-01,P000037,LOC015,990,580.95,S0003,2025-02-22,16,551
2025-03-31,P000037,LOC015,986,543.82,S0003,2025-03-23,16,551
2024-10-02,P000037,LOC016,734,539.9,S0003,2024-09-27,16,551
2024-11-01,P000037,LOC016,727,568.64,S0003,2024-10-04,16,551
2024-12-01,P000037,LOC016,801,575.64,S0003,2024-11-15,16,551
2024-12-31,P000037,LOC016,804,561.05,S0003,2024-12-29,16,551
2025-01-30,P000037,LOC016,782,533.57,S0003,2025-01-25,16,551
2025-03-01,P000037,LOC016,838,587.21,S0003,2025-02-17,16,551
2025-03-31,P000037,LOC016,931,538.02,S0003,2025-03-13,16,551
2024-10-02,P000037,LOC017,756,564.23,S0003,2024-09-25,16,551
2024-11-01,P000037,LOC017,818,540.57,S0003,2024-10-21,16,551
2024-12-01,P000037,LOC017,874,545.6,S0003,2024-11-24,16,551
2024-12-31,P000037,LOC017,878,555.46,S0003,2024-12-03,16,551
2025-01-30,P000037,LOC017,950,559.77,S0003,2025-01-28,16,551
2025-03-01,P000037,LOC017,952,550.8,S0003,2025-02-09,16,551
2025-03-31,P000037,LOC017,939,562.06,S0003,2025-03-20,16,551
2024-10-02,P000037,LOC018,766,547.05,S0003,2024-09-29,16,551
2024-11-01,P000037,LOC018,756,548.49,S0003,2024-10-25,16,551
2024-12-01,P000037,LOC018,773,566.57,S0003,2024-11-14,16,551
2024-12-31,P000037,LOC018,857,588.65,S0003,2024-12-15,16,551
2025-01-30,P000037,LOC018,814,585.73,S0003,2025-01-19,16,551
2025-03-01,P000037,LOC018,765,543.81,S0003,2025-02-27,16,551
2025-03-31,P000037,LOC018,776,537.35,S0003,2025-03-03,16,551
2024-10-02,P000037,LOC019,843,578.45,S0003,2024-09-04,16,551
2024-11-01,P000037,LOC019,860,555.31,S0003,2024-10-11,16,551
2024-12-01,P000037,LOC019,884,537.79,S0003,2024-11-18,16,551
2024-12-31,P000037,LOC019,866,534.18,S0003,2024-12-30,16,551
2025-01-30,P000037,LOC019,819,542.41,S0003,2025-01-15,16,551
2025-03-01,P000037,LOC019,914,551.26,S0003,2025-02-18,16,551
2025-03-31,P000037,LOC019,959,549.14,S0003,2025-03-11,16,551
2024-10-02,P000037,LOC020,787,539.17,S0003,2024-09-03,16,551
2024-11-01,P000037,LOC020,881,580.98,S0003,2024-10-30,16,551
2024-12-01,P000037,LOC020,980,579.26,S0003,2024-11-02,16,551
2024-12-31,P000037,LOC020,1066,562.42,S0003,2024-12-09,16,551
2025-01-30,P000037,LOC020,1149,543.32,S0003,2025-01-15,16,551
2025-03-01,P000037,LOC020,1194,567.61,S0003,2025-02-02,16,551
2025-03-31,P000037,LOC020,1155,546.49,S0003,2025-03-14,16,551
2024-10-02,P000038,LOC001,31,116.55,S0009,2024-09-07,31,950
2024-11-01,P000038,LOC001,26,110.44,S0009,2024-10-29,31,950
2024-12-01,P000038,LOC001,106,109.02,S0009,2024-11-08,31,950
2024-12-31,P000038,LOC001,63,119.47,S0009,2024-12-04,31,950
2025-01-30,P000038,LOC001,14,116.57,S0009,2025-01-19,31,950
2025-03-01,P000038,LOC001,41,117.52,S0009,2025-02-09,31,950
2025-03-31,P000038,LOC001,100,111.17,S0009,2025-03-11,31,950
2024-10-02,P000038,LOC002,111,112.02,S0009,2024-09-16,31,950
2024-11-01,P000038,LOC002,135,111.83,S0009,2024-10-11,31,950
2024-12-01,P000038,LOC002,215,113.48,S0009,2024-11-16,31,950
2024-12-31,P000038,LOC002,260,118.27,S0009,2024-12-04,31,950
2025-01-30,P000038,LOC002,268,116.27,S0009,2025-01-08,31,950
2025-03-01,P000038,LOC002,285,112.04,S0009,2025-02-10,31,950
2025-03-31,P000038,LOC002,323,116.3,S0009,2025-03-30,31,950
2024-10-02,P000038,LOC003,0,111.54,S0009,2024-09-22,31,950
2024-11-01,P000038,LOC003,73,118.37,S0009,2024-10-09,31,950
2024-12-01,P000038,LOC003,116,118.65,S0009,2024-11-04,31,950
2024-12-31,P000038,LOC003,180,114.41,S0009,2024-12-13,31,950
2025-01-30,P000038,LOC003,243,116.55,S0009,2025-01-26,31,950
2025-03-01,P000038,LOC003,223,114.83,S0009,2025-02-08,31,950
2025-03-31,P000038,LOC003,206,113.9,S0009,2025-03-21,31,950
2024-10-02,P000038,LOC004,0,111.43,S0009,2024-09-27,31,950
2024-11-01,P000038,LOC004,0,114.37,S0009,2024-10-17,31,950
2024-12-01,P000038,LOC004,0,113.23,S0009,2024-11-27,31,950
2024-12-31,P000038,LOC004,3,115.74,S0009,2024-12-14,31,950
2025-01-30,P000038,LOC004,60,109.93,S0009,2025-01-14,31,950
2025-03-01,P000038,LOC004,44,118.57,S0009,2025-02-04,31,950
2025-03-31,P000038,LOC004,108,116.88,S0009,2025-03-16,31,950
2024-10-02,P000038,LOC005,59,108.6,S0009,2024-09-12,31,950
2024-11-01,P000038,LOC005,110,108.34,S0009,2024-10-19,31,950
2024-12-01,P000038,LOC005,175,113.69,S0009,2024-11-16,31,950
2024-12-31,P000038,LOC005,191,110.43,S0009,2024-12-02,31,950
2025-01-30,P000038,LOC005,255,117.89,S0009,2025-01-07,31,950
2025-03-01,P000038,LOC005,256,112.49,S0009,2025-02-26,31,950
2025-03-31,P000038,LOC005,302,115.65,S0009,2025-03-30,31,950
2024-10-02,P000038,LOC006,0,115.7,S0009,2024-09-20,31,950
2024-11-01,P000038,LOC006,0,114.27,S0009,2024-10-08,31,950
2024-12-01,P000038,LOC006,0,116.45,S0009,2024-11-15,31,950
2024-12-31,P000038,LOC006,33,116.77,S0009,2024-12-29,31,950
2025-01-30,P000038,LOC006,80,111.64,S0009,2025-01-20,31,950
2025-03-01,P000038,LOC006,88,109.63,S0009,2025-02-17,31,950
2025-03-31,P000038,LOC006,129,116.02,S0009,2025-03-01,31,950
2024-10-02,P000038,LOC007,27,111.32,S0009,2024-09-09,31,950
2024-11-01,P000038,LOC007,3,114.16,S0009,2024-10-11,31,950
2024-12-01,P000038,LOC007,26,111.81,S0009,2024-11-27,31,950
2024-12-31,P000038,LOC007,68,116.35,S0009,2024-12-13,31,950
2025-01-30,P000038,LOC007,40,109.02,S0009,2025-01-14,31,950
2025-03-01,P000038,LOC007,39,113.57,S0009,2025-02-09,31,950
2025-03-31,P000038,LOC007,98,119.26,S0009,2025-03-07,31,950
2024-10-02,P000038,LOC008,6,111.0,S0009,2024-09-29,31,950
2024-11-01,P000038,LOC008,0,116.46,S0009,2024-10-26,31,950
2024-12-01,P000038,LOC008,97,112.9,S0009,2024-11-05,31,950
2024-12-31,P000038,LOC008,132,108.78,S0009,2024-12-21,31,950
2025-01-30,P000038,LOC008,222,117.37,S0009,2025-01-20,31,950
2025-03-01,P000038,LOC008,200,116.98,S0009,2025-02-12,31,950
2025-03-31,P000038,LOC008,156,117.18,S0009,2025-03-29,31,950
2024-10-02,P000038,LOC009,0,110.48,S0009,2024-09-16,31,950
2024-11-01,P000038,LOC009,3,111.48,S0009,2024-10-22,31,950
2024-12-01,P000038,LOC009,0,112.53,S0009,2024-11-11,31,950
2024-12-31,P000038,LOC009,0,110.31,S0009,2024-12-29,31,950
2025-01-30,P000038,LOC009,64,109.17,S0009,2025-01-27,31,950
2025-03-01,P000038,LOC009,153,111.55,S0009,2025-02-14,31,950
2025-03-31,P000038,LOC009,112,118.66,S0009,2025-03-07,31,950
2024-10-02,P000038,LOC010,11,109.89,S0009,2024-09-10,31,950
2024-11-01,P000038,LOC010,0,111.5,S0009,2024-10-27,31,950
2024-12-01,P000038,LOC010,83,117.65,S0009,2024-11-12,31,950
2024-12-31,P000038,LOC010,34,115.73,S0009,2024-12-06,31,950
2025-01-30,P000038,LOC010,129,113.99,S0009,2025-01-25,31,950
2025-03-01,P000038,LOC010,205,110.06,S0009,2025-02-14,31,950
2025-03-31,P000038,LOC010,301,119.12,S0009,2025-03-18,31,950
2024-10-02,P000038,LOC011,0,108.66,S0009,2024-09-29,31,950
2024-11-01,P000038,LOC011,74,119.54,S0009,2024-10-07,31,950
2024-12-01,P000038,LOC011,121,117.41,S0009,2024-11-12,31,950
2024-12-31,P000038,LOC011,149,108.38,S0009,2024-12-02,31,950
2025-01-30,P000038,LOC011,156,112.54,S0009,2025-01-22,31,950
2025-03-01,P000038,LOC011,147,109.21,S0009,2025-02-07,31,950
2025-03-31,P000038,LOC011,119,113.2,S0009,2025-03-04,31,950
2024-10-02,P000038,LOC012,115,109.84,S0009,2024-09-08,31,950
2024-11-01,P000038,LOC012,83,112.85,S0009,2024-10-05,31,950
2024-12-01,P000038,LOC012,54,111.15,S0009,2024-11-15,31,950
2024-12-31,P000038,LOC012,35,113.03,S0009,2024-12-06,31,950
2025-01-30,P000038,LOC012,90,118.85,S0009,2025-01-15,31,950
2025-03-01,P000038,LOC012,94,116.77,S0009,2025-02-11,31,950
2025-03-31,P000038,LOC012,180,115.17,S0009,2025-03-07,31,950
2024-10-02,P000038,LOC013,48,116.37,S0009,2024-09-02,31,950
2024-11-01,P000038,LOC013,0,114.63,S0009,2024-10-25,31,950
2024-12-01,P000038,LOC013,0,118.15,S0009,2024-11-08,31,950
2024-12-31,P000038,LOC013,77,117.35,S0009,2024-12-03,31,950
2025-01-30,P000038,LOC013,147,111.42,S0009,2025-01-27,31,950
2025-03-01,P000038,LOC013,113,118.2,S0009,2025-02-02,31,950
2025-03-31,P000038,LOC013,103,113.93,S0009,2025-03-26,31,950
2024-10-02,P000038,LOC014,118,108.96,S0009,2024-09-29,31,950
2024-11-01,P000038,LOC014,211,111.7,S0009,2024-10-09,31,950
2024-12-01,P000038,LOC014,263,119.2,S0009,2024-11-08,31,950
2024-12-31,P000038,LOC014,316,117.58,S0009,2024-12-14,31,950
2025-01-30,P000038,LOC014,340,111.79,S0009,2025-01-12,31,950
2025-03-01,P000038,LOC014,323,114.11,S0009,2025-02-12,31,950
2025-03-31,P000038,LOC014,318,118.36,S0009,2025-03-26,31,950
2024-10-02,P000038,LOC015,41,113.26,S0009,2024-09-26,31,950
2024-11-01,P000038,LOC015,127,114.87,S0009,2024-10-18,31,950
2024-12-01,P000038,LOC015,127,108.94,S0009,2024-11-30,31,950
2024-12-31,P000038,LOC015,153,118.27,S0009,2024-12-09,31,950
2025-01-30,P000038,LOC015,251,118.07,S0009,2025-01-21,31,950
2025-03-01,P000038,LOC015,330,111.98,S0009,2025-02-08,31,950
2025-03-31,P000038,LOC015,288,108.36,S0009,2025-03-18,31,950
2024-10-02,P000038,LOC016,98,111.11,S0009,2024-09-28,31,950
2024-11-01,P000038,LOC016,123,116.66,S0009,2024-10-05,31,950
2024-12-01,P000038,LOC016,100,118.61,S0009,2024-11-20,31,950
2024-12-31,P000038,LOC016,172,118.6,S0009,2024-12-04,31,950
2025-01-30,P000038,LOC016,254,110.84,S0009,2025-01-20,31,950
2025-03-01,P000038,LOC016,302,111.1,S0009,2025-02-12,31,950
2025-03-31,P000038,LOC016,321,114.46,S0009,2025-03-05,31,950
2024-10-02,P000038,LOC017,20,111.62,S0009,2024-09-05,31,950
2024-11-01,P000038,LOC017,75,114.91,S0009,2024-10-14,31,950
2024-12-01,P000038,LOC017,29,118.18,S0009,2024-11-19,31,950
2024-12-31,P000038,LOC017,37,109.61,S0009,2024-12-23,31,950
2025-01-30,P000038,LOC017,0,109.32,S0009,2025-01-06,31,950
2025-03-01,P000038,LOC017,99,109.06,S0009,2025-02-10,31,950
2025-03-31,P000038,LOC017,156,114.39,S0009,2025-03-26,31,950
2024-10-02,P000038,LOC018,72,117.08,S0009,2024-09-11,31,950
2024-11-01,P000038,LOC018,93,114.11,S0009,2024-10-10,31,950
2024-12-01,P000038,LOC018,175,115.87,S0009,2024-11-15,31,950
2024-12-31,P000038,LOC018,125,112.28,S0009,2024-12-30,31,950
2025-01-30,P000038,LOC018,128,118.75,S0009,2025-01-01,31,950
2025-03-01,P000038,LOC018,89,116.64,S0009,2025-02-18,31,950
2025-03-31,P000038,LOC018,92,109.05,S0009,2025-03-15,31,950
2024-10-02,P000038,LOC019,14,117.13,S0009,2024-09-23,31,950
2024-11-01,P000038,LOC019,27,117.99,S0009,2024-10-10,31,950
2024-12-01,P000038,LOC019,91,115.32,S0009,2024-11-04,31,950
2024-12-31,P000038,LOC019,88,118.46,S0009,2024-12-03,31,950
2025-01-30,P000038,LOC019,157,116.96,S0009,2025-01-11,31,950
2025-03-01,P000038,LOC019,168,114.79,S0009,2025-02-19,31,950
2025-03-31,P000038,LOC019,153,118.56,S0009,2025-03-27,31,950
2024-10-02,P000038,LOC020,109,111.05,S0009,2024-09-20,31,950
2024-11-01,P000038,LOC020,196,113.75,S0009,2024-10-16,31,950
2024-12-01,P000038,LOC020,172,111.04,S0009,2024-11-20,31,950
2024-12-31,P000038,LOC020,242,114.28,S0009,2024-12-03,31,950
2025-01-30,P000038,LOC020,239,112.88,S0009,2025-01-19,31,950
2025-03-01,P000038,LOC020,218,110.04,S0009,2025-01-31,31,950
2025-03-31,P000038,LOC020,235,109.44,S0009,2025-03-20,31,950
2024-10-02,P000039,LOC001,869,587.86,S0027,2024-09-17,28,379
2024-11-01,P000039,LOC001,947,593.39,S0027,2024-10-07,28,379
2024-12-01,P000039,LOC001,990,583.21,S0027,2024-11-04,28,379
2024-12-31,P000039,LOC001,995,598.97,S0027,2024-12-06,28,379
2025-01-30,P000039,LOC001,1075,586.59,S0027,2025-01-07,28,379
2025-03-01,P000039,LOC001,1063,566.75,S0027,2025-01-31,28,379
2025-03-31,P000039,LOC001,1148,610.11,S0027,2025-03-05,28,379
2024-10-02,P000039,LOC002,925,593.58,S0027,2024-09-04,28,379
2024-11-01,P000039,LOC002,911,603.38,S0027,2024-10-24,28,379
2024-12-01,P000039,LOC002,881,595.24,S0027,2024-11-29,28,379
2024-12-31,P000039,LOC002,981,614.4,S0027,2024-12-20,28,379
2025-01-30,P000039,LOC002,1009,563.84,S0027,2024-12-31,28,379
2025-03-01,P000039,LOC002,1047,601.21,S0027,2025-02-20,28,379
2025-03-31,P000039,LOC002,1043,564.22,S0027,2025-03-09,28,379
2024-10-02,P000039,LOC003,879,591.88,S0027,2024-09-16,28,379
2024-11-01,P000039,LOC003,926,611.46,S0027,2024-10-14,28,379
2024-12-01,P000039,LOC003,893,558.24,S0027,2024-11-14,28,379
2024-12-31,P000039,LOC003,852,606.25,S0027,2024-12-27,28,379
2025-01-30,P000039,LOC003,815,597.62,S0027,2024-12-31,28,379
2025-03-01,P000039,LOC003,848,599.17,S0027,2025-02-27,28,379
2025-03-31,P000039,LOC003,824,595.71,S0027,2025-03-30,28,379
2024-10-02,P000039,LOC004,911,593.05,S0027,2024-09-22,28,379
2024-11-01,P000039,LOC004,990,576.25,S0027,2024-10-15,28,379
2024-12-01,P000039,LOC004,1015,584.29,S0027,2024-11-18,28,379
2024-12-31,P000039,LOC004,1064,586.2,S0027,2024-12-08,28,379
2025-01-30,P000039,LOC004,1028,579.07,S0027,2025-01-13,28,379
2025-03-01,P000039,LOC004,1104,597.32,S0027,2025-02-14,28,379
2025-03-31,P000039,LOC004,1099,613.97,S0027,2025-03-21,28,379
2024-10-02,P000039,LOC005,883,599.16,S0027,2024-09-07,28,379
2024-11-01,P000039,LOC005,948,586.2,S0027,2024-10-06,28,379
2024-12-01,P000039,LOC005,1047,600.54,S0027,2024-11-09,28,379
2024-12-31,P000039,LOC005,1050,591.51,S0027,2024-12-04,28,379
2025-01-30,P000039,LOC005,1018,608.88,S0027,2025-01-13,28,379
2025-03-01,P000039,LOC005,1005,562.23,S0027,2025-01-30,28,379
2025-03-31,P000039,LOC005,1028,613.77,S0027,2025-03-07,28,379
2024-10-02,P000039,LOC006,829,612.55,S0027,2024-09-28,28,379
2024-11-01,P000039,LOC006,857,591.55,S0027,2024-10-27,28,379
2024-12-01,P000039,LOC006,883,595.68,S0027,2024-11-05,28,379
2024-12-31,P000039,LOC006,882,564.92,S0027,2024-12-06,28,379
2025-01-30,P000039,LOC006,858,565.43,S0027,2025-01-20,28,379
2025-03-01,P000039,LOC006,876,594.61,S0027,2025-02-21,28,379
2025-03-31,P000039,LOC006,896,588.96,S0027,2025-03-13,28,379
2024-10-02,P000039,LOC007,900,594.63,S0027,2024-09-17,28,379
2024-11-01,P000039,LOC007,941,566.74,S0027,2024-10-18,28,379
2024-12-01,P000039,LOC007,915,589.68,S0027,2024-11-16,28,379
2024-12-31,P000039,LOC007,902,587.03,S0027,2024-12-13,28,379
2025-01-30,P000039,LOC007,889,603.14,S0027,2025-01-01,28,379
2025-03-01,P000039,LOC007,853,612.06,S0027,2025-02-23,28,379
2025-03-31,P000039,LOC007,937,607.06,S0027,2025-03-05,28,379
2024-10-02,P000039,LOC008,896,593.09,S0027,2024-09-04,28,379
2024-11-01,P000039,LOC008,932,569.23,S0027,2024-10-08,28,379
2024-12-01,P000039,LOC008,892,563.34,S0027,2024-11-03,28,379
2024-12-31,P000039,LOC008,981,582.96,S0027,2024-12-29,28,379
2025-01-30,P000039,LOC008,1004,611.62,S0027,2025-01-22,28,379
2025-03-01,P000039,LOC008,1073,560.88,S0027,2025-02-13,28,379
2025-03-31,P000039,LOC008,1135,561.34,S0027,2025-03-02,28,379
2024-10-02,P000039,LOC009,895,572.76,S0027,2024-09-07,28,379
2024-11-01,P000039,LOC009,954,562.76,S0027,2024-10-18,28,379
2024-12-01,P000039,LOC009,967,597.83,S0027,2024-11-27,28,379
2024-12-31,P000039,LOC009,973,575.52,S0027,2024-12-01,28,379
2025-01-30,P000039,LOC009,1017,579.36,S0027,2025-01-18,28,379
2025-03-01,P000039,LOC009,1085,564.49,S0027,2025-02-10,28,379
2025-03-31,P000039,LOC009,1088,557.58,S0027,2025-03-08,28,379
2024-10-02,P000039,LOC010,931,610.07,S0027,2024-09-17,28,379
2024-11-01,P000039,LOC010,898,593.47,S0027,2024-10-28,28,379
2024-12-01,P000039,LOC010,950,608.31,S0027,2024-11-03,28,379
2024-12-31,P000039,LOC010,1036,610.3,S0027,2024-12-01,28,379
2025-01-30,P000039,LOC010,1136,581.36,S0027,2025-01-02,28,379
2025-03-01,P000039,LOC010,1135,573.22,S0027,2025-02-09,28,379
2025-03-31,P000039,LOC010,1191,565.15,S0027,2025-03-26,28,379
2024-10-02,P000039,LOC011,898,560.54,S0027,2024-09-03,28,379
2024-11-01,P000039,LOC011,923,558.49,S0027,2024-10-12,28,379
2024-12-01,P000039,LOC011,999,575.27,S0027,2024-11-16,28,379
2024-12-31,P000039,LOC011,1075,567.22,S0027,2024-12-24,28,379
2025-01-30,P000039,LOC011,1074,578.32,S0027,2025-01-09,28,379
2025-03-01,P000039,LOC011,1094,584.78,S0027,2025-02-09,28,379
2025-03-31,P000039,LOC011,1187,609.62,S0027,2025-03-09,28,379
2024-10-02,P000039,LOC012,910,579.65,S0027,2024-09-14,28,379
2024-11-01,P000039,LOC012,881,610.62,S0027,2024-10-16,28,379
2024-12-01,P000039,LOC012,952,571.91,S0027,2024-11-29,28,379
2024-12-31,P000039,LOC012,908,593.46,S0027,2024-12-06,28,379
2025-01-30,P000039,LOC012,943,572.4,S0027,2025-01-06,28,379
2025-03-01,P000039,LOC012,1018,571.77,S0027,2025-02-22,28,379
2025-03-31,P000039,LOC012,971,557.63,S0027,2025-03-04,28,379
2024-10-02,P000039,LOC013,820,602.24,S0027,2024-09-08,28,379
2024-11-01,P000039,LOC013,887,575.63,S0027,2024-10-11,28,379
2024-12-01,P000039,LOC013,891,567.39,S0027,2024-11-25,28,379
2024-12-31,P000039,LOC013,870,582.0,S0027,2024-12-21,28,379
2025-01-30,P000039,LOC013,839,594.69,S0027,2025-01-27,28,379
2025-03-01,P000039,LOC013,932,571.16,S0027,2025-02-19,28,379
2025-03-31,P000039,LOC013,999,600.64,S0027,2025-03-17,28,379
2024-10-02,P000039,LOC014,844,562.72,S0027,2024-09-17,28,379
2024-11-01,P000039,LOC014,928,604.15,S0027,2024-10-05,28,379
2024-12-01,P000039,LOC014,906,564.69,S0027,2024-11-17,28,379
2024-12-31,P000039,LOC014,908,556.21,S0027,2024-12-18,28,379
2025-01-30,P000039,LOC014,862,593.21,S0027,2025-01-26,28,379
2025-03-01,P000039,LOC014,815,593.99,S0027,2025-02-18,28,379
2025-03-31,P000039,LOC014,905,591.73,S0027,2025-03-07,28,379
2024-10-02,P000039,LOC015,900,578.47,S0027,2024-09-07,28,379
2024-11-01,P000039,LOC015,991,588.68,S0027,2024-10-31,28,379
2024-12-01,P000039,LOC015,1069,599.59,S0027,2024-11-06,28,379
2024-12-31,P000039,LOC015,1024,558.22,S0027,2024-12-29,28,379
2025-01-30,P000039,LOC015,987,604.0,S0027,2025-01-01,28,379
2025-03-01,P000039,LOC015,1017,592.84,S0027,2025-02-13,28,379
2025-03-31,P000039,LOC015,991,558.04,S0027,2025-03-02,28,379
2024-10-02,P000039,LOC016,855,559.49,S0027,2024-10-01,28,379
2024-11-01,P000039,LOC016,939,581.19,S0027,2024-10-11,28,379
2024-12-01,P000039,LOC016,1031,581.13,S0027,2024-11-16,28,379
2024-12-31,P000039,LOC016,1049,590.88,S0027,2024-12-17,28,379
2025-01-30,P000039,LOC016,1121,558.26,S0027,2025-01-09,28,379
2025-03-01,P000039,LOC016,1162,574.14,S0027,2025-02-25,28,379
2025-03-31,P000039,LOC016,1200,559.4,S0027,2025-03-27,28,379
2024-10-02,P000039,LOC017,963,594.66,S0027,2024-09-05,28,379
2024-11-01,P000039,LOC017,1023,577.5,S0027,2024-10-27,28,379
2024-12-01,P000039,LOC017,1110,612.83,S0027,2024-11-30,28,379
2024-12-31,P000039,LOC017,1114,562.78,S0027,2024-12-09,28,379
2025-01-30,P000039,LOC017,1079,570.66,S0027,2025-01-08,28,379
2025-03-01,P000039,LOC017,1112,602.28,S0027,2025-02-13,28,379
2025-03-31,P000039,LOC017,1083,583.61,S0027,2025-03-07,28,379
2024-10-02,P000039,LOC018,858,600.71,S0027,2024-09-08,28,379
2024-11-01,P000039,LOC018,922,592.31,S0027,2024-10-19,28,379
2024-12-01,P000039,LOC018,975,595.06,S0027,2024-11-30,28,379
2024-12-31,P000039,LOC018,1050,599.47,S0027,2024-12-05,28,379
2025-01-30,P000039,LOC018,1068,585.9,S0027,2025-01-08,28,379
2025-03-01,P000039,LOC018,1147,588.44,S0027,2025-02-04,28,379
2025-03-31,P000039,LOC018,1140,595.69,S0027,2025-03-24,28,379
2024-10-02,P000039,LOC019,859,581.91,S0027,2024-09-22,28,379
2024-11-01,P000039,LOC019,871,598.9,S0027,2024-10-14,28,379
2024-12-01,P000039,LOC019,913,568.44,S0027,2024-11-24,28,379
2024-12-31,P000039,LOC019,954,571.6,S0027,2024-12-10,28,379
2025-01-30,P000039,LOC019,954,570.21,S0027,2025-01-16,28,379
2025-03-01,P000039,LOC019,987,566.99,S0027,2025-01-30,28,379
2025-03-31,P000039,LOC019,1085,597.44,S0027,2025-03-18,28,379
2024-10-02,P000039,LOC020,862,568.92,S0027,2024-09-19,28,379
2024-11-01,P000039,LOC020,884,559.29,S0027,2024-10-31,28,379
2024-12-01,P000039,LOC020,930,571.21,S0027,2024-11-27,28,379
2024-12-31,P000039,LOC020,918,573.44,S0027,2024-12-05,28,379
2025-01-30,P000039,LOC020,996,583.07,S0027,2025-01-04,28,379
2025-03-01,P000039,LOC020,1016,566.15,S0027,2025-02-15,28,379
2025-03-31,P000039,LOC020,1043,602.73,S0027,2025-03-27,28,379
2024-10-02,P000040,LOC001,812,414.25,S0003,2024-09-03,46,414
2024-11-01,P000040,LOC001,777,432.22,S0003,2024-10-20,46,414
2024-12-01,P000040,LOC001,816,411.84,S0003,2024-11-27,46,414
2024-12-31,P000040,LOC001,869,444.77,S0003,2024-12-02,46,414
2025-01-30,P000040,LOC001,937,434.88,S0003,2025-01-17,46,414
2025-03-01,P000040,LOC001,1033,443.69,S0003,2025-02-28,46,414
2025-03-31,P000040,LOC001,1025,416.02,S0003,2025-03-28,46,414
2024-10-02,P000040,LOC002,841,421.13,S0003,2024-09-02,46,414
2024-11-01,P000040,LOC002,815,426.3,S0003,2024-10-15,46,414
2024-12-01,P000040,LOC002,906,417.2,S0003,2024-11-03,46,414
2024-12-31,P000040,LOC002,898,435.7,S0003,2024-12-06,46,414
2025-01-30,P000040,LOC002,959,441.52,S0003,2025-01-07,46,414
2025-03-01,P000040,LOC002,917,427.83,S0003,2025-02-22,46,414
2025-03-31,P000040,LOC002,967,423.24,S0003,2025-03-05,46,414
2024-10-02,P000040,LOC003,813,413.23,S0003,2024-09-26,46,414
2024-11-01,P000040,LOC003,836,426.58,S0003,2024-10-26,46,414
2024-12-01,P000040,LOC003,798,418.45,S0003,2024-11-13,46,414
2024-12-31,P000040,LOC003,818,431.6,S0003,2024-12-03,46,414
2025-01-30,P000040,LOC003,856,431.31,S0003,2025-01-25,46,414
2025-03-01,P000040,LOC003,888,430.68,S0003,2025-02-19,46,414
2025-03-31,P000040,LOC003,942,438.22,S0003,2025-03-29,46,414
2024-10-02,P000040,LOC004,847,441.8,S0003,2024-09-17,46,414
2024-11-01,P000040,LOC004,803,433.19,S0003,2024-10-09,46,414
2024-12-01,P000040,LOC004,842,423.09,S0003,2024-11-16,46,414
2024-12-31,P000040,LOC004,930,436.43,S0003,2024-12-25,46,414
2025-01-30,P000040,LOC004,1008,442.91,S0003,2025-01-01,46,414
2025-03-01,P000040,LOC004,1016,445.04,S0003,2025-02-10,46,414
2025-03-31,P000040,LOC004,968,419.98,S0003,2025-03-16,46,414
2024-10-02,P000040,LOC005,817,446.33,S0003,2024-09-13,46,414
2024-11-01,P000040,LOC005,783,441.94,S0003,2024-10-13,46,414
2024-12-01,P000040,LOC005,840,432.14,S0003,2024-11-16,46,414
2024-12-31,P000040,LOC005,835,426.31,S0003,2024-12-26,46,414
2025-01-30,P000040,LOC005,824,418.7,S0003,2025-01-20,46,414
2025-03-01,P000040,LOC005,910,428.24,S0003,2025-02-07,46,414
2025-03-31,P000040,LOC005,994,418.26,S0003,2025-03-25,46,414
2024-10-02,P000040,LOC006,752,443.01,S0003,2024-09-08,46,414
2024-11-01,P000040,LOC006,754,443.69,S0003,2024-10-08,46,414
2024-12-01,P000040,LOC006,785,435.5,S0003,2024-11-16,46,414
2024-12-31,P000040,LOC006,883,415.34,S0003,2024-12-01,46,414
2025-01-30,P000040,LOC006,968,417.92,S0003,2025-01-16,46,414
2025-03-01,P000040,LOC006,1025,432.53,S0003,2025-02-06,46,414
2025-03-31,P000040,LOC006,1061,427.72,S0003,2025-03-08,46,414
2024-10-02,P000040,LOC007,813,435.76,S0003,2024-09-29,46,414
2024-11-01,P000040,LOC007,854,429.4,S0003,2024-10-28,46,414
2024-12-01,P000040,LOC007,954,439.51,S0003,2024-11-10,46,414
2024-12-31,P000040,LOC007,1029,414.49,S0003,2024-12-27,46,414
2025-01-30,P000040,LOC007,1030,428.64,S0003,2025-01-23,46,414
2025-03-01,P000040,LOC007,994,416.13,S0003,2025-02-07,46,414
2025-03-31,P000040,LOC007,1007,413.61,S0003,2025-03-05,46,414
2024-10-02,P000040,LOC008,817,449.67,S0003,2024-09-14,46,414
2024-11-01,P000040,LOC008,793,429.48,S0003,2024-10-31,46,414
2024-12-01,P000040,LOC008,778,434.82,S0003,2024-11-19,46,414
2024-12-31,P000040,LOC008,767,436.4,S0003,2024-12-12,46,414
2025-01-30,P000040,LOC008,767,430.3,S0003,2025-01-17,46,414
2025-03-01,P000040,LOC008,774,432.68,S0003,2025-02-26,46,414
2025-03-31,P000040,LOC008,810,438.32,S0003,2025-03-03,46,414
2024-10-02,P000040,LOC009,752,425.47,S0003,2024-09-23,46,414
2024-11-01,P000040,LOC009,795,436.12,S0003,2024-10-03,46,414
2024-12-01,P000040,LOC009,851,414.09,S0003,2024-11-28,46,414
2024-12-31,P000040,LOC009,801,434.29,S0003,2024-12-24,46,414
2025-01-30,P000040,LOC009,838,442.76,S0003,2024-12-31,46,414
2025-03-01,P000040,LOC009,828,429.64,S0003,2025-02-24,46,414
2025-03-31,P000040,LOC009,871,427.69,S0003,2025-03-02,46,414
2024-10-02,P000040,LOC010,717,434.2,S0003,2024-09-18,46,414
2024-11-01,P000040,LOC010,798,428.98,S0003,2024-10-15,46,414
2024-12-01,P000040,LOC010,809,448.32,S0003,2024-11-06,46,414
2024-12-31,P000040,LOC010,844,416.33,S0003,2024-12-25,46,414
2025-01-30,P000040,LOC010,798,430.1,S0003,2025-01-11,46,414
2025-03-01,P000040,LOC010,811,428.27,S0003,2025-02-14,46,414
2025-03-31,P000040,LOC010,770,413.04,S0003,2025-03-21,46,414
2024-10-02,P000040,LOC011,746,436.47,S0003,2024-09-03,46,414
2024-11-01,P000040,LOC011,709,412.97,S0003,2024-10-14,46,414
2024-12-01,P000040,LOC011,741,449.99,S0003,2024-11-13,46,414
2024-12-31,P000040,LOC011,732,417.72,S0003,2024-12-03,46,414
2025-01-30,P000040,LOC011,739,431.24,S0003,2024-12-31,46,414
2025-03-01,P000040,LOC011,776,431.91,S0003,2025-02-07,46,414
2025-03-31,P000040,LOC011,798,419.46,S0003,2025-03-27,46,414
2024-10-02,P000040,LOC012,784,445.77,S0003,2024-09-09,46,414
2024-11-01,P000040,LOC012,776,449.42,S0003,2024-10-28,46,414
2024-12-01,P000040,LOC012,799,416.64,S0003,2024-11-07,46,414
2024-12-31,P000040,LOC012,880,426.01,S0003,2024-12-02,46,414
2025-01-30,P000040,LOC012,838,437.14,S0003,2025-01-18,46,414
2025-03-01,P000040,LOC012,884,426.88,S0003,2025-01-30,46,414
2025-03-31,P000040,LOC012,866,410.1,S0003,2025-03-19,46,414
2024-10-02,P000040,LOC013,773,448.55,S0003,2024-09-08,46,414
2024-11-01,P000040,LOC013,745,434.83,S0003,2024-10-23,46,414
2024-12-01,P000040,LOC013,842,419.87,S0003,2024-11-18,46,414
2024-12-31,P000040,LOC013,835,444.56,S0003,2024-12-05,46,414
2025-01-30,P000040,LOC013,796,429.52,S0003,2025-01-23,46,414
2025-03-01,P000040,LOC013,798,411.65,S0003,2025-02-16,46,414
2025-03-31,P000040,LOC013,794,447.72,S0003,2025-03-01,46,414
2024-10-02,P000040,LOC014,834,444.15,S0003,2024-09-16,46,414
2024-11-01,P000040,LOC014,810,436.99,S0003,2024-10-13,46,414
2024-12-01,P000040,LOC014,855,421.47,S0003,2024-11-08,46,414
2024-12-31,P000040,LOC014,927,414.63,S0003,2024-12-27,46,414
2025-01-30,P000040,LOC014,987,425.2,S0003,2025-01-20,46,414
2025-03-01,P000040,LOC014,1006,444.21,S0003,2025-02-12,46,414
2025-03-31,P000040,LOC014,970,435.35,S0003,2025-03-13,46,414
2024-10-02,P000040,LOC015,781,412.75,S0003,2024-09-04,46,414
2024-11-01,P000040,LOC015,835,439.36,S0003,2024-10-11,46,414
2024-12-01,P000040,LOC015,819,448.41,S0003,2024-11-07,46,414
2024-12-31,P000040,LOC015,834,439.59,S0003,2024-12-03,46,414
2025-01-30,P000040,LOC015,919,432.08,S0003,2025-01-25,46,414
2025-03-01,P000040,LOC015,903,435.41,S0003,2025-02-03,46,414
2025-03-31,P000040,LOC015,963,429.73,S0003,2025-03-07,46,414
2024-10-02,P000040,LOC016,721,425.77,S0003,2024-09-14,46,414
2024-11-01,P000040,LOC016,730,415.57,S0003,2024-10-02,46,414
2024-12-01,P000040,LOC016,754,416.57,S0003,2024-11-19,46,414
2024-12-31,P000040,LOC016,811,408.63,S0003,2024-12-05,46,414
2025-01-30,P000040,LOC016,874,447.62,S0003,2025-01-29,46,414
2025-03-01,P000040,LOC016,925,435.42,S0003,2025-02-09,46,414
2025-03-31,P000040,LOC016,947,409.11,S0003,2025-03-12,46,414
2024-10-02,P000040,LOC017,766,439.24,S0003,2024-09-21,46,414
2024-11-01,P000040,LOC017,797,447.87,S0003,2024-10-20,46,414
2024-12-01,P000040,LOC017,868,445.71,S0003,2024-11-12,46,414
2024-12-31,P000040,LOC017,940,413.77,S0003,2024-12-19,46,414
2025-01-30,P000040,LOC017,1025,440.66,S0003,2025-01-06,46,414
2025-03-01,P000040,LOC017,1048,431.84,S0003,2025-02-27,46,414
2025-03-31,P000040,LOC017,1118,448.42,S0003,2025-03-20,46,414
2024-10-02,P000040,LOC018,713,420.85,S0003,2024-09-15,46,414
2024-11-01,P000040,LOC018,716,440.1,S0003,2024-10-25,46,414
2024-12-01,P000040,LOC018,773,439.12,S0003,2024-11-24,46,414
2024-12-31,P000040,LOC018,834,424.34,S0003,2024-12-10,46,414
2025-01-30,P000040,LOC018,919,435.74,S0003,2025-01-13,46,414
2025-03-01,P000040,LOC018,945,417.07,S0003,2025-02-11,46,414
2025-03-31,P000040,LOC018,1037,416.26,S0003,2025-03-16,46,414
2024-10-02,P000040,LOC019,826,435.05,S0003,2024-09-30,46,414
2024-11-01,P000040,LOC019,883,426.65,S0003,2024-10-18,46,414
2024-12-01,P000040,LOC019,960,449.53,S0003,2024-11-20,46,414
2024-12-31,P000040,LOC019,911,413.62,S0003,2024-12-09,46,414
2025-01-30,P000040,LOC019,947,431.7,S0003,2025-01-29,46,414
2025-03-01,P000040,LOC019,966,435.5,S0003,2025-02-26,46,414
2025-03-31,P000040,LOC019,1030,421.01,S0003,2025-03-22,46,414
2024-10-02,P000040,LOC020,814,446.62,S0003,2024-09-06,46,414
2024-11-01,P000040,LOC020,801,414.47,S0003,2024-10-31,46,414
2024-12-01,P000040,LOC020,856,409.46,S0003,2024-11-06,46,414
2024-12-31,P000040,LOC020,822,450.12,S0003,2024-12-07,46,414
2025-01-30,P000040,LOC020,877,449.51,S0003,2025-01-13,46,414
2025-03-01,P000040,LOC020,856,441.41,S0003,2025-02-16,46,414
2025-03-31,P000040,LOC020,875,450.15,S0003,2025-03-15,46,414
2024-10-02,P000041,LOC001,269,418.97,S0016,2024-09-15,44,827
2024-11-01,P000041,LOC001,309,425.42,S0016,2024-10-06,44,827
2024-12-01,P000041,LOC001,286,423.45,S0016,2024-11-14,44,827
2024-12-31,P000041,LOC001,263,411.37,S0016,2024-12-15,44,827
2025-01-30,P000041,LOC001,253,411.85,S0016,2025-01-20,44,827
2025-03-01,P000041,LOC001,288,432.63,S0016,2025-02-16,44,827
2025-03-31,P000041,LOC001,335,435.81,S0016,2025-03-20,44,827
2024-10-02,P000041,LOC002,338,415.65,S0016,2024-09-24,44,827
2024-11-01,P000041,LOC002,357,441.36,S0016,2024-10-24,44,827
2024-12-01,P000041,LOC002,377,423.41,S0016,2024-11-25,44,827
2024-12-31,P000041,LOC002,432,427.63,S0016,2024-12-13,44,827
2025-01-30,P000041,LOC002,489,406.73,S0016,2025-01-25,44,827
2025-03-01,P000041,LOC002,493,438.3,S0016,2025-02-21,44,827
2025-03-31,P000041,LOC002,452,422.16,S0016,2025-03-14,44,827
2024-10-02,P000041,LOC003,247,415.52,S0016,2024-09-20,44,827
2024-11-01,P000041,LOC003,332,420.46,S0016,2024-10-26,44,827
2024-12-01,P000041,LOC003,367,411.6,S0016,2024-11-21,44,827
2024-12-31,P000041,LOC003,324,418.83,S0016,2024-12-19,44,827
2025-01-30,P000041,LOC003,338,403.74,S0016,2025-01-27,44,827
2025-03-01,P000041,LOC003,417,438.44,S0016,2025-02-28,44,827
2025-03-31,P000041,LOC003,429,429.86,S0016,2025-03-01,44,827
2024-10-02,P000041,LOC004,377,407.23,S0016,2024-09-16,44,827
2024-11-01,P000041,LOC004,376,442.11,S0016,2024-10-02,44,827
2024-12-01,P000041,LOC004,391,442.42,S0016,2024-11-20,44,827
2024-12-31,P000041,LOC004,431,403.33,S0016,2024-12-14,44,827
2025-01-30,P000041,LOC004,471,422.56,S0016,2025-01-20,44,827
2025-03-01,P000041,LOC004,558,436.85,S0016,2025-02-01,44,827
2025-03-31,P000041,LOC004,650,437.38,S0016,2025-03-10,44,827
2024-10-02,P000041,LOC005,255,440.35,S0016,2024-09-22,44,827
2024-11-01,P000041,LOC005,331,438.9,S0016,2024-10-19,44,827
2024-12-01,P000041,LOC005,357,406.49,S0016,2024-11-11,44,827
2024-12-31,P000041,LOC005,317,442.94,S0016,2024-12-14,44,827
2025-01-30,P000041,LOC005,401,411.78,S0016,2025-01-25,44,827
2025-03-01,P000041,LOC005,428,415.49,S0016,2025-02-21,44,827
2025-03-31,P000041,LOC005,469,414.6,S0016,2025-03-11,44,827
2024-10-02,P000041,LOC006,281,412.66,S0016,2024-09-10,44,827
2024-11-01,P000041,LOC006,261,412.06,S0016,2024-10-21,44,827
2024-12-01,P000041,LOC006,219,405.89,S0016,2024-11-16,44,827
2024-12-31,P000041,LOC006,192,436.51,S0016,2024-12-12,44,827
2025-01-30,P000041,LOC006,220,431.73,S0016,2025-01-12,44,827
2025-03-01,P000041,LOC006,268,438.71,S0016,2025-02-18,44,827
2025-03-31,P000041,LOC006,341,411.99,S0016,2025-03-25,44,827
2024-10-02,P000041,LOC007,241,424.7,S0016,2024-09-22,44,827
2024-11-01,P000041,LOC007,329,422.59,S0016,2024-10-27,44,827
2024-12-01,P000041,LOC007,393,405.78,S0016,2024-11-02,44,827
2024-12-31,P000041,LOC007,424,426.85,S0016,2024-12-08,44,827
2025-01-30,P000041,LOC007,403,442.93,S0016,2024-12-31,44,827
2025-03-01,P000041,LOC007,483,423.43,S0016,2025-02-28,44,827
2025-03-31,P000041,LOC007,549,426.77,S0016,2025-03-17,44,827
2024-10-02,P000041,LOC008,270,426.69,S0016,2024-09-20,44,827
2024-11-01,P000041,LOC008,298,424.17,S0016,2024-10-08,44,827
2024-12-01,P000041,LOC008,331,442.42,S0016,2024-11-17,44,827
2024-12-31,P000041,LOC008,425,409.69,S0016,2024-12-07,44,827
2025-01-30,P000041,LOC008,519,403.4,S0016,2025-01-29,44,827
2025-03-01,P000041,LOC008,511,418.86,S0016,2025-02-21,44,827
2025-03-31,P000041,LOC008,461,445.5,S0016,2025-03-30,44,827
2024-10-02,P000041,LOC009,276,426.5,S0016,2024-10-01,44,827
2024-11-01,P000041,LOC009,279,430.8,S0016,2024-10-04,44,827
2024-12-01,P000041,LOC009,294,430.28,S0016,2024-11-29,44,827
2024-12-31,P000041,LOC009,329,407.24,S0016,2024-12-23,44,827
2025-01-30,P000041,LOC009,376,428.77,S0016,2025-01-03,44,827
2025-03-01,P000041,LOC009,462,441.94,S0016,2025-02-20,44,827
2025-03-31,P000041,LOC009,529,431.61,S0016,2025-03-03,44,827
2024-10-02,P000041,LOC010,324,435.99,S0016,2024-09-25,44,827
2024-11-01,P000041,LOC010,395,433.03,S0016,2024-10-21,44,827
2024-12-01,P000041,LOC010,475,427.1,S0016,2024-11-04,44,827
2024-12-31,P000041,LOC010,455,443.82,S0016,2024-12-04,44,827
2025-01-30,P000041,LOC010,414,419.73,S0016,2025-01-26,44,827
2025-03-01,P000041,LOC010,397,429.87,S0016,2025-02-07,44,827
2025-03-31,P000041,LOC010,385,434.57,S0016,2025-03-21,44,827
2024-10-02,P000041,LOC011,272,421.19,S0016,2024-09-27,44,827
2024-11-01,P000041,LOC011,259,432.19,S0016,2024-10-11,44,827
2024-12-01,P000041,LOC011,330,405.38,S0016,2024-11-18,44,827
2024-12-31,P000041,LOC011,305,431.59,S0016,2024-12-13,44,827
2025-01-30,P000041,LOC011,355,443.93,S0016,2025-01-24,44,827
2025-03-01,P000041,LOC011,338,431.44,S0016,2025-01-31,44,827
2025-03-31,P000041,LOC011,299,407.18,S0016,2025-03-20,44,827
2024-10-02,P000041,LOC012,279,429.73,S0016,2024-09-20,44,827
2024-11-01,P000041,LOC012,270,438.19,S0016,2024-10-21,44,827
2024-12-01,P000041,LOC012,252,440.21,S0016,2024-11-07,44,827
2024-12-31,P000041,LOC012,349,434.32,S0016,2024-12-03,44,827
2025-01-30,P000041,LOC012,315,409.84,S0016,2025-01-23,44,827
2025-03-01,P000041,LOC012,293,440.54,S0016,2025-02-09,44,827
2025-03-31,P000041,LOC012,281,418.74,S0016,2025-03-23,44,827
2024-10-02,P000041,LOC013,232,425.06,S0016,2024-09-26,44,827
2024-11-01,P000041,LOC013,202,406.65,S0016,2024-10-27,44,827
2024-12-01,P000041,LOC013,216,405.63,S0016,2024-11-16,44,827
2024-12-31,P000041,LOC013,243,423.42,S0016,2024-12-11,44,827
2025-01-30,P000041,LOC013,238,442.8,S0016,2025-01-12,44,827
2025-03-01,P000041,LOC013,300,411.3,S0016,2025-02-02,44,827
2025-03-31,P000041,LOC013,266,416.13,S0016,2025-03-12,44,827
2024-10-02,P000041,LOC014,310,404.65,S0016,2024-09-11,44,827
2024-11-01,P000041,LOC014,293,415.63,S0016,2024-10-15,44,827
2024-12-01,P000041,LOC014,344,412.79,S0016,2024-11-14,44,827
2024-12-31,P000041,LOC014,439,403.33,S0016,2024-12-19,44,827
2025-01-30,P000041,LOC014,405,429.48,S0016,2025-01-26,44,827
2025-03-01,P000041,LOC014,453,439.12,S0016,2025-02-25,44,827
2025-03-31,P000041,LOC014,522,419.86,S0016,2025-03-23,44,827
2024-10-02,P000041,LOC015,307,404.44,S0016,2024-09-15,44,827
2024-11-01,P000041,LOC015,272,407.6,S0016,2024-10-24,44,827
2024-12-01,P000041,LOC015,344,404.52,S0016,2024-11-26,44,827
2024-12-31,P000041,LOC015,409,439.12,S0016,2024-12-19,44,827
2025-01-30,P000041,LOC015,475,424.75,S0016,2025-01-13,44,827
2025-03-01,P000041,LOC015,434,443.0,S0016,2025-02-15,44,827
2025-03-31,P000041,LOC015,435,405.4,S0016,2025-03-11,44,827
2024-10-02,P000041,LOC016,251,432.93,S0016,2024-09-02,44,827
2024-11-01,P000041,LOC016,321,437.59,S0016,2024-10-20,44,827
2024-12-01,P000041,LOC016,320,408.18,S0016,2024-11-23,44,827
2024-12-31,P000041,LOC016,270,419.91,S0016,2024-12-30,44,827
2025-01-30,P000041,LOC016,339,435.04,S0016,2025-01-20,44,827
2025-03-01,P000041,LOC016,319,413.63,S0016,2025-02-09,44,827
2025-03-31,P000041,LOC016,356,415.62,S0016,2025-03-21,44,827
2024-10-02,P000041,LOC017,319,412.88,S0016,2024-09-06,44,827
2024-11-01,P000041,LOC017,272,436.81,S0016,2024-10-05,44,827
2024-12-01,P000041,LOC017,353,423.83,S0016,2024-11-04,44,827
2024-12-31,P000041,LOC017,390,443.04,S0016,2024-12-01,44,827
2025-01-30,P000041,LOC017,340,419.37,S0016,2024-12-31,44,827
2025-03-01,P000041,LOC017,355,418.37,S0016,2025-02-26,44,827
2025-03-31,P000041,LOC017,339,443.69,S0016,2025-03-01,44,827
2024-10-02,P000041,LOC018,246,414.56,S0016,2024-09-24,44,827
2024-11-01,P000041,LOC018,326,423.05,S0016,2024-10-04,44,827
2024-12-01,P000041,LOC018,303,419.07,S0016,2024-11-23,44,827
2024-12-31,P000041,LOC018,286,421.69,S0016,2024-12-14,44,827
2025-01-30,P000041,LOC018,370,437.14,S0016,2025-01-26,44,827
2025-03-01,P000041,LOC018,442,439.62,S0016,2025-01-30,44,827
2025-03-31,P000041,LOC018,538,413.85,S0016,2025-03-30,44,827
2024-10-02,P000041,LOC019,371,404.26,S0016,2024-09-25,44,827
2024-11-01,P000041,LOC019,331,409.73,S0016,2024-10-24,44,827
2024-12-01,P000041,LOC019,332,429.77,S0016,2024-11-19,44,827
2024-12-31,P000041,LOC019,379,404.21,S0016,2024-12-14,44,827
2025-01-30,P000041,LOC019,447,427.52,S0016,2025-01-19,44,827
2025-03-01,P000041,LOC019,503,421.31,S0016,2025-02-18,44,827
2025-03-31,P000041,LOC019,601,439.41,S0016,2025-03-29,44,827
2024-10-02,P000041,LOC020,318,439.17,S0016,2024-09-11,44,827
2024-11-01,P000041,LOC020,291,421.79,S0016,2024-10-30,44,827
2024-12-01,P000041,LOC020,310,432.41,S0016,2024-11-16,44,827
2024-12-31,P000041,LOC020,388,443.84,S0016,2024-12-26,44,827
2025-01-30,P000041,LOC020,339,438.91,S0016,2024-12-31,44,827
2025-03-01,P000041,LOC020,337,419.07,S0016,2025-02-28,44,827
2025-03-31,P000041,LOC020,298,420.2,S0016,2025-03-01,44,827
2024-10-02,P000042,LOC001,692,158.95,S0019,2024-09-21,25,1193
2024-11-01,P000042,LOC001,723,153.4,S0019,2024-10-20,25,1193
2024-12-01,P000042,LOC001,810,160.09,S0019,2024-11-30,25,1193
2024-12-31,P000042,LOC001,909,152.7,S0019,2024-12-25,25,1193
2025-01-30,P000042,LOC001,954,158.11,S0019,2025-01-11,25,1193
2025-03-01,P000042,LOC001,966,154.56,S0019,2025-02-19,25,1193
2025-03-31,P000042,LOC001,924,151.75,S0019,2025-03-05,25,1193
2024-10-02,P000042,LOC002,671,160.67,S0019,2024-09-25,25,1193
2024-11-01,P000042,LOC002,726,148.88,S0019,2024-10-11,25,1193
2024-12-01,P000042,LOC002,765,164.33,S0019,2024-11-17,25,1193
2024-12-31,P000042,LOC002,812,151.25,S0019,2024-12-06,25,1193
2025-01-30,P000042,LOC002,834,164.34,S0019,2025-01-20,25,1193
2025-03-01,P000042,LOC002,896,159.35,S0019,2025-02-11,25,1193
2025-03-31,P000042,LOC002,994,150.49,S0019,2025-03-03,25,1193
2024-10-02,P000042,LOC003,648,160.31,S0019,2024-09-30,25,1193
2024-11-01,P000042,LOC003,639,150.34,S0019,2024-10-17,25,1193
2024-12-01,P000042,LOC003,723,155.72,S0019,2024-11-28,25,1193
2024-12-31,P000042,LOC003,750,150.63,S0019,2024-12-07,25,1193
2025-01-30,P000042,LOC003,840,164.06,S0019,2025-01-12,25,1193
2025-03-01,P000042,LOC003,868,149.86,S0019,2025-01-30,25,1193
2025-03-31,P000042,LOC003,860,160.87,S0019,2025-03-05,25,1193
2024-10-02,P000042,LOC004,639,151.6,S0019,2024-09-08,25,1193
2024-11-01,P000042,LOC004,706,162.09,S0019,2024-10-30,25,1193
2024-12-01,P000042,LOC004,666,159.1,S0019,2024-11-11,25,1193
2024-12-31,P000042,LOC004,641,151.02,S0019,2024-12-14,25,1193
2025-01-30,P000042,LOC004,612,158.74,S0019,2025-01-04,25,1193
2025-03-01,P000042,LOC004,693,158.71,S0019,2025-02-02,25,1193
2025-03-31,P000042,LOC004,650,162.04,S0019,2025-03-24,25,1193
2024-10-02,P000042,LOC005,591,158.7,S0019,2024-09-30,25,1193
2024-11-01,P000042,LOC005,626,158.88,S0019,2024-10-31,25,1193
2024-12-01,P000042,LOC005,656,161.99,S0019,2024-11-14,25,1193
2024-12-31,P000042,LOC005,675,156.68,S0019,2024-12-22,25,1193
2025-01-30,P000042,LOC005,725,159.9,S0019,2025-01-12,25,1193
2025-03-01,P000042,LOC005,753,155.45,S0019,2025-02-15,25,1193
2025-03-31,P000042,LOC005,767,150.35,S0019,2025-03-01,25,1193
2024-10-02,P000042,LOC006,656,163.45,S0019,2024-09-18,25,1193
2024-11-01,P000042,LOC006,644,157.86,S0019,2024-10-03,25,1193
2024-12-01,P000042,LOC006,719,152.91,S0019,2024-11-19,25,1193
2024-12-31,P000042,LOC006,751,154.22,S0019,2024-12-08,25,1193
2025-01-30,P000042,LOC006,771,159.4,S0019,2025-01-22,25,1193
2025-03-01,P000042,LOC006,807,156.77,S0019,2025-02-12,25,1193
2025-03-31,P000042,LOC006,875,151.08,S0019,2025-03-29,25,1193
2024-10-02,P000042,LOC007,629,150.18,S0019,2024-09-14,25,1193
2024-11-01,P000042,LOC007,615,157.43,S0019,2024-10-03,25,1193
2024-12-01,P000042,LOC007,668,155.25,S0019,2024-11-30,25,1193
2024-12-31,P000042,LOC007,657,164.02,S0019,2024-12-26,25,1193
2025-01-30,P000042,LOC007,700,160.69,S0019,2025-01-24,25,1193
2025-03-01,P000042,LOC007,659,163.24,S0019,2025-02-09,25,1193
2025-03-31,P000042,LOC007,757,151.14,S0019,2025-03-09,25,1193
2024-10-02,P000042,LOC008,632,157.29,S0019,2024-09-16,25,1193
2024-11-01,P000042,LOC008,632,154.06,S0019,2024-10-27,25,1193
2024-12-01,P000042,LOC008,625,159.54,S0019,2024-11-18,25,1193
2024-12-31,P000042,LOC008,694,162.94,S0019,2024-12-08,25,1193
2025-01-30,P000042,LOC008,771,151.38,S0019,2025-01-26,25,1193
2025-03-01,P000042,LOC008,740,163.01,S0019,2025-02-22,25,1193
2025-03-31,P000042,LOC008,817,157.8,S0019,2025-03-21,25,1193
2024-10-02,P000042,LOC009,680,150.57,S0019,2024-10-01,25,1193
2024-11-01,P000042,LOC009,756,150.02,S0019,2024-10-15,25,1193
2024-12-01,P000042,LOC009,746,156.57,S0019,2024-11-16,25,1193
2024-12-31,P000042,LOC009,722,149.46,S0019,2024-12-21,25,1193
2025-01-30,P000042,LOC009,799,157.89,S0019,2025-01-12,25,1193
2025-03-01,P000042,LOC009,786,161.4,S0019,2025-02-24,25,1193
2025-03-31,P000042,LOC009,748,156.29,S0019,2025-03-25,25,1193
2024-10-02,P000042,LOC010,649,157.42,S0019,2024-09-26,25,1193
2024-11-01,P000042,LOC010,648,162.23,S0019,2024-10-04,25,1193
2024-12-01,P000042,LOC010,719,161.86,S0019,2024-11-16,25,1193
2024-12-31,P000042,LOC010,814,157.47,S0019,2024-12-26,25,1193
2025-01-30,P000042,LOC010,880,162.37,S0019,2025-01-25,25,1193
2025-03-01,P000042,LOC010,834,156.44,S0019,2025-02-12,25,1193
2025-03-31,P000042,LOC010,888,152.94,S0019,2025-03-11,25,1193
2024-10-02,P000042,LOC011,608,150.37,S0019,2024-09-17,25,1193
2024-11-01,P000042,LOC011,564,159.64,S0019,2024-10-21,25,1193
2024-12-01,P000042,LOC011,523,156.84,S0019,2024-11-19,25,1193
2024-12-31,P000042,LOC011,527,157.28,S0019,2024-12-21,25,1193
2025-01-30,P000042,LOC011,609,149.67,S0019,2025-01-04,25,1193
2025-03-01,P000042,LOC011,626,158.25,S0019,2025-02-14,25,1193
2025-03-31,P000042,LOC011,664,162.9,S0019,2025-03-06,25,1193
2024-10-02,P000042,LOC012,615,159.03,S0019,2024-09-16,25,1193
2024-11-01,P000042,LOC012,626,159.38,S0019,2024-10-28,25,1193
2024-12-01,P000042,LOC012,603,158.89,S0019,2024-11-08,25,1193
2024-12-31,P000042,LOC012,587,155.08,S0019,2024-12-02,25,1193
2025-01-30,P000042,LOC012,596,148.91,S0019,2025-01-07,25,1193
2025-03-01,P000042,LOC012,645,164.34,S0019,2025-02-27,25,1193
2025-03-31,P000042,LOC012,710,151.69,S0019,2025-03-17,25,1193
2024-10-02,P000042,LOC013,643,161.55,S0019,2024-09-05,25,1193
2024-11-01,P000042,LOC013,715,155.98,S0019,2024-10-28,25,1193
2024-12-01,P000042,LOC013,800,151.71,S0019,2024-11-01,25,1193
2024-12-31,P000042,LOC013,891,154.44,S0019,2024-12-04,25,1193
2025-01-30,P000042,LOC013,874,163.14,S0019,2025-01-18,25,1193
2025-03-01,P000042,LOC013,916,153.58,S0019,2025-02-06,25,1193
2025-03-31,P000042,LOC013,896,152.13,S0019,2025-03-18,25,1193
2024-10-02,P000042,LOC014,683,163.96,S0019,2024-09-11,25,1193
2024-11-01,P000042,LOC014,659,154.29,S0019,2024-10-20,25,1193
2024-12-01,P000042,LOC014,645,163.85,S0019,2024-11-28,25,1193
2024-12-31,P000042,LOC014,726,152.39,S0019,2024-12-21,25,1193
2025-01-30,P000042,LOC014,758,156.19,S0019,2025-01-28,25,1193
2025-03-01,P000042,LOC014,752,149.27,S0019,2025-02-25,25,1193
2025-03-31,P000042,LOC014,702,156.81,S0019,2025-03-16,25,1193
2024-10-02,P000042,LOC015,605,160.13,S0019,2024-09-14,25,1193
2024-11-01,P000042,LOC015,569,160.65,S0019,2024-10-15,25,1193
2024-12-01,P000042,LOC015,613,155.35,S0019,2024-11-20,25,1193
2024-12-31,P000042,LOC015,583,159.51,S0019,2024-12-09,25,1193
2025-01-30,P000042,LOC015,652,154.54,S0019,2025-01-01,25,1193
2025-03-01,P000042,LOC015,664,151.16,S0019,2025-02-12,25,1193
2025-03-31,P000042,LOC015,662,156.65,S0019,2025-03-17,25,1193
2024-10-02,P000042,LOC016,681,151.16,S0019,2024-09-13,25,1193
2024-11-01,P000042,LOC016,638,161.61,S0019,2024-10-26,25,1193
2024-12-01,P000042,LOC016,598,151.94,S0019,2024-11-27,25,1193
2024-12-31,P000042,LOC016,603,158.0,S0019,2024-12-22,25,1193
2025-01-30,P000042,LOC016,653,156.9,S0019,2025-01-15,25,1193
2025-03-01,P000042,LOC016,749,155.52,S0019,2025-02-13,25,1193
2025-03-31,P000042,LOC016,719,153.19,S0019,2025-03-27,25,1193
2024-10-02,P000042,LOC017,703,150.94,S0019,2024-09-21,25,1193
2024-11-01,P000042,LOC017,712,154.84,S0019,2024-10-26,25,1193
2024-12-01,P000042,LOC017,758,150.47,S0019,2024-11-11,25,1193
2024-12-31,P000042,LOC017,757,154.21,S0019,2024-12-10,25,1193
2025-01-30,P000042,LOC017,830,154.65,S0019,2025-01-25,25,1193
2025-03-01,P000042,LOC017,787,156.46,S0019,2025-02-17,25,1193
2025-03-31,P000042,LOC017,819,149.61,S0019,2025-03-07,25,1193
2024-10-02,P000042,LOC018,653,159.44,S0019,2024-09-03,25,1193
2024-11-01,P000042,LOC018,741,156.52,S0019,2024-10-21,25,1193
2024-12-01,P000042,LOC018,749,149.45,S0019,2024-11-11,25,1193
2024-12-31,P000042,LOC018,796,157.79,S0019,2024-12-27,25,1193
2025-01-30,P000042,LOC018,754,152.62,S0019,2024-12-31,25,1193
2025-03-01,P000042,LOC018,779,150.13,S0019,2025-02-20,25,1193
2025-03-31,P000042,LOC018,780,158.4,S0019,2025-03-13,25,1193
2024-10-02,P000042,LOC019,598,155.36,S0019,2024-09-15,25,1193
2024-11-01,P000042,LOC019,562,164.09,S0019,2024-10-11,25,1193
2024-12-01,P000042,LOC019,574,153.14,S0019,2024-11-27,25,1193
2024-12-31,P000042,LOC019,559,159.07,S0019,2024-12-10,25,1193
2025-01-30,P000042,LOC019,551,158.11,S0019,2025-01-03,25,1193
2025-03-01,P000042,LOC019,512,153.94,S0019,2025-02-04,25,1193
2025-03-31,P000042,LOC019,578,160.82,S0019,2025-03-16,25,1193
2024-10-02,P000042,LOC020,619,163.09,S0019,2024-09-14,25,1193
2024-11-01,P000042,LOC020,666,159.17,S0019,2024-10-23,25,1193
2024-12-01,P000042,LOC020,740,159.69,S0019,2024-11-15,25,1193
2024-12-31,P000042,LOC020,757,155.05,S0019,2024-12-15,25,1193
2025-01-30,P000042,LOC020,721,156.34,S0019,2025-01-15,25,1193
2025-03-01,P000042,LOC020,791,154.86,S0019,2025-02-04,25,1193
2025-03-31,P000042,LOC020,785,161.6,S0019,2025-03-30,25,1193
2024-10-02,P000043,LOC001,1032,138.12,S0012,2024-09-16,11,687
2024-11-01,P000043,LOC001,1122,137.95,S0012,2024-10-02,11,687
2024-12-01,P000043,LOC001,1086,137.57,S0012,2024-11-14,11,687
2024-12-31,P000043,LOC001,1131,131.42,S0012,2024-12-20,11,687
2025-01-30,P000043,LOC001,1089,139.09,S0012,2025-01-06,11,687
2025-03-01,P000043,LOC001,1104,135.76,S0012,2025-02-18,11,687
2025-03-31,P000043,LOC001,1090,139.21,S0012,2025-03-02,11,687
2024-10-02,P000043,LOC002,1000,129.29,S0012,2024-09-11,11,687
2024-11-01,P000043,LOC002,1076,138.73,S0012,2024-10-27,11,687
2024-12-01,P000043,LOC002,1035,139.44,S0012,2024-11-21,11,687
2024-12-31,P000043,LOC002,1016,128.87,S0012,2024-12-03,11,687
2025-01-30,P000043,LOC002,1001,129.89,S0012,2025-01-02,11,687
2025-03-01,P000043,LOC002,973,132.16,S0012,2025-02-18,11,687
2025-03-31,P000043,LOC002,947,134.97,S0012,2025-03-26,11,687
2024-10-02,P000043,LOC003,1033,128.85,S0012,2024-09-29,11,687
2024-11-01,P000043,LOC003,999,129.38,S0012,2024-10-20,11,687
2024-12-01,P000043,LOC003,991,127.88,S0012,2024-11-30,11,687
2024-12-31,P000043,LOC003,983,129.61,S0012,2024-12-28,11,687
2025-01-30,P000043,LOC003,993,128.85,S0012,2025-01-08,11,687
2025-03-01,P000043,LOC003,953,137.48,S0012,2025-02-01,11,687
2025-03-31,P000043,LOC003,952,130.31,S0012,2025-03-19,11,687
2024-10-02,P000043,LOC004,931,139.37,S0012,2024-09-02,11,687
2024-11-01,P000043,LOC004,893,139.07,S0012,2024-10-25,11,687
2024-12-01,P000043,LOC004,857,128.18,S0012,2024-11-10,11,687
2024-12-31,P000043,LOC004,953,136.09,S0012,2024-12-08,11,687
2025-01-30,P000043,LOC004,951,129.19,S0012,2025-01-04,11,687
2025-03-01,P000043,LOC004,907,135.66,S0012,2025-02-13,11,687
2025-03-31,P000043,LOC004,984,129.66,S0012,2025-03-01,11,687
2024-10-02,P000043,LOC005,1006,130.52,S0012,2024-10-01,11,687
2024-11-01,P000043,LOC005,1101,130.27,S0012,2024-10-26,11,687
2024-12-01,P000043,LOC005,1082,127.82,S0012,2024-11-20,11,687
2024-12-31,P000043,LOC005,1176,134.78,S0012,2024-12-26,11,687
2025-01-30,P000043,LOC005,1201,132.43,S0012,2025-01-09,11,687
2025-03-01,P000043,LOC005,1152,131.05,S0012,2025-02-03,11,687
2025-03-31,P000043,LOC005,1145,132.35,S0012,2025-03-26,11,687
2024-10-02,P000043,LOC006,969,131.88,S0012,2024-09-20,11,687
2024-11-01,P000043,LOC006,978,136.32,S0012,2024-10-28,11,687
2024-12-01,P000043,LOC006,930,133.58,S0012,2024-11-29,11,687
2024-12-31,P000043,LOC006,1024,133.69,S0012,2024-12-20,11,687
2025-01-30,P000043,LOC006,1045,139.05,S0012,2025-01-24,11,687
2025-03-01,P000043,LOC006,1064,130.15,S0012,2025-02-09,11,687
2025-03-31,P000043,LOC006,1072,139.23,S0012,2025-03-10,11,687
2024-10-02,P000043,LOC007,927,131.59,S0012,2024-10-01,11,687
2024-11-01,P000043,LOC007,945,128.18,S0012,2024-10-13,11,687
2024-12-01,P000043,LOC007,1009,136.86,S0012,2024-11-29,11,687
2024-12-31,P000043,LOC007,970,138.59,S0012,2024-12-07,11,687
2025-01-30,P000043,LOC007,945,128.74,S0012,2025-01-20,11,687
2025-03-01,P000043,LOC007,964,138.14,S0012,2025-02-08,11,687
2025-03-31,P000043,LOC007,1022,139.21,S0012,2025-03-10,11,687
2024-10-02,P000043,LOC008,924,133.33,S0012,2024-09-21,11,687
2024-11-01,P000043,LOC008,891,136.03,S0012,2024-10-19,11,687
2024-12-01,P000043,LOC008,927,138.29,S0012,2024-11-12,11,687
2024-12-31,P000043,LOC008,929,138.36,S0012,2024-12-09,11,687
2025-01-30,P000043,LOC008,929,128.76,S0012,2025-01-24,11,687
2025-03-01,P000043,LOC008,973,129.44,S0012,2025-02-04,11,687
2025-03-31,P000043,LOC008,970,127.64,S0012,2025-03-16,11,687
2024-10-02,P000043,LOC009,917,137.39,S0012,2024-09-27,11,687
2024-11-01,P000043,LOC009,926,137.81,S0012,2024-10-30,11,687
2024-12-01,P000043,LOC009,1001,129.44,S0012,2024-11-22,11,687
2024-12-31,P000043,LOC009,971,138.95,S0012,2024-12-30,11,687
2025-01-30,P000043,LOC009,1009,133.99,S0012,2025-01-22,11,687
2025-03-01,P000043,LOC009,1080,132.5,S0012,2025-02-01,11,687
2025-03-31,P000043,LOC009,1075,135.27,S0012,2025-03-25,11,687
2024-10-02,P000043,LOC010,934,132.16,S0012,2024-09-24,11,687
2024-11-01,P000043,LOC010,888,129.66,S0012,2024-10-20,11,687
2024-12-01,P000043,LOC010,880,126.86,S0012,2024-11-29,11,687
2024-12-31,P000043,LOC010,910,136.38,S0012,2024-12-30,11,687
2025-01-30,P000043,LOC010,904,127.02,S0012,2025-01-29,11,687
2025-03-01,P000043,LOC010,933,127.79,S0012,2025-02-01,11,687
2025-03-31,P000043,LOC010,1022,129.02,S0012,2025-03-09,11,687
2024-10-02,P000043,LOC011,908,138.59,S0012,2024-09-02,11,687
2024-11-01,P000043,LOC011,967,131.24,S0012,2024-10-16,11,687
2024-12-01,P000043,LOC011,977,137.77,S0012,2024-11-08,11,687
2024-12-31,P000043,LOC011,1062,131.34,S0012,2024-12-05,11,687
2025-01-30,P000043,LOC011,1038,133.69,S0012,2025-01-29,11,687
2025-03-01,P000043,LOC011,1134,134.94,S0012,2025-02-02,11,687
2025-03-31,P000043,LOC011,1164,138.7,S0012,2025-03-17,11,687
2024-10-02,P000043,LOC012,997,132.72,S0012,2024-09-17,11,687
2024-11-01,P000043,LOC012,1009,138.08,S0012,2024-10-27,11,687
2024-12-01,P000043,LOC012,1035,138.36,S0012,2024-11-24,11,687
2024-12-31,P000043,LOC012,1039,134.09,S0012,2024-12-25,11,687
2025-01-30,P000043,LOC012,1088,133.49,S0012,2025-01-21,11,687
2025-03-01,P000043,LOC012,1048,130.99,S0012,2025-02-26,11,687
2025-03-31,P000043,LOC012,1059,137.11,S0012,2025-03-14,11,687
2024-10-02,P000043,LOC013,899,133.66,S0012,2024-09-22,11,687
2024-11-01,P000043,LOC013,925,132.04,S0012,2024-10-23,11,687
2024-12-01,P000043,LOC013,891,134.12,S0012,2024-11-04,11,687
2024-12-31,P000043,LOC013,928,137.06,S0012,2024-12-16,11,687
2025-01-30,P000043,LOC013,897,138.96,S0012,2025-01-03,11,687
2025-03-01,P000043,LOC013,961,137.73,S0012,2025-02-08,11,687
2025-03-31,P000043,LOC013,1021,128.86,S0012,2025-03-08,11,687
2024-10-02,P000043,LOC014,961,134.04,S0012,2024-09-12,11,687
2024-11-01,P000043,LOC014,939,130.23,S0012,2024-10-26,11,687
2024-12-01,P000043,LOC014,931,139.65,S0012,2024-11-05,11,687
2024-12-31,P000043,LOC014,907,134.12,S0012,2024-12-19,11,687
2025-01-30,P000043,LOC014,951,138.61,S0012,2025-01-16,11,687
2025-03-01,P000043,LOC014,1037,139.51,S0012,2025-02-26,11,687
2025-03-31,P000043,LOC014,1099,139.16,S0012,2025-03-07,11,687
2024-10-02,P000043,LOC015,938,127.17,S0012,2024-10-01,11,687
2024-11-01,P000043,LOC015,903,138.16,S0012,2024-10-13,11,687
2024-12-01,P000043,LOC015,871,127.53,S0012,2024-11-15,11,687
2024-12-31,P000043,LOC015,922,133.06,S0012,2024-12-07,11,687
2025-01-30,P000043,LOC015,962,127.54,S0012,2025-01-10,11,687
2025-03-01,P000043,LOC015,949,139.07,S0012,2025-02-05,11,687
2025-03-31,P000043,LOC015,951,139.86,S0012,2025-03-19,11,687
2024-10-02,P000043,LOC016,1037,138.54,S0012,2024-09-16,11,687
2024-11-01,P000043,LOC016,1088,137.92,S0012,2024-10-03,11,687
2024-12-01,P000043,LOC016,1043,127.56,S0012,2024-11-27,11,687
2024-12-31,P000043,LOC016,1119,134.51,S0012,2024-12-02,11,687
2025-01-30,P000043,LOC016,1154,133.13,S0012,2025-01-08,11,687
2025-03-01,P000043,LOC016,1210,133.29,S0012,2025-02-05,11,687
2025-03-31,P000043,LOC016,1175,127.21,S0012,2025-03-10,11,687
2024-10-02,P000043,LOC017,1017,133.57,S0012,2024-09-19,11,687
2024-11-01,P000043,LOC017,1084,129.14,S0012,2024-10-14,11,687
2024-12-01,P000043,LOC017,1139,138.09,S0012,2024-11-01,11,687
2024-12-31,P000043,LOC017,1106,133.38,S0012,2024-12-25,11,687
2025-01-30,P000043,LOC017,1187,135.54,S0012,2025-01-06,11,687
2025-03-01,P000043,LOC017,1196,132.52,S0012,2025-02-12,11,687
2025-03-31,P000043,LOC017,1170,133.39,S0012,2025-03-12,11,687
2024-10-02,P000043,LOC018,986,136.3,S0012,2024-09-14,11,687
2024-11-01,P000043,LOC018,1019,127.95,S0012,2024-10-20,11,687
2024-12-01,P000043,LOC018,1055,139.19,S0012,2024-11-18,11,687
2024-12-31,P000043,LOC018,1129,137.28,S0012,2024-12-19,11,687
2025-01-30,P000043,LOC018,1127,133.08,S0012,2025-01-22,11,687
2025-03-01,P000043,LOC018,1179,134.68,S0012,2025-02-09,11,687
2025-03-31,P000043,LOC018,1217,136.2,S0012,2025-03-09,11,687
2024-10-02,P000043,LOC019,981,132.53,S0012,2024-09-05,11,687
2024-11-01,P000043,LOC019,1044,136.25,S0012,2024-10-07,11,687
2024-12-01,P000043,LOC019,1045,129.76,S0012,2024-11-25,11,687
2024-12-31,P000043,LOC019,1019,138.53,S0012,2024-12-16,11,687
2025-01-30,P000043,LOC019,971,134.86,S0012,2025-01-04,11,687
2025-03-01,P000043,LOC019,989,131.86,S0012,2025-02-28,11,687
2025-03-31,P000043,LOC019,1072,133.21,S0012,2025-03-27,11,687
2024-10-02,P000043,LOC020,1027,138.98,S0012,2024-09-17,11,687
2024-11-01,P000043,LOC020,1044,127.47,S0012,2024-10-02,11,687
2024-12-01,P000043,LOC020,1031,133.08,S0012,2024-11-15,11,687
2024-12-31,P000043,LOC020,1087,128.14,S0012,2024-12-26,11,687
2025-01-30,P000043,LOC020,1140,133.86,S0012,2025-01-07,11,687
2025-03-01,P000043,LOC020,1160,138.97,S0012,2025-02-16,11,687
2025-03-31,P000043,LOC020,1234,127.47,S0012,2025-03-15,11,687
2024-10-02,P000044,LOC001,986,220.61,S0024,2024-09-26,17,498
2024-11-01,P000044,LOC001,1063,238.52,S0024,2024-10-11,17,498
2024-12-01,P000044,LOC001,1142,238.5,S0024,2024-11-10,17,498
2024-12-31,P000044,LOC001,1220,241.75,S0024,2024-12-30,17,498
2025-01-30,P000044,LOC001,1253,230.22,S0024,2025-01-06,17,498
2025-03-01,P000044,LOC001,1321,228.09,S0024,2025-02-19,17,498
2025-03-31,P000044,LOC001,1404,227.71,S0024,2025-03-23,17,498
2024-10-02,P000044,LOC002,1032,224.15,S0024,2024-09-30,17,498
2024-11-01,P000044,LOC002,1120,222.08,S0024,2024-10-23,17,498
2024-12-01,P000044,LOC002,1162,221.16,S0024,2024-11-04,17,498
2024-12-31,P000044,LOC002,1252,225.78,S0024,2024-12-30,17,498
2025-01-30,P000044,LOC002,1335,220.6,S0024,2025-01-26,17,498
2025-03-01,P000044,LOC002,1315,224.61,S0024,2025-02-08,17,498
2025-03-31,P000044,LOC002,1357,227.34,S0024,2025-03-13,17,498
2024-10-02,P000044,LOC003,949,219.84,S0024,2024-09-02,17,498
2024-11-01,P000044,LOC003,965,237.82,S0024,2024-10-31,17,498
2024-12-01,P000044,LOC003,975,232.62,S0024,2024-11-26,17,498
2024-12-31,P000044,LOC003,943,235.27,S0024,2024-12-21,17,498
2025-01-30,P000044,LOC003,926,232.99,S0024,2025-01-11,17,498
2025-03-01,P000044,LOC003,887,220.05,S0024,2025-02-15,17,498
2025-03-31,P000044,LOC003,977,222.82,S0024,2025-03-28,17,498
2024-10-02,P000044,LOC004,950,231.59,S0024,2024-09-23,17,498
2024-11-01,P000044,LOC004,944,241.63,S0024,2024-10-30,17,498
2024-12-01,P000044,LOC004,1017,222.71,S0024,2024-11-10,17,498
2024-12-31,P000044,LOC004,1061,221.75,S0024,2024-12-20,17,498
2025-01-30,P000044,LOC004,1066,222.86,S0024,2025-01-23,17,498
2025-03-01,P000044,LOC004,1104,230.67,S0024,2025-02-28,17,498
2025-03-31,P000044,LOC004,1122,230.95,S0024,2025-03-02,17,498
2024-10-02,P000044,LOC005,983,234.98,S0024,2024-09-17,17,498
2024-11-01,P000044,LOC005,1038,233.52,S0024,2024-10-15,17,498
2024-12-01,P000044,LOC005,990,221.08,S0024,2024-11-01,17,498
2024-12-31,P000044,LOC005,1078,234.39,S0024,2024-12-02,17,498
2025-01-30,P000044,LOC005,1113,233.37,S0024,2025-01-23,17,498
2025-03-01,P000044,LOC005,1139,221.58,S0024,2025-02-01,17,498
2025-03-31,P000044,LOC005,1228,225.33,S0024,2025-03-10,17,498
2024-10-02,P000044,LOC006,950,221.19,S0024,2024-09-20,17,498
2024-11-01,P000044,LOC006,1043,230.05,S0024,2024-10-11,17,498
2024-12-01,P000044,LOC006,1042,241.18,S0024,2024-11-25,17,498
2024-12-31,P000044,LOC006,1103,228.69,S0024,2024-12-28,17,498
2025-01-30,P000044,LOC006,1160,227.26,S0024,2025-01-19,17,498
2025-03-01,P000044,LOC006,1177,236.05,S0024,2025-02-27,17,498
2025-03-31,P000044,LOC006,1189,231.83,S0024,2025-03-20,17,498
2024-10-02,P000044,LOC007,910,232.94,S0024,2024-09-23,17,498
2024-11-01,P000044,LOC007,879,232.48,S0024,2024-10-27,17,498
2024-12-01,P000044,LOC007,862,228.51,S0024,2024-11-15,17,498
2024-12-31,P000044,LOC007,925,226.69,S0024,2024-12-22,17,498
2025-01-30,P000044,LOC007,900,237.61,S0024,2025-01-02,17,498
2025-03-01,P000044,LOC007,879,222.92,S0024,2025-02-20,17,498
2025-03-31,P000044,LOC007,973,241.99,S0024,2025-03-29,17,498
2024-10-02,P000044,LOC008,1016,235.05,S0024,2024-09-18,17,498
2024-11-01,P000044,LOC008,1060,240.26,S0024,2024-10-05,17,498
2024-12-01,P000044,LOC008,1139,239.7,S0024,2024-11-29,17,498
2024-12-31,P000044,LOC008,1132,227.71,S0024,2024-12-13,17,498
2025-01-30,P000044,LOC008,1184,224.61,S0024,2025-01-22,17,498
2025-03-01,P000044,LOC008,1198,226.88,S0024,2025-02-27,17,498
2025-03-31,P000044,LOC008,1214,220.54,S0024,2025-03-10,17,498
2024-10-02,P000044,LOC009,1026,221.83,S0024,2024-09-14,17,498
2024-11-01,P000044,LOC009,1004,237.03,S0024,2024-10-12,17,498
2024-12-01,P000044,LOC009,1104,242.36,S0024,2024-11-02,17,498
2024-12-31,P000044,LOC009,1118,235.03,S0024,2024-12-27,17,498
2025-01-30,P000044,LOC009,1184,237.01,S0024,2025-01-14,17,498
2025-03-01,P000044,LOC009,1242,221.41,S0024,2025-02-08,17,498
2025-03-31,P000044,LOC009,1339,235.55,S0024,2025-03-26,17,498
2024-10-02,P000044,LOC010,968,225.34,S0024,2024-09-30,17,498
2024-11-01,P000044,LOC010,921,236.57,S0024,2024-10-28,17,498
2024-12-01,P000044,LOC010,912,240.07,S0024,2024-11-12,17,498
2024-12-31,P000044,LOC010,956,235.35,S0024,2024-12-23,17,498
2025-01-30,P000044,LOC010,1010,239.68,S0024,2025-01-02,17,498
2025-03-01,P000044,LOC010,1065,231.71,S0024,2025-02-22,17,498
2025-03-31,P000044,LOC010,1053,223.34,S0024,2025-03-29,17,498
2024-10-02,P000044,LOC011,915,230.77,S0024,2024-09-11,17,498
2024-11-01,P000044,LOC011,988,232.97,S0024,2024-10-17,17,498
2024-12-01,P000044,LOC011,1079,240.74,S0024,2024-11-01,17,498
2024-12-31,P000044,LOC011,1049,235.32,S0024,2024-12-17,17,498
2025-01-30,P000044,LOC011,1099,230.53,S0024,2025-01-08,17,498
2025-03-01,P000044,LOC011,1178,234.95,S0024,2025-02-21,17,498
2025-03-31,P000044,LOC011,1129,233.93,S0024,2025-03-23,17,498
2024-10-02,P000044,LOC012,1012,220.79,S0024,2024-09-26,17,498
2024-11-01,P000044,LOC012,981,233.39,S0024,2024-10-19,17,498
2024-12-01,P000044,LOC012,988,220.75,S0024,2024-11-03,17,498
2024-12-31,P000044,LOC012,1054,220.64,S0024,2024-12-27,17,498
2025-01-30,P000044,LOC012,1135,239.62,S0024,2025-01-28,17,498
2025-03-01,P000044,LOC012,1135,225.08,S0024,2025-02-08,17,498
2025-03-31,P000044,LOC012,1223,235.55,S0024,2025-03-10,17,498
2024-10-02,P000044,LOC013,1031,219.98,S0024,2024-09-21,17,498
2024-11-01,P000044,LOC013,1071,230.38,S0024,2024-10-15,17,498
2024-12-01,P000044,LOC013,1062,222.0,S0024,2024-11-19,17,498
2024-12-31,P000044,LOC013,1141,238.04,S0024,2024-12-23,17,498
2025-01-30,P000044,LOC013,1096,219.76,S0024,2025-01-24,17,498
2025-03-01,P000044,LOC013,1133,226.24,S0024,2025-02-24,17,498
2025-03-31,P000044,LOC013,1208,235.62,S0024,2025-03-02,17,498
2024-10-02,P000044,LOC014,986,235.46,S0024,2024-09-27,17,498
2024-11-01,P000044,LOC014,1036,230.04,S0024,2024-10-23,17,498
2024-12-01,P000044,LOC014,1066,237.62,S0024,2024-11-26,17,498
2024-12-31,P000044,LOC014,1118,222.98,S0024,2024-12-09,17,498
2025-01-30,P000044,LOC014,1195,233.43,S0024,2025-01-16,17,498
2025-03-01,P000044,LOC014,1226,239.06,S0024,2025-01-31,17,498
2025-03-31,P000044,LOC014,1193,221.98,S0024,2025-03-07,17,498
2024-10-02,P000044,LOC015,977,235.17,S0024,2024-09-12,17,498
2024-11-01,P000044,LOC015,948,220.42,S0024,2024-10-17,17,498
2024-12-01,P000044,LOC015,906,223.97,S0024,2024-11-25,17,498
2024-12-31,P000044,LOC015,950,220.48,S0024,2024-12-04,17,498
2025-01-30,P000044,LOC015,939,234.19,S0024,2025-01-19,17,498
2025-03-01,P000044,LOC015,909,236.49,S0024,2025-02-20,17,498
2025-03-31,P000044,LOC015,930,232.61,S0024,2025-03-20,17,498
2024-10-02,P000044,LOC016,909,232.1,S0024,2024-09-28,17,498
2024-11-01,P000044,LOC016,875,221.82,S0024,2024-10-12,17,498
2024-12-01,P000044,LOC016,926,235.04,S0024,2024-11-21,17,498
2024-12-31,P000044,LOC016,1005,227.05,S0024,2024-12-07,17,498
2025-01-30,P000044,LOC016,983,227.81,S0024,2025-01-07,17,498
2025-03-01,P000044,LOC016,966,225.49,S0024,2025-02-13,17,498
2025-03-31,P000044,LOC016,930,231.07,S0024,2025-03-17,17,498
2024-10-02,P000044,LOC017,949,228.37,S0024,2024-09-14,17,498
2024-11-01,P000044,LOC017,1021,237.11,S0024,2024-10-23,17,498
2024-12-01,P000044,LOC017,1024,240.99,S0024,2024-11-28,17,498
2024-12-31,P000044,LOC017,1104,235.8,S0024,2024-12-28,17,498
2025-01-30,P000044,LOC017,1157,232.36,S0024,2025-01-24,17,498
2025-03-01,P000044,LOC017,1108,225.28,S0024,2025-02-11,17,498
2025-03-31,P000044,LOC017,1091,235.83,S0024,2025-03-28,17,498
2024-10-02,P000044,LOC018,1030,231.63,S0024,2024-09-14,17,498
2024-11-01,P000044,LOC018,1062,239.5,S0024,2024-10-06,17,498
2024-12-01,P000044,LOC018,1029,223.93,S0024,2024-11-07,17,498
2024-12-31,P000044,LOC018,1025,227.78,S0024,2024-12-03,17,498
2025-01-30,P000044,LOC018,1108,223.1,S0024,2025-01-23,17,498
2025-03-01,P000044,LOC018,1194,221.32,S0024,2025-02-16,17,498
2025-03-31,P000044,LOC018,1239,232.01,S0024,2025-03-04,17,498
2024-10-02,P000044,LOC019,997,230.74,S0024,2024-09-15,17,498
2024-11-01,P000044,LOC019,1040,220.75,S0024,2024-10-10,17,498
2024-12-01,P000044,LOC019,1113,220.06,S0024,2024-11-20,17,498
2024-12-31,P000044,LOC019,1083,238.73,S0024,2024-12-10,17,498
2025-01-30,P000044,LOC019,1126,238.91,S0024,2025-01-22,17,498
2025-03-01,P000044,LOC019,1203,239.7,S0024,2025-02-18,17,498
2025-03-31,P000044,LOC019,1202,220.86,S0024,2025-03-21,17,498
2024-10-02,P000044,LOC020,920,225.1,S0024,2024-09-29,17,498
2024-11-01,P000044,LOC020,995,237.76,S0024,2024-10-11,17,498
2024-12-01,P000044,LOC020,1032,233.21,S0024,2024-11-28,17,498
2024-12-31,P000044,LOC020,1066,227.66,S0024,2024-12-12,17,498
2025-01-30,P000044,LOC020,1030,220.23,S0024,2025-01-27,17,498
2025-03-01,P000044,LOC020,1067,240.16,S0024,2025-02-01,17,498
2025-03-31,P000044,LOC020,1133,233.17,S0024,2025-03-17,17,498
2024-10-02,P000045,LOC001,902,514.76,S0027,2024-09-18,27,555
2024-11-01,P000045,LOC001,1000,509.17,S0027,2024-10-13,27,555
2024-12-01,P000045,LOC001,970,514.02,S0027,2024-11-11,27,555
2024-12-31,P000045,LOC001,976,484.49,S0027,2024-12-18,27,555
2025-01-30,P000045,LOC001,976,471.65,S0027,2025-01-09,27,555
2025-03-01,P000045,LOC001,1014,475.71,S0027,2025-02-02,27,555
2025-03-31,P000045,LOC001,1025,512.63,S0027,2025-03-10,27,555
2024-10-02,P000045,LOC002,914,485.43,S0027,2024-09-21,27,555
2024-11-01,P000045,LOC002,867,502.33,S0027,2024-10-23,27,555
2024-12-01,P000045,LOC002,824,513.88,S0027,2024-11-18,27,555
2024-12-31,P000045,LOC002,889,500.22,S0027,2024-12-20,27,555
2025-01-30,P000045,LOC002,970,490.65,S0027,2025-01-10,27,555
2025-03-01,P000045,LOC002,975,505.82,S0027,2025-02-02,27,555
2025-03-31,P000045,LOC002,1027,473.77,S0027,2025-03-30,27,555
2024-10-02,P000045,LOC003,970,480.32,S0027,2024-09-13,27,555
2024-11-01,P000045,LOC003,953,490.17,S0027,2024-10-25,27,555
2024-12-01,P000045,LOC003,911,508.15,S0027,2024-11-20,27,555
2024-12-31,P000045,LOC003,974,480.96,S0027,2024-12-19,27,555
2025-01-30,P000045,LOC003,1053,508.09,S0027,2025-01-28,27,555
2025-03-01,P000045,LOC003,1056,479.19,S0027,2025-02-22,27,555
2025-03-31,P000045,LOC003,1087,506.69,S0027,2025-03-30,27,555
2024-10-02,P000045,LOC004,915,492.96,S0027,2024-09-27,27,555
2024-11-01,P000045,LOC004,999,484.35,S0027,2024-10-31,27,555
2024-12-01,P000045,LOC004,1009,470.4,S0027,2024-11-06,27,555
2024-12-31,P000045,LOC004,1041,470.58,S0027,2024-12-09,27,555
2025-01-30,P000045,LOC004,1040,482.36,S0027,2025-01-06,27,555
2025-03-01,P000045,LOC004,1088,469.88,S0027,2025-02-11,27,555
2025-03-31,P000045,LOC004,1137,516.48,S0027,2025-03-18,27,555
2024-10-02,P000045,LOC005,838,507.33,S0027,2024-09-09,27,555
2024-11-01,P000045,LOC005,891,480.01,S0027,2024-10-11,27,555
2024-12-01,P000045,LOC005,852,498.3,S0027,2024-11-02,27,555
2024-12-31,P000045,LOC005,892,503.64,S0027,2024-12-01,27,555
2025-01-30,P000045,LOC005,864,506.6,S0027,2025-01-13,27,555
2025-03-01,P000045,LOC005,898,491.18,S0027,2025-02-09,27,555
2025-03-31,P000045,LOC005,964,493.82,S0027,2025-03-25,27,555
2024-10-02,P000045,LOC006,854,500.06,S0027,2024-09-28,27,555
2024-11-01,P000045,LOC006,844,495.9,S0027,2024-10-24,27,555
2024-12-01,P000045,LOC006,924,470.78,S0027,2024-11-07,27,555
2024-12-31,P000045,LOC006,907,498.23,S0027,2024-12-29,27,555
2025-01-30,P000045,LOC006,907,478.16,S0027,2025-01-06,27,555
2025-03-01,P000045,LOC006,994,482.68,S0027,2025-02-23,27,555
2025-03-31,P000045,LOC006,967,514.76,S0027,2025-03-01,27,555
2024-10-02,P000045,LOC007,938,494.0,S0027,2024-09-29,27,555
2024-11-01,P000045,LOC007,1002,494.51,S0027,2024-10-31,27,555
2024-12-01,P000045,LOC007,988,513.51,S0027,2024-11-05,27,555
2024-12-31,P000045,LOC007,1001,489.59,S0027,2024-12-14,27,555
2025-01-30,P000045,LOC007,1015,509.05,S0027,2025-01-18,27,555
2025-03-01,P000045,LOC007,1075,505.07,S0027,2025-02-27,27,555
2025-03-31,P000045,LOC007,1067,489.8,S0027,2025-03-14,27,555
2024-10-02,P000045,LOC008,894,497.48,S0027,2024-09-07,27,555
2024-11-01,P000045,LOC008,929,507.68,S0027,2024-10-26,27,555
2024-12-01,P000045,LOC008,999,472.5,S0027,2024-11-06,27,555
2024-12-31,P000045,LOC008,1000,479.58,S0027,2024-12-11,27,555
2025-01-30,P000045,LOC008,1072,492.69,S0027,2025-01-16,27,555
2025-03-01,P000045,LOC008,1119,517.71,S0027,2025-01-30,27,555
2025-03-31,P000045,LOC008,1121,499.56,S0027,2025-03-28,27,555
2024-10-02,P000045,LOC009,935,505.45,S0027,2024-09-08,27,555
2024-11-01,P000045,LOC009,999,495.66,S0027,2024-10-08,27,555
2024-12-01,P000045,LOC009,1027,484.47,S0027,2024-11-30,27,555
2024-12-31,P000045,LOC009,1103,479.72,S0027,2024-12-06,27,555
2025-01-30,P000045,LOC009,1176,470.91,S0027,2025-01-26,27,555
2025-03-01,P000045,LOC009,1233,485.52,S0027,2025-02-18,27,555
2025-03-31,P000045,LOC009,1314,472.34,S0027,2025-03-26,27,555
2024-10-02,P000045,LOC010,840,490.02,S0027,2024-09-26,27,555
2024-11-01,P000045,LOC010,933,498.43,S0027,2024-10-17,27,555
2024-12-01,P000045,LOC010,985,470.21,S0027,2024-11-23,27,555
2024-12-31,P000045,LOC010,1082,509.01,S0027,2024-12-28,27,555
2025-01-30,P000045,LOC010,1058,511.71,S0027,2025-01-12,27,555
2025-03-01,P000045,LOC010,1026,504.97,S0027,2025-02-13,27,555
2025-03-31,P000045,LOC010,1083,502.99,S0027,2025-03-22,27,555
2024-10-02,P000045,LOC011,973,502.7,S0027,2024-09-13,27,555
2024-11-01,P000045,LOC011,1008,470.94,S0027,2024-10-04,27,555
2024-12-01,P000045,LOC011,1014,508.23,S0027,2024-11-18,27,555
2024-12-31,P000045,LOC011,1004,478.51,S0027,2024-12-29,27,555
2025-01-30,P000045,LOC011,1009,510.21,S0027,2025-01-29,27,555
2025-03-01,P000045,LOC011,961,513.18,S0027,2025-02-04,27,555
2025-03-31,P000045,LOC011,947,476.49,S0027,2025-03-25,27,555
2024-10-02,P000045,LOC012,865,469.96,S0027,2024-09-02,27,555
2024-11-01,P000045,LOC012,934,486.95,S0027,2024-10-31,27,555
2024-12-01,P000045,LOC012,1000,477.96,S0027,2024-11-21,27,555
2024-12-31,P000045,LOC012,1042,488.29,S0027,2024-12-10,27,555
2025-01-30,P000045,LOC012,1132,473.36,S0027,2025-01-01,27,555
2025-03-01,P000045,LOC012,1210,472.09,S0027,2025-01-30,27,555
2025-03-31,P000045,LOC012,1302,500.17,S0027,2025-03-21,27,555
2024-10-02,P000045,LOC013,835,506.34,S0027,2024-09-26,27,555
2024-11-01,P000045,LOC013,843,514.97,S0027,2024-10-12,27,555
2024-12-01,P000045,LOC013,820,512.6,S0027,2024-11-07,27,555
2024-12-31,P000045,LOC013,844,479.88,S0027,2024-12-01,27,555
2025-01-30,P000045,LOC013,941,483.06,S0027,2025-01-15,27,555
2025-03-01,P000045,LOC013,1005,481.06,S0027,2025-02-03,27,555
2025-03-31,P000045,LOC013,1021,510.08,S0027,2025-03-10,27,555
2024-10-02,P000045,LOC014,965,495.77,S0027,2024-09-23,27,555
2024-11-01,P000045,LOC014,1064,473.09,S0027,2024-10-12,27,555
2024-12-01,P000045,LOC014,1132,468.91,S0027,2024-11-25,27,555
2024-12-31,P000045,LOC014,1208,505.03,S0027,2024-12-04,27,555
2025-01-30,P000045,LOC014,1212,492.97,S0027,2025-01-03,27,555
2025-03-01,P000045,LOC014,1195,469.21,S0027,2025-02-26,27,555
2025-03-31,P000045,LOC014,1293,514.54,S0027,2025-03-07,27,555
2024-10-02,P000045,LOC015,917,470.57,S0027,2024-09-18,27,555
2024-11-01,P000045,LOC015,900,499.84,S0027,2024-10-23,27,555
2024-12-01,P000045,LOC015,966,486.53,S0027,2024-11-04,27,555
2024-12-31,P000045,LOC015,1062,502.35,S0027,2024-12-05,27,555
2025-01-30,P000045,LOC015,1074,469.75,S0027,2025-01-18,27,555
2025-03-01,P000045,LOC015,1086,509.02,S0027,2025-02-05,27,555
2025-03-31,P000045,LOC015,1068,468.85,S0027,2025-03-26,27,555
2024-10-02,P000045,LOC016,963,484.7,S0027,2024-09-21,27,555
2024-11-01,P000045,LOC016,1057,486.97,S0027,2024-10-10,27,555
2024-12-01,P000045,LOC016,1111,493.22,S0027,2024-11-19,27,555
2024-12-31,P000045,LOC016,1116,515.25,S0027,2024-12-05,27,555
2025-01-30,P000045,LOC016,1137,468.73,S0027,2025-01-12,27,555
2025-03-01,P000045,LOC016,1125,471.13,S0027,2025-02-17,27,555
2025-03-31,P000045,LOC016,1107,473.89,S0027,2025-03-25,27,555
2024-10-02,P000045,LOC017,926,497.46,S0027,2024-09-14,27,555
2024-11-01,P000045,LOC017,914,473.42,S0027,2024-10-29,27,555
2024-12-01,P000045,LOC017,973,470.7,S0027,2024-11-02,27,555
2024-12-31,P000045,LOC017,1067,471.32,S0027,2024-12-16,27,555
2025-01-30,P000045,LOC017,1023,489.49,S0027,2025-01-15,27,555
2025-03-01,P000045,LOC017,1000,476.34,S0027,2025-02-06,27,555
2025-03-31,P000045,LOC017,988,515.9,S0027,2025-03-25,27,555
2024-10-02,P000045,LOC018,942,480.05,S0027,2024-09-05,27,555
2024-11-01,P000045,LOC018,921,507.09,S0027,2024-10-19,27,555
2024-12-01,P000045,LOC018,1009,480.22,S0027,2024-11-18,27,555
2024-12-31,P000045,LOC018,1062,504.08,S0027,2024-12-10,27,555
2025-01-30,P000045,LOC018,1032,514.79,S0027,2025-01-04,27,555
2025-03-01,P000045,LOC018,1129,503.52,S0027,2025-02-13,27,555
2025-03-31,P000045,LOC018,1187,503.03,S0027,2025-03-28,27,555
2024-10-02,P000045,LOC019,852,473.76,S0027,2024-09-19,27,555
2024-11-01,P000045,LOC019,814,484.3,S0027,2024-10-16,27,555
2024-12-01,P000045,LOC019,911,488.59,S0027,2024-11-28,27,555
2024-12-31,P000045,LOC019,884,472.02,S0027,2024-12-29,27,555
2025-01-30,P000045,LOC019,889,513.94,S0027,2025-01-03,27,555
2025-03-01,P000045,LOC019,871,495.1,S0027,2025-02-23,27,555
2025-03-31,P000045,LOC019,950,481.45,S0027,2025-03-13,27,555
2024-10-02,P000045,LOC020,834,503.31,S0027,2024-09-03,27,555
2024-11-01,P000045,LOC020,844,485.9,S0027,2024-10-18,27,555
2024-12-01,P000045,LOC020,840,515.44,S0027,2024-11-17,27,555
2024-12-31,P000045,LOC020,903,513.24,S0027,2024-12-24,27,555
2025-01-30,P000045,LOC020,982,477.4,S0027,2025-01-27,27,555
2025-03-01,P000045,LOC020,998,504.58,S0027,2025-02-05,27,555
2025-03-31,P000045,LOC020,1036,496.13,S0027,2025-03-12,27,555
2024-10-02,P000046,LOC001,673,413.21,S0002,2024-09-12,50,552
2024-11-01,P000046,LOC001,683,378.89,S0002,2024-10-25,50,552
2024-12-01,P000046,LOC001,735,402.25,S0002,2024-11-23,50,552
2024-12-31,P000046,LOC001,763,390.71,S0002,2024-12-12,50,552
2025-01-30,P000046,LOC001,751,383.19,S0002,2025-01-11,50,552
2025-03-01,P000046,LOC001,774,383.5,S0002,2025-02-11,50,552
2025-03-31,P000046,LOC001,846,417.05,S0002,2025-03-23,50,552
2024-10-02,P000046,LOC002,770,402.63,S0002,2024-09-04,50,552
2024-11-01,P000046,LOC002,792,393.32,S0002,2024-10-15,50,552
2024-12-01,P000046,LOC002,796,393.04,S0002,2024-11-02,50,552
2024-12-31,P000046,LOC002,874,397.95,S0002,2024-12-29,50,552
2025-01-30,P000046,LOC002,904,391.32,S0002,2025-01-02,50,552
2025-03-01,P000046,LOC002,922,395.97,S0002,2025-02-06,50,552
2025-03-31,P000046,LOC002,995,398.64,S0002,2025-03-18,50,552
2024-10-02,P000046,LOC003,663,403.83,S0002,2024-09-11,50,552
2024-11-01,P000046,LOC003,722,399.37,S0002,2024-10-27,50,552
2024-12-01,P000046,LOC003,702,403.04,S0002,2024-11-13,50,552
2024-12-31,P000046,LOC003,790,404.73,S0002,2024-12-10,50,552
2025-01-30,P000046,LOC003,876,401.96,S0002,2025-01-23,50,552
2025-03-01,P000046,LOC003,906,396.14,S0002,2025-02-23,50,552
2025-03-31,P000046,LOC003,953,389.12,S0002,2025-03-21,50,552
2024-10-02,P000046,LOC004,646,412.4,S0002,2024-09-13,50,552
2024-11-01,P000046,LOC004,706,386.5,S0002,2024-10-03,50,552
2024-12-01,P000046,LOC004,785,389.89,S0002,2024-11-15,50,552
2024-12-31,P000046,LOC004,853,397.82,S0002,2024-12-30,50,552
2025-01-30,P000046,LOC004,858,396.12,S0002,2025-01-04,50,552
2025-03-01,P000046,LOC004,951,388.41,S0002,2025-02-04,50,552
2025-03-31,P000046,LOC004,904,382.41,S0002,2025-03-04,50,552
2024-10-02,P000046,LOC005,756,403.98,S0002,2024-09-08,50,552
2024-11-01,P000046,LOC005,759,414.96,S0002,2024-10-22,50,552
2024-12-01,P000046,LOC005,784,405.24,S0002,2024-11-14,50,552
2024-12-31,P000046,LOC005,736,415.94,S0002,2024-12-20,50,552
2025-01-30,P000046,LOC005,830,417.31,S0002,2025-01-28,50,552
2025-03-01,P000046,LOC005,831,409.32,S0002,2025-02-12,50,552
2025-03-31,P000046,LOC005,841,395.45,S0002,2025-03-02,50,552
2024-10-02,P000046,LOC006,729,406.62,S0002,2024-09-02,50,552
2024-11-01,P000046,LOC006,715,381.11,S0002,2024-10-25,50,552
2024-12-01,P000046,LOC006,760,384.27,S0002,2024-11-30,50,552
2024-12-31,P000046,LOC006,725,401.41,S0002,2024-12-30,50,552
2025-01-30,P000046,LOC006,749,395.92,S0002,2025-01-26,50,552
2025-03-01,P000046,LOC006,710,380.38,S0002,2025-02-23,50,552
2025-03-31,P000046,LOC006,727,380.04,S0002,2025-03-02,50,552
2024-10-02,P000046,LOC007,720,387.83,S0002,2024-09-30,50,552
2024-11-01,P000046,LOC007,711,416.61,S0002,2024-10-06,50,552
2024-12-01,P000046,LOC007,677,402.54,S0002,2024-11-09,50,552
2024-12-31,P000046,LOC007,772,380.55,S0002,2024-12-07,50,552
2025-01-30,P000046,LOC007,726,416.6,S0002,2025-01-15,50,552
2025-03-01,P000046,LOC007,730,406.35,S0002,2025-02-08,50,552
2025-03-31,P000046,LOC007,715,392.81,S0002,2025-03-04,50,552
2024-10-02,P000046,LOC008,705,391.89,S0002,2024-10-01,50,552
2024-11-01,P000046,LOC008,760,387.37,S0002,2024-10-25,50,552
2024-12-01,P000046,LOC008,713,381.43,S0002,2024-11-03,50,552
2024-12-31,P000046,LOC008,781,387.41,S0002,2024-12-01,50,552
2025-01-30,P000046,LOC008,750,410.51,S0002,2025-01-08,50,552
2025-03-01,P000046,LOC008,828,412.63,S0002,2025-02-22,50,552
2025-03-31,P000046,LOC008,928,417.4,S0002,2025-03-11,50,552
2024-10-02,P000046,LOC009,720,411.51,S0002,2024-09-17,50,552
2024-11-01,P000046,LOC009,677,403.97,S0002,2024-10-27,50,552
2024-12-01,P000046,LOC009,753,397.39,S0002,2024-11-26,50,552
2024-12-31,P000046,LOC009,767,378.42,S0002,2024-12-12,50,552
2025-01-30,P000046,LOC009,782,407.75,S0002,2025-01-22,50,552
2025-03-01,P000046,LOC009,733,382.6,S0002,2025-02-21,50,552
2025-03-31,P000046,LOC009,702,390.68,S0002,2025-03-07,50,552
2024-10-02,P000046,LOC010,650,384.8,S0002,2024-09-26,50,552
2024-11-01,P000046,LOC010,706,378.61,S0002,2024-10-17,50,552
2024-12-01,P000046,LOC010,700,413.43,S0002,2024-11-12,50,552
2024-12-31,P000046,LOC010,772,394.88,S0002,2024-12-26,50,552
2025-01-30,P000046,LOC010,816,411.81,S0002,2025-01-06,50,552
2025-03-01,P000046,LOC010,774,417.13,S0002,2025-02-26,50,552
2025-03-31,P000046,LOC010,818,378.43,S0002,2025-03-23,50,552
2024-10-02,P000046,LOC011,663,383.26,S0002,2024-09-12,50,552
2024-11-01,P000046,LOC011,695,404.23,S0002,2024-10-04,50,552
2024-12-01,P000046,LOC011,706,399.61,S0002,2024-11-03,50,552
2024-12-31,P000046,LOC011,764,397.22,S0002,2024-12-09,50,552
2025-01-30,P000046,LOC011,739,403.41,S0002,2025-01-10,50,552
2025-03-01,P000046,LOC011,815,415.71,S0002,2025-02-17,50,552
2025-03-31,P000046,LOC011,768,381.83,S0002,2025-03-25,50,552
2024-10-02,P000046,LOC012,782,387.9,S0002,2024-09-10,50,552
2024-11-01,P000046,LOC012,754,395.35,S0002,2024-10-02,50,552
2024-12-01,P000046,LOC012,730,414.98,S0002,2024-11-16,50,552
2024-12-31,P000046,LOC012,782,387.29,S0002,2024-12-11,50,552
2025-01-30,P000046,LOC012,799,392.87,S0002,2025-01-29,50,552
2025-03-01,P000046,LOC012,788,406.62,S0002,2025-02-07,50,552
2025-03-31,P000046,LOC012,758,383.41,S0002,2025-03-12,50,552
2024-10-02,P000046,LOC013,743,393.65,S0002,2024-09-06,50,552
2024-11-01,P000046,LOC013,740,417.48,S0002,2024-10-15,50,552
2024-12-01,P000046,LOC013,730,401.62,S0002,2024-11-24,50,552
2024-12-31,P000046,LOC013,711,379.81,S0002,2024-12-22,50,552
2025-01-30,P000046,LOC013,698,412.95,S0002,2025-01-13,50,552
2025-03-01,P000046,LOC013,661,400.2,S0002,2025-02-19,50,552
2025-03-31,P000046,LOC013,695,394.32,S0002,2025-03-30,50,552
2024-10-02,P000046,LOC014,647,396.1,S0002,2024-09-16,50,552
2024-11-01,P000046,LOC014,696,411.8,S0002,2024-10-05,50,552
2024-12-01,P000046,LOC014,747,392.01,S0002,2024-11-13,50,552
2024-12-31,P000046,LOC014,721,398.97,S0002,2024-12-24,50,552
2025-01-30,P000046,LOC014,718,378.43,S0002,2025-01-21,50,552
2025-03-01,P000046,LOC014,673,381.5,S0002,2025-02-09,50,552
2025-03-31,P000046,LOC014,655,380.03,S0002,2025-03-30,50,552
2024-10-02,P000046,LOC015,649,394.99,S0002,2024-09-13,50,552
2024-11-01,P000046,LOC015,638,417.15,S0002,2024-10-11,50,552
2024-12-01,P000046,LOC015,688,389.19,S0002,2024-11-17,50,552
2024-12-31,P000046,LOC015,675,407.6,S0002,2024-12-04,50,552
2025-01-30,P000046,LOC015,740,392.62,S0002,2025-01-12,50,552
2025-03-01,P000046,LOC015,783,381.33,S0002,2025-02-15,50,552
2025-03-31,P000046,LOC015,859,387.25,S0002,2025-03-25,50,552
2024-10-02,P000046,LOC016,662,390.82,S0002,2024-10-01,50,552
2024-11-01,P000046,LOC016,693,402.21,S0002,2024-10-10,50,552
2024-12-01,P000046,LOC016,701,380.93,S0002,2024-11-11,50,552
2024-12-31,P000046,LOC016,776,387.69,S0002,2024-12-03,50,552
2025-01-30,P000046,LOC016,816,387.65,S0002,2025-01-22,50,552
2025-03-01,P000046,LOC016,891,389.22,S0002,2025-02-12,50,552
2025-03-31,P000046,LOC016,967,399.98,S0002,2025-03-24,50,552
2024-10-02,P000046,LOC017,721,396.17,S0002,2024-09-03,50,552
2024-11-01,P000046,LOC017,672,409.01,S0002,2024-10-13,50,552
2024-12-01,P000046,LOC017,747,414.42,S0002,2024-11-20,50,552
2024-12-31,P000046,LOC017,805,378.56,S0002,2024-12-30,50,552
2025-01-30,P000046,LOC017,835,382.26,S0002,2025-01-09,50,552
2025-03-01,P000046,LOC017,887,417.41,S0002,2025-02-24,50,552
2025-03-31,P000046,LOC017,948,396.78,S0002,2025-03-07,50,552
2024-10-02,P000046,LOC018,746,389.2,S0002,2024-09-13,50,552
2024-11-01,P000046,LOC018,815,407.96,S0002,2024-10-24,50,552
2024-12-01,P000046,LOC018,821,402.08,S0002,2024-11-13,50,552
2024-12-31,P000046,LOC018,907,411.76,S0002,2024-12-08,50,552
2025-01-30,P000046,LOC018,926,381.97,S0002,2025-01-12,50,552
2025-03-01,P000046,LOC018,992,378.75,S0002,2025-02-17,50,552
2025-03-31,P000046,LOC018,1037,413.9,S0002,2025-03-30,50,552
2024-10-02,P000046,LOC019,660,387.29,S0002,2024-09-21,50,552
2024-11-01,P000046,LOC019,686,405.84,S0002,2024-10-26,50,552
2024-12-01,P000046,LOC019,779,392.36,S0002,2024-11-13,50,552
2024-12-31,P000046,LOC019,765,410.35,S0002,2024-12-06,50,552
2025-01-30,P000046,LOC019,745,382.83,S0002,2025-01-06,50,552
2025-03-01,P000046,LOC019,756,414.7,S0002,2025-02-02,50,552
2025-03-31,P000046,LOC019,734,392.95,S0002,2025-03-07,50,552
2024-10-02,P000046,LOC020,718,413.37,S0002,2024-09-30,50,552
2024-11-01,P000046,LOC020,766,399.33,S0002,2024-10-15,50,552
2024-12-01,P000046,LOC020,811,412.23,S0002,2024-11-11,50,552
2024-12-31,P000046,LOC020,911,397.67,S0002,2024-12-19,50,552
2025-01-30,P000046,LOC020,883,381.46,S0002,2025-01-25,50,552
2025-03-01,P000046,LOC020,855,379.72,S0002,2025-02-01,50,552
2025-03-31,P000046,LOC020,847,378.72,S0002,2025-03-25,50,552
2024-10-02,P000047,LOC001,168,56.89,S0005,2024-09-12,29,910
2024-11-01,P000047,LOC001,119,59.72,S0005,2024-10-07,29,910
2024-12-01,P000047,LOC001,170,55.4,S0005,2024-11-04,29,910
2024-12-31,P000047,LOC001,176,60.48,S0005,2024-12-14,29,910
2025-01-30,P000047,LOC001,213,55.48,S0005,2025-01-17,29,910
2025-03-01,P000047,LOC001,310,55.39,S0005,2025-02-24,29,910
2025-03-31,P000047,LOC001,290,55.53,S0005,2025-03-10,29,910
2024-10-02,P000047,LOC002,104,60.51,S0005,2024-09-06,29,910
2024-11-01,P000047,LOC002,161,55.08,S0005,2024-10-29,29,910
2024-12-01,P000047,LOC002,191,58.32,S0005,2024-11-22,29,910
2024-12-31,P000047,LOC002,228,55.61,S0005,2024-12-14,29,910
2025-01-30,P000047,LOC002,237,55.82,S0005,2025-01-18,29,910
2025-03-01,P000047,LOC002,282,55.06,S0005,2025-02-05,29,910
2025-03-31,P000047,LOC002,284,55.24,S0005,2025-03-29,29,910
2024-10-02,P000047,LOC003,113,58.43,S0005,2024-09-20,29,910
2024-11-01,P000047,LOC003,114,59.43,S0005,2024-10-22,29,910
2024-12-01,P000047,LOC003,150,58.06,S0005,2024-11-27,29,910
2024-12-31,P000047,LOC003,230,59.69,S0005,2024-12-04,29,910
2025-01-30,P000047,LOC003,193,59.8,S0005,2025-01-07,29,910
2025-03-01,P000047,LOC003,243,55.41,S0005,2025-02-08,29,910
2025-03-31,P000047,LOC003,333,60.12,S0005,2025-03-16,29,910
2024-10-02,P000047,LOC004,187,59.66,S0005,2024-09-22,29,910
2024-11-01,P000047,LOC004,151,55.12,S0005,2024-10-10,29,910
2024-12-01,P000047,LOC004,188,56.79,S0005,2024-11-20,29,910
2024-12-31,P000047,LOC004,161,57.51,S0005,2024-12-27,29,910
2025-01-30,P000047,LOC004,186,55.82,S0005,2025-01-07,29,910
2025-03-01,P000047,LOC004,153,59.79,S0005,2025-02-21,29,910
2025-03-31,P000047,LOC004,223,59.91,S0005,2025-03-15,29,910
2024-10-02,P000047,LOC005,204,57.58,S0005,2024-09-24,29,910
2024-11-01,P000047,LOC005,230,57.11,S0005,2024-10-13,29,910
2024-12-01,P000047,LOC005,315,56.92,S0005,2024-11-26,29,910
2024-12-31,P000047,LOC005,365,58.14,S0005,2024-12-09,29,910
2025-01-30,P000047,LOC005,457,58.5,S0005,2025-01-13,29,910
2025-03-01,P000047,LOC005,474,57.82,S0005,2025-02-08,29,910
2025-03-31,P000047,LOC005,545,58.06,S0005,2025-03-16,29,910
2024-10-02,P000047,LOC006,79,56.54,S0005,2024-09-17,29,910
2024-11-01,P000047,LOC006,102,59.6,S0005,2024-10-12,29,910
2024-12-01,P000047,LOC006,110,55.72,S0005,2024-11-29,29,910
2024-12-31,P000047,LOC006,119,57.57,S0005,2024-12-08,29,910
2025-01-30,P000047,LOC006,120,59.59,S0005,2025-01-02,29,910
2025-03-01,P000047,LOC006,165,59.75,S0005,2025-02-27,29,910
2025-03-31,P000047,LOC006,197,56.09,S0005,2025-03-15,29,910
2024-10-02,P000047,LOC007,192,58.3,S0005,2024-09-02,29,910
2024-11-01,P000047,LOC007,222,55.96,S0005,2024-10-19,29,910
2024-12-01,P000047,LOC007,297,58.99,S0005,2024-11-06,29,910
2024-12-31,P000047,LOC007,392,57.13,S0005,2024-12-01,29,910
2025-01-30,P000047,LOC007,364,55.21,S0005,2025-01-15,29,910
2025-03-01,P000047,LOC007,460,55.38,S0005,2025-02-17,29,910
2025-03-31,P000047,LOC007,425,59.69,S0005,2025-03-28,29,910
2024-10-02,P000047,LOC008,173,58.9,S0005,2024-09-29,29,910
2024-11-01,P000047,LOC008,266,56.41,S0005,2024-10-09,29,910
2024-12-01,P000047,LOC008,343,55.23,S0005,2024-11-01,29,910
2024-12-31,P000047,LOC008,382,59.73,S0005,2024-12-14,29,910
2025-01-30,P000047,LOC008,451,55.83,S0005,2025-01-09,29,910
2025-03-01,P000047,LOC008,526,57.17,S0005,2025-02-23,29,910
2025-03-31,P000047,LOC008,602,55.71,S0005,2025-03-20,29,910
2024-10-02,P000047,LOC009,200,57.09,S0005,2024-09-18,29,910
2024-11-01,P000047,LOC009,192,56.74,S0005,2024-10-03,29,910
2024-12-01,P000047,LOC009,249,60.37,S0005,2024-11-01,29,910
2024-12-31,P000047,LOC009,345,57.72,S0005,2024-12-28,29,910
2025-01-30,P000047,LOC009,416,59.39,S0005,2025-01-04,29,910
2025-03-01,P000047,LOC009,372,59.79,S0005,2025-02-01,29,910
2025-03-31,P000047,LOC009,399,56.94,S0005,2025-03-24,29,910
2024-10-02,P000047,LOC010,127,58.99,S0005,2024-09-28,29,910
2024-11-01,P000047,LOC010,86,56.09,S0005,2024-10-08,29,910
2024-12-01,P000047,LOC010,138,56.82,S0005,2024-11-03,29,910
2024-12-31,P000047,LOC010,163,60.22,S0005,2024-12-25,29,910
2025-01-30,P000047,LOC010,179,56.05,S0005,2025-01-08,29,910
2025-03-01,P000047,LOC010,192,56.52,S0005,2025-02-07,29,910
2025-03-31,P000047,LOC010,283,56.41,S0005,2025-03-30,29,910
2024-10-02,P000047,LOC011,188,58.68,S0005,2024-09-11,29,910
2024-11-01,P000047,LOC011,227,56.84,S0005,2024-10-16,29,910
2024-12-01,P000047,LOC011,217,55.87,S0005,2024-11-14,29,910
2024-12-31,P000047,LOC011,279,56.78,S0005,2024-12-12,29,910
2025-01-30,P000047,LOC011,244,58.25,S0005,2025-01-04,29,910
2025-03-01,P000047,LOC011,286,56.95,S0005,2025-02-19,29,910
2025-03-31,P000047,LOC011,282,56.77,S0005,2025-03-05,29,910
2024-10-02,P000047,LOC012,99,60.36,S0005,2024-09-29,29,910
2024-11-01,P000047,LOC012,82,57.48,S0005,2024-10-09,29,910
2024-12-01,P000047,LOC012,116,56.57,S0005,2024-11-02,29,910
2024-12-31,P000047,LOC012,196,57.29,S0005,2024-12-21,29,910
2025-01-30,P000047,LOC012,214,56.82,S0005,2025-01-01,29,910
2025-03-01,P000047,LOC012,210,58.49,S0005,2025-02-24,29,910
2025-03-31,P000047,LOC012,173,57.75,S0005,2025-03-03,29,910
2024-10-02,P000047,LOC013,154,59.84,S0005,2024-09-04,29,910
2024-11-01,P000047,LOC013,111,59.84,S0005,2024-10-08,29,910
2024-12-01,P000047,LOC013,109,57.25,S0005,2024-11-07,29,910
2024-12-31,P000047,LOC013,115,55.37,S0005,2024-12-17,29,910
2025-01-30,P000047,LOC013,203,58.07,S0005,2025-01-02,29,910
2025-03-01,P000047,LOC013,181,55.32,S0005,2025-01-31,29,910
2025-03-31,P000047,LOC013,192,58.99,S0005,2025-03-22,29,910
2024-10-02,P000047,LOC014,206,56.33,S0005,2024-09-10,29,910
2024-11-01,P000047,LOC014,186,58.51,S0005,2024-10-18,29,910
2024-12-01,P000047,LOC014,247,55.08,S0005,2024-11-19,29,910
2024-12-31,P000047,LOC014,262,60.4,S0005,2024-12-04,29,910
2025-01-30,P000047,LOC014,333,55.17,S0005,2025-01-09,29,910
2025-03-01,P000047,LOC014,404,55.28,S0005,2025-02-19,29,910
2025-03-31,P000047,LOC014,497,55.81,S0005,2025-03-10,29,910
2024-10-02,P000047,LOC015,81,55.73,S0005,2024-09-10,29,910
2024-11-01,P000047,LOC015,133,55.25,S0005,2024-10-25,29,910
2024-12-01,P000047,LOC015,182,56.36,S0005,2024-11-07,29,910
2024-12-31,P000047,LOC015,261,59.22,S0005,2024-12-27,29,910
2025-01-30,P000047,LOC015,259,58.61,S0005,2025-01-08,29,910
2025-03-01,P000047,LOC015,327,58.19,S0005,2025-02-26,29,910
2025-03-31,P000047,LOC015,316,57.65,S0005,2025-03-28,29,910
2024-10-02,P000047,LOC016,174,57.3,S0005,2024-09-07,29,910
2024-11-01,P000047,LOC016,156,60.47,S0005,2024-10-07,29,910
2024-12-01,P000047,LOC016,137,58.14,S0005,2024-11-01,29,910
2024-12-31,P000047,LOC016,117,56.33,S0005,2024-12-23,29,910
2025-01-30,P000047,LOC016,174,59.71,S0005,2025-01-21,29,910
2025-03-01,P000047,LOC016,166,59.22,S0005,2025-02-25,29,910
2025-03-31,P000047,LOC016,252,60.6,S0005,2025-03-07,29,910
2024-10-02,P000047,LOC017,196,57.25,S0005,2024-09-13,29,910
2024-11-01,P000047,LOC017,192,59.67,S0005,2024-10-26,29,910
2024-12-01,P000047,LOC017,176,55.17,S0005,2024-11-09,29,910
2024-12-31,P000047,LOC017,217,60.51,S0005,2024-12-09,29,910
2025-01-30,P000047,LOC017,254,55.63,S0005,2025-01-29,29,910
2025-03-01,P000047,LOC017,210,58.64,S0005,2025-01-30,29,910
2025-03-31,P000047,LOC017,303,58.56,S0005,2025-03-24,29,910
2024-10-02,P000047,LOC018,178,60.63,S0005,2024-09-17,29,910
2024-11-01,P000047,LOC018,193,58.45,S0005,2024-10-29,29,910
2024-12-01,P000047,LOC018,146,58.48,S0005,2024-11-24,29,910
2024-12-31,P000047,LOC018,149,55.73,S0005,2024-12-04,29,910
2025-01-30,P000047,LOC018,159,57.2,S0005,2025-01-12,29,910
2025-03-01,P000047,LOC018,151,58.23,S0005,2025-01-30,29,910
2025-03-31,P000047,LOC018,207,55.49,S0005,2025-03-19,29,910
2024-10-02,P000047,LOC019,106,55.56,S0005,2024-09-21,29,910
2024-11-01,P000047,LOC019,145,60.06,S0005,2024-10-28,29,910
2024-12-01,P000047,LOC019,233,58.69,S0005,2024-11-17,29,910
2024-12-31,P000047,LOC019,212,55.78,S0005,2024-12-22,29,910
2025-01-30,P000047,LOC019,237,55.18,S0005,2025-01-16,29,910
2025-03-01,P000047,LOC019,336,57.58,S0005,2025-02-15,29,910
2025-03-31,P000047,LOC019,330,59.78,S0005,2025-03-27,29,910
2024-10-02,P000047,LOC020,83,60.13,S0005,2024-09-15,29,910
2024-11-01,P000047,LOC020,78,59.12,S0005,2024-10-28,29,910
2024-12-01,P000047,LOC020,160,60.0,S0005,2024-11-22,29,910
2024-12-31,P000047,LOC020,176,55.16,S0005,2024-12-15,29,910
2025-01-30,P000047,LOC020,183,60.55,S0005,2025-01-25,29,910
2025-03-01,P000047,LOC020,258,56.18,S0005,2025-02-25,29,910
2025-03-31,P000047,LOC020,345,57.21,S0005,2025-03-02,29,910
2024-10-02,P000048,LOC001,472,131.3,S0010,2024-09-12,34,650
2024-11-01,P000048,LOC001,495,134.57,S0010,2024-10-07,34,650
2024-12-01,P000048,LOC001,474,136.74,S0010,2024-11-19,34,650
2024-12-31,P000048,LOC001,548,128.51,S0010,2024-12-05,34,650
2025-01-30,P000048,LOC001,627,137.74,S0010,2025-01-22,34,650
2025-03-01,P000048,LOC001,707,133.02,S0010,2025-02-01,34,650
2025-03-31,P000048,LOC001,722,132.46,S0010,2025-03-03,34,650
2024-10-02,P000048,LOC002,465,126.31,S0010,2024-09-22,34,650
2024-11-01,P000048,LOC002,521,128.04,S0010,2024-10-09,34,650
2024-12-01,P000048,LOC002,505,129.14,S0010,2024-11-25,34,650
2024-12-31,P000048,LOC002,541,136.44,S0010,2024-12-26,34,650
2025-01-30,P000048,LOC002,566,136.78,S0010,2025-01-06,34,650
2025-03-01,P000048,LOC002,559,132.33,S0010,2025-01-31,34,650
2025-03-31,P000048,LOC002,546,129.36,S0010,2025-03-29,34,650
2024-10-02,P000048,LOC003,473,131.44,S0010,2024-09-11,34,650
2024-11-01,P000048,LOC003,429,128.82,S0010,2024-10-12,34,650
2024-12-01,P000048,LOC003,500,137.82,S0010,2024-11-01,34,650
2024-12-31,P000048,LOC003,584,134.2,S0010,2024-12-25,34,650
2025-01-30,P000048,LOC003,656,135.38,S0010,2024-12-31,34,650
2025-03-01,P000048,LOC003,683,134.02,S0010,2025-02-18,34,650
2025-03-31,P000048,LOC003,696,132.63,S0010,2025-03-20,34,650
2024-10-02,P000048,LOC004,466,126.18,S0010,2024-09-20,34,650
2024-11-01,P000048,LOC004,558,132.97,S0010,2024-10-25,34,650
2024-12-01,P000048,LOC004,560,133.52,S0010,2024-11-24,34,650
2024-12-31,P000048,LOC004,601,134.13,S0010,2024-12-01,34,650
2025-01-30,P000048,LOC004,645,127.83,S0010,2025-01-03,34,650
2025-03-01,P000048,LOC004,598,133.27,S0010,2025-02-11,34,650
2025-03-31,P000048,LOC004,625,131.16,S0010,2025-03-01,34,650
2024-10-02,P000048,LOC005,383,135.71,S0010,2024-09-21,34,650
2024-11-01,P000048,LOC005,483,133.92,S0010,2024-10-04,34,650
2024-12-01,P000048,LOC005,464,135.26,S0010,2024-11-15,34,650
2024-12-31,P000048,LOC005,549,130.67,S0010,2024-12-29,34,650
2025-01-30,P000048,LOC005,534,131.15,S0010,2025-01-09,34,650
2025-03-01,P000048,LOC005,510,126.58,S0010,2025-02-05,34,650
2025-03-31,P000048,LOC005,596,137.3,S0010,2025-03-07,34,650
2024-10-02,P000048,LOC006,488,137.66,S0010,2024-09-19,34,650
2024-11-01,P000048,LOC006,529,136.31,S0010,2024-10-24,34,650
2024-12-01,P000048,LOC006,535,127.76,S0010,2024-11-03,34,650
2024-12-31,P000048,LOC006,556,136.06,S0010,2024-12-14,34,650
2025-01-30,P000048,LOC006,655,129.14,S0010,2025-01-11,34,650
2025-03-01,P000048,LOC006,716,137.06,S0010,2025-02-14,34,650
2025-03-31,P000048,LOC006,803,129.63,S0010,2025-03-09,34,650
2024-10-02,P000048,LOC007,419,136.06,S0010,2024-09-29,34,650
2024-11-01,P000048,LOC007,403,133.73,S0010,2024-10-08,34,650
2024-12-01,P000048,LOC007,406,132.56,S0010,2024-11-21,34,650
2024-12-31,P000048,LOC007,383,134.22,S0010,2024-12-10,34,650
2025-01-30,P000048,LOC007,383,132.26,S0010,2025-01-05,34,650
2025-03-01,P000048,LOC007,356,130.13,S0010,2025-02-19,34,650
2025-03-31,P000048,LOC007,425,126.57,S0010,2025-03-29,34,650
2024-10-02,P000048,LOC008,384,130.06,S0010,2024-09-11,34,650
2024-11-01,P000048,LOC008,460,133.05,S0010,2024-10-23,34,650
2024-12-01,P000048,LOC008,512,128.88,S0010,2024-11-11,34,650
2024-12-31,P000048,LOC008,472,125.22,S0010,2024-12-24,34,650
2025-01-30,P000048,LOC008,499,132.37,S0010,2025-01-05,34,650
2025-03-01,P000048,LOC008,506,134.34,S0010,2025-02-09,34,650
2025-03-31,P000048,LOC008,489,127.62,S0010,2025-03-05,34,650
2024-10-02,P000048,LOC009,389,131.64,S0010,2024-09-08,34,650
2024-11-01,P000048,LOC009,433,127.68,S0010,2024-10-11,34,650
2024-12-01,P000048,LOC009,504,133.61,S0010,2024-11-25,34,650
2024-12-31,P000048,LOC009,550,130.46,S0010,2024-12-04,34,650
2025-01-30,P000048,LOC009,606,125.18,S0010,2025-01-19,34,650
2025-03-01,P000048,LOC009,563,125.06,S0010,2025-02-01,34,650
2025-03-31,P000048,LOC009,625,135.8,S0010,2025-03-02,34,650
2024-10-02,P000048,LOC010,466,133.74,S0010,2024-09-29,34,650
2024-11-01,P000048,LOC010,549,131.37,S0010,2024-10-21,34,650
2024-12-01,P000048,LOC010,608,133.38,S0010,2024-11-08,34,650
2024-12-31,P000048,LOC010,707,136.43,S0010,2024-12-27,34,650
2025-01-30,P000048,LOC010,730,127.75,S0010,2025-01-06,34,650
2025-03-01,P000048,LOC010,694,131.08,S0010,2025-02-07,34,650
2025-03-31,P000048,LOC010,763,133.54,S0010,2025-03-13,34,650
2024-10-02,P000048,LOC011,360,128.58,S0010,2024-09-10,34,650
2024-11-01,P000048,LOC011,312,136.01,S0010,2024-10-10,34,650
2024-12-01,P000048,LOC011,353,131.96,S0010,2024-11-09,34,650
2024-12-31,P000048,LOC011,409,137.71,S0010,2024-12-18,34,650
2025-01-30,P000048,LOC011,483,132.93,S0010,2025-01-08,34,650
2025-03-01,P000048,LOC011,549,129.06,S0010,2025-02-27,34,650
2025-03-31,P000048,LOC011,645,135.3,S0010,2025-03-15,34,650
2024-10-02,P000048,LOC012,488,131.18,S0010,2024-09-29,34,650
2024-11-01,P000048,LOC012,569,125.17,S0010,2024-10-15,34,650
2024-12-01,P000048,LOC012,609,137.64,S0010,2024-11-27,34,650
2024-12-31,P000048,LOC012,648,135.84,S0010,2024-12-05,34,650
2025-01-30,P000048,LOC012,720,137.53,S0010,2025-01-07,34,650
2025-03-01,P000048,LOC012,681,136.75,S0010,2025-02-11,34,650
2025-03-31,P000048,LOC012,759,137.14,S0010,2025-03-24,34,650
2024-10-02,P000048,LOC013,479,128.37,S0010,2024-09-15,34,650
2024-11-01,P000048,LOC013,506,125.17,S0010,2024-10-17,34,650
2024-12-01,P000048,LOC013,533,131.07,S0010,2024-11-10,34,650
2024-12-31,P000048,LOC013,540,125.26,S0010,2024-12-18,34,650
2025-01-30,P000048,LOC013,498,136.96,S0010,2025-01-23,34,650
2025-03-01,P000048,LOC013,567,132.8,S0010,2025-02-03,34,650
2025-03-31,P000048,LOC013,581,129.02,S0010,2025-03-02,34,650
2024-10-02,P000048,LOC014,359,127.29,S0010,2024-09-30,34,650
2024-11-01,P000048,LOC014,316,136.34,S0010,2024-10-31,34,650
2024-12-01,P000048,LOC014,308,136.61,S0010,2024-11-26,34,650
2024-12-31,P000048,LOC014,372,124.91,S0010,2024-12-26,34,650
2025-01-30,P000048,LOC014,350,129.54,S0010,2025-01-27,34,650
2025-03-01,P000048,LOC014,407,128.02,S0010,2025-02-22,34,650
2025-03-31,P000048,LOC014,454,136.16,S0010,2025-03-06,34,650
2024-10-02,P000048,LOC015,487,135.17,S0010,2024-09-17,34,650
2024-11-01,P000048,LOC015,482,130.0,S0010,2024-10-29,34,650
2024-12-01,P000048,LOC015,535,136.38,S0010,2024-11-20,34,650
2024-12-31,P000048,LOC015,579,125.17,S0010,2024-12-09,34,650
2025-01-30,P000048,LOC015,531,133.12,S0010,2025-01-18,34,650
2025-03-01,P000048,LOC015,526,132.11,S0010,2025-02-10,34,650
2025-03-31,P000048,LOC015,525,131.54,S0010,2025-03-29,34,650
2024-10-02,P000048,LOC016,413,131.69,S0010,2024-09-22,34,650
2024-11-01,P000048,LOC016,384,134.3,S0010,2024-10-21,34,650
2024-12-01,P000048,LOC016,453,130.78,S0010,2024-11-08,34,650
2024-12-31,P000048,LOC016,532,125.24,S0010,2024-12-14,34,650
2025-01-30,P000048,LOC016,568,126.7,S0010,2025-01-25,34,650
2025-03-01,P000048,LOC016,661,132.98,S0010,2025-02-02,34,650
2025-03-31,P000048,LOC016,698,126.49,S0010,2025-03-21,34,650
2024-10-02,P000048,LOC017,479,130.68,S0010,2024-09-11,34,650
2024-11-01,P000048,LOC017,509,126.75,S0010,2024-10-04,34,650
2024-12-01,P000048,LOC017,520,128.27,S0010,2024-11-26,34,650
2024-12-31,P000048,LOC017,547,128.7,S0010,2024-12-26,34,650
2025-01-30,P000048,LOC017,543,134.18,S0010,2025-01-14,34,650
2025-03-01,P000048,LOC017,519,136.77,S0010,2025-02-09,34,650
2025-03-31,P000048,LOC017,596,136.77,S0010,2025-03-02,34,650
2024-10-02,P000048,LOC018,485,131.2,S0010,2024-09-09,34,650
2024-11-01,P000048,LOC018,572,134.39,S0010,2024-10-31,34,650
2024-12-01,P000048,LOC018,564,135.89,S0010,2024-11-01,34,650
2024-12-31,P000048,LOC018,627,126.73,S0010,2024-12-27,34,650
2025-01-30,P000048,LOC018,641,136.46,S0010,2025-01-24,34,650
2025-03-01,P000048,LOC018,643,137.65,S0010,2025-02-23,34,650
2025-03-31,P000048,LOC018,621,132.5,S0010,2025-03-02,34,650
2024-10-02,P000048,LOC019,393,129.54,S0010,2024-09-07,34,650
2024-11-01,P000048,LOC019,391,134.67,S0010,2024-10-08,34,650
2024-12-01,P000048,LOC019,431,131.18,S0010,2024-11-07,34,650
2024-12-31,P000048,LOC019,431,134.08,S0010,2024-12-14,34,650
2025-01-30,P000048,LOC019,413,137.55,S0010,2025-01-26,34,650
2025-03-01,P000048,LOC019,428,133.08,S0010,2025-02-15,34,650
2025-03-31,P000048,LOC019,461,131.36,S0010,2025-03-05,34,650
2024-10-02,P000048,LOC020,373,130.26,S0010,2024-10-01,34,650
2024-11-01,P000048,LOC020,444,136.65,S0010,2024-10-08,34,650
2024-12-01,P000048,LOC020,512,127.4,S0010,2024-11-14,34,650
2024-12-31,P000048,LOC020,497,127.21,S0010,2024-12-01,34,650
2025-01-30,P000048,LOC020,584,134.66,S0010,2024-12-31,34,650
2025-03-01,P000048,LOC020,539,127.93,S0010,2025-02-22,34,650
2025-03-31,P000048,LOC020,526,131.88,S0010,2025-03-07,34,650
2024-10-02,P000049,LOC001,714,250.03,S0024,2024-09-25,16,737
2024-11-01,P000049,LOC001,762,250.69,S0024,2024-10-25,16,737
2024-12-01,P000049,LOC001,785,233.97,S0024,2024-11-07,16,737
2024-12-31,P000049,LOC001,751,233.9,S0024,2024-12-24,16,737
2025-01-30,P000049,LOC001,779,239.19,S0024,2025-01-29,16,737
2025-03-01,P000049,LOC001,794,232.77,S0024,2025-01-31,16,737
2025-03-31,P000049,LOC001,799,249.27,S0024,2025-03-27,16,737
2024-10-02,P000049,LOC002,713,243.04,S0024,2024-09-08,16,737
2024-11-01,P000049,LOC002,674,249.72,S0024,2024-10-15,16,737
2024-12-01,P000049,LOC002,658,245.92,S0024,2024-11-13,16,737
2024-12-31,P000049,LOC002,712,240.27,S0024,2024-12-02,16,737
2025-01-30,P000049,LOC002,666,243.71,S0024,2025-01-06,16,737
2025-03-01,P000049,LOC002,648,241.87,S0024,2025-02-24,16,737
2025-03-31,P000049,LOC002,685,244.34,S0024,2025-03-02,16,737
2024-10-02,P000049,LOC003,816,244.11,S0024,2024-09-27,16,737
2024-11-01,P000049,LOC003,792,232.19,S0024,2024-10-25,16,737
2024-12-01,P000049,LOC003,836,244.63,S0024,2024-11-09,16,737
2024-12-31,P000049,LOC003,805,247.14,S0024,2024-12-29,16,737
2025-01-30,P000049,LOC003,876,241.43,S0024,2025-01-25,16,737
2025-03-01,P000049,LOC003,899,234.45,S0024,2025-02-05,16,737
2025-03-31,P000049,LOC003,922,251.16,S0024,2025-03-03,16,737
2024-10-02,P000049,LOC004,756,251.35,S0024,2024-09-28,16,737
2024-11-01,P000049,LOC004,809,236.55,S0024,2024-10-29,16,737
2024-12-01,P000049,LOC004,897,235.26,S0024,2024-11-20,16,737
2024-12-31,P000049,LOC004,929,248.1,S0024,2024-12-23,16,737
2025-01-30,P000049,LOC004,919,240.4,S0024,2025-01-09,16,737
2025-03-01,P000049,LOC004,1016,238.38,S0024,2025-02-06,16,737
2025-03-31,P000049,LOC004,1022,232.65,S0024,2025-03-30,16,737
2024-10-02,P000049,LOC005,822,239.69,S0024,2024-09-06,16,737
2024-11-01,P000049,LOC005,852,243.06,S0024,2024-10-24,16,737
2024-12-01,P000049,LOC005,812,249.18,S0024,2024-11-04,16,737
2024-12-31,P000049,LOC005,811,232.05,S0024,2024-12-30,16,737
2025-01-30,P000049,LOC005,787,235.14,S0024,2025-01-10,16,737
2025-03-01,P000049,LOC005,873,242.31,S0024,2025-02-04,16,737
2025-03-31,P000049,LOC005,947,253.5,S0024,2025-03-12,16,737
2024-10-02,P000049,LOC006,814,241.55,S0024,2024-09-08,16,737
2024-11-01,P000049,LOC006,785,240.0,S0024,2024-10-17,16,737
2024-12-01,P000049,LOC006,847,232.5,S0024,2024-11-10,16,737
2024-12-31,P000049,LOC006,839,253.83,S0024,2024-12-09,16,737
2025-01-30,P000049,LOC006,934,252.14,S0024,2025-01-03,16,737
2025-03-01,P000049,LOC006,1007,250.22,S0024,2025-02-16,16,737
2025-03-31,P000049,LOC006,1005,245.01,S0024,2025-03-28,16,737
2024-10-02,P000049,LOC007,818,249.8,S0024,2024-09-19,16,737
2024-11-01,P000049,LOC007,875,237.5,S0024,2024-10-11,16,737
2024-12-01,P000049,LOC007,901,232.69,S0024,2024-11-12,16,737
2024-12-31,P000049,LOC007,921,242.82,S0024,2024-12-29,16,737
2025-01-30,P000049,LOC007,920,237.53,S0024,2025-01-10,16,737
2025-03-01,P000049,LOC007,871,234.83,S0024,2025-02-03,16,737
2025-03-31,P000049,LOC007,952,249.59,S0024,2025-03-25,16,737
2024-10-02,P000049,LOC008,752,237.65,S0024,2024-09-08,16,737
2024-11-01,P000049,LOC008,750,242.05,S0024,2024-10-12,16,737
2024-12-01,P000049,LOC008,750,240.44,S0024,2024-11-11,16,737
2024-12-31,P000049,LOC008,704,231.63,S0024,2024-12-25,16,737
2025-01-30,P000049,LOC008,694,251.73,S0024,2025-01-02,16,737
2025-03-01,P000049,LOC008,775,238.48,S0024,2025-02-14,16,737
2025-03-31,P000049,LOC008,849,254.53,S0024,2025-03-28,16,737
2024-10-02,P000049,LOC009,697,238.24,S0024,2024-09-04,16,737
2024-11-01,P000049,LOC009,673,248.14,S0024,2024-10-02,16,737
2024-12-01,P000049,LOC009,726,253.17,S0024,2024-11-07,16,737
2024-12-31,P000049,LOC009,690,241.14,S0024,2024-12-25,16,737
2025-01-30,P000049,LOC009,675,249.9,S0024,2025-01-19,16,737
2025-03-01,P000049,LOC009,632,253.76,S0024,2025-02-26,16,737
2025-03-31,P000049,LOC009,657,237.72,S0024,2025-03-07,16,737
2024-10-02,P000049,LOC010,760,235.91,S0024,2024-09-13,16,737
2024-11-01,P000049,LOC010,793,253.86,S0024,2024-10-28,16,737
2024-12-01,P000049,LOC010,825,238.36,S0024,2024-11-21,16,737
2024-12-31,P000049,LOC010,776,246.31,S0024,2024-12-27,16,737
2025-01-30,P000049,LOC010,822,243.81,S0024,2025-01-26,16,737
2025-03-01,P000049,LOC010,772,252.53,S0024,2025-02-12,16,737
2025-03-31,P000049,LOC010,724,249.09,S0024,2025-03-22,16,737
2024-10-02,P000049,LOC011,827,234.32,S0024,2024-09-27,16,737
2024-11-01,P000049,LOC011,874,249.4,S0024,2024-10-03,16,737
2024-12-01,P000049,LOC011,851,239.42,S0024,2024-11-02,16,737
2024-12-31,P000049,LOC011,866,250.97,S0024,2024-12-17,16,737
2025-01-30,P000049,LOC011,941,238.92,S0024,2025-01-07,16,737
2025-03-01,P000049,LOC011,894,234.61,S0024,2025-02-24,16,737
2025-03-31,P000049,LOC011,851,239.92,S0024,2025-03-20,16,737
2024-10-02,P000049,LOC012,759,240.3,S0024,2024-09-26,16,737
2024-11-01,P000049,LOC012,742,249.36,S0024,2024-10-22,16,737
2024-12-01,P000049,LOC012,778,232.82,S0024,2024-11-24,16,737
2024-12-31,P000049,LOC012,860,236.93,S0024,2024-12-25,16,737
2025-01-30,P000049,LOC012,837,248.19,S0024,2025-01-29,16,737
2025-03-01,P000049,LOC012,835,254.43,S0024,2025-02-26,16,737
2025-03-31,P000049,LOC012,916,246.54,S0024,2025-03-09,16,737
2024-10-02,P000049,LOC013,775,254.4,S0024,2024-09-13,16,737
2024-11-01,P000049,LOC013,836,231.94,S0024,2024-10-26,16,737
2024-12-01,P000049,LOC013,845,252.08,S0024,2024-11-16,16,737
2024-12-31,P000049,LOC013,796,252.61,S0024,2024-12-09,16,737
2025-01-30,P000049,LOC013,825,243.41,S0024,2025-01-10,16,737
2025-03-01,P000049,LOC013,923,245.19,S0024,2025-02-04,16,737
2025-03-31,P000049,LOC013,952,233.84,S0024,2025-03-01,16,737
2024-10-02,P000049,LOC014,747,247.19,S0024,2024-09-09,16,737
2024-11-01,P000049,LOC014,830,241.33,S0024,2024-10-05,16,737
2024-12-01,P000049,LOC014,789,239.84,S0024,2024-11-13,16,737
2024-12-31,P000049,LOC014,852,242.99,S0024,2024-12-05,16,737
2025-01-30,P000049,LOC014,845,245.67,S0024,2025-01-29,16,737
2025-03-01,P000049,LOC014,930,245.2,S0024,2025-02-12,16,737
2025-03-31,P000049,LOC014,1016,237.08,S0024,2025-03-13,16,737
2024-10-02,P000049,LOC015,696,231.62,S0024,2024-09-08,16,737
2024-11-01,P000049,LOC015,730,234.51,S0024,2024-10-22,16,737
2024-12-01,P000049,LOC015,807,248.17,S0024,2024-11-06,16,737
2024-12-31,P000049,LOC015,846,241.7,S0024,2024-12-01,16,737
2025-01-30,P000049,LOC015,831,239.17,S0024,2025-01-18,16,737
2025-03-01,P000049,LOC015,915,248.39,S0024,2025-02-24,16,737
2025-03-31,P000049,LOC015,909,251.54,S0024,2025-03-26,16,737
2024-10-02,P000049,LOC016,731,232.95,S0024,2024-09-23,16,737
2024-11-01,P000049,LOC016,745,248.61,S0024,2024-10-18,16,737
2024-12-01,P000049,LOC016,707,253.17,S0024,2024-11-20,16,737
2024-12-31,P000049,LOC016,741,236.89,S0024,2024-12-06,16,737
2025-01-30,P000049,LOC016,713,242.46,S0024,2025-01-17,16,737
2025-03-01,P000049,LOC016,667,235.27,S0024,2025-02-08,16,737
2025-03-31,P000049,LOC016,618,240.3,S0024,2025-03-23,16,737
2024-10-02,P000049,LOC017,826,248.83,S0024,2024-09-27,16,737
2024-11-01,P000049,LOC017,840,246.83,S0024,2024-10-09,16,737
2024-12-01,P000049,LOC017,862,254.43,S0024,2024-11-09,16,737
2024-12-31,P000049,LOC017,939,233.56,S0024,2024-12-27,16,737
2025-01-30,P000049,LOC017,970,253.0,S0024,2025-01-11,16,737
2025-03-01,P000049,LOC017,959,231.4,S0024,2025-02-01,16,737
2025-03-31,P000049,LOC017,1026,241.73,S0024,2025-03-09,16,737
2024-10-02,P000049,LOC018,823,232.16,S0024,2024-09-17,16,737
2024-11-01,P000049,LOC018,866,252.28,S0024,2024-10-24,16,737
2024-12-01,P000049,LOC018,842,231.03,S0024,2024-11-22,16,737
2024-12-31,P000049,LOC018,814,254.35,S0024,2024-12-10,16,737
2025-01-30,P000049,LOC018,764,253.11,S0024,2025-01-22,16,737
2025-03-01,P000049,LOC018,733,245.08,S0024,2025-02-08,16,737
2025-03-31,P000049,LOC018,696,234.02,S0024,2025-03-26,16,737
2024-10-02,P000049,LOC019,705,240.27,S0024,2024-09-15,16,737
2024-11-01,P000049,LOC019,714,252.96,S0024,2024-10-06,16,737
2024-12-01,P000049,LOC019,784,251.05,S0024,2024-11-30,16,737
2024-12-31,P000049,LOC019,791,233.86,S0024,2024-12-08,16,737
2025-01-30,P000049,LOC019,833,233.06,S0024,2025-01-19,16,737
2025-03-01,P000049,LOC019,847,243.25,S0024,2025-01-30,16,737
2025-03-31,P000049,LOC019,896,239.49,S0024,2025-03-29,16,737
2024-10-02,P000049,LOC020,719,234.54,S0024,2024-09-16,16,737
2024-11-01,P000049,LOC020,782,237.37,S0024,2024-10-12,16,737
2024-12-01,P000049,LOC020,784,234.36,S0024,2024-11-30,16,737
2024-12-31,P000049,LOC020,844,231.5,S0024,2024-12-20,16,737
2025-01-30,P000049,LOC020,806,246.39,S0024,2025-01-22,16,737
2025-03-01,P000049,LOC020,817,236.46,S0024,2025-02-17,16,737
2025-03-31,P000049,LOC020,861,234.77,S0024,2025-03-10,16,737
2024-10-02,P000050,LOC001,760,72.16,S0023,2024-09-11,10,673
2024-11-01,P000050,LOC001,848,75.24,S0023,2024-10-26,10,673
2024-12-01,P000050,LOC001,891,72.09,S0023,2024-11-13,10,673
2024-12-31,P000050,LOC001,935,74.75,S0023,2024-12-23,10,673
2025-01-30,P000050,LOC001,1019,74.76,S0023,2025-01-20,10,673
2025-03-01,P000050,LOC001,1109,70.99,S0023,2025-01-30,10,673
2025-03-31,P000050,LOC001,1091,71.12,S0023,2025-03-16,10,673
2024-10-02,P000050,LOC002,813,75.5,S0023,2024-09-06,10,673
2024-11-01,P000050,LOC002,764,70.63,S0023,2024-10-22,10,673
2024-12-01,P000050,LOC002,803,70.82,S0023,2024-11-27,10,673
2024-12-31,P000050,LOC002,793,74.7,S0023,2024-12-01,10,673
2025-01-30,P000050,LOC002,787,71.74,S0023,2025-01-08,10,673
2025-03-01,P000050,LOC002,785,71.18,S0023,2025-02-19,10,673
2025-03-31,P000050,LOC002,818,73.38,S0023,2025-03-14,10,673
2024-10-02,P000050,LOC003,845,75.88,S0023,2024-09-08,10,673
2024-11-01,P000050,LOC003,825,69.77,S0023,2024-10-19,10,673
2024-12-01,P000050,LOC003,904,72.34,S0023,2024-11-12,10,673
2024-12-31,P000050,LOC003,956,70.95,S0023,2024-12-24,10,673
2025-01-30,P000050,LOC003,952,76.58,S0023,2025-01-19,10,673
2025-03-01,P000050,LOC003,979,76.28,S0023,2025-02-28,10,673
2025-03-31,P000050,LOC003,1035,74.28,S0023,2025-03-24,10,673
2024-10-02,P000050,LOC004,854,76.45,S0023,2024-09-12,10,673
2024-11-01,P000050,LOC004,914,72.73,S0023,2024-10-13,10,673
2024-12-01,P000050,LOC004,896,72.26,S0023,2024-11-30,10,673
2024-12-31,P000050,LOC004,938,69.75,S0023,2024-12-02,10,673
2025-01-30,P000050,LOC004,1028,74.86,S0023,2025-01-17,10,673
2025-03-01,P000050,LOC004,1004,70.52,S0023,2025-02-14,10,673
2025-03-31,P000050,LOC004,1072,71.6,S0023,2025-03-27,10,673
2024-10-02,P000050,LOC005,826,72.97,S0023,2024-09-07,10,673
2024-11-01,P000050,LOC005,920,72.14,S0023,2024-10-16,10,673
2024-12-01,P000050,LOC005,927,72.69,S0023,2024-11-17,10,673
2024-12-31,P000050,LOC005,991,73.49,S0023,2024-12-15,10,673
2025-01-30,P000050,LOC005,979,75.62,S0023,2025-01-02,10,673
2025-03-01,P000050,LOC005,948,70.5,S0023,2025-02-07,10,673
2025-03-31,P000050,LOC005,950,76.19,S0023,2025-03-26,10,673
2024-10-02,P000050,LOC006,813,73.54,S0023,2024-09-03,10,673
2024-11-01,P000050,LOC006,818,75.99,S0023,2024-10-16,10,673
2024-12-01,P000050,LOC006,816,69.86,S0023,2024-11-27,10,673
2024-12-31,P000050,LOC006,797,75.75,S0023,2024-12-10,10,673
2025-01-30,P000050,LOC006,883,74.38,S0023,2025-01-11,10,673
2025-03-01,P000050,LOC006,978,72.14,S0023,2025-02-25,10,673
2025-03-31,P000050,LOC006,1040,74.02,S0023,2025-03-19,10,673
2024-10-02,P000050,LOC007,850,71.41,S0023,2024-09-04,10,673
2024-11-01,P000050,LOC007,899,71.47,S0023,2024-10-24,10,673
2024-12-01,P000050,LOC007,870,70.13,S0023,2024-11-01,10,673
2024-12-31,P000050,LOC007,952,73.35,S0023,2024-12-12,10,673
2025-01-30,P000050,LOC007,910,70.61,S0023,2025-01-04,10,673
2025-03-01,P000050,LOC007,1009,73.52,S0023,2025-02-06,10,673
2025-03-31,P000050,LOC007,967,71.5,S0023,2025-03-04,10,673
2024-10-02,P000050,LOC008,711,74.58,S0023,2024-09-18,10,673
2024-11-01,P000050,LOC008,754,70.34,S0023,2024-10-20,10,673
2024-12-01,P000050,LOC008,777,72.9,S0023,2024-11-11,10,673
2024-12-31,P000050,LOC008,854,74.49,S0023,2024-12-14,10,673
2025-01-30,P000050,LOC008,893,75.88,S0023,2025-01-16,10,673
2025-03-01,P000050,LOC008,858,76.75,S0023,2025-02-07,10,673
2025-03-31,P000050,LOC008,816,69.89,S0023,2025-03-10,10,673
2024-10-02,P000050,LOC009,851,75.74,S0023,2024-09-26,10,673
2024-11-01,P000050,LOC009,926,76.67,S0023,2024-10-31,10,673
2024-12-01,P000050,LOC009,1001,70.48,S0023,2024-11-27,10,673
2024-12-31,P000050,LOC009,957,70.05,S0023,2024-12-20,10,673
2025-01-30,P000050,LOC009,933,75.6,S0023,2025-01-25,10,673
2025-03-01,P000050,LOC009,952,71.26,S0023,2025-02-16,10,673
2025-03-31,P000050,LOC009,1029,72.95,S0023,2025-03-11,10,673
2024-10-02,P000050,LOC010,724,69.86,S0023,2024-09-21,10,673
2024-11-01,P000050,LOC010,766,70.5,S0023,2024-10-09,10,673
2024-12-01,P000050,LOC010,832,72.69,S0023,2024-11-28,10,673
2024-12-31,P000050,LOC010,919,73.72,S0023,2024-12-20,10,673
2025-01-30,P000050,LOC010,896,75.49,S0023,2025-01-15,10,673
2025-03-01,P000050,LOC010,976,75.59,S0023,2025-02-06,10,673
2025-03-31,P000050,LOC010,937,76.54,S0023,2025-03-27,10,673
2024-10-02,P000050,LOC011,761,70.74,S0023,2024-09-24,10,673
2024-11-01,P000050,LOC011,805,75.45,S0023,2024-10-20,10,673
2024-12-01,P000050,LOC011,763,75.46,S0023,2024-11-04,10,673
2024-12-31,P000050,LOC011,832,72.61,S0023,2024-12-03,10,673
2025-01-30,P000050,LOC011,860,70.52,S0023,2025-01-29,10,673
2025-03-01,P000050,LOC011,925,72.66,S0023,2025-02-10,10,673
2025-03-31,P000050,LOC011,983,69.81,S0023,2025-03-12,10,673
2024-10-02,P000050,LOC012,842,73.13,S0023,2024-09-12,10,673
2024-11-01,P000050,LOC012,860,73.14,S0023,2024-10-06,10,673
2024-12-01,P000050,LOC012,873,72.56,S0023,2024-11-02,10,673
2024-12-31,P000050,LOC012,968,71.69,S0023,2024-12-03,10,673
2025-01-30,P000050,LOC012,1061,70.24,S0023,2025-01-08,10,673
2025-03-01,P000050,LOC012,1064,75.59,S0023,2025-02-23,10,673
2025-03-31,P000050,LOC012,1078,72.68,S0023,2025-03-04,10,673
2024-10-02,P000050,LOC013,770,76.67,S0023,2024-09-24,10,673
2024-11-01,P000050,LOC013,820,74.19,S0023,2024-10-23,10,673
2024-12-01,P000050,LOC013,910,70.14,S0023,2024-11-21,10,673
2024-12-31,P000050,LOC013,1006,72.36,S0023,2024-12-24,10,673
2025-01-30,P000050,LOC013,1043,74.82,S0023,2025-01-06,10,673
2025-03-01,P000050,LOC013,1066,75.96,S0023,2025-02-13,10,673
2025-03-31,P000050,LOC013,1092,73.09,S0023,2025-03-16,10,673
2024-10-02,P000050,LOC014,819,76.98,S0023,2024-09-16,10,673
2024-11-01,P000050,LOC014,834,73.05,S0023,2024-10-21,10,673
2024-12-01,P000050,LOC014,924,69.86,S0023,2024-11-13,10,673
2024-12-31,P000050,LOC014,957,72.26,S0023,2024-12-15,10,673
2025-01-30,P000050,LOC014,1010,75.0,S0023,2025-01-15,10,673
2025-03-01,P000050,LOC014,1056,74.46,S0023,2025-01-30,10,673
2025-03-31,P000050,LOC014,1083,74.21,S0023,2025-03-15,10,673
2024-10-02,P000050,LOC015,802,72.44,S0023,2024-09-18,10,673
2024-11-01,P000050,LOC015,893,74.84,S0023,2024-10-20,10,673
2024-12-01,P000050,LOC015,880,70.33,S0023,2024-11-29,10,673
2024-12-31,P000050,LOC015,834,73.94,S0023,2024-12-29,10,673
2025-01-30,P000050,LOC015,847,72.4,S0023,2025-01-22,10,673
2025-03-01,P000050,LOC015,943,71.52,S0023,2025-02-23,10,673
2025-03-31,P000050,LOC015,971,74.7,S0023,2025-03-17,10,673
2024-10-02,P000050,LOC016,835,74.28,S0023,2024-09-27,10,673
2024-11-01,P000050,LOC016,904,72.54,S0023,2024-10-17,10,673
2024-12-01,P000050,LOC016,874,73.88,S0023,2024-11-18,10,673
2024-12-31,P000050,LOC016,941,75.46,S0023,2024-12-16,10,673
2025-01-30,P000050,LOC016,969,76.87,S0023,2025-01-27,10,673
2025-03-01,P000050,LOC016,929,70.75,S0023,2025-01-30,10,673
2025-03-31,P000050,LOC016,893,70.01,S0023,2025-03-25,10,673
2024-10-02,P000050,LOC017,748,75.66,S0023,2024-09-08,10,673
2024-11-01,P000050,LOC017,813,74.82,S0023,2024-10-02,10,673
2024-12-01,P000050,LOC017,844,72.01,S0023,2024-11-04,10,673
2024-12-31,P000050,LOC017,833,73.07,S0023,2024-12-25,10,673
2025-01-30,P000050,LOC017,835,73.66,S0023,2025-01-06,10,673
2025-03-01,P000050,LOC017,799,75.0,S0023,2025-02-25,10,673
2025-03-31,P000050,LOC017,817,70.9,S0023,2025-03-22,10,673
2024-10-02,P000050,LOC018,765,75.38,S0023,2024-09-16,10,673
2024-11-01,P000050,LOC018,827,73.61,S0023,2024-10-08,10,673
2024-12-01,P000050,LOC018,832,76.79,S0023,2024-11-18,10,673
2024-12-31,P000050,LOC018,796,72.56,S0023,2024-12-05,10,673
2025-01-30,P000050,LOC018,875,71.68,S0023,2025-01-16,10,673
2025-03-01,P000050,LOC018,886,72.07,S0023,2025-02-06,10,673
2025-03-31,P000050,LOC018,965,76.68,S0023,2025-03-14,10,673
2024-10-02,P000050,LOC019,728,72.91,S0023,2024-09-27,10,673
2024-11-01,P000050,LOC019,693,73.53,S0023,2024-10-11,10,673
2024-12-01,P000050,LOC019,788,73.07,S0023,2024-11-28,10,673
2024-12-31,P000050,LOC019,739,73.91,S0023,2024-12-30,10,673
2025-01-30,P000050,LOC019,794,73.3,S0023,2025-01-12,10,673
2025-03-01,P000050,LOC019,812,72.05,S0023,2025-02-20,10,673
2025-03-31,P000050,LOC019,781,72.63,S0023,2025-03-16,10,673
2024-10-02,P000050,LOC020,785,73.58,S0023,2024-09-13,10,673
2024-11-01,P000050,LOC020,761,71.77,S0023,2024-10-06,10,673
2024-12-01,P000050,LOC020,830,74.95,S0023,2024-11-28,10,673
2024-12-31,P000050,LOC020,890,74.55,S0023,2024-12-04,10,673
2025-01-30,P000050,LOC020,855,74.3,S0023,2025-01-27,10,673
2025-03-01,P000050,LOC020,896,76.54,S0023,2025-02-22,10,673
2025-03-31,P000050,LOC020,949,75.36,S0023,2025-03-27,10,673
2024-10-02,P000051,LOC001,48,150.96,S0021,2024-09-04,16,796
2024-11-01,P000051,LOC001,68,164.16,S0021,2024-10-02,16,796
2024-12-01,P000051,LOC001,146,158.14,S0021,2024-11-22,16,796
2024-12-31,P000051,LOC001,144,160.99,S0021,2024-12-12,16,796
2025-01-30,P000051,LOC001,236,161.4,S0021,2025-01-15,16,796
2025-03-01,P000051,LOC001,224,151.24,S0021,2025-02-21,16,796
2025-03-31,P000051,LOC001,284,155.87,S0021,2025-03-01,16,796
2024-10-02,P000051,LOC002,16,152.29,S0021,2024-09-05,16,796
2024-11-01,P000051,LOC002,0,157.43,S0021,2024-10-26,16,796
2024-12-01,P000051,LOC002,30,153.37,S0021,2024-11-22,16,796
2024-12-31,P000051,LOC002,74,160.38,S0021,2024-12-02,16,796
2025-01-30,P000051,LOC002,147,160.1,S0021,2025-01-17,16,796
2025-03-01,P000051,LOC002,146,151.7,S0021,2025-02-11,16,796
2025-03-31,P000051,LOC002,195,161.55,S0021,2025-03-26,16,796
2024-10-02,P000051,LOC003,133,161.3,S0021,2024-09-18,16,796
2024-11-01,P000051,LOC003,222,151.73,S0021,2024-10-29,16,796
2024-12-01,P000051,LOC003,273,157.15,S0021,2024-11-13,16,796
2024-12-31,P000051,LOC003,287,158.57,S0021,2024-12-16,16,796
2025-01-30,P000051,LOC003,377,162.57,S0021,2025-01-08,16,796
2025-03-01,P000051,LOC003,342,154.76,S0021,2025-01-30,16,796
2025-03-31,P000051,LOC003,366,154.5,S0021,2025-03-06,16,796
2024-10-02,P000051,LOC004,113,156.46,S0021,2024-09-04,16,796
2024-11-01,P000051,LOC004,121,163.81,S0021,2024-10-15,16,796
2024-12-01,P000051,LOC004,74,162.79,S0021,2024-11-09,16,796
2024-12-31,P000051,LOC004,78,158.79,S0021,2024-12-04,16,796
2025-01-30,P000051,LOC004,136,150.65,S0021,2025-01-16,16,796
2025-03-01,P000051,LOC004,108,158.25,S0021,2025-02-19,16,796
2025-03-31,P000051,LOC004,125,156.46,S0021,2025-03-02,16,796
2024-10-02,P000051,LOC005,62,162.17,S0021,2024-09-05,16,796
2024-11-01,P000051,LOC005,106,156.06,S0021,2024-10-20,16,796
2024-12-01,P000051,LOC005,205,154.42,S0021,2024-11-15,16,796
2024-12-31,P000051,LOC005,303,155.43,S0021,2024-12-14,16,796
2025-01-30,P000051,LOC005,290,153.03,S0021,2025-01-14,16,796
2025-03-01,P000051,LOC005,321,153.58,S0021,2025-02-26,16,796
2025-03-31,P000051,LOC005,405,154.92,S0021,2025-03-20,16,796
2024-10-02,P000051,LOC006,92,164.01,S0021,2024-09-04,16,796
2024-11-01,P000051,LOC006,142,163.46,S0021,2024-10-22,16,796
2024-12-01,P000051,LOC006,218,160.58,S0021,2024-11-15,16,796
2024-12-31,P000051,LOC006,269,154.77,S0021,2024-12-27,16,796
2025-01-30,P000051,LOC006,356,157.79,S0021,2025-01-27,16,796
2025-03-01,P000051,LOC006,452,159.28,S0021,2025-02-26,16,796
2025-03-31,P000051,LOC006,485,151.37,S0021,2025-03-24,16,796
2024-10-02,P000051,LOC007,29,152.99,S0021,2024-09-13,16,796
2024-11-01,P000051,LOC007,71,165.18,S0021,2024-10-22,16,796
2024-12-01,P000051,LOC007,83,156.07,S0021,2024-11-28,16,796
2024-12-31,P000051,LOC007,77,154.28,S0021,2024-12-09,16,796
2025-01-30,P000051,LOC007,70,158.5,S0021,2024-12-31,16,796
2025-03-01,P000051,LOC007,32,154.44,S0021,2025-02-21,16,796
2025-03-31,P000051,LOC007,45,164.41,S0021,2025-03-27,16,796
2024-10-02,P000051,LOC008,23,161.02,S0021,2024-09-17,16,796
2024-11-01,P000051,LOC008,15,151.79,S0021,2024-10-05,16,796
2024-12-01,P000051,LOC008,101,157.19,S0021,2024-11-14,16,796
2024-12-31,P000051,LOC008,117,156.51,S0021,2024-12-12,16,796
2025-01-30,P000051,LOC008,106,154.25,S0021,2025-01-23,16,796
2025-03-01,P000051,LOC008,77,151.66,S0021,2025-02-22,16,796
2025-03-31,P000051,LOC008,109,155.91,S0021,2025-03-25,16,796
2024-10-02,P000051,LOC009,19,152.35,S0021,2024-09-05,16,796
2024-11-01,P000051,LOC009,0,151.18,S0021,2024-10-30,16,796
2024-12-01,P000051,LOC009,0,156.76,S0021,2024-11-29,16,796
2024-12-31,P000051,LOC009,76,164.88,S0021,2024-12-19,16,796
2025-01-30,P000051,LOC009,115,162.99,S0021,2025-01-10,16,796
2025-03-01,P000051,LOC009,138,164.69,S0021,2025-02-16,16,796
2025-03-31,P000051,LOC009,124,164.44,S0021,2025-03-06,16,796
2024-10-02,P000051,LOC010,77,152.0,S0021,2024-09-07,16,796
2024-11-01,P000051,LOC010,164,157.64,S0021,2024-10-31,16,796
2024-12-01,P000051,LOC010,242,154.85,S0021,2024-11-03,16,796
2024-12-31,P000051,LOC010,205,163.3,S0021,2024-12-15,16,796
2025-01-30,P000051,LOC010,173,150.12,S0021,2025-01-15,16,796
2025-03-01,P000051,LOC010,167,151.45,S0021,2025-02-07,16,796
2025-03-31,P000051,LOC010,258,161.32,S0021,2025-03-09,16,796
2024-10-02,P000051,LOC011,120,161.28,S0021,2024-09-13,16,796
2024-11-01,P000051,LOC011,105,159.36,S0021,2024-10-13,16,796
2024-12-01,P000051,LOC011,204,151.93,S0021,2024-11-20,16,796
2024-12-31,P000051,LOC011,279,150.0,S0021,2024-12-23,16,796
2025-01-30,P000051,LOC011,235,155.42,S0021,2025-01-20,16,796
2025-03-01,P000051,LOC011,321,158.46,S0021,2025-02-18,16,796
2025-03-31,P000051,LOC011,298,156.36,S0021,2025-03-13,16,796
2024-10-02,P000051,LOC012,107,161.65,S0021,2024-09-03,16,796
2024-11-01,P000051,LOC012,78,151.43,S0021,2024-10-05,16,796
2024-12-01,P000051,LOC012,95,156.47,S0021,2024-11-16,16,796
2024-12-31,P000051,LOC012,99,163.2,S0021,2024-12-16,16,796
2025-01-30,P000051,LOC012,136,164.07,S0021,2025-01-12,16,796
2025-03-01,P000051,LOC012,146,165.13,S0021,2025-02-14,16,796
2025-03-31,P000051,LOC012,106,153.46,S0021,2025-03-23,16,796
2024-10-02,P000051,LOC013,37,154.58,S0021,2024-09-25,16,796
2024-11-01,P000051,LOC013,71,153.99,S0021,2024-10-29,16,796
2024-12-01,P000051,LOC013,63,153.73,S0021,2024-11-16,16,796
2024-12-31,P000051,LOC013,106,160.56,S0021,2024-12-28,16,796
2025-01-30,P000051,LOC013,161,164.95,S0021,2025-01-21,16,796
2025-03-01,P000051,LOC013,140,163.98,S0021,2025-02-16,16,796
2025-03-31,P000051,LOC013,207,150.68,S0021,2025-03-30,16,796
2024-10-02,P000051,LOC014,43,157.57,S0021,2024-09-11,16,796
2024-11-01,P000051,LOC014,114,164.39,S0021,2024-10-22,16,796
2024-12-01,P000051,LOC014,122,154.41,S0021,2024-11-02,16,796
2024-12-31,P000051,LOC014,134,163.78,S0021,2024-12-25,16,796
2025-01-30,P000051,LOC014,194,164.94,S0021,2025-01-21,16,796
2025-03-01,P000051,LOC014,214,161.97,S0021,2025-02-06,16,796
2025-03-31,P000051,LOC014,311,165.5,S0021,2025-03-28,16,796
2024-10-02,P000051,LOC015,154,159.48,S0021,2024-09-13,16,796
2024-11-01,P000051,LOC015,176,151.44,S0021,2024-10-16,16,796
2024-12-01,P000051,LOC015,201,151.05,S0021,2024-11-27,16,796
2024-12-31,P000051,LOC015,222,151.33,S0021,2024-12-28,16,796
2025-01-30,P000051,LOC015,226,154.49,S0021,2025-01-04,16,796
2025-03-01,P000051,LOC015,314,156.94,S0021,2025-02-01,16,796
2025-03-31,P000051,LOC015,274,161.16,S0021,2025-03-10,16,796
2024-10-02,P000051,LOC016,137,154.15,S0021,2024-09-13,16,796
2024-11-01,P000051,LOC016,144,150.95,S0021,2024-10-27,16,796
2024-12-01,P000051,LOC016,206,152.44,S0021,2024-11-15,16,796
2024-12-31,P000051,LOC016,275,156.85,S0021,2024-12-12,16,796
2025-01-30,P000051,LOC016,313,160.68,S0021,2025-01-17,16,796
2025-03-01,P000051,LOC016,302,153.47,S0021,2025-02-17,16,796
2025-03-31,P000051,LOC016,362,150.31,S0021,2025-03-20,16,796
2024-10-02,P000051,LOC017,133,152.45,S0021,2024-09-16,16,796
2024-11-01,P000051,LOC017,204,155.91,S0021,2024-10-30,16,796
2024-12-01,P000051,LOC017,156,159.43,S0021,2024-11-25,16,796
2024-12-31,P000051,LOC017,218,153.53,S0021,2024-12-02,16,796
2025-01-30,P000051,LOC017,202,156.35,S0021,2025-01-12,16,796
2025-03-01,P000051,LOC017,272,153.04,S0021,2025-02-09,16,796
2025-03-31,P000051,LOC017,275,155.25,S0021,2025-03-13,16,796
2024-10-02,P000051,LOC018,134,161.88,S0021,2024-09-13,16,796
2024-11-01,P000051,LOC018,92,159.72,S0021,2024-10-26,16,796
2024-12-01,P000051,LOC018,142,153.44,S0021,2024-11-19,16,796
2024-12-31,P000051,LOC018,208,158.98,S0021,2024-12-11,16,796
2025-01-30,P000051,LOC018,238,161.68,S0021,2025-01-11,16,796
2025-03-01,P000051,LOC018,235,153.39,S0021,2025-02-14,16,796
2025-03-31,P000051,LOC018,301,158.41,S0021,2025-03-13,16,796
2024-10-02,P000051,LOC019,33,155.21,S0021,2024-09-12,16,796
2024-11-01,P000051,LOC019,5,158.02,S0021,2024-10-15,16,796
2024-12-01,P000051,LOC019,18,161.73,S0021,2024-11-08,16,796
2024-12-31,P000051,LOC019,38,162.12,S0021,2024-12-16,16,796
2025-01-30,P000051,LOC019,12,151.51,S0021,2025-01-10,16,796
2025-03-01,P000051,LOC019,0,156.14,S0021,2025-02-14,16,796
2025-03-31,P000051,LOC019,49,150.31,S0021,2025-03-17,16,796
2024-10-02,P000051,LOC020,77,164.52,S0021,2024-09-04,16,796
2024-11-01,P000051,LOC020,140,164.65,S0021,2024-10-30,16,796
2024-12-01,P000051,LOC020,139,158.53,S0021,2024-11-29,16,796
2024-12-31,P000051,LOC020,156,154.96,S0021,2024-12-27,16,796
2025-01-30,P000051,LOC020,154,153.37,S0021,2025-01-08,16,796
2025-03-01,P000051,LOC020,239,163.49,S0021,2025-02-25,16,796
2025-03-31,P000051,LOC020,249,154.13,S0021,2025-03-20,16,796
2024-10-02,P000052,LOC001,222,63.38,S0022,2024-09-20,48,364
2024-11-01,P000052,LOC001,208,66.4,S0022,2024-10-24,48,364
2024-12-01,P000052,LOC001,195,63.42,S0022,2024-11-26,48,364
2024-12-31,P000052,LOC001,283,67.58,S0022,2024-12-25,48,364
2025-01-30,P000052,LOC001,241,66.57,S0022,2025-01-05,48,364
2025-03-01,P000052,LOC001,209,63.39,S0022,2025-02-24,48,364
2025-03-31,P000052,LOC001,263,63.98,S0022,2025-03-14,48,364
2024-10-02,P000052,LOC002,79,67.52,S0022,2024-09-15,48,364
2024-11-01,P000052,LOC002,79,69.46,S0022,2024-10-07,48,364
2024-12-01,P000052,LOC002,157,65.63,S0022,2024-11-28,48,364
2024-12-31,P000052,LOC002,192,66.66,S0022,2024-12-20,48,364
2025-01-30,P000052,LOC002,289,65.42,S0022,2025-01-15,48,364
2025-03-01,P000052,LOC002,310,68.86,S0022,2025-01-30,48,364
2025-03-31,P000052,LOC002,291,63.84,S0022,2025-03-20,48,364
2024-10-02,P000052,LOC003,156,65.36,S0022,2024-09-21,48,364
2024-11-01,P000052,LOC003,108,67.32,S0022,2024-10-29,48,364
2024-12-01,P000052,LOC003,137,68.93,S0022,2024-11-05,48,364
2024-12-31,P000052,LOC003,93,69.06,S0022,2024-12-12,48,364
2025-01-30,P000052,LOC003,191,63.32,S0022,2025-01-10,48,364
2025-03-01,P000052,LOC003,286,67.06,S0022,2025-02-04,48,364
2025-03-31,P000052,LOC003,336,68.01,S0022,2025-03-11,48,364
2024-10-02,P000052,LOC004,136,68.28,S0022,2024-09-18,48,364
2024-11-01,P000052,LOC004,196,63.17,S0022,2024-10-16,48,364
2024-12-01,P000052,LOC004,226,67.9,S0022,2024-11-27,48,364
2024-12-31,P000052,LOC004,295,62.92,S0022,2024-12-07,48,364
2025-01-30,P000052,LOC004,245,63.21,S0022,2025-01-25,48,364
2025-03-01,P000052,LOC004,279,64.63,S0022,2025-02-28,48,364
2025-03-31,P000052,LOC004,347,68.83,S0022,2025-03-10,48,364
2024-10-02,P000052,LOC005,101,66.76,S0022,2024-09-18,48,364
2024-11-01,P000052,LOC005,120,67.64,S0022,2024-10-05,48,364
2024-12-01,P000052,LOC005,152,67.67,S0022,2024-11-23,48,364
2024-12-31,P000052,LOC005,112,67.5,S0022,2024-12-30,48,364
2025-01-30,P000052,LOC005,138,66.89,S0022,2025-01-26,48,364
2025-03-01,P000052,LOC005,139,68.28,S0022,2025-02-14,48,364
2025-03-31,P000052,LOC005,126,63.0,S0022,2025-03-17,48,364
2024-10-02,P000052,LOC006,150,64.54,S0022,2024-09-15,48,364
2024-11-01,P000052,LOC006,238,63.08,S0022,2024-10-24,48,364
2024-12-01,P000052,LOC006,216,68.45,S0022,2024-11-19,48,364
2024-12-31,P000052,LOC006,269,66.28,S0022,2024-12-14,48,364
2025-01-30,P000052,LOC006,342,64.13,S0022,2025-01-17,48,364
2025-03-01,P000052,LOC006,434,64.75,S0022,2025-02-25,48,364
2025-03-31,P000052,LOC006,456,64.98,S0022,2025-03-21,48,364
2024-10-02,P000052,LOC007,213,68.71,S0022,2024-09-09,48,364
2024-11-01,P000052,LOC007,294,66.8,S0022,2024-10-05,48,364
2024-12-01,P000052,LOC007,364,65.45,S0022,2024-11-13,48,364
2024-12-31,P000052,LOC007,339,66.76,S0022,2024-12-17,48,364
2025-01-30,P000052,LOC007,304,62.99,S0022,2025-01-19,48,364
2025-03-01,P000052,LOC007,386,67.55,S0022,2025-02-21,48,364
2025-03-31,P000052,LOC007,384,66.13,S0022,2025-03-16,48,364
2024-10-02,P000052,LOC008,180,63.34,S0022,2024-09-05,48,364
2024-11-01,P000052,LOC008,228,68.98,S0022,2024-10-06,48,364
2024-12-01,P000052,LOC008,286,63.22,S0022,2024-11-05,48,364
2024-12-31,P000052,LOC008,247,65.12,S0022,2024-12-19,48,364
2025-01-30,P000052,LOC008,229,65.31,S0022,2025-01-03,48,364
2025-03-01,P000052,LOC008,208,65.73,S0022,2025-02-22,48,364
2025-03-31,P000052,LOC008,291,63.1,S0022,2025-03-27,48,364
2024-10-02,P000052,LOC009,225,64.75,S0022,2024-09-21,48,364
2024-11-01,P000052,LOC009,254,63.69,S0022,2024-10-06,48,364
2024-12-01,P000052,LOC009,274,65.7,S0022,2024-11-25,48,364
2024-12-31,P000052,LOC009,256,66.86,S0022,2024-12-12,48,364
2025-01-30,P000052,LOC009,244,64.23,S0022,2024-12-31,48,364
2025-03-01,P000052,LOC009,324,67.57,S0022,2025-02-27,48,364
2025-03-31,P000052,LOC009,417,65.59,S0022,2025-03-18,48,364
2024-10-02,P000052,LOC010,212,64.33,S0022,2024-10-01,48,364
2024-11-01,P000052,LOC010,227,64.89,S0022,2024-10-02,48,364
2024-12-01,P000052,LOC010,267,63.97,S0022,2024-11-19,48,364
2024-12-31,P000052,LOC010,318,63.11,S0022,2024-12-27,48,364
2025-01-30,P000052,LOC010,295,69.48,S0022,2025-01-24,48,364
2025-03-01,P000052,LOC010,372,64.15,S0022,2025-02-05,48,364
2025-03-31,P000052,LOC010,376,65.05,S0022,2025-03-16,48,364
2024-10-02,P000052,LOC011,123,67.11,S0022,2024-09-25,48,364
2024-11-01,P000052,LOC011,81,68.78,S0022,2024-10-08,48,364
2024-12-01,P000052,LOC011,144,67.43,S0022,2024-11-14,48,364
2024-12-31,P000052,LOC011,137,65.09,S0022,2024-12-03,48,364
2025-01-30,P000052,LOC011,180,63.89,S0022,2025-01-09,48,364
2025-03-01,P000052,LOC011,134,64.95,S0022,2025-02-07,48,364
2025-03-31,P000052,LOC011,108,63.64,S0022,2025-03-22,48,364
2024-10-02,P000052,LOC012,129,67.37,S0022,2024-09-14,48,364
2024-11-01,P000052,LOC012,187,69.36,S0022,2024-10-07,48,364
2024-12-01,P000052,LOC012,236,68.23,S0022,2024-11-12,48,364
2024-12-31,P000052,LOC012,285,64.8,S0022,2024-12-24,48,364
2025-01-30,P000052,LOC012,308,68.13,S0022,2025-01-28,48,364
2025-03-01,P000052,LOC012,265,64.5,S0022,2025-02-26,48,364
2025-03-31,P000052,LOC012,333,63.36,S0022,2025-03-19,48,364
2024-10-02,P000052,LOC013,169,63.12,S0022,2024-09-23,48,364
2024-11-01,P000052,LOC013,130,68.76,S0022,2024-10-25,48,364
2024-12-01,P000052,LOC013,115,67.3,S0022,2024-11-24,48,364
2024-12-31,P000052,LOC013,207,66.52,S0022,2024-12-18,48,364
2025-01-30,P000052,LOC013,268,68.08,S0022,2025-01-28,48,364
2025-03-01,P000052,LOC013,225,66.52,S0022,2025-02-07,48,364
2025-03-31,P000052,LOC013,206,69.25,S0022,2025-03-29,48,364
2024-10-02,P000052,LOC014,224,67.69,S0022,2024-09-22,48,364
2024-11-01,P000052,LOC014,200,68.13,S0022,2024-10-20,48,364
2024-12-01,P000052,LOC014,281,68.65,S0022,2024-11-13,48,364
2024-12-31,P000052,LOC014,311,63.21,S0022,2024-12-02,48,364
2025-01-30,P000052,LOC014,309,64.47,S0022,2025-01-09,48,364
2025-03-01,P000052,LOC014,273,64.73,S0022,2025-02-23,48,364
2025-03-31,P000052,LOC014,336,65.74,S0022,2025-03-04,48,364
2024-10-02,P000052,LOC015,189,65.28,S0022,2024-09-02,48,364
2024-11-01,P000052,LOC015,201,66.96,S0022,2024-10-28,48,364
2024-12-01,P000052,LOC015,267,64.14,S0022,2024-11-08,48,364
2024-12-31,P000052,LOC015,297,68.94,S0022,2024-12-30,48,364
2025-01-30,P000052,LOC015,277,68.87,S0022,2025-01-16,48,364
2025-03-01,P000052,LOC015,312,63.59,S0022,2025-02-13,48,364
2025-03-31,P000052,LOC015,399,67.15,S0022,2025-03-18,48,364
2024-10-02,P000052,LOC016,208,64.82,S0022,2024-09-18,48,364
2024-11-01,P000052,LOC016,161,68.7,S0022,2024-10-16,48,364
2024-12-01,P000052,LOC016,137,66.04,S0022,2024-11-22,48,364
2024-12-31,P000052,LOC016,110,69.14,S0022,2024-12-21,48,364
2025-01-30,P000052,LOC016,65,63.21,S0022,2025-01-23,48,364
2025-03-01,P000052,LOC016,118,65.85,S0022,2025-01-30,48,364
2025-03-31,P000052,LOC016,209,64.44,S0022,2025-03-15,48,364
2024-10-02,P000052,LOC017,188,66.7,S0022,2024-09-15,48,364
2024-11-01,P000052,LOC017,155,66.85,S0022,2024-10-23,48,364
2024-12-01,P000052,LOC017,253,66.4,S0022,2024-11-15,48,364
2024-12-31,P000052,LOC017,224,68.09,S0022,2024-12-07,48,364
2025-01-30,P000052,LOC017,281,65.6,S0022,2025-01-28,48,364
2025-03-01,P000052,LOC017,258,67.27,S0022,2025-02-06,48,364
2025-03-31,P000052,LOC017,237,67.15,S0022,2025-03-12,48,364
2024-10-02,P000052,LOC018,186,68.15,S0022,2024-09-26,48,364
2024-11-01,P000052,LOC018,178,67.58,S0022,2024-10-08,48,364
2024-12-01,P000052,LOC018,237,65.87,S0022,2024-11-16,48,364
2024-12-31,P000052,LOC018,246,64.11,S0022,2024-12-26,48,364
2025-01-30,P000052,LOC018,290,68.44,S0022,2025-01-13,48,364
2025-03-01,P000052,LOC018,386,64.97,S0022,2025-02-28,48,364
2025-03-31,P000052,LOC018,434,64.62,S0022,2025-03-21,48,364
2024-10-02,P000052,LOC019,166,69.54,S0022,2024-09-14,48,364
2024-11-01,P000052,LOC019,162,63.38,S0022,2024-10-14,48,364
2024-12-01,P000052,LOC019,194,66.96,S0022,2024-11-26,48,364
2024-12-31,P000052,LOC019,271,64.08,S0022,2024-12-16,48,364
2025-01-30,P000052,LOC019,304,64.76,S0022,2025-01-17,48,364
2025-03-01,P000052,LOC019,404,67.53,S0022,2025-02-17,48,364
2025-03-31,P000052,LOC019,413,64.59,S0022,2025-03-08,48,364
2024-10-02,P000052,LOC020,84,68.99,S0022,2024-09-17,48,364
2024-11-01,P000052,LOC020,37,64.02,S0022,2024-10-30,48,364
2024-12-01,P000052,LOC020,0,66.18,S0022,2024-11-23,48,364
2024-12-31,P000052,LOC020,31,64.56,S0022,2024-12-02,48,364
2025-01-30,P000052,LOC020,103,63.71,S0022,2025-01-27,48,364
2025-03-01,P000052,LOC020,169,65.81,S0022,2025-02-21,48,364
2025-03-31,P000052,LOC020,251,64.68,S0022,2025-03-18,48,364
2024-10-02,P000053,LOC001,48,35.8,S0006,2024-09-09,48,662
2024-11-01,P000053,LOC001,24,38.41,S0006,2024-10-22,48,662
2024-12-01,P000053,LOC001,65,36.23,S0006,2024-11-23,48,662
2024-12-31,P000053,LOC001,104,38.12,S0006,2024-12-16,48,662
2025-01-30,P000053,LOC001,148,36.86,S0006,2025-01-07,48,662
2025-03-01,P000053,LOC001,204,37.49,S0006,2025-02-21,48,662
2025-03-31,P000053,LOC001,192,36.13,S0006,2025-03-22,48,662
2024-10-02,P000053,LOC002,41,36.77,S0006,2024-09-24,48,662
2024-11-01,P000053,LOC002,0,38.18,S0006,2024-10-24,48,662
2024-12-01,P000053,LOC002,0,36.03,S0006,2024-11-23,48,662
2024-12-31,P000053,LOC002,92,35.75,S0006,2024-12-28,48,662
2025-01-30,P000053,LOC002,68,37.84,S0006,2025-01-15,48,662
2025-03-01,P000053,LOC002,26,35.89,S0006,2025-02-21,48,662
2025-03-31,P000053,LOC002,65,37.84,S0006,2025-03-30,48,662
2024-10-02,P000053,LOC003,125,37.4,S0006,2024-09-04,48,662
2024-11-01,P000053,LOC003,129,36.11,S0006,2024-10-07,48,662
2024-12-01,P000053,LOC003,134,35.56,S0006,2024-11-27,48,662
2024-12-31,P000053,LOC003,221,35.88,S0006,2024-12-30,48,662
2025-01-30,P000053,LOC003,302,37.52,S0006,2025-01-09,48,662
2025-03-01,P000053,LOC003,374,38.08,S0006,2025-02-02,48,662
2025-03-31,P000053,LOC003,362,35.62,S0006,2025-03-20,48,662
2024-10-02,P000053,LOC004,0,35.69,S0006,2024-09-14,48,662
2024-11-01,P000053,LOC004,66,35.84,S0006,2024-10-31,48,662
2024-12-01,P000053,LOC004,99,37.47,S0006,2024-11-13,48,662
2024-12-31,P000053,LOC004,120,37.24,S0006,2024-12-17,48,662
2025-01-30,P000053,LOC004,101,38.18,S0006,2025-01-13,48,662
2025-03-01,P000053,LOC004,95,38.78,S0006,2025-02-13,48,662
2025-03-31,P000053,LOC004,87,37.13,S0006,2025-03-24,48,662
2024-10-02,P000053,LOC005,97,36.72,S0006,2024-09-04,48,662
2024-11-01,P000053,LOC005,92,37.17,S0006,2024-10-17,48,662
2024-12-01,P000053,LOC005,99,36.91,S0006,2024-11-03,48,662
2024-12-31,P000053,LOC005,114,38.05,S0006,2024-12-13,48,662
2025-01-30,P000053,LOC005,121,36.29,S0006,2025-01-06,48,662
2025-03-01,P000053,LOC005,159,38.45,S0006,2025-02-13,48,662
2025-03-31,P000053,LOC005,221,36.8,S0006,2025-03-24,48,662
2024-10-02,P000053,LOC006,99,38.77,S0006,2024-09-11,48,662
2024-11-01,P000053,LOC006,157,35.33,S0006,2024-10-24,48,662
2024-12-01,P000053,LOC006,108,37.97,S0006,2024-11-11,48,662
2024-12-31,P000053,LOC006,155,36.32,S0006,2024-12-18,48,662
2025-01-30,P000053,LOC006,165,37.32,S0006,2025-01-19,48,662
2025-03-01,P000053,LOC006,243,35.72,S0006,2025-02-19,48,662
2025-03-31,P000053,LOC006,289,37.41,S0006,2025-03-10,48,662
2024-10-02,P000053,LOC007,35,38.03,S0006,2024-09-27,48,662
2024-11-01,P000053,LOC007,0,37.14,S0006,2024-10-03,48,662
2024-12-01,P000053,LOC007,0,36.77,S0006,2024-11-09,48,662
2024-12-31,P000053,LOC007,57,35.88,S0006,2024-12-23,48,662
2025-01-30,P000053,LOC007,88,36.12,S0006,2025-01-07,48,662
2025-03-01,P000053,LOC007,132,38.29,S0006,2025-02-19,48,662
2025-03-31,P000053,LOC007,231,38.43,S0006,2025-03-15,48,662
2024-10-02,P000053,LOC008,77,38.11,S0006,2024-09-20,48,662
2024-11-01,P000053,LOC008,118,35.85,S0006,2024-10-09,48,662
2024-12-01,P000053,LOC008,175,37.78,S0006,2024-11-28,48,662
2024-12-31,P000053,LOC008,191,35.55,S0006,2024-12-20,48,662
2025-01-30,P000053,LOC008,286,35.96,S0006,2025-01-12,48,662
2025-03-01,P000053,LOC008,347,38.41,S0006,2025-01-30,48,662
2025-03-31,P000053,LOC008,322,38.07,S0006,2025-03-25,48,662
2024-10-02,P000053,LOC009,25,38.27,S0006,2024-09-25,48,662
2024-11-01,P000053,LOC009,0,37.35,S0006,2024-10-08,48,662
2024-12-01,P000053,LOC009,0,36.0,S0006,2024-11-19,48,662
2024-12-31,P000053,LOC009,6,38.42,S0006,2024-12-27,48,662
2025-01-30,P000053,LOC009,0,37.64,S0006,2025-01-10,48,662
2025-03-01,P000053,LOC009,66,38.16,S0006,2025-02-13,48,662
2025-03-31,P000053,LOC009,137,37.98,S0006,2025-03-10,48,662
2024-10-02,P000053,LOC010,0,38.33,S0006,2024-10-01,48,662
2024-11-01,P000053,LOC010,96,37.03,S0006,2024-10-03,48,662
2024-12-01,P000053,LOC010,75,36.98,S0006,2024-11-26,48,662
2024-12-31,P000053,LOC010,145,38.41,S0006,2024-12-23,48,662
2025-01-30,P000053,LOC010,224,38.7,S0006,2025-01-22,48,662
2025-03-01,P000053,LOC010,251,37.99,S0006,2025-02-05,48,662
2025-03-31,P000053,LOC010,206,37.11,S0006,2025-03-27,48,662
2024-10-02,P000053,LOC011,108,37.63,S0006,2024-09-30,48,662
2024-11-01,P000053,LOC011,109,37.33,S0006,2024-10-29,48,662
2024-12-01,P000053,LOC011,78,36.67,S0006,2024-11-10,48,662
2024-12-31,P000053,LOC011,35,36.23,S0006,2024-12-26,48,662
2025-01-30,P000053,LOC011,46,35.63,S0006,2025-01-09,48,662
2025-03-01,P000053,LOC011,57,35.28,S0006,2025-02-24,48,662
2025-03-31,P000053,LOC011,82,36.65,S0006,2025-03-27,48,662
2024-10-02,P000053,LOC012,103,35.41,S0006,2024-09-15,48,662
2024-11-01,P000053,LOC012,78,36.63,S0006,2024-10-06,48,662
2024-12-01,P000053,LOC012,77,37.48,S0006,2024-11-08,48,662
2024-12-31,P000053,LOC012,144,35.38,S0006,2024-12-04,48,662
2025-01-30,P000053,LOC012,224,35.74,S0006,2025-01-28,48,662
2025-03-01,P000053,LOC012,291,37.67,S0006,2025-02-06,48,662
2025-03-31,P000053,LOC012,268,37.06,S0006,2025-03-12,48,662
2024-10-02,P000053,LOC013,68,38.63,S0006,2024-09-13,48,662
2024-11-01,P000053,LOC013,79,35.17,S0006,2024-10-24,48,662
2024-12-01,P000053,LOC013,111,38.03,S0006,2024-11-05,48,662
2024-12-31,P000053,LOC013,205,37.55,S0006,2024-12-19,48,662
2025-01-30,P000053,LOC013,201,35.47,S0006,2025-01-19,48,662
2025-03-01,P000053,LOC013,268,37.51,S0006,2025-02-19,48,662
2025-03-31,P000053,LOC013,242,37.6,S0006,2025-03-07,48,662
2024-10-02,P000053,LOC014,97,37.74,S0006,2024-09-08,48,662
2024-11-01,P000053,LOC014,50,36.24,S0006,2024-10-20,48,662
2024-12-01,P000053,LOC014,148,37.11,S0006,2024-11-05,48,662
2024-12-31,P000053,LOC014,133,38.13,S0006,2024-12-26,48,662
2025-01-30,P000053,LOC014,217,35.23,S0006,2025-01-17,48,662
2025-03-01,P000053,LOC014,173,35.31,S0006,2025-02-23,48,662
2025-03-31,P000053,LOC014,137,37.46,S0006,2025-03-30,48,662
2024-10-02,P000053,LOC015,66,35.48,S0006,2024-09-29,48,662
2024-11-01,P000053,LOC015,57,38.64,S0006,2024-10-22,48,662
2024-12-01,P000053,LOC015,141,37.11,S0006,2024-11-29,48,662
2024-12-31,P000053,LOC015,188,38.07,S0006,2024-12-21,48,662
2025-01-30,P000053,LOC015,212,37.6,S0006,2025-01-09,48,662
2025-03-01,P000053,LOC015,310,35.96,S0006,2025-02-24,48,662
2025-03-31,P000053,LOC015,371,36.44,S0006,2025-03-22,48,662
2024-10-02,P000053,LOC016,76,35.52,S0006,2024-09-04,48,662
2024-11-01,P000053,LOC016,141,35.85,S0006,2024-10-26,48,662
2024-12-01,P000053,LOC016,113,38.77,S0006,2024-11-07,48,662
2024-12-31,P000053,LOC016,130,38.01,S0006,2024-12-16,48,662
2025-01-30,P000053,LOC016,163,36.36,S0006,2025-01-15,48,662
2025-03-01,P000053,LOC016,225,36.94,S0006,2025-02-02,48,662
2025-03-31,P000053,LOC016,206,38.49,S0006,2025-03-11,48,662
2024-10-02,P000053,LOC017,0,37.84,S0006,2024-09-02,48,662
2024-11-01,P000053,LOC017,24,36.2,S0006,2024-10-17,48,662
2024-12-01,P000053,LOC017,18,36.8,S0006,2024-11-13,48,662
2024-12-31,P000053,LOC017,95,35.55,S0006,2024-12-14,48,662
2025-01-30,P000053,LOC017,76,38.18,S0006,2025-01-20,48,662
2025-03-01,P000053,LOC017,125,38.7,S0006,2025-02-15,48,662
2025-03-31,P000053,LOC017,164,38.72,S0006,2025-03-26,48,662
2024-10-02,P000053,LOC018,0,35.94,S0006,2024-09-30,48,662
2024-11-01,P000053,LOC018,0,36.81,S0006,2024-10-12,48,662
2024-12-01,P000053,LOC018,17,35.89,S0006,2024-11-11,48,662
2024-12-31,P000053,LOC018,57,35.25,S0006,2024-12-22,48,662
2025-01-30,P000053,LOC018,145,35.8,S0006,2025-01-12,48,662
2025-03-01,P000053,LOC018,210,38.6,S0006,2025-02-25,48,662
2025-03-31,P000053,LOC018,243,35.5,S0006,2025-03-07,48,662
2024-10-02,P000053,LOC019,0,36.35,S0006,2024-09-18,48,662
2024-11-01,P000053,LOC019,0,35.7,S0006,2024-10-23,48,662
2024-12-01,P000053,LOC019,89,38.37,S0006,2024-11-11,48,662
2024-12-31,P000053,LOC019,103,35.99,S0006,2024-12-29,48,662
2025-01-30,P000053,LOC019,74,35.85,S0006,2025-01-16,48,662
2025-03-01,P000053,LOC019,58,35.37,S0006,2025-02-03,48,662
2025-03-31,P000053,LOC019,131,36.01,S0006,2025-03-13,48,662
2024-10-02,P000053,LOC020,79,35.4,S0006,2024-09-11,48,662
2024-11-01,P000053,LOC020,101,37.78,S0006,2024-10-03,48,662
2024-12-01,P000053,LOC020,155,35.59,S0006,2024-11-14,48,662
2024-12-31,P000053,LOC020,114,37.34,S0006,2024-12-21,48,662
2025-01-30,P000053,LOC020,159,37.54,S0006,2025-01-11,48,662
2025-03-01,P000053,LOC020,165,35.23,S0006,2025-02-04,48,662
2025-03-31,P000053,LOC020,198,35.66,S0006,2025-03-08,48,662
2024-10-02,P000054,LOC001,142,279.99,S0026,2024-09-02,25,546
2024-11-01,P000054,LOC001,186,301.22,S0026,2024-10-22,25,546
2024-12-01,P000054,LOC001,203,289.7,S0026,2024-11-23,25,546
2024-12-31,P000054,LOC001,302,282.89,S0026,2024-12-01,25,546
2025-01-30,P000054,LOC001,351,298.98,S0026,2025-01-09,25,546
2025-03-01,P000054,LOC001,445,304.28,S0026,2025-02-02,25,546
2025-03-31,P000054,LOC001,455,279.47,S0026,2025-03-10,25,546
2024-10-02,P000054,LOC002,221,291.95,S0026,2024-09-29,25,546
2024-11-01,P000054,LOC002,234,287.7,S0026,2024-10-14,25,546
2024-12-01,P000054,LOC002,298,286.96,S0026,2024-11-19,25,546
2024-12-31,P000054,LOC002,335,285.98,S0026,2024-12-28,25,546
2025-01-30,P000054,LOC002,420,299.09,S0026,2025-01-27,25,546
2025-03-01,P000054,LOC002,444,295.72,S0026,2025-02-01,25,546
2025-03-31,P000054,LOC002,452,282.53,S0026,2025-03-04,25,546
2024-10-02,P000054,LOC003,226,281.92,S0026,2024-09-11,25,546
2024-11-01,P000054,LOC003,306,287.98,S0026,2024-10-29,25,546
2024-12-01,P000054,LOC003,406,297.37,S0026,2024-11-29,25,546
2024-12-31,P000054,LOC003,395,282.38,S0026,2024-12-19,25,546
2025-01-30,P000054,LOC003,368,285.34,S0026,2025-01-02,25,546
2025-03-01,P000054,LOC003,421,303.89,S0026,2025-02-05,25,546
2025-03-31,P000054,LOC003,473,302.02,S0026,2025-03-10,25,546
2024-10-02,P000054,LOC004,208,302.34,S0026,2024-09-18,25,546
2024-11-01,P000054,LOC004,240,276.46,S0026,2024-10-27,25,546
2024-12-01,P000054,LOC004,307,285.68,S0026,2024-11-29,25,546
2024-12-31,P000054,LOC004,330,283.8,S0026,2024-12-22,25,546
2025-01-30,P000054,LOC004,302,280.94,S0026,2025-01-11,25,546
2025-03-01,P000054,LOC004,322,284.39,S0026,2025-02-04,25,546
2025-03-31,P000054,LOC004,361,287.49,S0026,2025-03-18,25,546
2024-10-02,P000054,LOC005,211,284.58,S0026,2024-09-26,25,546
2024-11-01,P000054,LOC005,206,302.72,S0026,2024-10-23,25,546
2024-12-01,P000054,LOC005,280,288.2,S0026,2024-11-28,25,546
2024-12-31,P000054,LOC005,260,284.0,S0026,2024-12-19,25,546
2025-01-30,P000054,LOC005,249,301.36,S0026,2025-01-14,25,546
2025-03-01,P000054,LOC005,272,288.01,S0026,2025-02-15,25,546
2025-03-31,P000054,LOC005,263,292.72,S0026,2025-03-17,25,546
2024-10-02,P000054,LOC006,232,299.57,S0026,2024-09-30,25,546
2024-11-01,P000054,LOC006,265,287.62,S0026,2024-10-27,25,546
2024-12-01,P000054,LOC006,335,287.04,S0026,2024-11-26,25,546
2024-12-31,P000054,LOC006,285,294.43,S0026,2024-12-09,25,546
2025-01-30,P000054,LOC006,242,303.33,S0026,2025-01-23,25,546
2025-03-01,P000054,LOC006,246,279.43,S0026,2025-01-31,25,546
2025-03-31,P000054,LOC006,239,302.18,S0026,2025-03-21,25,546
2024-10-02,P000054,LOC007,187,299.39,S0026,2024-09-20,25,546
2024-11-01,P000054,LOC007,183,288.6,S0026,2024-10-12,25,546
2024-12-01,P000054,LOC007,276,289.98,S0026,2024-11-02,25,546
2024-12-31,P000054,LOC007,298,287.95,S0026,2024-12-04,25,546
2025-01-30,P000054,LOC007,301,283.67,S0026,2025-01-14,25,546
2025-03-01,P000054,LOC007,344,278.4,S0026,2025-02-12,25,546
2025-03-31,P000054,LOC007,388,284.61,S0026,2025-03-23,25,546
2024-10-02,P000054,LOC008,221,296.52,S0026,2024-09-06,25,546
2024-11-01,P000054,LOC008,207,291.7,S0026,2024-10-23,25,546
2024-12-01,P000054,LOC008,251,288.54,S0026,2024-11-26,25,546
2024-12-31,P000054,LOC008,210,277.26,S0026,2024-12-27,25,546
2025-01-30,P000054,LOC008,274,277.3,S0026,2025-01-25,25,546
2025-03-01,P000054,LOC008,321,295.63,S0026,2025-01-31,25,546
2025-03-31,P000054,LOC008,376,279.0,S0026,2025-03-18,25,546
2024-10-02,P000054,LOC009,212,303.17,S0026,2024-09-11,25,546
2024-11-01,P000054,LOC009,195,283.65,S0026,2024-10-29,25,546
2024-12-01,P000054,LOC009,180,292.68,S0026,2024-11-04,25,546
2024-12-31,P000054,LOC009,152,296.39,S0026,2024-12-26,25,546
2025-01-30,P000054,LOC009,146,299.59,S0026,2025-01-23,25,546
2025-03-01,P000054,LOC009,163,281.67,S0026,2025-02-28,25,546
2025-03-31,P000054,LOC009,220,287.69,S0026,2025-03-07,25,546
2024-10-02,P000054,LOC010,183,290.04,S0026,2024-09-09,25,546
2024-11-01,P000054,LOC010,269,297.94,S0026,2024-10-07,25,546
2024-12-01,P000054,LOC010,225,288.2,S0026,2024-11-17,25,546
2024-12-31,P000054,LOC010,194,285.59,S0026,2024-12-21,25,546
2025-01-30,P000054,LOC010,241,283.17,S0026,2025-01-26,25,546
2025-03-01,P000054,LOC010,281,279.7,S0026,2025-02-24,25,546
2025-03-31,P000054,LOC010,270,277.77,S0026,2025-03-30,25,546
2024-10-02,P000054,LOC011,220,280.89,S0026,2024-09-26,25,546
2024-11-01,P000054,LOC011,248,288.09,S0026,2024-10-23,25,546
2024-12-01,P000054,LOC011,239,300.8,S0026,2024-11-17,25,546
2024-12-31,P000054,LOC011,237,294.82,S0026,2024-12-19,25,546
2025-01-30,P000054,LOC011,203,289.2,S0026,2025-01-27,25,546
2025-03-01,P000054,LOC011,216,295.78,S0026,2025-01-30,25,546
2025-03-31,P000054,LOC011,258,281.41,S0026,2025-03-11,25,546
2024-10-02,P000054,LOC012,218,284.97,S0026,2024-09-09,25,546
2024-11-01,P000054,LOC012,277,303.76,S0026,2024-10-11,25,546
2024-12-01,P000054,LOC012,361,302.01,S0026,2024-11-28,25,546
2024-12-31,P000054,LOC012,425,277.36,S0026,2024-12-29,25,546
2025-01-30,P000054,LOC012,435,281.92,S0026,2024-12-31,25,546
2025-03-01,P000054,LOC012,494,285.49,S0026,2025-02-26,25,546
2025-03-31,P000054,LOC012,460,301.43,S0026,2025-03-26,25,546
2024-10-02,P000054,LOC013,141,283.1,S0026,2024-09-03,25,546
2024-11-01,P000054,LOC013,111,279.04,S0026,2024-10-06,25,546
2024-12-01,P000054,LOC013,67,282.28,S0026,2024-11-15,25,546
2024-12-31,P000054,LOC013,111,285.8,S0026,2024-12-11,25,546
2025-01-30,P000054,LOC013,65,292.5,S0026,2025-01-04,25,546
2025-03-01,P000054,LOC013,110,277.42,S0026,2025-02-25,25,546
2025-03-31,P000054,LOC013,192,291.6,S0026,2025-03-01,25,546
2024-10-02,P000054,LOC014,145,287.97,S0026,2024-09-11,25,546
2024-11-01,P000054,LOC014,185,285.87,S0026,2024-10-23,25,546
2024-12-01,P000054,LOC014,144,284.24,S0026,2024-11-30,25,546
2024-12-31,P000054,LOC014,197,291.34,S0026,2024-12-14,25,546
2025-01-30,P000054,LOC014,287,276.47,S0026,2025-01-14,25,546
2025-03-01,P000054,LOC014,262,279.38,S0026,2025-01-31,25,546
2025-03-31,P000054,LOC014,272,277.1,S0026,2025-03-01,25,546
2024-10-02,P000054,LOC015,172,282.78,S0026,2024-09-08,25,546
2024-11-01,P000054,LOC015,265,304.22,S0026,2024-10-28,25,546
2024-12-01,P000054,LOC015,301,287.87,S0026,2024-11-01,25,546
2024-12-31,P000054,LOC015,373,298.75,S0026,2024-12-08,25,546
2025-01-30,P000054,LOC015,407,288.25,S0026,2025-01-08,25,546
2025-03-01,P000054,LOC015,491,278.45,S0026,2025-02-18,25,546
2025-03-31,P000054,LOC015,590,280.73,S0026,2025-03-23,25,546
2024-10-02,P000054,LOC016,93,294.58,S0026,2024-09-11,25,546
2024-11-01,P000054,LOC016,185,297.47,S0026,2024-10-06,25,546
2024-12-01,P000054,LOC016,273,285.35,S0026,2024-11-05,25,546
2024-12-31,P000054,LOC016,315,280.04,S0026,2024-12-30,25,546
2025-01-30,P000054,LOC016,345,299.32,S0026,2025-01-29,25,546
2025-03-01,P000054,LOC016,371,278.01,S0026,2025-02-15,25,546
2025-03-31,P000054,LOC016,352,299.54,S0026,2025-03-04,25,546
2024-10-02,P000054,LOC017,157,297.46,S0026,2024-09-03,25,546
2024-11-01,P000054,LOC017,181,281.9,S0026,2024-10-10,25,546
2024-12-01,P000054,LOC017,263,298.87,S0026,2024-11-18,25,546
2024-12-31,P000054,LOC017,345,296.05,S0026,2024-12-28,25,546
2025-01-30,P000054,LOC017,363,301.6,S0026,2025-01-18,25,546
2025-03-01,P000054,LOC017,398,294.58,S0026,2025-02-22,25,546
2025-03-31,P000054,LOC017,369,286.29,S0026,2025-03-21,25,546
2024-10-02,P000054,LOC018,117,276.16,S0026,2024-09-28,25,546
2024-11-01,P000054,LOC018,131,301.25,S0026,2024-10-10,25,546
2024-12-01,P000054,LOC018,206,292.53,S0026,2024-11-05,25,546
2024-12-31,P000054,LOC018,301,301.25,S0026,2024-12-06,25,546
2025-01-30,P000054,LOC018,399,299.59,S0026,2025-01-04,25,546
2025-03-01,P000054,LOC018,488,281.09,S0026,2025-02-24,25,546
2025-03-31,P000054,LOC018,453,297.19,S0026,2025-03-01,25,546
2024-10-02,P000054,LOC019,173,295.59,S0026,2024-09-07,25,546
2024-11-01,P000054,LOC019,128,293.75,S0026,2024-10-03,25,546
2024-12-01,P000054,LOC019,113,303.11,S0026,2024-11-20,25,546
2024-12-31,P000054,LOC019,162,281.62,S0026,2024-12-13,25,546
2025-01-30,P000054,LOC019,228,290.83,S0026,2025-01-16,25,546
2025-03-01,P000054,LOC019,188,281.91,S0026,2025-01-31,25,546
2025-03-31,P000054,LOC019,189,278.95,S0026,2025-03-04,25,546
2024-10-02,P000054,LOC020,153,302.04,S0026,2024-09-16,25,546
2024-11-01,P000054,LOC020,152,299.36,S0026,2024-10-10,25,546
2024-12-01,P000054,LOC020,229,277.95,S0026,2024-11-23,25,546
2024-12-31,P000054,LOC020,221,285.96,S0026,2024-12-21,25,546
2025-01-30,P000054,LOC020,193,285.9,S0026,2025-01-19,25,546
2025-03-01,P000054,LOC020,246,303.87,S0026,2025-02-24,25,546
2025-03-31,P000054,LOC020,301,301.98,S0026,2025-03-21,25,546
2024-10-02,P000055,LOC001,168,98.65,S0011,2024-09-09,46,355
2024-11-01,P000055,LOC001,135,95.58,S0011,2024-10-17,46,355
2024-12-01,P000055,LOC001,120,96.03,S0011,2024-11-01,46,355
2024-12-31,P000055,LOC001,124,98.53,S0011,2024-12-12,46,355
2025-01-30,P000055,LOC001,221,96.69,S0011,2025-01-08,46,355
2025-03-01,P000055,LOC001,210,100.36,S0011,2025-02-11,46,355
2025-03-31,P000055,LOC001,194,99.03,S0011,2025-03-02,46,355
2024-10-02,P000055,LOC002,183,98.82,S0011,2024-09-20,46,355
2024-11-01,P000055,LOC002,149,95.22,S0011,2024-10-12,46,355
2024-12-01,P000055,LOC002,216,98.38,S0011,2024-11-06,46,355
2024-12-31,P000055,LOC002,173,94.89,S0011,2024-12-17,46,355
2025-01-30,P000055,LOC002,221,95.95,S0011,2025-01-13,46,355
2025-03-01,P000055,LOC002,262,94.86,S0011,2025-02-20,46,355
2025-03-31,P000055,LOC002,282,96.9,S0011,2025-03-15,46,355
2024-10-02,P000055,LOC003,156,98.14,S0011,2024-09-02,46,355
2024-11-01,P000055,LOC003,111,97.54,S0011,2024-10-06,46,355
2024-12-01,P000055,LOC003,140,99.85,S0011,2024-11-04,46,355
2024-12-31,P000055,LOC003,181,103.92,S0011,2024-12-12,46,355
2025-01-30,P000055,LOC003,272,96.02,S0011,2025-01-16,46,355
2025-03-01,P000055,LOC003,326,97.35,S0011,2025-02-11,46,355
2025-03-31,P000055,LOC003,415,102.93,S0011,2025-03-08,46,355
2024-10-02,P000055,LOC004,186,104.33,S0011,2024-09-07,46,355
2024-11-01,P000055,LOC004,225,101.51,S0011,2024-10-03,46,355
2024-12-01,P000055,LOC004,195,101.53,S0011,2024-11-25,46,355
2024-12-31,P000055,LOC004,293,94.59,S0011,2024-12-06,46,355
2025-01-30,P000055,LOC004,253,102.54,S0011,2025-01-22,46,355
2025-03-01,P000055,LOC004,333,101.36,S0011,2025-02-07,46,355
2025-03-31,P000055,LOC004,316,100.67,S0011,2025-03-03,46,355
2024-10-02,P000055,LOC005,162,96.94,S0011,2024-09-18,46,355
2024-11-01,P000055,LOC005,215,101.53,S0011,2024-10-25,46,355
2024-12-01,P000055,LOC005,261,102.25,S0011,2024-11-25,46,355
2024-12-31,P000055,LOC005,228,103.6,S0011,2024-12-29,46,355
2025-01-30,P000055,LOC005,181,102.51,S0011,2025-01-15,46,355
2025-03-01,P000055,LOC005,203,98.52,S0011,2025-02-14,46,355
2025-03-31,P000055,LOC005,247,101.58,S0011,2025-03-01,46,355
2024-10-02,P000055,LOC006,67,99.7,S0011,2024-09-17,46,355
2024-11-01,P000055,LOC006,116,98.26,S0011,2024-10-16,46,355
2024-12-01,P000055,LOC006,138,97.07,S0011,2024-11-18,46,355
2024-12-31,P000055,LOC006,118,100.25,S0011,2024-12-24,46,355
2025-01-30,P000055,LOC006,142,103.94,S0011,2025-01-26,46,355
2025-03-01,P000055,LOC006,241,95.38,S0011,2025-02-12,46,355
2025-03-31,P000055,LOC006,282,101.04,S0011,2025-03-07,46,355
2024-10-02,P000055,LOC007,99,101.21,S0011,2024-09-28,46,355
2024-11-01,P000055,LOC007,52,99.16,S0011,2024-10-23,46,355
2024-12-01,P000055,LOC007,102,103.63,S0011,2024-11-08,46,355
2024-12-31,P000055,LOC007,115,102.68,S0011,2024-12-14,46,355
2025-01-30,P000055,LOC007,196,103.35,S0011,2025-01-10,46,355
2025-03-01,P000055,LOC007,255,97.13,S0011,2025-02-10,46,355
2025-03-31,P000055,LOC007,258,94.87,S0011,2025-03-16,46,355
2024-10-02,P000055,LOC008,197,97.97,S0011,2024-09-15,46,355
2024-11-01,P000055,LOC008,257,95.39,S0011,2024-10-29,46,355
2024-12-01,P000055,LOC008,299,99.96,S0011,2024-11-03,46,355
2024-12-31,P000055,LOC008,346,98.16,S0011,2024-12-10,46,355
2025-01-30,P000055,LOC008,313,102.36,S0011,2025-01-15,46,355
2025-03-01,P000055,LOC008,331,100.37,S0011,2025-02-03,46,355
2025-03-31,P000055,LOC008,399,103.78,S0011,2025-03-06,46,355
2024-10-02,P000055,LOC009,159,99.78,S0011,2024-09-15,46,355
2024-11-01,P000055,LOC009,113,99.12,S0011,2024-10-14,46,355
2024-12-01,P000055,LOC009,131,94.62,S0011,2024-11-20,46,355
2024-12-31,P000055,LOC009,195,103.65,S0011,2024-12-08,46,355
2025-01-30,P000055,LOC009,222,94.73,S0011,2025-01-18,46,355
2025-03-01,P000055,LOC009,314,95.92,S0011,2025-02-06,46,355
2025-03-31,P000055,LOC009,365,100.86,S0011,2025-03-21,46,355
2024-10-02,P000055,LOC010,155,94.99,S0011,2024-09-18,46,355
2024-11-01,P000055,LOC010,234,103.13,S0011,2024-10-22,46,355
2024-12-01,P000055,LOC010,325,102.39,S0011,2024-11-24,46,355
2024-12-31,P000055,LOC010,331,99.54,S0011,2024-12-05,46,355
2025-01-30,P000055,LOC010,411,102.24,S0011,2025-01-18,46,355
2025-03-01,P000055,LOC010,433,96.62,S0011,2025-02-23,46,355
2025-03-31,P000055,LOC010,447,98.76,S0011,2025-03-02,46,355
2024-10-02,P000055,LOC011,128,97.21,S0011,2024-09-02,46,355
2024-11-01,P000055,LOC011,86,102.4,S0011,2024-10-15,46,355
2024-12-01,P000055,LOC011,146,98.14,S0011,2024-11-13,46,355
2024-12-31,P000055,LOC011,225,100.85,S0011,2024-12-08,46,355
2025-01-30,P000055,LOC011,222,98.94,S0011,2025-01-10,46,355
2025-03-01,P000055,LOC011,255,102.73,S0011,2025-02-07,46,355
2025-03-31,P000055,LOC011,344,103.11,S0011,2025-03-22,46,355
2024-10-02,P000055,LOC012,189,100.91,S0011,2024-10-01,46,355
2024-11-01,P000055,LOC012,146,100.99,S0011,2024-10-27,46,355
2024-12-01,P000055,LOC012,163,94.59,S0011,2024-11-04,46,355
2024-12-31,P000055,LOC012,123,103.61,S0011,2024-12-28,46,355
2025-01-30,P000055,LOC012,172,95.54,S0011,2025-01-26,46,355
2025-03-01,P000055,LOC012,210,99.79,S0011,2025-02-23,46,355
2025-03-31,P000055,LOC012,241,100.08,S0011,2025-03-30,46,355
2024-10-02,P000055,LOC013,107,96.17,S0011,2024-09-10,46,355
2024-11-01,P000055,LOC013,111,97.48,S0011,2024-10-16,46,355
2024-12-01,P000055,LOC013,179,96.94,S0011,2024-11-01,46,355
2024-12-31,P000055,LOC013,177,98.22,S0011,2024-12-24,46,355
2025-01-30,P000055,LOC013,167,97.8,S0011,2025-01-10,46,355
2025-03-01,P000055,LOC013,158,104.44,S0011,2025-02-05,46,355
2025-03-31,P000055,LOC013,242,99.09,S0011,2025-03-16,46,355
2024-10-02,P000055,LOC014,73,103.54,S0011,2024-09-21,46,355
2024-11-01,P000055,LOC014,68,100.41,S0011,2024-10-21,46,355
2024-12-01,P000055,LOC014,21,96.31,S0011,2024-11-25,46,355
2024-12-31,P000055,LOC014,45,102.67,S0011,2024-12-21,46,355
2025-01-30,P000055,LOC014,84,94.76,S0011,2025-01-14,46,355
2025-03-01,P000055,LOC014,117,99.37,S0011,2025-02-22,46,355
2025-03-31,P000055,LOC014,94,94.99,S0011,2025-03-12,46,355
2024-10-02,P000055,LOC015,127,96.92,S0011,2024-09-02,46,355
2024-11-01,P000055,LOC015,207,102.23,S0011,2024-10-11,46,355
2024-12-01,P000055,LOC015,186,101.18,S0011,2024-11-25,46,355
2024-12-31,P000055,LOC015,279,96.68,S0011,2024-12-13,46,355
2025-01-30,P000055,LOC015,274,95.0,S0011,2025-01-27,46,355
2025-03-01,P000055,LOC015,277,97.09,S0011,2025-02-17,46,355
2025-03-31,P000055,LOC015,366,95.02,S0011,2025-03-27,46,355
2024-10-02,P000055,LOC016,94,100.69,S0011,2024-09-20,46,355
2024-11-01,P000055,LOC016,100,99.36,S0011,2024-10-09,46,355
2024-12-01,P000055,LOC016,141,97.23,S0011,2024-11-20,46,355
2024-12-31,P000055,LOC016,180,97.89,S0011,2024-12-18,46,355
2025-01-30,P000055,LOC016,149,97.34,S0011,2025-01-08,46,355
2025-03-01,P000055,LOC016,159,96.64,S0011,2025-02-19,46,355
2025-03-31,P000055,LOC016,183,97.08,S0011,2025-03-19,46,355
2024-10-02,P000055,LOC017,72,94.84,S0011,2024-09-23,46,355
2024-11-01,P000055,LOC017,99,102.41,S0011,2024-10-20,46,355
2024-12-01,P000055,LOC017,82,102.83,S0011,2024-11-24,46,355
2024-12-31,P000055,LOC017,157,97.02,S0011,2024-12-27,46,355
2025-01-30,P000055,LOC017,229,101.02,S0011,2025-01-13,46,355
2025-03-01,P000055,LOC017,277,95.37,S0011,2025-02-28,46,355
2025-03-31,P000055,LOC017,229,102.21,S0011,2025-03-10,46,355
2024-10-02,P000055,LOC018,193,98.34,S0011,2024-09-02,46,355
2024-11-01,P000055,LOC018,234,97.65,S0011,2024-10-23,46,355
2024-12-01,P000055,LOC018,203,101.32,S0011,2024-11-02,46,355
2024-12-31,P000055,LOC018,186,100.43,S0011,2024-12-20,46,355
2025-01-30,P000055,LOC018,220,100.33,S0011,2025-01-15,46,355
2025-03-01,P000055,LOC018,294,102.61,S0011,2025-02-02,46,355
2025-03-31,P000055,LOC018,250,99.45,S0011,2025-03-03,46,355
2024-10-02,P000055,LOC019,148,96.97,S0011,2024-09-02,46,355
2024-11-01,P000055,LOC019,140,103.53,S0011,2024-10-13,46,355
2024-12-01,P000055,LOC019,213,95.58,S0011,2024-11-24,46,355
2024-12-31,P000055,LOC019,278,97.98,S0011,2024-12-28,46,355
2025-01-30,P000055,LOC019,293,101.86,S0011,2025-01-01,46,355
2025-03-01,P000055,LOC019,270,99.89,S0011,2025-02-07,46,355
2025-03-31,P000055,LOC019,317,96.15,S0011,2025-03-21,46,355
2024-10-02,P000055,LOC020,82,97.77,S0011,2024-09-11,46,355
2024-11-01,P000055,LOC020,98,100.78,S0011,2024-10-26,46,355
2024-12-01,P000055,LOC020,157,100.52,S0011,2024-11-16,46,355
2024-12-31,P000055,LOC020,228,97.69,S0011,2024-12-01,46,355
2025-01-30,P000055,LOC020,272,101.45,S0011,2025-01-18,46,355
2025-03-01,P000055,LOC020,305,95.02,S0011,2025-02-07,46,355
2025-03-31,P000055,LOC020,324,101.67,S0011,2025-03-27,46,355
2024-10-02,P000056,LOC001,809,128.74,S0008,2024-09-24,26,651
2024-11-01,P000056,LOC001,778,126.26,S0008,2024-10-30,26,651
2024-12-01,P000056,LOC001,751,137.39,S0008,2024-11-02,26,651
2024-12-31,P000056,LOC001,801,133.6,S0008,2024-12-17,26,651
2025-01-30,P000056,LOC001,835,128.9,S0008,2025-01-10,26,651
2025-03-01,P000056,LOC001,865,125.25,S0008,2025-02-27,26,651
2025-03-31,P000056,LOC001,915,134.84,S0008,2025-03-17,26,651
2024-10-02,P000056,LOC002,749,134.87,S0008,2024-09-15,26,651
2024-11-01,P000056,LOC002,830,131.9,S0008,2024-10-14,26,651
2024-12-01,P000056,LOC002,929,128.41,S0008,2024-11-17,26,651
2024-12-31,P000056,LOC002,978,133.46,S0008,2024-12-08,26,651
2025-01-30,P000056,LOC002,1017,129.88,S0008,2025-01-26,26,651
2025-03-01,P000056,LOC002,1043,130.01,S0008,2025-02-16,26,651
2025-03-31,P000056,LOC002,1101,124.55,S0008,2025-03-07,26,651
2024-10-02,P000056,LOC003,836,127.45,S0008,2024-09-23,26,651
2024-11-01,P000056,LOC003,846,125.57,S0008,2024-10-30,26,651
2024-12-01,P000056,LOC003,840,134.81,S0008,2024-11-03,26,651
2024-12-31,P000056,LOC003,934,136.25,S0008,2024-12-18,26,651
2025-01-30,P000056,LOC003,908,125.86,S0008,2025-01-15,26,651
2025-03-01,P000056,LOC003,992,131.93,S0008,2025-02-14,26,651
2025-03-31,P000056,LOC003,1091,130.2,S0008,2025-03-19,26,651
2024-10-02,P000056,LOC004,852,129.82,S0008,2024-09-02,26,651
2024-11-01,P000056,LOC004,811,128.55,S0008,2024-10-14,26,651
2024-12-01,P000056,LOC004,896,130.07,S0008,2024-11-06,26,651
2024-12-31,P000056,LOC004,933,129.8,S0008,2024-12-10,26,651
2025-01-30,P000056,LOC004,980,129.07,S0008,2025-01-04,26,651
2025-03-01,P000056,LOC004,1033,130.92,S0008,2025-02-14,26,651
2025-03-31,P000056,LOC004,1091,136.79,S0008,2025-03-05,26,651
2024-10-02,P000056,LOC005,748,135.33,S0008,2024-09-17,26,651
2024-11-01,P000056,LOC005,806,124.95,S0008,2024-10-04,26,651
2024-12-01,P000056,LOC005,823,125.65,S0008,2024-11-08,26,651
2024-12-31,P000056,LOC005,843,125.82,S0008,2024-12-12,26,651
2025-01-30,P000056,LOC005,826,136.33,S0008,2025-01-02,26,651
2025-03-01,P000056,LOC005,921,125.28,S0008,2025-02-20,26,651
2025-03-31,P000056,LOC005,940,127.26,S0008,2025-03-29,26,651
2024-10-02,P000056,LOC006,732,127.8,S0008,2024-09-20,26,651
2024-11-01,P000056,LOC006,722,126.93,S0008,2024-10-26,26,651
2024-12-01,P000056,LOC006,781,126.25,S0008,2024-11-06,26,651
2024-12-31,P000056,LOC006,813,131.13,S0008,2024-12-24,26,651
2025-01-30,P000056,LOC006,831,126.45,S0008,2025-01-13,26,651
2025-03-01,P000056,LOC006,884,137.35,S0008,2025-02-02,26,651
2025-03-31,P000056,LOC006,927,127.52,S0008,2025-03-02,26,651
2024-10-02,P000056,LOC007,731,136.42,S0008,2024-09-22,26,651
2024-11-01,P000056,LOC007,705,129.39,S0008,2024-10-27,26,651
2024-12-01,P000056,LOC007,733,137.4,S0008,2024-11-13,26,651
2024-12-31,P000056,LOC007,749,131.19,S0008,2024-12-17,26,651
2025-01-30,P000056,LOC007,708,131.97,S0008,2025-01-21,26,651
2025-03-01,P000056,LOC007,748,133.51,S0008,2025-02-20,26,651
2025-03-31,P000056,LOC007,700,131.23,S0008,2025-03-26,26,651
2024-10-02,P000056,LOC008,762,126.39,S0008,2024-09-11,26,651
2024-11-01,P000056,LOC008,755,127.61,S0008,2024-10-22,26,651
2024-12-01,P000056,LOC008,773,130.91,S0008,2024-11-12,26,651
2024-12-31,P000056,LOC008,840,135.12,S0008,2024-12-21,26,651
2025-01-30,P000056,LOC008,843,127.85,S0008,2025-01-03,26,651
2025-03-01,P000056,LOC008,850,134.33,S0008,2025-01-30,26,651
2025-03-31,P000056,LOC008,819,129.15,S0008,2025-03-24,26,651
2024-10-02,P000056,LOC009,741,134.09,S0008,2024-09-21,26,651
2024-11-01,P000056,LOC009,831,124.49,S0008,2024-10-11,26,651
2024-12-01,P000056,LOC009,900,131.94,S0008,2024-11-11,26,651
2024-12-31,P000056,LOC009,877,127.35,S0008,2024-12-10,26,651
2025-01-30,P000056,LOC009,852,134.53,S0008,2025-01-17,26,651
2025-03-01,P000056,LOC009,916,125.78,S0008,2025-02-07,26,651
2025-03-31,P000056,LOC009,988,124.99,S0008,2025-03-21,26,651
2024-10-02,P000056,LOC010,752,131.16,S0008,2024-09-18,26,651
2024-11-01,P000056,LOC010,839,130.65,S0008,2024-10-05,26,651
2024-12-01,P000056,LOC010,857,134.07,S0008,2024-11-20,26,651
2024-12-31,P000056,LOC010,837,131.94,S0008,2024-12-15,26,651
2025-01-30,P000056,LOC010,852,131.74,S0008,2025-01-14,26,651
2025-03-01,P000056,LOC010,896,125.27,S0008,2025-02-19,26,651
2025-03-31,P000056,LOC010,976,126.14,S0008,2025-03-19,26,651
2024-10-02,P000056,LOC011,744,133.75,S0008,2024-09-19,26,651
2024-11-01,P000056,LOC011,805,125.19,S0008,2024-10-08,26,651
2024-12-01,P000056,LOC011,868,137.2,S0008,2024-11-18,26,651
2024-12-31,P000056,LOC011,874,133.07,S0008,2024-12-05,26,651
2025-01-30,P000056,LOC011,870,128.37,S0008,2025-01-14,26,651
2025-03-01,P000056,LOC011,937,134.53,S0008,2025-02-14,26,651
2025-03-31,P000056,LOC011,924,135.32,S0008,2025-03-12,26,651
2024-10-02,P000056,LOC012,760,130.75,S0008,2024-09-16,26,651
2024-11-01,P000056,LOC012,857,124.72,S0008,2024-10-19,26,651
2024-12-01,P000056,LOC012,925,130.46,S0008,2024-11-29,26,651
2024-12-31,P000056,LOC012,925,130.38,S0008,2024-12-01,26,651
2025-01-30,P000056,LOC012,1016,132.81,S0008,2025-01-21,26,651
2025-03-01,P000056,LOC012,1058,125.33,S0008,2025-01-30,26,651
2025-03-31,P000056,LOC012,1008,125.96,S0008,2025-03-13,26,651
2024-10-02,P000056,LOC013,844,126.01,S0008,2024-09-02,26,651
2024-11-01,P000056,LOC013,901,125.68,S0008,2024-10-31,26,651
2024-12-01,P000056,LOC013,947,127.58,S0008,2024-11-30,26,651
2024-12-31,P000056,LOC013,986,132.92,S0008,2024-12-05,26,651
2025-01-30,P000056,LOC013,1045,127.61,S0008,2025-01-18,26,651
2025-03-01,P000056,LOC013,1040,126.0,S0008,2025-02-25,26,651
2025-03-31,P000056,LOC013,1135,131.07,S0008,2025-03-16,26,651
2024-10-02,P000056,LOC014,859,130.11,S0008,2024-09-13,26,651
2024-11-01,P000056,LOC014,949,128.86,S0008,2024-10-23,26,651
2024-12-01,P000056,LOC014,915,126.87,S0008,2024-11-05,26,651
2024-12-31,P000056,LOC014,874,135.76,S0008,2024-12-01,26,651
2025-01-30,P000056,LOC014,939,132.64,S0008,2025-01-29,26,651
2025-03-01,P000056,LOC014,941,129.43,S0008,2025-02-08,26,651
2025-03-31,P000056,LOC014,1033,132.49,S0008,2025-03-21,26,651
2024-10-02,P000056,LOC015,772,133.43,S0008,2024-09-18,26,651
2024-11-01,P000056,LOC015,852,135.54,S0008,2024-10-16,26,651
2024-12-01,P000056,LOC015,881,131.8,S0008,2024-11-16,26,651
2024-12-31,P000056,LOC015,895,133.68,S0008,2024-12-27,26,651
2025-01-30,P000056,LOC015,969,135.22,S0008,2025-01-22,26,651
2025-03-01,P000056,LOC015,924,135.09,S0008,2025-02-16,26,651
2025-03-31,P000056,LOC015,914,134.36,S0008,2025-03-30,26,651
2024-10-02,P000056,LOC016,815,124.88,S0008,2024-09-25,26,651
2024-11-01,P000056,LOC016,864,125.19,S0008,2024-10-31,26,651
2024-12-01,P000056,LOC016,883,128.59,S0008,2024-11-03,26,651
2024-12-31,P000056,LOC016,862,131.68,S0008,2024-12-08,26,651
2025-01-30,P000056,LOC016,916,131.95,S0008,2024-12-31,26,651
2025-03-01,P000056,LOC016,952,136.93,S0008,2025-02-01,26,651
2025-03-31,P000056,LOC016,955,125.85,S0008,2025-03-16,26,651
2024-10-02,P000056,LOC017,762,126.48,S0008,2024-09-05,26,651
2024-11-01,P000056,LOC017,736,127.68,S0008,2024-10-03,26,651
2024-12-01,P000056,LOC017,831,133.24,S0008,2024-11-03,26,651
2024-12-31,P000056,LOC017,840,130.77,S0008,2024-12-20,26,651
2025-01-30,P000056,LOC017,791,130.14,S0008,2025-01-27,26,651
2025-03-01,P000056,LOC017,775,127.86,S0008,2025-02-03,26,651
2025-03-31,P000056,LOC017,845,127.98,S0008,2025-03-14,26,651
2024-10-02,P000056,LOC018,771,126.84,S0008,2024-09-12,26,651
2024-11-01,P000056,LOC018,783,130.97,S0008,2024-10-24,26,651
2024-12-01,P000056,LOC018,801,132.39,S0008,2024-11-18,26,651
2024-12-31,P000056,LOC018,825,127.46,S0008,2024-12-15,26,651
2025-01-30,P000056,LOC018,791,133.17,S0008,2025-01-09,26,651
2025-03-01,P000056,LOC018,761,134.4,S0008,2025-02-06,26,651
2025-03-31,P000056,LOC018,818,135.51,S0008,2025-03-10,26,651
2024-10-02,P000056,LOC019,873,124.58,S0008,2024-09-28,26,651
2024-11-01,P000056,LOC019,915,136.88,S0008,2024-10-27,26,651
2024-12-01,P000056,LOC019,904,126.49,S0008,2024-11-04,26,651
2024-12-31,P000056,LOC019,888,126.4,S0008,2024-12-28,26,651
2025-01-30,P000056,LOC019,874,126.94,S0008,2025-01-21,26,651
2025-03-01,P000056,LOC019,851,134.73,S0008,2025-02-20,26,651
2025-03-31,P000056,LOC019,828,136.84,S0008,2025-03-03,26,651
2024-10-02,P000056,LOC020,762,128.46,S0008,2024-09-22,26,651
2024-11-01,P000056,LOC020,806,133.24,S0008,2024-10-19,26,651
2024-12-01,P000056,LOC020,835,124.45,S0008,2024-11-14,26,651
2024-12-31,P000056,LOC020,796,136.24,S0008,2024-12-15,26,651
2025-01-30,P000056,LOC020,852,130.68,S0008,2025-01-17,26,651
2025-03-01,P000056,LOC020,815,129.03,S0008,2025-02-21,26,651
2025-03-31,P000056,LOC020,902,126.54,S0008,2025-03-14,26,651
2024-10-02,P000057,LOC001,969,58.02,S0014,2024-09-20,46,769
2024-11-01,P000057,LOC001,1034,57.15,S0014,2024-10-22,46,769
2024-12-01,P000057,LOC001,1018,57.91,S0014,2024-11-05,46,769
2024-12-31,P000057,LOC001,1021,60.47,S0014,2024-12-12,46,769
2025-01-30,P000057,LOC001,1013,58.2,S0014,2025-01-12,46,769
2025-03-01,P000057,LOC001,1063,59.39,S0014,2025-02-25,46,769
2025-03-31,P000057,LOC001,1143,61.8,S0014,2025-03-24,46,769
2024-10-02,P000057,LOC002,1063,60.57,S0014,2024-09-30,46,769
2024-11-01,P000057,LOC002,1071,59.78,S0014,2024-10-30,46,769
2024-12-01,P000057,LOC002,1163,58.38,S0014,2024-11-06,46,769
2024-12-31,P000057,LOC002,1134,61.74,S0014,2024-12-01,46,769
2025-01-30,P000057,LOC002,1100,59.06,S0014,2025-01-14,46,769
2025-03-01,P000057,LOC002,1151,60.14,S0014,2025-02-21,46,769
2025-03-31,P000057,LOC002,1249,58.34,S0014,2025-03-15,46,769
2024-10-02,P000057,LOC003,1038,57.34,S0014,2024-09-20,46,769
2024-11-01,P000057,LOC003,1131,57.33,S0014,2024-10-17,46,769
2024-12-01,P000057,LOC003,1082,56.91,S0014,2024-11-14,46,769
2024-12-31,P000057,LOC003,1150,60.02,S0014,2024-12-11,46,769
2025-01-30,P000057,LOC003,1207,57.62,S0014,2025-01-06,46,769
2025-03-01,P000057,LOC003,1280,58.48,S0014,2025-02-09,46,769
2025-03-31,P000057,LOC003,1320,57.8,S0014,2025-03-19,46,769
2024-10-02,P000057,LOC004,930,57.01,S0014,2024-09-09,46,769
2024-11-01,P000057,LOC004,936,57.27,S0014,2024-10-13,46,769
2024-12-01,P000057,LOC004,948,58.02,S0014,2024-11-22,46,769
2024-12-31,P000057,LOC004,914,57.05,S0014,2024-12-16,46,769
2025-01-30,P000057,LOC004,875,56.66,S0014,2025-01-04,46,769
2025-03-01,P000057,LOC004,947,60.27,S0014,2025-02-07,46,769
2025-03-31,P000057,LOC004,938,57.16,S0014,2025-03-22,46,769
2024-10-02,P000057,LOC005,922,58.54,S0014,2024-09-13,46,769
2024-11-01,P000057,LOC005,931,58.58,S0014,2024-10-12,46,769
2024-12-01,P000057,LOC005,947,59.82,S0014,2024-11-01,46,769
2024-12-31,P000057,LOC005,931,61.77,S0014,2024-12-11,46,769
2025-01-30,P000057,LOC005,1012,59.08,S0014,2025-01-13,46,769
2025-03-01,P000057,LOC005,1093,56.19,S0014,2025-02-07,46,769
2025-03-31,P000057,LOC005,1172,59.46,S0014,2025-03-03,46,769
2024-10-02,P000057,LOC006,953,59.53,S0014,2024-09-26,46,769
2024-11-01,P000057,LOC006,934,59.08,S0014,2024-10-11,46,769
2024-12-01,P000057,LOC006,895,59.15,S0014,2024-11-30,46,769
2024-12-31,P000057,LOC006,862,59.03,S0014,2024-12-04,46,769
2025-01-30,P000057,LOC006,943,60.1,S0014,2025-01-11,46,769
2025-03-01,P000057,LOC006,1001,60.16,S0014,2025-02-13,46,769
2025-03-31,P000057,LOC006,1032,58.0,S0014,2025-03-16,46,769
2024-10-02,P000057,LOC007,943,59.56,S0014,2024-09-29,46,769
2024-11-01,P000057,LOC007,1038,58.74,S0014,2024-10-09,46,769
2024-12-01,P000057,LOC007,993,59.77,S0014,2024-11-05,46,769
2024-12-31,P000057,LOC007,978,61.66,S0014,2024-12-21,46,769
2025-01-30,P000057,LOC007,976,58.39,S0014,2025-01-11,46,769
2025-03-01,P000057,LOC007,1062,61.07,S0014,2025-01-31,46,769
2025-03-31,P000057,LOC007,1013,56.73,S0014,2025-03-02,46,769
2024-10-02,P000057,LOC008,979,58.04,S0014,2024-09-14,46,769
2024-11-01,P000057,LOC008,960,57.84,S0014,2024-10-30,46,769
2024-12-01,P000057,LOC008,947,59.79,S0014,2024-11-20,46,769
2024-12-31,P000057,LOC008,952,60.0,S0014,2024-12-16,46,769
2025-01-30,P000057,LOC008,902,59.5,S0014,2025-01-14,46,769
2025-03-01,P000057,LOC008,997,60.91,S0014,2025-02-28,46,769
2025-03-31,P000057,LOC008,1070,56.05,S0014,2025-03-08,46,769
2024-10-02,P000057,LOC009,1048,57.44,S0014,2024-09-24,46,769
2024-11-01,P000057,LOC009,1008,60.67,S0014,2024-10-24,46,769
2024-12-01,P000057,LOC009,1010,61.27,S0014,2024-11-10,46,769
2024-12-31,P000057,LOC009,1006,60.17,S0014,2024-12-07,46,769
2025-01-30,P000057,LOC009,967,60.75,S0014,2025-01-08,46,769
2025-03-01,P000057,LOC009,1049,57.67,S0014,2025-02-12,46,769
2025-03-31,P000057,LOC009,1080,61.62,S0014,2025-03-19,46,769
2024-10-02,P000057,LOC010,1069,56.97,S0014,2024-09-03,46,769
2024-11-01,P000057,LOC010,1148,61.53,S0014,2024-10-15,46,769
2024-12-01,P000057,LOC010,1131,58.21,S0014,2024-11-14,46,769
2024-12-31,P000057,LOC010,1133,58.84,S0014,2024-12-26,46,769
2025-01-30,P000057,LOC010,1200,57.87,S0014,2025-01-29,46,769
2025-03-01,P000057,LOC010,1164,57.31,S0014,2025-02-21,46,769
2025-03-31,P000057,LOC010,1261,58.48,S0014,2025-03-13,46,769
2024-10-02,P000057,LOC011,1011,56.01,S0014,2024-09-02,46,769
2024-11-01,P000057,LOC011,1037,60.41,S0014,2024-10-28,46,769
2024-12-01,P000057,LOC011,1091,60.75,S0014,2024-11-03,46,769
2024-12-31,P000057,LOC011,1072,60.05,S0014,2024-12-19,46,769
2025-01-30,P000057,LOC011,1128,61.2,S0014,2025-01-26,46,769
2025-03-01,P000057,LOC011,1161,59.0,S0014,2025-02-10,46,769
2025-03-31,P000057,LOC011,1158,59.53,S0014,2025-03-08,46,769
2024-10-02,P000057,LOC012,995,58.76,S0014,2024-10-01,46,769
2024-11-01,P000057,LOC012,1031,58.8,S0014,2024-10-04,46,769
2024-12-01,P000057,LOC012,1001,58.52,S0014,2024-11-03,46,769
2024-12-31,P000057,LOC012,983,57.66,S0014,2024-12-24,46,769
2025-01-30,P000057,LOC012,1058,60.09,S0014,2025-01-01,46,769
2025-03-01,P000057,LOC012,1147,58.24,S0014,2025-02-20,46,769
2025-03-31,P000057,LOC012,1138,56.75,S0014,2025-03-16,46,769
2024-10-02,P000057,LOC013,979,58.11,S0014,2024-09-14,46,769
2024-11-01,P000057,LOC013,973,58.4,S0014,2024-10-28,46,769
2024-12-01,P000057,LOC013,940,59.27,S0014,2024-11-07,46,769
2024-12-31,P000057,LOC013,929,57.13,S0014,2024-12-29,46,769
2025-01-30,P000057,LOC013,910,58.73,S0014,2025-01-23,46,769
2025-03-01,P000057,LOC013,869,56.61,S0014,2025-02-06,46,769
2025-03-31,P000057,LOC013,919,57.19,S0014,2025-03-14,46,769
2024-10-02,P000057,LOC014,1006,56.29,S0014,2024-09-24,46,769
2024-11-01,P000057,LOC014,1085,56.73,S0014,2024-10-31,46,769
2024-12-01,P000057,LOC014,1175,56.91,S0014,2024-11-06,46,769
2024-12-31,P000057,LOC014,1154,60.73,S0014,2024-12-05,46,769
2025-01-30,P000057,LOC014,1189,56.3,S0014,2025-01-13,46,769
2025-03-01,P000057,LOC014,1224,58.67,S0014,2025-02-21,46,769
2025-03-31,P000057,LOC014,1220,59.91,S0014,2025-03-24,46,769
2024-10-02,P000057,LOC015,1067,60.5,S0014,2024-09-09,46,769
2024-11-01,P000057,LOC015,1162,58.57,S0014,2024-10-27,46,769
2024-12-01,P000057,LOC015,1207,58.37,S0014,2024-11-15,46,769
2024-12-31,P000057,LOC015,1187,60.67,S0014,2024-12-08,46,769
2025-01-30,P000057,LOC015,1216,58.2,S0014,2025-01-18,46,769
2025-03-01,P000057,LOC015,1240,58.71,S0014,2025-02-16,46,769
2025-03-31,P000057,LOC015,1203,57.55,S0014,2025-03-02,46,769
2024-10-02,P000057,LOC016,943,61.08,S0014,2024-09-09,46,769
2024-11-01,P000057,LOC016,1006,56.58,S0014,2024-10-04,46,769
2024-12-01,P000057,LOC016,975,60.61,S0014,2024-11-12,46,769
2024-12-31,P000057,LOC016,1016,58.79,S0014,2024-12-08,46,769
2025-01-30,P000057,LOC016,1022,61.47,S0014,2025-01-22,46,769
2025-03-01,P000057,LOC016,1058,58.38,S0014,2025-02-13,46,769
2025-03-31,P000057,LOC016,1059,58.63,S0014,2025-03-23,46,769
2024-10-02,P000057,LOC017,1042,61.34,S0014,2024-09-15,46,769
2024-11-01,P000057,LOC017,993,61.47,S0014,2024-10-28,46,769
2024-12-01,P000057,LOC017,1086,58.16,S0014,2024-11-10,46,769
2024-12-31,P000057,LOC017,1181,59.06,S0014,2024-12-20,46,769
2025-01-30,P000057,LOC017,1214,61.48,S0014,2024-12-31,46,769
2025-03-01,P000057,LOC017,1167,56.97,S0014,2025-02-20,46,769
2025-03-31,P000057,LOC017,1259,60.18,S0014,2025-03-17,46,769
2024-10-02,P000057,LOC018,944,60.74,S0014,2024-09-07,46,769
2024-11-01,P000057,LOC018,977,58.82,S0014,2024-10-15,46,769
2024-12-01,P000057,LOC018,1000,59.63,S0014,2024-11-27,46,769
2024-12-31,P000057,LOC018,1022,58.45,S0014,2024-12-23,46,769
2025-01-30,P000057,LOC018,1106,56.33,S0014,2025-01-17,46,769
2025-03-01,P000057,LOC018,1085,56.97,S0014,2025-02-11,46,769
2025-03-31,P000057,LOC018,1181,61.57,S0014,2025-03-19,46,769
2024-10-02,P000057,LOC019,1033,61.05,S0014,2024-09-24,46,769
2024-11-01,P000057,LOC019,1098,60.35,S0014,2024-10-06,46,769
2024-12-01,P000057,LOC019,1103,59.88,S0014,2024-11-09,46,769
2024-12-31,P000057,LOC019,1086,59.04,S0014,2024-12-30,46,769
2025-01-30,P000057,LOC019,1061,56.64,S0014,2025-01-24,46,769
2025-03-01,P000057,LOC019,1039,57.89,S0014,2025-02-19,46,769
2025-03-31,P000057,LOC019,1122,60.63,S0014,2025-03-30,46,769
2024-10-02,P000057,LOC020,1012,61.26,S0014,2024-09-22,46,769
2024-11-01,P000057,LOC020,981,56.89,S0014,2024-10-14,46,769
2024-12-01,P000057,LOC020,941,61.34,S0014,2024-11-29,46,769
2024-12-31,P000057,LOC020,1024,60.64,S0014,2024-12-05,46,769
2025-01-30,P000057,LOC020,1075,58.1,S0014,2025-01-26,46,769
2025-03-01,P000057,LOC020,1054,56.36,S0014,2025-02-15,46,769
2025-03-31,P000057,LOC020,1136,60.42,S0014,2025-03-16,46,769
2024-10-02,P000058,LOC001,459,231.17,S0028,2024-09-27,16,471
2024-11-01,P000058,LOC001,410,236.03,S0028,2024-10-21,16,471
2024-12-01,P000058,LOC001,394,243.98,S0028,2024-11-14,16,471
2024-12-31,P000058,LOC001,400,235.84,S0028,2024-12-23,16,471
2025-01-30,P000058,LOC001,380,242.2,S0028,2025-01-13,16,471
2025-03-01,P000058,LOC001,338,237.5,S0028,2025-02-13,16,471
2025-03-31,P000058,LOC001,391,231.85,S0028,2025-03-28,16,471
2024-10-02,P000058,LOC002,501,227.4,S0028,2024-09-24,16,471
2024-11-01,P000058,LOC002,495,237.69,S0028,2024-10-22,16,471
2024-12-01,P000058,LOC002,569,228.79,S0028,2024-11-20,16,471
2024-12-31,P000058,LOC002,571,243.94,S0028,2024-12-18,16,471
2025-01-30,P000058,LOC002,664,227.75,S0028,2025-01-21,16,471
2025-03-01,P000058,LOC002,719,250.62,S0028,2025-02-06,16,471
2025-03-31,P000058,LOC002,708,245.32,S0028,2025-03-10,16,471
2024-10-02,P000058,LOC003,555,228.91,S0028,2024-09-24,16,471
2024-11-01,P000058,LOC003,548,251.21,S0028,2024-10-27,16,471
2024-12-01,P000058,LOC003,536,242.42,S0028,2024-11-13,16,471
2024-12-31,P000058,LOC003,577,242.06,S0028,2024-12-06,16,471
2025-01-30,P000058,LOC003,650,230.05,S0028,2025-01-13,16,471
2025-03-01,P000058,LOC003,716,247.42,S0028,2025-02-17,16,471
2025-03-31,P000058,LOC003,735,229.47,S0028,2025-03-27,16,471
2024-10-02,P000058,LOC004,417,234.34,S0028,2024-09-25,16,471
2024-11-01,P000058,LOC004,369,234.35,S0028,2024-10-03,16,471
2024-12-01,P000058,LOC004,445,228.22,S0028,2024-11-28,16,471
2024-12-31,P000058,LOC004,512,238.81,S0028,2024-12-13,16,471
2025-01-30,P000058,LOC004,604,234.81,S0028,2025-01-28,16,471
2025-03-01,P000058,LOC004,690,236.57,S0028,2025-02-02,16,471
2025-03-31,P000058,LOC004,685,233.4,S0028,2025-03-04,16,471
2024-10-02,P000058,LOC005,478,239.64,S0028,2024-09-27,16,471
2024-11-01,P000058,LOC005,526,247.57,S0028,2024-10-31,16,471
2024-12-01,P000058,LOC005,491,249.74,S0028,2024-11-18,16,471
2024-12-31,P000058,LOC005,522,250.67,S0028,2024-12-20,16,471
2025-01-30,P000058,LOC005,531,250.27,S0028,2025-01-01,16,471
2025-03-01,P000058,LOC005,525,230.09,S0028,2025-02-18,16,471
2025-03-31,P000058,LOC005,606,233.1,S0028,2025-03-09,16,471
2024-10-02,P000058,LOC006,554,250.58,S0028,2024-09-07,16,471
2024-11-01,P000058,LOC006,561,238.12,S0028,2024-10-29,16,471
2024-12-01,P000058,LOC006,636,230.19,S0028,2024-11-27,16,471
2024-12-31,P000058,LOC006,662,249.5,S0028,2024-12-04,16,471
2025-01-30,P000058,LOC006,747,251.28,S0028,2025-01-13,16,471
2025-03-01,P000058,LOC006,819,231.53,S0028,2025-02-28,16,471
2025-03-31,P000058,LOC006,887,237.89,S0028,2025-03-17,16,471
2024-10-02,P000058,LOC007,548,228.82,S0028,2024-09-21,16,471
2024-11-01,P000058,LOC007,628,247.03,S0028,2024-10-26,16,471
2024-12-01,P000058,LOC007,658,245.51,S0028,2024-11-07,16,471
2024-12-31,P000058,LOC007,731,229.3,S0028,2024-12-18,16,471
2025-01-30,P000058,LOC007,736,233.41,S0028,2025-01-12,16,471
2025-03-01,P000058,LOC007,711,242.79,S0028,2025-02-15,16,471
2025-03-31,P000058,LOC007,677,229.82,S0028,2025-03-30,16,471
2024-10-02,P000058,LOC008,467,235.05,S0028,2024-09-07,16,471
2024-11-01,P000058,LOC008,520,248.18,S0028,2024-10-12,16,471
2024-12-01,P000058,LOC008,580,249.5,S0028,2024-11-14,16,471
2024-12-31,P000058,LOC008,636,235.15,S0028,2024-12-23,16,471
2025-01-30,P000058,LOC008,603,244.07,S0028,2025-01-29,16,471
2025-03-01,P000058,LOC008,667,236.73,S0028,2025-02-28,16,471
2025-03-31,P000058,LOC008,621,245.36,S0028,2025-03-20,16,471
2024-10-02,P000058,LOC009,517,227.64,S0028,2024-09-10,16,471
2024-11-01,P000058,LOC009,509,239.6,S0028,2024-10-30,16,471
2024-12-01,P000058,LOC009,505,249.2,S0028,2024-11-07,16,471
2024-12-31,P000058,LOC009,497,234.11,S0028,2024-12-27,16,471
2025-01-30,P000058,LOC009,557,251.17,S0028,2025-01-10,16,471
2025-03-01,P000058,LOC009,619,235.97,S0028,2025-02-06,16,471
2025-03-31,P000058,LOC009,679,228.67,S0028,2025-03-27,16,471
2024-10-02,P000058,LOC010,459,246.2,S0028,2024-09-24,16,471
2024-11-01,P000058,LOC010,458,248.41,S0028,2024-10-11,16,471
2024-12-01,P000058,LOC010,467,245.91,S0028,2024-11-29,16,471
2024-12-31,P000058,LOC010,430,242.08,S0028,2024-12-25,16,471
2025-01-30,P000058,LOC010,521,242.94,S0028,2024-12-31,16,471
2025-03-01,P000058,LOC010,593,249.69,S0028,2025-02-08,16,471
2025-03-31,P000058,LOC010,557,236.84,S0028,2025-03-23,16,471
2024-10-02,P000058,LOC011,553,231.62,S0028,2024-09-23,16,471
2024-11-01,P000058,LOC011,621,235.09,S0028,2024-10-17,16,471
2024-12-01,P000058,LOC011,644,234.53,S0028,2024-11-13,16,471
2024-12-31,P000058,LOC011,703,236.43,S0028,2024-12-12,16,471
2025-01-30,P000058,LOC011,709,245.85,S0028,2025-01-08,16,471
2025-03-01,P000058,LOC011,788,244.89,S0028,2025-02-12,16,471
2025-03-31,P000058,LOC011,845,248.14,S0028,2025-03-10,16,471
2024-10-02,P000058,LOC012,472,250.74,S0028,2024-09-05,16,471
2024-11-01,P000058,LOC012,519,250.67,S0028,2024-10-29,16,471
2024-12-01,P000058,LOC012,476,227.88,S0028,2024-11-27,16,471
2024-12-31,P000058,LOC012,473,235.38,S0028,2024-12-25,16,471
2025-01-30,P000058,LOC012,434,244.38,S0028,2025-01-26,16,471
2025-03-01,P000058,LOC012,472,246.35,S0028,2025-02-26,16,471
2025-03-31,P000058,LOC012,486,248.22,S0028,2025-03-05,16,471
2024-10-02,P000058,LOC013,452,235.27,S0028,2024-09-03,16,471
2024-11-01,P000058,LOC013,528,245.65,S0028,2024-10-11,16,471
2024-12-01,P000058,LOC013,610,239.91,S0028,2024-11-07,16,471
2024-12-31,P000058,LOC013,618,230.95,S0028,2024-12-03,16,471
2025-01-30,P000058,LOC013,606,246.33,S0028,2025-01-02,16,471
2025-03-01,P000058,LOC013,654,232.92,S0028,2025-02-18,16,471
2025-03-31,P000058,LOC013,662,232.35,S0028,2025-03-22,16,471
2024-10-02,P000058,LOC014,412,227.97,S0028,2024-09-10,16,471
2024-11-01,P000058,LOC014,507,235.92,S0028,2024-10-07,16,471
2024-12-01,P000058,LOC014,539,247.15,S0028,2024-11-18,16,471
2024-12-31,P000058,LOC014,566,233.4,S0028,2024-12-12,16,471
2025-01-30,P000058,LOC014,643,228.12,S0028,2025-01-13,16,471
2025-03-01,P000058,LOC014,734,231.57,S0028,2025-02-13,16,471
2025-03-31,P000058,LOC014,748,249.51,S0028,2025-03-11,16,471
2024-10-02,P000058,LOC015,466,228.58,S0028,2024-09-22,16,471
2024-11-01,P000058,LOC015,522,241.28,S0028,2024-10-28,16,471
2024-12-01,P000058,LOC015,485,232.54,S0028,2024-11-01,16,471
2024-12-31,P000058,LOC015,534,240.81,S0028,2024-12-04,16,471
2025-01-30,P000058,LOC015,564,235.21,S0028,2025-01-10,16,471
2025-03-01,P000058,LOC015,519,246.13,S0028,2025-02-02,16,471
2025-03-31,P000058,LOC015,487,251.22,S0028,2025-03-14,16,471
2024-10-02,P000058,LOC016,408,240.45,S0028,2024-09-30,16,471
2024-11-01,P000058,LOC016,508,239.59,S0028,2024-10-02,16,471
2024-12-01,P000058,LOC016,529,227.87,S0028,2024-11-02,16,471
2024-12-31,P000058,LOC016,618,242.29,S0028,2024-12-08,16,471
2025-01-30,P000058,LOC016,657,237.7,S0028,2025-01-15,16,471
2025-03-01,P000058,LOC016,753,237.65,S0028,2025-02-03,16,471
2025-03-31,P000058,LOC016,770,243.27,S0028,2025-03-23,16,471
2024-10-02,P000058,LOC017,458,240.31,S0028,2024-09-15,16,471
2024-11-01,P000058,LOC017,487,242.5,S0028,2024-10-09,16,471
2024-12-01,P000058,LOC017,558,228.91,S0028,2024-11-10,16,471
2024-12-31,P000058,LOC017,555,247.2,S0028,2024-12-06,16,471
2025-01-30,P000058,LOC017,574,229.75,S0028,2025-01-02,16,471
2025-03-01,P000058,LOC017,583,242.86,S0028,2025-02-24,16,471
2025-03-31,P000058,LOC017,567,247.01,S0028,2025-03-11,16,471
2024-10-02,P000058,LOC018,498,241.94,S0028,2024-09-04,16,471
2024-11-01,P000058,LOC018,583,248.13,S0028,2024-10-20,16,471
2024-12-01,P000058,LOC018,638,229.48,S0028,2024-11-09,16,471
2024-12-31,P000058,LOC018,689,251.24,S0028,2024-12-07,16,471
2025-01-30,P000058,LOC018,724,251.02,S0028,2025-01-23,16,471
2025-03-01,P000058,LOC018,786,246.95,S0028,2025-02-19,16,471
2025-03-31,P000058,LOC018,789,231.5,S0028,2025-03-29,16,471
2024-10-02,P000058,LOC019,512,250.79,S0028,2024-09-24,16,471
2024-11-01,P000058,LOC019,469,245.16,S0028,2024-10-30,16,471
2024-12-01,P000058,LOC019,478,243.0,S0028,2024-11-30,16,471
2024-12-31,P000058,LOC019,547,239.83,S0028,2024-12-26,16,471
2025-01-30,P000058,LOC019,512,235.64,S0028,2025-01-25,16,471
2025-03-01,P000058,LOC019,537,232.74,S0028,2025-02-27,16,471
2025-03-31,P000058,LOC019,564,251.28,S0028,2025-03-16,16,471
2024-10-02,P000058,LOC020,445,227.72,S0028,2024-09-03,16,471
2024-11-01,P000058,LOC020,514,238.94,S0028,2024-10-25,16,471
2024-12-01,P000058,LOC020,547,232.04,S0028,2024-11-25,16,471
2024-12-31,P000058,LOC020,589,239.15,S0028,2024-12-22,16,471
2025-01-30,P000058,LOC020,657,242.81,S0028,2025-01-25,16,471
2025-03-01,P000058,LOC020,677,234.09,S0028,2025-02-18,16,471
2025-03-31,P000058,LOC020,666,231.9,S0028,2025-03-08,16,471
2024-10-02,P000059,LOC001,219,133.38,S0021,2024-09-04,34,469
2024-11-01,P000059,LOC001,278,134.32,S0021,2024-10-25,34,469
2024-12-01,P000059,LOC001,280,138.78,S0021,2024-11-20,34,469
2024-12-31,P000059,LOC001,251,139.16,S0021,2024-12-28,34,469
2025-01-30,P000059,LOC001,259,127.52,S0021,2025-01-19,34,469
2025-03-01,P000059,LOC001,271,129.77,S0021,2025-02-02,34,469
2025-03-31,P000059,LOC001,371,127.56,S0021,2025-03-14,34,469
2024-10-02,P000059,LOC002,207,130.37,S0021,2024-09-03,34,469
2024-11-01,P000059,LOC002,293,127.43,S0021,2024-10-04,34,469
2024-12-01,P000059,LOC002,259,133.22,S0021,2024-11-01,34,469
2024-12-31,P000059,LOC002,235,139.95,S0021,2024-12-21,34,469
2025-01-30,P000059,LOC002,268,132.04,S0021,2025-01-23,34,469
2025-03-01,P000059,LOC002,317,130.05,S0021,2025-01-30,34,469
2025-03-31,P000059,LOC002,408,134.25,S0021,2025-03-22,34,469
2024-10-02,P000059,LOC003,126,130.48,S0021,2024-09-19,34,469
2024-11-01,P000059,LOC003,173,128.21,S0021,2024-10-28,34,469
2024-12-01,P000059,LOC003,239,129.59,S0021,2024-11-10,34,469
2024-12-31,P000059,LOC003,319,129.51,S0021,2024-12-25,34,469
2025-01-30,P000059,LOC003,339,130.23,S0021,2025-01-27,34,469
2025-03-01,P000059,LOC003,413,130.08,S0021,2025-02-25,34,469
2025-03-31,P000059,LOC003,400,137.64,S0021,2025-03-24,34,469
2024-10-02,P000059,LOC004,161,134.47,S0021,2024-09-22,34,469
2024-11-01,P000059,LOC004,148,128.91,S0021,2024-10-25,34,469
2024-12-01,P000059,LOC004,163,131.88,S0021,2024-11-11,34,469
2024-12-31,P000059,LOC004,176,132.87,S0021,2024-12-16,34,469
2025-01-30,P000059,LOC004,206,134.54,S0021,2025-01-21,34,469
2025-03-01,P000059,LOC004,193,133.61,S0021,2025-02-23,34,469
2025-03-31,P000059,LOC004,185,140.75,S0021,2025-03-11,34,469
2024-10-02,P000059,LOC005,138,138.17,S0021,2024-09-24,34,469
2024-11-01,P000059,LOC005,229,128.47,S0021,2024-10-11,34,469
2024-12-01,P000059,LOC005,258,133.09,S0021,2024-11-28,34,469
2024-12-31,P000059,LOC005,301,128.16,S0021,2024-12-21,34,469
2025-01-30,P000059,LOC005,374,135.24,S0021,2025-01-11,34,469
2025-03-01,P000059,LOC005,450,139.19,S0021,2025-02-01,34,469
2025-03-31,P000059,LOC005,535,138.97,S0021,2025-03-09,34,469
2024-10-02,P000059,LOC006,157,128.11,S0021,2024-09-04,34,469
2024-11-01,P000059,LOC006,232,128.31,S0021,2024-10-15,34,469
2024-12-01,P000059,LOC006,235,137.35,S0021,2024-11-22,34,469
2024-12-31,P000059,LOC006,330,137.33,S0021,2024-12-17,34,469
2025-01-30,P000059,LOC006,306,131.77,S0021,2025-01-14,34,469
2025-03-01,P000059,LOC006,356,130.27,S0021,2025-02-04,34,469
2025-03-31,P000059,LOC006,354,138.51,S0021,2025-03-03,34,469
2024-10-02,P000059,LOC007,200,135.29,S0021,2024-09-08,34,469
2024-11-01,P000059,LOC007,182,131.11,S0021,2024-10-07,34,469
2024-12-01,P000059,LOC007,134,133.0,S0021,2024-11-22,34,469
2024-12-31,P000059,LOC007,225,136.18,S0021,2024-12-18,34,469
2025-01-30,P000059,LOC007,305,135.12,S0021,2025-01-24,34,469
2025-03-01,P000059,LOC007,322,135.96,S0021,2025-02-09,34,469
2025-03-31,P000059,LOC007,421,134.45,S0021,2025-03-24,34,469
2024-10-02,P000059,LOC008,226,136.13,S0021,2024-09-03,34,469
2024-11-01,P000059,LOC008,259,130.57,S0021,2024-10-31,34,469
2024-12-01,P000059,LOC008,255,129.64,S0021,2024-11-22,34,469
2024-12-31,P000059,LOC008,303,132.45,S0021,2024-12-11,34,469
2025-01-30,P000059,LOC008,386,130.06,S0021,2025-01-12,34,469
2025-03-01,P000059,LOC008,383,127.82,S0021,2025-02-25,34,469
2025-03-31,P000059,LOC008,446,136.78,S0021,2025-03-25,34,469
2024-10-02,P000059,LOC009,155,137.4,S0021,2024-09-24,34,469
2024-11-01,P000059,LOC009,236,137.74,S0021,2024-10-04,34,469
2024-12-01,P000059,LOC009,247,128.14,S0021,2024-11-07,34,469
2024-12-31,P000059,LOC009,316,135.7,S0021,2024-12-20,34,469
2025-01-30,P000059,LOC009,349,128.98,S0021,2025-01-08,34,469
2025-03-01,P000059,LOC009,372,130.1,S0021,2025-02-17,34,469
2025-03-31,P000059,LOC009,371,128.21,S0021,2025-03-07,34,469
2024-10-02,P000059,LOC010,155,130.95,S0021,2024-09-28,34,469
2024-11-01,P000059,LOC010,242,131.46,S0021,2024-10-17,34,469
2024-12-01,P000059,LOC010,232,128.66,S0021,2024-11-15,34,469
2024-12-31,P000059,LOC010,223,132.05,S0021,2024-12-15,34,469
2025-01-30,P000059,LOC010,235,129.94,S0021,2025-01-07,34,469
2025-03-01,P000059,LOC010,210,129.72,S0021,2025-02-03,34,469
2025-03-31,P000059,LOC010,279,128.31,S0021,2025-03-13,34,469
2024-10-02,P000059,LOC011,246,134.65,S0021,2024-09-08,34,469
2024-11-01,P000059,LOC011,272,129.38,S0021,2024-10-23,34,469
2024-12-01,P000059,LOC011,305,139.74,S0021,2024-11-18,34,469
2024-12-31,P000059,LOC011,350,134.92,S0021,2024-12-02,34,469
2025-01-30,P000059,LOC011,363,139.97,S0021,2025-01-23,34,469
2025-03-01,P000059,LOC011,415,134.22,S0021,2025-02-08,34,469
2025-03-31,P000059,LOC011,494,140.12,S0021,2025-03-22,34,469
2024-10-02,P000059,LOC012,130,139.22,S0021,2024-09-29,34,469
2024-11-01,P000059,LOC012,147,140.34,S0021,2024-10-20,34,469
2024-12-01,P000059,LOC012,175,133.57,S0021,2024-11-13,34,469
2024-12-31,P000059,LOC012,221,129.55,S0021,2024-12-13,34,469
2025-01-30,P000059,LOC012,317,127.7,S0021,2025-01-20,34,469
2025-03-01,P000059,LOC012,333,135.24,S0021,2025-02-19,34,469
2025-03-31,P000059,LOC012,284,136.17,S0021,2025-03-20,34,469
2024-10-02,P000059,LOC013,194,129.79,S0021,2024-10-01,34,469
2024-11-01,P000059,LOC013,243,136.14,S0021,2024-10-26,34,469
2024-12-01,P000059,LOC013,331,137.09,S0021,2024-11-20,34,469
2024-12-31,P000059,LOC013,349,135.35,S0021,2024-12-04,34,469
2025-01-30,P000059,LOC013,371,134.45,S0021,2025-01-27,34,469
2025-03-01,P000059,LOC013,414,128.04,S0021,2025-02-05,34,469
2025-03-31,P000059,LOC013,459,138.81,S0021,2025-03-15,34,469
2024-10-02,P000059,LOC014,170,133.37,S0021,2024-09-09,34,469
2024-11-01,P000059,LOC014,220,134.9,S0021,2024-10-20,34,469
2024-12-01,P000059,LOC014,206,139.19,S0021,2024-11-23,34,469
2024-12-31,P000059,LOC014,190,134.9,S0021,2024-12-04,34,469
2025-01-30,P000059,LOC014,208,136.99,S0021,2025-01-17,34,469
2025-03-01,P000059,LOC014,260,133.93,S0021,2025-01-30,34,469
2025-03-31,P000059,LOC014,234,128.68,S0021,2025-03-06,34,469
2024-10-02,P000059,LOC015,203,138.76,S0021,2024-09-23,34,469
2024-11-01,P000059,LOC015,193,128.66,S0021,2024-10-19,34,469
2024-12-01,P000059,LOC015,293,127.44,S0021,2024-11-23,34,469
2024-12-31,P000059,LOC015,345,134.17,S0021,2024-12-30,34,469
2025-01-30,P000059,LOC015,323,136.61,S0021,2025-01-02,34,469
2025-03-01,P000059,LOC015,337,134.75,S0021,2025-02-17,34,469
2025-03-31,P000059,LOC015,368,130.51,S0021,2025-03-26,34,469
2024-10-02,P000059,LOC016,198,140.48,S0021,2024-09-26,34,469
2024-11-01,P000059,LOC016,192,133.32,S0021,2024-10-09,34,469
2024-12-01,P000059,LOC016,205,129.17,S0021,2024-11-12,34,469
2024-12-31,P000059,LOC016,280,129.52,S0021,2024-12-03,34,469
2025-01-30,P000059,LOC016,316,135.7,S0021,2025-01-08,34,469
2025-03-01,P000059,LOC016,314,135.52,S0021,2025-02-23,34,469
2025-03-31,P000059,LOC016,302,129.89,S0021,2025-03-26,34,469
2024-10-02,P000059,LOC017,228,140.07,S0021,2024-09-12,34,469
2024-11-01,P000059,LOC017,317,140.22,S0021,2024-10-16,34,469
2024-12-01,P000059,LOC017,317,130.44,S0021,2024-11-24,34,469
2024-12-31,P000059,LOC017,281,129.72,S0021,2024-12-08,34,469
2025-01-30,P000059,LOC017,372,137.01,S0021,2025-01-13,34,469
2025-03-01,P000059,LOC017,397,136.48,S0021,2025-02-01,34,469
2025-03-31,P000059,LOC017,429,137.12,S0021,2025-03-25,34,469
2024-10-02,P000059,LOC018,209,133.34,S0021,2024-09-30,34,469
2024-11-01,P000059,LOC018,274,136.77,S0021,2024-10-31,34,469
2024-12-01,P000059,LOC018,290,130.7,S0021,2024-11-18,34,469
2024-12-31,P000059,LOC018,355,140.12,S0021,2024-12-28,34,469
2025-01-30,P000059,LOC018,449,137.19,S0021,2024-12-31,34,469
2025-03-01,P000059,LOC018,507,134.62,S0021,2025-02-01,34,469
2025-03-31,P000059,LOC018,462,138.2,S0021,2025-03-21,34,469
2024-10-02,P000059,LOC019,181,131.81,S0021,2024-09-04,34,469
2024-11-01,P000059,LOC019,244,131.02,S0021,2024-10-23,34,469
2024-12-01,P000059,LOC019,306,134.32,S0021,2024-11-24,34,469
2024-12-31,P000059,LOC019,342,139.38,S0021,2024-12-01,34,469
2025-01-30,P000059,LOC019,418,129.36,S0021,2025-01-21,34,469
2025-03-01,P000059,LOC019,515,135.59,S0021,2025-02-10,34,469
2025-03-31,P000059,LOC019,482,128.99,S0021,2025-03-05,34,469
2024-10-02,P000059,LOC020,226,136.0,S0021,2024-09-17,34,469
2024-11-01,P000059,LOC020,326,131.67,S0021,2024-10-16,34,469
2024-12-01,P000059,LOC020,325,139.03,S0021,2024-11-20,34,469
2024-12-31,P000059,LOC020,371,130.9,S0021,2024-12-18,34,469
2025-01-30,P000059,LOC020,347,128.05,S0021,2025-01-10,34,469
2025-03-01,P000059,LOC020,406,138.48,S0021,2025-02-04,34,469
2025-03-31,P000059,LOC020,467,135.35,S0021,2025-03-13,34,469
2024-10-02,P000060,LOC001,734,432.81,S0002,2024-09-29,17,499
2024-11-01,P000060,LOC001,804,419.76,S0002,2024-10-18,17,499
2024-12-01,P000060,LOC001,774,429.41,S0002,2024-11-16,17,499
2024-12-31,P000060,LOC001,848,409.88,S0002,2024-12-20,17,499
2025-01-30,P000060,LOC001,804,436.04,S0002,2025-01-17,17,499
2025-03-01,P000060,LOC001,868,405.62,S0002,2025-02-13,17,499
2025-03-31,P000060,LOC001,893,431.74,S0002,2025-03-15,17,499
2024-10-02,P000060,LOC002,695,420.61,S0002,2024-09-13,17,499
2024-11-01,P000060,LOC002,645,404.95,S0002,2024-10-22,17,499
2024-12-01,P000060,LOC002,733,419.42,S0002,2024-11-22,17,499
2024-12-31,P000060,LOC002,782,396.75,S0002,2024-12-08,17,499
2025-01-30,P000060,LOC002,797,409.52,S0002,2025-01-02,17,499
2025-03-01,P000060,LOC002,822,401.93,S0002,2025-02-25,17,499
2025-03-31,P000060,LOC002,821,434.34,S0002,2025-03-25,17,499
2024-10-02,P000060,LOC003,745,403.7,S0002,2024-09-14,17,499
2024-11-01,P000060,LOC003,781,421.14,S0002,2024-10-06,17,499
2024-12-01,P000060,LOC003,863,395.72,S0002,2024-11-27,17,499
2024-12-31,P000060,LOC003,939,427.89,S0002,2024-12-10,17,499
2025-01-30,P000060,LOC003,1028,405.35,S0002,2025-01-27,17,499
2025-03-01,P000060,LOC003,1100,410.23,S0002,2025-01-31,17,499
2025-03-31,P000060,LOC003,1191,425.75,S0002,2025-03-30,17,499
2024-10-02,P000060,LOC004,709,423.94,S0002,2024-10-01,17,499
2024-11-01,P000060,LOC004,740,401.3,S0002,2024-10-02,17,499
2024-12-01,P000060,LOC004,791,424.21,S0002,2024-11-30,17,499
2024-12-31,P000060,LOC004,747,407.94,S0002,2024-12-08,17,499
2025-01-30,P000060,LOC004,811,414.29,S0002,2025-01-10,17,499
2025-03-01,P000060,LOC004,911,404.8,S0002,2025-02-16,17,499
2025-03-31,P000060,LOC004,1008,400.33,S0002,2025-03-14,17,499
2024-10-02,P000060,LOC005,809,434.32,S0002,2024-09-04,17,499
2024-11-01,P000060,LOC005,792,404.67,S0002,2024-10-31,17,499
2024-12-01,P000060,LOC005,859,435.14,S0002,2024-11-03,17,499
2024-12-31,P000060,LOC005,935,430.51,S0002,2024-12-11,17,499
2025-01-30,P000060,LOC005,1016,407.19,S0002,2025-01-03,17,499
2025-03-01,P000060,LOC005,1081,402.06,S0002,2025-02-28,17,499
2025-03-31,P000060,LOC005,1148,422.95,S0002,2025-03-04,17,499
2024-10-02,P000060,LOC006,691,423.59,S0002,2024-09-15,17,499
2024-11-01,P000060,LOC006,722,421.18,S0002,2024-10-03,17,499
2024-12-01,P000060,LOC006,700,416.89,S0002,2024-11-01,17,499
2024-12-31,P000060,LOC006,689,432.98,S0002,2024-12-03,17,499
2025-01-30,P000060,LOC006,776,423.75,S0002,2025-01-25,17,499
2025-03-01,P000060,LOC006,869,427.89,S0002,2025-02-09,17,499
2025-03-31,P000060,LOC006,923,425.85,S0002,2025-03-20,17,499
2024-10-02,P000060,LOC007,683,402.92,S0002,2024-09-15,17,499
2024-11-01,P000060,LOC007,722,428.04,S0002,2024-10-12,17,499
2024-12-01,P000060,LOC007,777,429.43,S0002,2024-11-10,17,499
2024-12-31,P000060,LOC007,864,417.0,S0002,2024-12-05,17,499
2025-01-30,P000060,LOC007,837,430.57,S0002,2025-01-24,17,499
2025-03-01,P000060,LOC007,819,410.37,S0002,2025-02-24,17,499
2025-03-31,P000060,LOC007,828,403.64,S0002,2025-03-07,17,499
2024-10-02,P000060,LOC008,689,423.1,S0002,2024-09-29,17,499
2024-11-01,P000060,LOC008,732,396.3,S0002,2024-10-22,17,499
2024-12-01,P000060,LOC008,799,399.53,S0002,2024-11-21,17,499
2024-12-31,P000060,LOC008,843,402.14,S0002,2024-12-22,17,499
2025-01-30,P000060,LOC008,836,424.51,S0002,2025-01-03,17,499
2025-03-01,P000060,LOC008,898,428.98,S0002,2025-02-18,17,499
2025-03-31,P000060,LOC008,930,427.0,S0002,2025-03-20,17,499
2024-10-02,P000060,LOC009,694,429.69,S0002,2024-09-05,17,499
2024-11-01,P000060,LOC009,730,403.31,S0002,2024-10-13,17,499
2024-12-01,P000060,LOC009,800,434.6,S0002,2024-11-15,17,499
2024-12-31,P000060,LOC009,827,403.51,S0002,2024-12-30,17,499
2025-01-30,P000060,LOC009,784,396.77,S0002,2024-12-31,17,499
2025-03-01,P000060,LOC009,765,399.95,S0002,2025-02-12,17,499
2025-03-31,P000060,LOC009,791,405.41,S0002,2025-03-24,17,499
2024-10-02,P000060,LOC010,796,405.55,S0002,2024-09-23,17,499
2024-11-01,P000060,LOC010,873,422.94,S0002,2024-10-09,17,499
2024-12-01,P000060,LOC010,882,423.98,S0002,2024-11-03,17,499
2024-12-31,P000060,LOC010,922,422.29,S0002,2024-12-28,17,499
2025-01-30,P000060,LOC010,976,428.39,S0002,2025-01-20,17,499
2025-03-01,P000060,LOC010,1071,405.36,S0002,2025-02-01,17,499
2025-03-31,P000060,LOC010,1112,412.37,S0002,2025-03-25,17,499
2024-10-02,P000060,LOC011,780,403.53,S0002,2024-09-30,17,499
2024-11-01,P000060,LOC011,859,421.63,S0002,2024-10-31,17,499
2024-12-01,P000060,LOC011,874,400.43,S0002,2024-11-18,17,499
2024-12-31,P000060,LOC011,916,396.16,S0002,2024-12-13,17,499
2025-01-30,P000060,LOC011,955,425.79,S0002,2025-01-11,17,499
2025-03-01,P000060,LOC011,958,402.05,S0002,2025-02-23,17,499
2025-03-31,P000060,LOC011,946,412.9,S0002,2025-03-29,17,499
2024-10-02,P000060,LOC012,672,429.8,S0002,2024-09-12,17,499
2024-11-01,P000060,LOC012,707,426.32,S0002,2024-10-20,17,499
2024-12-01,P000060,LOC012,763,417.49,S0002,2024-11-18,17,499
2024-12-31,P000060,LOC012,777,403.75,S0002,2024-12-28,17,499
2025-01-30,P000060,LOC012,773,434.36,S0002,2025-01-13,17,499
2025-03-01,P000060,LOC012,791,434.76,S0002,2025-02-03,17,499
2025-03-31,P000060,LOC012,770,422.53,S0002,2025-03-03,17,499
2024-10-02,P000060,LOC013,813,418.19,S0002,2024-09-25,17,499
2024-11-01,P000060,LOC013,844,433.36,S0002,2024-10-19,17,499
2024-12-01,P000060,LOC013,910,408.86,S0002,2024-11-21,17,499
2024-12-31,P000060,LOC013,884,434.35,S0002,2024-12-20,17,499
2025-01-30,P000060,LOC013,839,396.76,S0002,2025-01-25,17,499
2025-03-01,P000060,LOC013,817,396.1,S0002,2025-02-26,17,499
2025-03-31,P000060,LOC013,850,432.41,S0002,2025-03-26,17,499
2024-10-02,P000060,LOC014,754,407.59,S0002,2024-09-22,17,499
2024-11-01,P000060,LOC014,788,411.0,S0002,2024-10-29,17,499
2024-12-01,P000060,LOC014,746,409.5,S0002,2024-11-08,17,499
2024-12-31,P000060,LOC014,823,397.81,S0002,2024-12-26,17,499
2025-01-30,P000060,LOC014,923,414.59,S0002,2025-01-23,17,499
2025-03-01,P000060,LOC014,893,398.62,S0002,2025-02-03,17,499
2025-03-31,P000060,LOC014,860,401.31,S0002,2025-03-13,17,499
2024-10-02,P000060,LOC015,787,400.63,S0002,2024-09-28,17,499
2024-11-01,P000060,LOC015,770,401.23,S0002,2024-10-28,17,499
2024-12-01,P000060,LOC015,814,422.83,S0002,2024-11-20,17,499
2024-12-31,P000060,LOC015,794,425.01,S0002,2024-12-09,17,499
2025-01-30,P000060,LOC015,764,427.14,S0002,2025-01-08,17,499
2025-03-01,P000060,LOC015,715,402.64,S0002,2025-01-30,17,499
2025-03-31,P000060,LOC015,750,398.77,S0002,2025-03-27,17,499
2024-10-02,P000060,LOC016,791,416.35,S0002,2024-09-26,17,499
2024-11-01,P000060,LOC016,758,421.48,S0002,2024-10-10,17,499
2024-12-01,P000060,LOC016,742,432.48,S0002,2024-11-17,17,499
2024-12-31,P000060,LOC016,786,408.92,S0002,2024-12-24,17,499
2025-01-30,P000060,LOC016,783,418.28,S0002,2025-01-01,17,499
2025-03-01,P000060,LOC016,789,417.02,S0002,2025-02-24,17,499
2025-03-31,P000060,LOC016,794,404.71,S0002,2025-03-12,17,499
2024-10-02,P000060,LOC017,780,419.49,S0002,2024-09-06,17,499
2024-11-01,P000060,LOC017,730,424.73,S0002,2024-10-29,17,499
2024-12-01,P000060,LOC017,763,426.42,S0002,2024-11-12,17,499
2024-12-31,P000060,LOC017,732,431.93,S0002,2024-12-22,17,499
2025-01-30,P000060,LOC017,705,409.36,S0002,2025-01-20,17,499
2025-03-01,P000060,LOC017,704,411.02,S0002,2025-02-20,17,499
2025-03-31,P000060,LOC017,735,431.43,S0002,2025-03-04,17,499
2024-10-02,P000060,LOC018,751,400.53,S0002,2024-09-17,17,499
2024-11-01,P000060,LOC018,715,405.57,S0002,2024-10-31,17,499
2024-12-01,P000060,LOC018,799,417.66,S0002,2024-11-26,17,499
2024-12-31,P000060,LOC018,835,403.63,S0002,2024-12-11,17,499
2025-01-30,P000060,LOC018,835,397.08,S0002,2025-01-25,17,499
2025-03-01,P000060,LOC018,842,405.37,S0002,2025-01-31,17,499
2025-03-31,P000060,LOC018,802,432.03,S0002,2025-03-25,17,499
2024-10-02,P000060,LOC019,731,419.88,S0002,2024-09-18,17,499
2024-11-01,P000060,LOC019,758,401.15,S0002,2024-10-04,17,499
2024-12-01,P000060,LOC019,719,425.12,S0002,2024-11-09,17,499
2024-12-31,P000060,LOC019,714,402.69,S0002,2024-12-21,17,499
2025-01-30,P000060,LOC019,709,433.66,S0002,2025-01-16,17,499
2025-03-01,P000060,LOC019,702,409.67,S0002,2025-02-16,17,499
2025-03-31,P000060,LOC019,657,436.53,S0002,2025-03-19,17,499
2024-10-02,P000060,LOC020,768,418.33,S0002,2024-10-01,17,499
2024-11-01,P000060,LOC020,845,409.55,S0002,2024-10-23,17,499
2024-12-01,P000060,LOC020,915,406.02,S0002,2024-11-02,17,499
2024-12-31,P000060,LOC020,1011,399.09,S0002,2024-12-05,17,499
2025-01-30,P000060,LOC020,1015,416.21,S0002,2025-01-26,17,499
2025-03-01,P000060,LOC020,977,421.61,S0002,2025-02-06,17,499
2025-03-31,P000060,LOC020,1007,428.39,S0002,2025-03-05,17,499
2024-10-02,P000061,LOC001,0,220.0,S0023,2024-09-25,31,103
2024-11-01,P000061,LOC001,31,231.19,S0023,2024-10-22,31,103
2024-12-01,P000061,LOC001,64,219.54,S0023,2024-11-28,31,103
2024-12-31,P000061,LOC001,53,222.76,S0023,2024-12-11,31,103
2025-01-30,P000061,LOC001,64,232.38,S0023,2025-01-22,31,103
2025-03-01,P000061,LOC001,149,220.93,S0023,2025-02-21,31,103
2025-03-31,P000061,LOC001,194,231.02,S0023,2025-03-16,31,103
2024-10-02,P000061,LOC002,0,221.86,S0023,2024-09-12,31,103
2024-11-01,P000061,LOC002,32,230.38,S0023,2024-10-27,31,103
2024-12-01,P000061,LOC002,19,232.37,S0023,2024-11-01,31,103
2024-12-31,P000061,LOC002,1,221.16,S0023,2024-12-15,31,103
2025-01-30,P000061,LOC002,31,224.43,S0023,2025-01-06,31,103
2025-03-01,P000061,LOC002,39,227.23,S0023,2025-02-21,31,103
2025-03-31,P000061,LOC002,69,221.93,S0023,2025-03-13,31,103
2024-10-02,P000061,LOC003,87,216.1,S0023,2024-09-03,31,103
2024-11-01,P000061,LOC003,152,230.96,S0023,2024-10-03,31,103
2024-12-01,P000061,LOC003,225,219.7,S0023,2024-11-26,31,103
2024-12-31,P000061,LOC003,302,216.28,S0023,2024-12-19,31,103
2025-01-30,P000061,LOC003,351,237.5,S0023,2025-01-09,31,103
2025-03-01,P000061,LOC003,334,230.73,S0023,2025-02-12,31,103
2025-03-31,P000061,LOC003,367,222.87,S0023,2025-03-24,31,103
2024-10-02,P000061,LOC004,8,217.73,S0023,2024-09-29,31,103
2024-11-01,P000061,LOC004,34,234.3,S0023,2024-10-25,31,103
2024-12-01,P000061,LOC004,97,226.61,S0023,2024-11-16,31,103
2024-12-31,P000061,LOC004,106,229.3,S0023,2024-12-27,31,103
2025-01-30,P000061,LOC004,59,226.06,S0023,2025-01-07,31,103
2025-03-01,P000061,LOC004,154,220.71,S0023,2025-02-24,31,103
2025-03-31,P000061,LOC004,248,217.77,S0023,2025-03-12,31,103
2024-10-02,P000061,LOC005,62,231.69,S0023,2024-09-14,31,103
2024-11-01,P000061,LOC005,95,225.39,S0023,2024-10-02,31,103
2024-12-01,P000061,LOC005,86,218.14,S0023,2024-11-07,31,103
2024-12-31,P000061,LOC005,64,216.43,S0023,2024-12-29,31,103
2025-01-30,P000061,LOC005,98,234.29,S0023,2025-01-19,31,103
2025-03-01,P000061,LOC005,174,233.24,S0023,2025-02-16,31,103
2025-03-31,P000061,LOC005,156,217.29,S0023,2025-03-06,31,103
2024-10-02,P000061,LOC006,68,222.95,S0023,2024-09-28,31,103
2024-11-01,P000061,LOC006,96,237.34,S0023,2024-10-26,31,103
2024-12-01,P000061,LOC006,139,218.69,S0023,2024-11-10,31,103
2024-12-31,P000061,LOC006,99,223.09,S0023,2024-12-17,31,103
2025-01-30,P000061,LOC006,126,222.97,S0023,2025-01-06,31,103
2025-03-01,P000061,LOC006,107,217.74,S0023,2025-02-23,31,103
2025-03-31,P000061,LOC006,114,238.17,S0023,2025-03-10,31,103
2024-10-02,P000061,LOC007,100,233.55,S0023,2024-09-26,31,103
2024-11-01,P000061,LOC007,98,224.65,S0023,2024-10-24,31,103
2024-12-01,P000061,LOC007,131,236.12,S0023,2024-11-20,31,103
2024-12-31,P000061,LOC007,191,216.12,S0023,2024-12-18,31,103
2025-01-30,P000061,LOC007,212,236.12,S0023,2025-01-01,31,103
2025-03-01,P000061,LOC007,272,220.56,S0023,2025-02-21,31,103
2025-03-31,P000061,LOC007,320,236.51,S0023,2025-03-29,31,103
2024-10-02,P000061,LOC008,64,222.03,S0023,2024-09-25,31,103
2024-11-01,P000061,LOC008,28,231.59,S0023,2024-10-07,31,103
2024-12-01,P000061,LOC008,101,223.76,S0023,2024-11-18,31,103
2024-12-31,P000061,LOC008,113,215.96,S0023,2024-12-12,31,103
2025-01-30,P000061,LOC008,172,227.2,S0023,2025-01-28,31,103
2025-03-01,P000061,LOC008,194,223.45,S0023,2025-02-07,31,103
2025-03-31,P000061,LOC008,200,224.83,S0023,2025-03-11,31,103
2024-10-02,P000061,LOC009,52,217.61,S0023,2024-09-20,31,103
2024-11-01,P000061,LOC009,116,230.73,S0023,2024-10-21,31,103
2024-12-01,P000061,LOC009,122,235.52,S0023,2024-11-16,31,103
2024-12-31,P000061,LOC009,119,233.55,S0023,2024-12-05,31,103
2025-01-30,P000061,LOC009,75,233.46,S0023,2025-01-22,31,103
2025-03-01,P000061,LOC009,142,227.59,S0023,2025-02-06,31,103
2025-03-31,P000061,LOC009,173,225.83,S0023,2025-03-09,31,103
2024-10-02,P000061,LOC010,40,236.81,S0023,2024-09-21,31,103
2024-11-01,P000061,LOC010,0,231.88,S0023,2024-10-02,31,103
2024-12-01,P000061,LOC010,94,218.27,S0023,2024-11-06,31,103
2024-12-31,P000061,LOC010,181,217.36,S0023,2024-12-06,31,103
2025-01-30,P000061,LOC010,261,230.15,S0023,2025-01-04,31,103
2025-03-01,P000061,LOC010,220,223.71,S0023,2025-02-03,31,103
2025-03-31,P000061,LOC010,245,218.9,S0023,2025-03-19,31,103
2024-10-02,P000061,LOC011,23,232.23,S0023,2024-09-04,31,103
2024-11-01,P000061,LOC011,54,219.78,S0023,2024-10-28,31,103
2024-12-01,P000061,LOC011,150,228.95,S0023,2024-11-11,31,103
2024-12-31,P000061,LOC011,230,221.55,S0023,2024-12-09,31,103
2025-01-30,P000061,LOC011,326,237.12,S0023,2024-12-31,31,103
2025-03-01,P000061,LOC011,410,219.57,S0023,2025-02-13,31,103
2025-03-31,P000061,LOC011,390,216.85,S0023,2025-03-05,31,103
2024-10-02,P000061,LOC012,94,233.08,S0023,2024-10-01,31,103
2024-11-01,P000061,LOC012,137,229.96,S0023,2024-10-28,31,103
2024-12-01,P000061,LOC012,230,218.28,S0023,2024-11-08,31,103
2024-12-31,P000061,LOC012,239,225.41,S0023,2024-12-07,31,103
2025-01-30,P000061,LOC012,310,223.5,S0023,2025-01-15,31,103
2025-03-01,P000061,LOC012,394,226.25,S0023,2025-02-10,31,103
2025-03-31,P000061,LOC012,410,226.52,S0023,2025-03-19,31,103
2024-10-02,P000061,LOC013,0,236.73,S0023,2024-09-29,31,103
2024-11-01,P000061,LOC013,36,219.09,S0023,2024-10-05,31,103
2024-12-01,P000061,LOC013,8,220.41,S0023,2024-11-28,31,103
2024-12-31,P000061,LOC013,105,225.17,S0023,2024-12-06,31,103
2025-01-30,P000061,LOC013,151,221.27,S0023,2024-12-31,31,103
2025-03-01,P000061,LOC013,149,228.09,S0023,2025-02-01,31,103
2025-03-31,P000061,LOC013,236,218.71,S0023,2025-03-20,31,103
2024-10-02,P000061,LOC014,0,228.27,S0023,2024-09-12,31,103
2024-11-01,P000061,LOC014,94,234.67,S0023,2024-10-06,31,103
2024-12-01,P000061,LOC014,117,228.36,S0023,2024-11-26,31,103
2024-12-31,P000061,LOC014,139,225.85,S0023,2024-12-14,31,103
2025-01-30,P000061,LOC014,209,226.78,S0023,2025-01-13,31,103
2025-03-01,P000061,LOC014,261,229.19,S0023,2025-02-05,31,103
2025-03-31,P000061,LOC014,343,219.24,S0023,2025-03-10,31,103
2024-10-02,P000061,LOC015,42,231.98,S0023,2024-09-13,31,103
2024-11-01,P000061,LOC015,110,226.47,S0023,2024-10-30,31,103
2024-12-01,P000061,LOC015,177,234.42,S0023,2024-11-26,31,103
2024-12-31,P000061,LOC015,211,237.52,S0023,2024-12-19,31,103
2025-01-30,P000061,LOC015,267,230.99,S0023,2025-01-25,31,103
2025-03-01,P000061,LOC015,312,226.48,S0023,2025-02-17,31,103
2025-03-31,P000061,LOC015,288,235.99,S0023,2025-03-22,31,103
2024-10-02,P000061,LOC016,90,222.91,S0023,2024-09-17,31,103
2024-11-01,P000061,LOC016,107,229.49,S0023,2024-10-28,31,103
2024-12-01,P000061,LOC016,129,236.28,S0023,2024-11-23,31,103
2024-12-31,P000061,LOC016,111,236.96,S0023,2024-12-03,31,103
2025-01-30,P000061,LOC016,211,235.14,S0023,2025-01-13,31,103
2025-03-01,P000061,LOC016,210,237.18,S0023,2025-01-31,31,103
2025-03-31,P000061,LOC016,265,233.93,S0023,2025-03-05,31,103
2024-10-02,P000061,LOC017,37,219.94,S0023,2024-09-15,31,103
2024-11-01,P000061,LOC017,81,226.81,S0023,2024-10-11,31,103
2024-12-01,P000061,LOC017,89,224.83,S0023,2024-11-23,31,103
2024-12-31,P000061,LOC017,47,227.01,S0023,2024-12-29,31,103
2025-01-30,P000061,LOC017,39,216.65,S0023,2025-01-19,31,103
2025-03-01,P000061,LOC017,45,224.71,S0023,2025-02-09,31,103
2025-03-31,P000061,LOC017,73,235.92,S0023,2025-03-03,31,103
2024-10-02,P000061,LOC018,80,226.79,S0023,2024-09-12,31,103
2024-11-01,P000061,LOC018,30,232.21,S0023,2024-10-06,31,103
2024-12-01,P000061,LOC018,0,224.82,S0023,2024-11-26,31,103
2024-12-31,P000061,LOC018,8,220.56,S0023,2024-12-07,31,103
2025-01-30,P000061,LOC018,46,221.88,S0023,2025-01-03,31,103
2025-03-01,P000061,LOC018,102,227.17,S0023,2025-02-23,31,103
2025-03-31,P000061,LOC018,135,225.41,S0023,2025-03-05,31,103
2024-10-02,P000061,LOC019,0,231.87,S0023,2024-09-14,31,103
2024-11-01,P000061,LOC019,10,216.72,S0023,2024-10-06,31,103
2024-12-01,P000061,LOC019,105,237.49,S0023,2024-11-04,31,103
2024-12-31,P000061,LOC019,103,228.28,S0023,2024-12-21,31,103
2025-01-30,P000061,LOC019,86,217.26,S0023,2025-01-16,31,103
2025-03-01,P000061,LOC019,125,217.7,S0023,2025-02-07,31,103
2025-03-31,P000061,LOC019,216,218.94,S0023,2025-03-08,31,103
2024-10-02,P000061,LOC020,59,219.93,S0023,2024-09-05,31,103
2024-11-01,P000061,LOC020,108,227.46,S0023,2024-10-26,31,103
2024-12-01,P000061,LOC020,68,238.18,S0023,2024-11-16,31,103
2024-12-31,P000061,LOC020,143,236.65,S0023,2024-12-25,31,103
2025-01-30,P000061,LOC020,225,233.86,S0023,2025-01-01,31,103
2025-03-01,P000061,LOC020,208,232.82,S0023,2025-02-13,31,103
2025-03-31,P000061,LOC020,220,234.14,S0023,2025-03-06,31,103
2024-10-02,P000062,LOC001,716,445.25,S0013,2024-09-11,18,885
2024-11-01,P000062,LOC001,770,439.74,S0013,2024-10-05,18,885
2024-12-01,P000062,LOC001,728,457.22,S0013,2024-11-24,18,885
2024-12-31,P000062,LOC001,737,471.48,S0013,2024-12-24,18,885
2025-01-30,P000062,LOC001,721,436.78,S0013,2024-12-31,18,885
2025-03-01,P000062,LOC001,682,476.46,S0013,2025-02-05,18,885
2025-03-31,P000062,LOC001,634,444.34,S0013,2025-03-30,18,885
2024-10-02,P000062,LOC002,610,481.08,S0013,2024-09-20,18,885
2024-11-01,P000062,LOC002,593,453.95,S0013,2024-10-20,18,885
2024-12-01,P000062,LOC002,601,445.57,S0013,2024-11-12,18,885
2024-12-31,P000062,LOC002,658,453.57,S0013,2024-12-23,18,885
2025-01-30,P000062,LOC002,691,481.38,S0013,2025-01-02,18,885
2025-03-01,P000062,LOC002,688,455.53,S0013,2025-02-15,18,885
2025-03-31,P000062,LOC002,765,464.63,S0013,2025-03-01,18,885
2024-10-02,P000062,LOC003,582,473.86,S0013,2024-09-18,18,885
2024-11-01,P000062,LOC003,682,471.86,S0013,2024-10-03,18,885
2024-12-01,P000062,LOC003,677,452.33,S0013,2024-11-06,18,885
2024-12-31,P000062,LOC003,770,482.38,S0013,2024-12-29,18,885
2025-01-30,P000062,LOC003,791,475.6,S0013,2024-12-31,18,885
2025-03-01,P000062,LOC003,822,472.87,S0013,2025-02-02,18,885
2025-03-31,P000062,LOC003,886,475.66,S0013,2025-03-06,18,885
2024-10-02,P000062,LOC004,604,444.38,S0013,2024-09-11,18,885
2024-11-01,P000062,LOC004,578,449.18,S0013,2024-10-18,18,885
2024-12-01,P000062,LOC004,544,448.85,S0013,2024-11-02,18,885
2024-12-31,P000062,LOC004,562,482.27,S0013,2024-12-29,18,885
2025-01-30,P000062,LOC004,519,474.15,S0013,2025-01-26,18,885
2025-03-01,P000062,LOC004,487,444.55,S0013,2025-02-16,18,885
2025-03-31,P000062,LOC004,457,451.02,S0013,2025-03-29,18,885
2024-10-02,P000062,LOC005,664,451.88,S0013,2024-09-23,18,885
2024-11-01,P000062,LOC005,697,469.6,S0013,2024-10-18,18,885
2024-12-01,P000062,LOC005,675,445.89,S0013,2024-11-30,18,885
2024-12-31,P000062,LOC005,685,441.66,S0013,2024-12-01,18,885
2025-01-30,P000062,LOC005,777,440.59,S0013,2025-01-19,18,885
2025-03-01,P000062,LOC005,775,470.15,S0013,2025-01-30,18,885
2025-03-31,P000062,LOC005,837,448.87,S0013,2025-03-21,18,885
2024-10-02,P000062,LOC006,647,444.08,S0013,2024-09-15,18,885
2024-11-01,P000062,LOC006,729,438.03,S0013,2024-10-02,18,885
2024-12-01,P000062,LOC006,723,460.65,S0013,2024-11-05,18,885
2024-12-31,P000062,LOC006,794,454.64,S0013,2024-12-25,18,885
2025-01-30,P000062,LOC006,845,450.17,S0013,2025-01-29,18,885
2025-03-01,P000062,LOC006,831,439.98,S0013,2025-01-30,18,885
2025-03-31,P000062,LOC006,871,456.3,S0013,2025-03-06,18,885
2024-10-02,P000062,LOC007,642,437.23,S0013,2024-10-01,18,885
2024-11-01,P000062,LOC007,667,438.27,S0013,2024-10-30,18,885
2024-12-01,P000062,LOC007,714,476.23,S0013,2024-11-12,18,885
2024-12-31,P000062,LOC007,696,481.17,S0013,2024-12-04,18,885
2025-01-30,P000062,LOC007,760,461.84,S0013,2025-01-29,18,885
2025-03-01,P000062,LOC007,769,459.2,S0013,2025-02-13,18,885
2025-03-31,P000062,LOC007,722,462.08,S0013,2025-03-18,18,885
2024-10-02,P000062,LOC008,598,461.59,S0013,2024-09-30,18,885
2024-11-01,P000062,LOC008,586,463.1,S0013,2024-10-12,18,885
2024-12-01,P000062,LOC008,613,470.96,S0013,2024-11-09,18,885
2024-12-31,P000062,LOC008,687,440.61,S0013,2024-12-30,18,885
2025-01-30,P000062,LOC008,752,455.18,S0013,2025-01-27,18,885
2025-03-01,P000062,LOC008,833,453.76,S0013,2025-02-16,18,885
2025-03-31,P000062,LOC008,810,461.81,S0013,2025-03-19,18,885
2024-10-02,P000062,LOC009,668,444.28,S0013,2024-09-14,18,885
2024-11-01,P000062,LOC009,630,464.12,S0013,2024-10-10,18,885
2024-12-01,P000062,LOC009,611,446.13,S0013,2024-11-02,18,885
2024-12-31,P000062,LOC009,654,450.75,S0013,2024-12-23,18,885
2025-01-30,P000062,LOC009,668,471.78,S0013,2025-01-10,18,885
2025-03-01,P000062,LOC009,658,468.99,S0013,2025-02-23,18,885
2025-03-31,P000062,LOC009,754,444.42,S0013,2025-03-10,18,885
2024-10-02,P000062,LOC010,671,454.97,S0013,2024-09-11,18,885
2024-11-01,P000062,LOC010,704,456.12,S0013,2024-10-29,18,885
2024-12-01,P000062,LOC010,733,437.47,S0013,2024-11-01,18,885
2024-12-31,P000062,LOC010,727,482.38,S0013,2024-12-16,18,885
2025-01-30,P000062,LOC010,790,468.83,S0013,2025-01-08,18,885
2025-03-01,P000062,LOC010,863,451.54,S0013,2025-02-18,18,885
2025-03-31,P000062,LOC010,813,469.32,S0013,2025-03-06,18,885
2024-10-02,P000062,LOC011,577,443.8,S0013,2024-09-13,18,885
2024-11-01,P000062,LOC011,648,468.7,S0013,2024-10-30,18,885
2024-12-01,P000062,LOC011,706,452.44,S0013,2024-11-11,18,885
2024-12-31,P000062,LOC011,776,480.55,S0013,2024-12-13,18,885
2025-01-30,P000062,LOC011,780,473.77,S0013,2025-01-02,18,885
2025-03-01,P000062,LOC011,841,446.27,S0013,2025-02-28,18,885
2025-03-31,P000062,LOC011,883,452.01,S0013,2025-03-07,18,885
2024-10-02,P000062,LOC012,645,469.28,S0013,2024-09-06,18,885
2024-11-01,P000062,LOC012,633,453.08,S0013,2024-10-31,18,885
2024-12-01,P000062,LOC012,716,468.74,S0013,2024-11-12,18,885
2024-12-31,P000062,LOC012,758,463.0,S0013,2024-12-13,18,885
2025-01-30,P000062,LOC012,833,481.82,S0013,2025-01-18,18,885
2025-03-01,P000062,LOC012,877,456.46,S0013,2025-02-14,18,885
2025-03-31,P000062,LOC012,926,452.94,S0013,2025-03-14,18,885
2024-10-02,P000062,LOC013,643,468.76,S0013,2024-09-09,18,885
2024-11-01,P000062,LOC013,604,463.9,S0013,2024-10-06,18,885
2024-12-01,P000062,LOC013,647,456.79,S0013,2024-11-13,18,885
2024-12-31,P000062,LOC013,702,465.33,S0013,2024-12-17,18,885
2025-01-30,P000062,LOC013,769,466.86,S0013,2025-01-12,18,885
2025-03-01,P000062,LOC013,803,439.17,S0013,2025-02-24,18,885
2025-03-31,P000062,LOC013,835,451.87,S0013,2025-03-19,18,885
2024-10-02,P000062,LOC014,621,457.1,S0013,2024-09-25,18,885
2024-11-01,P000062,LOC014,682,478.12,S0013,2024-10-10,18,885
2024-12-01,P000062,LOC014,771,452.34,S0013,2024-11-13,18,885
2024-12-31,P000062,LOC014,810,461.46,S0013,2024-12-12,18,885
2025-01-30,P000062,LOC014,801,451.72,S0013,2025-01-06,18,885
2025-03-01,P000062,LOC014,780,472.16,S0013,2025-01-30,18,885
2025-03-31,P000062,LOC014,815,479.54,S0013,2025-03-22,18,885
2024-10-02,P000062,LOC015,594,438.18,S0013,2024-09-07,18,885
2024-11-01,P000062,LOC015,600,448.79,S0013,2024-10-17,18,885
2024-12-01,P000062,LOC015,677,466.71,S0013,2024-11-09,18,885
2024-12-31,P000062,LOC015,663,464.56,S0013,2024-12-03,18,885
2025-01-30,P000062,LOC015,674,467.99,S0013,2025-01-01,18,885
2025-03-01,P000062,LOC015,717,469.89,S0013,2025-02-18,18,885
2025-03-31,P000062,LOC015,720,447.65,S0013,2025-03-12,18,885
2024-10-02,P000062,LOC016,623,463.75,S0013,2024-09-14,18,885
2024-11-01,P000062,LOC016,682,478.86,S0013,2024-10-06,18,885
2024-12-01,P000062,LOC016,779,447.24,S0013,2024-11-11,18,885
2024-12-31,P000062,LOC016,742,437.68,S0013,2024-12-03,18,885
2025-01-30,P000062,LOC016,713,480.86,S0013,2025-01-14,18,885
2025-03-01,P000062,LOC016,685,437.38,S0013,2025-02-01,18,885
2025-03-31,P000062,LOC016,762,471.41,S0013,2025-03-22,18,885
2024-10-02,P000062,LOC017,633,445.35,S0013,2024-09-07,18,885
2024-11-01,P000062,LOC017,645,463.68,S0013,2024-10-25,18,885
2024-12-01,P000062,LOC017,718,464.29,S0013,2024-11-01,18,885
2024-12-31,P000062,LOC017,689,469.81,S0013,2024-12-07,18,885
2025-01-30,P000062,LOC017,663,441.14,S0013,2025-01-08,18,885
2025-03-01,P000062,LOC017,657,475.09,S0013,2025-02-13,18,885
2025-03-31,P000062,LOC017,728,445.63,S0013,2025-03-03,18,885
2024-10-02,P000062,LOC018,582,465.18,S0013,2024-09-17,18,885
2024-11-01,P000062,LOC018,584,461.06,S0013,2024-10-28,18,885
2024-12-01,P000062,LOC018,596,474.62,S0013,2024-11-10,18,885
2024-12-31,P000062,LOC018,549,464.23,S0013,2024-12-17,18,885
2025-01-30,P000062,LOC018,621,456.69,S0013,2025-01-12,18,885
2025-03-01,P000062,LOC018,584,475.64,S0013,2025-02-23,18,885
2025-03-31,P000062,LOC018,534,463.67,S0013,2025-03-01,18,885
2024-10-02,P000062,LOC019,663,443.66,S0013,2024-09-20,18,885
2024-11-01,P000062,LOC019,646,445.67,S0013,2024-10-29,18,885
2024-12-01,P000062,LOC019,719,468.23,S0013,2024-11-24,18,885
2024-12-31,P000062,LOC019,751,454.67,S0013,2024-12-30,18,885
2025-01-30,P000062,LOC019,802,479.48,S0013,2025-01-07,18,885
2025-03-01,P000062,LOC019,882,438.66,S0013,2025-02-17,18,885
2025-03-31,P000062,LOC019,867,458.65,S0013,2025-03-26,18,885
2024-10-02,P000062,LOC020,589,459.96,S0013,2024-09-07,18,885
2024-11-01,P000062,LOC020,660,467.17,S0013,2024-10-14,18,885
2024-12-01,P000062,LOC020,688,453.64,S0013,2024-11-21,18,885
2024-12-31,P000062,LOC020,762,467.5,S0013,2024-12-16,18,885
2025-01-30,P000062,LOC020,782,455.28,S0013,2025-01-15,18,885
2025-03-01,P000062,LOC020,753,465.54,S0013,2025-02-12,18,885
2025-03-31,P000062,LOC020,791,439.0,S0013,2025-03-13,18,885
2024-10-02,P000063,LOC001,840,32.7,S0011,2024-09-03,12,1165
2024-11-01,P000063,LOC001,824,34.19,S0011,2024-10-03,12,1165
2024-12-01,P000063,LOC001,795,33.16,S0011,2024-11-01,12,1165
2024-12-31,P000063,LOC001,873,32.07,S0011,2024-12-02,12,1165
2025-01-30,P000063,LOC001,827,33.53,S0011,2025-01-05,12,1165
2025-03-01,P000063,LOC001,878,33.0,S0011,2025-02-23,12,1165
2025-03-31,P000063,LOC001,904,32.74,S0011,2025-03-10,12,1165
2024-10-02,P000063,LOC002,787,32.65,S0011,2024-09-15,12,1165
2024-11-01,P000063,LOC002,815,31.97,S0011,2024-10-03,12,1165
2024-12-01,P000063,LOC002,838,33.96,S0011,2024-11-09,12,1165
2024-12-31,P000063,LOC002,810,35.12,S0011,2024-12-24,12,1165
2025-01-30,P000063,LOC002,910,35.21,S0011,2025-01-13,12,1165
2025-03-01,P000063,LOC002,969,33.5,S0011,2025-02-11,12,1165
2025-03-31,P000063,LOC002,957,32.18,S0011,2025-03-16,12,1165
2024-10-02,P000063,LOC003,757,34.95,S0011,2024-09-08,12,1165
2024-11-01,P000063,LOC003,731,33.01,S0011,2024-10-04,12,1165
2024-12-01,P000063,LOC003,732,33.37,S0011,2024-11-14,12,1165
2024-12-31,P000063,LOC003,730,33.37,S0011,2024-12-21,12,1165
2025-01-30,P000063,LOC003,728,33.23,S0011,2025-01-05,12,1165
2025-03-01,P000063,LOC003,778,33.75,S0011,2025-02-10,12,1165
2025-03-31,P000063,LOC003,787,32.28,S0011,2025-03-02,12,1165
2024-10-02,P000063,LOC004,829,34.52,S0011,2024-09-06,12,1165
2024-11-01,P000063,LOC004,807,33.49,S0011,2024-10-13,12,1165
2024-12-01,P000063,LOC004,858,34.27,S0011,2024-11-18,12,1165
2024-12-31,P000063,LOC004,933,32.35,S0011,2024-12-04,12,1165
2025-01-30,P000063,LOC004,1003,33.71,S0011,2025-01-13,12,1165
2025-03-01,P000063,LOC004,1003,32.66,S0011,2025-02-03,12,1165
2025-03-31,P000063,LOC004,1029,33.63,S0011,2025-03-23,12,1165
2024-10-02,P000063,LOC005,847,32.48,S0011,2024-09-29,12,1165
2024-11-01,P000063,LOC005,941,33.93,S0011,2024-10-22,12,1165
2024-12-01,P000063,LOC005,994,33.43,S0011,2024-11-09,12,1165
2024-12-31,P000063,LOC005,1078,34.19,S0011,2024-12-30,12,1165
2025-01-30,P000063,LOC005,1119,33.6,S0011,2025-01-26,12,1165
2025-03-01,P000063,LOC005,1115,33.11,S0011,2025-02-01,12,1165
2025-03-31,P000063,LOC005,1155,32.05,S0011,2025-03-08,12,1165
2024-10-02,P000063,LOC006,758,33.23,S0011,2024-09-23,12,1165
2024-11-01,P000063,LOC006,781,32.8,S0011,2024-10-15,12,1165
2024-12-01,P000063,LOC006,797,35.22,S0011,2024-11-13,12,1165
2024-12-31,P000063,LOC006,818,33.87,S0011,2024-12-24,12,1165
2025-01-30,P000063,LOC006,886,35.29,S0011,2025-01-25,12,1165
2025-03-01,P000063,LOC006,936,31.96,S0011,2025-02-12,12,1165
2025-03-31,P000063,LOC006,909,32.2,S0011,2025-03-09,12,1165
2024-10-02,P000063,LOC007,883,34.82,S0011,2024-09-05,12,1165
2024-11-01,P000063,LOC007,899,32.62,S0011,2024-10-08,12,1165
2024-12-01,P000063,LOC007,901,32.33,S0011,2024-11-06,12,1165
2024-12-31,P000063,LOC007,913,33.73,S0011,2024-12-18,12,1165
2025-01-30,P000063,LOC007,940,34.73,S0011,2025-01-11,12,1165
2025-03-01,P000063,LOC007,969,34.32,S0011,2025-02-02,12,1165
2025-03-31,P000063,LOC007,974,33.65,S0011,2025-03-27,12,1165
2024-10-02,P000063,LOC008,881,34.31,S0011,2024-09-25,12,1165
2024-11-01,P000063,LOC008,902,32.94,S0011,2024-10-19,12,1165
2024-12-01,P000063,LOC008,925,33.59,S0011,2024-11-26,12,1165
2024-12-31,P000063,LOC008,963,34.02,S0011,2024-12-12,12,1165
2025-01-30,P000063,LOC008,951,32.31,S0011,2025-01-29,12,1165
2025-03-01,P000063,LOC008,978,33.3,S0011,2025-02-03,12,1165
2025-03-31,P000063,LOC008,956,33.34,S0011,2025-03-30,12,1165
2024-10-02,P000063,LOC009,821,33.98,S0011,2024-09-30,12,1165
2024-11-01,P000063,LOC009,778,33.48,S0011,2024-10-23,12,1165
2024-12-01,P000063,LOC009,778,33.53,S0011,2024-11-11,12,1165
2024-12-31,P000063,LOC009,836,34.08,S0011,2024-12-13,12,1165
2025-01-30,P000063,LOC009,919,32.17,S0011,2025-01-08,12,1165
2025-03-01,P000063,LOC009,966,34.64,S0011,2025-02-20,12,1165
2025-03-31,P000063,LOC009,976,32.21,S0011,2025-03-03,12,1165
2024-10-02,P000063,LOC010,869,33.42,S0011,2024-09-20,12,1165
2024-11-01,P000063,LOC010,856,32.48,S0011,2024-10-08,12,1165
2024-12-01,P000063,LOC010,884,34.78,S0011,2024-11-30,12,1165
2024-12-31,P000063,LOC010,937,32.4,S0011,2024-12-21,12,1165
2025-01-30,P000063,LOC010,1023,32.88,S0011,2025-01-20,12,1165
2025-03-01,P000063,LOC010,1106,34.39,S0011,2025-02-15,12,1165
2025-03-31,P000063,LOC010,1115,33.5,S0011,2025-03-02,12,1165
2024-10-02,P000063,LOC011,743,33.87,S0011,2024-09-24,12,1165
2024-11-01,P000063,LOC011,789,32.61,S0011,2024-10-23,12,1165
2024-12-01,P000063,LOC011,749,33.53,S0011,2024-11-17,12,1165
2024-12-31,P000063,LOC011,770,32.26,S0011,2024-12-29,12,1165
2025-01-30,P000063,LOC011,803,32.04,S0011,2025-01-17,12,1165
2025-03-01,P000063,LOC011,798,32.76,S0011,2025-02-23,12,1165
2025-03-31,P000063,LOC011,785,33.05,S0011,2025-03-09,12,1165
2024-10-02,P000063,LOC012,857,32.37,S0011,2024-09-17,12,1165
2024-11-01,P000063,LOC012,956,33.15,S0011,2024-10-29,12,1165
2024-12-01,P000063,LOC012,932,34.53,S0011,2024-11-25,12,1165
2024-12-31,P000063,LOC012,900,34.69,S0011,2024-12-08,12,1165
2025-01-30,P000063,LOC012,857,32.58,S0011,2025-01-29,12,1165
2025-03-01,P000063,LOC012,957,33.73,S0011,2025-02-25,12,1165
2025-03-31,P000063,LOC012,911,34.92,S0011,2025-03-17,12,1165
2024-10-02,P000063,LOC013,810,33.09,S0011,2024-09-25,12,1165
2024-11-01,P000063,LOC013,790,32.63,S0011,2024-10-16,12,1165
2024-12-01,P000063,LOC013,806,32.85,S0011,2024-11-20,12,1165
2024-12-31,P000063,LOC013,851,35.3,S0011,2024-12-12,12,1165
2025-01-30,P000063,LOC013,947,33.38,S0011,2025-01-08,12,1165
2025-03-01,P000063,LOC013,939,32.45,S0011,2025-02-14,12,1165
2025-03-31,P000063,LOC013,931,35.26,S0011,2025-03-07,12,1165
2024-10-02,P000063,LOC014,841,34.51,S0011,2024-09-13,12,1165
2024-11-01,P000063,LOC014,921,31.97,S0011,2024-10-14,12,1165
2024-12-01,P000063,LOC014,912,33.75,S0011,2024-11-17,12,1165
2024-12-31,P000063,LOC014,930,33.45,S0011,2024-12-14,12,1165
2025-01-30,P000063,LOC014,985,33.35,S0011,2025-01-15,12,1165
2025-03-01,P000063,LOC014,1005,34.65,S0011,2025-02-17,12,1165
2025-03-31,P000063,LOC014,1052,32.78,S0011,2025-03-07,12,1165
2024-10-02,P000063,LOC015,741,35.27,S0011,2024-09-10,12,1165
2024-11-01,P000063,LOC015,744,33.7,S0011,2024-10-26,12,1165
2024-12-01,P000063,LOC015,778,34.58,S0011,2024-11-20,12,1165
2024-12-31,P000063,LOC015,734,35.18,S0011,2024-12-26,12,1165
2025-01-30,P000063,LOC015,756,34.63,S0011,2025-01-03,12,1165
2025-03-01,P000063,LOC015,810,32.71,S0011,2025-02-02,12,1165
2025-03-31,P000063,LOC015,865,34.35,S0011,2025-03-09,12,1165
2024-10-02,P000063,LOC016,744,34.08,S0011,2024-09-14,12,1165
2024-11-01,P000063,LOC016,837,33.85,S0011,2024-10-30,12,1165
2024-12-01,P000063,LOC016,903,33.36,S0011,2024-11-15,12,1165
2024-12-31,P000063,LOC016,946,33.44,S0011,2024-12-16,12,1165
2025-01-30,P000063,LOC016,897,32.78,S0011,2025-01-15,12,1165
2025-03-01,P000063,LOC016,865,33.35,S0011,2025-02-05,12,1165
2025-03-31,P000063,LOC016,837,33.67,S0011,2025-03-03,12,1165
2024-10-02,P000063,LOC017,864,32.63,S0011,2024-09-17,12,1165
2024-11-01,P000063,LOC017,840,32.21,S0011,2024-10-22,12,1165
2024-12-01,P000063,LOC017,825,32.64,S0011,2024-11-27,12,1165
2024-12-31,P000063,LOC017,847,32.58,S0011,2024-12-19,12,1165
2025-01-30,P000063,LOC017,922,33.3,S0011,2024-12-31,12,1165
2025-03-01,P000063,LOC017,928,34.84,S0011,2025-02-21,12,1165
2025-03-31,P000063,LOC017,934,33.94,S0011,2025-03-11,12,1165
2024-10-02,P000063,LOC018,755,34.25,S0011,2024-09-12,12,1165
2024-11-01,P000063,LOC018,836,34.26,S0011,2024-10-28,12,1165
2024-12-01,P000063,LOC018,795,34.64,S0011,2024-11-11,12,1165
2024-12-31,P000063,LOC018,830,34.34,S0011,2024-12-25,12,1165
2025-01-30,P000063,LOC018,865,35.3,S0011,2025-01-09,12,1165
2025-03-01,P000063,LOC018,829,33.26,S0011,2025-02-11,12,1165
2025-03-31,P000063,LOC018,823,34.56,S0011,2025-03-19,12,1165
2024-10-02,P000063,LOC019,821,32.64,S0011,2024-09-12,12,1165
2024-11-01,P000063,LOC019,795,34.07,S0011,2024-10-20,12,1165
2024-12-01,P000063,LOC019,759,33.32,S0011,2024-11-23,12,1165
2024-12-31,P000063,LOC019,844,32.33,S0011,2024-12-29,12,1165
2025-01-30,P000063,LOC019,887,33.95,S0011,2025-01-17,12,1165
2025-03-01,P000063,LOC019,912,34.53,S0011,2025-02-16,12,1165
2025-03-31,P000063,LOC019,921,34.46,S0011,2025-03-26,12,1165
2024-10-02,P000063,LOC020,758,34.45,S0011,2024-09-10,12,1165
2024-11-01,P000063,LOC020,709,34.46,S0011,2024-10-12,12,1165
2024-12-01,P000063,LOC020,701,34.33,S0011,2024-11-14,12,1165
2024-12-31,P000063,LOC020,657,34.01,S0011,2024-12-03,12,1165
2025-01-30,P000063,LOC020,757,32.32,S0011,2025-01-24,12,1165
2025-03-01,P000063,LOC020,834,32.71,S0011,2025-02-06,12,1165
2025-03-31,P000063,LOC020,802,34.41,S0011,2025-03-21,12,1165
2024-10-02,P000064,LOC001,286,65.73,S0012,2024-09-29,43,332
2024-11-01,P000064,LOC001,377,66.45,S0012,2024-10-20,43,332
2024-12-01,P000064,LOC001,343,63.17,S0012,2024-11-11,43,332
2024-12-31,P000064,LOC001,379,68.18,S0012,2024-12-04,43,332
2025-01-30,P000064,LOC001,342,68.94,S0012,2025-01-14,43,332
2025-03-01,P000064,LOC001,414,69.1,S0012,2025-02-19,43,332
2025-03-31,P000064,LOC001,401,64.65,S0012,2025-03-12,43,332
2024-10-02,P000064,LOC002,193,67.37,S0012,2024-09-08,43,332
2024-11-01,P000064,LOC002,226,62.84,S0012,2024-10-28,43,332
2024-12-01,P000064,LOC002,267,66.17,S0012,2024-11-12,43,332
2024-12-31,P000064,LOC002,244,66.31,S0012,2024-12-06,43,332
2025-01-30,P000064,LOC002,240,68.36,S0012,2025-01-22,43,332
2025-03-01,P000064,LOC002,284,67.71,S0012,2025-02-22,43,332
2025-03-31,P000064,LOC002,275,64.85,S0012,2025-03-15,43,332
2024-10-02,P000064,LOC003,181,62.86,S0012,2024-10-01,43,332
2024-11-01,P000064,LOC003,236,66.55,S0012,2024-10-31,43,332
2024-12-01,P000064,LOC003,298,64.29,S0012,2024-11-15,43,332
2024-12-31,P000064,LOC003,250,66.43,S0012,2024-12-08,43,332
2025-01-30,P000064,LOC003,348,64.62,S0012,2025-01-14,43,332
2025-03-01,P000064,LOC003,363,68.15,S0012,2025-02-28,43,332
2025-03-31,P000064,LOC003,412,66.06,S0012,2025-03-06,43,332
2024-10-02,P000064,LOC004,277,66.46,S0012,2024-10-01,43,332
2024-11-01,P000064,LOC004,256,68.46,S0012,2024-10-05,43,332
2024-12-01,P000064,LOC004,324,67.43,S0012,2024-11-28,43,332
2024-12-31,P000064,LOC004,284,65.8,S0012,2024-12-29,43,332
2025-01-30,P000064,LOC004,243,68.56,S0012,2025-01-09,43,332
2025-03-01,P000064,LOC004,268,68.82,S0012,2025-02-26,43,332
2025-03-31,P000064,LOC004,333,65.75,S0012,2025-03-22,43,332
2024-10-02,P000064,LOC005,198,67.54,S0012,2024-09-27,43,332
2024-11-01,P000064,LOC005,213,68.49,S0012,2024-10-31,43,332
2024-12-01,P000064,LOC005,251,68.22,S0012,2024-11-07,43,332
2024-12-31,P000064,LOC005,302,67.92,S0012,2024-12-06,43,332
2025-01-30,P000064,LOC005,252,68.98,S0012,2025-01-20,43,332
2025-03-01,P000064,LOC005,251,63.61,S0012,2025-02-17,43,332
2025-03-31,P000064,LOC005,286,69.16,S0012,2025-03-05,43,332
2024-10-02,P000064,LOC006,223,68.09,S0012,2024-09-05,43,332
2024-11-01,P000064,LOC006,221,68.17,S0012,2024-10-10,43,332
2024-12-01,P000064,LOC006,278,66.26,S0012,2024-11-25,43,332
2024-12-31,P000064,LOC006,259,68.49,S0012,2024-12-01,43,332
2025-01-30,P000064,LOC006,282,65.87,S0012,2025-01-12,43,332
2025-03-01,P000064,LOC006,358,68.9,S0012,2025-02-10,43,332
2025-03-31,P000064,LOC006,338,67.38,S0012,2025-03-19,43,332
2024-10-02,P000064,LOC007,204,64.12,S0012,2024-09-16,43,332
2024-11-01,P000064,LOC007,233,64.81,S0012,2024-10-20,43,332
2024-12-01,P000064,LOC007,202,66.79,S0012,2024-11-03,43,332
2024-12-31,P000064,LOC007,232,67.97,S0012,2024-12-29,43,332
2025-01-30,P000064,LOC007,326,64.59,S0012,2025-01-03,43,332
2025-03-01,P000064,LOC007,283,68.66,S0012,2025-02-18,43,332
2025-03-31,P000064,LOC007,352,68.11,S0012,2025-03-29,43,332
2024-10-02,P000064,LOC008,305,63.96,S0012,2024-09-02,43,332
2024-11-01,P000064,LOC008,402,67.43,S0012,2024-10-25,43,332
2024-12-01,P000064,LOC008,480,65.09,S0012,2024-11-04,43,332
2024-12-31,P000064,LOC008,453,63.51,S0012,2024-12-10,43,332
2025-01-30,P000064,LOC008,504,67.93,S0012,2025-01-15,43,332
2025-03-01,P000064,LOC008,457,68.25,S0012,2025-02-10,43,332
2025-03-31,P000064,LOC008,414,65.34,S0012,2025-03-13,43,332
2024-10-02,P000064,LOC009,242,69.37,S0012,2024-09-24,43,332
2024-11-01,P000064,LOC009,288,68.78,S0012,2024-10-03,43,332
2024-12-01,P000064,LOC009,328,62.91,S0012,2024-11-21,43,332
2024-12-31,P000064,LOC009,378,68.47,S0012,2024-12-23,43,332
2025-01-30,P000064,LOC009,365,67.89,S0012,2025-01-26,43,332
2025-03-01,P000064,LOC009,323,67.02,S0012,2025-02-14,43,332
2025-03-31,P000064,LOC009,274,67.13,S0012,2025-03-04,43,332
2024-10-02,P000064,LOC010,288,65.4,S0012,2024-09-19,43,332
2024-11-01,P000064,LOC010,273,67.3,S0012,2024-10-22,43,332
2024-12-01,P000064,LOC010,336,66.21,S0012,2024-11-04,43,332
2024-12-31,P000064,LOC010,293,66.38,S0012,2024-12-14,43,332
2025-01-30,P000064,LOC010,304,64.58,S0012,2025-01-14,43,332
2025-03-01,P000064,LOC010,277,65.77,S0012,2025-02-20,43,332
2025-03-31,P000064,LOC010,275,64.51,S0012,2025-03-02,43,332
2024-10-02,P000064,LOC011,183,68.81,S0012,2024-09-13,43,332
2024-11-01,P000064,LOC011,192,67.9,S0012,2024-10-02,43,332
2024-12-01,P000064,LOC011,172,63.71,S0012,2024-11-28,43,332
2024-12-31,P000064,LOC011,236,63.58,S0012,2024-12-19,43,332
2025-01-30,P000064,LOC011,258,64.74,S0012,2025-01-14,43,332
2025-03-01,P000064,LOC011,253,64.38,S0012,2025-02-11,43,332
2025-03-31,P000064,LOC011,222,68.03,S0012,2025-03-13,43,332
2024-10-02,P000064,LOC012,317,68.86,S0012,2024-09-17,43,332
2024-11-01,P000064,LOC012,356,64.41,S0012,2024-10-16,43,332
2024-12-01,P000064,LOC012,365,68.41,S0012,2024-11-29,43,332
2024-12-31,P000064,LOC012,387,65.04,S0012,2024-12-03,43,332
2025-01-30,P000064,LOC012,414,66.7,S0012,2025-01-28,43,332
2025-03-01,P000064,LOC012,450,66.59,S0012,2025-02-22,43,332
2025-03-31,P000064,LOC012,496,63.26,S0012,2025-03-30,43,332
2024-10-02,P000064,LOC013,242,65.72,S0012,2024-09-30,43,332
2024-11-01,P000064,LOC013,252,64.46,S0012,2024-10-15,43,332
2024-12-01,P000064,LOC013,288,67.99,S0012,2024-11-02,43,332
2024-12-31,P000064,LOC013,267,68.55,S0012,2024-12-19,43,332
2025-01-30,P000064,LOC013,349,68.4,S0012,2025-01-26,43,332
2025-03-01,P000064,LOC013,350,68.54,S0012,2025-02-25,43,332
2025-03-31,P000064,LOC013,331,67.89,S0012,2025-03-27,43,332
2024-10-02,P000064,LOC014,305,66.71,S0012,2024-09-07,43,332
2024-11-01,P000064,LOC014,335,63.44,S0012,2024-10-20,43,332
2024-12-01,P000064,LOC014,348,68.18,S0012,2024-11-26,43,332
2024-12-31,P000064,LOC014,384,67.58,S0012,2024-12-04,43,332
2025-01-30,P000064,LOC014,408,65.37,S0012,2025-01-12,43,332
2025-03-01,P000064,LOC014,477,65.32,S0012,2025-02-20,43,332
2025-03-31,P000064,LOC014,510,63.66,S0012,2025-03-24,43,332
2024-10-02,P000064,LOC015,186,65.71,S0012,2024-09-09,43,332
2024-11-01,P000064,LOC015,154,63.62,S0012,2024-10-06,43,332
2024-12-01,P000064,LOC015,134,64.54,S0012,2024-11-11,43,332
2024-12-31,P000064,LOC015,182,69.44,S0012,2024-12-30,43,332
2025-01-30,P000064,LOC015,214,66.32,S0012,2025-01-24,43,332
2025-03-01,P000064,LOC015,260,68.11,S0012,2025-02-26,43,332
2025-03-31,P000064,LOC015,277,63.6,S0012,2025-03-28,43,332
2024-10-02,P000064,LOC016,306,67.72,S0012,2024-09-23,43,332
2024-11-01,P000064,LOC016,375,68.86,S0012,2024-10-09,43,332
2024-12-01,P000064,LOC016,337,67.52,S0012,2024-11-06,43,332
2024-12-31,P000064,LOC016,303,69.04,S0012,2024-12-18,43,332
2025-01-30,P000064,LOC016,284,66.86,S0012,2025-01-05,43,332
2025-03-01,P000064,LOC016,268,68.4,S0012,2025-02-10,43,332
2025-03-31,P000064,LOC016,352,69.15,S0012,2025-03-15,43,332
2024-10-02,P000064,LOC017,228,67.08,S0012,2024-09-18,43,332
2024-11-01,P000064,LOC017,267,69.37,S0012,2024-10-30,43,332
2024-12-01,P000064,LOC017,336,65.54,S0012,2024-11-09,43,332
2024-12-31,P000064,LOC017,411,65.81,S0012,2024-12-15,43,332
2025-01-30,P000064,LOC017,443,64.83,S0012,2025-01-15,43,332
2025-03-01,P000064,LOC017,537,66.59,S0012,2025-01-31,43,332
2025-03-31,P000064,LOC017,579,65.88,S0012,2025-03-29,43,332
2024-10-02,P000064,LOC018,240,69.16,S0012,2024-09-08,43,332
2024-11-01,P000064,LOC018,205,66.7,S0012,2024-10-22,43,332
2024-12-01,P000064,LOC018,263,68.17,S0012,2024-11-28,43,332
2024-12-31,P000064,LOC018,302,64.19,S0012,2024-12-27,43,332
2025-01-30,P000064,LOC018,283,64.6,S0012,2025-01-24,43,332
2025-03-01,P000064,LOC018,267,62.9,S0012,2025-02-18,43,332
2025-03-31,P000064,LOC018,293,67.31,S0012,2025-03-26,43,332
2024-10-02,P000064,LOC019,247,63.24,S0012,2024-09-06,43,332
2024-11-01,P000064,LOC019,295,66.74,S0012,2024-10-13,43,332
2024-12-01,P000064,LOC019,297,67.53,S0012,2024-11-19,43,332
2024-12-31,P000064,LOC019,288,68.79,S0012,2024-12-28,43,332
2025-01-30,P000064,LOC019,342,68.26,S0012,2025-01-24,43,332
2025-03-01,P000064,LOC019,346,65.47,S0012,2025-02-26,43,332
2025-03-31,P000064,LOC019,319,64.83,S0012,2025-03-25,43,332
2024-10-02,P000064,LOC020,211,67.18,S0012,2024-09-29,43,332
2024-11-01,P000064,LOC020,247,68.03,S0012,2024-10-13,43,332
2024-12-01,P000064,LOC020,275,67.42,S0012,2024-11-07,43,332
2024-12-31,P000064,LOC020,301,64.12,S0012,2024-12-03,43,332
2025-01-30,P000064,LOC020,303,67.81,S0012,2025-01-19,43,332
2025-03-01,P000064,LOC020,268,67.07,S0012,2025-02-12,43,332
2025-03-31,P000064,LOC020,336,64.62,S0012,2025-03-01,43,332
2024-10-02,P000065,LOC001,617,196.94,S0005,2024-09-24,34,176
2024-11-01,P000065,LOC001,616,201.96,S0005,2024-10-16,34,176
2024-12-01,P000065,LOC001,621,197.14,S0005,2024-11-13,34,176
2024-12-31,P000065,LOC001,630,189.71,S0005,2024-12-13,34,176
2025-01-30,P000065,LOC001,680,193.33,S0005,2025-01-27,34,176
2025-03-01,P000065,LOC001,720,205.98,S0005,2025-02-01,34,176
2025-03-31,P000065,LOC001,757,188.28,S0005,2025-03-04,34,176
2024-10-02,P000065,LOC002,525,205.43,S0005,2024-09-10,34,176
2024-11-01,P000065,LOC002,536,201.52,S0005,2024-10-20,34,176
2024-12-01,P000065,LOC002,611,191.59,S0005,2024-11-22,34,176
2024-12-31,P000065,LOC002,697,205.32,S0005,2024-12-24,34,176
2025-01-30,P000065,LOC002,789,186.78,S0005,2025-01-24,34,176
2025-03-01,P000065,LOC002,760,204.6,S0005,2025-02-25,34,176
2025-03-31,P000065,LOC002,803,197.66,S0005,2025-03-11,34,176
2024-10-02,P000065,LOC003,596,193.17,S0005,2024-09-20,34,176
2024-11-01,P000065,LOC003,585,192.23,S0005,2024-10-12,34,176
2024-12-01,P000065,LOC003,603,203.86,S0005,2024-11-23,34,176
2024-12-31,P000065,LOC003,645,195.95,S0005,2024-12-01,34,176
2025-01-30,P000065,LOC003,725,201.9,S0005,2025-01-21,34,176
2025-03-01,P000065,LOC003,719,203.98,S0005,2025-02-06,34,176
2025-03-31,P000065,LOC003,769,189.61,S0005,2025-03-22,34,176
2024-10-02,P000065,LOC004,632,188.21,S0005,2024-09-03,34,176
2024-11-01,P000065,LOC004,610,202.58,S0005,2024-10-10,34,176
2024-12-01,P000065,LOC004,690,205.17,S0005,2024-11-20,34,176
2024-12-31,P000065,LOC004,758,201.08,S0005,2024-12-06,34,176
2025-01-30,P000065,LOC004,824,197.68,S0005,2025-01-25,34,176
2025-03-01,P000065,LOC004,868,203.14,S0005,2025-02-26,34,176
2025-03-31,P000065,LOC004,956,205.9,S0005,2025-03-24,34,176
2024-10-02,P000065,LOC005,628,202.35,S0005,2024-09-14,34,176
2024-11-01,P000065,LOC005,699,194.0,S0005,2024-10-19,34,176
2024-12-01,P000065,LOC005,742,197.66,S0005,2024-11-02,34,176
2024-12-31,P000065,LOC005,729,194.11,S0005,2024-12-07,34,176
2025-01-30,P000065,LOC005,807,196.35,S0005,2025-01-21,34,176
2025-03-01,P000065,LOC005,869,193.89,S0005,2025-02-06,34,176
2025-03-31,P000065,LOC005,906,201.71,S0005,2025-03-22,34,176
2024-10-02,P000065,LOC006,604,198.07,S0005,2024-09-23,34,176
2024-11-01,P000065,LOC006,604,201.32,S0005,2024-10-27,34,176
2024-12-01,P000065,LOC006,703,201.2,S0005,2024-11-07,34,176
2024-12-31,P000065,LOC006,790,188.46,S0005,2024-12-08,34,176
2025-01-30,P000065,LOC006,783,194.53,S0005,2025-01-01,34,176
2025-03-01,P000065,LOC006,801,194.73,S0005,2025-01-30,34,176
2025-03-31,P000065,LOC006,773,205.05,S0005,2025-03-17,34,176
2024-10-02,P000065,LOC007,569,188.25,S0005,2024-09-26,34,176
2024-11-01,P000065,LOC007,623,188.71,S0005,2024-10-17,34,176
2024-12-01,P000065,LOC007,689,190.51,S0005,2024-11-24,34,176
2024-12-31,P000065,LOC007,676,189.16,S0005,2024-12-29,34,176
2025-01-30,P000065,LOC007,698,202.84,S0005,2025-01-02,34,176
2025-03-01,P000065,LOC007,767,189.19,S0005,2025-02-06,34,176
2025-03-31,P000065,LOC007,832,203.46,S0005,2025-03-10,34,176
2024-10-02,P000065,LOC008,659,187.19,S0005,2024-09-18,34,176
2024-11-01,P000065,LOC008,695,201.05,S0005,2024-10-17,34,176
2024-12-01,P000065,LOC008,667,199.56,S0005,2024-11-30,34,176
2024-12-31,P000065,LOC008,732,191.27,S0005,2024-12-14,34,176
2025-01-30,P000065,LOC008,798,203.51,S0005,2025-01-14,34,176
2025-03-01,P000065,LOC008,888,205.59,S0005,2025-01-31,34,176
2025-03-31,P000065,LOC008,939,204.82,S0005,2025-03-23,34,176
2024-10-02,P000065,LOC009,643,200.81,S0005,2024-09-30,34,176
2024-11-01,P000065,LOC009,655,199.2,S0005,2024-10-07,34,176
2024-12-01,P000065,LOC009,645,195.49,S0005,2024-11-29,34,176
2024-12-31,P000065,LOC009,690,199.36,S0005,2024-12-23,34,176
2025-01-30,P000065,LOC009,758,199.1,S0005,2025-01-15,34,176
2025-03-01,P000065,LOC009,819,202.23,S0005,2025-02-07,34,176
2025-03-31,P000065,LOC009,791,196.11,S0005,2025-03-25,34,176
2024-10-02,P000065,LOC010,647,201.83,S0005,2024-09-09,34,176
2024-11-01,P000065,LOC010,741,197.64,S0005,2024-10-27,34,176
2024-12-01,P000065,LOC010,810,197.58,S0005,2024-11-24,34,176
2024-12-31,P000065,LOC010,780,200.13,S0005,2024-12-26,34,176
2025-01-30,P000065,LOC010,758,200.74,S0005,2025-01-12,34,176
2025-03-01,P000065,LOC010,801,187.73,S0005,2025-02-09,34,176
2025-03-31,P000065,LOC010,856,195.42,S0005,2025-03-21,34,176
2024-10-02,P000065,LOC011,670,203.54,S0005,2024-09-07,34,176
2024-11-01,P000065,LOC011,665,198.02,S0005,2024-10-14,34,176
2024-12-01,P000065,LOC011,723,204.09,S0005,2024-11-20,34,176
2024-12-31,P000065,LOC011,807,187.5,S0005,2024-12-17,34,176
2025-01-30,P000065,LOC011,800,190.92,S0005,2025-01-28,34,176
2025-03-01,P000065,LOC011,897,196.74,S0005,2025-02-05,34,176
2025-03-31,P000065,LOC011,953,198.17,S0005,2025-03-29,34,176
2024-10-02,P000065,LOC012,555,195.7,S0005,2024-09-19,34,176
2024-11-01,P000065,LOC012,557,195.5,S0005,2024-10-21,34,176
2024-12-01,P000065,LOC012,512,203.0,S0005,2024-11-27,34,176
2024-12-31,P000065,LOC012,565,203.44,S0005,2024-12-27,34,176
2025-01-30,P000065,LOC012,549,199.83,S0005,2025-01-26,34,176
2025-03-01,P000065,LOC012,515,203.31,S0005,2025-02-10,34,176
2025-03-31,P000065,LOC012,598,191.94,S0005,2025-03-12,34,176
2024-10-02,P000065,LOC013,574,192.69,S0005,2024-09-29,34,176
2024-11-01,P000065,LOC013,560,204.33,S0005,2024-10-05,34,176
2024-12-01,P000065,LOC013,523,195.54,S0005,2024-11-26,34,176
2024-12-31,P000065,LOC013,522,192.07,S0005,2024-12-06,34,176
2025-01-30,P000065,LOC013,611,194.06,S0005,2025-01-09,34,176
2025-03-01,P000065,LOC013,631,199.44,S0005,2025-02-08,34,176
2025-03-31,P000065,LOC013,718,192.27,S0005,2025-03-29,34,176
2024-10-02,P000065,LOC014,634,206.32,S0005,2024-09-19,34,176
2024-11-01,P000065,LOC014,640,206.13,S0005,2024-10-12,34,176
2024-12-01,P000065,LOC014,632,192.66,S0005,2024-11-10,34,176
2024-12-31,P000065,LOC014,641,194.07,S0005,2024-12-17,34,176
2025-01-30,P000065,LOC014,699,205.64,S0005,2025-01-29,34,176
2025-03-01,P000065,LOC014,656,194.28,S0005,2025-02-12,34,176
2025-03-31,P000065,LOC014,632,190.1,S0005,2025-03-05,34,176
2024-10-02,P000065,LOC015,645,194.76,S0005,2024-09-13,34,176
2024-11-01,P000065,LOC015,633,206.28,S0005,2024-10-19,34,176
2024-12-01,P000065,LOC015,712,201.22,S0005,2024-11-13,34,176
2024-12-31,P000065,LOC015,679,187.16,S0005,2024-12-30,34,176
2025-01-30,P000065,LOC015,659,202.06,S0005,2025-01-05,34,176
2025-03-01,P000065,LOC015,616,202.92,S0005,2025-02-12,34,176
2025-03-31,P000065,LOC015,677,188.67,S0005,2025-03-28,34,176
2024-10-02,P000065,LOC016,554,189.48,S0005,2024-09-26,34,176
2024-11-01,P000065,LOC016,530,199.53,S0005,2024-10-22,34,176
2024-12-01,P000065,LOC016,564,202.71,S0005,2024-11-18,34,176
2024-12-31,P000065,LOC016,530,191.12,S0005,2024-12-06,34,176
2025-01-30,P000065,LOC016,490,199.97,S0005,2025-01-06,34,176
2025-03-01,P000065,LOC016,585,199.17,S0005,2025-02-09,34,176
2025-03-31,P000065,LOC016,579,203.89,S0005,2025-03-10,34,176
2024-10-02,P000065,LOC017,659,194.14,S0005,2024-09-20,34,176
2024-11-01,P000065,LOC017,644,188.62,S0005,2024-10-18,34,176
2024-12-01,P000065,LOC017,683,190.16,S0005,2024-11-30,34,176
2024-12-31,P000065,LOC017,685,195.0,S0005,2024-12-28,34,176
2025-01-30,P000065,LOC017,724,194.16,S0005,2025-01-13,34,176
2025-03-01,P000065,LOC017,742,201.37,S0005,2025-02-09,34,176
2025-03-31,P000065,LOC017,816,203.73,S0005,2025-03-07,34,176
2024-10-02,P000065,LOC018,526,198.81,S0005,2024-09-29,34,176
2024-11-01,P000065,LOC018,521,193.37,S0005,2024-10-07,34,176
2024-12-01,P000065,LOC018,544,195.85,S0005,2024-11-04,34,176
2024-12-31,P000065,LOC018,553,198.04,S0005,2024-12-12,34,176
2025-01-30,P000065,LOC018,549,193.47,S0005,2025-01-15,34,176
2025-03-01,P000065,LOC018,512,202.99,S0005,2025-02-08,34,176
2025-03-31,P000065,LOC018,561,196.31,S0005,2025-03-02,34,176
2024-10-02,P000065,LOC019,595,203.4,S0005,2024-09-21,34,176
2024-11-01,P000065,LOC019,600,194.21,S0005,2024-10-22,34,176
2024-12-01,P000065,LOC019,550,191.38,S0005,2024-11-30,34,176
2024-12-31,P000065,LOC019,650,194.88,S0005,2024-12-17,34,176
2025-01-30,P000065,LOC019,750,201.47,S0005,2025-01-29,34,176
2025-03-01,P000065,LOC019,747,188.8,S0005,2025-02-03,34,176
2025-03-31,P000065,LOC019,834,205.98,S0005,2025-03-06,34,176
2024-10-02,P000065,LOC020,602,196.4,S0005,2024-09-11,34,176
2024-11-01,P000065,LOC020,581,195.54,S0005,2024-10-22,34,176
2024-12-01,P000065,LOC020,670,199.91,S0005,2024-11-05,34,176
2024-12-31,P000065,LOC020,709,188.85,S0005,2024-12-30,34,176
2025-01-30,P000065,LOC020,781,190.62,S0005,2025-01-24,34,176
2025-03-01,P000065,LOC020,776,198.35,S0005,2025-02-16,34,176
2025-03-31,P000065,LOC020,797,194.82,S0005,2025-03-10,34,176
2024-10-02,P000066,LOC001,20,195.8,S0007,2024-09-08,27,393
2024-11-01,P000066,LOC001,46,201.03,S0007,2024-10-07,27,393
2024-12-01,P000066,LOC001,55,195.71,S0007,2024-11-15,27,393
2024-12-31,P000066,LOC001,104,200.65,S0007,2024-12-16,27,393
2025-01-30,P000066,LOC001,166,203.88,S0007,2025-01-05,27,393
2025-03-01,P000066,LOC001,149,189.9,S0007,2025-02-01,27,393
2025-03-31,P000066,LOC001,169,192.56,S0007,2025-03-18,27,393
2024-10-02,P000066,LOC002,17,189.89,S0007,2024-09-06,27,393
2024-11-01,P000066,LOC002,97,193.98,S0007,2024-10-17,27,393
2024-12-01,P000066,LOC002,107,186.53,S0007,2024-11-04,27,393
2024-12-31,P000066,LOC002,64,198.79,S0007,2024-12-13,27,393
2025-01-30,P000066,LOC002,31,190.76,S0007,2025-01-15,27,393
2025-03-01,P000066,LOC002,0,204.18,S0007,2025-02-05,27,393
2025-03-31,P000066,LOC002,50,195.49,S0007,2025-03-07,27,393
2024-10-02,P000066,LOC003,0,187.23,S0007,2024-09-15,27,393
2024-11-01,P000066,LOC003,0,194.63,S0007,2024-10-14,27,393
2024-12-01,P000066,LOC003,81,201.45,S0007,2024-11-09,27,393
2024-12-31,P000066,LOC003,46,201.29,S0007,2024-12-12,27,393
2025-01-30,P000066,LOC003,13,194.6,S0007,2025-01-23,27,393
2025-03-01,P000066,LOC003,24,203.04,S0007,2025-02-05,27,393
2025-03-31,P000066,LOC003,87,201.38,S0007,2025-03-26,27,393
2024-10-02,P000066,LOC004,62,190.38,S0007,2024-10-01,27,393
2024-11-01,P000066,LOC004,25,201.83,S0007,2024-10-26,27,393
2024-12-01,P000066,LOC004,0,202.67,S0007,2024-11-12,27,393
2024-12-31,P000066,LOC004,74,195.23,S0007,2024-12-25,27,393
2025-01-30,P000066,LOC004,81,192.69,S0007,2025-01-14,27,393
2025-03-01,P000066,LOC004,61,188.56,S0007,2025-02-28,27,393
2025-03-31,P000066,LOC004,153,195.34,S0007,2025-03-30,27,393
2024-10-02,P000066,LOC005,0,203.87,S0007,2024-09-27,27,393
2024-11-01,P000066,LOC005,85,199.34,S0007,2024-10-27,27,393
2024-12-01,P000066,LOC005,125,194.83,S0007,2024-11-10,27,393
2024-12-31,P000066,LOC005,136,196.38,S0007,2024-12-06,27,393
2025-01-30,P000066,LOC005,231,190.63,S0007,2025-01-28,27,393
2025-03-01,P000066,LOC005,257,192.94,S0007,2025-02-24,27,393
2025-03-31,P000066,LOC005,265,203.54,S0007,2025-03-28,27,393
2024-10-02,P000066,LOC006,0,189.72,S0007,2024-09-30,27,393
2024-11-01,P000066,LOC006,20,192.42,S0007,2024-10-04,27,393
2024-12-01,P000066,LOC006,9,203.29,S0007,2024-11-18,27,393
2024-12-31,P000066,LOC006,50,194.54,S0007,2024-12-03,27,393
2025-01-30,P000066,LOC006,135,199.5,S0007,2025-01-03,27,393
2025-03-01,P000066,LOC006,118,197.46,S0007,2025-02-28,27,393
2025-03-31,P000066,LOC006,197,201.9,S0007,2025-03-16,27,393
2024-10-02,P000066,LOC007,31,191.55,S0007,2024-09-06,27,393
2024-11-01,P000066,LOC007,18,200.23,S0007,2024-10-13,27,393
2024-12-01,P000066,LOC007,97,195.48,S0007,2024-11-19,27,393
2024-12-31,P000066,LOC007,146,194.94,S0007,2024-12-25,27,393
2025-01-30,P000066,LOC007,240,191.54,S0007,2025-01-16,27,393
2025-03-01,P000066,LOC007,278,190.35,S0007,2025-01-30,27,393
2025-03-31,P000066,LOC007,317,193.82,S0007,2025-03-26,27,393
2024-10-02,P000066,LOC008,0,200.04,S0007,2024-09-15,27,393
2024-11-01,P000066,LOC008,88,196.74,S0007,2024-10-29,27,393
2024-12-01,P000066,LOC008,178,201.76,S0007,2024-11-26,27,393
2024-12-31,P000066,LOC008,132,190.8,S0007,2024-12-16,27,393
2025-01-30,P000066,LOC008,212,190.15,S0007,2025-01-18,27,393
2025-03-01,P000066,LOC008,206,191.2,S0007,2025-02-15,27,393
2025-03-31,P000066,LOC008,253,192.89,S0007,2025-03-23,27,393
2024-10-02,P000066,LOC009,0,192.2,S0007,2024-09-12,27,393
2024-11-01,P000066,LOC009,0,192.03,S0007,2024-10-08,27,393
2024-12-01,P000066,LOC009,21,185.43,S0007,2024-11-20,27,393
2024-12-31,P000066,LOC009,0,197.7,S0007,2024-12-25,27,393
2025-01-30,P000066,LOC009,80,201.8,S0007,2025-01-01,27,393
2025-03-01,P000066,LOC009,143,190.14,S0007,2025-01-30,27,393
2025-03-31,P000066,LOC009,231,188.01,S0007,2025-03-30,27,393
2024-10-02,P000066,LOC010,82,187.03,S0007,2024-09-06,27,393
2024-11-01,P000066,LOC010,178,185.33,S0007,2024-10-07,27,393
2024-12-01,P000066,LOC010,195,188.9,S0007,2024-11-13,27,393
2024-12-31,P000066,LOC010,196,204.58,S0007,2024-12-20,27,393
2025-01-30,P000066,LOC010,249,204.02,S0007,2025-01-04,27,393
2025-03-01,P000066,LOC010,247,191.73,S0007,2025-02-12,27,393
2025-03-31,P000066,LOC010,285,192.86,S0007,2025-03-13,27,393
2024-10-02,P000066,LOC011,15,203.83,S0007,2024-09-20,27,393
2024-11-01,P000066,LOC011,24,188.78,S0007,2024-10-14,27,393
2024-12-01,P000066,LOC011,18,195.28,S0007,2024-11-17,27,393
2024-12-31,P000066,LOC011,29,192.14,S0007,2024-12-04,27,393
2025-01-30,P000066,LOC011,17,200.15,S0007,2025-01-16,27,393
2025-03-01,P000066,LOC011,86,201.19,S0007,2025-02-21,27,393
2025-03-31,P000066,LOC011,179,188.33,S0007,2025-03-25,27,393
2024-10-02,P000066,LOC012,42,197.61,S0007,2024-09-10,27,393
2024-11-01,P000066,LOC012,50,198.48,S0007,2024-10-10,27,393
2024-12-01,P000066,LOC012,92,193.25,S0007,2024-11-08,27,393
2024-12-31,P000066,LOC012,126,186.75,S0007,2024-12-07,27,393
2025-01-30,P000066,LOC012,121,192.72,S0007,2025-01-14,27,393
2025-03-01,P000066,LOC012,159,197.98,S0007,2025-01-30,27,393
2025-03-31,P000066,LOC012,177,199.65,S0007,2025-03-19,27,393
2024-10-02,P000066,LOC013,106,196.68,S0007,2024-09-08,27,393
2024-11-01,P000066,LOC013,88,200.12,S0007,2024-10-21,27,393
2024-12-01,P000066,LOC013,148,204.24,S0007,2024-11-12,27,393
2024-12-31,P000066,LOC013,216,199.76,S0007,2024-12-29,27,393
2025-01-30,P000066,LOC013,313,203.04,S0007,2025-01-25,27,393
2025-03-01,P000066,LOC013,362,200.83,S0007,2025-02-13,27,393
2025-03-31,P000066,LOC013,401,186.46,S0007,2025-03-24,27,393
2024-10-02,P000066,LOC014,55,188.27,S0007,2024-09-04,27,393
2024-11-01,P000066,LOC014,84,190.3,S0007,2024-10-27,27,393
2024-12-01,P000066,LOC014,136,193.82,S0007,2024-11-09,27,393
2024-12-31,P000066,LOC014,119,198.63,S0007,2024-12-05,27,393
2025-01-30,P000066,LOC014,148,201.95,S0007,2025-01-23,27,393
2025-03-01,P000066,LOC014,168,202.17,S0007,2025-02-13,27,393
2025-03-31,P000066,LOC014,140,185.26,S0007,2025-03-22,27,393
2024-10-02,P000066,LOC015,61,188.71,S0007,2024-09-19,27,393
2024-11-01,P000066,LOC015,69,204.4,S0007,2024-10-20,27,393
2024-12-01,P000066,LOC015,86,195.73,S0007,2024-11-02,27,393
2024-12-31,P000066,LOC015,133,185.48,S0007,2024-12-15,27,393
2025-01-30,P000066,LOC015,130,189.81,S0007,2025-01-20,27,393
2025-03-01,P000066,LOC015,167,198.25,S0007,2025-02-18,27,393
2025-03-31,P000066,LOC015,160,192.22,S0007,2025-03-07,27,393
2024-10-02,P000066,LOC016,54,202.31,S0007,2024-09-21,27,393
2024-11-01,P000066,LOC016,55,199.73,S0007,2024-10-28,27,393
2024-12-01,P000066,LOC016,11,185.69,S0007,2024-11-27,27,393
2024-12-31,P000066,LOC016,0,194.08,S0007,2024-12-07,27,393
2025-01-30,P000066,LOC016,4,191.4,S0007,2025-01-26,27,393
2025-03-01,P000066,LOC016,22,199.76,S0007,2025-02-16,27,393
2025-03-31,P000066,LOC016,120,202.83,S0007,2025-03-02,27,393
2024-10-02,P000066,LOC017,0,201.78,S0007,2024-09-13,27,393
2024-11-01,P000066,LOC017,1,200.5,S0007,2024-10-06,27,393
2024-12-01,P000066,LOC017,2,201.61,S0007,2024-11-30,27,393
2024-12-31,P000066,LOC017,0,193.77,S0007,2024-12-04,27,393
2025-01-30,P000066,LOC017,47,185.66,S0007,2025-01-12,27,393
2025-03-01,P000066,LOC017,24,188.47,S0007,2025-02-15,27,393
2025-03-31,P000066,LOC017,27,193.92,S0007,2025-03-23,27,393
2024-10-02,P000066,LOC018,68,186.87,S0007,2024-09-14,27,393
2024-11-01,P000066,LOC018,141,186.65,S0007,2024-10-28,27,393
2024-12-01,P000066,LOC018,173,192.23,S0007,2024-11-03,27,393
2024-12-31,P000066,LOC018,270,187.48,S0007,2024-12-25,27,393
2025-01-30,P000066,LOC018,341,196.92,S0007,2025-01-16,27,393
2025-03-01,P000066,LOC018,329,191.14,S0007,2025-02-16,27,393
2025-03-31,P000066,LOC018,368,193.8,S0007,2025-03-29,27,393
2024-10-02,P000066,LOC019,2,200.72,S0007,2024-09-07,27,393
2024-11-01,P000066,LOC019,34,192.82,S0007,2024-10-14,27,393
2024-12-01,P000066,LOC019,47,185.64,S0007,2024-11-21,27,393
2024-12-31,P000066,LOC019,11,186.07,S0007,2024-12-01,27,393
2025-01-30,P000066,LOC019,95,202.17,S0007,2025-01-01,27,393
2025-03-01,P000066,LOC019,46,197.04,S0007,2025-02-22,27,393
2025-03-31,P000066,LOC019,115,204.38,S0007,2025-03-15,27,393
2024-10-02,P000066,LOC020,0,187.3,S0007,2024-09-25,27,393
2024-11-01,P000066,LOC020,0,193.62,S0007,2024-10-30,27,393
2024-12-01,P000066,LOC020,48,201.73,S0007,2024-11-27,27,393
2024-12-31,P000066,LOC020,17,191.71,S0007,2024-12-11,27,393
2025-01-30,P000066,LOC020,13,190.94,S0007,2025-01-08,27,393
2025-03-01,P000066,LOC020,25,193.06,S0007,2025-02-28,27,393
2025-03-31,P000066,LOC020,109,198.11,S0007,2025-03-26,27,393
2024-10-02,P000067,LOC001,546,159.22,S0030,2024-09-24,45,159
2024-11-01,P000067,LOC001,604,151.06,S0030,2024-10-21,45,159
2024-12-01,P000067,LOC001,571,157.45,S0030,2024-11-14,45,159
2024-12-31,P000067,LOC001,662,154.93,S0030,2024-12-29,45,159
2025-01-30,P000067,LOC001,749,154.91,S0030,2025-01-26,45,159
2025-03-01,P000067,LOC001,777,148.45,S0030,2025-01-30,45,159
2025-03-31,P000067,LOC001,764,152.02,S0030,2025-03-22,45,159
2024-10-02,P000067,LOC002,667,159.38,S0030,2024-09-05,45,159
2024-11-01,P000067,LOC002,766,160.47,S0030,2024-10-02,45,159
2024-12-01,P000067,LOC002,786,153.49,S0030,2024-11-13,45,159
2024-12-31,P000067,LOC002,856,148.56,S0030,2024-12-16,45,159
2025-01-30,P000067,LOC002,862,159.63,S0030,2025-01-13,45,159
2025-03-01,P000067,LOC002,943,159.79,S0030,2025-02-17,45,159
2025-03-31,P000067,LOC002,905,158.94,S0030,2025-03-04,45,159
2024-10-02,P000067,LOC003,600,157.02,S0030,2024-09-24,45,159
2024-11-01,P000067,LOC003,695,160.37,S0030,2024-10-21,45,159
2024-12-01,P000067,LOC003,731,147.67,S0030,2024-11-24,45,159
2024-12-31,P000067,LOC003,753,154.39,S0030,2024-12-24,45,159
2025-01-30,P000067,LOC003,844,158.82,S0030,2025-01-22,45,159
2025-03-01,P000067,LOC003,904,154.14,S0030,2025-02-03,45,159
2025-03-31,P000067,LOC003,862,161.43,S0030,2025-03-15,45,159
2024-10-02,P000067,LOC004,632,161.46,S0030,2024-10-01,45,159
2024-11-01,P000067,LOC004,723,155.07,S0030,2024-10-15,45,159
2024-12-01,P000067,LOC004,717,160.11,S0030,2024-11-15,45,159
2024-12-31,P000067,LOC004,783,160.07,S0030,2024-12-09,45,159
2025-01-30,P000067,LOC004,780,158.45,S0030,2025-01-04,45,159
2025-03-01,P000067,LOC004,758,155.73,S0030,2025-02-14,45,159
2025-03-31,P000067,LOC004,831,161.14,S0030,2025-03-27,45,159
2024-10-02,P000067,LOC005,595,155.91,S0030,2024-09-26,45,159
2024-11-01,P000067,LOC005,650,153.5,S0030,2024-10-12,45,159
2024-12-01,P000067,LOC005,650,160.8,S0030,2024-11-09,45,159
2024-12-31,P000067,LOC005,611,151.81,S0030,2024-12-20,45,159
2025-01-30,P000067,LOC005,633,160.72,S0030,2025-01-21,45,159
2025-03-01,P000067,LOC005,644,161.09,S0030,2025-02-22,45,159
2025-03-31,P000067,LOC005,607,152.39,S0030,2025-03-03,45,159
2024-10-02,P000067,LOC006,636,157.97,S0030,2024-09-06,45,159
2024-11-01,P000067,LOC006,693,161.64,S0030,2024-10-12,45,159
2024-12-01,P000067,LOC006,716,155.45,S0030,2024-11-29,45,159
2024-12-31,P000067,LOC006,717,153.03,S0030,2024-12-10,45,159
2025-01-30,P000067,LOC006,734,155.26,S0030,2025-01-24,45,159
2025-03-01,P000067,LOC006,803,158.83,S0030,2025-02-15,45,159
2025-03-31,P000067,LOC006,828,156.36,S0030,2025-03-18,45,159
2024-10-02,P000067,LOC007,560,160.4,S0030,2024-10-01,45,159
2024-11-01,P000067,LOC007,590,150.58,S0030,2024-10-17,45,159
2024-12-01,P000067,LOC007,605,158.97,S0030,2024-11-24,45,159
2024-12-31,P000067,LOC007,606,156.76,S0030,2024-12-14,45,159
2025-01-30,P000067,LOC007,606,153.42,S0030,2025-01-13,45,159
2025-03-01,P000067,LOC007,611,148.56,S0030,2025-02-20,45,159
2025-03-31,P000067,LOC007,688,147.34,S0030,2025-03-30,45,159
2024-10-02,P000067,LOC008,636,151.36,S0030,2024-10-01,45,159
2024-11-01,P000067,LOC008,725,148.82,S0030,2024-10-17,45,159
2024-12-01,P000067,LOC008,776,158.11,S0030,2024-11-19,45,159
2024-12-31,P000067,LOC008,838,157.34,S0030,2024-12-10,45,159
2025-01-30,P000067,LOC008,894,148.55,S0030,2025-01-09,45,159
2025-03-01,P000067,LOC008,944,155.45,S0030,2025-02-01,45,159
2025-03-31,P000067,LOC008,952,154.27,S0030,2025-03-15,45,159
2024-10-02,P000067,LOC009,619,152.49,S0030,2024-09-12,45,159
2024-11-01,P000067,LOC009,718,153.67,S0030,2024-10-28,45,159
2024-12-01,P000067,LOC009,739,148.71,S0030,2024-11-28,45,159
2024-12-31,P000067,LOC009,713,160.74,S0030,2024-12-17,45,159
2025-01-30,P000067,LOC009,719,151.48,S0030,2025-01-03,45,159
2025-03-01,P000067,LOC009,684,162.0,S0030,2025-02-04,45,159
2025-03-31,P000067,LOC009,761,151.18,S0030,2025-03-30,45,159
2024-10-02,P000067,LOC010,585,155.88,S0030,2024-09-23,45,159
2024-11-01,P000067,LOC010,571,149.37,S0030,2024-10-15,45,159
2024-12-01,P000067,LOC010,632,152.51,S0030,2024-11-06,45,159
2024-12-31,P000067,LOC010,636,162.34,S0030,2024-12-03,45,159
2025-01-30,P000067,LOC010,728,159.06,S0030,2025-01-21,45,159
2025-03-01,P000067,LOC010,745,158.8,S0030,2025-02-07,45,159
2025-03-31,P000067,LOC010,768,149.62,S0030,2025-03-20,45,159
2024-10-02,P000067,LOC011,614,161.63,S0030,2024-09-12,45,159
2024-11-01,P000067,LOC011,632,157.8,S0030,2024-10-16,45,159
2024-12-01,P000067,LOC011,722,151.46,S0030,2024-11-06,45,159
2024-12-31,P000067,LOC011,711,147.09,S0030,2024-12-02,45,159
2025-01-30,P000067,LOC011,754,153.42,S0030,2025-01-26,45,159
2025-03-01,P000067,LOC011,797,156.42,S0030,2025-02-10,45,159
2025-03-31,P000067,LOC011,778,147.6,S0030,2025-03-20,45,159
2024-10-02,P000067,LOC012,621,156.67,S0030,2024-09-17,45,159
2024-11-01,P000067,LOC012,717,154.32,S0030,2024-10-15,45,159
2024-12-01,P000067,LOC012,751,158.51,S0030,2024-11-07,45,159
2024-12-31,P000067,LOC012,839,148.92,S0030,2024-12-08,45,159
2025-01-30,P000067,LOC012,930,152.95,S0030,2025-01-27,45,159
2025-03-01,P000067,LOC012,954,158.23,S0030,2025-02-01,45,159
2025-03-31,P000067,LOC012,971,159.29,S0030,2025-03-13,45,159
2024-10-02,P000067,LOC013,638,153.79,S0030,2024-09-06,45,159
2024-11-01,P000067,LOC013,622,150.36,S0030,2024-10-04,45,159
2024-12-01,P000067,LOC013,584,158.78,S0030,2024-11-26,45,159
2024-12-31,P000067,LOC013,588,154.82,S0030,2024-12-08,45,159
2025-01-30,P000067,LOC013,554,157.39,S0030,2025-01-07,45,159
2025-03-01,P000067,LOC013,512,159.7,S0030,2025-02-19,45,159
2025-03-31,P000067,LOC013,570,147.77,S0030,2025-03-08,45,159
2024-10-02,P000067,LOC014,598,151.46,S0030,2024-09-03,45,159
2024-11-01,P000067,LOC014,693,157.57,S0030,2024-10-22,45,159
2024-12-01,P000067,LOC014,746,158.26,S0030,2024-11-16,45,159
2024-12-31,P000067,LOC014,732,160.38,S0030,2024-12-27,45,159
2025-01-30,P000067,LOC014,723,160.05,S0030,2025-01-13,45,159
2025-03-01,P000067,LOC014,772,146.9,S0030,2025-02-22,45,159
2025-03-31,P000067,LOC014,870,154.0,S0030,2025-03-14,45,159
2024-10-02,P000067,LOC015,589,159.73,S0030,2024-09-17,45,159
2024-11-01,P000067,LOC015,644,149.32,S0030,2024-10-25,45,159
2024-12-01,P000067,LOC015,631,161.13,S0030,2024-11-29,45,159
2024-12-31,P000067,LOC015,696,154.68,S0030,2024-12-12,45,159
2025-01-30,P000067,LOC015,732,147.9,S0030,2025-01-03,45,159
2025-03-01,P000067,LOC015,738,160.83,S0030,2025-01-30,45,159
2025-03-31,P000067,LOC015,755,149.25,S0030,2025-03-16,45,159
2024-10-02,P000067,LOC016,664,159.81,S0030,2024-09-18,45,159
2024-11-01,P000067,LOC016,700,159.31,S0030,2024-10-29,45,159
2024-12-01,P000067,LOC016,706,158.85,S0030,2024-11-24,45,159
2024-12-31,P000067,LOC016,714,154.38,S0030,2024-12-03,45,159
2025-01-30,P000067,LOC016,674,158.43,S0030,2025-01-19,45,159
2025-03-01,P000067,LOC016,751,152.03,S0030,2025-02-26,45,159
2025-03-31,P000067,LOC016,829,150.8,S0030,2025-03-17,45,159
2024-10-02,P000067,LOC017,648,158.77,S0030,2024-09-23,45,159
2024-11-01,P000067,LOC017,743,151.13,S0030,2024-10-14,45,159
2024-12-01,P000067,LOC017,728,153.49,S0030,2024-11-17,45,159
2024-12-31,P000067,LOC017,720,150.55,S0030,2024-12-07,45,159
2025-01-30,P000067,LOC017,749,161.29,S0030,2025-01-15,45,159
2025-03-01,P000067,LOC017,815,159.63,S0030,2025-02-17,45,159
2025-03-31,P000067,LOC017,889,160.04,S0030,2025-03-16,45,159
2024-10-02,P000067,LOC018,546,151.93,S0030,2024-09-10,45,159
2024-11-01,P000067,LOC018,634,150.64,S0030,2024-10-21,45,159
2024-12-01,P000067,LOC018,592,147.91,S0030,2024-11-29,45,159
2024-12-31,P000067,LOC018,605,150.03,S0030,2024-12-09,45,159
2025-01-30,P000067,LOC018,564,148.28,S0030,2025-01-19,45,159
2025-03-01,P000067,LOC018,661,150.97,S0030,2025-02-05,45,159
2025-03-31,P000067,LOC018,673,149.94,S0030,2025-03-17,45,159
2024-10-02,P000067,LOC019,623,162.18,S0030,2024-09-29,45,159
2024-11-01,P000067,LOC019,578,154.52,S0030,2024-10-18,45,159
2024-12-01,P000067,LOC019,639,149.04,S0030,2024-11-11,45,159
2024-12-31,P000067,LOC019,600,158.02,S0030,2024-12-01,45,159
2025-01-30,P000067,LOC019,687,147.63,S0030,2025-01-07,45,159
2025-03-01,P000067,LOC019,646,156.93,S0030,2025-02-17,45,159
2025-03-31,P000067,LOC019,663,152.08,S0030,2025-03-24,45,159
2024-10-02,P000067,LOC020,676,155.68,S0030,2024-10-01,45,159
2024-11-01,P000067,LOC020,730,152.58,S0030,2024-10-05,45,159
2024-12-01,P000067,LOC020,799,155.91,S0030,2024-11-26,45,159
2024-12-31,P000067,LOC020,829,147.61,S0030,2024-12-27,45,159
2025-01-30,P000067,LOC020,915,150.07,S0030,2025-01-29,45,159
2025-03-01,P000067,LOC020,902,161.77,S0030,2025-02-28,45,159
2025-03-31,P000067,LOC020,895,154.64,S0030,2025-03-14,45,159
2024-10-02,P000068,LOC001,277,330.73,S0018,2024-09-02,28,817
2024-11-01,P000068,LOC001,305,322.74,S0018,2024-10-25,28,817
2024-12-01,P000068,LOC001,258,318.67,S0018,2024-11-17,28,817
2024-12-31,P000068,LOC001,309,314.91,S0018,2024-12-19,28,817
2025-01-30,P000068,LOC001,408,304.25,S0018,2025-01-19,28,817
2025-03-01,P000068,LOC001,445,326.81,S0018,2025-02-22,28,817
2025-03-31,P000068,LOC001,421,328.07,S0018,2025-03-04,28,817
2024-10-02,P000068,LOC002,291,325.0,S0018,2024-09-23,28,817
2024-11-01,P000068,LOC002,326,316.87,S0018,2024-10-21,28,817
2024-12-01,P000068,LOC002,392,318.08,S0018,2024-11-19,28,817
2024-12-31,P000068,LOC002,412,315.42,S0018,2024-12-04,28,817
2025-01-30,P000068,LOC002,387,323.4,S0018,2025-01-24,28,817
2025-03-01,P000068,LOC002,463,318.74,S0018,2025-02-26,28,817
2025-03-31,P000068,LOC002,507,314.16,S0018,2025-03-29,28,817
2024-10-02,P000068,LOC003,220,329.23,S0018,2024-09-05,28,817
2024-11-01,P000068,LOC003,318,328.74,S0018,2024-10-02,28,817
2024-12-01,P000068,LOC003,286,300.09,S0018,2024-11-05,28,817
2024-12-31,P000068,LOC003,306,323.62,S0018,2024-12-11,28,817
2025-01-30,P000068,LOC003,361,323.45,S0018,2025-01-05,28,817
2025-03-01,P000068,LOC003,451,326.73,S0018,2025-02-06,28,817
2025-03-31,P000068,LOC003,543,309.69,S0018,2025-03-04,28,817
2024-10-02,P000068,LOC004,293,330.02,S0018,2024-09-03,28,817
2024-11-01,P000068,LOC004,272,328.82,S0018,2024-10-05,28,817
2024-12-01,P000068,LOC004,312,325.26,S0018,2024-11-01,28,817
2024-12-31,P000068,LOC004,273,310.88,S0018,2024-12-17,28,817
2025-01-30,P000068,LOC004,299,302.83,S0018,2025-01-26,28,817
2025-03-01,P000068,LOC004,283,325.15,S0018,2025-02-21,28,817
2025-03-31,P000068,LOC004,354,303.24,S0018,2025-03-11,28,817
2024-10-02,P000068,LOC005,240,326.46,S0018,2024-09-10,28,817
2024-11-01,P000068,LOC005,268,327.88,S0018,2024-10-21,28,817
2024-12-01,P000068,LOC005,305,320.73,S0018,2024-11-16,28,817
2024-12-31,P000068,LOC005,356,324.59,S0018,2024-12-01,28,817
2025-01-30,P000068,LOC005,400,312.38,S0018,2025-01-16,28,817
2025-03-01,P000068,LOC005,497,303.18,S0018,2025-02-14,28,817
2025-03-31,P000068,LOC005,543,325.67,S0018,2025-03-05,28,817
2024-10-02,P000068,LOC006,350,304.51,S0018,2024-09-02,28,817
2024-11-01,P000068,LOC006,418,304.55,S0018,2024-10-11,28,817
2024-12-01,P000068,LOC006,444,320.56,S0018,2024-11-02,28,817
2024-12-31,P000068,LOC006,522,320.14,S0018,2024-12-05,28,817
2025-01-30,P000068,LOC006,539,326.91,S0018,2025-01-01,28,817
2025-03-01,P000068,LOC006,498,305.58,S0018,2025-02-11,28,817
2025-03-31,P000068,LOC006,537,330.61,S0018,2025-03-29,28,817
2024-10-02,P000068,LOC007,282,319.26,S0018,2024-09-12,28,817
2024-11-01,P000068,LOC007,361,300.25,S0018,2024-10-29,28,817
2024-12-01,P000068,LOC007,453,302.29,S0018,2024-11-07,28,817
2024-12-31,P000068,LOC007,473,305.96,S0018,2024-12-09,28,817
2025-01-30,P000068,LOC007,534,304.09,S0018,2025-01-27,28,817
2025-03-01,P000068,LOC007,495,317.51,S0018,2025-02-21,28,817
2025-03-31,P000068,LOC007,448,306.91,S0018,2025-03-03,28,817
2024-10-02,P000068,LOC008,242,306.68,S0018,2024-09-16,28,817
2024-11-01,P000068,LOC008,309,329.99,S0018,2024-10-03,28,817
2024-12-01,P000068,LOC008,360,324.57,S0018,2024-11-28,28,817
2024-12-31,P000068,LOC008,408,317.45,S0018,2024-12-16,28,817
2025-01-30,P000068,LOC008,453,303.51,S0018,2024-12-31,28,817
2025-03-01,P000068,LOC008,516,317.21,S0018,2025-02-06,28,817
2025-03-31,P000068,LOC008,506,317.32,S0018,2025-03-22,28,817
2024-10-02,P000068,LOC009,328,313.89,S0018,2024-09-14,28,817
2024-11-01,P000068,LOC009,374,321.01,S0018,2024-10-27,28,817
2024-12-01,P000068,LOC009,459,322.89,S0018,2024-11-24,28,817
2024-12-31,P000068,LOC009,527,315.33,S0018,2024-12-24,28,817
2025-01-30,P000068,LOC009,508,327.51,S0018,2025-01-21,28,817
2025-03-01,P000068,LOC009,486,328.03,S0018,2025-02-28,28,817
2025-03-31,P000068,LOC009,508,328.34,S0018,2025-03-20,28,817
2024-10-02,P000068,LOC010,319,312.69,S0018,2024-09-22,28,817
2024-11-01,P000068,LOC010,379,310.78,S0018,2024-10-15,28,817
2024-12-01,P000068,LOC010,340,308.85,S0018,2024-11-06,28,817
2024-12-31,P000068,LOC010,323,327.26,S0018,2024-12-20,28,817
2025-01-30,P000068,LOC010,289,309.32,S0018,2025-01-17,28,817
2025-03-01,P000068,LOC010,291,311.77,S0018,2025-01-31,28,817
2025-03-31,P000068,LOC010,349,318.81,S0018,2025-03-29,28,817
2024-10-02,P000068,LOC011,241,322.6,S0018,2024-09-08,28,817
2024-11-01,P000068,LOC011,223,328.0,S0018,2024-10-22,28,817
2024-12-01,P000068,LOC011,224,312.85,S0018,2024-11-08,28,817
2024-12-31,P000068,LOC011,294,316.48,S0018,2024-12-13,28,817
2025-01-30,P000068,LOC011,357,326.82,S0018,2025-01-13,28,817
2025-03-01,P000068,LOC011,365,323.82,S0018,2025-02-11,28,817
2025-03-31,P000068,LOC011,413,322.85,S0018,2025-03-15,28,817
2024-10-02,P000068,LOC012,253,323.95,S0018,2024-09-10,28,817
2024-11-01,P000068,LOC012,229,311.05,S0018,2024-10-21,28,817
2024-12-01,P000068,LOC012,296,320.9,S0018,2024-11-10,28,817
2024-12-31,P000068,LOC012,291,305.72,S0018,2024-12-23,28,817
2025-01-30,P000068,LOC012,265,321.96,S0018,2025-01-12,28,817
2025-03-01,P000068,LOC012,262,321.19,S0018,2025-02-01,28,817
2025-03-31,P000068,LOC012,247,329.33,S0018,2025-03-04,28,817
2024-10-02,P000068,LOC013,262,307.48,S0018,2024-09-30,28,817
2024-11-01,P000068,LOC013,216,330.52,S0018,2024-10-08,28,817
2024-12-01,P000068,LOC013,285,331.14,S0018,2024-11-28,28,817
2024-12-31,P000068,LOC013,351,324.94,S0018,2024-12-20,28,817
2025-01-30,P000068,LOC013,414,317.68,S0018,2025-01-24,28,817
2025-03-01,P000068,LOC013,473,327.62,S0018,2025-02-17,28,817
2025-03-31,P000068,LOC013,566,306.23,S0018,2025-03-27,28,817
2024-10-02,P000068,LOC014,327,322.04,S0018,2024-09-17,28,817
2024-11-01,P000068,LOC014,374,324.92,S0018,2024-10-03,28,817
2024-12-01,P000068,LOC014,328,301.16,S0018,2024-11-03,28,817
2024-12-31,P000068,LOC014,306,302.06,S0018,2024-12-08,28,817
2025-01-30,P000068,LOC014,390,312.12,S0018,2025-01-25,28,817
2025-03-01,P000068,LOC014,485,321.67,S0018,2025-02-07,28,817
2025-03-31,P000068,LOC014,521,308.25,S0018,2025-03-13,28,817
2024-10-02,P000068,LOC015,259,303.6,S0018,2024-09-02,28,817
2024-11-01,P000068,LOC015,239,305.66,S0018,2024-10-21,28,817
2024-12-01,P000068,LOC015,265,310.25,S0018,2024-11-16,28,817
2024-12-31,P000068,LOC015,298,306.73,S0018,2024-12-13,28,817
2025-01-30,P000068,LOC015,273,318.97,S0018,2025-01-05,28,817
2025-03-01,P000068,LOC015,302,304.18,S0018,2025-02-26,28,817
2025-03-31,P000068,LOC015,380,309.68,S0018,2025-03-23,28,817
2024-10-02,P000068,LOC016,228,309.33,S0018,2024-09-13,28,817
2024-11-01,P000068,LOC016,226,310.26,S0018,2024-10-16,28,817
2024-12-01,P000068,LOC016,295,323.4,S0018,2024-11-19,28,817
2024-12-31,P000068,LOC016,390,329.71,S0018,2024-12-25,28,817
2025-01-30,P000068,LOC016,356,324.46,S0018,2025-01-15,28,817
2025-03-01,P000068,LOC016,331,328.49,S0018,2025-02-20,28,817
2025-03-31,P000068,LOC016,303,301.29,S0018,2025-03-30,28,817
2024-10-02,P000068,LOC017,354,307.53,S0018,2024-09-12,28,817
2024-11-01,P000068,LOC017,401,319.38,S0018,2024-10-26,28,817
2024-12-01,P000068,LOC017,457,317.34,S0018,2024-11-10,28,817
2024-12-31,P000068,LOC017,448,310.28,S0018,2024-12-05,28,817
2025-01-30,P000068,LOC017,493,308.44,S0018,2025-01-14,28,817
2025-03-01,P000068,LOC017,588,322.72,S0018,2025-02-04,28,817
2025-03-31,P000068,LOC017,607,306.42,S0018,2025-03-17,28,817
2024-10-02,P000068,LOC018,349,302.0,S0018,2024-09-05,28,817
2024-11-01,P000068,LOC018,409,302.4,S0018,2024-10-21,28,817
2024-12-01,P000068,LOC018,491,317.37,S0018,2024-11-23,28,817
2024-12-31,P000068,LOC018,569,301.96,S0018,2024-12-27,28,817
2025-01-30,P000068,LOC018,552,314.0,S0018,2025-01-01,28,817
2025-03-01,P000068,LOC018,635,300.06,S0018,2025-01-31,28,817
2025-03-31,P000068,LOC018,724,321.09,S0018,2025-03-13,28,817
2024-10-02,P000068,LOC019,253,325.57,S0018,2024-09-16,28,817
2024-11-01,P000068,LOC019,351,307.96,S0018,2024-10-10,28,817
2024-12-01,P000068,LOC019,401,318.85,S0018,2024-11-25,28,817
2024-12-31,P000068,LOC019,370,302.88,S0018,2024-12-10,28,817
2025-01-30,P000068,LOC019,422,302.78,S0018,2025-01-05,28,817
2025-03-01,P000068,LOC019,442,303.47,S0018,2025-02-24,28,817
2025-03-31,P000068,LOC019,449,328.95,S0018,2025-03-30,28,817
2024-10-02,P000068,LOC020,269,330.89,S0018,2024-10-01,28,817
2024-11-01,P000068,LOC020,275,330.69,S0018,2024-10-21,28,817
2024-12-01,P000068,LOC020,257,320.85,S0018,2024-11-29,28,817
2024-12-31,P000068,LOC020,314,315.13,S0018,2024-12-28,28,817
2025-01-30,P000068,LOC020,273,303.0,S0018,2025-01-26,28,817
2025-03-01,P000068,LOC020,292,325.12,S0018,2025-02-06,28,817
2025-03-31,P000068,LOC020,276,308.6,S0018,2025-03-20,28,817
2024-10-02,P000069,LOC001,729,519.04,S0007,2024-09-11,36,744
2024-11-01,P000069,LOC001,721,534.02,S0007,2024-10-31,36,744
2024-12-01,P000069,LOC001,725,508.64,S0007,2024-11-21,36,744
2024-12-31,P000069,LOC001,769,507.71,S0007,2024-12-03,36,744
2025-01-30,P000069,LOC001,829,541.79,S0007,2025-01-12,36,744
2025-03-01,P000069,LOC001,808,515.56,S0007,2025-02-05,36,744
2025-03-31,P000069,LOC001,905,555.93,S0007,2025-03-30,36,744
2024-10-02,P000069,LOC002,748,521.45,S0007,2024-09-29,36,744
2024-11-01,P000069,LOC002,837,513.94,S0007,2024-10-20,36,744
2024-12-01,P000069,LOC002,822,516.25,S0007,2024-11-17,36,744
2024-12-31,P000069,LOC002,845,529.63,S0007,2024-12-30,36,744
2025-01-30,P000069,LOC002,923,552.68,S0007,2025-01-27,36,744
2025-03-01,P000069,LOC002,959,545.64,S0007,2025-01-31,36,744
2025-03-31,P000069,LOC002,996,538.64,S0007,2025-03-24,36,744
2024-10-02,P000069,LOC003,723,545.3,S0007,2024-09-14,36,744
2024-11-01,P000069,LOC003,820,509.18,S0007,2024-10-09,36,744
2024-12-01,P000069,LOC003,833,553.0,S0007,2024-11-29,36,744
2024-12-31,P000069,LOC003,906,542.53,S0007,2024-12-22,36,744
2025-01-30,P000069,LOC003,885,509.34,S0007,2025-01-19,36,744
2025-03-01,P000069,LOC003,835,506.83,S0007,2025-01-31,36,744
2025-03-31,P000069,LOC003,925,555.17,S0007,2025-03-05,36,744
2024-10-02,P000069,LOC004,715,547.15,S0007,2024-09-05,36,744
2024-11-01,P000069,LOC004,679,557.17,S0007,2024-10-11,36,744
2024-12-01,P000069,LOC004,779,543.13,S0007,2024-11-16,36,744
2024-12-31,P000069,LOC004,824,551.25,S0007,2024-12-13,36,744
2025-01-30,P000069,LOC004,842,531.42,S0007,2025-01-16,36,744
2025-03-01,P000069,LOC004,852,518.75,S0007,2025-02-18,36,744
2025-03-31,P000069,LOC004,893,535.21,S0007,2025-03-25,36,744
2024-10-02,P000069,LOC005,684,555.65,S0007,2024-10-01,36,744
2024-11-01,P000069,LOC005,660,539.98,S0007,2024-10-10,36,744
2024-12-01,P000069,LOC005,631,541.66,S0007,2024-11-25,36,744
2024-12-31,P000069,LOC005,669,537.74,S0007,2024-12-29,36,744
2025-01-30,P000069,LOC005,657,539.12,S0007,2025-01-19,36,744
2025-03-01,P000069,LOC005,719,532.16,S0007,2025-02-26,36,744
2025-03-31,P000069,LOC005,765,549.91,S0007,2025-03-05,36,744
2024-10-02,P000069,LOC006,681,551.56,S0007,2024-09-14,36,744
2024-11-01,P000069,LOC006,650,509.65,S0007,2024-10-29,36,744
2024-12-01,P000069,LOC006,699,523.54,S0007,2024-11-21,36,744
2024-12-31,P000069,LOC006,719,530.38,S0007,2024-12-24,36,744
2025-01-30,P000069,LOC006,776,542.06,S0007,2025-01-26,36,744
2025-03-01,P000069,LOC006,808,532.17,S0007,2025-02-18,36,744
2025-03-31,P000069,LOC006,839,534.82,S0007,2025-03-01,36,744
2024-10-02,P000069,LOC007,610,537.23,S0007,2024-09-26,36,744
2024-11-01,P000069,LOC007,648,539.59,S0007,2024-10-24,36,744
2024-12-01,P000069,LOC007,679,528.15,S0007,2024-11-10,36,744
2024-12-31,P000069,LOC007,708,551.57,S0007,2024-12-07,36,744
2025-01-30,P000069,LOC007,735,526.29,S0007,2025-01-16,36,744
2025-03-01,P000069,LOC007,820,519.94,S0007,2025-02-18,36,744
2025-03-31,P000069,LOC007,842,547.25,S0007,2025-03-29,36,744
2024-10-02,P000069,LOC008,601,530.07,S0007,2024-09-12,36,744
2024-11-01,P000069,LOC008,633,533.35,S0007,2024-10-21,36,744
2024-12-01,P000069,LOC008,679,551.01,S0007,2024-11-27,36,744
2024-12-31,P000069,LOC008,661,530.91,S0007,2024-12-23,36,744
2025-01-30,P000069,LOC008,639,512.13,S0007,2025-01-06,36,744
2025-03-01,P000069,LOC008,700,543.11,S0007,2025-02-17,36,744
2025-03-31,P000069,LOC008,695,510.45,S0007,2025-03-14,36,744
2024-10-02,P000069,LOC009,694,520.08,S0007,2024-09-08,36,744
2024-11-01,P000069,LOC009,712,509.48,S0007,2024-10-15,36,744
2024-12-01,P000069,LOC009,712,537.26,S0007,2024-11-15,36,744
2024-12-31,P000069,LOC009,741,521.84,S0007,2024-12-09,36,744
2025-01-30,P000069,LOC009,786,532.53,S0007,2025-01-15,36,744
2025-03-01,P000069,LOC009,777,530.14,S0007,2025-02-01,36,744
2025-03-31,P000069,LOC009,846,528.35,S0007,2025-03-06,36,744
2024-10-02,P000069,LOC010,624,530.33,S0007,2024-09-20,36,744
2024-11-01,P000069,LOC010,635,553.93,S0007,2024-10-15,36,744
2024-12-01,P000069,LOC010,656,543.51,S0007,2024-11-13,36,744
2024-12-31,P000069,LOC010,671,518.79,S0007,2024-12-19,36,744
2025-01-30,P000069,LOC010,648,507.06,S0007,2025-01-24,36,744
2025-03-01,P000069,LOC010,743,506.9,S0007,2025-02-17,36,744
2025-03-31,P000069,LOC010,694,550.51,S0007,2025-03-16,36,744
2024-10-02,P000069,LOC011,735,517.99,S0007,2024-09-05,36,744
2024-11-01,P000069,LOC011,802,551.73,S0007,2024-10-31,36,744
2024-12-01,P000069,LOC011,812,509.39,S0007,2024-11-21,36,744
2024-12-31,P000069,LOC011,814,533.51,S0007,2024-12-28,36,744
2025-01-30,P000069,LOC011,884,533.55,S0007,2025-01-24,36,744
2025-03-01,P000069,LOC011,943,533.72,S0007,2025-02-06,36,744
2025-03-31,P000069,LOC011,923,532.87,S0007,2025-03-25,36,744
2024-10-02,P000069,LOC012,657,536.63,S0007,2024-09-18,36,744
2024-11-01,P000069,LOC012,728,529.65,S0007,2024-10-28,36,744
2024-12-01,P000069,LOC012,695,541.66,S0007,2024-11-19,36,744
2024-12-31,P000069,LOC012,686,525.22,S0007,2024-12-15,36,744
2025-01-30,P000069,LOC012,659,538.61,S0007,2025-01-25,36,744
2025-03-01,P000069,LOC012,677,521.83,S0007,2025-02-28,36,744
2025-03-31,P000069,LOC012,756,513.84,S0007,2025-03-28,36,744
2024-10-02,P000069,LOC013,734,514.36,S0007,2024-09-27,36,744
2024-11-01,P000069,LOC013,744,516.16,S0007,2024-10-10,36,744
2024-12-01,P000069,LOC013,841,540.43,S0007,2024-11-27,36,744
2024-12-31,P000069,LOC013,912,522.09,S0007,2024-12-14,36,744
2025-01-30,P000069,LOC013,888,527.08,S0007,2025-01-24,36,744
2025-03-01,P000069,LOC013,960,533.49,S0007,2025-02-26,36,744
2025-03-31,P000069,LOC013,1014,549.28,S0007,2025-03-27,36,744
2024-10-02,P000069,LOC014,689,551.57,S0007,2024-09-26,36,744
2024-11-01,P000069,LOC014,673,552.82,S0007,2024-10-12,36,744
2024-12-01,P000069,LOC014,769,546.16,S0007,2024-11-05,36,744
2024-12-31,P000069,LOC014,868,521.16,S0007,2024-12-04,36,744
2025-01-30,P000069,LOC014,890,506.63,S0007,2025-01-08,36,744
2025-03-01,P000069,LOC014,947,509.28,S0007,2025-02-05,36,744
2025-03-31,P000069,LOC014,969,552.13,S0007,2025-03-02,36,744
2024-10-02,P000069,LOC015,685,557.53,S0007,2024-09-22,36,744
2024-11-01,P000069,LOC015,650,537.72,S0007,2024-10-14,36,744
2024-12-01,P000069,LOC015,635,516.46,S0007,2024-11-06,36,744
2024-12-31,P000069,LOC015,677,513.25,S0007,2024-12-30,36,744
2025-01-30,P000069,LOC015,688,542.43,S0007,2025-01-19,36,744
2025-03-01,P000069,LOC015,787,546.68,S0007,2025-02-13,36,744
2025-03-31,P000069,LOC015,758,517.88,S0007,2025-03-03,36,744
2024-10-02,P000069,LOC016,659,506.77,S0007,2024-09-09,36,744
2024-11-01,P000069,LOC016,717,535.31,S0007,2024-10-10,36,744
2024-12-01,P000069,LOC016,810,521.21,S0007,2024-11-07,36,744
2024-12-31,P000069,LOC016,903,526.22,S0007,2024-12-08,36,744
2025-01-30,P000069,LOC016,896,539.52,S0007,2025-01-24,36,744
2025-03-01,P000069,LOC016,933,542.29,S0007,2025-02-12,36,744
2025-03-31,P000069,LOC016,995,538.28,S0007,2025-03-28,36,744
2024-10-02,P000069,LOC017,701,526.21,S0007,2024-09-28,36,744
2024-11-01,P000069,LOC017,709,513.87,S0007,2024-10-03,36,744
2024-12-01,P000069,LOC017,801,553.05,S0007,2024-11-09,36,744
2024-12-31,P000069,LOC017,865,523.56,S0007,2024-12-18,36,744
2025-01-30,P000069,LOC017,840,520.33,S0007,2025-01-11,36,744
2025-03-01,P000069,LOC017,895,524.15,S0007,2025-02-01,36,744
2025-03-31,P000069,LOC017,898,511.28,S0007,2025-03-20,36,744
2024-10-02,P000069,LOC018,687,531.62,S0007,2024-09-13,36,744
2024-11-01,P000069,LOC018,669,511.86,S0007,2024-10-30,36,744
2024-12-01,P000069,LOC018,750,541.19,S0007,2024-11-16,36,744
2024-12-31,P000069,LOC018,783,535.64,S0007,2024-12-13,36,744
2025-01-30,P000069,LOC018,865,539.89,S0007,2025-01-28,36,744
2025-03-01,P000069,LOC018,858,516.05,S0007,2025-02-09,36,744
2025-03-31,P000069,LOC018,918,529.85,S0007,2025-03-27,36,744
2024-10-02,P000069,LOC019,713,507.33,S0007,2024-09-28,36,744
2024-11-01,P000069,LOC019,744,522.76,S0007,2024-10-27,36,744
2024-12-01,P000069,LOC019,735,548.29,S0007,2024-11-17,36,744
2024-12-31,P000069,LOC019,721,557.56,S0007,2024-12-20,36,744
2025-01-30,P000069,LOC019,732,547.13,S0007,2025-01-08,36,744
2025-03-01,P000069,LOC019,710,542.45,S0007,2025-02-28,36,744
2025-03-31,P000069,LOC019,783,520.6,S0007,2025-03-27,36,744
2024-10-02,P000069,LOC020,718,510.19,S0007,2024-10-01,36,744
2024-11-01,P000069,LOC020,786,529.95,S0007,2024-10-17,36,744
2024-12-01,P000069,LOC020,804,526.05,S0007,2024-11-15,36,744
2024-12-31,P000069,LOC020,808,522.79,S0007,2024-12-22,36,744
2025-01-30,P000069,LOC020,882,543.22,S0007,2025-01-02,36,744
2025-03-01,P000069,LOC020,894,509.57,S0007,2025-02-19,36,744
2025-03-31,P000069,LOC020,916,557.63,S0007,2025-03-17,36,744
2024-10-02,P000070,LOC001,764,351.45,S0013,2024-09-12,49,476
2024-11-01,P000070,LOC001,757,334.06,S0013,2024-10-08,49,476
2024-12-01,P000070,LOC001,797,345.5,S0013,2024-11-29,49,476
2024-12-31,P000070,LOC001,805,338.59,S0013,2024-12-20,49,476
2025-01-30,P000070,LOC001,882,336.51,S0013,2025-01-24,49,476
2025-03-01,P000070,LOC001,841,333.08,S0013,2025-02-24,49,476
2025-03-31,P000070,LOC001,818,332.31,S0013,2025-03-26,49,476
2024-10-02,P000070,LOC002,629,335.49,S0013,2024-09-15,49,476
2024-11-01,P000070,LOC002,611,334.54,S0013,2024-10-25,49,476
2024-12-01,P000070,LOC002,573,346.26,S0013,2024-11-29,49,476
2024-12-31,P000070,LOC002,632,336.46,S0013,2024-12-13,49,476
2025-01-30,P000070,LOC002,638,350.26,S0013,2025-01-17,49,476
2025-03-01,P000070,LOC002,611,329.04,S0013,2025-02-19,49,476
2025-03-31,P000070,LOC002,622,339.86,S0013,2025-03-14,49,476
2024-10-02,P000070,LOC003,765,339.3,S0013,2024-09-23,49,476
2024-11-01,P000070,LOC003,829,327.85,S0013,2024-10-13,49,476
2024-12-01,P000070,LOC003,813,354.12,S0013,2024-11-08,49,476
2024-12-31,P000070,LOC003,816,336.2,S0013,2024-12-08,49,476
2025-01-30,P000070,LOC003,907,355.56,S0013,2025-01-21,49,476
2025-03-01,P000070,LOC003,999,331.87,S0013,2025-02-03,49,476
2025-03-31,P000070,LOC003,1020,359.57,S0013,2025-03-11,49,476
2024-10-02,P000070,LOC004,702,347.1,S0013,2024-09-25,49,476
2024-11-01,P000070,LOC004,682,359.33,S0013,2024-10-24,49,476
2024-12-01,P000070,LOC004,717,359.89,S0013,2024-11-06,49,476
2024-12-31,P000070,LOC004,763,330.07,S0013,2024-12-08,49,476
2025-01-30,P000070,LOC004,738,351.89,S0013,2025-01-29,49,476
2025-03-01,P000070,LOC004,810,357.36,S0013,2025-02-10,49,476
2025-03-31,P000070,LOC004,846,354.35,S0013,2025-03-11,49,476
2024-10-02,P000070,LOC005,699,332.87,S0013,2024-09-12,49,476
2024-11-01,P000070,LOC005,751,329.79,S0013,2024-10-13,49,476
2024-12-01,P000070,LOC005,845,360.64,S0013,2024-11-02,49,476
2024-12-31,P000070,LOC005,874,355.38,S0013,2024-12-25,49,476
2025-01-30,P000070,LOC005,887,350.99,S0013,2025-01-12,49,476
2025-03-01,P000070,LOC005,873,343.36,S0013,2025-02-11,49,476
2025-03-31,P000070,LOC005,941,343.42,S0013,2025-03-28,49,476
2024-10-02,P000070,LOC006,755,327.07,S0013,2024-09-23,49,476
2024-11-01,P000070,LOC006,769,337.23,S0013,2024-10-07,49,476
2024-12-01,P000070,LOC006,822,353.75,S0013,2024-11-12,49,476
2024-12-31,P000070,LOC006,790,345.37,S0013,2024-12-10,49,476
2025-01-30,P000070,LOC006,797,340.32,S0013,2025-01-18,49,476
2025-03-01,P000070,LOC006,882,352.62,S0013,2025-02-25,49,476
2025-03-31,P000070,LOC006,958,337.92,S0013,2025-03-16,49,476
2024-10-02,P000070,LOC007,751,334.09,S0013,2024-09-28,49,476
2024-11-01,P000070,LOC007,729,348.81,S0013,2024-10-12,49,476
2024-12-01,P000070,LOC007,717,352.07,S0013,2024-11-14,49,476
2024-12-31,P000070,LOC007,715,340.65,S0013,2024-12-01,49,476
2025-01-30,P000070,LOC007,665,329.41,S0013,2025-01-21,49,476
2025-03-01,P000070,LOC007,670,340.18,S0013,2025-02-28,49,476
2025-03-31,P000070,LOC007,673,359.74,S0013,2025-03-26,49,476
2024-10-02,P000070,LOC008,709,331.91,S0013,2024-09-30,49,476
2024-11-01,P000070,LOC008,763,343.57,S0013,2024-10-12,49,476
2024-12-01,P000070,LOC008,760,340.14,S0013,2024-11-11,49,476
2024-12-31,P000070,LOC008,743,336.41,S0013,2024-12-13,49,476
2025-01-30,P000070,LOC008,797,355.04,S0013,2025-01-23,49,476
2025-03-01,P000070,LOC008,855,350.47,S0013,2025-01-30,49,476
2025-03-31,P000070,LOC008,840,335.43,S0013,2025-03-20,49,476
2024-10-02,P000070,LOC009,736,331.94,S0013,2024-09-07,49,476
2024-11-01,P000070,LOC009,695,345.82,S0013,2024-10-11,49,476
2024-12-01,P000070,LOC009,777,339.17,S0013,2024-11-25,49,476
2024-12-31,P000070,LOC009,800,329.15,S0013,2024-12-15,49,476
2025-01-30,P000070,LOC009,857,359.09,S0013,2025-01-26,49,476
2025-03-01,P000070,LOC009,903,335.66,S0013,2025-02-02,49,476
2025-03-31,P000070,LOC009,899,359.32,S0013,2025-03-11,49,476
2024-10-02,P000070,LOC010,717,329.43,S0013,2024-09-24,49,476
2024-11-01,P000070,LOC010,735,349.21,S0013,2024-10-22,49,476
2024-12-01,P000070,LOC010,685,332.91,S0013,2024-11-27,49,476
2024-12-31,P000070,LOC010,765,354.41,S0013,2024-12-01,49,476
2025-01-30,P000070,LOC010,777,355.82,S0013,2025-01-28,49,476
2025-03-01,P000070,LOC010,877,334.28,S0013,2025-02-22,49,476
2025-03-31,P000070,LOC010,957,357.91,S0013,2025-03-29,49,476
2024-10-02,P000070,LOC011,660,334.7,S0013,2024-09-06,49,476
2024-11-01,P000070,LOC011,701,335.45,S0013,2024-10-28,49,476
2024-12-01,P000070,LOC011,716,336.78,S0013,2024-11-14,49,476
2024-12-31,P000070,LOC011,768,350.36,S0013,2024-12-01,49,476
2025-01-30,P000070,LOC011,749,351.09,S0013,2025-01-17,49,476
2025-03-01,P000070,LOC011,800,349.9,S0013,2025-01-31,49,476
2025-03-31,P000070,LOC011,757,333.08,S0013,2025-03-30,49,476
2024-10-02,P000070,LOC012,695,333.31,S0013,2024-09-19,49,476
2024-11-01,P000070,LOC012,772,360.03,S0013,2024-10-08,49,476
2024-12-01,P000070,LOC012,786,336.54,S0013,2024-11-20,49,476
2024-12-31,P000070,LOC012,794,346.45,S0013,2024-12-09,49,476
2025-01-30,P000070,LOC012,876,330.83,S0013,2025-01-19,49,476
2025-03-01,P000070,LOC012,843,334.42,S0013,2025-02-27,49,476
2025-03-31,P000070,LOC012,798,333.68,S0013,2025-03-30,49,476
2024-10-02,P000070,LOC013,742,351.15,S0013,2024-09-07,49,476
2024-11-01,P000070,LOC013,773,333.91,S0013,2024-10-09,49,476
2024-12-01,P000070,LOC013,760,348.04,S0013,2024-11-13,49,476
2024-12-31,P000070,LOC013,818,331.21,S0013,2024-12-14,49,476
2025-01-30,P000070,LOC013,790,360.88,S0013,2025-01-08,49,476
2025-03-01,P000070,LOC013,886,346.16,S0013,2025-02-09,49,476
2025-03-31,P000070,LOC013,848,338.48,S0013,2025-03-20,49,476
2024-10-02,P000070,LOC014,650,342.67,S0013,2024-09-15,49,476
2024-11-01,P000070,LOC014,727,355.45,S0013,2024-10-20,49,476
2024-12-01,P000070,LOC014,792,331.06,S0013,2024-11-04,49,476
2024-12-31,P000070,LOC014,783,357.25,S0013,2024-12-11,49,476
2025-01-30,P000070,LOC014,739,357.17,S0013,2024-12-31,49,476
2025-03-01,P000070,LOC014,769,343.47,S0013,2025-02-13,49,476
2025-03-31,P000070,LOC014,742,328.15,S0013,2025-03-27,49,476
2024-10-02,P000070,LOC015,723,341.12,S0013,2024-09-27,49,476
2024-11-01,P000070,LOC015,812,355.36,S0013,2024-10-02,49,476
2024-12-01,P000070,LOC015,802,331.96,S0013,2024-11-04,49,476
2024-12-31,P000070,LOC015,826,347.29,S0013,2024-12-21,49,476
2025-01-30,P000070,LOC015,796,344.85,S0013,2025-01-08,49,476
2025-03-01,P000070,LOC015,777,355.32,S0013,2025-01-31,49,476
2025-03-31,P000070,LOC015,875,332.02,S0013,2025-03-25,49,476
2024-10-02,P000070,LOC016,748,341.58,S0013,2024-09-15,49,476
2024-11-01,P000070,LOC016,711,356.78,S0013,2024-10-14,49,476
2024-12-01,P000070,LOC016,761,356.73,S0013,2024-11-04,49,476
2024-12-31,P000070,LOC016,838,337.85,S0013,2024-12-25,49,476
2025-01-30,P000070,LOC016,876,358.54,S0013,2025-01-29,49,476
2025-03-01,P000070,LOC016,956,343.27,S0013,2025-02-27,49,476
2025-03-31,P000070,LOC016,1041,352.4,S0013,2025-03-19,49,476
2024-10-02,P000070,LOC017,751,333.27,S0013,2024-10-01,49,476
2024-11-01,P000070,LOC017,728,332.55,S0013,2024-10-05,49,476
2024-12-01,P000070,LOC017,709,343.48,S0013,2024-11-19,49,476
2024-12-31,P000070,LOC017,695,360.44,S0013,2024-12-26,49,476
2025-01-30,P000070,LOC017,679,350.65,S0013,2025-01-15,49,476
2025-03-01,P000070,LOC017,692,356.59,S0013,2025-02-12,49,476
2025-03-31,P000070,LOC017,754,326.91,S0013,2025-03-17,49,476
2024-10-02,P000070,LOC018,676,339.56,S0013,2024-09-07,49,476
2024-11-01,P000070,LOC018,666,346.1,S0013,2024-10-11,49,476
2024-12-01,P000070,LOC018,705,342.24,S0013,2024-11-20,49,476
2024-12-31,P000070,LOC018,745,335.6,S0013,2024-12-24,49,476
2025-01-30,P000070,LOC018,737,342.2,S0013,2025-01-28,49,476
2025-03-01,P000070,LOC018,747,341.96,S0013,2025-02-01,49,476
2025-03-31,P000070,LOC018,752,347.19,S0013,2025-03-01,49,476
2024-10-02,P000070,LOC019,721,357.34,S0013,2024-09-18,49,476
2024-11-01,P000070,LOC019,707,326.82,S0013,2024-10-18,49,476
2024-12-01,P000070,LOC019,735,332.94,S0013,2024-11-28,49,476
2024-12-31,P000070,LOC019,688,342.25,S0013,2024-12-20,49,476
2025-01-30,P000070,LOC019,778,328.66,S0013,2025-01-23,49,476
2025-03-01,P000070,LOC019,810,341.14,S0013,2025-02-09,49,476
2025-03-31,P000070,LOC019,769,344.31,S0013,2025-03-22,49,476
2024-10-02,P000070,LOC020,683,340.38,S0013,2024-09-09,49,476
2024-11-01,P000070,LOC020,711,351.19,S0013,2024-10-02,49,476
2024-12-01,P000070,LOC020,754,358.5,S0013,2024-11-22,49,476
2024-12-31,P000070,LOC020,731,337.09,S0013,2024-12-28,49,476
2025-01-30,P000070,LOC020,782,354.97,S0013,2025-01-15,49,476
2025-03-01,P000070,LOC020,743,332.26,S0013,2025-02-16,49,476
2025-03-31,P000070,LOC020,711,329.19,S0013,2025-03-01,49,476
2024-10-02,P000071,LOC001,884,28.8,S0020,2024-09-20,37,264
2024-11-01,P000071,LOC001,931,29.27,S0020,2024-10-04,37,264
2024-12-01,P000071,LOC001,930,28.77,S0020,2024-11-10,37,264
2024-12-31,P000071,LOC001,968,27.82,S0020,2024-12-28,37,264
2025-01-30,P000071,LOC001,1024,26.77,S0020,2025-01-26,37,264
2025-03-01,P000071,LOC001,1076,29.26,S0020,2025-02-23,37,264
2025-03-31,P000071,LOC001,1079,29.33,S0020,2025-03-10,37,264
2024-10-02,P000071,LOC002,900,29.14,S0020,2024-09-22,37,264
2024-11-01,P000071,LOC002,892,28.16,S0020,2024-10-23,37,264
2024-12-01,P000071,LOC002,855,29.41,S0020,2024-11-07,37,264
2024-12-31,P000071,LOC002,809,27.26,S0020,2024-12-13,37,264
2025-01-30,P000071,LOC002,842,29.27,S0020,2025-01-11,37,264
2025-03-01,P000071,LOC002,797,27.48,S0020,2025-02-20,37,264
2025-03-31,P000071,LOC002,814,28.42,S0020,2025-03-04,37,264
2024-10-02,P000071,LOC003,1009,26.96,S0020,2024-09-20,37,264
2024-11-01,P000071,LOC003,984,28.83,S0020,2024-10-22,37,264
2024-12-01,P000071,LOC003,1068,26.91,S0020,2024-11-24,37,264
2024-12-31,P000071,LOC003,1046,29.05,S0020,2024-12-18,37,264
2025-01-30,P000071,LOC003,1028,29.49,S0020,2025-01-17,37,264
2025-03-01,P000071,LOC003,1107,27.43,S0020,2025-02-18,37,264
2025-03-31,P000071,LOC003,1181,28.99,S0020,2025-03-16,37,264
2024-10-02,P000071,LOC004,944,26.88,S0020,2024-09-05,37,264
2024-11-01,P000071,LOC004,925,28.73,S0020,2024-10-17,37,264
2024-12-01,P000071,LOC004,922,27.65,S0020,2024-11-13,37,264
2024-12-31,P000071,LOC004,992,27.17,S0020,2024-12-09,37,264
2025-01-30,P000071,LOC004,1092,28.54,S0020,2025-01-05,37,264
2025-03-01,P000071,LOC004,1146,27.78,S0020,2025-02-11,37,264
2025-03-31,P000071,LOC004,1111,29.43,S0020,2025-03-23,37,264
2024-10-02,P000071,LOC005,931,28.15,S0020,2024-09-18,37,264
2024-11-01,P000071,LOC005,910,27.41,S0020,2024-10-13,37,264
2024-12-01,P000071,LOC005,892,29.44,S0020,2024-11-30,37,264
2024-12-31,P000071,LOC005,930,27.59,S0020,2024-12-03,37,264
2025-01-30,P000071,LOC005,930,29.15,S0020,2025-01-29,37,264
2025-03-01,P000071,LOC005,961,28.84,S0020,2025-02-11,37,264
2025-03-31,P000071,LOC005,915,27.33,S0020,2025-03-08,37,264
2024-10-02,P000071,LOC006,1020,26.88,S0020,2024-09-29,37,264
2024-11-01,P000071,LOC006,1117,27.28,S0020,2024-10-27,37,264
2024-12-01,P000071,LOC006,1079,28.45,S0020,2024-11-24,37,264
2024-12-31,P000071,LOC006,1147,28.62,S0020,2024-12-30,37,264
2025-01-30,P000071,LOC006,1228,28.35,S0020,2025-01-09,37,264
2025-03-01,P000071,LOC006,1189,27.11,S0020,2025-02-02,37,264
2025-03-31,P000071,LOC006,1259,27.57,S0020,2025-03-06,37,264
2024-10-02,P000071,LOC007,1016,26.76,S0020,2024-09-27,37,264
2024-11-01,P000071,LOC007,1097,28.01,S0020,2024-10-29,37,264
2024-12-01,P000071,LOC007,1072,29.25,S0020,2024-11-12,37,264
2024-12-31,P000071,LOC007,1082,27.15,S0020,2024-12-12,37,264
2025-01-30,P000071,LOC007,1079,28.38,S0020,2025-01-22,37,264
2025-03-01,P000071,LOC007,1050,29.39,S0020,2025-02-26,37,264
2025-03-31,P000071,LOC007,1120,27.66,S0020,2025-03-04,37,264
2024-10-02,P000071,LOC008,998,27.77,S0020,2024-09-24,37,264
2024-11-01,P000071,LOC008,1061,27.56,S0020,2024-10-31,37,264
2024-12-01,P000071,LOC008,1140,26.73,S0020,2024-11-07,37,264
2024-12-31,P000071,LOC008,1163,27.57,S0020,2024-12-21,37,264
2025-01-30,P000071,LOC008,1155,28.13,S0020,2025-01-16,37,264
2025-03-01,P000071,LOC008,1141,26.93,S0020,2025-02-21,37,264
2025-03-31,P000071,LOC008,1227,26.94,S0020,2025-03-30,37,264
2024-10-02,P000071,LOC009,899,27.33,S0020,2024-09-10,37,264
2024-11-01,P000071,LOC009,850,27.35,S0020,2024-10-11,37,264
2024-12-01,P000071,LOC009,877,27.11,S0020,2024-11-01,37,264
2024-12-31,P000071,LOC009,904,29.12,S0020,2024-12-28,37,264
2025-01-30,P000071,LOC009,880,27.15,S0020,2025-01-06,37,264
2025-03-01,P000071,LOC009,842,28.34,S0020,2025-01-30,37,264
2025-03-31,P000071,LOC009,880,27.06,S0020,2025-03-18,37,264
2024-10-02,P000071,LOC010,943,27.1,S0020,2024-09-21,37,264
2024-11-01,P000071,LOC010,976,27.45,S0020,2024-10-08,37,264
2024-12-01,P000071,LOC010,1002,27.07,S0020,2024-11-04,37,264
2024-12-31,P000071,LOC010,1099,27.2,S0020,2024-12-23,37,264
2025-01-30,P000071,LOC010,1190,29.02,S0020,2025-01-12,37,264
2025-03-01,P000071,LOC010,1246,28.05,S0020,2025-02-01,37,264
2025-03-31,P000071,LOC010,1299,27.19,S0020,2025-03-17,37,264
2024-10-02,P000071,LOC011,963,27.17,S0020,2024-09-24,37,264
2024-11-01,P000071,LOC011,1040,27.11,S0020,2024-10-11,37,264
2024-12-01,P000071,LOC011,1098,28.65,S0020,2024-11-05,37,264
2024-12-31,P000071,LOC011,1147,27.59,S0020,2024-12-05,37,264
2025-01-30,P000071,LOC011,1126,27.27,S0020,2025-01-29,37,264
2025-03-01,P000071,LOC011,1182,27.03,S0020,2025-02-01,37,264
2025-03-31,P000071,LOC011,1241,27.25,S0020,2025-03-03,37,264
2024-10-02,P000071,LOC012,963,28.09,S0020,2024-09-05,37,264
2024-11-01,P000071,LOC012,1013,28.41,S0020,2024-10-02,37,264
2024-12-01,P000071,LOC012,1031,28.97,S0020,2024-11-21,37,264
2024-12-31,P000071,LOC012,1107,29.05,S0020,2024-12-20,37,264
2025-01-30,P000071,LOC012,1115,29.48,S0020,2025-01-07,37,264
2025-03-01,P000071,LOC012,1207,28.39,S0020,2025-02-20,37,264
2025-03-31,P000071,LOC012,1287,27.3,S0020,2025-03-11,37,264
2024-10-02,P000071,LOC013,1004,27.78,S0020,2024-09-16,37,264
2024-11-01,P000071,LOC013,1095,27.3,S0020,2024-10-11,37,264
2024-12-01,P000071,LOC013,1081,28.98,S0020,2024-11-07,37,264
2024-12-31,P000071,LOC013,1124,28.11,S0020,2024-12-27,37,264
2025-01-30,P000071,LOC013,1155,27.85,S0020,2025-01-21,37,264
2025-03-01,P000071,LOC013,1138,28.12,S0020,2025-02-21,37,264
2025-03-31,P000071,LOC013,1109,28.04,S0020,2025-03-08,37,264
2024-10-02,P000071,LOC014,931,28.1,S0020,2024-09-24,37,264
2024-11-01,P000071,LOC014,894,27.12,S0020,2024-10-03,37,264
2024-12-01,P000071,LOC014,968,29.05,S0020,2024-11-28,37,264
2024-12-31,P000071,LOC014,1008,27.28,S0020,2024-12-03,37,264
2025-01-30,P000071,LOC014,1008,27.87,S0020,2025-01-02,37,264
2025-03-01,P000071,LOC014,966,27.87,S0020,2025-02-11,37,264
2025-03-31,P000071,LOC014,1017,28.93,S0020,2025-03-13,37,264
2024-10-02,P000071,LOC015,914,27.61,S0020,2024-09-11,37,264
2024-11-01,P000071,LOC015,956,26.78,S0020,2024-10-29,37,264
2024-12-01,P000071,LOC015,914,27.11,S0020,2024-11-28,37,264
2024-12-31,P000071,LOC015,966,27.96,S0020,2024-12-15,37,264
2025-01-30,P000071,LOC015,1055,28.19,S0020,2025-01-02,37,264
2025-03-01,P000071,LOC015,1129,26.9,S0020,2025-02-08,37,264
2025-03-31,P000071,LOC015,1172,29.21,S0020,2025-03-18,37,264
2024-10-02,P000071,LOC016,955,28.71,S0020,2024-09-25,37,264
2024-11-01,P000071,LOC016,935,29.13,S0020,2024-10-27,37,264
2024-12-01,P000071,LOC016,961,27.36,S0020,2024-11-02,37,264
2024-12-31,P000071,LOC016,947,28.93,S0020,2024-12-15,37,264
2025-01-30,P000071,LOC016,976,28.11,S0020,2025-01-16,37,264
2025-03-01,P000071,LOC016,1015,27.14,S0020,2025-01-30,37,264
2025-03-31,P000071,LOC016,1074,27.44,S0020,2025-03-23,37,264
2024-10-02,P000071,LOC017,913,27.07,S0020,2024-09-11,37,264
2024-11-01,P000071,LOC017,949,28.21,S0020,2024-10-03,37,264
2024-12-01,P000071,LOC017,944,29.05,S0020,2024-11-16,37,264
2024-12-31,P000071,LOC017,994,28.51,S0020,2024-12-15,37,264
2025-01-30,P000071,LOC017,946,27.14,S0020,2025-01-21,37,264
2025-03-01,P000071,LOC017,990,27.97,S0020,2025-02-19,37,264
2025-03-31,P000071,LOC017,1038,26.75,S0020,2025-03-11,37,264
2024-10-02,P000071,LOC018,883,27.6,S0020,2024-09-20,37,264
2024-11-01,P000071,LOC018,863,26.82,S0020,2024-10-08,37,264
2024-12-01,P000071,LOC018,941,26.75,S0020,2024-11-03,37,264
2024-12-31,P000071,LOC018,993,27.36,S0020,2024-12-11,37,264
2025-01-30,P000071,LOC018,1073,27.94,S0020,2025-01-04,37,264
2025-03-01,P000071,LOC018,1156,27.82,S0020,2025-02-07,37,264
2025-03-31,P000071,LOC018,1155,27.77,S0020,2025-03-29,37,264
2024-10-02,P000071,LOC019,964,27.64,S0020,2024-09-05,37,264
2024-11-01,P000071,LOC019,971,27.09,S0020,2024-10-02,37,264
2024-12-01,P000071,LOC019,1055,29.21,S0020,2024-11-21,37,264
2024-12-31,P000071,LOC019,1102,29.18,S0020,2024-12-26,37,264
2025-01-30,P000071,LOC019,1194,29.1,S0020,2025-01-07,37,264
2025-03-01,P000071,LOC019,1184,28.98,S0020,2025-02-26,37,264
2025-03-31,P000071,LOC019,1242,28.02,S0020,2025-03-24,37,264
2024-10-02,P000071,LOC020,912,28.8,S0020,2024-09-22,37,264
2024-11-01,P000071,LOC020,910,26.78,S0020,2024-10-17,37,264
2024-12-01,P000071,LOC020,913,29.19,S0020,2024-11-22,37,264
2024-12-31,P000071,LOC020,948,28.04,S0020,2024-12-21,37,264
2025-01-30,P000071,LOC020,1002,27.62,S0020,2025-01-15,37,264
2025-03-01,P000071,LOC020,1004,27.11,S0020,2025-02-25,37,264
2025-03-31,P000071,LOC020,1044,26.76,S0020,2025-03-14,37,264
2024-10-02,P000072,LOC001,0,530.04,S0021,2024-09-03,36,910
2024-11-01,P000072,LOC001,0,576.86,S0021,2024-10-15,36,910
2024-12-01,P000072,LOC001,0,543.55,S0021,2024-11-15,36,910
2024-12-31,P000072,LOC001,72,537.77,S0021,2024-12-27,36,910
2025-01-30,P000072,LOC001,45,563.8,S0021,2024-12-31,36,910
2025-03-01,P000072,LOC001,13,526.73,S0021,2025-02-24,36,910
2025-03-31,P000072,LOC001,22,525.94,S0021,2025-03-17,36,910
2024-10-02,P000072,LOC002,0,550.77,S0021,2024-09-20,36,910
2024-11-01,P000072,LOC002,15,550.57,S0021,2024-10-04,36,910
2024-12-01,P000072,LOC002,0,534.05,S0021,2024-11-15,36,910
2024-12-31,P000072,LOC002,86,575.24,S0021,2024-12-26,36,910
2025-01-30,P000072,LOC002,83,542.18,S0021,2025-01-14,36,910
2025-03-01,P000072,LOC002,142,566.4,S0021,2025-02-22,36,910
2025-03-31,P000072,LOC002,123,573.24,S0021,2025-03-19,36,910
2024-10-02,P000072,LOC003,0,550.59,S0021,2024-09-11,36,910
2024-11-01,P000072,LOC003,0,525.89,S0021,2024-10-25,36,910
2024-12-01,P000072,LOC003,92,534.36,S0021,2024-11-13,36,910
2024-12-31,P000072,LOC003,109,569.75,S0021,2024-12-27,36,910
2025-01-30,P000072,LOC003,170,576.85,S0021,2025-01-07,36,910
2025-03-01,P000072,LOC003,186,527.51,S0021,2025-02-27,36,910
2025-03-31,P000072,LOC003,136,550.35,S0021,2025-03-10,36,910
2024-10-02,P000072,LOC004,50,566.3,S0021,2024-09-30,36,910
2024-11-01,P000072,LOC004,61,542.52,S0021,2024-10-11,36,910
2024-12-01,P000072,LOC004,152,563.03,S0021,2024-11-05,36,910
2024-12-31,P000072,LOC004,196,536.33,S0021,2024-12-12,36,910
2025-01-30,P000072,LOC004,249,545.45,S0021,2025-01-07,36,910
2025-03-01,P000072,LOC004,312,571.69,S0021,2025-02-23,36,910
2025-03-31,P000072,LOC004,301,560.67,S0021,2025-03-23,36,910
2024-10-02,P000072,LOC005,0,553.78,S0021,2024-09-09,36,910
2024-11-01,P000072,LOC005,75,557.1,S0021,2024-10-29,36,910
2024-12-01,P000072,LOC005,109,538.29,S0021,2024-11-22,36,910
2024-12-31,P000072,LOC005,69,534.05,S0021,2024-12-05,36,910
2025-01-30,P000072,LOC005,91,540.5,S0021,2025-01-07,36,910
2025-03-01,P000072,LOC005,95,563.07,S0021,2025-02-23,36,910
2025-03-31,P000072,LOC005,154,566.32,S0021,2025-03-30,36,910
2024-10-02,P000072,LOC006,87,566.23,S0021,2024-09-24,36,910
2024-11-01,P000072,LOC006,173,539.11,S0021,2024-10-24,36,910
2024-12-01,P000072,LOC006,176,531.17,S0021,2024-11-06,36,910
2024-12-31,P000072,LOC006,263,532.25,S0021,2024-12-07,36,910
2025-01-30,P000072,LOC006,245,563.27,S0021,2025-01-27,36,910
2025-03-01,P000072,LOC006,277,525.57,S0021,2025-02-27,36,910
2025-03-31,P000072,LOC006,306,555.3,S0021,2025-03-26,36,910
2024-10-02,P000072,LOC007,0,552.64,S0021,2024-09-08,36,910
2024-11-01,P000072,LOC007,79,540.09,S0021,2024-10-04,36,910
2024-12-01,P000072,LOC007,142,555.37,S0021,2024-11-19,36,910
2024-12-31,P000072,LOC007,136,524.26,S0021,2024-12-09,36,910
2025-01-30,P000072,LOC007,180,559.0,S0021,2025-01-11,36,910
2025-03-01,P000072,LOC007,268,561.71,S0021,2025-02-23,36,910
2025-03-31,P000072,LOC007,316,527.25,S0021,2025-03-07,36,910
2024-10-02,P000072,LOC008,43,532.33,S0021,2024-09-19,36,910
2024-11-01,P000072,LOC008,38,562.51,S0021,2024-10-25,36,910
2024-12-01,P000072,LOC008,80,533.1,S0021,2024-11-25,36,910
2024-12-31,P000072,LOC008,57,566.09,S0021,2024-12-15,36,910
2025-01-30,P000072,LOC008,12,552.81,S0021,2025-01-06,36,910
2025-03-01,P000072,LOC008,39,563.61,S0021,2025-02-27,36,910
2025-03-31,P000072,LOC008,41,546.63,S0021,2025-03-25,36,910
2024-10-02,P000072,LOC009,71,526.27,S0021,2024-09-16,36,910
2024-11-01,P000072,LOC009,71,568.0,S0021,2024-10-20,36,910
2024-12-01,P000072,LOC009,50,557.08,S0021,2024-11-15,36,910
2024-12-31,P000072,LOC009,89,531.6,S0021,2024-12-09,36,910
2025-01-30,P000072,LOC009,141,547.64,S0021,2025-01-20,36,910
2025-03-01,P000072,LOC009,235,545.33,S0021,2025-02-26,36,910
2025-03-31,P000072,LOC009,328,566.22,S0021,2025-03-19,36,910
2024-10-02,P000072,LOC010,0,567.03,S0021,2024-09-27,36,910
2024-11-01,P000072,LOC010,0,570.73,S0021,2024-10-02,36,910
2024-12-01,P000072,LOC010,56,546.34,S0021,2024-11-07,36,910
2024-12-31,P000072,LOC010,137,571.6,S0021,2024-12-09,36,910
2025-01-30,P000072,LOC010,161,552.63,S0021,2025-01-02,36,910
2025-03-01,P000072,LOC010,212,554.31,S0021,2025-02-18,36,910
2025-03-31,P000072,LOC010,164,560.83,S0021,2025-03-28,36,910
2024-10-02,P000072,LOC011,37,560.85,S0021,2024-09-16,36,910
2024-11-01,P000072,LOC011,1,532.63,S0021,2024-10-03,36,910
2024-12-01,P000072,LOC011,86,545.65,S0021,2024-11-20,36,910
2024-12-31,P000072,LOC011,41,537.52,S0021,2024-12-29,36,910
2025-01-30,P000072,LOC011,95,553.71,S0021,2025-01-10,36,910
2025-03-01,P000072,LOC011,123,523.59,S0021,2025-02-18,36,910
2025-03-31,P000072,LOC011,172,542.92,S0021,2025-03-07,36,910
2024-10-02,P000072,LOC012,46,550.74,S0021,2024-09-17,36,910
2024-11-01,P000072,LOC012,73,529.54,S0021,2024-10-23,36,910
2024-12-01,P000072,LOC012,114,556.32,S0021,2024-11-28,36,910
2024-12-31,P000072,LOC012,154,569.97,S0021,2024-12-11,36,910
2025-01-30,P000072,LOC012,154,553.05,S0021,2025-01-05,36,910
2025-03-01,P000072,LOC012,213,556.61,S0021,2025-02-03,36,910
2025-03-31,P000072,LOC012,181,552.65,S0021,2025-03-21,36,910
2024-10-02,P000072,LOC013,52,564.15,S0021,2024-09-18,36,910
2024-11-01,P000072,LOC013,23,528.68,S0021,2024-10-12,36,910
2024-12-01,P000072,LOC013,37,530.0,S0021,2024-11-14,36,910
2024-12-31,P000072,LOC013,36,537.52,S0021,2024-12-04,36,910
2025-01-30,P000072,LOC013,132,542.82,S0021,2025-01-03,36,910
2025-03-01,P000072,LOC013,205,577.1,S0021,2025-02-01,36,910
2025-03-31,P000072,LOC013,177,575.79,S0021,2025-03-02,36,910
2024-10-02,P000072,LOC014,93,541.36,S0021,2024-09-08,36,910
2024-11-01,P000072,LOC014,107,553.36,S0021,2024-10-19,36,910
2024-12-01,P000072,LOC014,193,568.09,S0021,2024-11-11,36,910
2024-12-31,P000072,LOC014,221,568.06,S0021,2024-12-26,36,910
2025-01-30,P000072,LOC014,305,571.61,S0021,2025-01-27,36,910
2025-03-01,P000072,LOC014,304,525.22,S0021,2025-02-03,36,910
2025-03-31,P000072,LOC014,358,523.56,S0021,2025-03-29,36,910
2024-10-02,P000072,LOC015,13,543.1,S0021,2024-09-21,36,910
2024-11-01,P000072,LOC015,0,553.12,S0021,2024-10-24,36,910
2024-12-01,P000072,LOC015,87,561.93,S0021,2024-11-15,36,910
2024-12-31,P000072,LOC015,187,567.23,S0021,2024-12-25,36,910
2025-01-30,P000072,LOC015,238,564.38,S0021,2025-01-13,36,910
2025-03-01,P000072,LOC015,229,548.17,S0021,2025-02-18,36,910
2025-03-31,P000072,LOC015,234,530.19,S0021,2025-03-30,36,910
2024-10-02,P000072,LOC016,0,558.89,S0021,2024-09-24,36,910
2024-11-01,P000072,LOC016,0,559.12,S0021,2024-10-28,36,910
2024-12-01,P000072,LOC016,0,554.7,S0021,2024-11-30,36,910
2024-12-31,P000072,LOC016,78,572.02,S0021,2024-12-28,36,910
2025-01-30,P000072,LOC016,151,538.26,S0021,2025-01-24,36,910
2025-03-01,P000072,LOC016,140,571.91,S0021,2025-02-22,36,910
2025-03-31,P000072,LOC016,198,542.12,S0021,2025-03-13,36,910
2024-10-02,P000072,LOC017,68,552.28,S0021,2024-09-11,36,910
2024-11-01,P000072,LOC017,79,526.93,S0021,2024-10-19,36,910
2024-12-01,P000072,LOC017,178,556.86,S0021,2024-11-08,36,910
2024-12-31,P000072,LOC017,195,551.92,S0021,2024-12-18,36,910
2025-01-30,P000072,LOC017,174,568.72,S0021,2025-01-25,36,910
2025-03-01,P000072,LOC017,250,573.51,S0021,2025-02-18,36,910
2025-03-31,P000072,LOC017,299,550.71,S0021,2025-03-11,36,910
2024-10-02,P000072,LOC018,0,552.19,S0021,2024-09-29,36,910
2024-11-01,P000072,LOC018,70,533.13,S0021,2024-10-13,36,910
2024-12-01,P000072,LOC018,163,534.56,S0021,2024-11-03,36,910
2024-12-31,P000072,LOC018,128,541.17,S0021,2024-12-19,36,910
2025-01-30,P000072,LOC018,149,536.18,S0021,2025-01-22,36,910
2025-03-01,P000072,LOC018,144,525.71,S0021,2025-02-22,36,910
2025-03-31,P000072,LOC018,109,524.65,S0021,2025-03-02,36,910
2024-10-02,P000072,LOC019,89,523.6,S0021,2024-09-25,36,910
2024-11-01,P000072,LOC019,151,562.13,S0021,2024-10-29,36,910
2024-12-01,P000072,LOC019,104,559.54,S0021,2024-11-12,36,910
2024-12-31,P000072,LOC019,72,567.45,S0021,2024-12-05,36,910
2025-01-30,P000072,LOC019,142,550.92,S0021,2025-01-04,36,910
2025-03-01,P000072,LOC019,203,537.15,S0021,2025-02-28,36,910
2025-03-31,P000072,LOC019,153,532.91,S0021,2025-03-07,36,910
2024-10-02,P000072,LOC020,88,523.6,S0021,2024-09-03,36,910
2024-11-01,P000072,LOC020,82,533.81,S0021,2024-10-10,36,910
2024-12-01,P000072,LOC020,36,526.95,S0021,2024-11-01,36,910
2024-12-31,P000072,LOC020,26,538.32,S0021,2024-12-07,36,910
2025-01-30,P000072,LOC020,82,530.29,S0021,2025-01-05,36,910
2025-03-01,P000072,LOC020,48,528.31,S0021,2025-02-07,36,910
2025-03-31,P000072,LOC020,0,535.42,S0021,2025-03-27,36,910
2024-10-02,P000073,LOC001,522,78.11,S0010,2024-09-02,21,264
2024-11-01,P000073,LOC001,529,77.21,S0010,2024-10-13,21,264
2024-12-01,P000073,LOC001,520,84.05,S0010,2024-11-30,21,264
2024-12-31,P000073,LOC001,520,80.68,S0010,2024-12-12,21,264
2025-01-30,P000073,LOC001,529,81.53,S0010,2025-01-08,21,264
2025-03-01,P000073,LOC001,536,78.56,S0010,2025-02-10,21,264
2025-03-31,P000073,LOC001,495,79.66,S0010,2025-03-12,21,264
2024-10-02,P000073,LOC002,565,82.61,S0010,2024-09-23,21,264
2024-11-01,P000073,LOC002,547,82.16,S0010,2024-10-12,21,264
2024-12-01,P000073,LOC002,533,83.79,S0010,2024-11-19,21,264
2024-12-31,P000073,LOC002,616,82.23,S0010,2024-12-20,21,264
2025-01-30,P000073,LOC002,594,80.63,S0010,2025-01-24,21,264
2025-03-01,P000073,LOC002,574,80.88,S0010,2025-02-21,21,264
2025-03-31,P000073,LOC002,647,84.02,S0010,2025-03-20,21,264
2024-10-02,P000073,LOC003,541,83.79,S0010,2024-09-02,21,264
2024-11-01,P000073,LOC003,609,78.17,S0010,2024-10-09,21,264
2024-12-01,P000073,LOC003,667,78.16,S0010,2024-11-14,21,264
2024-12-31,P000073,LOC003,662,78.21,S0010,2024-12-13,21,264
2025-01-30,P000073,LOC003,626,77.51,S0010,2025-01-02,21,264
2025-03-01,P000073,LOC003,666,79.0,S0010,2025-02-15,21,264
2025-03-31,P000073,LOC003,622,78.08,S0010,2025-03-14,21,264
2024-10-02,P000073,LOC004,519,81.82,S0010,2024-09-23,21,264
2024-11-01,P000073,LOC004,487,82.44,S0010,2024-10-27,21,264
2024-12-01,P000073,LOC004,526,82.78,S0010,2024-11-07,21,264
2024-12-31,P000073,LOC004,511,81.59,S0010,2024-12-26,21,264
2025-01-30,P000073,LOC004,482,80.86,S0010,2025-01-11,21,264
2025-03-01,P000073,LOC004,529,77.17,S0010,2025-02-10,21,264
2025-03-31,P000073,LOC004,481,83.0,S0010,2025-03-04,21,264
2024-10-02,P000073,LOC005,644,83.8,S0010,2024-09-29,21,264
2024-11-01,P000073,LOC005,622,82.95,S0010,2024-10-19,21,264
2024-12-01,P000073,LOC005,634,77.49,S0010,2024-11-05,21,264
2024-12-31,P000073,LOC005,705,83.63,S0010,2024-12-22,21,264
2025-01-30,P000073,LOC005,781,82.57,S0010,2025-01-07,21,264
2025-03-01,P000073,LOC005,775,79.25,S0010,2025-02-06,21,264
2025-03-31,P000073,LOC005,796,79.2,S0010,2025-03-24,21,264
2024-10-02,P000073,LOC006,553,78.12,S0010,2024-09-10,21,264
2024-11-01,P000073,LOC006,507,82.03,S0010,2024-10-22,21,264
2024-12-01,P000073,LOC006,543,78.35,S0010,2024-11-28,21,264
2024-12-31,P000073,LOC006,513,83.6,S0010,2024-12-05,21,264
2025-01-30,P000073,LOC006,509,83.42,S0010,2025-01-10,21,264
2025-03-01,P000073,LOC006,609,84.54,S0010,2025-02-16,21,264
2025-03-31,P000073,LOC006,669,82.02,S0010,2025-03-02,21,264
2024-10-02,P000073,LOC007,638,81.45,S0010,2024-09-20,21,264
2024-11-01,P000073,LOC007,672,84.05,S0010,2024-10-30,21,264
2024-12-01,P000073,LOC007,659,80.08,S0010,2024-11-07,21,264
2024-12-31,P000073,LOC007,753,79.01,S0010,2024-12-18,21,264
2025-01-30,P000073,LOC007,710,81.69,S0010,2025-01-17,21,264
2025-03-01,P000073,LOC007,786,78.19,S0010,2025-02-06,21,264
2025-03-31,P000073,LOC007,786,79.01,S0010,2025-03-02,21,264
2024-10-02,P000073,LOC008,604,76.94,S0010,2024-09-12,21,264
2024-11-01,P000073,LOC008,609,78.83,S0010,2024-10-06,21,264
2024-12-01,P000073,LOC008,684,80.79,S0010,2024-11-29,21,264
2024-12-31,P000073,LOC008,691,82.26,S0010,2024-12-21,21,264
2025-01-30,P000073,LOC008,696,84.82,S0010,2025-01-03,21,264
2025-03-01,P000073,LOC008,730,81.32,S0010,2025-02-23,21,264
2025-03-31,P000073,LOC008,789,77.25,S0010,2025-03-28,21,264
2024-10-02,P000073,LOC009,605,76.93,S0010,2024-09-07,21,264
2024-11-01,P000073,LOC009,562,82.15,S0010,2024-10-04,21,264
2024-12-01,P000073,LOC009,566,79.61,S0010,2024-11-06,21,264
2024-12-31,P000073,LOC009,543,77.7,S0010,2024-12-30,21,264
2025-01-30,P000073,LOC009,607,77.05,S0010,2025-01-13,21,264
2025-03-01,P000073,LOC009,581,78.53,S0010,2025-02-24,21,264
2025-03-31,P000073,LOC009,637,82.73,S0010,2025-03-25,21,264
2024-10-02,P000073,LOC010,524,83.67,S0010,2024-09-23,21,264
2024-11-01,P000073,LOC010,540,80.95,S0010,2024-10-14,21,264
2024-12-01,P000073,LOC010,633,81.85,S0010,2024-11-01,21,264
2024-12-31,P000073,LOC010,724,80.97,S0010,2024-12-14,21,264
2025-01-30,P000073,LOC010,759,79.55,S0010,2025-01-09,21,264
2025-03-01,P000073,LOC010,855,77.85,S0010,2025-02-28,21,264
2025-03-31,P000073,LOC010,838,79.39,S0010,2025-03-13,21,264
2024-10-02,P000073,LOC011,625,82.5,S0010,2024-09-13,21,264
2024-11-01,P000073,LOC011,693,82.51,S0010,2024-10-14,21,264
2024-12-01,P000073,LOC011,771,79.96,S0010,2024-11-05,21,264
2024-12-31,P000073,LOC011,755,81.9,S0010,2024-12-24,21,264
2025-01-30,P000073,LOC011,731,82.14,S0010,2025-01-10,21,264
2025-03-01,P000073,LOC011,781,81.24,S0010,2025-02-27,21,264
2025-03-31,P000073,LOC011,811,81.89,S0010,2025-03-26,21,264
2024-10-02,P000073,LOC012,550,83.49,S0010,2024-09-22,21,264
2024-11-01,P000073,LOC012,503,84.68,S0010,2024-10-13,21,264
2024-12-01,P000073,LOC012,586,78.77,S0010,2024-11-13,21,264
2024-12-31,P000073,LOC012,631,83.62,S0010,2024-12-26,21,264
2025-01-30,P000073,LOC012,654,79.76,S0010,2025-01-12,21,264
2025-03-01,P000073,LOC012,716,83.11,S0010,2025-02-26,21,264
2025-03-31,P000073,LOC012,816,78.96,S0010,2025-03-30,21,264
2024-10-02,P000073,LOC013,555,80.8,S0010,2024-09-11,21,264
2024-11-01,P000073,LOC013,582,80.79,S0010,2024-10-22,21,264
2024-12-01,P000073,LOC013,547,77.81,S0010,2024-11-19,21,264
2024-12-31,P000073,LOC013,612,83.26,S0010,2024-12-01,21,264
2025-01-30,P000073,LOC013,654,83.15,S0010,2025-01-09,21,264
2025-03-01,P000073,LOC013,614,84.68,S0010,2025-02-20,21,264
2025-03-31,P000073,LOC013,698,80.58,S0010,2025-03-23,21,264
2024-10-02,P000073,LOC014,595,76.86,S0010,2024-09-16,21,264
2024-11-01,P000073,LOC014,652,80.58,S0010,2024-10-02,21,264
2024-12-01,P000073,LOC014,619,77.87,S0010,2024-11-06,21,264
2024-12-31,P000073,LOC014,605,80.18,S0010,2024-12-14,21,264
2025-01-30,P000073,LOC014,647,78.12,S0010,2025-01-08,21,264
2025-03-01,P000073,LOC014,661,84.56,S0010,2025-01-31,21,264
2025-03-31,P000073,LOC014,698,78.46,S0010,2025-03-24,21,264
2024-10-02,P000073,LOC015,647,79.28,S0010,2024-09-28,21,264
2024-11-01,P000073,LOC015,705,82.76,S0010,2024-10-19,21,264
2024-12-01,P000073,LOC015,797,78.83,S0010,2024-11-01,21,264
2024-12-31,P000073,LOC015,861,79.96,S0010,2024-12-26,21,264
2025-01-30,P000073,LOC015,892,83.3,S0010,2025-01-18,21,264
2025-03-01,P000073,LOC015,850,81.55,S0010,2025-02-15,21,264
2025-03-31,P000073,LOC015,913,81.3,S0010,2025-03-02,21,264
2024-10-02,P000073,LOC016,580,82.23,S0010,2024-09-12,21,264
2024-11-01,P000073,LOC016,572,80.23,S0010,2024-10-17,21,264
2024-12-01,P000073,LOC016,652,77.52,S0010,2024-11-09,21,264
2024-12-31,P000073,LOC016,726,79.85,S0010,2024-12-18,21,264
2025-01-30,P000073,LOC016,731,83.52,S0010,2025-01-01,21,264
2025-03-01,P000073,LOC016,747,83.85,S0010,2025-02-16,21,264
2025-03-31,P000073,LOC016,756,83.27,S0010,2025-03-11,21,264
2024-10-02,P000073,LOC017,606,80.38,S0010,2024-09-15,21,264
2024-11-01,P000073,LOC017,617,84.3,S0010,2024-10-22,21,264
2024-12-01,P000073,LOC017,582,77.81,S0010,2024-11-14,21,264
2024-12-31,P000073,LOC017,548,84.35,S0010,2024-12-22,21,264
2025-01-30,P000073,LOC017,594,84.77,S0010,2025-01-05,21,264
2025-03-01,P000073,LOC017,668,84.33,S0010,2025-01-31,21,264
2025-03-31,P000073,LOC017,710,83.34,S0010,2025-03-16,21,264
2024-10-02,P000073,LOC018,562,83.88,S0010,2024-09-07,21,264
2024-11-01,P000073,LOC018,589,76.94,S0010,2024-10-26,21,264
2024-12-01,P000073,LOC018,600,81.67,S0010,2024-11-27,21,264
2024-12-31,P000073,LOC018,565,78.79,S0010,2024-12-26,21,264
2025-01-30,P000073,LOC018,647,78.65,S0010,2025-01-04,21,264
2025-03-01,P000073,LOC018,660,77.1,S0010,2025-02-04,21,264
2025-03-31,P000073,LOC018,666,83.35,S0010,2025-03-30,21,264
2024-10-02,P000073,LOC019,603,81.06,S0010,2024-09-22,21,264
2024-11-01,P000073,LOC019,578,78.71,S0010,2024-10-07,21,264
2024-12-01,P000073,LOC019,626,84.11,S0010,2024-11-04,21,264
2024-12-31,P000073,LOC019,615,84.75,S0010,2024-12-15,21,264
2025-01-30,P000073,LOC019,678,82.82,S0010,2025-01-10,21,264
2025-03-01,P000073,LOC019,649,84.36,S0010,2025-02-21,21,264
2025-03-31,P000073,LOC019,698,77.29,S0010,2025-03-20,21,264
2024-10-02,P000073,LOC020,524,79.83,S0010,2024-09-25,21,264
2024-11-01,P000073,LOC020,541,84.54,S0010,2024-10-22,21,264
2024-12-01,P000073,LOC020,498,81.23,S0010,2024-11-17,21,264
2024-12-31,P000073,LOC020,497,82.46,S0010,2024-12-06,21,264
2025-01-30,P000073,LOC020,494,77.61,S0010,2025-01-26,21,264
2025-03-01,P000073,LOC020,490,82.25,S0010,2025-02-04,21,264
2025-03-31,P000073,LOC020,462,80.44,S0010,2025-03-21,21,264
2024-10-02,P000074,LOC001,777,601.45,S0004,2024-09-13,26,414
2024-11-01,P000074,LOC001,815,579.87,S0004,2024-10-03,26,414
2024-12-01,P000074,LOC001,838,609.65,S0004,2024-11-25,26,414
2024-12-31,P000074,LOC001,808,620.05,S0004,2024-12-12,26,414
2025-01-30,P000074,LOC001,787,621.35,S0004,2025-01-10,26,414
2025-03-01,P000074,LOC001,822,592.36,S0004,2025-02-11,26,414
2025-03-31,P000074,LOC001,806,624.03,S0004,2025-03-03,26,414
2024-10-02,P000074,LOC002,776,620.32,S0004,2024-09-11,26,414
2024-11-01,P000074,LOC002,863,620.26,S0004,2024-10-14,26,414
2024-12-01,P000074,LOC002,881,574.8,S0004,2024-11-11,26,414
2024-12-31,P000074,LOC002,940,567.77,S0004,2024-12-07,26,414
2025-01-30,P000074,LOC002,896,606.53,S0004,2025-01-18,26,414
2025-03-01,P000074,LOC002,860,583.03,S0004,2025-02-10,26,414
2025-03-31,P000074,LOC002,902,585.01,S0004,2025-03-28,26,414
2024-10-02,P000074,LOC003,664,591.81,S0004,2024-09-06,26,414
2024-11-01,P000074,LOC003,705,573.26,S0004,2024-10-29,26,414
2024-12-01,P000074,LOC003,762,621.88,S0004,2024-11-01,26,414
2024-12-31,P000074,LOC003,752,614.72,S0004,2024-12-28,26,414
2025-01-30,P000074,LOC003,782,567.38,S0004,2025-01-20,26,414
2025-03-01,P000074,LOC003,738,601.16,S0004,2025-02-02,26,414
2025-03-31,P000074,LOC003,763,606.69,S0004,2025-03-07,26,414
2024-10-02,P000074,LOC004,672,616.72,S0004,2024-09-22,26,414
2024-11-01,P000074,LOC004,673,610.65,S0004,2024-10-31,26,414
2024-12-01,P000074,LOC004,679,583.93,S0004,2024-11-13,26,414
2024-12-31,P000074,LOC004,709,618.13,S0004,2024-12-01,26,414
2025-01-30,P000074,LOC004,697,602.07,S0004,2025-01-09,26,414
2025-03-01,P000074,LOC004,673,585.38,S0004,2025-02-07,26,414
2025-03-31,P000074,LOC004,628,582.34,S0004,2025-03-24,26,414
2024-10-02,P000074,LOC005,723,600.19,S0004,2024-09-05,26,414
2024-11-01,P000074,LOC005,784,611.8,S0004,2024-10-07,26,414
2024-12-01,P000074,LOC005,834,613.46,S0004,2024-11-24,26,414
2024-12-31,P000074,LOC005,907,597.25,S0004,2024-12-28,26,414
2025-01-30,P000074,LOC005,1006,576.53,S0004,2025-01-22,26,414
2025-03-01,P000074,LOC005,1027,594.2,S0004,2025-02-17,26,414
2025-03-31,P000074,LOC005,1031,603.37,S0004,2025-03-12,26,414
2024-10-02,P000074,LOC006,684,589.51,S0004,2024-09-07,26,414
2024-11-01,P000074,LOC006,688,574.82,S0004,2024-10-25,26,414
2024-12-01,P000074,LOC006,741,604.32,S0004,2024-11-17,26,414
2024-12-31,P000074,LOC006,765,626.15,S0004,2024-12-29,26,414
2025-01-30,P000074,LOC006,857,599.45,S0004,2025-01-17,26,414
2025-03-01,P000074,LOC006,888,619.92,S0004,2025-02-17,26,414
2025-03-31,P000074,LOC006,924,604.91,S0004,2025-03-30,26,414
2024-10-02,P000074,LOC007,770,613.52,S0004,2024-09-05,26,414
2024-11-01,P000074,LOC007,801,612.54,S0004,2024-10-17,26,414
2024-12-01,P000074,LOC007,856,623.98,S0004,2024-11-30,26,414
2024-12-31,P000074,LOC007,897,620.78,S0004,2024-12-21,26,414
2025-01-30,P000074,LOC007,874,621.55,S0004,2025-01-08,26,414
2025-03-01,P000074,LOC007,892,599.73,S0004,2025-02-12,26,414
2025-03-31,P000074,LOC007,930,593.35,S0004,2025-03-08,26,414
2024-10-02,P000074,LOC008,700,582.41,S0004,2024-09-12,26,414
2024-11-01,P000074,LOC008,766,574.02,S0004,2024-10-04,26,414
2024-12-01,P000074,LOC008,811,581.66,S0004,2024-11-06,26,414
2024-12-31,P000074,LOC008,856,604.63,S0004,2024-12-25,26,414
2025-01-30,P000074,LOC008,912,602.52,S0004,2025-01-10,26,414
2025-03-01,P000074,LOC008,907,614.55,S0004,2025-02-19,26,414
2025-03-31,P000074,LOC008,868,586.31,S0004,2025-03-03,26,414
2024-10-02,P000074,LOC009,671,580.67,S0004,2024-09-05,26,414
2024-11-01,P000074,LOC009,769,578.5,S0004,2024-10-12,26,414
2024-12-01,P000074,LOC009,808,622.78,S0004,2024-11-17,26,414
2024-12-31,P000074,LOC009,777,569.91,S0004,2024-12-22,26,414
2025-01-30,P000074,LOC009,861,581.13,S0004,2025-01-18,26,414
2025-03-01,P000074,LOC009,819,567.75,S0004,2025-02-08,26,414
2025-03-31,P000074,LOC009,842,626.71,S0004,2025-03-06,26,414
2024-10-02,P000074,LOC010,731,582.16,S0004,2024-09-20,26,414
2024-11-01,P000074,LOC010,748,622.31,S0004,2024-10-15,26,414
2024-12-01,P000074,LOC010,779,588.89,S0004,2024-11-29,26,414
2024-12-31,P000074,LOC010,744,568.44,S0004,2024-12-01,26,414
2025-01-30,P000074,LOC010,839,614.48,S0004,2025-01-24,26,414
2025-03-01,P000074,LOC010,825,570.27,S0004,2025-02-10,26,414
2025-03-31,P000074,LOC010,915,591.38,S0004,2025-03-09,26,414
2024-10-02,P000074,LOC011,788,612.73,S0004,2024-09-08,26,414
2024-11-01,P000074,LOC011,829,578.32,S0004,2024-10-10,26,414
2024-12-01,P000074,LOC011,862,617.11,S0004,2024-11-07,26,414
2024-12-31,P000074,LOC011,843,571.29,S0004,2024-12-09,26,414
2025-01-30,P000074,LOC011,902,571.51,S0004,2025-01-28,26,414
2025-03-01,P000074,LOC011,894,618.13,S0004,2025-02-03,26,414
2025-03-31,P000074,LOC011,963,567.68,S0004,2025-03-14,26,414
2024-10-02,P000074,LOC012,762,617.45,S0004,2024-09-16,26,414
2024-11-01,P000074,LOC012,756,589.51,S0004,2024-10-28,26,414
2024-12-01,P000074,LOC012,707,623.02,S0004,2024-11-16,26,414
2024-12-31,P000074,LOC012,799,589.96,S0004,2024-12-30,26,414
2025-01-30,P000074,LOC012,882,598.58,S0004,2025-01-18,26,414
2025-03-01,P000074,LOC012,948,580.0,S0004,2025-02-11,26,414
2025-03-31,P000074,LOC012,1041,612.82,S0004,2025-03-03,26,414
2024-10-02,P000074,LOC013,720,589.9,S0004,2024-09-30,26,414
2024-11-01,P000074,LOC013,795,620.31,S0004,2024-10-31,26,414
2024-12-01,P000074,LOC013,812,583.31,S0004,2024-11-30,26,414
2024-12-31,P000074,LOC013,867,587.34,S0004,2024-12-15,26,414
2025-01-30,P000074,LOC013,922,621.54,S0004,2025-01-06,26,414
2025-03-01,P000074,LOC013,1005,571.15,S0004,2025-02-04,26,414
2025-03-31,P000074,LOC013,1033,596.98,S0004,2025-03-14,26,414
2024-10-02,P000074,LOC014,803,570.88,S0004,2024-09-06,26,414
2024-11-01,P000074,LOC014,807,608.31,S0004,2024-10-29,26,414
2024-12-01,P000074,LOC014,762,575.35,S0004,2024-11-13,26,414
2024-12-31,P000074,LOC014,845,607.88,S0004,2024-12-26,26,414
2025-01-30,P000074,LOC014,802,608.56,S0004,2025-01-24,26,414
2025-03-01,P000074,LOC014,897,595.98,S0004,2025-02-03,26,414
2025-03-31,P000074,LOC014,858,579.3,S0004,2025-03-05,26,414
2024-10-02,P000074,LOC015,708,593.7,S0004,2024-09-15,26,414
2024-11-01,P000074,LOC015,735,575.5,S0004,2024-10-03,26,414
2024-12-01,P000074,LOC015,771,622.78,S0004,2024-11-21,26,414
2024-12-31,P000074,LOC015,790,593.04,S0004,2024-12-08,26,414
2025-01-30,P000074,LOC015,827,608.07,S0004,2025-01-20,26,414
2025-03-01,P000074,LOC015,845,592.86,S0004,2025-02-05,26,414
2025-03-31,P000074,LOC015,933,606.44,S0004,2025-03-23,26,414
2024-10-02,P000074,LOC016,761,619.79,S0004,2024-09-11,26,414
2024-11-01,P000074,LOC016,750,621.56,S0004,2024-10-29,26,414
2024-12-01,P000074,LOC016,780,597.33,S0004,2024-11-17,26,414
2024-12-31,P000074,LOC016,877,582.36,S0004,2024-12-19,26,414
2025-01-30,P000074,LOC016,953,594.26,S0004,2025-01-05,26,414
2025-03-01,P000074,LOC016,1009,591.01,S0004,2025-02-28,26,414
2025-03-31,P000074,LOC016,1036,607.62,S0004,2025-03-11,26,414
2024-10-02,P000074,LOC017,658,613.59,S0004,2024-09-29,26,414
2024-11-01,P000074,LOC017,746,579.1,S0004,2024-10-25,26,414
2024-12-01,P000074,LOC017,724,597.99,S0004,2024-11-10,26,414
2024-12-31,P000074,LOC017,777,606.22,S0004,2024-12-25,26,414
2025-01-30,P000074,LOC017,783,620.57,S0004,2025-01-28,26,414
2025-03-01,P000074,LOC017,861,616.74,S0004,2025-02-02,26,414
2025-03-31,P000074,LOC017,899,599.72,S0004,2025-03-07,26,414
2024-10-02,P000074,LOC018,712,609.42,S0004,2024-09-15,26,414
2024-11-01,P000074,LOC018,688,618.66,S0004,2024-10-02,26,414
2024-12-01,P000074,LOC018,644,598.18,S0004,2024-11-14,26,414
2024-12-31,P000074,LOC018,653,625.38,S0004,2024-12-04,26,414
2025-01-30,P000074,LOC018,721,602.02,S0004,2025-01-17,26,414
2025-03-01,P000074,LOC018,716,597.97,S0004,2025-02-05,26,414
2025-03-31,P000074,LOC018,709,585.38,S0004,2025-03-21,26,414
2024-10-02,P000074,LOC019,754,584.07,S0004,2024-09-02,26,414
2024-11-01,P000074,LOC019,706,606.43,S0004,2024-10-22,26,414
2024-12-01,P000074,LOC019,677,580.47,S0004,2024-11-22,26,414
2024-12-31,P000074,LOC019,701,575.04,S0004,2024-12-19,26,414
2025-01-30,P000074,LOC019,693,585.15,S0004,2025-01-12,26,414
2025-03-01,P000074,LOC019,758,568.13,S0004,2025-02-02,26,414
2025-03-31,P000074,LOC019,802,609.74,S0004,2025-03-21,26,414
2024-10-02,P000074,LOC020,669,601.56,S0004,2024-09-27,26,414
2024-11-01,P000074,LOC020,682,608.24,S0004,2024-10-20,26,414
2024-12-01,P000074,LOC020,745,595.65,S0004,2024-11-06,26,414
2024-12-31,P000074,LOC020,757,612.03,S0004,2024-12-07,26,414
2025-01-30,P000074,LOC020,805,607.1,S0004,2025-01-25,26,414
2025-03-01,P000074,LOC020,873,592.69,S0004,2025-02-08,26,414
2025-03-31,P000074,LOC020,938,613.37,S0004,2025-03-21,26,414
2024-10-02,P000075,LOC001,833,273.46,S0018,2024-09-03,39,1002
2024-11-01,P000075,LOC001,783,283.46,S0018,2024-10-21,39,1002
2024-12-01,P000075,LOC001,840,260.28,S0018,2024-11-06,39,1002
2024-12-31,P000075,LOC001,791,264.78,S0018,2024-12-16,39,1002
2025-01-30,P000075,LOC001,846,271.86,S0018,2025-01-19,39,1002
2025-03-01,P000075,LOC001,892,271.3,S0018,2025-02-17,39,1002
2025-03-31,P000075,LOC001,980,260.97,S0018,2025-03-21,39,1002
2024-10-02,P000075,LOC002,879,264.94,S0018,2024-09-27,39,1002
2024-11-01,P000075,LOC002,935,286.11,S0018,2024-10-30,39,1002
2024-12-01,P000075,LOC002,1008,263.0,S0018,2024-11-19,39,1002
2024-12-31,P000075,LOC002,1053,280.07,S0018,2024-12-25,39,1002
2025-01-30,P000075,LOC002,1128,271.63,S0018,2025-01-18,39,1002
2025-03-01,P000075,LOC002,1216,273.28,S0018,2025-02-12,39,1002
2025-03-31,P000075,LOC002,1306,268.59,S0018,2025-03-08,39,1002
2024-10-02,P000075,LOC003,913,273.37,S0018,2024-09-19,39,1002
2024-11-01,P000075,LOC003,992,279.34,S0018,2024-10-09,39,1002
2024-12-01,P000075,LOC003,1042,272.1,S0018,2024-11-06,39,1002
2024-12-31,P000075,LOC003,1009,260.59,S0018,2024-12-08,39,1002
2025-01-30,P000075,LOC003,996,284.56,S0018,2024-12-31,39,1002
2025-03-01,P000075,LOC003,993,261.31,S0018,2025-02-10,39,1002
2025-03-31,P000075,LOC003,985,286.5,S0018,2025-03-26,39,1002
2024-10-02,P000075,LOC004,853,272.81,S0018,2024-09-10,39,1002
2024-11-01,P000075,LOC004,902,269.27,S0018,2024-10-13,39,1002
2024-12-01,P000075,LOC004,888,265.69,S0018,2024-11-24,39,1002
2024-12-31,P000075,LOC004,926,280.24,S0018,2024-12-29,39,1002
2025-01-30,P000075,LOC004,942,279.39,S0018,2025-01-01,39,1002
2025-03-01,P000075,LOC004,922,263.0,S0018,2025-02-14,39,1002
2025-03-31,P000075,LOC004,903,275.87,S0018,2025-03-13,39,1002
2024-10-02,P000075,LOC005,823,266.5,S0018,2024-09-16,39,1002
2024-11-01,P000075,LOC005,877,275.45,S0018,2024-10-18,39,1002
2024-12-01,P000075,LOC005,828,270.47,S0018,2024-11-07,39,1002
2024-12-31,P000075,LOC005,833,264.86,S0018,2024-12-16,39,1002
2025-01-30,P000075,LOC005,915,261.75,S0018,2025-01-12,39,1002
2025-03-01,P000075,LOC005,1007,285.39,S0018,2025-02-15,39,1002
2025-03-31,P000075,LOC005,1078,269.97,S0018,2025-03-23,39,1002
2024-10-02,P000075,LOC006,925,264.36,S0018,2024-09-19,39,1002
2024-11-01,P000075,LOC006,1000,263.17,S0018,2024-10-04,39,1002
2024-12-01,P000075,LOC006,1009,281.23,S0018,2024-11-21,39,1002
2024-12-31,P000075,LOC006,1004,281.89,S0018,2024-12-01,39,1002
2025-01-30,P000075,LOC006,974,262.41,S0018,2025-01-08,39,1002
2025-03-01,P000075,LOC006,984,262.05,S0018,2025-02-28,39,1002
2025-03-31,P000075,LOC006,1009,285.75,S0018,2025-03-23,39,1002
2024-10-02,P000075,LOC007,791,264.05,S0018,2024-09-11,39,1002
2024-11-01,P000075,LOC007,858,271.93,S0018,2024-10-18,39,1002
2024-12-01,P000075,LOC007,943,275.86,S0018,2024-11-03,39,1002
2024-12-31,P000075,LOC007,999,282.58,S0018,2024-12-19,39,1002
2025-01-30,P000075,LOC007,1035,259.48,S0018,2025-01-10,39,1002
2025-03-01,P000075,LOC007,1066,281.18,S0018,2025-02-24,39,1002
2025-03-31,P000075,LOC007,1143,260.27,S0018,2025-03-02,39,1002
2024-10-02,P000075,LOC008,852,263.48,S0018,2024-09-05,39,1002
2024-11-01,P000075,LOC008,838,281.11,S0018,2024-10-15,39,1002
2024-12-01,P000075,LOC008,808,271.48,S0018,2024-11-16,39,1002
2024-12-31,P000075,LOC008,905,272.54,S0018,2024-12-02,39,1002
2025-01-30,P000075,LOC008,875,281.81,S0018,2025-01-05,39,1002
2025-03-01,P000075,LOC008,870,268.33,S0018,2025-02-27,39,1002
2025-03-31,P000075,LOC008,891,276.3,S0018,2025-03-03,39,1002
2024-10-02,P000075,LOC009,888,269.1,S0018,2024-10-01,39,1002
2024-11-01,P000075,LOC009,914,269.68,S0018,2024-10-12,39,1002
2024-12-01,P000075,LOC009,971,274.97,S0018,2024-11-20,39,1002
2024-12-31,P000075,LOC009,984,268.62,S0018,2024-12-06,39,1002
2025-01-30,P000075,LOC009,939,276.71,S0018,2025-01-24,39,1002
2025-03-01,P000075,LOC009,947,277.34,S0018,2025-02-12,39,1002
2025-03-31,P000075,LOC009,962,261.59,S0018,2025-03-15,39,1002
2024-10-02,P000075,LOC010,871,268.67,S0018,2024-09-07,39,1002
2024-11-01,P000075,LOC010,846,281.37,S0018,2024-10-24,39,1002
2024-12-01,P000075,LOC010,832,277.07,S0018,2024-11-06,39,1002
2024-12-31,P000075,LOC010,797,286.03,S0018,2024-12-07,39,1002
2025-01-30,P000075,LOC010,828,262.36,S0018,2025-01-10,39,1002
2025-03-01,P000075,LOC010,858,281.7,S0018,2025-02-17,39,1002
2025-03-31,P000075,LOC010,937,273.55,S0018,2025-03-25,39,1002
2024-10-02,P000075,LOC011,844,279.09,S0018,2024-10-01,39,1002
2024-11-01,P000075,LOC011,853,274.02,S0018,2024-10-24,39,1002
2024-12-01,P000075,LOC011,819,267.94,S0018,2024-11-22,39,1002
2024-12-31,P000075,LOC011,799,273.13,S0018,2024-12-05,39,1002
2025-01-30,P000075,LOC011,848,277.84,S0018,2025-01-23,39,1002
2025-03-01,P000075,LOC011,891,261.24,S0018,2025-02-05,39,1002
2025-03-31,P000075,LOC011,841,283.25,S0018,2025-03-13,39,1002
2024-10-02,P000075,LOC012,840,285.95,S0018,2024-09-30,39,1002
2024-11-01,P000075,LOC012,926,273.89,S0018,2024-10-30,39,1002
2024-12-01,P000075,LOC012,921,260.38,S0018,2024-11-08,39,1002
2024-12-31,P000075,LOC012,876,281.57,S0018,2024-12-18,39,1002
2025-01-30,P000075,LOC012,919,263.18,S0018,2025-01-18,39,1002
2025-03-01,P000075,LOC012,1006,280.69,S0018,2025-02-18,39,1002
2025-03-31,P000075,LOC012,1028,286.16,S0018,2025-03-11,39,1002
2024-10-02,P000075,LOC013,821,278.19,S0018,2024-09-25,39,1002
2024-11-01,P000075,LOC013,782,285.58,S0018,2024-10-11,39,1002
2024-12-01,P000075,LOC013,777,285.12,S0018,2024-11-28,39,1002
2024-12-31,P000075,LOC013,758,263.49,S0018,2024-12-11,39,1002
2025-01-30,P000075,LOC013,739,284.61,S0018,2025-01-10,39,1002
2025-03-01,P000075,LOC013,755,278.41,S0018,2025-02-10,39,1002
2025-03-31,P000075,LOC013,735,266.65,S0018,2025-03-15,39,1002
2024-10-02,P000075,LOC014,798,275.32,S0018,2024-09-03,39,1002
2024-11-01,P000075,LOC014,818,283.56,S0018,2024-10-06,39,1002
2024-12-01,P000075,LOC014,769,286.18,S0018,2024-11-01,39,1002
2024-12-31,P000075,LOC014,864,278.7,S0018,2024-12-21,39,1002
2025-01-30,P000075,LOC014,888,261.5,S0018,2025-01-10,39,1002
2025-03-01,P000075,LOC014,862,272.63,S0018,2025-02-28,39,1002
2025-03-31,P000075,LOC014,930,279.22,S0018,2025-03-11,39,1002
2024-10-02,P000075,LOC015,821,261.55,S0018,2024-09-07,39,1002
2024-11-01,P000075,LOC015,801,285.42,S0018,2024-10-27,39,1002
2024-12-01,P000075,LOC015,900,276.86,S0018,2024-11-23,39,1002
2024-12-31,P000075,LOC015,871,266.72,S0018,2024-12-01,39,1002
2025-01-30,P000075,LOC015,910,267.43,S0018,2025-01-14,39,1002
2025-03-01,P000075,LOC015,996,266.36,S0018,2025-02-04,39,1002
2025-03-31,P000075,LOC015,1086,265.91,S0018,2025-03-05,39,1002
2024-10-02,P000075,LOC016,872,283.44,S0018,2024-09-25,39,1002
2024-11-01,P000075,LOC016,899,277.46,S0018,2024-10-08,39,1002
2024-12-01,P000075,LOC016,886,279.76,S0018,2024-11-29,39,1002
2024-12-31,P000075,LOC016,948,263.94,S0018,2024-12-27,39,1002
2025-01-30,P000075,LOC016,1013,283.01,S0018,2025-01-13,39,1002
2025-03-01,P000075,LOC016,1039,272.34,S0018,2025-01-31,39,1002
2025-03-31,P000075,LOC016,1033,276.94,S0018,2025-03-29,39,1002
2024-10-02,P000075,LOC017,788,275.86,S0018,2024-09-06,39,1002
2024-11-01,P000075,LOC017,838,285.04,S0018,2024-10-06,39,1002
2024-12-01,P000075,LOC017,819,274.47,S0018,2024-11-11,39,1002
2024-12-31,P000075,LOC017,788,280.35,S0018,2024-12-11,39,1002
2025-01-30,P000075,LOC017,864,267.06,S0018,2025-01-22,39,1002
2025-03-01,P000075,LOC017,873,269.04,S0018,2025-02-11,39,1002
2025-03-31,P000075,LOC017,863,265.94,S0018,2025-03-21,39,1002
2024-10-02,P000075,LOC018,861,271.06,S0018,2024-09-30,39,1002
2024-11-01,P000075,LOC018,851,272.9,S0018,2024-10-11,39,1002
2024-12-01,P000075,LOC018,903,264.34,S0018,2024-11-15,39,1002
2024-12-31,P000075,LOC018,861,262.07,S0018,2024-12-23,39,1002
2025-01-30,P000075,LOC018,897,275.18,S0018,2025-01-24,39,1002
2025-03-01,P000075,LOC018,967,266.36,S0018,2025-02-12,39,1002
2025-03-31,P000075,LOC018,1037,283.22,S0018,2025-03-03,39,1002
2024-10-02,P000075,LOC019,891,274.93,S0018,2024-09-26,39,1002
2024-11-01,P000075,LOC019,939,286.35,S0018,2024-10-27,39,1002
2024-12-01,P000075,LOC019,940,283.56,S0018,2024-11-10,39,1002
2024-12-31,P000075,LOC019,959,272.6,S0018,2024-12-30,39,1002
2025-01-30,P000075,LOC019,1035,263.71,S0018,2025-01-27,39,1002
2025-03-01,P000075,LOC019,1101,279.67,S0018,2025-02-11,39,1002
2025-03-31,P000075,LOC019,1170,283.45,S0018,2025-03-20,39,1002
2024-10-02,P000075,LOC020,924,266.81,S0018,2024-09-20,39,1002
2024-11-01,P000075,LOC020,937,275.96,S0018,2024-10-03,39,1002
2024-12-01,P000075,LOC020,957,274.37,S0018,2024-11-02,39,1002
2024-12-31,P000075,LOC020,1003,270.6,S0018,2024-12-26,39,1002
2025-01-30,P000075,LOC020,968,280.23,S0018,2025-01-09,39,1002
2025-03-01,P000075,LOC020,1055,280.43,S0018,2025-02-26,39,1002
2025-03-31,P000075,LOC020,1014,260.49,S0018,2025-03-18,39,1002
2024-10-02,P000076,LOC001,336,98.39,S0021,2024-09-06,11,947
2024-11-01,P000076,LOC001,406,99.0,S0021,2024-10-23,11,947
2024-12-01,P000076,LOC001,421,100.9,S0021,2024-11-25,11,947
2024-12-31,P000076,LOC001,426,98.7,S0021,2024-12-26,11,947
2025-01-30,P000076,LOC001,394,103.81,S0021,2025-01-12,11,947
2025-03-01,P000076,LOC001,348,98.8,S0021,2025-02-18,11,947
2025-03-31,P000076,LOC001,398,101.16,S0021,2025-03-05,11,947
2024-10-02,P000076,LOC002,395,102.49,S0021,2024-09-27,11,947
2024-11-01,P000076,LOC002,488,105.35,S0021,2024-10-27,11,947
2024-12-01,P000076,LOC002,478,101.26,S0021,2024-11-19,11,947
2024-12-31,P000076,LOC002,574,106.42,S0021,2024-12-01,11,947
2025-01-30,P000076,LOC002,539,103.03,S0021,2025-01-15,11,947
2025-03-01,P000076,LOC002,614,100.12,S0021,2025-02-05,11,947
2025-03-31,P000076,LOC002,595,107.75,S0021,2025-03-21,11,947
2024-10-02,P000076,LOC003,263,105.72,S0021,2024-09-21,11,947
2024-11-01,P000076,LOC003,248,108.11,S0021,2024-10-21,11,947
2024-12-01,P000076,LOC003,281,106.87,S0021,2024-11-08,11,947
2024-12-31,P000076,LOC003,309,107.83,S0021,2024-12-01,11,947
2025-01-30,P000076,LOC003,338,101.67,S0021,2025-01-22,11,947
2025-03-01,P000076,LOC003,378,101.9,S0021,2025-02-07,11,947
2025-03-31,P000076,LOC003,474,102.92,S0021,2025-03-02,11,947
2024-10-02,P000076,LOC004,272,106.49,S0021,2024-09-20,11,947
2024-11-01,P000076,LOC004,269,102.93,S0021,2024-10-28,11,947
2024-12-01,P000076,LOC004,275,99.65,S0021,2024-11-27,11,947
2024-12-31,P000076,LOC004,348,104.94,S0021,2024-12-28,11,947
2025-01-30,P000076,LOC004,359,99.97,S0021,2025-01-04,11,947
2025-03-01,P000076,LOC004,312,104.05,S0021,2025-02-15,11,947
2025-03-31,P000076,LOC004,395,100.97,S0021,2025-03-13,11,947
2024-10-02,P000076,LOC005,260,98.15,S0021,2024-09-15,11,947
2024-11-01,P000076,LOC005,325,106.54,S0021,2024-10-18,11,947
2024-12-01,P000076,LOC005,416,106.68,S0021,2024-11-10,11,947
2024-12-31,P000076,LOC005,476,104.29,S0021,2024-12-06,11,947
2025-01-30,P000076,LOC005,533,101.28,S0021,2025-01-03,11,947
2025-03-01,P000076,LOC005,510,108.07,S0021,2025-02-06,11,947
2025-03-31,P000076,LOC005,528,104.16,S0021,2025-03-05,11,947
2024-10-02,P000076,LOC006,375,98.17,S0021,2024-09-19,11,947
2024-11-01,P000076,LOC006,474,101.45,S0021,2024-10-07,11,947
2024-12-01,P000076,LOC006,474,104.24,S0021,2024-11-25,11,947
2024-12-31,P000076,LOC006,448,106.65,S0021,2024-12-09,11,947
2025-01-30,P000076,LOC006,490,108.1,S0021,2025-01-07,11,947
2025-03-01,P000076,LOC006,469,99.59,S0021,2025-02-18,11,947
2025-03-31,P000076,LOC006,542,99.87,S0021,2025-03-22,11,947
2024-10-02,P000076,LOC007,360,107.24,S0021,2024-09-16,11,947
2024-11-01,P000076,LOC007,407,104.09,S0021,2024-10-27,11,947
2024-12-01,P000076,LOC007,358,102.74,S0021,2024-11-27,11,947
2024-12-31,P000076,LOC007,444,104.02,S0021,2024-12-12,11,947
2025-01-30,P000076,LOC007,440,108.19,S0021,2025-01-01,11,947
2025-03-01,P000076,LOC007,419,106.23,S0021,2025-02-01,11,947
2025-03-31,P000076,LOC007,445,101.19,S0021,2025-03-07,11,947
2024-10-02,P000076,LOC008,329,102.8,S0021,2024-09-06,11,947
2024-11-01,P000076,LOC008,425,105.64,S0021,2024-10-07,11,947
2024-12-01,P000076,LOC008,382,105.27,S0021,2024-11-12,11,947
2024-12-31,P000076,LOC008,348,101.42,S0021,2024-12-15,11,947
2025-01-30,P000076,LOC008,447,98.57,S0021,2025-01-29,11,947
2025-03-01,P000076,LOC008,435,101.58,S0021,2025-02-03,11,947
2025-03-31,P000076,LOC008,392,98.92,S0021,2025-03-25,11,947
2024-10-02,P000076,LOC009,292,98.73,S0021,2024-10-01,11,947
2024-11-01,P000076,LOC009,373,106.66,S0021,2024-10-15,11,947
2024-12-01,P000076,LOC009,374,105.6,S0021,2024-11-28,11,947
2024-12-31,P000076,LOC009,350,107.83,S0021,2024-12-16,11,947
2025-01-30,P000076,LOC009,379,107.48,S0021,2025-01-25,11,947
2025-03-01,P000076,LOC009,451,105.63,S0021,2025-02-20,11,947
2025-03-31,P000076,LOC009,446,107.99,S0021,2025-03-26,11,947
2024-10-02,P000076,LOC010,294,99.62,S0021,2024-09-13,11,947
2024-11-01,P000076,LOC010,255,100.95,S0021,2024-10-26,11,947
2024-12-01,P000076,LOC010,305,101.4,S0021,2024-11-10,11,947
2024-12-31,P000076,LOC010,353,101.12,S0021,2024-12-12,11,947
2025-01-30,P000076,LOC010,356,104.33,S0021,2025-01-20,11,947
2025-03-01,P000076,LOC010,361,104.4,S0021,2025-02-09,11,947
2025-03-31,P000076,LOC010,454,101.8,S0021,2025-03-20,11,947
2024-10-02,P000076,LOC011,315,102.88,S0021,2024-09-24,11,947
2024-11-01,P000076,LOC011,327,98.63,S0021,2024-10-10,11,947
2024-12-01,P000076,LOC011,375,108.37,S0021,2024-11-15,11,947
2024-12-31,P000076,LOC011,331,100.89,S0021,2024-12-10,11,947
2025-01-30,P000076,LOC011,346,103.59,S0021,2025-01-27,11,947
2025-03-01,P000076,LOC011,417,105.21,S0021,2025-02-23,11,947
2025-03-31,P000076,LOC011,463,103.52,S0021,2025-03-09,11,947
2024-10-02,P000076,LOC012,380,106.29,S0021,2024-10-01,11,947
2024-11-01,P000076,LOC012,420,104.36,S0021,2024-10-25,11,947
2024-12-01,P000076,LOC012,464,98.69,S0021,2024-11-30,11,947
2024-12-31,P000076,LOC012,476,99.31,S0021,2024-12-13,11,947
2025-01-30,P000076,LOC012,562,107.87,S0021,2025-01-06,11,947
2025-03-01,P000076,LOC012,618,106.89,S0021,2025-02-06,11,947
2025-03-31,P000076,LOC012,572,106.24,S0021,2025-03-22,11,947
2024-10-02,P000076,LOC013,389,106.44,S0021,2024-09-06,11,947
2024-11-01,P000076,LOC013,430,103.96,S0021,2024-10-07,11,947
2024-12-01,P000076,LOC013,445,99.12,S0021,2024-11-19,11,947
2024-12-31,P000076,LOC013,475,107.75,S0021,2024-12-21,11,947
2025-01-30,P000076,LOC013,474,106.45,S0021,2025-01-08,11,947
2025-03-01,P000076,LOC013,542,98.1,S0021,2025-01-31,11,947
2025-03-31,P000076,LOC013,581,103.36,S0021,2025-03-30,11,947
2024-10-02,P000076,LOC014,307,98.49,S0021,2024-09-22,11,947
2024-11-01,P000076,LOC014,318,99.42,S0021,2024-10-04,11,947
2024-12-01,P000076,LOC014,331,98.39,S0021,2024-11-06,11,947
2024-12-31,P000076,LOC014,395,102.03,S0021,2024-12-10,11,947
2025-01-30,P000076,LOC014,362,103.34,S0021,2025-01-08,11,947
2025-03-01,P000076,LOC014,342,98.35,S0021,2025-02-06,11,947
2025-03-31,P000076,LOC014,382,103.74,S0021,2025-03-12,11,947
2024-10-02,P000076,LOC015,265,102.01,S0021,2024-09-10,11,947
2024-11-01,P000076,LOC015,309,101.33,S0021,2024-10-06,11,947
2024-12-01,P000076,LOC015,396,105.02,S0021,2024-11-02,11,947
2024-12-31,P000076,LOC015,437,103.99,S0021,2024-12-05,11,947
2025-01-30,P000076,LOC015,493,99.47,S0021,2025-01-01,11,947
2025-03-01,P000076,LOC015,504,99.69,S0021,2025-02-11,11,947
2025-03-31,P000076,LOC015,476,100.95,S0021,2025-03-20,11,947
2024-10-02,P000076,LOC016,326,103.8,S0021,2024-09-22,11,947
2024-11-01,P000076,LOC016,302,104.4,S0021,2024-10-28,11,947
2024-12-01,P000076,LOC016,264,103.85,S0021,2024-11-08,11,947
2024-12-31,P000076,LOC016,227,103.63,S0021,2024-12-07,11,947
2025-01-30,P000076,LOC016,304,103.23,S0021,2025-01-08,11,947
2025-03-01,P000076,LOC016,307,105.92,S0021,2025-02-22,11,947
2025-03-31,P000076,LOC016,368,105.37,S0021,2025-03-27,11,947
2024-10-02,P000076,LOC017,377,101.89,S0021,2024-09-24,11,947
2024-11-01,P000076,LOC017,397,105.88,S0021,2024-10-19,11,947
2024-12-01,P000076,LOC017,457,101.94,S0021,2024-11-17,11,947
2024-12-31,P000076,LOC017,524,101.59,S0021,2024-12-03,11,947
2025-01-30,P000076,LOC017,606,107.14,S0021,2025-01-21,11,947
2025-03-01,P000076,LOC017,566,106.51,S0021,2025-02-28,11,947
2025-03-31,P000076,LOC017,526,107.64,S0021,2025-03-02,11,947
2024-10-02,P000076,LOC018,268,105.94,S0021,2024-09-19,11,947
2024-11-01,P000076,LOC018,253,100.16,S0021,2024-10-02,11,947
2024-12-01,P000076,LOC018,267,105.11,S0021,2024-11-01,11,947
2024-12-31,P000076,LOC018,254,100.91,S0021,2024-12-16,11,947
2025-01-30,P000076,LOC018,256,99.58,S0021,2025-01-03,11,947
2025-03-01,P000076,LOC018,268,99.46,S0021,2025-02-08,11,947
2025-03-31,P000076,LOC018,267,107.77,S0021,2025-03-08,11,947
2024-10-02,P000076,LOC019,306,99.67,S0021,2024-09-08,11,947
2024-11-01,P000076,LOC019,273,105.98,S0021,2024-10-26,11,947
2024-12-01,P000076,LOC019,293,106.83,S0021,2024-11-30,11,947
2024-12-31,P000076,LOC019,273,107.88,S0021,2024-12-24,11,947
2025-01-30,P000076,LOC019,240,101.24,S0021,2025-01-15,11,947
2025-03-01,P000076,LOC019,192,100.58,S0021,2025-02-07,11,947
2025-03-31,P000076,LOC019,167,101.8,S0021,2025-03-01,11,947
2024-10-02,P000076,LOC020,387,108.13,S0021,2024-09-03,11,947
2024-11-01,P000076,LOC020,462,98.6,S0021,2024-10-17,11,947
2024-12-01,P000076,LOC020,515,103.0,S0021,2024-11-04,11,947
2024-12-31,P000076,LOC020,602,102.67,S0021,2024-12-23,11,947
2025-01-30,P000076,LOC020,652,103.79,S0021,2025-01-22,11,947
2025-03-01,P000076,LOC020,713,101.84,S0021,2025-02-22,11,947
2025-03-31,P000076,LOC020,811,102.06,S0021,2025-03-07,11,947
2024-10-02,P000077,LOC001,414,585.03,S0001,2024-09-17,31,351
2024-11-01,P000077,LOC001,473,563.99,S0001,2024-10-31,31,351
2024-12-01,P000077,LOC001,570,554.04,S0001,2024-11-30,31,351
2024-12-31,P000077,LOC001,527,578.21,S0001,2024-12-17,31,351
2025-01-30,P000077,LOC001,538,567.92,S0001,2025-01-14,31,351
2025-03-01,P000077,LOC001,570,570.92,S0001,2025-02-15,31,351
2025-03-31,P000077,LOC001,532,568.57,S0001,2025-03-01,31,351
2024-10-02,P000077,LOC002,497,598.9,S0001,2024-09-02,31,351
2024-11-01,P000077,LOC002,466,547.99,S0001,2024-10-13,31,351
2024-12-01,P000077,LOC002,543,593.72,S0001,2024-11-14,31,351
2024-12-31,P000077,LOC002,561,560.29,S0001,2024-12-09,31,351
2025-01-30,P000077,LOC002,650,590.67,S0001,2025-01-10,31,351
2025-03-01,P000077,LOC002,658,582.13,S0001,2025-02-08,31,351
2025-03-31,P000077,LOC002,629,577.76,S0001,2025-03-26,31,351
2024-10-02,P000077,LOC003,457,572.12,S0001,2024-09-22,31,351
2024-11-01,P000077,LOC003,453,589.31,S0001,2024-10-24,31,351
2024-12-01,P000077,LOC003,428,590.16,S0001,2024-11-19,31,351
2024-12-31,P000077,LOC003,451,592.93,S0001,2024-12-12,31,351
2025-01-30,P000077,LOC003,461,578.78,S0001,2025-01-26,31,351
2025-03-01,P000077,LOC003,426,579.76,S0001,2025-01-31,31,351
2025-03-31,P000077,LOC003,495,561.72,S0001,2025-03-01,31,351
2024-10-02,P000077,LOC004,476,562.46,S0001,2024-09-28,31,351
2024-11-01,P000077,LOC004,553,562.22,S0001,2024-10-18,31,351
2024-12-01,P000077,LOC004,564,550.2,S0001,2024-11-26,31,351
2024-12-31,P000077,LOC004,601,544.24,S0001,2024-12-07,31,351
2025-01-30,P000077,LOC004,597,578.68,S0001,2025-01-13,31,351
2025-03-01,P000077,LOC004,602,555.29,S0001,2025-02-08,31,351
2025-03-31,P000077,LOC004,679,583.69,S0001,2025-03-22,31,351
2024-10-02,P000077,LOC005,517,586.53,S0001,2024-09-25,31,351
2024-11-01,P000077,LOC005,529,579.75,S0001,2024-10-15,31,351
2024-12-01,P000077,LOC005,621,596.01,S0001,2024-11-18,31,351
2024-12-31,P000077,LOC005,670,582.84,S0001,2024-12-04,31,351
2025-01-30,P000077,LOC005,755,571.2,S0001,2025-01-02,31,351
2025-03-01,P000077,LOC005,799,573.15,S0001,2025-02-23,31,351
2025-03-31,P000077,LOC005,785,593.37,S0001,2025-03-16,31,351
2024-10-02,P000077,LOC006,390,565.52,S0001,2024-09-07,31,351
2024-11-01,P000077,LOC006,408,577.44,S0001,2024-10-27,31,351
2024-12-01,P000077,LOC006,400,596.19,S0001,2024-11-10,31,351
2024-12-31,P000077,LOC006,451,570.6,S0001,2024-12-10,31,351
2025-01-30,P000077,LOC006,432,556.03,S0001,2025-01-25,31,351
2025-03-01,P000077,LOC006,411,586.42,S0001,2025-02-20,31,351
2025-03-31,P000077,LOC006,430,575.19,S0001,2025-03-27,31,351
2024-10-02,P000077,LOC007,418,578.76,S0001,2024-09-25,31,351
2024-11-01,P000077,LOC007,412,570.48,S0001,2024-10-22,31,351
2024-12-01,P000077,LOC007,388,589.87,S0001,2024-11-25,31,351
2024-12-31,P000077,LOC007,363,580.43,S0001,2024-12-25,31,351
2025-01-30,P000077,LOC007,319,563.57,S0001,2025-01-21,31,351
2025-03-01,P000077,LOC007,413,584.49,S0001,2025-02-07,31,351
2025-03-31,P000077,LOC007,392,577.66,S0001,2025-03-29,31,351
2024-10-02,P000077,LOC008,505,583.6,S0001,2024-09-28,31,351
2024-11-01,P000077,LOC008,571,599.91,S0001,2024-10-12,31,351
2024-12-01,P000077,LOC008,567,578.18,S0001,2024-11-05,31,351
2024-12-31,P000077,LOC008,598,587.87,S0001,2024-12-28,31,351
2025-01-30,P000077,LOC008,592,578.04,S0001,2025-01-28,31,351
2025-03-01,P000077,LOC008,666,557.74,S0001,2025-02-09,31,351
2025-03-31,P000077,LOC008,648,598.56,S0001,2025-03-30,31,351
2024-10-02,P000077,LOC009,467,591.39,S0001,2024-09-21,31,351
2024-11-01,P000077,LOC009,489,580.98,S0001,2024-10-09,31,351
2024-12-01,P000077,LOC009,527,549.72,S0001,2024-11-28,31,351
2024-12-31,P000077,LOC009,497,585.39,S0001,2024-12-19,31,351
2025-01-30,P000077,LOC009,490,586.6,S0001,2025-01-17,31,351
2025-03-01,P000077,LOC009,560,553.11,S0001,2025-02-11,31,351
2025-03-31,P000077,LOC009,644,579.8,S0001,2025-03-11,31,351
2024-10-02,P000077,LOC010,455,551.84,S0001,2024-09-09,31,351
2024-11-01,P000077,LOC010,488,556.77,S0001,2024-10-27,31,351
2024-12-01,P000077,LOC010,510,594.08,S0001,2024-11-23,31,351
2024-12-31,P000077,LOC010,574,548.4,S0001,2024-12-10,31,351
2025-01-30,P000077,LOC010,669,598.69,S0001,2025-01-17,31,351
2025-03-01,P000077,LOC010,689,548.54,S0001,2025-02-23,31,351
2025-03-31,P000077,LOC010,680,597.26,S0001,2025-03-20,31,351
2024-10-02,P000077,LOC011,521,566.08,S0001,2024-09-28,31,351
2024-11-01,P000077,LOC011,604,556.88,S0001,2024-10-24,31,351
2024-12-01,P000077,LOC011,580,595.16,S0001,2024-11-24,31,351
2024-12-31,P000077,LOC011,677,600.74,S0001,2024-12-04,31,351
2025-01-30,P000077,LOC011,702,559.76,S0001,2025-01-02,31,351
2025-03-01,P000077,LOC011,670,567.99,S0001,2025-02-18,31,351
2025-03-31,P000077,LOC011,695,590.57,S0001,2025-03-04,31,351
2024-10-02,P000077,LOC012,489,596.71,S0001,2024-09-25,31,351
2024-11-01,P000077,LOC012,526,556.45,S0001,2024-10-12,31,351
2024-12-01,P000077,LOC012,509,578.37,S0001,2024-11-29,31,351
2024-12-31,P000077,LOC012,574,583.74,S0001,2024-12-16,31,351
2025-01-30,P000077,LOC012,625,592.71,S0001,2025-01-11,31,351
2025-03-01,P000077,LOC012,630,544.69,S0001,2025-02-06,31,351
2025-03-31,P000077,LOC012,639,599.05,S0001,2025-03-27,31,351
2024-10-02,P000077,LOC013,430,599.47,S0001,2024-09-25,31,351
2024-11-01,P000077,LOC013,503,567.8,S0001,2024-10-07,31,351
2024-12-01,P000077,LOC013,468,562.65,S0001,2024-11-29,31,351
2024-12-31,P000077,LOC013,502,580.1,S0001,2024-12-06,31,351
2025-01-30,P000077,LOC013,503,582.72,S0001,2025-01-10,31,351
2025-03-01,P000077,LOC013,503,578.21,S0001,2025-01-30,31,351
2025-03-31,P000077,LOC013,515,593.31,S0001,2025-03-21,31,351
2024-10-02,P000077,LOC014,431,599.81,S0001,2024-09-22,31,351
2024-11-01,P000077,LOC014,402,557.25,S0001,2024-10-16,31,351
2024-12-01,P000077,LOC014,415,545.5,S0001,2024-11-05,31,351
2024-12-31,P000077,LOC014,474,596.42,S0001,2024-12-23,31,351
2025-01-30,P000077,LOC014,476,566.2,S0001,2025-01-11,31,351
2025-03-01,P000077,LOC014,530,592.16,S0001,2025-02-05,31,351
2025-03-31,P000077,LOC014,578,569.55,S0001,2025-03-20,31,351
2024-10-02,P000077,LOC015,384,576.46,S0001,2024-09-30,31,351
2024-11-01,P000077,LOC015,343,563.3,S0001,2024-10-07,31,351
2024-12-01,P000077,LOC015,313,572.51,S0001,2024-11-04,31,351
2024-12-31,P000077,LOC015,293,565.92,S0001,2024-12-17,31,351
2025-01-30,P000077,LOC015,258,588.4,S0001,2025-01-13,31,351
2025-03-01,P000077,LOC015,209,582.14,S0001,2025-02-06,31,351
2025-03-31,P000077,LOC015,231,563.52,S0001,2025-03-13,31,351
2024-10-02,P000077,LOC016,414,586.35,S0001,2024-09-20,31,351
2024-11-01,P000077,LOC016,421,601.14,S0001,2024-10-12,31,351
2024-12-01,P000077,LOC016,428,590.13,S0001,2024-11-07,31,351
2024-12-31,P000077,LOC016,421,595.94,S0001,2024-12-10,31,351
2025-01-30,P000077,LOC016,371,588.92,S0001,2025-01-20,31,351
2025-03-01,P000077,LOC016,378,598.31,S0001,2025-02-18,31,351
2025-03-31,P000077,LOC016,467,547.83,S0001,2025-03-08,31,351
2024-10-02,P000077,LOC017,471,573.72,S0001,2024-09-30,31,351
2024-11-01,P000077,LOC017,568,590.96,S0001,2024-10-07,31,351
2024-12-01,P000077,LOC017,600,570.7,S0001,2024-11-29,31,351
2024-12-31,P000077,LOC017,611,570.84,S0001,2024-12-28,31,351
2025-01-30,P000077,LOC017,674,555.75,S0001,2025-01-02,31,351
2025-03-01,P000077,LOC017,671,545.55,S0001,2025-02-25,31,351
2025-03-31,P000077,LOC017,746,593.34,S0001,2025-03-02,31,351
2024-10-02,P000077,LOC018,405,592.38,S0001,2024-09-26,31,351
2024-11-01,P000077,LOC018,418,558.9,S0001,2024-10-26,31,351
2024-12-01,P000077,LOC018,474,580.14,S0001,2024-11-08,31,351
2024-12-31,P000077,LOC018,500,554.64,S0001,2024-12-02,31,351
2025-01-30,P000077,LOC018,591,583.74,S0001,2025-01-07,31,351
2025-03-01,P000077,LOC018,613,569.75,S0001,2025-02-20,31,351
2025-03-31,P000077,LOC018,706,588.4,S0001,2025-03-09,31,351
2024-10-02,P000077,LOC019,528,568.82,S0001,2024-09-20,31,351
2024-11-01,P000077,LOC019,622,597.31,S0001,2024-10-11,31,351
2024-12-01,P000077,LOC019,693,573.29,S0001,2024-11-01,31,351
2024-12-31,P000077,LOC019,696,578.82,S0001,2024-12-01,31,351
2025-01-30,P000077,LOC019,760,549.43,S0001,2025-01-28,31,351
2025-03-01,P000077,LOC019,748,546.43,S0001,2025-02-04,31,351
2025-03-31,P000077,LOC019,775,599.38,S0001,2025-03-07,31,351
2024-10-02,P000077,LOC020,484,560.55,S0001,2024-09-14,31,351
2024-11-01,P000077,LOC020,448,569.42,S0001,2024-10-04,31,351
2024-12-01,P000077,LOC020,401,589.91,S0001,2024-11-27,31,351
2024-12-31,P000077,LOC020,433,549.5,S0001,2024-12-22,31,351
2025-01-30,P000077,LOC020,447,550.57,S0001,2025-01-19,31,351
2025-03-01,P000077,LOC020,547,596.39,S0001,2025-02-20,31,351
2025-03-31,P000077,LOC020,538,549.92,S0001,2025-03-25,31,351
2024-10-02,P000078,LOC001,74,281.9,S0005,2024-09-06,24,172
2024-11-01,P000078,LOC001,45,266.69,S0005,2024-10-31,24,172
2024-12-01,P000078,LOC001,144,271.52,S0005,2024-11-30,24,172
2024-12-31,P000078,LOC001,170,269.03,S0005,2024-12-05,24,172
2025-01-30,P000078,LOC001,231,274.24,S0005,2025-01-19,24,172
2025-03-01,P000078,LOC001,202,275.91,S0005,2025-02-19,24,172
2025-03-31,P000078,LOC001,222,274.35,S0005,2025-03-26,24,172
2024-10-02,P000078,LOC002,134,275.9,S0005,2024-09-14,24,172
2024-11-01,P000078,LOC002,183,285.88,S0005,2024-10-05,24,172
2024-12-01,P000078,LOC002,173,276.78,S0005,2024-11-20,24,172
2024-12-31,P000078,LOC002,150,274.07,S0005,2024-12-24,24,172
2025-01-30,P000078,LOC002,221,289.1,S0005,2025-01-26,24,172
2025-03-01,P000078,LOC002,254,271.01,S0005,2025-02-24,24,172
2025-03-31,P000078,LOC002,302,281.8,S0005,2025-03-04,24,172
2024-10-02,P000078,LOC003,92,270.6,S0005,2024-09-20,24,172
2024-11-01,P000078,LOC003,42,289.95,S0005,2024-10-31,24,172
2024-12-01,P000078,LOC003,44,289.55,S0005,2024-11-21,24,172
2024-12-31,P000078,LOC003,89,266.68,S0005,2024-12-02,24,172
2025-01-30,P000078,LOC003,97,285.85,S0005,2025-01-28,24,172
2025-03-01,P000078,LOC003,85,292.27,S0005,2025-02-23,24,172
2025-03-31,P000078,LOC003,162,291.13,S0005,2025-03-15,24,172
2024-10-02,P000078,LOC004,92,285.64,S0005,2024-09-18,24,172
2024-11-01,P000078,LOC004,93,279.72,S0005,2024-10-07,24,172
2024-12-01,P000078,LOC004,186,278.89,S0005,2024-11-04,24,172
2024-12-31,P000078,LOC004,247,293.27,S0005,2024-12-23,24,172
2025-01-30,P000078,LOC004,304,280.93,S0005,2025-01-29,24,172
2025-03-01,P000078,LOC004,346,291.67,S0005,2025-02-21,24,172
2025-03-31,P000078,LOC004,313,273.49,S0005,2025-03-26,24,172
2024-10-02,P000078,LOC005,0,292.62,S0005,2024-09-04,24,172
2024-11-01,P000078,LOC005,0,291.92,S0005,2024-10-02,24,172
2024-12-01,P000078,LOC005,44,280.44,S0005,2024-11-16,24,172
2024-12-31,P000078,LOC005,14,267.12,S0005,2024-12-13,24,172
2025-01-30,P000078,LOC005,21,276.24,S0005,2025-01-27,24,172
2025-03-01,P000078,LOC005,0,290.3,S0005,2025-02-10,24,172
2025-03-31,P000078,LOC005,15,279.01,S0005,2025-03-05,24,172
2024-10-02,P000078,LOC006,17,281.13,S0005,2024-09-08,24,172
2024-11-01,P000078,LOC006,97,279.71,S0005,2024-10-24,24,172
2024-12-01,P000078,LOC006,188,268.11,S0005,2024-11-10,24,172
2024-12-31,P000078,LOC006,227,271.42,S0005,2024-12-11,24,172
2025-01-30,P000078,LOC006,178,266.16,S0005,2025-01-04,24,172
2025-03-01,P000078,LOC006,197,265.37,S0005,2025-02-13,24,172
2025-03-31,P000078,LOC006,292,269.88,S0005,2025-03-24,24,172
2024-10-02,P000078,LOC007,54,290.81,S0005,2024-09-30,24,172
2024-11-01,P000078,LOC007,111,271.82,S0005,2024-10-31,24,172
2024-12-01,P000078,LOC007,80,290.09,S0005,2024-11-09,24,172
2024-12-31,P000078,LOC007,51,274.86,S0005,2024-12-11,24,172
2025-01-30,P000078,LOC007,43,290.83,S0005,2025-01-28,24,172
2025-03-01,P000078,LOC007,0,282.29,S0005,2025-01-30,24,172
2025-03-31,P000078,LOC007,85,266.12,S0005,2025-03-20,24,172
2024-10-02,P000078,LOC008,13,282.38,S0005,2024-09-21,24,172
2024-11-01,P000078,LOC008,0,292.8,S0005,2024-10-16,24,172
2024-12-01,P000078,LOC008,4,272.04,S0005,2024-11-03,24,172
2024-12-31,P000078,LOC008,1,270.07,S0005,2024-12-21,24,172
2025-01-30,P000078,LOC008,42,274.75,S0005,2025-01-19,24,172
2025-03-01,P000078,LOC008,44,273.42,S0005,2025-02-10,24,172
2025-03-31,P000078,LOC008,1,280.45,S0005,2025-03-24,24,172
2024-10-02,P000078,LOC009,65,285.93,S0005,2024-09-17,24,172
2024-11-01,P000078,LOC009,121,282.69,S0005,2024-10-05,24,172
2024-12-01,P000078,LOC009,80,282.49,S0005,2024-11-13,24,172
2024-12-31,P000078,LOC009,60,283.34,S0005,2024-12-26,24,172
2025-01-30,P000078,LOC009,105,268.31,S0005,2024-12-31,24,172
2025-03-01,P000078,LOC009,125,274.6,S0005,2025-01-31,24,172
2025-03-31,P000078,LOC009,155,293.13,S0005,2025-03-24,24,172
2024-10-02,P000078,LOC010,60,276.83,S0005,2024-09-18,24,172
2024-11-01,P000078,LOC010,56,267.62,S0005,2024-10-18,24,172
2024-12-01,P000078,LOC010,48,284.01,S0005,2024-11-07,24,172
2024-12-31,P000078,LOC010,133,280.11,S0005,2024-12-12,24,172
2025-01-30,P000078,LOC010,91,266.8,S0005,2025-01-28,24,172
2025-03-01,P000078,LOC010,185,287.23,S0005,2025-02-12,24,172
2025-03-31,P000078,LOC010,260,291.57,S0005,2025-03-17,24,172
2024-10-02,P000078,LOC011,85,267.53,S0005,2024-09-26,24,172
2024-11-01,P000078,LOC011,120,280.85,S0005,2024-10-03,24,172
2024-12-01,P000078,LOC011,118,268.07,S0005,2024-11-20,24,172
2024-12-31,P000078,LOC011,143,287.06,S0005,2024-12-21,24,172
2025-01-30,P000078,LOC011,228,268.45,S0005,2025-01-07,24,172
2025-03-01,P000078,LOC011,314,283.69,S0005,2025-02-11,24,172
2025-03-31,P000078,LOC011,410,277.51,S0005,2025-03-14,24,172
2024-10-02,P000078,LOC012,0,267.38,S0005,2024-09-08,24,172
2024-11-01,P000078,LOC012,35,270.37,S0005,2024-10-05,24,172
2024-12-01,P000078,LOC012,63,289.74,S0005,2024-11-24,24,172
2024-12-31,P000078,LOC012,86,279.87,S0005,2024-12-04,24,172
2025-01-30,P000078,LOC012,186,281.54,S0005,2025-01-19,24,172
2025-03-01,P000078,LOC012,228,278.02,S0005,2025-02-27,24,172
2025-03-31,P000078,LOC012,245,289.33,S0005,2025-03-15,24,172
2024-10-02,P000078,LOC013,3,265.78,S0005,2024-09-16,24,172
2024-11-01,P000078,LOC013,0,281.9,S0005,2024-10-22,24,172
2024-12-01,P000078,LOC013,84,278.17,S0005,2024-11-11,24,172
2024-12-31,P000078,LOC013,89,292.62,S0005,2024-12-23,24,172
2025-01-30,P000078,LOC013,68,281.62,S0005,2025-01-22,24,172
2025-03-01,P000078,LOC013,90,285.91,S0005,2025-02-16,24,172
2025-03-31,P000078,LOC013,70,279.42,S0005,2025-03-24,24,172
2024-10-02,P000078,LOC014,2,282.33,S0005,2024-09-11,24,172
2024-11-01,P000078,LOC014,10,274.85,S0005,2024-10-04,24,172
2024-12-01,P000078,LOC014,1,286.34,S0005,2024-11-26,24,172
2024-12-31,P000078,LOC014,0,285.44,S0005,2024-12-01,24,172
2025-01-30,P000078,LOC014,0,276.7,S0005,2025-01-21,24,172
2025-03-01,P000078,LOC014,0,285.08,S0005,2025-02-12,24,172
2025-03-31,P000078,LOC014,0,266.2,S0005,2025-03-23,24,172
2024-10-02,P000078,LOC015,17,280.68,S0005,2024-09-27,24,172
2024-11-01,P000078,LOC015,84,267.14,S0005,2024-10-25,24,172
2024-12-01,P000078,LOC015,114,273.02,S0005,2024-11-12,24,172
2024-12-31,P000078,LOC015,150,288.62,S0005,2024-12-03,24,172
2025-01-30,P000078,LOC015,240,269.8,S0005,2025-01-01,24,172
2025-03-01,P000078,LOC015,296,285.07,S0005,2025-02-27,24,172
2025-03-31,P000078,LOC015,364,292.19,S0005,2025-03-11,24,172
2024-10-02,P000078,LOC016,65,279.68,S0005,2024-09-08,24,172
2024-11-01,P000078,LOC016,84,284.39,S0005,2024-10-09,24,172
2024-12-01,P000078,LOC016,123,276.25,S0005,2024-11-07,24,172
2024-12-31,P000078,LOC016,214,287.86,S0005,2024-12-20,24,172
2025-01-30,P000078,LOC016,298,271.06,S0005,2025-01-19,24,172
2025-03-01,P000078,LOC016,318,280.21,S0005,2025-02-01,24,172
2025-03-31,P000078,LOC016,388,269.92,S0005,2025-03-14,24,172
2024-10-02,P000078,LOC017,38,290.11,S0005,2024-09-25,24,172
2024-11-01,P000078,LOC017,114,280.18,S0005,2024-10-18,24,172
2024-12-01,P000078,LOC017,108,277.59,S0005,2024-11-03,24,172
2024-12-31,P000078,LOC017,103,281.39,S0005,2024-12-16,24,172
2025-01-30,P000078,LOC017,115,275.48,S0005,2025-01-29,24,172
2025-03-01,P000078,LOC017,111,276.94,S0005,2025-02-04,24,172
2025-03-31,P000078,LOC017,85,269.0,S0005,2025-03-16,24,172
2024-10-02,P000078,LOC018,0,289.17,S0005,2024-09-08,24,172
2024-11-01,P000078,LOC018,71,293.26,S0005,2024-10-27,24,172
2024-12-01,P000078,LOC018,56,291.46,S0005,2024-11-02,24,172
2024-12-31,P000078,LOC018,51,275.69,S0005,2024-12-10,24,172
2025-01-30,P000078,LOC018,123,293.13,S0005,2025-01-13,24,172
2025-03-01,P000078,LOC018,214,284.82,S0005,2025-02-28,24,172
2025-03-31,P000078,LOC018,312,268.6,S0005,2025-03-09,24,172
2024-10-02,P000078,LOC019,0,282.21,S0005,2024-09-18,24,172
2024-11-01,P000078,LOC019,100,283.62,S0005,2024-10-05,24,172
2024-12-01,P000078,LOC019,132,270.46,S0005,2024-11-09,24,172
2024-12-31,P000078,LOC019,156,293.22,S0005,2024-12-02,24,172
2025-01-30,P000078,LOC019,224,277.35,S0005,2025-01-15,24,172
2025-03-01,P000078,LOC019,204,270.83,S0005,2025-02-17,24,172
2025-03-31,P000078,LOC019,156,280.58,S0005,2025-03-20,24,172
2024-10-02,P000078,LOC020,33,270.57,S0005,2024-09-10,24,172
2024-11-01,P000078,LOC020,0,285.4,S0005,2024-10-30,24,172
2024-12-01,P000078,LOC020,0,267.7,S0005,2024-11-28,24,172
2024-12-31,P000078,LOC020,0,279.65,S0005,2024-12-02,24,172
2025-01-30,P000078,LOC020,0,267.71,S0005,2025-01-27,24,172
2025-03-01,P000078,LOC020,77,285.74,S0005,2025-02-05,24,172
2025-03-31,P000078,LOC020,55,270.79,S0005,2025-03-09,24,172
2024-10-02,P000079,LOC001,622,319.21,S0005,2024-09-05,24,579
2024-11-01,P000079,LOC001,585,316.0,S0005,2024-10-26,24,579
2024-12-01,P000079,LOC001,578,305.33,S0005,2024-11-24,24,579
2024-12-31,P000079,LOC001,584,309.61,S0005,2024-12-05,24,579
2025-01-30,P000079,LOC001,576,302.58,S0005,2025-01-22,24,579
2025-03-01,P000079,LOC001,597,311.15,S0005,2025-02-05,24,579
2025-03-31,P000079,LOC001,589,304.99,S0005,2025-03-30,24,579
2024-10-02,P000079,LOC002,683,323.47,S0005,2024-09-22,24,579
2024-11-01,P000079,LOC002,737,304.55,S0005,2024-10-05,24,579
2024-12-01,P000079,LOC002,696,317.48,S0005,2024-11-03,24,579
2024-12-31,P000079,LOC002,713,324.57,S0005,2024-12-19,24,579
2025-01-30,P000079,LOC002,764,303.28,S0005,2025-01-23,24,579
2025-03-01,P000079,LOC002,864,301.29,S0005,2025-02-12,24,579
2025-03-31,P000079,LOC002,911,318.55,S0005,2025-03-23,24,579
2024-10-02,P000079,LOC003,662,304.68,S0005,2024-09-05,24,579
2024-11-01,P000079,LOC003,739,319.8,S0005,2024-10-22,24,579
2024-12-01,P000079,LOC003,692,301.23,S0005,2024-11-07,24,579
2024-12-31,P000079,LOC003,715,326.02,S0005,2024-12-27,24,579
2025-01-30,P000079,LOC003,769,307.66,S0005,2025-01-25,24,579
2025-03-01,P000079,LOC003,768,310.61,S0005,2025-02-20,24,579
2025-03-31,P000079,LOC003,779,320.77,S0005,2025-03-29,24,579
2024-10-02,P000079,LOC004,649,308.33,S0005,2024-09-08,24,579
2024-11-01,P000079,LOC004,711,325.78,S0005,2024-10-09,24,579
2024-12-01,P000079,LOC004,760,315.38,S0005,2024-11-30,24,579
2024-12-31,P000079,LOC004,838,302.79,S0005,2024-12-17,24,579
2025-01-30,P000079,LOC004,889,327.02,S0005,2025-01-20,24,579
2025-03-01,P000079,LOC004,917,306.02,S0005,2025-02-18,24,579
2025-03-31,P000079,LOC004,934,319.45,S0005,2025-03-06,24,579
2024-10-02,P000079,LOC005,596,302.5,S0005,2024-09-18,24,579
2024-11-01,P000079,LOC005,638,325.75,S0005,2024-10-13,24,579
2024-12-01,P000079,LOC005,626,319.0,S0005,2024-11-01,24,579
2024-12-31,P000079,LOC005,670,324.74,S0005,2024-12-15,24,579
2025-01-30,P000079,LOC005,717,313.65,S0005,2025-01-20,24,579
2025-03-01,P000079,LOC005,740,311.07,S0005,2025-02-27,24,579
2025-03-31,P000079,LOC005,728,307.87,S0005,2025-03-15,24,579
2024-10-02,P000079,LOC006,586,308.94,S0005,2024-10-01,24,579
2024-11-01,P000079,LOC006,637,324.32,S0005,2024-10-24,24,579
2024-12-01,P000079,LOC006,724,319.56,S0005,2024-11-29,24,579
2024-12-31,P000079,LOC006,801,321.95,S0005,2024-12-10,24,579
2025-01-30,P000079,LOC006,780,326.5,S0005,2025-01-14,24,579
2025-03-01,P000079,LOC006,808,296.5,S0005,2025-02-24,24,579
2025-03-31,P000079,LOC006,838,318.9,S0005,2025-03-12,24,579
2024-10-02,P000079,LOC007,675,327.08,S0005,2024-09-16,24,579
2024-11-01,P000079,LOC007,758,310.23,S0005,2024-10-20,24,579
2024-12-01,P000079,LOC007,746,316.87,S0005,2024-11-06,24,579
2024-12-31,P000079,LOC007,798,323.52,S0005,2024-12-03,24,579
2025-01-30,P000079,LOC007,821,301.42,S0005,2025-01-21,24,579
2025-03-01,P000079,LOC007,827,327.54,S0005,2025-02-06,24,579
2025-03-31,P000079,LOC007,801,318.82,S0005,2025-03-30,24,579
2024-10-02,P000079,LOC008,705,307.81,S0005,2024-09-12,24,579
2024-11-01,P000079,LOC008,739,311.65,S0005,2024-10-31,24,579
2024-12-01,P000079,LOC008,705,323.74,S0005,2024-11-02,24,579
2024-12-31,P000079,LOC008,795,308.06,S0005,2024-12-13,24,579
2025-01-30,P000079,LOC008,853,327.35,S0005,2025-01-13,24,579
2025-03-01,P000079,LOC008,872,315.24,S0005,2025-02-08,24,579
2025-03-31,P000079,LOC008,834,310.3,S0005,2025-03-15,24,579
2024-10-02,P000079,LOC009,590,304.86,S0005,2024-09-24,24,579
2024-11-01,P000079,LOC009,542,321.33,S0005,2024-10-18,24,579
2024-12-01,P000079,LOC009,522,304.2,S0005,2024-11-21,24,579
2024-12-31,P000079,LOC009,552,304.21,S0005,2024-12-12,24,579
2025-01-30,P000079,LOC009,628,299.9,S0005,2025-01-04,24,579
2025-03-01,P000079,LOC009,616,313.31,S0005,2025-02-01,24,579
2025-03-31,P000079,LOC009,616,319.73,S0005,2025-03-18,24,579
2024-10-02,P000079,LOC010,622,300.28,S0005,2024-09-11,24,579
2024-11-01,P000079,LOC010,600,312.86,S0005,2024-10-27,24,579
2024-12-01,P000079,LOC010,698,302.53,S0005,2024-11-04,24,579
2024-12-31,P000079,LOC010,715,306.43,S0005,2024-12-23,24,579
2025-01-30,P000079,LOC010,742,325.75,S0005,2025-01-19,24,579
2025-03-01,P000079,LOC010,816,297.94,S0005,2025-02-10,24,579
2025-03-31,P000079,LOC010,786,309.89,S0005,2025-03-16,24,579
2024-10-02,P000079,LOC011,655,303.15,S0005,2024-09-06,24,579
2024-11-01,P000079,LOC011,678,308.67,S0005,2024-10-10,24,579
2024-12-01,P000079,LOC011,665,312.64,S0005,2024-11-22,24,579
2024-12-31,P000079,LOC011,660,304.68,S0005,2024-12-30,24,579
2025-01-30,P000079,LOC011,697,299.7,S0005,2025-01-20,24,579
2025-03-01,P000079,LOC011,685,326.02,S0005,2025-02-15,24,579
2025-03-31,P000079,LOC011,641,324.17,S0005,2025-03-25,24,579
2024-10-02,P000079,LOC012,587,315.22,S0005,2024-09-13,24,579
2024-11-01,P000079,LOC012,600,312.32,S0005,2024-10-07,24,579
2024-12-01,P000079,LOC012,565,302.25,S0005,2024-11-13,24,579
2024-12-31,P000079,LOC012,622,326.0,S0005,2024-12-12,24,579
2025-01-30,P000079,LOC012,670,323.81,S0005,2025-01-22,24,579
2025-03-01,P000079,LOC012,661,320.26,S0005,2025-02-17,24,579
2025-03-31,P000079,LOC012,619,322.12,S0005,2025-03-21,24,579
2024-10-02,P000079,LOC013,725,317.34,S0005,2024-09-11,24,579
2024-11-01,P000079,LOC013,802,301.53,S0005,2024-10-15,24,579
2024-12-01,P000079,LOC013,843,299.64,S0005,2024-11-14,24,579
2024-12-31,P000079,LOC013,806,303.91,S0005,2024-12-25,24,579
2025-01-30,P000079,LOC013,763,318.19,S0005,2025-01-11,24,579
2025-03-01,P000079,LOC013,862,318.81,S0005,2025-02-05,24,579
2025-03-31,P000079,LOC013,948,312.92,S0005,2025-03-27,24,579
2024-10-02,P000079,LOC014,617,312.56,S0005,2024-09-17,24,579
2024-11-01,P000079,LOC014,712,308.52,S0005,2024-10-12,24,579
2024-12-01,P000079,LOC014,674,325.1,S0005,2024-11-27,24,579
2024-12-31,P000079,LOC014,698,302.64,S0005,2024-12-28,24,579
2025-01-30,P000079,LOC014,798,300.31,S0005,2025-01-10,24,579
2025-03-01,P000079,LOC014,782,312.52,S0005,2025-01-31,24,579
2025-03-31,P000079,LOC014,778,305.89,S0005,2025-03-14,24,579
2024-10-02,P000079,LOC015,582,317.42,S0005,2024-09-06,24,579
2024-11-01,P000079,LOC015,657,307.86,S0005,2024-10-21,24,579
2024-12-01,P000079,LOC015,700,315.27,S0005,2024-11-25,24,579
2024-12-31,P000079,LOC015,790,305.52,S0005,2024-12-17,24,579
2025-01-30,P000079,LOC015,824,325.71,S0005,2025-01-14,24,579
2025-03-01,P000079,LOC015,838,308.88,S0005,2025-02-08,24,579
2025-03-31,P000079,LOC015,846,298.41,S0005,2025-03-14,24,579
2024-10-02,P000079,LOC016,723,322.96,S0005,2024-09-17,24,579
2024-11-01,P000079,LOC016,684,305.88,S0005,2024-10-26,24,579
2024-12-01,P000079,LOC016,755,325.31,S0005,2024-11-28,24,579
2024-12-31,P000079,LOC016,765,316.92,S0005,2024-12-07,24,579
2025-01-30,P000079,LOC016,803,309.08,S0005,2025-01-11,24,579
2025-03-01,P000079,LOC016,809,296.56,S0005,2025-02-07,24,579
2025-03-31,P000079,LOC016,856,307.41,S0005,2025-03-16,24,579
2024-10-02,P000079,LOC017,658,311.57,S0005,2024-09-02,24,579
2024-11-01,P000079,LOC017,753,307.91,S0005,2024-10-17,24,579
2024-12-01,P000079,LOC017,710,326.59,S0005,2024-11-27,24,579
2024-12-31,P000079,LOC017,805,327.18,S0005,2024-12-22,24,579
2025-01-30,P000079,LOC017,790,314.46,S0005,2025-01-20,24,579
2025-03-01,P000079,LOC017,873,327.33,S0005,2025-02-19,24,579
2025-03-31,P000079,LOC017,872,324.17,S0005,2025-03-20,24,579
2024-10-02,P000079,LOC018,700,324.65,S0005,2024-09-17,24,579
2024-11-01,P000079,LOC018,782,302.21,S0005,2024-10-10,24,579
2024-12-01,P000079,LOC018,779,305.09,S0005,2024-11-29,24,579
2024-12-31,P000079,LOC018,738,302.27,S0005,2024-12-14,24,579
2025-01-30,P000079,LOC018,755,321.97,S0005,2025-01-01,24,579
2025-03-01,P000079,LOC018,851,314.03,S0005,2025-02-28,24,579
2025-03-31,P000079,LOC018,916,326.34,S0005,2025-03-03,24,579
2024-10-02,P000079,LOC019,698,299.87,S0005,2024-09-06,24,579
2024-11-01,P000079,LOC019,708,313.18,S0005,2024-10-14,24,579
2024-12-01,P000079,LOC019,793,298.91,S0005,2024-11-13,24,579
2024-12-31,P000079,LOC019,769,321.38,S0005,2024-12-30,24,579
2025-01-30,P000079,LOC019,748,308.46,S0005,2025-01-03,24,579
2025-03-01,P000079,LOC019,829,307.1,S0005,2025-02-17,24,579
2025-03-31,P000079,LOC019,796,305.16,S0005,2025-03-29,24,579
2024-10-02,P000079,LOC020,679,320.83,S0005,2024-09-11,24,579
2024-11-01,P000079,LOC020,778,325.01,S0005,2024-10-30,24,579
2024-12-01,P000079,LOC020,748,304.9,S0005,2024-11-10,24,579
2024-12-31,P000079,LOC020,821,327.56,S0005,2024-12-19,24,579
2025-01-30,P000079,LOC020,891,305.9,S0005,2025-01-04,24,579
2025-03-01,P000079,LOC020,952,304.84,S0005,2025-02-02,24,579
2025-03-31,P000079,LOC020,962,325.83,S0005,2025-03-06,24,579
2024-10-02,P000080,LOC001,399,247.91,S0030,2024-09-05,42,1146
2024-11-01,P000080,LOC001,414,241.42,S0030,2024-10-11,42,1146
2024-12-01,P000080,LOC001,440,254.45,S0030,2024-11-27,42,1146
2024-12-31,P000080,LOC001,529,265.99,S0030,2024-12-30,42,1146
2025-01-30,P000080,LOC001,595,251.09,S0030,2025-01-01,42,1146
2025-03-01,P000080,LOC001,549,252.38,S0030,2025-02-27,42,1146
2025-03-31,P000080,LOC001,615,247.89,S0030,2025-03-22,42,1146
2024-10-02,P000080,LOC002,431,247.38,S0030,2024-09-24,42,1146
2024-11-01,P000080,LOC002,422,254.14,S0030,2024-10-11,42,1146
2024-12-01,P000080,LOC002,385,245.94,S0030,2024-11-08,42,1146
2024-12-31,P000080,LOC002,457,265.09,S0030,2024-12-30,42,1146
2025-01-30,P000080,LOC002,415,242.18,S0030,2025-01-02,42,1146
2025-03-01,P000080,LOC002,492,244.2,S0030,2025-02-27,42,1146
2025-03-31,P000080,LOC002,445,244.89,S0030,2025-03-24,42,1146
2024-10-02,P000080,LOC003,449,247.52,S0030,2024-09-30,42,1146
2024-11-01,P000080,LOC003,431,241.56,S0030,2024-10-05,42,1146
2024-12-01,P000080,LOC003,509,250.26,S0030,2024-11-19,42,1146
2024-12-31,P000080,LOC003,506,251.02,S0030,2024-12-07,42,1146
2025-01-30,P000080,LOC003,540,259.08,S0030,2025-01-13,42,1146
2025-03-01,P000080,LOC003,517,251.95,S0030,2025-02-26,42,1146
2025-03-31,P000080,LOC003,563,249.46,S0030,2025-03-08,42,1146
2024-10-02,P000080,LOC004,390,250.95,S0030,2024-09-22,42,1146
2024-11-01,P000080,LOC004,404,243.12,S0030,2024-10-31,42,1146
2024-12-01,P000080,LOC004,467,249.95,S0030,2024-11-24,42,1146
2024-12-31,P000080,LOC004,524,255.51,S0030,2024-12-08,42,1146
2025-01-30,P000080,LOC004,570,254.11,S0030,2025-01-03,42,1146
2025-03-01,P000080,LOC004,662,245.47,S0030,2025-02-25,42,1146
2025-03-31,P000080,LOC004,650,250.74,S0030,2025-03-21,42,1146
2024-10-02,P000080,LOC005,445,243.74,S0030,2024-09-16,42,1146
2024-11-01,P000080,LOC005,414,247.01,S0030,2024-10-23,42,1146
2024-12-01,P000080,LOC005,383,242.25,S0030,2024-11-11,42,1146
2024-12-31,P000080,LOC005,455,258.95,S0030,2024-12-28,42,1146
2025-01-30,P000080,LOC005,452,244.71,S0030,2025-01-25,42,1146
2025-03-01,P000080,LOC005,419,248.4,S0030,2025-02-18,42,1146
2025-03-31,P000080,LOC005,422,255.81,S0030,2025-03-05,42,1146
2024-10-02,P000080,LOC006,452,253.43,S0030,2024-09-12,42,1146
2024-11-01,P000080,LOC006,501,253.63,S0030,2024-10-18,42,1146
2024-12-01,P000080,LOC006,523,258.7,S0030,2024-11-15,42,1146
2024-12-31,P000080,LOC006,613,245.86,S0030,2024-12-09,42,1146
2025-01-30,P000080,LOC006,577,263.91,S0030,2025-01-28,42,1146
2025-03-01,P000080,LOC006,612,261.93,S0030,2025-02-23,42,1146
2025-03-31,P000080,LOC006,585,263.49,S0030,2025-03-10,42,1146
2024-10-02,P000080,LOC007,448,246.98,S0030,2024-09-02,42,1146
2024-11-01,P000080,LOC007,459,265.82,S0030,2024-10-23,42,1146
2024-12-01,P000080,LOC007,472,252.2,S0030,2024-11-19,42,1146
2024-12-31,P000080,LOC007,479,251.55,S0030,2024-12-14,42,1146
2025-01-30,P000080,LOC007,540,243.13,S0030,2025-01-26,42,1146
2025-03-01,P000080,LOC007,515,247.57,S0030,2025-02-02,42,1146
2025-03-31,P000080,LOC007,511,242.49,S0030,2025-03-01,42,1146
2024-10-02,P000080,LOC008,510,255.24,S0030,2024-09-29,42,1146
2024-11-01,P000080,LOC008,602,257.74,S0030,2024-10-14,42,1146
2024-12-01,P000080,LOC008,560,263.18,S0030,2024-11-08,42,1146
2024-12-31,P000080,LOC008,588,244.92,S0030,2024-12-06,42,1146
2025-01-30,P000080,LOC008,603,245.54,S0030,2024-12-31,42,1146
2025-03-01,P000080,LOC008,658,245.77,S0030,2025-02-27,42,1146
2025-03-31,P000080,LOC008,729,244.57,S0030,2025-03-25,42,1146
2024-10-02,P000080,LOC009,467,247.49,S0030,2024-09-29,42,1146
2024-11-01,P000080,LOC009,458,255.34,S0030,2024-10-14,42,1146
2024-12-01,P000080,LOC009,462,255.65,S0030,2024-11-26,42,1146
2024-12-31,P000080,LOC009,511,253.38,S0030,2024-12-06,42,1146
2025-01-30,P000080,LOC009,473,263.05,S0030,2025-01-03,42,1146
2025-03-01,P000080,LOC009,482,244.83,S0030,2025-02-10,42,1146
2025-03-31,P000080,LOC009,477,265.47,S0030,2025-03-24,42,1146
2024-10-02,P000080,LOC010,389,259.69,S0030,2024-09-26,42,1146
2024-11-01,P000080,LOC010,396,241.33,S0030,2024-10-25,42,1146
2024-12-01,P000080,LOC010,468,247.19,S0030,2024-11-22,42,1146
2024-12-31,P000080,LOC010,422,259.04,S0030,2024-12-20,42,1146
2025-01-30,P000080,LOC010,512,259.6,S0030,2025-01-13,42,1146
2025-03-01,P000080,LOC010,533,255.8,S0030,2025-02-26,42,1146
2025-03-31,P000080,LOC010,557,243.84,S0030,2025-03-28,42,1146
2024-10-02,P000080,LOC011,428,252.06,S0030,2024-09-03,42,1146
2024-11-01,P000080,LOC011,497,262.61,S0030,2024-10-20,42,1146
2024-12-01,P000080,LOC011,507,265.66,S0030,2024-11-07,42,1146
2024-12-31,P000080,LOC011,544,242.37,S0030,2024-12-07,42,1146
2025-01-30,P000080,LOC011,570,241.22,S0030,2025-01-08,42,1146
2025-03-01,P000080,LOC011,536,241.3,S0030,2025-02-14,42,1146
2025-03-31,P000080,LOC011,525,259.55,S0030,2025-03-13,42,1146
2024-10-02,P000080,LOC012,374,252.15,S0030,2024-09-22,42,1146
2024-11-01,P000080,LOC012,356,242.27,S0030,2024-10-29,42,1146
2024-12-01,P000080,LOC012,451,266.37,S0030,2024-11-24,42,1146
2024-12-31,P000080,LOC012,434,246.25,S0030,2024-12-12,42,1146
2025-01-30,P000080,LOC012,405,261.36,S0030,2025-01-07,42,1146
2025-03-01,P000080,LOC012,362,251.88,S0030,2025-02-21,42,1146
2025-03-31,P000080,LOC012,431,262.43,S0030,2025-03-26,42,1146
2024-10-02,P000080,LOC013,436,245.92,S0030,2024-09-20,42,1146
2024-11-01,P000080,LOC013,473,256.48,S0030,2024-10-09,42,1146
2024-12-01,P000080,LOC013,472,254.06,S0030,2024-11-27,42,1146
2024-12-31,P000080,LOC013,538,257.33,S0030,2024-12-21,42,1146
2025-01-30,P000080,LOC013,636,253.44,S0030,2025-01-15,42,1146
2025-03-01,P000080,LOC013,668,258.78,S0030,2025-02-19,42,1146
2025-03-31,P000080,LOC013,738,242.07,S0030,2025-03-05,42,1146
2024-10-02,P000080,LOC014,371,266.5,S0030,2024-09-16,42,1146
2024-11-01,P000080,LOC014,329,264.33,S0030,2024-10-29,42,1146
2024-12-01,P000080,LOC014,325,256.02,S0030,2024-11-26,42,1146
2024-12-31,P000080,LOC014,425,260.46,S0030,2024-12-07,42,1146
2025-01-30,P000080,LOC014,460,249.5,S0030,2025-01-04,42,1146
2025-03-01,P000080,LOC014,490,261.44,S0030,2025-02-01,42,1146
2025-03-31,P000080,LOC014,551,249.5,S0030,2025-03-27,42,1146
2024-10-02,P000080,LOC015,456,248.76,S0030,2024-09-09,42,1146
2024-11-01,P000080,LOC015,477,262.67,S0030,2024-10-28,42,1146
2024-12-01,P000080,LOC015,577,247.73,S0030,2024-11-01,42,1146
2024-12-31,P000080,LOC015,556,246.98,S0030,2024-12-28,42,1146
2025-01-30,P000080,LOC015,551,241.58,S0030,2025-01-20,42,1146
2025-03-01,P000080,LOC015,532,247.41,S0030,2025-02-19,42,1146
2025-03-31,P000080,LOC015,614,261.68,S0030,2025-03-23,42,1146
2024-10-02,P000080,LOC016,484,261.4,S0030,2024-09-20,42,1146
2024-11-01,P000080,LOC016,505,242.19,S0030,2024-10-24,42,1146
2024-12-01,P000080,LOC016,583,249.87,S0030,2024-11-05,42,1146
2024-12-31,P000080,LOC016,643,253.15,S0030,2024-12-30,42,1146
2025-01-30,P000080,LOC016,713,259.51,S0030,2025-01-27,42,1146
2025-03-01,P000080,LOC016,799,245.32,S0030,2025-02-10,42,1146
2025-03-31,P000080,LOC016,776,250.55,S0030,2025-03-28,42,1146
2024-10-02,P000080,LOC017,371,252.35,S0030,2024-09-02,42,1146
2024-11-01,P000080,LOC017,448,248.04,S0030,2024-10-10,42,1146
2024-12-01,P000080,LOC017,436,252.27,S0030,2024-11-20,42,1146
2024-12-31,P000080,LOC017,509,250.61,S0030,2024-12-06,42,1146
2025-01-30,P000080,LOC017,547,251.16,S0030,2025-01-17,42,1146
2025-03-01,P000080,LOC017,595,242.35,S0030,2025-02-22,42,1146
2025-03-31,P000080,LOC017,610,244.94,S0030,2025-03-28,42,1146
2024-10-02,P000080,LOC018,407,261.37,S0030,2024-09-29,42,1146
2024-11-01,P000080,LOC018,432,251.15,S0030,2024-10-03,42,1146
2024-12-01,P000080,LOC018,434,242.48,S0030,2024-11-09,42,1146
2024-12-31,P000080,LOC018,466,258.37,S0030,2024-12-06,42,1146
2025-01-30,P000080,LOC018,466,263.48,S0030,2025-01-06,42,1146
2025-03-01,P000080,LOC018,527,262.5,S0030,2025-02-02,42,1146
2025-03-31,P000080,LOC018,489,259.76,S0030,2025-03-30,42,1146
2024-10-02,P000080,LOC019,392,263.36,S0030,2024-09-18,42,1146
2024-11-01,P000080,LOC019,443,256.56,S0030,2024-10-24,42,1146
2024-12-01,P000080,LOC019,427,264.4,S0030,2024-11-18,42,1146
2024-12-31,P000080,LOC019,422,254.55,S0030,2024-12-11,42,1146
2025-01-30,P000080,LOC019,511,260.76,S0030,2025-01-07,42,1146
2025-03-01,P000080,LOC019,606,258.09,S0030,2025-02-21,42,1146
2025-03-31,P000080,LOC019,592,258.18,S0030,2025-03-16,42,1146
2024-10-02,P000080,LOC020,376,263.61,S0030,2024-09-04,42,1146
2024-11-01,P000080,LOC020,469,266.42,S0030,2024-10-31,42,1146
2024-12-01,P000080,LOC020,511,246.05,S0030,2024-11-30,42,1146
2024-12-31,P000080,LOC020,493,248.41,S0030,2024-12-30,42,1146
2025-01-30,P000080,LOC020,464,262.76,S0030,2025-01-14,42,1146
2025-03-01,P000080,LOC020,527,252.01,S0030,2025-02-19,42,1146
2025-03-31,P000080,LOC020,604,259.29,S0030,2025-03-24,42,1146
2024-10-02,P000081,LOC001,555,478.36,S0004,2024-09-10,47,941
2024-11-01,P000081,LOC001,650,488.72,S0004,2024-10-19,47,941
2024-12-01,P000081,LOC001,660,501.63,S0004,2024-11-29,47,941
2024-12-31,P000081,LOC001,726,497.67,S0004,2024-12-11,47,941
2025-01-30,P000081,LOC001,783,499.29,S0004,2025-01-10,47,941
2025-03-01,P000081,LOC001,837,511.62,S0004,2025-02-01,47,941
2025-03-31,P000081,LOC001,900,495.21,S0004,2025-03-04,47,941
2024-10-02,P000081,LOC002,562,481.06,S0004,2024-09-04,47,941
2024-11-01,P000081,LOC002,581,469.92,S0004,2024-10-20,47,941
2024-12-01,P000081,LOC002,643,500.55,S0004,2024-11-30,47,941
2024-12-31,P000081,LOC002,613,507.11,S0004,2024-12-30,47,941
2025-01-30,P000081,LOC002,639,474.93,S0004,2025-01-27,47,941
2025-03-01,P000081,LOC002,720,481.55,S0004,2025-02-27,47,941
2025-03-31,P000081,LOC002,769,481.56,S0004,2025-03-24,47,941
2024-10-02,P000081,LOC003,624,506.42,S0004,2024-09-13,47,941
2024-11-01,P000081,LOC003,663,481.46,S0004,2024-10-04,47,941
2024-12-01,P000081,LOC003,758,483.65,S0004,2024-11-19,47,941
2024-12-31,P000081,LOC003,777,487.5,S0004,2024-12-26,47,941
2025-01-30,P000081,LOC003,787,508.92,S0004,2025-01-07,47,941
2025-03-01,P000081,LOC003,768,471.29,S0004,2025-02-03,47,941
2025-03-31,P000081,LOC003,779,507.03,S0004,2025-03-27,47,941
2024-10-02,P000081,LOC004,589,486.28,S0004,2024-09-24,47,941
2024-11-01,P000081,LOC004,596,500.94,S0004,2024-10-19,47,941
2024-12-01,P000081,LOC004,569,493.92,S0004,2024-11-11,47,941
2024-12-31,P000081,LOC004,576,470.77,S0004,2024-12-21,47,941
2025-01-30,P000081,LOC004,539,501.22,S0004,2025-01-09,47,941
2025-03-01,P000081,LOC004,504,494.8,S0004,2025-02-17,47,941
2025-03-31,P000081,LOC004,604,478.03,S0004,2025-03-08,47,941
2024-10-02,P000081,LOC005,614,477.67,S0004,2024-09-03,47,941
2024-11-01,P000081,LOC005,589,475.95,S0004,2024-10-29,47,941
2024-12-01,P000081,LOC005,616,467.22,S0004,2024-11-08,47,941
2024-12-31,P000081,LOC005,660,514.83,S0004,2024-12-16,47,941
2025-01-30,P000081,LOC005,758,491.91,S0004,2025-01-09,47,941
2025-03-01,P000081,LOC005,856,486.72,S0004,2025-02-13,47,941
2025-03-31,P000081,LOC005,930,511.76,S0004,2025-03-09,47,941
2024-10-02,P000081,LOC006,608,509.47,S0004,2024-09-05,47,941
2024-11-01,P000081,LOC006,568,499.07,S0004,2024-10-11,47,941
2024-12-01,P000081,LOC006,644,506.26,S0004,2024-11-15,47,941
2024-12-31,P000081,LOC006,619,507.58,S0004,2024-12-05,47,941
2025-01-30,P000081,LOC006,694,515.31,S0004,2025-01-03,47,941
2025-03-01,P000081,LOC006,762,508.51,S0004,2025-02-25,47,941
2025-03-31,P000081,LOC006,776,480.52,S0004,2025-03-05,47,941
2024-10-02,P000081,LOC007,619,498.29,S0004,2024-09-08,47,941
2024-11-01,P000081,LOC007,645,494.38,S0004,2024-10-13,47,941
2024-12-01,P000081,LOC007,742,499.97,S0004,2024-11-18,47,941
2024-12-31,P000081,LOC007,755,490.35,S0004,2024-12-02,47,941
2025-01-30,P000081,LOC007,706,500.78,S0004,2025-01-17,47,941
2025-03-01,P000081,LOC007,763,483.24,S0004,2025-02-20,47,941
2025-03-31,P000081,LOC007,811,510.73,S0004,2025-03-14,47,941
2024-10-02,P000081,LOC008,676,497.62,S0004,2024-09-25,47,941
2024-11-01,P000081,LOC008,661,509.75,S0004,2024-10-19,47,941
2024-12-01,P000081,LOC008,687,475.7,S0004,2024-11-15,47,941
2024-12-31,P000081,LOC008,741,494.72,S0004,2024-12-12,47,941
2025-01-30,P000081,LOC008,742,501.84,S0004,2025-01-18,47,941
2025-03-01,P000081,LOC008,802,486.92,S0004,2025-02-07,47,941
2025-03-31,P000081,LOC008,775,468.36,S0004,2025-03-20,47,941
2024-10-02,P000081,LOC009,661,505.35,S0004,2024-09-28,47,941
2024-11-01,P000081,LOC009,693,469.91,S0004,2024-10-12,47,941
2024-12-01,P000081,LOC009,741,510.1,S0004,2024-11-30,47,941
2024-12-31,P000081,LOC009,804,477.35,S0004,2024-12-14,47,941
2025-01-30,P000081,LOC009,804,470.99,S0004,2025-01-17,47,941
2025-03-01,P000081,LOC009,839,501.31,S0004,2025-02-07,47,941
2025-03-31,P000081,LOC009,858,477.61,S0004,2025-03-14,47,941
2024-10-02,P000081,LOC010,676,511.03,S0004,2024-09-20,47,941
2024-11-01,P000081,LOC010,687,476.62,S0004,2024-10-18,47,941
2024-12-01,P000081,LOC010,737,490.46,S0004,2024-11-19,47,941
2024-12-31,P000081,LOC010,746,512.77,S0004,2024-12-20,47,941
2025-01-30,P000081,LOC010,767,496.65,S0004,2025-01-03,47,941
2025-03-01,P000081,LOC010,804,497.64,S0004,2025-02-14,47,941
2025-03-31,P000081,LOC010,815,498.21,S0004,2025-03-04,47,941
2024-10-02,P000081,LOC011,647,474.8,S0004,2024-09-13,47,941
2024-11-01,P000081,LOC011,637,481.48,S0004,2024-10-31,47,941
2024-12-01,P000081,LOC011,718,499.13,S0004,2024-11-16,47,941
2024-12-31,P000081,LOC011,776,506.09,S0004,2024-12-29,47,941
2025-01-30,P000081,LOC011,802,494.21,S0004,2025-01-08,47,941
2025-03-01,P000081,LOC011,902,501.71,S0004,2025-02-13,47,941
2025-03-31,P000081,LOC011,856,511.97,S0004,2025-03-18,47,941
2024-10-02,P000081,LOC012,642,476.48,S0004,2024-09-20,47,941
2024-11-01,P000081,LOC012,602,476.12,S0004,2024-10-19,47,941
2024-12-01,P000081,LOC012,589,484.91,S0004,2024-11-16,47,941
2024-12-31,P000081,LOC012,559,513.81,S0004,2024-12-14,47,941
2025-01-30,P000081,LOC012,512,504.88,S0004,2025-01-23,47,941
2025-03-01,P000081,LOC012,534,502.06,S0004,2025-02-25,47,941
2025-03-31,P000081,LOC012,615,476.65,S0004,2025-03-29,47,941
2024-10-02,P000081,LOC013,641,486.12,S0004,2024-09-22,47,941
2024-11-01,P000081,LOC013,701,504.56,S0004,2024-10-24,47,941
2024-12-01,P000081,LOC013,727,478.09,S0004,2024-11-18,47,941
2024-12-31,P000081,LOC013,784,511.2,S0004,2024-12-15,47,941
2025-01-30,P000081,LOC013,777,490.27,S0004,2025-01-02,47,941
2025-03-01,P000081,LOC013,776,478.83,S0004,2025-02-23,47,941
2025-03-31,P000081,LOC013,776,508.98,S0004,2025-03-12,47,941
2024-10-02,P000081,LOC014,583,515.46,S0004,2024-09-15,47,941
2024-11-01,P000081,LOC014,538,506.29,S0004,2024-10-08,47,941
2024-12-01,P000081,LOC014,518,484.63,S0004,2024-11-09,47,941
2024-12-31,P000081,LOC014,520,494.22,S0004,2024-12-24,47,941
2025-01-30,P000081,LOC014,590,502.55,S0004,2025-01-12,47,941
2025-03-01,P000081,LOC014,669,507.42,S0004,2025-02-12,47,941
2025-03-31,P000081,LOC014,625,506.4,S0004,2025-03-19,47,941
2024-10-02,P000081,LOC015,603,502.49,S0004,2024-09-12,47,941
2024-11-01,P000081,LOC015,556,470.19,S0004,2024-10-21,47,941
2024-12-01,P000081,LOC015,617,499.09,S0004,2024-11-10,47,941
2024-12-31,P000081,LOC015,655,497.26,S0004,2024-12-17,47,941
2025-01-30,P000081,LOC015,690,471.25,S0004,2025-01-10,47,941
2025-03-01,P000081,LOC015,777,474.87,S0004,2025-02-02,47,941
2025-03-31,P000081,LOC015,743,496.82,S0004,2025-03-04,47,941
2024-10-02,P000081,LOC016,566,482.92,S0004,2024-09-30,47,941
2024-11-01,P000081,LOC016,618,489.29,S0004,2024-10-14,47,941
2024-12-01,P000081,LOC016,605,471.55,S0004,2024-11-05,47,941
2024-12-31,P000081,LOC016,572,505.01,S0004,2024-12-18,47,941
2025-01-30,P000081,LOC016,620,512.08,S0004,2025-01-04,47,941
2025-03-01,P000081,LOC016,608,478.05,S0004,2025-02-13,47,941
2025-03-31,P000081,LOC016,635,489.0,S0004,2025-03-07,47,941
2024-10-02,P000081,LOC017,572,502.9,S0004,2024-09-14,47,941
2024-11-01,P000081,LOC017,657,493.52,S0004,2024-10-25,47,941
2024-12-01,P000081,LOC017,652,481.98,S0004,2024-11-19,47,941
2024-12-31,P000081,LOC017,681,497.23,S0004,2024-12-05,47,941
2025-01-30,P000081,LOC017,732,469.43,S0004,2025-01-13,47,941
2025-03-01,P000081,LOC017,756,508.48,S0004,2025-02-20,47,941
2025-03-31,P000081,LOC017,755,513.11,S0004,2025-03-04,47,941
2024-10-02,P000081,LOC018,673,499.97,S0004,2024-09-12,47,941
2024-11-01,P000081,LOC018,749,505.84,S0004,2024-10-12,47,941
2024-12-01,P000081,LOC018,764,504.34,S0004,2024-11-11,47,941
2024-12-31,P000081,LOC018,788,492.34,S0004,2024-12-18,47,941
2025-01-30,P000081,LOC018,846,508.49,S0004,2025-01-14,47,941
2025-03-01,P000081,LOC018,809,480.3,S0004,2025-02-10,47,941
2025-03-31,P000081,LOC018,827,511.92,S0004,2025-03-24,47,941
2024-10-02,P000081,LOC019,582,488.39,S0004,2024-09-06,47,941
2024-11-01,P000081,LOC019,636,478.91,S0004,2024-10-04,47,941
2024-12-01,P000081,LOC019,694,477.82,S0004,2024-11-13,47,941
2024-12-31,P000081,LOC019,793,496.51,S0004,2024-12-11,47,941
2025-01-30,P000081,LOC019,831,488.7,S0004,2025-01-14,47,941
2025-03-01,P000081,LOC019,906,484.35,S0004,2025-02-20,47,941
2025-03-31,P000081,LOC019,900,474.57,S0004,2025-03-06,47,941
2024-10-02,P000081,LOC020,557,513.25,S0004,2024-09-09,47,941
2024-11-01,P000081,LOC020,574,472.4,S0004,2024-10-13,47,941
2024-12-01,P000081,LOC020,558,511.61,S0004,2024-11-24,47,941
2024-12-31,P000081,LOC020,514,472.07,S0004,2024-12-15,47,941
2025-01-30,P000081,LOC020,529,469.92,S0004,2025-01-20,47,941
2025-03-01,P000081,LOC020,580,473.83,S0004,2025-02-28,47,941
2025-03-31,P000081,LOC020,594,491.83,S0004,2025-03-06,47,941
2024-10-02,P000082,LOC001,0,452.23,S0005,2024-09-29,13,451
2024-11-01,P000082,LOC001,29,457.22,S0005,2024-10-28,13,451
2024-12-01,P000082,LOC001,124,464.13,S0005,2024-11-12,13,451
2024-12-31,P000082,LOC001,106,455.59,S0005,2024-12-14,13,451
2025-01-30,P000082,LOC001,130,467.04,S0005,2025-01-28,13,451
2025-03-01,P000082,LOC001,151,441.59,S0005,2025-02-06,13,451
2025-03-31,P000082,LOC001,123,445.47,S0005,2025-03-10,13,451
2024-10-02,P000082,LOC002,23,444.52,S0005,2024-09-10,13,451
2024-11-01,P000082,LOC002,0,442.6,S0005,2024-10-24,13,451
2024-12-01,P000082,LOC002,78,469.24,S0005,2024-11-14,13,451
2024-12-31,P000082,LOC002,161,465.38,S0005,2024-12-25,13,451
2025-01-30,P000082,LOC002,198,462.97,S0005,2025-01-12,13,451
2025-03-01,P000082,LOC002,268,449.78,S0005,2025-02-09,13,451
2025-03-31,P000082,LOC002,359,433.76,S0005,2025-03-25,13,451
2024-10-02,P000082,LOC003,0,461.8,S0005,2024-09-27,13,451
2024-11-01,P000082,LOC003,24,474.79,S0005,2024-10-28,13,451
2024-12-01,P000082,LOC003,18,467.01,S0005,2024-11-07,13,451
2024-12-31,P000082,LOC003,105,433.7,S0005,2024-12-10,13,451
2025-01-30,P000082,LOC003,58,471.34,S0005,2025-01-20,13,451
2025-03-01,P000082,LOC003,46,460.57,S0005,2025-02-15,13,451
2025-03-31,P000082,LOC003,27,451.32,S0005,2025-03-03,13,451
2024-10-02,P000082,LOC004,0,431.33,S0005,2024-09-27,13,451
2024-11-01,P000082,LOC004,50,475.79,S0005,2024-10-08,13,451
2024-12-01,P000082,LOC004,146,434.45,S0005,2024-11-06,13,451
2024-12-31,P000082,LOC004,226,461.61,S0005,2024-12-11,13,451
2025-01-30,P000082,LOC004,258,456.26,S0005,2025-01-15,13,451
2025-03-01,P000082,LOC004,277,447.24,S0005,2025-02-24,13,451
2025-03-31,P000082,LOC004,293,466.16,S0005,2025-03-08,13,451
2024-10-02,P000082,LOC005,96,438.39,S0005,2024-09-03,13,451
2024-11-01,P000082,LOC005,172,471.19,S0005,2024-10-23,13,451
2024-12-01,P000082,LOC005,138,455.46,S0005,2024-11-25,13,451
2024-12-31,P000082,LOC005,143,454.54,S0005,2024-12-19,13,451
2025-01-30,P000082,LOC005,147,432.52,S0005,2025-01-20,13,451
2025-03-01,P000082,LOC005,101,442.53,S0005,2025-02-08,13,451
2025-03-31,P000082,LOC005,80,473.41,S0005,2025-03-09,13,451
2024-10-02,P000082,LOC006,0,431.75,S0005,2024-09-16,13,451
2024-11-01,P000082,LOC006,35,468.15,S0005,2024-10-19,13,451
2024-12-01,P000082,LOC006,0,466.5,S0005,2024-11-27,13,451
2024-12-31,P000082,LOC006,0,459.77,S0005,2024-12-15,13,451
2025-01-30,P000082,LOC006,0,472.87,S0005,2025-01-12,13,451
2025-03-01,P000082,LOC006,0,475.98,S0005,2025-02-22,13,451
2025-03-31,P000082,LOC006,0,431.1,S0005,2025-03-09,13,451
2024-10-02,P000082,LOC007,42,470.59,S0005,2024-09-06,13,451
2024-11-01,P000082,LOC007,51,460.82,S0005,2024-10-26,13,451
2024-12-01,P000082,LOC007,74,453.35,S0005,2024-11-09,13,451
2024-12-31,P000082,LOC007,124,475.85,S0005,2024-12-09,13,451
2025-01-30,P000082,LOC007,167,438.89,S0005,2025-01-05,13,451
2025-03-01,P000082,LOC007,192,447.6,S0005,2025-02-07,13,451
2025-03-31,P000082,LOC007,187,475.51,S0005,2025-03-03,13,451
2024-10-02,P000082,LOC008,3,456.57,S0005,2024-09-02,13,451
2024-11-01,P000082,LOC008,0,432.88,S0005,2024-10-12,13,451
2024-12-01,P000082,LOC008,6,473.89,S0005,2024-11-30,13,451
2024-12-31,P000082,LOC008,99,446.76,S0005,2024-12-03,13,451
2025-01-30,P000082,LOC008,71,474.51,S0005,2025-01-08,13,451
2025-03-01,P000082,LOC008,125,436.71,S0005,2025-02-16,13,451
2025-03-31,P000082,LOC008,164,475.7,S0005,2025-03-24,13,451
2024-10-02,P000082,LOC009,0,468.78,S0005,2024-09-13,13,451
2024-11-01,P000082,LOC009,4,459.82,S0005,2024-10-05,13,451
2024-12-01,P000082,LOC009,56,431.27,S0005,2024-11-06,13,451
2024-12-31,P000082,LOC009,75,445.29,S0005,2024-12-10,13,451
2025-01-30,P000082,LOC009,161,474.24,S0005,2025-01-08,13,451
2025-03-01,P000082,LOC009,231,456.98,S0005,2025-02-27,13,451
2025-03-31,P000082,LOC009,302,467.18,S0005,2025-03-07,13,451
2024-10-02,P000082,LOC010,87,439.78,S0005,2024-09-03,13,451
2024-11-01,P000082,LOC010,150,442.21,S0005,2024-10-24,13,451
2024-12-01,P000082,LOC010,100,470.85,S0005,2024-11-22,13,451
2024-12-31,P000082,LOC010,52,459.23,S0005,2024-12-15,13,451
2025-01-30,P000082,LOC010,106,465.3,S0005,2025-01-13,13,451
2025-03-01,P000082,LOC010,135,443.91,S0005,2025-02-14,13,451
2025-03-31,P000082,LOC010,116,432.37,S0005,2025-03-25,13,451
2024-10-02,P000082,LOC011,9,436.34,S0005,2024-09-13,13,451
2024-11-01,P000082,LOC011,86,438.54,S0005,2024-10-30,13,451
2024-12-01,P000082,LOC011,181,453.25,S0005,2024-11-15,13,451
2024-12-31,P000082,LOC011,227,470.96,S0005,2024-12-29,13,451
2025-01-30,P000082,LOC011,309,444.06,S0005,2025-01-09,13,451
2025-03-01,P000082,LOC011,308,475.43,S0005,2025-02-25,13,451
2025-03-31,P000082,LOC011,302,450.46,S0005,2025-03-04,13,451
2024-10-02,P000082,LOC012,61,475.32,S0005,2024-09-26,13,451
2024-11-01,P000082,LOC012,139,473.6,S0005,2024-10-19,13,451
2024-12-01,P000082,LOC012,157,446.19,S0005,2024-11-04,13,451
2024-12-31,P000082,LOC012,107,465.05,S0005,2024-12-24,13,451
2025-01-30,P000082,LOC012,84,443.7,S0005,2025-01-27,13,451
2025-03-01,P000082,LOC012,54,465.91,S0005,2025-02-23,13,451
2025-03-31,P000082,LOC012,12,439.49,S0005,2025-03-15,13,451
2024-10-02,P000082,LOC013,65,463.74,S0005,2024-09-30,13,451
2024-11-01,P000082,LOC013,115,451.32,S0005,2024-10-12,13,451
2024-12-01,P000082,LOC013,151,437.54,S0005,2024-11-14,13,451
2024-12-31,P000082,LOC013,145,434.57,S0005,2024-12-22,13,451
2025-01-30,P000082,LOC013,108,444.28,S0005,2025-01-18,13,451
2025-03-01,P000082,LOC013,196,459.65,S0005,2025-02-24,13,451
2025-03-31,P000082,LOC013,265,474.02,S0005,2025-03-29,13,451
2024-10-02,P000082,LOC014,77,441.61,S0005,2024-09-16,13,451
2024-11-01,P000082,LOC014,45,455.54,S0005,2024-10-22,13,451
2024-12-01,P000082,LOC014,65,465.59,S0005,2024-11-05,13,451
2024-12-31,P000082,LOC014,102,471.65,S0005,2024-12-09,13,451
2025-01-30,P000082,LOC014,156,447.47,S0005,2025-01-23,13,451
2025-03-01,P000082,LOC014,237,443.66,S0005,2025-02-26,13,451
2025-03-31,P000082,LOC014,238,469.55,S0005,2025-03-13,13,451
2024-10-02,P000082,LOC015,59,448.57,S0005,2024-09-21,13,451
2024-11-01,P000082,LOC015,155,449.15,S0005,2024-10-02,13,451
2024-12-01,P000082,LOC015,144,444.74,S0005,2024-11-11,13,451
2024-12-31,P000082,LOC015,153,456.06,S0005,2024-12-05,13,451
2025-01-30,P000082,LOC015,168,455.18,S0005,2025-01-06,13,451
2025-03-01,P000082,LOC015,217,443.63,S0005,2025-01-30,13,451
2025-03-31,P000082,LOC015,275,446.86,S0005,2025-03-08,13,451
2024-10-02,P000082,LOC016,0,463.62,S0005,2024-09-21,13,451
2024-11-01,P000082,LOC016,0,436.81,S0005,2024-10-28,13,451
2024-12-01,P000082,LOC016,40,446.7,S0005,2024-11-21,13,451
2024-12-31,P000082,LOC016,132,441.83,S0005,2024-12-17,13,451
2025-01-30,P000082,LOC016,94,466.37,S0005,2025-01-13,13,451
2025-03-01,P000082,LOC016,116,432.35,S0005,2025-01-31,13,451
2025-03-31,P000082,LOC016,171,437.5,S0005,2025-03-07,13,451
2024-10-02,P000082,LOC017,0,444.26,S0005,2024-09-06,13,451
2024-11-01,P000082,LOC017,76,463.62,S0005,2024-10-29,13,451
2024-12-01,P000082,LOC017,67,441.22,S0005,2024-11-18,13,451
2024-12-31,P000082,LOC017,155,437.05,S0005,2024-12-24,13,451
2025-01-30,P000082,LOC017,231,436.32,S0005,2025-01-21,13,451
2025-03-01,P000082,LOC017,281,434.22,S0005,2025-02-19,13,451
2025-03-31,P000082,LOC017,281,443.74,S0005,2025-03-24,13,451
2024-10-02,P000082,LOC018,36,435.37,S0005,2024-09-24,13,451
2024-11-01,P000082,LOC018,38,456.59,S0005,2024-10-05,13,451
2024-12-01,P000082,LOC018,22,443.25,S0005,2024-11-21,13,451
2024-12-31,P000082,LOC018,29,456.57,S0005,2024-12-07,13,451
2025-01-30,P000082,LOC018,0,449.97,S0005,2025-01-17,13,451
2025-03-01,P000082,LOC018,95,438.94,S0005,2025-02-15,13,451
2025-03-31,P000082,LOC018,63,463.63,S0005,2025-03-28,13,451
2024-10-02,P000082,LOC019,0,439.79,S0005,2024-09-12,13,451
2024-11-01,P000082,LOC019,46,440.34,S0005,2024-10-26,13,451
2024-12-01,P000082,LOC019,125,476.0,S0005,2024-11-27,13,451
2024-12-31,P000082,LOC019,146,438.68,S0005,2024-12-06,13,451
2025-01-30,P000082,LOC019,205,436.12,S0005,2025-01-13,13,451
2025-03-01,P000082,LOC019,232,472.93,S0005,2025-02-24,13,451
2025-03-31,P000082,LOC019,193,463.13,S0005,2025-03-13,13,451
2024-10-02,P000082,LOC020,0,471.1,S0005,2024-09-09,13,451
2024-11-01,P000082,LOC020,50,438.59,S0005,2024-10-27,13,451
2024-12-01,P000082,LOC020,102,455.31,S0005,2024-11-04,13,451
2024-12-31,P000082,LOC020,119,455.21,S0005,2024-12-19,13,451
2025-01-30,P000082,LOC020,200,441.37,S0005,2025-01-03,13,451
2025-03-01,P000082,LOC020,220,462.56,S0005,2025-02-20,13,451
2025-03-31,P000082,LOC020,176,473.54,S0005,2025-03-10,13,451
2024-10-02,P000083,LOC001,689,382.94,S0026,2024-09-27,41,557
2024-11-01,P000083,LOC001,784,388.41,S0026,2024-10-07,41,557
2024-12-01,P000083,LOC001,773,361.72,S0026,2024-11-02,41,557
2024-12-31,P000083,LOC001,745,383.7,S0026,2024-12-06,41,557
2025-01-30,P000083,LOC001,712,377.49,S0026,2025-01-22,41,557
2025-03-01,P000083,LOC001,684,389.43,S0026,2025-02-18,41,557
2025-03-31,P000083,LOC001,664,357.83,S0026,2025-03-14,41,557
2024-10-02,P000083,LOC002,715,380.81,S0026,2024-09-21,41,557
2024-11-01,P000083,LOC002,783,373.52,S0026,2024-10-19,41,557
2024-12-01,P000083,LOC002,800,370.12,S0026,2024-11-05,41,557
2024-12-31,P000083,LOC002,851,370.89,S0026,2024-12-27,41,557
2025-01-30,P000083,LOC002,862,392.67,S0026,2025-01-23,41,557
2025-03-01,P000083,LOC002,899,370.41,S0026,2025-02-28,41,557
2025-03-31,P000083,LOC002,856,369.0,S0026,2025-03-10,41,557
2024-10-02,P000083,LOC003,702,375.72,S0026,2024-09-14,41,557
2024-11-01,P000083,LOC003,749,357.76,S0026,2024-10-07,41,557
2024-12-01,P000083,LOC003,734,381.21,S0026,2024-11-29,41,557
2024-12-31,P000083,LOC003,702,381.28,S0026,2024-12-01,41,557
2025-01-30,P000083,LOC003,730,385.34,S0026,2025-01-05,41,557
2025-03-01,P000083,LOC003,782,391.9,S0026,2025-02-21,41,557
2025-03-31,P000083,LOC003,777,367.24,S0026,2025-03-03,41,557
2024-10-02,P000083,LOC004,597,393.82,S0026,2024-09-16,41,557
2024-11-01,P000083,LOC004,570,389.27,S0026,2024-10-23,41,557
2024-12-01,P000083,LOC004,658,391.87,S0026,2024-11-06,41,557
2024-12-31,P000083,LOC004,686,374.48,S0026,2024-12-27,41,557
2025-01-30,P000083,LOC004,759,390.91,S0026,2025-01-27,41,557
2025-03-01,P000083,LOC004,812,376.57,S0026,2025-02-09,41,557
2025-03-31,P000083,LOC004,860,384.69,S0026,2025-03-22,41,557
2024-10-02,P000083,LOC005,654,376.47,S0026,2024-09-28,41,557
2024-11-01,P000083,LOC005,617,387.78,S0026,2024-10-24,41,557
2024-12-01,P000083,LOC005,700,362.34,S0026,2024-11-01,41,557
2024-12-31,P000083,LOC005,663,361.1,S0026,2024-12-27,41,557
2025-01-30,P000083,LOC005,628,368.09,S0026,2025-01-27,41,557
2025-03-01,P000083,LOC005,588,371.24,S0026,2025-02-17,41,557
2025-03-31,P000083,LOC005,563,387.46,S0026,2025-03-13,41,557
2024-10-02,P000083,LOC006,673,382.64,S0026,2024-09-30,41,557
2024-11-01,P000083,LOC006,703,376.91,S0026,2024-10-14,41,557
2024-12-01,P000083,LOC006,764,384.91,S0026,2024-11-02,41,557
2024-12-31,P000083,LOC006,845,385.06,S0026,2024-12-04,41,557
2025-01-30,P000083,LOC006,834,372.47,S0026,2024-12-31,41,557
2025-03-01,P000083,LOC006,857,382.68,S0026,2025-02-11,41,557
2025-03-31,P000083,LOC006,895,371.37,S0026,2025-03-29,41,557
2024-10-02,P000083,LOC007,641,361.79,S0026,2024-09-03,41,557
2024-11-01,P000083,LOC007,715,375.87,S0026,2024-10-22,41,557
2024-12-01,P000083,LOC007,765,361.27,S0026,2024-11-19,41,557
2024-12-31,P000083,LOC007,749,377.05,S0026,2024-12-10,41,557
2025-01-30,P000083,LOC007,838,382.7,S0026,2025-01-27,41,557
2025-03-01,P000083,LOC007,788,368.58,S0026,2025-02-28,41,557
2025-03-31,P000083,LOC007,768,369.34,S0026,2025-03-26,41,557
2024-10-02,P000083,LOC008,641,367.69,S0026,2024-09-07,41,557
2024-11-01,P000083,LOC008,591,369.12,S0026,2024-10-26,41,557
2024-12-01,P000083,LOC008,574,381.93,S0026,2024-11-10,41,557
2024-12-31,P000083,LOC008,644,370.79,S0026,2024-12-23,41,557
2025-01-30,P000083,LOC008,741,376.35,S0026,2025-01-01,41,557
2025-03-01,P000083,LOC008,796,380.74,S0026,2025-02-07,41,557
2025-03-31,P000083,LOC008,873,394.85,S0026,2025-03-19,41,557
2024-10-02,P000083,LOC009,645,384.97,S0026,2024-09-06,41,557
2024-11-01,P000083,LOC009,683,385.95,S0026,2024-10-14,41,557
2024-12-01,P000083,LOC009,658,390.11,S0026,2024-11-30,41,557
2024-12-31,P000083,LOC009,666,384.35,S0026,2024-12-24,41,557
2025-01-30,P000083,LOC009,659,392.54,S0026,2024-12-31,41,557
2025-03-01,P000083,LOC009,746,369.06,S0026,2025-02-09,41,557
2025-03-31,P000083,LOC009,740,393.66,S0026,2025-03-22,41,557
2024-10-02,P000083,LOC010,696,388.84,S0026,2024-09-29,41,557
2024-11-01,P000083,LOC010,665,360.43,S0026,2024-10-23,41,557
2024-12-01,P000083,LOC010,625,384.68,S0026,2024-11-03,41,557
2024-12-31,P000083,LOC010,670,371.64,S0026,2024-12-26,41,557
2025-01-30,P000083,LOC010,647,373.82,S0026,2025-01-26,41,557
2025-03-01,P000083,LOC010,621,383.47,S0026,2025-02-19,41,557
2025-03-31,P000083,LOC010,605,388.66,S0026,2025-03-13,41,557
2024-10-02,P000083,LOC011,658,386.21,S0026,2024-09-10,41,557
2024-11-01,P000083,LOC011,666,380.03,S0026,2024-10-09,41,557
2024-12-01,P000083,LOC011,666,375.62,S0026,2024-11-30,41,557
2024-12-31,P000083,LOC011,708,359.36,S0026,2024-12-28,41,557
2025-01-30,P000083,LOC011,674,394.19,S0026,2025-01-29,41,557
2025-03-01,P000083,LOC011,763,393.29,S0026,2025-02-09,41,557
2025-03-31,P000083,LOC011,742,365.09,S0026,2025-03-17,41,557
2024-10-02,P000083,LOC012,713,374.5,S0026,2024-09-25,41,557
2024-11-01,P000083,LOC012,703,374.31,S0026,2024-10-26,41,557
2024-12-01,P000083,LOC012,760,388.07,S0026,2024-11-18,41,557
2024-12-31,P000083,LOC012,825,389.76,S0026,2024-12-08,41,557
2025-01-30,P000083,LOC012,900,360.22,S0026,2025-01-02,41,557
2025-03-01,P000083,LOC012,906,390.77,S0026,2025-02-02,41,557
2025-03-31,P000083,LOC012,943,375.85,S0026,2025-03-27,41,557
2024-10-02,P000083,LOC013,663,363.06,S0026,2024-09-09,41,557
2024-11-01,P000083,LOC013,738,365.36,S0026,2024-10-31,41,557
2024-12-01,P000083,LOC013,747,361.4,S0026,2024-11-05,41,557
2024-12-31,P000083,LOC013,708,360.2,S0026,2024-12-17,41,557
2025-01-30,P000083,LOC013,804,369.77,S0026,2025-01-16,41,557
2025-03-01,P000083,LOC013,770,377.65,S0026,2025-02-16,41,557
2025-03-31,P000083,LOC013,769,384.31,S0026,2025-03-06,41,557
2024-10-02,P000083,LOC014,722,383.5,S0026,2024-09-29,41,557
2024-11-01,P000083,LOC014,805,364.52,S0026,2024-10-25,41,557
2024-12-01,P000083,LOC014,905,392.59,S0026,2024-11-10,41,557
2024-12-31,P000083,LOC014,970,385.42,S0026,2024-12-09,41,557
2025-01-30,P000083,LOC014,928,373.01,S0026,2025-01-13,41,557
2025-03-01,P000083,LOC014,1001,374.0,S0026,2025-02-18,41,557
2025-03-31,P000083,LOC014,1051,386.51,S0026,2025-03-25,41,557
2024-10-02,P000083,LOC015,709,374.16,S0026,2024-09-17,41,557
2024-11-01,P000083,LOC015,694,385.92,S0026,2024-10-16,41,557
2024-12-01,P000083,LOC015,651,379.0,S0026,2024-11-11,41,557
2024-12-31,P000083,LOC015,748,390.28,S0026,2024-12-17,41,557
2025-01-30,P000083,LOC015,719,365.38,S0026,2025-01-20,41,557
2025-03-01,P000083,LOC015,714,393.72,S0026,2025-02-01,41,557
2025-03-31,P000083,LOC015,694,389.11,S0026,2025-03-28,41,557
2024-10-02,P000083,LOC016,599,370.6,S0026,2024-09-26,41,557
2024-11-01,P000083,LOC016,655,383.73,S0026,2024-10-23,41,557
2024-12-01,P000083,LOC016,674,391.63,S0026,2024-11-06,41,557
2024-12-31,P000083,LOC016,671,388.55,S0026,2024-12-02,41,557
2025-01-30,P000083,LOC016,693,382.83,S0026,2025-01-08,41,557
2025-03-01,P000083,LOC016,699,379.52,S0026,2025-02-25,41,557
2025-03-31,P000083,LOC016,662,366.23,S0026,2025-03-16,41,557
2024-10-02,P000083,LOC017,623,374.71,S0026,2024-09-07,41,557
2024-11-01,P000083,LOC017,653,380.96,S0026,2024-10-11,41,557
2024-12-01,P000083,LOC017,664,362.71,S0026,2024-11-10,41,557
2024-12-31,P000083,LOC017,699,380.67,S0026,2024-12-11,41,557
2025-01-30,P000083,LOC017,668,367.03,S0026,2025-01-19,41,557
2025-03-01,P000083,LOC017,666,360.56,S0026,2025-02-12,41,557
2025-03-31,P000083,LOC017,755,389.81,S0026,2025-03-30,41,557
2024-10-02,P000083,LOC018,701,384.29,S0026,2024-09-07,41,557
2024-11-01,P000083,LOC018,690,369.47,S0026,2024-10-26,41,557
2024-12-01,P000083,LOC018,645,370.45,S0026,2024-11-08,41,557
2024-12-31,P000083,LOC018,702,369.89,S0026,2024-12-20,41,557
2025-01-30,P000083,LOC018,730,385.96,S0026,2025-01-18,41,557
2025-03-01,P000083,LOC018,689,368.81,S0026,2025-02-24,41,557
2025-03-31,P000083,LOC018,765,390.24,S0026,2025-03-22,41,557
2024-10-02,P000083,LOC019,721,392.1,S0026,2024-09-06,41,557
2024-11-01,P000083,LOC019,817,366.35,S0026,2024-10-11,41,557
2024-12-01,P000083,LOC019,839,363.79,S0026,2024-11-25,41,557
2024-12-31,P000083,LOC019,856,380.27,S0026,2024-12-23,41,557
2025-01-30,P000083,LOC019,815,390.57,S0026,2025-01-02,41,557
2025-03-01,P000083,LOC019,907,360.54,S0026,2025-02-15,41,557
2025-03-31,P000083,LOC019,1001,372.07,S0026,2025-03-19,41,557
2024-10-02,P000083,LOC020,704,376.28,S0026,2024-09-18,41,557
2024-11-01,P000083,LOC020,760,359.47,S0026,2024-10-22,41,557
2024-12-01,P000083,LOC020,805,374.44,S0026,2024-11-21,41,557
2024-12-31,P000083,LOC020,773,357.51,S0026,2024-12-29,41,557
2025-01-30,P000083,LOC020,829,377.34,S0026,2025-01-26,41,557
2025-03-01,P000083,LOC020,831,358.3,S0026,2025-02-07,41,557
2025-03-31,P000083,LOC020,810,375.53,S0026,2025-03-22,41,557
2024-10-02,P000084,LOC001,906,142.05,S0006,2024-09-12,29,527
2024-11-01,P000084,LOC001,867,140.05,S0006,2024-10-11,29,527
2024-12-01,P000084,LOC001,960,139.63,S0006,2024-11-15,29,527
2024-12-31,P000084,LOC001,922,135.39,S0006,2024-12-30,29,527
2025-01-30,P000084,LOC001,892,146.4,S0006,2025-01-21,29,527
2025-03-01,P000084,LOC001,909,134.26,S0006,2025-02-25,29,527
2025-03-31,P000084,LOC001,964,143.73,S0006,2025-03-22,29,527
2024-10-02,P000084,LOC002,941,142.03,S0006,2024-09-22,29,527
2024-11-01,P000084,LOC002,961,141.63,S0006,2024-10-24,29,527
2024-12-01,P000084,LOC002,992,137.9,S0006,2024-11-29,29,527
2024-12-31,P000084,LOC002,1025,146.05,S0006,2024-12-05,29,527
2025-01-30,P000084,LOC002,1090,135.04,S0006,2025-01-23,29,527
2025-03-01,P000084,LOC002,1169,145.91,S0006,2025-02-21,29,527
2025-03-31,P000084,LOC002,1132,145.19,S0006,2025-03-17,29,527
2024-10-02,P000084,LOC003,936,142.54,S0006,2024-09-29,29,527
2024-11-01,P000084,LOC003,986,138.02,S0006,2024-10-19,29,527
2024-12-01,P000084,LOC003,1069,147.69,S0006,2024-11-13,29,527
2024-12-31,P000084,LOC003,1037,142.73,S0006,2024-12-11,29,527
2025-01-30,P000084,LOC003,1008,145.89,S0006,2025-01-27,29,527
2025-03-01,P000084,LOC003,1088,140.8,S0006,2025-02-13,29,527
2025-03-31,P000084,LOC003,1069,136.48,S0006,2025-03-28,29,527
2024-10-02,P000084,LOC004,822,146.06,S0006,2024-09-05,29,527
2024-11-01,P000084,LOC004,877,135.0,S0006,2024-10-13,29,527
2024-12-01,P000084,LOC004,910,147.18,S0006,2024-11-15,29,527
2024-12-31,P000084,LOC004,956,146.84,S0006,2024-12-27,29,527
2025-01-30,P000084,LOC004,960,147.85,S0006,2025-01-11,29,527
2025-03-01,P000084,LOC004,965,144.72,S0006,2025-02-14,29,527
2025-03-31,P000084,LOC004,964,141.61,S0006,2025-03-08,29,527
2024-10-02,P000084,LOC005,910,135.32,S0006,2024-09-25,29,527
2024-11-01,P000084,LOC005,906,142.54,S0006,2024-10-31,29,527
2024-12-01,P000084,LOC005,929,138.39,S0006,2024-11-06,29,527
2024-12-31,P000084,LOC005,924,141.95,S0006,2024-12-11,29,527
2025-01-30,P000084,LOC005,964,135.08,S0006,2025-01-23,29,527
2025-03-01,P000084,LOC005,978,140.39,S0006,2025-02-24,29,527
2025-03-31,P000084,LOC005,931,141.83,S0006,2025-03-30,29,527
2024-10-02,P000084,LOC006,883,148.02,S0006,2024-09-07,29,527
2024-11-01,P000084,LOC006,961,134.81,S0006,2024-10-30,29,527
2024-12-01,P000084,LOC006,1034,134.56,S0006,2024-11-13,29,527
2024-12-31,P000084,LOC006,988,142.94,S0006,2024-12-02,29,527
2025-01-30,P000084,LOC006,1005,140.35,S0006,2025-01-01,29,527
2025-03-01,P000084,LOC006,1096,144.57,S0006,2025-02-27,29,527
2025-03-31,P000084,LOC006,1047,134.3,S0006,2025-03-12,29,527
2024-10-02,P000084,LOC007,868,137.58,S0006,2024-09-07,29,527
2024-11-01,P000084,LOC007,929,139.08,S0006,2024-10-10,29,527
2024-12-01,P000084,LOC007,975,137.03,S0006,2024-11-03,29,527
2024-12-31,P000084,LOC007,1035,137.08,S0006,2024-12-25,29,527
2025-01-30,P000084,LOC007,1090,148.13,S0006,2025-01-05,29,527
2025-03-01,P000084,LOC007,1064,138.23,S0006,2025-02-20,29,527
2025-03-31,P000084,LOC007,1131,146.01,S0006,2025-03-06,29,527
2024-10-02,P000084,LOC008,952,147.61,S0006,2024-09-21,29,527
2024-11-01,P000084,LOC008,1028,139.72,S0006,2024-10-24,29,527
2024-12-01,P000084,LOC008,1102,134.67,S0006,2024-11-20,29,527
2024-12-31,P000084,LOC008,1136,145.69,S0006,2024-12-08,29,527
2025-01-30,P000084,LOC008,1196,139.98,S0006,2025-01-11,29,527
2025-03-01,P000084,LOC008,1198,142.64,S0006,2025-02-14,29,527
2025-03-31,P000084,LOC008,1173,139.86,S0006,2025-03-16,29,527
2024-10-02,P000084,LOC009,854,143.82,S0006,2024-09-11,29,527
2024-11-01,P000084,LOC009,830,138.82,S0006,2024-10-27,29,527
2024-12-01,P000084,LOC009,868,136.0,S0006,2024-11-03,29,527
2024-12-31,P000084,LOC009,857,144.7,S0006,2024-12-12,29,527
2025-01-30,P000084,LOC009,910,137.69,S0006,2025-01-11,29,527
2025-03-01,P000084,LOC009,940,137.33,S0006,2025-02-22,29,527
2025-03-31,P000084,LOC009,922,143.31,S0006,2025-03-21,29,527
2024-10-02,P000084,LOC010,930,140.15,S0006,2024-09-12,29,527
2024-11-01,P000084,LOC010,954,143.53,S0006,2024-10-17,29,527
2024-12-01,P000084,LOC010,1006,140.48,S0006,2024-11-02,29,527
2024-12-31,P000084,LOC010,1075,146.98,S0006,2024-12-24,29,527
2025-01-30,P000084,LOC010,1120,142.99,S0006,2025-01-27,29,527
2025-03-01,P000084,LOC010,1081,134.97,S0006,2025-02-25,29,527
2025-03-31,P000084,LOC010,1047,143.11,S0006,2025-03-19,29,527
2024-10-02,P000084,LOC011,943,136.92,S0006,2024-09-19,29,527
2024-11-01,P000084,LOC011,992,141.4,S0006,2024-10-30,29,527
2024-12-01,P000084,LOC011,969,144.3,S0006,2024-11-24,29,527
2024-12-31,P000084,LOC011,1044,147.77,S0006,2024-12-30,29,527
2025-01-30,P000084,LOC011,1089,137.57,S0006,2025-01-22,29,527
2025-03-01,P000084,LOC011,1134,135.43,S0006,2025-02-22,29,527
2025-03-31,P000084,LOC011,1107,143.27,S0006,2025-03-05,29,527
2024-10-02,P000084,LOC012,958,138.15,S0006,2024-09-28,29,527
2024-11-01,P000084,LOC012,979,135.33,S0006,2024-10-03,29,527
2024-12-01,P000084,LOC012,985,141.85,S0006,2024-11-25,29,527
2024-12-31,P000084,LOC012,985,140.06,S0006,2024-12-04,29,527
2025-01-30,P000084,LOC012,961,135.48,S0006,2025-01-06,29,527
2025-03-01,P000084,LOC012,970,135.23,S0006,2025-02-14,29,527
2025-03-31,P000084,LOC012,942,144.77,S0006,2025-03-17,29,527
2024-10-02,P000084,LOC013,898,143.8,S0006,2024-09-13,29,527
2024-11-01,P000084,LOC013,857,141.43,S0006,2024-10-13,29,527
2024-12-01,P000084,LOC013,957,139.45,S0006,2024-11-17,29,527
2024-12-31,P000084,LOC013,941,144.54,S0006,2024-12-08,29,527
2025-01-30,P000084,LOC013,969,140.78,S0006,2025-01-11,29,527
2025-03-01,P000084,LOC013,1045,146.53,S0006,2025-02-01,29,527
2025-03-31,P000084,LOC013,996,139.02,S0006,2025-03-29,29,527
2024-10-02,P000084,LOC014,888,135.19,S0006,2024-09-15,29,527
2024-11-01,P000084,LOC014,945,143.24,S0006,2024-10-10,29,527
2024-12-01,P000084,LOC014,1025,146.41,S0006,2024-11-06,29,527
2024-12-31,P000084,LOC014,1062,138.61,S0006,2024-12-06,29,527
2025-01-30,P000084,LOC014,1020,136.0,S0006,2025-01-01,29,527
2025-03-01,P000084,LOC014,1022,137.42,S0006,2025-01-31,29,527
2025-03-31,P000084,LOC014,1073,146.33,S0006,2025-03-10,29,527
2024-10-02,P000084,LOC015,952,141.91,S0006,2024-09-04,29,527
2024-11-01,P000084,LOC015,990,147.11,S0006,2024-10-23,29,527
2024-12-01,P000084,LOC015,994,145.16,S0006,2024-11-28,29,527
2024-12-31,P000084,LOC015,1064,147.93,S0006,2024-12-22,29,527
2025-01-30,P000084,LOC015,1145,145.69,S0006,2025-01-23,29,527
2025-03-01,P000084,LOC015,1237,136.5,S0006,2025-02-21,29,527
2025-03-31,P000084,LOC015,1201,144.24,S0006,2025-03-02,29,527
2024-10-02,P000084,LOC016,908,146.04,S0006,2024-09-16,29,527
2024-11-01,P000084,LOC016,893,146.62,S0006,2024-10-28,29,527
2024-12-01,P000084,LOC016,881,147.26,S0006,2024-11-15,29,527
2024-12-31,P000084,LOC016,914,137.29,S0006,2024-12-17,29,527
2025-01-30,P000084,LOC016,876,145.91,S0006,2025-01-23,29,527
2025-03-01,P000084,LOC016,901,145.79,S0006,2025-02-25,29,527
2025-03-31,P000084,LOC016,865,144.25,S0006,2025-03-12,29,527
2024-10-02,P000084,LOC017,942,143.8,S0006,2024-09-02,29,527
2024-11-01,P000084,LOC017,1041,141.71,S0006,2024-10-05,29,527
2024-12-01,P000084,LOC017,1118,137.53,S0006,2024-11-04,29,527
2024-12-31,P000084,LOC017,1154,141.61,S0006,2024-12-03,29,527
2025-01-30,P000084,LOC017,1182,142.16,S0006,2025-01-15,29,527
2025-03-01,P000084,LOC017,1179,135.83,S0006,2025-02-15,29,527
2025-03-31,P000084,LOC017,1242,146.09,S0006,2025-03-12,29,527
2024-10-02,P000084,LOC018,856,142.54,S0006,2024-10-01,29,527
2024-11-01,P000084,LOC018,912,147.97,S0006,2024-10-11,29,527
2024-12-01,P000084,LOC018,917,139.76,S0006,2024-11-02,29,527
2024-12-31,P000084,LOC018,950,146.97,S0006,2024-12-19,29,527
2025-01-30,P000084,LOC018,936,135.08,S0006,2025-01-14,29,527
2025-03-01,P000084,LOC018,969,139.18,S0006,2025-02-22,29,527
2025-03-31,P000084,LOC018,1050,141.06,S0006,2025-03-21,29,527
2024-10-02,P000084,LOC019,942,139.05,S0006,2024-09-21,29,527
2024-11-01,P000084,LOC019,892,140.41,S0006,2024-10-31,29,527
2024-12-01,P000084,LOC019,903,147.11,S0006,2024-11-02,29,527
2024-12-31,P000084,LOC019,928,143.48,S0006,2024-12-02,29,527
2025-01-30,P000084,LOC019,968,138.28,S0006,2025-01-04,29,527
2025-03-01,P000084,LOC019,1064,147.5,S0006,2025-02-21,29,527
2025-03-31,P000084,LOC019,1122,142.82,S0006,2025-03-30,29,527
2024-10-02,P000084,LOC020,932,143.55,S0006,2024-09-04,29,527
2024-11-01,P000084,LOC020,903,144.87,S0006,2024-10-15,29,527
2024-12-01,P000084,LOC020,981,138.98,S0006,2024-11-08,29,527
2024-12-31,P000084,LOC020,1000,136.83,S0006,2024-12-24,29,527
2025-01-30,P000084,LOC020,1045,144.63,S0006,2025-01-09,29,527
2025-03-01,P000084,LOC020,1063,145.54,S0006,2025-02-10,29,527
2025-03-31,P000084,LOC020,1139,138.64,S0006,2025-03-25,29,527
2024-10-02,P000085,LOC001,713,411.93,S0028,2024-09-06,30,445
2024-11-01,P000085,LOC001,684,390.99,S0028,2024-10-25,30,445
2024-12-01,P000085,LOC001,709,407.54,S0028,2024-11-01,30,445
2024-12-31,P000085,LOC001,706,395.41,S0028,2024-12-05,30,445
2025-01-30,P000085,LOC001,687,388.86,S0028,2025-01-15,30,445
2025-03-01,P000085,LOC001,721,398.94,S0028,2025-02-02,30,445
2025-03-31,P000085,LOC001,693,393.23,S0028,2025-03-23,30,445
2024-10-02,P000085,LOC002,669,414.76,S0028,2024-09-24,30,445
2024-11-01,P000085,LOC002,764,403.1,S0028,2024-10-31,30,445
2024-12-01,P000085,LOC002,721,420.81,S0028,2024-11-27,30,445
2024-12-31,P000085,LOC002,686,415.27,S0028,2024-12-06,30,445
2025-01-30,P000085,LOC002,679,425.07,S0028,2025-01-24,30,445
2025-03-01,P000085,LOC002,717,398.24,S0028,2025-02-24,30,445
2025-03-31,P000085,LOC002,710,420.44,S0028,2025-03-17,30,445
2024-10-02,P000085,LOC003,736,387.2,S0028,2024-09-10,30,445
2024-11-01,P000085,LOC003,734,409.69,S0028,2024-10-19,30,445
2024-12-01,P000085,LOC003,715,411.62,S0028,2024-11-11,30,445
2024-12-31,P000085,LOC003,695,401.49,S0028,2024-12-22,30,445
2025-01-30,P000085,LOC003,758,401.76,S0028,2025-01-18,30,445
2025-03-01,P000085,LOC003,854,424.56,S0028,2025-02-03,30,445
2025-03-31,P000085,LOC003,816,395.52,S0028,2025-03-21,30,445
2024-10-02,P000085,LOC004,768,415.88,S0028,2024-09-05,30,445
2024-11-01,P000085,LOC004,758,394.27,S0028,2024-10-19,30,445
2024-12-01,P000085,LOC004,772,405.81,S0028,2024-11-18,30,445
2024-12-31,P000085,LOC004,740,411.17,S0028,2024-12-30,30,445
2025-01-30,P000085,LOC004,703,387.11,S0028,2025-01-04,30,445
2025-03-01,P000085,LOC004,742,394.14,S0028,2025-02-15,30,445
2025-03-31,P000085,LOC004,718,401.69,S0028,2025-03-17,30,445
2024-10-02,P000085,LOC005,715,388.25,S0028,2024-09-14,30,445
2024-11-01,P000085,LOC005,765,405.34,S0028,2024-10-03,30,445
2024-12-01,P000085,LOC005,728,386.79,S0028,2024-11-01,30,445
2024-12-31,P000085,LOC005,727,426.9,S0028,2024-12-16,30,445
2025-01-30,P000085,LOC005,726,389.02,S0028,2025-01-08,30,445
2025-03-01,P000085,LOC005,754,401.3,S0028,2025-02-10,30,445
2025-03-31,P000085,LOC005,799,388.16,S0028,2025-03-24,30,445
2024-10-02,P000085,LOC006,734,425.67,S0028,2024-09-11,30,445
2024-11-01,P000085,LOC006,715,424.68,S0028,2024-10-08,30,445
2024-12-01,P000085,LOC006,667,394.83,S0028,2024-11-03,30,445
2024-12-31,P000085,LOC006,763,411.99,S0028,2024-12-28,30,445
2025-01-30,P000085,LOC006,832,408.68,S0028,2025-01-29,30,445
2025-03-01,P000085,LOC006,860,423.63,S0028,2025-02-18,30,445
2025-03-31,P000085,LOC006,917,405.94,S0028,2025-03-24,30,445
2024-10-02,P000085,LOC007,758,394.51,S0028,2024-09-16,30,445
2024-11-01,P000085,LOC007,727,393.13,S0028,2024-10-22,30,445
2024-12-01,P000085,LOC007,790,405.49,S0028,2024-11-20,30,445
2024-12-31,P000085,LOC007,761,417.78,S0028,2024-12-18,30,445
2025-01-30,P000085,LOC007,848,405.15,S0028,2025-01-01,30,445
2025-03-01,P000085,LOC007,808,413.01,S0028,2025-02-17,30,445
2025-03-31,P000085,LOC007,863,407.45,S0028,2025-03-21,30,445
2024-10-02,P000085,LOC008,640,392.76,S0028,2024-09-23,30,445
2024-11-01,P000085,LOC008,725,395.3,S0028,2024-10-09,30,445
2024-12-01,P000085,LOC008,750,405.77,S0028,2024-11-19,30,445
2024-12-31,P000085,LOC008,819,406.57,S0028,2024-12-07,30,445
2025-01-30,P000085,LOC008,805,427.18,S0028,2025-01-17,30,445
2025-03-01,P000085,LOC008,786,425.81,S0028,2025-02-17,30,445
2025-03-31,P000085,LOC008,846,419.57,S0028,2025-03-25,30,445
2024-10-02,P000085,LOC009,749,393.81,S0028,2024-09-02,30,445
2024-11-01,P000085,LOC009,705,392.1,S0028,2024-10-29,30,445
2024-12-01,P000085,LOC009,746,421.21,S0028,2024-11-05,30,445
2024-12-31,P000085,LOC009,737,414.92,S0028,2024-12-30,30,445
2025-01-30,P000085,LOC009,834,408.34,S0028,2024-12-31,30,445
2025-03-01,P000085,LOC009,809,410.58,S0028,2025-02-02,30,445
2025-03-31,P000085,LOC009,889,406.53,S0028,2025-03-14,30,445
2024-10-02,P000085,LOC010,659,388.32,S0028,2024-10-01,30,445
2024-11-01,P000085,LOC010,748,413.49,S0028,2024-10-27,30,445
2024-12-01,P000085,LOC010,794,388.57,S0028,2024-11-17,30,445
2024-12-31,P000085,LOC010,847,401.01,S0028,2024-12-05,30,445
2025-01-30,P000085,LOC010,865,407.34,S0028,2025-01-25,30,445
2025-03-01,P000085,LOC010,865,417.81,S0028,2025-02-23,30,445
2025-03-31,P000085,LOC010,894,425.3,S0028,2025-03-24,30,445
2024-10-02,P000085,LOC011,628,405.18,S0028,2024-09-18,30,445
2024-11-01,P000085,LOC011,643,422.96,S0028,2024-10-21,30,445
2024-12-01,P000085,LOC011,596,422.73,S0028,2024-11-16,30,445
2024-12-31,P000085,LOC011,569,398.58,S0028,2024-12-09,30,445
2025-01-30,P000085,LOC011,630,426.35,S0028,2025-01-07,30,445
2025-03-01,P000085,LOC011,724,422.08,S0028,2025-02-09,30,445
2025-03-31,P000085,LOC011,685,399.21,S0028,2025-03-19,30,445
2024-10-02,P000085,LOC012,761,396.34,S0028,2024-09-12,30,445
2024-11-01,P000085,LOC012,738,390.84,S0028,2024-10-22,30,445
2024-12-01,P000085,LOC012,801,394.64,S0028,2024-11-29,30,445
2024-12-31,P000085,LOC012,844,410.44,S0028,2024-12-01,30,445
2025-01-30,P000085,LOC012,808,405.61,S0028,2025-01-09,30,445
2025-03-01,P000085,LOC012,848,388.12,S0028,2025-02-21,30,445
2025-03-31,P000085,LOC012,844,407.03,S0028,2025-03-15,30,445
2024-10-02,P000085,LOC013,749,414.12,S0028,2024-09-09,30,445
2024-11-01,P000085,LOC013,772,394.96,S0028,2024-10-22,30,445
2024-12-01,P000085,LOC013,743,410.9,S0028,2024-11-09,30,445
2024-12-31,P000085,LOC013,753,425.45,S0028,2024-12-12,30,445
2025-01-30,P000085,LOC013,841,411.56,S0028,2025-01-02,30,445
2025-03-01,P000085,LOC013,818,419.47,S0028,2025-02-10,30,445
2025-03-31,P000085,LOC013,903,397.97,S0028,2025-03-29,30,445
2024-10-02,P000085,LOC014,662,421.27,S0028,2024-09-06,30,445
2024-11-01,P000085,LOC014,738,401.11,S0028,2024-10-24,30,445
2024-12-01,P000085,LOC014,762,387.75,S0028,2024-11-30,30,445
2024-12-31,P000085,LOC014,808,412.82,S0028,2024-12-10,30,445
2025-01-30,P000085,LOC014,886,420.49,S0028,2025-01-16,30,445
2025-03-01,P000085,LOC014,891,416.3,S0028,2025-02-06,30,445
2025-03-31,P000085,LOC014,889,426.33,S0028,2025-03-16,30,445
2024-10-02,P000085,LOC015,631,392.33,S0028,2024-09-10,30,445
2024-11-01,P000085,LOC015,655,410.74,S0028,2024-10-28,30,445
2024-12-01,P000085,LOC015,722,416.73,S0028,2024-11-22,30,445
2024-12-31,P000085,LOC015,733,412.97,S0028,2024-12-10,30,445
2025-01-30,P000085,LOC015,807,402.38,S0028,2025-01-19,30,445
2025-03-01,P000085,LOC015,820,406.95,S0028,2025-02-15,30,445
2025-03-31,P000085,LOC015,839,388.21,S0028,2025-03-10,30,445
2024-10-02,P000085,LOC016,661,388.31,S0028,2024-09-28,30,445
2024-11-01,P000085,LOC016,625,388.76,S0028,2024-10-14,30,445
2024-12-01,P000085,LOC016,642,390.6,S0028,2024-11-10,30,445
2024-12-31,P000085,LOC016,719,409.64,S0028,2024-12-10,30,445
2025-01-30,P000085,LOC016,673,424.69,S0028,2025-01-17,30,445
2025-03-01,P000085,LOC016,658,395.2,S0028,2025-02-20,30,445
2025-03-31,P000085,LOC016,677,414.98,S0028,2025-03-30,30,445
2024-10-02,P000085,LOC017,647,401.5,S0028,2024-09-20,30,445
2024-11-01,P000085,LOC017,623,411.16,S0028,2024-10-04,30,445
2024-12-01,P000085,LOC017,703,408.52,S0028,2024-11-20,30,445
2024-12-31,P000085,LOC017,742,393.15,S0028,2024-12-05,30,445
2025-01-30,P000085,LOC017,773,426.93,S0028,2025-01-29,30,445
2025-03-01,P000085,LOC017,730,419.17,S0028,2025-02-19,30,445
2025-03-31,P000085,LOC017,796,425.5,S0028,2025-03-25,30,445
2024-10-02,P000085,LOC018,647,420.53,S0028,2024-09-19,30,445
2024-11-01,P000085,LOC018,723,425.34,S0028,2024-10-04,30,445
2024-12-01,P000085,LOC018,801,424.56,S0028,2024-11-30,30,445
2024-12-31,P000085,LOC018,783,411.89,S0028,2024-12-17,30,445
2025-01-30,P000085,LOC018,795,391.84,S0028,2025-01-25,30,445
2025-03-01,P000085,LOC018,746,426.59,S0028,2025-02-14,30,445
2025-03-31,P000085,LOC018,784,418.04,S0028,2025-03-22,30,445
2024-10-02,P000085,LOC019,677,394.91,S0028,2024-09-13,30,445
2024-11-01,P000085,LOC019,660,397.13,S0028,2024-10-22,30,445
2024-12-01,P000085,LOC019,682,403.74,S0028,2024-11-21,30,445
2024-12-31,P000085,LOC019,658,423.01,S0028,2024-12-03,30,445
2025-01-30,P000085,LOC019,676,405.09,S0028,2025-01-23,30,445
2025-03-01,P000085,LOC019,738,393.19,S0028,2025-02-23,30,445
2025-03-31,P000085,LOC019,769,424.19,S0028,2025-03-12,30,445
2024-10-02,P000085,LOC020,751,398.34,S0028,2024-09-18,30,445
2024-11-01,P000085,LOC020,807,409.71,S0028,2024-10-06,30,445
2024-12-01,P000085,LOC020,883,421.85,S0028,2024-11-07,30,445
2024-12-31,P000085,LOC020,927,414.55,S0028,2024-12-16,30,445
2025-01-30,P000085,LOC020,1008,398.55,S0028,2025-01-16,30,445
2025-03-01,P000085,LOC020,1010,405.54,S0028,2025-02-27,30,445
2025-03-31,P000085,LOC020,972,411.58,S0028,2025-03-20,30,445
2024-10-02,P000086,LOC001,889,559.41,S0006,2024-09-11,19,327
2024-11-01,P000086,LOC001,877,565.07,S0006,2024-10-18,19,327
2024-12-01,P000086,LOC001,975,522.55,S0006,2024-11-14,19,327
2024-12-31,P000086,LOC001,1034,564.9,S0006,2024-12-23,19,327
2025-01-30,P000086,LOC001,1052,549.32,S0006,2025-01-19,19,327
2025-03-01,P000086,LOC001,1050,535.55,S0006,2025-02-09,19,327
2025-03-31,P000086,LOC001,1079,518.79,S0006,2025-03-02,19,327
2024-10-02,P000086,LOC002,969,528.64,S0006,2024-09-22,19,327
2024-11-01,P000086,LOC002,1040,558.89,S0006,2024-10-28,19,327
2024-12-01,P000086,LOC002,1076,549.38,S0006,2024-11-19,19,327
2024-12-31,P000086,LOC002,1111,535.19,S0006,2024-12-02,19,327
2025-01-30,P000086,LOC002,1210,532.75,S0006,2025-01-19,19,327
2025-03-01,P000086,LOC002,1249,531.02,S0006,2025-02-22,19,327
2025-03-31,P000086,LOC002,1206,536.82,S0006,2025-03-13,19,327
2024-10-02,P000086,LOC003,1003,558.52,S0006,2024-09-05,19,327
2024-11-01,P000086,LOC003,1062,533.16,S0006,2024-10-02,19,327
2024-12-01,P000086,LOC003,1091,551.23,S0006,2024-11-03,19,327
2024-12-31,P000086,LOC003,1112,528.41,S0006,2024-12-27,19,327
2025-01-30,P000086,LOC003,1179,564.85,S0006,2025-01-15,19,327
2025-03-01,P000086,LOC003,1144,516.56,S0006,2025-02-25,19,327
2025-03-31,P000086,LOC003,1098,545.44,S0006,2025-03-30,19,327
2024-10-02,P000086,LOC004,963,546.05,S0006,2024-09-10,19,327
2024-11-01,P000086,LOC004,975,540.51,S0006,2024-10-16,19,327
2024-12-01,P000086,LOC004,1020,529.22,S0006,2024-11-23,19,327
2024-12-31,P000086,LOC004,1068,522.34,S0006,2024-12-23,19,327
2025-01-30,P000086,LOC004,1157,554.99,S0006,2025-01-27,19,327
2025-03-01,P000086,LOC004,1171,551.42,S0006,2025-02-13,19,327
2025-03-31,P000086,LOC004,1213,565.16,S0006,2025-03-28,19,327
2024-10-02,P000086,LOC005,975,528.1,S0006,2024-09-06,19,327
2024-11-01,P000086,LOC005,1029,514.39,S0006,2024-10-26,19,327
2024-12-01,P000086,LOC005,1128,531.78,S0006,2024-11-09,19,327
2024-12-31,P000086,LOC005,1223,523.83,S0006,2024-12-06,19,327
2025-01-30,P000086,LOC005,1320,563.47,S0006,2025-01-28,19,327
2025-03-01,P000086,LOC005,1298,543.17,S0006,2025-02-12,19,327
2025-03-31,P000086,LOC005,1360,532.76,S0006,2025-03-26,19,327
2024-10-02,P000086,LOC006,976,519.96,S0006,2024-09-18,19,327
2024-11-01,P000086,LOC006,974,564.8,S0006,2024-10-18,19,327
2024-12-01,P000086,LOC006,1015,517.56,S0006,2024-11-24,19,327
2024-12-31,P000086,LOC006,1009,540.92,S0006,2024-12-10,19,327
2025-01-30,P000086,LOC006,976,544.45,S0006,2025-01-29,19,327
2025-03-01,P000086,LOC006,968,526.84,S0006,2025-02-02,19,327
2025-03-31,P000086,LOC006,1039,552.28,S0006,2025-03-07,19,327
2024-10-02,P000086,LOC007,870,543.9,S0006,2024-09-30,19,327
2024-11-01,P000086,LOC007,914,523.81,S0006,2024-10-31,19,327
2024-12-01,P000086,LOC007,974,535.39,S0006,2024-11-10,19,327
2024-12-31,P000086,LOC007,1034,520.72,S0006,2024-12-06,19,327
2025-01-30,P000086,LOC007,1084,544.84,S0006,2025-01-12,19,327
2025-03-01,P000086,LOC007,1138,512.49,S0006,2025-02-13,19,327
2025-03-31,P000086,LOC007,1126,536.28,S0006,2025-03-24,19,327
2024-10-02,P000086,LOC008,902,558.32,S0006,2024-09-21,19,327
2024-11-01,P000086,LOC008,878,538.73,S0006,2024-10-08,19,327
2024-12-01,P000086,LOC008,944,552.63,S0006,2024-11-25,19,327
2024-12-31,P000086,LOC008,915,562.87,S0006,2024-12-26,19,327
2025-01-30,P000086,LOC008,927,546.88,S0006,2025-01-10,19,327
2025-03-01,P000086,LOC008,879,536.25,S0006,2025-02-01,19,327
2025-03-31,P000086,LOC008,914,534.64,S0006,2025-03-30,19,327
2024-10-02,P000086,LOC009,874,557.49,S0006,2024-10-01,19,327
2024-11-01,P000086,LOC009,967,538.02,S0006,2024-10-03,19,327
2024-12-01,P000086,LOC009,918,516.01,S0006,2024-11-04,19,327
2024-12-31,P000086,LOC009,946,525.49,S0006,2024-12-03,19,327
2025-01-30,P000086,LOC009,932,525.28,S0006,2025-01-14,19,327
2025-03-01,P000086,LOC009,974,556.45,S0006,2025-02-16,19,327
2025-03-31,P000086,LOC009,1042,540.62,S0006,2025-03-02,19,327
2024-10-02,P000086,LOC010,887,539.12,S0006,2024-09-09,19,327
2024-11-01,P000086,LOC010,851,523.32,S0006,2024-10-11,19,327
2024-12-01,P000086,LOC010,886,543.8,S0006,2024-11-19,19,327
2024-12-31,P000086,LOC010,878,562.76,S0006,2024-12-25,19,327
2025-01-30,P000086,LOC010,965,554.95,S0006,2025-01-21,19,327
2025-03-01,P000086,LOC010,1055,551.63,S0006,2025-02-26,19,327
2025-03-31,P000086,LOC010,1044,560.97,S0006,2025-03-13,19,327
2024-10-02,P000086,LOC011,991,562.16,S0006,2024-10-01,19,327
2024-11-01,P000086,LOC011,949,512.97,S0006,2024-10-04,19,327
2024-12-01,P000086,LOC011,939,563.24,S0006,2024-11-30,19,327
2024-12-31,P000086,LOC011,997,556.75,S0006,2024-12-18,19,327
2025-01-30,P000086,LOC011,979,549.45,S0006,2025-01-09,19,327
2025-03-01,P000086,LOC011,1036,515.13,S0006,2025-02-07,19,327
2025-03-31,P000086,LOC011,1121,543.28,S0006,2025-03-11,19,327
2024-10-02,P000086,LOC012,907,542.38,S0006,2024-09-19,19,327
2024-11-01,P000086,LOC012,870,554.71,S0006,2024-10-09,19,327
2024-12-01,P000086,LOC012,856,550.97,S0006,2024-11-16,19,327
2024-12-31,P000086,LOC012,918,561.44,S0006,2024-12-23,19,327
2025-01-30,P000086,LOC012,943,524.32,S0006,2025-01-21,19,327
2025-03-01,P000086,LOC012,1027,523.77,S0006,2025-02-14,19,327
2025-03-31,P000086,LOC012,1070,538.17,S0006,2025-03-09,19,327
2024-10-02,P000086,LOC013,878,516.23,S0006,2024-09-22,19,327
2024-11-01,P000086,LOC013,964,525.46,S0006,2024-10-24,19,327
2024-12-01,P000086,LOC013,918,564.8,S0006,2024-11-09,19,327
2024-12-31,P000086,LOC013,976,528.71,S0006,2024-12-05,19,327
2025-01-30,P000086,LOC013,1011,530.64,S0006,2025-01-12,19,327
2025-03-01,P000086,LOC013,1099,520.41,S0006,2025-02-16,19,327
2025-03-31,P000086,LOC013,1167,521.54,S0006,2025-03-20,19,327
2024-10-02,P000086,LOC014,872,548.58,S0006,2024-09-09,19,327
2024-11-01,P000086,LOC014,836,550.74,S0006,2024-10-30,19,327
2024-12-01,P000086,LOC014,799,528.01,S0006,2024-11-21,19,327
2024-12-31,P000086,LOC014,775,533.3,S0006,2024-12-18,19,327
2025-01-30,P000086,LOC014,795,540.65,S0006,2025-01-29,19,327
2025-03-01,P000086,LOC014,750,534.1,S0006,2025-02-19,19,327
2025-03-31,P000086,LOC014,803,524.03,S0006,2025-03-30,19,327
2024-10-02,P000086,LOC015,866,563.7,S0006,2024-09-28,19,327
2024-11-01,P000086,LOC015,929,525.18,S0006,2024-10-13,19,327
2024-12-01,P000086,LOC015,1006,554.94,S0006,2024-11-04,19,327
2024-12-31,P000086,LOC015,961,541.94,S0006,2024-12-01,19,327
2025-01-30,P000086,LOC015,1039,537.24,S0006,2025-01-23,19,327
2025-03-01,P000086,LOC015,1014,528.78,S0006,2025-01-31,19,327
2025-03-31,P000086,LOC015,1002,513.34,S0006,2025-03-07,19,327
2024-10-02,P000086,LOC016,968,555.19,S0006,2024-09-12,19,327
2024-11-01,P000086,LOC016,976,547.64,S0006,2024-10-04,19,327
2024-12-01,P000086,LOC016,987,521.9,S0006,2024-11-03,19,327
2024-12-31,P000086,LOC016,946,563.69,S0006,2024-12-11,19,327
2025-01-30,P000086,LOC016,932,532.28,S0006,2025-01-19,19,327
2025-03-01,P000086,LOC016,996,516.8,S0006,2025-02-13,19,327
2025-03-31,P000086,LOC016,1006,544.72,S0006,2025-03-17,19,327
2024-10-02,P000086,LOC017,882,533.5,S0006,2024-09-03,19,327
2024-11-01,P000086,LOC017,961,554.29,S0006,2024-10-31,19,327
2024-12-01,P000086,LOC017,933,547.01,S0006,2024-11-12,19,327
2024-12-31,P000086,LOC017,966,554.66,S0006,2024-12-17,19,327
2025-01-30,P000086,LOC017,1003,525.41,S0006,2025-01-16,19,327
2025-03-01,P000086,LOC017,1042,550.04,S0006,2025-02-03,19,327
2025-03-31,P000086,LOC017,1090,516.77,S0006,2025-03-19,19,327
2024-10-02,P000086,LOC018,912,542.81,S0006,2024-09-05,19,327
2024-11-01,P000086,LOC018,925,535.87,S0006,2024-10-08,19,327
2024-12-01,P000086,LOC018,991,514.1,S0006,2024-11-18,19,327
2024-12-31,P000086,LOC018,1077,533.64,S0006,2024-12-07,19,327
2025-01-30,P000086,LOC018,1153,553.62,S0006,2025-01-14,19,327
2025-03-01,P000086,LOC018,1216,519.78,S0006,2025-02-27,19,327
2025-03-31,P000086,LOC018,1178,514.11,S0006,2025-03-20,19,327
2024-10-02,P000086,LOC019,976,524.85,S0006,2024-09-09,19,327
2024-11-01,P000086,LOC019,1020,528.94,S0006,2024-10-10,19,327
2024-12-01,P000086,LOC019,1042,522.26,S0006,2024-11-25,19,327
2024-12-31,P000086,LOC019,1006,526.31,S0006,2024-12-04,19,327
2025-01-30,P000086,LOC019,1026,550.25,S0006,2025-01-18,19,327
2025-03-01,P000086,LOC019,1086,513.86,S0006,2025-02-13,19,327
2025-03-31,P000086,LOC019,1069,544.59,S0006,2025-03-15,19,327
2024-10-02,P000086,LOC020,927,560.89,S0006,2024-09-10,19,327
2024-11-01,P000086,LOC020,947,557.93,S0006,2024-10-13,19,327
2024-12-01,P000086,LOC020,947,538.01,S0006,2024-11-25,19,327
2024-12-31,P000086,LOC020,920,533.21,S0006,2024-12-10,19,327
2025-01-30,P000086,LOC020,961,526.65,S0006,2025-01-14,19,327
2025-03-01,P000086,LOC020,988,564.78,S0006,2025-02-06,19,327
2025-03-31,P000086,LOC020,943,528.66,S0006,2025-03-23,19,327
2024-10-02,P000087,LOC001,548,8.85,S0021,2024-09-02,35,1106
2024-11-01,P000087,LOC001,636,8.42,S0021,2024-10-19,35,1106
2024-12-01,P000087,LOC001,607,8.34,S0021,2024-11-15,35,1106
2024-12-31,P000087,LOC001,560,8.77,S0021,2024-12-13,35,1106
2025-01-30,P000087,LOC001,649,8.55,S0021,2025-01-10,35,1106
2025-03-01,P000087,LOC001,673,8.54,S0021,2025-02-23,35,1106
2025-03-31,P000087,LOC001,698,9.09,S0021,2025-03-14,35,1106
2024-10-02,P000087,LOC002,560,8.62,S0021,2024-09-07,35,1106
2024-11-01,P000087,LOC002,561,8.34,S0021,2024-10-28,35,1106
2024-12-01,P000087,LOC002,640,8.94,S0021,2024-11-10,35,1106
2024-12-31,P000087,LOC002,646,8.62,S0021,2024-12-30,35,1106
2025-01-30,P000087,LOC002,669,8.48,S0021,2025-01-05,35,1106
2025-03-01,P000087,LOC002,673,8.34,S0021,2025-02-15,35,1106
2025-03-31,P000087,LOC002,711,8.61,S0021,2025-03-26,35,1106
2024-10-02,P000087,LOC003,508,8.45,S0021,2024-09-15,35,1106
2024-11-01,P000087,LOC003,557,8.9,S0021,2024-10-06,35,1106
2024-12-01,P000087,LOC003,589,8.54,S0021,2024-11-03,35,1106
2024-12-31,P000087,LOC003,661,8.49,S0021,2024-12-13,35,1106
2025-01-30,P000087,LOC003,749,8.96,S0021,2025-01-12,35,1106
2025-03-01,P000087,LOC003,764,8.28,S0021,2025-02-23,35,1106
2025-03-31,P000087,LOC003,759,8.41,S0021,2025-03-03,35,1106
2024-10-02,P000087,LOC004,545,8.29,S0021,2024-09-07,35,1106
2024-11-01,P000087,LOC004,552,8.88,S0021,2024-10-31,35,1106
2024-12-01,P000087,LOC004,619,8.84,S0021,2024-11-25,35,1106
2024-12-31,P000087,LOC004,663,8.53,S0021,2024-12-10,35,1106
2025-01-30,P000087,LOC004,662,8.91,S0021,2025-01-27,35,1106
2025-03-01,P000087,LOC004,699,8.47,S0021,2025-02-23,35,1106
2025-03-31,P000087,LOC004,797,8.24,S0021,2025-03-16,35,1106
2024-10-02,P000087,LOC005,611,8.64,S0021,2024-09-17,35,1106
2024-11-01,P000087,LOC005,591,8.32,S0021,2024-10-28,35,1106
2024-12-01,P000087,LOC005,559,8.52,S0021,2024-11-10,35,1106
2024-12-31,P000087,LOC005,655,8.68,S0021,2024-12-08,35,1106
2025-01-30,P000087,LOC005,669,8.56,S0021,2025-01-09,35,1106
2025-03-01,P000087,LOC005,643,8.59,S0021,2025-02-17,35,1106
2025-03-31,P000087,LOC005,708,8.95,S0021,2025-03-25,35,1106
2024-10-02,P000087,LOC006,578,8.64,S0021,2024-09-03,35,1106
2024-11-01,P000087,LOC006,580,8.27,S0021,2024-10-05,35,1106
2024-12-01,P000087,LOC006,649,9.03,S0021,2024-11-10,35,1106
2024-12-31,P000087,LOC006,738,8.25,S0021,2024-12-17,35,1106
2025-01-30,P000087,LOC006,746,8.96,S0021,2025-01-02,35,1106
2025-03-01,P000087,LOC006,845,8.98,S0021,2025-02-22,35,1106
2025-03-31,P000087,LOC006,812,9.02,S0021,2025-03-24,35,1106
2024-10-02,P000087,LOC007,537,8.54,S0021,2024-09-14,35,1106
2024-11-01,P000087,LOC007,627,8.55,S0021,2024-10-11,35,1106
2024-12-01,P000087,LOC007,577,8.93,S0021,2024-11-14,35,1106
2024-12-31,P000087,LOC007,621,8.4,S0021,2024-12-29,35,1106
2025-01-30,P000087,LOC007,609,8.53,S0021,2025-01-14,35,1106
2025-03-01,P000087,LOC007,580,8.87,S0021,2025-02-24,35,1106
2025-03-31,P000087,LOC007,546,8.66,S0021,2025-03-30,35,1106
2024-10-02,P000087,LOC008,610,8.24,S0021,2024-09-27,35,1106
2024-11-01,P000087,LOC008,696,8.37,S0021,2024-10-15,35,1106
2024-12-01,P000087,LOC008,757,8.42,S0021,2024-11-01,35,1106
2024-12-31,P000087,LOC008,747,8.57,S0021,2024-12-09,35,1106
2025-01-30,P000087,LOC008,739,8.69,S0021,2025-01-21,35,1106
2025-03-01,P000087,LOC008,707,8.78,S0021,2025-02-19,35,1106
2025-03-31,P000087,LOC008,690,8.3,S0021,2025-03-24,35,1106
2024-10-02,P000087,LOC009,506,8.68,S0021,2024-09-12,35,1106
2024-11-01,P000087,LOC009,561,8.64,S0021,2024-10-16,35,1106
2024-12-01,P000087,LOC009,511,8.44,S0021,2024-11-06,35,1106
2024-12-31,P000087,LOC009,572,8.94,S0021,2024-12-28,35,1106
2025-01-30,P000087,LOC009,564,8.38,S0021,2025-01-23,35,1106
2025-03-01,P000087,LOC009,544,8.25,S0021,2025-02-24,35,1106
2025-03-31,P000087,LOC009,518,8.38,S0021,2025-03-13,35,1106
2024-10-02,P000087,LOC010,554,8.45,S0021,2024-09-21,35,1106
2024-11-01,P000087,LOC010,549,8.59,S0021,2024-10-17,35,1106
2024-12-01,P000087,LOC010,580,8.79,S0021,2024-11-06,35,1106
2024-12-31,P000087,LOC010,667,8.37,S0021,2024-12-28,35,1106
2025-01-30,P000087,LOC010,642,8.99,S0021,2025-01-06,35,1106
2025-03-01,P000087,LOC010,742,8.7,S0021,2025-02-22,35,1106
2025-03-31,P000087,LOC010,793,8.38,S0021,2025-03-07,35,1106
2024-10-02,P000087,LOC011,518,9.06,S0021,2024-09-21,35,1106
2024-11-01,P000087,LOC011,553,8.66,S0021,2024-10-31,35,1106
2024-12-01,P000087,LOC011,538,9.01,S0021,2024-11-21,35,1106
2024-12-31,P000087,LOC011,549,8.51,S0021,2024-12-30,35,1106
2025-01-30,P000087,LOC011,517,9.05,S0021,2025-01-16,35,1106
2025-03-01,P000087,LOC011,492,8.86,S0021,2025-02-26,35,1106
2025-03-31,P000087,LOC011,494,8.42,S0021,2025-03-02,35,1106
2024-10-02,P000087,LOC012,505,8.29,S0021,2024-09-30,35,1106
2024-11-01,P000087,LOC012,583,8.92,S0021,2024-10-25,35,1106
2024-12-01,P000087,LOC012,535,8.29,S0021,2024-11-21,35,1106
2024-12-31,P000087,LOC012,565,8.96,S0021,2024-12-20,35,1106
2025-01-30,P000087,LOC012,581,8.27,S0021,2025-01-17,35,1106
2025-03-01,P000087,LOC012,618,8.78,S0021,2025-02-12,35,1106
2025-03-31,P000087,LOC012,594,8.24,S0021,2025-03-27,35,1106
2024-10-02,P000087,LOC013,591,8.86,S0021,2024-09-30,35,1106
2024-11-01,P000087,LOC013,551,8.63,S0021,2024-10-11,35,1106
2024-12-01,P000087,LOC013,545,8.44,S0021,2024-11-24,35,1106
2024-12-31,P000087,LOC013,617,8.44,S0021,2024-12-17,35,1106
2025-01-30,P000087,LOC013,646,8.9,S0021,2025-01-14,35,1106
2025-03-01,P000087,LOC013,596,8.25,S0021,2025-02-06,35,1106
2025-03-31,P000087,LOC013,591,9.1,S0021,2025-03-14,35,1106
2024-10-02,P000087,LOC014,504,9.0,S0021,2024-09-09,35,1106
2024-11-01,P000087,LOC014,587,8.9,S0021,2024-10-11,35,1106
2024-12-01,P000087,LOC014,667,9.04,S0021,2024-11-28,35,1106
2024-12-31,P000087,LOC014,688,8.79,S0021,2024-12-08,35,1106
2025-01-30,P000087,LOC014,718,8.26,S0021,2025-01-19,35,1106
2025-03-01,P000087,LOC014,752,8.68,S0021,2025-02-14,35,1106
2025-03-31,P000087,LOC014,764,9.06,S0021,2025-03-06,35,1106
2024-10-02,P000087,LOC015,519,9.05,S0021,2024-09-09,35,1106
2024-11-01,P000087,LOC015,523,8.5,S0021,2024-10-06,35,1106
2024-12-01,P000087,LOC015,606,8.77,S0021,2024-11-23,35,1106
2024-12-31,P000087,LOC015,670,8.9,S0021,2024-12-14,35,1106
2025-01-30,P000087,LOC015,754,8.9,S0021,2025-01-18,35,1106
2025-03-01,P000087,LOC015,818,9.07,S0021,2025-02-08,35,1106
2025-03-31,P000087,LOC015,883,8.53,S0021,2025-03-15,35,1106
2024-10-02,P000087,LOC016,505,8.66,S0021,2024-09-15,35,1106
2024-11-01,P000087,LOC016,595,8.85,S0021,2024-10-21,35,1106
2024-12-01,P000087,LOC016,603,9.01,S0021,2024-11-09,35,1106
2024-12-31,P000087,LOC016,584,8.72,S0021,2024-12-17,35,1106
2025-01-30,P000087,LOC016,615,8.35,S0021,2025-01-02,35,1106
2025-03-01,P000087,LOC016,713,8.57,S0021,2025-02-26,35,1106
2025-03-31,P000087,LOC016,728,8.88,S0021,2025-03-05,35,1106
2024-10-02,P000087,LOC017,514,8.65,S0021,2024-09-04,35,1106
2024-11-01,P000087,LOC017,614,8.29,S0021,2024-10-26,35,1106
2024-12-01,P000087,LOC017,650,8.33,S0021,2024-11-12,35,1106
2024-12-31,P000087,LOC017,679,8.67,S0021,2024-12-13,35,1106
2025-01-30,P000087,LOC017,665,8.96,S0021,2025-01-21,35,1106
2025-03-01,P000087,LOC017,730,8.52,S0021,2025-01-31,35,1106
2025-03-31,P000087,LOC017,707,8.98,S0021,2025-03-05,35,1106
2024-10-02,P000087,LOC018,604,8.61,S0021,2024-09-22,35,1106
2024-11-01,P000087,LOC018,595,8.6,S0021,2024-10-19,35,1106
2024-12-01,P000087,LOC018,631,8.69,S0021,2024-11-30,35,1106
2024-12-31,P000087,LOC018,695,9.03,S0021,2024-12-02,35,1106
2025-01-30,P000087,LOC018,758,8.83,S0021,2025-01-14,35,1106
2025-03-01,P000087,LOC018,763,8.32,S0021,2025-02-21,35,1106
2025-03-31,P000087,LOC018,862,8.47,S0021,2025-03-27,35,1106
2024-10-02,P000087,LOC019,493,8.28,S0021,2024-09-29,35,1106
2024-11-01,P000087,LOC019,547,9.09,S0021,2024-10-13,35,1106
2024-12-01,P000087,LOC019,581,9.05,S0021,2024-11-26,35,1106
2024-12-31,P000087,LOC019,664,9.09,S0021,2024-12-06,35,1106
2025-01-30,P000087,LOC019,696,9.09,S0021,2025-01-04,35,1106
2025-03-01,P000087,LOC019,795,8.78,S0021,2025-02-24,35,1106
2025-03-31,P000087,LOC019,771,8.62,S0021,2025-03-03,35,1106
2024-10-02,P000087,LOC020,601,8.42,S0021,2024-09-29,35,1106
2024-11-01,P000087,LOC020,589,8.59,S0021,2024-10-11,35,1106
2024-12-01,P000087,LOC020,567,9.02,S0021,2024-11-21,35,1106
2024-12-31,P000087,LOC020,625,8.79,S0021,2024-12-13,35,1106
2025-01-30,P000087,LOC020,698,8.28,S0021,2025-01-07,35,1106
2025-03-01,P000087,LOC020,691,9.09,S0021,2025-02-14,35,1106
2025-03-31,P000087,LOC020,728,8.85,S0021,2025-03-30,35,1106
2024-10-02,P000088,LOC001,891,458.17,S0003,2024-09-05,36,835
2024-11-01,P000088,LOC001,874,484.37,S0003,2024-10-05,36,835
2024-12-01,P000088,LOC001,832,461.25,S0003,2024-11-15,36,835
2024-12-31,P000088,LOC001,787,463.58,S0003,2024-12-13,36,835
2025-01-30,P000088,LOC001,855,480.98,S0003,2025-01-15,36,835
2025-03-01,P000088,LOC001,932,484.41,S0003,2025-01-31,36,835
2025-03-31,P000088,LOC001,930,493.56,S0003,2025-03-13,36,835
2024-10-02,P000088,LOC002,862,452.51,S0003,2024-09-09,36,835
2024-11-01,P000088,LOC002,918,475.47,S0003,2024-10-14,36,835
2024-12-01,P000088,LOC002,1013,493.94,S0003,2024-11-19,36,835
2024-12-31,P000088,LOC002,1012,464.86,S0003,2024-12-07,36,835
2025-01-30,P000088,LOC002,993,484.0,S0003,2025-01-02,36,835
2025-03-01,P000088,LOC002,986,478.43,S0003,2025-02-17,36,835
2025-03-31,P000088,LOC002,944,490.0,S0003,2025-03-04,36,835
2024-10-02,P000088,LOC003,894,477.21,S0003,2024-09-17,36,835
2024-11-01,P000088,LOC003,931,496.04,S0003,2024-10-31,36,835
2024-12-01,P000088,LOC003,1005,483.41,S0003,2024-11-10,36,835
2024-12-31,P000088,LOC003,1000,466.57,S0003,2024-12-09,36,835
2025-01-30,P000088,LOC003,1003,482.81,S0003,2025-01-24,36,835
2025-03-01,P000088,LOC003,1089,464.64,S0003,2025-02-11,36,835
2025-03-31,P000088,LOC003,1049,470.86,S0003,2025-03-14,36,835
2024-10-02,P000088,LOC004,826,462.1,S0003,2024-09-18,36,835
2024-11-01,P000088,LOC004,829,497.45,S0003,2024-10-15,36,835
2024-12-01,P000088,LOC004,829,457.93,S0003,2024-11-13,36,835
2024-12-31,P000088,LOC004,844,470.9,S0003,2024-12-12,36,835
2025-01-30,P000088,LOC004,804,453.45,S0003,2025-01-24,36,835
2025-03-01,P000088,LOC004,874,481.01,S0003,2025-02-28,36,835
2025-03-31,P000088,LOC004,940,454.36,S0003,2025-03-19,36,835
2024-10-02,P000088,LOC005,911,468.9,S0003,2024-09-12,36,835
2024-11-01,P000088,LOC005,865,471.57,S0003,2024-10-03,36,835
2024-12-01,P000088,LOC005,937,490.12,S0003,2024-11-15,36,835
2024-12-31,P000088,LOC005,964,479.02,S0003,2024-12-22,36,835
2025-01-30,P000088,LOC005,943,459.91,S0003,2025-01-15,36,835
2025-03-01,P000088,LOC005,980,489.71,S0003,2025-02-26,36,835
2025-03-31,P000088,LOC005,1028,480.33,S0003,2025-03-06,36,835
2024-10-02,P000088,LOC006,885,460.62,S0003,2024-09-27,36,835
2024-11-01,P000088,LOC006,913,455.82,S0003,2024-10-31,36,835
2024-12-01,P000088,LOC006,955,467.1,S0003,2024-11-12,36,835
2024-12-31,P000088,LOC006,972,461.97,S0003,2024-12-09,36,835
2025-01-30,P000088,LOC006,1065,490.64,S0003,2025-01-05,36,835
2025-03-01,P000088,LOC006,1142,453.05,S0003,2025-02-20,36,835
2025-03-31,P000088,LOC006,1150,470.54,S0003,2025-03-26,36,835
2024-10-02,P000088,LOC007,902,476.91,S0003,2024-09-18,36,835
2024-11-01,P000088,LOC007,904,495.91,S0003,2024-10-13,36,835
2024-12-01,P000088,LOC007,992,464.51,S0003,2024-11-01,36,835
2024-12-31,P000088,LOC007,1047,465.19,S0003,2024-12-21,36,835
2025-01-30,P000088,LOC007,1106,476.8,S0003,2025-01-08,36,835
2025-03-01,P000088,LOC007,1067,453.18,S0003,2025-02-04,36,835
2025-03-31,P000088,LOC007,1064,484.47,S0003,2025-03-26,36,835
2024-10-02,P000088,LOC008,918,453.54,S0003,2024-09-07,36,835
2024-11-01,P000088,LOC008,922,485.77,S0003,2024-10-29,36,835
2024-12-01,P000088,LOC008,951,461.53,S0003,2024-11-01,36,835
2024-12-31,P000088,LOC008,1043,473.41,S0003,2024-12-24,36,835
2025-01-30,P000088,LOC008,1069,452.41,S0003,2025-01-22,36,835
2025-03-01,P000088,LOC008,1125,492.07,S0003,2025-02-23,36,835
2025-03-31,P000088,LOC008,1209,472.49,S0003,2025-03-17,36,835
2024-10-02,P000088,LOC009,958,486.29,S0003,2024-09-11,36,835
2024-11-01,P000088,LOC009,928,479.2,S0003,2024-10-25,36,835
2024-12-01,P000088,LOC009,946,480.13,S0003,2024-11-17,36,835
2024-12-31,P000088,LOC009,956,490.61,S0003,2024-12-29,36,835
2025-01-30,P000088,LOC009,1033,476.39,S0003,2025-01-18,36,835
2025-03-01,P000088,LOC009,1071,451.53,S0003,2025-02-05,36,835
2025-03-31,P000088,LOC009,1120,490.12,S0003,2025-03-10,36,835
2024-10-02,P000088,LOC010,834,484.09,S0003,2024-09-07,36,835
2024-11-01,P000088,LOC010,809,461.83,S0003,2024-10-04,36,835
2024-12-01,P000088,LOC010,764,465.22,S0003,2024-11-22,36,835
2024-12-31,P000088,LOC010,737,479.26,S0003,2024-12-04,36,835
2025-01-30,P000088,LOC010,809,458.27,S0003,2024-12-31,36,835
2025-03-01,P000088,LOC010,908,473.9,S0003,2025-01-31,36,835
2025-03-31,P000088,LOC010,909,481.61,S0003,2025-03-12,36,835
2024-10-02,P000088,LOC011,863,492.6,S0003,2024-09-25,36,835
2024-11-01,P000088,LOC011,938,492.92,S0003,2024-10-12,36,835
2024-12-01,P000088,LOC011,991,464.34,S0003,2024-11-23,36,835
2024-12-31,P000088,LOC011,946,480.59,S0003,2024-12-15,36,835
2025-01-30,P000088,LOC011,905,451.04,S0003,2025-01-09,36,835
2025-03-01,P000088,LOC011,915,483.06,S0003,2025-01-30,36,835
2025-03-31,P000088,LOC011,945,481.54,S0003,2025-03-05,36,835
2024-10-02,P000088,LOC012,929,470.14,S0003,2024-09-20,36,835
2024-11-01,P000088,LOC012,985,454.41,S0003,2024-10-08,36,835
2024-12-01,P000088,LOC012,1051,461.1,S0003,2024-11-07,36,835
2024-12-31,P000088,LOC012,1077,454.08,S0003,2024-12-01,36,835
2025-01-30,P000088,LOC012,1038,476.98,S0003,2025-01-05,36,835
2025-03-01,P000088,LOC012,1011,472.42,S0003,2025-02-17,36,835
2025-03-31,P000088,LOC012,1077,460.92,S0003,2025-03-20,36,835
2024-10-02,P000088,LOC013,928,494.44,S0003,2024-09-23,36,835
2024-11-01,P000088,LOC013,973,462.43,S0003,2024-10-23,36,835
2024-12-01,P000088,LOC013,1012,452.86,S0003,2024-11-01,36,835
2024-12-31,P000088,LOC013,1093,492.41,S0003,2024-12-30,36,835
2025-01-30,P000088,LOC013,1188,457.97,S0003,2025-01-14,36,835
2025-03-01,P000088,LOC013,1222,454.16,S0003,2025-02-12,36,835
2025-03-31,P000088,LOC013,1184,467.95,S0003,2025-03-28,36,835
2024-10-02,P000088,LOC014,899,456.36,S0003,2024-09-12,36,835
2024-11-01,P000088,LOC014,960,477.91,S0003,2024-10-27,36,835
2024-12-01,P000088,LOC014,1000,480.44,S0003,2024-11-26,36,835
2024-12-31,P000088,LOC014,952,495.49,S0003,2024-12-05,36,835
2025-01-30,P000088,LOC014,955,476.34,S0003,2025-01-05,36,835
2025-03-01,P000088,LOC014,1015,472.2,S0003,2025-02-09,36,835
2025-03-31,P000088,LOC014,985,473.75,S0003,2025-03-11,36,835
2024-10-02,P000088,LOC015,914,461.67,S0003,2024-09-26,36,835
2024-11-01,P000088,LOC015,967,467.06,S0003,2024-10-14,36,835
2024-12-01,P000088,LOC015,939,494.19,S0003,2024-11-20,36,835
2024-12-31,P000088,LOC015,921,462.61,S0003,2024-12-13,36,835
2025-01-30,P000088,LOC015,984,461.09,S0003,2025-01-22,36,835
2025-03-01,P000088,LOC015,1031,488.5,S0003,2025-01-30,36,835
2025-03-31,P000088,LOC015,1118,493.66,S0003,2025-03-01,36,835
2024-10-02,P000088,LOC016,971,469.17,S0003,2024-09-04,36,835
2024-11-01,P000088,LOC016,972,461.4,S0003,2024-10-04,36,835
2024-12-01,P000088,LOC016,977,454.67,S0003,2024-11-17,36,835
2024-12-31,P000088,LOC016,1072,462.56,S0003,2024-12-13,36,835
2025-01-30,P000088,LOC016,1084,457.78,S0003,2025-01-18,36,835
2025-03-01,P000088,LOC016,1166,459.92,S0003,2025-02-14,36,835
2025-03-31,P000088,LOC016,1163,466.51,S0003,2025-03-08,36,835
2024-10-02,P000088,LOC017,955,465.97,S0003,2024-10-01,36,835
2024-11-01,P000088,LOC017,929,496.9,S0003,2024-10-23,36,835
2024-12-01,P000088,LOC017,971,478.2,S0003,2024-11-30,36,835
2024-12-31,P000088,LOC017,932,460.63,S0003,2024-12-25,36,835
2025-01-30,P000088,LOC017,893,467.86,S0003,2025-01-11,36,835
2025-03-01,P000088,LOC017,951,487.23,S0003,2025-02-05,36,835
2025-03-31,P000088,LOC017,1038,483.45,S0003,2025-03-02,36,835
2024-10-02,P000088,LOC018,911,461.14,S0003,2024-09-29,36,835
2024-11-01,P000088,LOC018,880,471.63,S0003,2024-10-11,36,835
2024-12-01,P000088,LOC018,948,474.98,S0003,2024-11-12,36,835
2024-12-31,P000088,LOC018,990,470.52,S0003,2024-12-21,36,835
2025-01-30,P000088,LOC018,968,456.08,S0003,2025-01-23,36,835
2025-03-01,P000088,LOC018,1068,468.91,S0003,2025-01-31,36,835
2025-03-31,P000088,LOC018,1042,476.51,S0003,2025-03-19,36,835
2024-10-02,P000088,LOC019,960,483.99,S0003,2024-09-28,36,835
2024-11-01,P000088,LOC019,934,487.11,S0003,2024-10-25,36,835
2024-12-01,P000088,LOC019,999,479.64,S0003,2024-11-24,36,835
2024-12-31,P000088,LOC019,968,485.97,S0003,2024-12-05,36,835
2025-01-30,P000088,LOC019,939,488.77,S0003,2025-01-12,36,835
2025-03-01,P000088,LOC019,926,478.52,S0003,2025-02-04,36,835
2025-03-31,P000088,LOC019,997,468.63,S0003,2025-03-15,36,835
2024-10-02,P000088,LOC020,871,455.51,S0003,2024-09-23,36,835
2024-11-01,P000088,LOC020,883,470.03,S0003,2024-10-21,36,835
2024-12-01,P000088,LOC020,922,492.25,S0003,2024-11-10,36,835
2024-12-31,P000088,LOC020,989,486.89,S0003,2024-12-30,36,835
2025-01-30,P000088,LOC020,943,454.59,S0003,2025-01-17,36,835
2025-03-01,P000088,LOC020,917,465.43,S0003,2025-02-03,36,835
2025-03-31,P000088,LOC020,1005,455.16,S0003,2025-03-28,36,835
2024-10-02,P000089,LOC001,636,252.45,S0006,2024-09-07,11,409
2024-11-01,P000089,LOC001,718,250.75,S0006,2024-10-17,11,409
2024-12-01,P000089,LOC001,739,234.79,S0006,2024-11-03,11,409
2024-12-31,P000089,LOC001,717,232.17,S0006,2024-12-01,11,409
2025-01-30,P000089,LOC001,774,255.82,S0006,2024-12-31,11,409
2025-03-01,P000089,LOC001,858,251.88,S0006,2025-02-19,11,409
2025-03-31,P000089,LOC001,841,252.94,S0006,2025-03-07,11,409
2024-10-02,P000089,LOC002,657,241.74,S0006,2024-09-18,11,409
2024-11-01,P000089,LOC002,714,253.12,S0006,2024-10-27,11,409
2024-12-01,P000089,LOC002,689,249.01,S0006,2024-11-20,11,409
2024-12-31,P000089,LOC002,722,237.56,S0006,2024-12-22,11,409
2025-01-30,P000089,LOC002,687,245.06,S0006,2025-01-15,11,409
2025-03-01,P000089,LOC002,750,254.2,S0006,2025-02-06,11,409
2025-03-31,P000089,LOC002,734,236.91,S0006,2025-03-24,11,409
2024-10-02,P000089,LOC003,664,250.94,S0006,2024-09-04,11,409
2024-11-01,P000089,LOC003,628,237.64,S0006,2024-10-02,11,409
2024-12-01,P000089,LOC003,611,252.75,S0006,2024-11-18,11,409
2024-12-31,P000089,LOC003,628,243.57,S0006,2024-12-10,11,409
2025-01-30,P000089,LOC003,647,252.21,S0006,2025-01-21,11,409
2025-03-01,P000089,LOC003,744,242.75,S0006,2025-02-07,11,409
2025-03-31,P000089,LOC003,755,243.03,S0006,2025-03-23,11,409
2024-10-02,P000089,LOC004,600,242.41,S0006,2024-09-23,11,409
2024-11-01,P000089,LOC004,574,234.08,S0006,2024-10-14,11,409
2024-12-01,P000089,LOC004,585,249.51,S0006,2024-11-13,11,409
2024-12-31,P000089,LOC004,544,246.29,S0006,2024-12-19,11,409
2025-01-30,P000089,LOC004,644,235.49,S0006,2024-12-31,11,409
2025-03-01,P000089,LOC004,697,233.14,S0006,2025-02-15,11,409
2025-03-31,P000089,LOC004,752,235.57,S0006,2025-03-11,11,409
2024-10-02,P000089,LOC005,624,243.31,S0006,2024-09-22,11,409
2024-11-01,P000089,LOC005,708,233.49,S0006,2024-10-30,11,409
2024-12-01,P000089,LOC005,800,251.13,S0006,2024-11-19,11,409
2024-12-31,P000089,LOC005,837,242.68,S0006,2024-12-09,11,409
2025-01-30,P000089,LOC005,870,254.95,S0006,2025-01-13,11,409
2025-03-01,P000089,LOC005,859,240.94,S0006,2025-02-02,11,409
2025-03-31,P000089,LOC005,811,244.13,S0006,2025-03-25,11,409
2024-10-02,P000089,LOC006,612,251.44,S0006,2024-09-02,11,409
2024-11-01,P000089,LOC006,602,235.89,S0006,2024-10-05,11,409
2024-12-01,P000089,LOC006,568,241.89,S0006,2024-11-12,11,409
2024-12-31,P000089,LOC006,560,253.48,S0006,2024-12-01,11,409
2025-01-30,P000089,LOC006,536,237.4,S0006,2025-01-16,11,409
2025-03-01,P000089,LOC006,528,244.47,S0006,2025-02-24,11,409
2025-03-31,P000089,LOC006,521,242.5,S0006,2025-03-06,11,409
2024-10-02,P000089,LOC007,562,233.64,S0006,2024-09-30,11,409
2024-11-01,P000089,LOC007,611,239.88,S0006,2024-10-14,11,409
2024-12-01,P000089,LOC007,601,237.82,S0006,2024-11-30,11,409
2024-12-31,P000089,LOC007,571,249.73,S0006,2024-12-26,11,409
2025-01-30,P000089,LOC007,530,253.49,S0006,2025-01-01,11,409
2025-03-01,P000089,LOC007,547,232.02,S0006,2025-02-20,11,409
2025-03-31,P000089,LOC007,587,239.03,S0006,2025-03-20,11,409
2024-10-02,P000089,LOC008,621,256.11,S0006,2024-09-10,11,409
2024-11-01,P000089,LOC008,716,251.79,S0006,2024-10-04,11,409
2024-12-01,P000089,LOC008,793,248.53,S0006,2024-11-11,11,409
2024-12-31,P000089,LOC008,865,250.64,S0006,2024-12-04,11,409
2025-01-30,P000089,LOC008,883,236.63,S0006,2025-01-09,11,409
2025-03-01,P000089,LOC008,952,241.18,S0006,2025-02-10,11,409
2025-03-31,P000089,LOC008,936,241.38,S0006,2025-03-21,11,409
2024-10-02,P000089,LOC009,556,241.31,S0006,2024-09-15,11,409
2024-11-01,P000089,LOC009,508,240.23,S0006,2024-10-27,11,409
2024-12-01,P000089,LOC009,492,247.26,S0006,2024-11-02,11,409
2024-12-31,P000089,LOC009,452,239.17,S0006,2024-12-04,11,409
2025-01-30,P000089,LOC009,429,235.35,S0006,2025-01-21,11,409
2025-03-01,P000089,LOC009,392,239.97,S0006,2025-02-01,11,409
2025-03-31,P000089,LOC009,420,238.06,S0006,2025-03-21,11,409
2024-10-02,P000089,LOC010,554,242.2,S0006,2024-09-29,11,409
2024-11-01,P000089,LOC010,530,242.23,S0006,2024-10-15,11,409
2024-12-01,P000089,LOC010,597,242.11,S0006,2024-11-15,11,409
2024-12-31,P000089,LOC010,553,232.16,S0006,2024-12-10,11,409
2025-01-30,P000089,LOC010,623,241.34,S0006,2025-01-24,11,409
2025-03-01,P000089,LOC010,646,246.66,S0006,2025-02-05,11,409
2025-03-31,P000089,LOC010,722,234.68,S0006,2025-03-08,11,409
2024-10-02,P000089,LOC011,682,240.87,S0006,2024-09-06,11,409
2024-11-01,P000089,LOC011,632,247.8,S0006,2024-10-24,11,409
2024-12-01,P000089,LOC011,655,247.52,S0006,2024-11-13,11,409
2024-12-31,P000089,LOC011,715,250.42,S0006,2024-12-19,11,409
2025-01-30,P000089,LOC011,763,246.98,S0006,2025-01-03,11,409
2025-03-01,P000089,LOC011,774,253.67,S0006,2025-02-12,11,409
2025-03-31,P000089,LOC011,831,254.65,S0006,2025-03-17,11,409
2024-10-02,P000089,LOC012,662,246.12,S0006,2024-09-29,11,409
2024-11-01,P000089,LOC012,731,246.28,S0006,2024-10-03,11,409
2024-12-01,P000089,LOC012,795,234.07,S0006,2024-11-05,11,409
2024-12-31,P000089,LOC012,873,242.65,S0006,2024-12-08,11,409
2025-01-30,P000089,LOC012,847,252.31,S0006,2025-01-07,11,409
2025-03-01,P000089,LOC012,858,255.88,S0006,2025-02-20,11,409
2025-03-31,P000089,LOC012,864,246.93,S0006,2025-03-01,11,409
2024-10-02,P000089,LOC013,588,232.8,S0006,2024-09-07,11,409
2024-11-01,P000089,LOC013,604,250.97,S0006,2024-10-10,11,409
2024-12-01,P000089,LOC013,673,249.74,S0006,2024-11-22,11,409
2024-12-31,P000089,LOC013,695,248.32,S0006,2024-12-06,11,409
2025-01-30,P000089,LOC013,780,243.12,S0006,2025-01-11,11,409
2025-03-01,P000089,LOC013,848,235.23,S0006,2025-02-06,11,409
2025-03-31,P000089,LOC013,826,235.61,S0006,2025-03-21,11,409
2024-10-02,P000089,LOC014,671,243.58,S0006,2024-09-27,11,409
2024-11-01,P000089,LOC014,718,233.06,S0006,2024-10-23,11,409
2024-12-01,P000089,LOC014,706,236.17,S0006,2024-11-27,11,409
2024-12-31,P000089,LOC014,806,244.97,S0006,2024-12-29,11,409
2025-01-30,P000089,LOC014,820,240.65,S0006,2025-01-06,11,409
2025-03-01,P000089,LOC014,818,239.39,S0006,2025-02-21,11,409
2025-03-31,P000089,LOC014,788,242.08,S0006,2025-03-02,11,409
2024-10-02,P000089,LOC015,592,237.96,S0006,2024-09-09,11,409
2024-11-01,P000089,LOC015,606,253.33,S0006,2024-10-03,11,409
2024-12-01,P000089,LOC015,585,238.92,S0006,2024-11-18,11,409
2024-12-31,P000089,LOC015,659,246.41,S0006,2024-12-01,11,409
2025-01-30,P000089,LOC015,637,249.77,S0006,2025-01-02,11,409
2025-03-01,P000089,LOC015,631,241.21,S0006,2025-02-01,11,409
2025-03-31,P000089,LOC015,613,232.63,S0006,2025-03-23,11,409
2024-10-02,P000089,LOC016,567,245.78,S0006,2024-09-14,11,409
2024-11-01,P000089,LOC016,663,232.56,S0006,2024-10-17,11,409
2024-12-01,P000089,LOC016,646,241.84,S0006,2024-11-07,11,409
2024-12-31,P000089,LOC016,681,244.6,S0006,2024-12-23,11,409
2025-01-30,P000089,LOC016,655,245.68,S0006,2025-01-08,11,409
2025-03-01,P000089,LOC016,693,247.1,S0006,2025-02-14,11,409
2025-03-31,P000089,LOC016,646,245.09,S0006,2025-03-29,11,409
2024-10-02,P000089,LOC017,622,256.04,S0006,2024-09-11,11,409
2024-11-01,P000089,LOC017,593,246.1,S0006,2024-10-15,11,409
2024-12-01,P000089,LOC017,633,245.78,S0006,2024-11-11,11,409
2024-12-31,P000089,LOC017,602,241.41,S0006,2024-12-28,11,409
2025-01-30,P000089,LOC017,664,241.99,S0006,2025-01-12,11,409
2025-03-01,P000089,LOC017,632,243.45,S0006,2025-02-14,11,409
2025-03-31,P000089,LOC017,723,235.26,S0006,2025-03-16,11,409
2024-10-02,P000089,LOC018,637,244.28,S0006,2024-09-09,11,409
2024-11-01,P000089,LOC018,707,254.84,S0006,2024-10-17,11,409
2024-12-01,P000089,LOC018,725,236.89,S0006,2024-11-09,11,409
2024-12-31,P000089,LOC018,822,243.15,S0006,2024-12-28,11,409
2025-01-30,P000089,LOC018,778,252.53,S0006,2025-01-03,11,409
2025-03-01,P000089,LOC018,831,245.68,S0006,2025-02-19,11,409
2025-03-31,P000089,LOC018,851,256.26,S0006,2025-03-01,11,409
2024-10-02,P000089,LOC019,611,245.49,S0006,2024-09-26,11,409
2024-11-01,P000089,LOC019,662,255.08,S0006,2024-10-16,11,409
2024-12-01,P000089,LOC019,626,246.0,S0006,2024-11-17,11,409
2024-12-31,P000089,LOC019,671,233.6,S0006,2024-12-29,11,409
2025-01-30,P000089,LOC019,649,238.79,S0006,2025-01-29,11,409
2025-03-01,P000089,LOC019,607,249.18,S0006,2025-02-15,11,409
2025-03-31,P000089,LOC019,683,249.92,S0006,2025-03-25,11,409
2024-10-02,P000089,LOC020,631,250.32,S0006,2024-09-18,11,409
2024-11-01,P000089,LOC020,654,239.4,S0006,2024-10-14,11,409
2024-12-01,P000089,LOC020,698,247.85,S0006,2024-11-08,11,409
2024-12-31,P000089,LOC020,685,246.86,S0006,2024-12-10,11,409
2025-01-30,P000089,LOC020,660,252.99,S0006,2025-01-25,11,409
2025-03-01,P000089,LOC020,622,255.19,S0006,2025-02-21,11,409
2025-03-31,P000089,LOC020,643,237.26,S0006,2025-03-15,11,409
2024-10-02,P000090,LOC001,875,379.28,S0012,2024-09-27,41,846
2024-11-01,P000090,LOC001,860,385.3,S0012,2024-10-28,41,846
2024-12-01,P000090,LOC001,952,376.64,S0012,2024-11-09,41,846
2024-12-31,P000090,LOC001,976,366.23,S0012,2024-12-28,41,846
2025-01-30,P000090,LOC001,1035,377.28,S0012,2025-01-17,41,846
2025-03-01,P000090,LOC001,1084,384.17,S0012,2025-02-10,41,846
2025-03-31,P000090,LOC001,1155,356.24,S0012,2025-03-07,41,846
2024-10-02,P000090,LOC002,800,366.43,S0012,2024-09-30,41,846
2024-11-01,P000090,LOC002,796,386.36,S0012,2024-10-14,41,846
2024-12-01,P000090,LOC002,892,388.78,S0012,2024-11-29,41,846
2024-12-31,P000090,LOC002,938,360.14,S0012,2024-12-12,41,846
2025-01-30,P000090,LOC002,990,391.23,S0012,2025-01-12,41,846
2025-03-01,P000090,LOC002,967,361.88,S0012,2025-02-13,41,846
2025-03-31,P000090,LOC002,921,364.82,S0012,2025-03-27,41,846
2024-10-02,P000090,LOC003,913,356.5,S0012,2024-09-25,41,846
2024-11-01,P000090,LOC003,871,370.33,S0012,2024-10-17,41,846
2024-12-01,P000090,LOC003,971,390.92,S0012,2024-11-06,41,846
2024-12-31,P000090,LOC003,978,382.55,S0012,2024-12-23,41,846
2025-01-30,P000090,LOC003,972,363.3,S0012,2025-01-25,41,846
2025-03-01,P000090,LOC003,1039,382.86,S0012,2025-01-30,41,846
2025-03-31,P000090,LOC003,1110,360.99,S0012,2025-03-18,41,846
2024-10-02,P000090,LOC004,850,369.32,S0012,2024-09-08,41,846
2024-11-01,P000090,LOC004,896,378.18,S0012,2024-10-09,41,846
2024-12-01,P000090,LOC004,974,362.68,S0012,2024-11-23,41,846
2024-12-31,P000090,LOC004,969,360.92,S0012,2024-12-27,41,846
2025-01-30,P000090,LOC004,1044,383.71,S0012,2024-12-31,41,846
2025-03-01,P000090,LOC004,1010,387.26,S0012,2025-02-24,41,846
2025-03-31,P000090,LOC004,1061,384.57,S0012,2025-03-23,41,846
2024-10-02,P000090,LOC005,867,374.62,S0012,2024-09-11,41,846
2024-11-01,P000090,LOC005,919,375.68,S0012,2024-10-20,41,846
2024-12-01,P000090,LOC005,1015,369.72,S0012,2024-11-02,41,846
2024-12-31,P000090,LOC005,1075,373.49,S0012,2024-12-28,41,846
2025-01-30,P000090,LOC005,1080,364.91,S0012,2025-01-25,41,846
2025-03-01,P000090,LOC005,1142,355.61,S0012,2025-02-15,41,846
2025-03-31,P000090,LOC005,1110,390.08,S0012,2025-03-18,41,846
2024-10-02,P000090,LOC006,893,385.17,S0012,2024-09-17,41,846
2024-11-01,P000090,LOC006,947,389.43,S0012,2024-10-26,41,846
2024-12-01,P000090,LOC006,998,354.56,S0012,2024-11-09,41,846
2024-12-31,P000090,LOC006,1057,355.88,S0012,2024-12-29,41,846
2025-01-30,P000090,LOC006,1031,378.89,S0012,2025-01-23,41,846
2025-03-01,P000090,LOC006,1129,360.97,S0012,2025-02-21,41,846
2025-03-31,P000090,LOC006,1199,376.29,S0012,2025-03-15,41,846
2024-10-02,P000090,LOC007,818,366.21,S0012,2024-09-12,41,846
2024-11-01,P000090,LOC007,911,371.74,S0012,2024-10-23,41,846
2024-12-01,P000090,LOC007,869,389.53,S0012,2024-11-30,41,846
2024-12-31,P000090,LOC007,876,366.62,S0012,2024-12-21,41,846
2025-01-30,P000090,LOC007,968,356.85,S0012,2025-01-07,41,846
2025-03-01,P000090,LOC007,985,383.83,S0012,2025-02-21,41,846
2025-03-31,P000090,LOC007,1084,361.19,S0012,2025-03-09,41,846
2024-10-02,P000090,LOC008,896,384.88,S0012,2024-09-20,41,846
2024-11-01,P000090,LOC008,872,377.22,S0012,2024-10-23,41,846
2024-12-01,P000090,LOC008,970,357.09,S0012,2024-11-19,41,846
2024-12-31,P000090,LOC008,1066,362.4,S0012,2024-12-24,41,846
2025-01-30,P000090,LOC008,1148,390.38,S0012,2025-01-21,41,846
2025-03-01,P000090,LOC008,1143,376.22,S0012,2025-02-15,41,846
2025-03-31,P000090,LOC008,1191,373.6,S0012,2025-03-11,41,846
2024-10-02,P000090,LOC009,829,360.16,S0012,2024-09-15,41,846
2024-11-01,P000090,LOC009,881,367.73,S0012,2024-10-02,41,846
2024-12-01,P000090,LOC009,832,366.62,S0012,2024-11-11,41,846
2024-12-31,P000090,LOC009,855,361.28,S0012,2024-12-15,41,846
2025-01-30,P000090,LOC009,823,359.0,S0012,2025-01-27,41,846
2025-03-01,P000090,LOC009,807,355.34,S0012,2025-02-20,41,846
2025-03-31,P000090,LOC009,871,363.81,S0012,2025-03-21,41,846
2024-10-02,P000090,LOC010,913,366.52,S0012,2024-09-30,41,846
2024-11-01,P000090,LOC010,973,364.63,S0012,2024-10-14,41,846
2024-12-01,P000090,LOC010,1037,388.07,S0012,2024-11-23,41,846
2024-12-31,P000090,LOC010,1131,359.81,S0012,2024-12-10,41,846
2025-01-30,P000090,LOC010,1106,365.31,S0012,2024-12-31,41,846
2025-03-01,P000090,LOC010,1163,362.03,S0012,2025-02-13,41,846
2025-03-31,P000090,LOC010,1156,371.96,S0012,2025-03-30,41,846
2024-10-02,P000090,LOC011,842,385.81,S0012,2024-09-05,41,846
2024-11-01,P000090,LOC011,889,387.07,S0012,2024-10-29,41,846
2024-12-01,P000090,LOC011,935,359.62,S0012,2024-11-14,41,846
2024-12-31,P000090,LOC011,980,380.7,S0012,2024-12-04,41,846
2025-01-30,P000090,LOC011,949,376.37,S0012,2025-01-20,41,846
2025-03-01,P000090,LOC011,906,359.94,S0012,2025-01-30,41,846
2025-03-31,P000090,LOC011,957,357.88,S0012,2025-03-29,41,846
2024-10-02,P000090,LOC012,912,355.08,S0012,2024-09-23,41,846
2024-11-01,P000090,LOC012,953,378.63,S0012,2024-10-11,41,846
2024-12-01,P000090,LOC012,1009,360.14,S0012,2024-11-08,41,846
2024-12-31,P000090,LOC012,997,390.23,S0012,2024-12-19,41,846
2025-01-30,P000090,LOC012,1022,364.49,S0012,2025-01-18,41,846
2025-03-01,P000090,LOC012,1092,383.9,S0012,2025-02-11,41,846
2025-03-31,P000090,LOC012,1067,361.53,S0012,2025-03-24,41,846
2024-10-02,P000090,LOC013,818,356.98,S0012,2024-09-25,41,846
2024-11-01,P000090,LOC013,894,386.79,S0012,2024-10-08,41,846
2024-12-01,P000090,LOC013,899,363.93,S0012,2024-11-03,41,846
2024-12-31,P000090,LOC013,997,369.68,S0012,2024-12-25,41,846
2025-01-30,P000090,LOC013,996,364.98,S0012,2025-01-23,41,846
2025-03-01,P000090,LOC013,1096,367.32,S0012,2025-02-04,41,846
2025-03-31,P000090,LOC013,1189,379.56,S0012,2025-03-18,41,846
2024-10-02,P000090,LOC014,819,376.47,S0012,2024-09-10,41,846
2024-11-01,P000090,LOC014,825,376.16,S0012,2024-10-27,41,846
2024-12-01,P000090,LOC014,914,362.97,S0012,2024-11-16,41,846
2024-12-31,P000090,LOC014,921,378.71,S0012,2024-12-26,41,846
2025-01-30,P000090,LOC014,924,390.88,S0012,2025-01-23,41,846
2025-03-01,P000090,LOC014,1007,385.94,S0012,2025-02-14,41,846
2025-03-31,P000090,LOC014,970,385.15,S0012,2025-03-05,41,846
2024-10-02,P000090,LOC015,853,374.73,S0012,2024-09-11,41,846
2024-11-01,P000090,LOC015,891,389.75,S0012,2024-10-31,41,846
2024-12-01,P000090,LOC015,856,356.91,S0012,2024-11-30,41,846
2024-12-31,P000090,LOC015,951,376.0,S0012,2024-12-23,41,846
2025-01-30,P000090,LOC015,1032,375.69,S0012,2025-01-12,41,846
2025-03-01,P000090,LOC015,1115,374.26,S0012,2025-02-17,41,846
2025-03-31,P000090,LOC015,1154,375.63,S0012,2025-03-12,41,846
2024-10-02,P000090,LOC016,803,365.1,S0012,2024-09-20,41,846
2024-11-01,P000090,LOC016,809,391.17,S0012,2024-10-24,41,846
2024-12-01,P000090,LOC016,794,383.3,S0012,2024-11-16,41,846
2024-12-31,P000090,LOC016,862,357.9,S0012,2024-12-12,41,846
2025-01-30,P000090,LOC016,893,390.45,S0012,2025-01-21,41,846
2025-03-01,P000090,LOC016,973,379.31,S0012,2025-02-27,41,846
2025-03-31,P000090,LOC016,987,359.37,S0012,2025-03-29,41,846
2024-10-02,P000090,LOC017,845,376.96,S0012,2024-09-19,41,846
2024-11-01,P000090,LOC017,880,360.47,S0012,2024-10-13,41,846
2024-12-01,P000090,LOC017,921,384.03,S0012,2024-11-24,41,846
2024-12-31,P000090,LOC017,942,373.64,S0012,2024-12-15,41,846
2025-01-30,P000090,LOC017,896,365.81,S0012,2025-01-14,41,846
2025-03-01,P000090,LOC017,912,389.85,S0012,2025-02-14,41,846
2025-03-31,P000090,LOC017,900,358.15,S0012,2025-03-01,41,846
2024-10-02,P000090,LOC018,829,377.11,S0012,2024-09-21,41,846
2024-11-01,P000090,LOC018,874,376.85,S0012,2024-10-19,41,846
2024-12-01,P000090,LOC018,881,374.93,S0012,2024-11-23,41,846
2024-12-31,P000090,LOC018,945,391.53,S0012,2024-12-14,41,846
2025-01-30,P000090,LOC018,983,356.14,S0012,2024-12-31,41,846
2025-03-01,P000090,LOC018,1025,369.17,S0012,2025-02-08,41,846
2025-03-31,P000090,LOC018,978,389.64,S0012,2025-03-21,41,846
2024-10-02,P000090,LOC019,777,384.22,S0012,2024-09-11,41,846
2024-11-01,P000090,LOC019,764,368.04,S0012,2024-10-04,41,846
2024-12-01,P000090,LOC019,846,362.74,S0012,2024-11-19,41,846
2024-12-31,P000090,LOC019,866,363.22,S0012,2024-12-03,41,846
2025-01-30,P000090,LOC019,901,374.12,S0012,2025-01-16,41,846
2025-03-01,P000090,LOC019,983,370.88,S0012,2025-02-24,41,846
2025-03-31,P000090,LOC019,1031,383.77,S0012,2025-03-17,41,846
2024-10-02,P000090,LOC020,916,388.4,S0012,2024-09-07,41,846
2024-11-01,P000090,LOC020,920,390.73,S0012,2024-10-15,41,846
2024-12-01,P000090,LOC020,904,383.2,S0012,2024-11-27,41,846
2024-12-31,P000090,LOC020,907,371.74,S0012,2024-12-22,41,846
2025-01-30,P000090,LOC020,895,378.61,S0012,2025-01-09,41,846
2025-03-01,P000090,LOC020,957,377.6,S0012,2025-02-11,41,846
2025-03-31,P000090,LOC020,997,366.29,S0012,2025-03-27,41,846
2024-10-02,P000091,LOC001,790,143.93,S0019,2024-09-08,13,912
2024-11-01,P000091,LOC001,846,136.79,S0019,2024-10-25,13,912
2024-12-01,P000091,LOC001,820,139.22,S0019,2024-11-05,13,912
2024-12-31,P000091,LOC001,780,135.4,S0019,2024-12-07,13,912
2025-01-30,P000091,LOC001,752,143.6,S0019,2025-01-07,13,912
2025-03-01,P000091,LOC001,777,148.4,S0019,2025-02-05,13,912
2025-03-31,P000091,LOC001,865,137.43,S0019,2025-03-17,13,912
2024-10-02,P000091,LOC002,693,138.64,S0019,2024-09-24,13,912
2024-11-01,P000091,LOC002,774,142.86,S0019,2024-10-28,13,912
2024-12-01,P000091,LOC002,754,148.66,S0019,2024-11-28,13,912
2024-12-31,P000091,LOC002,828,135.34,S0019,2024-12-27,13,912
2025-01-30,P000091,LOC002,809,136.05,S0019,2025-01-08,13,912
2025-03-01,P000091,LOC002,801,140.63,S0019,2025-02-06,13,912
2025-03-31,P000091,LOC002,787,140.78,S0019,2025-03-06,13,912
2024-10-02,P000091,LOC003,778,142.59,S0019,2024-09-10,13,912
2024-11-01,P000091,LOC003,781,141.31,S0019,2024-10-10,13,912
2024-12-01,P000091,LOC003,874,146.49,S0019,2024-11-26,13,912
2024-12-31,P000091,LOC003,868,148.52,S0019,2024-12-07,13,912
2025-01-30,P000091,LOC003,954,138.29,S0019,2025-01-05,13,912
2025-03-01,P000091,LOC003,945,138.43,S0019,2025-02-20,13,912
2025-03-31,P000091,LOC003,919,143.44,S0019,2025-03-22,13,912
2024-10-02,P000091,LOC004,797,144.62,S0019,2024-09-06,13,912
2024-11-01,P000091,LOC004,820,142.85,S0019,2024-10-30,13,912
2024-12-01,P000091,LOC004,779,142.95,S0019,2024-11-28,13,912
2024-12-31,P000091,LOC004,816,143.5,S0019,2024-12-12,13,912
2025-01-30,P000091,LOC004,901,144.7,S0019,2025-01-19,13,912
2025-03-01,P000091,LOC004,928,139.37,S0019,2025-02-17,13,912
2025-03-31,P000091,LOC004,1014,142.39,S0019,2025-03-30,13,912
2024-10-02,P000091,LOC005,731,135.41,S0019,2024-09-12,13,912
2024-11-01,P000091,LOC005,752,147.38,S0019,2024-10-31,13,912
2024-12-01,P000091,LOC005,848,144.13,S0019,2024-11-29,13,912
2024-12-31,P000091,LOC005,878,138.29,S0019,2024-12-14,13,912
2025-01-30,P000091,LOC005,890,149.54,S0019,2025-01-01,13,912
2025-03-01,P000091,LOC005,907,142.71,S0019,2025-02-08,13,912
2025-03-31,P000091,LOC005,945,149.04,S0019,2025-03-14,13,912
2024-10-02,P000091,LOC006,698,143.12,S0019,2024-09-06,13,912
2024-11-01,P000091,LOC006,788,144.67,S0019,2024-10-23,13,912
2024-12-01,P000091,LOC006,782,147.98,S0019,2024-11-26,13,912
2024-12-31,P000091,LOC006,818,146.83,S0019,2024-12-04,13,912
2025-01-30,P000091,LOC006,871,143.41,S0019,2025-01-17,13,912
2025-03-01,P000091,LOC006,895,145.42,S0019,2025-01-31,13,912
2025-03-31,P000091,LOC006,935,139.43,S0019,2025-03-07,13,912
2024-10-02,P000091,LOC007,806,144.58,S0019,2024-09-24,13,912
2024-11-01,P000091,LOC007,784,138.51,S0019,2024-10-19,13,912
2024-12-01,P000091,LOC007,762,142.55,S0019,2024-11-23,13,912
2024-12-31,P000091,LOC007,832,148.41,S0019,2024-12-02,13,912
2025-01-30,P000091,LOC007,815,136.32,S0019,2024-12-31,13,912
2025-03-01,P000091,LOC007,784,135.79,S0019,2025-02-23,13,912
2025-03-31,P000091,LOC007,880,145.92,S0019,2025-03-08,13,912
2024-10-02,P000091,LOC008,742,136.2,S0019,2024-09-11,13,912
2024-11-01,P000091,LOC008,773,146.22,S0019,2024-10-05,13,912
2024-12-01,P000091,LOC008,856,137.04,S0019,2024-11-28,13,912
2024-12-31,P000091,LOC008,874,144.27,S0019,2024-12-19,13,912
2025-01-30,P000091,LOC008,826,147.14,S0019,2025-01-01,13,912
2025-03-01,P000091,LOC008,788,139.47,S0019,2025-02-17,13,912
2025-03-31,P000091,LOC008,777,147.63,S0019,2025-03-20,13,912
2024-10-02,P000091,LOC009,839,145.44,S0019,2024-09-25,13,912
2024-11-01,P000091,LOC009,876,138.17,S0019,2024-10-27,13,912
2024-12-01,P000091,LOC009,930,135.87,S0019,2024-11-11,13,912
2024-12-31,P000091,LOC009,972,149.57,S0019,2024-12-01,13,912
2025-01-30,P000091,LOC009,1025,148.32,S0019,2025-01-08,13,912
2025-03-01,P000091,LOC009,1028,143.14,S0019,2025-02-09,13,912
2025-03-31,P000091,LOC009,1114,139.53,S0019,2025-03-07,13,912
2024-10-02,P000091,LOC010,794,142.85,S0019,2024-10-01,13,912
2024-11-01,P000091,LOC010,889,143.03,S0019,2024-10-14,13,912
2024-12-01,P000091,LOC010,898,136.79,S0019,2024-11-17,13,912
2024-12-31,P000091,LOC010,938,144.78,S0019,2024-12-03,13,912
2025-01-30,P000091,LOC010,922,137.07,S0019,2025-01-07,13,912
2025-03-01,P000091,LOC010,951,139.84,S0019,2025-02-26,13,912
2025-03-31,P000091,LOC010,924,148.45,S0019,2025-03-05,13,912
2024-10-02,P000091,LOC011,792,137.49,S0019,2024-09-16,13,912
2024-11-01,P000091,LOC011,880,142.79,S0019,2024-10-30,13,912
2024-12-01,P000091,LOC011,842,136.28,S0019,2024-11-09,13,912
2024-12-31,P000091,LOC011,905,138.19,S0019,2024-12-29,13,912
2025-01-30,P000091,LOC011,946,136.63,S0019,2025-01-18,13,912
2025-03-01,P000091,LOC011,963,142.88,S0019,2025-02-19,13,912
2025-03-31,P000091,LOC011,937,145.09,S0019,2025-03-27,13,912
2024-10-02,P000091,LOC012,700,142.03,S0019,2024-09-22,13,912
2024-11-01,P000091,LOC012,796,146.1,S0019,2024-10-08,13,912
2024-12-01,P000091,LOC012,767,147.85,S0019,2024-11-27,13,912
2024-12-31,P000091,LOC012,816,148.45,S0019,2024-12-28,13,912
2025-01-30,P000091,LOC012,899,140.35,S0019,2025-01-05,13,912
2025-03-01,P000091,LOC012,950,141.24,S0019,2025-02-28,13,912
2025-03-31,P000091,LOC012,1007,145.21,S0019,2025-03-16,13,912
2024-10-02,P000091,LOC013,749,141.39,S0019,2024-09-07,13,912
2024-11-01,P000091,LOC013,788,137.44,S0019,2024-10-30,13,912
2024-12-01,P000091,LOC013,749,135.5,S0019,2024-11-07,13,912
2024-12-31,P000091,LOC013,785,135.74,S0019,2024-12-08,13,912
2025-01-30,P000091,LOC013,817,144.48,S0019,2025-01-12,13,912
2025-03-01,P000091,LOC013,893,143.28,S0019,2025-02-20,13,912
2025-03-31,P000091,LOC013,900,139.92,S0019,2025-03-27,13,912
2024-10-02,P000091,LOC014,691,143.78,S0019,2024-09-05,13,912
2024-11-01,P000091,LOC014,668,139.77,S0019,2024-10-29,13,912
2024-12-01,P000091,LOC014,730,142.23,S0019,2024-11-15,13,912
2024-12-31,P000091,LOC014,829,143.15,S0019,2024-12-26,13,912
2025-01-30,P000091,LOC014,825,145.76,S0019,2025-01-12,13,912
2025-03-01,P000091,LOC014,789,141.48,S0019,2025-02-09,13,912
2025-03-31,P000091,LOC014,813,141.22,S0019,2025-03-29,13,912
2024-10-02,P000091,LOC015,706,135.62,S0019,2024-09-14,13,912
2024-11-01,P000091,LOC015,715,147.44,S0019,2024-10-05,13,912
2024-12-01,P000091,LOC015,792,143.61,S0019,2024-11-13,13,912
2024-12-31,P000091,LOC015,785,142.18,S0019,2024-12-24,13,912
2025-01-30,P000091,LOC015,821,147.09,S0019,2025-01-26,13,912
2025-03-01,P000091,LOC015,815,137.54,S0019,2025-02-06,13,912
2025-03-31,P000091,LOC015,806,138.28,S0019,2025-03-13,13,912
2024-10-02,P000091,LOC016,794,140.66,S0019,2024-09-27,13,912
2024-11-01,P000091,LOC016,786,146.78,S0019,2024-10-20,13,912
2024-12-01,P000091,LOC016,758,135.78,S0019,2024-11-30,13,912
2024-12-31,P000091,LOC016,751,149.27,S0019,2024-12-30,13,912
2025-01-30,P000091,LOC016,708,135.34,S0019,2025-01-04,13,912
2025-03-01,P000091,LOC016,675,139.5,S0019,2025-02-27,13,912
2025-03-31,P000091,LOC016,715,141.35,S0019,2025-03-22,13,912
2024-10-02,P000091,LOC017,714,142.73,S0019,2024-09-09,13,912
2024-11-01,P000091,LOC017,725,145.64,S0019,2024-10-02,13,912
2024-12-01,P000091,LOC017,703,145.15,S0019,2024-11-10,13,912
2024-12-31,P000091,LOC017,726,146.01,S0019,2024-12-10,13,912
2025-01-30,P000091,LOC017,696,137.92,S0019,2025-01-04,13,912
2025-03-01,P000091,LOC017,789,142.05,S0019,2025-02-18,13,912
2025-03-31,P000091,LOC017,818,146.33,S0019,2025-03-04,13,912
2024-10-02,P000091,LOC018,732,139.1,S0019,2024-09-03,13,912
2024-11-01,P000091,LOC018,752,138.0,S0019,2024-10-20,13,912
2024-12-01,P000091,LOC018,823,140.81,S0019,2024-11-14,13,912
2024-12-31,P000091,LOC018,919,138.12,S0019,2024-12-22,13,912
2025-01-30,P000091,LOC018,1019,145.57,S0019,2024-12-31,13,912
2025-03-01,P000091,LOC018,1070,136.03,S0019,2025-01-30,13,912
2025-03-31,P000091,LOC018,1145,147.14,S0019,2025-03-16,13,912
2024-10-02,P000091,LOC019,709,144.63,S0019,2024-09-12,13,912
2024-11-01,P000091,LOC019,808,136.25,S0019,2024-10-30,13,912
2024-12-01,P000091,LOC019,790,139.81,S0019,2024-11-28,13,912
2024-12-31,P000091,LOC019,797,143.43,S0019,2024-12-24,13,912
2025-01-30,P000091,LOC019,806,138.5,S0019,2025-01-16,13,912
2025-03-01,P000091,LOC019,903,144.66,S0019,2025-02-24,13,912
2025-03-31,P000091,LOC019,898,144.48,S0019,2025-03-23,13,912
2024-10-02,P000091,LOC020,760,140.03,S0019,2024-09-18,13,912
2024-11-01,P000091,LOC020,778,139.42,S0019,2024-10-16,13,912
2024-12-01,P000091,LOC020,735,138.89,S0019,2024-11-30,13,912
2024-12-31,P000091,LOC020,832,145.24,S0019,2024-12-15,13,912
2025-01-30,P000091,LOC020,843,145.75,S0019,2025-01-02,13,912
2025-03-01,P000091,LOC020,883,138.37,S0019,2025-02-08,13,912
2025-03-31,P000091,LOC020,978,142.02,S0019,2025-03-11,13,912
2024-10-02,P000092,LOC001,149,78.66,S0022,2024-09-18,36,1003
2024-11-01,P000092,LOC001,210,75.83,S0022,2024-10-10,36,1003
2024-12-01,P000092,LOC001,199,75.47,S0022,2024-11-19,36,1003
2024-12-31,P000092,LOC001,207,81.69,S0022,2024-12-08,36,1003
2025-01-30,P000092,LOC001,273,80.1,S0022,2025-01-18,36,1003
2025-03-01,P000092,LOC001,312,75.48,S0022,2025-02-15,36,1003
2025-03-31,P000092,LOC001,304,80.83,S0022,2025-03-29,36,1003
2024-10-02,P000092,LOC002,186,76.49,S0022,2024-09-03,36,1003
2024-11-01,P000092,LOC002,218,81.06,S0022,2024-10-07,36,1003
2024-12-01,P000092,LOC002,215,76.93,S0022,2024-11-25,36,1003
2024-12-31,P000092,LOC002,237,75.01,S0022,2024-12-07,36,1003
2025-01-30,P000092,LOC002,201,80.35,S0022,2025-01-25,36,1003
2025-03-01,P000092,LOC002,281,79.24,S0022,2025-02-14,36,1003
2025-03-31,P000092,LOC002,232,82.04,S0022,2025-03-10,36,1003
2024-10-02,P000092,LOC003,204,79.44,S0022,2024-09-19,36,1003
2024-11-01,P000092,LOC003,296,80.11,S0022,2024-10-25,36,1003
2024-12-01,P000092,LOC003,299,77.89,S0022,2024-11-16,36,1003
2024-12-31,P000092,LOC003,338,81.63,S0022,2024-12-20,36,1003
2025-01-30,P000092,LOC003,315,80.33,S0022,2025-01-18,36,1003
2025-03-01,P000092,LOC003,321,76.84,S0022,2025-02-22,36,1003
2025-03-31,P000092,LOC003,363,82.4,S0022,2025-03-09,36,1003
2024-10-02,P000092,LOC004,232,75.8,S0022,2024-09-14,36,1003
2024-11-01,P000092,LOC004,327,78.58,S0022,2024-10-17,36,1003
2024-12-01,P000092,LOC004,418,75.81,S0022,2024-11-24,36,1003
2024-12-31,P000092,LOC004,383,75.41,S0022,2024-12-18,36,1003
2025-01-30,P000092,LOC004,481,77.06,S0022,2025-01-04,36,1003
2025-03-01,P000092,LOC004,461,77.51,S0022,2025-02-19,36,1003
2025-03-31,P000092,LOC004,450,78.64,S0022,2025-03-28,36,1003
2024-10-02,P000092,LOC005,259,77.11,S0022,2024-09-11,36,1003
2024-11-01,P000092,LOC005,256,75.97,S0022,2024-10-04,36,1003
2024-12-01,P000092,LOC005,347,82.4,S0022,2024-11-13,36,1003
2024-12-31,P000092,LOC005,345,76.17,S0022,2024-12-27,36,1003
2025-01-30,P000092,LOC005,419,76.46,S0022,2025-01-07,36,1003
2025-03-01,P000092,LOC005,513,77.23,S0022,2025-02-19,36,1003
2025-03-31,P000092,LOC005,610,82.58,S0022,2025-03-21,36,1003
2024-10-02,P000092,LOC006,204,77.74,S0022,2024-09-07,36,1003
2024-11-01,P000092,LOC006,201,76.38,S0022,2024-10-28,36,1003
2024-12-01,P000092,LOC006,174,82.8,S0022,2024-11-12,36,1003
2024-12-31,P000092,LOC006,203,77.96,S0022,2024-12-06,36,1003
2025-01-30,P000092,LOC006,256,81.53,S0022,2025-01-07,36,1003
2025-03-01,P000092,LOC006,283,78.44,S0022,2025-02-11,36,1003
2025-03-31,P000092,LOC006,297,77.38,S0022,2025-03-19,36,1003
2024-10-02,P000092,LOC007,139,82.37,S0022,2024-09-14,36,1003
2024-11-01,P000092,LOC007,119,75.71,S0022,2024-10-06,36,1003
2024-12-01,P000092,LOC007,114,76.54,S0022,2024-11-02,36,1003
2024-12-31,P000092,LOC007,144,81.37,S0022,2024-12-05,36,1003
2025-01-30,P000092,LOC007,150,75.33,S0022,2025-01-11,36,1003
2025-03-01,P000092,LOC007,241,81.12,S0022,2025-02-15,36,1003
2025-03-31,P000092,LOC007,222,81.16,S0022,2025-03-03,36,1003
2024-10-02,P000092,LOC008,185,77.17,S0022,2024-09-06,36,1003
2024-11-01,P000092,LOC008,182,77.65,S0022,2024-10-21,36,1003
2024-12-01,P000092,LOC008,144,81.72,S0022,2024-11-08,36,1003
2024-12-31,P000092,LOC008,124,75.49,S0022,2024-12-06,36,1003
2025-01-30,P000092,LOC008,127,80.65,S0022,2025-01-29,36,1003
2025-03-01,P000092,LOC008,88,75.18,S0022,2025-02-06,36,1003
2025-03-31,P000092,LOC008,78,76.09,S0022,2025-03-15,36,1003
2024-10-02,P000092,LOC009,221,78.14,S0022,2024-09-29,36,1003
2024-11-01,P000092,LOC009,214,76.05,S0022,2024-10-08,36,1003
2024-12-01,P000092,LOC009,252,76.85,S0022,2024-11-30,36,1003
2024-12-31,P000092,LOC009,342,77.06,S0022,2024-12-07,36,1003
2025-01-30,P000092,LOC009,311,80.64,S0022,2025-01-23,36,1003
2025-03-01,P000092,LOC009,309,81.99,S0022,2025-02-25,36,1003
2025-03-31,P000092,LOC009,404,80.36,S0022,2025-03-19,36,1003
2024-10-02,P000092,LOC010,272,82.32,S0022,2024-09-11,36,1003
2024-11-01,P000092,LOC010,262,76.34,S0022,2024-10-07,36,1003
2024-12-01,P000092,LOC010,331,77.45,S0022,2024-11-01,36,1003
2024-12-31,P000092,LOC010,318,80.35,S0022,2024-12-16,36,1003
2025-01-30,P000092,LOC010,320,79.89,S0022,2025-01-26,36,1003
2025-03-01,P000092,LOC010,362,77.23,S0022,2025-02-11,36,1003
2025-03-31,P000092,LOC010,383,82.45,S0022,2025-03-04,36,1003
2024-10-02,P000092,LOC011,158,81.66,S0022,2024-09-21,36,1003
2024-11-01,P000092,LOC011,116,80.99,S0022,2024-10-31,36,1003
2024-12-01,P000092,LOC011,214,76.08,S0022,2024-11-06,36,1003
2024-12-31,P000092,LOC011,285,80.02,S0022,2024-12-22,36,1003
2025-01-30,P000092,LOC011,338,78.78,S0022,2025-01-26,36,1003
2025-03-01,P000092,LOC011,413,75.15,S0022,2025-02-16,36,1003
2025-03-31,P000092,LOC011,375,80.65,S0022,2025-03-11,36,1003
2024-10-02,P000092,LOC012,277,78.79,S0022,2024-09-13,36,1003
2024-11-01,P000092,LOC012,309,75.04,S0022,2024-10-27,36,1003
2024-12-01,P000092,LOC012,386,82.68,S0022,2024-11-27,36,1003
2024-12-31,P000092,LOC012,377,82.13,S0022,2024-12-12,36,1003
2025-01-30,P000092,LOC012,476,82.03,S0022,2025-01-23,36,1003
2025-03-01,P000092,LOC012,426,79.47,S0022,2025-02-27,36,1003
2025-03-31,P000092,LOC012,426,79.4,S0022,2025-03-29,36,1003
2024-10-02,P000092,LOC013,223,78.13,S0022,2024-09-11,36,1003
2024-11-01,P000092,LOC013,292,76.54,S0022,2024-10-17,36,1003
2024-12-01,P000092,LOC013,277,76.48,S0022,2024-11-26,36,1003
2024-12-31,P000092,LOC013,309,78.98,S0022,2024-12-13,36,1003
2025-01-30,P000092,LOC013,341,82.7,S0022,2025-01-29,36,1003
2025-03-01,P000092,LOC013,431,81.87,S0022,2025-02-24,36,1003
2025-03-31,P000092,LOC013,449,81.79,S0022,2025-03-10,36,1003
2024-10-02,P000092,LOC014,201,81.41,S0022,2024-09-06,36,1003
2024-11-01,P000092,LOC014,169,78.62,S0022,2024-10-19,36,1003
2024-12-01,P000092,LOC014,254,80.98,S0022,2024-11-13,36,1003
2024-12-31,P000092,LOC014,274,75.87,S0022,2024-12-17,36,1003
2025-01-30,P000092,LOC014,265,81.23,S0022,2025-01-17,36,1003
2025-03-01,P000092,LOC014,296,80.93,S0022,2025-02-11,36,1003
2025-03-31,P000092,LOC014,318,79.8,S0022,2025-03-21,36,1003
2024-10-02,P000092,LOC015,269,76.53,S0022,2024-09-02,36,1003
2024-11-01,P000092,LOC015,294,75.52,S0022,2024-10-12,36,1003
2024-12-01,P000092,LOC015,330,81.09,S0022,2024-11-11,36,1003
2024-12-31,P000092,LOC015,339,75.4,S0022,2024-12-30,36,1003
2025-01-30,P000092,LOC015,299,80.23,S0022,2025-01-24,36,1003
2025-03-01,P000092,LOC015,330,79.5,S0022,2025-02-01,36,1003
2025-03-31,P000092,LOC015,419,78.64,S0022,2025-03-15,36,1003
2024-10-02,P000092,LOC016,230,81.34,S0022,2024-09-24,36,1003
2024-11-01,P000092,LOC016,278,80.66,S0022,2024-10-07,36,1003
2024-12-01,P000092,LOC016,264,81.12,S0022,2024-11-26,36,1003
2024-12-31,P000092,LOC016,344,82.75,S0022,2024-12-20,36,1003
2025-01-30,P000092,LOC016,427,79.92,S0022,2025-01-16,36,1003
2025-03-01,P000092,LOC016,467,81.8,S0022,2025-02-01,36,1003
2025-03-31,P000092,LOC016,561,75.14,S0022,2025-03-05,36,1003
2024-10-02,P000092,LOC017,220,75.78,S0022,2024-09-12,36,1003
2024-11-01,P000092,LOC017,267,78.73,S0022,2024-10-05,36,1003
2024-12-01,P000092,LOC017,226,78.19,S0022,2024-11-26,36,1003
2024-12-31,P000092,LOC017,249,76.55,S0022,2024-12-14,36,1003
2025-01-30,P000092,LOC017,342,75.08,S0022,2025-01-01,36,1003
2025-03-01,P000092,LOC017,349,75.8,S0022,2025-02-10,36,1003
2025-03-31,P000092,LOC017,337,81.97,S0022,2025-03-16,36,1003
2024-10-02,P000092,LOC018,142,79.49,S0022,2024-09-02,36,1003
2024-11-01,P000092,LOC018,185,82.68,S0022,2024-10-16,36,1003
2024-12-01,P000092,LOC018,202,80.69,S0022,2024-11-06,36,1003
2024-12-31,P000092,LOC018,225,81.74,S0022,2024-12-12,36,1003
2025-01-30,P000092,LOC018,287,75.63,S0022,2025-01-05,36,1003
2025-03-01,P000092,LOC018,373,82.25,S0022,2025-02-22,36,1003
2025-03-31,P000092,LOC018,336,76.62,S0022,2025-03-07,36,1003
2024-10-02,P000092,LOC019,220,78.33,S0022,2024-09-17,36,1003
2024-11-01,P000092,LOC019,268,81.57,S0022,2024-10-31,36,1003
2024-12-01,P000092,LOC019,227,80.96,S0022,2024-11-11,36,1003
2024-12-31,P000092,LOC019,181,81.53,S0022,2024-12-29,36,1003
2025-01-30,P000092,LOC019,191,82.69,S0022,2025-01-27,36,1003
2025-03-01,P000092,LOC019,231,76.38,S0022,2025-02-06,36,1003
2025-03-31,P000092,LOC019,192,81.75,S0022,2025-03-15,36,1003
2024-10-02,P000092,LOC020,255,79.87,S0022,2024-09-05,36,1003
2024-11-01,P000092,LOC020,341,82.62,S0022,2024-10-12,36,1003
2024-12-01,P000092,LOC020,381,76.94,S0022,2024-11-06,36,1003
2024-12-31,P000092,LOC020,451,76.46,S0022,2024-12-02,36,1003
2025-01-30,P000092,LOC020,546,77.59,S0022,2025-01-28,36,1003
2025-03-01,P000092,LOC020,595,81.65,S0022,2025-02-28,36,1003
2025-03-31,P000092,LOC020,640,79.32,S0022,2025-03-28,36,1003
2024-10-02,P000093,LOC001,166,251.13,S0002,2024-10-01,49,718
2024-11-01,P000093,LOC001,249,251.22,S0002,2024-10-16,49,718
2024-12-01,P000093,LOC001,250,231.85,S0002,2024-11-05,49,718
2024-12-31,P000093,LOC001,268,235.3,S0002,2024-12-17,49,718
2025-01-30,P000093,LOC001,323,238.93,S0002,2025-01-20,49,718
2025-03-01,P000093,LOC001,295,241.55,S0002,2025-02-25,49,718
2025-03-31,P000093,LOC001,325,240.84,S0002,2025-03-18,49,718
2024-10-02,P000093,LOC002,234,234.22,S0002,2024-09-04,49,718
2024-11-01,P000093,LOC002,311,236.2,S0002,2024-10-25,49,718
2024-12-01,P000093,LOC002,394,241.77,S0002,2024-11-28,49,718
2024-12-31,P000093,LOC002,358,243.77,S0002,2024-12-04,49,718
2025-01-30,P000093,LOC002,440,254.95,S0002,2025-01-20,49,718
2025-03-01,P000093,LOC002,460,243.96,S0002,2025-02-08,49,718
2025-03-31,P000093,LOC002,519,252.23,S0002,2025-03-14,49,718
2024-10-02,P000093,LOC003,121,248.85,S0002,2024-09-08,49,718
2024-11-01,P000093,LOC003,137,231.65,S0002,2024-10-29,49,718
2024-12-01,P000093,LOC003,168,242.81,S0002,2024-11-21,49,718
2024-12-31,P000093,LOC003,237,244.87,S0002,2024-12-16,49,718
2025-01-30,P000093,LOC003,303,252.03,S0002,2025-01-08,49,718
2025-03-01,P000093,LOC003,391,239.17,S0002,2025-02-01,49,718
2025-03-31,P000093,LOC003,475,245.04,S0002,2025-03-26,49,718
2024-10-02,P000093,LOC004,173,236.8,S0002,2024-09-28,49,718
2024-11-01,P000093,LOC004,157,232.67,S0002,2024-10-05,49,718
2024-12-01,P000093,LOC004,211,234.3,S0002,2024-11-11,49,718
2024-12-31,P000093,LOC004,185,248.18,S0002,2024-12-09,49,718
2025-01-30,P000093,LOC004,173,253.32,S0002,2025-01-14,49,718
2025-03-01,P000093,LOC004,170,234.62,S0002,2025-02-09,49,718
2025-03-31,P000093,LOC004,258,232.97,S0002,2025-03-23,49,718
2024-10-02,P000093,LOC005,178,254.38,S0002,2024-09-05,49,718
2024-11-01,P000093,LOC005,141,237.53,S0002,2024-10-20,49,718
2024-12-01,P000093,LOC005,94,250.42,S0002,2024-11-30,49,718
2024-12-31,P000093,LOC005,130,238.33,S0002,2024-12-05,49,718
2025-01-30,P000093,LOC005,204,232.75,S0002,2025-01-29,49,718
2025-03-01,P000093,LOC005,265,239.68,S0002,2025-02-10,49,718
2025-03-31,P000093,LOC005,222,236.71,S0002,2025-03-17,49,718
2024-10-02,P000093,LOC006,192,231.26,S0002,2024-09-11,49,718
2024-11-01,P000093,LOC006,210,251.85,S0002,2024-10-05,49,718
2024-12-01,P000093,LOC006,174,238.11,S0002,2024-11-22,49,718
2024-12-31,P000093,LOC006,179,240.38,S0002,2024-12-16,49,718
2025-01-30,P000093,LOC006,206,231.31,S0002,2025-01-25,49,718
2025-03-01,P000093,LOC006,164,231.41,S0002,2025-02-20,49,718
2025-03-31,P000093,LOC006,137,241.66,S0002,2025-03-06,49,718
2024-10-02,P000093,LOC007,147,234.7,S0002,2024-09-06,49,718
2024-11-01,P000093,LOC007,228,245.96,S0002,2024-10-20,49,718
2024-12-01,P000093,LOC007,321,248.16,S0002,2024-11-21,49,718
2024-12-31,P000093,LOC007,374,237.54,S0002,2024-12-28,49,718
2025-01-30,P000093,LOC007,355,251.66,S0002,2025-01-06,49,718
2025-03-01,P000093,LOC007,332,236.64,S0002,2025-02-08,49,718
2025-03-31,P000093,LOC007,374,250.04,S0002,2025-03-26,49,718
2024-10-02,P000093,LOC008,155,237.05,S0002,2024-09-08,49,718
2024-11-01,P000093,LOC008,187,242.87,S0002,2024-10-08,49,718
2024-12-01,P000093,LOC008,185,233.15,S0002,2024-11-24,49,718
2024-12-31,P000093,LOC008,164,232.17,S0002,2024-12-26,49,718
2025-01-30,P000093,LOC008,248,240.56,S0002,2025-01-07,49,718
2025-03-01,P000093,LOC008,237,240.48,S0002,2025-02-27,49,718
2025-03-31,P000093,LOC008,199,247.04,S0002,2025-03-25,49,718
2024-10-02,P000093,LOC009,190,234.55,S0002,2024-09-23,49,718
2024-11-01,P000093,LOC009,237,252.1,S0002,2024-10-13,49,718
2024-12-01,P000093,LOC009,291,235.18,S0002,2024-11-20,49,718
2024-12-31,P000093,LOC009,326,248.51,S0002,2024-12-13,49,718
2025-01-30,P000093,LOC009,383,233.91,S0002,2025-01-26,49,718
2025-03-01,P000093,LOC009,343,251.93,S0002,2025-02-09,49,718
2025-03-31,P000093,LOC009,426,249.38,S0002,2025-03-10,49,718
2024-10-02,P000093,LOC010,170,253.56,S0002,2024-09-27,49,718
2024-11-01,P000093,LOC010,129,249.39,S0002,2024-10-26,49,718
2024-12-01,P000093,LOC010,175,246.68,S0002,2024-11-24,49,718
2024-12-31,P000093,LOC010,196,249.66,S0002,2024-12-01,49,718
2025-01-30,P000093,LOC010,198,231.96,S0002,2025-01-29,49,718
2025-03-01,P000093,LOC010,208,243.8,S0002,2025-02-26,49,718
2025-03-31,P000093,LOC010,306,254.33,S0002,2025-03-16,49,718
2024-10-02,P000093,LOC011,232,249.33,S0002,2024-09-04,49,718
2024-11-01,P000093,LOC011,235,239.37,S0002,2024-10-08,49,718
2024-12-01,P000093,LOC011,289,236.26,S0002,2024-11-05,49,718
2024-12-31,P000093,LOC011,379,237.52,S0002,2024-12-21,49,718
2025-01-30,P000093,LOC011,467,254.61,S0002,2025-01-06,49,718
2025-03-01,P000093,LOC011,425,239.42,S0002,2025-02-24,49,718
2025-03-31,P000093,LOC011,489,240.58,S0002,2025-03-04,49,718
2024-10-02,P000093,LOC012,192,238.84,S0002,2024-09-23,49,718
2024-11-01,P000093,LOC012,144,254.22,S0002,2024-10-02,49,718
2024-12-01,P000093,LOC012,198,237.75,S0002,2024-11-23,49,718
2024-12-31,P000093,LOC012,235,254.04,S0002,2024-12-09,49,718
2025-01-30,P000093,LOC012,334,244.86,S0002,2025-01-14,49,718
2025-03-01,P000093,LOC012,334,245.78,S0002,2025-02-26,49,718
2025-03-31,P000093,LOC012,309,246.63,S0002,2025-03-27,49,718
2024-10-02,P000093,LOC013,256,246.13,S0002,2024-09-03,49,718
2024-11-01,P000093,LOC013,206,230.7,S0002,2024-10-05,49,718
2024-12-01,P000093,LOC013,250,252.3,S0002,2024-11-29,49,718
2024-12-31,P000093,LOC013,257,231.32,S0002,2024-12-22,49,718
2025-01-30,P000093,LOC013,249,240.89,S0002,2025-01-19,49,718
2025-03-01,P000093,LOC013,246,245.68,S0002,2025-02-10,49,718
2025-03-31,P000093,LOC013,326,234.73,S0002,2025-03-16,49,718
2024-10-02,P000093,LOC014,164,240.22,S0002,2024-09-29,49,718
2024-11-01,P000093,LOC014,194,244.72,S0002,2024-10-20,49,718
2024-12-01,P000093,LOC014,291,235.48,S0002,2024-11-22,49,718
2024-12-31,P000093,LOC014,244,242.26,S0002,2024-12-16,49,718
2025-01-30,P000093,LOC014,236,244.07,S0002,2025-01-25,49,718
2025-03-01,P000093,LOC014,316,232.05,S0002,2025-02-17,49,718
2025-03-31,P000093,LOC014,371,249.33,S0002,2025-03-30,49,718
2024-10-02,P000093,LOC015,138,248.53,S0002,2024-09-02,49,718
2024-11-01,P000093,LOC015,168,248.61,S0002,2024-10-22,49,718
2024-12-01,P000093,LOC015,178,240.2,S0002,2024-11-01,49,718
2024-12-31,P000093,LOC015,181,232.56,S0002,2024-12-24,49,718
2025-01-30,P000093,LOC015,196,236.36,S0002,2025-01-07,49,718
2025-03-01,P000093,LOC015,162,253.26,S0002,2025-02-12,49,718
2025-03-31,P000093,LOC015,259,252.49,S0002,2025-03-09,49,718
2024-10-02,P000093,LOC016,186,240.86,S0002,2024-09-27,49,718
2024-11-01,P000093,LOC016,224,244.44,S0002,2024-10-28,49,718
2024-12-01,P000093,LOC016,212,247.63,S0002,2024-11-11,49,718
2024-12-31,P000093,LOC016,187,247.09,S0002,2024-12-22,49,718
2025-01-30,P000093,LOC016,162,252.41,S0002,2025-01-05,49,718
2025-03-01,P000093,LOC016,148,234.18,S0002,2025-01-31,49,718
2025-03-31,P000093,LOC016,121,241.33,S0002,2025-03-10,49,718
2024-10-02,P000093,LOC017,199,250.5,S0002,2024-09-08,49,718
2024-11-01,P000093,LOC017,203,252.99,S0002,2024-10-10,49,718
2024-12-01,P000093,LOC017,168,241.42,S0002,2024-11-02,49,718
2024-12-31,P000093,LOC017,234,238.26,S0002,2024-12-13,49,718
2025-01-30,P000093,LOC017,323,249.03,S0002,2025-01-19,49,718
2025-03-01,P000093,LOC017,379,245.42,S0002,2025-02-04,49,718
2025-03-31,P000093,LOC017,420,245.7,S0002,2025-03-15,49,718
2024-10-02,P000093,LOC018,112,253.59,S0002,2024-09-10,49,718
2024-11-01,P000093,LOC018,163,254.97,S0002,2024-10-20,49,718
2024-12-01,P000093,LOC018,167,234.46,S0002,2024-11-13,49,718
2024-12-31,P000093,LOC018,219,236.86,S0002,2024-12-04,49,718
2025-01-30,P000093,LOC018,211,251.86,S0002,2025-01-12,49,718
2025-03-01,P000093,LOC018,214,232.09,S0002,2025-02-04,49,718
2025-03-31,P000093,LOC018,181,246.59,S0002,2025-03-16,49,718
2024-10-02,P000093,LOC019,215,240.74,S0002,2024-09-29,49,718
2024-11-01,P000093,LOC019,169,240.26,S0002,2024-10-15,49,718
2024-12-01,P000093,LOC019,197,246.16,S0002,2024-11-17,49,718
2024-12-31,P000093,LOC019,165,234.91,S0002,2024-12-23,49,718
2025-01-30,P000093,LOC019,176,254.65,S0002,2025-01-02,49,718
2025-03-01,P000093,LOC019,206,233.83,S0002,2025-02-05,49,718
2025-03-31,P000093,LOC019,254,253.99,S0002,2025-03-09,49,718
2024-10-02,P000093,LOC020,192,254.12,S0002,2024-09-26,49,718
2024-11-01,P000093,LOC020,174,243.86,S0002,2024-10-21,49,718
2024-12-01,P000093,LOC020,210,254.06,S0002,2024-11-22,49,718
2024-12-31,P000093,LOC020,225,249.84,S0002,2024-12-04,49,718
2025-01-30,P000093,LOC020,232,252.79,S0002,2025-01-29,49,718
2025-03-01,P000093,LOC020,237,252.3,S0002,2025-02-18,49,718
2025-03-31,P000093,LOC020,220,242.56,S0002,2025-03-27,49,718
2024-10-02,P000094,LOC001,1022,181.56,S0015,2024-09-14,25,1064
2024-11-01,P000094,LOC001,975,181.72,S0015,2024-10-21,25,1064
2024-12-01,P000094,LOC001,1024,181.76,S0015,2024-11-26,25,1064
2024-12-31,P000094,LOC001,1048,184.26,S0015,2024-12-27,25,1064
2025-01-30,P000094,LOC001,1040,186.66,S0015,2025-01-10,25,1064
2025-03-01,P000094,LOC001,1009,171.86,S0015,2025-02-03,25,1064
2025-03-31,P000094,LOC001,961,183.32,S0015,2025-03-01,25,1064
2024-10-02,P000094,LOC002,938,183.52,S0015,2024-09-04,25,1064
2024-11-01,P000094,LOC002,921,170.91,S0015,2024-10-18,25,1064
2024-12-01,P000094,LOC002,999,183.78,S0015,2024-11-24,25,1064
2024-12-31,P000094,LOC002,1055,181.52,S0015,2024-12-18,25,1064
2025-01-30,P000094,LOC002,1136,178.75,S0015,2025-01-25,25,1064
2025-03-01,P000094,LOC002,1165,187.12,S0015,2025-02-21,25,1064
2025-03-31,P000094,LOC002,1170,171.4,S0015,2025-03-04,25,1064
2024-10-02,P000094,LOC003,997,175.17,S0015,2024-09-29,25,1064
2024-11-01,P000094,LOC003,1005,183.72,S0015,2024-10-02,25,1064
2024-12-01,P000094,LOC003,993,172.23,S0015,2024-11-14,25,1064
2024-12-31,P000094,LOC003,983,171.28,S0015,2024-12-24,25,1064
2025-01-30,P000094,LOC003,1021,179.3,S0015,2025-01-28,25,1064
2025-03-01,P000094,LOC003,1094,183.89,S0015,2025-02-21,25,1064
2025-03-31,P000094,LOC003,1143,187.5,S0015,2025-03-11,25,1064
2024-10-02,P000094,LOC004,1064,186.97,S0015,2024-09-18,25,1064
2024-11-01,P000094,LOC004,1160,171.56,S0015,2024-10-29,25,1064
2024-12-01,P000094,LOC004,1256,184.69,S0015,2024-11-30,25,1064
2024-12-31,P000094,LOC004,1306,173.27,S0015,2024-12-24,25,1064
2025-01-30,P000094,LOC004,1265,179.42,S0015,2025-01-03,25,1064
2025-03-01,P000094,LOC004,1313,182.42,S0015,2025-02-17,25,1064
2025-03-31,P000094,LOC004,1336,183.06,S0015,2025-03-13,25,1064
2024-10-02,P000094,LOC005,1038,171.83,S0015,2024-09-10,25,1064
2024-11-01,P000094,LOC005,1005,176.81,S0015,2024-10-16,25,1064
2024-12-01,P000094,LOC005,993,182.08,S0015,2024-11-12,25,1064
2024-12-31,P000094,LOC005,1004,182.63,S0015,2024-12-14,25,1064
2025-01-30,P000094,LOC005,1081,173.28,S0015,2025-01-13,25,1064
2025-03-01,P000094,LOC005,1180,177.37,S0015,2025-02-09,25,1064
2025-03-31,P000094,LOC005,1254,176.07,S0015,2025-03-13,25,1064
2024-10-02,P000094,LOC006,1047,172.86,S0015,2024-09-15,25,1064
2024-11-01,P000094,LOC006,1014,173.11,S0015,2024-10-11,25,1064
2024-12-01,P000094,LOC006,1033,173.79,S0015,2024-11-15,25,1064
2024-12-31,P000094,LOC006,1000,172.37,S0015,2024-12-01,25,1064
2025-01-30,P000094,LOC006,969,175.31,S0015,2025-01-04,25,1064
2025-03-01,P000094,LOC006,1007,180.4,S0015,2025-02-21,25,1064
2025-03-31,P000094,LOC006,976,171.06,S0015,2025-03-23,25,1064
2024-10-02,P000094,LOC007,1078,185.03,S0015,2024-09-22,25,1064
2024-11-01,P000094,LOC007,1104,186.7,S0015,2024-10-16,25,1064
2024-12-01,P000094,LOC007,1128,185.18,S0015,2024-11-11,25,1064
2024-12-31,P000094,LOC007,1198,171.74,S0015,2024-12-08,25,1064
2025-01-30,P000094,LOC007,1165,172.68,S0015,2024-12-31,25,1064
2025-03-01,P000094,LOC007,1144,181.79,S0015,2025-02-24,25,1064
2025-03-31,P000094,LOC007,1130,181.95,S0015,2025-03-25,25,1064
2024-10-02,P000094,LOC008,1012,173.15,S0015,2024-09-02,25,1064
2024-11-01,P000094,LOC008,963,185.49,S0015,2024-10-02,25,1064
2024-12-01,P000094,LOC008,1025,173.46,S0015,2024-11-25,25,1064
2024-12-31,P000094,LOC008,1003,173.03,S0015,2024-12-18,25,1064
2025-01-30,P000094,LOC008,1045,172.81,S0015,2025-01-09,25,1064
2025-03-01,P000094,LOC008,1139,170.3,S0015,2025-02-20,25,1064
2025-03-31,P000094,LOC008,1210,185.27,S0015,2025-03-28,25,1064
2024-10-02,P000094,LOC009,1004,171.09,S0015,2024-09-17,25,1064
2024-11-01,P000094,LOC009,1008,173.21,S0015,2024-10-24,25,1064
2024-12-01,P000094,LOC009,984,179.75,S0015,2024-11-04,25,1064
2024-12-31,P000094,LOC009,1042,182.43,S0015,2024-12-29,25,1064
2025-01-30,P000094,LOC009,1018,174.08,S0015,2025-01-29,25,1064
2025-03-01,P000094,LOC009,982,174.01,S0015,2025-02-10,25,1064
2025-03-31,P000094,LOC009,995,179.64,S0015,2025-03-03,25,1064
2024-10-02,P000094,LOC010,1069,178.19,S0015,2024-09-07,25,1064
2024-11-01,P000094,LOC010,1096,180.42,S0015,2024-10-22,25,1064
2024-12-01,P000094,LOC010,1096,172.9,S0015,2024-11-16,25,1064
2024-12-31,P000094,LOC010,1194,185.33,S0015,2024-12-06,25,1064
2025-01-30,P000094,LOC010,1230,173.18,S0015,2025-01-19,25,1064
2025-03-01,P000094,LOC010,1214,176.09,S0015,2025-02-08,25,1064
2025-03-31,P000094,LOC010,1183,183.5,S0015,2025-03-16,25,1064
2024-10-02,P000094,LOC011,1016,173.64,S0015,2024-09-25,25,1064
2024-11-01,P000094,LOC011,982,177.7,S0015,2024-10-06,25,1064
2024-12-01,P000094,LOC011,957,176.29,S0015,2024-11-16,25,1064
2024-12-31,P000094,LOC011,980,171.22,S0015,2024-12-10,25,1064
2025-01-30,P000094,LOC011,1005,184.92,S0015,2025-01-08,25,1064
2025-03-01,P000094,LOC011,1086,175.87,S0015,2025-02-28,25,1064
2025-03-31,P000094,LOC011,1053,181.73,S0015,2025-03-16,25,1064
2024-10-02,P000094,LOC012,999,182.5,S0015,2024-09-21,25,1064
2024-11-01,P000094,LOC012,1065,179.15,S0015,2024-10-02,25,1064
2024-12-01,P000094,LOC012,1103,187.01,S0015,2024-11-15,25,1064
2024-12-31,P000094,LOC012,1062,178.79,S0015,2024-12-06,25,1064
2025-01-30,P000094,LOC012,1141,182.53,S0015,2025-01-18,25,1064
2025-03-01,P000094,LOC012,1111,173.16,S0015,2025-02-27,25,1064
2025-03-31,P000094,LOC012,1140,177.03,S0015,2025-03-03,25,1064
2024-10-02,P000094,LOC013,987,182.49,S0015,2024-09-06,25,1064
2024-11-01,P000094,LOC013,998,182.15,S0015,2024-10-16,25,1064
2024-12-01,P000094,LOC013,955,181.72,S0015,2024-11-24,25,1064
2024-12-31,P000094,LOC013,1022,182.32,S0015,2024-12-04,25,1064
2025-01-30,P000094,LOC013,1046,180.19,S0015,2025-01-21,25,1064
2025-03-01,P000094,LOC013,1005,171.73,S0015,2025-02-06,25,1064
2025-03-31,P000094,LOC013,956,172.14,S0015,2025-03-12,25,1064
2024-10-02,P000094,LOC014,977,174.05,S0015,2024-09-22,25,1064
2024-11-01,P000094,LOC014,1019,180.82,S0015,2024-10-21,25,1064
2024-12-01,P000094,LOC014,986,179.01,S0015,2024-11-12,25,1064
2024-12-31,P000094,LOC014,980,182.06,S0015,2024-12-05,25,1064
2025-01-30,P000094,LOC014,1015,182.19,S0015,2025-01-11,25,1064
2025-03-01,P000094,LOC014,1044,172.17,S0015,2025-02-26,25,1064
2025-03-31,P000094,LOC014,1071,173.6,S0015,2025-03-11,25,1064
2024-10-02,P000094,LOC015,987,187.5,S0015,2024-09-30,25,1064
2024-11-01,P000094,LOC015,1086,173.08,S0015,2024-10-18,25,1064
2024-12-01,P000094,LOC015,1183,178.44,S0015,2024-11-15,25,1064
2024-12-31,P000094,LOC015,1265,181.99,S0015,2024-12-22,25,1064
2025-01-30,P000094,LOC015,1321,172.73,S0015,2025-01-13,25,1064
2025-03-01,P000094,LOC015,1305,187.96,S0015,2025-02-19,25,1064
2025-03-31,P000094,LOC015,1354,181.97,S0015,2025-03-28,25,1064
2024-10-02,P000094,LOC016,1048,179.57,S0015,2024-09-05,25,1064
2024-11-01,P000094,LOC016,1021,183.98,S0015,2024-10-31,25,1064
2024-12-01,P000094,LOC016,1104,187.2,S0015,2024-11-14,25,1064
2024-12-31,P000094,LOC016,1160,176.88,S0015,2024-12-27,25,1064
2025-01-30,P000094,LOC016,1243,174.12,S0015,2025-01-09,25,1064
2025-03-01,P000094,LOC016,1202,180.19,S0015,2025-01-30,25,1064
2025-03-31,P000094,LOC016,1173,172.8,S0015,2025-03-03,25,1064
2024-10-02,P000094,LOC017,948,172.05,S0015,2024-10-01,25,1064
2024-11-01,P000094,LOC017,958,173.76,S0015,2024-10-29,25,1064
2024-12-01,P000094,LOC017,929,180.13,S0015,2024-11-05,25,1064
2024-12-31,P000094,LOC017,985,184.22,S0015,2024-12-16,25,1064
2025-01-30,P000094,LOC017,1010,182.11,S0015,2025-01-05,25,1064
2025-03-01,P000094,LOC017,1058,181.48,S0015,2025-02-03,25,1064
2025-03-31,P000094,LOC017,1020,176.23,S0015,2025-03-11,25,1064
2024-10-02,P000094,LOC018,1030,186.75,S0015,2024-09-10,25,1064
2024-11-01,P000094,LOC018,1079,172.97,S0015,2024-10-30,25,1064
2024-12-01,P000094,LOC018,1165,175.6,S0015,2024-11-03,25,1064
2024-12-31,P000094,LOC018,1207,170.9,S0015,2024-12-28,25,1064
2025-01-30,P000094,LOC018,1239,172.21,S0015,2024-12-31,25,1064
2025-03-01,P000094,LOC018,1208,176.57,S0015,2025-02-06,25,1064
2025-03-31,P000094,LOC018,1213,184.82,S0015,2025-03-12,25,1064
2024-10-02,P000094,LOC019,941,181.9,S0015,2024-09-23,25,1064
2024-11-01,P000094,LOC019,904,172.52,S0015,2024-10-27,25,1064
2024-12-01,P000094,LOC019,956,185.28,S0015,2024-11-19,25,1064
2024-12-31,P000094,LOC019,988,185.04,S0015,2024-12-13,25,1064
2025-01-30,P000094,LOC019,941,179.73,S0015,2025-01-18,25,1064
2025-03-01,P000094,LOC019,994,172.84,S0015,2025-02-05,25,1064
2025-03-31,P000094,LOC019,1003,185.77,S0015,2025-03-30,25,1064
2024-10-02,P000094,LOC020,1036,178.36,S0015,2024-09-04,25,1064
2024-11-01,P000094,LOC020,1047,179.48,S0015,2024-10-27,25,1064
2024-12-01,P000094,LOC020,1039,179.26,S0015,2024-11-30,25,1064
2024-12-31,P000094,LOC020,1033,186.83,S0015,2024-12-19,25,1064
2025-01-30,P000094,LOC020,1002,174.93,S0015,2025-01-29,25,1064
2025-03-01,P000094,LOC020,1004,186.13,S0015,2025-02-23,25,1064
2025-03-31,P000094,LOC020,1020,177.4,S0015,2025-03-04,25,1064
2024-10-02,P000095,LOC001,182,232.71,S0014,2024-09-14,25,974
2024-11-01,P000095,LOC001,188,240.98,S0014,2024-10-27,25,974
2024-12-01,P000095,LOC001,242,252.52,S0014,2024-11-22,25,974
2024-12-31,P000095,LOC001,229,255.66,S0014,2024-12-19,25,974
2025-01-30,P000095,LOC001,304,253.86,S0014,2025-01-03,25,974
2025-03-01,P000095,LOC001,343,233.0,S0014,2025-02-22,25,974
2025-03-31,P000095,LOC001,402,239.38,S0014,2025-03-14,25,974
2024-10-02,P000095,LOC002,140,243.3,S0014,2024-09-22,25,974
2024-11-01,P000095,LOC002,137,242.4,S0014,2024-10-21,25,974
2024-12-01,P000095,LOC002,186,243.89,S0014,2024-11-19,25,974
2024-12-31,P000095,LOC002,235,244.78,S0014,2024-12-16,25,974
2025-01-30,P000095,LOC002,275,244.72,S0014,2025-01-23,25,974
2025-03-01,P000095,LOC002,247,233.8,S0014,2025-02-12,25,974
2025-03-31,P000095,LOC002,250,253.39,S0014,2025-03-16,25,974
2024-10-02,P000095,LOC003,83,238.41,S0014,2024-09-21,25,974
2024-11-01,P000095,LOC003,38,241.47,S0014,2024-10-06,25,974
2024-12-01,P000095,LOC003,38,237.05,S0014,2024-11-04,25,974
2024-12-31,P000095,LOC003,37,254.18,S0014,2024-12-08,25,974
2025-01-30,P000095,LOC003,71,241.95,S0014,2025-01-21,25,974
2025-03-01,P000095,LOC003,29,246.61,S0014,2025-02-27,25,974
2025-03-31,P000095,LOC003,53,235.01,S0014,2025-03-20,25,974
2024-10-02,P000095,LOC004,224,233.5,S0014,2024-09-19,25,974
2024-11-01,P000095,LOC004,225,241.93,S0014,2024-10-14,25,974
2024-12-01,P000095,LOC004,196,247.34,S0014,2024-11-22,25,974
2024-12-31,P000095,LOC004,148,246.96,S0014,2024-12-12,25,974
2025-01-30,P000095,LOC004,133,239.66,S0014,2025-01-12,25,974
2025-03-01,P000095,LOC004,105,238.87,S0014,2025-02-01,25,974
2025-03-31,P000095,LOC004,199,241.75,S0014,2025-03-23,25,974
2024-10-02,P000095,LOC005,194,255.04,S0014,2024-09-23,25,974
2024-11-01,P000095,LOC005,288,247.29,S0014,2024-10-16,25,974
2024-12-01,P000095,LOC005,298,247.64,S0014,2024-11-21,25,974
2024-12-31,P000095,LOC005,252,233.82,S0014,2024-12-16,25,974
2025-01-30,P000095,LOC005,343,253.75,S0014,2025-01-04,25,974
2025-03-01,P000095,LOC005,393,256.07,S0014,2025-02-11,25,974
2025-03-31,P000095,LOC005,473,239.25,S0014,2025-03-06,25,974
2024-10-02,P000095,LOC006,147,238.04,S0014,2024-09-13,25,974
2024-11-01,P000095,LOC006,217,244.4,S0014,2024-10-04,25,974
2024-12-01,P000095,LOC006,211,252.22,S0014,2024-11-14,25,974
2024-12-31,P000095,LOC006,250,238.54,S0014,2024-12-17,25,974
2025-01-30,P000095,LOC006,220,233.75,S0014,2025-01-04,25,974
2025-03-01,P000095,LOC006,193,239.74,S0014,2025-02-03,25,974
2025-03-31,P000095,LOC006,256,243.31,S0014,2025-03-29,25,974
2024-10-02,P000095,LOC007,100,240.26,S0014,2024-09-16,25,974
2024-11-01,P000095,LOC007,158,256.67,S0014,2024-10-18,25,974
2024-12-01,P000095,LOC007,150,236.07,S0014,2024-11-23,25,974
2024-12-31,P000095,LOC007,145,243.79,S0014,2024-12-17,25,974
2025-01-30,P000095,LOC007,168,233.13,S0014,2025-01-11,25,974
2025-03-01,P000095,LOC007,194,234.47,S0014,2025-02-09,25,974
2025-03-31,P000095,LOC007,203,243.47,S0014,2025-03-27,25,974
2024-10-02,P000095,LOC008,102,250.8,S0014,2024-09-17,25,974
2024-11-01,P000095,LOC008,104,251.39,S0014,2024-10-27,25,974
2024-12-01,P000095,LOC008,158,236.39,S0014,2024-11-07,25,974
2024-12-31,P000095,LOC008,258,238.61,S0014,2024-12-05,25,974
2025-01-30,P000095,LOC008,319,246.24,S0014,2025-01-25,25,974
2025-03-01,P000095,LOC008,350,246.13,S0014,2025-02-15,25,974
2025-03-31,P000095,LOC008,431,256.09,S0014,2025-03-09,25,974
2024-10-02,P000095,LOC009,151,253.29,S0014,2024-09-25,25,974
2024-11-01,P000095,LOC009,238,242.68,S0014,2024-10-30,25,974
2024-12-01,P000095,LOC009,202,233.61,S0014,2024-11-28,25,974
2024-12-31,P000095,LOC009,298,248.74,S0014,2024-12-21,25,974
2025-01-30,P000095,LOC009,350,249.67,S0014,2025-01-28,25,974
2025-03-01,P000095,LOC009,344,255.85,S0014,2025-02-13,25,974
2025-03-31,P000095,LOC009,397,251.23,S0014,2025-03-08,25,974
2024-10-02,P000095,LOC010,143,235.64,S0014,2024-09-12,25,974
2024-11-01,P000095,LOC010,185,241.77,S0014,2024-10-14,25,974
2024-12-01,P000095,LOC010,163,256.9,S0014,2024-11-14,25,974
2024-12-31,P000095,LOC010,128,254.63,S0014,2024-12-30,25,974
2025-01-30,P000095,LOC010,107,243.56,S0014,2025-01-26,25,974
2025-03-01,P000095,LOC010,121,250.01,S0014,2025-02-04,25,974
2025-03-31,P000095,LOC010,143,240.54,S0014,2025-03-21,25,974
2024-10-02,P000095,LOC011,104,247.74,S0014,2024-09-18,25,974
2024-11-01,P000095,LOC011,153,240.46,S0014,2024-10-24,25,974
2024-12-01,P000095,LOC011,151,246.17,S0014,2024-11-03,25,974
2024-12-31,P000095,LOC011,145,232.67,S0014,2024-12-06,25,974
2025-01-30,P000095,LOC011,234,235.78,S0014,2025-01-20,25,974
2025-03-01,P000095,LOC011,189,239.05,S0014,2025-02-17,25,974
2025-03-31,P000095,LOC011,261,252.62,S0014,2025-03-09,25,974
2024-10-02,P000095,LOC012,196,242.51,S0014,2024-09-04,25,974
2024-11-01,P000095,LOC012,267,250.09,S0014,2024-10-24,25,974
2024-12-01,P000095,LOC012,324,246.93,S0014,2024-11-09,25,974
2024-12-31,P000095,LOC012,302,241.11,S0014,2024-12-16,25,974
2025-01-30,P000095,LOC012,305,252.65,S0014,2025-01-08,25,974
2025-03-01,P000095,LOC012,316,255.14,S0014,2025-02-19,25,974
2025-03-31,P000095,LOC012,295,241.37,S0014,2025-03-28,25,974
2024-10-02,P000095,LOC013,199,239.54,S0014,2024-09-02,25,974
2024-11-01,P000095,LOC013,193,235.8,S0014,2024-10-21,25,974
2024-12-01,P000095,LOC013,213,254.99,S0014,2024-11-01,25,974
2024-12-31,P000095,LOC013,216,251.59,S0014,2024-12-29,25,974
2025-01-30,P000095,LOC013,201,240.15,S0014,2025-01-28,25,974
2025-03-01,P000095,LOC013,180,247.18,S0014,2025-02-17,25,974
2025-03-31,P000095,LOC013,157,253.76,S0014,2025-03-11,25,974
2024-10-02,P000095,LOC014,145,242.31,S0014,2024-09-24,25,974
2024-11-01,P000095,LOC014,204,255.14,S0014,2024-10-21,25,974
2024-12-01,P000095,LOC014,281,254.54,S0014,2024-11-08,25,974
2024-12-31,P000095,LOC014,374,239.29,S0014,2024-12-26,25,974
2025-01-30,P000095,LOC014,329,238.61,S0014,2025-01-24,25,974
2025-03-01,P000095,LOC014,282,233.98,S0014,2025-02-07,25,974
2025-03-31,P000095,LOC014,349,255.33,S0014,2025-03-30,25,974
2024-10-02,P000095,LOC015,165,239.24,S0014,2024-09-12,25,974
2024-11-01,P000095,LOC015,131,250.56,S0014,2024-10-04,25,974
2024-12-01,P000095,LOC015,165,252.37,S0014,2024-11-15,25,974
2024-12-31,P000095,LOC015,238,246.63,S0014,2024-12-17,25,974
2025-01-30,P000095,LOC015,257,236.95,S0014,2025-01-15,25,974
2025-03-01,P000095,LOC015,233,248.85,S0014,2025-02-23,25,974
2025-03-31,P000095,LOC015,294,246.11,S0014,2025-03-20,25,974
2024-10-02,P000095,LOC016,136,233.8,S0014,2024-09-21,25,974
2024-11-01,P000095,LOC016,184,244.86,S0014,2024-10-23,25,974
2024-12-01,P000095,LOC016,225,237.39,S0014,2024-11-15,25,974
2024-12-31,P000095,LOC016,276,241.44,S0014,2024-12-02,25,974
2025-01-30,P000095,LOC016,256,252.84,S0014,2025-01-12,25,974
2025-03-01,P000095,LOC016,255,250.76,S0014,2025-02-14,25,974
2025-03-31,P000095,LOC016,330,256.71,S0014,2025-03-06,25,974
2024-10-02,P000095,LOC017,205,242.0,S0014,2024-09-02,25,974
2024-11-01,P000095,LOC017,169,232.83,S0014,2024-10-10,25,974
2024-12-01,P000095,LOC017,190,244.39,S0014,2024-11-04,25,974
2024-12-31,P000095,LOC017,234,254.91,S0014,2024-12-26,25,974
2025-01-30,P000095,LOC017,211,233.21,S0014,2025-01-11,25,974
2025-03-01,P000095,LOC017,235,255.4,S0014,2025-02-25,25,974
2025-03-31,P000095,LOC017,245,244.55,S0014,2025-03-07,25,974
2024-10-02,P000095,LOC018,89,253.37,S0014,2024-09-16,25,974
2024-11-01,P000095,LOC018,140,257.02,S0014,2024-10-19,25,974
2024-12-01,P000095,LOC018,172,239.87,S0014,2024-11-10,25,974
2024-12-31,P000095,LOC018,247,251.23,S0014,2024-12-04,25,974
2025-01-30,P000095,LOC018,233,248.3,S0014,2025-01-12,25,974
2025-03-01,P000095,LOC018,252,251.29,S0014,2025-02-23,25,974
2025-03-31,P000095,LOC018,307,252.97,S0014,2025-03-18,25,974
2024-10-02,P000095,LOC019,123,241.67,S0014,2024-09-17,25,974
2024-11-01,P000095,LOC019,181,254.33,S0014,2024-10-10,25,974
2024-12-01,P000095,LOC019,195,240.48,S0014,2024-11-10,25,974
2024-12-31,P000095,LOC019,197,255.42,S0014,2024-12-26,25,974
2025-01-30,P000095,LOC019,195,256.09,S0014,2025-01-06,25,974
2025-03-01,P000095,LOC019,257,254.22,S0014,2025-02-18,25,974
2025-03-31,P000095,LOC019,334,238.86,S0014,2025-03-03,25,974
2024-10-02,P000095,LOC020,129,253.64,S0014,2024-09-11,25,974
2024-11-01,P000095,LOC020,187,256.42,S0014,2024-10-05,25,974
2024-12-01,P000095,LOC020,282,251.56,S0014,2024-11-16,25,974
2024-12-31,P000095,LOC020,363,241.9,S0014,2024-12-27,25,974
2025-01-30,P000095,LOC020,408,241.4,S0014,2025-01-22,25,974
2025-03-01,P000095,LOC020,469,234.14,S0014,2025-02-16,25,974
2025-03-31,P000095,LOC020,435,242.74,S0014,2025-03-10,25,974
2024-10-02,P000096,LOC001,305,63.9,S0023,2024-09-09,28,782
2024-11-01,P000096,LOC001,267,64.15,S0023,2024-10-28,28,782
2024-12-01,P000096,LOC001,268,64.47,S0023,2024-11-10,28,782
2024-12-31,P000096,LOC001,271,65.79,S0023,2024-12-09,28,782
2025-01-30,P000096,LOC001,344,64.06,S0023,2025-01-20,28,782
2025-03-01,P000096,LOC001,325,65.24,S0023,2025-02-10,28,782
2025-03-31,P000096,LOC001,385,64.33,S0023,2025-03-09,28,782
2024-10-02,P000096,LOC002,216,67.25,S0023,2024-09-16,28,782
2024-11-01,P000096,LOC002,274,70.01,S0023,2024-10-23,28,782
2024-12-01,P000096,LOC002,297,68.12,S0023,2024-11-29,28,782
2024-12-31,P000096,LOC002,397,63.42,S0023,2024-12-07,28,782
2025-01-30,P000096,LOC002,388,66.05,S0023,2025-01-28,28,782
2025-03-01,P000096,LOC002,427,63.77,S0023,2025-02-19,28,782
2025-03-31,P000096,LOC002,487,65.6,S0023,2025-03-27,28,782
2024-10-02,P000096,LOC003,325,68.77,S0023,2024-10-01,28,782
2024-11-01,P000096,LOC003,390,66.76,S0023,2024-10-04,28,782
2024-12-01,P000096,LOC003,457,69.98,S0023,2024-11-16,28,782
2024-12-31,P000096,LOC003,446,64.93,S0023,2024-12-22,28,782
2025-01-30,P000096,LOC003,479,65.99,S0023,2025-01-03,28,782
2025-03-01,P000096,LOC003,519,66.59,S0023,2025-02-17,28,782
2025-03-31,P000096,LOC003,610,65.41,S0023,2025-03-22,28,782
2024-10-02,P000096,LOC004,319,64.2,S0023,2024-09-02,28,782
2024-11-01,P000096,LOC004,322,69.18,S0023,2024-10-28,28,782
2024-12-01,P000096,LOC004,362,64.36,S0023,2024-11-22,28,782
2024-12-31,P000096,LOC004,428,65.68,S0023,2024-12-30,28,782
2025-01-30,P000096,LOC004,493,68.41,S0023,2025-01-18,28,782
2025-03-01,P000096,LOC004,574,66.82,S0023,2025-02-23,28,782
2025-03-31,P000096,LOC004,586,68.83,S0023,2025-03-24,28,782
2024-10-02,P000096,LOC005,275,69.68,S0023,2024-09-24,28,782
2024-11-01,P000096,LOC005,266,65.69,S0023,2024-10-19,28,782
2024-12-01,P000096,LOC005,321,66.53,S0023,2024-11-27,28,782
2024-12-31,P000096,LOC005,350,64.37,S0023,2024-12-22,28,782
2025-01-30,P000096,LOC005,373,67.34,S0023,2025-01-17,28,782
2025-03-01,P000096,LOC005,396,67.35,S0023,2025-02-27,28,782
2025-03-31,P000096,LOC005,415,64.93,S0023,2025-03-24,28,782
2024-10-02,P000096,LOC006,236,69.05,S0023,2024-09-06,28,782
2024-11-01,P000096,LOC006,209,67.88,S0023,2024-10-30,28,782
2024-12-01,P000096,LOC006,309,67.34,S0023,2024-11-06,28,782
2024-12-31,P000096,LOC006,350,63.68,S0023,2024-12-24,28,782
2025-01-30,P000096,LOC006,310,64.93,S0023,2025-01-25,28,782
2025-03-01,P000096,LOC006,395,65.79,S0023,2025-02-06,28,782
2025-03-31,P000096,LOC006,490,68.31,S0023,2025-03-04,28,782
2024-10-02,P000096,LOC007,322,68.28,S0023,2024-09-14,28,782
2024-11-01,P000096,LOC007,339,69.6,S0023,2024-10-10,28,782
2024-12-01,P000096,LOC007,354,65.43,S0023,2024-11-20,28,782
2024-12-31,P000096,LOC007,365,64.52,S0023,2024-12-10,28,782
2025-01-30,P000096,LOC007,387,67.87,S0023,2025-01-12,28,782
2025-03-01,P000096,LOC007,368,68.26,S0023,2025-02-15,28,782
2025-03-31,P000096,LOC007,419,69.05,S0023,2025-03-21,28,782
2024-10-02,P000096,LOC008,245,66.92,S0023,2024-09-14,28,782
2024-11-01,P000096,LOC008,302,69.22,S0023,2024-10-25,28,782
2024-12-01,P000096,LOC008,293,67.54,S0023,2024-11-13,28,782
2024-12-31,P000096,LOC008,343,67.19,S0023,2024-12-10,28,782
2025-01-30,P000096,LOC008,423,69.23,S0023,2025-01-20,28,782
2025-03-01,P000096,LOC008,505,67.96,S0023,2025-02-08,28,782
2025-03-31,P000096,LOC008,578,65.07,S0023,2025-03-24,28,782
2024-10-02,P000096,LOC009,249,67.15,S0023,2024-09-13,28,782
2024-11-01,P000096,LOC009,200,67.62,S0023,2024-10-22,28,782
2024-12-01,P000096,LOC009,255,67.01,S0023,2024-11-29,28,782
2024-12-31,P000096,LOC009,245,65.88,S0023,2024-12-17,28,782
2025-01-30,P000096,LOC009,309,67.5,S0023,2025-01-29,28,782
2025-03-01,P000096,LOC009,300,69.65,S0023,2025-02-05,28,782
2025-03-31,P000096,LOC009,267,69.09,S0023,2025-03-09,28,782
2024-10-02,P000096,LOC010,283,69.28,S0023,2024-09-18,28,782
2024-11-01,P000096,LOC010,255,64.48,S0023,2024-10-10,28,782
2024-12-01,P000096,LOC010,285,65.96,S0023,2024-11-10,28,782
2024-12-31,P000096,LOC010,262,65.42,S0023,2024-12-17,28,782
2025-01-30,P000096,LOC010,278,67.99,S0023,2025-01-05,28,782
2025-03-01,P000096,LOC010,347,64.08,S0023,2025-02-09,28,782
2025-03-31,P000096,LOC010,390,69.2,S0023,2025-03-09,28,782
2024-10-02,P000096,LOC011,320,67.72,S0023,2024-10-01,28,782
2024-11-01,P000096,LOC011,289,69.12,S0023,2024-10-17,28,782
2024-12-01,P000096,LOC011,366,63.83,S0023,2024-11-08,28,782
2024-12-31,P000096,LOC011,368,69.21,S0023,2024-12-25,28,782
2025-01-30,P000096,LOC011,468,64.31,S0023,2025-01-04,28,782
2025-03-01,P000096,LOC011,495,66.03,S0023,2025-02-26,28,782
2025-03-31,P000096,LOC011,477,69.04,S0023,2025-03-05,28,782
2024-10-02,P000096,LOC012,297,67.72,S0023,2024-09-17,28,782
2024-11-01,P000096,LOC012,294,68.96,S0023,2024-10-11,28,782
2024-12-01,P000096,LOC012,386,68.9,S0023,2024-11-06,28,782
2024-12-31,P000096,LOC012,438,64.5,S0023,2024-12-03,28,782
2025-01-30,P000096,LOC012,430,70.05,S0023,2025-01-18,28,782
2025-03-01,P000096,LOC012,386,68.86,S0023,2025-02-10,28,782
2025-03-31,P000096,LOC012,466,64.55,S0023,2025-03-03,28,782
2024-10-02,P000096,LOC013,311,64.29,S0023,2024-09-08,28,782
2024-11-01,P000096,LOC013,280,65.31,S0023,2024-10-07,28,782
2024-12-01,P000096,LOC013,315,64.75,S0023,2024-11-04,28,782
2024-12-31,P000096,LOC013,329,65.44,S0023,2024-12-09,28,782
2025-01-30,P000096,LOC013,397,65.83,S0023,2025-01-21,28,782
2025-03-01,P000096,LOC013,389,64.17,S0023,2025-02-23,28,782
2025-03-31,P000096,LOC013,350,69.75,S0023,2025-03-13,28,782
2024-10-02,P000096,LOC014,323,69.97,S0023,2024-09-17,28,782
2024-11-01,P000096,LOC014,321,66.07,S0023,2024-10-26,28,782
2024-12-01,P000096,LOC014,318,65.97,S0023,2024-11-25,28,782
2024-12-31,P000096,LOC014,333,65.06,S0023,2024-12-28,28,782
2025-01-30,P000096,LOC014,345,67.37,S0023,2025-01-21,28,782
2025-03-01,P000096,LOC014,331,69.46,S0023,2025-02-02,28,782
2025-03-31,P000096,LOC014,404,64.01,S0023,2025-03-27,28,782
2024-10-02,P000096,LOC015,299,67.82,S0023,2024-09-16,28,782
2024-11-01,P000096,LOC015,349,68.81,S0023,2024-10-12,28,782
2024-12-01,P000096,LOC015,349,69.17,S0023,2024-11-08,28,782
2024-12-31,P000096,LOC015,324,63.56,S0023,2024-12-19,28,782
2025-01-30,P000096,LOC015,390,64.07,S0023,2025-01-11,28,782
2025-03-01,P000096,LOC015,477,68.91,S0023,2025-02-14,28,782
2025-03-31,P000096,LOC015,479,69.05,S0023,2025-03-21,28,782
2024-10-02,P000096,LOC016,252,66.84,S0023,2024-09-23,28,782
2024-11-01,P000096,LOC016,349,65.72,S0023,2024-10-20,28,782
2024-12-01,P000096,LOC016,395,67.94,S0023,2024-11-15,28,782
2024-12-31,P000096,LOC016,459,66.95,S0023,2024-12-11,28,782
2025-01-30,P000096,LOC016,470,67.1,S0023,2025-01-08,28,782
2025-03-01,P000096,LOC016,545,66.24,S0023,2025-02-24,28,782
2025-03-31,P000096,LOC016,527,69.77,S0023,2025-03-01,28,782
2024-10-02,P000096,LOC017,223,66.88,S0023,2024-09-30,28,782
2024-11-01,P000096,LOC017,315,64.03,S0023,2024-10-31,28,782
2024-12-01,P000096,LOC017,324,65.07,S0023,2024-11-01,28,782
2024-12-31,P000096,LOC017,293,66.5,S0023,2024-12-03,28,782
2025-01-30,P000096,LOC017,356,64.11,S0023,2025-01-26,28,782
2025-03-01,P000096,LOC017,365,66.18,S0023,2025-02-12,28,782
2025-03-31,P000096,LOC017,319,66.15,S0023,2025-03-07,28,782
2024-10-02,P000096,LOC018,302,64.75,S0023,2024-09-30,28,782
2024-11-01,P000096,LOC018,367,66.46,S0023,2024-10-11,28,782
2024-12-01,P000096,LOC018,400,69.75,S0023,2024-11-15,28,782
2024-12-31,P000096,LOC018,444,64.27,S0023,2024-12-02,28,782
2025-01-30,P000096,LOC018,447,69.06,S0023,2025-01-25,28,782
2025-03-01,P000096,LOC018,524,65.52,S0023,2025-02-26,28,782
2025-03-31,P000096,LOC018,502,65.61,S0023,2025-03-12,28,782
2024-10-02,P000096,LOC019,257,64.8,S0023,2024-09-26,28,782
2024-11-01,P000096,LOC019,217,68.84,S0023,2024-10-12,28,782
2024-12-01,P000096,LOC019,227,63.63,S0023,2024-11-09,28,782
2024-12-31,P000096,LOC019,182,65.46,S0023,2024-12-07,28,782
2025-01-30,P000096,LOC019,186,68.52,S0023,2025-01-16,28,782
2025-03-01,P000096,LOC019,182,65.74,S0023,2025-02-24,28,782
2025-03-31,P000096,LOC019,201,66.8,S0023,2025-03-08,28,782
2024-10-02,P000096,LOC020,286,66.21,S0023,2024-09-06,28,782
2024-11-01,P000096,LOC020,243,69.11,S0023,2024-10-19,28,782
2024-12-01,P000096,LOC020,236,64.86,S0023,2024-11-18,28,782
2024-12-31,P000096,LOC020,211,67.83,S0023,2024-12-10,28,782
2025-01-30,P000096,LOC020,246,68.54,S0023,2025-01-25,28,782
2025-03-01,P000096,LOC020,266,65.84,S0023,2025-02-04,28,782
2025-03-31,P000096,LOC020,362,67.86,S0023,2025-03-19,28,782
2024-10-02,P000097,LOC001,1003,545.88,S0027,2024-09-03,22,1138
2024-11-01,P000097,LOC001,1024,582.05,S0027,2024-10-10,22,1138
2024-12-01,P000097,LOC001,981,549.67,S0027,2024-11-25,22,1138
2024-12-31,P000097,LOC001,1015,531.77,S0027,2024-12-21,22,1138
2025-01-30,P000097,LOC001,994,531.93,S0027,2025-01-06,22,1138
2025-03-01,P000097,LOC001,959,554.16,S0027,2025-02-25,22,1138
2025-03-31,P000097,LOC001,1031,531.85,S0027,2025-03-21,22,1138
2024-10-02,P000097,LOC002,933,550.23,S0027,2024-09-30,22,1138
2024-11-01,P000097,LOC002,962,528.02,S0027,2024-10-28,22,1138
2024-12-01,P000097,LOC002,987,540.52,S0027,2024-11-30,22,1138
2024-12-31,P000097,LOC002,965,572.62,S0027,2024-12-01,22,1138
2025-01-30,P000097,LOC002,1025,537.33,S0027,2025-01-10,22,1138
2025-03-01,P000097,LOC002,1026,561.29,S0027,2025-02-22,22,1138
2025-03-31,P000097,LOC002,1064,554.32,S0027,2025-03-08,22,1138
2024-10-02,P000097,LOC003,944,569.6,S0027,2024-09-16,22,1138
2024-11-01,P000097,LOC003,1015,542.32,S0027,2024-10-17,22,1138
2024-12-01,P000097,LOC003,1024,537.71,S0027,2024-11-28,22,1138
2024-12-31,P000097,LOC003,1004,563.39,S0027,2024-12-13,22,1138
2025-01-30,P000097,LOC003,1020,576.57,S0027,2025-01-13,22,1138
2025-03-01,P000097,LOC003,1067,541.1,S0027,2025-02-12,22,1138
2025-03-31,P000097,LOC003,1135,577.69,S0027,2025-03-28,22,1138
2024-10-02,P000097,LOC004,908,550.7,S0027,2024-09-12,22,1138
2024-11-01,P000097,LOC004,873,529.11,S0027,2024-10-10,22,1138
2024-12-01,P000097,LOC004,824,534.75,S0027,2024-11-29,22,1138
2024-12-31,P000097,LOC004,910,531.58,S0027,2024-12-27,22,1138
2025-01-30,P000097,LOC004,980,563.89,S0027,2025-01-11,22,1138
2025-03-01,P000097,LOC004,982,555.8,S0027,2025-02-02,22,1138
2025-03-31,P000097,LOC004,1036,532.04,S0027,2025-03-05,22,1138
2024-10-02,P000097,LOC005,915,529.68,S0027,2024-09-05,22,1138
2024-11-01,P000097,LOC005,901,572.5,S0027,2024-10-22,22,1138
2024-12-01,P000097,LOC005,856,551.16,S0027,2024-11-23,22,1138
2024-12-31,P000097,LOC005,885,563.19,S0027,2024-12-07,22,1138
2025-01-30,P000097,LOC005,858,533.49,S0027,2025-01-20,22,1138
2025-03-01,P000097,LOC005,836,551.2,S0027,2025-02-16,22,1138
2025-03-31,P000097,LOC005,817,542.02,S0027,2025-03-05,22,1138
2024-10-02,P000097,LOC006,997,557.32,S0027,2024-09-05,22,1138
2024-11-01,P000097,LOC006,1066,565.38,S0027,2024-10-09,22,1138
2024-12-01,P000097,LOC006,1134,527.3,S0027,2024-11-29,22,1138
2024-12-31,P000097,LOC006,1176,528.69,S0027,2024-12-01,22,1138
2025-01-30,P000097,LOC006,1130,555.48,S0027,2025-01-29,22,1138
2025-03-01,P000097,LOC006,1181,563.73,S0027,2025-02-25,22,1138
2025-03-31,P000097,LOC006,1219,574.26,S0027,2025-03-17,22,1138
2024-10-02,P000097,LOC007,939,530.86,S0027,2024-09-21,22,1138
2024-11-01,P000097,LOC007,980,528.55,S0027,2024-10-09,22,1138
2024-12-01,P000097,LOC007,1031,573.22,S0027,2024-11-04,22,1138
2024-12-31,P000097,LOC007,1037,561.04,S0027,2024-12-19,22,1138
2025-01-30,P000097,LOC007,1018,539.77,S0027,2025-01-24,22,1138
2025-03-01,P000097,LOC007,973,563.24,S0027,2025-01-30,22,1138
2025-03-31,P000097,LOC007,950,539.83,S0027,2025-03-14,22,1138
2024-10-02,P000097,LOC008,907,533.17,S0027,2024-09-05,22,1138
2024-11-01,P000097,LOC008,903,552.7,S0027,2024-10-07,22,1138
2024-12-01,P000097,LOC008,967,572.85,S0027,2024-11-12,22,1138
2024-12-31,P000097,LOC008,1059,542.82,S0027,2024-12-02,22,1138
2025-01-30,P000097,LOC008,1037,548.35,S0027,2025-01-23,22,1138
2025-03-01,P000097,LOC008,1103,572.73,S0027,2025-02-27,22,1138
2025-03-31,P000097,LOC008,1078,548.32,S0027,2025-03-04,22,1138
2024-10-02,P000097,LOC009,1048,560.81,S0027,2024-09-05,22,1138
2024-11-01,P000097,LOC009,1013,569.94,S0027,2024-10-18,22,1138
2024-12-01,P000097,LOC009,963,530.36,S0027,2024-11-26,22,1138
2024-12-31,P000097,LOC009,928,563.21,S0027,2024-12-21,22,1138
2025-01-30,P000097,LOC009,901,540.66,S0027,2025-01-24,22,1138
2025-03-01,P000097,LOC009,929,542.42,S0027,2025-01-31,22,1138
2025-03-31,P000097,LOC009,997,540.21,S0027,2025-03-22,22,1138
2024-10-02,P000097,LOC010,979,558.96,S0027,2024-09-13,22,1138
2024-11-01,P000097,LOC010,995,527.68,S0027,2024-10-14,22,1138
2024-12-01,P000097,LOC010,998,558.02,S0027,2024-11-12,22,1138
2024-12-31,P000097,LOC010,966,543.61,S0027,2024-12-12,22,1138
2025-01-30,P000097,LOC010,1053,573.35,S0027,2025-01-24,22,1138
2025-03-01,P000097,LOC010,1136,578.53,S0027,2025-02-07,22,1138
2025-03-31,P000097,LOC010,1168,537.31,S0027,2025-03-21,22,1138
2024-10-02,P000097,LOC011,1018,540.84,S0027,2024-09-04,22,1138
2024-11-01,P000097,LOC011,980,561.91,S0027,2024-10-31,22,1138
2024-12-01,P000097,LOC011,1076,532.97,S0027,2024-11-20,22,1138
2024-12-31,P000097,LOC011,1139,540.09,S0027,2024-12-23,22,1138
2025-01-30,P000097,LOC011,1213,569.8,S0027,2025-01-17,22,1138
2025-03-01,P000097,LOC011,1222,552.11,S0027,2025-02-16,22,1138
2025-03-31,P000097,LOC011,1289,566.09,S0027,2025-03-12,22,1138
2024-10-02,P000097,LOC012,929,543.59,S0027,2024-09-10,22,1138
2024-11-01,P000097,LOC012,956,565.09,S0027,2024-10-04,22,1138
2024-12-01,P000097,LOC012,934,574.46,S0027,2024-11-30,22,1138
2024-12-31,P000097,LOC012,970,561.71,S0027,2024-12-23,22,1138
2025-01-30,P000097,LOC012,953,569.82,S0027,2025-01-25,22,1138
2025-03-01,P000097,LOC012,913,534.76,S0027,2025-02-06,22,1138
2025-03-31,P000097,LOC012,904,540.63,S0027,2025-03-19,22,1138
2024-10-02,P000097,LOC013,1048,528.68,S0027,2024-09-02,22,1138
2024-11-01,P000097,LOC013,1103,582.24,S0027,2024-10-06,22,1138
2024-12-01,P000097,LOC013,1119,574.65,S0027,2024-11-25,22,1138
2024-12-31,P000097,LOC013,1214,563.24,S0027,2024-12-08,22,1138
2025-01-30,P000097,LOC013,1308,541.72,S0027,2025-01-11,22,1138
2025-03-01,P000097,LOC013,1290,529.61,S0027,2025-02-11,22,1138
2025-03-31,P000097,LOC013,1351,536.72,S0027,2025-03-16,22,1138
2024-10-02,P000097,LOC014,958,551.73,S0027,2024-09-25,22,1138
2024-11-01,P000097,LOC014,928,569.15,S0027,2024-10-23,22,1138
2024-12-01,P000097,LOC014,881,565.09,S0027,2024-11-09,22,1138
2024-12-31,P000097,LOC014,883,557.81,S0027,2024-12-06,22,1138
2025-01-30,P000097,LOC014,979,551.48,S0027,2025-01-17,22,1138
2025-03-01,P000097,LOC014,1005,549.2,S0027,2025-02-24,22,1138
2025-03-31,P000097,LOC014,1014,540.59,S0027,2025-03-25,22,1138
2024-10-02,P000097,LOC015,998,573.75,S0027,2024-09-26,22,1138
2024-11-01,P000097,LOC015,998,554.77,S0027,2024-10-05,22,1138
2024-12-01,P000097,LOC015,1023,582.19,S0027,2024-11-14,22,1138
2024-12-31,P000097,LOC015,983,572.99,S0027,2024-12-22,22,1138
2025-01-30,P000097,LOC015,1039,544.06,S0027,2025-01-29,22,1138
2025-03-01,P000097,LOC015,1069,556.48,S0027,2025-02-22,22,1138
2025-03-31,P000097,LOC015,1054,528.58,S0027,2025-03-21,22,1138
2024-10-02,P000097,LOC016,1018,547.71,S0027,2024-09-27,22,1138
2024-11-01,P000097,LOC016,1056,574.97,S0027,2024-10-24,22,1138
2024-12-01,P000097,LOC016,1066,530.15,S0027,2024-11-12,22,1138
2024-12-31,P000097,LOC016,1077,541.1,S0027,2024-12-27,22,1138
2025-01-30,P000097,LOC016,1103,570.08,S0027,2025-01-23,22,1138
2025-03-01,P000097,LOC016,1190,560.18,S0027,2025-02-18,22,1138
2025-03-31,P000097,LOC016,1211,533.63,S0027,2025-03-10,22,1138
2024-10-02,P000097,LOC017,1039,542.53,S0027,2024-09-15,22,1138
2024-11-01,P000097,LOC017,1126,579.7,S0027,2024-10-04,22,1138
2024-12-01,P000097,LOC017,1130,536.79,S0027,2024-11-08,22,1138
2024-12-31,P000097,LOC017,1200,574.58,S0027,2024-12-05,22,1138
2025-01-30,P000097,LOC017,1269,577.05,S0027,2025-01-04,22,1138
2025-03-01,P000097,LOC017,1278,535.43,S0027,2025-02-04,22,1138
2025-03-31,P000097,LOC017,1343,576.35,S0027,2025-03-28,22,1138
2024-10-02,P000097,LOC018,913,554.6,S0027,2024-09-23,22,1138
2024-11-01,P000097,LOC018,871,576.65,S0027,2024-10-31,22,1138
2024-12-01,P000097,LOC018,869,578.85,S0027,2024-11-13,22,1138
2024-12-31,P000097,LOC018,933,554.82,S0027,2024-12-12,22,1138
2025-01-30,P000097,LOC018,904,553.77,S0027,2025-01-01,22,1138
2025-03-01,P000097,LOC018,974,539.81,S0027,2025-02-15,22,1138
2025-03-31,P000097,LOC018,1044,554.81,S0027,2025-03-17,22,1138
2024-10-02,P000097,LOC019,981,572.67,S0027,2024-09-07,22,1138
2024-11-01,P000097,LOC019,1015,568.04,S0027,2024-10-28,22,1138
2024-12-01,P000097,LOC019,1000,560.82,S0027,2024-11-27,22,1138
2024-12-31,P000097,LOC019,950,543.65,S0027,2024-12-28,22,1138
2025-01-30,P000097,LOC019,936,565.57,S0027,2025-01-03,22,1138
2025-03-01,P000097,LOC019,990,543.35,S0027,2025-02-28,22,1138
2025-03-31,P000097,LOC019,955,563.52,S0027,2025-03-21,22,1138
2024-10-02,P000097,LOC020,972,549.98,S0027,2024-09-25,22,1138
2024-11-01,P000097,LOC020,1011,548.82,S0027,2024-10-16,22,1138
2024-12-01,P000097,LOC020,969,573.71,S0027,2024-11-04,22,1138
2024-12-31,P000097,LOC020,1060,543.35,S0027,2024-12-27,22,1138
2025-01-30,P000097,LOC020,1040,547.54,S0027,2025-01-11,22,1138
2025-03-01,P000097,LOC020,1110,553.18,S0027,2025-02-13,22,1138
2025-03-31,P000097,LOC020,1080,564.91,S0027,2025-03-13,22,1138
2024-10-02,P000098,LOC001,828,422.78,S0022,2024-09-25,44,447
2024-11-01,P000098,LOC001,874,417.04,S0022,2024-10-09,44,447
2024-12-01,P000098,LOC001,841,407.33,S0022,2024-11-28,44,447
2024-12-31,P000098,LOC001,905,402.88,S0022,2024-12-30,44,447
2025-01-30,P000098,LOC001,1003,400.79,S0022,2025-01-28,44,447
2025-03-01,P000098,LOC001,1032,419.01,S0022,2025-02-04,44,447
2025-03-31,P000098,LOC001,1009,406.7,S0022,2025-03-14,44,447
2024-10-02,P000098,LOC002,835,419.43,S0022,2024-10-01,44,447
2024-11-01,P000098,LOC002,821,406.73,S0022,2024-10-03,44,447
2024-12-01,P000098,LOC002,876,412.93,S0022,2024-11-16,44,447
2024-12-31,P000098,LOC002,946,423.71,S0022,2024-12-09,44,447
2025-01-30,P000098,LOC002,960,388.92,S0022,2025-01-14,44,447
2025-03-01,P000098,LOC002,937,398.6,S0022,2025-02-15,44,447
2025-03-31,P000098,LOC002,907,417.68,S0022,2025-03-21,44,447
2024-10-02,P000098,LOC003,759,394.8,S0022,2024-10-01,44,447
2024-11-01,P000098,LOC003,793,392.15,S0022,2024-10-11,44,447
2024-12-01,P000098,LOC003,747,402.23,S0022,2024-11-23,44,447
2024-12-31,P000098,LOC003,824,404.89,S0022,2024-12-05,44,447
2025-01-30,P000098,LOC003,808,421.11,S0022,2025-01-19,44,447
2025-03-01,P000098,LOC003,878,397.9,S0022,2025-02-09,44,447
2025-03-31,P000098,LOC003,927,397.23,S0022,2025-03-29,44,447
2024-10-02,P000098,LOC004,778,410.74,S0022,2024-09-20,44,447
2024-11-01,P000098,LOC004,816,408.96,S0022,2024-10-26,44,447
2024-12-01,P000098,LOC004,841,417.36,S0022,2024-11-28,44,447
2024-12-31,P000098,LOC004,935,400.22,S0022,2024-12-06,44,447
2025-01-30,P000098,LOC004,952,417.23,S0022,2025-01-04,44,447
2025-03-01,P000098,LOC004,1009,420.16,S0022,2025-02-16,44,447
2025-03-31,P000098,LOC004,1018,421.14,S0022,2025-03-03,44,447
2024-10-02,P000098,LOC005,881,409.8,S0022,2024-09-22,44,447
2024-11-01,P000098,LOC005,932,394.74,S0022,2024-10-08,44,447
2024-12-01,P000098,LOC005,911,410.4,S0022,2024-11-26,44,447
2024-12-31,P000098,LOC005,962,397.29,S0022,2024-12-29,44,447
2025-01-30,P000098,LOC005,946,422.27,S0022,2025-01-25,44,447
2025-03-01,P000098,LOC005,972,416.73,S0022,2025-02-14,44,447
2025-03-31,P000098,LOC005,992,426.21,S0022,2025-03-04,44,447
2024-10-02,P000098,LOC006,832,398.41,S0022,2024-09-05,44,447
2024-11-01,P000098,LOC006,801,405.12,S0022,2024-10-02,44,447
2024-12-01,P000098,LOC006,762,403.02,S0022,2024-11-29,44,447
2024-12-31,P000098,LOC006,830,426.52,S0022,2024-12-12,44,447
2025-01-30,P000098,LOC006,881,401.35,S0022,2025-01-02,44,447
2025-03-01,P000098,LOC006,953,407.66,S0022,2025-01-30,44,447
2025-03-31,P000098,LOC006,981,395.34,S0022,2025-03-08,44,447
2024-10-02,P000098,LOC007,791,410.36,S0022,2024-09-30,44,447
2024-11-01,P000098,LOC007,856,410.27,S0022,2024-10-07,44,447
2024-12-01,P000098,LOC007,869,404.89,S0022,2024-11-26,44,447
2024-12-31,P000098,LOC007,871,412.33,S0022,2024-12-18,44,447
2025-01-30,P000098,LOC007,910,420.02,S0022,2025-01-06,44,447
2025-03-01,P000098,LOC007,980,402.17,S0022,2025-02-25,44,447
2025-03-31,P000098,LOC007,1025,411.34,S0022,2025-03-26,44,447
2024-10-02,P000098,LOC008,780,400.8,S0022,2024-09-08,44,447
2024-11-01,P000098,LOC008,838,397.35,S0022,2024-10-24,44,447
2024-12-01,P000098,LOC008,816,424.75,S0022,2024-11-20,44,447
2024-12-31,P000098,LOC008,827,404.55,S0022,2024-12-14,44,447
2025-01-30,P000098,LOC008,796,393.5,S0022,2025-01-19,44,447
2025-03-01,P000098,LOC008,766,400.62,S0022,2025-02-11,44,447
2025-03-31,P000098,LOC008,866,391.7,S0022,2025-03-10,44,447
2024-10-02,P000098,LOC009,877,408.97,S0022,2024-09-25,44,447
2024-11-01,P000098,LOC009,879,390.37,S0022,2024-10-19,44,447
2024-12-01,P000098,LOC009,953,394.62,S0022,2024-11-26,44,447
2024-12-31,P000098,LOC009,920,410.64,S0022,2024-12-22,44,447
2025-01-30,P000098,LOC009,1004,405.25,S0022,2025-01-08,44,447
2025-03-01,P000098,LOC009,956,389.09,S0022,2025-02-01,44,447
2025-03-31,P000098,LOC009,1027,408.76,S0022,2025-03-06,44,447
2024-10-02,P000098,LOC010,786,406.7,S0022,2024-09-23,44,447
2024-11-01,P000098,LOC010,786,419.98,S0022,2024-10-19,44,447
2024-12-01,P000098,LOC010,737,426.98,S0022,2024-11-08,44,447
2024-12-31,P000098,LOC010,704,419.29,S0022,2024-12-12,44,447
2025-01-30,P000098,LOC010,803,388.83,S0022,2025-01-04,44,447
2025-03-01,P000098,LOC010,817,398.4,S0022,2025-02-17,44,447
2025-03-31,P000098,LOC010,894,414.92,S0022,2025-03-20,44,447
2024-10-02,P000098,LOC011,863,413.22,S0022,2024-09-09,44,447
2024-11-01,P000098,LOC011,913,426.49,S0022,2024-10-10,44,447
2024-12-01,P000098,LOC011,885,389.13,S0022,2024-11-27,44,447
2024-12-31,P000098,LOC011,904,420.42,S0022,2024-12-22,44,447
2025-01-30,P000098,LOC011,965,414.05,S0022,2025-01-03,44,447
2025-03-01,P000098,LOC011,1058,408.71,S0022,2025-02-02,44,447
2025-03-31,P000098,LOC011,1101,394.95,S0022,2025-03-18,44,447
2024-10-02,P000098,LOC012,890,425.98,S0022,2024-09-13,44,447
2024-11-01,P000098,LOC012,958,421.22,S0022,2024-10-24,44,447
2024-12-01,P000098,LOC012,1017,424.25,S0022,2024-11-27,44,447
2024-12-31,P000098,LOC012,1062,386.71,S0022,2024-12-02,44,447
2025-01-30,P000098,LOC012,1040,422.54,S0022,2025-01-02,44,447
2025-03-01,P000098,LOC012,1032,389.86,S0022,2025-02-23,44,447
2025-03-31,P000098,LOC012,1060,413.22,S0022,2025-03-23,44,447
2024-10-02,P000098,LOC013,902,407.36,S0022,2024-09-28,44,447
2024-11-01,P000098,LOC013,904,422.95,S0022,2024-10-24,44,447
2024-12-01,P000098,LOC013,965,403.77,S0022,2024-11-26,44,447
2024-12-31,P000098,LOC013,1015,401.0,S0022,2024-12-21,44,447
2025-01-30,P000098,LOC013,965,423.17,S0022,2025-01-09,44,447
2025-03-01,P000098,LOC013,1011,401.1,S0022,2025-02-09,44,447
2025-03-31,P000098,LOC013,1011,410.0,S0022,2025-03-22,44,447
2024-10-02,P000098,LOC014,780,416.28,S0022,2024-09-11,44,447
2024-11-01,P000098,LOC014,792,387.17,S0022,2024-10-20,44,447
2024-12-01,P000098,LOC014,801,409.64,S0022,2024-11-15,44,447
2024-12-31,P000098,LOC014,831,390.82,S0022,2024-12-05,44,447
2025-01-30,P000098,LOC014,871,414.08,S0022,2025-01-14,44,447
2025-03-01,P000098,LOC014,866,409.49,S0022,2025-01-30,44,447
2025-03-31,P000098,LOC014,903,391.19,S0022,2025-03-21,44,447
2024-10-02,P000098,LOC015,851,401.12,S0022,2024-09-20,44,447
2024-11-01,P000098,LOC015,890,407.25,S0022,2024-10-08,44,447
2024-12-01,P000098,LOC015,906,389.88,S0022,2024-11-29,44,447
2024-12-31,P000098,LOC015,970,420.82,S0022,2024-12-30,44,447
2025-01-30,P000098,LOC015,1025,408.95,S0022,2025-01-13,44,447
2025-03-01,P000098,LOC015,977,391.85,S0022,2025-02-18,44,447
2025-03-31,P000098,LOC015,1049,419.33,S0022,2025-03-04,44,447
2024-10-02,P000098,LOC016,839,391.47,S0022,2024-09-08,44,447
2024-11-01,P000098,LOC016,910,425.18,S0022,2024-10-23,44,447
2024-12-01,P000098,LOC016,1008,395.08,S0022,2024-11-08,44,447
2024-12-31,P000098,LOC016,1062,415.57,S0022,2024-12-23,44,447
2025-01-30,P000098,LOC016,1012,417.91,S0022,2025-01-07,44,447
2025-03-01,P000098,LOC016,1106,422.85,S0022,2025-02-16,44,447
2025-03-31,P000098,LOC016,1145,388.38,S0022,2025-03-15,44,447
2024-10-02,P000098,LOC017,815,416.77,S0022,2024-09-22,44,447
2024-11-01,P000098,LOC017,778,398.76,S0022,2024-10-06,44,447
2024-12-01,P000098,LOC017,768,416.6,S0022,2024-11-17,44,447
2024-12-31,P000098,LOC017,819,393.42,S0022,2024-12-16,44,447
2025-01-30,P000098,LOC017,794,393.67,S0022,2025-01-28,44,447
2025-03-01,P000098,LOC017,786,408.49,S0022,2025-02-01,44,447
2025-03-31,P000098,LOC017,871,406.78,S0022,2025-03-01,44,447
2024-10-02,P000098,LOC018,802,388.6,S0022,2024-09-29,44,447
2024-11-01,P000098,LOC018,869,393.34,S0022,2024-10-19,44,447
2024-12-01,P000098,LOC018,864,389.06,S0022,2024-11-03,44,447
2024-12-31,P000098,LOC018,962,426.92,S0022,2024-12-17,44,447
2025-01-30,P000098,LOC018,931,412.46,S0022,2025-01-20,44,447
2025-03-01,P000098,LOC018,924,426.8,S0022,2025-02-23,44,447
2025-03-31,P000098,LOC018,898,411.31,S0022,2025-03-09,44,447
2024-10-02,P000098,LOC019,805,396.62,S0022,2024-09-25,44,447
2024-11-01,P000098,LOC019,882,397.92,S0022,2024-10-09,44,447
2024-12-01,P000098,LOC019,963,397.53,S0022,2024-11-13,44,447
2024-12-31,P000098,LOC019,947,425.14,S0022,2024-12-26,44,447
2025-01-30,P000098,LOC019,1018,391.84,S0022,2025-01-02,44,447
2025-03-01,P000098,LOC019,1083,405.16,S0022,2025-02-05,44,447
2025-03-31,P000098,LOC019,1048,402.31,S0022,2025-03-23,44,447
2024-10-02,P000098,LOC020,802,412.37,S0022,2024-09-12,44,447
2024-11-01,P000098,LOC020,769,423.8,S0022,2024-10-28,44,447
2024-12-01,P000098,LOC020,768,426.75,S0022,2024-11-07,44,447
2024-12-31,P000098,LOC020,730,403.08,S0022,2024-12-14,44,447
2025-01-30,P000098,LOC020,810,400.65,S0022,2025-01-11,44,447
2025-03-01,P000098,LOC020,767,402.63,S0022,2025-02-24,44,447
2025-03-31,P000098,LOC020,832,402.02,S0022,2025-03-07,44,447
2024-10-02,P000099,LOC001,759,260.91,S0026,2024-09-03,11,321
2024-11-01,P000099,LOC001,841,268.06,S0026,2024-10-23,11,321
2024-12-01,P000099,LOC001,805,264.3,S0026,2024-11-24,11,321
2024-12-31,P000099,LOC001,780,287.38,S0026,2024-12-24,11,321
2025-01-30,P000099,LOC001,829,286.09,S0026,2025-01-02,11,321
2025-03-01,P000099,LOC001,922,284.46,S0026,2025-01-30,11,321
2025-03-31,P000099,LOC001,878,281.61,S0026,2025-03-22,11,321
2024-10-02,P000099,LOC002,752,283.23,S0026,2024-09-11,11,321
2024-11-01,P000099,LOC002,852,265.72,S0026,2024-10-19,11,321
2024-12-01,P000099,LOC002,921,272.78,S0026,2024-11-30,11,321
2024-12-31,P000099,LOC002,902,264.78,S0026,2024-12-25,11,321
2025-01-30,P000099,LOC002,879,267.84,S0026,2025-01-07,11,321
2025-03-01,P000099,LOC002,924,272.76,S0026,2025-02-02,11,321
2025-03-31,P000099,LOC002,902,281.81,S0026,2025-03-25,11,321
2024-10-02,P000099,LOC003,810,276.29,S0026,2024-09-23,11,321
2024-11-01,P000099,LOC003,909,271.5,S0026,2024-10-19,11,321
2024-12-01,P000099,LOC003,974,274.33,S0026,2024-11-05,11,321
2024-12-31,P000099,LOC003,950,285.88,S0026,2024-12-17,11,321
2025-01-30,P000099,LOC003,913,268.53,S0026,2025-01-25,11,321
2025-03-01,P000099,LOC003,978,271.84,S0026,2025-01-30,11,321
2025-03-31,P000099,LOC003,1050,278.52,S0026,2025-03-05,11,321
2024-10-02,P000099,LOC004,784,266.84,S0026,2024-09-27,11,321
2024-11-01,P000099,LOC004,775,266.2,S0026,2024-10-30,11,321
2024-12-01,P000099,LOC004,875,262.86,S0026,2024-11-15,11,321
2024-12-31,P000099,LOC004,885,279.49,S0026,2024-12-17,11,321
2025-01-30,P000099,LOC004,891,283.19,S0026,2025-01-01,11,321
2025-03-01,P000099,LOC004,988,285.13,S0026,2025-02-27,11,321
2025-03-31,P000099,LOC004,1015,276.99,S0026,2025-03-09,11,321
2024-10-02,P000099,LOC005,771,260.67,S0026,2024-09-28,11,321
2024-11-01,P000099,LOC005,809,287.3,S0026,2024-10-10,11,321
2024-12-01,P000099,LOC005,826,274.55,S0026,2024-11-03,11,321
2024-12-31,P000099,LOC005,816,269.6,S0026,2024-12-26,11,321
2025-01-30,P000099,LOC005,845,267.68,S0026,2025-01-23,11,321
2025-03-01,P000099,LOC005,813,269.66,S0026,2025-02-21,11,321
2025-03-31,P000099,LOC005,816,283.38,S0026,2025-03-23,11,321
2024-10-02,P000099,LOC006,818,273.69,S0026,2024-09-26,11,321
2024-11-01,P000099,LOC006,782,267.92,S0026,2024-10-28,11,321
2024-12-01,P000099,LOC006,789,281.3,S0026,2024-11-01,11,321
2024-12-31,P000099,LOC006,879,274.21,S0026,2024-12-11,11,321
2025-01-30,P000099,LOC006,943,275.74,S0026,2025-01-06,11,321
2025-03-01,P000099,LOC006,968,282.33,S0026,2025-02-12,11,321
2025-03-31,P000099,LOC006,987,269.91,S0026,2025-03-16,11,321
2024-10-02,P000099,LOC007,801,274.52,S0026,2024-09-21,11,321
2024-11-01,P000099,LOC007,828,264.61,S0026,2024-10-10,11,321
2024-12-01,P000099,LOC007,818,273.19,S0026,2024-11-25,11,321
2024-12-31,P000099,LOC007,791,270.22,S0026,2024-12-28,11,321
2025-01-30,P000099,LOC007,821,286.8,S0026,2025-01-19,11,321
2025-03-01,P000099,LOC007,896,268.57,S0026,2025-02-16,11,321
2025-03-31,P000099,LOC007,879,264.38,S0026,2025-03-13,11,321
2024-10-02,P000099,LOC008,834,282.09,S0026,2024-09-20,11,321
2024-11-01,P000099,LOC008,847,277.89,S0026,2024-10-03,11,321
2024-12-01,P000099,LOC008,889,261.73,S0026,2024-11-26,11,321
2024-12-31,P000099,LOC008,977,261.63,S0026,2024-12-09,11,321
2025-01-30,P000099,LOC008,1050,285.57,S0026,2025-01-01,11,321
2025-03-01,P000099,LOC008,1141,266.27,S0026,2025-02-17,11,321
2025-03-31,P000099,LOC008,1167,280.74,S0026,2025-03-21,11,321
2024-10-02,P000099,LOC009,722,275.4,S0026,2024-09-08,11,321
2024-11-01,P000099,LOC009,728,279.49,S0026,2024-10-20,11,321
2024-12-01,P000099,LOC009,764,279.56,S0026,2024-11-04,11,321
2024-12-31,P000099,LOC009,743,283.72,S0026,2024-12-09,11,321
2025-01-30,P000099,LOC009,727,276.89,S0026,2025-01-27,11,321
2025-03-01,P000099,LOC009,780,277.31,S0026,2025-02-09,11,321
2025-03-31,P000099,LOC009,778,274.14,S0026,2025-03-20,11,321
2024-10-02,P000099,LOC010,775,272.74,S0026,2024-09-07,11,321
2024-11-01,P000099,LOC010,848,263.96,S0026,2024-10-18,11,321
2024-12-01,P000099,LOC010,914,271.16,S0026,2024-11-18,11,321
2024-12-31,P000099,LOC010,894,283.2,S0026,2024-12-05,11,321
2025-01-30,P000099,LOC010,858,264.33,S0026,2025-01-24,11,321
2025-03-01,P000099,LOC010,907,268.06,S0026,2025-02-01,11,321
2025-03-31,P000099,LOC010,907,286.35,S0026,2025-03-14,11,321
2024-10-02,P000099,LOC011,735,266.97,S0026,2024-09-29,11,321
2024-11-01,P000099,LOC011,781,262.07,S0026,2024-10-29,11,321
2024-12-01,P000099,LOC011,736,277.89,S0026,2024-11-02,11,321
2024-12-31,P000099,LOC011,686,265.45,S0026,2024-12-19,11,321
2025-01-30,P000099,LOC011,646,282.36,S0026,2025-01-19,11,321
2025-03-01,P000099,LOC011,646,269.14,S0026,2025-02-13,11,321
2025-03-31,P000099,LOC011,745,278.6,S0026,2025-03-30,11,321
2024-10-02,P000099,LOC012,722,266.8,S0026,2024-09-07,11,321
2024-11-01,P000099,LOC012,790,262.77,S0026,2024-10-14,11,321
2024-12-01,P000099,LOC012,861,286.28,S0026,2024-11-11,11,321
2024-12-31,P000099,LOC012,815,273.8,S0026,2024-12-20,11,321
2025-01-30,P000099,LOC012,873,274.26,S0026,2025-01-01,11,321
2025-03-01,P000099,LOC012,953,269.01,S0026,2025-02-19,11,321
2025-03-31,P000099,LOC012,1009,268.77,S0026,2025-03-04,11,321
2024-10-02,P000099,LOC013,796,263.79,S0026,2024-09-29,11,321
2024-11-01,P000099,LOC013,844,272.95,S0026,2024-10-18,11,321
2024-12-01,P000099,LOC013,936,282.25,S0026,2024-11-09,11,321
2024-12-31,P000099,LOC013,939,284.2,S0026,2024-12-23,11,321
2025-01-30,P000099,LOC013,928,284.7,S0026,2024-12-31,11,321
2025-03-01,P000099,LOC013,992,281.57,S0026,2025-02-13,11,321
2025-03-31,P000099,LOC013,1051,285.22,S0026,2025-03-30,11,321
2024-10-02,P000099,LOC014,717,273.6,S0026,2024-09-07,11,321
2024-11-01,P000099,LOC014,728,261.3,S0026,2024-10-06,11,321
2024-12-01,P000099,LOC014,711,263.61,S0026,2024-11-25,11,321
2024-12-31,P000099,LOC014,685,270.54,S0026,2024-12-16,11,321
2025-01-30,P000099,LOC014,694,285.7,S0026,2025-01-15,11,321
2025-03-01,P000099,LOC014,735,279.0,S0026,2025-01-30,11,321
2025-03-31,P000099,LOC014,776,286.03,S0026,2025-03-09,11,321
2024-10-02,P000099,LOC015,799,276.88,S0026,2024-09-19,11,321
2024-11-01,P000099,LOC015,889,274.61,S0026,2024-10-22,11,321
2024-12-01,P000099,LOC015,909,265.72,S0026,2024-11-28,11,321
2024-12-31,P000099,LOC015,921,261.33,S0026,2024-12-07,11,321
2025-01-30,P000099,LOC015,887,284.84,S0026,2025-01-17,11,321
2025-03-01,P000099,LOC015,858,273.3,S0026,2025-02-14,11,321
2025-03-31,P000099,LOC015,911,269.64,S0026,2025-03-27,11,321
2024-10-02,P000099,LOC016,836,280.24,S0026,2024-09-12,11,321
2024-11-01,P000099,LOC016,831,271.25,S0026,2024-10-02,11,321
2024-12-01,P000099,LOC016,789,264.08,S0026,2024-11-20,11,321
2024-12-31,P000099,LOC016,758,284.71,S0026,2024-12-18,11,321
2025-01-30,P000099,LOC016,715,272.54,S0026,2025-01-20,11,321
2025-03-01,P000099,LOC016,740,261.72,S0026,2025-02-08,11,321
2025-03-31,P000099,LOC016,732,266.21,S0026,2025-03-05,11,321
2024-10-02,P000099,LOC017,850,285.62,S0026,2024-09-17,11,321
2024-11-01,P000099,LOC017,940,276.38,S0026,2024-10-07,11,321
2024-12-01,P000099,LOC017,1036,286.38,S0026,2024-11-12,11,321
2024-12-31,P000099,LOC017,1047,281.85,S0026,2024-12-03,11,321
2025-01-30,P000099,LOC017,1028,264.07,S0026,2025-01-13,11,321
2025-03-01,P000099,LOC017,1026,283.45,S0026,2025-01-30,11,321
2025-03-31,P000099,LOC017,1014,273.63,S0026,2025-03-17,11,321
2024-10-02,P000099,LOC018,719,277.29,S0026,2024-09-05,11,321
2024-11-01,P000099,LOC018,769,274.51,S0026,2024-10-25,11,321
2024-12-01,P000099,LOC018,864,285.57,S0026,2024-11-25,11,321
2024-12-31,P000099,LOC018,818,274.5,S0026,2024-12-27,11,321
2025-01-30,P000099,LOC018,851,284.88,S0026,2025-01-11,11,321
2025-03-01,P000099,LOC018,920,267.97,S0026,2025-02-25,11,321
2025-03-31,P000099,LOC018,979,268.89,S0026,2025-03-25,11,321
2024-10-02,P000099,LOC019,800,276.82,S0026,2024-09-15,11,321
2024-11-01,P000099,LOC019,877,271.3,S0026,2024-10-19,11,321
2024-12-01,P000099,LOC019,948,262.84,S0026,2024-11-09,11,321
2024-12-31,P000099,LOC019,923,262.75,S0026,2024-12-28,11,321
2025-01-30,P000099,LOC019,926,263.51,S0026,2025-01-26,11,321
2025-03-01,P000099,LOC019,951,270.78,S0026,2025-02-09,11,321
2025-03-31,P000099,LOC019,907,281.92,S0026,2025-03-22,11,321
2024-10-02,P000099,LOC020,847,268.46,S0026,2024-09-30,11,321
2024-11-01,P000099,LOC020,934,266.71,S0026,2024-10-12,11,321
2024-12-01,P000099,LOC020,938,282.89,S0026,2024-11-10,11,321
2024-12-31,P000099,LOC020,978,274.04,S0026,2024-12-25,11,321
2025-01-30,P000099,LOC020,936,276.51,S0026,2024-12-31,11,321
2025-03-01,P000099,LOC020,947,271.44,S0026,2025-01-30,11,321
2025-03-31,P000099,LOC020,905,275.94,S0026,2025-03-16,11,321
2024-10-02,P000100,LOC001,771,495.35,S0002,2024-09-24,31,141
2024-11-01,P000100,LOC001,825,489.97,S0002,2024-10-14,31,141
2024-12-01,P000100,LOC001,843,509.83,S0002,2024-11-27,31,141
2024-12-31,P000100,LOC001,884,522.17,S0002,2024-12-26,31,141
2025-01-30,P000100,LOC001,963,514.29,S0002,2025-01-26,31,141
2025-03-01,P000100,LOC001,1020,490.41,S0002,2025-02-13,31,141
2025-03-31,P000100,LOC001,970,487.53,S0002,2025-03-02,31,141
2024-10-02,P000100,LOC002,865,516.26,S0002,2024-09-07,31,141
2024-11-01,P000100,LOC002,838,521.87,S0002,2024-10-02,31,141
2024-12-01,P000100,LOC002,894,520.72,S0002,2024-11-25,31,141
2024-12-31,P000100,LOC002,990,501.69,S0002,2024-12-14,31,141
2025-01-30,P000100,LOC002,1036,521.99,S0002,2025-01-04,31,141
2025-03-01,P000100,LOC002,1118,503.19,S0002,2025-02-09,31,141
2025-03-31,P000100,LOC002,1171,505.08,S0002,2025-03-28,31,141
2024-10-02,P000100,LOC003,843,479.21,S0002,2024-09-09,31,141
2024-11-01,P000100,LOC003,889,496.03,S0002,2024-10-03,31,141
2024-12-01,P000100,LOC003,877,492.91,S0002,2024-11-14,31,141
2024-12-31,P000100,LOC003,921,511.48,S0002,2024-12-03,31,141
2025-01-30,P000100,LOC003,910,499.69,S0002,2025-01-22,31,141
2025-03-01,P000100,LOC003,917,505.0,S0002,2025-02-26,31,141
2025-03-31,P000100,LOC003,1005,501.54,S0002,2025-03-15,31,141
2024-10-02,P000100,LOC004,746,491.38,S0002,2024-09-07,31,141
2024-11-01,P000100,LOC004,832,489.8,S0002,2024-10-16,31,141
2024-12-01,P000100,LOC004,838,476.52,S0002,2024-11-24,31,141
2024-12-31,P000100,LOC004,868,502.83,S0002,2024-12-30,31,141
2025-01-30,P000100,LOC004,851,494.6,S0002,2025-01-09,31,141
2025-03-01,P000100,LOC004,920,488.06,S0002,2025-02-18,31,141
2025-03-31,P000100,LOC004,876,512.45,S0002,2025-03-07,31,141
2024-10-02,P000100,LOC005,866,509.94,S0002,2024-09-23,31,141
2024-11-01,P000100,LOC005,829,483.41,S0002,2024-10-23,31,141
2024-12-01,P000100,LOC005,836,519.85,S0002,2024-11-08,31,141
2024-12-31,P000100,LOC005,858,482.31,S0002,2024-12-06,31,141
2025-01-30,P000100,LOC005,898,504.52,S0002,2025-01-29,31,141
2025-03-01,P000100,LOC005,926,485.02,S0002,2025-02-11,31,141
2025-03-31,P000100,LOC005,896,491.21,S0002,2025-03-19,31,141
2024-10-02,P000100,LOC006,846,515.62,S0002,2024-09-09,31,141
2024-11-01,P000100,LOC006,876,516.93,S0002,2024-10-20,31,141
2024-12-01,P000100,LOC006,884,483.18,S0002,2024-11-14,31,141
2024-12-31,P000100,LOC006,939,511.9,S0002,2024-12-23,31,141
2025-01-30,P000100,LOC006,1039,492.69,S0002,2025-01-05,31,141
2025-03-01,P000100,LOC006,1121,498.42,S0002,2025-01-31,31,141
2025-03-31,P000100,LOC006,1194,506.43,S0002,2025-03-16,31,141
2024-10-02,P000100,LOC007,807,480.8,S0002,2024-09-04,31,141
2024-11-01,P000100,LOC007,809,498.74,S0002,2024-10-05,31,141
2024-12-01,P000100,LOC007,865,494.57,S0002,2024-11-21,31,141
2024-12-31,P000100,LOC007,872,475.06,S0002,2024-12-29,31,141
2025-01-30,P000100,LOC007,868,514.7,S0002,2025-01-18,31,141
2025-03-01,P000100,LOC007,846,510.66,S0002,2025-02-10,31,141
2025-03-31,P000100,LOC007,943,516.92,S0002,2025-03-21,31,141
2024-10-02,P000100,LOC008,794,491.76,S0002,2024-09-11,31,141
2024-11-01,P000100,LOC008,818,501.62,S0002,2024-10-14,31,141
2024-12-01,P000100,LOC008,913,517.23,S0002,2024-11-25,31,141
2024-12-31,P000100,LOC008,936,487.77,S0002,2024-12-05,31,141
2025-01-30,P000100,LOC008,930,480.21,S0002,2025-01-01,31,141
2025-03-01,P000100,LOC008,933,480.62,S0002,2025-02-28,31,141
2025-03-31,P000100,LOC008,1028,483.37,S0002,2025-03-03,31,141
2024-10-02,P000100,LOC009,762,495.18,S0002,2024-09-29,31,141
2024-11-01,P000100,LOC009,725,499.3,S0002,2024-10-22,31,141
2024-12-01,P000100,LOC009,715,484.26,S0002,2024-11-25,31,141
2024-12-31,P000100,LOC009,765,476.14,S0002,2024-12-02,31,141
2025-01-30,P000100,LOC009,720,511.62,S0002,2025-01-24,31,141
2025-03-01,P000100,LOC009,804,489.46,S0002,2025-02-28,31,141
2025-03-31,P000100,LOC009,793,478.37,S0002,2025-03-27,31,141
2024-10-02,P000100,LOC010,826,511.78,S0002,2024-09-06,31,141
2024-11-01,P000100,LOC010,914,502.99,S0002,2024-10-24,31,141
2024-12-01,P000100,LOC010,974,486.56,S0002,2024-11-17,31,141
2024-12-31,P000100,LOC010,1034,512.89,S0002,2024-12-27,31,141
2025-01-30,P000100,LOC010,1032,507.24,S0002,2025-01-16,31,141
2025-03-01,P000100,LOC010,998,488.0,S0002,2025-02-23,31,141
2025-03-31,P000100,LOC010,961,491.65,S0002,2025-03-22,31,141
2024-10-02,P000100,LOC011,841,489.83,S0002,2024-09-14,31,141
2024-11-01,P000100,LOC011,925,497.34,S0002,2024-10-07,31,141
2024-12-01,P000100,LOC011,944,502.13,S0002,2024-11-16,31,141
2024-12-31,P000100,LOC011,966,523.38,S0002,2024-12-13,31,141
2025-01-30,P000100,LOC011,1060,479.36,S0002,2024-12-31,31,141
2025-03-01,P000100,LOC011,1152,492.96,S0002,2025-02-24,31,141
2025-03-31,P000100,LOC011,1217,478.21,S0002,2025-03-21,31,141
2024-10-02,P000100,LOC012,738,482.64,S0002,2024-09-24,31,141
2024-11-01,P000100,LOC012,755,493.16,S0002,2024-10-16,31,141
2024-12-01,P000100,LOC012,807,524.01,S0002,2024-11-25,31,141
2024-12-31,P000100,LOC012,808,482.0,S0002,2024-12-23,31,141
2025-01-30,P000100,LOC012,857,514.23,S0002,2025-01-21,31,141
2025-03-01,P000100,LOC012,954,490.14,S0002,2025-02-18,31,141
2025-03-31,P000100,LOC012,993,484.8,S0002,2025-03-12,31,141
2024-10-02,P000100,LOC013,788,482.18,S0002,2024-09-06,31,141
2024-11-01,P000100,LOC013,758,477.63,S0002,2024-10-30,31,141
2024-12-01,P000100,LOC013,825,494.99,S0002,2024-11-14,31,141
2024-12-31,P000100,LOC013,859,484.94,S0002,2024-12-26,31,141
2025-01-30,P000100,LOC013,942,522.68,S0002,2025-01-05,31,141
2025-03-01,P000100,LOC013,933,492.27,S0002,2025-01-30,31,141
2025-03-31,P000100,LOC013,885,475.05,S0002,2025-03-24,31,141
2024-10-02,P000100,LOC014,727,496.66,S0002,2024-09-19,31,141
2024-11-01,P000100,LOC014,701,522.43,S0002,2024-10-13,31,141
2024-12-01,P000100,LOC014,793,502.16,S0002,2024-11-03,31,141
2024-12-31,P000100,LOC014,772,490.44,S0002,2024-12-23,31,141
2025-01-30,P000100,LOC014,816,497.93,S0002,2025-01-21,31,141
2025-03-01,P000100,LOC014,857,475.67,S0002,2025-02-02,31,141
2025-03-31,P000100,LOC014,852,477.42,S0002,2025-03-24,31,141
2024-10-02,P000100,LOC015,763,521.64,S0002,2024-10-01,31,141
2024-11-01,P000100,LOC015,720,487.0,S0002,2024-10-21,31,141
2024-12-01,P000100,LOC015,795,500.49,S0002,2024-11-01,31,141
2024-12-31,P000100,LOC015,841,499.18,S0002,2024-12-20,31,141
2025-01-30,P000100,LOC015,935,476.94,S0002,2025-01-16,31,141
2025-03-01,P000100,LOC015,935,518.33,S0002,2025-02-16,31,141
2025-03-31,P000100,LOC015,983,499.41,S0002,2025-03-18,31,141
2024-10-02,P000100,LOC016,853,477.28,S0002,2024-09-22,31,141
2024-11-01,P000100,LOC016,940,505.69,S0002,2024-10-08,31,141
2024-12-01,P000100,LOC016,937,520.02,S0002,2024-11-03,31,141
2024-12-31,P000100,LOC016,997,482.46,S0002,2024-12-14,31,141
2025-01-30,P000100,LOC016,1008,488.64,S0002,2025-01-11,31,141
2025-03-01,P000100,LOC016,994,516.17,S0002,2025-02-02,31,141
2025-03-31,P000100,LOC016,970,521.93,S0002,2025-03-23,31,141
2024-10-02,P000100,LOC017,735,485.34,S0002,2024-09-09,31,141
2024-11-01,P000100,LOC017,776,505.15,S0002,2024-10-23,31,141
2024-12-01,P000100,LOC017,812,519.07,S0002,2024-11-10,31,141
2024-12-31,P000100,LOC017,867,511.27,S0002,2024-12-18,31,141
2025-01-30,P000100,LOC017,861,481.1,S0002,2025-01-16,31,141
2025-03-01,P000100,LOC017,873,503.74,S0002,2025-02-02,31,141
2025-03-31,P000100,LOC017,962,511.9,S0002,2025-03-10,31,141
2024-10-02,P000100,LOC018,830,479.58,S0002,2024-09-04,31,141
2024-11-01,P000100,LOC018,859,501.31,S0002,2024-10-27,31,141
2024-12-01,P000100,LOC018,813,481.93,S0002,2024-11-08,31,141
2024-12-31,P000100,LOC018,834,488.17,S0002,2024-12-15,31,141
2025-01-30,P000100,LOC018,930,495.24,S0002,2025-01-23,31,141
2025-03-01,P000100,LOC018,887,521.44,S0002,2025-02-28,31,141
2025-03-31,P000100,LOC018,929,510.39,S0002,2025-03-04,31,141
2024-10-02,P000100,LOC019,813,485.12,S0002,2024-09-18,31,141
2024-11-01,P000100,LOC019,911,509.14,S0002,2024-10-25,31,141
2024-12-01,P000100,LOC019,929,482.34,S0002,2024-11-28,31,141
2024-12-31,P000100,LOC019,930,494.03,S0002,2024-12-18,31,141
2025-01-30,P000100,LOC019,1005,478.19,S0002,2025-01-10,31,141
2025-03-01,P000100,LOC019,959,485.67,S0002,2025-02-22,31,141
2025-03-31,P000100,LOC019,927,496.65,S0002,2025-03-07,31,141
2024-10-02,P000100,LOC020,739,490.6,S0002,2024-09-27,31,141
2024-11-01,P000100,LOC020,798,497.33,S0002,2024-10-30,31,141
2024-12-01,P000100,LOC020,886,517.31,S0002,2024-11-12,31,141
2024-12-31,P000100,LOC020,847,475.31,S0002,2024-12-13,31,141
2025-01-30,P000100,LOC020,897,504.68,S0002,2025-01-28,31,141
2025-03-01,P000100,LOC020,918,507.21,S0002,2025-02-09,31,141
2025-03-31,P000100,LOC020,880,505.84,S0002,2025-03-15,31,141
