date,channel,impressions,clicks,conversions,spend,cpc,conversion_rate,revenue,roas,ctr,cpa,revenue_per_conversion
2024-10-02 11:48:19.990260,Paid Search,10277,224,9,281.23,1.26,0.0415,973.27,3.46,0.02179624404008952,31.24777777777778,108.14
2024-10-02 11:48:19.990260,Social Media,36213,1385,23,517.2,0.37,0.0169,1548.53,2.99,0.03824593378068649,22.48695652173913,67.33
2024-10-02 11:48:19.990260,Display Ads,7172,128,3,96.13,0.75,0.0243,204.95,2.13,0.01784718349135527,32.04333333333333,68.32
2024-10-02 11:48:19.990260,Email Marketing,13492,625,21,308.53,0.49,0.0346,2435.14,7.89,0.04632374740587015,14.69190476190476,115.96
2024-10-02 11:48:19.990260,Affiliate Marketing,6197,211,5,372.09,1.76,0.0245,445.96,1.2,0.034048733258028076,74.41799999999999,89.19
2024-10-03 11:48:19.990260,Paid Search,8765,351,10,329.96,0.94,0.0308,1091.68,3.31,0.04004563605248146,32.995999999999995,109.17
2024-10-03 11:48:19.990260,Social Media,44086,768,17,354.31,0.46,0.0231,1240.11,3.5,0.017420496302681124,20.841764705882355,72.95
2024-10-03 11:48:19.990260,Display Ads,7922,92,1,39.3,0.43,0.0212,44.09,1.12,0.011613228982580156,39.3,44.09
2024-10-03 11:48:19.990260,Email Marketing,9149,349,16,92.96,0.27,0.0485,1921.47,20.67,0.03814624549131052,5.81,120.09
2024-10-03 11:48:19.990260,Affiliate Marketing,4370,207,4,491.55,2.37,0.0216,338.46,0.69,0.04736842105263158,122.8875,84.61
2024-10-04 11:48:19.990260,Paid Search,7825,238,9,457.56,1.92,0.0392,1086.96,2.38,0.030415335463258787,50.84,120.77
2024-10-04 11:48:19.990260,Social Media,7270,95,2,120.84,1.27,0.0296,128.09,1.06,0.013067400275103164,60.42,64.05
2024-10-04 11:48:19.990260,Display Ads,3101,88,0,99.35,1.13,0.0109,0,0,0.02837794259916156,inf,0
2024-10-04 11:48:19.990260,Email Marketing,36440,404,26,68.53,0.17,0.0648,3110.25,45.39,0.011086717892425905,2.6357692307692306,119.62
2024-10-04 11:48:19.990260,Affiliate Marketing,2109,52,2,112.64,2.17,0.0446,196.15,1.74,0.024656235182550973,56.32,98.08
2024-10-05 11:48:19.990260,Paid Search,2407,52,2,103.29,1.99,0.0465,188.47,1.82,0.02160365600332364,51.645,94.23
2024-10-05 11:48:19.990260,Social Media,8187,344,10,596.85,1.74,0.0295,666.16,1.12,0.042017833150116035,59.685,66.62
2024-10-05 11:48:19.990260,Display Ads,11822,337,9,247.95,0.74,0.0282,534.97,2.16,0.02850617492810015,27.549999999999997,59.44
2024-10-05 11:48:19.990260,Email Marketing,16439,563,28,147.12,0.26,0.0505,3361.36,22.85,0.03424782529350934,5.2542857142857144,120.05
2024-10-05 11:48:19.990260,Affiliate Marketing,8506,246,5,201.15,0.82,0.0205,526.88,2.62,0.028920761815189277,40.230000000000004,105.38
2024-10-06 11:48:19.990260,Paid Search,3153,71,1,174.52,2.46,0.0238,138.65,0.79,0.02251823660006343,174.52,138.65
2024-10-06 11:48:19.990260,Social Media,5126,256,8,481.63,1.88,0.0322,507.74,1.05,0.0499414748341787,60.20375,63.47
2024-10-06 11:48:19.990260,Display Ads,3041,106,2,108.89,1.03,0.0252,135.76,1.25,0.03485695494902993,54.445,67.88
2024-10-06 11:48:19.990260,Email Marketing,7965,164,8,79.25,0.48,0.0532,1045.61,13.19,0.02059008160703076,9.90625,130.7
2024-10-06 11:48:19.990260,Affiliate Marketing,3201,132,5,271.22,2.05,0.038,450.64,1.66,0.041237113402061855,54.24400000000001,90.13
2024-10-07 11:48:19.990260,Paid Search,6436,250,8,605.42,2.42,0.0349,900.75,1.49,0.03884400248601616,75.6775,112.59
2024-10-07 11:48:19.990260,Social Media,32124,926,33,596.37,0.64,0.0364,2345.36,3.93,0.028825800024903498,18.07181818181818,71.07
2024-10-07 11:48:19.990260,Display Ads,46026,1479,32,360.96,0.24,0.0218,1931.88,5.35,0.03213401121105462,11.28,60.37
2024-10-07 11:48:19.990260,Email Marketing,14333,660,26,251.41,0.38,0.0405,3334.73,13.26,0.04604758250191865,9.669615384615385,128.26
2024-10-07 11:48:19.990260,Affiliate Marketing,6784,316,6,391.35,1.24,0.0206,628.6,1.61,0.04658018867924528,65.22500000000001,104.77
2024-10-08 11:48:19.990260,Paid Search,3391,168,7,410.82,2.45,0.0442,819.9,2.0,0.049542907696844586,58.68857142857143,117.13
2024-10-08 11:48:19.990260,Social Media,17821,697,26,656.6,0.94,0.0379,1826.84,2.78,0.03911116098984344,25.253846153846155,70.26
2024-10-08 11:48:19.990260,Display Ads,2589,81,1,107.9,1.33,0.0139,57.33,0.53,0.031286210892236384,107.9,57.33
2024-10-08 11:48:19.990260,Email Marketing,30163,1426,52,222.62,0.16,0.0368,6129.07,27.53,0.047276464542651594,4.281153846153846,117.87
2024-10-08 11:48:19.990260,Affiliate Marketing,4212,144,8,256.43,1.78,0.0594,709.62,2.77,0.03418803418803419,32.05375,88.7
2024-10-09 11:48:19.990260,Paid Search,3648,171,6,283.97,1.66,0.0381,639.99,2.25,0.046875,47.32833333333334,106.67
2024-10-09 11:48:19.990260,Social Media,13964,185,5,212.44,1.15,0.0281,331.36,1.56,0.013248352907476368,42.488,66.27
2024-10-09 11:48:19.990260,Display Ads,4366,216,5,171.53,0.79,0.026,336.03,1.96,0.049473202015574896,34.306,67.21
2024-10-09 11:48:19.990260,Email Marketing,13136,528,40,255.23,0.48,0.0759,4927.77,19.31,0.040194884287454324,6.38075,123.19
2024-10-09 11:48:19.990260,Affiliate Marketing,3589,95,2,211.33,2.22,0.0238,141.46,0.67,0.026469768737809974,105.665,70.73
2024-10-10 11:48:19.990260,Paid Search,17104,305,7,222.61,0.73,0.0231,890.72,4.0,0.017832086061739943,31.801428571428573,127.25
2024-10-10 11:48:19.990260,Social Media,9614,128,4,217.27,1.7,0.0358,225.24,1.04,0.013313917204077387,54.3175,56.31
2024-10-10 11:48:19.990260,Display Ads,2939,103,1,136.92,1.33,0.0129,55.13,0.4,0.03504593399115345,136.92,55.13
2024-10-10 11:48:19.990260,Email Marketing,8386,217,14,66.44,0.31,0.0651,1501.5,22.6,0.02587646076794658,4.7457142857142856,107.25
2024-10-10 11:48:19.990260,Affiliate Marketing,4687,225,12,343.96,1.53,0.0573,1052.09,3.06,0.04800512054619159,28.66333333333333,87.67
2024-10-11 11:48:19.990260,Paid Search,4183,136,6,262.25,1.93,0.0473,760.27,2.9,0.03251255080086063,43.708333333333336,126.71
2024-10-11 11:48:19.990260,Social Media,37618,603,19,248.36,0.41,0.0331,1253.03,5.05,0.016029560316869584,13.071578947368423,65.95
2024-10-11 11:48:19.990260,Display Ads,12417,453,11,226.93,0.5,0.0261,705.94,3.11,0.03648224208746074,20.63,64.18
2024-10-11 11:48:19.990260,Email Marketing,23739,941,50,272.25,0.29,0.054,6223.64,22.86,0.03963941193816083,5.445,124.47
2024-10-11 11:48:19.990260,Affiliate Marketing,6268,168,8,163.05,0.97,0.0498,701.48,4.3,0.026802807913209957,20.38125,87.69
2024-10-12 11:48:19.990260,Paid Search,4203,151,5,308.46,2.04,0.0391,560.7,1.82,0.035926719010230784,61.69199999999999,112.14
2024-10-12 11:48:19.990260,Social Media,4648,168,5,247.78,1.47,0.0308,286.0,1.15,0.03614457831325301,49.556,57.2
2024-10-12 11:48:19.990260,Display Ads,9494,385,4,230.89,0.6,0.011,234.16,1.01,0.04055192753317885,57.7225,58.54
2024-10-12 11:48:19.990260,Email Marketing,11715,365,21,52.43,0.14,0.0589,2488.03,47.45,0.031156636790439608,2.4966666666666666,118.48
2024-10-12 11:48:19.990260,Affiliate Marketing,2337,107,5,178.19,1.67,0.0479,448.6,2.52,0.045785194694052206,35.638,89.72
2024-10-13 11:48:19.990260,Paid Search,3512,175,3,439.43,2.51,0.0227,307.82,0.7,0.04982915717539863,146.47666666666666,102.61
2024-10-13 11:48:19.990260,Social Media,8955,250,5,404.31,1.62,0.0232,328.17,0.81,0.027917364600781685,80.862,65.63
2024-10-13 11:48:19.990260,Display Ads,16278,241,3,122.98,0.51,0.0147,187.01,1.52,0.014805258631281484,40.99333333333333,62.34
2024-10-13 11:48:19.990260,Email Marketing,25478,1240,73,219.14,0.18,0.0593,8851.72,40.39,0.04866944030143654,3.001917808219178,121.26
2024-10-13 11:48:19.990260,Affiliate Marketing,13445,275,9,138.73,0.5,0.0357,868.9,6.26,0.020453700260319823,15.414444444444444,96.54
2024-10-14 11:48:19.990260,Paid Search,7088,174,6,371.23,2.13,0.04,673.62,1.81,0.024548532731376974,61.87166666666667,112.27
2024-10-14 11:48:19.990260,Social Media,9481,312,5,509.34,1.63,0.0181,364.46,0.72,0.03290792110536863,101.868,72.89
2024-10-14 11:48:19.990260,Display Ads,14415,445,5,376.51,0.85,0.0115,321.82,0.85,0.030870620881026708,75.30199999999999,64.36
2024-10-14 11:48:19.990260,Email Marketing,16205,517,24,243.04,0.47,0.0468,2982.63,12.27,0.031903733415612465,10.126666666666667,124.28
2024-10-14 11:48:19.990260,Affiliate Marketing,9585,166,8,164.08,0.99,0.0493,790.47,4.82,0.017318727177882107,20.51,98.81
2024-10-15 11:48:19.990260,Paid Search,4366,70,3,205.34,2.93,0.0458,364.27,1.77,0.01603298213467705,68.44666666666667,121.42
2024-10-15 11:48:19.990260,Social Media,15123,262,4,201.39,0.77,0.0174,279.44,1.39,0.017324604906433907,50.3475,69.86
2024-10-15 11:48:19.990260,Display Ads,13935,670,17,619.48,0.92,0.0266,1055.93,1.7,0.04808037316110513,36.44,62.11
2024-10-15 11:48:19.990260,Email Marketing,15779,756,29,236.19,0.31,0.0388,3719.59,15.75,0.0479117814817162,8.14448275862069,128.26
2024-10-15 11:48:19.990260,Affiliate Marketing,6287,139,6,229.25,1.65,0.0434,557.29,2.43,0.022109114044854463,38.208333333333336,92.88
2024-10-16 11:48:19.990260,Paid Search,2690,109,5,298.55,2.74,0.048,593.28,1.99,0.040520446096654276,59.71,118.66
2024-10-16 11:48:19.990260,Social Media,4714,70,1,131.1,1.87,0.021,88.63,0.68,0.014849384811200678,131.1,88.63
2024-10-16 11:48:19.990260,Display Ads,8169,90,1,119.91,1.33,0.0166,59.97,0.5,0.011017260374586852,119.91,59.97
2024-10-16 11:48:19.990260,Email Marketing,12658,159,7,71.0,0.45,0.0485,820.27,11.55,0.012561226102069837,10.142857142857142,117.18
2024-10-16 11:48:19.990260,Affiliate Marketing,10893,131,6,94.83,0.72,0.047,540.56,5.7,0.012026071789222437,15.805,90.09
2024-10-17 11:48:19.990260,Paid Search,4558,212,9,506.76,2.39,0.0441,952.57,1.88,0.046511627906976744,56.306666666666665,105.84
2024-10-17 11:48:19.990260,Social Media,10305,514,13,830.19,1.62,0.0264,901.87,1.09,0.04987869966035905,63.860769230769236,69.37
2024-10-17 11:48:19.990260,Display Ads,5303,223,2,287.21,1.29,0.0123,116.41,0.41,0.042051668866679236,143.605,58.2
2024-10-17 11:48:19.990260,Email Marketing,57519,1475,65,199.05,0.13,0.0441,8345.69,41.93,0.025643700342495523,3.0623076923076926,128.4
2024-10-17 11:48:19.990260,Affiliate Marketing,8811,153,6,178.37,1.17,0.04,523.69,2.94,0.017364657814096015,29.728333333333335,87.28
2024-10-18 11:48:19.990260,Paid Search,21985,801,22,556.82,0.7,0.0283,2428.09,4.36,0.03643393222651808,25.310000000000002,110.37
2024-10-18 11:48:19.990260,Social Media,32019,536,15,238.94,0.45,0.0297,1062.78,4.45,0.016740060589025267,15.929333333333334,70.85
2024-10-18 11:48:19.990260,Display Ads,8285,107,3,106.65,1.0,0.0292,184.12,1.73,0.012914906457453228,35.550000000000004,61.37
2024-10-18 11:48:19.990260,Email Marketing,7690,255,12,112.82,0.44,0.0502,1352.06,11.98,0.03315994798439532,9.401666666666666,112.67
2024-10-18 11:48:19.990260,Affiliate Marketing,26112,603,21,248.34,0.41,0.0359,1746.05,7.03,0.023092830882352942,11.825714285714286,83.15
2024-10-19 11:48:19.990260,Paid Search,5089,92,2,135.7,1.47,0.0232,244.07,1.8,0.018078207899390842,67.85,122.03
2024-10-19 11:48:19.990260,Social Media,6852,190,5,348.45,1.83,0.031,330.75,0.95,0.02772913018096906,69.69,66.15
2024-10-19 11:48:19.990260,Display Ads,5018,250,7,244.96,0.98,0.0285,466.01,1.9,0.04982064567556795,34.994285714285716,66.57
2024-10-19 11:48:19.990260,Email Marketing,11259,475,36,145.71,0.31,0.0769,4249.25,29.16,0.04218847144506617,4.0475,118.03
2024-10-19 11:48:19.990260,Affiliate Marketing,2895,84,2,203.75,2.43,0.031,131.39,0.64,0.029015544041450778,101.875,65.69
2024-10-20 11:48:19.990260,Paid Search,4493,126,5,134.12,1.06,0.0468,619.12,4.62,0.028043623414199866,26.824,123.82
2024-10-20 11:48:19.990260,Social Media,22497,617,20,211.83,0.34,0.0338,1443.37,6.81,0.027425879006089702,10.5915,72.17
2024-10-20 11:48:19.990260,Display Ads,5081,174,2,180.01,1.03,0.0154,161.89,0.9,0.034245227317457196,90.005,80.94
2024-10-20 11:48:19.990260,Email Marketing,11994,209,12,73.13,0.35,0.0605,1413.2,19.32,0.01742537935634484,6.094166666666666,117.77
2024-10-20 11:48:19.990260,Affiliate Marketing,2908,117,6,130.89,1.12,0.0598,518.56,3.96,0.040233837689133425,21.814999999999998,86.43
2024-10-21 11:48:19.990260,Paid Search,23801,843,36,513.01,0.61,0.0435,3774.74,7.36,0.03541867988739969,14.250277777777777,104.85
2024-10-21 11:48:19.990260,Social Media,9721,369,6,376.54,1.02,0.0168,439.97,1.17,0.037959057710112126,62.75666666666667,73.33
2024-10-21 11:48:19.990260,Display Ads,8851,127,3,105.92,0.83,0.0249,163.93,1.55,0.014348661168229578,35.306666666666665,54.64
2024-10-21 11:48:19.990260,Email Marketing,25709,949,48,209.79,0.22,0.0514,5844.08,27.86,0.0369131432572251,4.3706249999999995,121.75
2024-10-21 11:48:19.990260,Affiliate Marketing,3432,142,5,222.45,1.57,0.0378,429.17,1.93,0.041375291375291376,44.489999999999995,85.83
2024-10-22 11:48:19.990260,Paid Search,1881,20,0,58.8,2.94,0.0494,0,0,0.01063264221158958,inf,0
2024-10-22 11:48:19.990260,Social Media,11242,155,5,207.67,1.34,0.0374,297.57,1.43,0.013787582280732966,41.534,59.51
2024-10-22 11:48:19.990260,Display Ads,3627,49,1,64.75,1.32,0.0273,60.34,0.93,0.013509787703336091,64.75,60.34
2024-10-22 11:48:19.990260,Email Marketing,28938,448,19,127.66,0.28,0.0427,2282.92,17.88,0.015481373971940009,6.718947368421053,120.15
2024-10-22 11:48:19.990260,Affiliate Marketing,3183,143,4,304.06,2.13,0.0337,387.69,1.28,0.04492617027961043,76.015,96.92
2024-10-23 11:48:19.990260,Paid Search,6608,138,6,315.88,2.29,0.0446,598.42,1.89,0.020883777239709442,52.64666666666667,99.74
2024-10-23 11:48:19.990260,Social Media,11901,249,8,223.61,0.9,0.033,535.16,2.39,0.0209226115452483,27.95125,66.89
2024-10-23 11:48:19.990260,Display Ads,32941,1414,24,514.11,0.36,0.0175,1609.34,3.13,0.04292522995658905,21.42125,67.06
2024-10-23 11:48:19.990260,Email Marketing,20119,841,26,262.21,0.31,0.0309,3059.8,11.67,0.0418012823698991,10.084999999999999,117.68
2024-10-23 11:48:19.990260,Affiliate Marketing,6319,300,8,467.98,1.56,0.0278,684.34,1.46,0.04747586643456243,58.4975,85.54
2024-10-24 11:48:19.990260,Paid Search,14921,321,15,292.08,0.91,0.0486,1810.54,6.2,0.021513303397895582,19.471999999999998,120.7
2024-10-24 11:48:19.990260,Social Media,21341,608,9,588.95,0.97,0.0157,657.96,1.12,0.028489761491963826,65.4388888888889,73.11
2024-10-24 11:48:19.990260,Display Ads,28971,680,19,163.4,0.24,0.0286,1154.45,7.07,0.023471747609678646,8.6,60.76
2024-10-24 11:48:19.990260,Email Marketing,19053,798,50,153.04,0.19,0.0629,5805.02,37.93,0.04188316800503858,3.0608,116.1
2024-10-24 11:48:19.990260,Affiliate Marketing,1974,86,5,212.37,2.47,0.0592,492.02,2.32,0.04356636271529889,42.474000000000004,98.4
2024-10-25 11:48:19.990260,Paid Search,5316,213,5,554.48,2.6,0.0254,551.86,1.0,0.040067720090293454,110.896,110.37
2024-10-25 11:48:19.990260,Social Media,7073,204,7,405.85,1.99,0.0362,510.01,1.26,0.028842075498374097,57.978571428571435,72.86
2024-10-25 11:48:19.990260,Display Ads,39384,1815,51,555.4,0.31,0.0281,3267.11,5.88,0.046084704448507006,10.890196078431373,64.06
2024-10-25 11:48:19.990260,Email Marketing,32447,1237,41,192.29,0.16,0.0336,4997.67,25.99,0.038123709433845965,4.6899999999999995,121.89
2024-10-25 11:48:19.990260,Affiliate Marketing,7264,350,9,372.74,1.06,0.0263,857.62,2.3,0.04818281938325991,41.41555555555556,95.29
2024-10-26 11:48:19.990260,Paid Search,14542,380,11,271.03,0.71,0.0299,1189.39,4.39,0.026131206161463347,24.639090909090907,108.13
2024-10-26 11:48:19.990260,Social Media,10768,478,17,308.44,0.65,0.0372,1280.26,4.15,0.04439078751857355,18.143529411764707,75.31
2024-10-26 11:48:19.990260,Display Ads,8742,185,2,164.64,0.89,0.0139,131.67,0.8,0.021162205444978266,82.32,65.83
2024-10-26 11:48:19.990260,Email Marketing,9707,395,20,82.18,0.21,0.0521,2317.56,28.2,0.040692283918821466,4.109,115.88
2024-10-26 11:48:19.990260,Affiliate Marketing,2709,114,6,141.78,1.24,0.0559,595.37,4.2,0.042081949058693245,23.63,99.23
2024-10-27 11:48:19.990260,Paid Search,4775,61,2,134.8,2.21,0.035,254.16,1.89,0.012774869109947644,67.4,127.08
2024-10-27 11:48:19.990260,Social Media,11057,350,13,244.65,0.7,0.0372,916.01,3.74,0.03165415573844623,18.81923076923077,70.46
2024-10-27 11:48:19.990260,Display Ads,7825,201,4,176.29,0.88,0.0245,243.7,1.38,0.025686900958466454,44.0725,60.92
2024-10-27 11:48:19.990260,Email Marketing,8465,111,5,54.0,0.49,0.0489,543.56,10.07,0.013112817483756645,10.8,108.71
2024-10-27 11:48:19.990260,Affiliate Marketing,4336,107,2,72.86,0.68,0.024,181.86,2.5,0.02467712177121771,36.43,90.93
2024-10-28 11:48:19.990260,Paid Search,2212,27,0,77.57,2.87,0.0332,0,0,0.012206148282097649,inf,0
2024-10-28 11:48:19.990260,Social Media,26760,990,26,569.12,0.57,0.027,1740.93,3.06,0.03699551569506727,21.88923076923077,66.96
2024-10-28 11:48:19.990260,Display Ads,7728,320,7,361.38,1.13,0.0246,438.89,1.21,0.041407867494824016,51.62571428571429,62.7
2024-10-28 11:48:19.990260,Email Marketing,6572,221,8,104.09,0.47,0.0366,1074.56,10.32,0.033627510651247715,13.01125,134.32
2024-10-28 11:48:19.990260,Affiliate Marketing,4486,183,8,336.62,1.84,0.0454,685.58,2.04,0.04079358002674989,42.0775,85.7
2024-10-29 11:48:19.990260,Paid Search,13133,172,5,114.34,0.66,0.0303,587.43,5.14,0.013096779106068683,22.868000000000002,117.49
2024-10-29 11:48:19.990260,Social Media,23261,774,30,312.73,0.4,0.0392,2133.46,6.82,0.03327457976871158,10.424333333333333,71.12
2024-10-29 11:48:19.990260,Display Ads,22843,836,12,417.47,0.5,0.0144,844.51,2.02,0.036597644792715496,34.78916666666667,70.38
2024-10-29 11:48:19.990260,Email Marketing,30146,1310,46,143.38,0.11,0.0355,5397.31,37.64,0.043455184767465,3.11695652173913,117.33
2024-10-29 11:48:19.990260,Affiliate Marketing,15005,222,7,106.34,0.48,0.0328,669.65,6.3,0.014795068310563146,15.191428571428572,95.66
2024-10-30 11:48:19.990260,Paid Search,12959,617,29,736.25,1.19,0.0475,3279.31,4.45,0.0476116984335211,25.387931034482758,113.08
2024-10-30 11:48:19.990260,Social Media,10937,165,5,325.72,1.97,0.0363,369.86,1.14,0.015086403949894852,65.144,73.97
2024-10-30 11:48:19.990260,Display Ads,26354,677,12,140.63,0.21,0.0189,825.06,5.87,0.02568870000758898,11.719166666666666,68.75
2024-10-30 11:48:19.990260,Email Marketing,12654,268,13,75.66,0.28,0.0509,1708.32,22.58,0.021179073810652756,5.819999999999999,131.41
2024-10-30 11:48:19.990260,Affiliate Marketing,3869,161,7,398.48,2.48,0.0479,694.11,1.74,0.041612819850090466,56.925714285714285,99.16
2024-10-31 11:48:19.990260,Paid Search,2626,79,3,228.9,2.9,0.0499,260.1,1.14,0.030083777608530083,76.3,86.7
2024-10-31 11:48:19.990260,Social Media,25970,907,34,581.7,0.64,0.0377,2342.97,4.03,0.034924913361571046,17.108823529411765,68.91
2024-10-31 11:48:19.990260,Display Ads,40427,857,24,247.07,0.29,0.0284,1442.38,5.84,0.021198703836544885,10.294583333333334,60.1
2024-10-31 11:48:19.990260,Email Marketing,24164,1062,80,231.19,0.22,0.0763,9482.22,41.01,0.04394967720576064,2.889875,118.53
2024-10-31 11:48:19.990260,Affiliate Marketing,8399,303,15,288.0,0.95,0.0496,1302.85,4.52,0.0360757233003929,19.2,86.86
2024-11-01 11:48:19.990260,Paid Search,6871,194,4,277.03,1.43,0.0216,464.23,1.68,0.02823460922718673,69.2575,116.06
2024-11-01 11:48:19.990260,Social Media,17006,596,12,589.11,0.99,0.0214,894.61,1.52,0.03504645419263789,49.0925,74.55
2024-11-01 11:48:19.990260,Display Ads,11337,199,5,210.68,1.06,0.0265,338.85,1.61,0.01755314457087413,42.136,67.77
2024-11-01 11:48:19.990260,Email Marketing,62939,2004,92,221.15,0.11,0.0461,11346.61,51.31,0.031840353358013315,2.403804347826087,123.33
2024-11-01 11:48:19.990260,Affiliate Marketing,10531,453,25,430.9,0.95,0.0566,2169.33,5.03,0.04301585794321527,17.236,86.77
2024-11-02 11:48:19.990260,Paid Search,2138,67,1,181.12,2.7,0.0208,117.38,0.65,0.0313376987839102,181.12,117.38
2024-11-02 11:48:19.990260,Social Media,6108,119,2,215.76,1.81,0.0183,150.8,0.7,0.01948264571054355,107.88,75.4
2024-11-02 11:48:19.990260,Display Ads,6534,282,7,246.0,0.87,0.0257,472.43,1.92,0.04315886134067952,35.142857142857146,67.49
2024-11-02 11:48:19.990260,Email Marketing,29858,442,20,58.47,0.13,0.046,2318.89,39.66,0.014803402773126131,2.9234999999999998,115.94
2024-11-02 11:48:19.990260,Affiliate Marketing,5291,240,12,199.21,0.83,0.0529,1063.88,5.34,0.04536004536004536,16.600833333333334,88.66
2024-11-03 11:48:19.990260,Paid Search,3476,84,2,239.85,2.86,0.0248,241.79,1.01,0.024165707710011506,119.925,120.89
2024-11-03 11:48:19.990260,Social Media,6151,151,5,271.38,1.8,0.039,380.61,1.4,0.024548853844903268,54.275999999999996,76.12
2024-11-03 11:48:19.990260,Display Ads,4658,115,1,108.61,0.94,0.0153,72.59,0.67,0.024688707599828254,108.61,72.59
2024-11-03 11:48:19.990260,Email Marketing,16826,827,51,247.19,0.3,0.0618,5988.74,24.23,0.049150124806846544,4.846862745098039,117.43
2024-11-03 11:48:19.990260,Affiliate Marketing,3018,133,5,304.94,2.29,0.0388,393.73,1.29,0.044068919814446654,60.988,78.75
2024-11-04 11:48:19.990260,Paid Search,15241,700,18,666.7,0.95,0.0258,1899.94,2.85,0.045928744833016205,37.03888888888889,105.55
2024-11-04 11:48:19.990260,Social Media,16799,623,24,823.0,1.32,0.0399,1740.74,2.12,0.03708554080600036,34.291666666666664,72.53
2024-11-04 11:48:19.990260,Display Ads,12010,253,3,269.17,1.06,0.0157,208.41,0.77,0.02106577851790175,89.72333333333334,69.47
2024-11-04 11:48:19.990260,Email Marketing,15469,426,26,141.23,0.33,0.0618,3321.62,23.52,0.02753894886547288,5.431923076923076,127.75
2024-11-04 11:48:19.990260,Affiliate Marketing,19711,446,14,185.81,0.42,0.0314,1262.2,6.79,0.022626959565724723,13.272142857142857,90.16
2024-11-05 11:48:19.990260,Paid Search,3095,37,1,94.1,2.54,0.0356,113.3,1.2,0.011954765751211632,94.1,113.3
2024-11-05 11:48:19.990260,Social Media,14775,177,3,236.34,1.34,0.0173,218.73,0.93,0.01197969543147208,78.78,72.91
2024-11-05 11:48:19.990260,Display Ads,38068,1195,19,369.47,0.31,0.016,1125.39,3.05,0.03139119470421351,19.44578947368421,59.23
2024-11-05 11:48:19.990260,Email Marketing,11796,197,14,61.99,0.31,0.0743,1656.17,26.72,0.016700576466598848,4.427857142857143,118.3
2024-11-05 11:48:19.990260,Affiliate Marketing,11908,488,22,309.62,0.63,0.0467,1884.89,6.09,0.040980853207927444,14.073636363636364,85.68
2024-11-06 11:48:19.990260,Paid Search,2465,56,1,136.25,2.43,0.0339,139.7,1.03,0.022718052738336714,136.25,139.7
2024-11-06 11:48:19.990260,Social Media,9988,147,4,181.05,1.23,0.0287,298.76,1.65,0.01471766119343212,45.2625,74.69
2024-11-06 11:48:19.990260,Display Ads,5766,157,4,99.83,0.64,0.0291,267.9,2.68,0.027228581338883107,24.9575,66.97
2024-11-06 11:48:19.990260,Email Marketing,17606,245,14,114.28,0.47,0.0579,1552.06,13.58,0.013915710553220493,8.162857142857144,110.86
2024-11-06 11:48:19.990260,Affiliate Marketing,4988,233,9,424.44,1.82,0.0398,819.56,1.93,0.0467121090617482,47.16,91.06
2024-11-07 11:48:19.990260,Paid Search,6703,175,5,416.46,2.38,0.0287,450.73,1.08,0.026107712964344325,83.292,90.15
2024-11-07 11:48:19.990260,Social Media,26225,1174,31,898.48,0.77,0.0265,2200.78,2.45,0.04476644423260248,28.983225806451614,70.99
2024-11-07 11:48:19.990260,Display Ads,6236,150,4,128.42,0.86,0.0293,272.41,2.12,0.024053880692751765,32.105,68.1
2024-11-07 11:48:19.990260,Email Marketing,19708,937,71,260.76,0.28,0.0758,8642.37,33.14,0.04754414450984372,3.672676056338028,121.72
2024-11-07 11:48:19.990260,Affiliate Marketing,5942,126,2,186.08,1.48,0.0205,181.58,0.98,0.021204981487714575,93.04,90.79
2024-11-08 11:48:19.990260,Paid Search,5587,187,8,463.75,2.48,0.047,811.15,1.75,0.033470556649364595,57.96875,101.39
2024-11-08 11:48:19.990260,Social Media,51759,777,18,274.81,0.35,0.0236,1241.68,4.52,0.015011881991537704,15.267222222222223,68.98
2024-11-08 11:48:19.990260,Display Ads,17198,512,12,261.66,0.51,0.0249,717.83,2.74,0.029770903593441096,21.805000000000003,59.82
2024-11-08 11:48:19.990260,Email Marketing,17310,818,60,389.34,0.48,0.0745,7275.92,18.69,0.04725592143269786,6.489,121.27
2024-11-08 11:48:19.990260,Affiliate Marketing,6391,108,2,96.91,0.9,0.0265,223.03,2.3,0.016898763886715695,48.455,111.52
2024-11-09 11:48:19.990260,Paid Search,11894,177,5,134.53,0.76,0.033,461.75,3.43,0.014881452833361359,26.906,92.35
2024-11-09 11:48:19.990260,Social Media,13024,208,7,232.55,1.12,0.0352,495.16,2.13,0.01597051597051597,33.221428571428575,70.74
2024-11-09 11:48:19.990260,Display Ads,14035,241,4,77.86,0.32,0.0199,228.06,2.93,0.017171357320983256,19.465,57.02
2024-11-09 11:48:19.990260,Email Marketing,13635,187,10,23.79,0.13,0.0537,1198.05,50.36,0.013714704803813715,2.379,119.8
2024-11-09 11:48:19.990260,Affiliate Marketing,2869,103,5,185.34,1.8,0.0555,445.15,2.4,0.03590101080515859,37.068,89.03
2024-11-10 11:48:19.990260,Paid Search,9729,304,10,227.51,0.75,0.0343,1123.58,4.94,0.03124678795354096,22.750999999999998,112.36
2024-11-10 11:48:19.990260,Social Media,11034,490,15,340.58,0.7,0.0316,1068.3,3.14,0.044408192858437556,22.705333333333332,71.22
2024-11-10 11:48:19.990260,Display Ads,5690,210,2,174.98,0.83,0.0107,109.42,0.63,0.03690685413005272,87.49,54.71
2024-11-10 11:48:19.990260,Email Marketing,12650,286,20,109.25,0.38,0.0717,2331.14,21.34,0.022608695652173914,5.4625,116.56
2024-11-10 11:48:19.990260,Affiliate Marketing,4445,153,8,220.55,1.44,0.0582,712.89,3.23,0.034420697412823394,27.56875,89.11
2024-11-11 11:48:19.990260,Paid Search,4388,143,6,264.35,1.85,0.0464,730.64,2.76,0.03258887876025524,44.05833333333334,121.77
2024-11-11 11:48:19.990260,Social Media,35035,1394,38,547.49,0.39,0.0276,2642.44,4.83,0.0397887826459255,14.407631578947369,69.54
2024-11-11 11:48:19.990260,Display Ads,13971,157,3,152.56,0.97,0.0207,206.02,1.35,0.01123756352444349,50.85333333333333,68.67
2024-11-11 11:48:19.990260,Email Marketing,60298,2907,189,422.92,0.15,0.0654,22706.05,53.69,0.04821055424723871,2.237671957671958,120.14
2024-11-11 11:48:19.990260,Affiliate Marketing,4559,53,2,59.68,1.13,0.0479,179.72,3.01,0.01162535643781531,29.84,89.86
2024-11-12 11:48:19.990260,Paid Search,5467,86,2,157.5,1.83,0.0298,214.21,1.36,0.01573074812511432,78.75,107.11
2024-11-12 11:48:19.990260,Social Media,5183,224,5,411.89,1.84,0.0244,437.43,1.06,0.043218213389928616,82.378,87.49
2024-11-12 11:48:19.990260,Display Ads,4093,137,2,182.55,1.33,0.0201,108.56,0.59,0.03347178108966528,91.275,54.28
2024-11-12 11:48:19.990260,Email Marketing,61749,2959,183,384.65,0.13,0.062,21893.09,56.92,0.04791980436930153,2.1019125683060107,119.63
2024-11-12 11:48:19.990260,Affiliate Marketing,3071,129,6,260.25,2.02,0.0484,513.41,1.97,0.042005861282969716,43.375,85.57
2024-11-13 11:48:19.990260,Paid Search,3824,60,1,109.06,1.82,0.0257,136.8,1.25,0.015690376569037656,109.06,136.8
2024-11-13 11:48:19.990260,Social Media,14177,506,15,557.5,1.1,0.0307,1096.94,1.97,0.035691613176271425,37.166666666666664,73.13
2024-11-13 11:48:19.990260,Display Ads,3077,53,1,73.96,1.4,0.0245,51.23,0.69,0.017224569385765356,73.96,51.23
2024-11-13 11:48:19.990260,Email Marketing,24911,839,39,103.78,0.12,0.0476,4716.31,45.45,0.03367990044558629,2.661025641025641,120.93
2024-11-13 11:48:19.990260,Affiliate Marketing,5482,182,9,331.91,1.82,0.051,807.61,2.43,0.03319956220357534,36.878888888888895,89.73
2024-11-14 11:48:19.990260,Paid Search,29191,368,16,206.83,0.56,0.0458,1814.52,8.77,0.012606625329724916,12.926875,113.41
2024-11-14 11:48:19.990260,Social Media,36702,670,11,372.79,0.56,0.0166,858.32,2.3,0.018255135959893195,33.89,78.03
2024-11-14 11:48:19.990260,Display Ads,5390,117,2,154.81,1.32,0.0193,141.95,0.92,0.02170686456400742,77.405,70.97
2024-11-14 11:48:19.990260,Email Marketing,20607,675,43,213.52,0.32,0.0641,5221.43,24.45,0.03275585965933906,4.9655813953488375,121.43
2024-11-14 11:48:19.990260,Affiliate Marketing,7805,303,16,376.46,1.24,0.0552,1443.95,3.84,0.03882126841768097,23.52875,90.25
2024-11-15 11:48:19.990260,Paid Search,4943,216,9,303.36,1.4,0.0434,977.77,3.22,0.0436981590127453,33.70666666666667,108.64
2024-11-15 11:48:19.990260,Social Media,50649,717,17,285.07,0.4,0.0239,1130.21,3.96,0.014156251850974353,16.768823529411765,66.48
2024-11-15 11:48:19.990260,Display Ads,11579,508,12,308.61,0.61,0.0241,730.89,2.37,0.043872527852146126,25.7175,60.91
2024-11-15 11:48:19.990260,Email Marketing,15555,295,19,74.22,0.25,0.0652,2305.87,31.07,0.018964963034394086,3.906315789473684,121.36
2024-11-15 11:48:19.990260,Affiliate Marketing,9561,389,16,320.93,0.83,0.0422,1431.79,4.46,0.04068612069867169,20.058125,89.49
2024-11-16 11:48:19.990260,Paid Search,4759,88,3,117.02,1.33,0.0449,340.36,2.91,0.01849127968060517,39.00666666666667,113.45
2024-11-16 11:48:19.990260,Social Media,6947,330,11,609.8,1.85,0.0348,660.7,1.08,0.04750251907298114,55.43636363636363,60.06
2024-11-16 11:48:19.990260,Display Ads,8657,187,4,159.77,0.85,0.026,215.79,1.35,0.021601016518424398,39.9425,53.95
2024-11-16 11:48:19.990260,Email Marketing,13713,635,45,223.97,0.35,0.0709,5277.19,23.56,0.04630642456063589,4.977111111111111,117.27
2024-11-16 11:48:19.990260,Affiliate Marketing,4413,85,2,94.22,1.11,0.0242,206.75,2.19,0.019261273510083842,47.11,103.38
2024-11-17 11:48:19.990260,Paid Search,2569,110,5,180.72,1.64,0.0468,522.73,2.89,0.04281821720513818,36.144,104.55
2024-11-17 11:48:19.990260,Social Media,6954,297,8,563.11,1.9,0.0294,531.79,0.94,0.04270923209663503,70.38875,66.47
2024-11-17 11:48:19.990260,Display Ads,3585,72,2,58.1,0.81,0.0289,148.54,2.56,0.0200836820083682,29.05,74.27
2024-11-17 11:48:19.990260,Email Marketing,16871,570,30,172.92,0.3,0.054,3625.96,20.97,0.03378578626044692,5.763999999999999,120.87
2024-11-17 11:48:19.990260,Affiliate Marketing,3293,91,5,169.64,1.86,0.0585,488.2,2.88,0.02763437594898269,33.928,97.64
2024-11-18 11:48:19.990260,Paid Search,5325,101,4,282.83,2.8,0.0461,411.31,1.45,0.01896713615023474,70.7075,102.83
2024-11-18 11:48:19.990260,Social Media,52838,806,22,283.55,0.35,0.0282,1472.04,5.19,0.015254173132972481,12.888636363636364,66.91
2024-11-18 11:48:19.990260,Display Ads,6405,80,2,114.95,1.44,0.0261,139.12,1.21,0.01249024199843872,57.475,69.56
2024-11-18 11:48:19.990260,Email Marketing,15678,200,14,32.91,0.16,0.0738,1679.08,51.02,0.012756729174639622,2.3507142857142855,119.93
2024-11-18 11:48:19.990260,Affiliate Marketing,2712,65,3,118.96,1.83,0.0506,270.96,2.28,0.02396755162241888,39.65333333333333,90.32
2024-11-19 11:48:19.990260,Paid Search,3927,129,3,278.16,2.16,0.0305,251.28,0.9,0.03284950343773873,92.72000000000001,83.76
2024-11-19 11:48:19.990260,Social Media,29853,483,8,273.86,0.57,0.017,566.2,2.07,0.016179278464475932,34.2325,70.78
2024-11-19 11:48:19.990260,Display Ads,10953,279,4,118.07,0.42,0.0154,250.92,2.13,0.025472473294987676,29.5175,62.73
2024-11-19 11:48:19.990260,Email Marketing,9626,310,16,137.84,0.44,0.0519,2087.13,15.14,0.03220444629129441,8.615,130.45
2024-11-19 11:48:19.990260,Affiliate Marketing,6259,236,10,425.34,1.8,0.0456,921.21,2.17,0.03770570378654737,42.534,92.12
2024-11-20 11:48:19.990260,Paid Search,9015,205,8,384.18,1.87,0.0393,966.37,2.52,0.02273987798114254,48.0225,120.8
2024-11-20 11:48:19.990260,Social Media,18183,324,11,350.22,1.08,0.0344,830.26,2.37,0.017818841775284606,31.83818181818182,75.48
2024-11-20 11:48:19.990260,Display Ads,23838,447,6,115.41,0.26,0.0142,425.01,3.68,0.018751573118550215,19.235,70.83
2024-11-20 11:48:19.990260,Email Marketing,5674,63,2,30.9,0.49,0.0358,241.34,7.81,0.011103278110680296,15.45,120.67
2024-11-20 11:48:19.990260,Affiliate Marketing,3987,132,6,222.97,1.69,0.0515,516.2,2.32,0.03310759969902182,37.16166666666667,86.03
2024-11-21 11:48:19.990260,Paid Search,2763,77,3,212.81,2.76,0.0408,365.64,1.72,0.027868259138617443,70.93666666666667,121.88
2024-11-21 11:48:19.990260,Social Media,9997,415,6,711.89,1.72,0.015,420.96,0.59,0.041512453736120836,118.64833333333333,70.16
2024-11-21 11:48:19.990260,Display Ads,11350,377,8,388.26,1.03,0.0236,476.3,1.23,0.03321585903083701,48.5325,59.54
2024-11-21 11:48:19.990260,Email Marketing,22444,796,55,92.94,0.12,0.0698,6794.42,73.11,0.03546604883265015,1.6898181818181819,123.53
2024-11-21 11:48:19.990260,Affiliate Marketing,11351,148,4,143.83,0.97,0.0334,372.32,2.59,0.013038498810677474,35.9575,93.08
2024-11-22 11:48:19.990260,Paid Search,11203,406,11,488.77,1.2,0.0291,1057.98,2.16,0.036240292778719985,44.43363636363636,96.18
2024-11-22 11:48:19.990260,Social Media,23878,303,6,201.63,0.67,0.0213,454.14,2.25,0.012689504983666973,33.605,75.69
2024-11-22 11:48:19.990260,Display Ads,30941,539,15,226.97,0.42,0.029,1017.43,4.48,0.017420251446301025,15.131333333333334,67.83
2024-11-22 11:48:19.990260,Email Marketing,30105,1421,97,384.56,0.27,0.0687,11916.98,30.99,0.047201461551237334,3.964536082474227,122.86
2024-11-22 11:48:19.990260,Affiliate Marketing,3423,97,2,234.34,2.42,0.0261,170.42,0.73,0.02833771545427987,117.17,85.21
2024-11-23 11:48:19.990260,Paid Search,2275,101,3,229.35,2.27,0.0389,291.84,1.27,0.044395604395604395,76.45,97.28
2024-11-23 11:48:19.990260,Social Media,11882,355,11,443.62,1.25,0.0315,740.59,1.67,0.029877125063120687,40.32909090909091,67.33
2024-11-23 11:48:19.990260,Display Ads,12918,390,4,144.75,0.37,0.0106,242.37,1.67,0.030190431955411056,36.1875,60.59
2024-11-23 11:48:19.990260,Email Marketing,18763,390,25,89.03,0.23,0.0658,2865.79,32.19,0.020785588658530085,3.5612,114.63
2024-11-23 11:48:19.990260,Affiliate Marketing,13994,586,17,266.54,0.45,0.0306,1572.78,5.9,0.041875089323996,15.678823529411765,92.52
2024-11-24 11:48:19.990260,Paid Search,9890,200,7,112.85,0.56,0.0351,850.55,7.54,0.020222446916076844,16.12142857142857,121.51
2024-11-24 11:48:19.990260,Social Media,13141,320,6,368.01,1.15,0.0201,415.67,1.13,0.02435126702686249,61.335,69.28
2024-11-24 11:48:19.990260,Display Ads,14474,242,7,131.64,0.54,0.0296,429.19,3.26,0.016719635207959098,18.805714285714284,61.31
2024-11-24 11:48:19.990260,Email Marketing,19174,597,33,114.85,0.19,0.0565,3956.73,34.45,0.03113591321581308,3.48030303030303,119.9
2024-11-24 11:48:19.990260,Affiliate Marketing,7626,146,3,95.79,0.66,0.0219,235.92,2.46,0.01914503015997902,31.930000000000003,78.64
2024-11-25 11:48:19.990260,Paid Search,5752,129,3,362.36,2.81,0.03,319.98,0.88,0.022426981919332407,120.78666666666668,106.66
2024-11-25 11:48:19.990260,Social Media,8761,139,2,268.04,1.93,0.0203,107.43,0.4,0.015865768747859832,134.02,53.72
2024-11-25 11:48:19.990260,Display Ads,9141,275,4,411.17,1.5,0.0147,272.13,0.66,0.030084235860409144,102.7925,68.03
2024-11-25 11:48:19.990260,Email Marketing,44924,840,43,123.28,0.15,0.0523,4966.73,40.29,0.018698245926453565,2.8669767441860468,115.51
2024-11-25 11:48:19.990260,Affiliate Marketing,10197,141,3,154.43,1.1,0.0267,223.3,1.45,0.013827596351868197,51.47666666666667,74.43
2024-11-26 11:48:19.990260,Paid Search,13206,541,26,394.94,0.73,0.0491,2933.38,7.43,0.04096622747236105,15.19,112.82
2024-11-26 11:48:19.990260,Social Media,36593,1414,36,445.1,0.31,0.0259,2508.47,5.64,0.03864127018828738,12.363888888888889,69.68
2024-11-26 11:48:19.990260,Display Ads,6832,115,2,152.1,1.32,0.0254,143.32,0.94,0.016832552693208432,76.05,71.66
2024-11-26 11:48:19.990260,Email Marketing,48602,1698,70,180.55,0.11,0.0412,8178.57,45.3,0.03493683387514917,2.5792857142857146,116.84
2024-11-26 11:48:19.990260,Affiliate Marketing,4634,156,7,276.06,1.77,0.0473,735.45,2.66,0.03366422097539922,39.43714285714286,105.06
2024-11-27 11:48:19.990260,Paid Search,8529,345,8,636.23,1.84,0.024,857.72,1.35,0.04045022863172705,79.52875,107.22
2024-11-27 11:48:19.990260,Social Media,17424,473,14,324.71,0.69,0.0315,983.82,3.03,0.027146464646464648,23.193571428571428,70.27
2024-11-27 11:48:19.990260,Display Ads,3448,145,2,154.81,1.07,0.0188,143.36,0.93,0.04205336426914153,77.405,71.68
2024-11-27 11:48:19.990260,Email Marketing,19831,631,43,266.85,0.42,0.0691,5325.77,19.96,0.03181886944682568,6.205813953488373,123.86
2024-11-27 11:48:19.990260,Affiliate Marketing,3388,39,1,96.84,2.48,0.0493,118.59,1.22,0.011511216056670602,96.84,118.59
2024-11-28 11:48:19.990260,Paid Search,5645,271,9,623.8,2.3,0.0363,963.68,1.54,0.04800708591674048,69.3111111111111,107.08
2024-11-28 11:48:19.990260,Social Media,17458,702,19,466.21,0.66,0.0278,1220.28,2.62,0.0402107916141597,24.53736842105263,64.23
2024-11-28 11:48:19.990260,Display Ads,21179,998,23,386.83,0.39,0.0231,1472.1,3.81,0.04712214929883375,16.81869565217391,64.0
2024-11-28 11:48:19.990260,Email Marketing,14533,702,49,180.08,0.26,0.0702,5809.62,32.26,0.048303860180279365,3.6751020408163266,118.56
2024-11-28 11:48:19.990260,Affiliate Marketing,15536,709,30,396.68,0.56,0.0425,2620.89,6.61,0.045635942327497424,13.222666666666667,87.36
2024-11-29 11:48:19.990260,Paid Search,21626,462,22,299.14,0.65,0.0495,2441.07,8.16,0.021363173957273652,13.597272727272726,110.96
2024-11-29 11:48:19.990260,Social Media,13358,287,8,283.34,0.99,0.0281,498.43,1.76,0.02148525228327594,35.4175,62.3
2024-11-29 11:48:19.990260,Display Ads,9792,134,2,96.39,0.72,0.0155,123.75,1.28,0.013684640522875817,48.195,61.88
2024-11-29 11:48:19.990260,Email Marketing,17155,224,12,72.5,0.32,0.0571,1452.38,20.03,0.01305741766248907,6.041666666666667,121.03
2024-11-29 11:48:19.990260,Affiliate Marketing,17171,511,23,299.65,0.59,0.0461,1943.57,6.49,0.029759478189971465,13.028260869565216,84.5
2024-11-30 11:48:19.990260,Paid Search,6239,136,6,95.32,0.7,0.0461,727.95,7.64,0.021798365122615803,15.886666666666665,121.33
2024-11-30 11:48:19.990260,Social Media,9604,108,2,153.7,1.42,0.0213,148.69,0.97,0.011245314452311536,76.85,74.34
2024-11-30 11:48:19.990260,Display Ads,5906,210,5,179.15,0.85,0.0268,304.62,1.7,0.03555706061632238,35.83,60.92
2024-11-30 11:48:19.990260,Email Marketing,35672,1238,54,186.07,0.15,0.0442,6404.03,34.42,0.03470509082753981,3.4457407407407405,118.59
2024-11-30 11:48:19.990260,Affiliate Marketing,5942,268,13,330.3,1.23,0.0521,1212.03,3.67,0.04510265903736116,25.407692307692308,93.23
2024-12-01 11:48:19.990260,Paid Search,4646,104,2,141.33,1.36,0.0271,224.38,1.59,0.02238484718037021,70.665,112.19
2024-12-01 11:48:19.990260,Social Media,6586,319,6,528.86,1.66,0.0199,398.16,0.75,0.04843607652596417,88.14333333333333,66.36
2024-12-01 11:48:19.990260,Display Ads,17412,391,9,104.45,0.27,0.0243,506.6,4.85,0.022455777624626694,11.605555555555556,56.29
2024-12-01 11:48:19.990260,Email Marketing,23141,470,18,126.99,0.27,0.0396,2123.52,16.72,0.020310271811935527,7.055,117.97
2024-12-01 11:48:19.990260,Affiliate Marketing,2765,121,7,263.55,2.18,0.0591,581.48,2.21,0.04376130198915009,37.65,83.07
2024-12-02 11:48:19.990260,Paid Search,5145,79,2,227.86,2.88,0.0254,255.55,1.12,0.015354713313896987,113.93,127.78
2024-12-02 11:48:19.990260,Social Media,13812,185,6,316.22,1.71,0.0331,425.67,1.35,0.013394150014480162,52.70333333333334,70.95
2024-12-02 11:48:19.990260,Display Ads,3837,174,3,240.63,1.38,0.0224,174.44,0.72,0.04534792806880375,80.21,58.15
2024-12-02 11:48:19.990260,Email Marketing,7479,247,11,112.72,0.46,0.0461,1370.9,12.16,0.033025805588982486,10.247272727272728,124.63
2024-12-02 11:48:19.990260,Affiliate Marketing,4994,140,7,327.53,2.34,0.0555,580.98,1.77,0.02803364036844213,46.79,83.0
2024-12-03 11:48:19.990260,Paid Search,4780,132,5,391.82,2.97,0.0421,541.59,1.38,0.027615062761506277,78.364,108.32
2024-12-03 11:48:19.990260,Social Media,25657,1251,19,872.09,0.7,0.0159,1276.54,1.46,0.048758623377635736,45.89947368421053,67.19
2024-12-03 11:48:19.990260,Display Ads,5623,114,1,156.19,1.37,0.0129,84.62,0.54,0.020273875155610886,156.19,84.62
2024-12-03 11:48:19.990260,Email Marketing,13697,333,25,134.58,0.4,0.0779,3127.53,23.24,0.02431189311528072,5.3832,125.1
2024-12-03 11:48:19.990260,Affiliate Marketing,5924,140,3,207.35,1.48,0.0232,271.16,1.31,0.02363268062120189,69.11666666666666,90.39
2024-12-04 11:48:19.990260,Paid Search,3390,43,1,127.62,2.97,0.0433,116.72,0.91,0.012684365781710914,127.62,116.72
2024-12-04 11:48:19.990260,Social Media,11543,427,10,702.38,1.64,0.024,634.88,0.9,0.03699211643420255,70.238,63.49
2024-12-04 11:48:19.990260,Display Ads,21049,577,8,182.61,0.32,0.0139,556.55,3.05,0.027412228609435128,22.82625,69.57
2024-12-04 11:48:19.990260,Email Marketing,30074,845,50,203.98,0.24,0.0593,5705.74,27.97,0.028097359845713904,4.0796,114.11
2024-12-04 11:48:19.990260,Affiliate Marketing,20413,731,43,341.11,0.47,0.0591,3783.16,11.09,0.0358105129084407,7.932790697674419,87.98
2024-12-05 11:48:19.990260,Paid Search,5808,282,6,803.94,2.85,0.0243,611.14,0.76,0.04855371900826446,133.99,101.86
2024-12-05 11:48:19.990260,Social Media,12440,549,13,716.55,1.31,0.024,866.66,1.21,0.044131832797427654,55.11923076923077,66.67
2024-12-05 11:48:19.990260,Display Ads,21770,454,10,260.29,0.57,0.0226,629.73,2.42,0.020854386770785483,26.029000000000003,62.97
2024-12-05 11:48:19.990260,Email Marketing,25936,421,25,106.83,0.25,0.0615,3003.36,28.11,0.016232264034546577,4.2732,120.13
2024-12-05 11:48:19.990260,Affiliate Marketing,14472,396,23,295.94,0.75,0.0595,2094.97,7.08,0.02736318407960199,12.86695652173913,91.09
2024-12-06 11:48:19.990260,Paid Search,4449,160,6,431.09,2.69,0.042,738.44,1.71,0.03596313778377164,71.84833333333333,123.07
2024-12-06 11:48:19.990260,Social Media,11916,349,6,289.62,0.83,0.0199,457.84,1.58,0.029288351795904666,48.27,76.31
2024-12-06 11:48:19.990260,Display Ads,8182,142,3,62.77,0.44,0.0243,196.74,3.13,0.017355169885113663,20.923333333333336,65.58
2024-12-06 11:48:19.990260,Email Marketing,5783,173,10,75.19,0.43,0.0586,1273.84,16.94,0.029915268891578764,7.519,127.38
2024-12-06 11:48:19.990260,Affiliate Marketing,9834,435,22,450.44,1.04,0.052,1896.77,4.21,0.044234289200732156,20.474545454545453,86.22
2024-12-07 11:48:19.990260,Paid Search,5921,229,6,204.25,0.89,0.0269,794.4,3.89,0.03867589934132748,34.041666666666664,132.4
2024-12-07 11:48:19.990260,Social Media,12197,203,4,249.17,1.23,0.0199,255.96,1.03,0.01664343691071575,62.2925,63.99
2024-12-07 11:48:19.990260,Display Ads,10475,394,8,360.21,0.91,0.0207,492.04,1.37,0.037613365155131265,45.02625,61.51
2024-12-07 11:48:19.990260,Email Marketing,16360,332,23,103.13,0.31,0.0714,2784.13,27.0,0.020293398533007333,4.48391304347826,121.05
2024-12-07 11:48:19.990260,Affiliate Marketing,6688,83,4,40.5,0.49,0.0537,356.45,8.8,0.012410287081339713,10.125,89.11
2024-12-08 11:48:19.990260,Paid Search,4351,110,5,264.82,2.41,0.0466,618.64,2.34,0.02528154447253505,52.964,123.73
2024-12-08 11:48:19.990260,Social Media,11570,273,8,291.46,1.07,0.0296,516.91,1.77,0.02359550561797753,36.4325,64.61
2024-12-08 11:48:19.990260,Display Ads,4109,88,1,81.69,0.93,0.0182,51.25,0.63,0.02141640301776588,81.69,51.25
2024-12-08 11:48:19.990260,Email Marketing,11434,509,31,88.47,0.17,0.0615,3753.7,42.43,0.04451635473150253,2.8538709677419356,121.09
2024-12-08 11:48:19.990260,Affiliate Marketing,2257,109,2,177.03,1.62,0.0214,172.54,0.97,0.048294195835179445,88.515,86.27
2024-12-09 11:48:19.990260,Paid Search,6768,210,10,551.25,2.63,0.0492,1090.35,1.98,0.03102836879432624,55.125,109.03
2024-12-09 11:48:19.990260,Social Media,10266,404,10,465.1,1.15,0.0249,664.09,1.43,0.03935320475355543,46.510000000000005,66.41
2024-12-09 11:48:19.990260,Display Ads,6186,175,2,152.65,0.87,0.0124,148.44,0.97,0.028289686388619464,76.325,74.22
2024-12-09 11:48:19.990260,Email Marketing,14478,684,23,153.31,0.22,0.0349,2694.36,17.57,0.047244094488188976,6.665652173913044,117.15
2024-12-09 11:48:19.990260,Affiliate Marketing,7461,231,5,358.79,1.55,0.0224,429.32,1.2,0.03096099718536389,71.75800000000001,85.86
2024-12-10 11:48:19.990260,Paid Search,15123,717,29,459.39,0.64,0.0418,3339.37,7.27,0.047411227930966075,15.84103448275862,115.15
2024-12-10 11:48:19.990260,Social Media,11361,435,15,718.48,1.65,0.0354,1026.06,1.43,0.03828888302086084,47.89866666666667,68.4
2024-12-10 11:48:19.990260,Display Ads,12898,552,6,240.22,0.44,0.0114,355.76,1.48,0.04279733291983253,40.03666666666667,59.29
2024-12-10 11:48:19.990260,Email Marketing,63884,2767,170,353.85,0.13,0.0615,20645.75,58.35,0.0433128795942646,2.081470588235294,121.45
2024-12-10 11:48:19.990260,Affiliate Marketing,3383,119,6,291.18,2.45,0.0516,538.1,1.85,0.035175879396984924,48.53,89.68
2024-12-11 11:48:19.990260,Paid Search,21432,312,10,212.46,0.68,0.0339,1149.6,5.41,0.014557670772676373,21.246000000000002,114.96
2024-12-11 11:48:19.990260,Social Media,37393,1585,49,919.6,0.58,0.0315,3380.52,3.68,0.042387612654774955,18.76734693877551,68.99
2024-12-11 11:48:19.990260,Display Ads,18352,193,4,109.88,0.57,0.0209,291.23,2.65,0.010516564952048823,27.47,72.81
2024-12-11 11:48:19.990260,Email Marketing,50327,541,35,80.53,0.15,0.066,4144.42,51.46,0.010749696981739424,2.3008571428571427,118.41
2024-12-11 11:48:19.990260,Affiliate Marketing,4806,78,3,166.04,2.13,0.0498,291.42,1.76,0.016229712858926344,55.346666666666664,97.14
2024-12-12 11:48:19.990260,Paid Search,5359,110,2,296.71,2.7,0.0249,282.19,0.95,0.020526217577906326,148.355,141.09
2024-12-12 11:48:19.990260,Social Media,18402,668,24,559.2,0.84,0.0364,1695.25,3.03,0.03630040213020324,23.3,70.64
2024-12-12 11:48:19.990260,Display Ads,8501,164,4,217.73,1.33,0.0293,254.57,1.17,0.01929184801788025,54.4325,63.64
2024-12-12 11:48:19.990260,Email Marketing,30160,580,36,85.77,0.15,0.0628,4191.81,48.87,0.019230769230769232,2.3825,116.44
2024-12-12 11:48:19.990260,Affiliate Marketing,4121,178,6,249.28,1.4,0.0354,559.54,2.24,0.04319339966027663,41.54666666666667,93.26
2024-12-13 11:48:19.990260,Paid Search,9356,112,3,168.39,1.5,0.0348,276.18,1.64,0.011970927746900385,56.129999999999995,92.06
2024-12-13 11:48:19.990260,Social Media,18299,369,13,391.69,1.06,0.0357,933.71,2.38,0.02016503634078365,30.13,71.82
2024-12-13 11:48:19.990260,Display Ads,8938,288,4,377.09,1.31,0.0146,277.15,0.73,0.03222197359588275,94.2725,69.29
2024-12-13 11:48:19.990260,Email Marketing,26702,303,16,108.62,0.36,0.0532,1994.02,18.36,0.011347464609392555,6.78875,124.63
2024-12-13 11:48:19.990260,Affiliate Marketing,12268,322,18,206.57,0.64,0.0577,1546.46,7.49,0.02624714704923378,11.476111111111111,85.91
2024-12-14 11:48:19.990260,Paid Search,1824,36,0,97.36,2.7,0.0259,0,0,0.019736842105263157,inf,0
2024-12-14 11:48:19.990260,Social Media,19716,684,13,547.36,0.8,0.0196,977.7,1.79,0.03469263542300669,42.104615384615386,75.21
2024-12-14 11:48:19.990260,Display Ads,9658,256,3,153.56,0.6,0.0148,232.39,1.51,0.026506523089666598,51.18666666666667,77.46
2024-12-14 11:48:19.990260,Email Marketing,4792,91,3,44.68,0.49,0.0355,368.54,8.25,0.018989983305509182,14.893333333333333,122.85
2024-12-14 11:48:19.990260,Affiliate Marketing,4236,97,5,126.64,1.31,0.0584,426.38,3.37,0.022898961284230405,25.328,85.28
2024-12-15 11:48:19.990260,Paid Search,4901,90,4,103.17,1.15,0.0495,429.83,4.17,0.01836359926545603,25.7925,107.46
2024-12-15 11:48:19.990260,Social Media,9002,188,3,272.01,1.45,0.0194,194.85,0.72,0.020884247944901135,90.67,64.95
2024-12-15 11:48:19.990260,Display Ads,2347,39,0,51.39,1.32,0.0123,0,0,0.016616957818491693,inf,0
2024-12-15 11:48:19.990260,Email Marketing,13272,605,44,120.8,0.2,0.0736,5520.01,45.7,0.045584689572031344,2.7454545454545456,125.45
2024-12-15 11:48:19.990260,Affiliate Marketing,3755,184,9,391.21,2.13,0.0491,783.0,2.0,0.04900133155792277,43.467777777777776,87.0
2024-12-16 11:48:19.990260,Paid Search,3151,116,2,344.49,2.97,0.0227,216.52,0.63,0.03681370993335449,172.245,108.26
2024-12-16 11:48:19.990260,Social Media,25392,890,35,460.16,0.52,0.0396,2409.13,5.24,0.03505040957781978,13.147428571428572,68.83
2024-12-16 11:48:19.990260,Display Ads,5726,278,5,355.63,1.28,0.0189,288.56,0.81,0.04855047153335662,71.126,57.71
2024-12-16 11:48:19.990260,Email Marketing,14890,679,52,204.12,0.3,0.0773,6264.29,30.69,0.04560107454667562,3.9253846153846155,120.47
2024-12-16 11:48:19.990260,Affiliate Marketing,3404,81,2,148.54,1.83,0.0271,212.92,1.43,0.02379553466509988,74.27,106.46
2024-12-17 11:48:19.990260,Paid Search,5348,242,8,665.61,2.75,0.0363,857.25,1.29,0.04525056095736724,83.20125,107.16
2024-12-17 11:48:19.990260,Social Media,13118,565,11,976.19,1.73,0.0204,723.36,0.74,0.04307059002896783,88.74454545454546,65.76
2024-12-17 11:48:19.990260,Display Ads,9109,354,9,484.2,1.37,0.0259,569.39,1.18,0.038862663300032935,53.8,63.27
2024-12-17 11:48:19.990260,Email Marketing,8640,142,8,50.39,0.35,0.062,986.1,19.57,0.016435185185185185,6.29875,123.26
2024-12-17 11:48:19.990260,Affiliate Marketing,6867,150,5,193.05,1.29,0.0387,447.46,2.32,0.021843599825251202,38.61,89.49
2024-12-18 11:48:19.990260,Paid Search,6631,77,2,147.8,1.92,0.0312,248.56,1.68,0.011612124868044036,73.9,124.28
2024-12-18 11:48:19.990260,Social Media,20458,633,10,336.84,0.53,0.017,685.68,2.04,0.030941441001075373,33.684,68.57
2024-12-18 11:48:19.990260,Display Ads,13547,232,4,102.89,0.44,0.0201,252.99,2.46,0.017125562855244705,25.7225,63.25
2024-12-18 11:48:19.990260,Email Marketing,18244,543,17,257.78,0.47,0.033,1953.74,7.58,0.029763209822407367,15.163529411764705,114.93
2024-12-18 11:48:19.990260,Affiliate Marketing,5317,156,5,344.4,2.21,0.0344,511.75,1.49,0.029339853300733496,68.88,102.35
2024-12-19 11:48:19.990260,Paid Search,7827,258,7,397.98,1.54,0.0279,856.76,2.15,0.03296282100421617,56.854285714285716,122.39
2024-12-19 11:48:19.990260,Social Media,39913,1720,27,556.68,0.32,0.0157,1887.86,3.39,0.04309372886027109,20.617777777777775,69.92
2024-12-19 11:48:19.990260,Display Ads,3553,153,2,220.93,1.44,0.0195,128.72,0.58,0.0430622009569378,110.465,64.36
2024-12-19 11:48:19.990260,Email Marketing,38499,1784,58,328.57,0.18,0.0331,6988.57,21.27,0.04633886594456999,5.665,120.49
2024-12-19 11:48:19.990260,Affiliate Marketing,4460,149,5,338.12,2.27,0.0384,392.65,1.16,0.03340807174887892,67.624,78.53
2024-12-20 11:48:19.990260,Paid Search,8354,400,17,801.71,2.0,0.0436,2030.78,2.53,0.04788125448886761,47.15941176470589,119.46
2024-12-20 11:48:19.990260,Social Media,6475,133,2,224.62,1.69,0.0159,138.65,0.62,0.02054054054054054,112.31,69.33
2024-12-20 11:48:19.990260,Display Ads,15944,685,14,235.44,0.34,0.0208,880.26,3.74,0.04296287004515805,16.81714285714286,62.88
2024-12-20 11:48:19.990260,Email Marketing,39100,1154,80,278.78,0.24,0.07,9475.7,33.99,0.02951406649616368,3.4847499999999996,118.45
2024-12-20 11:48:19.990260,Affiliate Marketing,4189,144,3,266.64,1.85,0.0224,230.33,0.86,0.034375746001432325,88.88,76.78
2024-12-21 11:48:19.990260,Paid Search,3579,172,5,346.47,2.01,0.0337,518.3,1.5,0.04805811679240011,69.29400000000001,103.66
2024-12-21 11:48:19.990260,Social Media,8533,392,15,438.2,1.12,0.0395,1084.16,2.47,0.04593929450369155,29.21333333333333,72.28
2024-12-21 11:48:19.990260,Display Ads,9794,350,10,223.1,0.64,0.0291,685.85,3.07,0.03573616499897897,22.31,68.59
2024-12-21 11:48:19.990260,Email Marketing,9022,93,3,43.0,0.46,0.0424,301.48,7.01,0.010308135668366216,14.333333333333334,100.49
2024-12-21 11:48:19.990260,Affiliate Marketing,2423,46,2,76.51,1.66,0.0558,231.25,3.02,0.018984729673957902,38.255,115.62
2024-12-22 11:48:19.990260,Paid Search,5095,93,1,155.02,1.67,0.0204,79.96,0.52,0.018253189401373895,155.02,79.96
2024-12-22 11:48:19.990260,Social Media,18501,805,30,555.21,0.69,0.0377,2127.54,3.83,0.04351116155883466,18.507,70.92
2024-12-22 11:48:19.990260,Display Ads,8074,290,7,300.71,1.04,0.0266,416.31,1.38,0.03591776071340104,42.958571428571425,59.47
2024-12-22 11:48:19.990260,Email Marketing,11548,282,19,136.26,0.48,0.0693,2237.06,16.42,0.024419812954624177,7.17157894736842,117.74
2024-12-22 11:48:19.990260,Affiliate Marketing,4321,93,5,161.66,1.74,0.0542,482.17,2.98,0.02152279564915529,32.332,96.43
2024-12-23 11:48:19.990260,Paid Search,2893,66,1,145.98,2.21,0.0261,88.74,0.61,0.022813688212927757,145.98,88.74
2024-12-23 11:48:19.990260,Social Media,9695,212,4,410.43,1.94,0.0189,293.16,0.71,0.021866941722537392,102.6075,73.29
2024-12-23 11:48:19.990260,Display Ads,6193,264,7,393.92,1.49,0.0283,453.81,1.15,0.04262877442273535,56.27428571428572,64.83
2024-12-23 11:48:19.990260,Email Marketing,35127,935,51,126.5,0.14,0.055,5978.4,47.26,0.02661770148318957,2.480392156862745,117.22
2024-12-23 11:48:19.990260,Affiliate Marketing,3107,36,1,80.18,2.23,0.0422,67.14,0.84,0.011586739620212423,80.18,67.14
2024-12-24 11:48:19.990260,Paid Search,4394,138,6,262.58,1.9,0.0492,708.29,2.7,0.03140646335912608,43.76333333333333,118.05
2024-12-24 11:48:19.990260,Social Media,10318,403,6,673.03,1.67,0.0167,398.98,0.59,0.03905795696840473,112.17166666666667,66.5
2024-12-24 11:48:19.990260,Display Ads,18681,461,7,177.6,0.39,0.0163,454.15,2.56,0.02467747979230234,25.37142857142857,64.88
2024-12-24 11:48:19.990260,Email Marketing,21102,776,35,228.84,0.29,0.0452,3908.7,17.08,0.036773765519855936,6.538285714285714,111.68
2024-12-24 11:48:19.990260,Affiliate Marketing,3868,128,2,224.18,1.75,0.0218,174.74,0.78,0.033092037228541885,112.09,87.37
2024-12-25 11:48:19.990260,Paid Search,3462,44,1,83.48,1.9,0.0393,148.21,1.78,0.012709416522241479,83.48,148.21
2024-12-25 11:48:19.990260,Social Media,16502,169,2,233.17,1.38,0.0171,139.89,0.6,0.010241182886922797,116.585,69.94
2024-12-25 11:48:19.990260,Display Ads,2707,93,1,124.95,1.34,0.011,53.08,0.42,0.034355374953823424,124.95,53.08
2024-12-25 11:48:19.990260,Email Marketing,23226,394,15,92.77,0.24,0.039,1728.81,18.64,0.016963747524326188,6.184666666666667,115.25
2024-12-25 11:48:19.990260,Affiliate Marketing,4224,198,10,456.98,2.31,0.0522,940.94,2.06,0.046875,45.698,94.09
2024-12-26 11:48:19.990260,Paid Search,7833,263,8,240.22,0.91,0.033,963.27,4.01,0.03357589684667433,30.0275,120.41
2024-12-26 11:48:19.990260,Social Media,23884,361,12,230.65,0.64,0.0352,791.7,3.43,0.015114721152235807,19.220833333333335,65.98
2024-12-26 11:48:19.990260,Display Ads,5334,151,4,187.28,1.24,0.0286,200.45,1.07,0.02830896137982752,46.82,50.11
2024-12-26 11:48:19.990260,Email Marketing,32566,396,20,74.8,0.19,0.0511,2405.9,32.16,0.012159921390407172,3.7399999999999998,120.3
2024-12-26 11:48:19.990260,Affiliate Marketing,4217,140,8,236.01,1.69,0.059,713.94,3.03,0.03319895660422101,29.50125,89.24
2024-12-27 11:48:19.990260,Paid Search,4952,157,3,338.56,2.16,0.0253,337.54,1.0,0.031704361873990304,112.85333333333334,112.51
2024-12-27 11:48:19.990260,Social Media,8761,432,14,663.73,1.54,0.0342,1016.68,1.53,0.04930943956169387,47.409285714285716,72.62
2024-12-27 11:48:19.990260,Display Ads,6602,134,3,121.66,0.91,0.0249,207.64,1.71,0.020296879733414118,40.553333333333335,69.21
2024-12-27 11:48:19.990260,Email Marketing,17657,368,14,117.48,0.32,0.039,1551.48,13.21,0.02084159256951917,8.391428571428571,110.82
2024-12-27 11:48:19.990260,Affiliate Marketing,17445,521,17,219.28,0.42,0.0343,1546.95,7.05,0.02986529091430209,12.898823529411764,91.0
2024-12-28 11:48:19.990260,Paid Search,2916,141,4,357.24,2.53,0.0316,461.17,1.29,0.04835390946502058,89.31,115.29
2024-12-28 11:48:19.990260,Social Media,8957,179,6,188.89,1.06,0.0377,405.92,2.15,0.019984369766662947,31.481666666666666,67.65
2024-12-28 11:48:19.990260,Display Ads,9788,152,2,43.5,0.29,0.016,124.02,2.85,0.015529219452390683,21.75,62.01
2024-12-28 11:48:19.990260,Email Marketing,14361,240,15,93.09,0.39,0.0634,1814.11,19.49,0.016711928138709004,6.206,120.94
2024-12-28 11:48:19.990260,Affiliate Marketing,8661,92,2,47.15,0.51,0.0271,144.25,3.06,0.010622329984990186,23.575,72.12
2024-12-29 11:48:19.990260,Paid Search,1793,32,1,75.26,2.35,0.0391,135.09,1.79,0.01784718349135527,75.26,135.09
2024-12-29 11:48:19.990260,Social Media,28043,315,10,123.02,0.39,0.0342,690.67,5.61,0.011232749705808936,12.302,69.07
2024-12-29 11:48:19.990260,Display Ads,5263,174,1,94.3,0.54,0.0102,68.12,0.72,0.033060991829754895,94.3,68.12
2024-12-29 11:48:19.990260,Email Marketing,7527,227,9,89.66,0.39,0.0427,1098.71,12.25,0.03015809751561047,9.962222222222222,122.08
2024-12-29 11:48:19.990260,Affiliate Marketing,3515,90,2,111.86,1.24,0.0291,192.57,1.72,0.025604551920341393,55.93,96.28
2024-12-30 11:48:19.990260,Paid Search,7390,241,10,433.47,1.8,0.0445,1163.57,2.68,0.03261163734776725,43.347,116.36
2024-12-30 11:48:19.990260,Social Media,64519,1019,36,364.99,0.36,0.036,2405.8,6.59,0.015793797176025668,10.13861111111111,66.83
2024-12-30 11:48:19.990260,Display Ads,24349,902,19,523.99,0.58,0.0221,1276.59,2.44,0.037044642490451356,27.57842105263158,67.19
2024-12-30 11:48:19.990260,Email Marketing,30355,886,51,205.1,0.23,0.0584,6384.13,31.13,0.029187942678306704,4.02156862745098,125.18
2024-12-30 11:48:19.990260,Affiliate Marketing,13791,350,15,220.08,0.63,0.0453,1488.42,6.76,0.02537887027771735,14.672,99.23
2024-12-31 11:48:19.990260,Paid Search,4253,200,5,437.59,2.19,0.0268,654.47,1.5,0.04702562896778745,87.518,130.89
2024-12-31 11:48:19.990260,Social Media,20496,283,10,281.07,0.99,0.0373,705.03,2.51,0.013807572209211553,28.107,70.5
2024-12-31 11:48:19.990260,Display Ads,7201,124,1,185.1,1.49,0.0122,46.12,0.25,0.01721983057908624,185.1,46.12
2024-12-31 11:48:19.990260,Email Marketing,14691,266,19,128.02,0.48,0.0739,2407.62,18.81,0.018106323599482676,6.737894736842105,126.72
2024-12-31 11:48:19.990260,Affiliate Marketing,7322,280,16,382.01,1.36,0.0581,1549.15,4.06,0.03824091778202677,23.875625,96.82
2025-01-01 11:48:19.990260,Paid Search,7504,196,7,385.84,1.97,0.039,720.88,1.87,0.026119402985074626,55.12,102.98
2025-01-01 11:48:19.990260,Social Media,32337,436,6,206.57,0.47,0.0153,435.98,2.11,0.01348300708167115,34.428333333333335,72.66
2025-01-01 11:48:19.990260,Display Ads,9787,385,5,222.93,0.58,0.0153,327.63,1.47,0.03933789721058547,44.586,65.53
2025-01-01 11:48:19.990260,Email Marketing,33597,1213,47,259.88,0.21,0.0396,5647.81,21.73,0.036104414084590884,5.52936170212766,120.17
2025-01-01 11:48:19.990260,Affiliate Marketing,6295,208,7,367.57,1.77,0.0369,602.79,1.64,0.03304209690230341,52.51,86.11
2025-01-02 11:48:19.990260,Paid Search,10439,330,15,595.58,1.8,0.047,1789.99,3.01,0.03161222339304531,39.705333333333336,119.33
2025-01-02 11:48:19.990260,Social Media,19601,380,6,389.7,1.03,0.0174,433.84,1.11,0.019386765981327485,64.95,72.31
2025-01-02 11:48:19.990260,Display Ads,12935,529,14,507.57,0.96,0.0266,860.14,1.69,0.040896791650560496,36.255,61.44
2025-01-02 11:48:19.990260,Email Marketing,67090,1723,78,200.62,0.12,0.0453,9591.0,47.81,0.025681919809211508,2.572051282051282,122.96
2025-01-02 11:48:19.990260,Affiliate Marketing,3687,41,1,61.69,1.5,0.0321,96.83,1.57,0.011120151885001357,61.69,96.83
2025-01-03 11:48:19.990260,Paid Search,25291,1251,59,716.14,0.57,0.0475,6204.51,8.66,0.04946423628958918,12.137966101694914,105.16
2025-01-03 11:48:19.990260,Social Media,39825,670,13,238.6,0.36,0.0195,972.75,4.08,0.016823603264281232,18.353846153846153,74.83
2025-01-03 11:48:19.990260,Display Ads,10924,514,8,627.4,1.22,0.0161,476.55,0.76,0.0470523617722446,78.425,59.57
2025-01-03 11:48:19.990260,Email Marketing,39653,645,50,76.51,0.12,0.078,6014.66,78.61,0.01626610849116082,1.5302,120.29
2025-01-03 11:48:19.990260,Affiliate Marketing,6752,279,6,434.97,1.56,0.0231,518.76,1.19,0.041321090047393365,72.495,86.46
2025-01-04 11:48:19.990260,Paid Search,2555,75,2,143.8,1.92,0.0387,262.46,1.83,0.029354207436399216,71.9,131.23
2025-01-04 11:48:19.990260,Social Media,4571,207,5,353.14,1.71,0.0289,371.44,1.05,0.04528549551520455,70.628,74.29
2025-01-04 11:48:19.990260,Display Ads,8923,430,11,462.71,1.08,0.0272,732.37,1.58,0.04819007060405693,42.06454545454545,66.58
2025-01-04 11:48:19.990260,Email Marketing,19249,621,35,207.82,0.33,0.0569,3996.34,19.23,0.03226141617746377,5.937714285714286,114.18
2025-01-04 11:48:19.990260,Affiliate Marketing,9839,458,23,221.78,0.48,0.0511,2078.95,9.37,0.0465494460819189,9.642608695652173,90.39
2025-01-05 11:48:19.990260,Paid Search,9551,372,11,248.37,0.67,0.0303,1203.31,4.84,0.03894880117265208,22.579090909090908,109.39
2025-01-05 11:48:19.990260,Social Media,16248,464,9,434.71,0.94,0.0198,642.1,1.48,0.028557360905957656,48.30111111111111,71.34
2025-01-05 11:48:19.990260,Display Ads,8343,400,9,355.24,0.89,0.0247,516.65,1.45,0.0479443845139638,39.471111111111114,57.41
2025-01-05 11:48:19.990260,Email Marketing,15526,174,6,46.05,0.26,0.035,726.61,15.78,0.01120700760015458,7.675,121.1
2025-01-05 11:48:19.990260,Affiliate Marketing,7564,330,17,279.44,0.85,0.0539,1577.76,5.65,0.04362771020624009,16.43764705882353,92.81
2025-01-06 11:48:19.990260,Paid Search,6423,224,9,570.84,2.55,0.0408,1061.88,1.86,0.034874669157714464,63.42666666666667,117.99
2025-01-06 11:48:19.990260,Social Media,13549,142,3,228.84,1.61,0.0242,168.65,0.74,0.01048047826407853,76.28,56.22
2025-01-06 11:48:19.990260,Display Ads,11599,262,3,279.5,1.07,0.0125,191.6,0.69,0.02258815415121993,93.16666666666667,63.87
2025-01-06 11:48:19.990260,Email Marketing,55258,2582,187,313.64,0.12,0.0727,22368.5,71.32,0.04672626588005357,1.6772192513368984,119.62
2025-01-06 11:48:19.990260,Affiliate Marketing,6886,165,4,264.14,1.6,0.025,301.54,1.14,0.023961661341853034,66.035,75.39
2025-01-07 11:48:19.990260,Paid Search,10693,242,6,248.59,1.03,0.0275,651.58,2.62,0.022631628167960348,41.431666666666665,108.6
2025-01-07 11:48:19.990260,Social Media,31393,981,19,589.86,0.6,0.0195,1369.67,2.32,0.03124900455515561,31.045263157894738,72.09
2025-01-07 11:48:19.990260,Display Ads,9671,101,2,61.95,0.61,0.0276,138.23,2.23,0.010443594250853066,30.975,69.11
2025-01-07 11:48:19.990260,Email Marketing,17014,267,18,113.34,0.42,0.0686,2139.27,18.87,0.01569295873986129,6.296666666666667,118.85
2025-01-07 11:48:19.990260,Affiliate Marketing,7970,255,12,186.07,0.73,0.0498,1067.11,5.73,0.031994981179422836,15.505833333333333,88.93
2025-01-08 11:48:19.990260,Paid Search,4104,44,2,110.62,2.51,0.0498,242.17,2.19,0.010721247563352826,55.31,121.08
2025-01-08 11:48:19.990260,Social Media,10339,447,15,872.38,1.95,0.0341,1081.01,1.24,0.043234355353515816,58.15866666666667,72.07
2025-01-08 11:48:19.990260,Display Ads,11625,432,8,555.67,1.29,0.0192,503.32,0.91,0.03716129032258064,69.45875,62.91
2025-01-08 11:48:19.990260,Email Marketing,15214,696,29,287.76,0.41,0.0422,3409.93,11.85,0.045747337978177996,9.922758620689654,117.58
2025-01-08 11:48:19.990260,Affiliate Marketing,4038,91,4,124.15,1.36,0.0508,389.09,3.13,0.022535908865775136,31.0375,97.27
2025-01-09 11:48:19.990260,Paid Search,4703,162,6,340.31,2.1,0.0415,650.0,1.91,0.03444609823516904,56.718333333333334,108.33
2025-01-09 11:48:19.990260,Social Media,5697,95,2,174.85,1.84,0.0233,106.23,0.61,0.016675443215727576,87.425,53.12
2025-01-09 11:48:19.990260,Display Ads,23841,976,14,381.03,0.39,0.0153,921.65,2.42,0.040937880122478086,27.21642857142857,65.83
2025-01-09 11:48:19.990260,Email Marketing,19619,637,49,243.08,0.38,0.0776,5689.01,23.4,0.032468525409042256,4.960816326530613,116.1
2025-01-09 11:48:19.990260,Affiliate Marketing,5322,175,6,352.96,2.02,0.0399,498.36,1.41,0.03288237504697482,58.82666666666666,83.06
2025-01-10 11:48:19.990260,Paid Search,32849,1539,33,793.29,0.52,0.0219,3603.66,4.54,0.04685074127066273,24.03909090909091,109.2
2025-01-10 11:48:19.990260,Social Media,44943,1442,42,726.38,0.5,0.0298,2967.76,4.09,0.03208508555281134,17.294761904761906,70.66
2025-01-10 11:48:19.990260,Display Ads,33023,1425,33,580.24,0.41,0.0238,1904.69,3.28,0.043151742724767586,17.583030303030302,57.72
2025-01-10 11:48:19.990260,Email Marketing,5580,185,12,90.55,0.49,0.0695,1507.66,16.65,0.033154121863799284,7.545833333333333,125.64
2025-01-10 11:48:19.990260,Affiliate Marketing,6824,118,5,202.51,1.72,0.048,478.05,2.36,0.017291910902696366,40.501999999999995,95.61
2025-01-11 11:48:19.990260,Paid Search,9497,448,9,485.73,1.08,0.022,1014.78,2.09,0.04717279140781299,53.97,112.75
2025-01-11 11:48:19.990260,Social Media,17613,330,9,276.91,0.84,0.0285,656.55,2.37,0.018736160790325328,30.76777777777778,72.95
2025-01-11 11:48:19.990260,Display Ads,8103,358,9,371.41,1.04,0.0265,567.17,1.53,0.044181167468838704,41.26777777777778,63.02
2025-01-11 11:48:19.990260,Email Marketing,24975,1135,50,268.59,0.24,0.0441,5851.82,21.79,0.045445445445445445,5.3717999999999995,117.04
2025-01-11 11:48:19.990260,Affiliate Marketing,7523,294,17,222.87,0.76,0.0581,1609.35,7.22,0.039080154193805665,13.11,94.67
2025-01-12 11:48:19.990260,Paid Search,5927,291,13,245.52,0.84,0.0459,1447.78,5.9,0.0490973511051122,18.886153846153846,111.37
2025-01-12 11:48:19.990260,Social Media,9888,159,6,265.18,1.67,0.0387,461.62,1.74,0.01608009708737864,44.196666666666665,76.94
2025-01-12 11:48:19.990260,Display Ads,2861,32,0,44.54,1.39,0.0225,0,0,0.01118490038448095,inf,0
2025-01-12 11:48:19.990260,Email Marketing,17985,545,36,199.98,0.37,0.0665,4345.93,21.73,0.030303030303030304,5.555,120.72
2025-01-12 11:48:19.990260,Affiliate Marketing,4117,139,4,216.8,1.56,0.0333,360.54,1.66,0.03376244838474617,54.2,90.14
2025-01-13 11:48:19.990260,Paid Search,11031,481,13,707.86,1.47,0.0286,1304.25,1.84,0.043604387634847246,54.45076923076923,100.33
2025-01-13 11:48:19.990260,Social Media,17969,399,10,395.22,0.99,0.0273,663.36,1.68,0.022204908453447605,39.522000000000006,66.34
2025-01-13 11:48:19.990260,Display Ads,4089,53,1,57.88,1.09,0.0239,78.96,1.36,0.012961604304230863,57.88,78.96
2025-01-13 11:48:19.990260,Email Marketing,13197,197,12,90.59,0.46,0.0619,1404.22,15.5,0.014927635068576191,7.549166666666667,117.02
2025-01-13 11:48:19.990260,Affiliate Marketing,6467,114,2,158.48,1.39,0.0201,132.4,0.84,0.017627957321787537,79.24,66.2
2025-01-14 11:48:19.990260,Paid Search,4329,111,3,296.5,2.67,0.0306,354.95,1.2,0.02564102564102564,98.83333333333333,118.32
2025-01-14 11:48:19.990260,Social Media,53144,2569,98,958.05,0.37,0.0385,6897.26,7.2,0.04834035827186512,9.776020408163264,70.38
2025-01-14 11:48:19.990260,Display Ads,6697,254,4,293.19,1.15,0.0171,248.38,0.85,0.03792743019262356,73.2975,62.09
2025-01-14 11:48:19.990260,Email Marketing,35850,1112,61,173.15,0.16,0.055,7391.72,42.69,0.03101813110181311,2.8385245901639347,121.18
2025-01-14 11:48:19.990260,Affiliate Marketing,5858,139,5,142.05,1.02,0.039,390.15,2.75,0.023728234892454764,28.410000000000004,78.03
2025-01-15 11:48:19.990260,Paid Search,4525,64,1,165.23,2.58,0.0251,90.33,0.55,0.014143646408839779,165.23,90.33
2025-01-15 11:48:19.990260,Social Media,24602,556,21,229.86,0.41,0.0386,1519.69,6.61,0.02259978863507032,10.945714285714287,72.37
2025-01-15 11:48:19.990260,Display Ads,8436,248,6,307.5,1.24,0.0249,382.22,1.24,0.02939781887150308,51.25,63.7
2025-01-15 11:48:19.990260,Email Marketing,8502,162,10,80.13,0.49,0.0633,1090.73,13.61,0.019054340155257588,8.013,109.07
2025-01-15 11:48:19.990260,Affiliate Marketing,9795,375,11,203.67,0.54,0.0312,924.5,4.54,0.03828483920367534,18.515454545454546,84.05
2025-01-16 11:48:19.990260,Paid Search,12921,325,12,346.43,1.07,0.0393,1392.66,4.02,0.025152851946443774,28.86916666666667,116.06
2025-01-16 11:48:19.990260,Social Media,14335,613,18,753.57,1.23,0.0299,1219.61,1.62,0.04276246948029299,41.865,67.76
2025-01-16 11:48:19.990260,Display Ads,6628,84,2,106.62,1.27,0.0299,89.11,0.84,0.012673506336753168,53.31,44.55
2025-01-16 11:48:19.990260,Email Marketing,42073,607,21,82.65,0.14,0.0352,2639.71,31.94,0.014427304922396786,3.935714285714286,125.7
2025-01-16 11:48:19.990260,Affiliate Marketing,17439,677,18,329.17,0.49,0.0271,1690.87,5.14,0.038821033316130515,18.287222222222223,93.94
2025-01-17 11:48:19.990260,Paid Search,8467,213,7,428.39,2.01,0.0332,865.17,2.02,0.025156489901972362,61.19857142857143,123.6
2025-01-17 11:48:19.990260,Social Media,10178,297,11,302.15,1.02,0.0372,795.56,2.63,0.02918058557673413,27.468181818181815,72.32
2025-01-17 11:48:19.990260,Display Ads,14226,499,9,458.57,0.92,0.0195,554.06,1.21,0.035076620272740056,50.95222222222222,61.56
2025-01-17 11:48:19.990260,Email Marketing,31322,1453,56,465.97,0.32,0.039,6694.52,14.37,0.046389119468744015,8.320892857142857,119.55
2025-01-17 11:48:19.990260,Affiliate Marketing,12434,555,15,317.92,0.57,0.028,1389.22,4.37,0.04463567637124015,21.194666666666667,92.61
2025-01-18 11:48:19.990260,Paid Search,20055,812,20,447.44,0.55,0.0246,2306.08,5.15,0.04048865619546248,22.372,115.3
2025-01-18 11:48:19.990260,Social Media,8590,200,5,276.68,1.38,0.0273,347.68,1.26,0.023282887077997673,55.336,69.54
2025-01-18 11:48:19.990260,Display Ads,19366,686,18,349.48,0.51,0.0265,1207.01,3.45,0.03542290612413508,19.415555555555557,67.06
2025-01-18 11:48:19.990260,Email Marketing,36275,1454,98,223.83,0.15,0.0677,12033.08,53.76,0.04008270158511371,2.2839795918367347,122.79
2025-01-18 11:48:19.990260,Affiliate Marketing,14546,244,14,112.32,0.46,0.0593,1373.28,12.23,0.01677437096108896,8.022857142857143,98.09
2025-01-19 11:48:19.990260,Paid Search,5327,81,2,78.93,0.97,0.029,243.75,3.09,0.015205556598460672,39.465,121.88
2025-01-19 11:48:19.990260,Social Media,6702,318,12,594.49,1.87,0.0397,825.93,1.39,0.047448522829006266,49.54083333333333,68.83
2025-01-19 11:48:19.990260,Display Ads,9106,124,3,65.97,0.53,0.0298,196.58,2.98,0.013617395124094003,21.99,65.53
2025-01-19 11:48:19.990260,Email Marketing,33312,1654,87,233.55,0.14,0.0528,10602.87,45.4,0.04965177713736792,2.68448275862069,121.87
2025-01-19 11:48:19.990260,Affiliate Marketing,2166,52,1,88.69,1.71,0.0215,85.38,0.96,0.024007386888273315,88.69,85.38
2025-01-20 11:48:19.990260,Paid Search,12343,149,7,180.54,1.21,0.0495,836.51,4.63,0.012071619541440492,25.791428571428572,119.5
2025-01-20 11:48:19.990260,Social Media,22187,724,28,656.75,0.91,0.0394,1883.27,2.87,0.032631721278225986,23.455357142857142,67.26
2025-01-20 11:48:19.990260,Display Ads,9224,446,12,431.61,0.97,0.0281,785.69,1.82,0.04835212489158716,35.9675,65.47
2025-01-20 11:48:19.990260,Email Marketing,65915,3242,155,444.25,0.14,0.048,18753.54,42.21,0.04918455586740499,2.8661290322580646,120.99
2025-01-20 11:48:19.990260,Affiliate Marketing,6458,166,5,171.18,1.03,0.0348,427.0,2.49,0.0257045524930319,34.236000000000004,85.4
2025-01-21 11:48:19.990260,Paid Search,8409,90,3,97.53,1.08,0.035,329.0,3.37,0.010702818408847663,32.51,109.67
2025-01-21 11:48:19.990260,Social Media,15127,557,10,703.8,1.26,0.0193,637.3,0.91,0.036821577312090965,70.38,63.73
2025-01-21 11:48:19.990260,Display Ads,17658,531,7,296.18,0.56,0.0133,419.13,1.42,0.030071355759429153,42.31142857142857,59.88
2025-01-21 11:48:19.990260,Email Marketing,64345,1103,56,121.71,0.11,0.0509,6764.02,55.57,0.017141969072966043,2.173392857142857,120.79
2025-01-21 11:48:19.990260,Affiliate Marketing,6569,115,6,167.09,1.45,0.0563,512.56,3.07,0.017506469782310855,27.848333333333333,85.43
2025-01-22 11:48:19.990260,Paid Search,7418,302,6,580.27,1.92,0.0224,559.35,0.96,0.040711782151523324,96.71166666666666,93.23
2025-01-22 11:48:19.990260,Social Media,49645,1982,41,853.01,0.43,0.0208,2828.66,3.32,0.039923456541444254,20.805121951219512,68.99
2025-01-22 11:48:19.990260,Display Ads,6782,173,4,168.29,0.97,0.0257,244.23,1.45,0.025508699498672956,42.0725,61.06
2025-01-22 11:48:19.990260,Email Marketing,37098,534,38,120.59,0.23,0.0723,4774.7,39.59,0.014394306970726184,3.173421052631579,125.65
2025-01-22 11:48:19.990260,Affiliate Marketing,5893,90,5,187.81,2.09,0.0557,438.55,2.34,0.015272357033768879,37.562,87.71
2025-01-23 11:48:19.990260,Paid Search,4842,81,2,132.9,1.64,0.0296,166.25,1.25,0.016728624535315983,66.45,83.12
2025-01-23 11:48:19.990260,Social Media,68681,3431,134,1087.85,0.32,0.0392,9246.04,8.5,0.049955591793945923,8.118283582089552,69.0
2025-01-23 11:48:19.990260,Display Ads,6497,149,1,199.29,1.34,0.0119,46.76,0.23,0.022933661690010775,199.29,46.76
2025-01-23 11:48:19.990260,Email Marketing,43052,1274,98,258.3,0.2,0.0773,11904.28,46.09,0.029592121155811578,2.6357142857142857,121.47
2025-01-23 11:48:19.990260,Affiliate Marketing,9946,197,5,206.72,1.05,0.0265,439.42,2.13,0.019806957570882768,41.344,87.88
2025-01-24 11:48:19.990260,Paid Search,8198,119,2,246.44,2.07,0.0211,213.27,0.87,0.01451573554525494,123.22,106.64
2025-01-24 11:48:19.990260,Social Media,34725,1667,58,789.44,0.47,0.0352,4066.51,5.15,0.04800575953923686,13.611034482758622,70.11
2025-01-24 11:48:19.990260,Display Ads,6300,189,3,121.51,0.64,0.0186,199.82,1.64,0.03,40.50333333333334,66.61
2025-01-24 11:48:19.990260,Email Marketing,21772,271,12,53.04,0.2,0.0473,1401.59,26.43,0.012447179864045563,4.42,116.8
2025-01-24 11:48:19.990260,Affiliate Marketing,12051,346,16,159.96,0.46,0.0477,1573.74,9.84,0.02871131026470832,9.9975,98.36
2025-01-25 11:48:19.990260,Paid Search,6489,161,5,185.23,1.15,0.0371,623.4,3.37,0.02481121898597627,37.046,124.68
2025-01-25 11:48:19.990260,Social Media,6266,309,8,379.97,1.23,0.0288,528.21,1.39,0.04931375678263645,47.49625,66.03
2025-01-25 11:48:19.990260,Display Ads,2542,125,1,159.17,1.27,0.0154,46.42,0.29,0.04917387883556255,159.17,46.42
2025-01-25 11:48:19.990260,Email Marketing,22520,271,12,65.7,0.24,0.0479,1399.3,21.3,0.012033747779751332,5.4750000000000005,116.61
2025-01-25 11:48:19.990260,Affiliate Marketing,4715,81,2,140.99,1.74,0.0349,177.07,1.26,0.017179215270413575,70.495,88.53
2025-01-26 11:48:19.990260,Paid Search,6372,106,4,168.53,1.59,0.0451,439.79,2.61,0.016635279347143754,42.1325,109.95
2025-01-26 11:48:19.990260,Social Media,7238,115,3,222.77,1.94,0.0338,180.74,0.81,0.01588836695219674,74.25666666666667,60.25
2025-01-26 11:48:19.990260,Display Ads,8032,268,3,214.24,0.8,0.0124,186.03,0.87,0.03336653386454183,71.41333333333334,62.01
2025-01-26 11:48:19.990260,Email Marketing,12911,331,19,104.36,0.32,0.0582,2394.4,22.94,0.025637053675160715,5.4926315789473685,126.02
2025-01-26 11:48:19.990260,Affiliate Marketing,6521,148,7,126.28,0.85,0.053,577.48,4.57,0.022695905535960743,18.04,82.5
2025-01-27 11:48:19.990260,Paid Search,6318,262,6,747.42,2.85,0.0237,648.95,0.87,0.041468819246597025,124.57,108.16
2025-01-27 11:48:19.990260,Social Media,8992,426,12,544.6,1.28,0.0295,896.25,1.65,0.04737544483985765,45.38333333333333,74.69
2025-01-27 11:48:19.990260,Display Ads,30554,588,7,162.61,0.28,0.0119,381.56,2.35,0.019244616089546376,23.23,54.51
2025-01-27 11:48:19.990260,Email Marketing,20536,939,37,447.36,0.48,0.0403,4403.48,9.84,0.045724581223217764,12.090810810810812,119.01
2025-01-27 11:48:19.990260,Affiliate Marketing,9933,303,10,361.49,1.19,0.035,960.27,2.66,0.030504379341588644,36.149,96.03
2025-01-28 11:48:19.990260,Paid Search,5063,170,7,409.62,2.41,0.0469,758.32,1.85,0.03357693067351373,58.51714285714286,108.33
2025-01-28 11:48:19.990260,Social Media,13789,582,20,866.39,1.49,0.0357,1391.71,1.61,0.04220755674813257,43.3195,69.59
2025-01-28 11:48:19.990260,Display Ads,9293,286,3,336.66,1.18,0.0121,183.67,0.55,0.030775852792424407,112.22000000000001,61.22
2025-01-28 11:48:19.990260,Email Marketing,17816,783,29,328.08,0.42,0.0381,3593.45,10.95,0.04394925909295016,11.31310344827586,123.91
2025-01-28 11:48:19.990260,Affiliate Marketing,4510,200,9,482.8,2.41,0.0464,782.61,1.62,0.04434589800443459,53.644444444444446,86.96
2025-01-29 11:48:19.990260,Paid Search,6589,221,8,272.65,1.23,0.0367,879.74,3.23,0.03354074973440583,34.08125,109.97
2025-01-29 11:48:19.990260,Social Media,8990,302,5,571.59,1.89,0.0173,359.3,0.63,0.033592880978865404,114.31800000000001,71.86
2025-01-29 11:48:19.990260,Display Ads,10270,188,3,201.87,1.07,0.0203,159.7,0.79,0.01830574488802337,67.29,53.23
2025-01-29 11:48:19.990260,Email Marketing,68696,1447,86,149.36,0.1,0.0597,10464.18,70.06,0.021063817398392918,1.7367441860465118,121.68
2025-01-29 11:48:19.990260,Affiliate Marketing,4704,95,3,232.78,2.45,0.0366,262.57,1.13,0.02019557823129252,77.59333333333333,87.52
2025-01-30 11:48:19.990260,Paid Search,8938,216,10,264.28,1.22,0.0496,1144.54,4.33,0.02416648019691206,26.427999999999997,114.45
2025-01-30 11:48:19.990260,Social Media,9200,319,12,399.89,1.25,0.0397,802.37,2.01,0.03467391304347826,33.32416666666666,66.86
2025-01-30 11:48:19.990260,Display Ads,4203,153,2,228.61,1.49,0.0167,94.93,0.42,0.03640256959314775,114.305,47.47
2025-01-30 11:48:19.990260,Email Marketing,6565,80,6,33.01,0.41,0.0794,717.12,21.72,0.012185833968012186,5.501666666666666,119.52
2025-01-30 11:48:19.990260,Affiliate Marketing,3238,65,3,123.97,1.91,0.0479,291.2,2.35,0.020074119827053736,41.32333333333333,97.07
2025-01-31 11:48:19.990260,Paid Search,5724,146,3,391.82,2.68,0.0243,340.15,0.87,0.025506638714185886,130.60666666666665,113.38
2025-01-31 11:48:19.990260,Social Media,9196,329,12,517.59,1.57,0.0381,839.13,1.62,0.03577642453240539,43.1325,69.93
2025-01-31 11:48:19.990260,Display Ads,10930,366,9,402.53,1.1,0.0265,628.68,1.56,0.03348581884720952,44.72555555555555,69.85
2025-01-31 11:48:19.990260,Email Marketing,12383,443,18,97.99,0.22,0.0427,2056.09,20.98,0.035774852620528146,5.443888888888889,114.23
2025-01-31 11:48:19.990260,Affiliate Marketing,19304,204,11,122.59,0.6,0.0556,949.27,7.74,0.010567757977621219,11.144545454545455,86.3
2025-02-01 11:48:19.990260,Paid Search,6892,185,5,191.35,1.03,0.0314,538.44,2.81,0.026842716192687174,38.269999999999996,107.69
2025-02-01 11:48:19.990260,Social Media,9567,163,6,197.68,1.21,0.0371,449.84,2.28,0.0170377338768684,32.946666666666665,74.97
2025-02-01 11:48:19.990260,Display Ads,6146,139,3,172.04,1.24,0.027,187.31,1.09,0.02261633582818093,57.346666666666664,62.44
2025-02-01 11:48:19.990260,Email Marketing,18190,193,10,27.35,0.14,0.0543,1138.81,41.64,0.010610225398570643,2.7350000000000003,113.88
2025-02-01 11:48:19.990260,Affiliate Marketing,6763,160,3,90.92,0.57,0.0211,270.31,2.97,0.023658139878752035,30.30666666666667,90.1
2025-02-02 11:48:19.990260,Paid Search,4631,177,6,380.42,2.15,0.0352,771.34,2.03,0.038220686676743686,63.403333333333336,128.56
2025-02-02 11:48:19.990260,Social Media,12532,560,13,586.64,1.05,0.0246,909.32,1.55,0.044685604851579956,45.12615384615385,69.95
2025-02-02 11:48:19.990260,Display Ads,7581,323,3,151.51,0.47,0.0111,196.59,1.3,0.042606516290726815,50.50333333333333,65.53
2025-02-02 11:48:19.990260,Email Marketing,23863,609,22,150.22,0.25,0.0365,2608.74,17.37,0.02552068055148137,6.828181818181818,118.58
2025-02-02 11:48:19.990260,Affiliate Marketing,7250,133,7,145.15,1.09,0.0546,640.35,4.41,0.018344827586206897,20.735714285714288,91.48
2025-02-03 11:48:19.990260,Paid Search,5743,190,6,340.13,1.79,0.036,602.02,1.77,0.03308375413546927,56.68833333333333,100.34
2025-02-03 11:48:19.990260,Social Media,11667,531,7,920.85,1.73,0.015,520.84,0.57,0.04551298534327591,131.55,74.41
2025-02-03 11:48:19.990260,Display Ads,16145,653,14,464.04,0.71,0.0229,882.6,1.9,0.04044595850108393,33.145714285714284,63.04
2025-02-03 11:48:19.990260,Email Marketing,64930,1205,95,140.15,0.12,0.0795,10898.72,77.76,0.018558447558909594,1.4752631578947368,114.72
2025-02-03 11:48:19.990260,Affiliate Marketing,3455,85,3,173.12,2.04,0.0425,226.52,1.31,0.024602026049204053,57.70666666666667,75.51
2025-02-04 11:48:19.990260,Paid Search,32759,912,32,531.06,0.58,0.0357,3718.03,7.0,0.027839677645837786,16.595625,116.19
2025-02-04 11:48:19.990260,Social Media,10512,485,8,649.48,1.34,0.0178,591.88,0.91,0.046137747336377474,81.185,73.98
2025-02-04 11:48:19.990260,Display Ads,9033,366,7,533.85,1.46,0.0206,446.59,0.84,0.04051810029890402,76.26428571428572,63.8
2025-02-04 11:48:19.990260,Email Marketing,32764,438,16,55.76,0.13,0.0386,2142.17,38.42,0.013368331095104383,3.485,133.89
2025-02-04 11:48:19.990260,Affiliate Marketing,26689,1233,43,517.16,0.42,0.0354,3726.71,7.21,0.04619880849788302,12.026976744186046,86.67
2025-02-05 11:48:19.990260,Paid Search,5090,135,5,246.45,1.83,0.0423,562.16,2.28,0.026522593320235755,49.29,112.43
2025-02-05 11:48:19.990260,Social Media,32175,682,20,317.86,0.47,0.0301,1329.07,4.18,0.0211965811965812,15.893,66.45
2025-02-05 11:48:19.990260,Display Ads,18730,742,9,302.51,0.41,0.0126,573.76,1.9,0.039615589962626804,33.61222222222222,63.75
2025-02-05 11:48:19.990260,Email Marketing,11018,386,23,181.68,0.47,0.0612,2680.59,14.75,0.035033581412234525,7.899130434782609,116.55
2025-02-05 11:48:19.990260,Affiliate Marketing,5110,207,7,454.85,2.2,0.0343,584.24,1.28,0.04050880626223092,64.97857142857143,83.46
2025-02-06 11:48:19.990260,Paid Search,7608,250,9,622.86,2.49,0.0367,951.68,1.53,0.03286014721345951,69.20666666666666,105.74
2025-02-06 11:48:19.990260,Social Media,9622,408,7,798.83,1.96,0.0177,507.39,0.64,0.04240282685512368,114.11857142857143,72.48
2025-02-06 11:48:19.990260,Display Ads,23573,369,4,152.51,0.41,0.0112,218.23,1.43,0.015653501887752937,38.1275,54.56
2025-02-06 11:48:19.990260,Email Marketing,38685,1929,71,438.19,0.23,0.0372,8611.19,19.65,0.04986428848390849,6.171690140845071,121.28
2025-02-06 11:48:19.990260,Affiliate Marketing,10683,344,16,288.8,0.84,0.049,1477.9,5.12,0.03220069268931948,18.05,92.37
2025-02-07 11:48:19.990260,Paid Search,5831,147,5,171.86,1.17,0.0359,507.94,2.96,0.025210084033613446,34.372,101.59
2025-02-07 11:48:19.990260,Social Media,14011,186,6,242.14,1.3,0.0348,490.94,2.03,0.013275283705659838,40.35666666666666,81.82
2025-02-07 11:48:19.990260,Display Ads,7038,193,4,205.19,1.06,0.0221,260.91,1.27,0.027422563228189825,51.2975,65.23
2025-02-07 11:48:19.990260,Email Marketing,28567,1031,47,242.58,0.24,0.0463,5626.76,23.2,0.03609059404207652,5.161276595744681,119.72
2025-02-07 11:48:19.990260,Affiliate Marketing,8150,316,16,203.07,0.64,0.051,1372.06,6.76,0.038773006134969326,12.691875,85.75
2025-02-08 11:48:19.990260,Paid Search,3538,107,4,234.25,2.19,0.044,485.36,2.07,0.030243075183719617,58.5625,121.34
2025-02-08 11:48:19.990260,Social Media,15842,207,7,149.13,0.72,0.0355,473.35,3.17,0.013066532003534907,21.304285714285715,67.62
2025-02-08 11:48:19.990260,Display Ads,5094,156,4,178.93,1.15,0.0258,229.68,1.28,0.030624263839811542,44.7325,57.42
2025-02-08 11:48:19.990260,Email Marketing,10948,251,12,108.14,0.43,0.0484,1480.22,13.69,0.022926561929119474,9.011666666666667,123.35
2025-02-08 11:48:19.990260,Affiliate Marketing,9243,202,4,96.4,0.48,0.0216,384.5,3.99,0.021854376284756033,24.1,96.12
2025-02-09 11:48:19.990260,Paid Search,4301,158,5,442.01,2.8,0.0371,616.66,1.4,0.03673564287375029,88.402,123.33
2025-02-09 11:48:19.990260,Social Media,23414,1155,32,508.55,0.44,0.0282,2260.59,4.45,0.049329461006235586,15.8921875,70.64
2025-02-09 11:48:19.990260,Display Ads,10019,470,6,431.3,0.92,0.014,363.37,0.84,0.04691086934823835,71.88333333333334,60.56
2025-02-09 11:48:19.990260,Email Marketing,15025,700,33,120.54,0.17,0.0484,3883.38,32.22,0.04658901830282862,3.652727272727273,117.68
2025-02-09 11:48:19.990260,Affiliate Marketing,2484,51,1,105.77,2.07,0.0289,90.21,0.85,0.020531400966183576,105.77,90.21
2025-02-10 11:48:19.990260,Paid Search,5601,80,2,158.81,1.99,0.0365,221.58,1.4,0.01428316372076415,79.405,110.79
2025-02-10 11:48:19.990260,Social Media,15091,678,12,596.89,0.88,0.0179,811.89,1.36,0.0449274401961434,49.740833333333335,67.66
2025-02-10 11:48:19.990260,Display Ads,10865,356,7,424.35,1.19,0.0208,434.21,1.02,0.03276576161988035,60.621428571428574,62.03
2025-02-10 11:48:19.990260,Email Marketing,77762,2537,118,273.65,0.11,0.0468,13911.26,50.84,0.032625189681335355,2.3190677966101694,117.89
2025-02-10 11:48:19.990260,Affiliate Marketing,7970,157,3,152.62,0.97,0.0252,263.71,1.73,0.01969887076537014,50.873333333333335,87.9
2025-02-11 11:48:19.990260,Paid Search,25727,1098,32,826.55,0.75,0.0298,3669.98,4.44,0.0426788976561589,25.8296875,114.69
2025-02-11 11:48:19.990260,Social Media,12374,125,4,107.78,0.86,0.0347,254.46,2.36,0.010101826410214967,26.945,63.62
2025-02-11 11:48:19.990260,Display Ads,7230,264,2,248.56,0.94,0.0108,129.73,0.52,0.036514522821576766,124.28,64.86
2025-02-11 11:48:19.990260,Email Marketing,36962,791,31,184.28,0.23,0.0399,3620.18,19.64,0.021400357123532276,5.944516129032258,116.78
2025-02-11 11:48:19.990260,Affiliate Marketing,10170,200,9,106.66,0.53,0.0459,857.89,8.04,0.01966568338249754,11.851111111111111,95.32
2025-02-12 11:48:19.990260,Paid Search,11632,317,11,350.56,1.11,0.0365,1257.15,3.59,0.027252407152682255,31.86909090909091,114.29
2025-02-12 11:48:19.990260,Social Media,13586,372,11,375.57,1.01,0.0312,843.57,2.25,0.027381127631385248,34.14272727272727,76.69
2025-02-12 11:48:19.990260,Display Ads,10450,416,7,544.21,1.31,0.0191,434.83,0.8,0.03980861244019139,77.74428571428572,62.12
2025-02-12 11:48:19.990260,Email Marketing,24014,1129,60,256.87,0.23,0.0534,7368.64,28.69,0.04701424169234613,4.281166666666667,122.81
2025-02-12 11:48:19.990260,Affiliate Marketing,3819,73,4,149.32,2.05,0.0586,344.51,2.31,0.019114951557999475,37.33,86.13
2025-02-13 11:48:19.990260,Paid Search,7184,248,8,285.81,1.15,0.0363,936.3,3.28,0.034521158129175944,35.72625,117.04
2025-02-13 11:48:19.990260,Social Media,29420,893,32,754.45,0.84,0.0364,2306.18,3.06,0.03035350101971448,23.5765625,72.07
2025-02-13 11:48:19.990260,Display Ads,10544,111,2,162.93,1.47,0.0225,122.24,0.75,0.010527314112291351,81.465,61.12
2025-02-13 11:48:19.990260,Email Marketing,28503,515,40,142.91,0.28,0.0789,4659.08,32.6,0.018068273515068588,3.57275,116.48
2025-02-13 11:48:19.990260,Affiliate Marketing,6187,171,5,145.99,0.85,0.034,456.47,3.13,0.02763859705834815,29.198,91.29
2025-02-14 11:48:19.990260,Paid Search,3250,119,5,343.07,2.88,0.0484,556.84,1.62,0.03661538461538461,68.614,111.37
2025-02-14 11:48:19.990260,Social Media,11398,503,15,568.71,1.13,0.0305,1043.18,1.83,0.04413054921916126,37.914,69.55
2025-02-14 11:48:19.990260,Display Ads,7105,97,1,139.8,1.44,0.0131,76.83,0.55,0.013652357494722026,139.8,76.83
2025-02-14 11:48:19.990260,Email Marketing,21206,909,57,278.58,0.31,0.0634,6670.02,23.94,0.04286522682259738,4.887368421052631,117.02
2025-02-14 11:48:19.990260,Affiliate Marketing,5321,133,5,208.53,1.57,0.0423,448.77,2.15,0.024995301635031008,41.706,89.75
2025-02-15 11:48:19.990260,Paid Search,3809,56,2,167.92,3.0,0.0436,218.84,1.3,0.014702021527960095,83.96,109.42
2025-02-15 11:48:19.990260,Social Media,7725,77,2,149.23,1.94,0.0372,131.8,0.88,0.009967637540453074,74.615,65.9
2025-02-15 11:48:19.990260,Display Ads,7682,358,8,428.09,1.2,0.0232,422.43,0.99,0.046602447279354337,53.51125,52.8
2025-02-15 11:48:19.990260,Email Marketing,15946,241,14,93.93,0.39,0.0605,1666.52,17.74,0.015113508089803085,6.7092857142857145,119.04
2025-02-15 11:48:19.990260,Affiliate Marketing,3513,68,2,127.89,1.88,0.0346,157.77,1.23,0.019356675206376316,63.945,78.89
2025-02-16 11:48:19.990260,Paid Search,12954,129,2,72.84,0.56,0.021,219.97,3.02,0.009958314034275127,36.42,109.98
2025-02-16 11:48:19.990260,Social Media,17312,386,12,362.89,0.94,0.0324,833.07,2.3,0.02229667282809612,30.24083333333333,69.42
2025-02-16 11:48:19.990260,Display Ads,25052,520,5,172.96,0.33,0.0113,314.37,1.82,0.020756825802331152,34.592,62.87
2025-02-16 11:48:19.990260,Email Marketing,57768,897,29,96.95,0.11,0.0333,3423.15,35.31,0.015527627752388865,3.3431034482758624,118.04
2025-02-16 11:48:19.990260,Affiliate Marketing,2388,83,4,161.93,1.95,0.051,353.12,2.18,0.0347571189279732,40.4825,88.28
2025-02-17 11:48:19.990260,Paid Search,7759,225,5,477.94,2.12,0.0262,557.08,1.17,0.028998582291532415,95.588,111.42
2025-02-17 11:48:19.990260,Social Media,17309,480,18,700.19,1.46,0.0386,1313.35,1.88,0.027731238084233636,38.89944444444445,72.96
2025-02-17 11:48:19.990260,Display Ads,4552,221,5,322.81,1.46,0.0243,305.81,0.95,0.04855008787346221,64.562,61.16
2025-02-17 11:48:19.990260,Email Marketing,15168,303,17,69.18,0.23,0.058,1924.13,27.81,0.01997626582278481,4.069411764705883,113.18
2025-02-17 11:48:19.990260,Affiliate Marketing,7760,111,6,178.24,1.61,0.0551,568.69,3.19,0.014304123711340206,29.706666666666667,94.78
2025-02-18 11:48:19.990260,Paid Search,9113,334,10,680.46,2.04,0.0326,1009.82,1.48,0.03665093822012509,68.046,100.98
2025-02-18 11:48:19.990260,Social Media,12096,451,15,810.89,1.8,0.0337,1123.71,1.39,0.03728505291005291,54.059333333333335,74.91
2025-02-18 11:48:19.990260,Display Ads,28061,747,13,197.7,0.26,0.0176,781.98,3.96,0.026620576600976446,15.207692307692307,60.15
2025-02-18 11:48:19.990260,Email Marketing,37885,1299,71,227.07,0.17,0.0553,8723.67,38.42,0.03428797677180943,3.198169014084507,122.87
2025-02-18 11:48:19.990260,Affiliate Marketing,3602,156,6,259.71,1.66,0.0416,511.14,1.97,0.043309272626318715,43.285,85.19
2025-02-19 11:48:19.990260,Paid Search,9079,101,2,163.2,1.62,0.026,197.3,1.21,0.011124573190880054,81.6,98.65
2025-02-19 11:48:19.990260,Social Media,33997,966,27,659.89,0.68,0.0283,1941.42,2.94,0.028414271847515958,24.44037037037037,71.9
2025-02-19 11:48:19.990260,Display Ads,14916,679,11,562.15,0.83,0.0163,679.13,1.21,0.045521587556985786,51.10454545454545,61.74
2025-02-19 11:48:19.990260,Email Marketing,33091,1545,123,432.01,0.28,0.0799,14634.35,33.88,0.04668943217188964,3.5122764227642276,118.98
2025-02-19 11:48:19.990260,Affiliate Marketing,4890,52,2,76.25,1.47,0.0415,169.32,2.22,0.01063394683026585,38.125,84.66
2025-02-20 11:48:19.990260,Paid Search,25418,423,11,286.8,0.68,0.0282,1329.42,4.64,0.016641749940986703,26.072727272727274,120.86
2025-02-20 11:48:19.990260,Social Media,13405,281,7,255.41,0.91,0.0271,523.67,2.05,0.020962327489742635,36.48714285714286,74.81
2025-02-20 11:48:19.990260,Display Ads,10538,404,7,410.5,1.02,0.0178,436.82,1.06,0.03833744543556652,58.642857142857146,62.4
2025-02-20 11:48:19.990260,Email Marketing,17912,723,36,134.15,0.19,0.0499,4290.13,31.98,0.04036400178651184,3.726388888888889,119.17
2025-02-20 11:48:19.990260,Affiliate Marketing,5608,257,7,433.08,1.69,0.0277,646.49,1.49,0.045827389443651924,61.86857142857143,92.36
2025-02-21 11:48:19.990260,Paid Search,4720,120,3,314.16,2.62,0.0315,322.25,1.03,0.025423728813559324,104.72000000000001,107.42
2025-02-21 11:48:19.990260,Social Media,52074,1376,40,522.14,0.38,0.0293,2679.86,5.13,0.026423935169182317,13.0535,67.0
2025-02-21 11:48:19.990260,Display Ads,4399,134,1,134.36,1.0,0.0127,72.71,0.54,0.03046146851557172,134.36,72.71
2025-02-21 11:48:19.990260,Email Marketing,7599,310,14,146.76,0.47,0.0473,1697.19,11.56,0.04079484142650349,10.482857142857142,121.23
2025-02-21 11:48:19.990260,Affiliate Marketing,10356,151,8,170.33,1.13,0.0572,816.86,4.8,0.014580919273850908,21.29125,102.11
2025-02-22 11:48:19.990260,Paid Search,2485,99,4,274.5,2.77,0.0481,423.91,1.54,0.03983903420523139,68.625,105.98
2025-02-22 11:48:19.990260,Social Media,32625,824,17,335.57,0.41,0.0208,1209.05,3.6,0.02525670498084291,19.73941176470588,71.12
2025-02-22 11:48:19.990260,Display Ads,12272,299,8,185.29,0.62,0.0269,526.96,2.84,0.024364406779661018,23.16125,65.87
2025-02-22 11:48:19.990260,Email Marketing,19240,403,25,116.36,0.29,0.0636,2831.71,24.34,0.020945945945945947,4.6544,113.27
2025-02-22 11:48:19.990260,Affiliate Marketing,7851,179,4,123.55,0.69,0.024,350.22,2.83,0.022799643357534073,30.8875,87.56
2025-02-23 11:48:19.990260,Paid Search,8803,180,5,133.62,0.74,0.0309,603.37,4.52,0.02044757469044644,26.724,120.67
2025-02-23 11:48:19.990260,Social Media,16104,748,28,591.5,0.79,0.0386,1899.65,3.21,0.04644808743169399,21.125,67.84
2025-02-23 11:48:19.990260,Display Ads,2996,124,3,178.84,1.44,0.025,206.09,1.15,0.04138851802403204,59.61333333333334,68.7
2025-02-23 11:48:19.990260,Email Marketing,10426,246,12,88.65,0.36,0.0519,1474.05,16.63,0.023594859006330328,7.3875,122.84
2025-02-23 11:48:19.990260,Affiliate Marketing,3885,111,5,113.88,1.03,0.0525,482.17,4.23,0.02857142857142857,22.776,96.43
2025-02-24 11:48:19.990260,Paid Search,2819,35,1,97.0,2.77,0.03,108.71,1.12,0.012415750266051791,97.0,108.71
2025-02-24 11:48:19.990260,Social Media,18591,803,12,715.17,0.89,0.0162,851.06,1.19,0.04319294282179549,59.5975,70.92
2025-02-24 11:48:19.990260,Display Ads,7123,309,8,279.7,0.91,0.029,558.05,2.0,0.043380598062614066,34.9625,69.76
2025-02-24 11:48:19.990260,Email Marketing,23595,932,36,365.46,0.39,0.0395,4471.95,12.24,0.039499894045348594,10.151666666666666,124.22
2025-02-24 11:48:19.990260,Affiliate Marketing,11954,319,16,242.11,0.76,0.0526,1409.26,5.82,0.026685628241592773,15.131875,88.08
2025-02-25 11:48:19.990260,Paid Search,2458,47,1,137.6,2.93,0.039,129.45,0.94,0.019121236777868186,137.6,129.45
2025-02-25 11:48:19.990260,Social Media,14934,458,12,560.78,1.22,0.0276,814.24,1.45,0.030668273737779563,46.73166666666666,67.85
2025-02-25 11:48:19.990260,Display Ads,4896,112,1,137.88,1.23,0.0111,77.14,0.56,0.02287581699346405,137.88,77.14
2025-02-25 11:48:19.990260,Email Marketing,26600,410,26,152.94,0.37,0.0642,3007.49,19.66,0.015413533834586466,5.882307692307692,115.67
2025-02-25 11:48:19.990260,Affiliate Marketing,11647,273,6,131.04,0.48,0.0229,531.97,4.06,0.023439512320769296,21.84,88.66
2025-02-26 11:48:19.990260,Paid Search,13651,299,10,348.07,1.16,0.0342,1040.48,2.99,0.021903157277855103,34.807,104.05
2025-02-26 11:48:19.990260,Social Media,14279,277,8,503.9,1.82,0.0317,591.68,1.17,0.019399117585265073,62.9875,73.96
2025-02-26 11:48:19.990260,Display Ads,26971,1211,27,643.37,0.53,0.0228,1709.22,2.66,0.0449000778614067,23.828518518518518,63.3
2025-02-26 11:48:19.990260,Email Marketing,32818,722,52,225.29,0.31,0.073,6032.81,26.78,0.02200012188433177,4.3325,116.02
2025-02-26 11:48:19.990260,Affiliate Marketing,5536,76,3,76.49,1.01,0.0502,286.53,3.75,0.013728323699421965,25.496666666666666,95.51
2025-02-27 11:48:19.990260,Paid Search,6842,137,6,385.84,2.82,0.0454,661.97,1.72,0.020023384975153463,64.30666666666666,110.33
2025-02-27 11:48:19.990260,Social Media,7109,241,6,418.25,1.74,0.0264,432.17,1.03,0.03390068926712618,69.70833333333333,72.03
2025-02-27 11:48:19.990260,Display Ads,21908,863,14,478.0,0.55,0.0169,890.26,1.86,0.03939200292130728,34.142857142857146,63.59
2025-02-27 11:48:19.990260,Email Marketing,16503,436,18,211.8,0.49,0.0425,2097.63,9.9,0.026419438889898807,11.766666666666667,116.54
2025-02-27 11:48:19.990260,Affiliate Marketing,5101,214,7,527.83,2.47,0.0336,628.97,1.19,0.04195255832189767,75.40428571428572,89.85
2025-02-28 11:48:19.990260,Paid Search,24950,698,29,368.37,0.53,0.0422,3445.69,9.35,0.027975951903807614,12.702413793103448,118.82
2025-02-28 11:48:19.990260,Social Media,10817,439,9,831.86,1.89,0.0218,584.2,0.7,0.040584265507996674,92.42888888888889,64.91
2025-02-28 11:48:19.990260,Display Ads,42268,1879,52,673.27,0.36,0.0278,3151.23,4.68,0.04445443361408157,12.9475,60.6
2025-02-28 11:48:19.990260,Email Marketing,9723,320,19,105.44,0.33,0.0605,2192.02,20.79,0.03291165278206315,5.549473684210526,115.37
2025-02-28 11:48:19.990260,Affiliate Marketing,13769,235,5,212.38,0.9,0.0234,480.06,2.26,0.01706732515070085,42.476,96.01
2025-03-01 11:48:19.990260,Paid Search,4301,161,5,234.85,1.46,0.033,669.86,2.85,0.0374331550802139,46.97,133.97
2025-03-01 11:48:19.990260,Social Media,5223,138,2,226.92,1.64,0.0168,140.51,0.62,0.026421596783457783,113.46,70.25
2025-03-01 11:48:19.990260,Display Ads,31088,1076,26,263.17,0.24,0.0251,1610.08,6.12,0.034611425630468345,10.121923076923078,61.93
2025-03-01 11:48:19.990260,Email Marketing,18424,292,12,45.8,0.16,0.042,1496.21,32.67,0.0158488927485888,3.8166666666666664,124.68
2025-03-01 11:48:19.990260,Affiliate Marketing,4708,56,3,73.48,1.31,0.0568,228.58,3.11,0.0118946474086661,24.493333333333336,76.19
2025-03-02 11:48:19.990260,Paid Search,2018,80,2,214.2,2.68,0.0276,271.81,1.27,0.03964321110009911,107.1,135.91
2025-03-02 11:48:19.990260,Social Media,8688,330,7,527.35,1.6,0.0241,458.97,0.87,0.03798342541436464,75.33571428571429,65.57
2025-03-02 11:48:19.990260,Display Ads,19055,709,20,341.88,0.48,0.0283,1229.17,3.6,0.037208081868276045,17.094,61.46
2025-03-02 11:48:19.990260,Email Marketing,12569,472,35,106.56,0.23,0.0753,4270.59,40.08,0.03755270904606572,3.0445714285714285,122.02
2025-03-02 11:48:19.990260,Affiliate Marketing,8625,410,15,396.39,0.97,0.0385,1281.21,3.23,0.04753623188405797,26.426,85.41
2025-03-03 11:48:19.990260,Paid Search,18758,680,33,487.68,0.72,0.0493,3748.18,7.69,0.03625119948821836,14.77818181818182,113.58
2025-03-03 11:48:19.990260,Social Media,11113,313,9,540.55,1.73,0.0308,633.97,1.17,0.028165211913974624,60.0611111111111,70.44
2025-03-03 11:48:19.990260,Display Ads,3724,178,5,210.62,1.18,0.0292,327.34,1.55,0.04779806659505908,42.124,65.47
2025-03-03 11:48:19.990260,Email Marketing,19894,246,14,49.92,0.2,0.0609,1543.82,30.93,0.012365537347944103,3.565714285714286,110.27
2025-03-03 11:48:19.990260,Affiliate Marketing,6804,242,13,445.04,1.84,0.0575,1265.99,2.84,0.035567313345091126,34.23384615384616,97.38
2025-03-04 11:48:19.990260,Paid Search,6954,314,9,879.92,2.8,0.0291,879.39,1.0,0.0451538682772505,97.76888888888888,97.71
2025-03-04 11:48:19.990260,Social Media,13280,464,14,907.48,1.96,0.0315,936.92,1.03,0.03493975903614458,64.82000000000001,66.92
2025-03-04 11:48:19.990260,Display Ads,10987,319,3,155.95,0.49,0.0125,211.33,1.36,0.029034313279330117,51.98333333333333,70.44
2025-03-04 11:48:19.990260,Email Marketing,18113,791,52,225.34,0.28,0.0667,6271.14,27.83,0.0436702920554298,4.333461538461538,120.6
2025-03-04 11:48:19.990260,Affiliate Marketing,4774,113,5,228.55,2.02,0.0486,518.86,2.27,0.023669878508588187,45.71,103.77
2025-03-05 11:48:19.990260,Paid Search,4983,215,7,516.28,2.4,0.0327,871.22,1.69,0.04314669877583785,73.75428571428571,124.46
2025-03-05 11:48:19.990260,Social Media,8764,324,5,551.68,1.7,0.0168,327.86,0.59,0.03696942035600183,110.33599999999998,65.57
2025-03-05 11:48:19.990260,Display Ads,10527,171,4,106.33,0.62,0.0267,274.96,2.59,0.016243944143630663,26.5825,68.74
2025-03-05 11:48:19.990260,Email Marketing,16708,714,48,345.86,0.48,0.068,5865.14,16.96,0.04273401963131434,7.205416666666667,122.19
2025-03-05 11:48:19.990260,Affiliate Marketing,13576,621,20,403.93,0.65,0.0323,1882.02,4.66,0.045742486741308194,20.1965,94.1
2025-03-06 11:48:19.990260,Paid Search,3920,72,2,174.92,2.43,0.0325,286.45,1.64,0.018367346938775512,87.46,143.22
2025-03-06 11:48:19.990260,Social Media,16284,242,4,378.91,1.57,0.0192,241.65,0.64,0.014861213461066078,94.7275,60.41
2025-03-06 11:48:19.990260,Display Ads,8420,258,6,341.49,1.32,0.0244,390.53,1.14,0.030641330166270783,56.915,65.09
2025-03-06 11:48:19.990260,Email Marketing,15176,648,33,322.28,0.5,0.0521,4237.53,13.15,0.042698998418555616,9.766060606060606,128.41
2025-03-06 11:48:19.990260,Affiliate Marketing,4608,88,4,181.46,2.06,0.049,393.03,2.17,0.019097222222222224,45.365,98.26
2025-03-07 11:48:19.990260,Paid Search,10763,475,17,831.66,1.75,0.0366,1930.36,2.32,0.044132676762984296,48.921176470588236,113.55
2025-03-07 11:48:19.990260,Social Media,40328,1463,50,859.76,0.59,0.0344,3661.34,4.26,0.036277524300733985,17.1952,73.23
2025-03-07 11:48:19.990260,Display Ads,4564,210,4,190.56,0.91,0.0234,230.42,1.21,0.046012269938650305,47.64,57.6
2025-03-07 11:48:19.990260,Email Marketing,31206,640,22,189.63,0.3,0.0345,2629.17,13.86,0.020508876498109337,8.619545454545454,119.51
2025-03-07 11:48:19.990260,Affiliate Marketing,16145,661,33,268.03,0.41,0.0506,3254.51,12.14,0.040941467946732736,8.122121212121211,98.62
2025-03-08 11:48:19.990260,Paid Search,9023,287,9,165.68,0.58,0.0329,967.97,5.84,0.03180760279286268,18.40888888888889,107.55
2025-03-08 11:48:19.990260,Social Media,8568,239,4,461.48,1.93,0.0187,282.25,0.61,0.02789449112978525,115.37,70.56
2025-03-08 11:48:19.990260,Display Ads,5725,85,1,55.66,0.65,0.0207,42.94,0.77,0.014847161572052401,55.66,42.94
2025-03-08 11:48:19.990260,Email Marketing,27035,271,16,68.58,0.25,0.0626,2116.65,30.86,0.010024042907342334,4.28625,132.29
2025-03-08 11:48:19.990260,Affiliate Marketing,8093,308,18,219.18,0.71,0.0589,1657.53,7.56,0.03805758062523168,12.176666666666668,92.08
2025-03-09 11:48:19.990260,Paid Search,16921,301,10,230.75,0.77,0.0347,1092.76,4.74,0.01778854677619526,23.075,109.28
2025-03-09 11:48:19.990260,Social Media,6020,175,6,328.0,1.87,0.038,371.84,1.13,0.029069767441860465,54.666666666666664,61.97
2025-03-09 11:48:19.990260,Display Ads,9080,143,4,141.79,0.99,0.0282,262.18,1.85,0.015748898678414096,35.4475,65.55
2025-03-09 11:48:19.990260,Email Marketing,19553,635,33,203.78,0.32,0.0524,4030.07,19.78,0.03247583491024395,6.175151515151515,122.12
2025-03-09 11:48:19.990260,Affiliate Marketing,4438,58,1,48.35,0.83,0.0245,112.78,2.33,0.013068949977467327,48.35,112.78
2025-03-10 11:48:19.990260,Paid Search,17349,703,25,673.75,0.96,0.0359,2879.65,4.27,0.040521067496685687,26.95,115.19
2025-03-10 11:48:19.990260,Social Media,22201,1035,40,992.25,0.96,0.039,2822.11,2.84,0.04661952164316922,24.80625,70.55
2025-03-10 11:48:19.990260,Display Ads,14687,704,19,475.92,0.68,0.0275,1222.81,2.57,0.04793354667392932,25.04842105263158,64.36
2025-03-10 11:48:19.990260,Email Marketing,14916,283,14,86.42,0.31,0.0499,1669.9,19.32,0.018972914990614105,6.172857142857143,119.28
2025-03-10 11:48:19.990260,Affiliate Marketing,3560,45,1,77.29,1.72,0.0376,72.36,0.94,0.012640449438202247,77.29,72.36
2025-03-11 11:48:19.990260,Paid Search,8163,103,2,153.57,1.49,0.0234,271.03,1.76,0.012617910082077667,76.785,135.51
2025-03-11 11:48:19.990260,Social Media,19309,609,19,522.03,0.86,0.0323,1383.45,2.65,0.03153969651457869,27.475263157894734,72.81
2025-03-11 11:48:19.990260,Display Ads,14622,217,2,198.29,0.91,0.0129,152.69,0.77,0.014840651073724525,99.145,76.34
2025-03-11 11:48:19.990260,Email Marketing,15792,468,27,194.71,0.42,0.0591,3306.41,16.98,0.029635258358662615,7.211481481481481,122.46
2025-03-11 11:48:19.990260,Affiliate Marketing,5499,263,14,581.69,2.21,0.0554,1243.33,2.14,0.047826877614111654,41.549285714285716,88.81
2025-03-12 11:48:19.990260,Paid Search,13165,405,18,475.82,1.17,0.0469,2020.42,4.25,0.030763387770603876,26.434444444444445,112.25
2025-03-12 11:48:19.990260,Social Media,21749,853,26,843.7,0.99,0.0306,1734.79,2.06,0.03922019403190951,32.45,66.72
2025-03-12 11:48:19.990260,Display Ads,8636,241,6,297.38,1.23,0.025,337.44,1.13,0.027906438165817508,49.56333333333333,56.24
2025-03-12 11:48:19.990260,Email Marketing,41812,852,43,129.64,0.15,0.051,5333.19,41.14,0.02037692528460729,3.014883720930232,124.03
2025-03-12 11:48:19.990260,Affiliate Marketing,5338,103,5,212.7,2.07,0.0546,444.28,2.09,0.019295616335706256,42.54,88.86
2025-03-13 11:48:19.990260,Paid Search,7803,138,4,154.18,1.12,0.0342,435.88,2.83,0.01768550557477893,38.545,108.97
2025-03-13 11:48:19.990260,Social Media,14055,283,5,495.49,1.75,0.0193,309.1,0.62,0.020135183208822485,99.098,61.82
2025-03-13 11:48:19.990260,Display Ads,7154,163,3,179.89,1.1,0.0244,218.04,1.21,0.022784456248252725,59.96333333333333,72.68
2025-03-13 11:48:19.990260,Email Marketing,29986,1225,43,295.24,0.24,0.0352,5136.92,17.4,0.04085239778563329,6.866046511627907,119.46
2025-03-13 11:48:19.990260,Affiliate Marketing,7179,103,5,135.48,1.32,0.0538,425.37,3.14,0.014347402145145563,27.095999999999997,85.07
2025-03-14 11:48:19.990260,Paid Search,6836,135,3,211.31,1.57,0.0248,319.16,1.51,0.019748390871854885,70.43666666666667,106.39
2025-03-14 11:48:19.990260,Social Media,13859,436,10,607.64,1.39,0.0233,715.38,1.18,0.03145970127714842,60.763999999999996,71.54
2025-03-14 11:48:19.990260,Display Ads,16454,250,2,118.43,0.47,0.0112,145.82,1.23,0.015193873830071715,59.215,72.91
2025-03-14 11:48:19.990260,Email Marketing,23970,892,60,305.72,0.34,0.0674,7420.57,24.27,0.03721318314559866,5.0953333333333335,123.68
2025-03-14 11:48:19.990260,Affiliate Marketing,4561,78,4,141.83,1.82,0.0555,313.74,2.21,0.01710151282613462,35.4575,78.44
2025-03-15 11:48:19.990260,Paid Search,3877,99,2,185.52,1.87,0.0209,263.23,1.42,0.02553520763476915,92.76,131.62
2025-03-15 11:48:19.990260,Social Media,16495,168,5,119.2,0.71,0.0354,334.93,2.81,0.010184904516520158,23.84,66.99
2025-03-15 11:48:19.990260,Display Ads,9802,234,5,176.3,0.75,0.0255,319.85,1.81,0.023872679045092837,35.260000000000005,63.97
2025-03-15 11:48:19.990260,Email Marketing,6192,150,7,52.75,0.35,0.047,862.17,16.34,0.02422480620155039,7.535714285714286,123.17
2025-03-15 11:48:19.990260,Affiliate Marketing,4814,209,7,309.2,1.48,0.0359,674.2,2.18,0.043415039468217696,44.17142857142857,96.31
2025-03-16 11:48:19.990260,Paid Search,5089,162,6,417.72,2.58,0.0423,687.63,1.65,0.031833366083709964,69.62,114.61
2025-03-16 11:48:19.990260,Social Media,5110,255,4,487.88,1.91,0.0179,291.96,0.6,0.049902152641878667,121.97,72.99
2025-03-16 11:48:19.990260,Display Ads,5717,101,1,52.73,0.52,0.0177,44.82,0.85,0.017666608361028513,52.73,44.82
2025-03-16 11:48:19.990260,Email Marketing,14243,263,18,105.89,0.4,0.0701,2179.47,20.58,0.01846521098083269,5.882777777777778,121.08
2025-03-16 11:48:19.990260,Affiliate Marketing,3506,161,6,186.14,1.16,0.0418,476.67,2.56,0.04592127780946948,31.02333333333333,79.45
2025-03-17 11:48:19.990260,Paid Search,4240,53,2,140.96,2.66,0.0469,221.64,1.57,0.0125,70.48,110.82
2025-03-17 11:48:19.990260,Social Media,13386,143,3,273.22,1.91,0.0259,188.73,0.69,0.01068280292843269,91.07333333333334,62.91
2025-03-17 11:48:19.990260,Display Ads,13595,652,10,386.39,0.59,0.0161,595.58,1.54,0.04795880838543582,38.638999999999996,59.56
2025-03-17 11:48:19.990260,Email Marketing,12813,597,23,177.53,0.3,0.04,2653.07,14.94,0.04659330367595411,7.718695652173913,115.35
2025-03-17 11:48:19.990260,Affiliate Marketing,7007,175,5,279.93,1.6,0.0339,488.44,1.74,0.024975024975024976,55.986000000000004,97.69
2025-03-18 11:48:19.990260,Paid Search,16684,448,11,453.0,1.01,0.0261,1197.67,2.64,0.02685207384320307,41.18181818181818,108.88
2025-03-18 11:48:19.990260,Social Media,17290,391,14,307.01,0.79,0.0364,999.94,3.26,0.022614227877385772,21.929285714285715,71.42
2025-03-18 11:48:19.990260,Display Ads,6164,138,2,198.86,1.44,0.0188,128.46,0.65,0.022388059701492536,99.43,64.23
2025-03-18 11:48:19.990260,Email Marketing,13013,341,21,113.8,0.33,0.062,2565.66,22.55,0.026204564666103127,5.419047619047619,122.17
2025-03-18 11:48:19.990260,Affiliate Marketing,4210,74,3,98.02,1.32,0.0451,252.28,2.57,0.017577197149643706,32.67333333333333,84.09
2025-03-19 11:48:19.990260,Paid Search,3710,101,3,257.96,2.55,0.0335,332.06,1.29,0.027223719676549865,85.98666666666666,110.69
2025-03-19 11:48:19.990260,Social Media,15160,659,17,958.99,1.46,0.0268,1131.32,1.18,0.04346965699208443,56.41117647058824,66.55
2025-03-19 11:48:19.990260,Display Ads,26856,831,15,360.32,0.43,0.0192,886.65,2.46,0.030942806076854335,24.021333333333335,59.11
2025-03-19 11:48:19.990260,Email Marketing,26939,816,28,175.89,0.22,0.0345,3357.15,19.09,0.030290656668770184,6.281785714285713,119.9
2025-03-19 11:48:19.990260,Affiliate Marketing,7050,137,6,209.04,1.53,0.051,530.21,2.54,0.019432624113475176,34.839999999999996,88.37
2025-03-20 11:48:19.990260,Paid Search,9726,269,6,496.59,1.85,0.0257,606.08,1.22,0.027657824388237714,82.765,101.01
2025-03-20 11:48:19.990260,Social Media,10684,417,11,480.16,1.15,0.0284,819.7,1.71,0.039030325720703855,43.650909090909096,74.52
2025-03-20 11:48:19.990260,Display Ads,15826,190,4,178.04,0.94,0.0224,216.97,1.22,0.012005560470112473,44.51,54.24
2025-03-20 11:48:19.990260,Email Marketing,20532,951,66,231.36,0.24,0.0704,7760.44,33.54,0.046317942723553475,3.505454545454546,117.58
2025-03-20 11:48:19.990260,Affiliate Marketing,2805,39,1,82.24,2.11,0.0267,91.37,1.11,0.013903743315508022,82.24,91.37
2025-03-21 11:48:19.990260,Paid Search,14229,298,10,325.38,1.09,0.0346,1197.45,3.68,0.020943144282802726,32.538,119.75
2025-03-21 11:48:19.990260,Social Media,32571,913,18,487.87,0.53,0.0207,1191.13,2.44,0.028031070584262074,27.10388888888889,66.17
2025-03-21 11:48:19.990260,Display Ads,7140,342,8,445.55,1.3,0.0249,502.59,1.13,0.04789915966386555,55.69375,62.82
2025-03-21 11:48:19.990260,Email Marketing,11228,445,19,214.55,0.48,0.0429,2259.34,10.53,0.03963306020662629,11.292105263157895,118.91
2025-03-21 11:48:19.990260,Affiliate Marketing,7363,336,12,517.84,1.54,0.0382,959.69,1.85,0.045633573271764226,43.153333333333336,79.97
2025-03-22 11:48:19.990260,Paid Search,2509,88,2,261.38,2.97,0.032,237.24,0.91,0.03507373455559984,130.69,118.62
2025-03-22 11:48:19.990260,Social Media,5244,90,1,172.43,1.92,0.0188,65.28,0.38,0.017162471395881007,172.43,65.28
2025-03-22 11:48:19.990260,Display Ads,14788,419,12,171.98,0.41,0.0296,811.99,4.72,0.028333784149310252,14.331666666666665,67.67
2025-03-22 11:48:19.990260,Email Marketing,5147,104,6,38.88,0.37,0.0651,699.6,17.99,0.02020594521080241,6.48,116.6
2025-03-22 11:48:19.990260,Affiliate Marketing,3841,57,2,117.43,2.06,0.0355,169.26,1.44,0.014839885446498308,58.715,84.63
2025-03-23 11:48:19.990260,Paid Search,3068,30,0,87.95,2.93,0.0328,0,0,0.009778357235984355,inf,0
2025-03-23 11:48:19.990260,Social Media,5864,252,9,329.55,1.31,0.0373,618.66,1.88,0.042974079126875855,36.61666666666667,68.74
2025-03-23 11:48:19.990260,Display Ads,12721,596,15,191.71,0.32,0.0262,842.75,4.4,0.046851662605141106,12.780666666666667,56.18
2025-03-23 11:48:19.990260,Email Marketing,30052,1342,51,305.48,0.23,0.0385,6166.51,20.19,0.04465592972181552,5.989803921568628,120.91
2025-03-23 11:48:19.990260,Affiliate Marketing,2878,73,2,108.35,1.48,0.0399,218.07,2.01,0.025364836692147324,54.175,109.03
2025-03-24 11:48:19.990260,Paid Search,7473,240,7,602.3,2.51,0.0314,836.12,1.39,0.03211561621838619,86.04285714285713,119.45
2025-03-24 11:48:19.990260,Social Media,13012,415,13,757.18,1.82,0.0328,966.04,1.28,0.03189363664309868,58.24461538461538,74.31
2025-03-24 11:48:19.990260,Display Ads,7853,371,5,415.56,1.12,0.014,311.96,0.75,0.047243091812046355,83.112,62.39
2025-03-24 11:48:19.990260,Email Marketing,66929,1190,51,146.24,0.12,0.0429,6625.97,45.31,0.01778003556007112,2.867450980392157,129.92
2025-03-24 11:48:19.990260,Affiliate Marketing,5442,255,9,500.61,1.96,0.0359,817.75,1.63,0.046857772877618525,55.623333333333335,90.86
2025-03-25 11:48:19.990260,Paid Search,8151,396,9,910.03,2.3,0.0228,916.58,1.01,0.048582995951417005,101.11444444444444,101.84
2025-03-25 11:48:19.990260,Social Media,13266,278,7,490.53,1.76,0.0259,437.7,0.89,0.020955826925976178,70.07571428571428,62.53
2025-03-25 11:48:19.990260,Display Ads,5934,280,7,359.34,1.28,0.0275,415.76,1.16,0.04718570947084597,51.33428571428571,59.39
2025-03-25 11:48:19.990260,Email Marketing,21639,645,46,248.25,0.38,0.0715,5345.78,21.53,0.029807292388742548,5.396739130434782,116.21
2025-03-25 11:48:19.990260,Affiliate Marketing,4252,64,2,85.17,1.33,0.0347,218.61,2.57,0.015051740357478834,42.585,109.31
2025-03-26 11:48:19.990260,Paid Search,7619,377,8,474.92,1.26,0.0235,975.69,2.05,0.04948155925974537,59.365,121.96
2025-03-26 11:48:19.990260,Social Media,9528,390,13,754.71,1.94,0.0341,840.24,1.11,0.04093198992443325,58.05461538461539,64.63
2025-03-26 11:48:19.990260,Display Ads,18475,855,14,429.09,0.5,0.0171,884.98,2.06,0.0462787550744249,30.649285714285714,63.21
2025-03-26 11:48:19.990260,Email Marketing,18958,743,36,227.01,0.31,0.0493,4304.76,18.96,0.03919189787952316,6.305833333333333,119.58
2025-03-26 11:48:19.990260,Affiliate Marketing,5206,173,7,366.04,2.12,0.0412,562.37,1.54,0.033230887437572035,52.291428571428575,80.34
2025-03-27 11:48:19.990260,Paid Search,7957,246,11,521.55,2.12,0.0459,1202.33,2.31,0.030916174437602112,47.41363636363636,109.3
2025-03-27 11:48:19.990260,Social Media,7015,254,4,504.42,1.99,0.0194,277.17,0.55,0.036208125445473985,126.105,69.29
2025-03-27 11:48:19.990260,Display Ads,10495,249,2,123.53,0.5,0.0109,101.91,0.82,0.02372558361124345,61.765,50.95
2025-03-27 11:48:19.990260,Email Marketing,19412,772,47,246.22,0.32,0.0615,5642.34,22.92,0.03976921491860705,5.238723404255319,120.05
2025-03-27 11:48:19.990260,Affiliate Marketing,5950,283,13,442.86,1.56,0.0489,1245.8,2.81,0.047563025210084035,34.066153846153846,95.83
2025-03-28 11:48:19.990260,Paid Search,7910,239,4,585.02,2.45,0.0202,507.27,0.87,0.030214917825537296,146.255,126.82
2025-03-28 11:48:19.990260,Social Media,15204,664,23,886.38,1.33,0.0352,1564.15,1.76,0.04367271770586688,38.538260869565214,68.01
2025-03-28 11:48:19.990260,Display Ads,26813,282,4,108.41,0.38,0.0163,275.56,2.54,0.010517286390929774,27.1025,68.89
2025-03-28 11:48:19.990260,Email Marketing,50755,1920,99,202.64,0.11,0.052,11702.35,57.75,0.03782878534134568,2.0468686868686867,118.21
2025-03-28 11:48:19.990260,Affiliate Marketing,6660,144,7,200.17,1.39,0.0493,621.35,3.1,0.021621621621621623,28.595714285714283,88.76
2025-03-29 11:48:19.990260,Paid Search,9081,310,9,281.27,0.91,0.0311,1045.24,3.72,0.034137209558418674,31.25222222222222,116.14
2025-03-29 11:48:19.990260,Social Media,8525,407,14,788.19,1.94,0.0347,964.18,1.22,0.04774193548387097,56.299285714285716,68.87
2025-03-29 11:48:19.990260,Display Ads,9662,470,8,297.79,0.63,0.0187,510.07,1.71,0.048644173049058166,37.22375,63.76
2025-03-29 11:48:19.990260,Email Marketing,10605,496,31,177.08,0.36,0.0645,3771.27,21.3,0.04677039132484677,5.71225806451613,121.65
2025-03-29 11:48:19.990260,Affiliate Marketing,3741,90,4,156.78,1.74,0.0493,344.11,2.19,0.024057738572574178,39.195,86.03
2025-03-30 11:48:19.990260,Paid Search,13160,178,8,159.15,0.89,0.0478,917.32,5.76,0.013525835866261398,19.89375,114.67
2025-03-30 11:48:19.990260,Social Media,10616,303,9,421.4,1.39,0.0298,634.0,1.5,0.02854182366239638,46.82222222222222,70.44
2025-03-30 11:48:19.990260,Display Ads,3562,63,0,93.26,1.48,0.0113,0,0,0.01768669286917462,inf,0
2025-03-30 11:48:19.990260,Email Marketing,31202,958,51,121.8,0.13,0.0537,5934.8,48.73,0.0307031600538427,2.388235294117647,116.37
2025-03-30 11:48:19.990260,Affiliate Marketing,4623,174,4,250.73,1.44,0.0283,366.68,1.46,0.03763789746917586,62.6825,91.67
2025-03-31 11:48:19.990260,Paid Search,4656,170,5,265.29,1.56,0.0306,529.4,2.0,0.03651202749140894,53.05800000000001,105.88
2025-03-31 11:48:19.990260,Social Media,26512,664,14,584.52,0.88,0.0222,917.05,1.57,0.02504526252263126,41.75142857142857,65.5
2025-03-31 11:48:19.990260,Display Ads,31975,438,11,183.54,0.42,0.0252,698.39,3.81,0.013698201720093823,16.685454545454544,63.49
2025-03-31 11:48:19.990260,Email Marketing,10224,438,14,116.0,0.26,0.0323,1714.76,14.78,0.04284037558685446,8.285714285714286,122.48
2025-03-31 11:48:19.990260,Affiliate Marketing,2631,95,2,202.58,2.13,0.0314,152.76,0.75,0.03610794374762448,101.29,76.38
